label,rate,run,t_s,conn_ms,rpc_ms,total_ms,keyword,reference,ok,error_type,selected_server,server_1_connections,server_2_connections,server_3_connections,server_1_response_ewma_ms,server_2_response_ewma_ms,server_3_response_ewma_ms
cache-off-warm500,70,2,0.0000,1.302,39.140,40.442,he,the-vicomte-de-bragelonne,1,,server-1,1,0,0,,,
cache-off-warm500,70,2,0.0143,26.311,52.345,78.655,king,desperate-remedies,1,,server-1,2,0,0,,,
cache-off-warm500,70,2,0.0286,12.387,49.716,62.103,death,dracula,1,,server-1,3,0,0,,,
cache-off-warm500,70,2,0.0429,1.667,76.454,78.120,of,the-lost-world,1,,server-1,3,0,0,,,
cache-off-warm500,70,2,0.0571,33.307,20.075,53.382,house,the-house-of-the-seven-gables,1,,server-1,4,0,0,,,
cache-off-warm500,70,2,0.0714,19.252,70.634,89.886,castle,the-portrait-of-a-lady-volume-1,1,,server-1,5,0,0,,,
cache-off-warm500,70,2,0.0857,8.589,50.399,58.988,king,myths-and-legends-of-ancient-greece-and-rome,1,,server-1,6,0,0,,,
cache-off-warm500,70,2,0.1000,44.861,49.427,94.288,heart,the-mysterious-affair-at-styles,1,,server-1,5,0,0,,,
cache-off-warm500,70,2,0.1143,47.398,67.980,115.378,king,the-scarlet-letter-33,1,,server-1,6,0,0,,,
cache-off-warm500,70,2,0.1286,33.149,157.231,190.381,death,the-warden,1,,server-1,6,0,0,,,
cache-off-warm500,70,2,0.1429,19.966,159.511,179.477,and,meditations,1,,server-1,7,0,0,,,
cache-off-warm500,70,2,0.1571,5.550,152.906,158.456,king,persuasion,1,,server-1,8,0,0,,,
cache-off-warm500,70,2,0.1714,22.902,236.209,259.111,the,jude-the-obscure,1,,server-1,6,0,0,,,
cache-off-warm500,70,2,0.1857,55.774,191.037,246.811,castle,the-jungle,1,,server-1,7,0,0,,,
cache-off-warm500,70,2,0.2000,101.554,132.302,233.856,horse,dubliners,1,,server-1,8,0,0,,,
cache-off-warm500,70,2,0.2143,115.703,152.354,268.057,heart,the-innocents-abroad,1,,server-1,9,0,0,,,
cache-off-warm500,70,2,0.2286,102.977,122.885,225.861,she,madame-bovary,1,,server-1,10,0,0,,,
cache-off-warm500,70,2,0.2429,85.425,182.504,267.929,death,leaves-of-grass,1,,server-1,10,0,0,,,
cache-off-warm500,70,2,0.2571,226.203,105.878,332.081,he,the-romance-of-lust-a-classic-victorian-erotic-novel,1,,server-1,11,0,0,,,
cache-off-warm500,70,2,0.2714,164.696,102.116,266.812,was,thus-spake-zarathustra-a-book-for-all-and-none,1,,server-1,12,0,0,,,
cache-off-warm500,70,2,0.2857,166.514,154.270,320.784,money,the-memoirs-of-sherlock-holmes,1,,server-1,13,0,0,,,
cache-off-warm500,70,2,0.3000,184.084,102.525,286.609,heart,the-kama-sutra-of-vatsyayana,1,,server-1,14,0,0,,,
cache-off-warm500,70,2,0.3143,270.601,142.849,413.450,death,around-the-world-in-eighty-days,1,,server-1,14,0,0,,,
cache-off-warm500,70,2,0.3286,261.186,35.287,296.473,horse,desperate-remedies,1,,server-1,13,0,0,,,
cache-off-warm500,70,2,0.3429,215.643,97.574,313.217,death,jane-eyre-an-autobiography,1,,server-1,13,0,0,,,
cache-off-warm500,70,2,0.3571,234.412,96.401,330.813,heart,the-portrait-of-a-lady-volume-1,1,,server-1,14,0,0,,,
cache-off-warm500,70,2,0.3714,218.640,139.531,358.171,night,desperate-remedies,1,,server-1,15,0,0,,,
cache-off-warm500,70,2,0.3857,222.193,184.513,406.707,sea,autobiography-of-benjamin-franklin,1,,server-1,16,0,0,,,
cache-off-warm500,70,2,0.4000,289.124,77.371,366.495,horse,the-kama-sutra-of-vatsyayana,1,,server-1,17,0,0,,,
cache-off-warm500,70,2,0.4143,208.487,61.190,269.677,was,autobiography-of-benjamin-franklin,1,,server-1,18,0,0,,,
cache-off-warm500,70,2,0.4286,302.699,90.456,393.156,he,the-picture-of-dorian-gray,1,,server-1,19,0,0,,,
cache-off-warm500,70,2,0.4429,288.040,59.454,347.494,sea,a-connecticut-yankee-in-king-arthur-s-court,1,,server-1,17,0,0,,,
cache-off-warm500,70,2,0.4571,277.122,174.699,451.821,was,black-beauty,1,,server-1,18,0,0,,,
cache-off-warm500,70,2,0.4714,262.175,129.924,392.100,horse,the-return-of-sherlock-holmes,1,,server-1,19,0,0,,,
cache-off-warm500,70,2,0.4857,308.051,114.689,422.740,castle,walden-and-on-the-duty-of-civil-disobedience,1,,server-1,18,0,0,,,
cache-off-warm500,70,2,0.5000,286.905,199.320,486.225,love,the-mysterious-island,1,,server-1,19,0,0,,,
cache-off-warm500,70,2,0.5143,236.097,92.693,328.791,house,white-fang,1,,server-1,20,0,0,,,
cache-off-warm500,70,2,0.5286,293.852,196.749,490.601,letter,frankenstein-or-the-modern-prometheus,1,,server-1,21,0,0,,,
cache-off-warm500,70,2,0.5429,253.329,225.656,478.985,the,madame-bovary,1,,server-1,20,0,0,,,
cache-off-warm500,70,2,0.5571,307.005,196.698,503.703,sea,the-portrait-of-a-lady-volume-1,1,,server-1,21,0,0,,,
cache-off-warm500,70,2,0.5714,447.589,112.256,559.845,letter,the-works-of-edgar-allan-poe-volume-2,1,,server-1,22,0,0,,,
cache-off-warm500,70,2,0.5857,323.922,128.972,452.893,and,madame-bovary,1,,server-1,23,0,0,,,
cache-off-warm500,70,2,0.6000,387.622,141.952,529.574,was,jude-the-obscure,1,,server-1,22,0,0,,,
cache-off-warm500,70,2,0.6143,402.285,117.056,519.341,letter,the-first-men-in-the-moon,1,,server-1,23,0,0,,,
cache-off-warm500,70,2,0.6286,555.308,126.346,681.654,whale,the-innocents-abroad,1,,server-1,24,0,0,,,
cache-off-warm500,70,2,0.6429,418.631,112.306,530.937,king,black-beauty,1,,server-1,25,0,0,,,
cache-off-warm500,70,2,0.6571,397.735,117.739,515.474,the,the-vicomte-de-bragelonne,1,,server-1,25,0,0,,,
cache-off-warm500,70,2,0.6714,391.276,184.664,575.941,you,emma,1,,server-1,26,0,0,,,
cache-off-warm500,70,2,0.6857,419.737,79.304,499.041,letter,washington-square,1,,server-1,25,0,0,,,
cache-off-warm500,70,2,0.7000,487.113,143.267,630.380,the,the-kama-sutra-of-vatsyayana,1,,server-1,26,0,0,,,
cache-off-warm500,70,2,0.7143,473.099,149.158,622.257,london,the-tenant-of-wildfell-hall,1,,server-1,27,0,0,,,
cache-off-warm500,70,2,0.7286,459.417,134.087,593.504,horse,the-mystery-of-edwin-drood,1,,server-1,28,0,0,,,
cache-off-warm500,70,2,0.7429,445.385,61.305,506.690,she,the-divine-comedy,1,,server-1,25,0,0,,,
cache-off-warm500,70,2,0.7571,442.975,237.123,680.098,heart,the-memoirs-of-sherlock-holmes,1,,server-1,26,0,0,,,
cache-off-warm500,70,2,0.7714,559.797,35.595,595.392,king,frankenstein-or-the-modern-prometheus,1,,server-1,27,0,0,,,
cache-off-warm500,70,2,0.7857,553.702,68.628,622.330,money,the-mystery-of-edwin-drood,1,,server-1,28,0,0,,,
cache-off-warm500,70,2,0.8000,542.278,132.206,674.484,castle,the-secret-garden-17396,1,,server-1,26,0,0,,,
cache-off-warm500,70,2,0.8143,523.718,72.532,596.249,horse,wuthering-heights,1,,server-1,27,0,0,,,
cache-off-warm500,70,2,0.8286,512.252,108.798,621.050,house,treasure-island,1,,server-1,28,0,0,,,
cache-off-warm500,70,2,0.8429,551.754,77.197,628.951,money,the-jungle-book,1,,server-1,29,0,0,,,
cache-off-warm500,70,2,0.8571,535.536,234.391,769.927,london,dracula,1,,server-1,30,0,0,,,
cache-off-warm500,70,2,0.8714,523.685,164.433,688.118,castle,the-tenant-of-wildfell-hall,1,,server-1,30,0,0,,,
cache-off-warm500,70,2,0.8857,522.614,92.624,615.238,night,the-picture-of-dorian-gray,1,,server-1,31,0,0,,,
cache-off-warm500,70,2,0.9000,538.321,84.820,623.141,night,autobiography-of-benjamin-franklin,1,,server-1,30,0,0,,,
cache-off-warm500,70,2,0.9143,609.476,278.123,887.599,money,the-works-of-edgar-allan-poe-volume-2,1,,server-1,31,0,0,,,
cache-off-warm500,70,2,0.9286,595.698,87.754,683.452,london,persuasion,1,,server-1,32,0,0,,,
cache-off-warm500,70,2,0.9429,592.902,131.765,724.667,death,the-scarlet-letter-33,1,,server-1,32,0,0,,,
cache-off-warm500,70,2,0.9571,602.599,69.403,672.002,heart,black-beauty,1,,server-1,33,0,0,,,
cache-off-warm500,70,2,0.9714,648.110,33.928,682.037,whale,the-picture-of-dorian-gray,1,,server-1,34,0,0,,,
cache-off-warm500,70,2,0.9857,642.493,122.319,764.812,whale,emma,1,,server-1,34,0,0,,,
cache-off-warm500,70,2,1.0000,631.797,163.620,795.417,of,the-picture-of-dorian-gray,1,,server-1,35,0,0,,,
cache-off-warm500,70,2,1.0143,619.325,84.555,703.881,horse,wuthering-heights,1,,server-1,36,0,0,,,
cache-off-warm500,70,2,1.0286,639.026,60.792,699.818,house,the-adventures-of-tom-sawyer-complete,1,,server-1,37,0,0,,,
cache-off-warm500,70,2,1.0429,624.537,128.777,753.314,and,wuthering-heights,1,,server-1,34,0,0,,,
cache-off-warm500,70,2,1.0571,658.673,109.011,767.684,the,the-odyssey,1,,server-1,35,0,0,,,
cache-off-warm500,70,2,1.0714,731.200,159.513,890.713,of,the-return-of-sherlock-holmes-108,1,,server-1,36,0,0,,,
cache-off-warm500,70,2,1.0857,741.595,287.906,1029.501,love,desperate-remedies,1,,server-1,37,0,0,,,
cache-off-warm500,70,2,1.1000,702.889,279.964,982.853,he,silas-marner,1,,server-1,38,0,0,,,
cache-off-warm500,70,2,1.1143,710.693,109.985,820.678,she,leaves-of-grass,1,,server-1,39,0,0,,,
cache-off-warm500,70,2,1.1286,697.203,76.181,773.384,whale,the-return-of-sherlock-holmes,1,,server-1,40,0,0,,,
cache-off-warm500,70,2,1.1429,682.990,133.910,816.900,sea,the-prince,1,,server-1,39,0,0,,,
cache-off-warm500,70,2,1.1571,670.308,107.518,777.826,night,treasure-island,1,,server-1,40,0,0,,,
cache-off-warm500,70,2,1.1714,656.305,253.675,909.980,letter,villette,1,,server-1,40,0,0,,,
cache-off-warm500,70,2,1.1857,643.384,253.730,897.114,king,the-secret-garden,1,,server-1,37,0,0,,,
cache-off-warm500,70,2,1.2000,673.193,244.492,917.685,horse,the-divine-comedy,1,,server-1,38,0,0,,,
cache-off-warm500,70,2,1.2143,692.550,202.825,895.375,you,emma,1,,server-1,39,0,0,,,
cache-off-warm500,70,2,1.2286,706.745,214.973,921.718,night,the-jungle-book,1,,server-1,40,0,0,,,
cache-off-warm500,70,2,1.2429,738.656,170.374,909.030,love,northanger-abbey,1,,server-1,41,0,0,,,
cache-off-warm500,70,2,1.2571,896.073,109.483,1005.556,horse,anne-of-green-gables,1,,server-1,42,0,0,,,
cache-off-warm500,70,2,1.2714,838.914,118.772,957.686,house,the-wind-in-the-willows,1,,server-1,42,0,0,,,
cache-off-warm500,70,2,1.2857,862.993,72.686,935.679,death,the-portrait-of-a-lady-volume-1,1,,server-1,43,0,0,,,
cache-off-warm500,70,2,1.3000,852.935,90.134,943.070,house,frankenstein-or-the-modern-prometheus,1,,server-1,44,0,0,,,
cache-off-warm500,70,2,1.3143,905.407,144.571,1049.978,love,treasure-island,1,,server-1,45,0,0,,,
cache-off-warm500,70,2,1.3286,846.152,123.561,969.713,death,white-fang,1,,server-1,44,0,0,,,
cache-off-warm500,70,2,1.3429,832.624,68.363,900.987,night,meditations,1,,server-1,42,0,0,,,
cache-off-warm500,70,2,1.3571,885.194,57.582,942.777,death,walden-and-on-the-duty-of-civil-disobedience,1,,server-1,43,0,0,,,
cache-off-warm500,70,2,1.3714,871.284,75.411,946.694,he,the-portrait-of-a-lady-volume-1,1,,server-1,44,0,0,,,
cache-off-warm500,70,2,1.3857,882.957,163.070,1046.027,castle,the-divine-comedy,1,,server-1,45,0,0,,,
cache-off-warm500,70,2,1.4000,867.665,94.327,961.992,you,the-warden,1,,server-1,46,0,0,,,
cache-off-warm500,70,2,1.4143,852.090,99.585,951.675,sea,walden-and-on-the-duty-of-civil-disobedience,1,,server-1,47,0,0,,,
cache-off-warm500,70,2,1.4286,933.114,95.798,1028.912,castle,the-portrait-of-a-lady-volume-1,1,,server-1,48,0,0,,,
cache-off-warm500,70,2,1.4429,919.662,96.645,1016.307,whale,a-princess-of-mars,1,,server-1,47,0,0,,,
cache-off-warm500,70,2,1.4571,904.765,101.781,1006.546,the,the-iliad,1,,server-1,46,0,0,,,
cache-off-warm500,70,2,1.4714,895.090,176.325,1071.415,horse,the-great-gatsby,1,,server-1,47,0,0,,,
cache-off-warm500,70,2,1.4857,878.075,25.097,903.172,she,the-mystery-of-edwin-drood,1,,server-1,47,0,0,,,
cache-off-warm500,70,2,1.5000,866.096,123.091,989.187,king,persuasion,1,,server-1,47,0,0,,,
cache-off-warm500,70,2,1.5143,940.957,187.503,1128.461,sea,the-picture-of-dorian-gray,1,,server-1,47,0,0,,,
cache-off-warm500,70,2,1.5286,876.440,235.880,1112.321,money,his-last-bow,1,,server-1,47,0,0,,,
cache-off-warm500,70,2,1.5429,920.623,54.478,975.102,was,meditations,1,,server-1,48,0,0,,,
cache-off-warm500,70,2,1.5571,906.709,183.417,1090.126,money,little-women,1,,server-1,49,0,0,,,
cache-off-warm500,70,2,1.5714,892.052,117.312,1009.365,horse,the-jungle-book,1,,server-1,50,0,0,,,
cache-off-warm500,70,2,1.5857,964.659,235.869,1200.529,you,the-memoirs-of-sherlock-holmes,1,,server-1,50,0,0,,,
cache-off-warm500,70,2,1.6000,914.896,218.199,1133.095,whale,the-portrait-of-a-lady-volume-1,1,,server-1,51,0,0,,,
cache-off-warm500,70,2,1.6143,1026.583,93.970,1120.553,death,beyond-good-and-evil,1,,server-1,51,0,0,,,
cache-off-warm500,70,2,1.6286,1015.701,409.422,1425.123,castle,the-first-men-in-the-moon,1,,server-1,51,0,0,,,
cache-off-warm500,70,2,1.6429,1001.612,93.442,1095.054,death,the-mysterious-island,1,,server-1,50,0,0,,,
cache-off-warm500,70,2,1.6571,990.606,164.765,1155.371,death,the-last-of-the-mohicans-a-narrative-of-1757,1,,server-1,51,0,0,,,
cache-off-warm500,70,2,1.6714,979.137,255.398,1234.535,of,desperate-remedies,1,,server-1,51,0,0,,,
cache-off-warm500,70,2,1.6857,963.473,255.553,1219.026,money,the-jungle,1,,server-1,52,0,0,,,
cache-off-warm500,70,2,1.7000,951.888,250.364,1202.252,sea,pride-and-prejudice,1,,server-1,53,0,0,,,
cache-off-warm500,70,2,1.7143,1020.875,80.546,1101.420,he,mansfield-park,1,,server-1,54,0,0,,,
cache-off-warm500,70,2,1.7286,977.702,222.592,1200.295,king,walden-and-on-the-duty-of-civil-disobedience,1,,server-1,54,0,0,,,
cache-off-warm500,70,2,1.7429,992.421,197.296,1189.717,horse,a-tale-of-two-cities,1,,server-1,54,0,0,,,
cache-off-warm500,70,2,1.7571,1004.024,363.604,1367.628,death,the-picture-of-dorian-gray,1,,server-1,54,0,0,,,
cache-off-warm500,70,2,1.7714,968.311,302.711,1271.022,she,the-adventures-of-ferdinand-count-fathom-complete,1,,server-1,55,0,0,,,
cache-off-warm500,70,2,1.7857,953.652,211.634,1165.286,she,the-secret-garden,1,,server-1,55,0,0,,,
cache-off-warm500,70,2,1.8000,1007.319,230.320,1237.639,of,the-hound-of-the-baskervilles,1,,server-1,56,0,0,,,
cache-off-warm500,70,2,1.8143,1005.650,276.995,1282.645,and,life-on-the-mississippi,1,,server-1,55,0,0,,,
cache-off-warm500,70,2,1.8286,1076.509,259.419,1335.927,heart,the-vicomte-de-bragelonne,1,,server-1,54,0,0,,,
cache-off-warm500,70,2,1.8429,1086.202,145.568,1231.770,horse,the-adventures-of-tom-sawyer-complete,1,,server-1,55,0,0,,,
cache-off-warm500,70,2,1.8571,1182.362,86.589,1268.951,sea,autobiography-of-benjamin-franklin,1,,server-1,56,0,0,,,
cache-off-warm500,70,2,1.8714,1167.907,95.305,1263.212,heart,the-wind-in-the-willows,1,,server-1,57,0,0,,,
cache-off-warm500,70,2,1.8857,1079.772,91.284,1171.057,and,the-scarlet-letter-33,1,,server-1,58,0,0,,,
cache-off-warm500,70,2,1.9000,1138.743,84.085,1222.828,house,adventures-of-huckleberry-finn,1,,server-1,59,0,0,,,
cache-off-warm500,70,2,1.9143,1212.342,153.253,1365.595,london,oliver-twist,1,,server-1,60,0,0,,,
cache-off-warm500,70,2,1.9286,1198.768,54.626,1253.394,and,myths-and-legends-of-ancient-greece-and-rome,1,,server-1,61,0,0,,,
cache-off-warm500,70,2,1.9429,1222.934,159.478,1382.411,night,persuasion,1,,server-1,62,0,0,,,
cache-off-warm500,70,2,1.9571,1169.180,112.866,1282.046,castle,north-and-south,1,,server-1,62,0,0,,,
cache-off-warm500,70,2,1.9714,1161.999,74.749,1236.748,was,autobiography-of-benjamin-franklin,1,,server-1,60,0,0,,,
cache-off-warm500,70,2,1.9857,1148.975,115.639,1264.614,the,poirot-investigates,1,,server-1,61,0,0,,,
cache-off-warm500,70,2,2.0000,1182.574,158.763,1341.337,you,a-journey-to-the-centre-of-the-earth,1,,server-1,62,0,0,,,
cache-off-warm500,70,2,2.0143,1234.856,283.248,1518.104,night,the-picture-of-dorian-gray,1,,server-1,63,0,0,,,
cache-off-warm500,70,2,2.0286,1278.890,171.849,1450.740,letter,the-picture-of-dorian-gray,1,,server-1,64,0,0,,,
cache-off-warm500,70,2,2.0429,1206.483,58.520,1265.003,night,the-american,1,,server-1,65,0,0,,,
cache-off-warm500,70,2,2.0571,1223.630,205.272,1428.902,horse,the-vicomte-de-bragelonne,1,,server-1,66,0,0,,,
cache-off-warm500,70,2,2.0714,1209.173,330.990,1540.164,of,sense-and-sensibility,1,,server-1,67,0,0,,,
cache-off-warm500,70,2,2.0857,1194.626,64.117,1258.742,the,the-wind-in-the-willows,1,,server-1,65,0,0,,,
cache-off-warm500,70,2,2.1000,1204.813,74.478,1279.291,king,oliver-twist,1,,server-1,66,0,0,,,
cache-off-warm500,70,2,2.1143,1227.601,141.065,1368.666,king,the-iliad,1,,server-1,66,0,0,,,
cache-off-warm500,70,2,2.1286,1213.517,69.698,1283.215,letter,the-iliad-2199,1,,server-1,67,0,0,,,
cache-off-warm500,70,2,2.1429,1213.024,148.695,1361.719,the,thus-spake-zarathustra-a-book-for-all-and-none,1,,server-1,68,0,0,,,
cache-off-warm500,70,2,2.1571,1224.595,226.505,1451.099,house,the-odyssey,1,,server-1,64,0,0,,,
cache-off-warm500,70,2,2.1714,1308.220,197.978,1506.198,money,the-mysterious-island,1,,server-1,65,0,0,,,
cache-off-warm500,70,2,2.1857,1319.809,251.733,1571.542,king,a-connecticut-yankee-in-king-arthur-s-court,1,,server-1,66,0,0,,,
cache-off-warm500,70,2,2.2000,1305.588,218.138,1523.726,you,the-return-of-sherlock-holmes,1,,server-1,67,0,0,,,
cache-off-warm500,70,2,2.2143,1292.367,174.261,1466.628,death,leaves-of-grass,1,,server-1,68,0,0,,,
cache-off-warm500,70,2,2.2286,1279.262,247.458,1526.720,castle,adventures-of-huckleberry-finn,1,,server-1,69,0,0,,,
cache-off-warm500,70,2,2.2429,1264.249,263.869,1528.118,castle,the-war-of-the-worlds,1,,server-1,69,0,0,,,
cache-off-warm500,70,2,2.2571,1250.911,199.761,1450.672,she,the-mysterious-island,1,,server-1,70,0,0,,,
cache-off-warm500,70,2,2.2714,1500.725,120.512,1621.237,love,memoirs-of-fanny-hill,1,,server-1,68,0,0,,,
cache-off-warm500,70,2,2.2857,1397.237,239.461,1636.698,he,the-secret-garden,1,,server-1,69,0,0,,,
cache-off-warm500,70,2,2.3000,1475.676,296.478,1772.155,the,the-odyssey,1,,server-1,70,0,0,,,
cache-off-warm500,70,2,2.3143,1458.386,298.640,1757.025,you,meditations,1,,server-1,71,0,0,,,
cache-off-warm500,70,2,2.3286,1444.311,162.619,1606.930,the,dracula,1,,server-1,68,0,0,,,
cache-off-warm500,70,2,2.3429,1430.152,356.541,1786.692,and,the-house-of-the-seven-gables,1,,server-1,69,0,0,,,
cache-off-warm500,70,2,2.3571,1421.382,292.134,1713.515,of,grimms-fairy-tales,1,,server-1,70,0,0,,,
cache-off-warm500,70,2,2.3714,1402.581,269.239,1671.820,king,leaves-of-grass,1,,server-1,68,0,0,,,
cache-off-warm500,70,2,2.3857,1391.300,295.754,1687.054,love,walden-and-on-the-duty-of-civil-disobedience,1,,server-1,69,0,0,,,
cache-off-warm500,70,2,2.4000,1388.326,341.144,1729.470,the,the-king-in-yellow,1,,server-1,70,0,0,,,
cache-off-warm500,70,2,2.4143,1512.804,254.235,1767.039,whale,sense-and-sensibility,1,,server-1,71,0,0,,,
cache-off-warm500,70,2,2.4286,1464.844,240.584,1705.428,he,adventures-of-huckleberry-finn,1,,server-1,72,0,0,,,
cache-off-warm500,70,2,2.4429,1583.189,230.391,1813.580,whale,the-warden,1,,server-1,73,0,0,,,
cache-off-warm500,70,2,2.4571,1465.519,208.862,1674.381,night,memoirs-of-fanny-hill,1,,server-1,74,0,0,,,
cache-off-warm500,70,2,2.4714,1458.415,322.094,1780.509,she,washington-square,1,,server-1,71,0,0,,,
cache-off-warm500,70,2,2.4857,1539.902,184.722,1724.625,king,the-american,1,,server-1,72,0,0,,,
cache-off-warm500,70,2,2.5000,1566.175,147.649,1713.824,she,oliver-twist,1,,server-1,71,0,0,,,
cache-off-warm500,70,2,2.5143,1621.934,457.234,2079.167,was,frankenstein-or-the-modern-prometheus-41445,1,,server-1,72,0,0,,,
cache-off-warm500,70,2,2.5286,1606.244,474.092,2080.336,money,desert-gold,1,,server-1,73,0,0,,,
cache-off-warm500,70,2,2.5429,1591.768,327.518,1919.286,the,the-tenant-of-wildfell-hall,1,,server-1,73,0,0,,,
cache-off-warm500,70,2,2.5571,1602.771,138.424,1741.195,horse,the-return-of-sherlock-holmes,1,,server-1,73,0,0,,,
cache-off-warm500,70,2,2.5714,1588.118,314.815,1902.933,you,villette,1,,server-1,74,0,0,,,
cache-off-warm500,70,2,2.5857,1662.099,199.785,1861.884,you,pride-and-prejudice,1,,server-1,75,0,0,,,
cache-off-warm500,70,2,2.6000,1628.837,99.287,1728.124,house,north-and-south,1,,server-1,76,0,0,,,
cache-off-warm500,70,2,2.6143,1661.320,321.247,1982.567,whale,the-kama-sutra-of-vatsyayana,1,,server-1,77,0,0,,,
cache-off-warm500,70,2,2.6286,1646.240,311.619,1957.859,of,the-secret-garden,1,,server-1,78,0,0,,,
cache-off-warm500,70,2,2.6429,1680.746,198.138,1878.883,castle,myths-and-legends-of-ancient-greece-and-rome,1,,server-1,78,0,0,,,
cache-off-warm500,70,2,2.6571,1666.931,128.043,1794.974,horse,the-king-in-yellow,1,,server-1,76,0,0,,,
cache-off-warm500,70,2,2.6714,1798.889,262.708,2061.597,house,the-odyssey,1,,server-1,77,0,0,,,
cache-off-warm500,70,2,2.6857,1767.102,228.273,1995.375,house,the-mysterious-island,1,,server-1,78,0,0,,,
cache-off-warm500,70,2,2.7000,1771.580,303.137,2074.718,heart,pride-and-prejudice,1,,server-1,79,0,0,,,
cache-off-warm500,70,2,2.7143,1757.888,211.573,1969.462,horse,the-scarlet-letter-33,1,,server-1,80,0,0,,,
cache-off-warm500,70,2,2.7286,1745.871,263.516,2009.386,love,the-last-of-the-mohicans-a-narrative-of-1757,1,,server-1,81,0,0,,,
cache-off-warm500,70,2,2.7429,1941.770,117.235,2059.005,house,the-wind-in-the-willows,1,,server-1,79,0,0,,,
cache-off-warm500,70,2,2.7571,1877.358,204.429,2081.786,sea,frankenstein-or-the-modern-prometheus,1,,server-1,80,0,0,,,
cache-off-warm500,70,2,2.7714,2000.487,115.724,2116.211,horse,the-portrait-of-a-lady-volume-1,1,,server-1,81,0,0,,,
cache-off-warm500,70,2,2.7857,1948.831,56.419,2005.250,king,frankenstein-or-the-modern-prometheus-41445,1,,server-1,82,0,0,,,
cache-off-warm500,70,2,2.8000,2000.393,92.414,2092.807,sea,twenty-thousand-leagues-under-the-sea,1,,server-1,83,0,0,,,
cache-off-warm500,70,2,2.8143,1994.289,163.516,2157.805,death,tess-of-the-d-urbervilles-a-pure-woman,1,,server-1,83,0,0,,,
cache-off-warm500,70,2,2.8286,1980.448,164.883,2145.331,of,black-beauty,1,,server-1,82,0,0,,,
cache-off-warm500,70,2,2.8429,1996.238,138.695,2134.933,king,the-mysterious-affair-at-styles,1,,server-1,83,0,0,,,
cache-off-warm500,70,2,2.8571,1979.490,114.062,2093.552,whale,thus-spake-zarathustra-a-book-for-all-and-none,1,,server-1,84,0,0,,,
cache-off-warm500,70,2,2.8714,2012.080,171.309,2183.388,whale,jude-the-obscure,1,,server-1,85,0,0,,,
cache-off-warm500,70,2,2.8857,2008.389,269.326,2277.715,london,the-jungle,1,,server-1,86,0,0,,,
cache-off-warm500,70,2,2.9000,1993.506,157.094,2150.600,love,northanger-abbey,1,,server-1,87,0,0,,,
cache-off-warm500,70,2,2.9143,2061.433,190.435,2251.868,she,the-hound-of-the-baskervilles-3070,1,,server-1,88,0,0,,,
cache-off-warm500,70,2,2.9286,2040.640,117.197,2157.837,night,the-secret-garden,1,,server-1,89,0,0,,,
cache-off-warm500,70,2,2.9429,2035.109,111.294,2146.403,king,wuthering-heights,1,,server-1,88,0,0,,,
cache-off-warm500,70,2,2.9571,2020.276,146.938,2167.214,money,the-portrait-of-a-lady-volume-1,1,,server-1,88,0,0,,,
cache-off-warm500,70,2,2.9714,2014.475,210.172,2224.647,money,the-last-of-the-mohicans-a-narrative-of-1757,1,,server-1,86,0,0,,,
cache-off-warm500,70,2,2.9857,2025.554,239.192,2264.745,he,the-tenant-of-wildfell-hall,1,,server-1,87,0,0,,,
cache-off-warm500,70,2,3.0000,2155.089,250.482,2405.571,whale,far-from-the-madding-crowd,1,,server-1,88,0,0,,,
cache-off-warm500,70,2,3.0143,2070.437,201.831,2272.268,you,emma,1,,server-1,89,0,0,,,
cache-off-warm500,70,2,3.0286,2097.836,118.920,2216.756,night,villette,1,,server-1,90,0,0,,,
cache-off-warm500,70,2,3.0429,2154.980,143.409,2298.389,she,leaves-of-grass,1,,server-1,90,0,0,,,
cache-off-warm500,70,2,3.0571,2189.348,75.053,2264.401,love,the-lost-world,1,,server-1,90,0,0,,,
cache-off-warm500,70,2,3.0714,2126.500,121.884,2248.384,you,great-expectations,1,,server-1,90,0,0,,,
cache-off-warm500,70,2,3.0857,2156.005,244.707,2400.712,death,herland,1,,server-1,89,0,0,,,
cache-off-warm500,70,2,3.1000,2219.939,63.187,2283.126,you,twenty-thousand-leagues-under-the-sea,1,,server-1,90,0,0,,,
cache-off-warm500,70,2,3.1143,2207.822,94.831,2302.654,the,herland,1,,server-1,91,0,0,,,
cache-off-warm500,70,2,3.1286,2194.199,57.796,2251.996,london,dracula,1,,server-1,89,0,0,,,
cache-off-warm500,70,2,3.1429,2200.175,91.459,2291.634,night,the-american,1,,server-1,89,0,0,,,
cache-off-warm500,70,2,3.1571,2227.606,100.674,2328.280,death,the-vicomte-de-bragelonne,1,,server-1,90,0,0,,,
cache-off-warm500,70,2,3.1714,2235.072,51.165,2286.237,you,silas-marner,1,,server-1,89,0,0,,,
cache-off-warm500,70,2,3.1857,2222.261,112.580,2334.841,the,poirot-investigates,1,,server-1,90,0,0,,,
cache-off-warm500,70,2,3.2000,2209.226,142.746,2351.973,house,the-mysterious-island,1,,server-1,91,0,0,,,
cache-off-warm500,70,2,3.2143,2221.011,83.366,2304.377,king,the-jungle,1,,server-1,92,0,0,,,
cache-off-warm500,70,2,3.2286,2292.231,109.976,2402.207,king,anne-of-green-gables,1,,server-1,93,0,0,,,
cache-off-warm500,70,2,3.2429,2276.348,107.985,2384.333,king,twenty-thousand-leagues-under-the-sea,1,,server-1,92,0,0,,,
cache-off-warm500,70,2,3.2571,2295.123,49.425,2344.548,of,the-mystery-of-edwin-drood,1,,server-1,93,0,0,,,
cache-off-warm500,70,2,3.2714,2281.166,102.815,2383.981,and,herland,1,,server-1,94,0,0,,,
cache-off-warm500,70,2,3.2857,2268.031,114.230,2382.261,king,washington-square,1,,server-1,93,0,0,,,
cache-off-warm500,70,2,3.3000,2258.725,206.701,2465.425,king,the-secret-garden-17396,1,,server-1,93,0,0,,,
cache-off-warm500,70,2,3.3143,2242.984,99.442,2342.426,you,the-scarlet-letter,1,,server-1,94,0,0,,,
cache-off-warm500,70,2,3.3286,2228.989,142.467,2371.456,heart,the-hound-of-the-baskervilles,1,,server-1,94,0,0,,,
cache-off-warm500,70,2,3.3429,2259.034,86.827,2345.861,house,hard-times,1,,server-1,94,0,0,,,
cache-off-warm500,70,2,3.3571,2201.667,229.028,2430.695,sea,the-works-of-edgar-allan-poe-volume-2,1,,server-1,93,0,0,,,
cache-off-warm500,70,2,3.3714,2282.061,137.983,2420.044,castle,the-return-of-sherlock-holmes-108,1,,server-1,94,0,0,,,
cache-off-warm500,70,2,3.3857,2271.427,138.616,2410.043,house,hard-times,1,,server-1,94,0,0,,,
cache-off-warm500,70,2,3.4000,2271.828,259.534,2531.361,king,the-adventures-of-ferdinand-count-fathom-complete,1,,server-1,95,0,0,,,
cache-off-warm500,70,2,3.4143,2304.146,169.695,2473.841,money,the-adventures-of-sherlock-holmes,1,,server-1,96,0,0,,,
cache-off-warm500,70,2,3.4286,2260.991,240.813,2501.803,she,the-mysterious-island,1,,server-1,97,0,0,,,
cache-off-warm500,70,2,3.4429,2275.210,338.968,2614.178,letter,cranford,1,,server-1,98,0,0,,,
cache-off-warm500,70,2,3.4571,2359.461,211.749,2571.211,love,a-princess-of-mars,1,,server-1,99,0,0,,,
cache-off-warm500,70,2,3.4714,2327.479,240.305,2567.784,the,tess-of-the-d-urbervilles-a-pure-woman,1,,server-1,100,0,0,,,
cache-off-warm500,70,2,3.4857,2313.947,148.582,2462.528,king,around-the-world-in-eighty-days,1,,server-1,99,0,0,,,
cache-off-warm500,70,2,3.5000,2346.867,236.603,2583.470,and,his-last-bow,1,,server-1,100,0,0,,,
cache-off-warm500,70,2,3.5143,2332.753,210.525,2543.278,whale,the-hound-of-the-baskervilles-3070,1,,server-1,99,0,0,,,
cache-off-warm500,70,2,3.5286,2357.654,109.467,2467.121,sea,the-secret-garden-17396,1,,server-1,100,0,0,,,
cache-off-warm500,70,2,3.5429,2388.674,141.465,2530.140,the,sense-and-sensibility,1,,server-1,101,0,0,,,
cache-off-warm500,70,2,3.5571,2376.460,152.448,2528.908,whale,the-mystery-of-edwin-drood,1,,server-1,102,0,0,,,
cache-off-warm500,70,2,3.5714,2486.141,210.438,2696.579,house,the-house-of-mirth,1,,server-1,103,0,0,,,
cache-off-warm500,70,2,3.5857,2421.719,105.591,2527.310,she,dracula,1,,server-1,104,0,0,,,
cache-off-warm500,70,2,3.6000,2437.144,118.866,2556.011,king,the-tenant-of-wildfell-hall,1,,server-1,105,0,0,,,
cache-off-warm500,70,2,3.6143,2470.412,83.876,2554.288,heart,meditations,1,,server-1,105,0,0,,,
cache-off-warm500,70,2,3.6286,2481.839,76.707,2558.546,you,cranford,1,,server-1,106,0,0,,,
cache-off-warm500,70,2,3.6429,2508.429,94.496,2602.925,king,desperate-remedies,1,,server-1,107,0,0,,,
cache-off-warm500,70,2,3.6571,2513.290,98.254,2611.545,king,madame-bovary,1,,server-1,107,0,0,,,
cache-off-warm500,70,2,3.6714,2516.115,93.769,2609.884,you,the-hound-of-the-baskervilles-3070,1,,server-1,108,0,0,,,
cache-off-warm500,70,2,3.6857,2583.267,74.223,2657.490,was,the-kama-sutra-of-vatsyayana,1,,server-1,106,0,0,,,
cache-off-warm500,70,2,3.7000,2543.392,73.777,2617.169,house,tess-of-the-d-urbervilles-a-pure-woman,1,,server-1,107,0,0,,,
cache-off-warm500,70,2,3.7143,2555.546,112.509,2668.055,was,the-romance-of-lust-a-classic-victorian-erotic-novel,1,,server-1,107,0,0,,,
cache-off-warm500,70,2,3.7286,2557.913,131.528,2689.441,you,persuasion,1,,server-1,107,0,0,,,
cache-off-warm500,70,2,3.7429,2579.237,56.514,2635.751,letter,the-first-men-in-the-moon,1,,server-1,108,0,0,,,
cache-off-warm500,70,2,3.7571,2585.998,58.215,2644.213,house,the-house-of-mirth,1,,server-1,108,0,0,,,
cache-off-warm500,70,2,3.7714,2630.212,90.034,2720.247,horse,leaves-of-grass,1,,server-1,108,0,0,,,
cache-off-warm500,70,2,3.7857,2616.036,56.427,2672.464,king,frankenstein-or-the-modern-prometheus-41445,1,,server-1,107,0,0,,,
cache-off-warm500,70,2,3.8000,2601.865,157.933,2759.798,she,persuasion,1,,server-1,108,0,0,,,
cache-off-warm500,70,2,3.8143,2599.744,186.535,2786.279,you,dubliners,1,,server-1,109,0,0,,,
cache-off-warm500,70,2,3.8286,2590.240,139.326,2729.566,london,desert-gold,1,,server-1,110,0,0,,,
cache-off-warm500,70,2,3.8429,2574.787,144.888,2719.675,house,the-mystery-of-edwin-drood,1,,server-1,111,0,0,,,
cache-off-warm500,70,2,3.8571,2560.790,185.321,2746.112,of,dracula,1,,server-1,112,0,0,,,
cache-off-warm500,70,2,3.8714,2589.848,217.416,2807.264,letter,the-scarlet-letter-33,1,,server-1,113,0,0,,,
cache-off-warm500,70,2,3.8857,2581.704,98.672,2680.376,london,the-last-of-the-mohicans-a-narrative-of-1757,1,,server-1,114,0,0,,,
cache-off-warm500,70,2,3.9000,2571.974,170.891,2742.865,the,the-hound-of-the-baskervilles-3070,1,,server-1,115,0,0,,,
cache-off-warm500,70,2,3.9143,2575.500,154.013,2729.513,whale,the-warden,1,,server-1,116,0,0,,,
cache-off-warm500,70,2,3.9286,2589.883,115.103,2704.987,death,the-last-of-the-mohicans-a-narrative-of-1757,1,,server-1,116,0,0,,,
cache-off-warm500,70,2,3.9429,2620.517,107.464,2727.981,money,a-connecticut-yankee-in-king-arthur-s-court,1,,server-1,117,0,0,,,
cache-off-warm500,70,2,3.9571,2674.264,112.740,2787.004,letter,agnes-grey,1,,server-1,117,0,0,,,
cache-off-warm500,70,2,3.9714,2634.490,147.334,2781.824,of,the-moonstone,1,,server-1,118,0,0,,,
cache-off-warm500,70,2,3.9857,2687.970,127.384,2815.354,you,meditations,1,,server-1,118,0,0,,,
cache-off-warm500,70,2,4.0000,2653.555,73.425,2726.981,love,his-last-bow,1,,server-1,119,0,0,,,
cache-off-warm500,70,2,4.0143,2729.904,36.414,2766.318,he,the-hound-of-the-baskervilles-3070,1,,server-1,120,0,0,,,
cache-off-warm500,70,2,4.0286,2715.944,114.902,2830.846,sea,northanger-abbey,1,,server-1,121,0,0,,,
cache-off-warm500,70,2,4.0429,2701.755,93.491,2795.245,london,the-adventures-of-ferdinand-count-fathom-complete,1,,server-1,122,0,0,,,
cache-off-warm500,70,2,4.0571,2695.481,105.448,2800.929,she,the-divine-comedy,1,,server-1,123,0,0,,,
cache-off-warm500,70,2,4.0714,2787.698,158.674,2946.372,he,the-war-of-the-worlds,1,,server-1,123,0,0,,,
cache-off-warm500,70,2,4.0857,2770.597,173.344,2943.941,you,the-mysterious-island,1,,server-1,124,0,0,,,
cache-off-warm500,70,2,4.1000,2762.115,153.782,2915.897,was,the-secret-garden,1,,server-1,125,0,0,,,
cache-off-warm500,70,2,4.1143,2747.246,171.545,2918.791,sea,the-war-of-the-worlds,1,,server-1,125,0,0,,,
cache-off-warm500,70,2,4.1286,2732.858,45.891,2778.748,night,the-works-of-edgar-allan-poe-volume-2,1,,server-1,126,0,0,,,
cache-off-warm500,70,2,4.1429,2718.903,214.230,2933.133,sea,little-women,1,,server-1,122,0,0,,,
cache-off-warm500,70,2,4.1571,2706.967,238.923,2945.890,money,life-on-the-mississippi,1,,server-1,123,0,0,,,
cache-off-warm500,70,2,4.1714,2777.457,225.239,3002.696,and,white-fang,1,,server-1,123,0,0,,,
cache-off-warm500,70,2,4.1857,2772.892,161.178,2934.070,of,autobiography-of-benjamin-franklin,1,,server-1,124,0,0,,,
cache-off-warm500,70,2,4.2000,2750.845,180.322,2931.166,king,little-women,1,,server-1,125,0,0,,,
cache-off-warm500,70,2,4.2143,2801.275,158.303,2959.577,you,the-iliad-2199,1,,server-1,125,0,0,,,
cache-off-warm500,70,2,4.2286,2787.119,117.797,2904.916,whale,sense-and-sensibility,1,,server-1,126,0,0,,,
cache-off-warm500,70,2,4.2429,2775.139,256.405,3031.544,you,the-secret-garden,1,,server-1,125,0,0,,,
cache-off-warm500,70,2,4.2571,2771.812,189.893,2961.706,sea,the-secret-adversary,1,,server-1,125,0,0,,,
cache-off-warm500,70,2,4.2714,2759.475,244.369,3003.844,horse,around-the-world-in-eighty-days,1,,server-1,124,0,0,,,
cache-off-warm500,70,2,4.2857,2814.545,117.206,2931.750,he,the-iliad-2199,1,,server-1,125,0,0,,,
cache-off-warm500,70,2,4.3000,2776.115,110.598,2886.713,night,washington-square,1,,server-1,126,0,0,,,
cache-off-warm500,70,2,4.3143,2788.658,119.238,2907.897,london,the-iliad,1,,server-1,127,0,0,,,
cache-off-warm500,70,2,4.3286,2844.434,62.909,2907.343,horse,the-first-men-in-the-moon,1,,server-1,128,0,0,,,
cache-off-warm500,70,2,4.3429,2831.999,118.703,2950.702,whale,the-lost-world,1,,server-1,129,0,0,,,
cache-off-warm500,70,2,4.3571,2865.509,114.063,2979.572,was,the-adventures-of-ferdinand-count-fathom-complete,1,,server-1,130,0,0,,,
cache-off-warm500,70,2,4.3714,2905.809,77.280,2983.089,and,the-kama-sutra-of-vatsyayana,1,,server-1,131,0,0,,,
cache-off-warm500,70,2,4.3857,2891.299,125.664,3016.963,you,the-warden,1,,server-1,132,0,0,,,
cache-off-warm500,70,2,4.4000,2896.973,231.280,3128.253,letter,frankenstein-or-the-modern-prometheus-41445,1,,server-1,133,0,0,,,
cache-off-warm500,70,2,4.4143,2882.875,163.116,3045.990,sea,madame-bovary,1,,server-1,133,0,0,,,
cache-off-warm500,70,2,4.4286,2904.342,74.684,2979.027,he,the-adventures-of-ferdinand-count-fathom-complete,1,,server-1,134,0,0,,,
cache-off-warm500,70,2,4.4429,2895.745,136.960,3032.705,castle,desert-gold,1,,server-1,135,0,0,,,
cache-off-warm500,70,2,4.4571,2880.636,97.635,2978.271,death,the-king-in-yellow,1,,server-1,135,0,0,,,
cache-off-warm500,70,2,4.4714,2866.985,131.097,2998.082,heart,herland,1,,server-1,134,0,0,,,
cache-off-warm500,70,2,4.4857,2917.335,143.569,3060.904,she,the-hound-of-the-baskervilles,1,,server-1,134,0,0,,,
cache-off-warm500,70,2,4.5000,2977.207,116.241,3093.448,he,the-innocents-abroad,1,,server-1,135,0,0,,,
cache-off-warm500,70,2,4.5143,2961.874,42.092,3003.966,london,cranford,1,,server-1,136,0,0,,,
cache-off-warm500,70,2,4.5286,2987.845,158.159,3146.003,of,the-adventures-of-sherlock-holmes,1,,server-1,136,0,0,,,
cache-off-warm500,70,2,4.5429,2985.531,150.922,3136.453,the,the-moonstone,1,,server-1,137,0,0,,,
cache-off-warm500,70,2,4.5571,2972.427,92.309,3064.736,love,the-secret-garden-17396,1,,server-1,138,0,0,,,
cache-off-warm500,70,2,4.5714,3130.053,259.438,3389.491,whale,the-jungle,1,,server-1,139,0,0,,,
cache-off-warm500,70,2,4.5857,3019.636,143.838,3163.474,was,the-wind-in-the-willows,1,,server-1,140,0,0,,,
cache-off-warm500,70,2,4.6000,3020.044,256.628,3276.672,you,tess-of-the-d-urbervilles-a-pure-woman,1,,server-1,141,0,0,,,
cache-off-warm500,70,2,4.6143,3005.356,112.416,3117.771,london,the-first-men-in-the-moon,1,,server-1,140,0,0,,,
cache-off-warm500,70,2,4.6286,2993.212,255.144,3248.357,horse,desert-gold,1,,server-1,140,0,0,,,
cache-off-warm500,70,2,4.6429,2982.525,72.109,3054.634,horse,far-from-the-madding-crowd,1,,server-1,139,0,0,,,
cache-off-warm500,70,2,4.6571,3073.501,200.950,3274.451,death,the-return-of-sherlock-holmes,1,,server-1,140,0,0,,,
cache-off-warm500,70,2,4.6714,3008.124,161.924,3170.048,was,the-portrait-of-a-lady-volume-1,1,,server-1,141,0,0,,,
cache-off-warm500,70,2,4.6857,3013.892,178.498,3192.391,horse,the-memoirs-of-sherlock-holmes,1,,server-1,141,0,0,,,
cache-off-warm500,70,2,4.7000,3032.591,64.810,3097.401,she,the-mysterious-affair-at-styles,1,,server-1,142,0,0,,,
cache-off-warm500,70,2,4.7143,3018.402,172.532,3190.934,you,walden-and-on-the-duty-of-civil-disobedience,1,,server-1,143,0,0,,,
cache-off-warm500,70,2,4.7286,3004.520,196.298,3200.818,london,the-great-gatsby,1,,server-1,144,0,0,,,
cache-off-warm500,70,2,4.7429,3012.489,397.823,3410.312,london,villette,1,,server-1,143,0,0,,,
cache-off-warm500,70,2,4.7571,3174.942,107.560,3282.502,sea,dracula,1,,server-1,144,0,0,,,
cache-off-warm500,70,2,4.7714,3124.705,96.569,3221.274,and,the-portrait-of-a-lady-volume-1,1,,server-1,145,0,0,,,
cache-off-warm500,70,2,4.7857,3146.450,88.645,3235.095,london,the-divine-comedy,1,,server-1,146,0,0,,,
cache-off-warm500,70,2,4.8000,3161.699,191.681,3353.380,king,the-memoirs-of-sherlock-holmes,1,,server-1,144,0,0,,,
cache-off-warm500,70,2,4.8143,3143.830,171.819,3315.650,house,around-the-world-in-eighty-days,1,,server-1,144,0,0,,,
cache-off-warm500,70,2,4.8286,3129.514,196.585,3326.099,king,around-the-world-in-eighty-days,1,,server-1,145,0,0,,,
cache-off-warm500,70,2,4.8429,3122.664,192.065,3314.729,of,the-last-of-the-mohicans-a-narrative-of-1757,1,,server-1,146,0,0,,,
cache-off-warm500,70,2,4.8571,3164.027,200.582,3364.608,night,the-jungle-book,1,,server-1,146,0,0,,,
cache-off-warm500,70,2,4.8714,3151.955,160.057,3312.012,she,washington-square,1,,server-1,147,0,0,,,
cache-off-warm500,70,2,4.8857,3206.889,94.416,3301.305,love,the-jungle,1,,server-1,148,0,0,,,
cache-off-warm500,70,2,4.9000,3230.580,94.920,3325.500,london,jane-eyre-an-autobiography,1,,server-1,148,0,0,,,
cache-off-warm500,70,2,4.9143,3269.496,104.644,3374.140,horse,persuasion,1,,server-1,149,0,0,,,
cache-off-warm500,70,2,4.9286,3253.685,64.818,3318.504,she,the-hound-of-the-baskervilles-3070,1,,server-1,150,0,0,,,
cache-off-warm500,70,2,4.9429,3305.360,112.143,3417.502,heart,the-divine-comedy,1,,server-1,150,0,0,,,
cache-off-warm500,70,2,4.9571,3329.573,93.254,3422.828,house,beyond-good-and-evil,1,,server-1,151,0,0,,,
cache-off-warm500,70,2,4.9714,3319.587,53.450,3373.037,king,white-fang,1,,server-1,152,0,0,,,
cache-off-warm500,70,2,4.9857,3303.872,14.645,3318.516,night,the-great-gatsby,1,,server-1,150,0,0,,,
cache-off-warm500,70,2,5.0000,3292.246,150.257,3442.503,she,twenty-thousand-leagues-under-the-sea,1,,server-1,150,0,0,,,
cache-off-warm500,70,2,5.0143,3288.531,169.145,3457.676,night,the-iliad-2199,1,,server-1,151,0,0,,,
cache-off-warm500,70,2,5.0286,3303.994,141.234,3445.228,death,the-kama-sutra-of-vatsyayana,1,,server-1,152,0,0,,,
cache-off-warm500,70,2,5.0429,3290.152,107.919,3398.072,night,northanger-abbey,1,,server-1,153,0,0,,,
cache-off-warm500,70,2,5.0571,3318.473,184.849,3503.321,the,the-mystery-of-edwin-drood,1,,server-1,154,0,0,,,
cache-off-warm500,70,2,5.0714,3399.925,30.814,3430.739,castle,the-song-of-the-lark,1,,server-1,154,0,0,,,
cache-off-warm500,70,2,5.0857,3387.115,85.713,3472.829,night,the-adventures-of-ferdinand-count-fathom-complete,1,,server-1,154,0,0,,,
cache-off-warm500,70,2,5.1000,3399.538,76.112,3475.650,was,frankenstein-or-the-modern-prometheus-41445,1,,server-1,155,0,0,,,
cache-off-warm500,70,2,5.1143,3441.625,31.020,3472.645,he,autobiography-of-benjamin-franklin,1,,server-1,156,0,0,,,
cache-off-warm500,70,2,5.1286,3432.352,34.050,3466.402,the,beyond-good-and-evil,1,,server-1,156,0,0,,,
cache-off-warm500,70,2,5.1429,3432.984,119.521,3552.505,heart,the-return-of-sherlock-holmes,1,,server-1,157,0,0,,,
cache-off-warm500,70,2,5.1571,3418.983,35.075,3454.057,whale,madame-bovary,1,,server-1,157,0,0,,,
cache-off-warm500,70,2,5.1714,3416.335,48.208,3464.544,horse,agnes-grey,1,,server-1,157,0,0,,,
cache-off-warm500,70,2,5.1857,3409.855,43.010,3452.865,castle,a-princess-of-mars,1,,server-1,158,0,0,,,
cache-off-warm500,70,2,5.2000,3411.153,55.647,3466.800,king,the-portrait-of-a-lady-volume-1,1,,server-1,156,0,0,,,
cache-off-warm500,70,2,5.2143,3401.077,63.955,3465.032,love,silas-marner,1,,server-1,157,0,0,,,
cache-off-warm500,70,2,5.2286,3438.703,51.809,3490.512,night,the-warden,1,,server-1,158,0,0,,,
cache-off-warm500,70,2,5.2429,3421.882,40.552,3462.434,death,silas-marner,1,,server-1,159,0,0,,,
cache-off-warm500,70,2,5.2571,3421.894,69.458,3491.353,whale,tess-of-the-d-urbervilles-a-pure-woman,1,,server-1,159,0,0,,,
cache-off-warm500,70,2,5.2714,3424.196,157.191,3581.386,castle,wuthering-heights,1,,server-1,160,0,0,,,
cache-off-warm500,70,2,5.2857,3468.773,240.938,3709.710,money,the-memoirs-of-sherlock-holmes,1,,server-1,161,0,0,,,
cache-off-warm500,70,2,5.3000,3445.827,31.946,3477.774,he,the-hound-of-the-baskervilles,1,,server-1,161,0,0,,,
cache-off-warm500,70,2,5.3143,3431.914,129.418,3561.332,the,the-last-of-the-mohicans-a-narrative-of-1757-27681,1,,server-1,162,0,0,,,
cache-off-warm500,70,2,5.3286,3420.464,143.631,3564.095,letter,jude-the-obscure,1,,server-1,160,0,0,,,
cache-off-warm500,70,2,5.3429,3410.022,161.540,3571.562,heart,memoirs-of-fanny-hill,1,,server-1,161,0,0,,,
cache-off-warm500,70,2,5.3571,3393.705,205.825,3599.530,horse,desperate-remedies,1,,server-1,162,0,0,,,
cache-off-warm500,70,2,5.3714,3380.226,208.511,3588.737,letter,pride-and-prejudice,1,,server-1,163,0,0,,,
cache-off-warm500,70,2,5.3857,3368.954,163.303,3532.257,sea,the-house-of-the-seven-gables,1,,server-1,162,0,0,,,
cache-off-warm500,70,2,5.4000,3493.023,187.372,3680.394,letter,madame-bovary,1,,server-1,163,0,0,,,
cache-off-warm500,70,2,5.4143,3415.347,138.280,3553.627,love,the-jungle-book,1,,server-1,162,0,0,,,
cache-off-warm500,70,2,5.4286,3490.768,117.319,3608.087,whale,the-mystery-of-edwin-drood,1,,server-1,163,0,0,,,
cache-off-warm500,70,2,5.4429,3514.349,119.735,3634.084,she,the-works-of-edgar-allan-poe-volume-2,1,,server-1,162,0,0,,,
cache-off-warm500,70,2,5.4571,3535.951,82.534,3618.485,death,desperate-remedies,1,,server-1,163,0,0,,,
cache-off-warm500,70,2,5.4714,3562.322,185.633,3747.954,you,white-fang,1,,server-1,164,0,0,,,
cache-off-warm500,70,2,5.4857,3576.250,139.009,3715.259,castle,hard-times,1,,server-1,165,0,0,,,
cache-off-warm500,70,2,5.5000,3581.133,81.565,3662.697,he,the-last-of-the-mohicans-a-narrative-of-1757,1,,server-1,163,0,0,,,
cache-off-warm500,70,2,5.5143,3559.548,47.402,3606.950,horse,the-king-in-yellow,1,,server-1,164,0,0,,,
cache-off-warm500,70,2,5.5286,3552.437,85.395,3637.832,and,oliver-twist,1,,server-1,163,0,0,,,
cache-off-warm500,70,2,5.5429,3541.038,85.509,3626.547,horse,the-house-of-the-seven-gables,1,,server-1,164,0,0,,,
cache-off-warm500,70,2,5.5571,3527.087,117.094,3644.181,king,agnes-grey,1,,server-1,164,0,0,,,
cache-off-warm500,70,2,5.5714,3550.121,134.811,3684.932,whale,the-war-of-the-worlds,1,,server-1,165,0,0,,,
cache-off-warm500,70,2,5.5857,3629.668,77.476,3707.144,she,the-vicomte-de-bragelonne,1,,server-1,166,0,0,,,
cache-off-warm500,70,2,5.6000,3620.117,127.904,3748.021,of,tess-of-the-d-urbervilles-a-pure-woman,1,,server-1,167,0,0,,,
cache-off-warm500,70,2,5.6143,3612.639,202.702,3815.342,london,the-iliad-2199,1,,server-1,168,0,0,,,
cache-off-warm500,70,2,5.6286,3601.178,198.636,3799.815,she,a-connecticut-yankee-in-king-arthur-s-court,1,,server-1,169,0,0,,,
cache-off-warm500,70,2,5.6429,3612.289,69.003,3681.292,the,thus-spake-zarathustra-a-book-for-all-and-none,1,,server-1,169,0,0,,,
cache-off-warm500,70,2,5.6571,3629.822,141.658,3771.481,the,the-mysterious-island,1,,server-1,169,0,0,,,
cache-off-warm500,70,2,5.6714,3758.119,64.759,3822.878,castle,the-american,1,,server-1,167,0,0,,,
cache-off-warm500,70,2,5.6857,3744.318,14.121,3758.439,london,silas-marner,1,,server-1,167,0,0,,,
cache-off-warm500,70,2,5.7000,3731.648,184.035,3915.683,money,great-expectations,1,,server-1,168,0,0,,,
cache-off-warm500,70,2,5.7143,3717.543,59.427,3776.970,love,the-age-of-innocence,1,,server-1,169,0,0,,,
cache-off-warm500,70,2,5.7286,3715.863,153.539,3869.402,castle,thus-spake-zarathustra-a-book-for-all-and-none,1,,server-1,170,0,0,,,
cache-off-warm500,70,2,5.7429,3748.588,32.294,3780.882,he,anne-of-green-gables,1,,server-1,170,0,0,,,
cache-off-warm500,70,2,5.7571,3734.530,124.742,3859.271,castle,myths-and-legends-of-ancient-greece-and-rome,1,,server-1,171,0,0,,,
cache-off-warm500,70,2,5.7714,3726.688,126.268,3852.955,castle,beyond-good-and-evil,1,,server-1,172,0,0,,,
cache-off-warm500,70,2,5.7857,3712.200,118.415,3830.615,castle,pride-and-prejudice,1,,server-1,173,0,0,,,
cache-off-warm500,70,2,5.8000,3764.303,85.399,3849.703,night,the-scarlet-letter,1,,server-1,173,0,0,,,
cache-off-warm500,70,2,5.8143,3801.869,116.418,3918.287,death,the-scarlet-letter-33,1,,server-1,171,0,0,,,
cache-off-warm500,70,2,5.8286,3763.517,73.664,3837.181,and,a-journey-to-the-centre-of-the-earth,1,,server-1,172,0,0,,,
cache-off-warm500,70,2,5.8429,3781.822,70.596,3852.417,the,jude-the-obscure,1,,server-1,173,0,0,,,
cache-off-warm500,70,2,5.8571,3769.378,91.055,3860.433,heart,the-song-of-the-lark,1,,server-1,173,0,0,,,
cache-off-warm500,70,2,5.8714,3862.385,59.298,3921.684,letter,jude-the-obscure,1,,server-1,174,0,0,,,
cache-off-warm500,70,2,5.8857,3847.479,188.139,4035.618,of,the-adventures-of-sherlock-holmes,1,,server-1,175,0,0,,,
cache-off-warm500,70,2,5.9000,3834.016,185.041,4019.057,was,the-divine-comedy,1,,server-1,175,0,0,,,
cache-off-warm500,70,2,5.9143,3822.269,207.866,4030.135,love,little-women,1,,server-1,176,0,0,,,
cache-off-warm500,70,2,5.9286,3807.515,232.401,4039.917,you,dracula,1,,server-1,177,0,0,,,
cache-off-warm500,70,2,5.9429,3794.627,235.226,4029.853,he,the-warden,1,,server-1,178,0,0,,,
cache-off-warm500,70,2,5.9571,3962.752,118.215,4080.966,sea,the-house-of-the-seven-gables,1,,server-1,176,0,0,,,
cache-off-warm500,70,2,5.9714,3897.728,168.661,4066.388,the,persuasion,1,,server-1,177,0,0,,,
cache-off-warm500,70,2,5.9857,3934.533,126.591,4061.125,love,the-portrait-of-a-lady-volume-1,1,,server-1,178,0,0,,,
cache-off-warm500,70,2,6.0000,3923.993,140.034,4064.028,love,wuthering-heights,1,,server-1,179,0,0,,,
cache-off-warm500,70,2,6.0143,3908.940,141.256,4050.197,night,the-adventures-of-sherlock-holmes,1,,server-1,180,0,0,,,
cache-off-warm500,70,2,6.0286,3895.097,144.279,4039.376,and,beyond-good-and-evil,1,,server-1,180,0,0,,,
cache-off-warm500,70,2,6.0429,3923.216,104.509,4027.725,whale,herland,1,,server-1,181,0,0,,,
cache-off-warm500,70,2,6.0571,3933.224,161.128,4094.352,castle,the-moonstone,1,,server-1,182,0,0,,,
cache-off-warm500,70,2,6.0714,3993.024,96.424,4089.448,king,the-great-gatsby,1,,server-1,181,0,0,,,
cache-off-warm500,70,2,6.0857,3982.061,86.650,4068.711,of,mansfield-park,1,,server-1,182,0,0,,,
cache-off-warm500,70,2,6.1000,3995.166,160.808,4155.974,you,wuthering-heights,1,,server-1,182,0,0,,,
cache-off-warm500,70,2,6.1143,4033.845,46.894,4080.739,of,the-house-of-mirth,1,,server-1,179,0,0,,,
cache-off-warm500,70,2,6.1286,4032.185,113.440,4145.625,she,far-from-the-madding-crowd,1,,server-1,180,0,0,,,
cache-off-warm500,70,2,6.1429,4019.853,186.168,4206.021,whale,the-wind-in-the-willows,1,,server-1,181,0,0,,,
cache-off-warm500,70,2,6.1571,4008.263,107.125,4115.388,horse,the-king-in-yellow,1,,server-1,181,0,0,,,
cache-off-warm500,70,2,6.1714,4021.058,223.304,4244.362,death,around-the-world-in-eighty-days,1,,server-1,180,0,0,,,
cache-off-warm500,70,2,6.1857,4009.757,104.408,4114.165,heart,the-return-of-sherlock-holmes,1,,server-1,181,0,0,,,
cache-off-warm500,70,2,6.2000,3997.207,121.154,4118.361,london,the-jungle-book,1,,server-1,182,0,0,,,
cache-off-warm500,70,2,6.2143,3990.460,141.321,4131.781,london,a-princess-of-mars,1,,server-1,183,0,0,,,
cache-off-warm500,70,2,6.2286,4046.882,125.573,4172.455,and,jane-eyre-an-autobiography,1,,server-1,184,0,0,,,
cache-off-warm500,70,2,6.2429,4104.342,110.827,4215.169,house,great-expectations,1,,server-1,185,0,0,,,
cache-off-warm500,70,2,6.2571,4144.665,57.835,4202.500,he,the-first-men-in-the-moon,1,,server-1,186,0,0,,,
cache-off-warm500,70,2,6.2714,4130.071,123.879,4253.950,he,adventures-of-huckleberry-finn,1,,server-1,184,0,0,,,
cache-off-warm500,70,2,6.2857,4155.301,106.551,4261.852,of,the-american,1,,server-1,184,0,0,,,
cache-off-warm500,70,2,6.3000,4153.937,109.404,4263.342,love,twenty-thousand-leagues-under-the-sea,1,,server-1,184,0,0,,,
cache-off-warm500,70,2,6.3143,4175.324,189.581,4364.904,castle,far-from-the-madding-crowd,1,,server-1,185,0,0,,,
cache-off-warm500,70,2,6.3286,4234.637,143.551,4378.188,london,the-mystery-of-edwin-drood,1,,server-1,186,0,0,,,
cache-off-warm500,70,2,6.3429,4206.302,130.319,4336.621,of,silas-marner,1,,server-1,187,0,0,,,
cache-off-warm500,70,2,6.3571,4206.694,146.773,4353.467,was,the-american,1,,server-1,187,0,0,,,
cache-off-warm500,70,2,6.3714,4194.266,63.784,4258.050,he,the-wind-in-the-willows,1,,server-1,187,0,0,,,
cache-off-warm500,70,2,6.3857,4185.167,184.015,4369.182,london,grimms-fairy-tales,1,,server-1,188,0,0,,,
cache-off-warm500,70,2,6.4000,4226.654,114.444,4341.098,she,the-innocents-abroad,1,,server-1,189,0,0,,,
cache-off-warm500,70,2,6.4143,4293.022,240.160,4533.182,castle,the-vicomte-de-bragelonne,1,,server-1,188,0,0,,,
cache-off-warm500,70,2,6.4286,4275.749,71.289,4347.038,castle,grimms-fairy-tales,1,,server-1,187,0,0,,,
cache-off-warm500,70,2,6.4429,4268.101,240.378,4508.479,london,the-american,1,,server-1,188,0,0,,,
cache-off-warm500,70,2,6.4571,4283.981,175.486,4459.467,of,the-kama-sutra-of-vatsyayana,1,,server-1,189,0,0,,,
cache-off-warm500,70,2,6.4714,4301.796,84.080,4385.876,london,the-tenant-of-wildfell-hall,1,,server-1,190,0,0,,,
cache-off-warm500,70,2,6.4857,4290.665,83.890,4374.555,castle,the-song-of-the-lark,1,,server-1,190,0,0,,,
cache-off-warm500,70,2,6.5000,4280.525,264.992,4545.518,the,dubliners,1,,server-1,191,0,0,,,
cache-off-warm500,70,2,6.5143,4267.457,213.552,4481.009,heart,white-fang,1,,server-1,192,0,0,,,
cache-off-warm500,70,2,6.5286,4252.833,138.106,4390.939,king,the-vicomte-de-bragelonne,1,,server-1,192,0,0,,,
cache-off-warm500,70,2,6.5429,4294.837,196.159,4490.996,death,the-moonstone,1,,server-1,193,0,0,,,
cache-off-warm500,70,2,6.5571,4305.237,135.554,4440.791,horse,the-last-of-the-mohicans-a-narrative-of-1757-27681,1,,server-1,194,0,0,,,
cache-off-warm500,70,2,6.5714,4315.616,179.902,4495.518,night,frankenstein-or-the-modern-prometheus-41445,1,,server-1,193,0,0,,,
cache-off-warm500,70,2,6.5857,4362.196,260.620,4622.816,and,a-princess-of-mars,1,,server-1,193,0,0,,,
cache-off-warm500,70,2,6.6000,4347.830,179.601,4527.431,letter,the-age-of-innocence,1,,server-1,194,0,0,,,
cache-off-warm500,70,2,6.6143,4379.140,131.446,4510.586,she,the-hound-of-the-baskervilles-3070,1,,server-1,192,0,0,,,
cache-off-warm500,70,2,6.6286,4413.055,119.357,4532.413,she,autobiography-of-benjamin-franklin,1,,server-1,193,0,0,,,
cache-off-warm500,70,2,6.6429,4402.406,213.768,4616.174,she,the-american,1,,server-1,194,0,0,,,
cache-off-warm500,70,2,6.6571,4410.266,195.188,4605.454,king,the-last-of-the-mohicans-a-narrative-of-1757,1,,server-1,194,0,0,,,
cache-off-warm500,70,2,6.6714,4396.078,141.389,4537.467,love,the-romance-of-lust-a-classic-victorian-erotic-novel,1,,server-1,193,0,0,,,
cache-off-warm500,70,2,6.6857,4523.752,50.753,4574.505,love,the-king-in-yellow,1,,server-1,192,0,0,,,
cache-off-warm500,70,2,6.7000,4513.112,198.615,4711.727,night,the-last-of-the-mohicans-a-narrative-of-1757-27681,1,,server-1,193,0,0,,,
cache-off-warm500,70,2,6.7143,4514.230,52.551,4566.781,and,adventures-of-huckleberry-finn,1,,server-1,194,0,0,,,
cache-off-warm500,70,2,6.7286,4534.979,78.082,4613.061,heart,the-memoirs-of-sherlock-holmes,1,,server-1,195,0,0,,,
cache-off-warm500,70,2,6.7429,4521.656,80.153,4601.809,you,the-jungle,1,,server-1,196,0,0,,,
cache-off-warm500,70,2,6.7571,4603.733,211.589,4815.322,letter,the-wind-in-the-willows,1,,server-1,195,0,0,,,
cache-off-warm500,70,2,6.7714,4494.104,94.729,4588.833,london,the-return-of-sherlock-holmes-108,1,,server-1,196,0,0,,,
cache-off-warm500,70,2,6.7857,4575.771,156.836,4732.606,the,a-tale-of-two-cities,1,,server-1,197,0,0,,,
cache-off-warm500,70,2,6.8000,4561.170,70.903,4632.074,horse,the-hound-of-the-baskervilles-3070,1,,server-1,196,0,0,,,
cache-off-warm500,70,2,6.8143,4546.799,40.792,4587.591,and,desert-gold,1,,server-1,197,0,0,,,
cache-off-warm500,70,2,6.8286,4533.836,116.326,4650.162,letter,the-vicomte-de-bragelonne,1,,server-1,198,0,0,,,
cache-off-warm500,70,2,6.8429,4520.969,157.894,4678.863,of,the-iliad-2199,1,,server-1,199,0,0,,,
cache-off-warm500,70,2,6.8571,4575.939,109.457,4685.395,the,twenty-thousand-leagues-under-the-sea,1,,server-1,200,0,0,,,
cache-off-warm500,70,2,6.8714,4571.360,210.243,4781.603,of,the-hound-of-the-baskervilles-3070,1,,server-1,197,0,0,,,
cache-off-warm500,70,2,6.8857,4638.197,187.344,4825.540,and,a-princess-of-mars,1,,server-1,198,0,0,,,
cache-off-warm500,70,2,6.9000,4641.389,89.623,4731.012,and,persuasion,1,,server-1,199,0,0,,,
cache-off-warm500,70,2,6.9143,4566.470,127.352,4693.823,heart,the-war-of-the-worlds,1,,server-1,200,0,0,,,
cache-off-warm500,70,2,6.9286,4590.721,49.538,4640.259,whale,walden-and-on-the-duty-of-civil-disobedience,1,,server-1,201,0,0,,,
cache-off-warm500,70,2,6.9429,4576.056,88.296,4664.352,the,the-lost-world,1,,server-1,202,0,0,,,
cache-off-warm500,70,2,6.9571,4582.021,170.892,4752.913,horse,the-age-of-innocence,1,,server-1,202,0,0,,,
cache-off-warm500,70,2,6.9714,4682.510,87.227,4769.737,money,the-iliad-2199,1,,server-1,203,0,0,,,
cache-off-warm500,70,2,6.9857,4759.644,148.106,4907.749,and,the-prince,1,,server-1,204,0,0,,,
cache-off-warm500,70,2,7.0000,4706.757,34.994,4741.751,love,the-hound-of-the-baskervilles-3070,1,,server-1,205,0,0,,,
cache-off-warm500,70,2,7.0143,4693.601,69.269,4762.869,love,leaves-of-grass,1,,server-1,206,0,0,,,
cache-off-warm500,70,2,7.0286,4685.580,101.627,4787.207,love,a-tale-of-two-cities,1,,server-1,207,0,0,,,
cache-off-warm500,70,2,7.0429,4702.974,93.327,4796.302,you,the-adventures-of-ferdinand-count-fathom-complete,1,,server-1,207,0,0,,,
cache-off-warm500,70,2,7.0571,4688.588,243.866,4932.454,was,grimms-fairy-tales,1,,server-1,208,0,0,,,
cache-off-warm500,70,2,7.0714,4706.088,71.396,4777.484,you,silas-marner,1,,server-1,209,0,0,,,
cache-off-warm500,70,2,7.0857,4730.797,175.491,4906.288,and,the-adventures-of-ferdinand-count-fathom-complete,1,,server-1,210,0,0,,,
cache-off-warm500,70,2,7.1000,4750.827,137.859,4888.686,house,frankenstein-or-the-modern-prometheus-41445,1,,server-1,211,0,0,,,
cache-off-warm500,70,2,7.1143,4733.033,141.466,4874.498,house,the-wind-in-the-willows,1,,server-1,209,0,0,,,
cache-off-warm500,70,2,7.1286,4761.720,113.753,4875.473,sea,his-last-bow,1,,server-1,210,0,0,,,
cache-off-warm500,70,2,7.1429,4761.458,212.340,4973.799,house,washington-square,1,,server-1,208,0,0,,,
cache-off-warm500,70,2,7.1571,4824.772,211.454,5036.226,king,a-journey-to-the-centre-of-the-earth,1,,server-1,209,0,0,,,
cache-off-warm500,70,2,7.1714,4818.230,132.647,4950.877,you,hard-times,1,,server-1,210,0,0,,,
cache-off-warm500,70,2,7.1857,4805.283,121.013,4926.297,house,northanger-abbey,1,,server-1,207,0,0,,,
cache-off-warm500,70,2,7.2000,4791.328,35.673,4827.001,she,pride-and-prejudice,1,,server-1,208,0,0,,,
cache-off-warm500,70,2,7.2143,4791.859,256.378,5048.237,was,the-works-of-edgar-allan-poe-volume-2,1,,server-1,209,0,0,,,
cache-off-warm500,70,2,7.2286,4778.523,314.432,5092.956,you,the-odyssey,1,,server-1,209,0,0,,,
cache-off-warm500,70,2,7.2429,4762.733,108.227,4870.960,night,the-return-of-sherlock-holmes,1,,server-1,209,0,0,,,
cache-off-warm500,70,2,7.2571,4770.712,167.712,4938.424,of,the-great-gatsby,1,,server-1,210,0,0,,,
cache-off-warm500,70,2,7.2714,4851.229,144.338,4995.567,of,the-jungle,1,,server-1,211,0,0,,,
cache-off-warm500,70,2,7.2857,4768.995,319.474,5088.470,death,north-and-south,1,,server-1,207,0,0,,,
cache-off-warm500,70,2,7.3000,4827.620,239.583,5067.203,the,around-the-world-in-eighty-days,1,,server-1,207,0,0,,,
cache-off-warm500,70,2,7.3143,4822.784,233.357,5056.142,money,the-last-of-the-mohicans-a-narrative-of-1757-27681,1,,server-1,208,0,0,,,
cache-off-warm500,70,2,7.3286,4795.186,200.809,4995.995,money,the-scarlet-letter,1,,server-1,209,0,0,,,
cache-off-warm500,70,2,7.3429,4784.223,190.940,4975.163,house,the-return-of-sherlock-holmes-108,1,,server-1,209,0,0,,,
cache-off-warm500,70,2,7.3571,4909.164,228.707,5137.870,london,leaves-of-grass,1,,server-1,210,0,0,,,
cache-off-warm500,70,2,7.3714,4950.749,64.757,5015.506,and,the-kama-sutra-of-vatsyayana,1,,server-1,210,0,0,,,
cache-off-warm500,70,2,7.3857,4939.008,166.654,5105.662,death,the-innocents-abroad,1,,server-1,211,0,0,,,
cache-off-warm500,70,2,7.4000,4990.686,158.713,5149.399,was,the-last-of-the-mohicans-a-narrative-of-1757,1,,server-1,212,0,0,,,
cache-off-warm500,70,2,7.4143,4953.570,133.243,5086.813,the,the-vicomte-de-bragelonne,1,,server-1,213,0,0,,,
cache-off-warm500,70,2,7.4286,4987.716,96.160,5083.875,house,the-king-in-yellow,1,,server-1,213,0,0,,,
cache-off-warm500,70,2,7.4429,4972.163,138.092,5110.255,heart,sense-and-sensibility,1,,server-1,214,0,0,,,
cache-off-warm500,70,2,7.4571,5029.614,98.861,5128.475,king,north-and-south,1,,server-1,215,0,0,,,
cache-off-warm500,70,2,7.4714,5028.736,106.879,5135.615,sea,madame-bovary,1,,server-1,213,0,0,,,
cache-off-warm500,70,2,7.4857,5024.413,78.442,5102.855,london,a-princess-of-mars,1,,server-1,212,0,0,,,
cache-off-warm500,70,2,7.5000,5088.830,93.891,5182.721,death,autobiography-of-benjamin-franklin,1,,server-1,213,0,0,,,
cache-off-warm500,70,2,7.5143,5072.682,66.702,5139.384,house,the-return-of-sherlock-holmes-108,1,,server-1,214,0,0,,,
cache-off-warm500,70,2,7.5286,5061.274,66.603,5127.877,sea,a-tale-of-two-cities,1,,server-1,214,0,0,,,
cache-off-warm500,70,2,7.5429,5046.299,30.019,5076.319,london,persuasion,1,,server-1,215,0,0,,,
cache-off-warm500,70,2,7.5571,5100.898,73.720,5174.618,the,the-war-of-the-worlds,1,,server-1,214,0,0,,,
cache-off-warm500,70,2,7.5714,5085.274,55.524,5140.797,king,the-portrait-of-a-lady-volume-1,1,,server-1,215,0,0,,,
cache-off-warm500,70,2,7.5857,5074.891,69.891,5144.781,castle,dubliners,1,,server-1,216,0,0,,,
cache-off-warm500,70,2,7.6000,5061.060,86.016,5147.077,night,the-secret-garden,1,,server-1,217,0,0,,,
cache-off-warm500,70,2,7.6143,5133.221,112.572,5245.793,and,autobiography-of-benjamin-franklin,1,,server-1,217,0,0,,,
cache-off-warm500,70,2,7.6286,5117.465,15.026,5132.491,house,the-jungle-book,1,,server-1,218,0,0,,,
cache-off-warm500,70,2,7.6429,5103.169,56.999,5160.168,king,the-song-of-the-lark,1,,server-1,218,0,0,,,
cache-off-warm500,70,2,7.6571,5091.428,116.983,5208.411,love,emma,1,,server-1,219,0,0,,,
cache-off-warm500,70,2,7.6714,5078.798,111.880,5190.678,letter,the-house-of-mirth,1,,server-1,220,0,0,,,
cache-off-warm500,70,2,7.6857,5114.892,150.191,5265.083,money,oliver-twist,1,,server-1,220,0,0,,,
cache-off-warm500,70,2,7.7000,5121.338,128.092,5249.430,you,tess-of-the-d-urbervilles-a-pure-woman,1,,server-1,220,0,0,,,
cache-off-warm500,70,2,7.7143,5108.031,127.908,5235.939,night,the-jungle,1,,server-1,220,0,0,,,
cache-off-warm500,70,2,7.7286,5113.976,195.516,5309.491,whale,the-adventures-of-ferdinand-count-fathom-complete,1,,server-1,221,0,0,,,
cache-off-warm500,70,2,7.7429,5123.056,106.235,5229.291,money,grimms-fairy-tales,1,,server-1,222,0,0,,,
cache-off-warm500,70,2,7.7571,5110.561,144.003,5254.563,night,the-house-of-mirth,1,,server-1,221,0,0,,,
cache-off-warm500,70,2,7.7714,5208.927,187.810,5396.737,heart,sense-and-sensibility,1,,server-1,222,0,0,,,
cache-off-warm500,70,2,7.7857,5187.698,137.855,5325.553,the,myths-and-legends-of-ancient-greece-and-rome,1,,server-1,223,0,0,,,
cache-off-warm500,70,2,7.8000,5172.795,141.562,5314.358,she,a-journey-to-the-centre-of-the-earth,1,,server-1,224,0,0,,,
cache-off-warm500,70,2,7.8143,5168.456,72.312,5240.768,he,the-adventures-of-sherlock-holmes,1,,server-1,225,0,0,,,
cache-off-warm500,70,2,7.8286,5183.975,58.828,5242.803,love,washington-square,1,,server-1,226,0,0,,,
cache-off-warm500,70,2,7.8429,5169.515,135.915,5305.430,she,the-great-gatsby,1,,server-1,227,0,0,,,
cache-off-warm500,70,2,7.8571,5180.767,103.099,5283.866,money,herland,1,,server-1,228,0,0,,,
cache-off-warm500,70,2,7.8714,5183.960,124.949,5308.909,king,autobiography-of-benjamin-franklin,1,,server-1,229,0,0,,,
cache-off-warm500,70,2,7.8857,5186.614,400.223,5586.838,and,the-adventures-of-ferdinand-count-fathom-complete,1,,server-1,226,0,0,,,
cache-off-warm500,70,2,7.9000,5246.012,174.511,5420.524,london,silas-marner,1,,server-1,227,0,0,,,
cache-off-warm500,70,2,7.9143,5212.358,69.005,5281.363,night,the-mysterious-affair-at-styles,1,,server-1,227,0,0,,,
cache-off-warm500,70,2,7.9286,5197.676,101.358,5299.034,he,the-iliad-2199,1,,server-1,228,0,0,,,
cache-off-warm500,70,2,7.9429,5204.064,231.338,5435.402,night,the-mystery-of-edwin-drood,1,,server-1,226,0,0,,,
cache-off-warm500,70,2,7.9571,5223.484,165.006,5388.489,of,the-last-of-the-mohicans-a-narrative-of-1757-27681,1,,server-1,227,0,0,,,
cache-off-warm500,70,2,7.9714,5210.252,137.398,5347.650,castle,a-journey-to-the-centre-of-the-earth,1,,server-1,227,0,0,,,
cache-off-warm500,70,2,7.9857,5198.679,80.872,5279.551,the,the-house-of-the-seven-gables,1,,server-1,228,0,0,,,
cache-off-warm500,70,2,8.0000,5221.455,247.432,5468.887,whale,far-from-the-madding-crowd,1,,server-1,229,0,0,,,
cache-off-warm500,70,2,8.0143,5305.124,160.261,5465.386,you,the-last-of-the-mohicans-a-narrative-of-1757-27681,1,,server-1,230,0,0,,,
cache-off-warm500,70,2,8.0286,5237.067,209.268,5446.335,house,the-last-of-the-mohicans-a-narrative-of-1757-27681,1,,server-1,230,0,0,,,
cache-off-warm500,70,2,8.0429,5290.925,184.342,5475.268,whale,the-secret-garden-17396,1,,server-1,230,0,0,,,
cache-off-warm500,70,2,8.0571,5412.122,80.772,5492.894,castle,northanger-abbey,1,,server-1,231,0,0,,,
cache-off-warm500,70,2,8.0714,5438.228,66.534,5504.762,death,silas-marner,1,,server-1,232,0,0,,,
cache-off-warm500,70,2,8.0857,5466.978,40.246,5507.224,london,frankenstein-or-the-modern-prometheus-41445,1,,server-1,233,0,0,,,
cache-off-warm500,70,2,8.1000,5491.574,108.814,5600.388,horse,the-secret-adversary,1,,server-1,233,0,0,,,
cache-off-warm500,70,2,8.1143,5459.644,61.463,5521.108,she,myths-and-legends-of-ancient-greece-and-rome,1,,server-1,234,0,0,,,
cache-off-warm500,70,2,8.1286,5448.681,102.091,5550.773,of,the-adventures-of-tom-sawyer-complete,1,,server-1,235,0,0,,,
cache-off-warm500,70,2,8.1429,5451.785,125.275,5577.060,heart,the-american,1,,server-1,236,0,0,,,
cache-off-warm500,70,2,8.1571,5421.102,106.178,5527.280,money,dracula,1,,server-1,236,0,0,,,
cache-off-warm500,70,2,8.1714,5425.102,150.325,5575.428,of,the-first-men-in-the-moon,1,,server-1,234,0,0,,,
cache-off-warm500,70,2,8.1857,5410.358,147.110,5557.468,whale,herland,1,,server-1,235,0,0,,,
cache-off-warm500,70,2,8.2000,5484.545,106.084,5590.629,london,the-last-of-the-mohicans-a-narrative-of-1757,1,,server-1,233,0,0,,,
cache-off-warm500,70,2,8.2143,5422.105,210.822,5632.927,money,white-fang,1,,server-1,234,0,0,,,
cache-off-warm500,70,2,8.2286,5453.210,247.528,5700.738,sea,the-house-of-mirth,1,,server-1,234,0,0,,,
cache-off-warm500,70,2,8.2429,5442.631,162.550,5605.181,horse,persuasion,1,,server-1,235,0,0,,,
cache-off-warm500,70,2,8.2571,5428.044,121.605,5549.649,castle,far-from-the-madding-crowd,1,,server-1,235,0,0,,,
cache-off-warm500,70,2,8.2714,5477.297,178.081,5655.379,love,the-song-of-the-lark,1,,server-1,236,0,0,,,
cache-off-warm500,70,2,8.2857,5436.815,157.297,5594.112,london,hard-times,1,,server-1,237,0,0,,,
cache-off-warm500,70,2,8.3000,5423.195,122.183,5545.378,house,the-mysterious-affair-at-styles,1,,server-1,236,0,0,,,
cache-off-warm500,70,2,8.3143,5409.024,102.226,5511.249,sea,the-lost-world,1,,server-1,237,0,0,,,
cache-off-warm500,70,2,8.3286,5415.226,132.437,5547.663,of,hard-times,1,,server-1,238,0,0,,,
cache-off-warm500,70,2,8.3429,5534.191,120.982,5655.173,letter,a-princess-of-mars,1,,server-1,238,0,0,,,
cache-off-warm500,70,2,8.3571,5503.382,85.014,5588.396,you,the-first-men-in-the-moon,1,,server-1,239,0,0,,,
cache-off-warm500,70,2,8.3714,5558.022,71.326,5629.349,death,the-hound-of-the-baskervilles,1,,server-1,238,0,0,,,
cache-off-warm500,70,2,8.3857,5544.643,39.633,5584.276,love,the-warden,1,,server-1,239,0,0,,,
cache-off-warm500,70,2,8.4000,5570.296,218.151,5788.448,of,cranford,1,,server-1,240,0,0,,,
cache-off-warm500,70,2,8.4143,5586.593,105.181,5691.774,london,the-jungle-book,1,,server-1,241,0,0,,,
cache-off-warm500,70,2,8.4286,5550.270,63.751,5614.021,king,a-tale-of-two-cities,1,,server-1,242,0,0,,,
cache-off-warm500,70,2,8.4429,5560.935,185.136,5746.071,money,the-lost-world,1,,server-1,242,0,0,,,
cache-off-warm500,70,2,8.4571,5548.525,79.609,5628.134,the,black-beauty,1,,server-1,241,0,0,,,
cache-off-warm500,70,2,8.4714,5535.103,182.787,5717.890,heart,the-moonstone,1,,server-1,242,0,0,,,
cache-off-warm500,70,2,8.4857,5656.942,155.509,5812.451,of,treasure-island,1,,server-1,241,0,0,,,
cache-off-warm500,70,2,8.5000,5545.600,328.982,5874.582,he,the-secret-garden,1,,server-1,242,0,0,,,
cache-off-warm500,70,2,8.5143,5530.448,148.548,5678.996,letter,the-song-of-the-lark,1,,server-1,242,0,0,,,
cache-off-warm500,70,2,8.5286,5518.538,184.447,5702.985,house,walden-and-on-the-duty-of-civil-disobedience,1,,server-1,243,0,0,,,
cache-off-warm500,70,2,8.5429,5562.875,141.103,5703.977,the,the-wind-in-the-willows,1,,server-1,244,0,0,,,
cache-off-warm500,70,2,8.5571,5549.482,279.958,5829.441,love,the-romance-of-lust-a-classic-victorian-erotic-novel,1,,server-1,245,0,0,,,
cache-off-warm500,70,2,8.5714,5617.212,26.097,5643.309,and,the-war-of-the-worlds,1,,server-1,245,0,0,,,
cache-off-warm500,70,2,8.5857,5627.268,149.147,5776.414,death,the-hound-of-the-baskervilles-3070,1,,server-1,244,0,0,,,
cache-off-warm500,70,2,8.6000,5629.587,153.261,5782.847,of,a-tale-of-two-cities,1,,server-1,244,0,0,,,
cache-off-warm500,70,2,8.6143,5748.587,178.042,5926.629,sea,the-american,1,,server-1,243,0,0,,,
cache-off-warm500,70,2,8.6286,5627.861,230.851,5858.712,castle,a-tale-of-two-cities,1,,server-1,244,0,0,,,
cache-off-warm500,70,2,8.6429,5612.913,255.331,5868.244,house,the-moonstone,1,,server-1,245,0,0,,,
cache-off-warm500,70,2,8.6571,5735.137,142.501,5877.638,was,the-last-of-the-mohicans-a-narrative-of-1757-27681,1,,server-1,246,0,0,,,
cache-off-warm500,70,2,8.6714,5728.365,283.110,6011.475,london,the-return-of-sherlock-holmes-108,1,,server-1,246,0,0,,,
cache-off-warm500,70,2,8.6857,5712.931,247.006,5959.937,the,the-adventures-of-tom-sawyer-complete,1,,server-1,245,0,0,,,
cache-off-warm500,70,2,8.7000,5710.360,228.226,5938.586,you,wuthering-heights,1,,server-1,246,0,0,,,
cache-off-warm500,70,2,8.7143,5831.205,150.020,5981.224,horse,herland,1,,server-1,245,0,0,,,
cache-off-warm500,70,2,8.7286,5815.117,223.585,6038.702,horse,tess-of-the-d-urbervilles-a-pure-woman,1,,server-1,245,0,0,,,
cache-off-warm500,70,2,8.7429,5807.762,167.685,5975.447,of,the-adventures-of-tom-sawyer-complete,1,,server-1,246,0,0,,,
cache-off-warm500,70,2,8.7571,5879.451,127.706,6007.156,the,the-first-men-in-the-moon,1,,server-1,245,0,0,,,
cache-off-warm500,70,2,8.7714,5843.880,70.045,5913.924,horse,leaves-of-grass,1,,server-1,246,0,0,,,
cache-off-warm500,70,2,8.7857,5861.721,182.206,6043.927,of,memoirs-of-fanny-hill,1,,server-1,247,0,0,,,
cache-off-warm500,70,2,8.8000,5848.021,213.060,6061.081,sea,the-romance-of-lust-a-classic-victorian-erotic-novel,1,,server-1,248,0,0,,,
cache-off-warm500,70,2,8.8143,5872.895,126.469,5999.364,heart,the-tenant-of-wildfell-hall,1,,server-1,249,0,0,,,
cache-off-warm500,70,2,8.8286,5896.518,151.490,6048.008,horse,desert-gold,1,,server-1,250,0,0,,,
cache-off-warm500,70,2,8.8429,5925.798,92.292,6018.090,money,jude-the-obscure,1,,server-1,251,0,0,,,
cache-off-warm500,70,2,8.8571,5911.852,225.741,6137.594,whale,the-american,1,,server-1,250,0,0,,,
cache-off-warm500,70,2,8.8714,6007.614,115.955,6123.569,she,the-secret-adversary,1,,server-1,251,0,0,,,
cache-off-warm500,70,2,8.8857,5991.443,84.075,6075.518,death,the-song-of-the-lark,1,,server-1,252,0,0,,,
cache-off-warm500,70,2,8.9000,5977.401,57.054,6034.455,you,desperate-remedies,1,,server-1,252,0,0,,,
cache-off-warm500,70,2,8.9143,5964.594,133.832,6098.426,london,memoirs-of-fanny-hill,1,,server-1,253,0,0,,,
cache-off-warm500,70,2,8.9286,6006.650,77.298,6083.948,and,the-scarlet-letter-33,1,,server-1,254,0,0,,,
cache-off-warm500,70,2,8.9429,6017.388,65.969,6083.357,the,the-picture-of-dorian-gray,1,,server-1,255,0,0,,,
cache-off-warm500,70,2,8.9571,6013.059,88.609,6101.668,letter,the-mysterious-island,1,,server-1,254,0,0,,,
cache-off-warm500,70,2,8.9714,6055.285,45.617,6100.902,death,the-hound-of-the-baskervilles,1,,server-1,251,0,0,,,
cache-off-warm500,70,2,8.9857,6040.773,94.729,6135.501,love,the-adventures-of-sherlock-holmes,1,,server-1,252,0,0,,,
cache-off-warm500,70,2,9.0000,6061.032,97.307,6158.339,love,the-secret-garden,1,,server-1,253,0,0,,,
cache-off-warm500,70,2,9.0143,6048.565,75.776,6124.342,money,the-king-in-yellow,1,,server-1,254,0,0,,,
cache-off-warm500,70,2,9.0286,6031.090,41.327,6072.416,he,the-war-of-the-worlds,1,,server-1,255,0,0,,,
cache-off-warm500,70,2,9.0429,6017.103,39.537,6056.640,of,frankenstein-or-the-modern-prometheus,1,,server-1,256,0,0,,,
cache-off-warm500,70,2,9.0571,6044.270,74.387,6118.657,death,memoirs-of-fanny-hill,1,,server-1,257,0,0,,,
cache-off-warm500,70,2,9.0714,6082.176,77.686,6159.862,letter,mary-barton,1,,server-1,257,0,0,,,
cache-off-warm500,70,2,9.0857,6067.689,121.249,6188.938,of,adventures-of-huckleberry-finn,1,,server-1,256,0,0,,,
cache-off-warm500,70,2,9.1000,6076.217,31.381,6107.597,whale,desperate-remedies,1,,server-1,255,0,0,,,
cache-off-warm500,70,2,9.1143,6062.291,124.070,6186.362,death,mary-barton,1,,server-1,256,0,0,,,
cache-off-warm500,70,2,9.1286,6052.215,73.760,6125.974,and,jane-eyre-an-autobiography,1,,server-1,257,0,0,,,
cache-off-warm500,70,2,9.1429,6155.650,50.424,6206.073,death,jude-the-obscure,1,,server-1,258,0,0,,,
cache-off-warm500,70,2,9.1571,6140.939,23.957,6164.896,you,the-king-in-yellow,1,,server-1,258,0,0,,,
cache-off-warm500,70,2,9.1714,6130.012,141.182,6271.194,horse,the-scarlet-letter,1,,server-1,258,0,0,,,
cache-off-warm500,70,2,9.1857,6116.159,56.623,6172.782,death,the-hound-of-the-baskervilles-3070,1,,server-1,259,0,0,,,
cache-off-warm500,70,2,9.2000,6102.128,100.684,6202.812,was,the-moonstone,1,,server-1,260,0,0,,,
cache-off-warm500,70,2,9.2143,6105.624,139.506,6245.130,london,villette,1,,server-1,258,0,0,,,
cache-off-warm500,70,2,9.2286,6077.649,239.655,6317.304,and,the-iliad,1,,server-1,257,0,0,,,
cache-off-warm500,70,2,9.2429,6196.660,185.196,6381.856,he,villette,1,,server-1,258,0,0,,,
cache-off-warm500,70,2,9.2571,6101.678,104.692,6206.370,was,the-memoirs-of-sherlock-holmes,1,,server-1,258,0,0,,,
cache-off-warm500,70,2,9.2714,6132.637,90.803,6223.440,sea,hard-times,1,,server-1,259,0,0,,,
cache-off-warm500,70,2,9.2857,6176.591,174.676,6351.267,she,cranford,1,,server-1,260,0,0,,,
cache-off-warm500,70,2,9.3000,6162.787,171.852,6334.639,heart,little-women,1,,server-1,260,0,0,,,
cache-off-warm500,70,2,9.3143,6148.982,105.760,6254.742,king,the-jungle,1,,server-1,261,0,0,,,
cache-off-warm500,70,2,9.3286,6213.384,253.737,6467.120,money,mary-barton,1,,server-1,262,0,0,,,
cache-off-warm500,70,2,9.3429,6222.840,90.227,6313.067,letter,sense-and-sensibility,1,,server-1,263,0,0,,,
cache-off-warm500,70,2,9.3571,6208.736,117.345,6326.081,whale,little-women,1,,server-1,263,0,0,,,
cache-off-warm500,70,2,9.3714,6226.885,114.544,6341.429,night,anne-of-green-gables,1,,server-1,264,0,0,,,
cache-off-warm500,70,2,9.3857,6238.854,139.926,6378.780,she,far-from-the-madding-crowd,1,,server-1,265,0,0,,,
cache-off-warm500,70,2,9.4000,6279.276,52.442,6331.718,house,the-first-men-in-the-moon,1,,server-1,266,0,0,,,
cache-off-warm500,70,2,9.4143,6307.907,87.462,6395.369,king,kidnapped,1,,server-1,267,0,0,,,
cache-off-warm500,70,2,9.4286,6364.644,81.125,6445.769,night,desert-gold,1,,server-1,267,0,0,,,
cache-off-warm500,70,2,9.4429,6354.893,62.579,6417.472,whale,hard-times,1,,server-1,265,0,0,,,
cache-off-warm500,70,2,9.4571,6350.822,48.302,6399.124,house,far-from-the-madding-crowd,1,,server-1,266,0,0,,,
cache-off-warm500,70,2,9.4714,6338.808,88.147,6426.955,death,oliver-twist,1,,server-1,267,0,0,,,
cache-off-warm500,70,2,9.4857,6349.206,84.747,6433.953,night,the-house-of-mirth,1,,server-1,268,0,0,,,
cache-off-warm500,70,2,9.5000,6372.105,108.156,6480.261,whale,the-romance-of-lust-a-classic-victorian-erotic-novel,1,,server-1,266,0,0,,,
cache-off-warm500,70,2,9.5143,6360.784,52.281,6413.064,and,the-mysterious-affair-at-styles,1,,server-1,267,0,0,,,
cache-off-warm500,70,2,9.5286,6391.334,26.737,6418.071,house,the-memoirs-of-sherlock-holmes,1,,server-1,268,0,0,,,
cache-off-warm500,70,2,9.5429,6385.145,146.525,6531.670,love,his-last-bow,1,,server-1,269,0,0,,,
cache-off-warm500,70,2,9.5571,6388.336,133.667,6522.003,he,the-scarlet-letter-33,1,,server-1,270,0,0,,,
cache-off-warm500,70,2,9.5714,6375.509,84.701,6460.210,whale,thus-spake-zarathustra-a-book-for-all-and-none,1,,server-1,270,0,0,,,
cache-off-warm500,70,2,9.5857,6394.845,25.944,6420.789,whale,a-tale-of-two-cities,1,,server-1,271,0,0,,,
cache-off-warm500,70,2,9.6000,6381.844,98.344,6480.188,night,tess-of-the-d-urbervilles-a-pure-woman,1,,server-1,272,0,0,,,
cache-off-warm500,70,2,9.6143,6371.680,165.128,6536.808,horse,kidnapped,1,,server-1,273,0,0,,,
cache-off-warm500,70,2,9.6286,6357.045,163.080,6520.125,letter,little-women,1,,server-1,271,0,0,,,
cache-off-warm500,70,2,9.6429,6342.271,209.517,6551.788,whale,the-scarlet-letter,1,,server-1,272,0,0,,,
cache-off-warm500,70,2,9.6571,6364.413,78.662,6443.075,was,leaves-of-grass,1,,server-1,271,0,0,,,
cache-off-warm500,70,2,9.6714,6406.913,164.395,6571.308,night,the-american,1,,server-1,271,0,0,,,
cache-off-warm500,70,2,9.6857,6415.340,166.677,6582.017,money,dracula,1,,server-1,272,0,0,,,
cache-off-warm500,70,2,9.7000,6400.801,116.877,6517.678,death,the-king-in-yellow,1,,server-1,273,0,0,,,
cache-off-warm500,70,2,9.7143,6387.325,105.985,6493.310,letter,the-adventures-of-tom-sawyer-complete,1,,server-1,274,0,0,,,
cache-off-warm500,70,2,9.7286,6539.912,152.045,6691.957,death,the-vicomte-de-bragelonne,1,,server-1,273,0,0,,,
cache-off-warm500,70,2,9.7429,6526.187,36.932,6563.119,sea,the-scarlet-letter,1,,server-1,272,0,0,,,
cache-off-warm500,70,2,9.7571,6512.418,116.751,6629.168,castle,thus-spake-zarathustra-a-book-for-all-and-none,1,,server-1,273,0,0,,,
cache-off-warm500,70,2,9.7714,6497.606,25.317,6522.923,love,the-iliad-2199,1,,server-1,274,0,0,,,
cache-off-warm500,70,2,9.7857,6484.001,191.038,6675.039,money,adventures-of-huckleberry-finn,1,,server-1,275,0,0,,,
cache-off-warm500,70,2,9.8000,6470.890,89.147,6560.037,heart,the-wind-in-the-willows,1,,server-1,276,0,0,,,
cache-off-warm500,70,2,9.8143,6457.524,145.756,6603.280,was,frankenstein-or-the-modern-prometheus-41445,1,,server-1,277,0,0,,,
cache-off-warm500,70,2,9.8286,6475.794,78.804,6554.598,sea,emma,1,,server-1,278,0,0,,,
cache-off-warm500,70,2,9.8429,6467.210,330.734,6797.944,night,grimms-fairy-tales,1,,server-1,278,0,0,,,
cache-off-warm500,70,2,9.8571,6452.890,134.191,6587.081,castle,north-and-south,1,,server-1,279,0,0,,,
cache-off-warm500,70,2,9.8714,6570.541,78.917,6649.458,castle,far-from-the-madding-crowd,1,,server-1,280,0,0,,,
cache-off-warm500,70,2,9.8857,6531.568,143.345,6674.913,was,agnes-grey,1,,server-1,281,0,0,,,
cache-off-warm500,70,2,9.9000,6486.635,295.267,6781.902,was,mansfield-park,1,,server-1,282,0,0,,,
cache-off-warm500,70,2,9.9143,6530.548,70.919,6601.467,and,walden-and-on-the-duty-of-civil-disobedience,1,,server-1,283,0,0,,,
cache-off-warm500,70,2,9.9286,6515.878,80.779,6596.657,love,frankenstein-or-the-modern-prometheus-41445,1,,server-1,282,0,0,,,
cache-off-warm500,70,2,9.9429,6522.342,284.795,6807.138,letter,mansfield-park,1,,server-1,283,0,0,,,
cache-off-warm500,70,2,9.9571,6571.581,88.821,6660.402,heart,the-wind-in-the-willows,1,,server-1,284,0,0,,,
cache-off-warm500,70,2,9.9714,6589.946,117.349,6707.296,castle,the-return-of-sherlock-holmes,1,,server-1,284,0,0,,,
cache-off-warm500,70,2,9.9857,6580.972,207.591,6788.563,money,little-women,1,,server-1,284,0,0,,,
cache-off-warm500,70,2,10.0000,6570.974,176.686,6747.660,love,the-iliad-2199,1,,server-1,285,0,0,,,
cache-off-warm500,70,2,10.0143,6608.600,316.997,6925.597,whale,the-adventures-of-sherlock-holmes,1,,server-1,286,0,0,,,
cache-off-warm500,70,2,10.0286,6614.598,200.399,6814.996,heart,around-the-world-in-eighty-days,1,,server-1,287,0,0,,,
cache-off-warm500,70,2,10.0429,6669.070,248.379,6917.450,king,a-journey-to-the-centre-of-the-earth,1,,server-1,288,0,0,,,
cache-off-warm500,70,2,10.0571,6583.766,316.832,6900.598,money,the-mystery-of-edwin-drood,1,,server-1,287,0,0,,,
cache-off-warm500,70,2,10.0714,6704.454,201.972,6906.426,horse,the-house-of-the-seven-gables,1,,server-1,283,0,0,,,
cache-off-warm500,70,2,10.0857,6682.551,49.059,6731.609,was,the-scarlet-letter-33,1,,server-1,284,0,0,,,
cache-off-warm500,70,2,10.1000,6668.275,169.036,6837.311,of,the-romance-of-lust-a-classic-victorian-erotic-novel,1,,server-1,285,0,0,,,
cache-off-warm500,70,2,10.1143,6663.684,228.668,6892.352,she,the-adventures-of-sherlock-holmes,1,,server-1,286,0,0,,,
cache-off-warm500,70,2,10.1286,6646.009,92.296,6738.306,letter,persuasion,1,,server-1,287,0,0,,,
cache-off-warm500,70,2,10.1429,6835.635,138.694,6974.329,he,around-the-world-in-eighty-days,1,,server-1,288,0,0,,,
cache-off-warm500,70,2,10.1571,6800.885,111.329,6912.214,was,a-connecticut-yankee-in-king-arthur-s-court,1,,server-1,288,0,0,,,
cache-off-warm500,70,2,10.1714,6786.836,207.155,6993.991,death,wuthering-heights,1,,server-1,286,0,0,,,
cache-off-warm500,70,2,10.1857,6775.469,100.345,6875.814,love,the-hound-of-the-baskervilles-3070,1,,server-1,287,0,0,,,
cache-off-warm500,70,2,10.2000,6777.790,169.953,6947.743,you,silas-marner,1,,server-1,287,0,0,,,
cache-off-warm500,70,2,10.2143,6763.815,67.106,6830.921,whale,dracula,1,,server-1,288,0,0,,,
cache-off-warm500,70,2,10.2286,6781.831,157.879,6939.710,he,the-portrait-of-a-lady-volume-1,1,,server-1,289,0,0,,,
cache-off-warm500,70,2,10.2429,6766.645,138.401,6905.046,horse,sense-and-sensibility,1,,server-1,290,0,0,,,
cache-off-warm500,70,2,10.2571,6815.392,213.597,7028.990,money,dubliners,1,,server-1,291,0,0,,,
cache-off-warm500,70,2,10.2714,6834.740,104.544,6939.284,death,a-journey-to-the-centre-of-the-earth,1,,server-1,292,0,0,,,
cache-off-warm500,70,2,10.2857,6862.400,81.936,6944.335,whale,the-first-men-in-the-moon,1,,server-1,292,0,0,,,
cache-off-warm500,70,2,10.3000,6849.280,138.620,6987.900,letter,walden-and-on-the-duty-of-civil-disobedience,1,,server-1,293,0,0,,,
cache-off-warm500,70,2,10.3143,6974.285,99.681,7073.966,you,agnes-grey,1,,server-1,292,0,0,,,
cache-off-warm500,70,2,10.3286,6903.016,71.788,6974.804,sea,the-picture-of-dorian-gray,1,,server-1,292,0,0,,,
cache-off-warm500,70,2,10.3429,6945.550,38.220,6983.770,money,silas-marner,1,,server-1,293,0,0,,,
cache-off-warm500,70,2,10.3571,6891.697,141.928,7033.625,horse,the-divine-comedy,1,,server-1,292,0,0,,,
cache-off-warm500,70,2,10.3714,6914.871,165.406,7080.277,night,the-adventures-of-ferdinand-count-fathom-complete,1,,server-1,293,0,0,,,
cache-off-warm500,70,2,10.3857,6900.468,38.571,6939.039,king,frankenstein-or-the-modern-prometheus-41445,1,,server-1,294,0,0,,,
cache-off-warm500,70,2,10.4000,6891.623,112.719,7004.342,horse,the-adventures-of-tom-sawyer-complete,1,,server-1,295,0,0,,,
cache-off-warm500,70,2,10.4143,7038.940,33.926,7072.866,death,washington-square,1,,server-1,296,0,0,,,
cache-off-warm500,70,2,10.4286,7024.360,128.172,7152.533,death,washington-square,1,,server-1,294,0,0,,,
cache-off-warm500,70,2,10.4429,7010.461,71.556,7082.017,she,the-adventures-of-sherlock-holmes,1,,server-1,295,0,0,,,
cache-off-warm500,70,2,10.4571,6996.830,125.134,7121.963,castle,grimms-fairy-tales,1,,server-1,296,0,0,,,
cache-off-warm500,70,2,10.4714,6982.809,94.379,7077.188,he,tess-of-the-d-urbervilles-a-pure-woman,1,,server-1,295,0,0,,,
cache-off-warm500,70,2,10.4857,6970.244,163.593,7133.837,you,life-on-the-mississippi,1,,server-1,296,0,0,,,
cache-off-warm500,70,2,10.5000,6981.106,140.548,7121.653,the,the-adventures-of-sherlock-holmes,1,,server-1,297,0,0,,,
cache-off-warm500,70,2,10.5143,7011.483,111.625,7123.108,she,the-age-of-innocence,1,,server-1,298,0,0,,,
cache-off-warm500,70,2,10.5286,7092.850,63.661,7156.510,heart,the-scarlet-letter-33,1,,server-1,299,0,0,,,
cache-off-warm500,70,2,10.5429,7038.846,78.534,7117.379,london,the-adventures-of-ferdinand-count-fathom-complete,1,,server-1,299,0,0,,,
cache-off-warm500,70,2,10.5571,7080.633,49.479,7130.112,house,the-secret-garden,1,,server-1,300,0,0,,,
cache-off-warm500,70,2,10.5714,7088.868,43.797,7132.665,he,black-beauty,1,,server-1,299,0,0,,,
cache-off-warm500,70,2,10.5857,7103.490,84.949,7188.439,was,the-first-men-in-the-moon,1,,server-1,300,0,0,,,
cache-off-warm500,70,2,10.6000,7105.192,40.542,7145.734,death,the-lost-world,1,,server-1,301,0,0,,,
cache-off-warm500,70,2,10.6143,7090.761,100.443,7191.204,house,northanger-abbey,1,,server-1,302,0,0,,,
cache-off-warm500,70,2,10.6286,7076.312,70.836,7147.148,he,the-warden,1,,server-1,303,0,0,,,
cache-off-warm500,70,2,10.6429,7068.404,113.546,7181.950,you,the-iliad-2199,1,,server-1,304,0,0,,,
cache-off-warm500,70,2,10.6571,7060.052,71.751,7131.803,heart,the-war-of-the-worlds,1,,server-1,305,0,0,,,
cache-off-warm500,70,2,10.6714,7071.367,103.711,7175.079,letter,the-song-of-the-lark,1,,server-1,305,0,0,,,
cache-off-warm500,70,2,10.6857,7120.485,66.614,7187.098,horse,the-moonstone,1,,server-1,306,0,0,,,
cache-off-warm500,70,2,10.7000,7147.695,48.230,7195.925,of,twenty-thousand-leagues-under-the-sea,1,,server-1,307,0,0,,,
cache-off-warm500,70,2,10.7143,7154.498,51.238,7205.736,night,the-house-of-mirth,1,,server-1,306,0,0,,,
cache-off-warm500,70,2,10.7286,7146.239,72.442,7218.681,money,leaves-of-grass,1,,server-1,307,0,0,,,
cache-off-warm500,70,2,10.7429,7205.679,102.102,7307.781,heart,the-secret-adversary,1,,server-1,308,0,0,,,
cache-off-warm500,70,2,10.7571,7191.215,201.944,7393.160,money,myths-and-legends-of-ancient-greece-and-rome,1,,server-1,307,0,0,,,
cache-off-warm500,70,2,10.7714,7179.078,162.621,7341.699,king,jude-the-obscure,1,,server-1,308,0,0,,,
cache-off-warm500,70,2,10.7857,7163.152,50.036,7213.188,he,grimms-fairy-tales,1,,server-1,306,0,0,,,
cache-off-warm500,70,2,10.8000,7150.412,217.418,7367.830,heart,the-iliad,1,,server-1,307,0,0,,,
cache-off-warm500,70,2,10.8143,7134.474,149.517,7283.992,death,the-war-of-the-worlds,1,,server-1,308,0,0,,,
cache-off-warm500,70,2,10.8286,7120.895,256.011,7376.906,horse,beyond-good-and-evil,1,,server-1,309,0,0,,,
cache-off-warm500,70,2,10.8429,7106.304,97.796,7204.100,castle,the-adventures-of-ferdinand-count-fathom-complete,1,,server-1,310,0,0,,,
cache-off-warm500,70,2,10.8571,7098.579,214.304,7312.884,london,the-secret-adversary,1,,server-1,311,0,0,,,
cache-off-warm500,70,2,10.8714,7218.123,118.004,7336.127,sea,myths-and-legends-of-ancient-greece-and-rome,1,,server-1,312,0,0,,,
cache-off-warm500,70,2,10.8857,7287.524,52.587,7340.111,death,persuasion,1,,server-1,313,0,0,,,
cache-off-warm500,70,2,10.9000,7309.008,35.283,7344.290,the,the-house-of-mirth,1,,server-1,314,0,0,,,
cache-off-warm500,70,2,10.9143,7295.266,60.236,7355.502,heart,the-song-of-the-lark,1,,server-1,313,0,0,,,
cache-off-warm500,70,2,10.9286,7298.114,85.148,7383.262,money,the-prince,1,,server-1,314,0,0,,,
cache-off-warm500,70,2,10.9429,7329.249,93.843,7423.092,and,the-adventures-of-tom-sawyer-complete,1,,server-1,314,0,0,,,
cache-off-warm500,70,2,10.9571,7309.226,159.984,7469.209,horse,the-hound-of-the-baskervilles,1,,server-1,315,0,0,,,
cache-off-warm500,70,2,10.9714,7298.898,34.772,7333.670,whale,persuasion,1,,server-1,315,0,0,,,
cache-off-warm500,70,2,10.9857,7286.553,270.720,7557.273,night,frankenstein-or-the-modern-prometheus-41445,1,,server-1,316,0,0,,,
cache-off-warm500,70,2,11.0000,7270.298,210.943,7481.241,london,a-tale-of-two-cities,1,,server-1,315,0,0,,,
cache-off-warm500,70,2,11.0143,7260.722,295.559,7556.281,letter,a-princess-of-mars,1,,server-1,316,0,0,,,
cache-off-warm500,70,2,11.0286,7243.108,313.782,7556.890,castle,anne-of-green-gables,1,,server-1,317,0,0,,,
cache-off-warm500,70,2,11.0429,7233.592,292.878,7526.470,whale,the-last-of-the-mohicans-a-narrative-of-1757-27681,1,,server-1,317,0,0,,,
cache-off-warm500,70,2,11.0571,7216.926,295.967,7512.892,the,treasure-island,1,,server-1,318,0,0,,,
cache-off-warm500,70,2,11.0714,7205.355,175.211,7380.567,heart,the-house-of-the-seven-gables,1,,server-1,316,0,0,,,
cache-off-warm500,70,2,11.0857,7209.697,275.369,7485.066,castle,the-last-of-the-mohicans-a-narrative-of-1757,1,,server-1,317,0,0,,,
cache-off-warm500,70,2,11.1000,7205.577,262.959,7468.536,he,the-mysterious-affair-at-styles,1,,server-1,318,0,0,,,
cache-off-warm500,70,2,11.1143,7191.555,263.459,7455.015,castle,his-last-bow,1,,server-1,319,0,0,,,
cache-off-warm500,70,2,11.1286,7297.430,172.393,7469.823,he,the-scarlet-letter,1,,server-1,320,0,0,,,
cache-off-warm500,70,2,11.1429,7426.243,155.624,7581.867,sea,kidnapped,1,,server-1,321,0,0,,,
cache-off-warm500,70,2,11.1571,7412.742,109.878,7522.620,money,the-moonstone,1,,server-1,322,0,0,,,
cache-off-warm500,70,2,11.1714,7398.173,151.774,7549.948,letter,the-works-of-edgar-allan-poe-volume-2,1,,server-1,320,0,0,,,
cache-off-warm500,70,2,11.1857,7383.213,48.039,7431.252,sea,the-secret-garden,1,,server-1,320,0,0,,,
cache-off-warm500,70,2,11.2000,7394.868,106.415,7501.283,and,poirot-investigates,1,,server-1,321,0,0,,,
cache-off-warm500,70,2,11.2143,7357.354,71.575,7428.929,whale,the-kama-sutra-of-vatsyayana,1,,server-1,321,0,0,,,
cache-off-warm500,70,2,11.2286,7414.790,215.289,7630.079,he,tess-of-the-d-urbervilles-a-pure-woman,1,,server-1,322,0,0,,,
cache-off-warm500,70,2,11.2429,7380.249,159.536,7539.785,horse,the-adventures-of-tom-sawyer-complete,1,,server-1,323,0,0,,,
cache-off-warm500,70,2,11.2571,7367.762,156.172,7523.934,she,great-expectations,1,,server-1,324,0,0,,,
cache-off-warm500,70,2,11.2714,7405.079,142.562,7547.641,he,villette,1,,server-1,321,0,0,,,
cache-off-warm500,70,2,11.2857,7408.013,89.972,7497.985,castle,herland,1,,server-1,321,0,0,,,
cache-off-warm500,70,2,11.3000,7392.630,135.889,7528.519,was,the-war-of-the-worlds,1,,server-1,322,0,0,,,
cache-off-warm500,70,2,11.3143,7500.260,41.158,7541.419,letter,the-war-of-the-worlds,1,,server-1,323,0,0,,,
cache-off-warm500,70,2,11.3286,7485.249,75.235,7560.484,she,life-on-the-mississippi,1,,server-1,324,0,0,,,
cache-off-warm500,70,2,11.3429,7547.588,45.709,7593.297,of,the-scarlet-letter-33,1,,server-1,325,0,0,,,
cache-off-warm500,70,2,11.3571,7533.890,41.266,7575.156,was,the-secret-garden,1,,server-1,325,0,0,,,
cache-off-warm500,70,2,11.3714,7525.473,137.422,7662.895,king,the-odyssey,1,,server-1,324,0,0,,,
cache-off-warm500,70,2,11.3857,7505.951,82.379,7588.329,money,sense-and-sensibility,1,,server-1,325,0,0,,,
cache-off-warm500,70,2,11.4000,7493.214,134.998,7628.212,sea,the-secret-adversary,1,,server-1,326,0,0,,,
cache-off-warm500,70,2,11.4143,7484.278,257.841,7742.119,horse,the-iliad,1,,server-1,327,0,0,,,
cache-off-warm500,70,2,11.4286,7504.330,132.745,7637.076,the,the-portrait-of-a-lady-volume-1,1,,server-1,328,0,0,,,
cache-off-warm500,70,2,11.4429,7530.666,130.382,7661.048,castle,pride-and-prejudice,1,,server-1,326,0,0,,,
cache-off-warm500,70,2,11.4571,7479.852,164.988,7644.840,whale,desert-gold,1,,server-1,327,0,0,,,
cache-off-warm500,70,2,11.4714,7558.715,171.490,7730.205,she,hard-times,1,,server-1,328,0,0,,,
cache-off-warm500,70,2,11.4857,7603.794,176.594,7780.388,was,the-adventures-of-sherlock-holmes,1,,server-1,329,0,0,,,
cache-off-warm500,70,2,11.5000,7538.631,212.548,7751.179,horse,the-mysterious-island,1,,server-1,330,0,0,,,
cache-off-warm500,70,2,11.5143,7549.137,112.028,7661.166,the,thus-spake-zarathustra-a-book-for-all-and-none,1,,server-1,331,0,0,,,
cache-off-warm500,70,2,11.5286,7578.319,247.154,7825.473,you,poirot-investigates,1,,server-1,330,0,0,,,
cache-off-warm500,70,2,11.5429,7658.900,141.547,7800.447,was,the-portrait-of-a-lady-volume-1,1,,server-1,331,0,0,,,
cache-off-warm500,70,2,11.5571,7661.083,157.135,7818.218,night,the-last-of-the-mohicans-a-narrative-of-1757-27681,1,,server-1,332,0,0,,,
cache-off-warm500,70,2,11.5714,7632.371,101.831,7734.202,and,the-tenant-of-wildfell-hall,1,,server-1,333,0,0,,,
cache-off-warm500,70,2,11.5857,7666.839,69.021,7735.860,money,thus-spake-zarathustra-a-book-for-all-and-none,1,,server-1,333,0,0,,,
cache-off-warm500,70,2,11.6000,7666.970,129.129,7796.099,london,myths-and-legends-of-ancient-greece-and-rome,1,,server-1,334,0,0,,,
cache-off-warm500,70,2,11.6143,7653.317,71.556,7724.873,and,the-portrait-of-a-lady-volume-1,1,,server-1,333,0,0,,,
cache-off-warm500,70,2,11.6286,7749.292,77.739,7827.031,of,poirot-investigates,1,,server-1,334,0,0,,,
cache-off-warm500,70,2,11.6429,7733.639,109.696,7843.335,and,the-warden,1,,server-1,333,0,0,,,
cache-off-warm500,70,2,11.6571,7717.884,71.532,7789.416,she,poirot-investigates,1,,server-1,334,0,0,,,
cache-off-warm500,70,2,11.6714,7704.392,125.337,7829.729,horse,around-the-world-in-eighty-days,1,,server-1,335,0,0,,,
cache-off-warm500,70,2,11.6857,7691.600,67.883,7759.483,castle,the-mysterious-island,1,,server-1,336,0,0,,,
cache-off-warm500,70,2,11.7000,7698.141,70.686,7768.827,she,washington-square,1,,server-1,335,0,0,,,
cache-off-warm500,70,2,11.7143,7687.093,136.202,7823.295,the,the-odyssey,1,,server-1,333,0,0,,,
cache-off-warm500,70,2,11.7286,7676.224,191.663,7867.887,house,little-women,1,,server-1,334,0,0,,,
cache-off-warm500,70,2,11.7429,7723.711,130.665,7854.376,heart,jude-the-obscure,1,,server-1,335,0,0,,,
cache-off-warm500,70,2,11.7571,7712.862,121.750,7834.611,death,the-war-of-the-worlds,1,,server-1,336,0,0,,,
cache-off-warm500,70,2,11.7714,7773.280,90.621,7863.901,letter,a-tale-of-two-cities,1,,server-1,337,0,0,,,
cache-off-warm500,70,2,11.7857,7817.791,209.224,8027.016,sea,the-secret-garden,1,,server-1,336,0,0,,,
cache-off-warm500,70,2,11.8000,7802.728,243.976,8046.704,you,the-warden,1,,server-1,337,0,0,,,
cache-off-warm500,70,2,11.8143,7788.813,189.457,7978.270,the,dracula,1,,server-1,337,0,0,,,
cache-off-warm500,70,2,11.8286,7774.299,68.425,7842.724,the,the-innocents-abroad,1,,server-1,337,0,0,,,
cache-off-warm500,70,2,11.8429,7760.633,89.632,7850.265,you,the-song-of-the-lark,1,,server-1,338,0,0,,,
cache-off-warm500,70,2,11.8571,7748.629,276.912,8025.541,you,the-return-of-sherlock-holmes-108,1,,server-1,337,0,0,,,
cache-off-warm500,70,2,11.8714,7764.706,212.517,7977.223,night,treasure-island,1,,server-1,338,0,0,,,
cache-off-warm500,70,2,11.8857,7753.813,92.735,7846.548,house,the-return-of-sherlock-holmes,1,,server-1,339,0,0,,,
cache-off-warm500,70,2,11.9000,7788.855,199.763,7988.618,heart,villette,1,,server-1,340,0,0,,,
cache-off-warm500,70,2,11.9143,7818.171,201.281,8019.452,and,the-iliad-2199,1,,server-1,340,0,0,,,
cache-off-warm500,70,2,11.9286,7826.726,227.785,8054.512,he,little-women,1,,server-1,341,0,0,,,
cache-off-warm500,70,2,11.9429,7952.086,132.198,8084.283,sea,frankenstein-or-the-modern-prometheus-41445,1,,server-1,342,0,0,,,
cache-off-warm500,70,2,11.9571,7938.202,212.658,8150.859,death,white-fang,1,,server-1,343,0,0,,,
cache-off-warm500,70,2,11.9714,7962.903,90.678,8053.581,letter,great-expectations,1,,server-1,344,0,0,,,
cache-off-warm500,70,2,11.9857,7949.459,169.457,8118.915,whale,the-house-of-mirth,1,,server-1,345,0,0,,,
cache-off-warm500,70,2,12.0000,8102.181,88.244,8190.425,love,a-tale-of-two-cities,1,,server-1,344,0,0,,,
cache-off-warm500,70,2,12.0143,8017.610,124.409,8142.019,night,a-connecticut-yankee-in-king-arthur-s-court,1,,server-1,343,0,0,,,
cache-off-warm500,70,2,12.0286,7958.859,83.343,8042.202,of,the-house-of-mirth,1,,server-1,344,0,0,,,
cache-off-warm500,70,2,12.0429,7987.054,163.987,8151.041,death,dracula,1,,server-1,344,0,0,,,
cache-off-warm500,70,2,12.0571,8138.130,51.661,8189.790,you,the-first-men-in-the-moon,1,,server-1,344,0,0,,,
cache-off-warm500,70,2,12.0714,8118.945,53.725,8172.670,of,silas-marner,1,,server-1,345,0,0,,,
cache-off-warm500,70,2,12.0857,8102.412,77.620,8180.033,castle,beyond-good-and-evil,1,,server-1,346,0,0,,,
cache-off-warm500,70,2,12.1000,8090.384,18.119,8108.503,she,the-jungle-book,1,,server-1,347,0,0,,,
cache-off-warm500,70,2,12.1143,8096.481,103.430,8199.912,and,the-house-of-mirth,1,,server-1,348,0,0,,,
cache-off-warm500,70,2,12.1286,8137.869,136.992,8274.862,sea,the-jungle-book,1,,server-1,346,0,0,,,
cache-off-warm500,70,2,12.1429,8125.993,102.051,8228.044,night,the-song-of-the-lark,1,,server-1,346,0,0,,,
cache-off-warm500,70,2,12.1571,8129.292,112.796,8242.088,of,little-women,1,,server-1,347,0,0,,,
cache-off-warm500,70,2,12.1714,8143.381,114.666,8258.048,night,washington-square,1,,server-1,348,0,0,,,
cache-off-warm500,70,2,12.1857,8124.739,92.038,8216.777,castle,emma,1,,server-1,349,0,0,,,
cache-off-warm500,70,2,12.2000,8115.562,102.193,8217.756,love,the-scarlet-letter,1,,server-1,350,0,0,,,
cache-off-warm500,70,2,12.2143,8106.849,152.985,8259.834,castle,the-jungle,1,,server-1,351,0,0,,,
cache-off-warm500,70,2,12.2286,8123.825,99.186,8223.011,she,desperate-remedies,1,,server-1,352,0,0,,,
cache-off-warm500,70,2,12.2429,8175.552,69.302,8244.854,and,white-fang,1,,server-1,352,0,0,,,
cache-off-warm500,70,2,12.2571,8195.943,50.911,8246.853,love,the-scarlet-letter,1,,server-1,353,0,0,,,
cache-off-warm500,70,2,12.2714,8181.902,76.831,8258.733,whale,kidnapped,1,,server-1,353,0,0,,,
cache-off-warm500,70,2,12.2857,8188.885,40.752,8229.637,money,memoirs-of-fanny-hill,1,,server-1,354,0,0,,,
cache-off-warm500,70,2,12.3000,8174.384,156.723,8331.107,house,the-last-of-the-mohicans-a-narrative-of-1757-27681,1,,server-1,355,0,0,,,
cache-off-warm500,70,2,12.3143,8173.292,146.408,8319.700,sea,the-warden,1,,server-1,356,0,0,,,
cache-off-warm500,70,2,12.3286,8158.748,80.662,8239.411,letter,the-scarlet-letter-33,1,,server-1,354,0,0,,,
cache-off-warm500,70,2,12.3429,8184.291,82.270,8266.561,house,the-hound-of-the-baskervilles,1,,server-1,355,0,0,,,
cache-off-warm500,70,2,12.3571,8171.219,127.712,8298.931,letter,the-american,1,,server-1,356,0,0,,,
cache-off-warm500,70,2,12.3714,8157.516,156.466,8313.982,heart,hard-times,1,,server-1,355,0,0,,,
cache-off-warm500,70,2,12.3857,8148.306,94.843,8243.149,you,agnes-grey,1,,server-1,353,0,0,,,
cache-off-warm500,70,2,12.4000,8232.307,139.384,8371.691,sea,the-house-of-the-seven-gables,1,,server-1,354,0,0,,,
cache-off-warm500,70,2,12.4143,8194.997,59.146,8254.143,sea,the-secret-garden-17396,1,,server-1,354,0,0,,,
cache-off-warm500,70,2,12.4286,8225.536,75.096,8300.632,sea,the-mystery-of-edwin-drood,1,,server-1,355,0,0,,,
cache-off-warm500,70,2,12.4429,8214.220,74.586,8288.805,sea,oliver-twist,1,,server-1,356,0,0,,,
cache-off-warm500,70,2,12.4571,8228.398,89.088,8317.486,whale,mary-barton,1,,server-1,357,0,0,,,
cache-off-warm500,70,2,12.4714,8214.605,108.466,8323.071,london,the-american,1,,server-1,358,0,0,,,
cache-off-warm500,70,2,12.4857,8218.089,159.356,8377.445,london,the-odyssey,1,,server-1,359,0,0,,,
cache-off-warm500,70,2,12.5000,8275.981,120.933,8396.914,she,sense-and-sensibility,1,,server-1,360,0,0,,,
cache-off-warm500,70,2,12.5143,8261.662,81.928,8343.589,of,frankenstein-or-the-modern-prometheus-41445,1,,server-1,359,0,0,,,
cache-off-warm500,70,2,12.5286,8265.940,132.965,8398.905,letter,silas-marner,1,,server-1,360,0,0,,,
cache-off-warm500,70,2,12.5429,8252.286,70.548,8322.835,whale,meditations,1,,server-1,361,0,0,,,
cache-off-warm500,70,2,12.5571,8238.688,129.499,8368.187,whale,the-memoirs-of-sherlock-holmes,1,,server-1,360,0,0,,,
cache-off-warm500,70,2,12.5714,8294.921,116.188,8411.110,you,treasure-island,1,,server-1,361,0,0,,,
cache-off-warm500,70,2,12.5857,8307.764,167.607,8475.371,sea,the-return-of-sherlock-holmes,1,,server-1,360,0,0,,,
cache-off-warm500,70,2,12.6000,8294.194,169.106,8463.301,death,the-iliad-2199,1,,server-1,359,0,0,,,
cache-off-warm500,70,2,12.6143,8292.561,130.278,8422.838,love,white-fang,1,,server-1,359,0,0,,,
cache-off-warm500,70,2,12.6286,8278.875,64.053,8342.929,love,the-prince,1,,server-1,359,0,0,,,
cache-off-warm500,70,2,12.6429,8264.370,128.123,8392.493,of,mansfield-park,1,,server-1,360,0,0,,,
cache-off-warm500,70,2,12.6571,8275.408,150.411,8425.818,sea,the-last-of-the-mohicans-a-narrative-of-1757,1,,server-1,359,0,0,,,
cache-off-warm500,70,2,12.6714,8291.024,136.101,8427.125,love,cranford,1,,server-1,360,0,0,,,
cache-off-warm500,70,2,12.6857,8352.337,116.407,8468.744,love,poirot-investigates,1,,server-1,360,0,0,,,
cache-off-warm500,70,2,12.7000,8337.640,83.183,8420.822,house,grimms-fairy-tales,1,,server-1,361,0,0,,,
cache-off-warm500,70,2,12.7143,8366.198,72.776,8438.974,and,grimms-fairy-tales,1,,server-1,362,0,0,,,
cache-off-warm500,70,2,12.7286,8392.761,71.131,8463.892,money,the-mysterious-affair-at-styles,1,,server-1,363,0,0,,,
cache-off-warm500,70,2,12.7429,8392.145,109.137,8501.282,you,a-princess-of-mars,1,,server-1,361,0,0,,,
cache-off-warm500,70,2,12.7571,8364.901,79.081,8443.982,sea,the-warden,1,,server-1,361,0,0,,,
cache-off-warm500,70,2,12.7714,8384.471,46.062,8430.533,money,the-wind-in-the-willows,1,,server-1,362,0,0,,,
cache-off-warm500,70,2,12.7857,8370.528,65.693,8436.221,death,the-iliad-2199,1,,server-1,362,0,0,,,
cache-off-warm500,70,2,12.8000,8374.511,107.676,8482.187,letter,great-expectations,1,,server-1,363,0,0,,,
cache-off-warm500,70,2,12.8143,8362.254,192.003,8554.258,was,the-mystery-of-edwin-drood,1,,server-1,363,0,0,,,
cache-off-warm500,70,2,12.8286,8362.993,145.007,8508.000,sea,hard-times,1,,server-1,364,0,0,,,
cache-off-warm500,70,2,12.8429,8380.757,146.669,8527.426,sea,hard-times,1,,server-1,365,0,0,,,
cache-off-warm500,70,2,12.8571,8367.163,307.066,8674.229,money,villette,1,,server-1,366,0,0,,,
cache-off-warm500,70,2,12.8714,8352.473,346.740,8699.213,king,thus-spake-zarathustra-a-book-for-all-and-none,1,,server-1,364,0,0,,,
cache-off-warm500,70,2,12.8857,8338.095,129.055,8467.150,was,anne-of-green-gables,1,,server-1,365,0,0,,,
cache-off-warm500,70,2,12.9000,8325.513,205.435,8530.948,was,the-last-of-the-mohicans-a-narrative-of-1757-27681,1,,server-1,366,0,0,,,
cache-off-warm500,70,2,12.9143,8337.950,262.339,8600.289,house,the-iliad-2199,1,,server-1,367,0,0,,,
cache-off-warm500,70,2,12.9286,8356.181,65.725,8421.906,castle,hard-times,1,,server-1,368,0,0,,,
cache-off-warm500,70,2,12.9429,8378.176,238.517,8616.693,castle,the-secret-garden-17396,1,,server-1,369,0,0,,,
cache-off-warm500,70,2,12.9571,8413.728,133.624,8547.352,sea,pride-and-prejudice,1,,server-1,367,0,0,,,
cache-off-warm500,70,2,12.9714,8379.544,129.532,8509.076,heart,little-women,1,,server-1,368,0,0,,,
cache-off-warm500,70,2,12.9857,8545.111,81.884,8626.995,of,the-first-men-in-the-moon,1,,server-1,368,0,0,,,
cache-off-warm500,70,2,13.0000,8575.618,104.835,8680.453,of,grimms-fairy-tales,1,,server-1,369,0,0,,,
cache-off-warm500,70,2,13.0143,8570.428,110.716,8681.144,whale,autobiography-of-benjamin-franklin,1,,server-1,369,0,0,,,
cache-off-warm500,70,2,13.0286,8584.771,81.075,8665.846,death,the-adventures-of-ferdinand-count-fathom-complete,1,,server-1,370,0,0,,,
cache-off-warm500,70,2,13.0429,8574.950,99.704,8674.653,of,the-warden,1,,server-1,370,0,0,,,
cache-off-warm500,70,2,13.0571,8561.377,160.714,8722.091,castle,the-song-of-the-lark,1,,server-1,371,0,0,,,
cache-off-warm500,70,2,13.0714,8547.691,128.480,8676.171,you,the-return-of-sherlock-holmes-108,1,,server-1,371,0,0,,,
cache-off-warm500,70,2,13.0857,8632.039,110.738,8742.776,sea,great-expectations,1,,server-1,372,0,0,,,
cache-off-warm500,70,2,13.1000,8620.341,83.205,8703.547,money,the-portrait-of-a-lady-volume-1,1,,server-1,373,0,0,,,
cache-off-warm500,70,2,13.1143,8634.527,137.850,8772.377,sea,little-women,1,,server-1,372,0,0,,,
cache-off-warm500,70,2,13.1286,8652.912,80.688,8733.599,king,herland,1,,server-1,373,0,0,,,
cache-off-warm500,70,2,13.1429,8686.531,61.451,8747.982,night,the-innocents-abroad,1,,server-1,373,0,0,,,
cache-off-warm500,70,2,13.1571,8674.104,139.394,8813.498,death,myths-and-legends-of-ancient-greece-and-rome,1,,server-1,373,0,0,,,
cache-off-warm500,70,2,13.1714,8661.709,72.728,8734.437,you,dubliners,1,,server-1,372,0,0,,,
cache-off-warm500,70,2,13.1857,8708.311,91.089,8799.400,sea,jude-the-obscure,1,,server-1,372,0,0,,,
cache-off-warm500,70,2,13.2000,8686.932,289.031,8975.963,was,the-secret-adversary,1,,server-1,373,0,0,,,
cache-off-warm500,70,2,13.2143,8676.537,98.396,8774.933,heart,north-and-south,1,,server-1,374,0,0,,,
cache-off-warm500,70,2,13.2286,8664.661,386.532,9051.193,heart,the-vicomte-de-bragelonne,1,,server-1,374,0,0,,,
cache-off-warm500,70,2,13.2429,8663.256,269.380,8932.635,you,oliver-twist,1,,server-1,375,0,0,,,
cache-off-warm500,70,2,13.2571,8648.910,187.112,8836.022,london,a-journey-to-the-centre-of-the-earth,1,,server-1,376,0,0,,,
cache-off-warm500,70,2,13.2714,8781.929,127.252,8909.181,was,the-jungle,1,,server-1,377,0,0,,,
cache-off-warm500,70,2,13.2857,8700.730,98.666,8799.396,money,silas-marner,1,,server-1,378,0,0,,,
cache-off-warm500,70,2,13.3000,8674.803,113.076,8787.879,and,persuasion,1,,server-1,379,0,0,,,
cache-off-warm500,70,2,13.3143,8654.087,84.829,8738.916,of,frankenstein-or-the-modern-prometheus-41445,1,,server-1,380,0,0,,,
cache-off-warm500,70,2,13.3286,8697.052,151.849,8848.901,money,the-last-of-the-mohicans-a-narrative-of-1757-27681,1,,server-1,380,0,0,,,
cache-off-warm500,70,2,13.3429,8708.095,231.805,8939.900,was,the-mysterious-island,1,,server-1,379,0,0,,,
cache-off-warm500,70,2,13.3571,8639.450,283.321,8922.771,letter,tess-of-the-d-urbervilles-a-pure-woman,1,,server-1,380,0,0,,,
cache-off-warm500,70,2,13.3714,8773.581,217.837,8991.418,death,meditations,1,,server-1,381,0,0,,,
cache-off-warm500,70,2,13.3857,8792.381,105.264,8897.645,death,desert-gold,1,,server-1,381,0,0,,,
cache-off-warm500,70,2,13.4000,8863.507,133.094,8996.601,death,the-romance-of-lust-a-classic-victorian-erotic-novel,1,,server-1,382,0,0,,,
cache-off-warm500,70,2,13.4143,8865.646,80.702,8946.348,letter,dracula,1,,server-1,383,0,0,,,
cache-off-warm500,70,2,13.4286,8885.321,109.221,8994.542,night,a-princess-of-mars,1,,server-1,384,0,0,,,
cache-off-warm500,70,2,13.4429,8918.611,161.852,9080.463,house,memoirs-of-fanny-hill,1,,server-1,385,0,0,,,
cache-off-warm500,70,2,13.4571,8939.209,201.198,9140.407,of,adventures-of-huckleberry-finn,1,,server-1,386,0,0,,,
cache-off-warm500,70,2,13.4714,8927.762,308.659,9236.421,she,silas-marner,1,,server-1,386,0,0,,,
cache-off-warm500,70,2,13.4857,8937.809,191.894,9129.703,she,the-hound-of-the-baskervilles,1,,server-1,382,0,0,,,
cache-off-warm500,70,2,13.5000,8928.965,167.269,9096.234,house,the-song-of-the-lark,1,,server-1,383,0,0,,,
cache-off-warm500,70,2,13.5143,8917.427,273.350,9190.776,and,beyond-good-and-evil,1,,server-1,384,0,0,,,
cache-off-warm500,70,2,13.5286,8904.150,212.986,9117.136,horse,the-tenant-of-wildfell-hall,1,,server-1,384,0,0,,,
cache-off-warm500,70,2,13.5429,8907.103,283.270,9190.373,of,the-romance-of-lust-a-classic-victorian-erotic-novel,1,,server-1,385,0,0,,,
cache-off-warm500,70,2,13.5571,8973.401,206.923,9180.323,the,the-tenant-of-wildfell-hall,1,,server-1,385,0,0,,,
cache-off-warm500,70,2,13.5714,9034.789,74.273,9109.062,heart,the-scarlet-letter,1,,server-1,386,0,0,,,
cache-off-warm500,70,2,13.5857,9074.429,153.153,9227.582,love,mary-barton,1,,server-1,386,0,0,,,
cache-off-warm500,70,2,13.6000,9108.485,46.593,9155.078,she,the-hound-of-the-baskervilles-3070,1,,server-1,386,0,0,,,
cache-off-warm500,70,2,13.6143,9126.956,196.459,9323.416,she,anne-of-green-gables,1,,server-1,387,0,0,,,
cache-off-warm500,70,2,13.6286,9111.306,167.733,9279.039,money,his-last-bow,1,,server-1,388,0,0,,,
cache-off-warm500,70,2,13.6429,9094.976,203.661,9298.636,letter,the-picture-of-dorian-gray,1,,server-1,389,0,0,,,
cache-off-warm500,70,2,13.6571,9094.830,226.084,9320.914,love,the-hound-of-the-baskervilles,1,,server-1,390,0,0,,,
cache-off-warm500,70,2,13.6714,9085.697,176.689,9262.386,house,jane-eyre-an-autobiography,1,,server-1,391,0,0,,,
cache-off-warm500,70,2,13.6857,9127.439,93.242,9220.681,horse,thus-spake-zarathustra-a-book-for-all-and-none,1,,server-1,389,0,0,,,
cache-off-warm500,70,2,13.7000,9234.139,45.542,9279.681,you,the-scarlet-letter-33,1,,server-1,390,0,0,,,
cache-off-warm500,70,2,13.7143,9265.901,25.408,9291.309,whale,memoirs-of-fanny-hill,1,,server-1,391,0,0,,,
cache-off-warm500,70,2,13.7286,9222.411,198.884,9421.295,night,jude-the-obscure,1,,server-1,390,0,0,,,
cache-off-warm500,70,2,13.7429,9221.516,112.052,9333.568,heart,far-from-the-madding-crowd,1,,server-1,391,0,0,,,
cache-off-warm500,70,2,13.7571,9223.167,167.034,9390.202,death,autobiography-of-benjamin-franklin,1,,server-1,392,0,0,,,
cache-off-warm500,70,2,13.7714,9214.796,166.555,9381.351,london,the-house-of-the-seven-gables,1,,server-1,392,0,0,,,
cache-off-warm500,70,2,13.7857,9196.067,98.486,9294.553,letter,the-scarlet-letter,1,,server-1,393,0,0,,,
cache-off-warm500,70,2,13.8000,9205.765,76.483,9282.248,and,poirot-investigates,1,,server-1,394,0,0,,,
cache-off-warm500,70,2,13.8143,9336.106,115.099,9451.204,house,hard-times,1,,server-1,392,0,0,,,
cache-off-warm500,70,2,13.8286,9231.995,127.111,9359.106,love,frankenstein-or-the-modern-prometheus-41445,1,,server-1,393,0,0,,,
cache-off-warm500,70,2,13.8429,9205.744,136.652,9342.396,horse,meditations,1,,server-1,393,0,0,,,
cache-off-warm500,70,2,13.8571,9298.727,112.210,9410.937,of,life-on-the-mississippi,1,,server-1,393,0,0,,,
cache-off-warm500,70,2,13.8714,9283.788,79.639,9363.427,was,black-beauty,1,,server-1,393,0,0,,,
cache-off-warm500,70,2,13.8857,9269.527,43.059,9312.585,she,the-great-gatsby,1,,server-1,391,0,0,,,
cache-off-warm500,70,2,13.9000,9285.308,113.693,9399.001,king,autobiography-of-benjamin-franklin,1,,server-1,392,0,0,,,
cache-off-warm500,70,2,13.9143,9284.340,90.736,9375.077,of,adventures-of-huckleberry-finn,1,,server-1,393,0,0,,,
cache-off-warm500,70,2,13.9286,9358.967,110.115,9469.082,sea,villette,1,,server-1,394,0,0,,,
cache-off-warm500,70,2,13.9429,9357.972,51.192,9409.164,of,little-women,1,,server-1,393,0,0,,,
cache-off-warm500,70,2,13.9571,9344.536,45.848,9390.385,death,the-hound-of-the-baskervilles-3070,1,,server-1,393,0,0,,,
cache-off-warm500,70,2,13.9714,9330.669,175.924,9506.593,letter,villette,1,,server-1,394,0,0,,,
cache-off-warm500,70,2,13.9857,9316.691,101.073,9417.763,castle,the-kama-sutra-of-vatsyayana,1,,server-1,394,0,0,,,
cache-off-warm500,70,2,14.0000,9304.610,64.795,9369.405,money,the-warden,1,,server-1,394,0,0,,,
cache-off-warm500,70,2,14.0143,9287.936,147.322,9435.258,of,life-on-the-mississippi,1,,server-1,394,0,0,,,
cache-off-warm500,70,2,14.0286,9310.115,83.800,9393.915,was,the-return-of-sherlock-holmes-108,1,,server-1,395,0,0,,,
cache-off-warm500,70,2,14.0429,9361.182,97.708,9458.890,money,life-on-the-mississippi,1,,server-1,396,0,0,,,
cache-off-warm500,70,2,14.0571,9391.409,190.814,9582.223,was,the-vicomte-de-bragelonne,1,,server-1,396,0,0,,,
cache-off-warm500,70,2,14.0714,9377.258,75.442,9452.700,death,the-jungle,1,,server-1,397,0,0,,,
cache-off-warm500,70,2,14.0857,9440.456,25.176,9465.632,night,the-great-gatsby,1,,server-1,398,0,0,,,
cache-off-warm500,70,2,14.1000,9426.424,134.873,9561.297,sea,the-mystery-of-edwin-drood,1,,server-1,399,0,0,,,
cache-off-warm500,70,2,14.1143,9413.063,126.844,9539.907,letter,hard-times,1,,server-1,400,0,0,,,
cache-off-warm500,70,2,14.1286,9400.822,184.354,9585.177,night,a-journey-to-the-centre-of-the-earth,1,,server-1,401,0,0,,,
cache-off-warm500,70,2,14.1429,9408.542,140.156,9548.698,london,the-mysterious-affair-at-styles,1,,server-1,401,0,0,,,
cache-off-warm500,70,2,14.1571,9392.602,240.294,9632.896,letter,mary-barton,1,,server-1,402,0,0,,,
cache-off-warm500,70,2,14.1714,9388.282,171.404,9559.686,of,the-kama-sutra-of-vatsyayana,1,,server-1,403,0,0,,,
cache-off-warm500,70,2,14.1857,9400.042,142.525,9542.567,king,desert-gold,1,,server-1,403,0,0,,,
cache-off-warm500,70,2,14.2000,9465.304,161.863,9627.166,king,silas-marner,1,,server-1,400,0,0,,,
cache-off-warm500,70,2,14.2143,9443.244,105.809,9549.052,of,wuthering-heights,1,,server-1,401,0,0,,,
cache-off-warm500,70,2,14.2286,9557.021,66.909,9623.931,horse,the-innocents-abroad,1,,server-1,402,0,0,,,
cache-off-warm500,70,2,14.2429,9494.406,126.112,9620.517,night,dubliners,1,,server-1,403,0,0,,,
cache-off-warm500,70,2,14.2571,9504.047,44.380,9548.427,london,meditations,1,,server-1,404,0,0,,,
cache-off-warm500,70,2,14.2714,9581.468,98.920,9680.387,was,walden-and-on-the-duty-of-civil-disobedience,1,,server-1,405,0,0,,,
cache-off-warm500,70,2,14.2857,9567.036,63.204,9630.240,death,dubliners,1,,server-1,406,0,0,,,
cache-off-warm500,70,2,14.3000,9553.822,26.671,9580.493,love,the-scarlet-letter,1,,server-1,406,0,0,,,
cache-off-warm500,70,2,14.3143,9550.305,97.656,9647.962,was,the-adventures-of-tom-sawyer-complete,1,,server-1,407,0,0,,,
cache-off-warm500,70,2,14.3286,9535.118,30.080,9565.198,death,the-king-in-yellow,1,,server-1,408,0,0,,,
cache-off-warm500,70,2,14.3429,9573.562,73.568,9647.129,was,the-last-of-the-mohicans-a-narrative-of-1757-27681,1,,server-1,409,0,0,,,
cache-off-warm500,70,2,14.3571,9590.918,93.444,9684.361,he,desperate-remedies,1,,server-1,410,0,0,,,
cache-off-warm500,70,2,14.3714,9577.751,73.250,9651.001,horse,the-return-of-sherlock-holmes-108,1,,server-1,411,0,0,,,
cache-off-warm500,70,2,14.3857,9603.555,107.276,9710.831,she,desert-gold,1,,server-1,409,0,0,,,
cache-off-warm500,70,2,14.4000,9591.452,88.899,9680.351,house,the-house-of-mirth,1,,server-1,406,0,0,,,
cache-off-warm500,70,2,14.4143,9577.991,64.672,9642.663,london,a-connecticut-yankee-in-king-arthur-s-court,1,,server-1,407,0,0,,,
cache-off-warm500,70,2,14.4286,9651.203,94.651,9745.854,you,a-connecticut-yankee-in-king-arthur-s-court,1,,server-1,408,0,0,,,
cache-off-warm500,70,2,14.4429,9656.108,107.187,9763.294,the,the-jungle,1,,server-1,409,0,0,,,
cache-off-warm500,70,2,14.4571,9624.021,93.000,9717.020,horse,jane-eyre-an-autobiography,1,,server-1,410,0,0,,,
cache-off-warm500,70,2,14.4714,9628.204,58.535,9686.739,london,silas-marner,1,,server-1,411,0,0,,,
cache-off-warm500,70,2,14.4857,9612.657,36.222,9648.879,heart,cranford,1,,server-1,412,0,0,,,
cache-off-warm500,70,2,14.5000,9603.766,188.122,9791.888,castle,jane-eyre-an-autobiography,1,,server-1,413,0,0,,,
cache-off-warm500,70,2,14.5143,9642.244,60.147,9702.391,night,meditations,1,,server-1,413,0,0,,,
cache-off-warm500,70,2,14.5286,9707.703,96.466,9804.169,whale,silas-marner,1,,server-1,414,0,0,,,
cache-off-warm500,70,2,14.5429,9627.640,64.744,9692.383,london,the-memoirs-of-sherlock-holmes,1,,server-1,413,0,0,,,
cache-off-warm500,70,2,14.5571,9646.217,46.260,9692.477,house,the-secret-garden-17396,1,,server-1,413,0,0,,,
cache-off-warm500,70,2,14.5714,9666.021,130.286,9796.307,you,the-adventures-of-sherlock-holmes,1,,server-1,414,0,0,,,
cache-off-warm500,70,2,14.5857,9664.371,130.327,9794.697,death,madame-bovary,1,,server-1,415,0,0,,,
cache-off-warm500,70,2,14.6000,9650.709,114.798,9765.507,castle,the-hound-of-the-baskervilles-3070,1,,server-1,416,0,0,,,
cache-off-warm500,70,2,14.6143,9691.710,226.837,9918.547,death,twenty-thousand-leagues-under-the-sea,1,,server-1,417,0,0,,,
cache-off-warm500,70,2,14.6286,9666.881,194.965,9861.846,you,meditations,1,,server-1,418,0,0,,,
cache-off-warm500,70,2,14.6429,9652.632,271.866,9924.498,king,washington-square,1,,server-1,418,0,0,,,
cache-off-warm500,70,2,14.6571,9649.074,189.621,9838.695,love,frankenstein-or-the-modern-prometheus-41445,1,,server-1,419,0,0,,,
cache-off-warm500,70,2,14.6714,9671.756,152.918,9824.674,love,the-secret-garden,1,,server-1,420,0,0,,,
cache-off-warm500,70,2,14.6857,9692.867,115.169,9808.036,money,anne-of-green-gables,1,,server-1,420,0,0,,,
cache-off-warm500,70,2,14.7000,9682.452,231.486,9913.938,money,the-adventures-of-sherlock-holmes,1,,server-1,419,0,0,,,
cache-off-warm500,70,2,14.7143,9702.308,194.245,9896.553,you,desperate-remedies,1,,server-1,420,0,0,,,
cache-off-warm500,70,2,14.7286,9804.963,113.233,9918.196,castle,meditations,1,,server-1,419,0,0,,,
cache-off-warm500,70,2,14.7429,9802.401,110.450,9912.851,horse,the-jungle,1,,server-1,420,0,0,,,
cache-off-warm500,70,2,14.7571,9879.150,61.665,9940.815,sea,the-lost-world,1,,server-1,421,0,0,,,
cache-off-warm500,70,2,14.7714,9885.591,78.024,9963.615,heart,the-works-of-edgar-allan-poe-volume-2,1,,server-1,421,0,0,,,
cache-off-warm500,70,2,14.7857,9874.735,176.816,10051.551,the,the-jungle,1,,server-1,422,0,0,,,
cache-off-warm500,70,2,14.8000,9860.625,57.791,9918.416,king,madame-bovary,1,,server-1,422,0,0,,,
cache-off-warm500,70,2,14.8143,9856.436,284.838,10141.275,was,the-wind-in-the-willows,1,,server-1,423,0,0,,,
cache-off-warm500,70,2,14.8286,9865.534,55.992,9921.527,money,the-war-of-the-worlds,1,,server-1,424,0,0,,,
cache-off-warm500,70,2,14.8429,9855.475,209.473,10064.948,king,white-fang,1,,server-1,425,0,0,,,
cache-off-warm500,70,2,14.8571,9858.898,219.883,10078.781,the,adventures-of-huckleberry-finn,1,,server-1,426,0,0,,,
cache-off-warm500,70,2,14.8714,9864.378,105.105,9969.483,of,great-expectations,1,,server-1,425,0,0,,,
cache-off-warm500,70,2,14.8857,9873.601,163.285,10036.886,letter,the-return-of-sherlock-holmes,1,,server-1,423,0,0,,,
cache-off-warm500,70,2,14.9000,9940.723,91.365,10032.088,letter,the-adventures-of-tom-sawyer-complete,1,,server-1,424,0,0,,,
cache-off-warm500,70,2,14.9143,10018.671,155.548,10174.219,sea,the-hound-of-the-baskervilles-3070,1,,server-1,425,0,0,,,
cache-off-warm500,70,2,14.9286,10024.511,65.638,10090.149,he,the-return-of-sherlock-holmes-108,1,,server-1,426,0,0,,,
cache-off-warm500,70,2,14.9429,9994.057,33.180,10027.238,love,around-the-world-in-eighty-days,1,,server-1,427,0,0,,,
cache-off-warm500,70,2,14.9571,9981.663,42.744,10024.407,was,the-hound-of-the-baskervilles,1,,server-1,428,0,0,,,
cache-off-warm500,70,2,14.9714,9997.436,121.915,10119.350,love,the-mystery-of-edwin-drood,1,,server-1,429,0,0,,,
cache-off-warm500,70,2,14.9857,9998.252,128.893,10127.145,king,the-scarlet-letter,1,,server-1,430,0,0,,,
