label,rate,run,t_s,conn_ms,rpc_ms,total_ms,keyword,reference,ok,error_type,selected_server,server_1_connections,server_2_connections,server_3_connections,server_1_response_ewma_ms,server_2_response_ewma_ms,server_3_response_ewma_ms
combined-lc-lrt-cache-off-warm0,130,1,0.0000,42.419,49.654,92.074,whale,the-house-of-the-seven-gables,1,,server-1,1,0,0,,,
combined-lc-lrt-cache-off-warm0,130,1,0.0077,35.204,54.877,90.081,horse,the-lost-world,1,,server-2,1,1,0,,,
combined-lc-lrt-cache-off-warm0,130,1,0.0154,28.007,44.496,72.503,whale,poirot-investigates,1,,server-3,1,1,1,,,
combined-lc-lrt-cache-off-warm0,130,1,0.0231,21.099,60.612,81.711,horse,northanger-abbey,1,,server-1,2,1,1,,,
combined-lc-lrt-cache-off-warm0,130,1,0.0308,14.650,39.615,54.265,and,dubliners,1,,server-2,2,2,1,,,
combined-lc-lrt-cache-off-warm0,130,1,0.0385,10.227,93.418,103.645,and,the-vicomte-de-bragelonne,1,,server-3,2,2,2,1.164,1.310,0.998
combined-lc-lrt-cache-off-warm0,130,1,0.0462,6.010,59.779,65.789,and,the-odyssey,1,,server-3,2,2,3,1.030,1.029,0.957
combined-lc-lrt-cache-off-warm0,130,1,0.0538,30.986,39.046,70.032,house,oliver-twist,1,,server-2,2,3,3,1.030,1.029,0.867
combined-lc-lrt-cache-off-warm0,130,1,0.0615,6.349,47.827,54.176,horse,cranford,1,,server-1,3,3,3,1.030,1.029,0.867
combined-lc-lrt-cache-off-warm0,130,1,0.0692,19.700,79.711,99.411,was,the-adventures-of-ferdinand-count-fathom-complete,1,,server-3,3,3,4,1.183,3.001,0.867
combined-lc-lrt-cache-off-warm0,130,1,0.0769,37.955,31.823,69.778,letter,around-the-world-in-eighty-days,1,,server-1,4,3,4,1.183,3.001,1.618
combined-lc-lrt-cache-off-warm0,130,1,0.0846,20.923,31.680,52.603,london,the-house-of-mirth,1,,server-1,5,3,4,1.183,3.001,1.618
combined-lc-lrt-cache-off-warm0,130,1,0.0923,5.821,58.310,64.131,sea,the-mysterious-island,1,,server-2,4,3,3,10.843,7.775,6.921
combined-lc-lrt-cache-off-warm0,130,1,0.1000,43.289,37.133,80.421,horse,the-adventures-of-tom-sawyer-complete,1,,server-3,4,2,4,11.728,10.480,6.921
combined-lc-lrt-cache-off-warm0,130,1,0.1077,18.087,62.076,80.163,you,madame-bovary,1,,server-2,3,3,4,14.507,10.480,6.921
combined-lc-lrt-cache-off-warm0,130,1,0.1154,10.233,40.925,51.158,she,dubliners,1,,server-2,3,4,3,16.966,10.480,14.023
combined-lc-lrt-cache-off-warm0,130,1,0.1231,23.383,16.515,39.898,king,persuasion,1,,server-1,3,4,3,11.069,10.480,14.023
combined-lc-lrt-cache-off-warm0,130,1,0.1308,37.130,72.473,109.603,he,meditations,1,,server-2,3,4,3,11.069,5.484,14.023
combined-lc-lrt-cache-off-warm0,130,1,0.1385,30.397,58.834,89.231,king,pride-and-prejudice,1,,server-2,3,5,3,13.058,5.484,18.692
combined-lc-lrt-cache-off-warm0,130,1,0.1462,22.818,39.391,62.210,the,the-odyssey,1,,server-2,2,6,2,14.753,5.484,17.790
combined-lc-lrt-cache-off-warm0,130,1,0.1538,9.959,11.474,21.433,death,the-wind-in-the-willows,1,,server-1,2,6,2,9.525,5.484,17.790
combined-lc-lrt-cache-off-warm0,130,1,0.1615,2.494,41.073,43.568,sea,villette,1,,server-1,3,5,2,9.525,8.691,17.790
combined-lc-lrt-cache-off-warm0,130,1,0.1692,6.636,39.969,46.605,was,his-last-bow,1,,server-1,3,4,2,2.924,5.669,24.147
combined-lc-lrt-cache-off-warm0,130,1,0.1769,30.558,37.977,68.534,night,the-secret-adversary,1,,server-1,3,4,1,3.094,5.669,24.147
combined-lc-lrt-cache-off-warm0,130,1,0.1846,21.902,27.060,48.961,sea,around-the-world-in-eighty-days,1,,server-1,4,4,0,3.094,5.669,21.332
combined-lc-lrt-cache-off-warm0,130,1,0.1923,24.654,40.499,65.154,night,agnes-grey,1,,server-1,5,4,0,3.094,13.767,21.332
combined-lc-lrt-cache-off-warm0,130,1,0.2000,14.884,69.578,84.462,london,tess-of-the-d-urbervilles-a-pure-woman,1,,server-1,6,4,0,3.094,13.767,21.332
combined-lc-lrt-cache-off-warm0,130,1,0.2077,1.919,16.128,18.047,money,the-scarlet-letter,1,,server-3,5,4,1,6.558,18.752,21.332
combined-lc-lrt-cache-off-warm0,130,1,0.2154,11.198,24.785,35.983,horse,the-jungle,1,,server-3,5,3,2,6.579,18.752,10.998
combined-lc-lrt-cache-off-warm0,130,1,0.2231,22.653,56.768,79.421,love,pride-and-prejudice,1,,server-1,5,3,2,4.864,18.752,10.998
combined-lc-lrt-cache-off-warm0,130,1,0.2308,21.292,37.091,58.383,whale,silas-marner,1,,server-3,5,1,2,4.864,20.121,5.983
combined-lc-lrt-cache-off-warm0,130,1,0.2385,13.528,24.122,37.651,house,the-jungle,1,,server-3,5,1,3,9.188,20.121,5.983
combined-lc-lrt-cache-off-warm0,130,1,0.2462,6.397,80.094,86.491,death,dracula,1,,server-3,5,0,4,9.268,24.292,5.983
combined-lc-lrt-cache-off-warm0,130,1,0.2538,23.536,102.308,125.844,whale,emma,1,,server-3,4,0,4,9.268,24.292,2.713
combined-lc-lrt-cache-off-warm0,130,1,0.2615,16.068,56.097,72.164,heart,cranford,1,,server-3,3,0,5,15.104,24.292,2.218
combined-lc-lrt-cache-off-warm0,130,1,0.2692,20.231,62.792,83.022,love,leaves-of-grass,1,,server-3,3,0,6,15.104,24.292,2.218
combined-lc-lrt-cache-off-warm0,130,1,0.2769,1.176,16.575,17.750,she,the-age-of-innocence,1,,server-2,3,1,5,15.104,24.292,9.861
combined-lc-lrt-cache-off-warm0,130,1,0.2846,10.612,46.712,57.324,castle,tess-of-the-d-urbervilles-a-pure-woman,1,,server-2,2,2,5,25.594,12.503,7.956
combined-lc-lrt-cache-off-warm0,130,1,0.2923,3.230,43.977,47.207,the,the-odyssey,1,,server-2,2,3,4,25.594,12.503,7.554
combined-lc-lrt-cache-off-warm0,130,1,0.3000,42.339,33.901,76.240,horse,the-secret-garden,1,,server-2,1,3,4,23.395,3.533,7.554
combined-lc-lrt-cache-off-warm0,130,1,0.3077,35.396,36.032,71.428,the,the-house-of-mirth,1,,server-2,0,4,4,23.960,3.533,7.554
combined-lc-lrt-cache-off-warm0,130,1,0.3154,61.070,42.448,103.518,house,tess-of-the-d-urbervilles-a-pure-woman,1,,server-2,0,5,4,23.960,3.533,7.554
combined-lc-lrt-cache-off-warm0,130,1,0.3231,57.361,18.986,76.347,heart,the-first-men-in-the-moon,1,,server-2,0,6,4,23.960,3.533,7.554
combined-lc-lrt-cache-off-warm0,130,1,0.3308,2.146,15.218,17.364,whale,autobiography-of-benjamin-franklin,1,,server-1,1,6,4,23.960,3.533,7.554
combined-lc-lrt-cache-off-warm0,130,1,0.3385,10.548,15.556,26.104,you,the-first-men-in-the-moon,1,,server-1,2,6,4,12.353,3.533,26.324
combined-lc-lrt-cache-off-warm0,130,1,0.3462,3.223,39.962,43.185,castle,the-iliad-2199,1,,server-1,3,4,4,12.353,15.426,26.324
combined-lc-lrt-cache-off-warm0,130,1,0.3538,11.288,46.952,58.240,house,the-return-of-sherlock-holmes-108,1,,server-1,3,4,2,3.461,15.426,30.316
combined-lc-lrt-cache-off-warm0,130,1,0.3615,28.578,49.974,78.551,night,the-lost-world,1,,server-1,4,4,2,3.461,15.426,30.316
combined-lc-lrt-cache-off-warm0,130,1,0.3692,21.568,41.726,63.294,castle,jude-the-obscure,1,,server-1,4,4,2,4.325,15.426,30.316
combined-lc-lrt-cache-off-warm0,130,1,0.3769,15.154,68.135,83.289,castle,black-beauty,1,,server-1,5,4,2,4.325,21.242,30.316
combined-lc-lrt-cache-off-warm0,130,1,0.3846,9.073,56.363,65.436,love,the-prince,1,,server-1,6,2,0,4.325,13.793,31.475
combined-lc-lrt-cache-off-warm0,130,1,0.3923,48.822,33.824,82.646,was,myths-and-legends-of-ancient-greece-and-rome,1,,server-1,6,2,0,4.663,13.793,31.475
combined-lc-lrt-cache-off-warm0,130,1,0.4000,41.446,48.571,90.017,death,the-adventures-of-sherlock-holmes,1,,server-1,7,2,0,3.398,14.770,31.475
combined-lc-lrt-cache-off-warm0,130,1,0.4077,42.165,46.383,88.548,was,the-kama-sutra-of-vatsyayana,1,,server-1,8,2,0,3.398,14.770,31.475
combined-lc-lrt-cache-off-warm0,130,1,0.4154,1.590,12.694,14.284,he,the-secret-garden,1,,server-3,7,2,1,9.352,14.770,31.475
combined-lc-lrt-cache-off-warm0,130,1,0.4231,1.377,16.182,17.559,he,the-mystery-of-edwin-drood,1,,server-2,7,1,1,9.352,15.767,16.206
combined-lc-lrt-cache-off-warm0,130,1,0.4308,1.522,12.175,13.697,the,the-adventures-of-tom-sawyer-complete,1,,server-3,7,1,1,9.352,8.152,12.319
combined-lc-lrt-cache-off-warm0,130,1,0.4385,6.585,21.749,28.334,was,the-jungle,1,,server-3,7,1,2,15.463,8.152,6.369
combined-lc-lrt-cache-off-warm0,130,1,0.4462,1.268,48.223,49.490,you,the-last-of-the-mohicans-a-narrative-of-1757,1,,server-3,5,0,2,19.388,7.769,3.669
combined-lc-lrt-cache-off-warm0,130,1,0.4538,13.759,29.408,43.167,was,the-hound-of-the-baskervilles-3070,1,,server-3,4,0,3,12.388,7.769,2.409
combined-lc-lrt-cache-off-warm0,130,1,0.4615,1.469,27.889,29.358,of,the-romance-of-lust-a-classic-victorian-erotic-novel,1,,server-2,3,1,3,18.707,7.769,2.409
combined-lc-lrt-cache-off-warm0,130,1,0.4692,22.401,31.719,54.120,love,silas-marner,1,,server-2,3,2,2,18.707,4.048,5.101
combined-lc-lrt-cache-off-warm0,130,1,0.4769,14.940,30.245,45.185,love,silas-marner,1,,server-2,3,3,2,19.863,4.048,5.101
combined-lc-lrt-cache-off-warm0,130,1,0.4846,12.663,15.468,28.131,house,myths-and-legends-of-ancient-greece-and-rome,1,,server-3,3,3,3,19.863,4.048,5.101
combined-lc-lrt-cache-off-warm0,130,1,0.4923,3.277,38.281,41.559,love,the-first-men-in-the-moon,1,,server-2,3,3,3,22.899,4.423,5.101
combined-lc-lrt-cache-off-warm0,130,1,0.5000,13.695,15.686,29.381,sea,the-scarlet-letter-33,1,,server-3,0,3,2,18.513,3.236,5.751
combined-lc-lrt-cache-off-warm0,130,1,0.5077,16.864,35.712,52.576,death,the-adventures-of-ferdinand-count-fathom-complete,1,,server-2,0,4,2,18.513,3.236,5.751
combined-lc-lrt-cache-off-warm0,130,1,0.5154,14.365,16.611,30.976,was,the-mystery-of-edwin-drood,1,,server-3,0,4,2,18.513,3.236,4.762
combined-lc-lrt-cache-off-warm0,130,1,0.5231,6.863,44.457,51.319,castle,little-women,1,,server-3,0,4,3,18.513,15.827,3.886
combined-lc-lrt-cache-off-warm0,130,1,0.5308,2.249,56.358,58.608,heart,desert-gold,1,,server-3,0,2,3,18.513,7.180,3.109
combined-lc-lrt-cache-off-warm0,130,1,0.5385,35.953,30.312,66.266,london,madame-bovary,1,,server-3,0,1,4,18.513,6.848,2.231
combined-lc-lrt-cache-off-warm0,130,1,0.5462,14.793,15.362,30.155,night,the-age-of-innocence,1,,server-2,0,2,4,18.513,6.848,6.686
combined-lc-lrt-cache-off-warm0,130,1,0.5538,1.418,18.625,20.042,letter,adventures-of-huckleberry-finn,1,,server-1,1,2,4,18.513,6.848,6.686
combined-lc-lrt-cache-off-warm0,130,1,0.5615,1.098,34.118,35.216,love,the-portrait-of-a-lady-volume-1,1,,server-2,1,2,4,9.576,6.533,6.686
combined-lc-lrt-cache-off-warm0,130,1,0.5692,7.995,38.599,46.595,castle,the-house-of-mirth,1,,server-2,1,3,4,9.576,3.519,6.686
combined-lc-lrt-cache-off-warm0,130,1,0.5769,1.224,27.003,28.227,castle,the-innocents-abroad,1,,server-1,1,2,2,9.052,3.910,12.212
combined-lc-lrt-cache-off-warm0,130,1,0.5846,21.170,10.795,31.965,letter,the-jungle-book,1,,server-1,2,2,2,4.688,3.193,12.212
combined-lc-lrt-cache-off-warm0,130,1,0.5923,4.607,39.716,44.324,house,tess-of-the-d-urbervilles-a-pure-woman,1,,server-2,2,3,2,4.688,3.193,18.320
combined-lc-lrt-cache-off-warm0,130,1,0.6000,6.549,27.347,33.896,london,far-from-the-madding-crowd,1,,server-1,3,3,2,4.688,7.589,18.320
combined-lc-lrt-cache-off-warm0,130,1,0.6077,26.926,17.457,44.384,king,dubliners,1,,server-1,3,3,0,3.612,7.589,16.081
combined-lc-lrt-cache-off-warm0,130,1,0.6154,19.530,17.960,37.490,house,his-last-bow,1,,server-1,4,3,0,3.612,16.295,16.081
combined-lc-lrt-cache-off-warm0,130,1,0.6231,1.316,9.677,10.993,house,poirot-investigates,1,,server-3,4,1,1,4.923,13.154,16.081
combined-lc-lrt-cache-off-warm0,130,1,0.6308,3.635,22.236,25.871,horse,the-iliad-2199,1,,server-3,4,1,2,4.923,13.154,8.311
combined-lc-lrt-cache-off-warm0,130,1,0.6385,18.309,27.940,46.249,whale,the-moonstone,1,,server-3,2,0,2,5.169,12.054,3.797
combined-lc-lrt-cache-off-warm0,130,1,0.6462,10.859,40.252,51.112,heart,desert-gold,1,,server-3,2,0,3,5.169,12.054,3.797
combined-lc-lrt-cache-off-warm0,130,1,0.6538,1.219,27.303,28.522,was,little-women,1,,server-1,1,0,3,6.234,12.054,3.797
combined-lc-lrt-cache-off-warm0,130,1,0.6615,21.344,17.781,39.126,whale,the-hound-of-the-baskervilles-3070,1,,server-1,2,0,2,3.249,12.054,3.542
combined-lc-lrt-cache-off-warm0,130,1,0.6692,13.754,18.609,32.363,letter,silas-marner,1,,server-1,3,0,2,3.249,12.054,3.542
combined-lc-lrt-cache-off-warm0,130,1,0.6769,17.650,15.205,32.856,night,frankenstein-or-the-modern-prometheus,1,,server-3,3,0,3,3.249,12.054,3.542
combined-lc-lrt-cache-off-warm0,130,1,0.6846,17.448,13.405,30.853,money,the-king-in-yellow,1,,server-1,3,0,3,3.839,12.054,8.047
combined-lc-lrt-cache-off-warm0,130,1,0.6923,1.740,17.965,19.705,letter,desert-gold,1,,server-2,3,1,3,3.178,12.054,8.047
combined-lc-lrt-cache-off-warm0,130,1,0.7000,12.155,17.978,30.134,heart,silas-marner,1,,server-2,3,2,1,3.178,6.259,9.898
combined-lc-lrt-cache-off-warm0,130,1,0.7077,8.419,11.670,20.089,sea,poirot-investigates,1,,server-1,2,2,1,5.551,6.259,9.898
combined-lc-lrt-cache-off-warm0,130,1,0.7154,1.676,26.249,27.925,love,the-tenant-of-wildfell-hall,1,,server-3,2,1,1,5.524,4.888,8.303
combined-lc-lrt-cache-off-warm0,130,1,0.7231,5.279,11.358,16.636,she,cranford,1,,server-1,2,1,1,3.597,4.888,4.315
combined-lc-lrt-cache-off-warm0,130,1,0.7308,9.405,21.194,30.600,love,a-tale-of-two-cities,1,,server-1,2,0,1,2.546,5.504,4.315
combined-lc-lrt-cache-off-warm0,130,1,0.7385,1.247,30.939,32.185,she,the-mysterious-island,1,,server-2,2,1,1,2.546,5.504,4.315
combined-lc-lrt-cache-off-warm0,130,1,0.7462,15.992,15.774,31.766,castle,twenty-thousand-leagues-under-the-sea,1,,server-1,2,1,0,2.617,2.892,6.904
combined-lc-lrt-cache-off-warm0,130,1,0.7538,17.600,27.601,45.201,love,great-expectations,1,,server-2,2,2,0,2.617,2.892,6.904
combined-lc-lrt-cache-off-warm0,130,1,0.7615,1.452,30.124,31.576,love,jane-eyre-an-autobiography,1,,server-3,2,2,1,5.109,2.892,6.904
combined-lc-lrt-cache-off-warm0,130,1,0.7692,24.337,17.131,41.468,love,the-hound-of-the-baskervilles-3070,1,,server-3,1,2,2,4.120,2.892,3.601
combined-lc-lrt-cache-off-warm0,130,1,0.7769,1.791,13.661,15.452,horse,a-princess-of-mars,1,,server-1,2,1,2,4.120,5.596,3.601
combined-lc-lrt-cache-off-warm0,130,1,0.7846,8.290,27.009,35.299,london,little-women,1,,server-1,2,1,2,2.710,5.596,3.601
combined-lc-lrt-cache-off-warm0,130,1,0.7923,1.510,16.786,18.295,house,his-last-bow,1,,server-3,2,1,3,4.184,5.596,3.601
combined-lc-lrt-cache-off-warm0,130,1,0.8000,20.165,9.807,29.972,sea,the-hound-of-the-baskervilles-3070,1,,server-1,2,0,2,2.727,7.949,3.646
combined-lc-lrt-cache-off-warm0,130,1,0.8077,1.932,13.670,15.602,castle,autobiography-of-benjamin-franklin,1,,server-2,2,1,2,2.727,7.949,3.646
combined-lc-lrt-cache-off-warm0,130,1,0.8154,1.138,16.935,18.073,heart,madame-bovary,1,,server-3,2,1,1,2.727,4.171,5.244
combined-lc-lrt-cache-off-warm0,130,1,0.8231,11.075,22.282,33.357,castle,pride-and-prejudice,1,,server-3,1,1,2,5.063,4.171,2.742
combined-lc-lrt-cache-off-warm0,130,1,0.8308,1.036,14.679,15.715,castle,the-age-of-innocence,1,,server-1,1,0,2,4.766,4.777,2.742
combined-lc-lrt-cache-off-warm0,130,1,0.8385,1.387,16.358,17.745,heart,silas-marner,1,,server-2,1,1,1,2.497,4.777,3.344
combined-lc-lrt-cache-off-warm0,130,1,0.8462,1.085,14.240,15.325,house,frankenstein-or-the-modern-prometheus,1,,server-1,2,1,1,2.497,2.518,3.344
combined-lc-lrt-cache-off-warm0,130,1,0.8538,8.461,11.880,20.341,death,the-jungle-book,1,,server-1,2,1,1,2.086,2.518,3.344
combined-lc-lrt-cache-off-warm0,130,1,0.8615,1.220,27.428,28.647,money,the-tenant-of-wildfell-hall,1,,server-2,2,1,0,4.301,4.160,5.635
combined-lc-lrt-cache-off-warm0,130,1,0.8692,21.453,12.737,34.190,castle,the-secret-garden-17396,1,,server-2,1,2,0,2.799,2.206,5.635
combined-lc-lrt-cache-off-warm0,130,1,0.8769,1.050,8.523,9.573,death,poirot-investigates,1,,server-1,1,2,0,3.644,2.206,5.635
combined-lc-lrt-cache-off-warm0,130,1,0.8846,2.323,11.614,13.938,money,the-secret-adversary,1,,server-1,2,2,0,1.938,2.206,5.635
combined-lc-lrt-cache-off-warm0,130,1,0.8923,7.206,15.474,22.679,heart,memoirs-of-fanny-hill,1,,server-1,2,1,0,1.504,5.145,5.635
combined-lc-lrt-cache-off-warm0,130,1,0.9000,1.579,33.111,34.690,heart,walden-and-on-the-duty-of-civil-disobedience,1,,server-1,2,1,0,2.299,5.145,5.635
combined-lc-lrt-cache-off-warm0,130,1,0.9077,7.799,36.475,44.274,sea,the-age-of-innocence,1,,server-1,3,0,0,1.322,5.296,5.635
combined-lc-lrt-cache-off-warm0,130,1,0.9154,1.212,10.206,11.418,he,the-hound-of-the-baskervilles,1,,server-2,2,1,0,2.982,5.296,5.635
combined-lc-lrt-cache-off-warm0,130,1,0.9231,4.437,20.624,25.061,whale,jude-the-obscure,1,,server-2,2,2,0,2.512,2.811,5.635
combined-lc-lrt-cache-off-warm0,130,1,0.9308,17.889,11.781,29.671,you,the-king-in-yellow,1,,server-2,2,2,0,2.512,2.077,5.635
combined-lc-lrt-cache-off-warm0,130,1,0.9385,1.445,21.293,22.738,london,the-memoirs-of-sherlock-holmes,1,,server-3,2,2,1,8.525,2.077,5.635
combined-lc-lrt-cache-off-warm0,130,1,0.9462,15.783,23.088,38.871,money,mansfield-park,1,,server-3,2,2,2,8.525,2.077,2.956
combined-lc-lrt-cache-off-warm0,130,1,0.9538,7.195,10.956,18.150,horse,black-beauty,1,,server-2,0,2,2,12.052,4.108,2.956
combined-lc-lrt-cache-off-warm0,130,1,0.9615,1.791,24.086,25.877,was,persuasion,1,,server-2,0,2,2,12.052,2.946,5.223
combined-lc-lrt-cache-off-warm0,130,1,0.9692,16.014,31.753,47.767,horse,villette,1,,server-2,0,3,1,12.052,1.650,4.220
combined-lc-lrt-cache-off-warm0,130,1,0.9769,8.796,24.486,33.282,castle,the-iliad-2199,1,,server-3,0,2,2,12.052,2.990,4.220
combined-lc-lrt-cache-off-warm0,130,1,0.9846,1.707,11.559,13.265,king,the-jungle-book,1,,server-1,1,2,2,12.052,4.617,8.326
combined-lc-lrt-cache-off-warm0,130,1,0.9923,18.623,18.091,36.713,she,the-age-of-innocence,1,,server-3,1,1,2,6.247,5.670,4.339
combined-lc-lrt-cache-off-warm0,130,1,1.0000,1.529,17.663,19.192,letter,the-secret-garden,1,,server-1,1,1,2,5.804,5.670,4.339
combined-lc-lrt-cache-off-warm0,130,1,1.0077,11.942,37.938,49.880,castle,the-last-of-the-mohicans-a-narrative-of-1757-27681,1,,server-1,2,1,2,3.031,5.670,4.339
combined-lc-lrt-cache-off-warm0,130,1,1.0154,4.794,33.837,38.631,heart,the-secret-adversary,1,,server-1,3,1,1,3.031,5.670,5.202
combined-lc-lrt-cache-off-warm0,130,1,1.0231,34.971,25.564,60.535,you,mary-barton,1,,server-1,3,0,1,2.326,8.353,5.202
combined-lc-lrt-cache-off-warm0,130,1,1.0308,1.368,22.039,23.407,you,grimms-fairy-tales,1,,server-3,3,0,1,2.326,8.353,6.182
combined-lc-lrt-cache-off-warm0,130,1,1.0385,16.455,34.411,50.866,whale,the-innocents-abroad,1,,server-3,3,0,2,2.326,8.353,3.250
combined-lc-lrt-cache-off-warm0,130,1,1.0462,1.080,13.628,14.708,london,myths-and-legends-of-ancient-greece-and-rome,1,,server-2,3,1,2,2.326,8.353,3.250
combined-lc-lrt-cache-off-warm0,130,1,1.0538,7.366,25.387,32.752,money,the-adventures-of-ferdinand-count-fathom-complete,1,,server-2,3,2,2,12.860,4.349,6.939
combined-lc-lrt-cache-off-warm0,130,1,1.0615,1.435,36.426,37.862,horse,a-princess-of-mars,1,,server-2,1,2,1,8.249,3.162,4.494
combined-lc-lrt-cache-off-warm0,130,1,1.0692,19.248,82.530,101.778,love,mansfield-park,1,,server-2,1,3,1,8.249,1.761,4.494
combined-lc-lrt-cache-off-warm0,130,1,1.0769,11.511,85.035,96.546,death,the-divine-comedy,1,,server-2,1,4,1,8.249,1.761,4.494
combined-lc-lrt-cache-off-warm0,130,1,1.0846,4.091,90.901,94.992,love,the-innocents-abroad,1,,server-2,0,5,1,9.282,1.761,4.494
combined-lc-lrt-cache-off-warm0,130,1,1.0923,1.166,23.139,24.305,love,oliver-twist,1,,server-3,0,4,1,9.282,2.095,8.330
combined-lc-lrt-cache-off-warm0,130,1,1.1000,17.206,13.830,31.036,sea,meditations,1,,server-3,0,4,2,9.282,7.137,4.333
combined-lc-lrt-cache-off-warm0,130,1,1.1077,1.226,26.968,28.194,king,the-jungle,1,,server-1,1,3,2,9.282,7.137,4.333
combined-lc-lrt-cache-off-warm0,130,1,1.1154,20.994,22.044,43.038,king,adventures-of-huckleberry-finn,1,,server-1,2,3,2,4.829,7.137,4.333
combined-lc-lrt-cache-off-warm0,130,1,1.1231,8.235,30.955,39.191,night,mansfield-park,1,,server-3,2,3,2,4.829,7.137,5.038
combined-lc-lrt-cache-off-warm0,130,1,1.1308,2.742,42.593,45.336,you,northanger-abbey,1,,server-3,2,3,3,4.829,7.137,4.393
combined-lc-lrt-cache-off-warm0,130,1,1.1385,37.873,20.029,57.901,money,walden-and-on-the-duty-of-civil-disobedience,1,,server-3,1,3,3,5.853,7.137,2.015
combined-lc-lrt-cache-off-warm0,130,1,1.1462,31.296,60.781,92.076,he,jane-eyre-an-autobiography,1,,server-3,1,3,4,5.853,7.137,2.015
combined-lc-lrt-cache-off-warm0,130,1,1.1538,23.786,31.137,54.923,love,a-journey-to-the-centre-of-the-earth,1,,server-3,1,3,5,5.853,7.137,2.015
combined-lc-lrt-cache-off-warm0,130,1,1.1615,1.298,13.342,14.640,love,the-adventures-of-tom-sawyer-complete,1,,server-1,1,3,5,7.233,7.137,2.015
combined-lc-lrt-cache-off-warm0,130,1,1.1692,7.916,23.319,31.235,house,the-american,1,,server-1,2,3,5,3.751,7.137,7.624
combined-lc-lrt-cache-off-warm0,130,1,1.1769,2.843,41.055,43.898,whale,desperate-remedies,1,,server-1,2,3,4,2.976,34.571,8.870
combined-lc-lrt-cache-off-warm0,130,1,1.1846,33.699,26.143,59.842,money,a-journey-to-the-centre-of-the-earth,1,,server-1,3,0,3,1.758,30.204,5.858
combined-lc-lrt-cache-off-warm0,130,1,1.1923,26.447,13.572,40.019,king,the-prince,1,,server-1,4,0,3,1.758,30.204,5.858
combined-lc-lrt-cache-off-warm0,130,1,1.2000,37.724,20.320,58.044,castle,anne-of-green-gables,1,,server-3,4,0,4,5.900,30.204,7.014
combined-lc-lrt-cache-off-warm0,130,1,1.2077,13.617,31.724,45.342,and,the-hound-of-the-baskervilles,1,,server-1,4,0,4,7.011,30.204,7.014
combined-lc-lrt-cache-off-warm0,130,1,1.2154,1.262,15.178,16.440,london,anne-of-green-gables,1,,server-2,4,1,3,7.011,30.204,8.808
combined-lc-lrt-cache-off-warm0,130,1,1.2231,8.554,38.337,46.892,london,the-scarlet-letter,1,,server-1,4,1,3,6.149,15.540,8.808
combined-lc-lrt-cache-off-warm0,130,1,1.2308,22.479,32.074,54.553,you,wuthering-heights,1,,server-1,5,1,3,5.144,15.540,8.808
combined-lc-lrt-cache-off-warm0,130,1,1.2385,1.692,30.566,32.258,money,the-tenant-of-wildfell-hall,1,,server-2,5,1,1,5.387,12.323,14.225
combined-lc-lrt-cache-off-warm0,130,1,1.2462,25.411,55.432,80.843,the,far-from-the-madding-crowd,1,,server-2,4,2,1,10.712,6.392,14.225
combined-lc-lrt-cache-off-warm0,130,1,1.2538,18.461,54.702,73.163,castle,the-iliad,1,,server-2,3,3,1,10.510,6.392,14.225
combined-lc-lrt-cache-off-warm0,130,1,1.2615,1.537,32.360,33.897,london,the-moonstone,1,,server-3,2,3,1,8.583,6.392,12.305
combined-lc-lrt-cache-off-warm0,130,1,1.2692,26.996,35.687,62.682,was,the-works-of-edgar-allan-poe-volume-2,1,,server-3,2,3,2,8.583,6.392,6.369
combined-lc-lrt-cache-off-warm0,130,1,1.2769,50.717,30.346,81.063,letter,jane-eyre-an-autobiography,1,,server-2,2,3,2,14.301,5.938,6.369
combined-lc-lrt-cache-off-warm0,130,1,1.2846,11.447,20.324,31.771,of,far-from-the-madding-crowd,1,,server-3,2,3,3,14.046,5.938,6.369
combined-lc-lrt-cache-off-warm0,130,1,1.2923,1.636,27.247,28.883,and,great-expectations,1,,server-1,1,3,3,13.898,5.938,6.369
combined-lc-lrt-cache-off-warm0,130,1,1.3000,17.391,23.449,40.841,death,the-prince,1,,server-3,1,3,3,7.210,5.938,4.699
combined-lc-lrt-cache-off-warm0,130,1,1.3077,13.708,38.278,51.986,sea,north-and-south,1,,server-1,2,3,3,7.210,5.938,4.699
combined-lc-lrt-cache-off-warm0,130,1,1.3154,13.832,31.480,45.311,and,a-connecticut-yankee-in-king-arthur-s-court,1,,server-3,2,3,4,7.210,5.938,4.699
combined-lc-lrt-cache-off-warm0,130,1,1.3231,1.799,55.352,57.151,she,the-iliad-2199,1,,server-1,2,3,3,5.922,5.938,5.183
combined-lc-lrt-cache-off-warm0,130,1,1.3308,47.004,24.401,71.405,king,cranford,1,,server-1,3,1,3,3.162,11.737,7.482
combined-lc-lrt-cache-off-warm0,130,1,1.3385,43.322,30.308,73.630,he,the-king-in-yellow,1,,server-1,4,1,2,3.162,11.737,9.087
combined-lc-lrt-cache-off-warm0,130,1,1.3462,34.496,20.148,54.644,sea,washington-square,1,,server-1,5,1,2,3.162,11.737,9.593
combined-lc-lrt-cache-off-warm0,130,1,1.3538,28.475,40.128,68.603,horse,treasure-island,1,,server-1,6,1,2,3.162,11.737,9.593
combined-lc-lrt-cache-off-warm0,130,1,1.3615,1.225,18.236,19.461,castle,the-portrait-of-a-lady-volume-1,1,,server-3,6,0,1,13.792,12.319,11.595
combined-lc-lrt-cache-off-warm0,130,1,1.3692,12.167,23.456,35.624,of,far-from-the-madding-crowd,1,,server-3,6,0,2,13.792,12.319,6.015
combined-lc-lrt-cache-off-warm0,130,1,1.3769,1.686,12.679,14.365,letter,silas-marner,1,,server-2,6,1,2,13.792,12.319,6.015
combined-lc-lrt-cache-off-warm0,130,1,1.3846,20.789,34.679,55.468,love,the-moonstone,1,,server-3,4,1,2,7.506,6.400,4.846
combined-lc-lrt-cache-off-warm0,130,1,1.3923,1.322,32.442,33.764,of,the-romance-of-lust-a-classic-victorian-erotic-novel,1,,server-2,4,1,2,7.506,6.097,4.846
combined-lc-lrt-cache-off-warm0,130,1,1.4000,26.660,10.947,37.607,horse,the-adventures-of-tom-sawyer-complete,1,,server-2,4,2,2,7.506,3.186,4.846
combined-lc-lrt-cache-off-warm0,130,1,1.4077,20.214,21.134,41.348,she,silas-marner,1,,server-2,4,3,1,8.127,3.186,5.532
combined-lc-lrt-cache-off-warm0,130,1,1.4154,25.353,13.755,39.109,she,a-journey-to-the-centre-of-the-earth,1,,server-3,1,3,2,9.952,3.186,5.532
combined-lc-lrt-cache-off-warm0,130,1,1.4231,1.619,14.700,16.319,london,the-warden,1,,server-1,1,3,2,12.668,3.186,5.532
combined-lc-lrt-cache-off-warm0,130,1,1.4308,9.235,19.264,28.499,he,madame-bovary,1,,server-1,2,2,2,6.555,6.144,5.532
combined-lc-lrt-cache-off-warm0,130,1,1.4385,10.093,26.010,36.104,whale,mansfield-park,1,,server-2,2,2,2,6.555,5.679,5.532
combined-lc-lrt-cache-off-warm0,130,1,1.4462,13.639,20.729,34.368,castle,a-tale-of-two-cities,1,,server-1,2,2,1,4.204,4.584,7.762
combined-lc-lrt-cache-off-warm0,130,1,1.4538,21.467,10.295,31.762,and,herland,1,,server-2,2,2,1,4.204,5.384,8.875
combined-lc-lrt-cache-off-warm0,130,1,1.4615,1.408,24.842,26.250,night,the-last-of-the-mohicans-a-narrative-of-1757-27681,1,,server-3,1,2,1,4.245,5.384,7.114
combined-lc-lrt-cache-off-warm0,130,1,1.4692,19.105,24.093,43.197,castle,oliver-twist,1,,server-3,1,2,2,4.245,5.384,3.711
combined-lc-lrt-cache-off-warm0,130,1,1.4769,4.268,20.776,25.044,money,the-memoirs-of-sherlock-holmes,1,,server-1,2,1,2,4.245,5.921,3.711
combined-lc-lrt-cache-off-warm0,130,1,1.4846,18.077,8.891,26.968,letter,the-hound-of-the-baskervilles-3070,1,,server-1,2,1,2,3.520,5.921,3.711
combined-lc-lrt-cache-off-warm0,130,1,1.4923,1.385,28.385,29.770,the,the-last-of-the-mohicans-a-narrative-of-1757,1,,server-2,2,1,1,3.520,5.390,5.106
combined-lc-lrt-cache-off-warm0,130,1,1.5000,22.547,42.798,65.345,and,emma,1,,server-2,2,2,1,3.520,2.843,5.106
combined-lc-lrt-cache-off-warm0,130,1,1.5077,14.483,37.911,52.394,house,pride-and-prejudice,1,,server-2,1,3,1,4.686,2.843,5.106
combined-lc-lrt-cache-off-warm0,130,1,1.5154,1.225,29.275,30.500,house,north-and-south,1,,server-1,1,3,0,4.368,2.843,7.102
combined-lc-lrt-cache-off-warm0,130,1,1.5231,23.740,12.309,36.049,was,the-first-men-in-the-moon,1,,server-1,2,2,0,2.300,4.426,7.102
combined-lc-lrt-cache-off-warm0,130,1,1.5308,16.240,20.185,36.425,she,black-beauty,1,,server-1,3,2,0,2.300,4.426,7.102
combined-lc-lrt-cache-off-warm0,130,1,1.5385,1.467,20.669,22.135,sea,the-return-of-sherlock-holmes,1,,server-3,3,2,1,2.300,4.426,7.102
combined-lc-lrt-cache-off-warm0,130,1,1.5462,14.910,14.452,29.362,the,the-adventures-of-tom-sawyer-complete,1,,server-3,3,2,2,9.107,4.426,3.704
combined-lc-lrt-cache-off-warm0,130,1,1.5538,7.334,43.392,50.727,and,the-moonstone,1,,server-3,2,2,3,3.867,4.426,3.704
combined-lc-lrt-cache-off-warm0,130,1,1.5615,2.398,53.659,56.057,of,memoirs-of-fanny-hill,1,,server-3,2,1,3,5.414,8.822,2.670
combined-lc-lrt-cache-off-warm0,130,1,1.5692,37.135,21.639,58.774,whale,the-hound-of-the-baskervilles,1,,server-3,0,0,4,6.789,12.407,1.563
combined-lc-lrt-cache-off-warm0,130,1,1.5769,1.345,18.626,19.971,and,northanger-abbey,1,,server-1,1,0,4,6.789,12.407,3.283
combined-lc-lrt-cache-off-warm0,130,1,1.5846,12.585,27.633,40.218,the,the-divine-comedy,1,,server-1,2,0,4,3.565,12.407,3.283
combined-lc-lrt-cache-off-warm0,130,1,1.5923,5.451,25.043,30.495,the,the-secret-garden,1,,server-1,3,0,4,3.565,12.407,3.283
combined-lc-lrt-cache-off-warm0,130,1,1.6000,25.157,24.957,50.114,money,treasure-island,1,,server-1,3,0,4,2.594,12.407,3.283
combined-lc-lrt-cache-off-warm0,130,1,1.6077,18.018,24.346,42.364,castle,the-scarlet-letter-33,1,,server-1,4,0,2,2.594,12.407,9.298
combined-lc-lrt-cache-off-warm0,130,1,1.6154,1.501,26.148,27.649,the,sense-and-sensibility,1,,server-2,4,1,2,2.594,12.407,9.298
combined-lc-lrt-cache-off-warm0,130,1,1.6231,20.595,12.271,32.867,house,the-king-in-yellow,1,,server-2,4,2,1,7.984,6.437,14.537
combined-lc-lrt-cache-off-warm0,130,1,1.6308,1.376,9.212,10.588,she,herland,1,,server-3,2,2,1,5.231,6.437,12.687
combined-lc-lrt-cache-off-warm0,130,1,1.6385,3.450,27.081,30.531,of,the-jungle,1,,server-3,2,2,2,5.231,6.437,6.581
combined-lc-lrt-cache-off-warm0,130,1,1.6462,23.899,23.601,47.500,london,the-last-of-the-mohicans-a-narrative-of-1757,1,,server-3,2,1,2,5.231,6.320,3.187
combined-lc-lrt-cache-off-warm0,130,1,1.6538,1.282,29.095,30.377,whale,emma,1,,server-1,1,1,2,7.597,6.320,3.187
combined-lc-lrt-cache-off-warm0,130,1,1.6615,1.391,19.454,20.845,was,grimms-fairy-tales,1,,server-2,1,1,2,3.982,5.942,3.187
combined-lc-lrt-cache-off-warm0,130,1,1.6692,13.612,16.721,30.332,letter,adventures-of-huckleberry-finn,1,,server-2,1,2,2,3.982,3.120,8.612
combined-lc-lrt-cache-off-warm0,130,1,1.6769,7.946,9.941,17.887,was,the-prince,1,,server-1,2,2,1,3.982,3.120,5.561
combined-lc-lrt-cache-off-warm0,130,1,1.6846,1.350,72.535,73.886,love,the-mysterious-island,1,,server-2,1,2,1,4.396,3.963,5.561
combined-lc-lrt-cache-off-warm0,130,1,1.6923,8.602,60.197,68.800,money,emma,1,,server-2,1,3,1,4.396,2.592,5.561
combined-lc-lrt-cache-off-warm0,130,1,1.7000,1.408,21.769,23.177,the,a-tale-of-two-cities,1,,server-1,1,2,0,4.365,5.251,7.288
combined-lc-lrt-cache-off-warm0,130,1,1.7077,16.227,26.723,42.950,house,the-warden,1,,server-1,2,2,0,2.298,4.232,7.288
combined-lc-lrt-cache-off-warm0,130,1,1.7154,8.698,11.977,20.675,king,around-the-world-in-eighty-days,1,,server-1,3,2,0,2.298,4.232,7.288
combined-lc-lrt-cache-off-warm0,130,1,1.7231,1.448,14.833,16.281,the,the-war-of-the-worlds,1,,server-3,3,2,1,6.094,4.232,7.288
combined-lc-lrt-cache-off-warm0,130,1,1.7308,8.755,22.855,31.610,london,jude-the-obscure,1,,server-3,2,2,2,2.601,4.232,3.801
combined-lc-lrt-cache-off-warm0,130,1,1.7385,1.679,30.768,32.447,she,around-the-world-in-eighty-days,1,,server-3,2,2,3,4.386,4.232,3.801
combined-lc-lrt-cache-off-warm0,130,1,1.7462,16.835,19.783,36.619,was,black-beauty,1,,server-3,2,2,3,4.386,4.232,1.910
combined-lc-lrt-cache-off-warm0,130,1,1.7538,18.056,28.641,46.697,whale,the-war-of-the-worlds,1,,server-3,0,2,4,8.088,4.232,1.910
combined-lc-lrt-cache-off-warm0,130,1,1.7615,1.380,14.902,16.282,the,the-picture-of-dorian-gray,1,,server-1,1,0,4,8.088,15.787,1.910
combined-lc-lrt-cache-off-warm0,130,1,1.7692,9.415,45.189,54.604,the,autobiography-of-benjamin-franklin,1,,server-1,2,0,3,4.229,15.787,5.122
combined-lc-lrt-cache-off-warm0,130,1,1.7769,2.109,46.798,48.907,house,adventures-of-huckleberry-finn,1,,server-1,3,0,2,4.229,15.787,6.501
combined-lc-lrt-cache-off-warm0,130,1,1.7846,41.330,19.742,61.073,whale,grimms-fairy-tales,1,,server-1,3,0,1,1.960,15.787,6.271
combined-lc-lrt-cache-off-warm0,130,1,1.7923,34.581,81.858,116.439,king,the-innocents-abroad,1,,server-1,4,0,1,1.960,15.787,6.271
combined-lc-lrt-cache-off-warm0,130,1,1.8000,27.161,87.857,115.018,king,the-song-of-the-lark,1,,server-1,5,0,1,1.960,15.787,6.271
combined-lc-lrt-cache-off-warm0,130,1,1.8077,3.058,29.931,32.988,letter,great-expectations,1,,server-3,5,0,1,1.960,15.787,8.530
combined-lc-lrt-cache-off-warm0,130,1,1.8154,25.983,37.072,63.055,letter,madame-bovary,1,,server-3,5,0,2,1.960,15.787,4.557
combined-lc-lrt-cache-off-warm0,130,1,1.8231,5.100,82.634,87.734,of,madame-bovary,1,,server-1,6,0,2,1.960,15.787,4.557
combined-lc-lrt-cache-off-warm0,130,1,1.8308,10.249,22.115,32.364,she,the-song-of-the-lark,1,,server-3,4,0,3,4.009,15.787,4.557
combined-lc-lrt-cache-off-warm0,130,1,1.8385,1.543,11.234,12.777,you,the-wind-in-the-willows,1,,server-2,4,1,3,4.009,15.787,4.557
combined-lc-lrt-cache-off-warm0,130,1,1.8462,17.411,37.776,55.187,love,a-connecticut-yankee-in-king-arthur-s-court,1,,server-3,4,1,3,7.046,8.194,4.276
combined-lc-lrt-cache-off-warm0,130,1,1.8538,1.268,9.627,10.894,the,the-kama-sutra-of-vatsyayana,1,,server-2,4,1,3,7.046,7.001,4.276
combined-lc-lrt-cache-off-warm0,130,1,1.8615,3.792,19.571,23.362,you,madame-bovary,1,,server-2,4,2,3,8.766,3.668,4.276
combined-lc-lrt-cache-off-warm0,130,1,1.8692,16.182,12.644,28.826,heart,frankenstein-or-the-modern-prometheus,1,,server-2,3,2,2,8.766,2.303,4.930
combined-lc-lrt-cache-off-warm0,130,1,1.8769,8.707,33.597,42.304,death,life-on-the-mississippi,1,,server-2,3,3,2,8.766,2.303,4.930
combined-lc-lrt-cache-off-warm0,130,1,1.8846,17.264,22.047,39.311,letter,the-memoirs-of-sherlock-holmes,1,,server-3,3,3,2,8.766,4.799,9.139
combined-lc-lrt-cache-off-warm0,130,1,1.8923,6.715,44.851,51.567,king,oliver-twist,1,,server-2,3,3,2,8.766,2.550,9.139
combined-lc-lrt-cache-off-warm0,130,1,1.9000,20.607,33.501,54.108,letter,dubliners,1,,server-2,3,3,2,8.766,3.179,9.139
combined-lc-lrt-cache-off-warm0,130,1,1.9077,12.947,44.654,57.601,the,treasure-island,1,,server-2,3,4,1,8.766,3.179,7.688
combined-lc-lrt-cache-off-warm0,130,1,1.9154,9.233,18.547,27.780,castle,the-adventures-of-sherlock-holmes,1,,server-3,0,4,2,29.072,3.179,7.688
combined-lc-lrt-cache-off-warm0,130,1,1.9231,31.344,24.300,55.644,she,persuasion,1,,server-2,0,4,2,29.072,4.471,7.688
combined-lc-lrt-cache-off-warm0,130,1,1.9308,12.222,15.249,27.471,letter,the-adventures-of-sherlock-holmes,1,,server-3,0,4,2,29.072,4.471,5.218
combined-lc-lrt-cache-off-warm0,130,1,1.9385,3.755,33.675,37.430,night,hard-times,1,,server-3,0,4,3,29.072,4.471,5.218
combined-lc-lrt-cache-off-warm0,130,1,1.9462,28.268,27.139,55.406,horse,the-last-of-the-mohicans-a-narrative-of-1757-27681,1,,server-3,0,3,3,29.072,10.186,3.009
combined-lc-lrt-cache-off-warm0,130,1,1.9538,22.515,69.055,91.571,king,the-odyssey,1,,server-3,0,3,4,29.072,14.755,3.009
combined-lc-lrt-cache-off-warm0,130,1,1.9615,14.994,35.075,50.069,money,silas-marner,1,,server-3,0,2,4,29.072,8.789,5.985
combined-lc-lrt-cache-off-warm0,130,1,1.9692,10.220,31.883,42.103,was,dracula,1,,server-2,0,2,4,29.072,12.854,5.985
combined-lc-lrt-cache-off-warm0,130,1,1.9769,2.788,66.973,69.761,heart,the-memoirs-of-sherlock-holmes,1,,server-3,0,2,4,29.072,12.854,4.285
combined-lc-lrt-cache-off-warm0,130,1,1.9846,27.465,67.712,95.176,whale,the-kama-sutra-of-vatsyayana,1,,server-3,0,1,5,29.072,7.149,2.557
combined-lc-lrt-cache-off-warm0,130,1,1.9923,19.449,30.181,49.629,he,the-jungle,1,,server-2,0,2,5,29.072,7.149,2.557
combined-lc-lrt-cache-off-warm0,130,1,2.0000,12.565,67.514,80.079,and,the-works-of-edgar-allan-poe-volume-2,1,,server-3,0,2,6,29.072,7.149,2.557
combined-lc-lrt-cache-off-warm0,130,1,2.0077,3.791,8.751,12.541,sea,the-great-gatsby,1,,server-2,0,3,5,29.072,7.149,7.841
combined-lc-lrt-cache-off-warm0,130,1,2.0154,6.021,35.474,41.495,money,around-the-world-in-eighty-days,1,,server-2,0,3,4,29.072,3.692,6.359
combined-lc-lrt-cache-off-warm0,130,1,2.0231,19.803,64.611,84.414,you,the-adventures-of-sherlock-holmes,1,,server-2,0,3,4,29.072,3.219,6.359
combined-lc-lrt-cache-off-warm0,130,1,2.0308,12.115,49.785,61.900,horse,far-from-the-madding-crowd,1,,server-2,0,4,4,29.072,3.219,6.359
combined-lc-lrt-cache-off-warm0,130,1,2.0385,6.895,28.884,35.778,of,autobiography-of-benjamin-franklin,1,,server-2,0,5,4,29.072,3.219,6.359
combined-lc-lrt-cache-off-warm0,130,1,2.0462,58.567,40.574,99.141,the,the-age-of-innocence,1,,server-2,0,5,4,29.072,3.159,31.264
combined-lc-lrt-cache-off-warm0,130,1,2.0538,36.577,52.686,89.262,heart,far-from-the-madding-crowd,1,,server-2,0,6,2,29.072,3.159,20.466
combined-lc-lrt-cache-off-warm0,130,1,2.0615,1.701,25.522,27.223,london,dracula,1,,server-1,1,6,2,29.072,4.622,20.466
combined-lc-lrt-cache-off-warm0,130,1,2.0692,20.289,24.362,44.651,horse,the-works-of-edgar-allan-poe-volume-2,1,,server-1,2,6,2,14.968,4.622,20.466
combined-lc-lrt-cache-off-warm0,130,1,2.0769,12.836,22.720,35.555,whale,poirot-investigates,1,,server-1,3,5,2,14.968,11.327,20.466
combined-lc-lrt-cache-off-warm0,130,1,2.0846,1.394,24.689,26.083,of,the-jungle,1,,server-3,3,5,1,14.968,11.327,19.961
combined-lc-lrt-cache-off-warm0,130,1,2.0923,22.478,37.773,60.251,love,the-jungle,1,,server-1,3,4,1,5.593,24.909,10.302
combined-lc-lrt-cache-off-warm0,130,1,2.1000,11.539,13.743,25.282,death,washington-square,1,,server-3,3,4,2,5.593,24.909,10.302
combined-lc-lrt-cache-off-warm0,130,1,2.1077,7.232,39.883,47.115,letter,wuthering-heights,1,,server-1,4,3,2,5.593,18.323,10.302
combined-lc-lrt-cache-off-warm0,130,1,2.1154,3.234,50.454,53.688,night,adventures-of-huckleberry-finn,1,,server-1,3,2,1,3.644,18.323,6.472
combined-lc-lrt-cache-off-warm0,130,1,2.1231,46.286,11.085,57.370,heart,washington-square,1,,server-1,4,2,1,2.201,18.323,6.472
combined-lc-lrt-cache-off-warm0,130,1,2.1308,1.308,9.738,11.045,love,the-hound-of-the-baskervilles,1,,server-3,4,2,1,2.201,18.323,6.276
combined-lc-lrt-cache-off-warm0,130,1,2.1385,4.058,36.273,40.331,you,the-mysterious-island,1,,server-3,4,2,2,2.201,18.323,3.279
combined-lc-lrt-cache-off-warm0,130,1,2.1462,33.466,25.289,58.756,of,twenty-thousand-leagues-under-the-sea,1,,server-3,4,0,2,2.201,16.556,2.193
combined-lc-lrt-cache-off-warm0,130,1,2.1538,25.990,56.291,82.282,horse,the-wind-in-the-willows,1,,server-3,4,0,3,7.472,16.556,2.193
combined-lc-lrt-cache-off-warm0,130,1,2.1615,18.020,100.654,118.674,whale,the-last-of-the-mohicans-a-narrative-of-1757,1,,server-3,2,0,4,15.283,16.556,2.193
combined-lc-lrt-cache-off-warm0,130,1,2.1692,11.149,57.508,68.658,you,white-fang,1,,server-3,2,0,5,16.360,16.556,2.193
combined-lc-lrt-cache-off-warm0,130,1,2.1769,6.248,77.592,83.840,she,little-women,1,,server-3,1,0,6,13.136,16.556,2.193
combined-lc-lrt-cache-off-warm0,130,1,2.1846,1.229,23.091,24.320,she,myths-and-legends-of-ancient-greece-and-rome,1,,server-1,1,0,5,10.097,16.556,2.839
combined-lc-lrt-cache-off-warm0,130,1,2.1923,15.809,45.570,61.380,king,poirot-investigates,1,,server-1,2,0,5,5.235,16.556,2.839
combined-lc-lrt-cache-off-warm0,130,1,2.2000,9.995,49.393,59.388,whale,the-vicomte-de-bragelonne,1,,server-1,3,0,5,5.235,16.556,2.839
combined-lc-lrt-cache-off-warm0,130,1,2.2077,1.466,28.006,29.472,night,the-iliad-2199,1,,server-2,3,1,5,5.235,16.556,8.158
combined-lc-lrt-cache-off-warm0,130,1,2.2154,13.541,70.462,84.004,sea,north-and-south,1,,server-1,3,1,5,3.198,8.565,8.158
combined-lc-lrt-cache-off-warm0,130,1,2.2231,36.488,36.517,73.005,the,myths-and-legends-of-ancient-greece-and-rome,1,,server-1,4,1,5,3.198,8.565,8.158
combined-lc-lrt-cache-off-warm0,130,1,2.2308,6.555,43.226,49.781,money,mansfield-park,1,,server-2,4,2,4,4.260,8.565,8.158
combined-lc-lrt-cache-off-warm0,130,1,2.2385,1.010,38.714,39.723,death,pride-and-prejudice,1,,server-2,4,2,4,4.260,6.072,20.665
combined-lc-lrt-cache-off-warm0,130,1,2.2462,34.793,19.043,53.836,whale,the-king-in-yellow,1,,server-2,4,3,4,4.260,3.151,20.665
combined-lc-lrt-cache-off-warm0,130,1,2.2538,27.989,60.285,88.274,of,the-vicomte-de-bragelonne,1,,server-2,4,4,4,4.260,3.151,20.665
combined-lc-lrt-cache-off-warm0,130,1,2.2615,20.118,36.314,56.432,sea,the-odyssey,1,,server-2,2,5,1,13.944,5.178,21.640
combined-lc-lrt-cache-off-warm0,130,1,2.2692,14.661,82.374,97.035,and,emma,1,,server-2,2,6,1,13.944,5.178,21.640
combined-lc-lrt-cache-off-warm0,130,1,2.2769,6.810,135.886,142.696,she,frankenstein-or-the-modern-prometheus,1,,server-2,2,7,1,13.944,5.178,21.640
combined-lc-lrt-cache-off-warm0,130,1,2.2846,15.567,80.730,96.296,the,the-memoirs-of-sherlock-holmes,1,,server-2,2,6,0,13.944,2.747,29.889
combined-lc-lrt-cache-off-warm0,130,1,2.2923,8.058,108.146,116.205,of,the-moonstone,1,,server-2,2,7,0,13.944,2.747,29.889
combined-lc-lrt-cache-off-warm0,130,1,2.3000,1.707,31.219,32.926,was,little-women,1,,server-1,1,7,0,15.617,5.333,29.889
combined-lc-lrt-cache-off-warm0,130,1,2.3077,27.050,37.396,64.446,was,the-age-of-innocence,1,,server-1,2,7,0,8.080,3.684,29.889
combined-lc-lrt-cache-off-warm0,130,1,2.3154,19.064,38.080,57.144,and,walden-and-on-the-duty-of-civil-disobedience,1,,server-1,3,7,0,8.080,3.684,29.889
combined-lc-lrt-cache-off-warm0,130,1,2.3231,1.316,19.778,21.094,heart,leaves-of-grass,1,,server-3,3,7,1,8.080,11.929,29.889
combined-lc-lrt-cache-off-warm0,130,1,2.3308,14.140,17.964,32.104,sea,a-connecticut-yankee-in-king-arthur-s-court,1,,server-3,3,7,2,8.080,11.929,15.377
combined-lc-lrt-cache-off-warm0,130,1,2.3385,34.238,14.615,48.853,he,the-picture-of-dorian-gray,1,,server-1,3,7,2,6.096,11.929,15.377
combined-lc-lrt-cache-off-warm0,130,1,2.3462,1.857,28.986,30.843,love,persuasion,1,,server-3,3,5,2,6.096,21.895,8.331
combined-lc-lrt-cache-off-warm0,130,1,2.3538,10.826,21.755,32.581,castle,the-prince,1,,server-3,3,5,3,6.096,21.895,5.461
combined-lc-lrt-cache-off-warm0,130,1,2.3615,11.754,35.634,47.388,money,the-american,1,,server-1,4,5,3,6.096,21.296,6.937
combined-lc-lrt-cache-off-warm0,130,1,2.3692,8.806,27.123,35.929,whale,desperate-remedies,1,,server-3,4,4,3,6.096,33.258,4.957
combined-lc-lrt-cache-off-warm0,130,1,2.3769,28.844,15.978,44.823,the,the-king-in-yellow,1,,server-1,3,4,3,5.650,33.258,7.107
combined-lc-lrt-cache-off-warm0,130,1,2.3846,2.510,31.448,33.958,she,agnes-grey,1,,server-3,3,4,3,5.650,39.230,3.870
combined-lc-lrt-cache-off-warm0,130,1,2.3923,13.561,29.760,43.321,he,the-prince,1,,server-3,3,4,3,6.269,39.230,3.186
combined-lc-lrt-cache-off-warm0,130,1,2.4000,6.746,28.843,35.590,money,the-jungle-book,1,,server-3,3,4,4,6.269,39.230,3.186
combined-lc-lrt-cache-off-warm0,130,1,2.4077,25.344,15.268,40.612,heart,black-beauty,1,,server-3,2,3,4,11.246,47.027,2.918
combined-lc-lrt-cache-off-warm0,130,1,2.4154,20.490,34.466,54.955,and,the-american,1,,server-3,1,3,5,9.168,47.027,2.918
combined-lc-lrt-cache-off-warm0,130,1,2.4231,1.403,25.229,26.633,she,desperate-remedies,1,,server-1,1,0,5,7.965,47.051,7.457
combined-lc-lrt-cache-off-warm0,130,1,2.4308,19.907,14.280,34.187,and,the-king-in-yellow,1,,server-1,2,0,5,4.146,47.051,7.457
combined-lc-lrt-cache-off-warm0,130,1,2.4385,12.394,30.930,43.324,king,black-beauty,1,,server-1,3,0,2,4.146,47.051,5.884
combined-lc-lrt-cache-off-warm0,130,1,2.4462,4.860,32.088,36.948,he,the-lost-world,1,,server-1,4,0,2,4.146,47.051,5.884
combined-lc-lrt-cache-off-warm0,130,1,2.4538,29.521,31.930,61.452,king,the-return-of-sherlock-holmes-108,1,,server-1,4,0,2,2.028,47.051,7.335
combined-lc-lrt-cache-off-warm0,130,1,2.4615,21.630,30.290,51.920,london,grimms-fairy-tales,1,,server-1,5,0,2,2.028,47.051,7.335
combined-lc-lrt-cache-off-warm0,130,1,2.4692,1.414,13.157,14.572,london,northanger-abbey,1,,server-3,5,0,3,4.880,47.051,7.335
combined-lc-lrt-cache-off-warm0,130,1,2.4769,7.449,17.346,24.795,king,the-return-of-sherlock-holmes,1,,server-3,5,0,2,4.880,47.051,5.953
combined-lc-lrt-cache-off-warm0,130,1,2.4846,1.256,38.109,39.365,money,the-great-gatsby,1,,server-3,3,0,2,5.966,47.051,3.678
combined-lc-lrt-cache-off-warm0,130,1,2.4923,9.707,13.998,23.706,house,myths-and-legends-of-ancient-greece-and-rome,1,,server-3,2,0,3,5.966,47.051,1.985
combined-lc-lrt-cache-off-warm0,130,1,2.5000,2.911,66.325,69.236,she,jane-eyre-an-autobiography,1,,server-3,2,0,4,5.966,47.051,1.985
combined-lc-lrt-cache-off-warm0,130,1,2.5077,16.509,46.428,62.937,money,a-journey-to-the-centre-of-the-earth,1,,server-3,2,0,4,5.966,47.051,1.909
combined-lc-lrt-cache-off-warm0,130,1,2.5154,9.316,61.785,71.102,night,the-last-of-the-mohicans-a-narrative-of-1757-27681,1,,server-3,2,0,5,9.809,47.051,1.909
combined-lc-lrt-cache-off-warm0,130,1,2.5231,1.488,12.634,14.122,she,the-mysterious-affair-at-styles,1,,server-1,1,0,5,9.809,47.051,4.382
combined-lc-lrt-cache-off-warm0,130,1,2.5308,6.493,19.752,26.245,love,the-return-of-sherlock-holmes,1,,server-1,2,0,3,5.109,47.051,5.735
combined-lc-lrt-cache-off-warm0,130,1,2.5385,1.496,55.849,57.345,letter,north-and-south,1,,server-1,2,0,3,3.277,47.051,5.735
combined-lc-lrt-cache-off-warm0,130,1,2.5462,12.334,34.054,46.388,the,beyond-good-and-evil,1,,server-1,3,0,3,2.230,47.051,5.735
combined-lc-lrt-cache-off-warm0,130,1,2.5538,7.337,43.825,51.162,was,beyond-good-and-evil,1,,server-1,4,0,3,2.230,47.051,5.735
combined-lc-lrt-cache-off-warm0,130,1,2.5615,35.928,73.257,109.186,the,the-mystery-of-edwin-drood,1,,server-1,4,0,3,4.050,47.051,5.735
combined-lc-lrt-cache-off-warm0,130,1,2.5692,28.322,36.318,64.640,house,the-vicomte-de-bragelonne,1,,server-1,5,0,3,4.050,47.051,17.635
combined-lc-lrt-cache-off-warm0,130,1,2.5769,28.171,70.190,98.360,night,north-and-south,1,,server-1,6,0,3,4.050,47.051,18.859
combined-lc-lrt-cache-off-warm0,130,1,2.5846,1.314,20.845,22.158,was,leaves-of-grass,1,,server-2,6,1,3,7.910,47.051,18.859
combined-lc-lrt-cache-off-warm0,130,1,2.5923,1.186,15.076,16.262,of,kidnapped,1,,server-3,6,1,1,13.062,24.166,19.263
combined-lc-lrt-cache-off-warm0,130,1,2.6000,9.320,11.490,20.810,love,the-adventures-of-tom-sawyer-complete,1,,server-3,4,1,2,9.926,24.166,9.925
combined-lc-lrt-cache-off-warm0,130,1,2.6077,1.445,14.629,16.074,money,the-secret-adversary,1,,server-2,3,1,2,7.144,18.764,9.925
combined-lc-lrt-cache-off-warm0,130,1,2.6154,5.904,27.573,33.477,and,the-romance-of-lust-a-classic-victorian-erotic-novel,1,,server-3,3,1,2,7.144,9.702,5.316
combined-lc-lrt-cache-off-warm0,130,1,2.6231,1.588,62.678,64.266,he,treasure-island,1,,server-3,3,1,2,7.144,9.702,3.139
combined-lc-lrt-cache-off-warm0,130,1,2.6308,19.152,39.242,58.393,of,autobiography-of-benjamin-franklin,1,,server-3,3,0,3,7.144,8.514,2.147
combined-lc-lrt-cache-off-warm0,130,1,2.6385,1.322,19.074,20.396,of,adventures-of-huckleberry-finn,1,,server-2,3,1,3,12.801,8.514,2.147
combined-lc-lrt-cache-off-warm0,130,1,2.6462,3.971,35.916,39.886,the,persuasion,1,,server-3,3,1,4,12.801,4.436,2.147
combined-lc-lrt-cache-off-warm0,130,1,2.6538,5.689,17.970,23.659,was,the-mystery-of-edwin-drood,1,,server-2,3,2,3,12.801,4.436,5.385
combined-lc-lrt-cache-off-warm0,130,1,2.6615,17.280,61.944,79.224,letter,north-and-south,1,,server-2,3,2,3,12.801,3.496,5.385
combined-lc-lrt-cache-off-warm0,130,1,2.6692,8.933,16.333,25.266,he,the-picture-of-dorian-gray,1,,server-2,3,3,3,12.801,3.496,5.385
combined-lc-lrt-cache-off-warm0,130,1,2.6769,1.703,26.250,27.953,of,dubliners,1,,server-2,0,4,3,23.444,3.496,5.385
combined-lc-lrt-cache-off-warm0,130,1,2.6846,30.385,66.852,97.237,he,tess-of-the-d-urbervilles-a-pure-woman,1,,server-2,0,4,3,23.444,2.298,5.385
combined-lc-lrt-cache-off-warm0,130,1,2.6923,45.862,46.145,92.008,the,the-american,1,,server-2,0,5,0,23.444,2.298,12.286
combined-lc-lrt-cache-off-warm0,130,1,2.7000,1.340,27.309,28.648,love,the-last-of-the-mohicans-a-narrative-of-1757-27681,1,,server-3,0,5,1,23.444,4.105,12.286
combined-lc-lrt-cache-off-warm0,130,1,2.7077,21.260,27.346,48.606,sea,the-mysterious-island,1,,server-3,0,4,2,23.444,11.214,6.367
combined-lc-lrt-cache-off-warm0,130,1,2.7154,14.281,44.020,58.302,heart,the-divine-comedy,1,,server-3,0,4,3,23.444,10.921,6.367
combined-lc-lrt-cache-off-warm0,130,1,2.7231,1.189,22.062,23.250,heart,life-on-the-mississippi,1,,server-1,1,4,3,23.444,10.921,6.367
combined-lc-lrt-cache-off-warm0,130,1,2.7308,25.767,41.113,66.880,you,meditations,1,,server-3,1,4,3,12.072,10.921,4.572
combined-lc-lrt-cache-off-warm0,130,1,2.7385,19.181,41.900,61.082,love,walden-and-on-the-duty-of-civil-disobedience,1,,server-3,1,3,4,12.072,20.002,3.840
combined-lc-lrt-cache-off-warm0,130,1,2.7462,27.098,48.985,76.083,sea,dracula,1,,server-3,1,2,5,11.172,18.444,3.840
combined-lc-lrt-cache-off-warm0,130,1,2.7538,1.454,17.825,19.279,house,the-return-of-sherlock-holmes-108,1,,server-1,1,2,5,11.172,18.444,3.840
combined-lc-lrt-cache-off-warm0,130,1,2.7615,12.483,19.132,31.615,he,memoirs-of-fanny-hill,1,,server-1,2,2,4,5.849,18.444,5.820
combined-lc-lrt-cache-off-warm0,130,1,2.7692,6.664,26.471,33.135,money,a-princess-of-mars,1,,server-1,3,2,4,5.849,18.444,5.820
combined-lc-lrt-cache-off-warm0,130,1,2.7769,24.992,35.903,60.895,castle,the-house-of-mirth,1,,server-1,3,2,3,3.167,18.444,9.739
combined-lc-lrt-cache-off-warm0,130,1,2.7846,17.407,17.403,34.810,letter,the-house-of-the-seven-gables,1,,server-1,4,0,3,3.167,17.944,9.739
combined-lc-lrt-cache-off-warm0,130,1,2.7923,9.890,51.293,61.184,whale,the-mystery-of-edwin-drood,1,,server-1,5,0,3,3.167,17.944,9.739
combined-lc-lrt-cache-off-warm0,130,1,2.8000,1.445,30.116,31.562,he,little-women,1,,server-2,5,1,1,6.549,17.944,13.779
combined-lc-lrt-cache-off-warm0,130,1,2.8077,13.360,48.476,61.836,money,thus-spake-zarathustra-a-book-for-all-and-none,1,,server-1,4,1,1,4.047,9.252,13.779
combined-lc-lrt-cache-off-warm0,130,1,2.8154,16.923,19.854,36.776,london,the-american,1,,server-2,4,2,1,4.047,9.252,13.779
combined-lc-lrt-cache-off-warm0,130,1,2.8231,1.245,10.006,11.252,night,the-war-of-the-worlds,1,,server-3,3,2,1,5.460,9.252,16.547
combined-lc-lrt-cache-off-warm0,130,1,2.8308,4.023,31.740,35.763,night,the-mysterious-island,1,,server-3,3,2,2,5.460,13.796,8.526
combined-lc-lrt-cache-off-warm0,130,1,2.8385,28.108,33.138,61.246,love,the-adventures-of-sherlock-holmes,1,,server-3,3,1,2,12.796,7.126,3.955
combined-lc-lrt-cache-off-warm0,130,1,2.8462,20.716,34.894,55.610,the,sense-and-sensibility,1,,server-3,3,1,3,12.796,7.126,3.955
combined-lc-lrt-cache-off-warm0,130,1,2.8538,1.433,11.707,13.140,death,the-wind-in-the-willows,1,,server-2,3,1,3,15.749,7.659,3.955
combined-lc-lrt-cache-off-warm0,130,1,2.8615,6.125,16.028,22.153,king,cranford,1,,server-2,3,2,3,15.749,3.986,3.955
combined-lc-lrt-cache-off-warm0,130,1,2.8692,14.598,34.237,48.835,and,adventures-of-huckleberry-finn,1,,server-2,1,2,2,19.311,2.743,5.467
combined-lc-lrt-cache-off-warm0,130,1,2.8769,7.632,33.797,41.430,castle,agnes-grey,1,,server-2,0,3,2,15.480,2.743,5.467
combined-lc-lrt-cache-off-warm0,130,1,2.8846,1.828,49.849,51.677,night,the-house-of-mirth,1,,server-2,0,3,2,15.480,3.018,5.467
combined-lc-lrt-cache-off-warm0,130,1,2.8923,25.497,31.140,56.637,whale,a-princess-of-mars,1,,server-2,0,4,2,15.480,1.442,5.467
combined-lc-lrt-cache-off-warm0,130,1,2.9000,18.306,56.328,74.634,love,the-portrait-of-a-lady-volume-1,1,,server-2,0,5,2,15.480,1.442,10.835
combined-lc-lrt-cache-off-warm0,130,1,2.9077,10.836,53.219,64.055,death,the-wind-in-the-willows,1,,server-2,0,6,0,15.480,1.442,10.283
combined-lc-lrt-cache-off-warm0,130,1,2.9154,23.302,63.749,87.051,was,the-mysterious-island,1,,server-2,0,7,0,15.480,1.442,10.283
combined-lc-lrt-cache-off-warm0,130,1,2.9231,1.349,21.488,22.837,castle,the-song-of-the-lark,1,,server-3,0,7,1,15.480,10.094,10.283
combined-lc-lrt-cache-off-warm0,130,1,2.9308,15.643,17.042,32.685,and,thus-spake-zarathustra-a-book-for-all-and-none,1,,server-3,0,7,2,15.480,10.094,5.331
combined-lc-lrt-cache-off-warm0,130,1,2.9385,1.368,31.737,33.105,sea,the-iliad,1,,server-1,1,6,2,15.480,13.209,5.331
combined-lc-lrt-cache-off-warm0,130,1,2.9462,25.680,21.877,47.557,london,sense-and-sensibility,1,,server-1,2,4,2,7.997,10.855,6.244
combined-lc-lrt-cache-off-warm0,130,1,2.9538,10.542,15.130,25.673,heart,the-secret-adversary,1,,server-3,2,3,2,7.997,9.011,5.017
combined-lc-lrt-cache-off-warm0,130,1,2.9615,3.371,27.883,31.255,house,the-age-of-innocence,1,,server-3,2,3,3,7.997,9.011,5.017
combined-lc-lrt-cache-off-warm0,130,1,2.9692,23.925,41.034,64.959,the,oliver-twist,1,,server-3,2,3,3,7.997,9.011,2.464
combined-lc-lrt-cache-off-warm0,130,1,2.9769,16.749,17.554,34.303,love,the-kama-sutra-of-vatsyayana,1,,server-3,1,1,4,7.797,13.154,2.464
combined-lc-lrt-cache-off-warm0,130,1,2.9846,9.294,15.022,24.316,whale,the-lost-world,1,,server-1,2,1,4,7.797,13.154,4.923
combined-lc-lrt-cache-off-warm0,130,1,2.9923,2.098,42.452,44.550,castle,the-vicomte-de-bragelonne,1,,server-1,3,1,3,7.797,13.154,9.211
combined-lc-lrt-cache-off-warm0,130,1,3.0000,10.177,85.553,95.731,of,pride-and-prejudice,1,,server-1,3,1,2,3.084,13.154,4.795
combined-lc-lrt-cache-off-warm0,130,1,3.0077,2.366,88.122,90.488,king,the-american,1,,server-1,4,0,2,3.084,18.324,4.795
combined-lc-lrt-cache-off-warm0,130,1,3.0154,22.318,62.914,85.232,house,the-american,1,,server-1,4,0,2,3.152,18.324,7.262
combined-lc-lrt-cache-off-warm0,130,1,3.0231,16.686,70.720,87.406,she,treasure-island,1,,server-1,5,0,2,3.152,18.324,7.262
combined-lc-lrt-cache-off-warm0,130,1,3.0308,1.327,21.406,22.733,money,desperate-remedies,1,,server-2,5,1,2,3.152,18.324,9.444
combined-lc-lrt-cache-off-warm0,130,1,3.0385,1.768,9.366,11.134,whale,beyond-good-and-evil,1,,server-3,4,1,1,11.432,9.458,12.552
combined-lc-lrt-cache-off-warm0,130,1,3.0462,4.107,12.089,16.195,house,the-jungle-book,1,,server-3,4,1,2,7.574,9.458,6.488
combined-lc-lrt-cache-off-warm0,130,1,3.0538,8.921,20.415,29.335,you,madame-bovary,1,,server-3,4,0,2,7.574,9.432,3.212
combined-lc-lrt-cache-off-warm0,130,1,3.0615,1.367,27.956,29.323,the,oliver-twist,1,,server-2,4,1,2,7.574,9.432,3.212
combined-lc-lrt-cache-off-warm0,130,1,3.0692,14.471,27.807,42.278,horse,the-wind-in-the-willows,1,,server-3,4,1,2,7.574,4.890,2.859
combined-lc-lrt-cache-off-warm0,130,1,3.0769,6.889,29.617,36.506,money,a-tale-of-two-cities,1,,server-3,4,1,3,7.574,4.890,2.859
combined-lc-lrt-cache-off-warm0,130,1,3.0846,11.209,30.196,41.405,night,silas-marner,1,,server-3,4,1,3,7.574,4.890,2.537
combined-lc-lrt-cache-off-warm0,130,1,3.0923,1.184,12.425,13.609,of,around-the-world-in-eighty-days,1,,server-2,4,1,3,7.574,7.541,2.392
combined-lc-lrt-cache-off-warm0,130,1,3.1000,6.374,16.572,22.946,of,dubliners,1,,server-2,4,2,3,21.923,3.917,3.589
combined-lc-lrt-cache-off-warm0,130,1,3.1077,13.350,40.363,53.712,you,jude-the-obscure,1,,server-2,3,2,3,24.376,2.843,3.589
combined-lc-lrt-cache-off-warm0,130,1,3.1154,8.201,39.783,47.984,he,anne-of-green-gables,1,,server-2,0,3,1,24.556,2.369,9.485
combined-lc-lrt-cache-off-warm0,130,1,3.1231,2.075,59.031,61.106,horse,grimms-fairy-tales,1,,server-2,0,3,1,24.556,3.824,9.485
combined-lc-lrt-cache-off-warm0,130,1,3.1308,34.589,49.194,83.783,letter,the-vicomte-de-bragelonne,1,,server-2,0,4,0,24.556,1.942,8.026
combined-lc-lrt-cache-off-warm0,130,1,3.1385,1.562,19.037,20.599,sea,the-return-of-sherlock-holmes,1,,server-3,0,4,1,24.556,1.942,8.026
combined-lc-lrt-cache-off-warm0,130,1,3.1462,13.418,15.909,29.327,london,the-wind-in-the-willows,1,,server-3,0,4,2,24.556,1.942,4.177
combined-lc-lrt-cache-off-warm0,130,1,3.1538,11.402,71.611,83.013,the,mansfield-park,1,,server-2,0,5,2,24.556,1.942,4.177
combined-lc-lrt-cache-off-warm0,130,1,3.1615,12.995,18.883,31.879,london,the-kama-sutra-of-vatsyayana,1,,server-3,0,5,2,24.556,9.200,4.212
combined-lc-lrt-cache-off-warm0,130,1,3.1692,6.783,31.901,38.684,heart,his-last-bow,1,,server-3,0,3,3,24.556,5.837,3.399
combined-lc-lrt-cache-off-warm0,130,1,3.1769,2.488,44.063,46.551,and,hard-times,1,,server-3,0,3,3,24.556,5.837,3.306
combined-lc-lrt-cache-off-warm0,130,1,3.1846,23.480,25.405,48.885,night,poirot-investigates,1,,server-3,0,3,4,24.556,16.242,2.040
combined-lc-lrt-cache-off-warm0,130,1,3.1923,16.626,36.217,52.844,sea,agnes-grey,1,,server-3,0,2,5,24.556,13.195,2.040
combined-lc-lrt-cache-off-warm0,130,1,3.2000,1.344,32.352,33.696,heart,villette,1,,server-1,1,2,5,24.556,13.195,5.180
combined-lc-lrt-cache-off-warm0,130,1,3.2077,26.238,13.823,40.061,heart,the-adventures-of-tom-sawyer-complete,1,,server-1,2,2,4,12.650,13.195,11.979
combined-lc-lrt-cache-off-warm0,130,1,3.2154,9.495,40.622,50.117,he,jude-the-obscure,1,,server-3,2,1,4,12.650,16.207,6.476
combined-lc-lrt-cache-off-warm0,130,1,3.2231,14.446,18.408,32.854,castle,grimms-fairy-tales,1,,server-2,2,2,4,12.650,16.207,7.676
combined-lc-lrt-cache-off-warm0,130,1,3.2308,4.299,39.906,44.205,king,agnes-grey,1,,server-3,2,2,4,12.650,16.207,7.288
combined-lc-lrt-cache-off-warm0,130,1,3.2385,9.729,20.092,29.821,king,the-house-of-mirth,1,,server-1,2,1,3,9.341,12.549,6.134
combined-lc-lrt-cache-off-warm0,130,1,3.2462,10.269,19.282,29.551,and,the-divine-comedy,1,,server-2,2,2,3,9.341,12.549,9.917
combined-lc-lrt-cache-off-warm0,130,1,3.2538,15.201,10.889,26.091,the,black-beauty,1,,server-1,2,2,3,5.066,12.549,9.917
combined-lc-lrt-cache-off-warm0,130,1,3.2615,10.864,15.391,26.255,she,the-secret-adversary,1,,server-2,2,2,3,5.066,6.583,9.917
combined-lc-lrt-cache-off-warm0,130,1,3.2692,2.464,39.935,42.399,the,the-age-of-innocence,1,,server-1,2,2,2,4.789,6.583,13.644
combined-lc-lrt-cache-off-warm0,130,1,3.2769,4.435,30.405,34.840,house,the-kama-sutra-of-vatsyayana,1,,server-1,3,1,0,3.289,6.013,13.741
combined-lc-lrt-cache-off-warm0,130,1,3.2846,27.997,36.329,64.326,you,jude-the-obscure,1,,server-1,3,1,0,2.641,6.013,13.741
combined-lc-lrt-cache-off-warm0,130,1,3.2923,1.098,17.517,18.614,whale,dubliners,1,,server-2,3,1,0,2.641,6.272,13.741
combined-lc-lrt-cache-off-warm0,130,1,3.3000,11.964,28.643,40.607,money,the-scarlet-letter-33,1,,server-2,3,2,0,2.641,3.275,13.741
combined-lc-lrt-cache-off-warm0,130,1,3.3077,4.663,46.568,51.231,and,the-house-of-mirth,1,,server-2,3,3,0,2.641,3.275,13.741
combined-lc-lrt-cache-off-warm0,130,1,3.3154,40.452,42.158,82.610,he,the-adventures-of-tom-sawyer-complete,1,,server-2,1,3,0,6.573,2.195,13.741
combined-lc-lrt-cache-off-warm0,130,1,3.3231,17.723,54.949,72.672,letter,the-adventures-of-ferdinand-count-fathom-complete,1,,server-2,1,4,0,6.573,1.844,13.741
combined-lc-lrt-cache-off-warm0,130,1,3.3308,28.241,61.807,90.048,love,adventures-of-huckleberry-finn,1,,server-2,1,5,0,6.573,1.844,13.741
combined-lc-lrt-cache-off-warm0,130,1,3.3385,20.893,72.978,93.871,was,treasure-island,1,,server-2,1,6,0,6.573,1.844,13.741
combined-lc-lrt-cache-off-warm0,130,1,3.3462,3.780,35.085,38.865,of,north-and-south,1,,server-1,2,6,0,6.573,7.478,13.741
combined-lc-lrt-cache-off-warm0,130,1,3.3538,31.030,14.325,45.354,death,the-mysterious-affair-at-styles,1,,server-1,2,6,0,5.377,7.478,13.741
combined-lc-lrt-cache-off-warm0,130,1,3.3615,1.577,14.686,16.263,house,the-king-in-yellow,1,,server-3,2,4,1,5.377,9.401,13.741
combined-lc-lrt-cache-off-warm0,130,1,3.3692,9.197,11.189,20.385,night,a-princess-of-mars,1,,server-3,2,4,2,5.377,9.401,7.112
combined-lc-lrt-cache-off-warm0,130,1,3.3769,7.896,35.305,43.201,money,the-last-of-the-mohicans-a-narrative-of-1757-27681,1,,server-1,3,4,2,5.377,9.401,7.112
combined-lc-lrt-cache-off-warm0,130,1,3.3846,5.682,18.730,24.412,heart,the-adventures-of-tom-sawyer-complete,1,,server-3,3,4,2,6.283,9.401,4.360
combined-lc-lrt-cache-off-warm0,130,1,3.3923,17.064,43.886,60.950,of,the-tenant-of-wildfell-hall,1,,server-3,2,4,2,6.283,9.401,2.793
combined-lc-lrt-cache-off-warm0,130,1,3.4000,9.523,18.756,28.279,letter,sense-and-sensibility,1,,server-3,2,2,3,6.219,13.700,2.793
combined-lc-lrt-cache-off-warm0,130,1,3.4077,13.207,20.319,33.526,house,anne-of-green-gables,1,,server-1,3,2,3,6.219,13.700,5.004
combined-lc-lrt-cache-off-warm0,130,1,3.4154,34.646,12.866,47.513,night,beyond-good-and-evil,1,,server-3,3,2,3,6.219,13.700,2.813
combined-lc-lrt-cache-off-warm0,130,1,3.4231,27.099,29.844,56.943,castle,far-from-the-madding-crowd,1,,server-3,1,2,4,6.184,23.198,2.813
combined-lc-lrt-cache-off-warm0,130,1,3.4308,11.000,18.005,29.006,of,the-age-of-innocence,1,,server-1,2,2,4,6.184,20.549,5.903
combined-lc-lrt-cache-off-warm0,130,1,3.4385,3.918,42.395,46.313,she,great-expectations,1,,server-1,3,0,4,6.184,24.485,5.903
combined-lc-lrt-cache-off-warm0,130,1,3.4462,14.143,54.029,68.172,of,the-age-of-innocence,1,,server-1,3,0,4,2.962,24.485,5.903
combined-lc-lrt-cache-off-warm0,130,1,3.4538,31.134,32.346,63.480,of,the-divine-comedy,1,,server-1,4,0,2,2.962,24.485,11.380
combined-lc-lrt-cache-off-warm0,130,1,3.4615,25.325,40.984,66.308,and,the-king-in-yellow,1,,server-1,5,0,2,4.892,24.485,9.934
combined-lc-lrt-cache-off-warm0,130,1,3.4692,1.411,9.322,10.733,king,the-jungle-book,1,,server-2,5,1,2,4.892,24.485,9.841
combined-lc-lrt-cache-off-warm0,130,1,3.4769,3.645,16.196,19.841,horse,persuasion,1,,server-2,5,2,2,4.892,12.614,9.841
combined-lc-lrt-cache-off-warm0,130,1,3.4846,12.358,26.389,38.747,you,the-song-of-the-lark,1,,server-2,4,2,0,16.609,5.174,11.055
combined-lc-lrt-cache-off-warm0,130,1,3.4923,1.406,13.633,15.038,sea,desert-gold,1,,server-3,4,2,1,8.104,5.174,11.055
combined-lc-lrt-cache-off-warm0,130,1,3.5000,24.011,18.645,42.656,night,a-connecticut-yankee-in-king-arthur-s-court,1,,server-2,4,2,1,8.104,4.304,5.731
combined-lc-lrt-cache-off-warm0,130,1,3.5077,1.396,23.222,24.617,whale,the-last-of-the-mohicans-a-narrative-of-1757,1,,server-3,4,2,2,8.104,4.304,5.819
combined-lc-lrt-cache-off-warm0,130,1,3.5154,17.631,32.346,49.977,he,meditations,1,,server-3,3,2,2,9.977,4.304,3.043
combined-lc-lrt-cache-off-warm0,130,1,3.5231,9.756,27.909,37.665,money,frankenstein-or-the-modern-prometheus,1,,server-3,1,2,3,11.523,11.368,3.043
combined-lc-lrt-cache-off-warm0,130,1,3.5308,12.065,17.563,29.628,of,dubliners,1,,server-2,0,2,3,13.845,5.891,3.043
combined-lc-lrt-cache-off-warm0,130,1,3.5385,27.634,38.815,66.449,the,the-american,1,,server-3,0,2,3,13.845,5.891,2.944
combined-lc-lrt-cache-off-warm0,130,1,3.5462,15.803,23.520,39.323,king,the-last-of-the-mohicans-a-narrative-of-1757-27681,1,,server-2,0,2,3,13.845,4.783,2.944
combined-lc-lrt-cache-off-warm0,130,1,3.5538,12.656,35.677,48.333,sea,the-age-of-innocence,1,,server-3,0,2,4,13.845,4.783,2.944
combined-lc-lrt-cache-off-warm0,130,1,3.5615,4.145,29.288,33.433,heart,the-kama-sutra-of-vatsyayana,1,,server-2,0,2,4,13.845,4.523,10.607
combined-lc-lrt-cache-off-warm0,130,1,3.5692,17.312,24.619,41.931,letter,the-works-of-edgar-allan-poe-volume-2,1,,server-2,0,3,2,13.845,2.710,4.622
combined-lc-lrt-cache-off-warm0,130,1,3.5769,10.203,47.717,57.920,the,the-war-of-the-worlds,1,,server-2,0,4,2,13.845,2.710,4.622
combined-lc-lrt-cache-off-warm0,130,1,3.5846,3.374,45.710,49.084,money,the-scarlet-letter-33,1,,server-2,0,5,2,13.845,2.710,4.622
combined-lc-lrt-cache-off-warm0,130,1,3.5923,1.805,21.723,23.529,money,tess-of-the-d-urbervilles-a-pure-woman,1,,server-1,1,4,2,13.845,7.107,4.622
combined-lc-lrt-cache-off-warm0,130,1,3.6000,5.136,12.836,17.972,love,frankenstein-or-the-modern-prometheus-41445,1,,server-3,1,3,3,7.186,5.707,4.622
combined-lc-lrt-cache-off-warm0,130,1,3.6077,10.657,28.820,39.477,she,villette,1,,server-3,1,3,2,7.186,5.707,6.582
combined-lc-lrt-cache-off-warm0,130,1,3.6154,3.259,22.812,26.072,house,mansfield-park,1,,server-1,2,2,2,7.186,7.626,6.582
combined-lc-lrt-cache-off-warm0,130,1,3.6231,24.586,21.156,45.742,whale,the-last-of-the-mohicans-a-narrative-of-1757,1,,server-3,1,2,2,4.370,7.626,4.300
combined-lc-lrt-cache-off-warm0,130,1,3.6308,11.472,16.038,27.510,heart,myths-and-legends-of-ancient-greece-and-rome,1,,server-1,2,2,2,4.370,7.626,4.300
combined-lc-lrt-cache-off-warm0,130,1,3.6385,9.706,30.559,40.265,of,the-warden,1,,server-3,2,0,3,4.370,13.853,4.300
combined-lc-lrt-cache-off-warm0,130,1,3.6462,12.707,11.987,24.694,london,memoirs-of-fanny-hill,1,,server-1,2,0,3,4.586,13.853,4.300
combined-lc-lrt-cache-off-warm0,130,1,3.6538,23.617,12.879,36.496,house,the-lost-world,1,,server-3,2,0,3,4.586,13.853,4.186
combined-lc-lrt-cache-off-warm0,130,1,3.6615,10.620,42.752,53.373,she,the-american,1,,server-1,2,0,3,4.015,13.853,4.186
combined-lc-lrt-cache-off-warm0,130,1,3.6692,2.585,14.880,17.465,heart,the-works-of-edgar-allan-poe-volume-2,1,,server-1,3,0,3,4.015,13.853,7.079
combined-lc-lrt-cache-off-warm0,130,1,3.6769,10.445,55.936,66.381,love,the-return-of-sherlock-holmes,1,,server-1,3,0,3,2.094,13.853,7.079
combined-lc-lrt-cache-off-warm0,130,1,3.6846,3.375,58.323,61.698,horse,the-odyssey,1,,server-1,4,0,1,2.094,13.853,7.681
combined-lc-lrt-cache-off-warm0,130,1,3.6923,1.156,24.841,25.997,heart,the-return-of-sherlock-holmes-108,1,,server-3,3,0,1,1.965,13.853,6.767
combined-lc-lrt-cache-off-warm0,130,1,3.7000,18.603,32.778,51.381,money,the-odyssey,1,,server-3,3,0,2,1.965,13.853,3.524
combined-lc-lrt-cache-off-warm0,130,1,3.7077,7.307,39.276,46.583,whale,the-hound-of-the-baskervilles-3070,1,,server-1,4,0,2,1.965,13.853,3.524
combined-lc-lrt-cache-off-warm0,130,1,3.7154,3.960,30.279,34.239,money,the-wind-in-the-willows,1,,server-3,4,0,3,8.875,13.853,3.524
combined-lc-lrt-cache-off-warm0,130,1,3.7231,29.075,18.550,47.625,london,the-adventures-of-sherlock-holmes,1,,server-3,4,0,3,8.875,13.853,3.060
combined-lc-lrt-cache-off-warm0,130,1,3.7308,22.226,43.003,65.228,night,the-iliad,1,,server-3,4,0,4,8.875,13.853,3.060
combined-lc-lrt-cache-off-warm0,130,1,3.7385,1.657,15.234,16.891,whale,autobiography-of-benjamin-franklin,1,,server-2,4,1,4,8.875,13.853,3.060
combined-lc-lrt-cache-off-warm0,130,1,3.7462,10.000,11.819,21.819,love,around-the-world-in-eighty-days,1,,server-2,4,2,4,24.016,7.218,3.060
combined-lc-lrt-cache-off-warm0,130,1,3.7538,2.841,57.129,59.970,horse,desert-gold,1,,server-3,1,2,3,19.290,7.218,6.054
combined-lc-lrt-cache-off-warm0,130,1,3.7615,6.903,12.278,19.180,sea,treasure-island,1,,server-2,0,2,3,14.116,4.542,4.186
combined-lc-lrt-cache-off-warm0,130,1,3.7692,1.572,21.231,22.804,you,around-the-world-in-eighty-days,1,,server-2,0,2,3,14.116,3.044,5.786
combined-lc-lrt-cache-off-warm0,130,1,3.7769,4.897,20.155,25.053,night,autobiography-of-benjamin-franklin,1,,server-2,0,3,3,14.116,2.068,6.618
combined-lc-lrt-cache-off-warm0,130,1,3.7846,17.552,18.005,35.557,he,the-picture-of-dorian-gray,1,,server-2,0,3,3,14.116,2.615,6.618
combined-lc-lrt-cache-off-warm0,130,1,3.7923,1.286,34.332,35.618,was,great-expectations,1,,server-1,1,3,3,14.116,5.072,6.618
combined-lc-lrt-cache-off-warm0,130,1,3.8000,28.219,13.119,41.337,love,a-journey-to-the-centre-of-the-earth,1,,server-1,2,3,1,7.290,5.072,10.992
combined-lc-lrt-cache-off-warm0,130,1,3.8077,12.917,14.826,27.743,king,grimms-fairy-tales,1,,server-2,2,2,1,7.290,5.595,10.992
combined-lc-lrt-cache-off-warm0,130,1,3.8154,1.118,19.405,20.522,she,madame-bovary,1,,server-3,2,2,1,7.290,5.595,14.198
combined-lc-lrt-cache-off-warm0,130,1,3.8231,13.216,9.984,23.200,death,herland,1,,server-2,2,2,1,7.290,4.505,7.344
combined-lc-lrt-cache-off-warm0,130,1,3.8308,5.718,26.186,31.904,night,the-portrait-of-a-lady-volume-1,1,,server-2,1,3,1,7.975,4.505,7.344
combined-lc-lrt-cache-off-warm0,130,1,3.8385,1.306,12.669,13.975,money,his-last-bow,1,,server-3,1,2,1,7.975,2.601,7.751
combined-lc-lrt-cache-off-warm0,130,1,3.8462,1.882,11.748,13.629,sea,the-wind-in-the-willows,1,,server-1,1,2,1,7.170,3.998,4.037
combined-lc-lrt-cache-off-warm0,130,1,3.8538,1.111,16.637,17.748,money,madame-bovary,1,,server-3,1,2,1,3.727,3.998,4.574
combined-lc-lrt-cache-off-warm0,130,1,3.8615,1.309,15.362,16.671,castle,the-scarlet-letter-33,1,,server-1,1,1,1,4.209,6.044,2.407
combined-lc-lrt-cache-off-warm0,130,1,3.8692,9.972,20.899,30.871,and,the-mystery-of-edwin-drood,1,,server-1,2,0,1,2.230,8.023,2.407
combined-lc-lrt-cache-off-warm0,130,1,3.8769,1.378,22.944,24.322,death,wuthering-heights,1,,server-3,2,0,1,2.230,8.023,4.169
combined-lc-lrt-cache-off-warm0,130,1,3.8846,16.902,15.267,32.170,money,the-wind-in-the-willows,1,,server-3,1,0,2,3.129,8.023,2.226
combined-lc-lrt-cache-off-warm0,130,1,3.8923,8.647,13.734,22.380,london,the-picture-of-dorian-gray,1,,server-1,2,0,2,3.129,8.023,2.226
combined-lc-lrt-cache-off-warm0,130,1,3.9000,1.842,44.911,46.753,death,the-romance-of-lust-a-classic-victorian-erotic-novel,1,,server-3,2,0,3,5.293,8.023,2.226
combined-lc-lrt-cache-off-warm0,130,1,3.9077,40.203,23.944,64.147,and,walden-and-on-the-duty-of-civil-disobedience,1,,server-3,1,0,3,3.465,8.023,2.240
combined-lc-lrt-cache-off-warm0,130,1,3.9154,1.693,29.646,31.339,and,tess-of-the-d-urbervilles-a-pure-woman,1,,server-1,1,0,3,4.323,8.023,2.240
combined-lc-lrt-cache-off-warm0,130,1,3.9231,25.334,49.997,75.332,house,life-on-the-mississippi,1,,server-1,2,0,3,2.286,8.023,3.808
combined-lc-lrt-cache-off-warm0,130,1,3.9308,17.962,53.659,71.621,was,the-innocents-abroad,1,,server-1,3,0,3,2.286,8.023,3.808
combined-lc-lrt-cache-off-warm0,130,1,3.9385,1.564,28.277,29.841,death,emma,1,,server-2,3,1,3,2.286,8.023,3.808
combined-lc-lrt-cache-off-warm0,130,1,3.9462,22.624,25.327,47.951,was,a-connecticut-yankee-in-king-arthur-s-court,1,,server-2,3,2,2,9.422,4.194,10.970
combined-lc-lrt-cache-off-warm0,130,1,3.9538,48.929,19.851,68.780,london,the-divine-comedy,1,,server-1,3,2,1,4.133,4.194,8.860
combined-lc-lrt-cache-off-warm0,130,1,3.9615,7.836,9.992,17.828,night,the-great-gatsby,1,,server-2,3,3,1,4.133,4.194,8.860
combined-lc-lrt-cache-off-warm0,130,1,3.9692,3.251,47.526,50.777,castle,oliver-twist,1,,server-2,3,3,1,4.133,4.307,8.860
combined-lc-lrt-cache-off-warm0,130,1,3.9769,1.593,14.910,16.502,and,myths-and-legends-of-ancient-greece-and-rome,1,,server-3,3,3,1,4.133,2.545,9.283
combined-lc-lrt-cache-off-warm0,130,1,3.9846,9.013,14.339,23.352,london,memoirs-of-fanny-hill,1,,server-3,3,2,2,4.133,3.689,4.858
combined-lc-lrt-cache-off-warm0,130,1,3.9923,24.055,34.616,58.671,and,the-prince,1,,server-2,3,3,2,4.133,3.689,5.073
combined-lc-lrt-cache-off-warm0,130,1,4.0000,8.380,24.808,33.188,castle,the-last-of-the-mohicans-a-narrative-of-1757-27681,1,,server-3,3,2,2,13.015,5.702,3.860
combined-lc-lrt-cache-off-warm0,130,1,4.0077,12.798,32.888,45.685,castle,mary-barton,1,,server-2,1,3,2,11.969,5.702,6.369
combined-lc-lrt-cache-off-warm0,130,1,4.0154,17.768,56.917,74.685,sea,villette,1,,server-3,1,3,2,11.969,5.702,3.356
combined-lc-lrt-cache-off-warm0,130,1,4.0231,10.239,53.419,63.658,london,the-iliad,1,,server-3,0,2,3,10.788,6.529,3.356
combined-lc-lrt-cache-off-warm0,130,1,4.0308,1.258,13.397,14.655,sea,kidnapped,1,,server-1,1,2,3,10.788,6.529,3.356
combined-lc-lrt-cache-off-warm0,130,1,4.0385,52.710,8.976,61.687,the,the-prince,1,,server-3,1,2,3,5.595,6.529,3.248
combined-lc-lrt-cache-off-warm0,130,1,4.0462,1.054,11.527,12.580,of,the-kama-sutra-of-vatsyayana,1,,server-1,1,2,3,5.667,6.529,3.248
combined-lc-lrt-cache-off-warm0,130,1,4.0538,5.849,17.902,23.751,whale,twenty-thousand-leagues-under-the-sea,1,,server-1,2,1,3,2.965,10.375,3.248
combined-lc-lrt-cache-off-warm0,130,1,4.0615,13.696,19.222,32.918,you,anne-of-green-gables,1,,server-1,2,0,3,2.371,10.375,3.248
combined-lc-lrt-cache-off-warm0,130,1,4.0692,8.746,34.942,43.688,house,wuthering-heights,1,,server-1,3,0,3,1.985,10.375,3.248
combined-lc-lrt-cache-off-warm0,130,1,4.0769,1.265,12.187,13.452,he,the-picture-of-dorian-gray,1,,server-2,3,1,3,3.993,10.375,3.248
combined-lc-lrt-cache-off-warm0,130,1,4.0846,26.353,21.219,47.572,money,the-american,1,,server-1,3,1,3,3.339,5.412,3.248
combined-lc-lrt-cache-off-warm0,130,1,4.0923,1.974,22.201,24.175,sea,the-odyssey,1,,server-2,3,1,1,3.339,5.357,12.801
combined-lc-lrt-cache-off-warm0,130,1,4.1000,16.781,31.180,47.961,castle,desert-gold,1,,server-2,3,2,1,6.351,2.810,11.981
combined-lc-lrt-cache-off-warm0,130,1,4.1077,10.969,29.292,40.261,sea,twenty-thousand-leagues-under-the-sea,1,,server-2,3,3,0,6.351,2.810,9.615
combined-lc-lrt-cache-off-warm0,130,1,4.1154,1.754,14.382,16.136,you,the-picture-of-dorian-gray,1,,server-3,1,3,1,10.138,2.810,9.615
combined-lc-lrt-cache-off-warm0,130,1,4.1231,9.036,15.488,24.524,night,white-fang,1,,server-3,1,2,2,10.138,3.562,5.008
combined-lc-lrt-cache-off-warm0,130,1,4.1308,17.435,13.599,31.034,was,the-great-gatsby,1,,server-2,1,3,2,10.138,3.562,5.008
combined-lc-lrt-cache-off-warm0,130,1,4.1385,10.014,26.120,36.133,love,the-odyssey,1,,server-3,0,3,2,9.547,3.562,3.847
combined-lc-lrt-cache-off-warm0,130,1,4.1462,1.382,33.940,35.322,she,the-vicomte-de-bragelonne,1,,server-1,1,3,2,9.547,3.562,3.847
combined-lc-lrt-cache-off-warm0,130,1,4.1538,20.971,29.879,50.850,of,life-on-the-mississippi,1,,server-3,1,1,2,4.985,6.052,3.473
combined-lc-lrt-cache-off-warm0,130,1,4.1615,20.044,13.451,33.495,was,frankenstein-or-the-modern-prometheus-41445,1,,server-1,2,1,2,4.985,7.379,3.473
combined-lc-lrt-cache-off-warm0,130,1,4.1692,1.204,14.424,15.627,death,around-the-world-in-eighty-days,1,,server-2,2,1,2,4.985,5.937,3.473
combined-lc-lrt-cache-off-warm0,130,1,4.1769,8.741,23.167,31.908,whale,tess-of-the-d-urbervilles-a-pure-woman,1,,server-2,2,2,1,4.985,3.103,5.550
combined-lc-lrt-cache-off-warm0,130,1,4.1846,20.619,13.717,34.336,whale,the-secret-garden-17396,1,,server-3,1,2,2,6.761,5.286,5.550
combined-lc-lrt-cache-off-warm0,130,1,4.1923,17.001,17.849,34.850,letter,the-adventures-of-sherlock-holmes,1,,server-2,1,2,2,6.761,3.009,5.550
combined-lc-lrt-cache-off-warm0,130,1,4.2000,1.329,11.083,12.412,night,the-lost-world,1,,server-1,1,2,2,6.422,3.009,5.550
combined-lc-lrt-cache-off-warm0,130,1,4.2077,5.337,18.219,23.556,and,walden-and-on-the-duty-of-civil-disobedience,1,,server-1,2,2,1,3.358,3.009,6.227
combined-lc-lrt-cache-off-warm0,130,1,4.2154,16.256,18.299,34.555,you,the-odyssey,1,,server-1,2,1,1,2.451,4.516,6.227
combined-lc-lrt-cache-off-warm0,130,1,4.2231,1.263,17.357,18.620,love,the-house-of-the-seven-gables,1,,server-3,2,1,1,2.451,4.516,6.133
combined-lc-lrt-cache-off-warm0,130,1,4.2308,1.160,10.574,11.734,she,beyond-good-and-evil,1,,server-2,2,1,1,2.451,5.696,3.214
combined-lc-lrt-cache-off-warm0,130,1,4.2385,4.659,23.848,28.507,money,the-last-of-the-mohicans-a-narrative-of-1757,1,,server-2,1,2,1,3.886,2.979,3.214
combined-lc-lrt-cache-off-warm0,130,1,4.2462,21.409,9.344,30.752,love,the-great-gatsby,1,,server-2,1,2,0,3.886,2.323,4.783
combined-lc-lrt-cache-off-warm0,130,1,4.2538,1.182,22.741,23.923,she,jude-the-obscure,1,,server-3,0,2,1,5.350,2.323,4.783
combined-lc-lrt-cache-off-warm0,130,1,4.2615,15.795,16.008,31.803,was,the-adventures-of-sherlock-holmes,1,,server-3,0,2,2,5.350,2.323,2.521
combined-lc-lrt-cache-off-warm0,130,1,4.2692,1.257,26.504,27.760,castle,mansfield-park,1,,server-1,1,1,2,5.350,4.822,2.521
combined-lc-lrt-cache-off-warm0,130,1,4.2769,1.502,18.591,20.093,was,hard-times,1,,server-2,1,1,1,2.808,4.512,4.157
combined-lc-lrt-cache-off-warm0,130,1,4.2846,12.713,17.185,29.897,heart,silas-marner,1,,server-2,1,2,1,2.808,2.385,4.157
combined-lc-lrt-cache-off-warm0,130,1,4.2923,5.888,18.328,24.217,whale,persuasion,1,,server-1,2,2,1,2.808,2.385,4.157
combined-lc-lrt-cache-off-warm0,130,1,4.3000,1.168,15.755,16.923,money,persuasion,1,,server-3,1,1,1,3.646,3.771,5.162
combined-lc-lrt-cache-off-warm0,130,1,4.3077,9.732,19.931,29.663,he,the-scarlet-letter,1,,server-3,1,1,2,3.646,3.771,2.712
combined-lc-lrt-cache-off-warm0,130,1,4.3154,0.980,15.578,16.558,night,kidnapped,1,,server-2,1,1,2,3.646,5.032,2.712
combined-lc-lrt-cache-off-warm0,130,1,4.3231,1.361,11.141,12.502,horse,the-wind-in-the-willows,1,,server-1,1,1,1,5.224,2.642,3.129
combined-lc-lrt-cache-off-warm0,130,1,4.3308,1.593,14.837,16.430,house,meditations,1,,server-2,1,2,1,2.737,2.642,3.129
combined-lc-lrt-cache-off-warm0,130,1,4.3385,1.099,24.776,25.875,london,a-tale-of-two-cities,1,,server-1,1,1,0,3.480,2.247,5.174
combined-lc-lrt-cache-off-warm0,130,1,4.3462,17.963,30.128,48.091,letter,the-last-of-the-mohicans-a-narrative-of-1757,1,,server-1,2,1,0,1.839,4.670,5.174
combined-lc-lrt-cache-off-warm0,130,1,4.3538,1.351,14.959,16.309,death,the-picture-of-dorian-gray,1,,server-2,2,1,0,1.839,3.753,5.174
combined-lc-lrt-cache-off-warm0,130,1,4.3615,9.053,20.975,30.027,money,thus-spake-zarathustra-a-book-for-all-and-none,1,,server-2,2,2,0,1.839,2.002,5.174
combined-lc-lrt-cache-off-warm0,130,1,4.3692,1.661,23.029,24.690,of,walden-and-on-the-duty-of-civil-disobedience,1,,server-3,1,2,1,4.360,2.002,5.174
combined-lc-lrt-cache-off-warm0,130,1,4.3769,15.559,9.570,25.129,heart,the-hound-of-the-baskervilles-3070,1,,server-2,1,2,1,4.360,2.720,2.744
combined-lc-lrt-cache-off-warm0,130,1,4.3846,10.158,33.264,43.422,heart,a-tale-of-two-cities,1,,server-3,1,2,2,4.360,2.720,2.744
combined-lc-lrt-cache-off-warm0,130,1,4.3923,2.371,15.253,17.623,money,the-mystery-of-edwin-drood,1,,server-3,1,2,3,4.360,5.000,2.744
combined-lc-lrt-cache-off-warm0,130,1,4.4000,26.165,31.917,58.081,the,the-innocents-abroad,1,,server-3,0,1,3,7.560,4.081,2.008
combined-lc-lrt-cache-off-warm0,130,1,4.4077,1.180,26.325,27.505,london,the-iliad,1,,server-2,0,1,3,7.560,4.024,2.008
combined-lc-lrt-cache-off-warm0,130,1,4.4154,20.376,27.989,48.366,king,frankenstein-or-the-modern-prometheus,1,,server-2,0,2,3,7.560,2.126,4.361
combined-lc-lrt-cache-off-warm0,130,1,4.4231,13.099,29.629,42.728,house,the-secret-garden-17396,1,,server-2,0,3,3,7.560,2.126,4.361
combined-lc-lrt-cache-off-warm0,130,1,4.4308,1.743,11.684,13.427,castle,agnes-grey,1,,server-1,1,3,1,7.560,2.126,8.147
combined-lc-lrt-cache-off-warm0,130,1,4.4385,6.294,13.579,19.873,letter,autobiography-of-benjamin-franklin,1,,server-1,2,2,1,3.971,3.360,8.147
combined-lc-lrt-cache-off-warm0,130,1,4.4462,10.118,47.024,57.141,was,the-moonstone,1,,server-1,2,2,1,2.798,3.360,8.147
combined-lc-lrt-cache-off-warm0,130,1,4.4538,4.822,41.315,46.137,night,adventures-of-huckleberry-finn,1,,server-1,3,2,1,2.314,3.360,8.147
combined-lc-lrt-cache-off-warm0,130,1,4.4615,42.443,13.146,55.589,love,silas-marner,1,,server-1,3,2,0,2.863,3.360,9.988
combined-lc-lrt-cache-off-warm0,130,1,4.4692,1.440,9.327,10.767,and,beyond-good-and-evil,1,,server-2,3,1,0,2.863,8.238,9.988
combined-lc-lrt-cache-off-warm0,130,1,4.4769,3.725,12.703,16.428,heart,the-war-of-the-worlds,1,,server-2,3,2,0,2.863,4.282,9.988
combined-lc-lrt-cache-off-warm0,130,1,4.4846,9.371,22.985,32.356,she,the-jungle,1,,server-2,3,2,0,2.863,2.451,9.988
combined-lc-lrt-cache-off-warm0,130,1,4.4923,1.918,47.018,48.937,night,life-on-the-mississippi,1,,server-2,3,3,0,2.863,2.451,9.988
combined-lc-lrt-cache-off-warm0,130,1,4.5000,17.300,62.365,79.666,she,frankenstein-or-the-modern-prometheus-41445,1,,server-2,3,3,0,10.335,1.593,9.988
combined-lc-lrt-cache-off-warm0,130,1,4.5077,31.548,16.103,47.651,money,the-hound-of-the-baskervilles-3070,1,,server-2,1,4,0,9.543,1.593,9.988
combined-lc-lrt-cache-off-warm0,130,1,4.5154,27.074,35.324,62.398,money,washington-square,1,,server-2,1,5,0,9.543,1.593,9.988
combined-lc-lrt-cache-off-warm0,130,1,4.5231,1.523,17.451,18.974,whale,frankenstein-or-the-modern-prometheus,1,,server-1,1,5,0,8.158,6.432,9.988
combined-lc-lrt-cache-off-warm0,130,1,4.5308,12.248,11.034,23.282,night,silas-marner,1,,server-1,2,5,0,4.253,6.432,9.988
combined-lc-lrt-cache-off-warm0,130,1,4.5385,1.521,16.052,17.573,money,silas-marner,1,,server-3,2,5,1,4.253,6.432,9.988
combined-lc-lrt-cache-off-warm0,130,1,4.5462,8.685,20.866,29.550,sea,jude-the-obscure,1,,server-1,2,3,1,3.896,11.015,5.184
combined-lc-lrt-cache-off-warm0,130,1,4.5538,2.909,10.661,13.570,heart,the-lost-world,1,,server-3,2,3,2,5.225,11.015,5.184
combined-lc-lrt-cache-off-warm0,130,1,4.5615,14.708,29.043,43.751,house,north-and-south,1,,server-1,2,3,1,2.950,11.467,3.251
combined-lc-lrt-cache-off-warm0,130,1,4.5692,1.494,14.393,15.887,whale,the-mysterious-affair-at-styles,1,,server-3,2,3,1,2.950,11.556,3.744
combined-lc-lrt-cache-off-warm0,130,1,4.5769,8.083,14.915,22.998,death,grimms-fairy-tales,1,,server-3,1,3,2,4.079,16.078,2.016
combined-lc-lrt-cache-off-warm0,130,1,4.5846,20.896,21.468,42.364,you,the-return-of-sherlock-holmes,1,,server-1,2,0,2,4.079,13.364,5.115
combined-lc-lrt-cache-off-warm0,130,1,4.5923,9.256,49.361,58.618,money,the-innocents-abroad,1,,server-3,2,0,2,4.079,13.364,2.736
combined-lc-lrt-cache-off-warm0,130,1,4.6000,1.416,18.129,19.545,letter,kidnapped,1,,server-3,2,0,3,4.079,13.364,2.736
combined-lc-lrt-cache-off-warm0,130,1,4.6077,12.728,59.639,72.368,castle,the-lost-world,1,,server-3,1,0,3,6.065,13.364,1.562
combined-lc-lrt-cache-off-warm0,130,1,4.6154,5.656,55.846,61.502,sea,the-adventures-of-tom-sawyer-complete,1,,server-3,1,0,4,6.065,13.364,1.562
combined-lc-lrt-cache-off-warm0,130,1,4.6231,4.821,21.054,25.875,and,the-last-of-the-mohicans-a-narrative-of-1757-27681,1,,server-1,2,0,4,6.065,13.364,3.064
combined-lc-lrt-cache-off-warm0,130,1,4.6308,18.031,74.286,92.317,letter,the-iliad-2199,1,,server-1,2,0,4,4.134,13.364,3.064
combined-lc-lrt-cache-off-warm0,130,1,4.6385,11.030,18.857,29.887,london,the-return-of-sherlock-holmes-108,1,,server-1,3,0,4,3.335,13.364,3.064
combined-lc-lrt-cache-off-warm0,130,1,4.6462,3.565,75.561,79.126,horse,tess-of-the-d-urbervilles-a-pure-woman,1,,server-1,4,0,4,3.335,13.364,3.064
combined-lc-lrt-cache-off-warm0,130,1,4.6538,29.412,90.708,120.120,money,the-tenant-of-wildfell-hall,1,,server-1,4,0,3,2.279,13.364,19.179
combined-lc-lrt-cache-off-warm0,130,1,4.6615,63.932,27.343,91.274,he,the-innocents-abroad,1,,server-1,5,0,3,2.279,13.364,19.179
combined-lc-lrt-cache-off-warm0,130,1,4.6692,1.306,26.463,27.769,love,the-works-of-edgar-allan-poe-volume-2,1,,server-2,4,1,3,6.454,13.364,19.179
combined-lc-lrt-cache-off-warm0,130,1,4.6769,20.826,19.368,40.194,king,the-mystery-of-edwin-drood,1,,server-2,4,2,3,6.454,6.923,21.101
combined-lc-lrt-cache-off-warm0,130,1,4.6846,1.264,17.308,18.572,was,the-secret-garden-17396,1,,server-3,4,2,1,7.850,6.923,18.938
combined-lc-lrt-cache-off-warm0,130,1,4.6923,11.793,9.284,21.077,night,his-last-bow,1,,server-3,4,2,2,7.850,6.923,9.755
combined-lc-lrt-cache-off-warm0,130,1,4.7000,16.859,27.456,44.315,london,the-mysterious-island,1,,server-2,4,2,2,7.850,6.960,9.755
combined-lc-lrt-cache-off-warm0,130,1,4.7077,6.098,22.562,28.660,sea,the-last-of-the-mohicans-a-narrative-of-1757,1,,server-3,4,2,2,7.850,6.960,6.000
combined-lc-lrt-cache-off-warm0,130,1,4.7154,18.718,18.868,37.586,house,the-secret-garden,1,,server-3,4,2,2,7.850,6.960,3.280
combined-lc-lrt-cache-off-warm0,130,1,4.7231,15.381,50.686,66.067,castle,adventures-of-huckleberry-finn,1,,server-3,4,1,3,28.834,5.501,2.649
combined-lc-lrt-cache-off-warm0,130,1,4.7308,7.418,29.822,37.240,sea,a-connecticut-yankee-in-king-arthur-s-court,1,,server-3,2,1,4,17.406,5.501,2.649
combined-lc-lrt-cache-off-warm0,130,1,4.7385,6.792,19.456,26.248,castle,the-odyssey,1,,server-2,2,2,3,17.406,5.501,4.138
combined-lc-lrt-cache-off-warm0,130,1,4.7462,1.164,29.047,30.210,the,herland,1,,server-2,2,2,3,17.406,5.099,3.411
combined-lc-lrt-cache-off-warm0,130,1,4.7538,11.648,56.513,68.161,you,persuasion,1,,server-2,2,3,3,15.469,2.686,5.981
combined-lc-lrt-cache-off-warm0,130,1,4.7615,4.553,28.596,33.149,heart,the-divine-comedy,1,,server-2,2,4,3,15.469,2.686,5.981
combined-lc-lrt-cache-off-warm0,130,1,4.7692,7.615,30.096,37.711,love,the-mystery-of-edwin-drood,1,,server-2,2,5,2,15.469,2.943,11.717
combined-lc-lrt-cache-off-warm0,130,1,4.7769,1.273,18.854,20.127,money,the-house-of-the-seven-gables,1,,server-1,1,4,2,17.634,5.503,11.717
combined-lc-lrt-cache-off-warm0,130,1,4.7846,35.805,21.353,57.158,castle,the-house-of-mirth,1,,server-2,1,4,2,9.102,4.549,11.717
combined-lc-lrt-cache-off-warm0,130,1,4.7923,1.553,13.149,14.701,castle,autobiography-of-benjamin-franklin,1,,server-3,1,4,1,9.102,4.549,16.371
combined-lc-lrt-cache-off-warm0,130,1,4.8000,1.366,13.035,14.401,heart,the-hound-of-the-baskervilles,1,,server-1,1,4,1,8.793,7.500,8.469
combined-lc-lrt-cache-off-warm0,130,1,4.8077,1.388,20.094,21.482,sea,madame-bovary,1,,server-3,1,3,1,4.568,12.451,7.441
combined-lc-lrt-cache-off-warm0,130,1,4.8154,2.831,9.706,12.537,was,the-kama-sutra-of-vatsyayana,1,,server-1,1,3,1,4.961,12.451,3.859
combined-lc-lrt-cache-off-warm0,130,1,4.8231,5.775,28.749,34.524,london,the-mysterious-island,1,,server-1,2,1,1,2.644,13.755,3.859
combined-lc-lrt-cache-off-warm0,130,1,4.8308,1.840,52.186,54.026,and,treasure-island,1,,server-1,2,1,0,2.201,13.755,5.621
combined-lc-lrt-cache-off-warm0,130,1,4.8385,20.304,28.137,48.440,the,memoirs-of-fanny-hill,1,,server-1,3,1,0,1.500,13.755,5.621
combined-lc-lrt-cache-off-warm0,130,1,4.8462,1.122,31.644,32.766,night,jane-eyre-an-autobiography,1,,server-3,3,0,1,1.500,11.925,5.621
combined-lc-lrt-cache-off-warm0,130,1,4.8538,25.462,19.481,44.944,whale,madame-bovary,1,,server-3,3,0,2,1.500,11.925,2.943
combined-lc-lrt-cache-off-warm0,130,1,4.8615,19.275,44.927,64.202,he,sense-and-sensibility,1,,server-3,2,0,3,6.307,11.925,2.943
combined-lc-lrt-cache-off-warm0,130,1,4.8692,10.718,27.556,38.274,money,treasure-island,1,,server-3,2,0,4,6.307,11.925,2.943
combined-lc-lrt-cache-off-warm0,130,1,4.8769,1.867,26.573,28.440,death,the-last-of-the-mohicans-a-narrative-of-1757,1,,server-2,2,1,4,6.307,11.925,2.943
combined-lc-lrt-cache-off-warm0,130,1,4.8846,21.272,9.668,30.940,king,poirot-investigates,1,,server-2,2,2,3,10.991,6.182,3.123
combined-lc-lrt-cache-off-warm0,130,1,4.8923,1.181,10.393,11.574,house,the-wind-in-the-willows,1,,server-1,1,2,3,9.564,6.182,3.123
combined-lc-lrt-cache-off-warm0,130,1,4.9000,4.496,15.287,19.784,castle,the-hound-of-the-baskervilles,1,,server-1,2,2,3,4.965,6.182,5.087
combined-lc-lrt-cache-off-warm0,130,1,4.9077,12.658,23.191,35.849,he,poirot-investigates,1,,server-1,2,1,2,2.885,6.272,9.390
combined-lc-lrt-cache-off-warm0,130,1,4.9154,5.287,23.991,29.278,castle,cranford,1,,server-1,3,1,2,2.885,6.870,9.390
combined-lc-lrt-cache-off-warm0,130,1,4.9231,1.133,21.399,22.532,whale,the-works-of-edgar-allan-poe-volume-2,1,,server-2,2,1,2,2.177,5.525,9.390
combined-lc-lrt-cache-off-warm0,130,1,4.9308,15.278,11.167,26.445,of,agnes-grey,1,,server-2,2,2,0,2.177,2.890,13.906
combined-lc-lrt-cache-off-warm0,130,1,4.9385,6.821,11.908,18.729,house,white-fang,1,,server-1,3,2,0,2.177,2.890,13.906
combined-lc-lrt-cache-off-warm0,130,1,4.9462,1.367,19.992,21.359,london,the-mysterious-affair-at-styles,1,,server-1,2,1,0,3.837,4.542,13.906
combined-lc-lrt-cache-off-warm0,130,1,4.9538,4.608,25.931,30.539,death,pride-and-prejudice,1,,server-1,3,1,0,2.579,4.542,13.906
combined-lc-lrt-cache-off-warm0,130,1,4.9615,1.381,11.797,13.178,letter,the-mysterious-affair-at-styles,1,,server-2,2,1,0,2.791,4.675,13.906
combined-lc-lrt-cache-off-warm0,130,1,4.9692,6.134,12.447,18.581,london,poirot-investigates,1,,server-2,2,2,0,4.492,2.468,13.906
combined-lc-lrt-cache-off-warm0,130,1,4.9769,11.141,38.904,50.045,he,autobiography-of-benjamin-franklin,1,,server-2,2,2,0,4.492,2.283,13.906
combined-lc-lrt-cache-off-warm0,130,1,4.9846,3.701,41.558,45.258,she,the-jungle,1,,server-2,0,3,0,8.487,2.283,13.906
combined-lc-lrt-cache-off-warm0,130,1,4.9923,39.283,18.300,57.583,letter,his-last-bow,1,,server-2,0,3,0,8.487,1.689,13.906
combined-lc-lrt-cache-off-warm0,130,1,5.0000,31.759,64.154,95.914,castle,the-vicomte-de-bragelonne,1,,server-2,0,4,0,8.487,1.689,13.906
combined-lc-lrt-cache-off-warm0,130,1,5.0077,24.229,59.058,83.287,king,a-connecticut-yankee-in-king-arthur-s-court,1,,server-2,0,5,0,8.487,1.689,13.906
combined-lc-lrt-cache-off-warm0,130,1,5.0154,1.730,13.049,14.779,death,the-war-of-the-worlds,1,,server-1,1,5,0,8.487,1.689,13.906
combined-lc-lrt-cache-off-warm0,130,1,5.0231,8.253,26.434,34.688,was,thus-spake-zarathustra-a-book-for-all-and-none,1,,server-1,2,5,0,4.455,1.689,13.906
combined-lc-lrt-cache-off-warm0,130,1,5.0308,3.283,46.729,50.012,love,a-tale-of-two-cities,1,,server-1,2,3,0,3.186,7.733,13.906
combined-lc-lrt-cache-off-warm0,130,1,5.0385,21.354,84.901,106.255,london,the-adventures-of-ferdinand-count-fathom-complete,1,,server-1,3,3,0,1.891,5.018,13.906
combined-lc-lrt-cache-off-warm0,130,1,5.0462,31.230,50.472,81.702,king,the-great-gatsby,1,,server-1,4,3,0,1.891,5.018,13.906
combined-lc-lrt-cache-off-warm0,130,1,5.0538,27.535,63.110,90.645,of,the-secret-adversary,1,,server-1,5,3,0,1.891,6.010,13.906
combined-lc-lrt-cache-off-warm0,130,1,5.0615,2.216,23.190,25.406,the,far-from-the-madding-crowd,1,,server-3,5,3,1,6.586,6.010,13.906
combined-lc-lrt-cache-off-warm0,130,1,5.0692,18.821,23.339,42.160,king,the-hound-of-the-baskervilles,1,,server-3,5,3,2,6.586,6.010,7.198
combined-lc-lrt-cache-off-warm0,130,1,5.0769,11.730,22.628,34.358,sea,the-warden,1,,server-3,4,3,3,8.926,6.010,7.198
combined-lc-lrt-cache-off-warm0,130,1,5.0846,11.826,13.049,24.875,night,the-warden,1,,server-2,3,4,3,9.307,6.010,7.198
combined-lc-lrt-cache-off-warm0,130,1,5.0923,19.498,53.541,73.039,heart,the-vicomte-de-bragelonne,1,,server-3,3,3,3,9.307,16.487,4.403
combined-lc-lrt-cache-off-warm0,130,1,5.1000,12.225,26.732,38.957,she,frankenstein-or-the-modern-prometheus-41445,1,,server-3,3,1,4,9.307,10.966,4.403
combined-lc-lrt-cache-off-warm0,130,1,5.1077,2.352,27.947,30.299,love,the-divine-comedy,1,,server-2,3,2,4,9.307,10.966,4.403
combined-lc-lrt-cache-off-warm0,130,1,5.1154,23.475,82.465,105.941,death,the-iliad-2199,1,,server-2,3,2,2,9.307,4.802,3.643
combined-lc-lrt-cache-off-warm0,130,1,5.1231,39.152,11.009,50.160,was,the-hound-of-the-baskervilles-3070,1,,server-3,3,2,3,9.307,4.802,3.643
combined-lc-lrt-cache-off-warm0,130,1,5.1308,8.434,24.886,33.320,heart,the-house-of-mirth,1,,server-2,3,3,3,16.756,4.802,3.643
combined-lc-lrt-cache-off-warm0,130,1,5.1385,3.617,73.044,76.662,money,the-iliad-2199,1,,server-2,3,4,3,16.756,5.800,9.538
combined-lc-lrt-cache-off-warm0,130,1,5.1462,18.800,68.456,87.256,he,frankenstein-or-the-modern-prometheus-41445,1,,server-2,0,4,3,20.355,2.331,9.538
combined-lc-lrt-cache-off-warm0,130,1,5.1538,62.350,59.460,121.809,whale,the-works-of-edgar-allan-poe-volume-2,1,,server-2,0,5,3,20.355,2.331,9.538
combined-lc-lrt-cache-off-warm0,130,1,5.1615,54.571,64.337,118.908,whale,the-romance-of-lust-a-classic-victorian-erotic-novel,1,,server-2,0,6,3,20.355,2.331,9.538
combined-lc-lrt-cache-off-warm0,130,1,5.1692,1.269,18.954,20.223,letter,the-house-of-mirth,1,,server-1,1,6,1,20.355,6.490,14.608
combined-lc-lrt-cache-off-warm0,130,1,5.1769,1.172,18.513,19.685,and,the-age-of-innocence,1,,server-3,1,6,1,10.490,6.490,10.609
combined-lc-lrt-cache-off-warm0,130,1,5.1846,12.782,22.281,35.063,house,far-from-the-madding-crowd,1,,server-3,1,6,2,10.490,6.490,5.486
combined-lc-lrt-cache-off-warm0,130,1,5.1923,1.210,20.471,21.681,the,anne-of-green-gables,1,,server-1,1,6,2,9.695,6.490,5.486
combined-lc-lrt-cache-off-warm0,130,1,5.2000,20.235,14.287,34.522,castle,the-hound-of-the-baskervilles,1,,server-3,1,6,2,5.024,6.490,4.567
combined-lc-lrt-cache-off-warm0,130,1,5.2077,6.527,17.460,23.988,heart,twenty-thousand-leagues-under-the-sea,1,,server-1,2,6,2,5.024,6.490,4.567
combined-lc-lrt-cache-off-warm0,130,1,5.2154,1.622,33.631,35.253,love,the-works-of-edgar-allan-poe-volume-2,1,,server-1,2,6,2,4.214,30.012,4.567
combined-lc-lrt-cache-off-warm0,130,1,5.2231,9.417,38.623,48.040,horse,dracula,1,,server-1,3,3,1,2.811,20.072,5.296
combined-lc-lrt-cache-off-warm0,130,1,5.2308,4.552,10.693,15.246,sea,the-mysterious-affair-at-styles,1,,server-3,3,3,2,2.811,20.072,5.296
combined-lc-lrt-cache-off-warm0,130,1,5.2385,8.075,13.585,21.660,sea,the-adventures-of-tom-sawyer-complete,1,,server-3,2,2,2,4.282,15.757,3.382
combined-lc-lrt-cache-off-warm0,130,1,5.2462,2.253,24.052,26.306,and,meditations,1,,server-3,2,2,3,4.282,15.757,3.301
combined-lc-lrt-cache-off-warm0,130,1,5.2538,17.413,26.538,43.952,letter,tess-of-the-d-urbervilles-a-pure-woman,1,,server-3,2,2,3,7.134,15.757,1.552
combined-lc-lrt-cache-off-warm0,130,1,5.2615,12.066,50.003,62.069,king,cranford,1,,server-3,2,2,4,7.134,15.757,3.761
combined-lc-lrt-cache-off-warm0,130,1,5.2692,5.484,46.920,52.404,heart,treasure-island,1,,server-3,2,2,5,7.134,15.757,3.761
combined-lc-lrt-cache-off-warm0,130,1,5.2769,30.996,32.720,63.716,castle,twenty-thousand-leagues-under-the-sea,1,,server-3,0,2,4,11.720,18.601,2.849
combined-lc-lrt-cache-off-warm0,130,1,5.2846,1.464,15.601,17.065,sea,the-scarlet-letter-33,1,,server-1,1,0,4,11.720,21.350,2.849
combined-lc-lrt-cache-off-warm0,130,1,5.2923,9.908,35.842,45.750,castle,the-war-of-the-worlds,1,,server-1,2,0,4,6.089,21.350,2.849
combined-lc-lrt-cache-off-warm0,130,1,5.3000,2.761,33.497,36.258,you,the-song-of-the-lark,1,,server-1,3,0,3,6.350,21.350,8.748
combined-lc-lrt-cache-off-warm0,130,1,5.3077,31.348,15.585,46.933,heart,persuasion,1,,server-1,3,0,3,2.422,21.350,8.862
combined-lc-lrt-cache-off-warm0,130,1,5.3154,23.913,37.755,61.668,she,the-adventures-of-ferdinand-count-fathom-complete,1,,server-1,4,0,3,2.422,21.350,8.862
combined-lc-lrt-cache-off-warm0,130,1,5.3231,16.303,46.395,62.698,horse,washington-square,1,,server-1,5,0,3,2.422,21.350,16.247
combined-lc-lrt-cache-off-warm0,130,1,5.3308,10.204,66.860,77.065,love,life-on-the-mississippi,1,,server-1,6,0,1,2.422,21.350,14.429
combined-lc-lrt-cache-off-warm0,130,1,5.3385,1.824,25.955,27.779,heart,pride-and-prejudice,1,,server-2,5,1,1,9.192,21.350,14.429
combined-lc-lrt-cache-off-warm0,130,1,5.3462,1.654,24.314,25.967,the,the-house-of-mirth,1,,server-3,4,1,1,2.931,11.007,11.903
combined-lc-lrt-cache-off-warm0,130,1,5.3538,19.415,29.838,49.253,and,the-kama-sutra-of-vatsyayana,1,,server-3,4,1,2,2.931,11.007,6.194
combined-lc-lrt-cache-off-warm0,130,1,5.3615,11.429,33.330,44.759,king,the-house-of-mirth,1,,server-3,4,1,3,5.295,11.007,6.194
combined-lc-lrt-cache-off-warm0,130,1,5.3692,1.635,17.752,19.386,letter,silas-marner,1,,server-2,4,1,3,5.295,11.145,6.194
combined-lc-lrt-cache-off-warm0,130,1,5.3769,29.500,11.433,40.934,house,cranford,1,,server-3,3,1,3,13.849,5.797,3.784
combined-lc-lrt-cache-off-warm0,130,1,5.3846,4.453,8.020,12.473,was,the-hound-of-the-baskervilles-3070,1,,server-2,3,2,3,13.849,5.797,3.784
combined-lc-lrt-cache-off-warm0,130,1,5.3923,5.311,10.908,16.219,letter,the-hound-of-the-baskervilles-3070,1,,server-2,1,2,3,14.408,3.759,3.784
combined-lc-lrt-cache-off-warm0,130,1,5.4000,9.250,40.655,49.905,letter,myths-and-legends-of-ancient-greece-and-rome,1,,server-2,1,2,3,14.408,2.324,3.784
combined-lc-lrt-cache-off-warm0,130,1,5.4077,1.704,18.249,19.953,whale,hard-times,1,,server-2,1,3,2,24.575,2.324,7.470
combined-lc-lrt-cache-off-warm0,130,1,5.4154,35.013,17.556,52.569,london,anne-of-green-gables,1,,server-2,0,3,1,19.703,1.354,7.470
combined-lc-lrt-cache-off-warm0,130,1,5.4231,27.568,36.372,63.939,night,leaves-of-grass,1,,server-2,0,4,0,19.703,1.354,6.546
combined-lc-lrt-cache-off-warm0,130,1,5.4308,1.994,24.344,26.338,she,hard-times,1,,server-3,0,4,1,19.703,4.656,6.546
combined-lc-lrt-cache-off-warm0,130,1,5.4385,19.221,14.241,33.463,sea,the-secret-adversary,1,,server-3,0,4,2,19.703,4.656,3.431
combined-lc-lrt-cache-off-warm0,130,1,5.4462,12.168,40.786,52.955,king,the-scarlet-letter,1,,server-3,0,4,3,19.703,4.656,3.431
combined-lc-lrt-cache-off-warm0,130,1,5.4538,4.694,41.042,45.736,london,desert-gold,1,,server-3,0,2,4,19.703,6.446,3.431
combined-lc-lrt-cache-off-warm0,130,1,5.4615,38.249,17.565,55.814,horse,anne-of-green-gables,1,,server-3,0,2,4,19.703,6.446,2.140
combined-lc-lrt-cache-off-warm0,130,1,5.4692,30.616,42.973,73.589,horse,the-moonstone,1,,server-3,0,2,5,19.703,8.515,2.140
combined-lc-lrt-cache-off-warm0,130,1,5.4769,1.453,17.561,19.014,money,the-odyssey,1,,server-1,1,2,5,19.703,8.515,4.391
combined-lc-lrt-cache-off-warm0,130,1,5.4846,11.953,11.696,23.649,of,the-prince,1,,server-1,2,2,5,10.156,8.515,4.391
combined-lc-lrt-cache-off-warm0,130,1,5.4923,1.257,10.244,11.501,and,black-beauty,1,,server-2,2,1,5,10.156,12.045,6.208
combined-lc-lrt-cache-off-warm0,130,1,5.5000,9.179,27.064,36.243,was,mansfield-park,1,,server-1,2,1,4,5.884,6.226,7.178
combined-lc-lrt-cache-off-warm0,130,1,5.5077,1.526,20.273,21.799,love,hard-times,1,,server-2,2,1,2,6.917,5.567,7.178
combined-lc-lrt-cache-off-warm0,130,1,5.5154,14.922,13.006,27.928,house,the-scarlet-letter-33,1,,server-2,1,2,2,3.706,2.906,7.178
combined-lc-lrt-cache-off-warm0,130,1,5.5231,13.483,18.793,32.276,heart,the-divine-comedy,1,,server-1,2,2,2,3.706,2.906,7.317
combined-lc-lrt-cache-off-warm0,130,1,5.5308,1.324,24.157,25.481,sea,the-secret-garden,1,,server-2,2,2,2,3.706,4.032,7.317
combined-lc-lrt-cache-off-warm0,130,1,5.5385,5.897,32.272,38.168,you,a-tale-of-two-cities,1,,server-2,1,3,2,4.680,2.192,7.317
combined-lc-lrt-cache-off-warm0,130,1,5.5462,11.212,30.120,41.333,was,frankenstein-or-the-modern-prometheus-41445,1,,server-2,1,3,0,4.680,2.432,11.492
combined-lc-lrt-cache-off-warm0,130,1,5.5538,1.337,16.129,17.466,the,grimms-fairy-tales,1,,server-1,2,3,0,4.680,2.432,11.492
combined-lc-lrt-cache-off-warm0,130,1,5.5615,11.032,23.392,34.424,she,the-return-of-sherlock-holmes-108,1,,server-1,2,2,0,3.139,5.127,11.492
combined-lc-lrt-cache-off-warm0,130,1,5.5692,3.651,21.470,25.121,death,poirot-investigates,1,,server-1,3,2,0,3.139,5.127,11.492
combined-lc-lrt-cache-off-warm0,130,1,5.5769,19.887,45.919,65.805,heart,the-house-of-the-seven-gables,1,,server-1,3,2,0,2.098,12.194,11.492
combined-lc-lrt-cache-off-warm0,130,1,5.5846,12.481,45.583,58.064,whale,the-scarlet-letter,1,,server-1,4,1,0,2.098,9.918,11.492
combined-lc-lrt-cache-off-warm0,130,1,5.5923,1.077,31.979,33.056,the,a-tale-of-two-cities,1,,server-2,4,1,0,2.098,8.549,11.492
combined-lc-lrt-cache-off-warm0,130,1,5.6000,26.153,23.042,49.195,house,the-american,1,,server-2,2,2,0,3.661,4.444,11.492
combined-lc-lrt-cache-off-warm0,130,1,5.6077,35.155,28.706,63.862,the,the-moonstone,1,,server-1,3,2,0,3.661,4.444,11.492
combined-lc-lrt-cache-off-warm0,130,1,5.6154,1.856,24.463,26.319,death,a-journey-to-the-centre-of-the-earth,1,,server-3,3,2,1,3.661,4.444,11.492
combined-lc-lrt-cache-off-warm0,130,1,5.6231,18.952,14.401,33.353,horse,persuasion,1,,server-3,3,2,2,3.661,4.444,5.984
combined-lc-lrt-cache-off-warm0,130,1,5.6308,18.879,14.600,33.479,house,the-secret-garden,1,,server-2,3,2,2,3.661,6.656,5.984
combined-lc-lrt-cache-off-warm0,130,1,5.6385,5.886,36.198,42.085,death,the-hound-of-the-baskervilles-3070,1,,server-1,4,2,2,3.661,6.656,5.984
combined-lc-lrt-cache-off-warm0,130,1,5.6462,10.799,21.402,32.201,heart,anne-of-green-gables,1,,server-3,2,2,2,5.977,6.656,5.900
combined-lc-lrt-cache-off-warm0,130,1,5.6538,10.798,13.973,24.771,he,frankenstein-or-the-modern-prometheus,1,,server-2,2,2,2,5.977,5.846,5.900
combined-lc-lrt-cache-off-warm0,130,1,5.6615,18.008,32.368,50.376,horse,the-secret-adversary,1,,server-3,2,2,2,5.977,5.846,4.106
combined-lc-lrt-cache-off-warm0,130,1,5.6692,10.158,33.755,43.913,sea,the-song-of-the-lark,1,,server-2,2,2,2,5.977,4.239,4.106
combined-lc-lrt-cache-off-warm0,130,1,5.6769,2.289,30.935,33.224,you,madame-bovary,1,,server-3,2,2,3,10.406,4.239,4.106
combined-lc-lrt-cache-off-warm0,130,1,5.6846,29.000,38.819,67.818,love,great-expectations,1,,server-2,0,2,2,12.034,3.501,2.601
combined-lc-lrt-cache-off-warm0,130,1,5.6923,19.798,24.743,44.540,sea,life-on-the-mississippi,1,,server-3,0,2,3,12.034,3.501,2.601
combined-lc-lrt-cache-off-warm0,130,1,5.7000,12.844,41.239,54.083,of,the-odyssey,1,,server-3,0,2,4,12.034,3.501,2.601
combined-lc-lrt-cache-off-warm0,130,1,5.7077,6.304,40.233,46.537,heart,the-wind-in-the-willows,1,,server-2,0,3,4,12.034,3.501,2.601
combined-lc-lrt-cache-off-warm0,130,1,5.7154,34.126,19.219,53.345,money,desert-gold,1,,server-2,0,3,2,12.034,3.950,4.581
combined-lc-lrt-cache-off-warm0,130,1,5.7231,1.115,11.300,12.415,death,a-princess-of-mars,1,,server-1,1,3,2,12.034,3.428,4.581
combined-lc-lrt-cache-off-warm0,130,1,5.7308,5.105,22.516,27.621,money,the-house-of-mirth,1,,server-1,2,3,2,6.232,3.428,4.581
combined-lc-lrt-cache-off-warm0,130,1,5.7385,20.194,59.424,79.618,castle,the-odyssey,1,,server-1,2,3,1,3.401,3.428,6.805
combined-lc-lrt-cache-off-warm0,130,1,5.7462,12.847,62.585,75.431,you,frankenstein-or-the-modern-prometheus-41445,1,,server-1,3,3,1,3.401,3.428,6.805
combined-lc-lrt-cache-off-warm0,130,1,5.7538,5.398,54.298,59.696,and,the-house-of-the-seven-gables,1,,server-1,4,2,1,3.401,13.452,13.489
combined-lc-lrt-cache-off-warm0,130,1,5.7615,29.888,54.562,84.450,she,leaves-of-grass,1,,server-1,4,1,0,1.995,10.940,10.841
combined-lc-lrt-cache-off-warm0,130,1,5.7692,57.623,29.528,87.151,london,the-war-of-the-worlds,1,,server-1,5,0,0,1.876,9.396,10.841
combined-lc-lrt-cache-off-warm0,130,1,5.7769,1.251,10.778,12.029,you,poirot-investigates,1,,server-2,5,1,0,1.876,9.396,10.841
combined-lc-lrt-cache-off-warm0,130,1,5.7846,4.642,22.563,27.206,you,hard-times,1,,server-2,5,2,0,1.876,4.876,10.841
combined-lc-lrt-cache-off-warm0,130,1,5.7923,20.056,23.203,43.259,you,the-secret-garden,1,,server-2,5,2,0,6.879,2.891,10.841
combined-lc-lrt-cache-off-warm0,130,1,5.8000,13.029,34.978,48.007,sea,herland,1,,server-2,5,3,0,6.879,2.891,10.841
combined-lc-lrt-cache-off-warm0,130,1,5.8077,1.501,31.200,32.701,whale,pride-and-prejudice,1,,server-3,5,3,1,6.879,2.891,10.841
combined-lc-lrt-cache-off-warm0,130,1,5.8154,20.628,30.683,51.311,london,life-on-the-mississippi,1,,server-2,5,3,1,18.089,3.663,5.639
combined-lc-lrt-cache-off-warm0,130,1,5.8231,17.606,29.701,47.307,you,oliver-twist,1,,server-3,4,3,2,20.233,3.663,5.639
combined-lc-lrt-cache-off-warm0,130,1,5.8308,6.492,39.119,45.611,sea,northanger-abbey,1,,server-2,2,4,2,21.964,3.663,5.639
combined-lc-lrt-cache-off-warm0,130,1,5.8385,38.218,25.421,63.639,sea,emma,1,,server-2,2,4,2,21.964,3.561,5.639
combined-lc-lrt-cache-off-warm0,130,1,5.8462,24.587,16.646,41.233,night,adventures-of-huckleberry-finn,1,,server-3,2,4,2,19.161,3.561,5.937
combined-lc-lrt-cache-off-warm0,130,1,5.8538,17.038,34.683,51.721,love,the-jungle,1,,server-3,1,4,3,19.161,9.743,5.937
combined-lc-lrt-cache-off-warm0,130,1,5.8615,1.437,20.265,21.702,horse,grimms-fairy-tales,1,,server-1,1,4,3,14.217,9.743,5.937
combined-lc-lrt-cache-off-warm0,130,1,5.8692,14.857,25.041,39.898,castle,the-song-of-the-lark,1,,server-1,2,4,3,7.361,16.895,5.937
combined-lc-lrt-cache-off-warm0,130,1,5.8769,29.137,10.344,39.481,and,the-wind-in-the-willows,1,,server-3,2,1,3,7.361,11.373,5.137
combined-lc-lrt-cache-off-warm0,130,1,5.8846,1.641,32.723,34.364,love,poirot-investigates,1,,server-1,2,1,3,5.496,11.373,5.137
combined-lc-lrt-cache-off-warm0,130,1,5.8923,17.922,39.843,57.764,king,washington-square,1,,server-1,3,1,3,2.957,11.373,7.368
combined-lc-lrt-cache-off-warm0,130,1,5.9000,17.976,23.164,41.140,he,madame-bovary,1,,server-1,4,1,3,2.957,11.373,7.368
combined-lc-lrt-cache-off-warm0,130,1,5.9077,1.217,16.197,17.414,night,a-journey-to-the-centre-of-the-earth,1,,server-2,4,1,1,5.118,11.259,8.552
combined-lc-lrt-cache-off-warm0,130,1,5.9154,10.108,19.450,29.558,king,grimms-fairy-tales,1,,server-2,3,2,1,6.459,5.831,8.552
combined-lc-lrt-cache-off-warm0,130,1,5.9231,1.177,31.621,32.798,love,the-tenant-of-wildfell-hall,1,,server-3,2,2,1,7.818,5.831,7.091
combined-lc-lrt-cache-off-warm0,130,1,5.9308,25.273,28.501,53.774,horse,north-and-south,1,,server-3,2,1,2,7.818,4.191,3.695
combined-lc-lrt-cache-off-warm0,130,1,5.9385,6.905,20.263,27.168,horse,pride-and-prejudice,1,,server-2,2,2,2,7.818,4.191,3.695
combined-lc-lrt-cache-off-warm0,130,1,5.9462,1.144,34.726,35.870,was,anne-of-green-gables,1,,server-2,2,2,2,8.559,3.577,3.695
combined-lc-lrt-cache-off-warm0,130,1,5.9538,12.737,26.702,39.438,london,meditations,1,,server-2,0,3,2,10.435,1.968,7.056
combined-lc-lrt-cache-off-warm0,130,1,5.9615,5.538,49.486,55.024,love,mary-barton,1,,server-2,0,4,1,10.435,1.968,6.621
combined-lc-lrt-cache-off-warm0,130,1,5.9692,42.978,32.942,75.920,king,the-vicomte-de-bragelonne,1,,server-2,0,4,1,10.435,2.307,6.621
combined-lc-lrt-cache-off-warm0,130,1,5.9769,1.418,14.225,15.643,and,the-secret-adversary,1,,server-1,1,4,1,10.435,2.307,6.621
combined-lc-lrt-cache-off-warm0,130,1,5.9846,8.442,26.309,34.751,you,little-women,1,,server-1,2,3,1,5.429,6.968,8.712
combined-lc-lrt-cache-off-warm0,130,1,5.9923,1.483,14.949,16.432,the,the-secret-garden,1,,server-3,2,3,1,5.746,6.968,8.712
combined-lc-lrt-cache-off-warm0,130,1,6.0000,19.728,16.836,36.565,he,the-return-of-sherlock-holmes,1,,server-1,2,3,1,3.709,13.239,4.529
combined-lc-lrt-cache-off-warm0,130,1,6.0077,1.630,12.226,13.857,whale,silas-marner,1,,server-3,2,3,2,3.709,13.239,4.529
combined-lc-lrt-cache-off-warm0,130,1,6.0154,6.593,25.920,32.513,heart,north-and-south,1,,server-3,2,3,2,3.709,14.295,2.808
combined-lc-lrt-cache-off-warm0,130,1,6.0231,21.759,20.032,41.791,death,the-age-of-innocence,1,,server-3,1,1,2,5.292,16.678,2.484
combined-lc-lrt-cache-off-warm0,130,1,6.0308,18.850,30.914,49.765,he,the-portrait-of-a-lady-volume-1,1,,server-3,1,1,3,5.292,16.678,2.086
combined-lc-lrt-cache-off-warm0,130,1,6.0385,1.235,12.008,13.243,love,the-mysterious-affair-at-styles,1,,server-1,1,1,3,6.031,16.678,2.086
combined-lc-lrt-cache-off-warm0,130,1,6.0462,6.171,22.479,28.650,she,the-memoirs-of-sherlock-holmes,1,,server-1,2,0,3,3.155,15.283,5.666
combined-lc-lrt-cache-off-warm0,130,1,6.0538,1.394,67.698,69.092,and,jane-eyre-an-autobiography,1,,server-1,2,0,2,2.518,15.283,5.253
combined-lc-lrt-cache-off-warm0,130,1,6.0615,13.826,23.542,37.369,whale,the-jungle,1,,server-1,3,0,2,1.685,15.283,5.253
combined-lc-lrt-cache-off-warm0,130,1,6.0692,6.232,71.316,77.547,of,life-on-the-mississippi,1,,server-1,4,0,2,1.685,15.283,7.545
combined-lc-lrt-cache-off-warm0,130,1,6.0769,19.576,69.597,89.173,of,life-on-the-mississippi,1,,server-1,5,0,2,3.028,15.283,7.545
combined-lc-lrt-cache-off-warm0,130,1,6.0846,1.643,14.573,16.215,sea,the-secret-garden,1,,server-3,4,0,1,3.028,15.283,10.227
combined-lc-lrt-cache-off-warm0,130,1,6.0923,9.044,11.482,20.526,london,the-prince,1,,server-3,4,0,2,3.028,15.283,5.318
combined-lc-lrt-cache-off-warm0,130,1,6.1000,1.517,15.931,17.449,london,desert-gold,1,,server-2,4,1,2,7.305,15.283,5.318
combined-lc-lrt-cache-off-warm0,130,1,6.1077,5.893,12.192,18.085,house,the-prince,1,,server-3,4,1,2,7.305,7.912,3.784
combined-lc-lrt-cache-off-warm0,130,1,6.1154,10.829,13.664,24.493,horse,the-hound-of-the-baskervilles,1,,server-3,4,1,2,7.305,7.912,2.666
combined-lc-lrt-cache-off-warm0,130,1,6.1231,1.415,28.832,30.247,house,the-adventures-of-ferdinand-count-fathom-complete,1,,server-2,4,1,2,17.098,7.541,2.666
combined-lc-lrt-cache-off-warm0,130,1,6.1308,9.360,28.114,37.475,he,north-and-south,1,,server-3,4,1,2,17.098,3.933,2.868
combined-lc-lrt-cache-off-warm0,130,1,6.1385,15.233,12.770,28.003,you,the-first-men-in-the-moon,1,,server-2,4,2,2,17.098,3.933,2.868
combined-lc-lrt-cache-off-warm0,130,1,6.1462,23.178,49.008,72.185,house,life-on-the-mississippi,1,,server-3,4,2,2,17.098,3.933,2.844
combined-lc-lrt-cache-off-warm0,130,1,6.1538,15.713,27.903,43.616,and,the-iliad,1,,server-3,1,2,3,21.636,5.095,2.844
combined-lc-lrt-cache-off-warm0,130,1,6.1615,5.546,25.962,31.508,you,the-song-of-the-lark,1,,server-2,1,2,3,21.636,5.095,2.844
combined-lc-lrt-cache-off-warm0,130,1,6.1692,24.280,15.115,39.395,heart,myths-and-legends-of-ancient-greece-and-rome,1,,server-2,0,2,2,24.572,3.171,3.838
combined-lc-lrt-cache-off-warm0,130,1,6.1769,16.977,44.441,61.418,house,pride-and-prejudice,1,,server-2,0,3,2,24.572,3.171,3.838
combined-lc-lrt-cache-off-warm0,130,1,6.1846,34.618,15.500,50.118,was,persuasion,1,,server-3,0,3,3,24.572,3.171,3.838
combined-lc-lrt-cache-off-warm0,130,1,6.1923,2.140,40.584,42.724,love,frankenstein-or-the-modern-prometheus-41445,1,,server-2,0,4,3,24.572,3.171,3.838
combined-lc-lrt-cache-off-warm0,130,1,6.2000,37.530,24.271,61.801,heart,agnes-grey,1,,server-2,0,4,3,24.572,2.249,8.507
combined-lc-lrt-cache-off-warm0,130,1,6.2077,29.563,13.882,43.446,horse,the-scarlet-letter,1,,server-2,0,5,3,24.572,2.249,8.507
combined-lc-lrt-cache-off-warm0,130,1,6.2154,1.829,16.716,18.545,she,washington-square,1,,server-1,1,5,3,24.572,4.699,8.507
combined-lc-lrt-cache-off-warm0,130,1,6.2231,12.433,11.840,24.273,heart,silas-marner,1,,server-3,1,5,2,12.675,4.699,10.615
combined-lc-lrt-cache-off-warm0,130,1,6.2308,3.661,23.258,26.918,castle,mansfield-park,1,,server-1,2,5,2,12.675,4.699,10.615
combined-lc-lrt-cache-off-warm0,130,1,6.2385,19.883,12.368,32.251,of,the-picture-of-dorian-gray,1,,server-1,2,3,1,5.817,10.361,5.899
combined-lc-lrt-cache-off-warm0,130,1,6.2462,1.983,36.499,38.483,castle,the-vicomte-de-bragelonne,1,,server-3,2,2,2,5.817,8.410,5.899
combined-lc-lrt-cache-off-warm0,130,1,6.2538,32.118,52.975,85.094,money,the-mysterious-island,1,,server-3,2,2,2,5.817,7.599,3.006
combined-lc-lrt-cache-off-warm0,130,1,6.2615,24.661,24.269,48.930,heart,agnes-grey,1,,server-3,1,1,3,5.711,10.809,3.006
combined-lc-lrt-cache-off-warm0,130,1,6.2692,1.281,9.768,11.049,sea,beyond-good-and-evil,1,,server-2,1,1,3,5.711,8.675,3.006
combined-lc-lrt-cache-off-warm0,130,1,6.2769,1.376,24.150,25.526,he,pride-and-prejudice,1,,server-1,1,1,3,5.583,4.514,3.006
combined-lc-lrt-cache-off-warm0,130,1,6.2846,1.938,27.510,29.448,whale,a-tale-of-two-cities,1,,server-2,1,1,3,2.932,4.400,10.070
combined-lc-lrt-cache-off-warm0,130,1,6.2923,22.297,22.301,44.598,she,the-iliad-2199,1,,server-2,1,2,2,2.932,2.340,5.262
combined-lc-lrt-cache-off-warm0,130,1,6.3000,2.845,17.182,20.027,you,the-memoirs-of-sherlock-holmes,1,,server-1,2,2,2,2.932,2.340,5.262
combined-lc-lrt-cache-off-warm0,130,1,6.3077,12.575,45.081,57.655,was,jane-eyre-an-autobiography,1,,server-1,2,2,2,3.154,2.340,5.262
combined-lc-lrt-cache-off-warm0,130,1,6.3154,4.607,20.206,24.813,of,a-tale-of-two-cities,1,,server-1,3,1,2,3.154,5.154,8.891
combined-lc-lrt-cache-off-warm0,130,1,6.3231,37.775,16.469,54.244,castle,frankenstein-or-the-modern-prometheus,1,,server-1,3,1,2,2.801,5.154,8.891
combined-lc-lrt-cache-off-warm0,130,1,6.3308,6.747,32.396,39.143,he,the-vicomte-de-bragelonne,1,,server-2,3,2,2,2.801,5.154,8.891
combined-lc-lrt-cache-off-warm0,130,1,6.3385,1.865,56.068,57.933,heart,the-innocents-abroad,1,,server-2,3,2,2,2.801,4.117,19.987
combined-lc-lrt-cache-off-warm0,130,1,6.3462,23.775,47.956,71.731,was,the-war-of-the-worlds,1,,server-2,3,3,0,6.542,2.221,16.002
combined-lc-lrt-cache-off-warm0,130,1,6.3538,38.964,42.982,81.946,letter,persuasion,1,,server-2,3,4,0,6.542,2.221,16.002
combined-lc-lrt-cache-off-warm0,130,1,6.3615,35.007,36.965,71.972,sea,the-warden,1,,server-2,2,5,0,9.294,2.221,16.002
combined-lc-lrt-cache-off-warm0,130,1,6.3692,1.603,26.717,28.320,horse,mary-barton,1,,server-3,1,5,1,11.211,10.878,16.002
combined-lc-lrt-cache-off-warm0,130,1,6.3769,21.750,21.552,43.302,house,the-last-of-the-mohicans-a-narrative-of-1757,1,,server-3,1,5,2,11.300,10.568,8.262
combined-lc-lrt-cache-off-warm0,130,1,6.3846,1.304,25.415,26.719,was,the-romance-of-lust-a-classic-victorian-erotic-novel,1,,server-1,1,5,2,9.099,10.568,8.262
combined-lc-lrt-cache-off-warm0,130,1,6.3923,19.600,40.791,60.390,house,life-on-the-mississippi,1,,server-1,2,5,2,4.726,19.302,8.262
combined-lc-lrt-cache-off-warm0,130,1,6.4000,20.523,30.063,50.586,of,the-vicomte-de-bragelonne,1,,server-3,2,3,2,4.726,12.082,6.953
combined-lc-lrt-cache-off-warm0,130,1,6.4077,4.947,20.090,25.036,london,leaves-of-grass,1,,server-1,3,3,2,4.726,12.082,5.623
combined-lc-lrt-cache-off-warm0,130,1,6.4154,18.547,53.976,72.523,of,the-return-of-sherlock-holmes,1,,server-1,3,3,2,3.546,12.082,5.623
combined-lc-lrt-cache-off-warm0,130,1,6.4231,24.436,20.390,44.826,he,the-return-of-sherlock-holmes,1,,server-3,3,3,2,3.546,14.607,6.944
combined-lc-lrt-cache-off-warm0,130,1,6.4308,3.636,56.274,59.910,she,the-american,1,,server-1,4,3,2,3.546,14.607,5.586
combined-lc-lrt-cache-off-warm0,130,1,6.4385,15.750,44.781,60.532,london,the-hound-of-the-baskervilles-3070,1,,server-1,4,0,2,3.391,15.801,5.586
combined-lc-lrt-cache-off-warm0,130,1,6.4462,1.146,13.770,14.916,death,kidnapped,1,,server-2,4,1,2,3.391,15.801,5.586
combined-lc-lrt-cache-off-warm0,130,1,6.4538,7.777,18.425,26.201,king,walden-and-on-the-duty-of-civil-disobedience,1,,server-2,3,2,1,8.243,8.160,8.922
combined-lc-lrt-cache-off-warm0,130,1,6.4615,2.197,32.688,34.886,house,the-picture-of-dorian-gray,1,,server-2,3,2,1,6.719,4.517,8.922
combined-lc-lrt-cache-off-warm0,130,1,6.4692,26.248,14.944,41.192,night,frankenstein-or-the-modern-prometheus-41445,1,,server-2,3,3,0,6.719,2.558,8.486
combined-lc-lrt-cache-off-warm0,130,1,6.4769,1.295,11.362,12.657,london,the-hound-of-the-baskervilles-3070,1,,server-3,3,3,1,6.719,2.558,8.486
combined-lc-lrt-cache-off-warm0,130,1,6.4846,5.551,29.966,35.517,london,the-tenant-of-wildfell-hall,1,,server-3,3,2,2,6.719,6.121,4.423
combined-lc-lrt-cache-off-warm0,130,1,6.4923,25.509,41.176,66.686,letter,meditations,1,,server-3,3,2,2,20.396,6.121,2.862
combined-lc-lrt-cache-off-warm0,130,1,6.5000,20.797,27.711,48.509,house,a-connecticut-yankee-in-king-arthur-s-court,1,,server-3,0,1,3,15.524,8.092,3.366
combined-lc-lrt-cache-off-warm0,130,1,6.5077,12.960,12.307,25.267,she,the-picture-of-dorian-gray,1,,server-3,0,1,4,15.524,8.092,3.366
combined-lc-lrt-cache-off-warm0,130,1,6.5154,1.072,23.004,24.076,horse,wuthering-heights,1,,server-2,0,1,4,15.524,7.372,3.366
combined-lc-lrt-cache-off-warm0,130,1,6.5231,14.520,29.181,43.700,money,the-picture-of-dorian-gray,1,,server-2,0,2,3,15.524,3.830,3.720
combined-lc-lrt-cache-off-warm0,130,1,6.5308,10.378,26.149,36.527,castle,walden-and-on-the-duty-of-civil-disobedience,1,,server-2,0,3,3,15.524,3.830,3.720
combined-lc-lrt-cache-off-warm0,130,1,6.5385,1.382,14.241,15.623,king,frankenstein-or-the-modern-prometheus,1,,server-1,1,3,3,15.524,5.149,5.329
combined-lc-lrt-cache-off-warm0,130,1,6.5462,23.260,22.408,45.668,love,life-on-the-mississippi,1,,server-2,1,3,3,8.019,3.298,5.329
combined-lc-lrt-cache-off-warm0,130,1,6.5538,15.656,32.188,47.843,death,the-warden,1,,server-2,1,4,1,9.148,3.298,8.769
combined-lc-lrt-cache-off-warm0,130,1,6.5615,1.658,21.115,22.773,money,desperate-remedies,1,,server-1,1,4,0,7.347,3.298,11.685
combined-lc-lrt-cache-off-warm0,130,1,6.5692,15.545,22.408,37.953,money,wuthering-heights,1,,server-1,2,2,0,3.864,4.417,11.685
combined-lc-lrt-cache-off-warm0,130,1,6.5769,8.391,46.335,54.726,whale,sense-and-sensibility,1,,server-1,3,2,0,3.864,4.417,11.685
combined-lc-lrt-cache-off-warm0,130,1,6.5846,23.063,66.972,90.035,you,the-house-of-mirth,1,,server-1,3,2,0,3.485,4.417,11.685
combined-lc-lrt-cache-off-warm0,130,1,6.5923,15.921,49.845,65.767,letter,great-expectations,1,,server-1,4,2,0,2.701,7.930,11.685
combined-lc-lrt-cache-off-warm0,130,1,6.6000,1.334,12.488,13.822,night,frankenstein-or-the-modern-prometheus,1,,server-3,4,2,1,2.701,7.930,11.685
combined-lc-lrt-cache-off-warm0,130,1,6.6077,1.530,13.042,14.573,letter,northanger-abbey,1,,server-2,4,1,1,7.376,9.675,6.058
combined-lc-lrt-cache-off-warm0,130,1,6.6154,1.195,22.539,23.734,money,the-jungle,1,,server-3,3,1,1,7.376,5.028,5.842
combined-lc-lrt-cache-off-warm0,130,1,6.6231,1.677,13.886,15.563,horse,the-scarlet-letter,1,,server-2,3,1,1,7.376,5.267,3.036
combined-lc-lrt-cache-off-warm0,130,1,6.6308,8.483,19.458,27.941,money,pride-and-prejudice,1,,server-2,3,2,1,11.924,2.830,3.036
combined-lc-lrt-cache-off-warm0,130,1,6.6385,2.259,39.170,41.429,whale,emma,1,,server-2,2,3,1,15.062,3.469,6.863
combined-lc-lrt-cache-off-warm0,130,1,6.6462,31.243,21.543,52.786,king,twenty-thousand-leagues-under-the-sea,1,,server-2,2,3,0,15.062,1.569,5.538
combined-lc-lrt-cache-off-warm0,130,1,6.6538,1.267,18.246,19.513,letter,sense-and-sensibility,1,,server-3,2,3,1,15.062,1.569,5.538
combined-lc-lrt-cache-off-warm0,130,1,6.6615,12.269,30.039,42.308,whale,the-song-of-the-lark,1,,server-3,2,2,2,17.947,5.827,2.899
combined-lc-lrt-cache-off-warm0,130,1,6.6692,4.972,31.239,36.210,money,the-lost-world,1,,server-3,2,2,3,17.947,5.827,2.899
combined-lc-lrt-cache-off-warm0,130,1,6.6769,29.198,38.672,67.870,she,washington-square,1,,server-3,0,2,3,18.493,8.188,2.165
combined-lc-lrt-cache-off-warm0,130,1,6.6846,21.612,14.900,36.512,love,the-warden,1,,server-3,0,1,4,18.493,9.613,2.165
combined-lc-lrt-cache-off-warm0,130,1,6.6923,14.168,29.068,43.235,king,the-picture-of-dorian-gray,1,,server-3,0,1,5,18.493,9.613,2.165
combined-lc-lrt-cache-off-warm0,130,1,6.7000,1.194,19.936,21.129,sea,adventures-of-huckleberry-finn,1,,server-2,0,1,5,18.493,9.117,2.165
combined-lc-lrt-cache-off-warm0,130,1,6.7077,13.723,32.461,46.184,sea,the-odyssey,1,,server-2,0,2,3,18.493,4.767,3.671
combined-lc-lrt-cache-off-warm0,130,1,6.7154,6.282,28.916,35.198,and,the-adventures-of-tom-sawyer-complete,1,,server-2,0,3,3,18.493,4.767,3.671
combined-lc-lrt-cache-off-warm0,130,1,6.7231,26.186,39.741,65.926,house,the-first-men-in-the-moon,1,,server-2,0,3,3,18.493,2.665,5.819
combined-lc-lrt-cache-off-warm0,130,1,6.7308,23.989,35.233,59.222,you,madame-bovary,1,,server-2,0,4,3,18.493,2.301,5.819
combined-lc-lrt-cache-off-warm0,130,1,6.7385,17.748,34.007,51.755,night,beyond-good-and-evil,1,,server-2,0,5,3,18.493,2.301,11.111
combined-lc-lrt-cache-off-warm0,130,1,6.7462,1.216,17.708,18.924,heart,the-works-of-edgar-allan-poe-volume-2,1,,server-3,0,5,1,18.493,2.301,12.777
combined-lc-lrt-cache-off-warm0,130,1,6.7538,11.760,15.468,27.228,was,the-house-of-the-seven-gables,1,,server-3,0,5,2,18.493,12.243,6.601
combined-lc-lrt-cache-off-warm0,130,1,6.7615,1.800,20.945,22.744,she,leaves-of-grass,1,,server-1,1,3,2,18.493,5.677,6.601
combined-lc-lrt-cache-off-warm0,130,1,6.7692,12.592,20.710,33.302,whale,the-jungle,1,,server-3,1,3,2,9.539,5.677,4.724
combined-lc-lrt-cache-off-warm0,130,1,6.7769,5.069,40.296,45.365,castle,tess-of-the-d-urbervilles-a-pure-woman,1,,server-3,1,3,3,9.539,5.677,4.724
combined-lc-lrt-cache-off-warm0,130,1,6.7846,37.504,9.708,47.212,house,his-last-bow,1,,server-3,0,3,3,9.417,5.677,2.556
combined-lc-lrt-cache-off-warm0,130,1,6.7923,1.117,12.993,14.109,heart,a-princess-of-mars,1,,server-1,1,0,3,9.417,11.583,2.556
combined-lc-lrt-cache-off-warm0,130,1,6.8000,7.009,9.686,16.695,heart,the-prince,1,,server-1,2,0,3,4.880,11.583,2.556
combined-lc-lrt-cache-off-warm0,130,1,6.8077,1.196,39.717,40.912,and,the-romance-of-lust-a-classic-victorian-erotic-novel,1,,server-1,2,0,2,3.345,11.583,7.524
combined-lc-lrt-cache-off-warm0,130,1,6.8154,2.616,56.424,59.040,castle,little-women,1,,server-1,3,0,2,1.869,11.583,7.524
combined-lc-lrt-cache-off-warm0,130,1,6.8231,25.641,38.158,63.799,castle,the-works-of-edgar-allan-poe-volume-2,1,,server-1,3,0,1,1.718,11.583,10.103
combined-lc-lrt-cache-off-warm0,130,1,6.8308,38.488,33.731,72.219,was,the-scarlet-letter-33,1,,server-1,4,0,1,1.718,11.583,10.103
combined-lc-lrt-cache-off-warm0,130,1,6.8385,1.209,11.261,12.470,you,silas-marner,1,,server-3,4,0,1,1.718,11.583,7.969
combined-lc-lrt-cache-off-warm0,130,1,6.8462,5.130,9.949,15.079,whale,the-lost-world,1,,server-3,4,0,2,1.718,11.583,4.143
combined-lc-lrt-cache-off-warm0,130,1,6.8538,7.739,11.134,18.872,house,the-prince,1,,server-3,4,0,2,10.841,11.583,2.702
combined-lc-lrt-cache-off-warm0,130,1,6.8615,1.381,50.322,51.703,of,the-innocents-abroad,1,,server-3,4,0,2,10.841,11.583,2.361
combined-lc-lrt-cache-off-warm0,130,1,6.8692,4.816,36.134,40.951,whale,the-secret-adversary,1,,server-3,4,0,3,14.262,11.583,1.390
combined-lc-lrt-cache-off-warm0,130,1,6.8769,33.923,68.934,102.856,the,the-house-of-the-seven-gables,1,,server-3,4,0,3,22.408,11.583,1.834
combined-lc-lrt-cache-off-warm0,130,1,6.8846,29.364,68.915,98.279,of,desperate-remedies,1,,server-3,4,0,4,22.408,11.583,1.834
combined-lc-lrt-cache-off-warm0,130,1,6.8923,21.952,13.783,35.735,house,frankenstein-or-the-modern-prometheus,1,,server-3,1,0,5,16.362,11.583,1.834
combined-lc-lrt-cache-off-warm0,130,1,6.9000,14.880,62.987,77.867,was,pride-and-prejudice,1,,server-3,1,0,6,16.362,11.583,1.834
combined-lc-lrt-cache-off-warm0,130,1,6.9077,1.306,14.242,15.549,house,memoirs-of-fanny-hill,1,,server-2,0,1,6,15.096,11.583,1.834
combined-lc-lrt-cache-off-warm0,130,1,6.9154,8.441,20.579,29.021,and,the-house-of-the-seven-gables,1,,server-2,0,2,4,15.096,6.020,5.357
combined-lc-lrt-cache-off-warm0,130,1,6.9231,1.885,30.430,32.315,castle,the-romance-of-lust-a-classic-victorian-erotic-novel,1,,server-1,1,2,4,15.096,7.475,4.671
combined-lc-lrt-cache-off-warm0,130,1,6.9308,13.845,12.929,26.774,horse,white-fang,1,,server-2,1,2,3,7.814,3.919,5.381
combined-lc-lrt-cache-off-warm0,130,1,6.9385,6.352,22.708,29.060,castle,autobiography-of-benjamin-franklin,1,,server-2,1,3,3,7.814,3.919,5.381
combined-lc-lrt-cache-off-warm0,130,1,6.9462,10.362,29.914,40.275,money,wuthering-heights,1,,server-2,1,3,3,7.814,2.556,5.381
combined-lc-lrt-cache-off-warm0,130,1,6.9538,15.181,41.039,56.221,letter,the-iliad-2199,1,,server-2,1,4,3,7.814,2.150,5.381
combined-lc-lrt-cache-off-warm0,130,1,6.9615,1.561,11.853,13.414,sea,meditations,1,,server-1,1,4,3,9.808,4.390,5.381
combined-lc-lrt-cache-off-warm0,130,1,6.9692,6.319,13.388,19.707,night,treasure-island,1,,server-1,2,2,3,5.094,4.934,5.381
combined-lc-lrt-cache-off-warm0,130,1,6.9769,10.219,37.777,47.995,the,far-from-the-madding-crowd,1,,server-1,2,2,3,3.190,4.934,5.381
combined-lc-lrt-cache-off-warm0,130,1,6.9846,4.903,37.463,42.365,death,cranford,1,,server-1,3,2,0,2.624,4.934,22.249
combined-lc-lrt-cache-off-warm0,130,1,6.9923,35.628,38.092,73.720,you,the-house-of-mirth,1,,server-1,3,1,0,2.550,7.848,22.249
combined-lc-lrt-cache-off-warm0,130,1,7.0000,28.415,19.204,47.619,he,the-secret-garden-17396,1,,server-1,4,1,0,2.550,7.848,22.249
combined-lc-lrt-cache-off-warm0,130,1,7.0077,21.046,48.552,69.598,london,the-warden,1,,server-1,5,1,0,2.550,7.848,22.249
combined-lc-lrt-cache-off-warm0,130,1,7.0154,1.498,14.233,15.731,horse,around-the-world-in-eighty-days,1,,server-2,5,1,0,2.550,11.551,22.249
combined-lc-lrt-cache-off-warm0,130,1,7.0231,8.182,25.468,33.650,king,far-from-the-madding-crowd,1,,server-2,5,2,0,2.550,5.985,22.249
combined-lc-lrt-cache-off-warm0,130,1,7.0308,1.910,36.129,38.040,house,white-fang,1,,server-2,3,3,0,5.007,5.903,22.249
combined-lc-lrt-cache-off-warm0,130,1,7.0385,19.266,27.463,46.729,death,autobiography-of-benjamin-franklin,1,,server-2,3,3,0,5.007,2.124,22.249
combined-lc-lrt-cache-off-warm0,130,1,7.0462,12.395,55.486,67.881,she,the-secret-adversary,1,,server-2,3,4,0,5.007,2.124,22.249
combined-lc-lrt-cache-off-warm0,130,1,7.0538,4.773,85.357,90.129,heart,the-innocents-abroad,1,,server-2,3,5,0,6.243,2.124,22.249
combined-lc-lrt-cache-off-warm0,130,1,7.0615,8.559,47.052,55.611,sea,anne-of-green-gables,1,,server-2,3,5,0,6.243,3.507,22.249
combined-lc-lrt-cache-off-warm0,130,1,7.0692,1.514,15.392,16.906,castle,silas-marner,1,,server-3,2,5,1,12.457,9.967,22.249
combined-lc-lrt-cache-off-warm0,130,1,7.0769,9.629,12.690,22.319,was,autobiography-of-benjamin-franklin,1,,server-3,2,4,2,18.762,5.049,11.480
combined-lc-lrt-cache-off-warm0,130,1,7.0846,1.227,14.600,15.827,house,myths-and-legends-of-ancient-greece-and-rome,1,,server-1,1,4,2,15.048,5.049,11.480
combined-lc-lrt-cache-off-warm0,130,1,7.0923,7.746,19.540,27.286,you,the-adventures-of-sherlock-holmes,1,,server-3,1,3,2,7.772,7.517,5.873
combined-lc-lrt-cache-off-warm0,130,1,7.1000,1.800,38.578,40.378,he,desperate-remedies,1,,server-3,1,3,2,9.050,7.517,3.615
combined-lc-lrt-cache-off-warm0,130,1,7.1077,30.556,19.861,50.416,castle,walden-and-on-the-duty-of-civil-disobedience,1,,server-3,0,3,3,7.259,7.517,1.947
combined-lc-lrt-cache-off-warm0,130,1,7.1154,1.342,28.901,30.242,love,great-expectations,1,,server-1,1,3,3,7.259,15.017,1.947
combined-lc-lrt-cache-off-warm0,130,1,7.1231,22.920,51.759,74.679,and,twenty-thousand-leagues-under-the-sea,1,,server-1,2,2,2,3.819,17.634,5.973
combined-lc-lrt-cache-off-warm0,130,1,7.1308,15.473,11.999,27.471,whale,the-war-of-the-worlds,1,,server-1,3,2,2,3.819,17.634,5.973
combined-lc-lrt-cache-off-warm0,130,1,7.1385,8.317,27.158,35.475,of,the-works-of-edgar-allan-poe-volume-2,1,,server-1,4,2,2,3.819,17.634,8.235
combined-lc-lrt-cache-off-warm0,130,1,7.1462,2.745,47.087,49.832,london,agnes-grey,1,,server-1,4,0,1,3.204,23.985,9.441
combined-lc-lrt-cache-off-warm0,130,1,7.1538,20.866,36.959,57.825,he,frankenstein-or-the-modern-prometheus,1,,server-1,5,0,1,1.633,23.985,9.441
combined-lc-lrt-cache-off-warm0,130,1,7.1615,1.289,22.161,23.451,you,the-return-of-sherlock-holmes-108,1,,server-3,5,0,1,3.560,23.985,8.840
combined-lc-lrt-cache-off-warm0,130,1,7.1692,16.510,23.352,39.862,she,dracula,1,,server-3,5,0,2,3.560,23.985,4.586
combined-lc-lrt-cache-off-warm0,130,1,7.1769,9.111,34.581,43.692,of,the-warden,1,,server-3,3,0,3,7.579,23.985,4.586
combined-lc-lrt-cache-off-warm0,130,1,7.1846,1.568,32.057,33.625,night,the-innocents-abroad,1,,server-2,3,1,3,7.579,23.985,8.024
combined-lc-lrt-cache-off-warm0,130,1,7.1923,18.300,52.833,71.133,house,northanger-abbey,1,,server-3,3,1,3,7.579,12.348,3.364
combined-lc-lrt-cache-off-warm0,130,1,7.2000,10.427,26.514,36.941,she,desert-gold,1,,server-3,1,1,4,15.757,12.348,3.364
combined-lc-lrt-cache-off-warm0,130,1,7.2077,14.953,42.071,57.024,and,the-secret-adversary,1,,server-3,1,1,5,15.757,12.348,3.364
combined-lc-lrt-cache-off-warm0,130,1,7.2154,1.484,14.105,15.589,house,a-journey-to-the-centre-of-the-earth,1,,server-1,1,1,5,12.688,12.348,5.160
combined-lc-lrt-cache-off-warm0,130,1,7.2231,1.684,13.808,15.492,was,the-secret-garden-17396,1,,server-2,1,1,4,6.563,13.012,6.720
combined-lc-lrt-cache-off-warm0,130,1,7.2308,8.240,17.863,26.103,she,adventures-of-huckleberry-finn,1,,server-2,1,2,3,7.964,6.745,6.720
combined-lc-lrt-cache-off-warm0,130,1,7.2385,1.655,12.893,14.548,money,the-adventures-of-tom-sawyer-complete,1,,server-1,1,2,3,6.389,5.041,8.896
combined-lc-lrt-cache-off-warm0,130,1,7.2462,8.374,16.139,24.513,he,the-works-of-edgar-allan-poe-volume-2,1,,server-1,2,1,3,3.333,4.051,8.896
combined-lc-lrt-cache-off-warm0,130,1,7.2538,2.137,53.291,55.427,money,the-works-of-edgar-allan-poe-volume-2,1,,server-1,2,1,3,2.789,4.051,10.173
combined-lc-lrt-cache-off-warm0,130,1,7.2615,10.167,42.146,52.313,king,the-american,1,,server-1,3,0,3,1.556,5.349,10.173
combined-lc-lrt-cache-off-warm0,130,1,7.2692,1.405,33.251,34.656,the,villette,1,,server-2,3,1,0,1.556,5.349,14.137
combined-lc-lrt-cache-off-warm0,130,1,7.2769,26.410,15.586,41.996,you,the-warden,1,,server-2,2,2,0,3.080,2.811,14.137
combined-lc-lrt-cache-off-warm0,130,1,7.2846,19.112,50.343,69.456,whale,jane-eyre-an-autobiography,1,,server-2,2,3,0,3.080,2.811,14.137
combined-lc-lrt-cache-off-warm0,130,1,7.2923,21.806,22.180,43.985,house,the-kama-sutra-of-vatsyayana,1,,server-1,3,3,0,3.080,2.811,14.137
combined-lc-lrt-cache-off-warm0,130,1,7.3000,3.486,50.800,54.286,sea,kidnapped,1,,server-2,3,4,0,3.080,2.811,14.137
combined-lc-lrt-cache-off-warm0,130,1,7.3077,7.110,22.714,29.824,letter,the-mystery-of-edwin-drood,1,,server-1,4,3,0,3.080,3.129,14.137
combined-lc-lrt-cache-off-warm0,130,1,7.3154,33.870,20.408,54.278,king,the-first-men-in-the-moon,1,,server-2,2,4,0,6.591,3.129,14.137
combined-lc-lrt-cache-off-warm0,130,1,7.3231,1.117,22.519,23.636,and,jude-the-obscure,1,,server-3,2,4,1,5.406,5.503,14.137
combined-lc-lrt-cache-off-warm0,130,1,7.3308,16.546,27.693,44.239,horse,the-last-of-the-mohicans-a-narrative-of-1757,1,,server-3,2,4,2,5.406,5.503,7.288
combined-lc-lrt-cache-off-warm0,130,1,7.3385,1.459,16.308,17.767,of,twenty-thousand-leagues-under-the-sea,1,,server-1,1,4,2,7.392,5.503,7.288
combined-lc-lrt-cache-off-warm0,130,1,7.3462,10.686,8.547,19.233,was,the-kama-sutra-of-vatsyayana,1,,server-1,2,4,2,3.905,9.146,10.255
combined-lc-lrt-cache-off-warm0,130,1,7.3538,3.408,27.753,31.162,horse,pride-and-prejudice,1,,server-1,3,4,1,3.905,25.629,5.871
combined-lc-lrt-cache-off-warm0,130,1,7.3615,23.850,21.542,45.392,and,life-on-the-mississippi,1,,server-1,3,1,1,2.233,16.629,5.871
combined-lc-lrt-cache-off-warm0,130,1,7.3692,16.825,32.877,49.702,night,the-scarlet-letter,1,,server-1,3,1,1,3.047,16.392,5.871
combined-lc-lrt-cache-off-warm0,130,1,7.3769,1.110,13.925,15.035,heart,autobiography-of-benjamin-franklin,1,,server-3,3,0,1,3.047,13.130,8.131
combined-lc-lrt-cache-off-warm0,130,1,7.3846,7.889,19.091,26.981,letter,twenty-thousand-leagues-under-the-sea,1,,server-3,3,0,2,7.811,13.130,4.245
combined-lc-lrt-cache-off-warm0,130,1,7.3923,2.250,35.813,38.063,she,the-house-of-mirth,1,,server-3,2,0,2,5.069,13.130,3.983
combined-lc-lrt-cache-off-warm0,130,1,7.4000,29.915,51.233,81.147,of,the-mysterious-island,1,,server-3,2,0,3,5.069,13.130,1.921
combined-lc-lrt-cache-off-warm0,130,1,7.4077,22.736,24.635,47.371,you,the-house-of-the-seven-gables,1,,server-3,1,0,4,6.658,13.130,1.921
combined-lc-lrt-cache-off-warm0,130,1,7.4154,1.507,28.332,29.839,love,the-mysterious-island,1,,server-2,1,1,3,6.658,13.130,4.216
combined-lc-lrt-cache-off-warm0,130,1,7.4231,1.475,14.089,15.564,death,the-scarlet-letter-33,1,,server-1,1,1,3,9.388,6.809,4.216
combined-lc-lrt-cache-off-warm0,130,1,7.4308,8.488,18.630,27.118,horse,madame-bovary,1,,server-1,2,1,3,4.878,6.809,6.053
combined-lc-lrt-cache-off-warm0,130,1,7.4385,7.352,12.405,19.757,of,northanger-abbey,1,,server-2,2,2,2,5.379,6.809,6.053
combined-lc-lrt-cache-off-warm0,130,1,7.4462,12.266,18.085,30.351,you,thus-spake-zarathustra-a-book-for-all-and-none,1,,server-1,2,1,2,3.497,5.196,6.053
combined-lc-lrt-cache-off-warm0,130,1,7.4538,5.201,14.800,20.001,sea,kidnapped,1,,server-2,2,2,2,3.497,5.196,6.053
combined-lc-lrt-cache-off-warm0,130,1,7.4615,12.694,20.219,32.913,letter,the-odyssey,1,,server-2,1,2,2,3.817,3.130,9.631
combined-lc-lrt-cache-off-warm0,130,1,7.4692,7.582,8.522,16.104,money,the-hound-of-the-baskervilles-3070,1,,server-1,2,2,2,3.817,3.130,9.631
combined-lc-lrt-cache-off-warm0,130,1,7.4769,1.709,28.502,30.212,king,the-american,1,,server-1,2,1,2,3.391,3.427,12.079
combined-lc-lrt-cache-off-warm0,130,1,7.4846,2.259,47.738,49.997,whale,the-innocents-abroad,1,,server-1,3,1,0,1.909,3.427,15.847
combined-lc-lrt-cache-off-warm0,130,1,7.4923,15.303,39.638,54.941,night,autobiography-of-benjamin-franklin,1,,server-1,3,1,0,1.522,3.427,15.847
combined-lc-lrt-cache-off-warm0,130,1,7.5000,1.278,20.980,22.258,he,the-last-of-the-mohicans-a-narrative-of-1757-27681,1,,server-2,3,1,0,1.522,5.382,15.847
combined-lc-lrt-cache-off-warm0,130,1,7.5077,15.317,25.125,40.442,and,black-beauty,1,,server-2,2,2,0,5.361,2.830,15.847
combined-lc-lrt-cache-off-warm0,130,1,7.5154,7.800,29.049,36.848,night,a-tale-of-two-cities,1,,server-2,2,3,0,5.361,2.830,15.847
combined-lc-lrt-cache-off-warm0,130,1,7.5231,25.099,40.960,66.059,letter,the-moonstone,1,,server-2,2,3,0,5.361,2.583,15.847
combined-lc-lrt-cache-off-warm0,130,1,7.5308,21.655,81.642,103.298,heart,the-mysterious-affair-at-styles,1,,server-2,2,4,0,5.361,2.279,15.847
combined-lc-lrt-cache-off-warm0,130,1,7.5385,10.911,73.658,84.569,love,a-tale-of-two-cities,1,,server-2,1,5,0,13.564,2.279,15.847
combined-lc-lrt-cache-off-warm0,130,1,7.5462,6.505,67.654,74.159,king,the-memoirs-of-sherlock-holmes,1,,server-2,1,6,0,13.564,2.279,15.847
combined-lc-lrt-cache-off-warm0,130,1,7.5538,1.177,19.758,20.935,horse,the-secret-garden-17396,1,,server-1,1,4,0,11.176,5.032,15.847
combined-lc-lrt-cache-off-warm0,130,1,7.5615,13.517,13.176,26.693,you,the-adventures-of-tom-sawyer-complete,1,,server-1,2,4,0,5.784,5.869,15.847
combined-lc-lrt-cache-off-warm0,130,1,7.5692,1.920,11.784,13.704,death,dubliners,1,,server-3,2,4,1,5.784,5.869,15.847
combined-lc-lrt-cache-off-warm0,130,1,7.5769,11.379,12.045,23.424,horse,dubliners,1,,server-1,2,4,1,4.981,5.869,8.232
combined-lc-lrt-cache-off-warm0,130,1,7.5846,1.011,21.144,22.154,king,the-mystery-of-edwin-drood,1,,server-3,2,4,1,4.080,5.869,7.110
combined-lc-lrt-cache-off-warm0,130,1,7.5923,14.943,11.959,26.902,king,herland,1,,server-3,1,4,2,4.220,12.790,3.703
combined-lc-lrt-cache-off-warm0,130,1,7.6000,8.047,34.123,42.171,and,the-song-of-the-lark,1,,server-3,1,4,3,5.692,12.790,3.703
combined-lc-lrt-cache-off-warm0,130,1,7.6077,1.426,20.691,22.117,king,adventures-of-huckleberry-finn,1,,server-1,1,4,2,4.572,12.790,4.917
combined-lc-lrt-cache-off-warm0,130,1,7.6154,14.725,44.227,58.952,love,tess-of-the-d-urbervilles-a-pure-woman,1,,server-1,2,4,2,2.400,12.790,3.303
combined-lc-lrt-cache-off-warm0,130,1,7.6231,7.222,40.916,48.138,death,a-tale-of-two-cities,1,,server-1,3,3,2,2.400,29.110,4.956
combined-lc-lrt-cache-off-warm0,130,1,7.6308,3.168,60.912,64.080,sea,the-jungle,1,,server-1,3,1,2,2.520,23.392,4.956
combined-lc-lrt-cache-off-warm0,130,1,7.6385,37.382,32.476,69.857,love,dubliners,1,,server-1,4,0,2,2.002,26.492,4.956
combined-lc-lrt-cache-off-warm0,130,1,7.6462,46.524,62.499,109.023,night,grimms-fairy-tales,1,,server-1,5,0,0,2.002,26.492,10.387
combined-lc-lrt-cache-off-warm0,130,1,7.6538,1.389,18.775,20.163,horse,grimms-fairy-tales,1,,server-3,5,0,1,2.002,26.492,10.387
combined-lc-lrt-cache-off-warm0,130,1,7.6615,12.640,25.298,37.938,money,emma,1,,server-3,5,0,2,2.002,26.492,5.386
combined-lc-lrt-cache-off-warm0,130,1,7.6692,25.846,47.239,73.084,heart,little-women,1,,server-1,6,0,2,2.002,26.492,5.386
combined-lc-lrt-cache-off-warm0,130,1,7.6769,23.889,102.189,126.078,was,the-adventures-of-ferdinand-count-fathom-complete,1,,server-3,4,0,2,12.793,26.492,4.713
combined-lc-lrt-cache-off-warm0,130,1,7.6846,15.511,45.022,60.534,night,sense-and-sensibility,1,,server-3,4,0,3,12.793,26.492,4.713
combined-lc-lrt-cache-off-warm0,130,1,7.6923,8.124,13.587,21.711,house,the-wind-in-the-willows,1,,server-3,4,0,4,13.315,26.492,4.713
combined-lc-lrt-cache-off-warm0,130,1,7.7000,2.145,25.856,28.002,love,the-picture-of-dorian-gray,1,,server-3,3,0,4,8.515,26.492,2.649
combined-lc-lrt-cache-off-warm0,130,1,7.7077,19.877,54.419,74.295,heart,kidnapped,1,,server-3,3,0,5,8.515,26.492,1.564
combined-lc-lrt-cache-off-warm0,130,1,7.7154,30.166,53.745,83.911,the,twenty-thousand-leagues-under-the-sea,1,,server-3,2,0,6,10.531,26.492,3.710
combined-lc-lrt-cache-off-warm0,130,1,7.7231,24.136,77.280,101.416,horse,wuthering-heights,1,,server-3,2,0,7,10.531,26.492,3.710
combined-lc-lrt-cache-off-warm0,130,1,7.7308,1.840,15.751,17.592,of,grimms-fairy-tales,1,,server-2,2,1,6,10.531,26.492,9.438
combined-lc-lrt-cache-off-warm0,130,1,7.7385,10.678,10.726,21.404,heart,his-last-bow,1,,server-2,2,2,6,10.531,13.627,9.438
combined-lc-lrt-cache-off-warm0,130,1,7.7462,3.113,20.065,23.178,king,cranford,1,,server-2,2,3,4,17.761,13.627,12.137
combined-lc-lrt-cache-off-warm0,130,1,7.7538,16.309,29.239,45.548,of,the-jungle-book,1,,server-2,2,3,4,16.471,3.669,7.877
combined-lc-lrt-cache-off-warm0,130,1,7.7615,8.531,31.326,39.857,of,pride-and-prejudice,1,,server-2,0,4,4,20.074,4.983,7.877
combined-lc-lrt-cache-off-warm0,130,1,7.7692,1.571,12.439,14.011,whale,frankenstein-or-the-modern-prometheus-41445,1,,server-1,1,4,4,20.074,7.212,7.877
combined-lc-lrt-cache-off-warm0,130,1,7.7769,25.193,25.720,50.914,castle,the-tenant-of-wildfell-hall,1,,server-2,1,3,4,10.340,3.052,7.877
combined-lc-lrt-cache-off-warm0,130,1,7.7846,1.326,22.267,23.592,sea,thus-spake-zarathustra-a-book-for-all-and-none,1,,server-1,1,3,3,8.542,3.052,10.929
combined-lc-lrt-cache-off-warm0,130,1,7.7923,16.235,24.399,40.634,love,his-last-bow,1,,server-1,2,3,3,4.443,3.052,10.929
combined-lc-lrt-cache-off-warm0,130,1,7.8000,8.805,26.106,34.910,castle,the-picture-of-dorian-gray,1,,server-1,3,3,3,4.443,8.187,19.221
combined-lc-lrt-cache-off-warm0,130,1,7.8077,21.082,33.474,54.555,was,the-iliad,1,,server-2,3,2,3,9.121,6.966,29.255
combined-lc-lrt-cache-off-warm0,130,1,7.8154,20.343,28.312,48.655,and,the-iliad,1,,server-1,3,2,3,3.145,6.966,29.255
combined-lc-lrt-cache-off-warm0,130,1,7.8231,13.218,42.404,55.622,night,adventures-of-huckleberry-finn,1,,server-1,4,2,1,3.145,6.966,27.111
combined-lc-lrt-cache-off-warm0,130,1,7.8308,1.646,60.656,62.302,you,jude-the-obscure,1,,server-2,4,2,0,3.145,6.432,29.672
combined-lc-lrt-cache-off-warm0,130,1,7.8385,16.661,64.950,81.611,heart,north-and-south,1,,server-2,2,3,0,4.591,4.223,29.672
combined-lc-lrt-cache-off-warm0,130,1,7.8462,18.735,24.472,43.207,london,meditations,1,,server-1,3,3,0,4.591,4.223,29.672
combined-lc-lrt-cache-off-warm0,130,1,7.8538,1.460,61.108,62.568,money,the-adventures-of-tom-sawyer-complete,1,,server-2,3,4,0,4.591,4.223,29.672
combined-lc-lrt-cache-off-warm0,130,1,7.8615,55.308,14.835,70.143,the,frankenstein-or-the-modern-prometheus,1,,server-2,3,5,0,4.591,3.287,29.672
combined-lc-lrt-cache-off-warm0,130,1,7.8692,1.335,15.046,16.381,she,frankenstein-or-the-modern-prometheus,1,,server-3,3,4,1,8.764,6.287,29.672
combined-lc-lrt-cache-off-warm0,130,1,7.8769,9.367,22.133,31.500,of,far-from-the-madding-crowd,1,,server-3,3,4,2,8.764,6.287,15.264
combined-lc-lrt-cache-off-warm0,130,1,7.8846,5.299,29.008,34.308,sea,the-moonstone,1,,server-1,2,4,2,12.556,6.287,15.264
combined-lc-lrt-cache-off-warm0,130,1,7.8923,27.442,22.868,50.311,house,frankenstein-or-the-modern-prometheus,1,,server-1,2,4,1,5.472,6.287,7.096
combined-lc-lrt-cache-off-warm0,130,1,7.9000,8.633,20.825,29.459,he,the-divine-comedy,1,,server-3,2,4,2,5.472,12.655,7.096
combined-lc-lrt-cache-off-warm0,130,1,7.9077,12.263,21.363,33.626,was,the-hound-of-the-baskervilles,1,,server-1,3,4,2,5.472,12.655,7.096
combined-lc-lrt-cache-off-warm0,130,1,7.9154,14.536,16.683,31.219,the,the-divine-comedy,1,,server-3,3,4,2,5.472,12.655,5.217
combined-lc-lrt-cache-off-warm0,130,1,7.9231,20.203,18.234,38.437,was,a-connecticut-yankee-in-king-arthur-s-court,1,,server-1,3,1,2,5.029,18.766,5.217
combined-lc-lrt-cache-off-warm0,130,1,7.9308,1.474,32.539,34.013,night,the-portrait-of-a-lady-volume-1,1,,server-3,3,1,2,5.029,18.766,4.748
combined-lc-lrt-cache-off-warm0,130,1,7.9385,10.676,48.402,59.078,sea,the-mysterious-island,1,,server-3,3,0,3,5.029,13.825,3.145
combined-lc-lrt-cache-off-warm0,130,1,7.9462,15.876,10.957,26.833,and,the-war-of-the-worlds,1,,server-1,2,0,3,6.193,13.825,7.230
combined-lc-lrt-cache-off-warm0,130,1,7.9538,1.305,11.794,13.099,you,the-war-of-the-worlds,1,,server-2,2,1,2,6.193,13.825,5.311
combined-lc-lrt-cache-off-warm0,130,1,7.9615,2.528,19.817,22.345,whale,the-warden,1,,server-1,2,1,2,6.281,7.158,5.311
combined-lc-lrt-cache-off-warm0,130,1,7.9692,1.462,19.495,20.956,london,the-return-of-sherlock-holmes-108,1,,server-2,2,1,1,2.948,6.433,7.691
combined-lc-lrt-cache-off-warm0,130,1,7.9769,14.195,20.600,34.795,sea,life-on-the-mississippi,1,,server-2,1,2,1,3.637,3.355,7.691
combined-lc-lrt-cache-off-warm0,130,1,7.9846,1.348,11.699,13.047,heart,the-great-gatsby,1,,server-1,1,2,1,5.354,3.355,7.691
combined-lc-lrt-cache-off-warm0,130,1,7.9923,5.709,13.165,18.874,and,a-journey-to-the-centre-of-the-earth,1,,server-1,2,1,1,2.808,4.146,7.691
combined-lc-lrt-cache-off-warm0,130,1,8.0000,11.542,16.755,28.297,horse,the-house-of-the-seven-gables,1,,server-1,2,1,0,2.362,4.146,10.520
combined-lc-lrt-cache-off-warm0,130,1,8.0077,4.255,26.867,31.122,castle,persuasion,1,,server-1,3,1,0,2.362,4.146,10.520
combined-lc-lrt-cache-off-warm0,130,1,8.0154,13.347,27.940,41.286,heart,the-mystery-of-edwin-drood,1,,server-1,3,0,0,1.895,5.911,10.520
combined-lc-lrt-cache-off-warm0,130,1,8.0231,1.189,16.095,17.284,he,twenty-thousand-leagues-under-the-sea,1,,server-2,3,1,0,1.895,5.911,10.520
combined-lc-lrt-cache-off-warm0,130,1,8.0308,9.651,26.121,35.771,and,mansfield-park,1,,server-2,3,2,0,4.234,3.095,10.520
combined-lc-lrt-cache-off-warm0,130,1,8.0385,1.411,25.185,26.596,heart,the-tenant-of-wildfell-hall,1,,server-3,3,2,1,8.714,3.793,10.520
combined-lc-lrt-cache-off-warm0,130,1,8.0462,20.978,33.856,54.834,of,the-song-of-the-lark,1,,server-2,1,2,1,7.078,3.413,5.454
combined-lc-lrt-cache-off-warm0,130,1,8.0538,13.834,11.251,25.085,death,silas-marner,1,,server-2,1,3,1,7.078,3.413,5.454
combined-lc-lrt-cache-off-warm0,130,1,8.0615,1.659,9.894,11.554,the,the-jungle-book,1,,server-1,1,3,1,7.392,3.413,5.454
combined-lc-lrt-cache-off-warm0,130,1,8.0692,1.823,14.544,16.368,of,the-secret-garden,1,,server-3,1,2,1,3.850,4.225,7.481
combined-lc-lrt-cache-off-warm0,130,1,8.0769,1.256,13.772,15.028,money,his-last-bow,1,,server-1,1,2,1,3.987,4.225,3.903
combined-lc-lrt-cache-off-warm0,130,1,8.0846,8.447,21.559,30.007,love,leaves-of-grass,1,,server-1,2,1,1,2.102,4.541,3.903
combined-lc-lrt-cache-off-warm0,130,1,8.0923,1.389,9.520,10.909,death,black-beauty,1,,server-3,1,1,1,4.119,4.541,4.779
combined-lc-lrt-cache-off-warm0,130,1,8.1000,3.813,9.867,13.680,and,herland,1,,server-3,1,1,2,2.702,4.541,2.498
combined-lc-lrt-cache-off-warm0,130,1,8.1077,6.559,30.988,37.547,the,wuthering-heights,1,,server-3,1,0,2,2.702,8.218,1.926
combined-lc-lrt-cache-off-warm0,130,1,8.1154,1.144,56.454,57.599,he,autobiography-of-benjamin-franklin,1,,server-3,0,0,2,5.074,8.218,2.004
combined-lc-lrt-cache-off-warm0,130,1,8.1231,47.674,15.366,63.041,death,frankenstein-or-the-modern-prometheus,1,,server-3,0,0,3,5.074,8.218,1.166
combined-lc-lrt-cache-off-warm0,130,1,8.1308,42.409,29.499,71.908,castle,the-scarlet-letter-33,1,,server-3,0,0,4,5.074,8.218,1.166
combined-lc-lrt-cache-off-warm0,130,1,8.1385,1.847,31.861,33.708,the,desert-gold,1,,server-1,1,0,4,5.074,8.218,1.166
combined-lc-lrt-cache-off-warm0,130,1,8.1462,26.272,13.171,39.442,london,the-secret-garden,1,,server-1,2,0,4,2.708,8.218,9.472
combined-lc-lrt-cache-off-warm0,130,1,8.1538,19.618,20.360,39.977,london,the-lost-world,1,,server-1,3,0,4,2.708,8.218,9.472
combined-lc-lrt-cache-off-warm0,130,1,8.1615,1.908,9.690,11.598,love,the-mysterious-affair-at-styles,1,,server-2,3,1,4,2.708,8.218,9.472
combined-lc-lrt-cache-off-warm0,130,1,8.1692,4.606,16.054,20.660,you,the-works-of-edgar-allan-poe-volume-2,1,,server-2,3,2,4,2.708,4.314,9.472
combined-lc-lrt-cache-off-warm0,130,1,8.1769,14.204,34.723,48.926,sea,walden-and-on-the-duty-of-civil-disobedience,1,,server-2,2,2,2,5.059,2.559,12.179
combined-lc-lrt-cache-off-warm0,130,1,8.1846,5.977,14.189,20.166,love,the-secret-adversary,1,,server-2,2,3,2,5.059,2.559,12.179
combined-lc-lrt-cache-off-warm0,130,1,8.1923,2.428,42.481,44.909,horse,treasure-island,1,,server-2,2,3,2,6.541,2.262,12.330
combined-lc-lrt-cache-off-warm0,130,1,8.2000,6.192,40.439,46.630,he,the-war-of-the-worlds,1,,server-2,0,4,2,7.389,1.644,12.330
combined-lc-lrt-cache-off-warm0,130,1,8.2077,1.206,34.091,35.297,of,the-tenant-of-wildfell-hall,1,,server-1,1,3,0,7.389,3.553,12.797
combined-lc-lrt-cache-off-warm0,130,1,8.2154,28.327,40.274,68.602,house,the-innocents-abroad,1,,server-1,2,3,0,3.848,3.553,12.797
combined-lc-lrt-cache-off-warm0,130,1,8.2231,20.527,35.916,56.443,love,around-the-world-in-eighty-days,1,,server-1,3,3,0,3.848,5.998,12.797
combined-lc-lrt-cache-off-warm0,130,1,8.2308,1.678,22.688,24.366,the,a-tale-of-two-cities,1,,server-3,3,3,1,3.848,11.494,12.797
combined-lc-lrt-cache-off-warm0,130,1,8.2385,16.929,33.134,50.063,of,the-moonstone,1,,server-3,3,1,2,3.848,12.676,6.619
combined-lc-lrt-cache-off-warm0,130,1,8.2462,32.009,22.876,54.886,death,anne-of-green-gables,1,,server-1,3,1,2,5.117,12.676,6.619
combined-lc-lrt-cache-off-warm0,130,1,8.2538,1.219,13.249,14.468,of,northanger-abbey,1,,server-2,3,1,2,4.146,12.032,8.045
combined-lc-lrt-cache-off-warm0,130,1,8.2615,27.740,15.032,42.773,she,agnes-grey,1,,server-3,3,1,2,4.146,6.229,5.899
combined-lc-lrt-cache-off-warm0,130,1,8.2692,1.566,17.293,18.859,of,grimms-fairy-tales,1,,server-2,3,1,2,4.146,6.028,5.899
combined-lc-lrt-cache-off-warm0,130,1,8.2769,11.049,33.024,44.072,heart,the-hound-of-the-baskervilles-3070,1,,server-2,3,2,2,9.430,3.152,5.899
combined-lc-lrt-cache-off-warm0,130,1,8.2846,4.323,35.355,39.677,he,mary-barton,1,,server-2,3,3,2,11.980,3.152,5.899
combined-lc-lrt-cache-off-warm0,130,1,8.2923,32.763,11.593,44.357,london,meditations,1,,server-2,1,3,1,11.980,2.013,8.023
combined-lc-lrt-cache-off-warm0,130,1,8.3000,25.232,29.457,54.689,and,autobiography-of-benjamin-franklin,1,,server-2,1,4,1,11.980,2.013,8.023
combined-lc-lrt-cache-off-warm0,130,1,8.3077,1.331,23.150,24.481,king,the-jungle,1,,server-3,0,4,1,11.121,2.013,7.494
combined-lc-lrt-cache-off-warm0,130,1,8.3154,17.517,20.804,38.321,he,persuasion,1,,server-3,0,4,2,11.121,2.013,3.917
combined-lc-lrt-cache-off-warm0,130,1,8.3231,1.438,18.400,19.838,king,the-secret-adversary,1,,server-1,1,4,2,11.121,8.080,3.917
combined-lc-lrt-cache-off-warm0,130,1,8.3308,13.085,15.940,29.025,house,the-prince,1,,server-1,2,2,2,5.777,5.877,3.917
combined-lc-lrt-cache-off-warm0,130,1,8.3385,16.457,16.308,32.765,you,the-warden,1,,server-3,2,1,2,5.777,5.659,4.866
combined-lc-lrt-cache-off-warm0,130,1,8.3462,12.556,26.043,38.599,king,the-portrait-of-a-lady-volume-1,1,,server-1,2,1,2,4.631,5.659,4.866
combined-lc-lrt-cache-off-warm0,130,1,8.3538,1.767,21.367,23.134,sea,jude-the-obscure,1,,server-2,2,2,2,3.849,5.659,7.947
combined-lc-lrt-cache-off-warm0,130,1,8.3615,15.966,32.551,48.517,horse,the-iliad,1,,server-2,1,2,1,4.774,4.334,4.953
combined-lc-lrt-cache-off-warm0,130,1,8.3692,16.276,17.817,34.094,night,anne-of-green-gables,1,,server-1,2,2,1,4.774,4.334,4.953
combined-lc-lrt-cache-off-warm0,130,1,8.3769,1.261,18.889,20.150,castle,the-divine-comedy,1,,server-3,2,2,1,4.774,7.301,5.662
combined-lc-lrt-cache-off-warm0,130,1,8.3846,13.442,55.087,68.529,whale,dracula,1,,server-3,2,1,2,8.039,4.723,2.956
combined-lc-lrt-cache-off-warm0,130,1,8.3923,5.568,28.915,34.483,money,the-moonstone,1,,server-3,1,1,3,5.204,4.723,2.956
combined-lc-lrt-cache-off-warm0,130,1,8.4000,27.169,36.130,63.298,love,the-picture-of-dorian-gray,1,,server-3,1,1,3,5.204,4.723,2.540
combined-lc-lrt-cache-off-warm0,130,1,8.4077,1.459,15.285,16.744,love,northanger-abbey,1,,server-1,1,1,3,6.132,4.723,2.540
combined-lc-lrt-cache-off-warm0,130,1,8.4154,9.603,16.732,26.335,letter,wuthering-heights,1,,server-1,2,0,3,3.217,8.153,2.540
combined-lc-lrt-cache-off-warm0,130,1,8.4231,1.081,20.639,21.720,castle,the-return-of-sherlock-holmes,1,,server-2,2,1,3,3.217,8.153,2.540
combined-lc-lrt-cache-off-warm0,130,1,8.4308,11.736,15.428,27.164,sea,the-secret-garden,1,,server-1,2,1,2,3.207,4.247,5.978
combined-lc-lrt-cache-off-warm0,130,1,8.4385,7.057,25.699,32.757,was,mary-barton,1,,server-2,2,2,2,3.207,4.247,5.978
combined-lc-lrt-cache-off-warm0,130,1,8.4462,1.328,45.607,46.935,love,the-adventures-of-ferdinand-count-fathom-complete,1,,server-2,1,2,2,3.802,3.647,5.978
combined-lc-lrt-cache-off-warm0,130,1,8.4538,18.649,30.805,49.454,of,dubliners,1,,server-2,1,3,2,3.802,1.983,15.707
combined-lc-lrt-cache-off-warm0,130,1,8.4615,1.326,18.780,20.107,horse,anne-of-green-gables,1,,server-1,1,3,2,4.847,1.983,15.707
combined-lc-lrt-cache-off-warm0,130,1,8.4692,12.966,13.270,26.236,london,the-picture-of-dorian-gray,1,,server-1,2,3,0,2.545,1.983,14.910
combined-lc-lrt-cache-off-warm0,130,1,8.4769,5.528,22.161,27.689,was,black-beauty,1,,server-1,3,2,0,2.545,5.147,14.910
combined-lc-lrt-cache-off-warm0,130,1,8.4846,18.774,15.011,33.785,king,the-secret-garden-17396,1,,server-1,3,2,0,2.249,5.147,14.910
combined-lc-lrt-cache-off-warm0,130,1,8.4923,13.964,37.094,51.058,whale,the-innocents-abroad,1,,server-1,4,2,0,2.249,5.147,14.910
combined-lc-lrt-cache-off-warm0,130,1,8.5000,1.340,27.205,28.545,he,little-women,1,,server-3,4,1,1,5.422,10.644,14.910
combined-lc-lrt-cache-off-warm0,130,1,8.5077,1.489,11.576,13.065,was,the-hound-of-the-baskervilles-3070,1,,server-2,2,1,1,4.960,11.642,7.715
combined-lc-lrt-cache-off-warm0,130,1,8.5154,5.868,18.476,24.344,house,the-mystery-of-edwin-drood,1,,server-2,2,2,1,4.960,6.048,7.715
combined-lc-lrt-cache-off-warm0,130,1,8.5231,16.595,20.435,37.030,he,desperate-remedies,1,,server-2,1,2,1,5.433,3.464,7.715
combined-lc-lrt-cache-off-warm0,130,1,8.5308,1.251,10.319,11.570,you,beyond-good-and-evil,1,,server-3,1,2,1,5.433,3.464,9.241
combined-lc-lrt-cache-off-warm0,130,1,8.5385,4.529,12.923,17.453,you,washington-square,1,,server-3,1,2,2,5.433,5.388,4.795
combined-lc-lrt-cache-off-warm0,130,1,8.5462,10.183,27.383,37.566,night,the-secret-adversary,1,,server-3,0,1,2,9.388,4.401,2.786
combined-lc-lrt-cache-off-warm0,130,1,8.5538,2.830,25.994,28.824,of,twenty-thousand-leagues-under-the-sea,1,,server-3,0,1,3,9.388,4.401,2.786
combined-lc-lrt-cache-off-warm0,130,1,8.5615,22.756,21.942,44.698,night,the-portrait-of-a-lady-volume-1,1,,server-3,0,0,3,9.388,6.044,1.705
combined-lc-lrt-cache-off-warm0,130,1,8.5692,1.364,11.920,13.284,of,the-lost-world,1,,server-2,0,1,3,9.388,6.044,1.705
combined-lc-lrt-cache-off-warm0,130,1,8.5769,6.283,12.751,19.034,night,dubliners,1,,server-2,0,2,3,9.388,3.174,1.705
combined-lc-lrt-cache-off-warm0,130,1,8.5846,10.111,53.868,63.979,you,pride-and-prejudice,1,,server-2,0,2,1,9.388,2.560,5.419
combined-lc-lrt-cache-off-warm0,130,1,8.5923,4.107,55.681,59.788,london,mary-barton,1,,server-2,0,3,1,9.388,2.107,5.419
combined-lc-lrt-cache-off-warm0,130,1,8.6000,52.326,34.264,86.589,you,desert-gold,1,,server-2,0,3,1,9.388,2.305,5.419
combined-lc-lrt-cache-off-warm0,130,1,8.6077,1.375,25.196,26.571,london,the-jungle,1,,server-3,0,3,1,9.388,2.305,6.934
combined-lc-lrt-cache-off-warm0,130,1,8.6154,19.434,20.793,40.227,of,a-tale-of-two-cities,1,,server-3,0,3,2,9.388,2.305,3.620
combined-lc-lrt-cache-off-warm0,130,1,8.6231,26.196,21.834,48.031,death,the-divine-comedy,1,,server-2,0,4,2,9.388,2.305,3.620
combined-lc-lrt-cache-off-warm0,130,1,8.6308,1.705,18.130,19.835,of,adventures-of-huckleberry-finn,1,,server-1,1,4,2,9.388,2.305,3.620
combined-lc-lrt-cache-off-warm0,130,1,8.6385,12.579,18.680,31.259,heart,the-memoirs-of-sherlock-holmes,1,,server-1,2,4,1,4.899,2.305,5.125
combined-lc-lrt-cache-off-warm0,130,1,8.6462,10.075,25.943,36.018,she,the-house-of-the-seven-gables,1,,server-3,2,4,2,4.899,2.305,5.125
combined-lc-lrt-cache-off-warm0,130,1,8.6538,16.683,28.534,45.218,she,the-secret-adversary,1,,server-1,2,2,2,4.256,10.222,5.125
combined-lc-lrt-cache-off-warm0,130,1,8.6615,21.312,14.060,35.372,love,the-scarlet-letter,1,,server-3,2,2,2,4.256,10.222,4.275
combined-lc-lrt-cache-off-warm0,130,1,8.6692,1.458,30.677,32.136,letter,the-lost-world,1,,server-1,3,2,2,4.256,10.222,4.275
combined-lc-lrt-cache-off-warm0,130,1,8.6769,22.365,15.118,37.482,love,a-journey-to-the-centre-of-the-earth,1,,server-1,3,2,2,2.400,11.816,4.275
combined-lc-lrt-cache-off-warm0,130,1,8.6846,16.718,31.803,48.521,she,the-odyssey,1,,server-1,4,2,1,2.400,11.949,5.612
combined-lc-lrt-cache-off-warm0,130,1,8.6923,5.236,27.662,32.899,he,the-moonstone,1,,server-3,4,0,2,2.400,13.058,5.612
combined-lc-lrt-cache-off-warm0,130,1,8.7000,25.409,43.379,68.788,night,the-jungle,1,,server-3,4,0,2,8.998,13.058,3.425
combined-lc-lrt-cache-off-warm0,130,1,8.7077,17.905,40.408,58.313,money,oliver-twist,1,,server-3,2,0,3,5.893,13.058,3.425
combined-lc-lrt-cache-off-warm0,130,1,8.7154,18.386,16.387,34.773,of,the-scarlet-letter-33,1,,server-1,2,0,3,5.969,13.058,3.425
combined-lc-lrt-cache-off-warm0,130,1,8.7231,1.956,17.548,19.504,money,madame-bovary,1,,server-2,2,1,3,5.969,13.058,3.425
combined-lc-lrt-cache-off-warm0,130,1,8.7308,38.365,26.010,64.375,death,great-expectations,1,,server-3,2,1,3,5.969,6.774,4.188
combined-lc-lrt-cache-off-warm0,130,1,8.7385,11.846,15.541,27.387,sea,the-adventures-of-tom-sawyer-complete,1,,server-1,2,1,3,6.286,6.774,4.188
combined-lc-lrt-cache-off-warm0,130,1,8.7462,1.464,15.081,16.544,of,desert-gold,1,,server-2,2,1,3,6.286,7.080,4.188
combined-lc-lrt-cache-off-warm0,130,1,8.7538,9.417,10.165,19.582,the,the-jungle-book,1,,server-2,1,2,3,4.698,3.725,4.188
combined-lc-lrt-cache-off-warm0,130,1,8.7615,4.904,22.762,27.665,king,mansfield-park,1,,server-1,2,2,3,4.698,3.725,4.188
combined-lc-lrt-cache-off-warm0,130,1,8.7692,20.002,23.173,43.175,death,life-on-the-mississippi,1,,server-1,2,1,2,3.244,3.327,9.174
combined-lc-lrt-cache-off-warm0,130,1,8.7769,1.419,30.343,31.762,letter,oliver-twist,1,,server-2,2,1,1,3.244,3.708,9.174
combined-lc-lrt-cache-off-warm0,130,1,8.7846,24.794,24.202,48.996,he,desperate-remedies,1,,server-2,2,2,1,3.244,1.965,9.174
combined-lc-lrt-cache-off-warm0,130,1,8.7923,18.172,43.597,61.769,he,meditations,1,,server-2,1,3,1,4.935,1.965,9.174
combined-lc-lrt-cache-off-warm0,130,1,8.8000,10.067,56.379,66.446,was,white-fang,1,,server-2,1,4,0,4.935,1.965,9.933
combined-lc-lrt-cache-off-warm0,130,1,8.8077,2.439,53.975,56.414,night,a-journey-to-the-centre-of-the-earth,1,,server-2,1,5,0,4.935,1.965,9.933
combined-lc-lrt-cache-off-warm0,130,1,8.8154,1.363,29.683,31.046,death,the-vicomte-de-bragelonne,1,,server-1,1,4,0,6.784,1.476,9.933
combined-lc-lrt-cache-off-warm0,130,1,8.8231,24.130,15.778,39.908,the,the-scarlet-letter,1,,server-1,2,4,0,3.532,1.476,9.933
combined-lc-lrt-cache-off-warm0,130,1,8.8308,36.557,21.689,58.246,sea,grimms-fairy-tales,1,,server-2,2,5,0,3.532,1.476,9.933
combined-lc-lrt-cache-off-warm0,130,1,8.8385,1.662,14.659,16.321,of,the-secret-adversary,1,,server-3,2,5,1,3.532,5.882,9.933
combined-lc-lrt-cache-off-warm0,130,1,8.8462,8.879,14.612,23.491,king,the-scarlet-letter,1,,server-3,2,5,2,11.448,5.882,5.208
combined-lc-lrt-cache-off-warm0,130,1,8.8538,9.329,13.138,22.467,the,the-adventures-of-tom-sawyer-complete,1,,server-1,2,5,2,6.018,13.162,5.208
combined-lc-lrt-cache-off-warm0,130,1,8.8615,8.532,27.051,35.583,letter,great-expectations,1,,server-3,2,5,2,6.130,13.162,3.810
combined-lc-lrt-cache-off-warm0,130,1,8.8692,7.882,29.970,37.852,she,north-and-south,1,,server-1,2,1,2,4.254,13.040,3.810
combined-lc-lrt-cache-off-warm0,130,1,8.8769,2.588,51.839,54.427,money,oliver-twist,1,,server-1,2,1,1,3.156,13.040,3.397
combined-lc-lrt-cache-off-warm0,130,1,8.8846,23.596,60.954,84.551,money,the-return-of-sherlock-holmes-108,1,,server-1,3,1,1,1.820,13.040,3.397
combined-lc-lrt-cache-off-warm0,130,1,8.8923,5.613,20.704,26.317,heart,the-odyssey,1,,server-3,3,0,2,1.820,11.765,3.397
combined-lc-lrt-cache-off-warm0,130,1,8.9000,9.443,59.860,69.302,death,agnes-grey,1,,server-1,4,0,1,1.820,11.765,3.800
combined-lc-lrt-cache-off-warm0,130,1,8.9077,11.590,29.953,41.543,the,washington-square,1,,server-3,4,0,2,10.113,11.765,3.800
combined-lc-lrt-cache-off-warm0,130,1,8.9154,3.959,28.130,32.090,letter,autobiography-of-benjamin-franklin,1,,server-3,3,0,3,4.678,11.765,3.800
combined-lc-lrt-cache-off-warm0,130,1,8.9231,24.993,25.443,50.437,letter,the-scarlet-letter-33,1,,server-3,3,0,3,4.678,11.765,2.469
combined-lc-lrt-cache-off-warm0,130,1,8.9308,18.314,24.433,42.747,horse,the-kama-sutra-of-vatsyayana,1,,server-3,3,0,4,7.385,11.765,2.469
combined-lc-lrt-cache-off-warm0,130,1,8.9385,1.499,24.783,26.282,london,the-song-of-the-lark,1,,server-2,3,1,4,16.125,11.765,2.469
combined-lc-lrt-cache-off-warm0,130,1,8.9462,19.859,38.495,58.355,he,the-iliad-2199,1,,server-2,3,2,4,16.125,6.130,2.469
combined-lc-lrt-cache-off-warm0,130,1,8.9538,12.008,13.370,25.378,horse,cranford,1,,server-2,3,3,2,16.125,6.130,6.747
combined-lc-lrt-cache-off-warm0,130,1,8.9615,11.944,36.072,48.016,of,villette,1,,server-3,2,3,3,17.888,6.130,6.747
combined-lc-lrt-cache-off-warm0,130,1,8.9692,35.524,10.256,45.779,king,his-last-bow,1,,server-2,1,3,3,18.801,4.364,6.747
combined-lc-lrt-cache-off-warm0,130,1,8.9769,33.136,15.223,48.360,you,persuasion,1,,server-3,0,3,2,18.801,4.364,5.687
combined-lc-lrt-cache-off-warm0,130,1,8.9846,25.548,30.840,56.387,the,the-return-of-sherlock-holmes-108,1,,server-3,0,3,3,18.801,5.383,5.687
combined-lc-lrt-cache-off-warm0,130,1,8.9923,1.350,12.245,13.595,money,cranford,1,,server-1,1,3,3,18.801,5.383,5.687
combined-lc-lrt-cache-off-warm0,130,1,9.0000,6.596,13.408,20.004,he,a-journey-to-the-centre-of-the-earth,1,,server-1,2,3,3,9.703,5.383,5.687
combined-lc-lrt-cache-off-warm0,130,1,9.0077,12.803,14.653,27.456,of,grimms-fairy-tales,1,,server-1,2,1,3,4.754,9.386,12.445
combined-lc-lrt-cache-off-warm0,130,1,9.0154,1.435,27.020,28.455,of,the-vicomte-de-bragelonne,1,,server-2,2,1,2,4.754,7.551,6.386
combined-lc-lrt-cache-off-warm0,130,1,9.0231,12.614,13.199,25.813,sea,a-princess-of-mars,1,,server-1,2,1,2,3.793,3.922,6.386
combined-lc-lrt-cache-off-warm0,130,1,9.0308,13.651,14.778,28.429,money,grimms-fairy-tales,1,,server-2,2,2,2,3.793,3.922,8.028
combined-lc-lrt-cache-off-warm0,130,1,9.0385,10.978,24.659,35.637,death,dracula,1,,server-1,2,2,2,3.626,3.922,8.028
combined-lc-lrt-cache-off-warm0,130,1,9.0462,13.284,19.680,32.964,castle,the-return-of-sherlock-holmes,1,,server-2,2,2,0,3.626,4.805,10.703
combined-lc-lrt-cache-off-warm0,130,1,9.0538,20.781,17.800,38.581,was,the-scarlet-letter-33,1,,server-1,2,2,0,3.284,3.859,10.703
combined-lc-lrt-cache-off-warm0,130,1,9.0615,18.272,11.876,30.148,letter,the-jungle-book,1,,server-2,2,2,0,3.284,4.653,10.703
combined-lc-lrt-cache-off-warm0,130,1,9.0692,5.861,43.610,49.471,whale,the-house-of-the-seven-gables,1,,server-1,3,2,0,3.284,4.653,10.703
combined-lc-lrt-cache-off-warm0,130,1,9.0769,13.703,38.552,52.255,and,the-war-of-the-worlds,1,,server-1,3,2,0,2.982,4.653,10.703
combined-lc-lrt-cache-off-warm0,130,1,9.0846,7.287,24.655,31.941,money,anne-of-green-gables,1,,server-2,3,2,0,2.563,4.914,10.703
combined-lc-lrt-cache-off-warm0,130,1,9.0923,1.652,33.925,35.576,castle,poirot-investigates,1,,server-2,3,2,0,5.876,3.342,10.703
combined-lc-lrt-cache-off-warm0,130,1,9.1000,18.192,57.199,75.390,horse,the-return-of-sherlock-holmes-108,1,,server-2,3,3,0,4.735,1.885,10.703
combined-lc-lrt-cache-off-warm0,130,1,9.1077,18.474,50.304,68.778,heart,the-american,1,,server-2,3,4,0,4.735,1.885,10.703
combined-lc-lrt-cache-off-warm0,130,1,9.1154,12.805,48.603,61.408,king,the-warden,1,,server-2,3,5,0,4.735,1.885,10.703
combined-lc-lrt-cache-off-warm0,130,1,9.1231,1.820,12.057,13.877,she,washington-square,1,,server-3,1,4,1,10.103,4.686,10.703
combined-lc-lrt-cache-off-warm0,130,1,9.1308,7.017,15.860,22.876,whale,the-mystery-of-edwin-drood,1,,server-3,0,3,2,12.301,6.105,5.568
combined-lc-lrt-cache-off-warm0,130,1,9.1385,1.370,27.369,28.739,he,kidnapped,1,,server-3,0,3,2,12.301,6.105,3.398
combined-lc-lrt-cache-off-warm0,130,1,9.1462,9.400,33.812,43.213,was,hard-times,1,,server-3,0,3,3,12.301,6.105,1.867
combined-lc-lrt-cache-off-warm0,130,1,9.1538,1.527,29.605,31.133,london,the-vicomte-de-bragelonne,1,,server-1,1,3,3,12.301,6.105,4.587
combined-lc-lrt-cache-off-warm0,130,1,9.1615,7.183,32.671,39.854,you,the-king-in-yellow,1,,server-3,1,3,3,6.366,6.105,3.776
combined-lc-lrt-cache-off-warm0,130,1,9.1692,16.283,15.642,31.924,money,memoirs-of-fanny-hill,1,,server-1,2,3,2,6.366,6.105,4.483
combined-lc-lrt-cache-off-warm0,130,1,9.1769,13.465,40.693,54.158,london,the-romance-of-lust-a-classic-victorian-erotic-novel,1,,server-3,2,2,3,6.366,15.425,4.483
combined-lc-lrt-cache-off-warm0,130,1,9.1846,1.515,12.217,13.732,she,the-lost-world,1,,server-2,2,1,3,9.388,15.425,4.483
combined-lc-lrt-cache-off-warm0,130,1,9.1923,9.898,19.281,29.179,horse,persuasion,1,,server-1,2,1,2,6.061,7.960,5.954
combined-lc-lrt-cache-off-warm0,130,1,9.2000,2.553,16.881,19.433,castle,the-adventures-of-tom-sawyer-complete,1,,server-2,2,1,2,6.061,6.992,5.954
combined-lc-lrt-cache-off-warm0,130,1,9.2077,11.870,23.012,34.882,love,the-jungle,1,,server-2,1,2,1,4.097,3.643,8.927
combined-lc-lrt-cache-off-warm0,130,1,9.2154,6.294,21.110,27.404,death,the-last-of-the-mohicans-a-narrative-of-1757,1,,server-1,2,2,1,4.097,3.643,8.927
combined-lc-lrt-cache-off-warm0,130,1,9.2231,20.081,18.294,38.374,and,northanger-abbey,1,,server-1,2,1,1,3.485,3.658,8.927
combined-lc-lrt-cache-off-warm0,130,1,9.2308,12.524,25.816,38.340,night,tess-of-the-d-urbervilles-a-pure-woman,1,,server-2,2,2,1,2.857,3.658,13.060
combined-lc-lrt-cache-off-warm0,130,1,9.2385,5.177,44.601,49.778,castle,oliver-twist,1,,server-1,3,2,0,2.857,3.658,10.491
combined-lc-lrt-cache-off-warm0,130,1,9.2462,23.655,20.727,44.382,night,the-american,1,,server-2,2,2,0,3.570,4.264,10.491
combined-lc-lrt-cache-off-warm0,130,1,9.2538,1.563,12.380,13.943,sea,the-lost-world,1,,server-3,2,2,1,3.570,4.264,10.491
combined-lc-lrt-cache-off-warm0,130,1,9.2615,6.852,19.234,26.086,money,the-portrait-of-a-lady-volume-1,1,,server-3,2,2,2,5.131,4.264,5.472
combined-lc-lrt-cache-off-warm0,130,1,9.2692,1.959,47.828,49.786,the,the-moonstone,1,,server-3,2,2,2,5.131,7.262,3.415
combined-lc-lrt-cache-off-warm0,130,1,9.2769,12.704,62.865,75.570,heart,mansfield-park,1,,server-3,2,1,3,5.131,5.835,2.265
combined-lc-lrt-cache-off-warm0,130,1,9.2846,5.211,59.129,64.341,you,beyond-good-and-evil,1,,server-3,1,1,4,5.131,5.835,2.265
combined-lc-lrt-cache-off-warm0,130,1,9.2923,1.261,22.586,23.846,sea,the-american,1,,server-2,0,1,3,10.266,6.971,2.766
combined-lc-lrt-cache-off-warm0,130,1,9.3000,16.566,22.825,39.391,horse,the-last-of-the-mohicans-a-narrative-of-1757,1,,server-2,0,2,3,10.266,3.637,2.766
combined-lc-lrt-cache-off-warm0,130,1,9.3077,1.369,19.776,21.145,of,the-age-of-innocence,1,,server-1,1,2,3,10.266,3.637,2.766
combined-lc-lrt-cache-off-warm0,130,1,9.3154,13.759,21.385,35.143,sea,a-tale-of-two-cities,1,,server-1,2,2,3,5.329,3.637,2.766
combined-lc-lrt-cache-off-warm0,130,1,9.3231,16.954,13.127,30.081,money,northanger-abbey,1,,server-2,2,2,2,5.329,4.804,6.715
combined-lc-lrt-cache-off-warm0,130,1,9.3308,17.328,23.681,41.009,letter,a-tale-of-two-cities,1,,server-1,2,2,2,4.709,4.804,6.715
combined-lc-lrt-cache-off-warm0,130,1,9.3385,12.399,35.345,47.744,she,the-house-of-the-seven-gables,1,,server-1,3,2,2,3.796,4.804,6.715
combined-lc-lrt-cache-off-warm0,130,1,9.3462,7.676,25.363,33.039,whale,mary-barton,1,,server-2,3,2,2,3.796,5.081,6.715
combined-lc-lrt-cache-off-warm0,130,1,9.3538,1.515,38.771,40.287,castle,the-king-in-yellow,1,,server-2,2,2,0,4.642,3.444,17.312
combined-lc-lrt-cache-off-warm0,130,1,9.3615,18.798,53.759,72.557,the,mansfield-park,1,,server-2,2,3,0,4.642,1.853,17.312
combined-lc-lrt-cache-off-warm0,130,1,9.3692,19.617,48.121,67.738,he,oliver-twist,1,,server-2,2,4,0,4.642,1.853,17.312
combined-lc-lrt-cache-off-warm0,130,1,9.3769,12.034,62.757,74.791,night,the-house-of-the-seven-gables,1,,server-2,2,5,0,6.460,1.853,17.312
combined-lc-lrt-cache-off-warm0,130,1,9.3846,1.869,13.726,15.595,you,the-secret-adversary,1,,server-3,2,4,1,6.460,4.768,17.312
combined-lc-lrt-cache-off-warm0,130,1,9.3923,1.356,13.045,14.401,she,memoirs-of-fanny-hill,1,,server-1,1,4,1,9.626,4.196,8.993
combined-lc-lrt-cache-off-warm0,130,1,9.4000,7.061,13.930,20.991,death,a-journey-to-the-centre-of-the-earth,1,,server-1,2,4,1,4.992,8.852,9.798
combined-lc-lrt-cache-off-warm0,130,1,9.4077,1.220,24.384,25.604,money,the-wind-in-the-willows,1,,server-1,2,4,0,3.323,8.852,7.852
combined-lc-lrt-cache-off-warm0,130,1,9.4154,7.511,31.172,38.683,night,a-tale-of-two-cities,1,,server-1,3,3,0,1.795,8.852,7.852
combined-lc-lrt-cache-off-warm0,130,1,9.4231,1.222,13.700,14.922,king,dubliners,1,,server-3,2,3,1,3.204,8.852,7.852
combined-lc-lrt-cache-off-warm0,130,1,9.4308,7.941,10.505,18.446,love,the-prince,1,,server-3,2,3,2,4.169,8.852,4.080
combined-lc-lrt-cache-off-warm0,130,1,9.4385,1.950,28.538,30.488,letter,madame-bovary,1,,server-3,1,1,2,6.553,15.744,3.911
combined-lc-lrt-cache-off-warm0,130,1,9.4462,3.845,35.710,39.555,castle,the-works-of-edgar-allan-poe-volume-2,1,,server-3,1,1,3,6.553,15.744,1.799
combined-lc-lrt-cache-off-warm0,130,1,9.4538,15.548,35.288,50.836,castle,jude-the-obscure,1,,server-3,1,0,3,9.371,19.799,2.242
combined-lc-lrt-cache-off-warm0,130,1,9.4615,1.475,11.155,12.630,he,cranford,1,,server-1,1,0,3,7.531,19.799,2.242
combined-lc-lrt-cache-off-warm0,130,1,9.4692,5.427,14.099,19.526,night,the-scarlet-letter,1,,server-1,2,0,3,3.926,19.799,6.945
combined-lc-lrt-cache-off-warm0,130,1,9.4769,12.572,12.594,25.166,letter,the-scarlet-letter-33,1,,server-1,2,0,2,2.656,19.799,5.680
combined-lc-lrt-cache-off-warm0,130,1,9.4846,5.203,21.282,26.485,of,the-kama-sutra-of-vatsyayana,1,,server-1,3,0,2,2.656,19.799,5.680
combined-lc-lrt-cache-off-warm0,130,1,9.4923,19.068,13.012,32.080,money,frankenstein-or-the-modern-prometheus-41445,1,,server-1,3,0,2,2.304,19.799,7.826
combined-lc-lrt-cache-off-warm0,130,1,9.5000,11.640,25.578,37.218,was,the-age-of-innocence,1,,server-1,4,0,2,2.304,19.799,7.826
combined-lc-lrt-cache-off-warm0,130,1,9.5077,1.514,14.668,16.182,london,black-beauty,1,,server-3,4,0,1,4.710,19.799,11.647
combined-lc-lrt-cache-off-warm0,130,1,9.5154,22.277,9.648,31.926,horse,the-wind-in-the-willows,1,,server-1,3,0,1,3.601,19.799,6.048
combined-lc-lrt-cache-off-warm0,130,1,9.5231,1.438,26.346,27.783,heart,emma,1,,server-3,3,0,2,3.601,19.799,6.048
combined-lc-lrt-cache-off-warm0,130,1,9.5308,20.842,35.113,55.955,horse,the-secret-garden-17396,1,,server-3,3,0,2,5.397,19.799,3.265
combined-lc-lrt-cache-off-warm0,130,1,9.5385,12.993,37.984,50.978,heart,little-women,1,,server-3,1,0,3,6.330,19.799,3.265
combined-lc-lrt-cache-off-warm0,130,1,9.5462,1.593,33.796,35.389,whale,the-vicomte-de-bragelonne,1,,server-1,2,0,3,6.330,19.799,3.265
combined-lc-lrt-cache-off-warm0,130,1,9.5538,28.403,17.986,46.389,house,autobiography-of-benjamin-franklin,1,,server-1,2,0,2,2.939,19.799,4.122
combined-lc-lrt-cache-off-warm0,130,1,9.5615,20.850,29.104,49.954,house,the-secret-garden-17396,1,,server-1,3,0,2,2.939,19.799,4.122
combined-lc-lrt-cache-off-warm0,130,1,9.5692,14.872,57.837,72.708,heart,the-moonstone,1,,server-1,4,0,2,2.939,19.799,4.122
combined-lc-lrt-cache-off-warm0,130,1,9.5769,13.348,26.399,39.747,king,the-hound-of-the-baskervilles,1,,server-3,4,0,3,2.939,19.799,4.122
combined-lc-lrt-cache-off-warm0,130,1,9.5846,5.829,25.782,31.611,she,grimms-fairy-tales,1,,server-3,3,0,4,4.445,19.799,4.122
combined-lc-lrt-cache-off-warm0,130,1,9.5923,20.735,29.838,50.574,king,the-iliad-2199,1,,server-3,3,0,3,4.445,19.799,4.087
combined-lc-lrt-cache-off-warm0,130,1,9.6000,17.635,49.796,67.431,was,the-wind-in-the-willows,1,,server-3,3,0,4,7.034,19.799,3.368
combined-lc-lrt-cache-off-warm0,130,1,9.6077,9.022,52.154,61.176,death,the-warden,1,,server-3,3,0,5,5.805,19.799,3.368
combined-lc-lrt-cache-off-warm0,130,1,9.6154,27.133,25.789,52.922,heart,the-portrait-of-a-lady-volume-1,1,,server-1,2,0,5,8.281,19.799,6.526
combined-lc-lrt-cache-off-warm0,130,1,9.6231,21.058,49.027,70.085,heart,cranford,1,,server-3,2,0,4,8.281,19.799,3.778
combined-lc-lrt-cache-off-warm0,130,1,9.6308,25.103,39.150,64.253,was,treasure-island,1,,server-3,2,0,5,8.281,19.799,3.778
combined-lc-lrt-cache-off-warm0,130,1,9.6385,1.622,23.082,24.703,letter,the-adventures-of-ferdinand-count-fathom-complete,1,,server-2,2,1,5,8.281,19.799,3.778
combined-lc-lrt-cache-off-warm0,130,1,9.6462,23.280,40.139,63.419,heart,the-jungle,1,,server-1,2,1,4,10.155,10.214,8.431
combined-lc-lrt-cache-off-warm0,130,1,9.6538,10.417,14.585,25.003,horse,persuasion,1,,server-2,2,2,4,10.155,10.214,8.431
combined-lc-lrt-cache-off-warm0,130,1,9.6615,7.508,13.980,21.488,death,the-picture-of-dorian-gray,1,,server-1,3,2,4,10.155,10.214,9.016
combined-lc-lrt-cache-off-warm0,130,1,9.6692,10.236,23.741,33.978,you,the-works-of-edgar-allan-poe-volume-2,1,,server-2,2,2,3,5.045,6.164,21.676
combined-lc-lrt-cache-off-warm0,130,1,9.6769,12.175,47.440,59.615,you,mary-barton,1,,server-1,3,2,2,5.045,6.164,17.509
combined-lc-lrt-cache-off-warm0,130,1,9.6846,18.994,15.539,34.533,and,silas-marner,1,,server-2,3,2,2,5.191,4.140,17.509
combined-lc-lrt-cache-off-warm0,130,1,9.6923,11.825,30.092,41.917,was,the-age-of-innocence,1,,server-2,3,3,2,5.285,4.140,17.509
combined-lc-lrt-cache-off-warm0,130,1,9.7000,1.024,20.894,21.918,house,the-house-of-mirth,1,,server-3,3,3,1,5.285,4.140,13.753
combined-lc-lrt-cache-off-warm0,130,1,9.7077,12.003,37.362,49.365,king,oliver-twist,1,,server-2,2,3,1,5.285,3.978,7.100
combined-lc-lrt-cache-off-warm0,130,1,9.7154,6.621,16.810,23.430,king,the-secret-adversary,1,,server-3,1,3,2,11.043,3.978,7.100
combined-lc-lrt-cache-off-warm0,130,1,9.7231,1.868,36.010,37.878,horse,the-jungle,1,,server-3,1,2,2,11.043,4.778,4.951
combined-lc-lrt-cache-off-warm0,130,1,9.7308,8.961,43.267,52.228,heart,the-last-of-the-mohicans-a-narrative-of-1757,1,,server-3,1,2,3,11.043,4.778,3.278
combined-lc-lrt-cache-off-warm0,130,1,9.7385,1.471,9.023,10.494,he,the-hound-of-the-baskervilles-3070,1,,server-1,1,1,3,11.362,8.705,7.444
combined-lc-lrt-cache-off-warm0,130,1,9.7462,3.806,24.255,28.061,letter,the-odyssey,1,,server-1,2,1,2,5.878,8.705,4.156
combined-lc-lrt-cache-off-warm0,130,1,9.7538,20.645,60.272,80.917,king,the-innocents-abroad,1,,server-1,2,1,2,2.902,8.705,4.156
combined-lc-lrt-cache-off-warm0,130,1,9.7615,13.540,55.207,68.747,sea,oliver-twist,1,,server-1,3,0,2,2.902,9.628,7.678
combined-lc-lrt-cache-off-warm0,130,1,9.7692,1.518,12.431,13.949,sea,the-adventures-of-tom-sawyer-complete,1,,server-2,3,1,2,2.902,9.628,7.678
combined-lc-lrt-cache-off-warm0,130,1,9.7769,6.923,17.999,24.922,death,the-scarlet-letter-33,1,,server-2,2,2,2,3.828,5.023,7.678
combined-lc-lrt-cache-off-warm0,130,1,9.7846,1.358,30.637,31.995,castle,desert-gold,1,,server-2,2,2,0,3.828,3.261,12.900
combined-lc-lrt-cache-off-warm0,130,1,9.7923,10.747,42.458,53.205,of,the-jungle-book,1,,server-2,2,3,0,3.828,1.806,12.900
combined-lc-lrt-cache-off-warm0,130,1,9.8000,3.683,40.231,43.913,sea,washington-square,1,,server-2,2,4,0,3.828,1.806,12.900
combined-lc-lrt-cache-off-warm0,130,1,9.8077,10.134,48.414,58.548,whale,desperate-remedies,1,,server-2,2,4,0,3.828,2.501,12.900
combined-lc-lrt-cache-off-warm0,130,1,9.8154,19.794,31.660,51.454,you,little-women,1,,server-1,3,4,0,3.828,2.501,12.900
combined-lc-lrt-cache-off-warm0,130,1,9.8231,1.190,18.593,19.782,horse,the-scarlet-letter,1,,server-3,3,3,1,3.828,5.245,12.900
combined-lc-lrt-cache-off-warm0,130,1,9.8308,12.655,16.432,29.087,he,his-last-bow,1,,server-3,3,3,2,13.828,5.245,6.675
combined-lc-lrt-cache-off-warm0,130,1,9.8385,29.082,16.823,45.905,love,walden-and-on-the-duty-of-civil-disobedience,1,,server-1,2,3,2,9.911,5.245,6.675
combined-lc-lrt-cache-off-warm0,130,1,9.8462,14.394,43.773,58.167,horse,desperate-remedies,1,,server-3,2,2,2,9.911,14.435,4.905
combined-lc-lrt-cache-off-warm0,130,1,9.8538,6.866,25.544,32.410,london,the-tenant-of-wildfell-hall,1,,server-3,2,2,3,9.911,14.435,4.905
combined-lc-lrt-cache-off-warm0,130,1,9.8615,1.563,57.193,58.755,you,desert-gold,1,,server-3,2,2,3,9.911,14.435,2.886
combined-lc-lrt-cache-off-warm0,130,1,9.8692,35.562,40.627,76.188,of,a-connecticut-yankee-in-king-arthur-s-court,1,,server-3,1,0,4,8.718,16.828,1.997
combined-lc-lrt-cache-off-warm0,130,1,9.8769,29.548,66.950,96.498,the,jane-eyre-an-autobiography,1,,server-3,1,0,5,8.718,16.828,1.997
combined-lc-lrt-cache-off-warm0,130,1,9.8846,21.999,22.387,44.387,london,dubliners,1,,server-3,1,0,6,8.241,16.828,1.997
combined-lc-lrt-cache-off-warm0,130,1,9.8923,1.493,12.910,14.403,horse,the-secret-adversary,1,,server-1,1,0,6,8.241,16.828,6.647
combined-lc-lrt-cache-off-warm0,130,1,9.9000,8.226,26.582,34.808,the,the-iliad-2199,1,,server-1,2,0,6,4.277,16.828,6.647
combined-lc-lrt-cache-off-warm0,130,1,9.9077,1.783,33.692,35.475,he,agnes-grey,1,,server-1,2,0,4,3.099,16.828,7.362
combined-lc-lrt-cache-off-warm0,130,1,9.9154,28.091,11.286,39.377,you,poirot-investigates,1,,server-1,3,0,4,1.705,16.828,7.362
combined-lc-lrt-cache-off-warm0,130,1,9.9231,20.974,21.841,42.814,and,frankenstein-or-the-modern-prometheus-41445,1,,server-1,4,0,3,1.705,16.828,7.536
combined-lc-lrt-cache-off-warm0,130,1,9.9308,13.297,30.900,44.197,you,the-great-gatsby,1,,server-1,5,0,3,1.705,16.828,10.324
combined-lc-lrt-cache-off-warm0,130,1,9.9385,1.404,17.599,19.003,love,thus-spake-zarathustra-a-book-for-all-and-none,1,,server-2,5,1,3,6.543,16.828,10.324
combined-lc-lrt-cache-off-warm0,130,1,9.9462,9.434,29.319,38.754,she,his-last-bow,1,,server-1,4,1,2,4.032,8.683,19.525
combined-lc-lrt-cache-off-warm0,130,1,9.9538,4.251,17.522,21.773,london,hard-times,1,,server-2,4,2,1,4.032,8.683,15.870
combined-lc-lrt-cache-off-warm0,130,1,9.9615,14.574,16.500,31.074,money,the-secret-garden,1,,server-2,4,2,1,3.981,4.639,15.870
combined-lc-lrt-cache-off-warm0,130,1,9.9692,7.766,43.418,51.184,sea,the-innocents-abroad,1,,server-2,3,3,1,6.393,4.639,15.870
combined-lc-lrt-cache-off-warm0,130,1,9.9769,1.700,55.037,56.737,house,a-princess-of-mars,1,,server-2,1,3,0,9.023,3.718,14.967
combined-lc-lrt-cache-off-warm0,130,1,9.9846,9.602,62.953,72.556,london,the-secret-garden-17396,1,,server-2,1,4,0,10.976,1.967,14.967
combined-lc-lrt-cache-off-warm0,130,1,9.9923,1.289,10.656,11.946,heart,a-princess-of-mars,1,,server-1,1,4,0,8.799,1.967,14.967
combined-lc-lrt-cache-off-warm0,130,1,10.0000,4.731,19.263,23.994,and,the-adventures-of-sherlock-holmes,1,,server-1,2,3,0,4.586,3.810,14.967
combined-lc-lrt-cache-off-warm0,130,1,10.0077,16.575,77.851,94.425,night,the-iliad,1,,server-1,2,3,0,2.774,3.810,14.967
combined-lc-lrt-cache-off-warm0,130,1,10.0154,9.068,79.272,88.340,heart,the-kama-sutra-of-vatsyayana,1,,server-1,3,3,0,2.774,3.810,14.967
combined-lc-lrt-cache-off-warm0,130,1,10.0231,1.902,44.652,46.554,horse,anne-of-green-gables,1,,server-1,4,2,0,2.774,11.679,14.967
combined-lc-lrt-cache-off-warm0,130,1,10.0308,73.550,50.499,124.049,money,the-house-of-the-seven-gables,1,,server-1,4,2,0,1.491,11.679,14.967
combined-lc-lrt-cache-off-warm0,130,1,10.0385,66.217,53.195,119.412,the,north-and-south,1,,server-1,5,1,0,1.491,16.050,14.967
combined-lc-lrt-cache-off-warm0,130,1,10.0462,57.967,108.648,166.615,she,the-return-of-sherlock-holmes-108,1,,server-1,6,1,0,1.491,16.050,14.967
combined-lc-lrt-cache-off-warm0,130,1,10.0538,51.078,81.715,132.793,death,the-vicomte-de-bragelonne,1,,server-1,7,1,0,1.491,16.050,14.967
combined-lc-lrt-cache-off-warm0,130,1,10.0615,43.843,90.280,134.123,death,the-prince,1,,server-1,8,0,0,1.491,16.759,14.967
combined-lc-lrt-cache-off-warm0,130,1,10.0692,3.788,15.864,19.652,of,the-mysterious-affair-at-styles,1,,server-3,8,0,1,9.895,16.759,14.967
combined-lc-lrt-cache-off-warm0,130,1,10.0769,12.413,13.002,25.414,he,meditations,1,,server-3,8,0,2,9.895,16.759,7.927
combined-lc-lrt-cache-off-warm0,130,1,10.0846,1.262,13.885,15.147,was,autobiography-of-benjamin-franklin,1,,server-2,8,1,2,9.895,16.759,7.927
combined-lc-lrt-cache-off-warm0,130,1,10.0923,10.794,25.400,36.194,was,mansfield-park,1,,server-3,8,1,2,9.895,8.653,5.149
combined-lc-lrt-cache-off-warm0,130,1,10.1000,1.324,25.126,26.450,king,pride-and-prejudice,1,,server-2,8,1,2,13.601,7.724,5.149
combined-lc-lrt-cache-off-warm0,130,1,10.1077,19.663,35.955,55.618,letter,the-romance-of-lust-a-classic-victorian-erotic-novel,1,,server-2,5,2,1,7.462,4.012,4.016
combined-lc-lrt-cache-off-warm0,130,1,10.1154,13.651,29.026,42.677,house,the-moonstone,1,,server-3,5,2,2,7.462,4.012,4.016
combined-lc-lrt-cache-off-warm0,130,1,10.1231,4.089,9.815,13.903,money,the-prince,1,,server-2,5,3,2,7.462,4.012,4.016
combined-lc-lrt-cache-off-warm0,130,1,10.1308,7.259,61.249,68.509,and,mansfield-park,1,,server-2,5,3,1,7.462,2.935,4.720
combined-lc-lrt-cache-off-warm0,130,1,10.1385,25.739,53.232,78.971,king,walden-and-on-the-duty-of-civil-disobedience,1,,server-2,5,3,1,7.462,3.074,4.720
combined-lc-lrt-cache-off-warm0,130,1,10.1462,12.355,19.797,32.152,king,adventures-of-huckleberry-finn,1,,server-3,5,3,2,7.462,3.074,4.720
combined-lc-lrt-cache-off-warm0,130,1,10.1538,24.058,48.473,72.532,heart,dubliners,1,,server-2,5,4,2,7.462,3.074,4.720
combined-lc-lrt-cache-off-warm0,130,1,10.1615,17.599,35.805,53.404,castle,the-mystery-of-edwin-drood,1,,server-3,5,4,2,15.535,6.889,5.056
combined-lc-lrt-cache-off-warm0,130,1,10.1692,10.080,61.376,71.455,she,the-mysterious-island,1,,server-3,5,3,3,15.535,7.844,5.056
combined-lc-lrt-cache-off-warm0,130,1,10.1769,2.521,23.180,25.701,sea,grimms-fairy-tales,1,,server-3,5,3,4,15.535,10.689,5.056
combined-lc-lrt-cache-off-warm0,130,1,10.1846,30.457,86.781,117.238,and,the-memoirs-of-sherlock-holmes,1,,server-3,3,3,4,15.535,8.672,1.815
combined-lc-lrt-cache-off-warm0,130,1,10.1923,48.635,58.637,107.272,love,dracula,1,,server-3,3,3,5,28.679,8.672,1.815
combined-lc-lrt-cache-off-warm0,130,1,10.2000,37.025,42.783,79.808,heart,the-scarlet-letter,1,,server-3,2,2,6,37.371,13.719,1.815
combined-lc-lrt-cache-off-warm0,130,1,10.2077,5.860,24.740,30.600,london,persuasion,1,,server-2,2,3,6,37.371,13.719,5.969
combined-lc-lrt-cache-off-warm0,130,1,10.2154,1.478,24.683,26.161,london,dracula,1,,server-1,1,3,5,38.127,9.610,12.323
combined-lc-lrt-cache-off-warm0,130,1,10.2231,4.488,32.121,36.609,castle,the-portrait-of-a-lady-volume-1,1,,server-2,1,3,5,19.599,12.550,12.323
combined-lc-lrt-cache-off-warm0,130,1,10.2308,9.746,57.506,67.252,he,the-tenant-of-wildfell-hall,1,,server-2,1,3,5,19.599,6.800,12.323
combined-lc-lrt-cache-off-warm0,130,1,10.2385,2.885,53.605,56.490,was,beyond-good-and-evil,1,,server-2,1,4,5,19.599,9.503,15.593
combined-lc-lrt-cache-off-warm0,130,1,10.2462,15.732,53.625,69.357,death,the-house-of-mirth,1,,server-2,0,4,3,16.426,2.925,17.100
combined-lc-lrt-cache-off-warm0,130,1,10.2538,9.303,64.444,73.746,you,desert-gold,1,,server-2,0,5,3,16.426,2.925,17.100
combined-lc-lrt-cache-off-warm0,130,1,10.2615,1.774,15.787,17.560,horse,northanger-abbey,1,,server-1,1,5,3,16.426,7.922,17.100
combined-lc-lrt-cache-off-warm0,130,1,10.2692,10.336,21.008,31.344,whale,the-portrait-of-a-lady-volume-1,1,,server-1,2,4,3,8.473,3.670,17.100
combined-lc-lrt-cache-off-warm0,130,1,10.2769,39.010,23.542,62.552,horse,the-great-gatsby,1,,server-2,2,5,3,8.473,3.670,17.100
combined-lc-lrt-cache-off-warm0,130,1,10.2846,16.392,31.518,47.910,castle,walden-and-on-the-duty-of-civil-disobedience,1,,server-1,2,5,3,5.010,3.670,21.390
combined-lc-lrt-cache-off-warm0,130,1,10.2923,8.724,55.787,64.511,he,the-last-of-the-mohicans-a-narrative-of-1757,1,,server-1,3,5,3,5.010,3.670,21.390
combined-lc-lrt-cache-off-warm0,130,1,10.3000,1.687,29.434,31.121,he,dubliners,1,,server-1,4,3,2,5.010,14.945,27.781
combined-lc-lrt-cache-off-warm0,130,1,10.3077,45.114,24.200,69.314,king,the-last-of-the-mohicans-a-narrative-of-1757-27681,1,,server-1,4,3,0,1.694,14.945,22.881
combined-lc-lrt-cache-off-warm0,130,1,10.3154,42.187,34.747,76.933,money,poirot-investigates,1,,server-1,5,3,0,1.694,25.910,22.881
combined-lc-lrt-cache-off-warm0,130,1,10.3231,35.590,34.671,70.261,castle,the-warden,1,,server-1,6,3,0,1.694,13.744,22.881
combined-lc-lrt-cache-off-warm0,130,1,10.3308,1.543,14.337,15.880,horse,the-wind-in-the-willows,1,,server-3,6,1,1,7.132,19.241,22.881
combined-lc-lrt-cache-off-warm0,130,1,10.3385,8.727,23.261,31.988,you,the-song-of-the-lark,1,,server-3,6,1,2,11.142,19.241,11.854
combined-lc-lrt-cache-off-warm0,130,1,10.3462,1.179,14.482,15.661,king,cranford,1,,server-2,6,1,2,11.142,16.018,11.854
combined-lc-lrt-cache-off-warm0,130,1,10.3538,17.303,41.545,58.848,king,the-jungle,1,,server-3,5,1,2,12.854,8.269,5.870
combined-lc-lrt-cache-off-warm0,130,1,10.3615,9.890,36.632,46.522,money,northanger-abbey,1,,server-3,3,1,3,8.062,9.440,5.870
combined-lc-lrt-cache-off-warm0,130,1,10.3692,1.320,12.077,13.396,night,a-princess-of-mars,1,,server-2,3,1,3,8.062,7.581,5.870
combined-lc-lrt-cache-off-warm0,130,1,10.3769,6.312,18.030,24.342,love,the-odyssey,1,,server-2,3,2,2,10.384,3.954,4.151
combined-lc-lrt-cache-off-warm0,130,1,10.3846,16.927,38.902,55.829,night,mary-barton,1,,server-2,3,2,2,10.384,2.951,4.151
combined-lc-lrt-cache-off-warm0,130,1,10.3923,9.817,16.983,26.800,he,the-scarlet-letter,1,,server-2,3,3,2,15.634,2.951,4.151
combined-lc-lrt-cache-off-warm0,130,1,10.4000,13.068,12.523,25.591,sea,frankenstein-or-the-modern-prometheus-41445,1,,server-3,0,3,3,12.595,5.082,4.151
combined-lc-lrt-cache-off-warm0,130,1,10.4077,32.921,15.786,48.707,he,myths-and-legends-of-ancient-greece-and-rome,1,,server-2,0,3,3,12.595,3.261,10.311
combined-lc-lrt-cache-off-warm0,130,1,10.4154,1.507,18.565,20.072,death,the-age-of-innocence,1,,server-1,1,3,1,12.595,3.261,7.615
combined-lc-lrt-cache-off-warm0,130,1,10.4231,12.600,23.713,36.313,and,jude-the-obscure,1,,server-1,2,3,1,6.529,5.762,7.615
combined-lc-lrt-cache-off-warm0,130,1,10.4308,1.307,18.942,20.249,she,memoirs-of-fanny-hill,1,,server-3,2,3,1,6.529,5.762,6.820
combined-lc-lrt-cache-off-warm0,130,1,10.4385,13.033,9.512,22.545,sea,the-kama-sutra-of-vatsyayana,1,,server-3,1,3,2,4.982,5.762,3.553
combined-lc-lrt-cache-off-warm0,130,1,10.4462,14.014,12.743,26.757,she,black-beauty,1,,server-1,2,1,2,4.982,9.007,3.553
combined-lc-lrt-cache-off-warm0,130,1,10.4538,7.830,19.696,27.526,of,the-secret-garden,1,,server-3,2,1,2,4.982,9.007,3.944
combined-lc-lrt-cache-off-warm0,130,1,10.4615,2.483,42.864,45.348,whale,madame-bovary,1,,server-3,1,0,2,4.895,8.235,2.793
combined-lc-lrt-cache-off-warm0,130,1,10.4692,19.765,33.015,52.780,king,the-mystery-of-edwin-drood,1,,server-3,1,0,3,4.895,8.235,1.687
combined-lc-lrt-cache-off-warm0,130,1,10.4769,1.591,29.162,30.753,money,wuthering-heights,1,,server-1,1,0,3,5.127,8.235,1.687
combined-lc-lrt-cache-off-warm0,130,1,10.4846,24.334,23.036,47.370,night,a-journey-to-the-centre-of-the-earth,1,,server-1,2,0,2,2.709,8.235,5.869
combined-lc-lrt-cache-off-warm0,130,1,10.4923,16.907,21.221,38.128,london,the-war-of-the-worlds,1,,server-1,3,0,2,2.709,8.235,5.947
combined-lc-lrt-cache-off-warm0,130,1,10.5000,2.032,13.850,15.882,night,treasure-island,1,,server-2,3,1,2,2.709,8.235,5.947
combined-lc-lrt-cache-off-warm0,130,1,10.5077,8.824,11.822,20.647,of,silas-marner,1,,server-2,3,2,2,9.548,4.318,11.788
combined-lc-lrt-cache-off-warm0,130,1,10.5154,17.436,31.411,48.847,whale,the-vicomte-de-bragelonne,1,,server-1,3,2,1,4.483,6.348,11.788
combined-lc-lrt-cache-off-warm0,130,1,10.5231,5.958,29.781,35.739,heart,mary-barton,1,,server-2,3,2,0,4.483,3.345,10.392
combined-lc-lrt-cache-off-warm0,130,1,10.5308,28.651,29.087,57.738,night,a-princess-of-mars,1,,server-2,3,2,0,7.729,2.553,10.392
combined-lc-lrt-cache-off-warm0,130,1,10.5385,20.834,27.667,48.501,night,autobiography-of-benjamin-franklin,1,,server-2,1,3,0,5.250,2.553,10.392
combined-lc-lrt-cache-off-warm0,130,1,10.5462,13.973,41.870,55.843,heart,the-mystery-of-edwin-drood,1,,server-2,1,4,0,5.250,2.553,10.392
combined-lc-lrt-cache-off-warm0,130,1,10.5538,1.267,15.910,17.177,whale,the-memoirs-of-sherlock-holmes,1,,server-3,1,4,1,5.250,2.553,10.392
combined-lc-lrt-cache-off-warm0,130,1,10.5615,3.360,22.801,26.161,house,the-return-of-sherlock-holmes-108,1,,server-1,2,3,1,5.250,3.610,5.399
combined-lc-lrt-cache-off-warm0,130,1,10.5692,19.044,13.753,32.797,she,the-secret-garden,1,,server-1,2,3,1,4.519,3.610,5.399
combined-lc-lrt-cache-off-warm0,130,1,10.5769,1.408,16.579,17.987,he,persuasion,1,,server-3,2,3,1,4.519,3.610,5.964
combined-lc-lrt-cache-off-warm0,130,1,10.5846,10.770,46.490,57.261,he,thus-spake-zarathustra-a-book-for-all-and-none,1,,server-3,2,3,2,4.519,3.610,3.119
combined-lc-lrt-cache-off-warm0,130,1,10.5923,3.310,50.988,54.298,he,the-iliad,1,,server-3,1,3,3,5.188,10.166,3.119
combined-lc-lrt-cache-off-warm0,130,1,10.6000,46.755,36.363,83.118,and,desert-gold,1,,server-3,1,2,3,5.188,10.166,1.985
combined-lc-lrt-cache-off-warm0,130,1,10.6077,1.684,12.066,13.750,love,the-wind-in-the-willows,1,,server-1,1,0,3,5.436,12.488,1.985
combined-lc-lrt-cache-off-warm0,130,1,10.6154,6.861,14.120,20.981,love,the-picture-of-dorian-gray,1,,server-1,2,0,3,2.862,12.488,1.985
combined-lc-lrt-cache-off-warm0,130,1,10.6231,1.952,24.307,26.259,london,the-picture-of-dorian-gray,1,,server-1,2,0,3,2.519,12.488,1.985
combined-lc-lrt-cache-off-warm0,130,1,10.6308,6.240,34.759,40.998,castle,dracula,1,,server-1,3,0,3,1.734,12.488,1.985
combined-lc-lrt-cache-off-warm0,130,1,10.6385,8.794,38.899,47.692,and,the-song-of-the-lark,1,,server-3,2,0,4,2.953,12.488,1.985
combined-lc-lrt-cache-off-warm0,130,1,10.6462,25.971,13.552,39.524,king,meditations,1,,server-1,3,0,4,2.953,12.488,16.864
combined-lc-lrt-cache-off-warm0,130,1,10.6538,1.755,20.874,22.629,whale,myths-and-legends-of-ancient-greece-and-rome,1,,server-2,3,1,2,5.183,12.488,6.546
combined-lc-lrt-cache-off-warm0,130,1,10.6615,15.161,22.246,37.407,death,desperate-remedies,1,,server-2,3,2,2,5.183,6.485,6.546
combined-lc-lrt-cache-off-warm0,130,1,10.6692,7.575,33.512,41.088,sea,the-scarlet-letter-33,1,,server-2,3,3,2,5.183,6.485,6.546
combined-lc-lrt-cache-off-warm0,130,1,10.6769,2.269,44.833,47.102,the,around-the-world-in-eighty-days,1,,server-2,1,3,2,8.280,3.150,6.546
combined-lc-lrt-cache-off-warm0,130,1,10.6846,26.229,26.445,52.675,and,black-beauty,1,,server-2,1,4,2,8.280,1.897,12.382
combined-lc-lrt-cache-off-warm0,130,1,10.6923,1.504,14.653,16.157,house,treasure-island,1,,server-1,1,4,0,7.428,1.897,11.729
combined-lc-lrt-cache-off-warm0,130,1,10.7000,8.571,12.407,20.978,money,the-adventures-of-tom-sawyer-complete,1,,server-1,2,4,0,3.880,5.846,11.729
combined-lc-lrt-cache-off-warm0,130,1,10.7077,1.485,16.574,18.059,night,the-scarlet-letter-33,1,,server-3,2,4,1,4.376,5.846,11.729
combined-lc-lrt-cache-off-warm0,130,1,10.7154,6.229,19.075,25.304,night,hard-times,1,,server-1,2,2,1,3.428,7.777,6.103
combined-lc-lrt-cache-off-warm0,130,1,10.7231,16.095,19.352,35.447,he,the-odyssey,1,,server-1,2,2,1,2.678,7.777,6.103
combined-lc-lrt-cache-off-warm0,130,1,10.7308,1.748,11.423,13.171,love,the-hound-of-the-baskervilles,1,,server-3,2,1,1,2.289,12.113,6.505
combined-lc-lrt-cache-off-warm0,130,1,10.7385,6.027,30.109,36.136,she,the-iliad,1,,server-3,2,0,2,2.289,11.913,3.405
combined-lc-lrt-cache-off-warm0,130,1,10.7462,1.571,57.259,58.830,of,anne-of-green-gables,1,,server-3,1,0,2,5.030,11.913,2.573
combined-lc-lrt-cache-off-warm0,130,1,10.7538,22.541,55.650,78.191,house,the-adventures-of-ferdinand-count-fathom-complete,1,,server-3,1,0,3,5.030,11.913,1.730
combined-lc-lrt-cache-off-warm0,130,1,10.7615,1.388,21.966,23.354,love,tess-of-the-d-urbervilles-a-pure-woman,1,,server-1,1,0,3,6.072,11.913,1.730
combined-lc-lrt-cache-off-warm0,130,1,10.7692,16.350,28.396,44.746,house,oliver-twist,1,,server-1,2,0,3,3.215,11.913,1.730
combined-lc-lrt-cache-off-warm0,130,1,10.7769,8.872,39.279,48.151,love,the-king-in-yellow,1,,server-1,3,0,3,3.215,11.913,10.305
combined-lc-lrt-cache-off-warm0,130,1,10.7846,1.880,26.235,28.115,whale,life-on-the-mississippi,1,,server-2,3,1,3,6.489,11.913,10.305
combined-lc-lrt-cache-off-warm0,130,1,10.7923,33.611,18.794,52.405,london,a-princess-of-mars,1,,server-1,3,1,2,2.765,6.192,11.892
combined-lc-lrt-cache-off-warm0,130,1,10.8000,25.622,10.559,36.181,love,beyond-good-and-evil,1,,server-1,4,1,2,2.765,6.192,11.892
combined-lc-lrt-cache-off-warm0,130,1,10.8077,5.824,16.451,22.275,death,the-warden,1,,server-2,4,2,1,2.765,6.192,13.168
combined-lc-lrt-cache-off-warm0,130,1,10.8154,12.593,20.085,32.677,and,sense-and-sensibility,1,,server-2,4,2,1,7.773,4.638,13.168
combined-lc-lrt-cache-off-warm0,130,1,10.8231,7.137,38.108,45.245,money,sense-and-sensibility,1,,server-2,4,3,1,7.773,3.811,13.168
combined-lc-lrt-cache-off-warm0,130,1,10.8308,34.906,30.641,65.547,heart,pride-and-prejudice,1,,server-2,2,3,1,6.275,3.142,13.168
combined-lc-lrt-cache-off-warm0,130,1,10.8385,30.353,43.268,73.621,letter,adventures-of-huckleberry-finn,1,,server-2,2,4,0,7.024,3.142,15.012
combined-lc-lrt-cache-off-warm0,130,1,10.8462,1.313,17.421,18.734,money,northanger-abbey,1,,server-1,1,4,0,7.473,3.142,15.012
combined-lc-lrt-cache-off-warm0,130,1,10.8538,11.449,33.455,44.904,he,the-first-men-in-the-moon,1,,server-1,2,4,0,3.885,6.712,15.012
combined-lc-lrt-cache-off-warm0,130,1,10.8615,4.467,34.033,38.499,she,the-mystery-of-edwin-drood,1,,server-1,3,4,0,3.885,6.712,15.012
combined-lc-lrt-cache-off-warm0,130,1,10.8692,32.174,69.806,101.980,the,the-american,1,,server-1,3,2,0,2.660,11.927,15.012
combined-lc-lrt-cache-off-warm0,130,1,10.8769,24.424,73.803,98.227,the,the-innocents-abroad,1,,server-1,4,2,0,2.660,9.779,15.012
combined-lc-lrt-cache-off-warm0,130,1,10.8846,16.713,28.388,45.102,heart,the-scarlet-letter,1,,server-1,5,2,0,2.660,9.779,15.012
combined-lc-lrt-cache-off-warm0,130,1,10.8923,1.579,27.895,29.474,the,the-song-of-the-lark,1,,server-3,5,2,1,2.660,9.779,15.012
combined-lc-lrt-cache-off-warm0,130,1,10.9000,22.054,13.761,35.815,of,the-king-in-yellow,1,,server-3,5,2,2,8.722,13.295,7.807
combined-lc-lrt-cache-off-warm0,130,1,10.9077,10.185,80.932,91.117,sea,leaves-of-grass,1,,server-1,4,2,2,4.112,13.295,7.807
combined-lc-lrt-cache-off-warm0,130,1,10.9154,1.573,12.074,13.647,of,the-wind-in-the-willows,1,,server-2,4,1,2,4.112,14.990,7.807
combined-lc-lrt-cache-off-warm0,130,1,10.9231,1.602,29.163,30.765,he,hard-times,1,,server-3,4,1,2,3.350,7.749,6.963
combined-lc-lrt-cache-off-warm0,130,1,10.9308,1.149,27.978,29.126,you,the-iliad,1,,server-2,3,1,2,6.534,6.817,4.559
combined-lc-lrt-cache-off-warm0,130,1,10.9385,22.115,27.844,49.960,he,twenty-thousand-leagues-under-the-sea,1,,server-2,3,2,1,6.534,3.556,5.747
combined-lc-lrt-cache-off-warm0,130,1,10.9462,15.010,27.421,42.431,death,a-journey-to-the-centre-of-the-earth,1,,server-2,3,3,1,6.534,3.556,5.747
combined-lc-lrt-cache-off-warm0,130,1,10.9538,1.108,19.965,21.073,the,wuthering-heights,1,,server-3,3,3,1,6.534,3.556,6.701
combined-lc-lrt-cache-off-warm0,130,1,10.9615,14.369,42.727,57.096,king,the-jungle,1,,server-3,3,2,2,6.534,4.135,3.490
combined-lc-lrt-cache-off-warm0,130,1,10.9692,6.844,41.738,48.582,of,walden-and-on-the-duty-of-civil-disobedience,1,,server-3,3,2,3,6.534,4.135,3.490
combined-lc-lrt-cache-off-warm0,130,1,10.9769,1.870,47.927,49.797,sea,herland,1,,server-3,1,2,3,19.865,4.135,2.558
combined-lc-lrt-cache-off-warm0,130,1,10.9846,42.664,65.152,107.816,you,adventures-of-huckleberry-finn,1,,server-3,1,2,4,19.865,4.135,1.567
combined-lc-lrt-cache-off-warm0,130,1,10.9923,35.492,50.031,85.523,whale,little-women,1,,server-3,1,0,5,19.865,7.940,1.567
combined-lc-lrt-cache-off-warm0,130,1,11.0000,1.274,31.545,32.819,letter,the-innocents-abroad,1,,server-2,0,1,5,25.546,7.940,1.567
combined-lc-lrt-cache-off-warm0,130,1,11.0077,25.846,28.767,54.613,of,beyond-good-and-evil,1,,server-2,0,2,5,25.546,4.122,1.567
combined-lc-lrt-cache-off-warm0,130,1,11.0154,11.706,26.441,38.146,sea,desperate-remedies,1,,server-3,0,2,6,25.546,4.122,1.567
combined-lc-lrt-cache-off-warm0,130,1,11.0231,10.185,21.159,31.344,death,pride-and-prejudice,1,,server-2,0,3,6,25.546,4.122,20.144
combined-lc-lrt-cache-off-warm0,130,1,11.0308,3.007,41.391,44.398,death,around-the-world-in-eighty-days,1,,server-2,0,4,3,25.546,4.122,6.515
combined-lc-lrt-cache-off-warm0,130,1,11.0385,35.631,46.905,82.536,and,the-return-of-sherlock-holmes,1,,server-2,0,4,3,25.546,2.316,6.515
combined-lc-lrt-cache-off-warm0,130,1,11.0462,28.939,14.211,43.150,sea,the-warden,1,,server-2,0,5,3,25.546,2.316,6.515
combined-lc-lrt-cache-off-warm0,130,1,11.0538,21.912,44.912,66.824,sea,the-mystery-of-edwin-drood,1,,server-2,0,6,3,25.546,2.316,10.313
combined-lc-lrt-cache-off-warm0,130,1,11.0615,1.481,26.787,28.268,of,the-romance-of-lust-a-classic-victorian-erotic-novel,1,,server-1,1,6,3,25.546,5.924,10.313
combined-lc-lrt-cache-off-warm0,130,1,11.0692,21.213,28.029,49.242,night,villette,1,,server-1,2,6,3,13.162,13.051,10.313
combined-lc-lrt-cache-off-warm0,130,1,11.0769,2.227,86.013,88.240,money,the-adventures-of-tom-sawyer-complete,1,,server-2,2,4,3,13.162,6.755,12.379
combined-lc-lrt-cache-off-warm0,130,1,11.0846,18.356,66.731,85.087,of,the-vicomte-de-bragelonne,1,,server-2,2,5,2,13.162,3.752,15.841
combined-lc-lrt-cache-off-warm0,130,1,11.0923,26.509,44.108,70.617,the,the-moonstone,1,,server-1,2,5,1,8.558,4.596,25.429
combined-lc-lrt-cache-off-warm0,130,1,11.1000,1.395,15.505,16.900,you,memoirs-of-fanny-hill,1,,server-3,2,5,1,6.901,4.596,20.363
combined-lc-lrt-cache-off-warm0,130,1,11.1077,11.727,39.645,51.372,love,the-adventures-of-sherlock-holmes,1,,server-1,3,5,1,6.901,6.234,10.497
combined-lc-lrt-cache-off-warm0,130,1,11.1154,2.318,11.970,14.288,sea,the-first-men-in-the-moon,1,,server-3,3,5,2,6.901,6.234,10.497
combined-lc-lrt-cache-off-warm0,130,1,11.1231,7.283,25.479,32.763,she,the-age-of-innocence,1,,server-3,2,2,2,5.685,13.592,4.896
combined-lc-lrt-cache-off-warm0,130,1,11.1308,1.520,51.299,52.819,heart,the-moonstone,1,,server-3,2,2,2,5.685,13.592,3.232
combined-lc-lrt-cache-off-warm0,130,1,11.1385,45.369,78.890,124.259,the,walden-and-on-the-duty-of-civil-disobedience,1,,server-3,2,2,3,5.685,13.592,1.749
combined-lc-lrt-cache-off-warm0,130,1,11.1462,34.248,21.441,55.688,whale,meditations,1,,server-3,2,2,4,5.685,13.592,1.749
combined-lc-lrt-cache-off-warm0,130,1,11.1538,29.967,65.093,95.060,death,oliver-twist,1,,server-3,2,2,5,5.685,13.592,1.749
combined-lc-lrt-cache-off-warm0,130,1,11.1615,24.333,73.062,97.395,house,kidnapped,1,,server-3,2,2,6,12.193,13.592,5.940
combined-lc-lrt-cache-off-warm0,130,1,11.1692,1.657,12.496,14.154,letter,the-king-in-yellow,1,,server-1,1,2,6,12.446,29.096,5.940
combined-lc-lrt-cache-off-warm0,130,1,11.1769,7.264,18.448,25.712,you,walden-and-on-the-duty-of-civil-disobedience,1,,server-1,2,0,6,6.443,23.325,5.940
combined-lc-lrt-cache-off-warm0,130,1,11.1846,1.706,29.013,30.719,money,agnes-grey,1,,server-1,2,0,4,3.818,23.325,8.817
combined-lc-lrt-cache-off-warm0,130,1,11.1923,11.642,38.411,50.053,castle,the-warden,1,,server-1,3,0,4,2.133,23.325,5.959
combined-lc-lrt-cache-off-warm0,130,1,11.2000,4.172,38.229,42.401,and,wuthering-heights,1,,server-1,4,0,4,2.133,23.325,5.959
combined-lc-lrt-cache-off-warm0,130,1,11.2077,34.729,9.359,44.088,king,poirot-investigates,1,,server-1,4,0,4,2.146,23.325,8.288
combined-lc-lrt-cache-off-warm0,130,1,11.2154,1.317,14.149,15.466,house,myths-and-legends-of-ancient-greece-and-rome,1,,server-2,4,1,4,7.360,23.325,8.288
combined-lc-lrt-cache-off-warm0,130,1,11.2231,8.196,27.423,35.619,of,frankenstein-or-the-modern-prometheus-41445,1,,server-2,4,2,4,6.002,12.014,8.288
combined-lc-lrt-cache-off-warm0,130,1,11.2308,1.380,24.931,26.312,king,the-adventures-of-sherlock-holmes,1,,server-2,3,2,4,7.930,7.274,8.288
combined-lc-lrt-cache-off-warm0,130,1,11.2385,20.923,36.381,57.304,london,anne-of-green-gables,1,,server-2,3,3,4,7.930,3.184,8.288
combined-lc-lrt-cache-off-warm0,130,1,11.2462,13.370,32.952,46.322,house,desert-gold,1,,server-2,1,4,4,9.524,3.184,15.529
combined-lc-lrt-cache-off-warm0,130,1,11.2538,1.202,16.762,17.964,house,silas-marner,1,,server-1,1,4,4,7.526,3.184,25.207
combined-lc-lrt-cache-off-warm0,130,1,11.2615,10.682,42.184,52.865,london,leaves-of-grass,1,,server-1,2,2,2,3.912,4.034,31.906
combined-lc-lrt-cache-off-warm0,130,1,11.2692,3.688,15.676,19.364,whale,persuasion,1,,server-1,3,2,0,3.912,4.034,26.901
combined-lc-lrt-cache-off-warm0,130,1,11.2769,12.563,49.016,61.579,whale,jude-the-obscure,1,,server-1,3,2,0,2.231,4.034,26.901
combined-lc-lrt-cache-off-warm0,130,1,11.2846,30.124,45.893,76.017,sea,a-princess-of-mars,1,,server-1,4,2,0,2.231,4.034,26.901
combined-lc-lrt-cache-off-warm0,130,1,11.2923,22.764,45.640,68.404,she,the-king-in-yellow,1,,server-1,4,2,0,4.338,9.695,26.901
combined-lc-lrt-cache-off-warm0,130,1,11.3000,1.150,12.607,13.757,london,the-adventures-of-tom-sawyer-complete,1,,server-2,4,1,0,4.338,10.076,26.901
combined-lc-lrt-cache-off-warm0,130,1,11.3077,6.649,29.300,35.949,heart,the-romance-of-lust-a-classic-victorian-erotic-novel,1,,server-2,4,2,0,4.338,5.225,26.901
combined-lc-lrt-cache-off-warm0,130,1,11.3154,1.322,41.607,42.928,castle,meditations,1,,server-2,3,2,0,8.032,3.347,26.901
combined-lc-lrt-cache-off-warm0,130,1,11.3231,35.990,73.133,109.123,she,the-romance-of-lust-a-classic-victorian-erotic-novel,1,,server-2,3,3,0,6.591,1.833,26.901
combined-lc-lrt-cache-off-warm0,130,1,11.3308,28.457,51.170,79.627,love,sense-and-sensibility,1,,server-2,3,4,0,6.591,1.833,26.901
combined-lc-lrt-cache-off-warm0,130,1,11.3385,21.420,75.017,96.437,king,life-on-the-mississippi,1,,server-2,3,5,0,9.944,1.833,26.901
combined-lc-lrt-cache-off-warm0,130,1,11.3462,1.698,16.876,18.574,whale,the-scarlet-letter,1,,server-3,3,5,1,9.944,5.838,26.901
combined-lc-lrt-cache-off-warm0,130,1,11.3538,10.633,19.414,30.047,was,anne-of-green-gables,1,,server-3,3,5,2,9.944,5.838,13.851
combined-lc-lrt-cache-off-warm0,130,1,11.3615,1.203,15.675,16.878,the,the-first-men-in-the-moon,1,,server-1,1,3,2,15.364,5.899,13.851
combined-lc-lrt-cache-off-warm0,130,1,11.3692,16.488,14.548,31.036,the,the-wind-in-the-willows,1,,server-3,1,3,2,7.935,5.899,6.883
combined-lc-lrt-cache-off-warm0,130,1,11.3769,2.395,11.884,14.279,you,washington-square,1,,server-1,2,3,2,7.935,5.899,6.883
combined-lc-lrt-cache-off-warm0,130,1,11.3846,6.826,13.204,20.030,night,the-war-of-the-worlds,1,,server-1,2,3,2,4.020,5.899,9.318
combined-lc-lrt-cache-off-warm0,130,1,11.3923,1.608,26.047,27.655,horse,dubliners,1,,server-1,2,3,1,2.888,5.899,5.816
combined-lc-lrt-cache-off-warm0,130,1,11.4000,6.167,34.756,40.923,king,walden-and-on-the-duty-of-civil-disobedience,1,,server-1,3,3,1,1.987,5.899,7.465
combined-lc-lrt-cache-off-warm0,130,1,11.4077,1.139,24.929,26.068,the,emma,1,,server-3,2,3,1,2.989,5.899,6.005
combined-lc-lrt-cache-off-warm0,130,1,11.4154,19.135,10.987,30.122,house,dubliners,1,,server-3,2,3,2,2.989,14.861,3.144
combined-lc-lrt-cache-off-warm0,130,1,11.4231,18.537,17.819,36.356,sea,the-return-of-sherlock-holmes,1,,server-1,2,3,2,4.625,14.861,3.144
combined-lc-lrt-cache-off-warm0,130,1,11.4308,3.935,27.618,31.553,whale,walden-and-on-the-duty-of-civil-disobedience,1,,server-3,2,3,3,4.625,14.861,3.144
combined-lc-lrt-cache-off-warm0,130,1,11.4385,8.050,35.726,43.776,love,twenty-thousand-leagues-under-the-sea,1,,server-3,2,0,3,4.625,22.972,2.724
combined-lc-lrt-cache-off-warm0,130,1,11.4462,17.421,53.595,71.015,money,the-last-of-the-mohicans-a-narrative-of-1757,1,,server-3,1,0,3,6.173,22.972,3.359
combined-lc-lrt-cache-off-warm0,130,1,11.4538,6.296,26.169,32.465,and,a-tale-of-two-cities,1,,server-1,2,0,3,6.173,22.972,3.359
combined-lc-lrt-cache-off-warm0,130,1,11.4615,19.794,56.619,76.413,horse,the-last-of-the-mohicans-a-narrative-of-1757,1,,server-1,2,0,3,4.064,22.972,7.295
combined-lc-lrt-cache-off-warm0,130,1,11.4692,16.643,52.840,69.483,sea,the-house-of-mirth,1,,server-1,3,0,2,3.382,22.972,6.176
combined-lc-lrt-cache-off-warm0,130,1,11.4769,9.276,69.132,78.408,and,the-house-of-the-seven-gables,1,,server-1,4,0,2,3.382,22.972,6.176
combined-lc-lrt-cache-off-warm0,130,1,11.4846,33.773,47.954,81.727,money,desperate-remedies,1,,server-3,4,0,2,7.281,22.972,7.598
combined-lc-lrt-cache-off-warm0,130,1,11.4923,45.499,47.279,92.778,death,anne-of-green-gables,1,,server-1,4,0,2,3.642,22.972,7.598
combined-lc-lrt-cache-off-warm0,130,1,11.5000,55.540,57.719,113.259,love,north-and-south,1,,server-1,5,0,2,3.642,22.972,7.598
combined-lc-lrt-cache-off-warm0,130,1,11.5077,47.940,28.518,76.458,king,the-adventures-of-tom-sawyer-complete,1,,server-1,6,0,2,3.642,22.972,7.598
combined-lc-lrt-cache-off-warm0,130,1,11.5154,2.823,44.770,47.593,letter,the-return-of-sherlock-holmes,1,,server-3,6,0,3,7.209,22.972,7.598
combined-lc-lrt-cache-off-warm0,130,1,11.5231,44.676,38.082,82.758,night,the-works-of-edgar-allan-poe-volume-2,1,,server-3,6,0,3,7.209,22.972,5.400
combined-lc-lrt-cache-off-warm0,130,1,11.5308,36.741,50.518,87.259,night,the-return-of-sherlock-holmes,1,,server-3,6,0,4,7.209,22.972,5.400
combined-lc-lrt-cache-off-warm0,130,1,11.5385,1.496,37.946,39.442,night,the-iliad,1,,server-2,6,1,4,17.976,22.972,5.400
combined-lc-lrt-cache-off-warm0,130,1,11.5462,32.547,19.617,52.164,he,the-works-of-edgar-allan-poe-volume-2,1,,server-2,6,2,4,20.329,11.841,5.400
combined-lc-lrt-cache-off-warm0,130,1,11.5538,16.112,62.103,78.215,london,frankenstein-or-the-modern-prometheus-41445,1,,server-3,5,2,5,20.329,11.841,5.400
combined-lc-lrt-cache-off-warm0,130,1,11.5615,6.675,49.884,56.559,was,the-mystery-of-edwin-drood,1,,server-3,3,2,6,13.318,11.841,5.400
combined-lc-lrt-cache-off-warm0,130,1,11.5692,30.428,52.827,83.255,was,mansfield-park,1,,server-3,3,2,5,13.318,11.841,4.177
combined-lc-lrt-cache-off-warm0,130,1,11.5769,25.941,71.147,97.088,king,the-house-of-mirth,1,,server-3,3,2,6,13.318,11.841,3.705
combined-lc-lrt-cache-off-warm0,130,1,11.5846,14.439,43.580,58.019,the,thus-spake-zarathustra-a-book-for-all-and-none,1,,server-2,3,2,6,16.154,10.261,3.705
combined-lc-lrt-cache-off-warm0,130,1,11.5923,6.892,44.929,51.821,the,mansfield-park,1,,server-2,1,3,6,15.821,10.261,5.938
combined-lc-lrt-cache-off-warm0,130,1,11.6000,16.193,54.667,70.860,king,dracula,1,,server-2,1,3,6,15.821,3.921,10.252
combined-lc-lrt-cache-off-warm0,130,1,11.6077,30.575,50.782,81.357,letter,the-house-of-mirth,1,,server-2,1,4,6,15.821,3.408,13.060
combined-lc-lrt-cache-off-warm0,130,1,11.6154,24.184,72.251,96.434,whale,the-romance-of-lust-a-classic-victorian-erotic-novel,1,,server-2,0,5,6,19.142,3.408,13.060
combined-lc-lrt-cache-off-warm0,130,1,11.6231,1.667,18.433,20.100,money,the-odyssey,1,,server-1,1,5,3,19.142,5.845,15.365
combined-lc-lrt-cache-off-warm0,130,1,11.6308,13.059,11.735,24.794,london,treasure-island,1,,server-1,2,5,3,9.935,5.845,15.365
combined-lc-lrt-cache-off-warm0,130,1,11.6385,5.788,20.169,25.958,house,herland,1,,server-1,3,5,3,9.935,11.186,24.281
combined-lc-lrt-cache-off-warm0,130,1,11.6462,18.165,58.181,76.346,sea,the-return-of-sherlock-holmes-108,1,,server-1,3,3,3,3.615,14.381,24.281
combined-lc-lrt-cache-off-warm0,130,1,11.6538,9.055,63.436,72.491,was,the-mysterious-island,1,,server-1,4,3,2,3.615,14.381,22.303
combined-lc-lrt-cache-off-warm0,130,1,11.6615,3.349,66.625,69.974,you,a-tale-of-two-cities,1,,server-1,4,3,2,4.602,14.381,22.303
combined-lc-lrt-cache-off-warm0,130,1,11.6692,62.613,26.313,88.925,the,persuasion,1,,server-1,4,3,2,2.694,14.381,22.303
combined-lc-lrt-cache-off-warm0,130,1,11.6769,55.221,13.753,68.974,castle,the-first-men-in-the-moon,1,,server-1,5,3,0,2.694,21.746,25.174
combined-lc-lrt-cache-off-warm0,130,1,11.6846,48.425,41.233,89.658,horse,the-scarlet-letter,1,,server-1,6,3,0,2.694,21.746,25.174
combined-lc-lrt-cache-off-warm0,130,1,11.6923,41.397,64.273,105.669,the,the-secret-adversary,1,,server-1,7,3,0,2.694,27.268,25.174
combined-lc-lrt-cache-off-warm0,130,1,11.7000,33.259,52.350,85.609,whale,the-secret-garden,1,,server-1,8,3,0,2.694,27.268,25.174
combined-lc-lrt-cache-off-warm0,130,1,11.7077,27.646,71.762,99.408,she,agnes-grey,1,,server-1,9,3,0,2.694,27.268,25.174
combined-lc-lrt-cache-off-warm0,130,1,11.7154,1.318,25.564,26.882,death,the-iliad-2199,1,,server-3,9,0,1,2.694,29.461,25.174
combined-lc-lrt-cache-off-warm0,130,1,11.7231,19.682,22.744,42.426,london,desperate-remedies,1,,server-3,9,0,2,13.687,29.461,12.998
combined-lc-lrt-cache-off-warm0,130,1,11.7308,2.186,15.514,17.700,whale,desert-gold,1,,server-2,9,1,2,29.765,29.461,12.998
combined-lc-lrt-cache-off-warm0,130,1,11.7385,10.637,23.809,34.446,castle,mansfield-park,1,,server-2,6,2,2,6.796,15.175,12.998
combined-lc-lrt-cache-off-warm0,130,1,11.7462,19.882,22.236,42.118,he,the-age-of-innocence,1,,server-3,6,2,2,8.656,15.175,8.262
combined-lc-lrt-cache-off-warm0,130,1,11.7538,19.738,33.399,53.137,night,jane-eyre-an-autobiography,1,,server-2,6,2,2,8.656,7.251,8.262
combined-lc-lrt-cache-off-warm0,130,1,11.7615,12.343,60.244,72.587,and,life-on-the-mississippi,1,,server-2,4,3,2,10.070,7.251,8.262
combined-lc-lrt-cache-off-warm0,130,1,11.7692,19.277,20.483,39.760,castle,the-jungle,1,,server-3,4,3,2,10.070,7.251,6.570
combined-lc-lrt-cache-off-warm0,130,1,11.7769,29.764,65.490,95.255,house,north-and-south,1,,server-2,4,3,2,16.204,4.202,6.570
combined-lc-lrt-cache-off-warm0,130,1,11.7846,22.223,40.595,62.819,of,kidnapped,1,,server-2,4,4,2,14.934,4.202,6.570
combined-lc-lrt-cache-off-warm0,130,1,11.7923,17.479,49.053,66.532,whale,a-tale-of-two-cities,1,,server-3,4,4,2,16.270,4.202,5.954
combined-lc-lrt-cache-off-warm0,130,1,11.8000,10.105,64.973,75.078,king,hard-times,1,,server-3,1,4,3,20.482,4.202,5.954
combined-lc-lrt-cache-off-warm0,130,1,11.8077,2.186,52.093,54.279,castle,the-moonstone,1,,server-3,0,4,4,24.501,9.064,5.954
combined-lc-lrt-cache-off-warm0,130,1,11.8154,60.155,19.268,79.423,and,northanger-abbey,1,,server-3,0,4,4,24.501,9.064,2.038
combined-lc-lrt-cache-off-warm0,130,1,11.8231,52.773,73.732,126.505,he,walden-and-on-the-duty-of-civil-disobedience,1,,server-3,0,4,5,24.501,9.064,2.038
combined-lc-lrt-cache-off-warm0,130,1,11.8308,45.437,74.276,119.713,he,the-return-of-sherlock-holmes,1,,server-3,0,4,6,24.501,9.064,2.038
combined-lc-lrt-cache-off-warm0,130,1,11.8385,39.271,94.603,133.874,death,jude-the-obscure,1,,server-3,0,2,7,24.501,18.400,2.038
combined-lc-lrt-cache-off-warm0,130,1,11.8462,31.604,63.658,95.262,was,the-war-of-the-worlds,1,,server-3,0,2,8,24.501,18.400,2.038
combined-lc-lrt-cache-off-warm0,130,1,11.8538,24.103,73.375,97.478,of,black-beauty,1,,server-3,0,2,9,24.501,14.289,2.038
combined-lc-lrt-cache-off-warm0,130,1,11.8615,1.434,16.163,17.597,the,desert-gold,1,,server-1,1,2,9,24.501,14.289,17.559
combined-lc-lrt-cache-off-warm0,130,1,11.8692,10.534,23.770,34.304,money,far-from-the-madding-crowd,1,,server-1,2,1,9,12.618,14.289,24.368
combined-lc-lrt-cache-off-warm0,130,1,11.8769,1.503,28.159,29.662,night,little-women,1,,server-2,2,1,6,12.618,19.594,15.970
combined-lc-lrt-cache-off-warm0,130,1,11.8846,19.580,17.844,37.424,and,the-kama-sutra-of-vatsyayana,1,,server-1,2,1,6,6.677,10.092,4.655
combined-lc-lrt-cache-off-warm0,130,1,11.8923,12.286,19.292,31.578,love,his-last-bow,1,,server-1,3,1,6,6.677,10.092,4.655
combined-lc-lrt-cache-off-warm0,130,1,11.9000,7.012,25.533,32.545,horse,the-adventures-of-ferdinand-count-fathom-complete,1,,server-2,3,2,6,6.677,10.092,7.414
combined-lc-lrt-cache-off-warm0,130,1,11.9077,16.311,22.497,38.808,she,the-portrait-of-a-lady-volume-1,1,,server-1,3,1,6,4.066,6.698,7.414
combined-lc-lrt-cache-off-warm0,130,1,11.9154,17.857,33.820,51.677,death,the-works-of-edgar-allan-poe-volume-2,1,,server-2,3,2,6,4.066,6.698,7.414
combined-lc-lrt-cache-off-warm0,130,1,11.9231,10.357,32.245,42.602,sea,meditations,1,,server-2,3,3,6,8.147,6.698,7.414
combined-lc-lrt-cache-off-warm0,130,1,11.9308,15.540,9.097,24.637,he,the-great-gatsby,1,,server-1,2,3,6,4.626,6.698,7.414
combined-lc-lrt-cache-off-warm0,130,1,11.9385,28.779,19.527,48.306,and,around-the-world-in-eighty-days,1,,server-2,2,3,6,4.626,3.911,7.414
combined-lc-lrt-cache-off-warm0,130,1,11.9462,21.981,20.360,42.340,love,the-prince,1,,server-2,2,4,4,6.002,3.911,19.368
combined-lc-lrt-cache-off-warm0,130,1,11.9538,2.355,24.929,27.283,love,the-iliad-2199,1,,server-1,2,4,1,4.814,5.088,27.704
combined-lc-lrt-cache-off-warm0,130,1,11.9615,20.171,14.979,35.150,love,the-scarlet-letter,1,,server-1,2,4,1,2.468,5.088,27.704
combined-lc-lrt-cache-off-warm0,130,1,11.9692,12.645,64.024,76.669,castle,the-tenant-of-wildfell-hall,1,,server-1,3,2,1,2.468,7.311,27.704
combined-lc-lrt-cache-off-warm0,130,1,11.9769,6.846,59.717,66.563,night,jane-eyre-an-autobiography,1,,server-1,4,2,0,2.468,7.311,32.795
combined-lc-lrt-cache-off-warm0,130,1,11.9846,13.636,65.652,79.288,night,the-picture-of-dorian-gray,1,,server-1,4,2,0,2.573,7.311,32.795
combined-lc-lrt-cache-off-warm0,130,1,11.9923,1.292,23.546,24.838,castle,the-odyssey,1,,server-2,4,1,0,2.573,8.204,32.795
combined-lc-lrt-cache-off-warm0,130,1,12.0000,18.638,39.872,58.511,london,a-tale-of-two-cities,1,,server-2,3,2,0,4.630,4.273,32.795
combined-lc-lrt-cache-off-warm0,130,1,12.0077,10.750,43.634,54.384,of,the-iliad-2199,1,,server-2,3,3,0,4.630,4.273,32.795
combined-lc-lrt-cache-off-warm0,130,1,12.0154,3.543,71.860,75.403,was,far-from-the-madding-crowd,1,,server-2,3,4,0,4.630,4.273,32.795
combined-lc-lrt-cache-off-warm0,130,1,12.0231,63.157,19.640,82.797,night,the-picture-of-dorian-gray,1,,server-2,3,4,0,4.630,1.975,32.795
combined-lc-lrt-cache-off-warm0,130,1,12.0308,55.848,49.439,105.287,of,the-last-of-the-mohicans-a-narrative-of-1757,1,,server-2,3,5,0,4.630,1.975,32.795
combined-lc-lrt-cache-off-warm0,130,1,12.0385,52.953,40.078,93.031,heart,poirot-investigates,1,,server-2,3,6,0,4.630,1.975,32.795
combined-lc-lrt-cache-off-warm0,130,1,12.0462,46.976,62.944,109.920,letter,agnes-grey,1,,server-2,3,7,0,30.291,1.975,32.795
combined-lc-lrt-cache-off-warm0,130,1,12.0538,40.411,49.867,90.277,house,the-kama-sutra-of-vatsyayana,1,,server-2,1,8,0,20.234,1.975,32.795
combined-lc-lrt-cache-off-warm0,130,1,12.0615,1.389,16.078,17.467,and,autobiography-of-benjamin-franklin,1,,server-3,1,7,1,20.234,13.274,32.795
combined-lc-lrt-cache-off-warm0,130,1,12.0692,1.113,18.315,19.427,whale,twenty-thousand-leagues-under-the-sea,1,,server-1,1,7,1,16.217,19.243,16.858
combined-lc-lrt-cache-off-warm0,130,1,12.0769,12.246,12.478,24.724,whale,the-jungle-book,1,,server-1,2,7,1,8.361,19.243,16.858
combined-lc-lrt-cache-off-warm0,130,1,12.0846,1.106,32.148,33.254,death,the-mysterious-island,1,,server-3,2,7,1,8.361,19.243,13.321
combined-lc-lrt-cache-off-warm0,130,1,12.0923,9.751,12.816,22.567,was,the-picture-of-dorian-gray,1,,server-1,2,6,1,5.410,18.869,6.875
combined-lc-lrt-cache-off-warm0,130,1,12.1000,18.219,15.881,34.100,love,the-house-of-the-seven-gables,1,,server-3,2,6,2,5.410,12.941,6.875
combined-lc-lrt-cache-off-warm0,130,1,12.1077,7.667,23.216,30.884,london,the-portrait-of-a-lady-volume-1,1,,server-1,2,5,2,3.656,10.963,6.875
combined-lc-lrt-cache-off-warm0,130,1,12.1154,1.868,32.024,33.892,heart,a-journey-to-the-centre-of-the-earth,1,,server-1,2,5,2,2.923,10.963,6.875
combined-lc-lrt-cache-off-warm0,130,1,12.1231,26.620,55.678,82.298,whale,north-and-south,1,,server-1,3,5,1,1.629,10.963,6.659
combined-lc-lrt-cache-off-warm0,130,1,12.1308,19.527,51.460,70.987,night,villette,1,,server-1,4,5,1,1.629,10.963,6.659
combined-lc-lrt-cache-off-warm0,130,1,12.1385,1.776,12.918,14.694,king,kidnapped,1,,server-3,4,2,1,7.549,15.888,6.759
combined-lc-lrt-cache-off-warm0,130,1,12.1462,7.433,17.083,24.517,whale,the-adventures-of-sherlock-holmes,1,,server-3,4,2,2,7.549,20.316,3.570
combined-lc-lrt-cache-off-warm0,130,1,12.1538,1.908,27.277,29.185,london,the-secret-adversary,1,,server-3,2,2,2,6.022,20.316,2.885
combined-lc-lrt-cache-off-warm0,130,1,12.1615,10.391,40.485,50.876,london,myths-and-legends-of-ancient-greece-and-rome,1,,server-3,2,0,3,6.022,21.717,1.652
combined-lc-lrt-cache-off-warm0,130,1,12.1692,2.703,42.197,44.900,horse,the-return-of-sherlock-holmes-108,1,,server-3,2,0,4,6.022,21.717,1.652
combined-lc-lrt-cache-off-warm0,130,1,12.1769,37.901,43.667,81.569,sea,jude-the-obscure,1,,server-3,2,0,4,6.022,21.717,1.836
combined-lc-lrt-cache-off-warm0,130,1,12.1846,17.811,26.226,44.037,heart,desperate-remedies,1,,server-1,3,0,3,6.022,21.717,5.552
combined-lc-lrt-cache-off-warm0,130,1,12.1923,1.407,24.553,25.960,was,mansfield-park,1,,server-2,3,1,3,6.022,21.717,6.085
combined-lc-lrt-cache-off-warm0,130,1,12.2000,18.733,25.439,44.173,love,dracula,1,,server-2,3,2,3,6.022,11.187,6.085
combined-lc-lrt-cache-off-warm0,130,1,12.2077,7.422,21.277,28.699,king,far-from-the-madding-crowd,1,,server-3,1,2,4,12.519,11.187,6.085
combined-lc-lrt-cache-off-warm0,130,1,12.2154,2.038,61.791,63.829,of,the-jungle,1,,server-3,1,2,3,12.519,11.187,7.405
combined-lc-lrt-cache-off-warm0,130,1,12.2231,21.871,32.093,53.964,horse,the-adventures-of-ferdinand-count-fathom-complete,1,,server-2,1,2,3,12.519,7.506,3.974
combined-lc-lrt-cache-off-warm0,130,1,12.2308,1.396,11.630,13.027,house,frankenstein-or-the-modern-prometheus,1,,server-1,1,2,3,11.715,7.506,3.974
combined-lc-lrt-cache-off-warm0,130,1,12.2385,8.721,18.054,26.775,of,white-fang,1,,server-1,2,2,3,6.059,7.506,6.005
combined-lc-lrt-cache-off-warm0,130,1,12.2462,2.185,35.094,37.279,the,the-adventures-of-sherlock-holmes,1,,server-1,2,1,3,3.476,6.674,6.005
combined-lc-lrt-cache-off-warm0,130,1,12.2538,13.257,47.098,60.355,she,dracula,1,,server-1,3,1,3,2.034,6.674,6.005
combined-lc-lrt-cache-off-warm0,130,1,12.2615,5.702,26.467,32.168,money,silas-marner,1,,server-1,4,1,1,2.034,6.674,10.789
combined-lc-lrt-cache-off-warm0,130,1,12.2692,15.542,47.039,62.582,was,the-secret-garden,1,,server-1,4,1,1,2.440,6.674,10.789
combined-lc-lrt-cache-off-warm0,130,1,12.2769,38.976,25.244,64.220,was,beyond-good-and-evil,1,,server-1,5,1,1,2.440,8.954,10.789
combined-lc-lrt-cache-off-warm0,130,1,12.2846,1.199,15.681,16.880,sea,anne-of-green-gables,1,,server-2,5,1,0,8.732,8.954,16.687
combined-lc-lrt-cache-off-warm0,130,1,12.2923,9.538,12.064,21.602,night,silas-marner,1,,server-2,5,2,0,8.497,4.653,16.687
combined-lc-lrt-cache-off-warm0,130,1,12.3000,2.152,34.910,37.062,death,the-last-of-the-mohicans-a-narrative-of-1757-27681,1,,server-2,5,3,0,11.919,5.029,16.687
combined-lc-lrt-cache-off-warm0,130,1,12.3077,30.078,27.047,57.125,king,the-wind-in-the-willows,1,,server-2,5,3,0,11.919,2.271,16.687
combined-lc-lrt-cache-off-warm0,130,1,12.3154,22.567,16.336,38.903,she,desert-gold,1,,server-2,3,4,0,20.377,3.429,16.687
combined-lc-lrt-cache-off-warm0,130,1,12.3231,1.264,11.600,12.864,heart,agnes-grey,1,,server-3,2,4,1,13.339,3.429,16.687
combined-lc-lrt-cache-off-warm0,130,1,12.3308,7.822,35.362,43.184,heart,the-jungle-book,1,,server-2,2,5,1,13.339,3.429,8.626
combined-lc-lrt-cache-off-warm0,130,1,12.3385,1.137,20.938,22.075,heart,the-divine-comedy,1,,server-3,1,4,1,14.826,4.323,7.334
combined-lc-lrt-cache-off-warm0,130,1,12.3462,15.167,59.200,74.367,was,the-song-of-the-lark,1,,server-3,0,3,2,13.412,3.501,3.813
combined-lc-lrt-cache-off-warm0,130,1,12.3538,7.368,22.529,29.896,night,the-last-of-the-mohicans-a-narrative-of-1757-27681,1,,server-3,0,3,3,13.412,3.501,3.813
combined-lc-lrt-cache-off-warm0,130,1,12.3615,1.758,69.876,71.634,night,the-works-of-edgar-allan-poe-volume-2,1,,server-3,0,3,3,13.412,5.984,3.053
combined-lc-lrt-cache-off-warm0,130,1,12.3692,64.604,59.845,124.449,she,the-divine-comedy,1,,server-3,0,2,4,13.412,10.503,1.722
combined-lc-lrt-cache-off-warm0,130,1,12.3769,40.533,76.016,116.549,letter,the-tenant-of-wildfell-hall,1,,server-3,0,0,5,13.412,11.291,1.722
combined-lc-lrt-cache-off-warm0,130,1,12.3846,1.679,27.861,29.540,he,the-age-of-innocence,1,,server-2,0,1,5,13.412,11.291,4.661
combined-lc-lrt-cache-off-warm0,130,1,12.3923,22.343,9.588,31.932,house,herland,1,,server-2,0,2,4,13.412,5.869,4.661
combined-lc-lrt-cache-off-warm0,130,1,12.4000,2.985,29.284,32.268,letter,north-and-south,1,,server-1,1,2,4,13.412,5.869,4.661
combined-lc-lrt-cache-off-warm0,130,1,12.4077,25.281,42.077,67.358,king,villette,1,,server-1,2,2,4,6.996,5.869,4.661
combined-lc-lrt-cache-off-warm0,130,1,12.4154,1.205,31.059,32.264,whale,the-american,1,,server-2,2,2,4,6.996,6.310,4.661
combined-lc-lrt-cache-off-warm0,130,1,12.4231,2.730,36.097,38.827,the,the-king-in-yellow,1,,server-2,2,3,4,6.996,3.343,23.758
combined-lc-lrt-cache-off-warm0,130,1,12.4308,18.348,56.358,74.706,london,the-scarlet-letter-33,1,,server-2,2,3,4,6.996,2.223,23.758
combined-lc-lrt-cache-off-warm0,130,1,12.4385,10.906,54.562,65.468,night,autobiography-of-benjamin-franklin,1,,server-2,1,4,2,7.197,2.223,16.191
combined-lc-lrt-cache-off-warm0,130,1,12.4462,3.985,53.522,57.508,king,the-mystery-of-edwin-drood,1,,server-2,1,5,2,7.197,2.223,16.191
combined-lc-lrt-cache-off-warm0,130,1,12.4538,10.445,55.716,66.160,horse,cranford,1,,server-2,1,5,2,7.197,2.494,16.191
combined-lc-lrt-cache-off-warm0,130,1,12.4615,14.275,18.555,32.830,the,the-house-of-the-seven-gables,1,,server-1,2,5,2,7.197,9.028,16.191
combined-lc-lrt-cache-off-warm0,130,1,12.4692,6.882,35.615,42.497,night,the-odyssey,1,,server-1,3,4,2,7.197,6.215,16.191
combined-lc-lrt-cache-off-warm0,130,1,12.4769,18.702,32.067,50.769,you,frankenstein-or-the-modern-prometheus-41445,1,,server-1,3,4,2,6.780,6.215,16.778
combined-lc-lrt-cache-off-warm0,130,1,12.4846,2.828,37.731,40.558,whale,around-the-world-in-eighty-days,1,,server-1,4,4,2,6.780,6.215,16.778
combined-lc-lrt-cache-off-warm0,130,1,12.4923,13.418,43.012,56.429,horse,great-expectations,1,,server-2,4,5,2,6.780,6.215,16.778
combined-lc-lrt-cache-off-warm0,130,1,12.5000,12.834,73.202,86.037,the,the-age-of-innocence,1,,server-1,4,5,0,2.902,6.215,16.778
combined-lc-lrt-cache-off-warm0,130,1,12.5077,4.895,47.031,51.926,whale,thus-spake-zarathustra-a-book-for-all-and-none,1,,server-1,5,2,0,2.902,10.390,16.778
combined-lc-lrt-cache-off-warm0,130,1,12.5154,10.014,57.766,67.780,castle,the-kama-sutra-of-vatsyayana,1,,server-1,5,2,0,3.282,10.390,16.778
combined-lc-lrt-cache-off-warm0,130,1,12.5231,1.394,21.998,23.392,death,grimms-fairy-tales,1,,server-3,5,1,1,2.922,9.286,16.778
combined-lc-lrt-cache-off-warm0,130,1,12.5308,16.231,17.051,33.282,heart,the-return-of-sherlock-holmes,1,,server-3,5,1,2,3.857,9.286,8.668
combined-lc-lrt-cache-off-warm0,130,1,12.5385,12.150,40.835,52.985,death,the-last-of-the-mohicans-a-narrative-of-1757,1,,server-2,5,2,2,7.304,9.286,8.668
combined-lc-lrt-cache-off-warm0,130,1,12.5462,4.642,17.531,22.173,she,memoirs-of-fanny-hill,1,,server-2,4,3,2,13.236,9.286,11.257
combined-lc-lrt-cache-off-warm0,130,1,12.5538,11.161,12.609,23.770,money,agnes-grey,1,,server-3,4,2,2,13.236,4.221,5.948
combined-lc-lrt-cache-off-warm0,130,1,12.5615,27.135,14.242,41.377,she,the-hound-of-the-baskervilles,1,,server-2,3,3,2,19.577,4.221,5.948
combined-lc-lrt-cache-off-warm0,130,1,12.5692,9.148,26.910,36.058,she,anne-of-green-gables,1,,server-3,3,3,2,19.577,6.670,4.370
combined-lc-lrt-cache-off-warm0,130,1,12.5769,1.641,24.726,26.366,heart,the-hound-of-the-baskervilles-3070,1,,server-3,3,3,3,19.577,6.670,4.370
combined-lc-lrt-cache-off-warm0,130,1,12.5846,21.370,101.867,123.236,money,the-iliad,1,,server-3,3,3,3,24.522,6.670,1.779
combined-lc-lrt-cache-off-warm0,130,1,12.5923,14.041,86.606,100.647,heart,memoirs-of-fanny-hill,1,,server-3,0,2,4,24.431,14.947,1.779
combined-lc-lrt-cache-off-warm0,130,1,12.6000,6.119,41.064,47.183,house,the-adventures-of-sherlock-holmes,1,,server-3,0,1,5,24.431,12.232,1.779
combined-lc-lrt-cache-off-warm0,130,1,12.6077,2.649,106.129,108.778,love,the-memoirs-of-sherlock-holmes,1,,server-3,0,0,4,24.431,9.609,2.308
combined-lc-lrt-cache-off-warm0,130,1,12.6154,77.419,24.639,102.058,horse,meditations,1,,server-3,0,0,5,24.431,9.609,1.815
combined-lc-lrt-cache-off-warm0,130,1,12.6231,1.482,26.873,28.355,king,the-lost-world,1,,server-2,0,1,5,24.431,9.609,1.815
combined-lc-lrt-cache-off-warm0,130,1,12.6308,22.329,28.466,50.795,heart,tess-of-the-d-urbervilles-a-pure-woman,1,,server-2,0,2,5,24.431,5.020,1.815
combined-lc-lrt-cache-off-warm0,130,1,12.6385,55.754,50.887,106.641,castle,the-iliad,1,,server-3,0,2,6,24.431,5.020,1.815
combined-lc-lrt-cache-off-warm0,130,1,12.6462,8.975,54.229,63.204,sea,the-iliad,1,,server-2,0,3,6,24.431,5.020,9.522
combined-lc-lrt-cache-off-warm0,130,1,12.6538,7.220,89.416,96.635,she,adventures-of-huckleberry-finn,1,,server-2,0,3,6,24.431,4.612,9.522
combined-lc-lrt-cache-off-warm0,130,1,12.6615,20.488,109.744,130.232,death,northanger-abbey,1,,server-2,0,4,6,24.431,3.193,9.522
combined-lc-lrt-cache-off-warm0,130,1,12.6692,12.730,44.260,56.990,horse,memoirs-of-fanny-hill,1,,server-2,0,5,6,24.431,3.193,9.522
combined-lc-lrt-cache-off-warm0,130,1,12.6769,26.908,78.198,105.106,love,villette,1,,server-2,0,6,6,24.431,3.193,20.588
combined-lc-lrt-cache-off-warm0,130,1,12.6846,1.839,21.838,23.677,was,jude-the-obscure,1,,server-1,1,6,6,24.431,6.183,20.588
combined-lc-lrt-cache-off-warm0,130,1,12.6923,16.995,47.671,64.666,heart,sense-and-sensibility,1,,server-1,2,6,6,12.581,6.183,40.774
combined-lc-lrt-cache-off-warm0,130,1,12.7000,9.505,11.218,20.723,she,the-wind-in-the-willows,1,,server-1,3,6,4,12.581,6.183,24.414
combined-lc-lrt-cache-off-warm0,130,1,12.7077,2.647,43.749,46.397,whale,the-american,1,,server-1,4,6,4,14.463,11.816,30.459
combined-lc-lrt-cache-off-warm0,130,1,12.7154,39.098,26.636,65.734,whale,emma,1,,server-1,4,4,4,2.549,15.288,30.459
combined-lc-lrt-cache-off-warm0,130,1,12.7231,34.832,46.992,81.825,letter,tess-of-the-d-urbervilles-a-pure-woman,1,,server-1,4,4,1,3.767,15.288,20.176
combined-lc-lrt-cache-off-warm0,130,1,12.7308,28.144,58.944,87.087,house,persuasion,1,,server-1,5,4,1,3.767,16.573,20.176
combined-lc-lrt-cache-off-warm0,130,1,12.7385,21.085,79.334,100.419,night,the-iliad-2199,1,,server-1,6,4,1,3.767,16.573,20.176
combined-lc-lrt-cache-off-warm0,130,1,12.7462,1.298,11.645,12.943,of,his-last-bow,1,,server-3,6,4,1,3.767,16.573,18.933
combined-lc-lrt-cache-off-warm0,130,1,12.7538,5.578,16.828,22.405,love,memoirs-of-fanny-hill,1,,server-3,6,3,2,11.509,28.390,9.763
combined-lc-lrt-cache-off-warm0,130,1,12.7615,15.141,16.099,31.240,money,a-journey-to-the-centre-of-the-earth,1,,server-3,4,3,2,8.042,28.390,4.633
combined-lc-lrt-cache-off-warm0,130,1,12.7692,7.629,32.062,39.691,castle,northanger-abbey,1,,server-3,4,3,3,8.042,28.390,4.633
combined-lc-lrt-cache-off-warm0,130,1,12.7769,2.622,51.699,54.320,she,a-tale-of-two-cities,1,,server-3,4,3,3,8.042,28.390,2.791
combined-lc-lrt-cache-off-warm0,130,1,12.7846,47.903,71.994,119.897,letter,life-on-the-mississippi,1,,server-3,4,3,4,10.703,37.189,1.717
combined-lc-lrt-cache-off-warm0,130,1,12.7923,16.120,52.515,68.635,whale,the-tenant-of-wildfell-hall,1,,server-3,4,0,5,10.703,31.404,4.468
combined-lc-lrt-cache-off-warm0,130,1,12.8000,8.640,100.301,108.942,sea,north-and-south,1,,server-3,4,0,6,10.703,31.404,3.768
combined-lc-lrt-cache-off-warm0,130,1,12.8077,1.475,22.316,23.791,sea,the-divine-comedy,1,,server-2,2,1,5,14.329,31.404,5.505
combined-lc-lrt-cache-off-warm0,130,1,12.8154,16.553,10.495,27.048,whale,the-kama-sutra-of-vatsyayana,1,,server-2,2,2,5,14.329,16.155,8.114
combined-lc-lrt-cache-off-warm0,130,1,12.8231,8.307,49.199,57.506,house,thus-spake-zarathustra-a-book-for-all-and-none,1,,server-2,2,3,5,22.991,16.155,8.114
combined-lc-lrt-cache-off-warm0,130,1,12.8308,1.503,48.427,49.930,of,oliver-twist,1,,server-2,2,4,5,22.991,11.800,16.675
combined-lc-lrt-cache-off-warm0,130,1,12.8385,36.423,29.821,66.244,night,the-tenant-of-wildfell-hall,1,,server-2,2,4,3,30.002,2.721,13.191
combined-lc-lrt-cache-off-warm0,130,1,12.8462,35.470,31.837,67.307,king,his-last-bow,1,,server-2,0,5,3,24.034,4.198,13.191
combined-lc-lrt-cache-off-warm0,130,1,12.8538,1.209,21.858,23.067,heart,tess-of-the-d-urbervilles-a-pure-woman,1,,server-1,1,5,3,24.034,4.198,13.191
combined-lc-lrt-cache-off-warm0,130,1,12.8615,15.942,29.102,45.044,king,the-return-of-sherlock-holmes-108,1,,server-1,2,4,3,12.403,8.462,20.914
combined-lc-lrt-cache-off-warm0,130,1,12.8692,8.634,26.462,35.096,love,the-lost-world,1,,server-1,3,4,2,12.403,8.462,16.983
combined-lc-lrt-cache-off-warm0,130,1,12.8769,27.613,21.019,48.632,heart,madame-bovary,1,,server-3,3,4,3,12.869,10.264,16.983
combined-lc-lrt-cache-off-warm0,130,1,12.8846,22.578,17.235,39.813,and,the-secret-garden-17396,1,,server-1,3,2,3,4.407,10.344,16.983
combined-lc-lrt-cache-off-warm0,130,1,12.8923,15.287,60.420,75.707,whale,the-mystery-of-edwin-drood,1,,server-1,4,2,3,4.407,10.344,16.983
combined-lc-lrt-cache-off-warm0,130,1,12.9000,7.400,29.842,37.243,letter,frankenstein-or-the-modern-prometheus-41445,1,,server-1,5,2,3,4.407,10.344,16.983
combined-lc-lrt-cache-off-warm0,130,1,12.9077,3.087,37.422,40.509,whale,the-scarlet-letter-33,1,,server-1,4,2,3,2.855,12.943,23.552
combined-lc-lrt-cache-off-warm0,130,1,12.9154,31.894,34.163,66.057,horse,anne-of-green-gables,1,,server-1,5,0,1,1.817,12.708,26.663
combined-lc-lrt-cache-off-warm0,130,1,12.9231,25.612,51.216,76.829,house,wuthering-heights,1,,server-1,6,0,1,1.817,12.708,26.663
combined-lc-lrt-cache-off-warm0,130,1,12.9308,1.303,23.873,25.177,heart,jude-the-obscure,1,,server-2,6,1,0,4.746,12.708,19.729
combined-lc-lrt-cache-off-warm0,130,1,12.9385,17.739,9.686,27.425,king,the-jungle-book,1,,server-2,6,2,0,12.662,6.577,19.729
combined-lc-lrt-cache-off-warm0,130,1,12.9462,1.272,20.087,21.360,whale,leaves-of-grass,1,,server-3,6,2,1,12.662,6.577,19.729
combined-lc-lrt-cache-off-warm0,130,1,12.9538,2.569,23.630,26.199,letter,the-memoirs-of-sherlock-holmes,1,,server-2,3,3,1,8.489,6.577,10.175
combined-lc-lrt-cache-off-warm0,130,1,12.9615,18.423,22.945,41.369,money,the-house-of-mirth,1,,server-2,3,3,1,8.489,3.231,10.175
combined-lc-lrt-cache-off-warm0,130,1,12.9692,1.461,32.717,34.178,money,jane-eyre-an-autobiography,1,,server-3,3,3,1,18.768,3.544,9.681
combined-lc-lrt-cache-off-warm0,130,1,12.9769,26.764,26.690,53.453,letter,desperate-remedies,1,,server-3,3,3,2,18.768,3.544,5.022
combined-lc-lrt-cache-off-warm0,130,1,12.9846,19.941,20.336,40.277,house,pride-and-prejudice,1,,server-2,1,2,2,16.383,5.010,5.022
combined-lc-lrt-cache-off-warm0,130,1,12.9923,12.146,34.537,46.682,castle,the-mysterious-affair-at-styles,1,,server-2,1,3,2,16.383,5.010,5.022
combined-lc-lrt-cache-off-warm0,130,1,13.0000,1.276,17.351,18.628,london,meditations,1,,server-1,1,3,2,18.535,5.010,8.396
combined-lc-lrt-cache-off-warm0,130,1,13.0077,32.106,17.001,49.106,death,persuasion,1,,server-2,1,3,1,9.543,3.695,7.269
combined-lc-lrt-cache-off-warm0,130,1,13.0154,15.732,29.948,45.679,house,dracula,1,,server-3,1,3,2,9.543,3.695,7.269
combined-lc-lrt-cache-off-warm0,130,1,13.0231,1.384,27.265,28.650,was,oliver-twist,1,,server-1,1,3,2,8.866,3.695,7.269
combined-lc-lrt-cache-off-warm0,130,1,13.0308,20.443,37.192,57.635,was,a-connecticut-yankee-in-king-arthur-s-court,1,,server-1,2,3,1,4.616,6.937,7.544
combined-lc-lrt-cache-off-warm0,130,1,13.0385,23.474,18.209,41.683,he,the-return-of-sherlock-holmes-108,1,,server-3,2,3,2,4.616,13.164,6.069
combined-lc-lrt-cache-off-warm0,130,1,13.0462,5.328,21.171,26.499,sea,the-jungle,1,,server-1,3,1,2,4.616,8.607,6.069
combined-lc-lrt-cache-off-warm0,130,1,13.0538,19.866,27.587,47.453,castle,memoirs-of-fanny-hill,1,,server-1,3,1,2,5.610,8.607,6.069
combined-lc-lrt-cache-off-warm0,130,1,13.0615,1.385,27.612,28.997,sea,life-on-the-mississippi,1,,server-2,3,1,2,5.610,8.160,6.950
combined-lc-lrt-cache-off-warm0,130,1,13.0692,18.851,35.651,54.502,was,the-house-of-mirth,1,,server-2,3,2,1,5.610,4.246,6.950
combined-lc-lrt-cache-off-warm0,130,1,13.0769,14.606,29.429,44.035,night,myths-and-legends-of-ancient-greece-and-rome,1,,server-2,3,3,1,6.931,4.246,6.950
combined-lc-lrt-cache-off-warm0,130,1,13.0846,1.345,10.165,11.510,heart,herland,1,,server-3,3,3,1,6.931,4.246,7.316
combined-lc-lrt-cache-off-warm0,130,1,13.0923,4.340,16.472,20.812,love,grimms-fairy-tales,1,,server-3,1,2,2,11.206,5.143,3.836
combined-lc-lrt-cache-off-warm0,130,1,13.1000,13.941,21.879,35.820,money,the-american,1,,server-3,1,2,2,11.206,5.143,2.421
combined-lc-lrt-cache-off-warm0,130,1,13.1077,6.314,39.246,45.560,money,the-return-of-sherlock-holmes-108,1,,server-3,0,2,3,9.585,5.143,2.421
combined-lc-lrt-cache-off-warm0,130,1,13.1154,1.933,45.198,47.131,london,the-hound-of-the-baskervilles,1,,server-3,0,2,3,9.585,5.143,2.236
combined-lc-lrt-cache-off-warm0,130,1,13.1231,30.813,20.401,51.214,was,the-great-gatsby,1,,server-3,0,2,4,9.585,11.816,1.567
combined-lc-lrt-cache-off-warm0,130,1,13.1308,31.857,33.952,65.809,night,mary-barton,1,,server-3,0,0,5,9.585,9.508,1.567
combined-lc-lrt-cache-off-warm0,130,1,13.1385,2.163,14.329,16.492,she,persuasion,1,,server-2,0,1,5,9.585,9.508,7.592
combined-lc-lrt-cache-off-warm0,130,1,13.1462,1.570,14.509,16.080,castle,the-lost-world,1,,server-1,1,1,5,9.585,4.965,7.592
combined-lc-lrt-cache-off-warm0,130,1,13.1538,1.635,15.854,17.488,you,persuasion,1,,server-2,1,2,4,5.006,4.965,13.902
combined-lc-lrt-cache-off-warm0,130,1,13.1615,10.707,15.711,26.418,death,the-memoirs-of-sherlock-holmes,1,,server-2,1,2,4,5.006,2.821,13.902
combined-lc-lrt-cache-off-warm0,130,1,13.1692,1.821,9.821,11.643,castle,the-prince,1,,server-1,1,2,2,5.489,2.821,9.043
combined-lc-lrt-cache-off-warm0,130,1,13.1769,4.581,24.487,29.068,night,life-on-the-mississippi,1,,server-1,2,1,2,2.892,3.397,7.618
combined-lc-lrt-cache-off-warm0,130,1,13.1846,21.981,13.787,35.768,you,desert-gold,1,,server-1,2,1,2,2.126,3.397,7.618
combined-lc-lrt-cache-off-warm0,130,1,13.1923,1.491,11.532,13.023,sea,his-last-bow,1,,server-2,2,1,2,2.126,4.646,7.618
combined-lc-lrt-cache-off-warm0,130,1,13.2000,6.142,10.213,16.355,money,the-kama-sutra-of-vatsyayana,1,,server-2,2,2,0,2.126,2.447,10.222
combined-lc-lrt-cache-off-warm0,130,1,13.2077,7.844,19.422,27.266,london,adventures-of-huckleberry-finn,1,,server-2,1,2,0,4.851,2.376,10.222
combined-lc-lrt-cache-off-warm0,130,1,13.2154,2.567,44.021,46.587,whale,the-song-of-the-lark,1,,server-2,1,3,0,4.851,2.860,10.222
combined-lc-lrt-cache-off-warm0,130,1,13.2231,12.969,39.192,52.161,castle,memoirs-of-fanny-hill,1,,server-2,0,3,0,5.271,1.694,10.222
combined-lc-lrt-cache-off-warm0,130,1,13.2308,1.475,16.519,17.994,she,poirot-investigates,1,,server-1,1,3,0,5.271,1.694,10.222
combined-lc-lrt-cache-off-warm0,130,1,13.2385,10.856,15.982,26.838,sea,the-mystery-of-edwin-drood,1,,server-1,2,2,0,2.789,4.246,10.222
combined-lc-lrt-cache-off-warm0,130,1,13.2462,3.561,34.323,37.884,you,pride-and-prejudice,1,,server-1,3,2,0,2.789,4.246,10.222
combined-lc-lrt-cache-off-warm0,130,1,13.2538,12.618,50.010,62.628,sea,the-last-of-the-mohicans-a-narrative-of-1757-27681,1,,server-1,3,2,0,1.901,4.246,10.222
combined-lc-lrt-cache-off-warm0,130,1,13.2615,5.099,30.059,35.158,the,herland,1,,server-1,4,2,0,1.901,15.172,10.222
combined-lc-lrt-cache-off-warm0,130,1,13.2692,1.275,31.398,32.674,night,great-expectations,1,,server-3,4,1,1,3.626,12.358,10.222
combined-lc-lrt-cache-off-warm0,130,1,13.2769,1.102,26.501,27.603,king,desperate-remedies,1,,server-2,4,1,1,3.626,10.380,5.312
combined-lc-lrt-cache-off-warm0,130,1,13.2846,17.605,17.473,35.078,the,the-secret-adversary,1,,server-3,3,1,2,13.202,5.379,5.312
combined-lc-lrt-cache-off-warm0,130,1,13.2923,12.873,21.872,34.745,he,hard-times,1,,server-2,2,2,2,11.729,5.379,5.312
combined-lc-lrt-cache-off-warm0,130,1,13.3000,3.146,40.750,43.896,heart,madame-bovary,1,,server-3,1,2,3,9.822,5.379,5.312
combined-lc-lrt-cache-off-warm0,130,1,13.3077,13.516,35.461,48.977,of,around-the-world-in-eighty-days,1,,server-3,1,1,3,9.822,5.473,3.473
combined-lc-lrt-cache-off-warm0,130,1,13.3154,12.515,15.811,28.325,of,meditations,1,,server-2,1,2,3,9.822,5.473,3.473
combined-lc-lrt-cache-off-warm0,130,1,13.3231,1.661,18.722,20.384,the,grimms-fairy-tales,1,,server-1,1,2,2,11.239,5.473,5.194
combined-lc-lrt-cache-off-warm0,130,1,13.3308,13.468,23.973,37.442,whale,life-on-the-mississippi,1,,server-2,1,2,2,5.830,4.774,5.194
combined-lc-lrt-cache-off-warm0,130,1,13.3385,5.884,27.435,33.319,horse,dracula,1,,server-1,2,2,2,5.830,4.774,5.194
combined-lc-lrt-cache-off-warm0,130,1,13.3462,1.598,47.259,48.857,house,pride-and-prejudice,1,,server-1,2,1,1,3.942,4.206,11.465
combined-lc-lrt-cache-off-warm0,130,1,13.3538,18.503,53.021,71.524,you,the-innocents-abroad,1,,server-1,3,1,1,2.615,4.206,11.465
combined-lc-lrt-cache-off-warm0,130,1,13.3615,7.146,25.992,33.138,king,oliver-twist,1,,server-2,3,2,0,2.615,4.206,9.859
combined-lc-lrt-cache-off-warm0,130,1,13.3692,1.246,35.798,37.044,you,the-adventures-of-tom-sawyer-complete,1,,server-2,3,2,0,5.995,3.944,9.859
combined-lc-lrt-cache-off-warm0,130,1,13.3769,29.671,15.699,45.370,letter,a-journey-to-the-centre-of-the-earth,1,,server-2,2,3,0,6.185,2.179,9.859
combined-lc-lrt-cache-off-warm0,130,1,13.3846,22.605,32.363,54.968,night,madame-bovary,1,,server-2,2,4,0,6.185,2.179,9.859
combined-lc-lrt-cache-off-warm0,130,1,13.3923,1.434,27.793,29.227,was,the-last-of-the-mohicans-a-narrative-of-1757,1,,server-3,2,4,1,6.185,2.179,9.859
combined-lc-lrt-cache-off-warm0,130,1,13.4000,18.579,21.612,40.191,letter,madame-bovary,1,,server-3,2,3,2,8.376,5.582,5.119
combined-lc-lrt-cache-off-warm0,130,1,13.4077,13.608,30.042,43.650,horse,around-the-world-in-eighty-days,1,,server-3,2,2,3,8.376,7.291,5.119
combined-lc-lrt-cache-off-warm0,130,1,13.4154,21.401,23.707,45.108,castle,twenty-thousand-leagues-under-the-sea,1,,server-2,2,3,3,8.376,6.023,5.119
combined-lc-lrt-cache-off-warm0,130,1,13.4231,27.141,20.108,47.249,you,the-last-of-the-mohicans-a-narrative-of-1757-27681,1,,server-3,2,3,3,8.376,6.257,6.291
combined-lc-lrt-cache-off-warm0,130,1,13.4308,1.429,21.766,23.195,london,a-tale-of-two-cities,1,,server-1,1,3,3,13.637,6.257,6.291
combined-lc-lrt-cache-off-warm0,130,1,13.4385,15.981,18.110,34.091,and,the-king-in-yellow,1,,server-1,2,2,3,7.081,7.663,6.291
combined-lc-lrt-cache-off-warm0,130,1,13.4462,14.754,26.310,41.064,love,the-romance-of-lust-a-classic-victorian-erotic-novel,1,,server-2,2,2,2,7.081,8.321,9.111
combined-lc-lrt-cache-off-warm0,130,1,13.4538,17.190,24.475,41.665,king,leaves-of-grass,1,,server-3,2,2,2,7.079,8.321,8.574
combined-lc-lrt-cache-off-warm0,130,1,13.4615,11.492,14.339,25.831,heart,the-secret-garden,1,,server-1,2,1,2,5.677,6.040,8.574
combined-lc-lrt-cache-off-warm0,130,1,13.4692,18.273,10.199,28.472,night,herland,1,,server-2,2,2,2,5.677,6.040,8.574
combined-lc-lrt-cache-off-warm0,130,1,13.4769,11.294,34.098,45.391,king,the-moonstone,1,,server-1,2,2,1,4.412,6.040,6.019
combined-lc-lrt-cache-off-warm0,130,1,13.4846,11.222,12.790,24.012,castle,the-secret-adversary,1,,server-3,2,2,2,4.412,6.040,6.019
combined-lc-lrt-cache-off-warm0,130,1,13.4923,30.578,13.431,44.009,he,the-secret-adversary,1,,server-1,2,1,2,3.907,5.841,6.019
combined-lc-lrt-cache-off-warm0,130,1,13.5000,1.886,11.870,13.756,heart,black-beauty,1,,server-2,2,1,1,3.907,5.307,5.319
combined-lc-lrt-cache-off-warm0,130,1,13.5077,6.542,13.367,19.909,castle,desert-gold,1,,server-2,2,2,1,3.907,2.793,5.319
combined-lc-lrt-cache-off-warm0,130,1,13.5154,12.256,14.082,26.338,and,treasure-island,1,,server-2,2,2,0,3.907,2.435,5.389
combined-lc-lrt-cache-off-warm0,130,1,13.5231,1.113,19.916,21.029,king,memoirs-of-fanny-hill,1,,server-3,1,2,1,7.880,1.978,5.389
combined-lc-lrt-cache-off-warm0,130,1,13.5308,13.844,28.738,42.582,the,north-and-south,1,,server-3,1,1,2,7.880,3.615,2.836
combined-lc-lrt-cache-off-warm0,130,1,13.5385,1.417,10.759,12.176,house,agnes-grey,1,,server-1,1,1,2,7.135,3.615,2.836
combined-lc-lrt-cache-off-warm0,130,1,13.5462,1.490,10.586,12.076,the,the-jungle-book,1,,server-2,1,1,1,3.740,4.503,3.884
combined-lc-lrt-cache-off-warm0,130,1,13.5538,1.414,32.650,34.064,you,great-expectations,1,,server-1,1,1,1,4.064,2.401,3.884
combined-lc-lrt-cache-off-warm0,130,1,13.5615,1.447,12.855,14.302,love,black-beauty,1,,server-2,1,1,1,2.177,3.154,3.884
combined-lc-lrt-cache-off-warm0,130,1,13.5692,7.282,32.593,39.875,of,the-tenant-of-wildfell-hall,1,,server-2,1,2,1,2.177,1.691,3.884
combined-lc-lrt-cache-off-warm0,130,1,13.5769,11.578,10.383,21.960,money,the-jungle-book,1,,server-1,2,1,0,2.177,2.268,7.025
combined-lc-lrt-cache-off-warm0,130,1,13.5846,20.930,16.753,37.684,money,the-adventures-of-tom-sawyer-complete,1,,server-2,2,2,0,2.177,2.268,7.025
combined-lc-lrt-cache-off-warm0,130,1,13.5923,13.541,41.308,54.849,and,adventures-of-huckleberry-finn,1,,server-2,1,3,0,4.509,2.268,7.025
combined-lc-lrt-cache-off-warm0,130,1,13.6000,1.317,10.705,12.022,the,frankenstein-or-the-modern-prometheus-41445,1,,server-1,1,3,0,4.488,2.268,7.025
combined-lc-lrt-cache-off-warm0,130,1,13.6077,4.964,24.365,29.330,you,the-portrait-of-a-lady-volume-1,1,,server-1,2,3,0,2.346,3.747,7.025
combined-lc-lrt-cache-off-warm0,130,1,13.6154,22.342,19.447,41.788,night,madame-bovary,1,,server-1,2,3,0,2.156,8.217,7.025
combined-lc-lrt-cache-off-warm0,130,1,13.6231,15.212,46.059,61.270,heart,the-romance-of-lust-a-classic-victorian-erotic-novel,1,,server-1,3,2,0,2.156,8.395,7.025
combined-lc-lrt-cache-off-warm0,130,1,13.6308,1.682,11.549,13.231,sea,meditations,1,,server-3,3,1,1,2.156,8.395,7.025
combined-lc-lrt-cache-off-warm0,130,1,13.6385,6.088,11.582,17.671,castle,northanger-abbey,1,,server-3,2,1,2,4.914,8.395,3.666
combined-lc-lrt-cache-off-warm0,130,1,13.6462,10.642,49.872,60.514,king,the-house-of-mirth,1,,server-3,2,1,2,4.133,8.395,2.675
combined-lc-lrt-cache-off-warm0,130,1,13.6538,3.172,53.524,56.696,whale,the-vicomte-de-bragelonne,1,,server-3,2,0,3,4.133,11.440,2.675
combined-lc-lrt-cache-off-warm0,130,1,13.6615,45.404,17.813,63.217,the,black-beauty,1,,server-3,2,0,3,7.105,11.440,1.679
combined-lc-lrt-cache-off-warm0,130,1,13.6692,41.957,32.346,74.303,horse,thus-spake-zarathustra-a-book-for-all-and-none,1,,server-3,2,0,4,6.842,11.440,1.679
combined-lc-lrt-cache-off-warm0,130,1,13.6769,35.923,69.845,105.768,heart,the-vicomte-de-bragelonne,1,,server-3,2,0,5,6.842,11.440,1.679
combined-lc-lrt-cache-off-warm0,130,1,13.6846,28.038,70.357,98.395,sea,autobiography-of-benjamin-franklin,1,,server-3,1,0,6,11.538,11.440,1.679
combined-lc-lrt-cache-off-warm0,130,1,13.6923,1.608,27.881,29.489,castle,the-house-of-mirth,1,,server-2,0,1,6,11.538,11.440,1.679
combined-lc-lrt-cache-off-warm0,130,1,13.7000,1.395,17.397,18.792,death,the-return-of-sherlock-holmes,1,,server-1,1,1,6,11.538,5.953,1.679
combined-lc-lrt-cache-off-warm0,130,1,13.7077,15.372,24.211,39.583,he,emma,1,,server-2,1,2,6,5.991,5.953,14.616
combined-lc-lrt-cache-off-warm0,130,1,13.7154,4.182,20.687,24.869,he,the-house-of-mirth,1,,server-1,2,2,4,5.991,5.953,6.574
combined-lc-lrt-cache-off-warm0,130,1,13.7231,17.463,31.688,49.151,letter,far-from-the-madding-crowd,1,,server-1,2,1,4,3.699,7.545,6.574
combined-lc-lrt-cache-off-warm0,130,1,13.7308,10.209,10.851,21.061,king,the-great-gatsby,1,,server-1,3,1,4,3.699,6.071,8.076
combined-lc-lrt-cache-off-warm0,130,1,13.7385,9.314,10.713,20.027,you,the-mysterious-affair-at-styles,1,,server-2,3,2,4,5.609,6.071,8.076
combined-lc-lrt-cache-off-warm0,130,1,13.7462,26.116,27.536,53.652,was,oliver-twist,1,,server-1,3,2,2,3.479,6.071,12.140
combined-lc-lrt-cache-off-warm0,130,1,13.7538,5.075,16.546,21.621,you,the-secret-garden,1,,server-2,3,2,2,4.691,5.127,12.140
combined-lc-lrt-cache-off-warm0,130,1,13.7615,14.222,43.318,57.540,you,great-expectations,1,,server-2,3,2,2,4.691,2.965,12.140
combined-lc-lrt-cache-off-warm0,130,1,13.7692,6.756,18.633,25.389,letter,wuthering-heights,1,,server-2,3,3,2,8.051,2.965,12.140
combined-lc-lrt-cache-off-warm0,130,1,13.7769,41.842,28.742,70.584,horse,a-connecticut-yankee-in-king-arthur-s-court,1,,server-2,1,3,2,8.837,2.515,12.140
combined-lc-lrt-cache-off-warm0,130,1,13.7846,30.856,17.173,48.029,night,a-journey-to-the-centre-of-the-earth,1,,server-2,1,4,0,8.837,2.515,20.980
combined-lc-lrt-cache-off-warm0,130,1,13.7923,8.073,9.696,17.769,death,the-kama-sutra-of-vatsyayana,1,,server-1,2,4,0,8.837,4.910,20.980
combined-lc-lrt-cache-off-warm0,130,1,13.8000,2.208,17.312,19.520,king,his-last-bow,1,,server-1,2,4,0,6.293,7.869,20.980
combined-lc-lrt-cache-off-warm0,130,1,13.8077,3.502,36.333,39.835,money,the-vicomte-de-bragelonne,1,,server-1,3,4,0,3.476,7.869,20.980
combined-lc-lrt-cache-off-warm0,130,1,13.8154,5.548,41.021,46.569,heart,twenty-thousand-leagues-under-the-sea,1,,server-1,3,3,0,2.413,12.445,20.980
combined-lc-lrt-cache-off-warm0,130,1,13.8231,36.011,12.730,48.741,heart,the-great-gatsby,1,,server-1,3,2,0,2.850,11.580,20.980
combined-lc-lrt-cache-off-warm0,130,1,13.8308,31.030,30.981,62.011,letter,the-jungle,1,,server-1,4,2,0,2.850,11.580,20.980
combined-lc-lrt-cache-off-warm0,130,1,13.8385,24.717,62.935,87.652,she,the-mystery-of-edwin-drood,1,,server-1,5,1,0,2.850,9.637,20.980
combined-lc-lrt-cache-off-warm0,130,1,13.8462,17.285,45.303,62.587,and,the-portrait-of-a-lady-volume-1,1,,server-1,6,1,0,2.850,9.637,20.980
combined-lc-lrt-cache-off-warm0,130,1,13.8538,1.541,20.554,22.095,love,madame-bovary,1,,server-2,6,1,0,12.234,10.540,20.980
combined-lc-lrt-cache-off-warm0,130,1,13.8615,15.161,64.303,79.464,he,north-and-south,1,,server-2,6,2,0,16.181,5.476,20.980
combined-lc-lrt-cache-off-warm0,130,1,13.8692,7.875,42.733,50.607,death,the-odyssey,1,,server-2,5,3,0,5.180,5.476,20.980
combined-lc-lrt-cache-off-warm0,130,1,13.8769,3.414,63.604,67.018,house,the-divine-comedy,1,,server-2,3,3,0,4.948,3.116,20.980
combined-lc-lrt-cache-off-warm0,130,1,13.8846,36.089,49.777,85.866,he,villette,1,,server-2,3,4,0,4.948,2.369,20.980
combined-lc-lrt-cache-off-warm0,130,1,13.8923,28.559,61.757,90.316,house,persuasion,1,,server-2,3,5,0,4.948,2.369,20.980
combined-lc-lrt-cache-off-warm0,130,1,13.9000,1.731,20.732,22.464,horse,madame-bovary,1,,server-3,2,5,1,8.142,5.785,20.980
combined-lc-lrt-cache-off-warm0,130,1,13.9077,15.309,34.565,49.874,house,the-jungle,1,,server-3,2,5,2,8.142,5.785,10.864
combined-lc-lrt-cache-off-warm0,130,1,13.9154,7.739,10.560,18.299,london,poirot-investigates,1,,server-3,2,5,3,15.342,5.785,10.864
combined-lc-lrt-cache-off-warm0,130,1,13.9231,10.660,56.692,67.353,was,the-mysterious-island,1,,server-3,2,4,4,15.324,6.925,4.087
combined-lc-lrt-cache-off-warm0,130,1,13.9308,4.140,78.999,83.139,castle,mansfield-park,1,,server-3,0,4,4,19.644,6.925,3.594
combined-lc-lrt-cache-off-warm0,130,1,13.9385,19.240,118.073,137.313,he,villette,1,,server-3,0,4,4,19.644,6.925,2.778
combined-lc-lrt-cache-off-warm0,130,1,13.9462,12.102,122.235,134.337,death,adventures-of-huckleberry-finn,1,,server-3,0,3,5,19.644,15.671,2.778
combined-lc-lrt-cache-off-warm0,130,1,13.9538,1.195,21.891,23.085,london,the-jungle,1,,server-1,1,3,5,19.644,15.671,7.549
combined-lc-lrt-cache-off-warm0,130,1,13.9615,15.821,48.305,64.126,sea,leaves-of-grass,1,,server-1,2,3,4,10.144,15.671,5.681
combined-lc-lrt-cache-off-warm0,130,1,13.9692,41.046,70.758,111.803,money,the-return-of-sherlock-holmes-108,1,,server-3,2,2,5,10.144,15.671,5.681
combined-lc-lrt-cache-off-warm0,130,1,13.9769,1.842,43.938,45.780,king,the-romance-of-lust-a-classic-victorian-erotic-novel,1,,server-1,3,1,5,8.168,18.017,5.681
combined-lc-lrt-cache-off-warm0,130,1,13.9846,41.353,71.994,113.347,he,the-innocents-abroad,1,,server-1,3,0,5,3.498,21.354,5.681
combined-lc-lrt-cache-off-warm0,130,1,13.9923,34.035,74.868,108.902,he,life-on-the-mississippi,1,,server-1,4,0,5,3.498,21.354,19.515
combined-lc-lrt-cache-off-warm0,130,1,14.0000,26.702,49.554,76.256,king,a-connecticut-yankee-in-king-arthur-s-court,1,,server-1,5,0,5,3.498,21.354,19.515
combined-lc-lrt-cache-off-warm0,130,1,14.0077,21.663,97.369,119.032,heart,the-iliad-2199,1,,server-1,6,0,5,3.498,21.354,19.515
combined-lc-lrt-cache-off-warm0,130,1,14.0154,1.539,30.346,31.885,he,the-vicomte-de-bragelonne,1,,server-2,6,1,3,3.498,21.354,20.880
combined-lc-lrt-cache-off-warm0,130,1,14.0231,24.786,46.637,71.423,night,dracula,1,,server-2,6,2,3,19.238,11.008,20.880
combined-lc-lrt-cache-off-warm0,130,1,14.0308,45.816,58.223,104.039,horse,the-lost-world,1,,server-1,5,2,3,5.115,11.008,20.880
combined-lc-lrt-cache-off-warm0,130,1,14.0385,82.057,25.690,107.747,she,silas-marner,1,,server-1,6,2,3,5.115,11.008,20.880
combined-lc-lrt-cache-off-warm0,130,1,14.0462,2.113,49.109,51.221,king,a-tale-of-two-cities,1,,server-2,6,3,3,5.115,11.008,20.880
combined-lc-lrt-cache-off-warm0,130,1,14.0538,45.158,64.610,109.768,he,emma,1,,server-2,6,3,3,5.115,4.736,20.880
combined-lc-lrt-cache-off-warm0,130,1,14.0615,37.422,30.443,67.865,love,the-adventures-of-ferdinand-count-fathom-complete,1,,server-2,6,4,3,5.115,4.736,20.880
combined-lc-lrt-cache-off-warm0,130,1,14.0692,29.572,38.651,68.222,horse,the-lost-world,1,,server-2,6,5,3,5.115,4.736,20.880
combined-lc-lrt-cache-off-warm0,130,1,14.0769,22.539,86.324,108.863,was,madame-bovary,1,,server-2,6,6,3,13.168,4.736,40.135
combined-lc-lrt-cache-off-warm0,130,1,14.0846,1.387,24.821,26.208,the,a-tale-of-two-cities,1,,server-3,6,6,1,13.168,4.736,31.235
combined-lc-lrt-cache-off-warm0,130,1,14.0923,19.137,26.482,45.619,night,little-women,1,,server-3,6,6,2,13.168,4.736,16.061
combined-lc-lrt-cache-off-warm0,130,1,14.1000,3.661,138.722,142.383,letter,the-mysterious-island,1,,server-2,5,5,2,32.939,3.844,16.061
combined-lc-lrt-cache-off-warm0,130,1,14.1077,49.683,82.006,131.689,heart,the-memoirs-of-sherlock-holmes,1,,server-2,5,6,2,41.120,2.920,16.061
combined-lc-lrt-cache-off-warm0,130,1,14.1154,22.698,22.459,45.156,letter,dracula,1,,server-3,5,6,2,41.120,2.920,9.142
combined-lc-lrt-cache-off-warm0,130,1,14.1231,36.654,59.595,96.249,house,persuasion,1,,server-2,5,7,2,29.984,2.920,9.142
combined-lc-lrt-cache-off-warm0,130,1,14.1308,8.655,41.351,50.007,sea,life-on-the-mississippi,1,,server-3,3,7,3,41.861,11.181,9.142
combined-lc-lrt-cache-off-warm0,130,1,14.1385,1.549,54.117,55.666,was,the-memoirs-of-sherlock-holmes,1,,server-3,1,7,4,27.905,15.418,7.536
combined-lc-lrt-cache-off-warm0,130,1,14.1462,34.538,38.923,73.461,sea,the-tenant-of-wildfell-hall,1,,server-3,1,7,4,21.846,15.418,3.251
combined-lc-lrt-cache-off-warm0,130,1,14.1538,27.796,47.133,74.929,he,agnes-grey,1,,server-3,0,7,5,21.846,15.418,3.251
combined-lc-lrt-cache-off-warm0,130,1,14.1615,1.549,14.879,16.428,money,the-war-of-the-worlds,1,,server-1,1,5,5,21.846,12.538,10.334
combined-lc-lrt-cache-off-warm0,130,1,14.1692,8.982,13.228,22.210,money,meditations,1,,server-1,2,4,5,11.265,18.388,10.334
combined-lc-lrt-cache-off-warm0,130,1,14.1769,1.866,29.473,31.339,king,sense-and-sensibility,1,,server-1,3,4,5,10.283,18.388,10.334
combined-lc-lrt-cache-off-warm0,130,1,14.1846,23.654,38.199,61.853,castle,twenty-thousand-leagues-under-the-sea,1,,server-1,3,4,4,3.172,18.388,10.707
combined-lc-lrt-cache-off-warm0,130,1,14.1923,16.826,39.611,56.436,was,the-odyssey,1,,server-1,4,4,4,5.162,25.542,10.707
combined-lc-lrt-cache-off-warm0,130,1,14.2000,9.277,56.970,66.247,horse,leaves-of-grass,1,,server-1,5,4,2,5.162,25.542,12.431
combined-lc-lrt-cache-off-warm0,130,1,14.2077,21.385,17.354,38.739,heart,thus-spake-zarathustra-a-book-for-all-and-none,1,,server-3,5,4,3,7.072,25.542,12.431
combined-lc-lrt-cache-off-warm0,130,1,14.2154,52.135,71.379,123.514,king,the-iliad-2199,1,,server-1,4,4,3,3.830,25.542,12.431
combined-lc-lrt-cache-off-warm0,130,1,14.2231,44.087,68.582,112.669,the,desperate-remedies,1,,server-1,5,3,3,3.830,32.156,17.459
combined-lc-lrt-cache-off-warm0,130,1,14.2308,15.563,15.739,31.302,london,frankenstein-or-the-modern-prometheus-41445,1,,server-3,5,3,2,3.830,32.156,10.084
combined-lc-lrt-cache-off-warm0,130,1,14.2385,28.791,45.991,74.782,letter,a-tale-of-two-cities,1,,server-1,6,3,2,3.830,32.156,8.105
combined-lc-lrt-cache-off-warm0,130,1,14.2462,2.289,30.703,32.992,of,the-odyssey,1,,server-3,6,0,3,10.541,34.746,6.908
combined-lc-lrt-cache-off-warm0,130,1,14.2538,23.254,29.705,52.959,castle,the-romance-of-lust-a-classic-victorian-erotic-novel,1,,server-3,5,0,3,17.231,34.746,3.653
combined-lc-lrt-cache-off-warm0,130,1,14.2615,19.539,55.129,74.667,he,little-women,1,,server-3,5,0,4,17.231,34.746,6.480
combined-lc-lrt-cache-off-warm0,130,1,14.2692,42.551,40.280,82.832,money,poirot-investigates,1,,server-1,4,0,4,7.975,34.746,6.480
combined-lc-lrt-cache-off-warm0,130,1,14.2769,55.766,46.713,102.479,he,tess-of-the-d-urbervilles-a-pure-woman,1,,server-1,5,0,4,6.663,34.746,8.181
combined-lc-lrt-cache-off-warm0,130,1,14.2846,28.089,36.998,65.086,the,a-princess-of-mars,1,,server-3,5,0,3,6.663,34.746,7.242
combined-lc-lrt-cache-off-warm0,130,1,14.2923,44.258,41.914,86.172,king,the-mystery-of-edwin-drood,1,,server-3,5,0,4,6.663,34.746,7.242
combined-lc-lrt-cache-off-warm0,130,1,14.3000,1.325,35.481,36.806,and,the-mysterious-island,1,,server-2,5,1,4,6.663,34.746,7.242
combined-lc-lrt-cache-off-warm0,130,1,14.3077,29.936,19.819,49.754,heart,meditations,1,,server-2,5,2,4,6.663,17.862,13.099
combined-lc-lrt-cache-off-warm0,130,1,14.3154,23.202,66.944,90.146,letter,villette,1,,server-2,4,3,4,17.905,17.862,12.184
combined-lc-lrt-cache-off-warm0,130,1,14.3231,14.435,41.104,55.539,sea,around-the-world-in-eighty-days,1,,server-3,4,3,5,17.905,17.862,12.184
combined-lc-lrt-cache-off-warm0,130,1,14.3308,7.285,37.899,45.184,he,a-tale-of-two-cities,1,,server-2,4,4,5,17.905,17.862,12.184
combined-lc-lrt-cache-off-warm0,130,1,14.3385,3.677,89.181,92.858,letter,far-from-the-madding-crowd,1,,server-2,4,4,3,32.400,5.654,8.599
combined-lc-lrt-cache-off-warm0,130,1,14.3462,56.460,47.647,104.107,was,the-return-of-sherlock-holmes-108,1,,server-2,2,5,3,21.482,3.484,8.599
combined-lc-lrt-cache-off-warm0,130,1,14.3538,24.377,93.784,118.161,she,the-iliad-2199,1,,server-2,2,6,3,24.615,3.484,9.593
combined-lc-lrt-cache-off-warm0,130,1,14.3615,6.602,42.220,48.822,night,beyond-good-and-evil,1,,server-3,2,6,4,24.615,8.332,9.593
combined-lc-lrt-cache-off-warm0,130,1,14.3692,10.835,38.605,49.440,king,the-kama-sutra-of-vatsyayana,1,,server-3,2,6,4,24.615,8.332,8.524
combined-lc-lrt-cache-off-warm0,130,1,14.3769,2.325,31.305,33.630,horse,desperate-remedies,1,,server-3,2,6,5,24.281,17.353,8.212
combined-lc-lrt-cache-off-warm0,130,1,14.3846,25.481,33.736,59.217,the,silas-marner,1,,server-3,0,5,4,22.484,13.137,4.311
combined-lc-lrt-cache-off-warm0,130,1,14.3923,25.874,28.115,53.989,the,grimms-fairy-tales,1,,server-3,0,5,5,22.484,13.137,4.311
combined-lc-lrt-cache-off-warm0,130,1,14.4000,1.724,15.444,17.168,house,myths-and-legends-of-ancient-greece-and-rome,1,,server-1,1,5,5,22.484,13.137,4.311
combined-lc-lrt-cache-off-warm0,130,1,14.4077,10.039,17.009,27.047,horse,washington-square,1,,server-1,2,3,5,11.621,17.619,7.375
combined-lc-lrt-cache-off-warm0,130,1,14.4154,2.951,55.453,58.404,of,north-and-south,1,,server-1,3,3,5,11.621,17.619,16.291
combined-lc-lrt-cache-off-warm0,130,1,14.4231,19.683,79.448,99.132,you,his-last-bow,1,,server-1,3,3,2,3.236,17.619,8.733
combined-lc-lrt-cache-off-warm0,130,1,14.4308,43.295,22.285,65.579,the,the-odyssey,1,,server-1,4,3,2,3.236,17.619,8.733
combined-lc-lrt-cache-off-warm0,130,1,14.4385,8.513,27.812,36.325,death,the-moonstone,1,,server-3,4,3,3,6.831,28.910,8.733
combined-lc-lrt-cache-off-warm0,130,1,14.4462,29.037,47.034,76.071,house,the-adventures-of-sherlock-holmes,1,,server-1,5,3,3,7.011,28.910,9.553
combined-lc-lrt-cache-off-warm0,130,1,14.4538,21.839,13.265,35.103,heart,the-lost-world,1,,server-3,5,3,2,7.011,29.801,6.173
combined-lc-lrt-cache-off-warm0,130,1,14.4615,14.407,60.265,74.672,house,the-romance-of-lust-a-classic-victorian-erotic-novel,1,,server-3,5,3,3,7.011,29.801,6.173
combined-lc-lrt-cache-off-warm0,130,1,14.4692,6.695,63.677,70.372,of,the-age-of-innocence,1,,server-3,5,3,4,13.067,27.594,6.173
combined-lc-lrt-cache-off-warm0,130,1,14.4769,2.319,93.406,95.725,and,the-hound-of-the-baskervilles-3070,1,,server-3,3,0,4,11.813,31.734,2.513
combined-lc-lrt-cache-off-warm0,130,1,14.4846,4.478,84.284,88.762,whale,the-jungle-book,1,,server-3,3,0,5,11.813,31.734,1.603
combined-lc-lrt-cache-off-warm0,130,1,14.4923,43.209,37.625,80.835,heart,the-adventures-of-sherlock-holmes,1,,server-3,3,0,6,11.813,31.734,3.365
combined-lc-lrt-cache-off-warm0,130,1,14.5000,41.699,57.635,99.334,was,the-innocents-abroad,1,,server-3,2,0,7,11.142,31.734,3.548
combined-lc-lrt-cache-off-warm0,130,1,14.5077,64.736,43.381,108.116,of,thus-spake-zarathustra-a-book-for-all-and-none,1,,server-3,2,0,8,11.142,31.734,3.548
combined-lc-lrt-cache-off-warm0,130,1,14.5154,1.431,16.894,18.325,london,the-adventures-of-tom-sawyer-complete,1,,server-2,2,1,8,11.142,31.734,3.548
combined-lc-lrt-cache-off-warm0,130,1,14.5231,1.404,16.563,17.966,castle,a-journey-to-the-centre-of-the-earth,1,,server-1,1,1,8,15.344,16.320,3.548
combined-lc-lrt-cache-off-warm0,130,1,14.5308,10.686,19.239,29.926,castle,a-connecticut-yankee-in-king-arthur-s-court,1,,server-1,2,1,8,7.940,16.320,3.548
combined-lc-lrt-cache-off-warm0,130,1,14.5385,1.573,16.446,18.019,letter,the-return-of-sherlock-holmes,1,,server-2,2,1,7,7.940,13.124,22.830
combined-lc-lrt-cache-off-warm0,130,1,14.5462,14.881,34.589,49.469,heart,life-on-the-mississippi,1,,server-1,2,1,5,4.945,6.779,18.153
combined-lc-lrt-cache-off-warm0,130,1,14.5538,3.247,16.832,20.079,castle,the-king-in-yellow,1,,server-2,2,2,5,4.945,6.779,18.153
combined-lc-lrt-cache-off-warm0,130,1,14.5615,13.218,18.380,31.598,whale,the-last-of-the-mohicans-a-narrative-of-1757-27681,1,,server-2,1,2,5,4.714,3.802,18.153
combined-lc-lrt-cache-off-warm0,130,1,14.5692,27.157,22.783,49.939,sea,desert-gold,1,,server-1,2,2,5,4.714,3.802,18.153
combined-lc-lrt-cache-off-warm0,130,1,14.5769,16.673,49.007,65.680,and,leaves-of-grass,1,,server-2,2,2,4,4.714,3.857,26.995
combined-lc-lrt-cache-off-warm0,130,1,14.5846,8.909,25.359,34.269,she,the-adventures-of-ferdinand-count-fathom-complete,1,,server-2,2,3,4,4.714,3.857,26.995
combined-lc-lrt-cache-off-warm0,130,1,14.5923,3.898,11.524,15.422,was,a-princess-of-mars,1,,server-1,3,3,4,4.714,3.857,26.995
combined-lc-lrt-cache-off-warm0,130,1,14.6000,20.552,61.900,82.452,horse,the-scarlet-letter-33,1,,server-2,2,3,3,4.155,2.868,25.306
combined-lc-lrt-cache-off-warm0,130,1,14.6077,12.623,35.313,47.936,heart,the-wind-in-the-willows,1,,server-2,2,4,1,5.515,2.868,25.306
combined-lc-lrt-cache-off-warm0,130,1,14.6154,20.382,34.694,55.075,death,a-journey-to-the-centre-of-the-earth,1,,server-2,2,5,1,5.515,2.868,28.735
combined-lc-lrt-cache-off-warm0,130,1,14.6231,1.156,10.283,11.439,and,the-great-gatsby,1,,server-1,1,5,0,7.492,5.573,23.001
combined-lc-lrt-cache-off-warm0,130,1,14.6308,4.041,13.658,17.699,castle,the-lost-world,1,,server-1,2,5,0,3.899,5.573,23.001
combined-lc-lrt-cache-off-warm0,130,1,14.6385,10.141,13.584,23.725,london,the-hound-of-the-baskervilles,1,,server-1,2,4,0,2.475,7.284,23.001
combined-lc-lrt-cache-off-warm0,130,1,14.6462,2.911,28.651,31.562,castle,myths-and-legends-of-ancient-greece-and-rome,1,,server-1,3,3,0,2.475,14.423,23.001
combined-lc-lrt-cache-off-warm0,130,1,14.6538,25.214,48.932,74.146,love,the-return-of-sherlock-holmes-108,1,,server-1,3,3,0,1.738,14.423,23.001
combined-lc-lrt-cache-off-warm0,130,1,14.6615,17.056,25.296,42.352,money,the-adventures-of-tom-sawyer-complete,1,,server-1,4,3,0,1.738,15.433,23.001
combined-lc-lrt-cache-off-warm0,130,1,14.6692,9.622,14.585,24.207,london,myths-and-legends-of-ancient-greece-and-rome,1,,server-1,5,3,0,4.010,15.433,23.001
combined-lc-lrt-cache-off-warm0,130,1,14.6769,1.123,14.562,15.685,she,white-fang,1,,server-3,5,2,1,4.010,18.309,23.001
combined-lc-lrt-cache-off-warm0,130,1,14.6846,20.633,68.764,89.397,she,the-tenant-of-wildfell-hall,1,,server-1,4,0,1,2.749,16.368,11.858
combined-lc-lrt-cache-off-warm0,130,1,14.6923,29.891,51.761,81.652,castle,the-portrait-of-a-lady-volume-1,1,,server-1,5,0,1,2.749,16.368,11.858
combined-lc-lrt-cache-off-warm0,130,1,14.7000,1.360,11.884,13.244,the,the-hound-of-the-baskervilles-3070,1,,server-3,5,0,1,5.013,16.368,9.854
combined-lc-lrt-cache-off-warm0,130,1,14.7077,6.186,31.746,37.932,death,great-expectations,1,,server-3,3,0,2,8.360,16.368,5.126
combined-lc-lrt-cache-off-warm0,130,1,14.7154,1.663,39.362,41.025,castle,herland,1,,server-3,3,0,2,8.360,16.368,3.163
combined-lc-lrt-cache-off-warm0,130,1,14.7231,21.471,48.198,69.669,death,the-adventures-of-sherlock-holmes,1,,server-3,3,0,3,9.034,16.368,1.758
combined-lc-lrt-cache-off-warm0,130,1,14.7308,15.054,50.860,65.914,he,jude-the-obscure,1,,server-3,2,0,4,13.597,16.368,1.758
combined-lc-lrt-cache-off-warm0,130,1,14.7385,9.108,70.622,79.730,and,the-iliad-2199,1,,server-3,2,0,5,13.597,16.368,1.758
combined-lc-lrt-cache-off-warm0,130,1,14.7462,1.799,12.267,14.066,night,the-hound-of-the-baskervilles,1,,server-2,2,1,5,13.597,16.368,8.514
combined-lc-lrt-cache-off-warm0,130,1,14.7538,7.208,21.717,28.925,castle,the-last-of-the-mohicans-a-narrative-of-1757-27681,1,,server-2,2,2,4,13.597,8.455,3.773
combined-lc-lrt-cache-off-warm0,130,1,14.7615,1.746,36.892,38.639,of,the-house-of-the-seven-gables,1,,server-2,2,2,3,13.597,4.552,8.863
combined-lc-lrt-cache-off-warm0,130,1,14.7692,31.165,13.521,44.686,was,the-scarlet-letter-33,1,,server-2,2,3,3,13.597,2.520,8.863
combined-lc-lrt-cache-off-warm0,130,1,14.7769,23.699,28.400,52.099,king,a-journey-to-the-centre-of-the-earth,1,,server-2,0,4,3,17.517,2.520,8.863
combined-lc-lrt-cache-off-warm0,130,1,14.7846,1.361,19.943,21.304,you,madame-bovary,1,,server-1,1,4,3,17.517,7.072,8.863
combined-lc-lrt-cache-off-warm0,130,1,14.7923,14.292,38.463,52.754,heart,the-american,1,,server-1,2,4,3,9.029,7.072,16.520
combined-lc-lrt-cache-off-warm0,130,1,14.8000,6.728,38.098,44.826,castle,twenty-thousand-leagues-under-the-sea,1,,server-1,3,4,1,9.029,14.787,16.948
combined-lc-lrt-cache-off-warm0,130,1,14.8077,19.319,33.337,52.657,he,agnes-grey,1,,server-1,3,2,1,3.581,7.952,16.948
combined-lc-lrt-cache-off-warm0,130,1,14.8154,31.019,23.457,54.475,horse,the-hound-of-the-baskervilles-3070,1,,server-1,4,1,1,3.178,7.276,16.948
combined-lc-lrt-cache-off-warm0,130,1,14.8231,6.620,17.475,24.095,the,the-scarlet-letter,1,,server-2,4,2,0,3.178,7.276,22.035
combined-lc-lrt-cache-off-warm0,130,1,14.8308,1.176,38.471,39.648,money,jude-the-obscure,1,,server-2,4,2,0,5.890,5.292,22.035
combined-lc-lrt-cache-off-warm0,130,1,14.8385,10.345,78.434,88.779,you,the-works-of-edgar-allan-poe-volume-2,1,,server-2,4,3,0,5.890,2.853,22.035
combined-lc-lrt-cache-off-warm0,130,1,14.8462,3.379,35.430,38.809,heart,persuasion,1,,server-2,4,4,0,11.360,2.853,22.035
combined-lc-lrt-cache-off-warm0,130,1,14.8538,18.987,70.658,89.645,london,adventures-of-huckleberry-finn,1,,server-2,2,4,0,9.169,2.199,22.035
combined-lc-lrt-cache-off-warm0,130,1,14.8615,11.787,43.586,55.373,and,kidnapped,1,,server-2,1,5,0,8.430,2.199,22.035
combined-lc-lrt-cache-off-warm0,130,1,14.8692,14.203,44.868,59.071,was,dubliners,1,,server-2,1,6,0,8.430,2.199,22.035
combined-lc-lrt-cache-off-warm0,130,1,14.8769,1.136,10.190,11.326,he,the-lost-world,1,,server-1,1,5,0,9.030,4.963,22.035
combined-lc-lrt-cache-off-warm0,130,1,14.8846,4.015,23.559,27.574,horse,the-adventures-of-sherlock-holmes,1,,server-1,2,5,0,4.695,11.641,22.035
combined-lc-lrt-cache-off-warm0,130,1,14.8923,21.513,33.167,54.681,king,the-last-of-the-mohicans-a-narrative-of-1757-27681,1,,server-1,2,4,0,2.723,8.018,22.035
combined-lc-lrt-cache-off-warm0,130,1,14.9000,13.197,16.995,30.192,house,frankenstein-or-the-modern-prometheus,1,,server-1,3,4,0,2.723,8.018,22.035
combined-lc-lrt-cache-off-warm0,130,1,14.9077,6.435,52.944,59.380,sea,a-connecticut-yankee-in-king-arthur-s-court,1,,server-1,4,4,0,2.723,8.018,22.035
combined-lc-lrt-cache-off-warm0,130,1,14.9154,15.081,82.393,97.474,you,leaves-of-grass,1,,server-1,4,4,0,2.550,8.018,22.035
combined-lc-lrt-cache-off-warm0,130,1,14.9231,21.855,70.337,92.193,london,the-adventures-of-sherlock-holmes,1,,server-1,5,4,0,2.550,13.089,22.035
combined-lc-lrt-cache-off-warm0,130,1,14.9308,1.442,26.851,28.293,money,mansfield-park,1,,server-3,5,1,1,4.708,16.888,22.035
combined-lc-lrt-cache-off-warm0,130,1,14.9385,20.926,17.864,38.790,sea,grimms-fairy-tales,1,,server-3,5,1,2,4.708,16.888,11.366
combined-lc-lrt-cache-off-warm0,130,1,14.9462,1.534,19.402,20.937,of,grimms-fairy-tales,1,,server-2,5,1,2,6.673,21.970,11.366
combined-lc-lrt-cache-off-warm0,130,1,14.9538,13.942,15.387,29.329,horse,persuasion,1,,server-2,4,2,2,11.714,11.313,11.366
combined-lc-lrt-cache-off-warm0,130,1,14.9615,16.347,16.087,32.434,was,the-warden,1,,server-3,4,2,2,11.714,11.313,8.239
combined-lc-lrt-cache-off-warm0,130,1,14.9692,11.506,15.383,26.889,was,frankenstein-or-the-modern-prometheus,1,,server-2,2,2,2,19.052,6.650,8.239
combined-lc-lrt-cache-off-warm0,130,1,14.9769,6.604,20.612,27.216,london,the-lost-world,1,,server-2,2,3,2,19.052,5.339,10.067
combined-lc-lrt-cache-off-warm0,130,1,14.9846,19.615,10.315,29.930,castle,the-war-of-the-worlds,1,,server-2,2,3,1,19.052,3.716,5.741
combined-lc-lrt-cache-off-warm0,130,1,14.9923,3.705,11.887,15.593,he,the-hound-of-the-baskervilles-3070,1,,server-3,2,3,2,19.052,3.716,5.741
