label,rate,run,t_s,conn_ms,rpc_ms,total_ms,keyword,reference,ok,error_type,selected_server,server_1_connections,server_2_connections,server_3_connections,server_1_response_ewma_ms,server_2_response_ewma_ms,server_3_response_ewma_ms
least-connections-cache-off-warm0,110,1,0.0000,48.057,50.407,98.464,whale,the-house-of-the-seven-gables,1,,server-1,1,0,0,,,
least-connections-cache-off-warm0,110,1,0.0091,34.635,42.587,77.222,horse,the-lost-world,1,,server-2,1,1,0,,,
least-connections-cache-off-warm0,110,1,0.0182,27.001,41.550,68.551,whale,poirot-investigates,1,,server-3,1,1,1,,,
least-connections-cache-off-warm0,110,1,0.0273,20.010,83.308,103.319,horse,northanger-abbey,1,,server-1,2,1,1,,,
least-connections-cache-off-warm0,110,1,0.0364,10.295,50.267,60.562,and,dubliners,1,,server-2,2,2,1,,,
least-connections-cache-off-warm0,110,1,0.0455,10.289,58.531,68.820,and,the-vicomte-de-bragelonne,1,,server-3,2,2,2,0.651,0.516,0.667
least-connections-cache-off-warm0,110,1,0.0545,8.578,69.857,78.436,and,the-odyssey,1,,server-1,3,2,2,0.651,0.516,1.187
least-connections-cache-off-warm0,110,1,0.0636,33.144,32.127,65.271,house,oliver-twist,1,,server-2,3,3,2,1.272,0.516,1.079
least-connections-cache-off-warm0,110,1,0.0727,14.281,52.635,66.916,horse,cranford,1,,server-3,3,3,3,2.113,0.516,1.079
least-connections-cache-off-warm0,110,1,0.0818,31.804,51.314,83.118,was,the-adventures-of-ferdinand-count-fathom-complete,1,,server-1,4,3,3,2.113,0.516,1.079
least-connections-cache-off-warm0,110,1,0.0909,25.234,24.612,49.846,letter,around-the-world-in-eighty-days,1,,server-3,4,3,3,2.113,10.790,5.295
least-connections-cache-off-warm0,110,1,0.1000,7.607,81.398,89.005,london,the-house-of-mirth,1,,server-2,4,2,3,9.777,10.451,5.295
least-connections-cache-off-warm0,110,1,0.1091,20.947,59.133,80.080,sea,the-mysterious-island,1,,server-2,4,3,3,9.777,8.000,5.295
least-connections-cache-off-warm0,110,1,0.1182,22.826,19.569,42.395,horse,the-adventures-of-tom-sawyer-complete,1,,server-3,3,3,3,10.727,8.000,8.962
least-connections-cache-off-warm0,110,1,0.1273,7.829,45.426,53.256,you,madame-bovary,1,,server-1,4,3,3,10.727,8.000,8.762
least-connections-cache-off-warm0,110,1,0.1364,53.307,12.664,65.971,she,dubliners,1,,server-2,2,3,3,11.534,8.227,8.762
least-connections-cache-off-warm0,110,1,0.1455,15.508,16.723,32.231,king,persuasion,1,,server-3,2,3,2,11.534,8.227,9.525
least-connections-cache-off-warm0,110,1,0.1545,24.339,15.756,40.095,he,meditations,1,,server-1,3,3,2,11.534,8.227,9.525
least-connections-cache-off-warm0,110,1,0.1636,14.959,19.420,34.379,king,pride-and-prejudice,1,,server-3,3,3,2,11.534,8.227,6.139
least-connections-cache-off-warm0,110,1,0.1727,9.993,31.058,41.050,the,the-odyssey,1,,server-1,3,3,2,12.024,8.227,6.139
least-connections-cache-off-warm0,110,1,0.1818,16.865,10.591,27.456,death,the-wind-in-the-willows,1,,server-3,2,3,2,11.227,8.227,4.827
least-connections-cache-off-warm0,110,1,0.1909,1.740,40.215,41.955,sea,villette,1,,server-2,2,2,2,7.455,12.943,4.827
least-connections-cache-off-warm0,110,1,0.2000,9.436,14.336,23.772,was,his-last-bow,1,,server-3,1,2,2,7.109,8.452,4.785
least-connections-cache-off-warm0,110,1,0.2091,5.347,16.732,22.078,night,the-secret-adversary,1,,server-1,2,1,2,7.109,7.483,4.573
least-connections-cache-off-warm0,110,1,0.2182,15.275,10.844,26.119,sea,around-the-world-in-eighty-days,1,,server-2,1,2,1,5.267,7.483,3.696
least-connections-cache-off-warm0,110,1,0.2273,1.325,11.743,13.068,night,agnes-grey,1,,server-3,1,2,1,5.267,7.483,4.553
least-connections-cache-off-warm0,110,1,0.2364,1.377,25.671,27.047,london,tess-of-the-d-urbervilles-a-pure-woman,1,,server-1,1,1,1,6.003,6.591,2.402
least-connections-cache-off-warm0,110,1,0.2455,1.396,15.543,16.938,money,the-scarlet-letter,1,,server-2,1,1,0,3.139,5.901,3.386
least-connections-cache-off-warm0,110,1,0.2545,1.352,22.889,24.241,horse,the-jungle,1,,server-3,1,1,1,3.139,3.092,3.386
least-connections-cache-off-warm0,110,1,0.2636,2.242,20.166,22.407,love,pride-and-prejudice,1,,server-1,1,0,1,6.093,4.405,1.804
least-connections-cache-off-warm0,110,1,0.2727,1.378,11.795,13.173,whale,silas-marner,1,,server-2,1,1,1,3.184,4.405,1.804
least-connections-cache-off-warm0,110,1,0.2818,1.664,30.378,32.041,house,the-jungle,1,,server-3,1,1,1,3.184,2.321,4.773
least-connections-cache-off-warm0,110,1,0.2909,1.380,29.361,30.741,death,dracula,1,,server-1,1,0,1,5.228,3.339,2.520
least-connections-cache-off-warm0,110,1,0.3000,2.027,28.100,30.127,whale,emma,1,,server-2,1,1,1,2.741,3.339,2.520
least-connections-cache-off-warm0,110,1,0.3091,5.478,11.271,16.749,heart,cranford,1,,server-3,1,1,2,2.741,1.805,2.520
least-connections-cache-off-warm0,110,1,0.3182,3.988,21.507,25.496,love,leaves-of-grass,1,,server-1,2,1,1,2.741,1.805,3.774
least-connections-cache-off-warm0,110,1,0.3273,1.103,15.508,16.611,she,the-age-of-innocence,1,,server-3,1,1,1,3.574,1.805,4.135
least-connections-cache-off-warm0,110,1,0.3364,1.601,22.087,23.688,castle,tess-of-the-d-urbervilles-a-pure-woman,1,,server-2,1,1,1,3.574,5.564,2.160
least-connections-cache-off-warm0,110,1,0.3455,1.246,23.445,24.691,the,the-odyssey,1,,server-3,0,1,1,5.668,2.918,3.809
least-connections-cache-off-warm0,110,1,0.3545,1.145,12.985,14.130,horse,the-secret-garden,1,,server-1,1,1,1,5.668,2.918,2.018
least-connections-cache-off-warm0,110,1,0.3636,1.348,29.214,30.562,the,the-house-of-mirth,1,,server-2,1,1,1,2.964,5.307,2.018
least-connections-cache-off-warm0,110,1,0.3727,1.143,21.460,22.603,house,tess-of-the-d-urbervilles-a-pure-woman,1,,server-3,0,1,1,3.918,2.806,5.011
least-connections-cache-off-warm0,110,1,0.3818,1.197,12.573,13.770,heart,the-first-men-in-the-moon,1,,server-1,1,1,1,3.918,2.806,2.616
least-connections-cache-off-warm0,110,1,0.3909,3.853,12.151,16.004,whale,autobiography-of-benjamin-franklin,1,,server-2,1,2,1,2.075,2.806,2.616
least-connections-cache-off-warm0,110,1,0.4000,1.290,11.533,12.823,you,the-first-men-in-the-moon,1,,server-3,0,1,1,3.315,3.596,5.078
least-connections-cache-off-warm0,110,1,0.4091,1.255,33.354,34.609,castle,the-iliad-2199,1,,server-1,1,0,1,3.315,4.189,2.667
least-connections-cache-off-warm0,110,1,0.4182,1.421,26.430,27.851,house,the-return-of-sherlock-holmes-108,1,,server-2,1,1,0,1.760,4.189,3.485
least-connections-cache-off-warm0,110,1,0.4273,2.423,13.621,16.044,night,the-lost-world,1,,server-3,1,1,1,1.760,2.219,3.485
least-connections-cache-off-warm0,110,1,0.4364,8.003,21.693,29.696,castle,jude-the-obscure,1,,server-1,2,1,1,1.760,2.219,1.911
least-connections-cache-off-warm0,110,1,0.4455,1.158,11.344,12.502,castle,black-beauty,1,,server-3,1,1,1,4.016,2.219,3.296
least-connections-cache-off-warm0,110,1,0.4545,1.296,8.356,9.652,love,the-prince,1,,server-2,1,1,1,4.016,5.580,1.761
least-connections-cache-off-warm0,110,1,0.4636,1.102,19.258,20.361,was,myths-and-legends-of-ancient-greece-and-rome,1,,server-3,1,1,1,4.016,2.919,2.912
least-connections-cache-off-warm0,110,1,0.4727,1.173,19.214,20.386,death,the-adventures-of-sherlock-holmes,1,,server-1,1,0,1,6.007,3.163,1.548
least-connections-cache-off-warm0,110,1,0.4818,1.082,10.355,11.437,was,the-kama-sutra-of-vatsyayana,1,,server-2,1,1,1,3.138,3.163,1.548
least-connections-cache-off-warm0,110,1,0.4909,1.207,14.805,16.012,he,the-secret-garden,1,,server-3,1,1,1,3.138,1.681,4.040
least-connections-cache-off-warm0,110,1,0.5000,1.321,20.936,22.257,he,the-mystery-of-edwin-drood,1,,server-1,1,0,1,5.052,2.694,2.140
least-connections-cache-off-warm0,110,1,0.5091,1.150,14.338,15.489,the,the-adventures-of-tom-sawyer-complete,1,,server-2,1,1,0,2.651,2.694,3.680
least-connections-cache-off-warm0,110,1,0.5182,1.303,23.821,25.124,was,the-jungle,1,,server-3,1,1,1,2.651,1.450,3.680
least-connections-cache-off-warm0,110,1,0.5273,1.416,24.892,26.308,you,the-last-of-the-mohicans-a-narrative-of-1757,1,,server-1,1,0,1,5.007,3.170,1.948
least-connections-cache-off-warm0,110,1,0.5364,1.358,11.859,13.217,was,the-hound-of-the-baskervilles-3070,1,,server-2,1,1,1,2.644,3.170,1.948
least-connections-cache-off-warm0,110,1,0.5455,1.681,28.874,30.555,of,the-romance-of-lust-a-classic-victorian-erotic-novel,1,,server-3,1,1,1,2.644,1.683,5.020
least-connections-cache-off-warm0,110,1,0.5545,1.209,14.994,16.203,love,silas-marner,1,,server-1,1,0,1,5.621,2.950,2.668
least-connections-cache-off-warm0,110,1,0.5636,1.408,16.078,17.486,love,silas-marner,1,,server-2,1,1,1,2.945,2.950,2.668
least-connections-cache-off-warm0,110,1,0.5727,1.423,15.254,16.677,house,myths-and-legends-of-ancient-greece-and-rome,1,,server-1,1,1,1,4.244,1.583,2.668
least-connections-cache-off-warm0,110,1,0.5818,1.222,12.084,13.306,love,the-first-men-in-the-moon,1,,server-3,1,1,1,2.265,1.583,6.298
least-connections-cache-off-warm0,110,1,0.5909,1.207,22.792,23.999,sea,the-scarlet-letter-33,1,,server-1,1,0,1,3.867,3.564,3.291
least-connections-cache-off-warm0,110,1,0.6000,1.625,29.665,31.291,death,the-adventures-of-ferdinand-count-fathom-complete,1,,server-2,1,1,0,2.049,3.564,3.996
least-connections-cache-off-warm0,110,1,0.6091,1.753,17.189,18.942,was,the-mystery-of-edwin-drood,1,,server-3,1,1,1,2.049,1.917,3.996
least-connections-cache-off-warm0,110,1,0.6182,1.378,30.775,32.153,castle,little-women,1,,server-1,1,1,1,4.927,1.917,2.151
least-connections-cache-off-warm0,110,1,0.6273,4.711,20.291,25.001,heart,desert-gold,1,,server-2,1,2,1,2.607,1.917,2.151
least-connections-cache-off-warm0,110,1,0.6364,1.565,21.755,23.320,london,madame-bovary,1,,server-3,1,1,1,2.607,3.528,4.079
least-connections-cache-off-warm0,110,1,0.6455,5.576,15.893,21.468,night,the-age-of-innocence,1,,server-1,2,1,1,2.607,3.528,2.163
least-connections-cache-off-warm0,110,1,0.6545,1.455,18.405,19.861,letter,adventures-of-huckleberry-finn,1,,server-2,1,1,1,3.867,5.466,2.163
least-connections-cache-off-warm0,110,1,0.6636,1.539,17.858,19.397,love,the-portrait-of-a-lady-volume-1,1,,server-3,1,1,1,3.867,2.888,4.799
least-connections-cache-off-warm0,110,1,0.6727,2.103,20.947,23.050,castle,the-house-of-mirth,1,,server-1,1,1,1,4.982,2.888,2.547
least-connections-cache-off-warm0,110,1,0.6818,1.349,28.427,29.776,castle,the-innocents-abroad,1,,server-2,1,1,1,2.672,4.735,2.547
least-connections-cache-off-warm0,110,1,0.6909,1.392,8.745,10.137,letter,the-jungle-book,1,,server-3,1,1,1,2.672,2.497,4.405
least-connections-cache-off-warm0,110,1,0.7000,1.375,23.118,24.493,house,tess-of-the-d-urbervilles-a-pure-woman,1,,server-1,1,1,1,4.998,2.497,2.355
least-connections-cache-off-warm0,110,1,0.7091,1.577,20.312,21.889,london,far-from-the-madding-crowd,1,,server-3,1,1,1,2.654,2.497,2.845
least-connections-cache-off-warm0,110,1,0.7182,1.362,12.847,14.210,king,dubliners,1,,server-2,1,1,1,2.654,6.113,1.518
least-connections-cache-off-warm0,110,1,0.7273,1.410,10.023,11.434,house,his-last-bow,1,,server-1,1,1,1,5.347,3.191,1.518
least-connections-cache-off-warm0,110,1,0.7364,1.325,15.422,16.747,house,poirot-investigates,1,,server-2,1,1,0,2.829,4.011,4.157
least-connections-cache-off-warm0,110,1,0.7455,1.809,26.489,28.298,horse,the-iliad-2199,1,,server-3,0,1,1,3.388,2.123,4.157
least-connections-cache-off-warm0,110,1,0.7545,1.321,30.107,31.428,whale,the-moonstone,1,,server-1,1,0,1,3.388,3.788,2.237
least-connections-cache-off-warm0,110,1,0.7636,1.401,13.733,15.134,heart,desert-gold,1,,server-2,1,1,1,1.815,3.788,2.237
least-connections-cache-off-warm0,110,1,0.7727,1.532,27.205,28.737,was,little-women,1,,server-3,1,1,2,1.815,2.028,2.237
least-connections-cache-off-warm0,110,1,0.7818,1.503,10.078,11.581,whale,the-hound-of-the-baskervilles-3070,1,,server-2,1,1,1,1.815,3.434,2.905
least-connections-cache-off-warm0,110,1,0.7909,1.230,13.255,14.485,letter,silas-marner,1,,server-1,1,1,1,5.936,1.822,2.905
least-connections-cache-off-warm0,110,1,0.8000,1.342,13.989,15.331,night,frankenstein-or-the-modern-prometheus,1,,server-2,1,1,1,3.100,2.723,2.905
least-connections-cache-off-warm0,110,1,0.8091,1.524,12.648,14.172,money,the-king-in-yellow,1,,server-3,0,1,1,4.077,1.452,6.171
least-connections-cache-off-warm0,110,1,0.8182,1.434,17.000,18.435,letter,desert-gold,1,,server-1,1,0,1,4.077,3.128,3.255
least-connections-cache-off-warm0,110,1,0.8273,2.045,13.498,15.542,heart,silas-marner,1,,server-2,1,1,0,2.170,3.128,4.038
least-connections-cache-off-warm0,110,1,0.8364,1.545,13.970,15.515,sea,poirot-investigates,1,,server-3,1,1,1,5.042,1.701,4.038
least-connections-cache-off-warm0,110,1,0.8455,1.602,42.601,44.203,love,the-tenant-of-wildfell-hall,1,,server-1,1,0,1,4.062,3.153,2.142
least-connections-cache-off-warm0,110,1,0.8545,5.201,22.288,27.489,she,cranford,1,,server-2,1,1,0,2.167,3.153,3.555
least-connections-cache-off-warm0,110,1,0.8636,5.067,23.294,28.361,love,a-tale-of-two-cities,1,,server-3,1,1,1,2.167,1.800,3.555
least-connections-cache-off-warm0,110,1,0.8727,17.254,32.335,49.588,she,the-mysterious-island,1,,server-1,2,1,1,2.167,1.800,2.116
least-connections-cache-off-warm0,110,1,0.8818,1.865,17.218,19.083,castle,twenty-thousand-leagues-under-the-sea,1,,server-2,2,2,1,2.167,5.665,2.116
least-connections-cache-off-warm0,110,1,0.8909,1.440,25.658,27.098,love,great-expectations,1,,server-3,1,1,2,5.836,2.434,2.116
least-connections-cache-off-warm0,110,1,0.9000,22.797,27.662,50.459,love,jane-eyre-an-autobiography,1,,server-1,2,1,1,5.836,2.434,2.498
least-connections-cache-off-warm0,110,1,0.9091,1.402,8.639,10.040,love,the-hound-of-the-baskervilles-3070,1,,server-2,2,1,1,5.836,4.231,2.498
least-connections-cache-off-warm0,110,1,0.9182,1.535,12.483,14.018,horse,a-princess-of-mars,1,,server-3,2,1,2,5.836,2.234,5.626
least-connections-cache-off-warm0,110,1,0.9273,1.476,30.007,31.484,london,little-women,1,,server-2,1,1,1,7.296,2.760,2.948
least-connections-cache-off-warm0,110,1,0.9364,1.526,11.105,12.631,house,his-last-bow,1,,server-3,1,1,1,7.296,1.496,3.824
least-connections-cache-off-warm0,110,1,0.9455,5.705,8.072,13.776,sea,the-hound-of-the-baskervilles-3070,1,,server-1,2,1,1,7.296,1.496,2.023
least-connections-cache-off-warm0,110,1,0.9545,1.563,12.052,13.615,castle,autobiography-of-benjamin-franklin,1,,server-3,1,1,1,5.147,1.496,3.027
least-connections-cache-off-warm0,110,1,0.9636,1.300,19.352,20.652,heart,madame-bovary,1,,server-1,1,0,1,4.562,5.720,1.638
least-connections-cache-off-warm0,110,1,0.9727,1.454,19.324,20.778,castle,pride-and-prejudice,1,,server-2,1,1,0,2.447,5.720,2.932
least-connections-cache-off-warm0,110,1,0.9818,1.651,15.698,17.348,castle,the-age-of-innocence,1,,server-3,1,1,1,2.447,3.000,2.932
least-connections-cache-off-warm0,110,1,0.9909,1.705,11.898,13.603,heart,silas-marner,1,,server-1,1,1,1,4.601,3.000,1.572
least-connections-cache-off-warm0,110,1,1.0000,1.236,17.181,18.417,house,frankenstein-or-the-modern-prometheus,1,,server-2,1,1,0,2.449,4.955,3.469
least-connections-cache-off-warm0,110,1,1.0091,1.332,10.447,11.779,death,the-jungle-book,1,,server-3,0,1,1,3.370,2.605,3.469
least-connections-cache-off-warm0,110,1,1.0182,1.567,29.743,31.310,money,the-tenant-of-wildfell-hall,1,,server-1,1,1,1,3.370,5.388,1.837
least-connections-cache-off-warm0,110,1,1.0273,1.509,18.676,20.185,castle,the-secret-garden-17396,1,,server-2,1,1,0,1.788,4.339,2.808
least-connections-cache-off-warm0,110,1,1.0364,1.047,8.541,9.588,death,poirot-investigates,1,,server-3,1,1,1,1.788,2.312,2.808
least-connections-cache-off-warm0,110,1,1.0455,3.914,11.859,15.772,money,the-secret-adversary,1,,server-1,2,1,1,1.788,2.312,1.491
least-connections-cache-off-warm0,110,1,1.0545,1.678,15.893,17.571,heart,memoirs-of-fanny-hill,1,,server-2,1,1,0,4.580,4.416,2.292
least-connections-cache-off-warm0,110,1,1.0636,1.999,29.200,31.198,heart,walden-and-on-the-duty-of-civil-disobedience,1,,server-3,0,1,1,4.802,2.322,2.292
least-connections-cache-off-warm0,110,1,1.0727,1.746,20.241,21.988,sea,the-age-of-innocence,1,,server-1,1,0,1,4.802,3.971,1.289
least-connections-cache-off-warm0,110,1,1.0818,1.708,12.775,14.483,he,the-hound-of-the-baskervilles,1,,server-2,1,1,1,2.557,3.971,1.289
least-connections-cache-off-warm0,110,1,1.0909,4.475,24.652,29.127,whale,jude-the-obscure,1,,server-3,1,1,2,2.557,2.117,1.289
least-connections-cache-off-warm0,110,1,1.1000,1.549,13.156,14.705,you,the-king-in-yellow,1,,server-1,1,0,1,4.802,3.341,3.166
least-connections-cache-off-warm0,110,1,1.1091,1.335,18.501,19.836,london,the-memoirs-of-sherlock-holmes,1,,server-2,1,1,1,2.520,3.341,3.166
least-connections-cache-off-warm0,110,1,1.1182,1.261,28.123,29.384,money,mansfield-park,1,,server-1,1,1,1,3.659,1.791,3.166
least-connections-cache-off-warm0,110,1,1.1273,1.926,11.667,13.592,horse,black-beauty,1,,server-3,1,1,1,1.928,1.791,5.907
least-connections-cache-off-warm0,110,1,1.1364,1.736,15.590,17.327,was,persuasion,1,,server-2,1,1,1,1.928,4.062,3.112
least-connections-cache-off-warm0,110,1,1.1455,2.012,28.845,30.857,horse,villette,1,,server-3,1,1,1,1.928,2.159,3.784
least-connections-cache-off-warm0,110,1,1.1545,1.400,30.009,31.409,castle,the-iliad-2199,1,,server-1,1,0,1,5.690,3.812,1.990
least-connections-cache-off-warm0,110,1,1.1636,1.715,12.494,14.210,king,the-jungle-book,1,,server-2,1,1,1,2.977,3.812,1.990
least-connections-cache-off-warm0,110,1,1.1727,4.208,15.841,20.049,she,the-age-of-innocence,1,,server-3,1,1,2,2.977,2.035,1.990
least-connections-cache-off-warm0,110,1,1.1818,1.402,12.765,14.167,letter,the-secret-garden,1,,server-2,1,1,1,2.977,3.248,3.328
least-connections-cache-off-warm0,110,1,1.1909,1.108,18.099,19.207,castle,the-last-of-the-mohicans-a-narrative-of-1757-27681,1,,server-1,1,1,1,6.677,1.733,3.328
least-connections-cache-off-warm0,110,1,1.2000,1.385,14.054,15.439,heart,the-secret-adversary,1,,server-2,1,1,0,3.469,3.120,4.625
least-connections-cache-off-warm0,110,1,1.2091,1.465,24.457,25.922,you,mary-barton,1,,server-3,1,1,1,3.469,1.673,4.625
least-connections-cache-off-warm0,110,1,1.2182,1.170,14.498,15.669,you,grimms-fairy-tales,1,,server-1,1,0,1,5.080,3.272,2.478
least-connections-cache-off-warm0,110,1,1.2273,1.103,34.865,35.968,whale,the-innocents-abroad,1,,server-2,1,1,1,2.665,3.272,2.478
least-connections-cache-off-warm0,110,1,1.2364,1.466,14.083,15.549,london,myths-and-legends-of-ancient-greece-and-rome,1,,server-3,0,1,1,3.964,1.741,5.468
least-connections-cache-off-warm0,110,1,1.2455,1.213,23.753,24.966,money,the-adventures-of-ferdinand-count-fathom-complete,1,,server-1,1,1,1,3.964,1.741,2.862
least-connections-cache-off-warm0,110,1,1.2545,1.232,12.525,13.756,horse,a-princess-of-mars,1,,server-3,1,1,1,2.095,1.741,4.004
least-connections-cache-off-warm0,110,1,1.2636,1.450,23.392,24.841,love,mansfield-park,1,,server-2,1,1,1,2.095,6.655,2.110
least-connections-cache-off-warm0,110,1,1.2727,1.456,17.853,19.310,death,the-divine-comedy,1,,server-3,0,1,1,5.085,3.494,3.307
least-connections-cache-off-warm0,110,1,1.2818,1.318,28.272,29.590,love,the-innocents-abroad,1,,server-1,1,1,1,5.085,3.494,1.758
least-connections-cache-off-warm0,110,1,1.2909,1.633,25.044,26.678,love,oliver-twist,1,,server-2,1,1,1,2.711,5.939,1.758
least-connections-cache-off-warm0,110,1,1.3000,1.694,16.830,18.524,sea,meditations,1,,server-3,1,1,1,2.711,3.178,3.915
least-connections-cache-off-warm0,110,1,1.3091,3.093,25.658,28.751,king,the-jungle,1,,server-1,2,1,1,2.711,3.178,2.089
least-connections-cache-off-warm0,110,1,1.3182,1.654,17.847,19.501,king,adventures-of-huckleberry-finn,1,,server-2,1,1,1,3.358,5.953,4.933
least-connections-cache-off-warm0,110,1,1.3273,1.736,24.432,26.168,night,mansfield-park,1,,server-3,1,1,1,3.358,3.119,3.977
least-connections-cache-off-warm0,110,1,1.3364,2.224,13.182,15.405,you,northanger-abbey,1,,server-1,2,1,1,3.358,3.119,2.118
least-connections-cache-off-warm0,110,1,1.3455,1.198,18.748,19.945,money,walden-and-on-the-duty-of-civil-disobedience,1,,server-2,1,1,1,3.323,4.814,2.118
least-connections-cache-off-warm0,110,1,1.3545,1.081,27.808,28.890,he,jane-eyre-an-autobiography,1,,server-3,0,1,1,4.187,2.532,5.217
least-connections-cache-off-warm0,110,1,1.3636,1.339,15.147,16.486,love,a-journey-to-the-centre-of-the-earth,1,,server-1,1,1,1,4.187,2.532,2.742
least-connections-cache-off-warm0,110,1,1.3727,1.411,14.750,16.161,love,the-adventures-of-tom-sawyer-complete,1,,server-2,1,1,1,2.217,4.591,2.742
least-connections-cache-off-warm0,110,1,1.3818,1.135,20.431,21.566,house,the-american,1,,server-1,1,1,1,3.806,2.456,2.742
least-connections-cache-off-warm0,110,1,1.3909,1.614,27.094,28.708,whale,desperate-remedies,1,,server-2,1,1,0,2.014,3.895,6.174
least-connections-cache-off-warm0,110,1,1.4000,1.417,15.109,16.526,money,a-journey-to-the-centre-of-the-earth,1,,server-3,1,1,1,2.014,2.103,6.174
least-connections-cache-off-warm0,110,1,1.4091,1.576,9.278,10.854,king,the-prince,1,,server-1,1,1,1,4.509,2.103,3.231
least-connections-cache-off-warm0,110,1,1.4182,1.338,17.766,19.105,castle,anne-of-green-gables,1,,server-3,1,1,1,2.404,2.103,4.432
least-connections-cache-off-warm0,110,1,1.4273,1.587,10.046,11.633,and,the-hound-of-the-baskervilles,1,,server-1,1,0,1,2.916,5.625,2.334
least-connections-cache-off-warm0,110,1,1.4364,1.950,19.311,21.261,london,anne-of-green-gables,1,,server-2,1,1,1,1.581,5.625,2.334
least-connections-cache-off-warm0,110,1,1.4455,1.155,16.195,17.350,london,the-scarlet-letter,1,,server-3,0,1,1,2.574,2.952,4.298
least-connections-cache-off-warm0,110,1,1.4545,1.705,16.824,18.530,you,wuthering-heights,1,,server-1,1,1,1,2.574,2.952,2.271
least-connections-cache-off-warm0,110,1,1.4636,1.606,26.520,28.125,money,the-tenant-of-wildfell-hall,1,,server-2,1,1,0,1.394,4.948,4.003
least-connections-cache-off-warm0,110,1,1.4727,1.693,22.429,24.122,the,far-from-the-madding-crowd,1,,server-3,1,1,1,4.381,2.604,4.003
least-connections-cache-off-warm0,110,1,1.4818,1.783,28.926,30.709,castle,the-iliad,1,,server-1,1,1,1,3.530,2.604,2.134
least-connections-cache-off-warm0,110,1,1.4909,2.139,34.143,36.281,london,the-moonstone,1,,server-2,1,2,1,1.902,2.604,2.134
least-connections-cache-off-warm0,110,1,1.5000,1.517,16.652,18.168,was,the-works-of-edgar-allan-poe-volume-2,1,,server-3,1,1,1,1.902,3.074,4.903
least-connections-cache-off-warm0,110,1,1.5091,4.146,29.878,34.024,letter,jane-eyre-an-autobiography,1,,server-1,2,1,1,1.902,3.074,2.575
least-connections-cache-off-warm0,110,1,1.5182,9.348,22.558,31.906,of,far-from-the-madding-crowd,1,,server-2,1,2,1,3.327,3.074,4.262
least-connections-cache-off-warm0,110,1,1.5273,1.429,28.867,30.295,and,great-expectations,1,,server-3,1,2,1,3.327,6.455,4.262
least-connections-cache-off-warm0,110,1,1.5364,7.738,12.605,20.343,death,the-prince,1,,server-1,2,1,1,3.327,5.180,2.249
least-connections-cache-off-warm0,110,1,1.5455,5.333,29.785,35.117,sea,north-and-south,1,,server-2,1,2,1,4.386,5.180,2.249
least-connections-cache-off-warm0,110,1,1.5545,3.652,17.712,21.365,and,a-connecticut-yankee-in-king-arthur-s-court,1,,server-3,1,1,2,4.386,3.992,2.249
least-connections-cache-off-warm0,110,1,1.5636,1.585,23.463,25.048,she,the-iliad-2199,1,,server-1,1,1,1,4.753,3.992,3.431
least-connections-cache-off-warm0,110,1,1.5727,8.452,16.653,25.105,king,cranford,1,,server-2,1,2,1,2.543,3.992,3.431
least-connections-cache-off-warm0,110,1,1.5818,1.235,16.299,17.534,he,the-king-in-yellow,1,,server-3,1,1,1,2.543,4.475,4.991
least-connections-cache-off-warm0,110,1,1.5909,1.334,12.072,13.406,sea,washington-square,1,,server-1,1,1,1,5.307,4.475,2.618
least-connections-cache-off-warm0,110,1,1.6000,1.443,15.594,17.036,horse,treasure-island,1,,server-2,1,1,0,2.802,5.468,4.225
least-connections-cache-off-warm0,110,1,1.6091,1.198,19.038,20.235,castle,the-portrait-of-a-lady-volume-1,1,,server-3,0,1,1,3.690,2.892,4.225
least-connections-cache-off-warm0,110,1,1.6182,1.226,26.473,27.699,of,far-from-the-madding-crowd,1,,server-1,1,0,1,3.690,4.271,2.220
least-connections-cache-off-warm0,110,1,1.6273,1.422,13.862,15.284,letter,silas-marner,1,,server-2,1,1,1,1.953,4.271,2.220
least-connections-cache-off-warm0,110,1,1.6364,1.791,30.176,31.966,love,the-moonstone,1,,server-3,1,1,1,1.953,2.261,4.428
least-connections-cache-off-warm0,110,1,1.6455,1.411,28.287,29.698,of,the-romance-of-lust-a-classic-victorian-erotic-novel,1,,server-2,1,1,1,6.788,3.619,2.357
least-connections-cache-off-warm0,110,1,1.6545,1.341,12.896,14.236,horse,the-adventures-of-tom-sawyer-complete,1,,server-1,1,1,1,5.449,1.925,2.357
least-connections-cache-off-warm0,110,1,1.6636,12.170,10.748,22.918,she,silas-marner,1,,server-2,1,2,1,2.871,1.925,2.357
least-connections-cache-off-warm0,110,1,1.6727,1.498,14.606,16.104,she,a-journey-to-the-centre-of-the-earth,1,,server-3,0,2,1,3.817,1.925,6.253
least-connections-cache-off-warm0,110,1,1.6818,1.416,13.736,15.153,london,the-warden,1,,server-1,1,1,1,3.817,4.351,3.276
least-connections-cache-off-warm0,110,1,1.6909,1.385,18.367,19.752,he,madame-bovary,1,,server-2,1,1,0,2.028,4.454,4.389
least-connections-cache-off-warm0,110,1,1.7000,1.488,24.413,25.901,whale,mansfield-park,1,,server-3,0,1,1,3.451,2.341,4.389
least-connections-cache-off-warm0,110,1,1.7091,1.774,24.883,26.658,castle,a-tale-of-two-cities,1,,server-1,1,1,1,3.451,2.341,2.347
least-connections-cache-off-warm0,110,1,1.7182,1.647,9.751,11.398,and,herland,1,,server-2,1,1,1,1.865,4.387,2.347
least-connections-cache-off-warm0,110,1,1.7273,2.203,22.321,24.524,night,the-last-of-the-mohicans-a-narrative-of-1757-27681,1,,server-3,1,1,1,1.865,2.311,5.381
least-connections-cache-off-warm0,110,1,1.7364,1.352,25.885,27.237,castle,oliver-twist,1,,server-1,1,0,1,5.114,2.886,2.824
least-connections-cache-off-warm0,110,1,1.7455,1.934,18.119,20.052,money,the-memoirs-of-sherlock-holmes,1,,server-2,1,1,1,2.696,2.886,2.824
least-connections-cache-off-warm0,110,1,1.7545,1.231,10.059,11.290,letter,the-hound-of-the-baskervilles-3070,1,,server-3,1,1,1,2.696,1.552,5.323
least-connections-cache-off-warm0,110,1,1.7636,1.769,26.148,27.918,the,the-last-of-the-mohicans-a-narrative-of-1757,1,,server-1,2,1,1,5.818,1.552,2.781
least-connections-cache-off-warm0,110,1,1.7727,1.074,25.676,26.750,and,emma,1,,server-2,1,1,0,3.063,3.832,3.352
least-connections-cache-off-warm0,110,1,1.7818,1.389,19.398,20.787,house,pride-and-prejudice,1,,server-3,1,1,1,3.063,2.026,3.352
least-connections-cache-off-warm0,110,1,1.7909,1.693,29.266,30.959,house,north-and-south,1,,server-1,2,1,1,3.063,2.026,1.773
least-connections-cache-off-warm0,110,1,1.8000,1.612,11.105,12.717,was,the-first-men-in-the-moon,1,,server-2,1,1,1,3.190,5.353,1.773
least-connections-cache-off-warm0,110,1,1.8091,1.400,12.963,14.363,she,black-beauty,1,,server-3,1,1,1,3.190,2.810,4.197
least-connections-cache-off-warm0,110,1,1.8182,1.293,21.651,22.944,sea,the-return-of-sherlock-holmes,1,,server-2,1,1,1,3.190,3.518,2.234
least-connections-cache-off-warm0,110,1,1.8273,1.296,14.344,15.640,the,the-adventures-of-tom-sawyer-complete,1,,server-3,0,1,1,6.671,1.868,3.477
least-connections-cache-off-warm0,110,1,1.8364,1.927,44.977,46.904,and,the-moonstone,1,,server-1,1,1,1,6.671,1.868,1.838
least-connections-cache-off-warm0,110,1,1.8455,1.995,23.382,25.377,of,memoirs-of-fanny-hill,1,,server-2,1,1,0,3.535,4.617,3.425
least-connections-cache-off-warm0,110,1,1.8545,2.554,16.438,18.993,whale,the-hound-of-the-baskervilles,1,,server-3,1,1,1,3.535,2.479,3.425
least-connections-cache-off-warm0,110,1,1.8636,20.083,12.719,32.801,and,northanger-abbey,1,,server-1,2,1,1,3.535,2.479,1.892
least-connections-cache-off-warm0,110,1,1.8727,1.251,22.465,23.717,the,the-divine-comedy,1,,server-2,2,1,1,3.535,5.255,1.892
least-connections-cache-off-warm0,110,1,1.8818,1.465,12.662,14.127,the,the-secret-garden,1,,server-3,2,1,1,3.535,2.810,3.756
least-connections-cache-off-warm0,110,1,1.8909,6.534,21.024,27.558,money,treasure-island,1,,server-1,2,1,1,6.817,2.810,2.011
least-connections-cache-off-warm0,110,1,1.9000,1.213,23.565,24.778,castle,the-scarlet-letter-33,1,,server-2,1,1,0,4.020,5.335,3.264
least-connections-cache-off-warm0,110,1,1.9091,1.775,20.249,22.024,the,sense-and-sensibility,1,,server-3,1,1,1,4.020,2.808,3.264
least-connections-cache-off-warm0,110,1,1.9182,1.107,14.036,15.142,house,the-king-in-yellow,1,,server-1,2,1,1,7.322,2.808,1.785
least-connections-cache-off-warm0,110,1,1.9273,1.214,9.300,10.514,she,herland,1,,server-2,1,1,1,3.074,5.536,1.785
least-connections-cache-off-warm0,110,1,1.9364,1.301,31.760,33.061,of,the-jungle,1,,server-3,0,1,1,4.157,2.900,4.329
least-connections-cache-off-warm0,110,1,1.9455,1.655,21.182,22.837,london,the-last-of-the-mohicans-a-narrative-of-1757,1,,server-1,1,0,1,4.157,3.288,2.286
least-connections-cache-off-warm0,110,1,1.9545,1.476,24.278,25.754,whale,emma,1,,server-2,1,1,1,2.229,3.288,2.286
least-connections-cache-off-warm0,110,1,1.9636,6.574,15.280,21.854,was,grimms-fairy-tales,1,,server-3,1,1,2,2.229,1.754,2.286
least-connections-cache-off-warm0,110,1,1.9727,1.565,18.541,20.106,letter,adventures-of-huckleberry-finn,1,,server-1,1,1,1,4.763,1.754,3.901
least-connections-cache-off-warm0,110,1,1.9818,1.283,9.502,10.785,was,the-prince,1,,server-2,1,1,1,2.534,4.960,3.901
least-connections-cache-off-warm0,110,1,1.9909,1.288,31.050,32.339,love,the-mysterious-island,1,,server-3,1,1,1,2.534,2.625,4.864
least-connections-cache-off-warm0,110,1,2.0000,1.424,24.826,26.250,money,emma,1,,server-1,1,0,1,4.555,3.190,2.560
least-connections-cache-off-warm0,110,1,2.0091,1.475,21.202,22.677,the,a-tale-of-two-cities,1,,server-2,1,1,1,2.438,3.190,2.560
least-connections-cache-off-warm0,110,1,2.0182,5.784,14.268,20.052,house,the-warden,1,,server-3,1,1,2,2.438,1.725,2.560
least-connections-cache-off-warm0,110,1,2.0273,1.339,15.837,17.175,king,around-the-world-in-eighty-days,1,,server-1,1,1,1,5.513,1.725,3.853
least-connections-cache-off-warm0,110,1,2.0364,1.379,12.593,13.972,the,the-war-of-the-worlds,1,,server-2,1,1,1,2.905,4.436,3.853
least-connections-cache-off-warm0,110,1,2.0455,1.437,35.748,37.185,london,jude-the-obscure,1,,server-3,0,1,1,4.344,2.337,4.706
least-connections-cache-off-warm0,110,1,2.0545,1.949,17.762,19.711,she,around-the-world-in-eighty-days,1,,server-1,1,0,1,4.344,3.441,2.481
least-connections-cache-off-warm0,110,1,2.0636,1.211,10.508,11.719,was,black-beauty,1,,server-2,1,1,1,2.361,3.441,2.481
least-connections-cache-off-warm0,110,1,2.0727,10.140,10.188,20.328,whale,the-war-of-the-worlds,1,,server-3,1,1,2,2.361,1.832,2.481
least-connections-cache-off-warm0,110,1,2.0818,1.273,15.085,16.359,the,the-picture-of-dorian-gray,1,,server-1,1,0,2,4.271,2.817,2.481
least-connections-cache-off-warm0,110,1,2.0909,1.908,28.017,29.924,the,autobiography-of-benjamin-franklin,1,,server-2,1,1,1,2.257,2.817,4.713
least-connections-cache-off-warm0,110,1,2.1000,2.702,30.184,32.885,house,adventures-of-huckleberry-finn,1,,server-3,0,1,1,3.816,1.525,4.589
least-connections-cache-off-warm0,110,1,2.1091,4.038,19.684,23.722,whale,grimms-fairy-tales,1,,server-1,1,1,1,3.816,1.525,2.482
least-connections-cache-off-warm0,110,1,2.1182,3.620,29.558,33.178,king,the-innocents-abroad,1,,server-2,1,2,1,2.159,1.525,2.482
least-connections-cache-off-warm0,110,1,2.1273,6.370,27.306,33.676,king,the-song-of-the-lark,1,,server-3,1,1,2,2.159,3.088,2.482
least-connections-cache-off-warm0,110,1,2.1364,1.988,26.856,28.844,letter,great-expectations,1,,server-1,1,1,1,4.417,3.088,3.769
least-connections-cache-off-warm0,110,1,2.1455,6.765,24.953,31.718,letter,madame-bovary,1,,server-2,1,2,1,2.354,3.088,3.769
least-connections-cache-off-warm0,110,1,2.1545,6.787,22.382,29.170,of,madame-bovary,1,,server-3,1,1,2,2.354,4.118,3.769
least-connections-cache-off-warm0,110,1,2.1636,2.426,22.123,24.549,she,the-song-of-the-lark,1,,server-1,2,1,1,2.354,4.118,4.053
least-connections-cache-off-warm0,110,1,2.1727,5.005,9.756,14.761,you,the-wind-in-the-willows,1,,server-2,1,2,1,3.091,4.118,4.053
least-connections-cache-off-warm0,110,1,2.1818,2.908,31.408,34.316,love,a-connecticut-yankee-in-king-arthur-s-court,1,,server-3,1,1,2,3.091,3.805,4.053
least-connections-cache-off-warm0,110,1,2.1909,1.209,12.366,13.575,the,the-kama-sutra-of-vatsyayana,1,,server-1,1,0,1,5.478,3.948,3.369
least-connections-cache-off-warm0,110,1,2.2000,2.262,27.964,30.227,you,madame-bovary,1,,server-2,1,1,1,2.872,3.948,3.369
least-connections-cache-off-warm0,110,1,2.2091,2.393,17.596,19.989,heart,frankenstein-or-the-modern-prometheus,1,,server-1,1,1,1,3.757,2.151,3.369
least-connections-cache-off-warm0,110,1,2.2182,2.061,25.284,27.344,death,life-on-the-mississippi,1,,server-3,1,1,1,2.065,2.151,7.095
least-connections-cache-off-warm0,110,1,2.2273,2.324,19.637,21.961,letter,the-memoirs-of-sherlock-holmes,1,,server-1,2,1,1,2.065,2.151,3.755
least-connections-cache-off-warm0,110,1,2.2364,1.556,25.088,26.644,king,oliver-twist,1,,server-2,1,1,1,2.291,5.756,3.755
least-connections-cache-off-warm0,110,1,2.2455,1.316,10.577,11.893,letter,dubliners,1,,server-3,1,1,2,2.291,3.023,7.939
least-connections-cache-off-warm0,110,1,2.2545,1.328,15.790,17.118,the,treasure-island,1,,server-1,1,1,1,4.539,3.023,3.340
least-connections-cache-off-warm0,110,1,2.2636,1.015,17.427,18.442,castle,the-adventures-of-sherlock-holmes,1,,server-2,1,1,0,2.399,5.909,3.786
least-connections-cache-off-warm0,110,1,2.2727,1.185,14.712,15.897,she,persuasion,1,,server-3,0,1,1,4.022,3.088,3.786
least-connections-cache-off-warm0,110,1,2.2818,1.320,21.987,23.306,letter,the-adventures-of-sherlock-holmes,1,,server-1,1,1,1,4.022,5.908,2.007
least-connections-cache-off-warm0,110,1,2.2909,1.151,26.561,27.712,night,hard-times,1,,server-2,1,1,0,2.134,4.743,3.613
least-connections-cache-off-warm0,110,1,2.3000,1.872,26.026,27.898,horse,the-last-of-the-mohicans-a-narrative-of-1757-27681,1,,server-3,1,1,1,2.134,2.504,3.613
least-connections-cache-off-warm0,110,1,2.3091,2.335,23.182,25.517,king,the-odyssey,1,,server-1,1,1,1,4.850,2.504,1.955
least-connections-cache-off-warm0,110,1,2.3182,1.703,12.439,14.142,money,silas-marner,1,,server-2,1,2,1,2.600,7.207,1.955
least-connections-cache-off-warm0,110,1,2.3273,1.222,23.927,25.149,was,dracula,1,,server-3,1,1,2,2.600,3.084,1.955
least-connections-cache-off-warm0,110,1,2.3364,1.914,14.785,16.699,heart,the-memoirs-of-sherlock-holmes,1,,server-1,1,0,1,5.288,3.907,2.834
least-connections-cache-off-warm0,110,1,2.3455,1.669,8.949,10.618,whale,the-kama-sutra-of-vatsyayana,1,,server-2,1,1,1,2.843,3.907,2.834
least-connections-cache-off-warm0,110,1,2.3545,1.461,24.410,25.871,he,the-jungle,1,,server-3,0,1,1,4.125,2.113,5.628
least-connections-cache-off-warm0,110,1,2.3636,1.326,15.100,16.426,and,the-works-of-edgar-allan-poe-volume-2,1,,server-1,1,0,1,4.125,2.724,2.955
least-connections-cache-off-warm0,110,1,2.3727,1.460,10.841,12.301,sea,the-great-gatsby,1,,server-2,1,1,1,2.189,2.724,2.955
least-connections-cache-off-warm0,110,1,2.3818,1.192,10.714,11.906,money,around-the-world-in-eighty-days,1,,server-3,0,1,1,3.776,1.484,5.754
least-connections-cache-off-warm0,110,1,2.3909,1.608,16.767,18.375,you,the-adventures-of-sherlock-holmes,1,,server-1,1,0,1,3.776,2.639,3.013
least-connections-cache-off-warm0,110,1,2.4000,1.561,25.094,26.655,horse,far-from-the-madding-crowd,1,,server-2,1,1,0,2.053,2.639,3.607
least-connections-cache-off-warm0,110,1,2.4091,1.662,15.423,17.086,of,autobiography-of-benjamin-franklin,1,,server-3,1,1,1,3.932,1.436,3.607
least-connections-cache-off-warm0,110,1,2.4182,1.520,20.990,22.510,the,the-age-of-innocence,1,,server-1,1,1,1,3.932,1.436,1.938
least-connections-cache-off-warm0,110,1,2.4273,1.076,20.778,21.854,heart,far-from-the-madding-crowd,1,,server-2,1,1,0,2.102,4.870,3.648
least-connections-cache-off-warm0,110,1,2.4364,1.942,26.627,28.569,london,dracula,1,,server-3,1,1,1,2.102,2.562,3.648
least-connections-cache-off-warm0,110,1,2.4455,1.491,16.928,18.420,horse,the-works-of-edgar-allan-poe-volume-2,1,,server-1,1,1,1,4.664,2.562,1.959
least-connections-cache-off-warm0,110,1,2.4545,1.479,10.803,12.282,whale,poirot-investigates,1,,server-2,1,1,1,2.474,4.900,1.959
least-connections-cache-off-warm0,110,1,2.4636,2.011,22.192,24.204,of,the-jungle,1,,server-3,1,1,2,5.287,2.575,1.959
least-connections-cache-off-warm0,110,1,2.4727,1.512,32.093,33.605,love,the-jungle,1,,server-1,1,0,1,4.273,3.334,2.927
least-connections-cache-off-warm0,110,1,2.4818,1.482,11.150,12.632,death,washington-square,1,,server-2,1,1,1,2.282,3.334,2.927
least-connections-cache-off-warm0,110,1,2.4909,1.264,18.410,19.674,letter,wuthering-heights,1,,server-3,1,1,1,2.282,1.781,5.375
least-connections-cache-off-warm0,110,1,2.5000,1.482,18.002,19.483,night,adventures-of-huckleberry-finn,1,,server-2,1,1,1,2.282,2.881,2.813
least-connections-cache-off-warm0,110,1,2.5091,1.748,12.428,14.176,heart,washington-square,1,,server-1,1,1,1,6.549,1.561,2.813
least-connections-cache-off-warm0,110,1,2.5182,1.520,16.846,18.366,love,the-hound-of-the-baskervilles,1,,server-3,1,1,1,3.455,1.561,4.691
least-connections-cache-off-warm0,110,1,2.5273,1.632,36.401,38.032,you,the-mysterious-island,1,,server-1,1,0,1,4.120,3.746,2.473
least-connections-cache-off-warm0,110,1,2.5364,2.095,20.491,22.587,of,twenty-thousand-leagues-under-the-sea,1,,server-2,1,1,1,2.201,3.746,4.209
least-connections-cache-off-warm0,110,1,2.5455,2.106,11.352,13.457,horse,the-wind-in-the-willows,1,,server-3,1,1,1,2.201,2.012,4.209
least-connections-cache-off-warm0,110,1,2.5545,11.300,25.199,36.499,whale,the-last-of-the-mohicans-a-narrative-of-1757,1,,server-1,2,1,1,2.201,2.012,2.256
least-connections-cache-off-warm0,110,1,2.5636,1.418,19.126,20.544,you,white-fang,1,,server-2,2,1,0,2.201,4.498,3.228
least-connections-cache-off-warm0,110,1,2.5727,1.638,32.840,34.479,she,little-women,1,,server-3,1,1,1,4.731,2.384,3.228
least-connections-cache-off-warm0,110,1,2.5818,9.439,14.290,23.729,she,myths-and-legends-of-ancient-greece-and-rome,1,,server-1,2,1,1,4.731,2.384,1.741
least-connections-cache-off-warm0,110,1,2.5909,1.776,9.404,11.180,king,poirot-investigates,1,,server-2,2,1,1,5.504,4.530,1.741
least-connections-cache-off-warm0,110,1,2.6000,7.316,35.922,43.238,whale,the-vicomte-de-bragelonne,1,,server-3,1,1,2,4.422,2.394,1.741
least-connections-cache-off-warm0,110,1,2.6091,1.472,28.996,30.468,night,the-iliad-2199,1,,server-1,1,0,1,5.014,2.980,4.049
least-connections-cache-off-warm0,110,1,2.6182,2.870,30.978,33.848,sea,north-and-south,1,,server-2,1,1,1,2.645,2.980,4.049
least-connections-cache-off-warm0,110,1,2.6273,17.278,15.482,32.760,the,myths-and-legends-of-ancient-greece-and-rome,1,,server-3,1,1,2,2.645,1.666,4.049
least-connections-cache-off-warm0,110,1,2.6364,3.696,22.291,25.986,money,mansfield-park,1,,server-1,2,1,2,2.645,1.666,4.049
least-connections-cache-off-warm0,110,1,2.6455,7.361,20.761,28.121,death,pride-and-prejudice,1,,server-2,1,2,1,3.523,1.666,5.934
least-connections-cache-off-warm0,110,1,2.6545,6.082,15.248,21.331,whale,the-king-in-yellow,1,,server-3,1,1,2,3.523,4.177,5.934
least-connections-cache-off-warm0,110,1,2.6636,1.405,35.496,36.901,of,the-vicomte-de-bragelonne,1,,server-1,1,1,1,5.783,4.177,3.703
least-connections-cache-off-warm0,110,1,2.6727,1.625,19.794,21.419,sea,the-odyssey,1,,server-2,1,2,1,3.029,4.177,3.703
least-connections-cache-off-warm0,110,1,2.6818,1.190,24.083,25.272,and,emma,1,,server-3,1,1,1,3.029,3.141,4.760
least-connections-cache-off-warm0,110,1,2.6909,9.734,11.719,21.453,she,frankenstein-or-the-modern-prometheus,1,,server-1,2,1,1,3.029,3.141,2.502
least-connections-cache-off-warm0,110,1,2.7000,1.184,18.279,19.463,the,the-memoirs-of-sherlock-holmes,1,,server-2,2,1,1,3.510,5.148,2.502
least-connections-cache-off-warm0,110,1,2.7091,1.331,31.637,32.968,of,the-moonstone,1,,server-3,1,1,1,5.540,2.690,5.409
least-connections-cache-off-warm0,110,1,2.7182,1.633,26.948,28.581,was,little-women,1,,server-1,1,1,1,5.378,2.690,2.832
least-connections-cache-off-warm0,110,1,2.7273,1.769,16.340,18.109,was,the-age-of-innocence,1,,server-2,1,1,1,2.837,4.600,2.832
least-connections-cache-off-warm0,110,1,2.7364,6.721,26.189,32.910,and,walden-and-on-the-duty-of-civil-disobedience,1,,server-3,1,1,2,2.837,2.491,2.832
least-connections-cache-off-warm0,110,1,2.7455,1.949,18.107,20.056,heart,leaves-of-grass,1,,server-1,2,1,1,2.837,4.136,4.061
least-connections-cache-off-warm0,110,1,2.7545,1.403,18.647,20.050,sea,a-connecticut-yankee-in-king-arthur-s-court,1,,server-2,1,1,1,3.250,4.136,4.061
least-connections-cache-off-warm0,110,1,2.7636,5.990,12.258,18.248,he,the-picture-of-dorian-gray,1,,server-3,1,1,2,3.250,2.188,4.061
least-connections-cache-off-warm0,110,1,2.7727,1.220,13.967,15.188,love,persuasion,1,,server-1,1,1,1,4.895,2.188,3.987
least-connections-cache-off-warm0,110,1,2.7818,1.459,9.320,10.779,castle,the-prince,1,,server-2,1,1,1,2.573,4.359,4.467
least-connections-cache-off-warm0,110,1,2.7909,1.533,21.955,23.488,money,the-american,1,,server-3,0,1,1,3.859,2.293,4.467
least-connections-cache-off-warm0,110,1,2.8000,1.342,22.973,24.315,whale,desperate-remedies,1,,server-1,1,0,1,3.859,2.908,2.355
least-connections-cache-off-warm0,110,1,2.8091,1.640,12.851,14.491,the,the-king-in-yellow,1,,server-2,1,1,1,2.057,2.908,2.355
least-connections-cache-off-warm0,110,1,2.8182,1.293,14.759,16.053,she,agnes-grey,1,,server-3,1,1,1,2.057,1.584,4.967
least-connections-cache-off-warm0,110,1,2.8273,1.152,13.015,14.167,he,the-prince,1,,server-1,1,0,1,4.952,3.010,2.611
least-connections-cache-off-warm0,110,1,2.8364,2.035,28.276,30.311,money,the-jungle-book,1,,server-2,1,1,0,2.596,3.010,3.996
least-connections-cache-off-warm0,110,1,2.8455,3.166,24.809,27.975,heart,black-beauty,1,,server-3,0,1,1,3.708,1.662,3.996
least-connections-cache-off-warm0,110,1,2.8545,3.656,28.277,31.932,and,the-american,1,,server-1,1,1,1,3.708,1.662,2.245
least-connections-cache-off-warm0,110,1,2.8636,4.157,25.570,29.726,she,desperate-remedies,1,,server-2,1,2,1,2.034,1.662,2.245
least-connections-cache-off-warm0,110,1,2.8727,2.898,14.001,16.900,and,the-king-in-yellow,1,,server-3,1,1,2,2.034,3.158,6.568
least-connections-cache-off-warm0,110,1,2.8818,5.011,12.427,17.439,king,black-beauty,1,,server-1,2,1,1,2.034,3.158,2.859
least-connections-cache-off-warm0,110,1,2.8909,1.676,13.294,14.971,he,the-lost-world,1,,server-3,1,1,1,3.387,3.158,3.993
least-connections-cache-off-warm0,110,1,2.9000,1.272,20.224,21.496,king,the-return-of-sherlock-holmes-108,1,,server-1,1,0,1,4.086,6.046,2.173
least-connections-cache-off-warm0,110,1,2.9091,1.253,21.054,22.307,london,grimms-fairy-tales,1,,server-2,1,1,0,2.156,6.046,3.438
least-connections-cache-off-warm0,110,1,2.9182,2.049,15.822,17.871,london,northanger-abbey,1,,server-3,1,1,1,2.156,3.169,3.438
least-connections-cache-off-warm0,110,1,2.9273,1.183,23.619,24.802,king,the-return-of-sherlock-holmes,1,,server-1,1,1,1,4.573,3.169,1.885
least-connections-cache-off-warm0,110,1,2.9364,1.541,13.402,14.943,money,the-great-gatsby,1,,server-2,1,1,0,2.411,5.342,3.679
least-connections-cache-off-warm0,110,1,2.9455,2.233,18.835,21.069,house,myths-and-legends-of-ancient-greece-and-rome,1,,server-3,1,1,1,2.411,2.796,3.679
least-connections-cache-off-warm0,110,1,2.9545,1.218,28.951,30.169,she,jane-eyre-an-autobiography,1,,server-1,1,0,1,5.286,3.883,2.021
least-connections-cache-off-warm0,110,1,2.9636,1.145,13.568,14.714,money,a-journey-to-the-centre-of-the-earth,1,,server-2,1,1,1,2.794,3.883,2.021
least-connections-cache-off-warm0,110,1,2.9727,1.339,20.262,21.601,night,the-last-of-the-mohicans-a-narrative-of-1757-27681,1,,server-3,1,1,1,2.794,2.048,4.255
least-connections-cache-off-warm0,110,1,2.9818,0.997,9.922,10.919,she,the-mysterious-affair-at-styles,1,,server-2,1,1,1,2.794,3.447,2.244
least-connections-cache-off-warm0,110,1,2.9909,1.590,25.476,27.066,love,the-return-of-sherlock-holmes,1,,server-1,1,1,1,6.388,1.824,2.244
least-connections-cache-off-warm0,110,1,3.0000,1.563,36.982,38.545,letter,north-and-south,1,,server-2,1,1,0,3.365,2.688,4.649
least-connections-cache-off-warm0,110,1,3.0091,2.575,9.452,12.027,the,beyond-good-and-evil,1,,server-3,1,1,1,3.365,1.458,4.649
least-connections-cache-off-warm0,110,1,3.0182,1.238,12.478,13.716,was,beyond-good-and-evil,1,,server-1,1,1,1,6.170,1.458,2.539
least-connections-cache-off-warm0,110,1,3.0273,1.920,16.122,18.042,the,the-mystery-of-edwin-drood,1,,server-3,1,1,1,3.251,1.458,3.063
least-connections-cache-off-warm0,110,1,3.0364,1.291,34.739,36.030,house,the-vicomte-de-bragelonne,1,,server-1,1,1,1,4.057,1.458,1.668
least-connections-cache-off-warm0,110,1,3.0455,1.504,29.760,31.264,night,north-and-south,1,,server-2,1,1,1,2.151,6.796,3.579
least-connections-cache-off-warm0,110,1,3.0545,2.057,22.228,24.284,was,leaves-of-grass,1,,server-3,1,1,1,2.151,3.551,3.579
least-connections-cache-off-warm0,110,1,3.0636,9.254,14.516,23.770,of,kidnapped,1,,server-1,2,1,1,2.151,3.551,1.931
least-connections-cache-off-warm0,110,1,3.0727,4.401,11.386,15.787,love,the-adventures-of-tom-sawyer-complete,1,,server-2,2,2,1,5.443,3.551,1.931
least-connections-cache-off-warm0,110,1,3.0818,1.330,11.481,12.811,money,the-secret-adversary,1,,server-3,1,1,1,4.419,3.942,4.759
least-connections-cache-off-warm0,110,1,3.0909,1.367,28.087,29.454,and,the-romance-of-lust-a-classic-victorian-erotic-novel,1,,server-1,1,0,1,5.066,4.291,2.481
least-connections-cache-off-warm0,110,1,3.1000,1.843,13.342,15.185,he,treasure-island,1,,server-2,1,1,0,2.682,4.291,3.404
least-connections-cache-off-warm0,110,1,3.1091,1.727,16.761,18.488,of,autobiography-of-benjamin-franklin,1,,server-3,1,1,1,2.682,2.267,3.404
least-connections-cache-off-warm0,110,1,3.1182,1.256,18.600,19.856,of,adventures-of-huckleberry-finn,1,,server-2,1,1,1,2.682,3.515,1.808
least-connections-cache-off-warm0,110,1,3.1273,1.600,14.486,16.087,the,persuasion,1,,server-1,1,1,1,6.173,1.860,3.805
least-connections-cache-off-warm0,110,1,3.1364,1.630,21.406,23.035,was,the-mystery-of-edwin-drood,1,,server-3,1,1,1,3.217,1.860,3.805
least-connections-cache-off-warm0,110,1,3.1455,1.835,30.752,32.587,letter,north-and-south,1,,server-1,1,0,1,4.319,4.114,2.058
least-connections-cache-off-warm0,110,1,3.1545,1.959,12.621,14.580,he,the-picture-of-dorian-gray,1,,server-2,1,1,1,2.319,4.114,2.058
least-connections-cache-off-warm0,110,1,3.1636,2.180,10.380,12.559,of,dubliners,1,,server-3,1,1,1,2.319,2.199,4.722
least-connections-cache-off-warm0,110,1,3.1727,1.094,25.439,26.533,he,tess-of-the-d-urbervilles-a-pure-woman,1,,server-2,1,1,1,2.319,3.379,2.480
least-connections-cache-off-warm0,110,1,3.1818,1.300,22.710,24.010,the,the-american,1,,server-3,0,1,1,6.339,1.791,3.194
least-connections-cache-off-warm0,110,1,3.1909,1.148,18.196,19.344,love,the-last-of-the-mohicans-a-narrative-of-1757-27681,1,,server-1,1,1,1,6.339,1.791,1.700
least-connections-cache-off-warm0,110,1,3.2000,1.607,29.403,31.010,sea,the-mysterious-island,1,,server-2,1,1,1,3.315,5.176,1.700
least-connections-cache-off-warm0,110,1,3.2091,1.596,18.405,20.001,heart,the-divine-comedy,1,,server-3,1,1,1,3.315,2.773,4.685
least-connections-cache-off-warm0,110,1,3.2182,1.793,21.416,23.208,heart,life-on-the-mississippi,1,,server-1,1,1,1,4.979,2.773,2.489
least-connections-cache-off-warm0,110,1,3.2273,4.554,15.562,20.116,you,meditations,1,,server-2,1,2,1,2.637,2.773,2.489
least-connections-cache-off-warm0,110,1,3.2364,1.370,19.438,20.807,love,walden-and-on-the-duty-of-civil-disobedience,1,,server-3,1,1,1,2.637,3.743,4.461
least-connections-cache-off-warm0,110,1,3.2455,2.122,25.539,27.661,sea,dracula,1,,server-1,1,1,1,5.044,3.743,2.367
least-connections-cache-off-warm0,110,1,3.2545,1.548,17.905,19.453,house,the-return-of-sherlock-holmes-108,1,,server-2,1,1,1,2.667,4.856,2.367
least-connections-cache-off-warm0,110,1,3.2636,1.601,14.616,16.217,he,memoirs-of-fanny-hill,1,,server-3,1,1,1,2.667,2.552,4.586
least-connections-cache-off-warm0,110,1,3.2727,1.359,11.233,12.592,money,a-princess-of-mars,1,,server-1,2,1,1,7.145,2.552,2.438
least-connections-cache-off-warm0,110,1,3.2818,1.339,24.835,26.173,castle,the-house-of-mirth,1,,server-2,1,1,0,3.005,4.442,3.847
least-connections-cache-off-warm0,110,1,3.2909,2.222,19.937,22.159,letter,the-house-of-the-seven-gables,1,,server-3,0,1,1,3.640,2.330,3.847
least-connections-cache-off-warm0,110,1,3.3000,1.164,20.034,21.199,whale,the-mystery-of-edwin-drood,1,,server-1,1,1,1,3.640,2.330,2.091
least-connections-cache-off-warm0,110,1,3.3091,1.197,33.002,34.199,he,little-women,1,,server-2,1,1,1,1.930,5.396,2.091
least-connections-cache-off-warm0,110,1,3.3182,1.595,18.284,19.879,money,thus-spake-zarathustra-a-book-for-all-and-none,1,,server-3,1,1,1,1.930,2.814,4.446
least-connections-cache-off-warm0,110,1,3.3273,1.691,21.643,23.335,london,the-american,1,,server-1,1,1,1,4.406,2.814,2.380
least-connections-cache-off-warm0,110,1,3.3364,7.309,11.209,18.518,night,the-war-of-the-worlds,1,,server-2,1,2,1,2.352,2.814,2.380
least-connections-cache-off-warm0,110,1,3.3455,1.263,31.039,32.303,night,the-mysterious-island,1,,server-3,1,1,1,2.352,4.229,4.379
least-connections-cache-off-warm0,110,1,3.3545,1.480,16.899,18.379,love,the-adventures-of-sherlock-holmes,1,,server-1,1,1,1,4.911,5.531,2.314
least-connections-cache-off-warm0,110,1,3.3636,1.278,21.911,23.189,the,sense-and-sensibility,1,,server-2,1,1,1,2.588,4.447,2.314
least-connections-cache-off-warm0,110,1,3.3727,5.724,11.643,17.367,death,the-wind-in-the-willows,1,,server-3,1,1,2,5.365,2.352,2.314
least-connections-cache-off-warm0,110,1,3.3818,1.143,13.837,14.980,king,cranford,1,,server-1,1,1,1,4.309,2.352,3.915
least-connections-cache-off-warm0,110,1,3.3909,1.351,26.750,28.101,and,adventures-of-huckleberry-finn,1,,server-2,1,1,0,2.277,4.977,4.325
least-connections-cache-off-warm0,110,1,3.4000,1.375,19.012,20.387,castle,agnes-grey,1,,server-3,0,1,1,3.634,2.618,4.325
least-connections-cache-off-warm0,110,1,3.4091,2.114,23.954,26.068,night,the-house-of-mirth,1,,server-1,1,1,1,3.634,2.618,2.294
least-connections-cache-off-warm0,110,1,3.4182,1.525,14.673,16.198,whale,a-princess-of-mars,1,,server-2,1,2,1,1.985,2.618,2.294
least-connections-cache-off-warm0,110,1,3.4273,1.996,25.845,27.841,love,the-portrait-of-a-lady-volume-1,1,,server-3,1,1,1,1.985,3.110,4.477
least-connections-cache-off-warm0,110,1,3.4364,1.690,12.571,14.261,death,the-wind-in-the-willows,1,,server-1,1,0,1,4.964,4.297,2.381
least-connections-cache-off-warm0,110,1,3.4455,2.512,32.934,35.446,was,the-mysterious-island,1,,server-2,1,1,1,2.626,4.297,2.381
least-connections-cache-off-warm0,110,1,3.4545,1.754,26.878,28.632,castle,the-song-of-the-lark,1,,server-1,1,1,1,3.644,2.281,2.381
least-connections-cache-off-warm0,110,1,3.4636,1.815,20.675,22.490,and,thus-spake-zarathustra-a-book-for-all-and-none,1,,server-3,1,1,1,1.952,2.281,5.594
least-connections-cache-off-warm0,110,1,3.4727,10.688,30.815,41.503,sea,the-iliad,1,,server-1,2,1,1,1.952,2.281,2.962
least-connections-cache-off-warm0,110,1,3.4818,1.340,19.368,20.708,london,sense-and-sensibility,1,,server-2,2,1,1,2.998,6.683,2.962
least-connections-cache-off-warm0,110,1,3.4909,1.525,13.452,14.977,heart,the-secret-adversary,1,,server-3,1,1,1,4.273,3.490,5.128
least-connections-cache-off-warm0,110,1,3.5000,14.224,16.203,30.427,house,the-age-of-innocence,1,,server-1,2,1,1,4.273,3.490,2.701
least-connections-cache-off-warm0,110,1,3.5091,1.244,24.094,25.337,the,oliver-twist,1,,server-2,2,1,0,4.273,5.283,3.833
least-connections-cache-off-warm0,110,1,3.5182,1.796,11.232,13.028,love,the-kama-sutra-of-vatsyayana,1,,server-3,1,1,1,5.729,2.764,3.833
least-connections-cache-off-warm0,110,1,3.5273,3.706,13.544,17.250,whale,the-lost-world,1,,server-1,2,1,1,5.729,2.764,2.052
least-connections-cache-off-warm0,110,1,3.5364,1.385,35.975,37.360,castle,the-vicomte-de-bragelonne,1,,server-2,1,1,0,3.458,5.578,3.043
least-connections-cache-off-warm0,110,1,3.5455,1.207,20.195,21.402,of,pride-and-prejudice,1,,server-3,0,1,1,4.327,2.917,3.043
least-connections-cache-off-warm0,110,1,3.5545,1.431,18.744,20.175,king,the-american,1,,server-1,1,1,1,4.327,2.917,1.627
least-connections-cache-off-warm0,110,1,3.5636,10.672,32.175,42.847,house,the-american,1,,server-2,1,2,1,2.282,2.917,1.627
least-connections-cache-off-warm0,110,1,3.5727,1.491,15.638,17.129,she,treasure-island,1,,server-3,1,2,1,2.282,2.917,4.213
least-connections-cache-off-warm0,110,1,3.5818,1.988,28.732,30.720,money,desperate-remedies,1,,server-1,1,1,1,4.426,4.882,2.216
least-connections-cache-off-warm0,110,1,3.5909,1.552,12.090,13.642,whale,beyond-good-and-evil,1,,server-3,1,1,1,2.352,4.882,3.861
least-connections-cache-off-warm0,110,1,3.6000,12.859,8.941,21.800,house,the-jungle-book,1,,server-1,2,1,1,2.352,4.882,2.075
least-connections-cache-off-warm0,110,1,3.6091,1.436,19.847,21.282,you,madame-bovary,1,,server-2,2,1,0,2.352,8.224,3.206
least-connections-cache-off-warm0,110,1,3.6182,1.440,25.925,27.365,the,oliver-twist,1,,server-3,1,1,1,4.344,4.292,3.206
least-connections-cache-off-warm0,110,1,3.6273,1.187,12.413,13.599,horse,the-wind-in-the-willows,1,,server-1,1,1,1,4.155,4.292,1.746
least-connections-cache-off-warm0,110,1,3.6364,1.329,21.751,23.080,money,a-tale-of-two-cities,1,,server-2,1,1,1,2.191,5.873,1.746
least-connections-cache-off-warm0,110,1,3.6455,1.227,13.302,14.529,night,silas-marner,1,,server-1,1,1,1,3.349,3.080,5.213
least-connections-cache-off-warm0,110,1,3.6545,1.350,11.152,12.502,of,around-the-world-in-eighty-days,1,,server-3,1,1,1,1.785,3.080,5.213
least-connections-cache-off-warm0,110,1,3.6636,1.272,13.088,14.359,of,dubliners,1,,server-1,1,0,1,3.237,5.399,2.742
least-connections-cache-off-warm0,110,1,3.6727,1.192,34.971,36.162,you,jude-the-obscure,1,,server-2,1,1,0,1.729,5.399,3.498
least-connections-cache-off-warm0,110,1,3.6818,1.942,23.127,25.070,he,anne-of-green-gables,1,,server-3,0,1,1,3.153,2.841,3.498
least-connections-cache-off-warm0,110,1,3.6909,2.025,20.030,22.055,horse,grimms-fairy-tales,1,,server-1,1,1,1,3.153,2.841,1.907
least-connections-cache-off-warm0,110,1,3.7000,9.858,30.074,39.932,letter,the-vicomte-de-bragelonne,1,,server-2,1,2,1,1.739,2.841,1.907
least-connections-cache-off-warm0,110,1,3.7091,1.145,19.222,20.367,sea,the-return-of-sherlock-holmes,1,,server-3,1,1,1,1.739,7.243,4.847
least-connections-cache-off-warm0,110,1,3.7182,1.478,9.742,11.221,london,the-wind-in-the-willows,1,,server-1,1,1,1,4.269,4.693,2.540
least-connections-cache-off-warm0,110,1,3.7273,13.215,30.913,44.128,the,mansfield-park,1,,server-2,1,2,1,2.282,4.693,2.540
least-connections-cache-off-warm0,110,1,3.7364,1.715,14.523,16.237,london,the-kama-sutra-of-vatsyayana,1,,server-3,0,2,1,2.969,4.693,4.665
least-connections-cache-off-warm0,110,1,3.7455,2.235,15.201,17.436,heart,his-last-bow,1,,server-1,1,1,1,2.969,5.214,2.462
least-connections-cache-off-warm0,110,1,3.7545,1.901,24.171,26.072,and,hard-times,1,,server-3,1,1,1,1.624,5.214,3.837
least-connections-cache-off-warm0,110,1,3.7636,1.163,10.143,11.306,night,poirot-investigates,1,,server-1,1,1,1,3.401,5.214,2.074
least-connections-cache-off-warm0,110,1,3.7727,1.467,11.095,12.562,sea,agnes-grey,1,,server-2,1,1,1,1.796,8.237,2.074
least-connections-cache-off-warm0,110,1,3.7818,1.197,34.063,35.260,heart,villette,1,,server-3,0,1,1,2.732,4.290,5.151
least-connections-cache-off-warm0,110,1,3.7909,1.355,13.623,14.978,heart,the-adventures-of-tom-sawyer-complete,1,,server-1,1,0,1,2.732,4.483,2.700
least-connections-cache-off-warm0,110,1,3.8000,1.889,24.534,26.423,he,jude-the-obscure,1,,server-2,1,1,1,1.476,4.483,2.700
least-connections-cache-off-warm0,110,1,3.8091,1.229,17.538,18.766,castle,grimms-fairy-tales,1,,server-1,1,1,1,3.079,2.410,2.700
least-connections-cache-off-warm0,110,1,3.8182,1.584,12.248,13.832,king,agnes-grey,1,,server-3,1,1,1,1.635,2.410,7.153
least-connections-cache-off-warm0,110,1,3.8273,1.502,22.973,24.474,king,the-house-of-mirth,1,,server-2,1,1,1,1.635,5.415,3.732
least-connections-cache-off-warm0,110,1,3.8364,1.217,19.019,20.235,and,the-divine-comedy,1,,server-3,0,1,1,3.840,2.829,4.270
least-connections-cache-off-warm0,110,1,3.8455,1.491,11.840,13.331,the,black-beauty,1,,server-1,1,1,1,3.840,2.829,2.250
least-connections-cache-off-warm0,110,1,3.8545,1.266,11.591,12.857,she,the-secret-adversary,1,,server-2,1,1,1,2.055,5.464,2.250
least-connections-cache-off-warm0,110,1,3.8636,1.286,22.205,23.491,the,the-age-of-innocence,1,,server-3,0,1,1,3.151,2.870,4.457
least-connections-cache-off-warm0,110,1,3.8727,1.429,9.251,10.681,house,the-kama-sutra-of-vatsyayana,1,,server-1,1,0,1,3.151,3.661,2.353
least-connections-cache-off-warm0,110,1,3.8818,1.529,27.386,28.915,you,jude-the-obscure,1,,server-2,1,1,1,1.698,3.661,2.353
least-connections-cache-off-warm0,110,1,3.8909,1.790,16.506,18.296,whale,dubliners,1,,server-3,0,1,1,2.520,1.989,5.012
least-connections-cache-off-warm0,110,1,3.9000,1.557,13.374,14.931,money,the-scarlet-letter-33,1,,server-1,1,1,1,2.520,1.989,2.686
least-connections-cache-off-warm0,110,1,3.9091,2.318,21.894,24.212,and,the-house-of-mirth,1,,server-2,1,2,1,1.364,1.989,4.297
least-connections-cache-off-warm0,110,1,3.9182,1.420,15.702,17.122,he,the-adventures-of-tom-sawyer-complete,1,,server-3,0,1,1,2.987,2.978,4.297
least-connections-cache-off-warm0,110,1,3.9273,1.205,27.809,29.014,letter,the-adventures-of-ferdinand-count-fathom-complete,1,,server-1,1,1,1,2.987,2.978,2.281
least-connections-cache-off-warm0,110,1,3.9364,1.402,21.572,22.973,love,adventures-of-huckleberry-finn,1,,server-2,1,1,0,1.595,5.347,3.906
least-connections-cache-off-warm0,110,1,3.9455,1.519,11.823,13.342,was,treasure-island,1,,server-3,1,1,1,1.595,2.810,3.906
least-connections-cache-off-warm0,110,1,3.9545,2.556,27.135,29.690,of,north-and-south,1,,server-1,2,1,1,1.595,2.810,2.091
least-connections-cache-off-warm0,110,1,3.9636,1.312,11.097,12.408,death,the-mysterious-affair-at-styles,1,,server-2,1,1,0,2.903,5.206,3.183
least-connections-cache-off-warm0,110,1,3.9727,1.173,12.515,13.688,house,the-king-in-yellow,1,,server-3,1,1,1,2.903,2.734,3.183
least-connections-cache-off-warm0,110,1,3.9818,1.471,12.629,14.100,night,a-princess-of-mars,1,,server-2,1,1,1,2.903,3.460,1.697
least-connections-cache-off-warm0,110,1,3.9909,1.547,19.883,21.430,money,the-last-of-the-mohicans-a-narrative-of-1757-27681,1,,server-3,0,1,1,6.126,1.881,3.046
least-connections-cache-off-warm0,110,1,4.0000,1.473,14.698,16.171,heart,the-adventures-of-tom-sawyer-complete,1,,server-1,1,0,1,6.126,3.185,1.635
least-connections-cache-off-warm0,110,1,4.0091,1.466,26.469,27.936,of,the-tenant-of-wildfell-hall,1,,server-2,1,1,1,3.217,3.185,1.635
least-connections-cache-off-warm0,110,1,4.0182,1.389,20.208,21.596,letter,sense-and-sensibility,1,,server-3,0,1,1,4.323,1.710,4.187
least-connections-cache-off-warm0,110,1,4.0273,1.361,16.468,17.829,house,anne-of-green-gables,1,,server-1,1,1,1,4.323,1.710,2.239
least-connections-cache-off-warm0,110,1,4.0364,2.836,9.359,12.195,night,beyond-good-and-evil,1,,server-2,1,2,1,2.319,1.710,2.239
least-connections-cache-off-warm0,110,1,4.0455,1.556,38.787,40.343,castle,far-from-the-madding-crowd,1,,server-3,0,1,1,4.016,2.903,4.652
least-connections-cache-off-warm0,110,1,4.0545,2.556,23.612,26.167,of,the-age-of-innocence,1,,server-1,1,0,1,4.016,3.354,2.447
least-connections-cache-off-warm0,110,1,4.0636,2.054,31.006,33.059,she,great-expectations,1,,server-2,1,1,1,2.185,3.354,2.447
least-connections-cache-off-warm0,110,1,4.0727,13.131,16.572,29.703,of,the-age-of-innocence,1,,server-3,1,1,2,2.185,1.813,2.447
least-connections-cache-off-warm0,110,1,4.0818,1.362,19.688,21.049,of,the-divine-comedy,1,,server-1,1,1,2,5.077,1.813,2.447
least-connections-cache-off-warm0,110,1,4.0909,6.447,13.041,19.487,and,the-king-in-yellow,1,,server-2,1,2,1,2.666,1.813,5.902
least-connections-cache-off-warm0,110,1,4.1000,3.125,10.627,13.752,king,the-jungle-book,1,,server-3,1,1,2,2.666,3.684,5.902
least-connections-cache-off-warm0,110,1,4.1091,1.430,18.283,19.714,horse,persuasion,1,,server-1,1,1,1,4.832,3.684,3.515
least-connections-cache-off-warm0,110,1,4.1182,1.317,22.939,24.256,you,the-song-of-the-lark,1,,server-2,1,1,0,2.557,4.381,3.883
least-connections-cache-off-warm0,110,1,4.1273,1.179,13.404,14.584,sea,desert-gold,1,,server-3,1,1,1,2.557,2.314,3.883
least-connections-cache-off-warm0,110,1,4.1364,1.902,20.372,22.273,night,a-connecticut-yankee-in-king-arthur-s-court,1,,server-1,1,1,1,4.494,2.314,2.042
least-connections-cache-off-warm0,110,1,4.1455,1.943,25.970,27.913,whale,the-last-of-the-mohicans-a-narrative-of-1757,1,,server-2,1,1,0,2.388,5.123,3.402
least-connections-cache-off-warm0,110,1,4.1545,1.522,10.841,12.363,he,meditations,1,,server-3,1,1,1,2.388,2.688,3.402
least-connections-cache-off-warm0,110,1,4.1636,1.423,12.035,13.458,money,frankenstein-or-the-modern-prometheus,1,,server-1,1,1,1,4.702,2.688,1.812
least-connections-cache-off-warm0,110,1,4.1727,1.369,16.380,17.749,of,dubliners,1,,server-3,1,1,1,2.483,2.688,2.848
least-connections-cache-off-warm0,110,1,4.1818,1.496,26.834,28.330,the,the-american,1,,server-1,1,0,1,3.471,5.806,1.512
least-connections-cache-off-warm0,110,1,4.1909,1.362,21.741,23.103,king,the-last-of-the-mohicans-a-narrative-of-1757-27681,1,,server-2,1,1,0,1.870,5.806,3.552
least-connections-cache-off-warm0,110,1,4.2000,1.324,17.172,18.496,sea,the-age-of-innocence,1,,server-3,1,1,1,1.870,3.074,3.552
least-connections-cache-off-warm0,110,1,4.2091,1.868,8.714,10.581,heart,the-kama-sutra-of-vatsyayana,1,,server-1,2,1,1,1.870,3.074,1.870
least-connections-cache-off-warm0,110,1,4.2182,1.686,19.824,21.510,letter,the-works-of-edgar-allan-poe-volume-2,1,,server-2,1,1,1,2.935,5.403,4.846
least-connections-cache-off-warm0,110,1,4.2273,1.724,12.500,14.224,the,the-war-of-the-worlds,1,,server-3,0,1,1,3.255,2.834,3.898
least-connections-cache-off-warm0,110,1,4.2364,1.526,20.718,22.244,money,the-scarlet-letter-33,1,,server-1,1,1,1,3.255,2.834,2.070
least-connections-cache-off-warm0,110,1,4.2455,1.312,25.009,26.321,money,tess-of-the-d-urbervilles-a-pure-woman,1,,server-2,1,1,0,1.740,4.921,3.250
least-connections-cache-off-warm0,110,1,4.2545,1.174,11.454,12.628,love,frankenstein-or-the-modern-prometheus-41445,1,,server-3,1,1,1,1.740,2.585,3.250
least-connections-cache-off-warm0,110,1,4.2636,1.184,43.735,44.919,she,villette,1,,server-1,1,1,1,4.378,2.585,1.714
least-connections-cache-off-warm0,110,1,4.2727,1.286,34.546,35.832,house,mansfield-park,1,,server-2,1,1,0,2.314,5.611,2.884
least-connections-cache-off-warm0,110,1,4.2818,1.148,25.593,26.740,whale,the-last-of-the-mohicans-a-narrative-of-1757,1,,server-3,1,1,1,2.314,2.940,2.884
least-connections-cache-off-warm0,110,1,4.2909,18.974,14.760,33.734,heart,myths-and-legends-of-ancient-greece-and-rome,1,,server-1,2,1,1,7.389,7.946,4.435
least-connections-cache-off-warm0,110,1,4.3000,2.074,14.607,16.681,of,the-warden,1,,server-3,2,1,1,7.389,6.396,4.435
least-connections-cache-off-warm0,110,1,4.3091,1.283,17.620,18.904,london,memoirs-of-fanny-hill,1,,server-2,1,1,1,4.768,6.396,3.591
least-connections-cache-off-warm0,110,1,4.3182,7.739,12.905,20.644,house,the-lost-world,1,,server-3,1,1,2,3.822,3.341,2.376
least-connections-cache-off-warm0,110,1,4.3273,1.159,21.269,22.428,she,the-american,1,,server-1,1,1,1,4.732,3.341,2.666
least-connections-cache-off-warm0,110,1,4.3364,1.229,16.351,17.580,heart,the-works-of-edgar-allan-poe-volume-2,1,,server-2,1,1,1,2.473,4.923,2.666
least-connections-cache-off-warm0,110,1,4.3455,1.181,17.125,18.307,love,the-return-of-sherlock-holmes,1,,server-3,1,1,1,2.473,2.588,3.717
least-connections-cache-off-warm0,110,1,4.3545,1.140,20.298,21.438,horse,the-odyssey,1,,server-1,1,0,1,4.928,4.235,1.968
least-connections-cache-off-warm0,110,1,4.3636,1.424,18.777,20.201,heart,the-return-of-sherlock-holmes-108,1,,server-2,1,1,1,2.576,4.235,3.947
least-connections-cache-off-warm0,110,1,4.3727,1.152,20.495,21.647,money,the-odyssey,1,,server-3,1,1,1,2.576,2.233,3.947
least-connections-cache-off-warm0,110,1,4.3818,1.160,8.236,9.396,whale,the-hound-of-the-baskervilles-3070,1,,server-1,1,1,1,4.854,2.233,2.087
least-connections-cache-off-warm0,110,1,4.3909,1.257,9.175,10.432,money,the-wind-in-the-willows,1,,server-2,1,1,1,3.611,4.398,2.087
least-connections-cache-off-warm0,110,1,4.4000,1.314,21.389,22.703,london,the-adventures-of-sherlock-holmes,1,,server-3,0,1,1,2.925,2.303,4.567
least-connections-cache-off-warm0,110,1,4.4091,1.566,34.185,35.751,night,the-iliad,1,,server-1,1,0,1,2.925,2.875,2.427
least-connections-cache-off-warm0,110,1,4.4182,1.767,15.065,16.832,whale,autobiography-of-benjamin-franklin,1,,server-2,1,1,1,1.574,2.875,2.427
least-connections-cache-off-warm0,110,1,4.4273,1.169,11.563,12.732,love,around-the-world-in-eighty-days,1,,server-3,1,1,1,1.574,1.569,4.919
least-connections-cache-off-warm0,110,1,4.4364,1.353,15.671,17.025,horse,desert-gold,1,,server-2,1,1,1,1.574,3.371,2.578
least-connections-cache-off-warm0,110,1,4.4455,1.158,12.681,13.839,sea,treasure-island,1,,server-3,0,1,1,6.417,1.792,3.459
least-connections-cache-off-warm0,110,1,4.4545,1.053,13.157,14.210,you,around-the-world-in-eighty-days,1,,server-1,1,0,1,6.417,3.608,1.832
least-connections-cache-off-warm0,110,1,4.4636,1.072,21.206,22.277,night,autobiography-of-benjamin-franklin,1,,server-2,1,1,0,3.335,3.608,3.164
least-connections-cache-off-warm0,110,1,4.4727,1.498,18.048,19.546,he,the-picture-of-dorian-gray,1,,server-3,0,1,1,4.188,1.917,3.164
least-connections-cache-off-warm0,110,1,4.4818,2.181,29.566,31.747,was,great-expectations,1,,server-1,1,1,1,4.188,1.917,1.683
least-connections-cache-off-warm0,110,1,4.4909,1.683,15.117,16.799,love,a-journey-to-the-centre-of-the-earth,1,,server-2,1,1,1,2.271,4.586,1.683
least-connections-cache-off-warm0,110,1,4.5000,1.101,15.671,16.772,king,grimms-fairy-tales,1,,server-3,1,1,1,2.271,2.433,3.856
least-connections-cache-off-warm0,110,1,4.5091,1.622,19.782,21.404,she,madame-bovary,1,,server-2,1,1,1,2.271,3.921,2.038
least-connections-cache-off-warm0,110,1,4.5182,1.231,8.704,9.935,death,herland,1,,server-3,0,1,1,6.115,2.083,3.785
least-connections-cache-off-warm0,110,1,4.5273,1.388,26.023,27.412,night,the-portrait-of-a-lady-volume-1,1,,server-1,1,1,1,6.115,2.083,1.995
least-connections-cache-off-warm0,110,1,4.5364,1.464,10.521,11.986,money,his-last-bow,1,,server-2,1,1,0,3.216,4.415,2.641
least-connections-cache-off-warm0,110,1,4.5455,1.251,9.745,10.996,sea,the-wind-in-the-willows,1,,server-3,1,1,1,3.216,2.354,2.641
least-connections-cache-off-warm0,110,1,4.5545,1.622,21.056,22.678,money,madame-bovary,1,,server-2,1,1,1,6.141,3.159,1.417
least-connections-cache-off-warm0,110,1,4.5636,1.626,14.916,16.542,castle,the-scarlet-letter-33,1,,server-3,0,1,1,6.141,1.691,2.434
least-connections-cache-off-warm0,110,1,4.5727,1.892,22.268,24.160,and,the-mystery-of-edwin-drood,1,,server-1,1,1,1,6.141,1.691,1.315
least-connections-cache-off-warm0,110,1,4.5818,1.436,23.104,24.540,death,wuthering-heights,1,,server-2,1,1,0,3.297,4.401,3.195
least-connections-cache-off-warm0,110,1,4.5909,1.175,12.442,13.617,money,the-wind-in-the-willows,1,,server-3,1,1,1,3.297,2.317,3.195
least-connections-cache-off-warm0,110,1,4.6000,1.125,16.430,17.555,london,the-picture-of-dorian-gray,1,,server-1,1,1,1,5.571,2.317,1.697
least-connections-cache-off-warm0,110,1,4.6091,1.553,38.035,39.588,death,the-romance-of-lust-a-classic-victorian-erotic-novel,1,,server-2,1,1,0,2.908,5.156,3.042
least-connections-cache-off-warm0,110,1,4.6182,1.886,22.638,24.524,and,walden-and-on-the-duty-of-civil-disobedience,1,,server-3,0,1,1,4.446,2.731,3.042
least-connections-cache-off-warm0,110,1,4.6273,1.735,27.820,29.555,and,tess-of-the-d-urbervilles-a-pure-woman,1,,server-1,1,1,1,4.446,2.731,1.658
least-connections-cache-off-warm0,110,1,4.6364,12.972,24.522,37.493,house,life-on-the-mississippi,1,,server-2,1,2,1,2.361,2.731,1.658
least-connections-cache-off-warm0,110,1,4.6455,1.397,28.988,30.386,was,the-innocents-abroad,1,,server-3,1,2,1,2.361,2.731,4.594
least-connections-cache-off-warm0,110,1,4.6545,3.029,29.506,32.534,death,emma,1,,server-1,2,1,1,2.361,5.180,2.443
least-connections-cache-off-warm0,110,1,4.6636,10.812,23.821,34.632,was,a-connecticut-yankee-in-king-arthur-s-court,1,,server-2,1,2,1,3.218,5.180,2.443
least-connections-cache-off-warm0,110,1,4.6727,3.487,17.956,21.443,london,the-divine-comedy,1,,server-3,1,2,2,3.218,5.180,2.443
least-connections-cache-off-warm0,110,1,4.6818,6.003,9.413,15.416,night,the-great-gatsby,1,,server-1,2,1,1,3.218,4.663,3.417
least-connections-cache-off-warm0,110,1,4.6909,8.000,30.823,38.823,castle,oliver-twist,1,,server-2,1,2,1,4.092,4.663,3.417
least-connections-cache-off-warm0,110,1,4.7000,1.131,19.776,20.907,and,myths-and-legends-of-ancient-greece-and-rome,1,,server-3,0,1,1,4.088,4.223,5.007
least-connections-cache-off-warm0,110,1,4.7091,2.667,17.691,20.358,london,memoirs-of-fanny-hill,1,,server-1,1,1,1,4.088,4.223,2.636
least-connections-cache-off-warm0,110,1,4.7182,11.496,10.332,21.828,and,the-prince,1,,server-2,1,2,1,2.240,4.223,2.636
least-connections-cache-off-warm0,110,1,4.7273,1.456,26.371,27.827,castle,the-last-of-the-mohicans-a-narrative-of-1757-27681,1,,server-3,1,2,1,2.240,4.223,4.824
least-connections-cache-off-warm0,110,1,4.7364,1.798,28.355,30.153,castle,mary-barton,1,,server-1,1,1,1,4.135,6.208,2.603
least-connections-cache-off-warm0,110,1,4.7455,1.110,34.427,35.538,sea,villette,1,,server-2,1,1,1,2.199,5.562,2.603
least-connections-cache-off-warm0,110,1,4.7545,1.972,36.289,38.262,london,the-iliad,1,,server-3,1,1,2,2.199,2.909,7.255
least-connections-cache-off-warm0,110,1,4.7636,3.599,12.928,16.527,sea,kidnapped,1,,server-1,2,1,1,2.199,2.909,3.049
least-connections-cache-off-warm0,110,1,4.7727,8.767,10.750,19.517,the,the-prince,1,,server-2,1,2,1,3.230,2.909,3.049
least-connections-cache-off-warm0,110,1,4.7818,1.215,9.286,10.501,of,the-kama-sutra-of-vatsyayana,1,,server-1,1,1,1,4.077,4.509,3.049
least-connections-cache-off-warm0,110,1,4.7909,2.115,16.480,18.595,whale,twenty-thousand-leagues-under-the-sea,1,,server-2,1,2,1,2.151,4.509,3.049
least-connections-cache-off-warm0,110,1,4.8000,1.185,22.063,23.248,you,anne-of-green-gables,1,,server-3,0,1,1,2.820,2.434,7.720
least-connections-cache-off-warm0,110,1,4.8091,1.245,18.124,19.369,house,wuthering-heights,1,,server-1,1,1,1,2.820,5.148,4.021
least-connections-cache-off-warm0,110,1,4.8182,1.239,13.679,14.918,he,the-picture-of-dorian-gray,1,,server-2,1,1,1,1.505,4.132,4.021
least-connections-cache-off-warm0,110,1,4.8273,1.112,20.531,21.643,money,the-american,1,,server-3,1,1,1,1.505,2.183,6.080
least-connections-cache-off-warm0,110,1,4.8364,1.340,20.145,21.485,sea,the-odyssey,1,,server-1,1,0,1,3.821,3.543,3.181
least-connections-cache-off-warm0,110,1,4.8455,1.504,15.207,16.711,castle,desert-gold,1,,server-2,1,1,1,2.034,3.543,3.181
least-connections-cache-off-warm0,110,1,4.8545,1.379,17.693,19.072,sea,twenty-thousand-leagues-under-the-sea,1,,server-3,1,1,1,2.034,1.882,5.280
least-connections-cache-off-warm0,110,1,4.8636,1.285,18.311,19.595,you,the-picture-of-dorian-gray,1,,server-1,1,0,1,4.487,3.553,2.761
least-connections-cache-off-warm0,110,1,4.8727,1.480,11.659,13.139,night,white-fang,1,,server-2,1,1,1,2.355,3.553,2.761
least-connections-cache-off-warm0,110,1,4.8818,1.276,9.729,11.005,was,the-great-gatsby,1,,server-3,1,1,1,2.355,1.879,4.558
least-connections-cache-off-warm0,110,1,4.8909,1.176,26.417,27.593,love,the-odyssey,1,,server-1,1,0,1,4.397,3.027,2.398
least-connections-cache-off-warm0,110,1,4.9000,1.430,38.972,40.402,she,the-vicomte-de-bragelonne,1,,server-2,1,1,0,2.303,3.027,3.049
least-connections-cache-off-warm0,110,1,4.9091,2.508,26.752,29.261,of,life-on-the-mississippi,1,,server-3,1,1,1,2.303,1.621,3.049
least-connections-cache-off-warm0,110,1,4.9182,1.850,11.310,13.160,was,frankenstein-or-the-modern-prometheus-41445,1,,server-1,2,1,1,5.666,1.621,1.669
least-connections-cache-off-warm0,110,1,4.9273,13.278,13.621,26.899,death,around-the-world-in-eighty-days,1,,server-2,1,2,1,2.974,1.621,1.669
least-connections-cache-off-warm0,110,1,4.9364,1.695,26.032,27.728,whale,tess-of-the-d-urbervilles-a-pure-woman,1,,server-1,1,2,1,3.658,1.621,1.669
least-connections-cache-off-warm0,110,1,4.9455,1.414,15.379,16.792,whale,the-secret-garden-17396,1,,server-3,1,1,1,1.947,4.946,5.325
least-connections-cache-off-warm0,110,1,4.9545,1.446,17.981,19.427,letter,the-adventures-of-sherlock-holmes,1,,server-2,1,1,1,1.947,5.287,2.805
least-connections-cache-off-warm0,110,1,4.9636,1.556,11.057,12.614,night,the-lost-world,1,,server-3,1,1,1,6.624,2.763,4.210
least-connections-cache-off-warm0,110,1,4.9727,1.386,16.587,17.974,and,walden-and-on-the-duty-of-civil-disobedience,1,,server-1,1,1,1,5.312,2.763,2.226
least-connections-cache-off-warm0,110,1,4.9818,1.512,20.148,21.660,you,the-odyssey,1,,server-2,1,1,0,2.769,4.586,3.154
least-connections-cache-off-warm0,110,1,4.9909,1.539,16.924,18.464,love,the-house-of-the-seven-gables,1,,server-3,1,1,1,4.395,2.435,3.154
least-connections-cache-off-warm0,110,1,5.0000,1.356,10.036,11.392,she,beyond-good-and-evil,1,,server-1,1,1,1,4.395,2.435,1.680
least-connections-cache-off-warm0,110,1,5.0091,1.360,23.018,24.379,money,the-last-of-the-mohicans-a-narrative-of-1757,1,,server-2,1,1,1,2.311,4.749,4.652
least-connections-cache-off-warm0,110,1,5.0182,1.310,7.935,9.245,love,the-great-gatsby,1,,server-3,0,1,1,2.957,2.497,3.737
least-connections-cache-off-warm0,110,1,5.0273,0.992,26.450,27.443,she,jude-the-obscure,1,,server-1,1,1,1,2.957,2.497,3.088
least-connections-cache-off-warm0,110,1,5.0364,1.448,19.383,20.831,was,the-adventures-of-sherlock-holmes,1,,server-2,1,1,0,1.572,5.259,2.478
least-connections-cache-off-warm0,110,1,5.0455,1.253,25.018,26.271,castle,mansfield-park,1,,server-3,1,1,1,1.572,2.769,2.478
least-connections-cache-off-warm0,110,1,5.0545,1.449,18.726,20.175,was,hard-times,1,,server-1,2,1,1,6.464,2.769,1.329
least-connections-cache-off-warm0,110,1,5.0636,1.305,14.435,15.740,heart,silas-marner,1,,server-2,1,1,1,2.748,4.824,1.329
least-connections-cache-off-warm0,110,1,5.0727,1.521,13.957,15.478,whale,persuasion,1,,server-3,1,1,1,2.748,2.539,4.802
least-connections-cache-off-warm0,110,1,5.0818,1.641,13.982,15.623,money,persuasion,1,,server-1,1,0,1,4.727,3.893,2.530
least-connections-cache-off-warm0,110,1,5.0909,1.449,12.758,14.208,he,the-scarlet-letter,1,,server-2,1,1,0,2.502,3.893,3.797
least-connections-cache-off-warm0,110,1,5.1000,1.313,12.473,13.786,night,kidnapped,1,,server-3,0,1,1,3.778,2.058,3.797
least-connections-cache-off-warm0,110,1,5.1091,1.298,10.920,12.218,horse,the-wind-in-the-willows,1,,server-1,1,0,1,3.778,3.302,2.000
least-connections-cache-off-warm0,110,1,5.1182,1.275,12.661,13.936,house,meditations,1,,server-2,1,1,0,2.003,3.302,3.218
least-connections-cache-off-warm0,110,1,5.1273,1.430,21.571,23.001,london,a-tale-of-two-cities,1,,server-3,0,1,1,2.980,1.753,3.218
least-connections-cache-off-warm0,110,1,5.1364,1.647,23.837,25.484,letter,the-last-of-the-mohicans-a-narrative-of-1757,1,,server-1,1,0,1,2.980,3.097,1.707
least-connections-cache-off-warm0,110,1,5.1455,1.781,12.832,14.612,death,the-picture-of-dorian-gray,1,,server-2,1,1,1,1.600,3.097,1.707
least-connections-cache-off-warm0,110,1,5.1545,1.295,16.230,17.525,money,thus-spake-zarathustra-a-book-for-all-and-none,1,,server-3,1,1,1,1.600,1.670,4.478
least-connections-cache-off-warm0,110,1,5.1636,1.534,18.903,20.436,of,walden-and-on-the-duty-of-civil-disobedience,1,,server-1,1,0,1,4.749,3.042,2.354
least-connections-cache-off-warm0,110,1,5.1727,1.326,8.946,10.273,heart,the-hound-of-the-baskervilles-3070,1,,server-2,1,1,0,2.563,3.042,4.076
least-connections-cache-off-warm0,110,1,5.1818,1.537,21.487,23.024,heart,a-tale-of-two-cities,1,,server-3,1,1,1,2.563,1.648,4.076
least-connections-cache-off-warm0,110,1,5.1909,1.416,18.921,20.337,money,the-mystery-of-edwin-drood,1,,server-1,1,0,1,4.605,2.438,2.140
least-connections-cache-off-warm0,110,1,5.2000,1.336,30.091,31.428,the,the-innocents-abroad,1,,server-2,1,1,1,2.450,2.438,2.140
least-connections-cache-off-warm0,110,1,5.2091,1.790,28.358,30.148,london,the-iliad,1,,server-3,1,1,1,2.450,1.345,4.766
least-connections-cache-off-warm0,110,1,5.2182,1.408,12.896,14.304,king,frankenstein-or-the-modern-prometheus,1,,server-1,1,1,1,4.550,1.345,2.557
least-connections-cache-off-warm0,110,1,5.2273,4.761,12.797,17.558,house,the-secret-garden-17396,1,,server-2,1,2,1,2.398,1.345,2.557
least-connections-cache-off-warm0,110,1,5.2364,1.716,13.232,14.948,castle,agnes-grey,1,,server-1,1,1,1,3.565,3.264,2.557
least-connections-cache-off-warm0,110,1,5.2455,1.652,16.019,17.671,letter,autobiography-of-benjamin-franklin,1,,server-2,1,1,0,1.888,4.086,6.097
least-connections-cache-off-warm0,110,1,5.2545,1.644,30.894,32.538,was,the-moonstone,1,,server-3,0,1,1,3.232,2.202,6.097
least-connections-cache-off-warm0,110,1,5.2636,1.990,16.701,18.691,night,adventures-of-huckleberry-finn,1,,server-1,1,0,1,3.232,3.891,3.211
least-connections-cache-off-warm0,110,1,5.2727,2.096,12.422,14.518,love,silas-marner,1,,server-2,1,1,1,1.753,3.891,3.211
least-connections-cache-off-warm0,110,1,5.2818,6.016,12.464,18.480,and,beyond-good-and-evil,1,,server-3,1,1,2,1.753,2.097,3.211
least-connections-cache-off-warm0,110,1,5.2909,1.228,14.176,15.404,heart,the-war-of-the-worlds,1,,server-1,1,0,1,3.723,3.266,4.081
least-connections-cache-off-warm0,110,1,5.3000,1.321,22.670,23.990,she,the-jungle,1,,server-2,1,1,1,1.989,3.266,5.666
least-connections-cache-off-warm0,110,1,5.3091,1.177,23.085,24.263,night,life-on-the-mississippi,1,,server-3,0,1,1,3.510,1.755,4.548
least-connections-cache-off-warm0,110,1,5.3182,1.246,16.108,17.354,she,frankenstein-or-the-modern-prometheus-41445,1,,server-1,1,1,1,3.510,1.755,2.408
least-connections-cache-off-warm0,110,1,5.3273,1.453,9.195,10.649,money,the-hound-of-the-baskervilles-3070,1,,server-2,1,1,1,1.870,4.719,2.408
least-connections-cache-off-warm0,110,1,5.3364,1.226,15.050,16.275,money,washington-square,1,,server-3,0,1,1,3.732,2.510,5.174
least-connections-cache-off-warm0,110,1,5.3455,1.633,16.787,18.420,whale,frankenstein-or-the-modern-prometheus,1,,server-1,1,0,1,3.732,2.988,2.716
least-connections-cache-off-warm0,110,1,5.3545,1.234,12.197,13.431,night,silas-marner,1,,server-2,1,1,0,1.988,2.988,4.106
least-connections-cache-off-warm0,110,1,5.3636,1.604,16.063,17.666,money,silas-marner,1,,server-3,1,1,1,4.861,1.602,4.106
least-connections-cache-off-warm0,110,1,5.3727,1.450,22.723,24.173,sea,jude-the-obscure,1,,server-1,1,0,1,3.922,2.922,2.170
least-connections-cache-off-warm0,110,1,5.3818,1.462,10.946,12.408,heart,the-lost-world,1,,server-2,1,1,0,2.073,2.922,3.906
least-connections-cache-off-warm0,110,1,5.3909,1.504,27.915,29.419,house,north-and-south,1,,server-3,1,1,1,2.073,1.578,3.906
least-connections-cache-off-warm0,110,1,5.4000,1.397,10.130,11.527,whale,the-mysterious-affair-at-styles,1,,server-1,1,0,1,4.917,2.714,2.066
least-connections-cache-off-warm0,110,1,5.4091,1.229,15.201,16.431,death,grimms-fairy-tales,1,,server-2,1,1,1,2.582,2.714,2.066
least-connections-cache-off-warm0,110,1,5.4182,1.387,17.312,18.699,you,the-return-of-sherlock-holmes,1,,server-1,1,1,1,3.232,1.456,2.066
least-connections-cache-off-warm0,110,1,5.4273,1.299,37.118,38.417,money,the-innocents-abroad,1,,server-2,1,1,0,1.728,3.317,5.748
least-connections-cache-off-warm0,110,1,5.4364,1.434,12.983,14.416,letter,kidnapped,1,,server-3,1,1,1,1.728,1.756,5.748
least-connections-cache-off-warm0,110,1,5.4455,1.261,10.729,11.990,castle,the-lost-world,1,,server-1,1,1,1,3.829,1.756,3.012
least-connections-cache-off-warm0,110,1,5.4545,1.320,15.375,16.695,sea,the-adventures-of-tom-sawyer-complete,1,,server-3,1,1,1,2.018,1.756,3.979
least-connections-cache-off-warm0,110,1,5.4636,1.179,24.500,25.679,and,the-last-of-the-mohicans-a-narrative-of-1757-27681,1,,server-1,1,1,1,2.963,1.756,2.099
least-connections-cache-off-warm0,110,1,5.4727,1.607,28.102,29.709,letter,the-iliad-2199,1,,server-2,1,1,0,1.574,7.060,3.776
least-connections-cache-off-warm0,110,1,5.4818,2.155,18.771,20.927,london,the-return-of-sherlock-holmes-108,1,,server-3,1,1,1,1.574,3.688,3.776
least-connections-cache-off-warm0,110,1,5.4909,1.810,23.628,25.438,horse,tess-of-the-d-urbervilles-a-pure-woman,1,,server-1,1,1,1,4.891,3.688,2.029
least-connections-cache-off-warm0,110,1,5.5000,2.691,27.242,29.933,money,the-tenant-of-wildfell-hall,1,,server-2,1,2,1,2.663,3.688,2.029
least-connections-cache-off-warm0,110,1,5.5091,1.396,30.159,31.556,he,the-innocents-abroad,1,,server-3,1,1,1,2.663,3.637,4.201
least-connections-cache-off-warm0,110,1,5.5182,1.611,18.408,20.020,love,the-works-of-edgar-allan-poe-volume-2,1,,server-1,1,1,1,5.409,3.637,2.210
least-connections-cache-off-warm0,110,1,5.5273,3.084,14.837,17.920,king,the-mystery-of-edwin-drood,1,,server-2,1,2,1,2.843,3.637,2.210
least-connections-cache-off-warm0,110,1,5.5364,4.888,14.605,19.493,was,the-secret-garden-17396,1,,server-3,1,1,2,2.843,3.623,2.210
least-connections-cache-off-warm0,110,1,5.5455,1.751,13.917,15.668,night,his-last-bow,1,,server-1,1,0,1,4.721,4.656,3.630
least-connections-cache-off-warm0,110,1,5.5545,1.572,28.674,30.247,london,the-mysterious-island,1,,server-2,1,1,1,2.516,4.656,3.630
least-connections-cache-off-warm0,110,1,5.5636,1.550,24.141,25.692,sea,the-last-of-the-mohicans-a-narrative-of-1757,1,,server-3,0,1,1,3.786,2.461,4.615
least-connections-cache-off-warm0,110,1,5.5727,1.147,13.121,14.268,house,the-secret-garden,1,,server-1,1,1,1,3.786,2.461,2.441
least-connections-cache-off-warm0,110,1,5.5818,3.434,18.982,22.416,castle,adventures-of-huckleberry-finn,1,,server-2,1,2,1,2.008,2.461,2.441
least-connections-cache-off-warm0,110,1,5.5909,1.191,21.002,22.193,sea,a-connecticut-yankee-in-king-arthur-s-court,1,,server-3,0,1,1,3.346,3.396,5.391
least-connections-cache-off-warm0,110,1,5.6000,1.457,19.043,20.500,castle,the-odyssey,1,,server-1,1,1,1,3.346,3.396,2.829
least-connections-cache-off-warm0,110,1,5.6091,1.133,9.547,10.679,the,herland,1,,server-2,1,1,1,1.795,5.165,2.829
least-connections-cache-off-warm0,110,1,5.6182,1.111,13.169,14.281,you,persuasion,1,,server-3,1,1,1,1.795,2.714,5.136
least-connections-cache-off-warm0,110,1,5.6273,1.265,21.365,22.630,heart,the-divine-comedy,1,,server-1,1,0,1,4.161,3.230,2.695
least-connections-cache-off-warm0,110,1,5.6364,1.492,20.336,21.828,love,the-mystery-of-edwin-drood,1,,server-2,1,1,0,2.205,3.230,3.798
least-connections-cache-off-warm0,110,1,5.6455,1.702,19.945,21.647,money,the-house-of-the-seven-gables,1,,server-3,1,1,1,2.205,1.721,3.798
least-connections-cache-off-warm0,110,1,5.6545,1.343,22.204,23.546,castle,the-house-of-mirth,1,,server-1,1,1,1,4.782,1.721,2.040
least-connections-cache-off-warm0,110,1,5.6636,1.120,12.551,13.670,castle,autobiography-of-benjamin-franklin,1,,server-2,1,1,1,2.525,4.308,2.040
least-connections-cache-off-warm0,110,1,5.6727,1.276,11.537,12.812,heart,the-hound-of-the-baskervilles,1,,server-3,1,1,1,2.525,2.273,4.440
least-connections-cache-off-warm0,110,1,5.6818,1.124,17.256,18.381,sea,madame-bovary,1,,server-1,1,0,1,5.131,3.430,2.342
least-connections-cache-off-warm0,110,1,5.6909,1.136,8.400,9.535,was,the-kama-sutra-of-vatsyayana,1,,server-2,1,1,0,2.688,3.430,3.296
least-connections-cache-off-warm0,110,1,5.7000,1.318,39.585,40.903,london,the-mysterious-island,1,,server-3,1,1,1,5.542,1.825,3.296
least-connections-cache-off-warm0,110,1,5.7091,1.945,14.195,16.140,and,treasure-island,1,,server-1,1,0,1,4.456,2.480,1.753
least-connections-cache-off-warm0,110,1,5.7182,1.196,17.287,18.483,the,memoirs-of-fanny-hill,1,,server-2,1,1,1,2.385,2.480,1.753
least-connections-cache-off-warm0,110,1,5.7273,1.373,32.320,33.693,night,jane-eyre-an-autobiography,1,,server-1,1,1,1,3.717,1.343,1.753
least-connections-cache-off-warm0,110,1,5.7364,1.502,19.532,21.034,whale,madame-bovary,1,,server-2,1,2,1,1.982,4.449,1.753
least-connections-cache-off-warm0,110,1,5.7455,1.465,25.328,26.793,he,sense-and-sensibility,1,,server-3,1,1,1,1.982,1.903,7.413
least-connections-cache-off-warm0,110,1,5.7545,6.869,14.358,21.227,money,treasure-island,1,,server-1,2,1,1,1.982,1.903,3.883
least-connections-cache-off-warm0,110,1,5.7636,1.427,32.753,34.180,death,the-last-of-the-mohicans-a-narrative-of-1757,1,,server-2,1,1,1,3.890,4.302,3.883
least-connections-cache-off-warm0,110,1,5.7727,1.325,11.924,13.249,king,poirot-investigates,1,,server-3,1,1,1,3.890,2.298,6.502
least-connections-cache-off-warm0,110,1,5.7818,1.215,11.979,13.194,house,the-wind-in-the-willows,1,,server-1,1,1,1,4.731,2.298,3.410
least-connections-cache-off-warm0,110,1,5.7909,2.265,12.327,14.593,castle,the-hound-of-the-baskervilles,1,,server-3,1,1,1,2.504,2.298,4.050
least-connections-cache-off-warm0,110,1,5.8000,1.336,13.019,14.355,he,poirot-investigates,1,,server-1,1,0,1,3.423,6.647,2.198
least-connections-cache-off-warm0,110,1,5.8091,1.305,12.744,14.050,castle,cranford,1,,server-2,1,1,0,1.816,6.647,3.286
least-connections-cache-off-warm0,110,1,5.8182,1.308,18.082,19.390,whale,the-works-of-edgar-allan-poe-volume-2,1,,server-3,0,1,1,3.201,3.493,3.286
least-connections-cache-off-warm0,110,1,5.8273,1.335,15.167,16.502,of,agnes-grey,1,,server-1,1,0,1,3.201,4.235,1.772
least-connections-cache-off-warm0,110,1,5.8364,1.277,16.287,17.564,house,white-fang,1,,server-2,1,1,1,1.699,4.235,1.772
least-connections-cache-off-warm0,110,1,5.8455,1.370,11.342,12.712,london,the-mysterious-affair-at-styles,1,,server-3,0,1,1,3.477,2.247,3.943
least-connections-cache-off-warm0,110,1,5.8545,1.396,25.554,26.949,death,pride-and-prejudice,1,,server-1,1,0,1,3.477,3.999,2.090
least-connections-cache-off-warm0,110,1,5.8636,1.701,15.665,17.366,letter,the-mysterious-affair-at-styles,1,,server-2,1,1,0,1.863,3.999,3.089
least-connections-cache-off-warm0,110,1,5.8727,1.065,13.359,14.425,london,poirot-investigates,1,,server-3,1,1,1,1.863,2.137,3.089
least-connections-cache-off-warm0,110,1,5.8818,1.166,12.842,14.008,he,autobiography-of-benjamin-franklin,1,,server-1,1,0,1,5.244,3.828,1.653
least-connections-cache-off-warm0,110,1,5.8909,1.335,24.224,25.559,she,the-jungle,1,,server-2,1,1,0,2.759,3.828,3.152
least-connections-cache-off-warm0,110,1,5.9000,1.632,12.986,14.617,letter,his-last-bow,1,,server-3,0,1,1,3.782,2.041,3.152
least-connections-cache-off-warm0,110,1,5.9091,1.577,28.546,30.123,castle,the-vicomte-de-bragelonne,1,,server-1,1,1,1,3.782,2.041,1.712
least-connections-cache-off-warm0,110,1,5.9182,1.143,20.618,21.761,king,a-connecticut-yankee-in-king-arthur-s-court,1,,server-2,1,1,0,2.028,5.131,3.110
least-connections-cache-off-warm0,110,1,5.9273,1.269,9.593,10.862,death,the-war-of-the-worlds,1,,server-3,1,1,1,2.028,2.692,3.110
least-connections-cache-off-warm0,110,1,5.9364,3.483,16.266,19.748,was,thus-spake-zarathustra-a-book-for-all-and-none,1,,server-1,2,1,1,2.028,2.692,1.662
least-connections-cache-off-warm0,110,1,5.9455,1.254,24.258,25.512,love,a-tale-of-two-cities,1,,server-2,1,1,0,3.320,4.976,2.547
least-connections-cache-off-warm0,110,1,5.9545,1.153,24.341,25.495,london,the-adventures-of-ferdinand-count-fathom-complete,1,,server-3,1,1,1,3.320,2.612,2.547
least-connections-cache-off-warm0,110,1,5.9636,1.580,10.264,11.844,king,the-great-gatsby,1,,server-1,1,1,1,4.686,2.612,1.371
least-connections-cache-off-warm0,110,1,5.9727,1.042,17.155,18.197,of,the-secret-adversary,1,,server-2,1,1,1,2.485,5.516,1.371
least-connections-cache-off-warm0,110,1,5.9818,1.226,25.111,26.337,the,far-from-the-madding-crowd,1,,server-3,0,1,1,3.199,2.888,4.718
least-connections-cache-off-warm0,110,1,5.9909,1.296,10.642,11.938,king,the-hound-of-the-baskervilles,1,,server-1,1,1,1,3.199,4.554,2.479
least-connections-cache-off-warm0,110,1,6.0000,1.237,13.239,14.477,sea,the-warden,1,,server-2,1,1,1,1.728,4.554,2.479
least-connections-cache-off-warm0,110,1,6.0091,1.330,18.775,20.105,night,the-warden,1,,server-3,0,1,1,2.763,2.395,5.562
least-connections-cache-off-warm0,110,1,6.0182,1.657,32.181,33.837,heart,the-vicomte-de-bragelonne,1,,server-1,1,0,1,2.763,3.585,2.936
least-connections-cache-off-warm0,110,1,6.0273,1.473,14.405,15.879,she,frankenstein-or-the-modern-prometheus-41445,1,,server-2,1,1,1,1.534,3.585,2.936
least-connections-cache-off-warm0,110,1,6.0364,1.684,19.920,21.604,love,the-divine-comedy,1,,server-3,1,1,1,1.534,1.954,4.792
least-connections-cache-off-warm0,110,1,6.0455,1.128,23.976,25.103,death,the-iliad-2199,1,,server-2,1,1,1,1.534,3.489,2.562
least-connections-cache-off-warm0,110,1,6.0545,1.516,8.901,10.417,was,the-hound-of-the-baskervilles-3070,1,,server-1,1,1,1,6.055,1.850,2.562
least-connections-cache-off-warm0,110,1,6.0636,1.554,20.758,22.312,heart,the-house-of-mirth,1,,server-3,1,1,1,3.194,1.850,4.772
least-connections-cache-off-warm0,110,1,6.0727,1.450,22.710,24.161,money,the-iliad-2199,1,,server-1,1,0,1,3.429,4.979,2.559
least-connections-cache-off-warm0,110,1,6.0818,1.154,14.839,15.993,he,frankenstein-or-the-modern-prometheus-41445,1,,server-2,1,1,1,1.851,4.979,2.559
least-connections-cache-off-warm0,110,1,6.0909,1.789,16.550,18.339,whale,the-works-of-edgar-allan-poe-volume-2,1,,server-3,1,1,1,1.851,2.620,4.923
least-connections-cache-off-warm0,110,1,6.1000,1.336,28.556,29.892,whale,the-romance-of-lust-a-classic-victorian-erotic-novel,1,,server-1,1,0,1,4.764,4.020,2.600
least-connections-cache-off-warm0,110,1,6.1091,1.218,21.968,23.186,letter,the-house-of-mirth,1,,server-2,1,1,1,2.537,4.020,5.306
least-connections-cache-off-warm0,110,1,6.1182,1.701,18.245,19.946,and,the-age-of-innocence,1,,server-3,1,1,1,2.537,2.146,4.299
least-connections-cache-off-warm0,110,1,6.1273,3.340,21.385,24.724,house,far-from-the-madding-crowd,1,,server-1,2,1,1,2.537,2.146,2.345
least-connections-cache-off-warm0,110,1,6.1364,1.845,17.987,19.831,the,anne-of-green-gables,1,,server-2,1,1,1,3.437,4.819,2.345
least-connections-cache-off-warm0,110,1,6.1455,1.519,12.085,13.605,castle,the-hound-of-the-baskervilles,1,,server-3,1,1,1,3.437,2.543,4.364
least-connections-cache-off-warm0,110,1,6.1545,1.459,18.602,20.061,heart,twenty-thousand-leagues-under-the-sea,1,,server-1,1,1,1,5.543,2.543,2.331
least-connections-cache-off-warm0,110,1,6.1636,1.348,18.784,20.133,love,the-works-of-edgar-allan-poe-volume-2,1,,server-2,1,1,0,2.907,4.464,3.367
least-connections-cache-off-warm0,110,1,6.1727,1.548,26.798,28.346,horse,dracula,1,,server-3,1,1,1,2.907,2.377,3.367
least-connections-cache-off-warm0,110,1,6.1818,1.469,10.386,11.855,sea,the-mysterious-affair-at-styles,1,,server-1,1,1,1,4.804,2.377,1.821
least-connections-cache-off-warm0,110,1,6.1909,1.248,13.248,14.496,sea,the-adventures-of-tom-sawyer-complete,1,,server-2,1,1,1,2.526,4.494,1.821
least-connections-cache-off-warm0,110,1,6.2000,1.209,14.827,16.036,and,meditations,1,,server-1,1,1,1,3.220,2.379,1.821
least-connections-cache-off-warm0,110,1,6.2091,1.239,37.840,39.079,letter,tess-of-the-d-urbervilles-a-pure-woman,1,,server-2,1,1,0,1.715,3.587,5.414
least-connections-cache-off-warm0,110,1,6.2182,1.591,14.091,15.682,king,cranford,1,,server-3,0,1,1,3.437,1.912,5.414
least-connections-cache-off-warm0,110,1,6.2273,1.543,13.475,15.018,heart,treasure-island,1,,server-1,1,1,1,3.437,1.912,2.881
least-connections-cache-off-warm0,110,1,6.2364,1.576,19.758,21.335,castle,twenty-thousand-leagues-under-the-sea,1,,server-3,1,1,1,1.844,1.912,4.053
least-connections-cache-off-warm0,110,1,6.2455,1.241,14.078,15.320,sea,the-scarlet-letter-33,1,,server-1,1,1,1,3.296,1.912,2.182
least-connections-cache-off-warm0,110,1,6.2545,1.365,13.085,14.449,castle,the-war-of-the-worlds,1,,server-2,1,1,1,1.757,7.261,2.182
least-connections-cache-off-warm0,110,1,6.2636,1.472,33.921,35.393,you,the-song-of-the-lark,1,,server-3,0,1,1,3.334,3.785,4.517
least-connections-cache-off-warm0,110,1,6.2727,1.817,21.513,23.330,heart,persuasion,1,,server-1,1,0,1,3.334,4.474,2.409
least-connections-cache-off-warm0,110,1,6.2818,3.209,27.674,30.883,she,the-adventures-of-ferdinand-count-fathom-complete,1,,server-2,1,1,1,1.798,4.474,2.409
least-connections-cache-off-warm0,110,1,6.2909,8.791,11.389,20.180,horse,washington-square,1,,server-3,1,1,2,1.798,2.449,2.409
least-connections-cache-off-warm0,110,1,6.3000,1.317,24.371,25.688,love,life-on-the-mississippi,1,,server-1,1,1,1,4.525,2.449,4.362
least-connections-cache-off-warm0,110,1,6.3091,4.303,23.085,27.389,heart,pride-and-prejudice,1,,server-2,1,2,1,2.378,2.449,4.362
least-connections-cache-off-warm0,110,1,6.3182,2.145,21.812,23.957,the,the-house-of-mirth,1,,server-3,1,1,1,2.378,3.402,4.564
least-connections-cache-off-warm0,110,1,6.3273,1.420,8.897,10.317,and,the-kama-sutra-of-vatsyayana,1,,server-1,1,1,1,5.362,3.402,2.433
least-connections-cache-off-warm0,110,1,6.3364,1.535,21.221,22.756,king,the-house-of-mirth,1,,server-2,1,2,1,2.824,5.789,2.433
least-connections-cache-off-warm0,110,1,6.3455,1.303,12.909,14.212,letter,silas-marner,1,,server-3,0,1,1,3.187,3.040,4.943
least-connections-cache-off-warm0,110,1,6.3545,1.485,12.199,13.684,house,cranford,1,,server-1,1,1,1,3.187,3.040,2.595
least-connections-cache-off-warm0,110,1,6.3636,1.884,11.763,13.647,was,the-hound-of-the-baskervilles-3070,1,,server-2,1,1,0,1.709,5.291,3.678
least-connections-cache-off-warm0,110,1,6.3727,1.181,9.091,10.272,letter,the-hound-of-the-baskervilles-3070,1,,server-3,0,1,1,3.006,2.765,3.678
least-connections-cache-off-warm0,110,1,6.3818,1.586,23.117,24.703,letter,myths-and-legends-of-ancient-greece-and-rome,1,,server-1,1,0,1,3.006,3.627,1.954
least-connections-cache-off-warm0,110,1,6.3909,2.324,21.365,23.689,whale,hard-times,1,,server-2,1,1,0,1.640,3.627,2.681
least-connections-cache-off-warm0,110,1,6.4000,1.826,20.172,21.999,london,anne-of-green-gables,1,,server-3,1,1,1,1.640,1.974,2.681
least-connections-cache-off-warm0,110,1,6.4091,1.656,22.759,24.415,night,leaves-of-grass,1,,server-1,1,1,1,4.673,1.974,1.485
least-connections-cache-off-warm0,110,1,6.4182,1.309,16.094,17.404,she,hard-times,1,,server-2,1,1,1,2.502,4.603,1.485
least-connections-cache-off-warm0,110,1,6.4273,1.587,12.743,14.330,sea,the-secret-adversary,1,,server-3,1,1,1,2.502,2.418,4.139
least-connections-cache-off-warm0,110,1,6.4364,1.483,14.938,16.421,king,the-scarlet-letter,1,,server-1,1,0,1,5.196,4.085,2.198
least-connections-cache-off-warm0,110,1,6.4455,1.337,14.960,16.297,london,desert-gold,1,,server-2,1,1,0,2.764,4.085,3.418
least-connections-cache-off-warm0,110,1,6.4545,1.271,17.069,18.340,horse,anne-of-green-gables,1,,server-3,0,1,1,4.103,2.155,3.418
least-connections-cache-off-warm0,110,1,6.4636,1.356,38.161,39.517,horse,the-moonstone,1,,server-1,1,0,1,4.103,3.728,1.828
least-connections-cache-off-warm0,110,1,6.4727,1.387,22.234,23.621,money,the-odyssey,1,,server-2,1,1,1,2.179,3.728,4.800
least-connections-cache-off-warm0,110,1,6.4818,1.630,10.282,11.912,of,the-prince,1,,server-3,1,1,1,2.179,1.970,3.871
least-connections-cache-off-warm0,110,1,6.4909,13.013,10.630,23.643,and,black-beauty,1,,server-1,2,1,1,2.179,1.970,2.071
least-connections-cache-off-warm0,110,1,6.5000,1.410,23.457,24.867,was,mansfield-park,1,,server-2,2,1,0,2.179,4.792,2.915
least-connections-cache-off-warm0,110,1,6.5091,1.243,17.169,18.413,love,hard-times,1,,server-3,1,1,1,5.366,2.526,2.915
least-connections-cache-off-warm0,110,1,6.5182,1.332,14.587,15.919,house,the-scarlet-letter-33,1,,server-1,1,1,1,5.121,2.526,1.566
least-connections-cache-off-warm0,110,1,6.5273,1.243,22.582,23.825,heart,the-divine-comedy,1,,server-2,1,1,1,2.717,5.328,4.627
least-connections-cache-off-warm0,110,1,6.5364,1.162,14.427,15.589,sea,the-secret-garden,1,,server-3,0,1,1,4.034,2.790,3.734
least-connections-cache-off-warm0,110,1,6.5455,2.361,21.146,23.507,you,a-tale-of-two-cities,1,,server-1,1,1,1,4.034,2.790,1.985
least-connections-cache-off-warm0,110,1,6.5545,1.799,13.431,15.230,was,frankenstein-or-the-modern-prometheus-41445,1,,server-2,1,1,0,2.219,5.356,3.516
least-connections-cache-off-warm0,110,1,6.5636,1.667,16.905,18.572,the,grimms-fairy-tales,1,,server-3,1,1,1,2.219,2.829,3.516
least-connections-cache-off-warm0,110,1,6.5727,1.488,17.431,18.920,she,the-return-of-sherlock-holmes-108,1,,server-1,1,0,1,4.723,3.917,1.879
least-connections-cache-off-warm0,110,1,6.5818,1.609,10.898,12.507,death,poirot-investigates,1,,server-2,1,1,1,2.487,3.917,4.803
least-connections-cache-off-warm0,110,1,6.5909,1.459,17.048,18.507,heart,the-house-of-the-seven-gables,1,,server-3,1,1,1,2.487,2.077,3.861
least-connections-cache-off-warm0,110,1,6.6000,1.399,14.742,16.141,whale,the-scarlet-letter,1,,server-1,1,0,1,4.333,3.012,2.031
least-connections-cache-off-warm0,110,1,6.6091,1.510,21.241,22.751,the,a-tale-of-two-cities,1,,server-2,1,1,1,2.288,3.012,4.968
least-connections-cache-off-warm0,110,1,6.6182,1.335,21.623,22.958,house,the-american,1,,server-3,0,1,1,3.782,1.626,3.984
least-connections-cache-off-warm0,110,1,6.6273,1.379,30.950,32.329,the,the-moonstone,1,,server-1,1,1,1,3.782,1.626,2.130
least-connections-cache-off-warm0,110,1,6.6364,2.197,17.519,19.716,death,a-journey-to-the-centre-of-the-earth,1,,server-2,1,1,1,2.002,4.395,2.130
least-connections-cache-off-warm0,110,1,6.6455,1.206,15.701,16.908,horse,persuasion,1,,server-3,1,1,1,2.002,2.328,4.774
least-connections-cache-off-warm0,110,1,6.6545,5.377,15.077,20.453,house,the-secret-garden,1,,server-1,2,1,1,2.002,2.328,2.521
least-connections-cache-off-warm0,110,1,6.6636,1.372,9.225,10.597,death,the-hound-of-the-baskervilles-3070,1,,server-2,1,1,0,3.650,4.260,4.083
least-connections-cache-off-warm0,110,1,6.6727,1.154,23.377,24.530,heart,anne-of-green-gables,1,,server-3,1,1,1,3.650,2.259,4.083
least-connections-cache-off-warm0,110,1,6.6818,1.323,17.376,18.699,he,frankenstein-or-the-modern-prometheus,1,,server-1,1,0,1,4.707,2.890,2.165
least-connections-cache-off-warm0,110,1,6.6909,1.651,21.828,23.480,horse,the-secret-adversary,1,,server-2,1,1,1,2.468,2.890,2.165
least-connections-cache-off-warm0,110,1,6.7000,1.545,23.781,25.326,sea,the-song-of-the-lark,1,,server-3,1,1,1,5.373,1.591,5.081
least-connections-cache-off-warm0,110,1,6.7091,1.673,23.098,24.771,you,madame-bovary,1,,server-1,1,1,1,4.333,1.591,2.666
least-connections-cache-off-warm0,110,1,6.7182,1.726,26.581,28.307,love,great-expectations,1,,server-2,1,1,1,2.289,4.428,2.666
least-connections-cache-off-warm0,110,1,6.7273,1.290,27.832,29.121,sea,life-on-the-mississippi,1,,server-3,1,1,1,2.289,2.339,5.466
least-connections-cache-off-warm0,110,1,6.7364,1.071,19.648,20.719,of,the-odyssey,1,,server-1,1,1,1,5.091,2.339,2.865
least-connections-cache-off-warm0,110,1,6.7455,1.573,10.124,11.697,heart,the-wind-in-the-willows,1,,server-2,1,2,1,2.670,2.339,2.865
least-connections-cache-off-warm0,110,1,6.7545,3.362,14.567,17.929,money,desert-gold,1,,server-3,1,1,2,2.670,3.031,2.865
least-connections-cache-off-warm0,110,1,6.7636,1.118,12.751,13.869,death,a-princess-of-mars,1,,server-1,1,0,1,4.808,3.526,3.369
least-connections-cache-off-warm0,110,1,6.7727,1.715,24.954,26.669,money,the-house-of-mirth,1,,server-2,1,1,1,2.525,3.526,4.474
least-connections-cache-off-warm0,110,1,6.7818,1.547,22.347,23.893,castle,the-odyssey,1,,server-3,0,1,1,3.612,1.897,4.474
least-connections-cache-off-warm0,110,1,6.7909,1.832,13.251,15.083,you,frankenstein-or-the-modern-prometheus-41445,1,,server-1,1,1,1,3.612,1.897,2.378
least-connections-cache-off-warm0,110,1,6.8000,1.196,21.610,22.806,and,the-house-of-the-seven-gables,1,,server-2,1,1,1,1.942,5.153,2.378
least-connections-cache-off-warm0,110,1,6.8091,1.224,19.332,20.555,she,leaves-of-grass,1,,server-3,0,1,1,3.316,2.701,5.040
least-connections-cache-off-warm0,110,1,6.8182,1.772,12.208,13.980,london,the-war-of-the-worlds,1,,server-1,1,1,1,3.316,2.701,2.649
least-connections-cache-off-warm0,110,1,6.8273,1.434,9.419,10.853,you,poirot-investigates,1,,server-2,1,1,1,1.790,5.137,2.649
least-connections-cache-off-warm0,110,1,6.8364,1.444,27.148,28.592,you,hard-times,1,,server-3,0,1,1,3.012,2.709,4.751
least-connections-cache-off-warm0,110,1,6.8455,2.119,19.031,21.149,you,the-secret-garden,1,,server-1,1,0,1,3.012,3.178,2.539
least-connections-cache-off-warm0,110,1,6.8545,1.554,12.715,14.269,sea,herland,1,,server-2,1,1,1,1.669,3.178,2.539
least-connections-cache-off-warm0,110,1,6.8636,1.912,24.703,26.615,whale,pride-and-prejudice,1,,server-3,1,1,2,1.669,1.704,2.539
least-connections-cache-off-warm0,110,1,6.8727,1.849,21.795,23.643,london,life-on-the-mississippi,1,,server-1,1,0,1,4.042,3.057,3.152
least-connections-cache-off-warm0,110,1,6.8818,1.661,25.592,27.252,you,oliver-twist,1,,server-2,1,1,1,2.171,3.057,3.152
least-connections-cache-off-warm0,110,1,6.8909,1.321,14.013,15.334,sea,northanger-abbey,1,,server-3,1,1,1,2.171,1.645,5.905
least-connections-cache-off-warm0,110,1,6.9000,1.554,27.149,28.703,sea,emma,1,,server-1,1,1,1,4.837,1.645,3.104
least-connections-cache-off-warm0,110,1,6.9091,2.202,16.643,18.845,night,adventures-of-huckleberry-finn,1,,server-3,1,1,1,2.594,5.103,4.169
least-connections-cache-off-warm0,110,1,6.9182,1.608,24.726,26.334,love,the-jungle,1,,server-2,1,1,1,2.594,5.103,2.215
least-connections-cache-off-warm0,110,1,6.9273,1.727,19.937,21.664,horse,grimms-fairy-tales,1,,server-3,1,1,2,2.594,2.703,5.009
least-connections-cache-off-warm0,110,1,6.9364,1.707,31.735,33.442,castle,the-song-of-the-lark,1,,server-1,1,1,1,5.970,2.703,2.139
least-connections-cache-off-warm0,110,1,6.9455,1.276,12.104,13.380,and,the-wind-in-the-willows,1,,server-2,1,1,1,3.185,5.636,2.139
least-connections-cache-off-warm0,110,1,6.9545,1.126,12.690,13.816,love,poirot-investigates,1,,server-3,1,1,1,3.185,2.977,4.486
least-connections-cache-off-warm0,110,1,6.9636,1.041,13.925,14.966,king,washington-square,1,,server-2,1,1,1,3.185,3.791,2.365
least-connections-cache-off-warm0,110,1,6.9727,1.258,23.181,24.439,he,madame-bovary,1,,server-3,0,1,1,7.067,2.001,3.509
least-connections-cache-off-warm0,110,1,6.9818,1.265,13.154,14.420,night,a-journey-to-the-centre-of-the-earth,1,,server-1,1,0,1,7.067,3.475,1.862
least-connections-cache-off-warm0,110,1,6.9909,1.310,15.979,17.289,king,grimms-fairy-tales,1,,server-2,1,1,1,3.690,3.475,1.862
least-connections-cache-off-warm0,110,1,7.0000,1.144,29.823,30.967,love,the-tenant-of-wildfell-hall,1,,server-3,0,1,1,4.414,1.842,4.846
least-connections-cache-off-warm0,110,1,7.0091,1.430,32.031,33.461,horse,north-and-south,1,,server-1,1,0,1,4.414,3.688,2.557
least-connections-cache-off-warm0,110,1,7.0182,1.796,20.044,21.841,horse,pride-and-prejudice,1,,server-2,1,1,1,2.325,3.688,2.557
least-connections-cache-off-warm0,110,1,7.0273,4.291,18.858,23.150,was,anne-of-green-gables,1,,server-3,1,1,2,2.325,1.989,2.557
least-connections-cache-off-warm0,110,1,7.0364,6.581,14.574,21.155,london,meditations,1,,server-1,2,1,1,2.325,1.989,3.642
least-connections-cache-off-warm0,110,1,7.0455,1.463,27.230,28.694,love,mary-barton,1,,server-2,1,1,1,3.953,4.428,3.642
least-connections-cache-off-warm0,110,1,7.0545,1.547,32.871,34.418,king,the-vicomte-de-bragelonne,1,,server-3,1,1,1,3.953,2.384,5.296
least-connections-cache-off-warm0,110,1,7.0636,1.978,17.796,19.774,and,the-secret-adversary,1,,server-1,1,1,1,4.916,2.384,2.802
least-connections-cache-off-warm0,110,1,7.0727,1.949,30.761,32.710,you,little-women,1,,server-2,1,2,1,2.619,2.384,2.802
least-connections-cache-off-warm0,110,1,7.0818,7.966,18.641,26.608,the,the-secret-garden,1,,server-3,1,1,2,2.619,3.149,2.802
least-connections-cache-off-warm0,110,1,7.0909,1.392,17.048,18.440,he,the-return-of-sherlock-holmes,1,,server-1,1,1,1,4.488,3.149,4.308
least-connections-cache-off-warm0,110,1,7.1000,5.858,13.769,19.628,whale,silas-marner,1,,server-2,1,2,1,2.371,3.149,4.308
least-connections-cache-off-warm0,110,1,7.1091,1.491,27.111,28.602,heart,north-and-south,1,,server-3,1,1,1,5.212,4.029,5.671
least-connections-cache-off-warm0,110,1,7.1182,1.607,17.695,19.302,death,the-age-of-innocence,1,,server-1,1,1,1,4.179,4.029,2.983
least-connections-cache-off-warm0,110,1,7.1273,1.376,21.162,22.537,he,the-portrait-of-a-lady-volume-1,1,,server-2,1,1,1,2.214,4.741,2.983
least-connections-cache-off-warm0,110,1,7.1364,2.576,9.547,12.123,love,the-mysterious-affair-at-styles,1,,server-3,1,1,2,5.206,2.491,2.983
least-connections-cache-off-warm0,110,1,7.1455,1.505,15.014,16.519,she,the-memoirs-of-sherlock-holmes,1,,server-1,1,1,1,4.207,2.491,3.259
least-connections-cache-off-warm0,110,1,7.1545,1.332,35.978,37.310,and,jane-eyre-an-autobiography,1,,server-2,1,1,0,2.240,4.942,3.545
least-connections-cache-off-warm0,110,1,7.1636,1.457,25.233,26.690,whale,the-jungle,1,,server-3,0,1,1,3.768,2.597,3.545
least-connections-cache-off-warm0,110,1,7.1727,1.696,25.542,27.238,of,life-on-the-mississippi,1,,server-1,1,1,1,3.768,2.597,1.886
least-connections-cache-off-warm0,110,1,7.1818,10.477,26.060,36.537,of,life-on-the-mississippi,1,,server-2,1,2,1,2.049,2.597,1.886
least-connections-cache-off-warm0,110,1,7.1909,2.204,15.375,17.579,sea,the-secret-garden,1,,server-3,1,2,1,2.049,7.145,5.189
least-connections-cache-off-warm0,110,1,7.2000,1.548,8.957,10.505,london,the-prince,1,,server-1,2,1,1,5.290,4.652,2.731
least-connections-cache-off-warm0,110,1,7.2091,9.964,18.877,28.841,london,desert-gold,1,,server-2,1,2,1,2.771,4.652,4.137
least-connections-cache-off-warm0,110,1,7.2182,1.468,9.925,11.394,house,the-prince,1,,server-3,0,2,1,3.179,7.070,4.137
least-connections-cache-off-warm0,110,1,7.2273,1.736,12.476,14.212,horse,the-hound-of-the-baskervilles,1,,server-1,1,1,1,3.179,4.584,2.185
least-connections-cache-off-warm0,110,1,7.2364,1.567,27.414,28.981,house,the-adventures-of-ferdinand-count-fathom-complete,1,,server-3,1,1,1,1.720,4.584,2.944
least-connections-cache-off-warm0,110,1,7.2455,1.662,30.693,32.355,he,north-and-south,1,,server-1,1,0,1,3.058,5.902,1.585
least-connections-cache-off-warm0,110,1,7.2545,1.610,13.073,14.683,you,the-first-men-in-the-moon,1,,server-2,1,1,1,1.653,5.902,1.585
least-connections-cache-off-warm0,110,1,7.2636,2.377,22.774,25.151,house,life-on-the-mississippi,1,,server-3,1,1,2,1.653,3.119,1.585
least-connections-cache-off-warm0,110,1,7.2727,1.395,31.052,32.447,and,the-iliad,1,,server-2,1,1,1,1.653,4.021,2.912
least-connections-cache-off-warm0,110,1,7.2818,1.733,24.141,25.873,you,the-song-of-the-lark,1,,server-1,1,1,1,5.901,2.126,2.912
least-connections-cache-off-warm0,110,1,7.2909,1.285,17.484,18.769,heart,myths-and-legends-of-ancient-greece-and-rome,1,,server-3,1,1,1,3.090,2.126,5.434
least-connections-cache-off-warm0,110,1,7.3000,8.277,23.157,31.434,house,pride-and-prejudice,1,,server-1,2,1,1,3.090,2.126,2.852
least-connections-cache-off-warm0,110,1,7.3091,1.470,15.070,16.540,was,persuasion,1,,server-2,1,1,1,3.925,6.280,5.700
least-connections-cache-off-warm0,110,1,7.3182,1.835,13.992,15.827,love,frankenstein-or-the-modern-prometheus-41445,1,,server-3,1,1,1,3.925,3.278,4.577
least-connections-cache-off-warm0,110,1,7.3273,1.865,11.932,13.797,heart,agnes-grey,1,,server-2,1,1,1,3.925,4.452,2.428
least-connections-cache-off-warm0,110,1,7.3364,1.275,14.381,15.656,horse,the-scarlet-letter,1,,server-3,0,1,1,6.155,2.344,3.738
least-connections-cache-off-warm0,110,1,7.3455,1.140,13.778,14.918,she,washington-square,1,,server-1,1,0,1,6.155,3.358,1.980
least-connections-cache-off-warm0,110,1,7.3545,1.361,11.134,12.495,heart,silas-marner,1,,server-2,1,1,0,3.221,3.358,3.518
least-connections-cache-off-warm0,110,1,7.3636,1.544,27.097,28.641,castle,mansfield-park,1,,server-3,0,1,1,4.240,1.794,3.518
least-connections-cache-off-warm0,110,1,7.3727,1.525,12.796,14.322,of,the-picture-of-dorian-gray,1,,server-1,1,0,1,4.240,2.890,1.887
least-connections-cache-off-warm0,110,1,7.3818,1.859,30.705,32.564,castle,the-vicomte-de-bragelonne,1,,server-2,1,1,1,2.251,2.890,1.887
least-connections-cache-off-warm0,110,1,7.3909,1.689,33.968,35.657,money,the-mysterious-island,1,,server-1,1,1,1,3.445,1.561,1.887
least-connections-cache-off-warm0,110,1,7.4000,1.881,12.857,14.738,heart,agnes-grey,1,,server-3,1,1,1,1.858,1.561,5.519
least-connections-cache-off-warm0,110,1,7.4091,18.214,11.427,29.641,sea,beyond-good-and-evil,1,,server-1,2,1,1,1.858,1.561,2.906
least-connections-cache-off-warm0,110,1,7.4182,1.597,22.024,23.620,he,pride-and-prejudice,1,,server-2,2,1,0,1.858,5.853,3.877
least-connections-cache-off-warm0,110,1,7.4273,1.427,23.673,25.100,whale,a-tale-of-two-cities,1,,server-3,1,1,1,5.121,3.076,3.877
least-connections-cache-off-warm0,110,1,7.4364,2.904,25.813,28.717,she,the-iliad-2199,1,,server-1,2,1,1,5.121,3.076,2.061
least-connections-cache-off-warm0,110,1,7.4455,1.477,16.744,18.221,you,the-memoirs-of-sherlock-holmes,1,,server-2,1,1,1,2.796,5.439,2.061
least-connections-cache-off-warm0,110,1,7.4545,2.490,27.857,30.348,was,jane-eyre-an-autobiography,1,,server-3,1,1,1,2.796,2.852,5.066
least-connections-cache-off-warm0,110,1,7.4636,1.299,20.157,21.456,of,a-tale-of-two-cities,1,,server-2,1,1,1,2.796,4.426,2.672
least-connections-cache-off-warm0,110,1,7.4727,1.217,13.200,14.417,castle,frankenstein-or-the-modern-prometheus,1,,server-1,1,1,1,5.864,2.331,2.672
least-connections-cache-off-warm0,110,1,7.4818,4.220,34.463,38.682,he,the-vicomte-de-bragelonne,1,,server-2,1,2,1,3.070,2.331,2.672
least-connections-cache-off-warm0,110,1,7.4909,1.407,30.638,32.045,heart,the-innocents-abroad,1,,server-3,0,1,1,4.043,2.775,6.118
least-connections-cache-off-warm0,110,1,7.5000,1.417,11.744,13.161,was,the-war-of-the-worlds,1,,server-1,1,1,1,4.043,2.775,3.192
least-connections-cache-off-warm0,110,1,7.5091,11.696,13.183,24.879,letter,persuasion,1,,server-2,1,2,1,2.151,2.775,3.192
least-connections-cache-off-warm0,110,1,7.5182,1.402,14.237,15.639,sea,the-warden,1,,server-1,1,2,1,3.190,3.667,3.192
least-connections-cache-off-warm0,110,1,7.5273,1.843,24.144,25.986,horse,mary-barton,1,,server-3,1,1,1,1.742,5.427,6.907
least-connections-cache-off-warm0,110,1,7.5364,1.494,23.177,24.671,house,the-last-of-the-mohicans-a-narrative-of-1757,1,,server-1,1,0,1,3.354,5.517,3.637
least-connections-cache-off-warm0,110,1,7.5455,1.227,30.891,32.118,was,the-romance-of-lust-a-classic-victorian-erotic-novel,1,,server-2,1,1,1,1.810,5.517,3.637
least-connections-cache-off-warm0,110,1,7.5545,1.476,23.108,24.584,house,life-on-the-mississippi,1,,server-3,1,1,1,1.810,2.883,6.126
least-connections-cache-off-warm0,110,1,7.5636,1.799,29.813,31.612,of,the-vicomte-de-bragelonne,1,,server-1,1,1,1,4.809,2.883,3.199
least-connections-cache-off-warm0,110,1,7.5727,5.205,20.379,25.584,london,leaves-of-grass,1,,server-2,1,2,1,2.560,2.883,3.199
least-connections-cache-off-warm0,110,1,7.5818,1.370,18.911,20.282,of,the-return-of-sherlock-holmes,1,,server-3,1,1,1,2.560,3.881,5.719
least-connections-cache-off-warm0,110,1,7.5909,5.360,18.242,23.602,he,the-return-of-sherlock-holmes,1,,server-1,2,1,1,2.560,3.881,2.995
least-connections-cache-off-warm0,110,1,7.6000,1.451,19.939,21.391,she,the-american,1,,server-2,1,1,1,3.838,5.687,2.995
least-connections-cache-off-warm0,110,1,7.6091,1.558,11.356,12.913,london,the-hound-of-the-baskervilles-3070,1,,server-3,1,1,1,3.838,2.975,4.894
least-connections-cache-off-warm0,110,1,7.6182,1.321,12.252,13.573,death,kidnapped,1,,server-1,1,1,1,5.354,2.975,2.569
least-connections-cache-off-warm0,110,1,7.6273,1.383,20.002,21.385,king,walden-and-on-the-duty-of-civil-disobedience,1,,server-2,1,1,0,2.806,5.025,3.416
least-connections-cache-off-warm0,110,1,7.6364,1.532,13.347,14.879,house,the-picture-of-dorian-gray,1,,server-3,0,1,1,3.687,2.647,3.416
least-connections-cache-off-warm0,110,1,7.6455,1.728,15.024,16.752,night,frankenstein-or-the-modern-prometheus-41445,1,,server-1,1,1,1,3.687,2.647,1.836
least-connections-cache-off-warm0,110,1,7.6545,1.486,15.871,17.356,london,the-hound-of-the-baskervilles-3070,1,,server-2,1,1,0,1.970,4.879,3.273
least-connections-cache-off-warm0,110,1,7.6636,2.656,41.086,43.741,london,the-tenant-of-wildfell-hall,1,,server-3,0,1,1,3.616,2.563,3.273
least-connections-cache-off-warm0,110,1,7.6727,1.348,19.989,21.337,letter,meditations,1,,server-1,1,0,1,3.616,4.131,1.821
least-connections-cache-off-warm0,110,1,7.6818,1.802,24.526,26.328,house,a-connecticut-yankee-in-king-arthur-s-court,1,,server-2,1,1,1,1.972,4.131,1.821
least-connections-cache-off-warm0,110,1,7.6909,16.979,14.040,31.019,she,the-picture-of-dorian-gray,1,,server-3,1,1,2,1.972,2.221,1.821
least-connections-cache-off-warm0,110,1,7.7000,1.566,21.555,23.122,horse,wuthering-heights,1,,server-1,1,1,2,4.340,2.221,1.821
least-connections-cache-off-warm0,110,1,7.7091,1.508,12.789,14.298,money,the-picture-of-dorian-gray,1,,server-2,1,1,1,2.305,5.269,5.517
least-connections-cache-off-warm0,110,1,7.7182,4.381,20.161,24.542,castle,walden-and-on-the-duty-of-civil-disobedience,1,,server-3,1,1,2,2.305,2.760,5.517
least-connections-cache-off-warm0,110,1,7.7273,1.663,13.149,14.813,king,frankenstein-or-the-modern-prometheus,1,,server-1,1,0,1,4.884,3.763,3.307
least-connections-cache-off-warm0,110,1,7.7364,1.602,24.446,26.048,love,life-on-the-mississippi,1,,server-2,1,1,1,2.580,3.763,3.307
least-connections-cache-off-warm0,110,1,7.7455,1.215,13.022,14.237,death,the-warden,1,,server-3,0,1,1,3.694,2.000,5.285
least-connections-cache-off-warm0,110,1,7.7545,1.336,21.945,23.281,money,desperate-remedies,1,,server-1,1,1,1,3.694,2.000,2.769
least-connections-cache-off-warm0,110,1,7.7636,1.148,21.241,22.390,money,wuthering-heights,1,,server-2,1,1,0,2.012,5.129,3.801
least-connections-cache-off-warm0,110,1,7.7727,1.246,18.344,19.589,whale,sense-and-sensibility,1,,server-3,1,1,1,2.012,2.681,3.801
least-connections-cache-off-warm0,110,1,7.7818,1.360,23.197,24.557,you,the-house-of-mirth,1,,server-1,1,1,1,4.746,2.681,2.017
least-connections-cache-off-warm0,110,1,7.7909,1.547,26.724,28.271,letter,great-expectations,1,,server-2,1,1,1,2.496,5.094,2.017
least-connections-cache-off-warm0,110,1,7.8000,1.914,12.610,14.525,night,frankenstein-or-the-modern-prometheus,1,,server-3,1,1,1,2.496,2.661,4.118
least-connections-cache-off-warm0,110,1,7.8091,1.528,13.660,15.188,letter,northanger-abbey,1,,server-1,1,1,1,5.254,2.661,2.213
least-connections-cache-off-warm0,110,1,7.8182,1.528,28.579,30.107,money,the-jungle,1,,server-3,1,1,1,2.790,2.661,3.386
least-connections-cache-off-warm0,110,1,7.8273,1.293,15.194,16.487,horse,the-scarlet-letter,1,,server-1,1,0,1,3.939,5.924,1.809
least-connections-cache-off-warm0,110,1,7.8364,1.335,19.006,20.342,money,pride-and-prejudice,1,,server-2,1,1,1,2.098,5.924,1.809
least-connections-cache-off-warm0,110,1,7.8455,1.569,25.845,27.413,whale,emma,1,,server-1,1,1,1,3.727,3.105,1.809
least-connections-cache-off-warm0,110,1,7.8545,1.722,19.316,21.038,king,twenty-thousand-leagues-under-the-sea,1,,server-3,1,1,1,2.012,3.105,5.700
least-connections-cache-off-warm0,110,1,7.8636,1.397,20.775,22.172,letter,sense-and-sensibility,1,,server-2,1,1,1,2.012,4.957,3.021
least-connections-cache-off-warm0,110,1,7.8727,3.456,26.045,29.501,whale,the-song-of-the-lark,1,,server-3,1,1,2,5.348,2.614,3.021
least-connections-cache-off-warm0,110,1,7.8818,1.509,11.459,12.968,money,the-lost-world,1,,server-1,1,1,1,5.348,2.614,2.867
least-connections-cache-off-warm0,110,1,7.8909,1.233,12.405,13.638,she,washington-square,1,,server-2,1,1,1,2.830,4.950,2.867
least-connections-cache-off-warm0,110,1,7.9000,1.319,14.891,16.210,love,the-warden,1,,server-1,1,1,1,3.610,2.599,2.867
least-connections-cache-off-warm0,110,1,7.9091,2.137,16.643,18.780,king,the-picture-of-dorian-gray,1,,server-2,1,1,0,1.942,3.564,5.963
least-connections-cache-off-warm0,110,1,7.9182,1.819,19.057,20.876,sea,adventures-of-huckleberry-finn,1,,server-3,0,1,1,3.593,1.934,5.963
least-connections-cache-off-warm0,110,1,7.9273,1.543,23.446,24.990,sea,the-odyssey,1,,server-1,1,1,1,3.593,1.934,3.144
least-connections-cache-off-warm0,110,1,7.9364,1.448,13.488,14.936,and,the-adventures-of-tom-sawyer-complete,1,,server-2,1,1,1,1.912,3.845,3.144
least-connections-cache-off-warm0,110,1,7.9455,1.498,14.314,15.811,house,the-first-men-in-the-moon,1,,server-3,1,1,1,1.912,2.074,5.007
least-connections-cache-off-warm0,110,1,7.9545,1.463,36.391,37.854,you,madame-bovary,1,,server-1,1,0,1,4.946,3.429,2.631
least-connections-cache-off-warm0,110,1,7.9636,2.510,21.922,24.433,night,beyond-good-and-evil,1,,server-2,1,1,0,2.603,3.429,3.924
least-connections-cache-off-warm0,110,1,7.9727,2.363,24.240,26.603,heart,the-works-of-edgar-allan-poe-volume-2,1,,server-3,1,1,1,2.603,1.913,3.924
least-connections-cache-off-warm0,110,1,7.9818,10.903,19.426,30.329,was,the-house-of-the-seven-gables,1,,server-1,2,1,1,2.603,1.913,2.160
least-connections-cache-off-warm0,110,1,7.9909,1.376,22.767,24.143,she,leaves-of-grass,1,,server-2,2,1,1,2.603,4.601,2.160
least-connections-cache-off-warm0,110,1,8.0000,1.555,24.262,25.816,whale,the-jungle,1,,server-3,1,1,1,4.789,2.441,5.176
least-connections-cache-off-warm0,110,1,8.0091,4.487,22.106,26.593,castle,tess-of-the-d-urbervilles-a-pure-woman,1,,server-1,2,1,1,4.789,2.441,2.740
least-connections-cache-off-warm0,110,1,8.0182,1.586,10.273,11.860,house,his-last-bow,1,,server-2,1,1,1,3.487,5.135,2.740
least-connections-cache-off-warm0,110,1,8.0273,1.385,12.033,13.418,heart,a-princess-of-mars,1,,server-3,1,1,1,3.487,2.755,5.577
least-connections-cache-off-warm0,110,1,8.0364,1.321,10.880,12.201,heart,the-prince,1,,server-1,1,0,1,5.702,3.340,2.931
least-connections-cache-off-warm0,110,1,8.0455,2.011,36.021,38.032,and,the-romance-of-lust-a-classic-victorian-erotic-novel,1,,server-2,1,1,0,2.982,3.340,3.734
least-connections-cache-off-warm0,110,1,8.0545,3.165,34.194,37.360,castle,little-women,1,,server-3,0,1,1,3.613,1.827,3.734
least-connections-cache-off-warm0,110,1,8.0636,1.928,16.875,18.802,castle,the-works-of-edgar-allan-poe-volume-2,1,,server-1,1,1,1,3.613,1.827,2.073
least-connections-cache-off-warm0,110,1,8.0727,11.441,16.871,28.312,was,the-scarlet-letter-33,1,,server-2,1,2,1,1.960,1.827,2.073
least-connections-cache-off-warm0,110,1,8.0818,10.760,13.287,24.047,you,silas-marner,1,,server-3,1,2,2,4.815,1.827,2.073
least-connections-cache-off-warm0,110,1,8.0909,1.907,11.974,13.881,whale,the-lost-world,1,,server-1,1,1,2,3.874,4.633,2.073
least-connections-cache-off-warm0,110,1,8.1000,1.855,10.677,12.533,house,the-prince,1,,server-2,1,2,1,2.058,4.633,4.442
least-connections-cache-off-warm0,110,1,8.1091,2.213,31.300,33.513,of,the-innocents-abroad,1,,server-3,0,1,1,3.154,2.970,4.909
least-connections-cache-off-warm0,110,1,8.1182,1.886,14.911,16.797,whale,the-secret-adversary,1,,server-1,1,0,1,3.154,3.575,2.589
least-connections-cache-off-warm0,110,1,8.1273,1.525,18.598,20.123,the,the-house-of-the-seven-gables,1,,server-2,1,1,1,1.715,3.575,2.589
least-connections-cache-off-warm0,110,1,8.1364,1.512,22.182,23.694,of,desperate-remedies,1,,server-1,1,1,1,3.404,1.907,2.589
least-connections-cache-off-warm0,110,1,8.1455,1.514,11.716,13.230,house,frankenstein-or-the-modern-prometheus,1,,server-3,1,1,1,1.805,1.907,6.641
least-connections-cache-off-warm0,110,1,8.1545,1.242,21.881,23.124,was,pride-and-prejudice,1,,server-2,1,1,1,1.805,4.158,3.454
least-connections-cache-off-warm0,110,1,8.1636,1.280,13.977,15.256,house,memoirs-of-fanny-hill,1,,server-3,0,1,1,4.650,2.212,4.037
least-connections-cache-off-warm0,110,1,8.1727,1.608,17.876,19.484,and,the-house-of-the-seven-gables,1,,server-1,1,1,1,4.650,2.212,2.148
least-connections-cache-off-warm0,110,1,8.1818,1.404,29.111,30.515,castle,the-romance-of-lust-a-classic-victorian-erotic-novel,1,,server-2,1,1,0,2.449,4.853,3.561
least-connections-cache-off-warm0,110,1,8.1909,1.248,10.707,11.955,horse,white-fang,1,,server-3,1,1,1,2.449,2.550,3.561
least-connections-cache-off-warm0,110,1,8.2000,1.324,12.815,14.139,castle,autobiography-of-benjamin-franklin,1,,server-1,1,1,1,4.310,2.550,1.881
least-connections-cache-off-warm0,110,1,8.2091,1.339,17.166,18.505,money,wuthering-heights,1,,server-3,1,1,1,2.284,2.550,2.873
least-connections-cache-off-warm0,110,1,8.2182,1.301,22.891,24.192,letter,the-iliad-2199,1,,server-1,1,0,1,3.491,6.234,1.568
least-connections-cache-off-warm0,110,1,8.2273,1.516,12.943,14.459,sea,meditations,1,,server-2,1,1,1,1.843,6.234,4.593
least-connections-cache-off-warm0,110,1,8.2364,1.477,11.074,12.550,night,treasure-island,1,,server-3,1,1,1,1.843,3.261,3.699
least-connections-cache-off-warm0,110,1,8.2455,1.494,22.263,23.757,the,far-from-the-madding-crowd,1,,server-1,1,0,1,4.805,4.109,1.966
least-connections-cache-off-warm0,110,1,8.2545,1.555,15.701,17.257,death,cranford,1,,server-2,1,1,0,2.534,4.109,2.956
least-connections-cache-off-warm0,110,1,8.2636,1.337,19.429,20.765,you,the-house-of-mirth,1,,server-3,1,1,1,2.534,2.177,2.956
least-connections-cache-off-warm0,110,1,8.2727,1.372,13.851,15.222,he,the-secret-garden-17396,1,,server-1,1,0,1,5.127,3.846,1.571
least-connections-cache-off-warm0,110,1,8.2818,1.480,11.631,13.111,london,the-warden,1,,server-2,1,1,1,2.684,3.846,1.571
least-connections-cache-off-warm0,110,1,8.2909,1.815,11.446,13.261,horse,around-the-world-in-eighty-days,1,,server-3,0,1,1,3.882,2.047,4.068
least-connections-cache-off-warm0,110,1,8.3000,1.553,21.449,23.002,king,far-from-the-madding-crowd,1,,server-1,1,0,1,3.882,3.142,2.151
least-connections-cache-off-warm0,110,1,8.3091,1.653,13.234,14.887,house,white-fang,1,,server-2,1,1,0,2.096,3.142,3.173
least-connections-cache-off-warm0,110,1,8.3182,1.482,13.136,14.618,death,autobiography-of-benjamin-franklin,1,,server-3,1,1,1,2.096,1.681,3.173
least-connections-cache-off-warm0,110,1,8.3273,1.310,19.208,20.518,she,the-secret-adversary,1,,server-1,1,0,1,4.722,3.134,1.679
least-connections-cache-off-warm0,110,1,8.3364,1.716,29.806,31.522,heart,the-innocents-abroad,1,,server-2,1,1,0,2.479,3.134,3.130
least-connections-cache-off-warm0,110,1,8.3455,1.711,16.152,17.863,sea,anne-of-green-gables,1,,server-3,1,1,1,2.479,1.701,3.130
least-connections-cache-off-warm0,110,1,8.3545,1.932,11.743,13.675,castle,silas-marner,1,,server-1,1,1,1,4.620,1.701,1.662
least-connections-cache-off-warm0,110,1,8.3636,1.432,13.802,15.233,was,autobiography-of-benjamin-franklin,1,,server-3,1,1,1,2.433,1.701,3.560
least-connections-cache-off-warm0,110,1,8.3727,1.411,13.864,15.275,house,myths-and-legends-of-ancient-greece-and-rome,1,,server-1,1,0,1,3.375,5.803,1.880
least-connections-cache-off-warm0,110,1,8.3818,1.249,21.130,22.379,you,the-adventures-of-sherlock-holmes,1,,server-2,1,1,0,1.796,5.803,3.362
least-connections-cache-off-warm0,110,1,8.3909,1.423,24.524,25.947,he,desperate-remedies,1,,server-3,0,1,1,3.323,3.029,3.362
least-connections-cache-off-warm0,110,1,8.4000,1.579,18.940,20.520,castle,walden-and-on-the-duty-of-civil-disobedience,1,,server-1,1,1,1,3.323,3.029,1.818
least-connections-cache-off-warm0,110,1,8.4091,1.416,30.149,31.565,love,great-expectations,1,,server-2,1,1,1,1.791,5.302,1.818
least-connections-cache-off-warm0,110,1,8.4182,1.879,20.089,21.968,and,twenty-thousand-leagues-under-the-sea,1,,server-3,1,1,1,1.791,2.794,5.050
least-connections-cache-off-warm0,110,1,8.4273,1.436,12.738,14.174,whale,the-war-of-the-worlds,1,,server-1,1,1,1,4.124,2.794,2.669
least-connections-cache-off-warm0,110,1,8.4364,4.765,16.174,20.939,of,the-works-of-edgar-allan-poe-volume-2,1,,server-2,1,2,1,2.180,2.794,2.669
least-connections-cache-off-warm0,110,1,8.4455,1.521,11.991,13.511,london,agnes-grey,1,,server-3,0,1,1,3.404,3.805,4.863
least-connections-cache-off-warm0,110,1,8.4545,1.585,11.000,12.585,he,frankenstein-or-the-modern-prometheus,1,,server-1,1,1,1,3.404,3.805,2.558
least-connections-cache-off-warm0,110,1,8.4636,1.771,19.081,20.851,you,the-return-of-sherlock-holmes-108,1,,server-2,1,1,0,1.814,4.989,3.508
least-connections-cache-off-warm0,110,1,8.4727,1.287,25.692,26.979,she,dracula,1,,server-3,0,1,1,2.887,2.642,3.508
least-connections-cache-off-warm0,110,1,8.4818,1.311,15.721,17.032,of,the-warden,1,,server-1,1,1,1,2.887,2.642,1.862
least-connections-cache-off-warm0,110,1,8.4909,1.667,34.902,36.569,night,the-innocents-abroad,1,,server-2,1,1,1,1.547,4.690,1.862
least-connections-cache-off-warm0,110,1,8.5000,1.636,13.287,14.923,house,northanger-abbey,1,,server-3,0,1,1,3.460,2.476,5.260
least-connections-cache-off-warm0,110,1,8.5091,1.693,14.646,16.338,she,desert-gold,1,,server-1,1,1,1,3.460,2.476,2.788
least-connections-cache-off-warm0,110,1,8.5182,1.837,17.416,19.253,and,the-secret-adversary,1,,server-3,1,1,1,1.862,2.476,3.854
least-connections-cache-off-warm0,110,1,8.5273,1.627,15.556,17.183,house,a-journey-to-the-centre-of-the-earth,1,,server-1,1,1,1,3.474,8.876,2.089
least-connections-cache-off-warm0,110,1,8.5364,1.588,14.049,15.637,was,the-secret-garden-17396,1,,server-2,1,1,1,1.841,7.136,2.089
least-connections-cache-off-warm0,110,1,8.5455,1.432,23.888,25.320,she,adventures-of-huckleberry-finn,1,,server-3,0,1,1,3.623,3.721,4.061
least-connections-cache-off-warm0,110,1,8.5545,1.288,15.715,17.004,money,the-adventures-of-tom-sawyer-complete,1,,server-1,1,0,1,3.623,4.583,2.152
least-connections-cache-off-warm0,110,1,8.5636,2.232,16.328,18.560,he,the-works-of-edgar-allan-poe-volume-2,1,,server-2,1,1,1,1.922,4.583,2.152
least-connections-cache-off-warm0,110,1,8.5727,1.774,16.486,18.260,money,the-works-of-edgar-allan-poe-volume-2,1,,server-3,0,1,1,3.730,2.410,5.160
least-connections-cache-off-warm0,110,1,8.5818,1.649,22.838,24.487,king,the-american,1,,server-1,1,1,1,3.730,5.083,2.734
least-connections-cache-off-warm0,110,1,8.5909,1.682,30.810,32.492,the,villette,1,,server-2,1,1,1,1.972,4.101,4.331
least-connections-cache-off-warm0,110,1,8.6000,1.971,12.856,14.827,you,the-warden,1,,server-3,1,1,1,1.972,2.172,4.331
least-connections-cache-off-warm0,110,1,8.6091,1.502,30.601,32.103,whale,jane-eyre-an-autobiography,1,,server-1,1,1,1,4.842,2.172,2.334
least-connections-cache-off-warm0,110,1,8.6182,1.610,9.534,11.144,house,the-kama-sutra-of-vatsyayana,1,,server-3,1,1,1,2.546,2.172,3.494
least-connections-cache-off-warm0,110,1,8.6273,1.345,13.264,14.609,sea,kidnapped,1,,server-2,1,1,1,2.546,6.268,1.883
least-connections-cache-off-warm0,110,1,8.6364,1.789,17.119,18.908,letter,the-mystery-of-edwin-drood,1,,server-3,1,1,1,2.546,3.254,2.693
least-connections-cache-off-warm0,110,1,8.6455,1.570,13.390,14.960,king,the-first-men-in-the-moon,1,,server-1,1,0,1,6.483,4.154,1.480
least-connections-cache-off-warm0,110,1,8.6545,1.499,28.197,29.697,and,jude-the-obscure,1,,server-2,1,1,1,3.389,4.154,1.480
least-connections-cache-off-warm0,110,1,8.6636,1.651,26.785,28.436,horse,the-last-of-the-mohicans-a-narrative-of-1757,1,,server-3,0,1,1,4.257,2.190,3.636
least-connections-cache-off-warm0,110,1,8.6727,2.423,17.736,20.159,of,twenty-thousand-leagues-under-the-sea,1,,server-1,1,1,1,4.257,2.190,1.955
least-connections-cache-off-warm0,110,1,8.6818,3.045,8.952,11.997,was,the-kama-sutra-of-vatsyayana,1,,server-2,1,2,1,2.290,2.190,1.955
least-connections-cache-off-warm0,110,1,8.6909,1.960,19.739,21.699,horse,pride-and-prejudice,1,,server-3,1,1,2,2.290,3.215,1.955
least-connections-cache-off-warm0,110,1,8.7000,1.446,24.113,25.558,and,life-on-the-mississippi,1,,server-1,1,0,1,4.225,3.431,2.925
least-connections-cache-off-warm0,110,1,8.7091,1.665,15.234,16.899,night,the-scarlet-letter,1,,server-2,1,1,1,2.230,3.431,2.925
least-connections-cache-off-warm0,110,1,8.7182,1.556,13.273,14.830,heart,autobiography-of-benjamin-franklin,1,,server-3,1,1,1,2.230,1.832,4.999
least-connections-cache-off-warm0,110,1,8.7273,1.344,16.475,17.819,letter,twenty-thousand-leagues-under-the-sea,1,,server-1,1,0,1,5.236,3.558,2.651
least-connections-cache-off-warm0,110,1,8.7364,1.406,22.139,23.545,she,the-house-of-mirth,1,,server-2,1,1,0,2.745,3.558,3.778
least-connections-cache-off-warm0,110,1,8.7455,1.432,30.486,31.918,of,the-mysterious-island,1,,server-3,0,1,1,4.347,1.885,3.778
least-connections-cache-off-warm0,110,1,8.7545,1.318,16.280,17.599,you,the-house-of-the-seven-gables,1,,server-1,1,1,1,4.347,1.885,2.020
least-connections-cache-off-warm0,110,1,8.7636,1.403,32.403,33.807,love,the-mysterious-island,1,,server-2,1,1,1,2.277,4.682,2.020
least-connections-cache-off-warm0,110,1,8.7727,1.395,12.707,14.102,death,the-scarlet-letter-33,1,,server-1,1,1,1,4.022,2.460,2.020
least-connections-cache-off-warm0,110,1,8.7818,1.604,18.127,19.731,horse,madame-bovary,1,,server-3,1,1,1,2.130,2.460,6.125
least-connections-cache-off-warm0,110,1,8.7909,1.383,12.260,13.643,of,northanger-abbey,1,,server-1,1,1,1,3.350,2.460,3.248
least-connections-cache-off-warm0,110,1,8.8000,1.173,16.730,17.903,you,thus-spake-zarathustra-a-book-for-all-and-none,1,,server-2,1,1,1,1.773,6.730,3.248
least-connections-cache-off-warm0,110,1,8.8091,1.257,13.008,14.265,sea,kidnapped,1,,server-3,0,1,1,3.048,3.491,4.933
least-connections-cache-off-warm0,110,1,8.8182,1.124,19.644,20.768,letter,the-odyssey,1,,server-1,1,0,1,3.048,4.875,2.593
least-connections-cache-off-warm0,110,1,8.8273,1.397,8.063,9.459,money,the-hound-of-the-baskervilles-3070,1,,server-2,1,1,0,1.633,4.875,3.694
least-connections-cache-off-warm0,110,1,8.8364,1.346,21.055,22.402,king,the-american,1,,server-3,1,1,1,1.633,2.559,3.694
least-connections-cache-off-warm0,110,1,8.8455,2.055,28.230,30.285,whale,the-innocents-abroad,1,,server-1,1,0,1,4.162,2.900,1.954
least-connections-cache-off-warm0,110,1,8.8545,1.469,12.215,13.683,night,autobiography-of-benjamin-franklin,1,,server-2,1,1,1,2.202,2.900,1.954
least-connections-cache-off-warm0,110,1,8.8636,1.417,19.755,21.173,he,the-last-of-the-mohicans-a-narrative-of-1757-27681,1,,server-3,1,1,1,2.202,1.552,4.557
least-connections-cache-off-warm0,110,1,8.8727,1.518,9.741,11.259,and,black-beauty,1,,server-2,1,1,1,2.202,2.887,2.426
least-connections-cache-off-warm0,110,1,8.8818,1.313,23.953,25.266,night,a-tale-of-two-cities,1,,server-1,1,1,1,5.880,1.534,2.426
least-connections-cache-off-warm0,110,1,8.8909,1.586,29.160,30.746,letter,the-moonstone,1,,server-2,1,1,0,3.078,2.490,4.660
least-connections-cache-off-warm0,110,1,8.9000,1.590,9.966,11.556,heart,the-mysterious-affair-at-styles,1,,server-3,1,1,1,3.078,1.349,4.660
least-connections-cache-off-warm0,110,1,8.9091,1.806,22.307,24.113,love,a-tale-of-two-cities,1,,server-1,1,1,1,5.750,1.349,2.462
least-connections-cache-off-warm0,110,1,8.9182,1.523,17.481,19.005,king,the-memoirs-of-sherlock-holmes,1,,server-3,1,1,1,3.025,1.349,3.074
least-connections-cache-off-warm0,110,1,8.9273,1.599,13.625,15.223,horse,the-secret-garden-17396,1,,server-2,1,1,1,3.025,5.476,1.639
least-connections-cache-off-warm0,110,1,8.9364,1.590,16.726,18.315,you,the-adventures-of-tom-sawyer-complete,1,,server-1,1,1,1,5.449,2.870,1.639
least-connections-cache-off-warm0,110,1,8.9455,1.333,11.871,13.204,death,dubliners,1,,server-2,1,1,0,2.852,3.970,3.803
least-connections-cache-off-warm0,110,1,8.9545,1.269,12.645,13.914,horse,dubliners,1,,server-3,1,1,1,4.429,2.092,3.803
least-connections-cache-off-warm0,110,1,8.9636,1.848,17.279,19.128,king,the-mystery-of-edwin-drood,1,,server-1,1,0,1,4.429,3.184,2.017
least-connections-cache-off-warm0,110,1,8.9727,1.702,9.447,11.149,king,herland,1,,server-2,1,1,0,2.395,3.184,3.277
least-connections-cache-off-warm0,110,1,8.9818,1.454,29.098,30.552,and,the-song-of-the-lark,1,,server-3,1,1,1,2.395,1.719,3.277
least-connections-cache-off-warm0,110,1,8.9909,1.390,22.218,23.608,king,adventures-of-huckleberry-finn,1,,server-1,1,0,1,4.245,2.558,1.746
least-connections-cache-off-warm0,110,1,9.0000,1.731,25.699,27.430,love,tess-of-the-d-urbervilles-a-pure-woman,1,,server-2,1,1,1,2.254,2.558,1.746
least-connections-cache-off-warm0,110,1,9.0091,3.809,21.880,25.689,death,a-tale-of-two-cities,1,,server-3,1,1,2,2.254,1.400,1.746
least-connections-cache-off-warm0,110,1,9.0182,1.366,22.992,24.358,sea,the-jungle,1,,server-1,1,1,1,4.978,1.400,3.242
least-connections-cache-off-warm0,110,1,9.0273,1.539,11.395,12.934,love,dubliners,1,,server-2,1,2,1,2.622,4.930,3.242
least-connections-cache-off-warm0,110,1,9.0364,1.418,16.329,17.747,night,grimms-fairy-tales,1,,server-3,1,1,1,2.622,2.612,5.520
least-connections-cache-off-warm0,110,1,9.0455,1.493,15.869,17.362,horse,grimms-fairy-tales,1,,server-1,1,0,1,5.318,3.456,2.881
least-connections-cache-off-warm0,110,1,9.0545,1.460,23.998,25.458,money,emma,1,,server-2,1,1,0,2.799,3.456,4.408
least-connections-cache-off-warm0,110,1,9.0636,1.318,33.829,35.148,heart,little-women,1,,server-3,0,1,1,4.288,1.847,4.408
least-connections-cache-off-warm0,110,1,9.0727,1.838,26.930,28.768,was,the-adventures-of-ferdinand-count-fathom-complete,1,,server-1,1,1,1,4.288,1.847,2.317
least-connections-cache-off-warm0,110,1,9.0818,1.398,18.911,20.309,night,sense-and-sensibility,1,,server-2,1,1,1,2.270,4.979,2.317
least-connections-cache-off-warm0,110,1,9.0909,8.813,11.093,19.905,house,the-wind-in-the-willows,1,,server-3,1,1,2,2.270,2.629,2.317
least-connections-cache-off-warm0,110,1,9.1000,2.032,12.268,14.300,love,the-picture-of-dorian-gray,1,,server-1,2,1,1,2.270,2.629,4.518
least-connections-cache-off-warm0,110,1,9.1091,1.636,12.196,13.832,heart,kidnapped,1,,server-2,1,1,1,3.029,4.658,4.518
least-connections-cache-off-warm0,110,1,9.1182,1.493,18.038,19.531,the,twenty-thousand-leagues-under-the-sea,1,,server-3,0,1,1,3.849,2.501,4.578
least-connections-cache-off-warm0,110,1,9.1273,2.286,26.997,29.283,horse,wuthering-heights,1,,server-1,1,0,1,3.849,3.472,2.439
least-connections-cache-off-warm0,110,1,9.1364,1.697,16.782,18.479,of,grimms-fairy-tales,1,,server-2,1,1,1,2.043,3.472,2.439
least-connections-cache-off-warm0,110,1,9.1455,1.533,10.919,12.452,heart,his-last-bow,1,,server-3,1,1,1,2.043,1.868,4.373
least-connections-cache-off-warm0,110,1,9.1545,2.536,12.312,14.848,king,cranford,1,,server-1,2,1,1,2.043,4.751,2.305
least-connections-cache-off-warm0,110,1,9.1636,1.584,13.800,15.384,of,the-jungle-book,1,,server-2,1,1,0,3.030,3.832,3.182
least-connections-cache-off-warm0,110,1,9.1727,1.945,33.389,35.335,of,pride-and-prejudice,1,,server-3,0,1,1,3.853,2.056,3.182
least-connections-cache-off-warm0,110,1,9.1818,2.970,18.154,21.124,whale,frankenstein-or-the-modern-prometheus-41445,1,,server-1,1,0,1,3.853,3.464,1.732
least-connections-cache-off-warm0,110,1,9.1909,3.197,27.836,31.033,castle,the-tenant-of-wildfell-hall,1,,server-2,1,1,1,2.133,3.464,1.732
least-connections-cache-off-warm0,110,1,9.2000,8.938,21.878,30.816,sea,thus-spake-zarathustra-a-book-for-all-and-none,1,,server-3,1,1,2,2.133,1.976,1.732
least-connections-cache-off-warm0,110,1,9.2091,1.686,12.715,14.401,love,his-last-bow,1,,server-1,1,1,1,4.179,1.976,4.131
least-connections-cache-off-warm0,110,1,9.2182,4.360,13.410,17.770,castle,the-picture-of-dorian-gray,1,,server-2,1,2,1,2.251,1.976,4.131
least-connections-cache-off-warm0,110,1,9.2273,1.302,33.111,34.413,was,the-iliad,1,,server-1,1,1,1,3.396,3.205,4.131
least-connections-cache-off-warm0,110,1,9.2364,1.618,29.617,31.235,and,the-iliad,1,,server-2,1,1,0,1.803,4.154,6.068
least-connections-cache-off-warm0,110,1,9.2455,1.680,20.708,22.388,night,adventures-of-huckleberry-finn,1,,server-3,1,1,1,1.803,2.209,6.068
least-connections-cache-off-warm0,110,1,9.2545,7.859,25.609,33.468,you,jude-the-obscure,1,,server-1,2,1,1,1.803,2.209,3.200
least-connections-cache-off-warm0,110,1,9.2636,4.657,30.906,35.563,heart,north-and-south,1,,server-2,1,2,1,3.983,2.209,3.200
least-connections-cache-off-warm0,110,1,9.2727,2.048,13.342,15.389,london,meditations,1,,server-3,1,1,1,3.983,3.511,5.372
least-connections-cache-off-warm0,110,1,9.2818,6.808,12.095,18.902,money,the-adventures-of-tom-sawyer-complete,1,,server-1,2,1,1,3.983,3.511,2.835
least-connections-cache-off-warm0,110,1,9.2909,1.715,13.771,15.486,the,frankenstein-or-the-modern-prometheus,1,,server-3,1,1,1,3.933,3.511,3.901
least-connections-cache-off-warm0,110,1,9.3000,1.359,12.600,13.959,she,frankenstein-or-the-modern-prometheus,1,,server-2,1,1,1,3.933,7.098,2.109
least-connections-cache-off-warm0,110,1,9.3091,1.282,23.390,24.672,of,far-from-the-madding-crowd,1,,server-3,0,1,1,4.425,3.698,3.516
least-connections-cache-off-warm0,110,1,9.3182,1.535,29.787,31.322,sea,the-moonstone,1,,server-1,1,0,1,4.425,4.319,1.873
least-connections-cache-off-warm0,110,1,9.3273,1.479,12.219,13.697,house,frankenstein-or-the-modern-prometheus,1,,server-2,1,1,1,2.331,4.319,1.873
least-connections-cache-off-warm0,110,1,9.3364,1.206,17.951,19.157,he,the-divine-comedy,1,,server-3,1,1,1,2.331,2.292,4.882
least-connections-cache-off-warm0,110,1,9.3455,1.299,11.247,12.546,was,the-hound-of-the-baskervilles,1,,server-2,1,1,1,2.331,3.380,2.566
least-connections-cache-off-warm0,110,1,9.3545,1.636,20.077,21.713,the,the-divine-comedy,1,,server-1,1,1,1,6.203,1.801,2.566
least-connections-cache-off-warm0,110,1,9.3636,1.189,20.419,21.608,was,a-connecticut-yankee-in-king-arthur-s-court,1,,server-2,1,1,0,3.265,2.918,4.474
least-connections-cache-off-warm0,110,1,9.3727,1.707,19.839,21.546,night,the-portrait-of-a-lady-volume-1,1,,server-3,1,1,1,3.265,1.557,4.474
least-connections-cache-off-warm0,110,1,9.3818,1.683,29.848,31.531,sea,the-mysterious-island,1,,server-1,1,1,1,5.266,1.557,2.381
least-connections-cache-off-warm0,110,1,9.3909,1.337,10.226,11.563,and,the-war-of-the-worlds,1,,server-2,1,1,1,2.786,4.216,2.381
least-connections-cache-off-warm0,110,1,9.4000,1.816,10.866,12.682,you,the-war-of-the-worlds,1,,server-3,1,1,1,2.786,2.230,4.637
least-connections-cache-off-warm0,110,1,9.4091,1.612,15.860,17.472,whale,the-warden,1,,server-2,1,1,1,2.786,3.025,2.452
least-connections-cache-off-warm0,110,1,9.4182,1.487,19.647,21.134,london,the-return-of-sherlock-holmes-108,1,,server-3,0,1,1,6.527,1.628,3.257
least-connections-cache-off-warm0,110,1,9.4273,1.555,23.909,25.464,sea,life-on-the-mississippi,1,,server-1,1,0,1,6.527,3.515,1.769
least-connections-cache-off-warm0,110,1,9.4364,1.752,11.008,12.761,heart,the-great-gatsby,1,,server-2,1,1,1,3.431,3.515,1.769
least-connections-cache-off-warm0,110,1,9.4455,1.874,15.085,16.959,and,a-journey-to-the-centre-of-the-earth,1,,server-3,1,1,1,3.431,1.899,4.242
least-connections-cache-off-warm0,110,1,9.4545,1.493,17.296,18.789,horse,the-house-of-the-seven-gables,1,,server-1,1,0,1,5.966,2.935,2.250
least-connections-cache-off-warm0,110,1,9.4636,1.589,14.248,15.837,castle,persuasion,1,,server-2,1,1,0,3.121,2.935,3.796
least-connections-cache-off-warm0,110,1,9.4727,1.511,20.417,21.928,heart,the-mystery-of-edwin-drood,1,,server-3,1,1,1,3.121,1.584,3.796
least-connections-cache-off-warm0,110,1,9.4818,1.291,22.680,23.970,he,twenty-thousand-leagues-under-the-sea,1,,server-1,1,0,1,4.730,3.252,2.013
least-connections-cache-off-warm0,110,1,9.4909,2.257,27.360,29.617,and,mansfield-park,1,,server-2,1,1,1,2.489,3.252,2.013
least-connections-cache-off-warm0,110,1,9.5000,1.397,30.345,31.742,heart,the-tenant-of-wildfell-hall,1,,server-3,1,1,1,2.489,1.778,4.518
least-connections-cache-off-warm0,110,1,9.5091,1.536,22.459,23.994,of,the-song-of-the-lark,1,,server-1,1,1,1,5.193,1.778,2.383
least-connections-cache-off-warm0,110,1,9.5182,2.952,12.431,15.383,death,silas-marner,1,,server-2,1,2,1,2.731,1.778,2.383
least-connections-cache-off-warm0,110,1,9.5273,4.979,9.707,14.686,the,the-jungle-book,1,,server-3,1,1,2,2.731,3.021,2.383
least-connections-cache-off-warm0,110,1,9.5364,1.410,13.240,14.650,of,the-secret-garden,1,,server-1,1,0,1,5.299,3.878,3.704
least-connections-cache-off-warm0,110,1,9.5455,1.294,11.160,12.455,money,his-last-bow,1,,server-2,1,1,0,2.781,3.878,3.849
least-connections-cache-off-warm0,110,1,9.5545,1.211,19.381,20.592,love,leaves-of-grass,1,,server-3,0,1,1,3.859,2.059,3.849
least-connections-cache-off-warm0,110,1,9.5636,1.338,10.313,11.652,death,black-beauty,1,,server-1,1,0,1,3.859,3.060,2.049
least-connections-cache-off-warm0,110,1,9.5727,1.626,9.900,11.526,and,herland,1,,server-2,1,1,1,2.050,3.060,2.049
least-connections-cache-off-warm0,110,1,9.5818,1.589,23.251,24.840,the,wuthering-heights,1,,server-3,0,1,1,2.919,1.662,4.377
least-connections-cache-off-warm0,110,1,9.5909,2.313,14.480,16.794,he,autobiography-of-benjamin-franklin,1,,server-1,1,0,1,2.919,2.627,2.325
least-connections-cache-off-warm0,110,1,9.6000,1.439,12.880,14.320,death,frankenstein-or-the-modern-prometheus,1,,server-2,1,1,1,1.614,2.627,2.325
least-connections-cache-off-warm0,110,1,9.6091,1.465,15.254,16.719,castle,the-scarlet-letter-33,1,,server-3,0,1,1,3.283,1.424,5.150
least-connections-cache-off-warm0,110,1,9.6182,1.540,15.929,17.470,the,desert-gold,1,,server-1,1,0,1,3.283,2.935,2.709
least-connections-cache-off-warm0,110,1,9.6273,1.423,12.660,14.083,london,the-secret-garden,1,,server-2,1,1,0,1.771,2.935,4.114
least-connections-cache-off-warm0,110,1,9.6364,1.482,12.041,13.523,london,the-lost-world,1,,server-3,0,1,1,3.629,1.576,4.114
least-connections-cache-off-warm0,110,1,9.6455,1.601,9.999,11.600,love,the-mysterious-affair-at-styles,1,,server-1,1,0,1,3.629,3.019,2.191
least-connections-cache-off-warm0,110,1,9.6545,1.405,18.569,19.974,you,the-works-of-edgar-allan-poe-volume-2,1,,server-2,1,1,0,1.930,3.019,3.285
least-connections-cache-off-warm0,110,1,9.6636,1.439,19.084,20.523,sea,walden-and-on-the-duty-of-civil-disobedience,1,,server-3,0,1,1,2.783,1.618,3.285
least-connections-cache-off-warm0,110,1,9.6727,1.584,14.523,16.107,love,the-secret-adversary,1,,server-1,1,1,1,2.783,1.618,1.752
least-connections-cache-off-warm0,110,1,9.6818,2.123,14.510,16.633,horse,treasure-island,1,,server-2,1,1,1,1.502,3.971,1.752
least-connections-cache-off-warm0,110,1,9.6909,1.376,12.856,14.232,he,the-war-of-the-worlds,1,,server-3,0,1,1,3.226,2.104,4.130
least-connections-cache-off-warm0,110,1,9.7000,1.668,36.107,37.775,of,the-tenant-of-wildfell-hall,1,,server-1,1,0,1,3.226,3.632,2.185
least-connections-cache-off-warm0,110,1,9.7091,2.088,32.209,34.297,house,the-innocents-abroad,1,,server-2,1,1,0,1.741,3.632,3.402
least-connections-cache-off-warm0,110,1,9.7182,1.990,10.939,12.928,love,around-the-world-in-eighty-days,1,,server-3,1,1,1,1.741,1.960,3.402
least-connections-cache-off-warm0,110,1,9.7273,11.191,22.426,33.617,the,a-tale-of-two-cities,1,,server-1,2,1,1,1.741,1.960,1.823
least-connections-cache-off-warm0,110,1,9.7364,1.523,32.585,34.108,of,the-moonstone,1,,server-3,2,1,1,1.741,1.960,2.852
least-connections-cache-off-warm0,110,1,9.7455,1.612,17.228,18.841,death,anne-of-green-gables,1,,server-2,1,1,1,4.809,6.307,1.529
least-connections-cache-off-warm0,110,1,9.7545,16.615,24.511,41.125,of,northanger-abbey,1,,server-3,1,1,2,4.809,3.298,1.529
least-connections-cache-off-warm0,110,1,9.7636,1.655,16.330,17.985,she,agnes-grey,1,,server-1,1,1,2,6.625,3.298,1.529
least-connections-cache-off-warm0,110,1,9.7727,1.447,23.849,25.296,of,grimms-fairy-tales,1,,server-2,1,1,1,3.480,4.831,4.743
least-connections-cache-off-warm0,110,1,9.7818,14.398,12.830,27.228,heart,the-hound-of-the-baskervilles-3070,1,,server-3,1,1,2,4.770,2.539,4.743
least-connections-cache-off-warm0,110,1,9.7909,2.567,34.758,37.325,he,mary-barton,1,,server-1,1,1,2,4.770,2.539,4.743
least-connections-cache-off-warm0,110,1,9.8000,2.490,13.573,16.063,london,meditations,1,,server-2,1,1,1,2.538,5.389,4.795
least-connections-cache-off-warm0,110,1,9.8091,1.755,15.465,17.219,and,autobiography-of-benjamin-franklin,1,,server-3,1,1,2,2.538,2.854,5.016
least-connections-cache-off-warm0,110,1,9.8182,2.758,26.127,28.885,king,the-jungle,1,,server-2,1,1,1,2.538,3.924,2.632
least-connections-cache-off-warm0,110,1,9.8273,1.747,16.249,17.995,he,persuasion,1,,server-3,1,1,1,2.538,2.106,4.099
least-connections-cache-off-warm0,110,1,9.8364,1.669,15.557,17.227,king,the-secret-adversary,1,,server-1,1,1,1,7.127,2.106,2.174
least-connections-cache-off-warm0,110,1,9.8455,1.517,10.380,11.897,house,the-prince,1,,server-3,1,1,1,3.730,2.106,3.922
least-connections-cache-off-warm0,110,1,9.8545,1.327,14.807,16.134,you,the-warden,1,,server-1,1,0,1,4.831,5.457,2.084
least-connections-cache-off-warm0,110,1,9.8636,1.545,20.312,21.858,king,the-portrait-of-a-lady-volume-1,1,,server-2,1,1,0,2.541,5.457,2.943
least-connections-cache-off-warm0,110,1,9.8727,1.755,32.012,33.766,sea,jude-the-obscure,1,,server-3,0,1,1,3.951,2.880,2.943
least-connections-cache-off-warm0,110,1,9.8818,1.743,36.675,38.418,horse,the-iliad,1,,server-1,1,1,1,3.951,2.880,1.613
least-connections-cache-off-warm0,110,1,9.8909,1.595,17.403,18.998,night,anne-of-green-gables,1,,server-2,1,1,1,2.097,5.054,1.613
least-connections-cache-off-warm0,110,1,9.9000,7.056,21.336,28.392,castle,the-divine-comedy,1,,server-3,1,1,2,2.097,2.657,1.613
least-connections-cache-off-warm0,110,1,9.9091,11.971,25.054,37.026,whale,dracula,1,,server-1,2,1,1,2.097,2.657,3.793
least-connections-cache-off-warm0,110,1,9.9182,1.604,34.296,35.900,money,the-moonstone,1,,server-2,2,1,1,2.097,4.414,3.793
least-connections-cache-off-warm0,110,1,9.9273,1.768,12.336,14.104,love,the-picture-of-dorian-gray,1,,server-3,1,1,2,4.817,2.335,3.793
least-connections-cache-off-warm0,110,1,9.9364,10.310,13.494,23.804,love,northanger-abbey,1,,server-1,2,1,1,4.817,2.335,3.015
least-connections-cache-off-warm0,110,1,9.9455,1.412,18.808,20.220,letter,wuthering-heights,1,,server-3,2,1,1,4.817,2.335,3.833
least-connections-cache-off-warm0,110,1,9.9545,1.468,18.425,19.892,castle,the-return-of-sherlock-holmes,1,,server-2,1,1,1,4.610,6.915,2.024
least-connections-cache-off-warm0,110,1,9.9636,1.464,14.436,15.900,sea,the-secret-garden,1,,server-1,1,1,1,5.066,3.605,2.024
least-connections-cache-off-warm0,110,1,9.9727,1.354,25.163,26.517,was,mary-barton,1,,server-3,1,1,1,2.657,3.605,4.260
least-connections-cache-off-warm0,110,1,9.9818,1.305,28.040,29.345,love,the-adventures-of-ferdinand-count-fathom-complete,1,,server-1,1,0,1,3.953,5.118,2.239
least-connections-cache-off-warm0,110,1,9.9909,1.620,12.607,14.226,of,dubliners,1,,server-2,1,1,1,2.085,5.118,2.239
least-connections-cache-off-warm0,110,1,10.0000,1.243,22.168,23.412,horse,anne-of-green-gables,1,,server-3,1,1,1,2.085,2.708,5.422
least-connections-cache-off-warm0,110,1,10.0091,1.339,12.308,13.647,london,the-picture-of-dorian-gray,1,,server-2,1,1,1,2.085,3.698,2.833
least-connections-cache-off-warm0,110,1,10.0182,1.282,10.650,11.932,was,black-beauty,1,,server-1,1,1,1,5.792,1.965,2.833
least-connections-cache-off-warm0,110,1,10.0273,1.670,14.519,16.189,king,the-secret-garden-17396,1,,server-2,1,1,0,3.025,3.218,5.318
least-connections-cache-off-warm0,110,1,10.0364,1.627,41.750,43.377,whale,the-innocents-abroad,1,,server-3,0,1,1,3.592,1.715,5.318
least-connections-cache-off-warm0,110,1,10.0455,1.720,36.448,38.168,he,little-women,1,,server-1,1,0,1,3.592,3.387,2.805
least-connections-cache-off-warm0,110,1,10.0545,2.671,10.749,13.420,was,the-hound-of-the-baskervilles-3070,1,,server-2,1,1,1,1.928,3.387,2.805
least-connections-cache-off-warm0,110,1,10.0636,16.735,16.157,32.893,house,the-mystery-of-edwin-drood,1,,server-3,1,1,2,1.928,1.860,2.805
least-connections-cache-off-warm0,110,1,10.0727,1.618,24.065,25.684,he,desperate-remedies,1,,server-2,1,1,2,1.928,2.820,2.805
least-connections-cache-off-warm0,110,1,10.0818,14.942,10.560,25.502,you,beyond-good-and-evil,1,,server-3,1,1,2,1.928,1.541,5.902
least-connections-cache-off-warm0,110,1,10.0909,1.482,12.235,13.717,you,washington-square,1,,server-1,1,1,2,6.997,1.541,4.763
least-connections-cache-off-warm0,110,1,10.1000,1.176,13.794,14.970,night,the-secret-adversary,1,,server-2,1,1,1,3.647,4.805,5.273
least-connections-cache-off-warm0,110,1,10.1091,1.269,17.092,18.361,of,twenty-thousand-leagues-under-the-sea,1,,server-3,0,1,1,4.235,2.524,5.008
least-connections-cache-off-warm0,110,1,10.1182,1.365,20.777,22.141,night,the-portrait-of-a-lady-volume-1,1,,server-1,1,0,1,4.235,3.784,2.634
least-connections-cache-off-warm0,110,1,10.1273,1.455,13.636,15.091,of,the-lost-world,1,,server-2,1,1,1,2.229,3.784,4.378
least-connections-cache-off-warm0,110,1,10.1364,1.664,12.893,14.557,night,dubliners,1,,server-3,1,1,1,2.229,2.012,4.378
least-connections-cache-off-warm0,110,1,10.1455,1.431,24.481,25.912,you,pride-and-prejudice,1,,server-1,1,0,1,4.700,3.410,2.335
least-connections-cache-off-warm0,110,1,10.1545,1.989,26.764,28.753,london,mary-barton,1,,server-2,1,1,0,2.475,3.410,3.502
least-connections-cache-off-warm0,110,1,10.1636,1.591,15.441,17.032,you,desert-gold,1,,server-3,1,1,1,2.475,1.857,3.502
least-connections-cache-off-warm0,110,1,10.1727,1.468,23.823,25.291,london,the-jungle,1,,server-1,1,1,1,5.452,1.857,1.865
least-connections-cache-off-warm0,110,1,10.1818,1.736,21.392,23.128,of,a-tale-of-two-cities,1,,server-3,1,1,1,2.853,1.857,3.587
least-connections-cache-off-warm0,110,1,10.1909,1.760,21.248,23.008,death,the-divine-comedy,1,,server-2,1,1,1,2.853,5.408,1.910
least-connections-cache-off-warm0,110,1,10.2000,1.472,17.799,19.270,of,adventures-of-huckleberry-finn,1,,server-1,1,1,1,5.588,2.885,1.910
least-connections-cache-off-warm0,110,1,10.2091,1.523,17.011,18.534,heart,the-memoirs-of-sherlock-holmes,1,,server-3,1,1,1,2.932,2.885,4.578
least-connections-cache-off-warm0,110,1,10.2182,1.758,19.000,20.759,she,the-house-of-the-seven-gables,1,,server-2,1,1,1,2.932,5.186,2.412
least-connections-cache-off-warm0,110,1,10.2273,1.341,17.103,18.444,she,the-secret-adversary,1,,server-1,1,1,1,4.681,2.758,5.242
least-connections-cache-off-warm0,110,1,10.2364,2.298,20.856,23.154,love,the-scarlet-letter,1,,server-3,1,1,1,2.458,2.758,4.218
least-connections-cache-off-warm0,110,1,10.2455,1.594,16.236,17.830,letter,the-lost-world,1,,server-2,1,1,1,4.265,4.743,2.250
least-connections-cache-off-warm0,110,1,10.2545,2.304,19.242,21.546,love,a-journey-to-the-centre-of-the-earth,1,,server-1,1,1,1,4.265,2.513,2.250
least-connections-cache-off-warm0,110,1,10.2636,2.607,23.405,26.013,she,the-odyssey,1,,server-2,1,1,0,2.275,4.164,4.744
least-connections-cache-off-warm0,110,1,10.2727,1.518,29.291,30.810,he,the-moonstone,1,,server-3,1,1,1,2.275,2.245,4.744
least-connections-cache-off-warm0,110,1,10.2818,1.790,24.418,26.208,night,the-jungle,1,,server-1,1,1,1,4.451,2.245,2.495
least-connections-cache-off-warm0,110,1,10.2909,1.470,27.884,29.354,money,oliver-twist,1,,server-2,1,1,1,2.358,5.093,2.495
least-connections-cache-off-warm0,110,1,10.3000,3.969,15.802,19.771,of,the-scarlet-letter-33,1,,server-3,1,1,2,2.358,2.675,2.495
least-connections-cache-off-warm0,110,1,10.3091,1.317,19.433,20.749,money,madame-bovary,1,,server-1,1,1,1,5.370,2.675,3.526
least-connections-cache-off-warm0,110,1,10.3182,2.587,28.156,30.743,death,great-expectations,1,,server-2,1,2,1,2.823,2.675,3.526
least-connections-cache-off-warm0,110,1,10.3273,1.677,12.634,14.311,sea,the-adventures-of-tom-sawyer-complete,1,,server-3,1,1,1,2.823,3.306,4.752
least-connections-cache-off-warm0,110,1,10.3364,1.525,15.834,17.359,of,desert-gold,1,,server-1,1,1,1,4.874,3.306,2.522
least-connections-cache-off-warm0,110,1,10.3455,1.738,11.261,12.999,the,the-jungle-book,1,,server-3,1,1,1,2.571,3.306,3.594
least-connections-cache-off-warm0,110,1,10.3545,1.470,33.683,35.152,king,mansfield-park,1,,server-1,1,0,1,4.113,6.533,1.908
least-connections-cache-off-warm0,110,1,10.3636,1.376,26.404,27.779,death,life-on-the-mississippi,1,,server-2,1,1,0,2.182,6.533,2.955
least-connections-cache-off-warm0,110,1,10.3727,2.191,29.044,31.235,letter,oliver-twist,1,,server-3,1,1,1,2.182,3.416,2.955
least-connections-cache-off-warm0,110,1,10.3818,8.411,23.253,31.664,he,desperate-remedies,1,,server-1,2,1,1,2.182,3.416,1.642
least-connections-cache-off-warm0,110,1,10.3909,1.284,11.820,13.105,he,meditations,1,,server-2,1,2,1,4.214,3.416,1.642
least-connections-cache-off-warm0,110,1,10.4000,4.675,13.202,17.877,was,white-fang,1,,server-3,1,1,2,4.214,3.321,1.642
least-connections-cache-off-warm0,110,1,10.4091,1.451,17.207,18.658,night,a-journey-to-the-centre-of-the-earth,1,,server-2,1,1,1,4.214,3.970,3.260
least-connections-cache-off-warm0,110,1,10.4182,1.755,30.738,32.493,death,the-vicomte-de-bragelonne,1,,server-3,0,1,1,6.365,2.106,4.120
least-connections-cache-off-warm0,110,1,10.4273,1.410,14.621,16.031,the,the-scarlet-letter,1,,server-1,1,1,1,6.365,5.026,2.173
least-connections-cache-off-warm0,110,1,10.4364,1.251,17.616,18.867,sea,grimms-fairy-tales,1,,server-2,1,1,1,3.330,4.031,2.173
least-connections-cache-off-warm0,110,1,10.4455,1.444,14.845,16.288,of,the-secret-adversary,1,,server-1,1,1,1,4.423,2.132,2.173
least-connections-cache-off-warm0,110,1,10.4545,1.648,15.795,17.442,king,the-scarlet-letter,1,,server-3,1,1,1,2.327,2.132,6.255
least-connections-cache-off-warm0,110,1,10.4636,1.347,13.237,14.584,the,the-adventures-of-tom-sawyer-complete,1,,server-1,1,0,1,3.828,4.143,3.264
least-connections-cache-off-warm0,110,1,10.4727,1.446,38.070,39.517,letter,great-expectations,1,,server-2,1,1,0,2.025,4.143,4.563
least-connections-cache-off-warm0,110,1,10.4818,2.635,32.622,35.257,she,north-and-south,1,,server-3,0,1,1,3.388,2.201,4.563
least-connections-cache-off-warm0,110,1,10.4909,2.458,25.418,27.876,money,oliver-twist,1,,server-1,1,1,1,3.388,2.201,2.472
least-connections-cache-off-warm0,110,1,10.5000,13.229,24.439,37.668,money,the-return-of-sherlock-holmes-108,1,,server-2,1,2,1,1.854,2.201,2.472
least-connections-cache-off-warm0,110,1,10.5091,8.456,27.833,36.289,heart,the-odyssey,1,,server-3,1,2,2,1.854,2.201,2.472
least-connections-cache-off-warm0,110,1,10.5182,1.710,11.360,13.070,death,agnes-grey,1,,server-1,2,1,1,1.854,5.010,4.405
least-connections-cache-off-warm0,110,1,10.5273,11.195,13.912,25.106,the,washington-square,1,,server-2,1,2,1,2.751,5.010,4.405
least-connections-cache-off-warm0,110,1,10.5364,1.342,14.110,15.452,letter,autobiography-of-benjamin-franklin,1,,server-1,1,2,1,3.513,5.010,4.405
least-connections-cache-off-warm0,110,1,10.5455,7.712,19.314,27.026,letter,the-scarlet-letter-33,1,,server-2,1,2,1,1.879,4.678,7.185
least-connections-cache-off-warm0,110,1,10.5545,1.509,10.736,12.245,horse,the-kama-sutra-of-vatsyayana,1,,server-3,0,1,1,3.404,3.464,7.185
least-connections-cache-off-warm0,110,1,10.5636,1.762,25.617,27.380,london,the-song-of-the-lark,1,,server-1,1,1,1,3.404,3.464,3.752
least-connections-cache-off-warm0,110,1,10.5727,1.967,25.629,27.596,he,the-iliad-2199,1,,server-2,1,1,0,1.824,5.252,4.068
least-connections-cache-off-warm0,110,1,10.5818,1.686,12.934,14.620,horse,cranford,1,,server-3,1,1,1,1.824,2.782,4.068
least-connections-cache-off-warm0,110,1,10.5909,1.698,37.500,39.198,of,villette,1,,server-1,2,1,1,5.207,2.782,2.155
least-connections-cache-off-warm0,110,1,10.6000,1.570,14.974,16.544,king,his-last-bow,1,,server-3,1,1,1,2.734,7.231,3.386
least-connections-cache-off-warm0,110,1,10.6091,1.525,16.218,17.743,you,persuasion,1,,server-2,1,1,1,2.734,5.806,1.805
least-connections-cache-off-warm0,110,1,10.6182,1.223,19.431,20.654,the,the-return-of-sherlock-holmes-108,1,,server-3,1,1,1,2.734,3.046,3.509
least-connections-cache-off-warm0,110,1,10.6273,1.335,11.829,13.164,money,cranford,1,,server-2,1,1,1,2.734,4.483,1.858
least-connections-cache-off-warm0,110,1,10.6364,1.197,15.374,16.571,he,a-journey-to-the-centre-of-the-earth,1,,server-1,1,1,1,7.722,2.364,1.858
least-connections-cache-off-warm0,110,1,10.6455,1.549,21.745,23.294,of,grimms-fairy-tales,1,,server-2,1,1,0,4.014,3.364,4.240
least-connections-cache-off-warm0,110,1,10.6545,1.223,33.534,34.757,of,the-vicomte-de-bragelonne,1,,server-3,0,1,1,4.965,1.821,4.240
least-connections-cache-off-warm0,110,1,10.6636,1.983,13.597,15.580,sea,a-princess-of-mars,1,,server-1,1,1,1,4.965,1.821,2.238
least-connections-cache-off-warm0,110,1,10.6727,1.345,16.109,17.455,money,grimms-fairy-tales,1,,server-2,1,1,1,2.624,4.599,2.238
least-connections-cache-off-warm0,110,1,10.6818,1.205,25.641,26.846,death,dracula,1,,server-1,1,1,1,3.798,2.420,2.238
least-connections-cache-off-warm0,110,1,10.6909,1.305,21.708,23.013,castle,the-return-of-sherlock-holmes,1,,server-2,1,1,0,2.021,4.078,6.723
least-connections-cache-off-warm0,110,1,10.7000,1.319,13.092,14.411,was,the-scarlet-letter-33,1,,server-3,1,1,1,2.021,2.166,6.723
least-connections-cache-off-warm0,110,1,10.7091,1.244,10.567,11.812,letter,the-jungle-book,1,,server-1,1,1,1,5.334,2.166,3.504
least-connections-cache-off-warm0,110,1,10.7182,1.377,21.849,23.226,whale,the-house-of-the-seven-gables,1,,server-2,1,1,0,2.786,4.788,4.300
least-connections-cache-off-warm0,110,1,10.7273,1.629,12.337,13.966,and,the-war-of-the-worlds,1,,server-3,0,1,1,3.442,2.532,4.300
least-connections-cache-off-warm0,110,1,10.7364,1.406,21.555,22.962,money,anne-of-green-gables,1,,server-1,1,1,1,3.442,2.532,2.274
least-connections-cache-off-warm0,110,1,10.7455,1.167,8.890,10.057,castle,poirot-investigates,1,,server-2,1,1,0,1.833,5.084,3.399
least-connections-cache-off-warm0,110,1,10.7545,1.508,29.986,31.494,horse,the-return-of-sherlock-holmes-108,1,,server-3,1,1,1,1.833,2.671,3.399
least-connections-cache-off-warm0,110,1,10.7636,2.646,24.595,27.241,heart,the-american,1,,server-1,1,0,1,4.575,3.097,1.796
least-connections-cache-off-warm0,110,1,10.7727,3.208,12.060,15.268,king,the-warden,1,,server-2,1,1,1,2.503,3.097,1.796
least-connections-cache-off-warm0,110,1,10.7818,4.655,15.234,19.889,she,washington-square,1,,server-3,1,1,2,2.503,1.660,1.796
least-connections-cache-off-warm0,110,1,10.7909,1.171,18.163,19.335,whale,the-mystery-of-edwin-drood,1,,server-2,1,1,1,6.747,2.921,3.455
least-connections-cache-off-warm0,110,1,10.8000,1.200,17.287,18.487,he,kidnapped,1,,server-1,1,1,1,5.441,1.555,3.455
least-connections-cache-off-warm0,110,1,10.8091,1.389,21.622,23.010,was,hard-times,1,,server-3,1,1,1,2.859,1.555,4.615
least-connections-cache-off-warm0,110,1,10.8182,1.728,32.100,33.827,london,the-vicomte-de-bragelonne,1,,server-2,1,1,1,5.654,3.870,2.488
least-connections-cache-off-warm0,110,1,10.8273,2.491,13.781,16.272,you,the-king-in-yellow,1,,server-1,1,1,1,4.543,2.081,2.488
least-connections-cache-off-warm0,110,1,10.8364,1.502,15.900,17.402,money,memoirs-of-fanny-hill,1,,server-3,1,1,1,2.468,2.081,5.003
least-connections-cache-off-warm0,110,1,10.8455,1.279,26.400,27.680,london,the-romance-of-lust-a-classic-victorian-erotic-novel,1,,server-1,1,1,1,3.704,2.081,2.654
least-connections-cache-off-warm0,110,1,10.8545,1.420,12.076,13.496,she,the-lost-world,1,,server-2,1,1,0,1.966,6.411,4.201
least-connections-cache-off-warm0,110,1,10.8636,1.708,15.156,16.864,horse,persuasion,1,,server-3,1,1,1,1.966,3.349,4.201
least-connections-cache-off-warm0,110,1,10.8727,1.578,11.355,12.934,castle,the-adventures-of-tom-sawyer-complete,1,,server-2,1,1,1,6.763,4.024,2.245
least-connections-cache-off-warm0,110,1,10.8818,1.127,32.104,33.231,love,the-jungle,1,,server-3,0,1,1,5.427,2.119,3.803
least-connections-cache-off-warm0,110,1,10.8909,1.577,25.335,26.912,death,the-last-of-the-mohicans-a-narrative-of-1757,1,,server-1,1,0,1,5.427,3.120,2.018
least-connections-cache-off-warm0,110,1,10.9000,1.246,14.571,15.817,and,northanger-abbey,1,,server-2,1,1,1,2.877,3.120,2.018
least-connections-cache-off-warm0,110,1,10.9091,6.547,28.514,35.061,night,tess-of-the-d-urbervilles-a-pure-woman,1,,server-3,1,1,2,2.877,1.668,2.018
least-connections-cache-off-warm0,110,1,10.9182,1.555,29.114,30.669,castle,oliver-twist,1,,server-1,1,0,1,5.837,3.354,3.847
least-connections-cache-off-warm0,110,1,10.9273,1.861,21.746,23.606,night,the-american,1,,server-2,1,1,1,3.063,3.354,3.847
least-connections-cache-off-warm0,110,1,10.9364,7.943,11.195,19.138,sea,the-lost-world,1,,server-3,1,1,2,3.063,1.798,3.847
least-connections-cache-off-warm0,110,1,10.9455,4.087,17.576,21.664,money,the-portrait-of-a-lady-volume-1,1,,server-1,2,1,1,3.063,1.798,4.245
least-connections-cache-off-warm0,110,1,10.9545,1.204,35.796,37.000,the,the-moonstone,1,,server-2,1,1,1,3.728,4.595,4.245
least-connections-cache-off-warm0,110,1,10.9636,1.453,29.292,30.745,heart,mansfield-park,1,,server-3,1,1,1,3.728,2.426,4.469
least-connections-cache-off-warm0,110,1,10.9727,1.235,9.243,10.478,you,beyond-good-and-evil,1,,server-1,1,1,1,5.164,2.426,2.382
least-connections-cache-off-warm0,110,1,10.9818,10.722,22.129,32.851,sea,the-american,1,,server-2,1,2,1,2.717,2.426,2.382
least-connections-cache-off-warm0,110,1,10.9909,1.750,22.721,24.471,horse,the-last-of-the-mohicans-a-narrative-of-1757,1,,server-1,1,2,1,3.210,2.426,2.382
least-connections-cache-off-warm0,110,1,11.0000,1.398,15.928,17.325,of,the-age-of-innocence,1,,server-3,1,1,1,1.701,4.743,6.200
least-connections-cache-off-warm0,110,1,11.0091,6.977,28.707,35.683,sea,a-tale-of-two-cities,1,,server-1,2,1,1,1.701,4.743,3.243
least-connections-cache-off-warm0,110,1,11.0182,1.605,17.020,18.625,money,northanger-abbey,1,,server-2,1,1,0,3.016,6.509,4.580
least-connections-cache-off-warm0,110,1,11.0273,1.347,23.690,25.037,letter,a-tale-of-two-cities,1,,server-3,1,1,1,3.016,3.402,4.580
least-connections-cache-off-warm0,110,1,11.0364,9.524,16.534,26.059,she,the-house-of-the-seven-gables,1,,server-1,2,1,1,3.016,3.402,2.413
least-connections-cache-off-warm0,110,1,11.0455,1.113,25.108,26.221,whale,mary-barton,1,,server-2,1,1,1,5.147,4.873,2.413
least-connections-cache-off-warm0,110,1,11.0545,2.084,12.465,14.549,castle,the-king-in-yellow,1,,server-3,1,1,1,4.128,2.563,5.274
least-connections-cache-off-warm0,110,1,11.0636,1.551,22.913,24.464,the,mansfield-park,1,,server-1,1,1,1,5.208,2.563,2.766
least-connections-cache-off-warm0,110,1,11.0727,1.431,24.370,25.801,he,oliver-twist,1,,server-2,1,1,0,2.733,5.623,3.699
least-connections-cache-off-warm0,110,1,11.0818,1.486,23.426,24.912,night,the-house-of-the-seven-gables,1,,server-3,1,1,1,2.733,2.944,3.699
least-connections-cache-off-warm0,110,1,11.0909,1.719,12.061,13.780,you,the-secret-adversary,1,,server-1,1,1,1,5.358,2.944,1.970
least-connections-cache-off-warm0,110,1,11.1000,1.548,14.091,15.639,she,memoirs-of-fanny-hill,1,,server-2,1,1,1,2.789,5.726,1.970
least-connections-cache-off-warm0,110,1,11.1091,1.281,13.624,14.905,death,a-journey-to-the-centre-of-the-earth,1,,server-3,0,1,1,3.642,3.029,4.952
least-connections-cache-off-warm0,110,1,11.1182,1.381,10.060,11.441,money,the-wind-in-the-willows,1,,server-1,1,0,1,3.642,4.156,2.610
least-connections-cache-off-warm0,110,1,11.1273,1.758,28.298,30.057,night,a-tale-of-two-cities,1,,server-2,1,1,0,1.926,4.156,3.824
least-connections-cache-off-warm0,110,1,11.1364,2.558,13.823,16.380,king,dubliners,1,,server-3,0,1,1,2.809,2.216,3.824
least-connections-cache-off-warm0,110,1,11.1455,1.649,9.322,10.971,love,the-prince,1,,server-1,1,1,1,2.809,2.216,2.074
least-connections-cache-off-warm0,110,1,11.1545,1.507,19.021,20.528,letter,madame-bovary,1,,server-3,1,1,1,1.498,2.216,3.469
least-connections-cache-off-warm0,110,1,11.1636,1.439,17.674,19.113,castle,the-works-of-edgar-allan-poe-volume-2,1,,server-1,1,0,1,2.403,5.904,1.851
least-connections-cache-off-warm0,110,1,11.1727,1.542,22.548,24.091,castle,jude-the-obscure,1,,server-2,1,1,1,1.295,5.904,1.851
least-connections-cache-off-warm0,110,1,11.1818,1.553,16.715,18.268,he,cranford,1,,server-3,1,1,1,1.295,3.094,4.187
least-connections-cache-off-warm0,110,1,11.1909,1.352,18.647,19.998,night,the-scarlet-letter,1,,server-1,1,1,1,3.606,3.094,2.223
least-connections-cache-off-warm0,110,1,11.2000,1.442,13.633,15.075,letter,the-scarlet-letter-33,1,,server-2,1,1,1,1.906,5.544,4.022
least-connections-cache-off-warm0,110,1,11.2091,1.609,10.084,11.693,of,the-kama-sutra-of-vatsyayana,1,,server-3,1,1,1,1.906,2.910,4.022
least-connections-cache-off-warm0,110,1,11.2182,1.471,20.858,22.330,money,frankenstein-or-the-modern-prometheus-41445,1,,server-1,1,0,1,4.185,3.972,2.138
least-connections-cache-off-warm0,110,1,11.2273,3.035,23.011,26.046,was,the-age-of-innocence,1,,server-2,1,1,0,2.215,3.972,2.939
least-connections-cache-off-warm0,110,1,11.2364,2.109,14.389,16.499,london,black-beauty,1,,server-3,1,1,1,2.215,2.222,2.939
least-connections-cache-off-warm0,110,1,11.2455,1.912,12.562,14.474,horse,the-wind-in-the-willows,1,,server-1,1,1,1,4.711,2.222,1.613
least-connections-cache-off-warm0,110,1,11.2545,1.533,31.728,33.261,heart,emma,1,,server-2,1,1,0,2.523,4.983,3.270
least-connections-cache-off-warm0,110,1,11.2636,1.825,22.319,24.144,horse,the-secret-garden-17396,1,,server-3,0,1,1,3.550,2.644,3.270
least-connections-cache-off-warm0,110,1,11.2727,2.666,29.335,32.001,heart,little-women,1,,server-1,1,1,1,3.550,2.644,1.785
least-connections-cache-off-warm0,110,1,11.2818,6.948,33.398,40.346,whale,the-vicomte-de-bragelonne,1,,server-2,1,2,1,1.931,2.644,1.785
least-connections-cache-off-warm0,110,1,11.2909,1.719,14.304,16.022,house,autobiography-of-benjamin-franklin,1,,server-3,1,1,1,1.931,4.035,4.616
least-connections-cache-off-warm0,110,1,11.3000,5.631,14.768,20.399,house,the-secret-garden-17396,1,,server-1,2,1,1,1.931,4.035,2.452
least-connections-cache-off-warm0,110,1,11.3091,1.664,29.796,31.460,heart,the-moonstone,1,,server-3,1,1,1,3.419,4.035,3.807
least-connections-cache-off-warm0,110,1,11.3182,2.773,13.599,16.372,king,the-hound-of-the-baskervilles,1,,server-1,2,1,1,3.419,4.035,2.066
least-connections-cache-off-warm0,110,1,11.3273,1.448,15.369,16.816,she,grimms-fairy-tales,1,,server-2,1,1,1,2.500,7.886,2.066
least-connections-cache-off-warm0,110,1,11.3364,1.876,23.259,25.135,king,the-iliad-2199,1,,server-1,1,1,1,3.714,4.132,2.066
least-connections-cache-off-warm0,110,1,11.3455,1.352,11.481,12.833,was,the-wind-in-the-willows,1,,server-2,1,1,0,1.966,5.054,6.021
least-connections-cache-off-warm0,110,1,11.3545,1.365,13.938,15.304,death,the-warden,1,,server-3,1,1,1,1.966,2.675,6.021
least-connections-cache-off-warm0,110,1,11.3636,1.449,22.181,23.630,heart,the-portrait-of-a-lady-volume-1,1,,server-1,1,0,1,4.931,3.515,3.166
least-connections-cache-off-warm0,110,1,11.3727,1.639,15.263,16.902,heart,cranford,1,,server-2,1,1,0,2.614,3.515,4.219
least-connections-cache-off-warm0,110,1,11.3818,1.574,11.598,13.172,was,treasure-island,1,,server-3,1,1,1,2.614,1.882,4.219
least-connections-cache-off-warm0,110,1,11.3909,1.391,26.345,27.736,letter,the-adventures-of-ferdinand-count-fathom-complete,1,,server-1,1,0,1,5.159,3.597,2.259
least-connections-cache-off-warm0,110,1,11.4000,1.298,24.696,25.994,heart,the-jungle,1,,server-2,1,1,0,2.707,3.597,3.228
least-connections-cache-off-warm0,110,1,11.4091,1.410,15.144,16.554,horse,persuasion,1,,server-3,1,1,1,2.707,1.921,3.228
least-connections-cache-off-warm0,110,1,11.4182,1.830,15.120,16.950,death,the-picture-of-dorian-gray,1,,server-1,2,1,1,7.367,1.921,1.733
least-connections-cache-off-warm0,110,1,11.4273,1.411,23.455,24.866,you,the-works-of-edgar-allan-poe-volume-2,1,,server-2,1,1,0,3.122,5.118,3.485
least-connections-cache-off-warm0,110,1,11.4364,1.488,27.270,28.759,you,mary-barton,1,,server-3,0,1,1,4.359,2.699,3.485
least-connections-cache-off-warm0,110,1,11.4455,1.782,12.895,14.676,and,silas-marner,1,,server-1,1,1,1,4.359,2.699,1.853
least-connections-cache-off-warm0,110,1,11.4545,1.529,18.416,19.945,was,the-age-of-innocence,1,,server-2,1,1,1,2.310,5.408,1.853
least-connections-cache-off-warm0,110,1,11.4636,1.465,23.119,24.584,house,the-house-of-mirth,1,,server-1,1,1,1,3.487,2.837,1.853
least-connections-cache-off-warm0,110,1,11.4727,1.655,27.657,29.311,king,oliver-twist,1,,server-3,1,1,1,1.859,2.837,5.518
least-connections-cache-off-warm0,110,1,11.4818,1.582,16.887,18.470,king,the-secret-adversary,1,,server-2,1,1,1,1.859,4.699,2.910
least-connections-cache-off-warm0,110,1,11.4909,1.161,23.936,25.097,horse,the-jungle,1,,server-1,1,1,1,4.832,2.478,2.910
least-connections-cache-off-warm0,110,1,11.5000,1.134,23.254,24.388,heart,the-last-of-the-mohicans-a-narrative-of-1757,1,,server-2,1,2,1,2.544,5.281,2.910
least-connections-cache-off-warm0,110,1,11.5091,1.141,10.519,11.660,he,the-hound-of-the-baskervilles-3070,1,,server-3,1,1,1,2.544,2.227,6.229
least-connections-cache-off-warm0,110,1,11.5182,1.324,19.723,21.047,letter,the-odyssey,1,,server-1,1,1,1,5.415,2.227,3.259
least-connections-cache-off-warm0,110,1,11.5273,1.110,33.126,34.237,king,the-innocents-abroad,1,,server-2,1,1,0,2.838,5.106,3.747
least-connections-cache-off-warm0,110,1,11.5364,1.351,28.354,29.704,sea,oliver-twist,1,,server-3,1,1,1,2.838,2.674,3.747
least-connections-cache-off-warm0,110,1,11.5455,1.542,15.301,16.843,sea,the-adventures-of-tom-sawyer-complete,1,,server-1,1,1,1,4.921,2.674,1.993
least-connections-cache-off-warm0,110,1,11.5545,7.289,19.338,26.627,death,the-scarlet-letter-33,1,,server-2,1,2,1,2.592,2.674,1.993
least-connections-cache-off-warm0,110,1,11.5636,1.474,14.026,15.500,castle,desert-gold,1,,server-1,1,1,1,4.073,4.797,1.993
least-connections-cache-off-warm0,110,1,11.5727,1.582,11.370,12.952,of,the-jungle-book,1,,server-3,1,1,1,2.150,4.797,5.756
least-connections-cache-off-warm0,110,1,11.5818,1.076,14.029,15.105,sea,washington-square,1,,server-1,1,0,1,3.568,6.117,3.024
least-connections-cache-off-warm0,110,1,11.5909,1.067,24.984,26.052,whale,desperate-remedies,1,,server-2,1,1,0,1.889,6.117,3.667
least-connections-cache-off-warm0,110,1,11.6000,2.041,30.387,32.429,you,little-women,1,,server-3,0,1,1,3.421,3.192,3.667
least-connections-cache-off-warm0,110,1,11.6091,1.669,16.477,18.146,horse,the-scarlet-letter,1,,server-1,1,1,1,3.421,3.192,2.016
least-connections-cache-off-warm0,110,1,11.6182,1.140,14.071,15.210,he,his-last-bow,1,,server-2,1,1,1,1.817,5.979,2.016
least-connections-cache-off-warm0,110,1,11.6273,1.292,18.497,19.789,love,walden-and-on-the-duty-of-civil-disobedience,1,,server-1,1,1,1,3.690,3.129,2.016
least-connections-cache-off-warm0,110,1,11.6364,1.398,22.318,23.716,horse,desperate-remedies,1,,server-2,1,1,0,1.959,4.232,6.122
least-connections-cache-off-warm0,110,1,11.6455,2.362,27.221,29.583,london,the-tenant-of-wildfell-hall,1,,server-3,1,1,1,1.959,2.233,6.122
least-connections-cache-off-warm0,110,1,11.6545,1.770,14.286,16.057,you,desert-gold,1,,server-1,1,1,1,4.157,2.233,3.291
least-connections-cache-off-warm0,110,1,11.6636,1.394,17.864,19.258,of,a-connecticut-yankee-in-king-arthur-s-court,1,,server-2,1,1,1,2.200,4.953,3.291
least-connections-cache-off-warm0,110,1,11.6727,1.352,28.906,30.258,the,jane-eyre-an-autobiography,1,,server-1,1,1,1,3.605,2.602,3.291
least-connections-cache-off-warm0,110,1,11.6818,1.626,11.881,13.507,london,dubliners,1,,server-3,1,1,1,1.909,2.602,6.391
least-connections-cache-off-warm0,110,1,11.6909,1.448,15.266,16.714,horse,the-secret-adversary,1,,server-2,1,1,1,1.909,4.451,3.374
least-connections-cache-off-warm0,110,1,11.7000,1.542,33.606,35.148,the,the-iliad-2199,1,,server-3,1,1,1,1.909,2.344,3.988
least-connections-cache-off-warm0,110,1,11.7091,1.615,13.657,15.272,he,agnes-grey,1,,server-1,1,0,1,5.801,3.899,2.182
least-connections-cache-off-warm0,110,1,11.7182,1.157,10.542,11.699,you,poirot-investigates,1,,server-2,1,1,1,3.075,3.899,2.182
least-connections-cache-off-warm0,110,1,11.7273,1.574,14.341,15.916,and,frankenstein-or-the-modern-prometheus-41445,1,,server-1,1,1,1,4.089,2.075,2.182
least-connections-cache-off-warm0,110,1,11.7364,1.647,18.854,20.501,you,the-great-gatsby,1,,server-2,1,1,0,2.164,2.978,6.660
least-connections-cache-off-warm0,110,1,11.7455,1.811,21.445,23.256,love,thus-spake-zarathustra-a-book-for-all-and-none,1,,server-3,0,1,1,3.601,1.603,6.660
least-connections-cache-off-warm0,110,1,11.7545,1.559,12.771,14.330,she,his-last-bow,1,,server-1,1,1,1,3.601,1.603,3.507
least-connections-cache-off-warm0,110,1,11.7636,1.287,16.569,17.856,london,hard-times,1,,server-2,1,1,1,1.934,3.977,3.507
least-connections-cache-off-warm0,110,1,11.7727,1.232,17.428,18.660,money,the-secret-garden,1,,server-3,0,1,1,3.233,2.108,5.604
least-connections-cache-off-warm0,110,1,11.7818,1.076,41.033,42.109,sea,the-innocents-abroad,1,,server-1,1,0,1,3.233,3.963,2.932
least-connections-cache-off-warm0,110,1,11.7909,2.288,18.074,20.363,house,a-princess-of-mars,1,,server-2,1,1,1,1.727,3.963,5.737
least-connections-cache-off-warm0,110,1,11.8000,2.293,17.891,20.184,london,the-secret-garden-17396,1,,server-3,1,1,1,1.727,2.119,4.621
least-connections-cache-off-warm0,110,1,11.8091,15.327,14.900,30.226,heart,a-princess-of-mars,1,,server-1,2,1,1,1.727,2.119,2.461
least-connections-cache-off-warm0,110,1,11.8182,1.212,17.923,19.136,and,the-adventures-of-sherlock-holmes,1,,server-2,2,1,1,1.727,4.164,2.461
least-connections-cache-off-warm0,110,1,11.8273,1.379,31.133,32.513,night,the-iliad,1,,server-3,1,1,1,5.390,2.198,4.387
least-connections-cache-off-warm0,110,1,11.8364,3.511,9.152,12.662,heart,the-kama-sutra-of-vatsyayana,1,,server-1,2,1,1,5.390,2.198,2.336
least-connections-cache-off-warm0,110,1,11.8455,1.531,17.491,19.023,horse,anne-of-green-gables,1,,server-2,1,1,1,3.272,4.227,2.336
least-connections-cache-off-warm0,110,1,11.8545,1.121,15.941,17.062,money,the-house-of-the-seven-gables,1,,server-1,1,1,1,3.516,2.232,2.336
least-connections-cache-off-warm0,110,1,11.8636,1.752,33.664,35.415,the,north-and-south,1,,server-3,1,1,1,1.841,2.232,6.435
least-connections-cache-off-warm0,110,1,11.8727,1.401,22.887,24.287,she,the-return-of-sherlock-holmes-108,1,,server-1,1,0,1,3.696,4.168,3.362
least-connections-cache-off-warm0,110,1,11.8818,1.948,29.161,31.110,death,the-vicomte-de-bragelonne,1,,server-2,1,1,1,1.961,4.168,3.362
least-connections-cache-off-warm0,110,1,11.8909,9.168,9.528,18.696,death,the-prince,1,,server-3,1,1,2,1.961,2.239,3.362
least-connections-cache-off-warm0,110,1,11.9000,1.161,12.260,13.421,of,the-mysterious-affair-at-styles,1,,server-1,1,1,1,4.875,2.239,4.890
least-connections-cache-off-warm0,110,1,11.9091,4.612,12.305,16.916,he,meditations,1,,server-2,1,2,1,2.556,2.239,5.723
least-connections-cache-off-warm0,110,1,11.9182,1.290,20.055,21.345,was,autobiography-of-benjamin-franklin,1,,server-3,0,1,1,3.556,3.470,4.590
least-connections-cache-off-warm0,110,1,11.9273,1.454,30.503,31.956,was,mansfield-park,1,,server-1,1,0,1,3.556,4.145,2.426
least-connections-cache-off-warm0,110,1,11.9364,2.626,21.608,24.234,king,pride-and-prejudice,1,,server-2,1,1,1,1.904,4.145,2.426
least-connections-cache-off-warm0,110,1,11.9455,1.452,29.360,30.812,letter,the-romance-of-lust-a-classic-victorian-erotic-novel,1,,server-3,1,1,1,1.904,2.234,4.723
least-connections-cache-off-warm0,110,1,11.9545,5.197,28.223,33.420,house,the-moonstone,1,,server-1,2,1,1,1.904,2.234,2.492
least-connections-cache-off-warm0,110,1,11.9636,1.659,8.485,10.144,money,the-prince,1,,server-2,1,1,1,3.522,4.821,2.492
least-connections-cache-off-warm0,110,1,11.9727,4.119,27.346,31.464,and,mansfield-park,1,,server-3,1,1,2,3.522,2.550,2.492
least-connections-cache-off-warm0,110,1,11.9818,1.481,18.275,19.755,king,walden-and-on-the-duty-of-civil-disobedience,1,,server-2,1,1,1,3.522,2.932,3.564
least-connections-cache-off-warm0,110,1,11.9909,1.342,24.347,25.689,king,adventures-of-huckleberry-finn,1,,server-1,1,1,1,6.706,1.565,3.564
least-connections-cache-off-warm0,110,1,12.0000,2.224,11.901,14.125,heart,dubliners,1,,server-2,1,2,1,3.507,1.565,3.564
least-connections-cache-off-warm0,110,1,12.0091,1.629,16.039,17.669,castle,the-mystery-of-edwin-drood,1,,server-3,1,1,1,3.507,2.117,6.608
least-connections-cache-off-warm0,110,1,12.0182,1.840,31.396,33.236,she,the-mysterious-island,1,,server-1,1,0,1,6.079,3.203,3.461
least-connections-cache-off-warm0,110,1,12.0273,1.239,16.264,17.503,sea,grimms-fairy-tales,1,,server-2,1,1,0,3.199,3.203,4.735
least-connections-cache-off-warm0,110,1,12.0364,1.298,18.027,19.325,and,the-memoirs-of-sherlock-holmes,1,,server-3,1,1,1,3.199,1.712,4.735
least-connections-cache-off-warm0,110,1,12.0455,1.262,23.244,24.505,love,dracula,1,,server-2,1,1,1,3.199,3.654,2.497
least-connections-cache-off-warm0,110,1,12.0545,1.693,13.411,15.104,heart,the-scarlet-letter,1,,server-1,1,1,1,7.033,1.933,2.497
least-connections-cache-off-warm0,110,1,12.0636,2.024,18.005,20.029,london,persuasion,1,,server-3,1,1,1,3.702,1.933,4.438
least-connections-cache-off-warm0,110,1,12.0727,1.421,23.126,24.547,london,dracula,1,,server-1,1,0,1,4.458,4.913,2.368
least-connections-cache-off-warm0,110,1,12.0818,1.322,20.353,21.675,castle,the-portrait-of-a-lady-volume-1,1,,server-2,1,1,1,2.361,4.913,2.368
least-connections-cache-off-warm0,110,1,12.0909,1.576,27.634,29.210,he,the-tenant-of-wildfell-hall,1,,server-3,1,1,1,2.361,2.593,4.359
least-connections-cache-off-warm0,110,1,12.1000,1.843,9.568,11.411,was,beyond-good-and-evil,1,,server-1,1,1,1,5.168,2.593,2.307
least-connections-cache-off-warm0,110,1,12.1091,1.408,27.171,28.579,death,the-house-of-mirth,1,,server-2,1,1,1,2.805,4.878,2.307
least-connections-cache-off-warm0,110,1,12.1182,1.565,16.692,18.258,you,desert-gold,1,,server-1,1,1,1,3.235,2.592,2.307
least-connections-cache-off-warm0,110,1,12.1273,1.153,15.951,17.104,horse,northanger-abbey,1,,server-3,1,1,1,1.730,2.592,5.867
least-connections-cache-off-warm0,110,1,12.1364,1.633,18.732,20.366,whale,the-portrait-of-a-lady-volume-1,1,,server-1,2,1,1,3.717,2.592,3.072
least-connections-cache-off-warm0,110,1,12.1455,1.456,12.402,13.859,horse,the-great-gatsby,1,,server-2,1,1,0,1.992,5.953,4.475
least-connections-cache-off-warm0,110,1,12.1545,1.344,23.195,24.538,castle,walden-and-on-the-duty-of-civil-disobedience,1,,server-3,1,1,1,1.992,3.118,4.475
least-connections-cache-off-warm0,110,1,12.1636,1.463,26.731,28.193,he,the-last-of-the-mohicans-a-narrative-of-1757,1,,server-1,1,0,1,4.205,3.953,2.356
least-connections-cache-off-warm0,110,1,12.1727,1.528,12.185,13.713,he,dubliners,1,,server-2,1,1,1,2.230,3.953,2.356
least-connections-cache-off-warm0,110,1,12.1818,1.300,22.894,24.195,king,the-last-of-the-mohicans-a-narrative-of-1757-27681,1,,server-3,1,1,1,2.230,2.098,5.186
least-connections-cache-off-warm0,110,1,12.1909,1.132,9.046,10.177,money,poirot-investigates,1,,server-2,1,1,1,2.230,3.249,2.737
least-connections-cache-off-warm0,110,1,12.2000,1.292,20.484,21.775,castle,the-warden,1,,server-1,1,1,1,5.659,1.726,2.737
least-connections-cache-off-warm0,110,1,12.2091,2.681,23.412,26.093,horse,the-wind-in-the-willows,1,,server-2,1,1,0,2.998,2.510,5.376
least-connections-cache-off-warm0,110,1,12.2182,2.521,44.703,47.223,you,the-song-of-the-lark,1,,server-3,1,1,1,2.998,1.408,5.376
least-connections-cache-off-warm0,110,1,12.2273,2.669,15.551,18.220,king,cranford,1,,server-1,1,1,1,5.145,1.408,2.878
least-connections-cache-off-warm0,110,1,12.2364,1.621,30.100,31.721,king,the-jungle,1,,server-2,1,1,1,2.791,4.528,2.878
least-connections-cache-off-warm0,110,1,12.2455,19.925,14.407,34.332,money,northanger-abbey,1,,server-3,1,1,2,4.197,2.404,2.878
least-connections-cache-off-warm0,110,1,12.2545,1.231,13.754,14.985,night,a-princess-of-mars,1,,server-1,1,1,2,4.197,2.404,2.878
least-connections-cache-off-warm0,110,1,12.2636,4.680,21.271,25.951,love,the-odyssey,1,,server-2,1,2,2,2.216,2.404,5.277
least-connections-cache-off-warm0,110,1,12.2727,1.184,26.179,27.363,night,mary-barton,1,,server-1,1,1,1,3.568,3.639,8.268
least-connections-cache-off-warm0,110,1,12.2818,1.551,17.327,18.878,he,the-scarlet-letter,1,,server-3,1,1,1,1.888,3.639,7.526
least-connections-cache-off-warm0,110,1,12.2909,1.608,13.245,14.852,sea,frankenstein-or-the-modern-prometheus-41445,1,,server-2,1,1,1,1.888,5.693,3.921
least-connections-cache-off-warm0,110,1,12.3000,1.630,14.627,16.257,he,myths-and-legends-of-ancient-greece-and-rome,1,,server-3,1,1,2,5.357,3.005,3.921
least-connections-cache-off-warm0,110,1,12.3091,1.393,20.582,21.975,death,the-age-of-innocence,1,,server-1,1,0,1,5.357,3.992,2.765
least-connections-cache-off-warm0,110,1,12.3182,1.261,29.220,30.481,and,jude-the-obscure,1,,server-2,1,1,0,2.802,3.992,4.055
least-connections-cache-off-warm0,110,1,12.3273,1.351,15.555,16.907,she,memoirs-of-fanny-hill,1,,server-3,1,1,1,2.802,2.113,4.055
least-connections-cache-off-warm0,110,1,12.3364,1.722,10.085,11.807,sea,the-kama-sutra-of-vatsyayana,1,,server-1,1,1,1,5.026,2.113,2.142
least-connections-cache-off-warm0,110,1,12.3455,1.673,9.749,11.421,she,black-beauty,1,,server-3,1,1,1,2.662,2.113,3.802
least-connections-cache-off-warm0,110,1,12.3545,1.312,14.674,15.987,of,the-secret-garden,1,,server-1,1,0,1,3.265,5.986,2.054
least-connections-cache-off-warm0,110,1,12.3636,1.326,19.671,20.998,whale,madame-bovary,1,,server-2,1,1,0,1.739,5.986,2.829
least-connections-cache-off-warm0,110,1,12.3727,1.257,17.857,19.115,king,the-mystery-of-edwin-drood,1,,server-3,0,1,1,3.417,3.132,2.829
least-connections-cache-off-warm0,110,1,12.3818,1.992,19.812,21.804,money,wuthering-heights,1,,server-1,1,1,1,3.417,3.132,1.528
least-connections-cache-off-warm0,110,1,12.3909,1.699,15.263,16.961,night,a-journey-to-the-centre-of-the-earth,1,,server-2,1,1,1,1.855,5.105,1.528
least-connections-cache-off-warm0,110,1,12.4000,1.435,11.376,12.811,london,the-war-of-the-worlds,1,,server-3,1,1,1,1.855,2.726,3.805
least-connections-cache-off-warm0,110,1,12.4091,1.480,15.966,17.447,night,treasure-island,1,,server-1,1,0,1,4.286,4.142,2.006
least-connections-cache-off-warm0,110,1,12.4182,1.184,13.021,14.205,of,silas-marner,1,,server-2,1,1,0,2.296,4.142,3.068
least-connections-cache-off-warm0,110,1,12.4273,1.055,28.503,29.558,whale,the-vicomte-de-bragelonne,1,,server-3,0,1,1,3.972,2.185,3.068
least-connections-cache-off-warm0,110,1,12.4364,1.346,25.313,26.660,heart,mary-barton,1,,server-1,1,0,1,3.972,3.443,1.634
least-connections-cache-off-warm0,110,1,12.4455,1.924,13.398,15.322,night,a-princess-of-mars,1,,server-2,1,1,1,2.112,3.443,1.634
least-connections-cache-off-warm0,110,1,12.4545,2.671,12.753,15.424,night,autobiography-of-benjamin-franklin,1,,server-3,1,1,2,2.112,1.832,1.634
least-connections-cache-off-warm0,110,1,12.4636,1.195,22.929,24.124,heart,the-mystery-of-edwin-drood,1,,server-1,1,0,1,5.362,3.280,3.067
least-connections-cache-off-warm0,110,1,12.4727,1.416,20.249,21.666,whale,the-memoirs-of-sherlock-holmes,1,,server-2,1,1,0,2.814,3.280,3.907
least-connections-cache-off-warm0,110,1,12.4818,1.454,23.402,24.855,house,the-return-of-sherlock-holmes-108,1,,server-3,1,1,1,2.814,1.776,3.907
least-connections-cache-off-warm0,110,1,12.4909,1.161,16.535,17.696,she,the-secret-garden,1,,server-1,1,1,1,5.423,1.776,2.064
least-connections-cache-off-warm0,110,1,12.5000,1.532,14.971,16.503,he,persuasion,1,,server-2,1,1,1,2.842,4.322,2.064
least-connections-cache-off-warm0,110,1,12.5091,0.989,25.347,26.336,he,thus-spake-zarathustra-a-book-for-all-and-none,1,,server-3,0,1,1,4.415,2.308,4.998
least-connections-cache-off-warm0,110,1,12.5182,1.259,34.950,36.210,he,the-iliad,1,,server-1,1,0,1,4.415,3.815,2.617
least-connections-cache-off-warm0,110,1,12.5273,1.852,16.104,17.956,and,desert-gold,1,,server-2,1,1,1,2.333,3.815,2.617
least-connections-cache-off-warm0,110,1,12.5364,1.470,13.013,14.483,love,the-wind-in-the-willows,1,,server-3,1,1,1,2.333,2.061,5.722
least-connections-cache-off-warm0,110,1,12.5455,1.299,14.035,15.334,love,the-picture-of-dorian-gray,1,,server-2,1,1,1,2.333,3.840,3.031
least-connections-cache-off-warm0,110,1,12.5545,1.292,12.062,13.353,london,the-picture-of-dorian-gray,1,,server-3,0,1,1,7.033,2.057,3.960
least-connections-cache-off-warm0,110,1,12.5636,1.238,25.174,26.413,castle,dracula,1,,server-1,1,0,1,7.033,3.517,2.088
least-connections-cache-off-warm0,110,1,12.5727,1.470,30.238,31.708,and,the-song-of-the-lark,1,,server-2,1,1,0,3.694,3.517,3.238
least-connections-cache-off-warm0,110,1,12.5818,1.934,12.771,14.705,king,meditations,1,,server-3,1,1,1,3.694,1.897,3.238
least-connections-cache-off-warm0,110,1,12.5909,1.936,14.981,16.917,whale,myths-and-legends-of-ancient-greece-and-rome,1,,server-1,1,1,1,6.317,1.897,1.733
least-connections-cache-off-warm0,110,1,12.6000,2.214,21.582,23.796,death,desperate-remedies,1,,server-3,1,1,1,3.305,1.897,3.101
least-connections-cache-off-warm0,110,1,12.6091,1.341,16.402,17.743,sea,the-scarlet-letter-33,1,,server-1,1,0,1,4.460,6.006,1.661
least-connections-cache-off-warm0,110,1,12.6182,1.648,11.525,13.173,the,around-the-world-in-eighty-days,1,,server-2,1,1,1,2.355,6.006,1.661
least-connections-cache-off-warm0,110,1,12.6273,1.453,11.189,12.642,and,black-beauty,1,,server-3,0,1,1,4.090,3.170,4.445
least-connections-cache-off-warm0,110,1,12.6364,1.631,15.174,16.805,house,treasure-island,1,,server-1,1,0,1,4.090,3.830,2.377
least-connections-cache-off-warm0,110,1,12.6455,1.692,12.807,14.499,money,the-adventures-of-tom-sawyer-complete,1,,server-2,1,1,0,2.179,3.830,3.258
least-connections-cache-off-warm0,110,1,12.6545,1.713,14.054,15.767,night,the-scarlet-letter-33,1,,server-3,0,1,1,3.753,2.034,3.258
least-connections-cache-off-warm0,110,1,12.6636,1.512,17.502,19.014,night,hard-times,1,,server-1,1,0,1,3.753,3.298,1.771
least-connections-cache-off-warm0,110,1,12.6727,1.826,22.379,24.205,he,the-odyssey,1,,server-2,1,1,0,2.011,3.298,3.329
least-connections-cache-off-warm0,110,1,12.6818,2.098,10.448,12.545,love,the-hound-of-the-baskervilles,1,,server-3,1,1,1,5.024,1.770,3.329
least-connections-cache-off-warm0,110,1,12.6909,1.310,29.585,30.895,she,the-iliad,1,,server-1,1,1,1,4.094,1.770,1.771
least-connections-cache-off-warm0,110,1,12.7000,1.500,16.766,18.266,of,anne-of-green-gables,1,,server-2,1,1,0,2.177,4.666,2.761
least-connections-cache-off-warm0,110,1,12.7091,1.875,24.425,26.300,house,the-adventures-of-ferdinand-count-fathom-complete,1,,server-3,1,1,1,2.177,2.465,2.761
least-connections-cache-off-warm0,110,1,12.7182,4.329,25.442,29.771,love,tess-of-the-d-urbervilles-a-pure-woman,1,,server-1,2,1,1,2.177,4.195,1.501
least-connections-cache-off-warm0,110,1,12.7273,1.943,35.707,37.650,house,oliver-twist,1,,server-2,1,1,1,3.485,4.195,1.501
least-connections-cache-off-warm0,110,1,12.7364,1.303,15.050,16.353,love,the-king-in-yellow,1,,server-3,1,1,1,3.485,2.219,4.799
least-connections-cache-off-warm0,110,1,12.7455,3.330,24.358,27.688,whale,life-on-the-mississippi,1,,server-1,2,1,1,3.485,2.219,2.521
least-connections-cache-off-warm0,110,1,12.7545,1.420,12.851,14.271,london,a-princess-of-mars,1,,server-3,1,1,1,3.477,2.219,3.959
least-connections-cache-off-warm0,110,1,12.7636,10.062,12.049,22.111,love,beyond-good-and-evil,1,,server-1,2,1,1,3.477,2.219,2.105
least-connections-cache-off-warm0,110,1,12.7727,1.643,15.692,17.335,death,the-warden,1,,server-2,2,1,0,7.558,7.098,3.373
least-connections-cache-off-warm0,110,1,12.7818,1.392,23.700,25.092,and,sense-and-sensibility,1,,server-3,1,1,1,4.051,3.723,3.373
least-connections-cache-off-warm0,110,1,12.7909,2.230,21.113,23.344,money,sense-and-sensibility,1,,server-1,1,0,1,4.472,4.847,1.806
least-connections-cache-off-warm0,110,1,12.8000,1.747,21.041,22.788,heart,pride-and-prejudice,1,,server-2,1,1,1,2.397,4.847,1.806
least-connections-cache-off-warm0,110,1,12.8091,1.323,17.224,18.546,letter,adventures-of-huckleberry-finn,1,,server-3,1,1,1,2.397,2.576,4.891
least-connections-cache-off-warm0,110,1,12.8182,1.355,15.710,17.065,money,northanger-abbey,1,,server-1,1,1,1,4.836,2.576,2.564
least-connections-cache-off-warm0,110,1,12.8273,1.772,15.049,16.822,he,the-first-men-in-the-moon,1,,server-2,1,1,1,2.540,4.940,5.418
least-connections-cache-off-warm0,110,1,12.8364,1.273,21.840,23.114,she,the-mystery-of-edwin-drood,1,,server-3,0,1,1,4.095,2.618,4.352
least-connections-cache-off-warm0,110,1,12.8455,2.410,24.684,27.093,the,the-american,1,,server-1,1,0,1,4.095,4.037,2.290
least-connections-cache-off-warm0,110,1,12.8545,1.429,32.369,33.798,the,the-innocents-abroad,1,,server-2,1,1,1,2.239,4.037,2.290
least-connections-cache-off-warm0,110,1,12.8636,1.440,16.192,17.632,heart,the-scarlet-letter,1,,server-3,1,1,1,2.239,2.141,4.882
least-connections-cache-off-warm0,110,1,12.8727,1.485,22.789,24.274,the,the-song-of-the-lark,1,,server-1,2,1,1,5.294,2.141,2.591
least-connections-cache-off-warm0,110,1,12.8818,1.393,14.711,16.104,of,the-king-in-yellow,1,,server-3,1,1,1,2.799,2.141,4.196
least-connections-cache-off-warm0,110,1,12.8909,1.522,25.588,27.110,sea,leaves-of-grass,1,,server-2,1,1,1,2.799,6.476,2.218
least-connections-cache-off-warm0,110,1,12.9000,1.275,11.767,13.042,of,the-wind-in-the-willows,1,,server-3,0,1,1,5.411,3.420,3.731
least-connections-cache-off-warm0,110,1,12.9091,1.773,21.449,23.222,he,hard-times,1,,server-1,1,1,1,5.411,3.420,1.960
least-connections-cache-off-warm0,110,1,12.9182,1.485,33.454,34.939,you,the-iliad,1,,server-3,1,1,1,2.858,6.233,3.093
least-connections-cache-off-warm0,110,1,12.9273,1.746,21.048,22.795,he,twenty-thousand-leagues-under-the-sea,1,,server-2,1,1,1,2.858,6.233,1.649
least-connections-cache-off-warm0,110,1,12.9364,1.341,13.136,14.477,death,a-journey-to-the-centre-of-the-earth,1,,server-1,1,1,1,5.199,3.276,1.649
least-connections-cache-off-warm0,110,1,12.9455,5.289,20.167,25.456,the,wuthering-heights,1,,server-2,1,2,1,2.738,3.276,1.649
least-connections-cache-off-warm0,110,1,12.9545,1.302,29.349,30.651,king,the-jungle,1,,server-3,0,1,1,3.825,3.263,6.360
least-connections-cache-off-warm0,110,1,12.9636,1.518,19.216,20.734,of,walden-and-on-the-duty-of-civil-disobedience,1,,server-1,1,1,1,3.825,3.263,3.317
least-connections-cache-off-warm0,110,1,12.9727,1.514,9.619,11.133,sea,herland,1,,server-2,1,1,1,2.066,5.254,3.317
least-connections-cache-off-warm0,110,1,12.9818,3.935,18.829,22.764,you,adventures-of-huckleberry-finn,1,,server-3,1,1,2,2.066,2.780,3.317
least-connections-cache-off-warm0,110,1,12.9909,1.688,32.437,34.126,whale,little-women,1,,server-1,1,0,1,4.362,3.261,3.824
least-connections-cache-off-warm0,110,1,13.0000,2.214,28.387,30.601,letter,the-innocents-abroad,1,,server-2,1,1,1,2.316,3.261,3.824
least-connections-cache-off-warm0,110,1,13.0091,1.336,9.787,11.123,of,beyond-good-and-evil,1,,server-3,1,1,1,2.316,1.781,5.385
least-connections-cache-off-warm0,110,1,13.0182,7.753,23.801,31.554,sea,desperate-remedies,1,,server-1,2,1,1,2.316,1.781,2.826
least-connections-cache-off-warm0,110,1,13.0273,1.767,25.858,27.625,death,pride-and-prejudice,1,,server-3,1,1,1,4.101,1.781,3.338
least-connections-cache-off-warm0,110,1,13.0364,1.507,11.461,12.968,death,around-the-world-in-eighty-days,1,,server-2,1,1,1,4.101,5.660,1.837
least-connections-cache-off-warm0,110,1,13.0455,10.238,18.256,28.495,and,the-return-of-sherlock-holmes,1,,server-3,1,1,2,4.101,2.969,1.837
least-connections-cache-off-warm0,110,1,13.0545,1.378,16.277,17.656,sea,the-warden,1,,server-1,1,0,2,6.359,3.691,6.495
least-connections-cache-off-warm0,110,1,13.0636,1.483,16.873,18.357,sea,the-mystery-of-edwin-drood,1,,server-2,1,1,1,3.326,3.691,3.628
least-connections-cache-off-warm0,110,1,13.0727,1.526,30.616,32.141,of,the-romance-of-lust-a-classic-victorian-erotic-novel,1,,server-1,1,1,1,4.696,1.966,3.628
least-connections-cache-off-warm0,110,1,13.0818,1.481,41.021,42.502,night,villette,1,,server-3,1,1,1,2.525,3.903,5.187
least-connections-cache-off-warm0,110,1,13.0909,1.454,15.106,16.561,money,the-adventures-of-tom-sawyer-complete,1,,server-2,1,1,1,2.525,3.903,2.744
least-connections-cache-off-warm0,110,1,13.1000,24.575,35.357,59.931,of,the-vicomte-de-bragelonne,1,,server-3,1,1,2,2.525,2.067,2.744
least-connections-cache-off-warm0,110,1,13.1091,1.851,29.550,31.401,the,the-moonstone,1,,server-1,1,0,2,6.480,3.730,2.744
least-connections-cache-off-warm0,110,1,13.1182,1.505,17.200,18.706,you,memoirs-of-fanny-hill,1,,server-2,1,1,2,3.401,3.730,2.744
least-connections-cache-off-warm0,110,1,13.1273,7.461,42.827,50.288,love,the-adventures-of-sherlock-holmes,1,,server-3,1,1,2,3.401,1.985,6.980
least-connections-cache-off-warm0,110,1,13.1364,4.706,13.576,18.282,sea,the-first-men-in-the-moon,1,,server-1,2,1,2,3.401,4.948,5.715
least-connections-cache-off-warm0,110,1,13.1455,1.395,16.000,17.395,she,the-age-of-innocence,1,,server-2,1,1,2,3.880,3.980,5.715
least-connections-cache-off-warm0,110,1,13.1545,1.263,31.591,32.854,heart,the-moonstone,1,,server-1,2,1,2,4.591,2.121,8.495
least-connections-cache-off-warm0,110,1,13.1636,1.298,18.569,19.867,the,walden-and-on-the-duty-of-civil-disobedience,1,,server-2,1,1,1,2.417,3.863,11.179
least-connections-cache-off-warm0,110,1,13.1727,5.745,14.053,19.797,whale,meditations,1,,server-3,1,1,2,2.417,2.043,11.179
least-connections-cache-off-warm0,110,1,13.1818,6.093,27.786,33.879,death,oliver-twist,1,,server-1,2,1,1,2.417,2.043,6.149
least-connections-cache-off-warm0,110,1,13.1909,1.299,13.782,15.081,house,kidnapped,1,,server-2,1,1,1,3.943,4.248,6.149
least-connections-cache-off-warm0,110,1,13.2000,1.125,12.064,13.188,letter,the-king-in-yellow,1,,server-3,1,1,1,3.943,2.247,6.124
least-connections-cache-off-warm0,110,1,13.2091,1.240,17.800,19.040,you,walden-and-on-the-duty-of-civil-disobedience,1,,server-2,1,1,1,3.943,3.577,3.183
least-connections-cache-off-warm0,110,1,13.2182,1.207,13.369,14.576,money,agnes-grey,1,,server-3,0,1,1,6.943,1.909,3.941
least-connections-cache-off-warm0,110,1,13.2273,1.605,12.375,13.980,castle,the-warden,1,,server-1,1,1,1,6.943,4.957,2.089
least-connections-cache-off-warm0,110,1,13.2364,1.418,24.752,26.171,and,wuthering-heights,1,,server-2,1,1,0,3.638,3.986,3.435
least-connections-cache-off-warm0,110,1,13.2455,2.112,11.731,13.844,king,poirot-investigates,1,,server-3,0,1,1,4.274,2.119,3.435
least-connections-cache-off-warm0,110,1,13.2545,1.436,14.917,16.353,house,myths-and-legends-of-ancient-greece-and-rome,1,,server-1,1,1,1,4.274,2.119,1.865
least-connections-cache-off-warm0,110,1,13.2636,1.429,13.392,14.821,of,frankenstein-or-the-modern-prometheus-41445,1,,server-2,1,1,0,2.258,5.276,2.989
least-connections-cache-off-warm0,110,1,13.2727,1.461,17.594,19.056,king,the-adventures-of-sherlock-holmes,1,,server-3,0,1,1,3.785,2.790,2.989
least-connections-cache-off-warm0,110,1,13.2818,2.019,20.575,22.594,london,anne-of-green-gables,1,,server-1,1,0,1,3.785,3.885,1.623
least-connections-cache-off-warm0,110,1,13.2909,1.494,14.011,15.505,house,desert-gold,1,,server-2,1,1,1,2.009,3.885,1.623
least-connections-cache-off-warm0,110,1,13.3000,1.266,11.592,12.857,house,silas-marner,1,,server-3,1,1,1,2.009,2.070,3.811
least-connections-cache-off-warm0,110,1,13.3091,1.643,20.132,21.776,london,leaves-of-grass,1,,server-1,1,0,1,4.532,3.520,2.026
least-connections-cache-off-warm0,110,1,13.3182,1.293,12.828,14.122,whale,persuasion,1,,server-2,1,1,0,2.390,3.520,3.090
least-connections-cache-off-warm0,110,1,13.3273,1.548,24.139,25.687,whale,jude-the-obscure,1,,server-3,1,1,1,2.390,1.876,3.090
least-connections-cache-off-warm0,110,1,13.3364,1.753,14.881,16.634,sea,a-princess-of-mars,1,,server-1,1,0,1,4.667,3.211,1.689
least-connections-cache-off-warm0,110,1,13.3455,1.488,12.479,13.967,she,the-king-in-yellow,1,,server-2,1,1,1,2.469,3.211,1.689
least-connections-cache-off-warm0,110,1,13.3545,1.390,13.522,14.912,london,the-adventures-of-tom-sawyer-complete,1,,server-3,0,1,1,3.923,1.712,4.888
least-connections-cache-off-warm0,110,1,13.3636,1.682,28.944,30.626,heart,the-romance-of-lust-a-classic-victorian-erotic-novel,1,,server-1,1,0,1,3.923,3.069,2.575
least-connections-cache-off-warm0,110,1,13.3727,1.508,11.330,12.837,castle,meditations,1,,server-2,1,1,0,2.102,3.069,3.770
least-connections-cache-off-warm0,110,1,13.3818,1.290,26.830,28.120,she,the-romance-of-lust-a-classic-victorian-erotic-novel,1,,server-3,1,1,1,2.102,1.660,3.770
least-connections-cache-off-warm0,110,1,13.3909,1.451,18.808,20.258,love,sense-and-sensibility,1,,server-2,1,1,1,2.102,2.834,2.002
least-connections-cache-off-warm0,110,1,13.4000,1.366,21.128,22.495,king,life-on-the-mississippi,1,,server-1,1,1,1,5.926,1.563,2.002
least-connections-cache-off-warm0,110,1,13.4091,2.562,19.606,22.167,whale,the-scarlet-letter,1,,server-2,1,2,1,3.121,1.563,2.002
least-connections-cache-off-warm0,110,1,13.4182,1.228,17.266,18.494,was,anne-of-green-gables,1,,server-3,1,1,1,3.121,2.254,5.561
least-connections-cache-off-warm0,110,1,13.4273,1.417,15.776,17.193,the,the-first-men-in-the-moon,1,,server-1,1,1,1,5.319,2.254,2.915
least-connections-cache-off-warm0,110,1,13.4364,1.156,11.625,12.781,the,the-wind-in-the-willows,1,,server-2,1,1,1,2.812,4.546,5.712
least-connections-cache-off-warm0,110,1,13.4455,1.054,17.417,18.471,you,washington-square,1,,server-3,0,1,1,4.294,2.394,4.586
least-connections-cache-off-warm0,110,1,13.4545,1.768,11.852,13.620,night,the-war-of-the-worlds,1,,server-1,1,0,1,4.294,3.351,2.405
least-connections-cache-off-warm0,110,1,13.4636,1.733,11.425,13.158,horse,dubliners,1,,server-2,1,1,1,2.286,3.351,5.344
least-connections-cache-off-warm0,110,1,13.4727,1.447,18.816,20.263,king,walden-and-on-the-duty-of-civil-disobedience,1,,server-3,0,1,1,3.315,1.781,4.309
least-connections-cache-off-warm0,110,1,13.4818,1.231,25.543,26.773,the,emma,1,,server-1,1,0,1,3.315,2.914,2.314
least-connections-cache-off-warm0,110,1,13.4909,1.502,11.977,13.478,house,dubliners,1,,server-2,1,1,1,1.768,2.914,2.314
least-connections-cache-off-warm0,110,1,13.5000,0.923,17.505,18.428,sea,the-return-of-sherlock-holmes,1,,server-3,1,1,1,1.768,1.569,4.467
least-connections-cache-off-warm0,110,1,13.5091,1.299,18.838,20.137,whale,walden-and-on-the-duty-of-civil-disobedience,1,,server-1,1,0,1,5.180,2.870,2.337
least-connections-cache-off-warm0,110,1,13.5182,1.581,21.876,23.457,love,twenty-thousand-leagues-under-the-sea,1,,server-2,1,1,1,2.719,2.870,5.311
least-connections-cache-off-warm0,110,1,13.5273,1.457,26.829,28.286,money,the-last-of-the-mohicans-a-narrative-of-1757,1,,server-3,1,1,1,2.719,1.537,4.260
least-connections-cache-off-warm0,110,1,13.5364,2.312,20.930,23.242,and,a-tale-of-two-cities,1,,server-1,1,1,1,4.718,1.537,2.256
least-connections-cache-off-warm0,110,1,13.5455,1.229,23.175,24.404,horse,the-last-of-the-mohicans-a-narrative-of-1757,1,,server-2,1,1,1,2.510,4.440,2.256
least-connections-cache-off-warm0,110,1,13.5545,1.672,20.734,22.406,sea,the-house-of-mirth,1,,server-3,1,1,2,2.510,2.330,2.256
least-connections-cache-off-warm0,110,1,13.5636,1.313,19.418,20.731,and,the-house-of-the-seven-gables,1,,server-1,1,1,1,4.889,2.330,2.963
least-connections-cache-off-warm0,110,1,13.5727,1.354,22.025,23.378,money,desperate-remedies,1,,server-2,1,1,1,2.568,5.151,2.963
least-connections-cache-off-warm0,110,1,13.5818,1.386,18.308,19.695,death,anne-of-green-gables,1,,server-3,1,1,1,2.568,2.708,5.069
least-connections-cache-off-warm0,110,1,13.5909,1.268,32.757,34.025,love,north-and-south,1,,server-1,1,1,1,4.720,2.708,2.664
least-connections-cache-off-warm0,110,1,13.6000,1.346,13.525,14.871,king,the-adventures-of-tom-sawyer-complete,1,,server-2,1,1,1,2.485,5.223,2.664
least-connections-cache-off-warm0,110,1,13.6091,1.468,19.438,20.907,letter,the-return-of-sherlock-holmes,1,,server-3,1,1,1,2.485,2.746,4.590
least-connections-cache-off-warm0,110,1,13.6182,1.195,15.823,17.018,night,the-works-of-edgar-allan-poe-volume-2,1,,server-2,1,1,1,2.485,3.872,2.417
least-connections-cache-off-warm0,110,1,13.6273,1.393,19.617,21.010,night,the-return-of-sherlock-holmes,1,,server-1,1,1,1,6.787,2.039,2.417
least-connections-cache-off-warm0,110,1,13.6364,1.039,36.462,37.502,night,the-iliad,1,,server-2,1,1,0,3.539,3.811,4.611
least-connections-cache-off-warm0,110,1,13.6455,1.792,19.145,20.937,he,the-works-of-edgar-allan-poe-volume-2,1,,server-3,1,1,1,3.539,2.008,4.611
least-connections-cache-off-warm0,110,1,13.6545,1.899,13.633,15.532,london,frankenstein-or-the-modern-prometheus-41445,1,,server-1,1,1,1,5.376,2.008,2.442
least-connections-cache-off-warm0,110,1,13.6636,10.730,17.397,28.127,was,the-mystery-of-edwin-drood,1,,server-2,1,2,1,2.860,2.008,2.442
least-connections-cache-off-warm0,110,1,13.6727,1.484,24.008,25.492,was,mansfield-park,1,,server-3,0,2,1,3.925,2.008,4.572
least-connections-cache-off-warm0,110,1,13.6818,1.387,18.950,20.337,king,the-house-of-mirth,1,,server-1,1,1,1,3.925,4.639,2.420
least-connections-cache-off-warm0,110,1,13.6909,1.450,19.940,21.390,the,thus-spake-zarathustra-a-book-for-all-and-none,1,,server-2,1,2,1,2.086,4.639,2.420
least-connections-cache-off-warm0,110,1,13.7000,1.139,29.622,30.761,the,mansfield-park,1,,server-3,1,1,1,2.086,2.981,5.319
least-connections-cache-off-warm0,110,1,13.7091,1.291,24.488,25.780,king,dracula,1,,server-1,1,1,1,4.327,2.981,2.784
least-connections-cache-off-warm0,110,1,13.7182,1.436,22.010,23.446,letter,the-house-of-mirth,1,,server-2,1,1,1,2.284,5.052,2.784
least-connections-cache-off-warm0,110,1,13.7273,3.986,30.608,34.594,whale,the-romance-of-lust-a-classic-victorian-erotic-novel,1,,server-3,1,1,2,2.284,2.653,2.784
least-connections-cache-off-warm0,110,1,13.7364,1.335,19.105,20.440,money,the-odyssey,1,,server-1,1,1,1,5.342,2.653,3.660
least-connections-cache-off-warm0,110,1,13.7455,1.427,13.424,14.851,london,treasure-island,1,,server-2,1,1,1,2.794,5.173,3.660
least-connections-cache-off-warm0,110,1,13.7545,7.765,9.319,17.084,house,herland,1,,server-3,1,1,2,2.794,2.739,3.660
least-connections-cache-off-warm0,110,1,13.7636,1.419,19.022,20.442,sea,the-return-of-sherlock-holmes-108,1,,server-1,1,0,1,4.800,3.854,4.363
least-connections-cache-off-warm0,110,1,13.7727,1.276,27.724,29.000,was,the-mysterious-island,1,,server-2,1,1,0,2.520,3.854,4.234
least-connections-cache-off-warm0,110,1,13.7818,1.423,26.298,27.721,you,a-tale-of-two-cities,1,,server-3,1,1,1,2.520,2.053,4.234
least-connections-cache-off-warm0,110,1,13.7909,1.430,17.914,19.344,the,persuasion,1,,server-1,1,1,1,4.634,2.053,2.234
least-connections-cache-off-warm0,110,1,13.8000,2.314,11.987,14.301,castle,the-first-men-in-the-moon,1,,server-2,1,2,1,2.441,2.053,2.234
least-connections-cache-off-warm0,110,1,13.8091,1.450,14.631,16.082,horse,the-scarlet-letter,1,,server-3,1,1,2,2.441,3.093,6.975
least-connections-cache-off-warm0,110,1,13.8182,1.485,17.515,19.000,the,the-secret-adversary,1,,server-1,1,0,1,4.375,3.839,2.925
least-connections-cache-off-warm0,110,1,13.8273,1.380,15.167,16.547,whale,the-secret-garden,1,,server-2,1,1,0,2.333,3.839,4.167
least-connections-cache-off-warm0,110,1,13.8364,1.362,13.636,14.999,she,agnes-grey,1,,server-3,1,1,1,2.333,2.040,4.167
least-connections-cache-off-warm0,110,1,13.8455,1.650,23.624,25.273,death,the-iliad-2199,1,,server-1,1,0,1,4.203,3.684,2.192
least-connections-cache-off-warm0,110,1,13.8545,1.721,21.459,23.180,london,desperate-remedies,1,,server-2,1,1,0,2.218,3.684,3.535
least-connections-cache-off-warm0,110,1,13.8636,1.302,13.917,15.220,whale,desert-gold,1,,server-3,1,1,1,2.218,2.001,3.535
least-connections-cache-off-warm0,110,1,13.8727,1.472,23.273,24.746,castle,mansfield-park,1,,server-1,1,1,1,5.120,2.001,1.863
least-connections-cache-off-warm0,110,1,13.8818,1.672,18.027,19.698,he,the-age-of-innocence,1,,server-2,1,1,0,2.687,4.637,3.389
least-connections-cache-off-warm0,110,1,13.8909,1.448,29.776,31.224,night,jane-eyre-an-autobiography,1,,server-3,1,1,1,2.687,2.456,3.389
least-connections-cache-off-warm0,110,1,13.9000,1.531,24.427,25.959,and,life-on-the-mississippi,1,,server-1,1,1,1,5.390,2.456,1.799
least-connections-cache-off-warm0,110,1,13.9091,1.348,23.898,25.246,castle,the-jungle,1,,server-2,1,1,1,2.844,4.376,1.799
least-connections-cache-off-warm0,110,1,13.9182,4.640,31.828,36.468,house,north-and-south,1,,server-3,1,1,2,2.844,2.309,1.799
least-connections-cache-off-warm0,110,1,13.9273,1.636,14.198,15.834,of,kidnapped,1,,server-1,1,1,1,5.680,2.309,3.397
least-connections-cache-off-warm0,110,1,13.9364,1.533,23.582,25.115,whale,a-tale-of-two-cities,1,,server-2,1,1,1,2.977,5.240,3.397
least-connections-cache-off-warm0,110,1,13.9455,1.504,18.161,19.666,king,hard-times,1,,server-1,1,1,1,4.115,2.750,3.397
least-connections-cache-off-warm0,110,1,13.9545,7.208,32.042,39.250,castle,the-moonstone,1,,server-2,1,2,1,2.174,2.750,7.212
least-connections-cache-off-warm0,110,1,13.9636,1.338,14.941,16.280,and,northanger-abbey,1,,server-3,1,1,1,2.174,3.811,7.212
least-connections-cache-off-warm0,110,1,13.9727,1.627,17.988,19.615,he,walden-and-on-the-duty-of-civil-disobedience,1,,server-1,1,1,1,4.251,3.811,3.764
least-connections-cache-off-warm0,110,1,13.9818,1.427,17.918,19.345,he,the-return-of-sherlock-holmes,1,,server-3,1,1,1,2.247,3.811,4.740
least-connections-cache-off-warm0,110,1,13.9909,2.371,22.576,24.947,death,jude-the-obscure,1,,server-1,2,1,1,2.247,3.811,2.493
least-connections-cache-off-warm0,110,1,14.0000,1.632,12.951,14.583,was,the-war-of-the-worlds,1,,server-2,1,1,1,2.348,7.490,2.493
least-connections-cache-off-warm0,110,1,14.0091,1.537,10.402,11.939,of,black-beauty,1,,server-3,1,1,1,2.348,3.912,4.445
least-connections-cache-off-warm0,110,1,14.0182,1.267,14.877,16.145,the,desert-gold,1,,server-1,1,0,1,5.061,4.508,2.340
least-connections-cache-off-warm0,110,1,14.0273,1.931,28.815,30.746,money,far-from-the-madding-crowd,1,,server-2,1,1,0,2.657,4.508,3.120
least-connections-cache-off-warm0,110,1,14.0364,1.351,27.037,28.387,night,little-women,1,,server-3,0,1,1,4.046,2.424,3.120
least-connections-cache-off-warm0,110,1,14.0455,1.451,9.533,10.984,and,the-kama-sutra-of-vatsyayana,1,,server-1,1,1,1,4.046,2.424,1.676
least-connections-cache-off-warm0,110,1,14.0545,4.165,13.319,17.484,love,his-last-bow,1,,server-2,1,2,1,2.147,2.424,1.676
least-connections-cache-off-warm0,110,1,14.0636,1.603,24.705,26.308,horse,the-adventures-of-ferdinand-count-fathom-complete,1,,server-1,1,1,1,2.859,3.486,1.676
least-connections-cache-off-warm0,110,1,14.0727,1.685,19.790,21.474,she,the-portrait-of-a-lady-volume-1,1,,server-2,1,1,0,1.534,4.306,5.377
least-connections-cache-off-warm0,110,1,14.0818,1.610,16.666,18.277,death,the-works-of-edgar-allan-poe-volume-2,1,,server-3,1,1,1,1.534,2.268,5.377
least-connections-cache-off-warm0,110,1,14.0909,1.220,13.514,14.734,sea,meditations,1,,server-1,1,1,1,4.882,2.268,2.842
least-connections-cache-off-warm0,110,1,14.1000,1.270,10.597,11.867,he,the-great-gatsby,1,,server-2,1,1,1,2.565,4.575,4.445
least-connections-cache-off-warm0,110,1,14.1091,2.631,15.308,17.939,and,around-the-world-in-eighty-days,1,,server-3,0,1,1,3.749,2.409,4.445
least-connections-cache-off-warm0,110,1,14.1182,2.217,11.550,13.766,love,the-prince,1,,server-1,1,0,1,3.749,3.027,2.356
least-connections-cache-off-warm0,110,1,14.1273,1.840,30.798,32.637,love,the-iliad-2199,1,,server-2,1,1,1,2.057,3.027,3.919
least-connections-cache-off-warm0,110,1,14.1364,1.559,17.100,18.659,love,the-scarlet-letter,1,,server-3,0,1,1,3.076,1.634,3.919
least-connections-cache-off-warm0,110,1,14.1455,2.495,24.290,26.785,castle,the-tenant-of-wildfell-hall,1,,server-1,1,1,1,3.076,1.634,2.101
least-connections-cache-off-warm0,110,1,14.1545,5.928,28.923,34.850,night,jane-eyre-an-autobiography,1,,server-2,1,2,1,1.653,1.634,4.995
least-connections-cache-off-warm0,110,1,14.1636,1.853,12.245,14.098,night,the-picture-of-dorian-gray,1,,server-3,1,1,1,1.653,3.553,4.017
least-connections-cache-off-warm0,110,1,14.1727,1.511,18.491,20.001,castle,the-odyssey,1,,server-1,1,1,1,4.886,3.553,2.217
least-connections-cache-off-warm0,110,1,14.1818,1.293,20.594,21.887,london,a-tale-of-two-cities,1,,server-3,1,1,1,2.568,3.553,3.295
least-connections-cache-off-warm0,110,1,14.1909,1.680,23.591,25.271,of,the-iliad-2199,1,,server-2,1,1,1,2.568,6.843,1.753
least-connections-cache-off-warm0,110,1,14.2000,1.341,20.845,22.186,was,far-from-the-madding-crowd,1,,server-1,1,1,1,4.561,3.599,1.753
least-connections-cache-off-warm0,110,1,14.2091,1.300,14.047,15.348,night,the-picture-of-dorian-gray,1,,server-3,1,1,1,2.403,3.599,4.377
least-connections-cache-off-warm0,110,1,14.2182,1.202,22.921,24.122,of,the-last-of-the-mohicans-a-narrative-of-1757,1,,server-2,1,1,1,2.403,6.046,2.305
least-connections-cache-off-warm0,110,1,14.2273,1.489,10.078,11.567,heart,poirot-investigates,1,,server-3,0,1,1,4.852,3.162,3.694
least-connections-cache-off-warm0,110,1,14.2364,1.493,13.066,14.559,letter,agnes-grey,1,,server-1,1,1,1,4.852,3.162,1.982
least-connections-cache-off-warm0,110,1,14.2455,1.437,9.499,10.936,house,the-kama-sutra-of-vatsyayana,1,,server-2,1,1,0,2.555,5.640,2.850
least-connections-cache-off-warm0,110,1,14.2545,1.153,26.178,27.331,and,autobiography-of-benjamin-franklin,1,,server-3,0,1,1,3.684,2.987,2.850
least-connections-cache-off-warm0,110,1,14.2636,2.461,24.174,26.636,whale,twenty-thousand-leagues-under-the-sea,1,,server-1,1,0,1,3.684,3.378,1.527
least-connections-cache-off-warm0,110,1,14.2727,2.758,13.768,16.526,whale,the-jungle-book,1,,server-2,1,1,1,2.060,3.378,1.527
least-connections-cache-off-warm0,110,1,14.2818,1.696,28.578,30.274,death,the-mysterious-island,1,,server-3,1,1,2,2.060,1.879,6.364
least-connections-cache-off-warm0,110,1,14.2909,1.258,15.782,17.041,was,the-picture-of-dorian-gray,1,,server-1,1,0,1,5.097,3.288,2.711
least-connections-cache-off-warm0,110,1,14.3000,1.737,16.171,17.908,love,the-house-of-the-seven-gables,1,,server-2,1,1,1,2.682,3.288,2.711
least-connections-cache-off-warm0,110,1,14.3091,1.738,19.733,21.471,london,the-portrait-of-a-lady-volume-1,1,,server-1,1,1,1,4.198,1.771,2.711
least-connections-cache-off-warm0,110,1,14.3182,1.904,18.304,20.209,heart,a-journey-to-the-centre-of-the-earth,1,,server-3,1,1,1,2.256,3.695,6.259
least-connections-cache-off-warm0,110,1,14.3273,1.348,30.617,31.965,whale,north-and-south,1,,server-2,1,1,1,2.256,3.695,3.272
least-connections-cache-off-warm0,110,1,14.3364,1.877,36.118,37.996,night,villette,1,,server-1,1,1,1,4.535,1.954,3.272
least-connections-cache-off-warm0,110,1,14.3455,1.442,12.652,14.094,king,kidnapped,1,,server-3,1,1,1,2.420,1.954,4.965
least-connections-cache-off-warm0,110,1,14.3545,20.582,19.393,39.975,whale,the-adventures-of-sherlock-holmes,1,,server-1,2,1,1,2.420,1.954,2.628
least-connections-cache-off-warm0,110,1,14.3636,1.530,12.512,14.042,london,the-secret-adversary,1,,server-2,2,1,0,2.420,6.096,3.640
least-connections-cache-off-warm0,110,1,14.3727,1.328,15.740,17.068,london,myths-and-legends-of-ancient-greece-and-rome,1,,server-3,2,1,1,2.420,3.201,3.640
least-connections-cache-off-warm0,110,1,14.3818,1.908,22.372,24.280,horse,the-return-of-sherlock-holmes-108,1,,server-2,1,1,1,5.830,4.026,1.937
least-connections-cache-off-warm0,110,1,14.3909,1.586,22.342,23.928,sea,jude-the-obscure,1,,server-3,1,1,1,5.830,2.142,3.713
least-connections-cache-off-warm0,110,1,14.4000,1.554,22.786,24.340,heart,desperate-remedies,1,,server-1,1,1,1,6.804,2.142,1.964
least-connections-cache-off-warm0,110,1,14.4091,1.501,27.883,29.384,was,mansfield-park,1,,server-2,1,1,1,3.554,4.906,1.964
least-connections-cache-off-warm0,110,1,14.4182,1.398,24.874,26.272,love,dracula,1,,server-3,1,1,1,3.554,2.583,4.784
least-connections-cache-off-warm0,110,1,14.4273,1.518,26.295,27.813,king,far-from-the-madding-crowd,1,,server-1,1,1,1,5.880,2.583,2.512
least-connections-cache-off-warm0,110,1,14.4364,2.562,25.503,28.065,of,the-jungle,1,,server-2,1,2,1,3.077,2.583,2.512
least-connections-cache-off-warm0,110,1,14.4455,1.767,25.908,27.675,horse,the-adventures-of-ferdinand-count-fathom-complete,1,,server-3,1,1,1,3.077,3.296,5.529
least-connections-cache-off-warm0,110,1,14.4545,1.723,13.012,14.735,house,frankenstein-or-the-modern-prometheus,1,,server-1,2,1,1,7.633,3.296,2.918
least-connections-cache-off-warm0,110,1,14.4636,2.221,15.531,17.752,of,white-fang,1,,server-2,1,2,1,3.195,3.296,2.918
least-connections-cache-off-warm0,110,1,14.4727,1.324,17.019,18.343,the,the-adventures-of-sherlock-holmes,1,,server-1,1,1,1,4.081,3.269,7.451
least-connections-cache-off-warm0,110,1,14.4818,1.263,26.616,27.879,she,dracula,1,,server-2,1,1,0,2.142,4.539,5.978
least-connections-cache-off-warm0,110,1,14.4909,1.556,12.450,14.006,money,silas-marner,1,,server-3,1,1,1,4.052,2.393,5.978
least-connections-cache-off-warm0,110,1,14.5000,1.295,14.247,15.542,was,the-secret-garden,1,,server-1,1,1,1,4.052,2.393,3.147
least-connections-cache-off-warm0,110,1,14.5091,1.657,11.077,12.733,was,beyond-good-and-evil,1,,server-3,1,1,1,2.145,2.393,3.976
least-connections-cache-off-warm0,110,1,14.5182,1.323,24.686,26.009,sea,anne-of-green-gables,1,,server-1,1,0,1,3.620,5.757,2.101
least-connections-cache-off-warm0,110,1,14.5273,1.768,17.605,19.373,night,silas-marner,1,,server-2,1,1,0,1.939,5.757,3.070
least-connections-cache-off-warm0,110,1,14.5364,2.206,19.803,22.009,death,the-last-of-the-mohicans-a-narrative-of-1757-27681,1,,server-3,1,1,1,1.939,3.057,3.070
least-connections-cache-off-warm0,110,1,14.5455,1.482,10.319,11.801,king,the-wind-in-the-willows,1,,server-1,1,1,1,5.157,3.057,1.654
least-connections-cache-off-warm0,110,1,14.5545,1.287,15.365,16.652,she,desert-gold,1,,server-2,1,1,1,2.710,4.667,1.654
least-connections-cache-off-warm0,110,1,14.5636,1.280,13.328,14.608,heart,agnes-grey,1,,server-3,0,1,1,3.330,2.460,4.162
least-connections-cache-off-warm0,110,1,14.5727,1.335,16.197,17.532,heart,the-jungle-book,1,,server-1,1,0,1,3.330,3.983,2.203
least-connections-cache-off-warm0,110,1,14.5818,2.423,23.542,25.965,heart,the-divine-comedy,1,,server-2,1,1,0,1.777,3.983,3.511
least-connections-cache-off-warm0,110,1,14.5909,1.486,24.617,26.103,was,the-song-of-the-lark,1,,server-3,0,1,1,3.696,2.150,3.511
least-connections-cache-off-warm0,110,1,14.6000,1.710,19.636,21.346,night,the-last-of-the-mohicans-a-narrative-of-1757-27681,1,,server-1,1,1,1,3.696,2.150,1.862
least-connections-cache-off-warm0,110,1,14.6091,1.770,16.101,17.870,night,the-works-of-edgar-allan-poe-volume-2,1,,server-2,1,1,1,1.979,5.063,1.862
least-connections-cache-off-warm0,110,1,14.6182,1.569,18.274,19.843,she,the-divine-comedy,1,,server-3,1,1,1,1.979,2.691,5.070
least-connections-cache-off-warm0,110,1,14.6273,1.541,25.504,27.046,letter,the-tenant-of-wildfell-hall,1,,server-1,1,0,1,4.353,4.265,2.647
least-connections-cache-off-warm0,110,1,14.6364,1.684,17.782,19.467,he,the-age-of-innocence,1,,server-2,1,1,1,2.320,4.265,2.647
least-connections-cache-off-warm0,110,1,14.6455,1.515,10.864,12.379,house,herland,1,,server-3,1,1,1,2.320,2.260,4.587
least-connections-cache-off-warm0,110,1,14.6545,1.333,26.496,27.829,letter,north-and-south,1,,server-1,1,1,1,5.503,2.260,2.418
least-connections-cache-off-warm0,110,1,14.6636,2.225,33.900,36.125,king,villette,1,,server-2,1,1,0,2.885,4.239,3.247
least-connections-cache-off-warm0,110,1,14.6727,1.566,21.350,22.916,whale,the-american,1,,server-3,1,1,1,2.885,2.245,3.247
least-connections-cache-off-warm0,110,1,14.6818,2.148,12.294,14.441,the,the-king-in-yellow,1,,server-1,2,1,1,7.515,2.245,1.732
least-connections-cache-off-warm0,110,1,14.6909,9.465,17.950,27.415,london,the-scarlet-letter-33,1,,server-2,1,2,1,3.215,2.245,1.732
least-connections-cache-off-warm0,110,1,14.7000,1.347,12.604,13.951,night,autobiography-of-benjamin-franklin,1,,server-3,0,1,1,3.957,5.446,4.485
least-connections-cache-off-warm0,110,1,14.7091,1.259,21.307,22.566,king,the-mystery-of-edwin-drood,1,,server-1,1,1,1,3.957,4.371,2.362
least-connections-cache-off-warm0,110,1,14.7182,1.314,12.283,13.596,horse,cranford,1,,server-3,1,1,1,2.099,5.638,3.512
least-connections-cache-off-warm0,110,1,14.7273,1.315,17.400,18.715,the,the-house-of-the-seven-gables,1,,server-2,1,1,1,2.099,5.638,1.852
least-connections-cache-off-warm0,110,1,14.7364,1.340,25.240,26.580,night,the-odyssey,1,,server-3,0,1,1,4.720,2.951,3.097
least-connections-cache-off-warm0,110,1,14.7455,1.592,14.602,16.193,you,frankenstein-or-the-modern-prometheus-41445,1,,server-1,1,1,1,4.720,5.769,1.663
least-connections-cache-off-warm0,110,1,14.7545,1.905,11.346,13.250,whale,around-the-world-in-eighty-days,1,,server-2,1,1,1,2.487,4.648,1.663
least-connections-cache-off-warm0,110,1,14.7636,1.269,31.466,32.735,horse,great-expectations,1,,server-3,0,1,1,3.865,2.479,5.061
least-connections-cache-off-warm0,110,1,14.7727,2.163,20.715,22.879,the,the-age-of-innocence,1,,server-1,1,0,1,3.865,3.348,2.679
least-connections-cache-off-warm0,110,1,14.7818,1.239,18.535,19.774,whale,thus-spake-zarathustra-a-book-for-all-and-none,1,,server-2,1,1,1,2.083,3.348,2.679
least-connections-cache-off-warm0,110,1,14.7909,6.191,9.160,15.351,castle,the-kama-sutra-of-vatsyayana,1,,server-3,1,1,2,2.083,1.788,2.679
least-connections-cache-off-warm0,110,1,14.8000,1.954,15.114,17.067,death,grimms-fairy-tales,1,,server-1,1,1,1,4.563,1.788,4.118
least-connections-cache-off-warm0,110,1,14.8091,1.079,16.339,17.418,heart,the-return-of-sherlock-holmes,1,,server-2,1,1,0,2.428,4.067,4.071
least-connections-cache-off-warm0,110,1,14.8182,1.653,23.748,25.401,death,the-last-of-the-mohicans-a-narrative-of-1757,1,,server-3,0,1,1,3.902,2.143,4.071
least-connections-cache-off-warm0,110,1,14.8273,1.585,14.550,16.134,she,memoirs-of-fanny-hill,1,,server-1,1,0,1,3.902,3.943,2.176
least-connections-cache-off-warm0,110,1,14.8364,1.358,12.642,14.000,money,agnes-grey,1,,server-2,1,1,1,2.099,3.943,2.176
least-connections-cache-off-warm0,110,1,14.8455,1.434,16.083,17.517,she,the-hound-of-the-baskervilles,1,,server-3,0,1,1,3.643,2.082,5.153
least-connections-cache-off-warm0,110,1,14.8545,1.411,23.560,24.971,she,anne-of-green-gables,1,,server-1,1,0,1,3.643,3.296,2.713
least-connections-cache-off-warm0,110,1,14.8636,1.595,12.101,13.696,heart,the-hound-of-the-baskervilles-3070,1,,server-2,1,1,0,1.965,3.296,4.266
least-connections-cache-off-warm0,110,1,14.8727,2.263,30.420,32.683,money,the-iliad,1,,server-3,1,1,1,1.965,1.776,4.266
least-connections-cache-off-warm0,110,1,14.8818,1.220,14.120,15.341,heart,memoirs-of-fanny-hill,1,,server-1,1,0,1,4.977,3.034,2.312
least-connections-cache-off-warm0,110,1,14.8909,1.281,15.416,16.697,house,the-adventures-of-sherlock-holmes,1,,server-2,1,1,1,2.607,3.034,2.312
least-connections-cache-off-warm0,110,1,14.9000,1.177,17.549,18.727,love,the-memoirs-of-sherlock-holmes,1,,server-1,1,1,1,3.870,1.622,2.312
least-connections-cache-off-warm0,110,1,14.9091,1.418,12.656,14.074,horse,meditations,1,,server-2,1,1,0,2.050,3.489,6.246
least-connections-cache-off-warm0,110,1,14.9182,1.522,15.819,17.341,king,the-lost-world,1,,server-3,1,1,1,2.050,1.891,6.246
least-connections-cache-off-warm0,110,1,14.9273,1.440,32.567,34.007,heart,tess-of-the-d-urbervilles-a-pure-woman,1,,server-1,1,0,1,4.091,3.179,3.280
least-connections-cache-off-warm0,110,1,14.9364,1.737,36.228,37.965,castle,the-iliad,1,,server-2,1,1,0,2.200,3.179,4.595
least-connections-cache-off-warm0,110,1,14.9455,3.816,30.685,34.502,sea,the-iliad,1,,server-3,1,1,1,2.200,1.731,4.595
least-connections-cache-off-warm0,110,1,14.9545,6.922,19.082,26.004,she,adventures-of-huckleberry-finn,1,,server-1,2,1,1,2.200,1.731,2.504
least-connections-cache-off-warm0,110,1,14.9636,11.093,11.973,23.066,death,northanger-abbey,1,,server-2,1,2,1,4.544,1.731,2.504
least-connections-cache-off-warm0,110,1,14.9727,8.144,12.472,20.616,horse,memoirs-of-fanny-hill,1,,server-3,1,2,2,4.544,1.731,2.504
least-connections-cache-off-warm0,110,1,14.9818,1.298,39.226,40.524,love,villette,1,,server-1,1,1,1,5.892,4.592,4.076
least-connections-cache-off-warm0,110,1,14.9909,1.438,27.752,29.191,was,jude-the-obscure,1,,server-2,1,1,1,3.086,4.817,4.076
