label,rate,run,t_s,conn_ms,rpc_ms,total_ms,keyword,reference,ok,error_type,selected_server,server_1_connections,server_2_connections,server_3_connections,server_1_response_ewma_ms,server_2_response_ewma_ms,server_3_response_ewma_ms
least-response-time-cache-off-warm0,130,2,0.0000,41.075,119.442,160.517,he,the-vicomte-de-bragelonne,1,,server-1,1,0,0,,,
least-response-time-cache-off-warm0,130,2,0.0077,34.459,80.476,114.934,king,desperate-remedies,1,,server-2,1,1,0,,,
least-response-time-cache-off-warm0,130,2,0.0154,26.048,57.520,83.568,death,dracula,1,,server-3,1,1,1,,,
least-response-time-cache-off-warm0,130,2,0.0231,18.640,70.147,88.787,of,the-lost-world,1,,server-1,2,1,1,,,
least-response-time-cache-off-warm0,130,2,0.0308,10.410,50.439,60.848,house,the-house-of-the-seven-gables,1,,server-2,2,2,1,,,
least-response-time-cache-off-warm0,130,2,0.0385,6.668,56.257,62.925,castle,the-portrait-of-a-lady-volume-1,1,,server-1,3,2,1,0.542,0.743,0.690
least-response-time-cache-off-warm0,130,2,0.0462,8.094,74.411,82.505,king,myths-and-legends-of-ancient-greece-and-rome,1,,server-1,4,2,1,0.612,0.763,0.792
least-response-time-cache-off-warm0,130,2,0.0538,4.809,41.266,46.075,heart,the-mysterious-affair-at-styles,1,,server-2,4,3,1,1.307,0.763,0.792
least-response-time-cache-off-warm0,130,2,0.0615,4.754,47.471,52.224,king,the-scarlet-letter-33,1,,server-3,4,3,2,1.369,0.997,0.792
least-response-time-cache-off-warm0,130,2,0.0692,32.259,29.893,62.153,death,the-warden,1,,server-3,4,3,3,1.369,0.997,0.703
least-response-time-cache-off-warm0,130,2,0.0769,25.331,42.384,67.715,and,meditations,1,,server-3,4,3,4,1.369,0.997,0.703
least-response-time-cache-off-warm0,130,2,0.0846,17.289,59.763,77.052,king,persuasion,1,,server-3,4,3,5,1.369,0.997,0.703
least-response-time-cache-off-warm0,130,2,0.0923,9.743,200.390,210.134,the,jude-the-obscure,1,,server-3,4,3,6,1.369,10.525,0.703
least-response-time-cache-off-warm0,130,2,0.1000,11.062,70.914,81.976,castle,the-jungle,1,,server-1,5,3,6,1.369,9.951,13.096
least-response-time-cache-off-warm0,130,2,0.1077,8.019,57.464,65.483,horse,dubliners,1,,server-3,5,2,6,8.143,15.511,5.423
least-response-time-cache-off-warm0,130,2,0.1154,15.392,129.258,144.650,heart,the-innocents-abroad,1,,server-3,5,2,6,16.417,15.511,7.815
least-response-time-cache-off-warm0,130,2,0.1231,8.295,65.080,73.375,she,madame-bovary,1,,server-3,5,0,7,16.417,23.086,5.806
least-response-time-cache-off-warm0,130,2,0.1308,13.757,78.203,91.960,death,leaves-of-grass,1,,server-3,2,0,8,20.272,23.086,6.861
least-response-time-cache-off-warm0,130,2,0.1385,7.691,239.610,247.300,he,the-romance-of-lust-a-classic-victorian-erotic-novel,1,,server-3,2,0,8,20.272,23.086,4.553
least-response-time-cache-off-warm0,130,2,0.1462,28.134,230.813,258.946,was,thus-spake-zarathustra-a-book-for-all-and-none,1,,server-3,2,0,9,20.272,23.086,5.577
least-response-time-cache-off-warm0,130,2,0.1538,20.762,103.127,123.889,money,the-memoirs-of-sherlock-holmes,1,,server-3,2,0,10,20.272,23.086,5.577
least-response-time-cache-off-warm0,130,2,0.1615,14.686,228.832,243.517,heart,the-kama-sutra-of-vatsyayana,1,,server-3,1,0,11,31.841,23.086,14.064
least-response-time-cache-off-warm0,130,2,0.1692,27.424,187.516,214.940,death,around-the-world-in-eighty-days,1,,server-3,1,0,11,31.841,23.086,11.595
least-response-time-cache-off-warm0,130,2,0.1769,86.157,135.393,221.550,horse,desperate-remedies,1,,server-3,1,0,10,31.841,23.086,7.035
least-response-time-cache-off-warm0,130,2,0.1846,118.183,193.463,311.646,death,jane-eyre-an-autobiography,1,,server-3,0,0,11,31.499,23.086,7.035
least-response-time-cache-off-warm0,130,2,0.1923,161.390,78.241,239.631,heart,the-portrait-of-a-lady-volume-1,1,,server-3,0,0,12,31.499,23.086,7.035
least-response-time-cache-off-warm0,130,2,0.2000,186.043,87.891,273.933,night,desperate-remedies,1,,server-3,0,0,13,31.499,23.086,18.069
least-response-time-cache-off-warm0,130,2,0.2077,191.052,42.986,234.039,sea,autobiography-of-benjamin-franklin,1,,server-3,0,0,14,31.499,23.086,18.069
least-response-time-cache-off-warm0,130,2,0.2154,187.926,98.946,286.872,horse,the-kama-sutra-of-vatsyayana,1,,server-3,0,0,15,31.499,23.086,18.069
least-response-time-cache-off-warm0,130,2,0.2231,1.318,22.957,24.275,was,autobiography-of-benjamin-franklin,1,,server-2,0,1,15,31.499,23.086,30.672
least-response-time-cache-off-warm0,130,2,0.2308,17.309,61.079,78.387,he,the-picture-of-dorian-gray,1,,server-2,0,2,14,31.499,11.895,25.848
least-response-time-cache-off-warm0,130,2,0.2385,9.307,29.384,38.690,sea,a-connecticut-yankee-in-king-arthur-s-court,1,,server-2,0,3,14,31.499,11.895,25.848
least-response-time-cache-off-warm0,130,2,0.2462,1.728,12.106,13.834,was,black-beauty,1,,server-2,0,4,14,31.499,11.895,25.848
least-response-time-cache-off-warm0,130,2,0.2538,23.332,19.603,42.934,horse,the-return-of-sherlock-holmes,1,,server-2,0,4,14,31.499,2.425,25.848
least-response-time-cache-off-warm0,130,2,0.2615,16.518,78.072,94.591,castle,walden-and-on-the-duty-of-civil-disobedience,1,,server-2,0,5,14,31.499,3.598,53.566
least-response-time-cache-off-warm0,130,2,0.2692,9.075,144.004,153.079,love,the-mysterious-island,1,,server-2,0,6,12,31.499,3.598,33.153
least-response-time-cache-off-warm0,130,2,0.2769,1.747,42.073,43.820,house,white-fang,1,,server-2,0,6,12,31.499,10.171,33.153
least-response-time-cache-off-warm0,130,2,0.2846,25.190,44.120,69.310,letter,frankenstein-or-the-modern-prometheus,1,,server-2,0,6,12,31.499,1.830,46.870
least-response-time-cache-off-warm0,130,2,0.2923,28.354,54.682,83.036,the,madame-bovary,1,,server-2,0,7,12,31.499,1.830,46.870
least-response-time-cache-off-warm0,130,2,0.3000,23.548,128.750,152.298,sea,the-portrait-of-a-lady-volume-1,1,,server-2,0,8,11,31.499,4.224,56.025
least-response-time-cache-off-warm0,130,2,0.3077,46.978,101.219,148.196,letter,the-works-of-edgar-allan-poe-volume-2,1,,server-2,0,9,11,31.499,7.738,66.600
least-response-time-cache-off-warm0,130,2,0.3154,41.404,261.516,302.920,and,madame-bovary,1,,server-2,0,9,11,31.499,11.907,66.600
least-response-time-cache-off-warm0,130,2,0.3231,49.205,107.809,157.015,was,jude-the-obscure,1,,server-2,0,8,11,31.499,12.744,66.600
least-response-time-cache-off-warm0,130,2,0.3308,46.079,126.830,172.909,letter,the-first-men-in-the-moon,1,,server-2,0,9,11,31.499,10.443,62.874
least-response-time-cache-off-warm0,130,2,0.3385,47.694,183.173,230.867,whale,the-innocents-abroad,1,,server-2,0,10,11,31.499,15.976,54.541
least-response-time-cache-off-warm0,130,2,0.3462,31.579,116.532,148.111,king,black-beauty,1,,server-2,0,11,11,31.499,19.456,54.541
least-response-time-cache-off-warm0,130,2,0.3538,102.240,216.434,318.674,the,the-vicomte-de-bragelonne,1,,server-2,0,12,11,31.499,19.456,54.541
least-response-time-cache-off-warm0,130,2,0.3615,95.682,70.356,166.039,you,emma,1,,server-2,0,12,11,31.499,17.747,54.541
least-response-time-cache-off-warm0,130,2,0.3692,112.162,88.871,201.033,letter,washington-square,1,,server-2,0,13,11,31.499,17.747,54.541
least-response-time-cache-off-warm0,130,2,0.3769,105.410,112.250,217.659,the,the-kama-sutra-of-vatsyayana,1,,server-2,0,12,11,31.499,16.630,54.541
least-response-time-cache-off-warm0,130,2,0.3846,119.289,120.228,239.516,london,the-tenant-of-wildfell-hall,1,,server-2,0,13,11,31.499,13.474,79.091
least-response-time-cache-off-warm0,130,2,0.3923,169.344,106.541,275.885,horse,the-mystery-of-edwin-drood,1,,server-2,0,14,9,31.499,11.992,99.088
least-response-time-cache-off-warm0,130,2,0.4000,160.315,149.824,310.138,she,the-divine-comedy,1,,server-2,0,15,9,31.499,11.992,59.490
least-response-time-cache-off-warm0,130,2,0.4077,167.703,132.193,299.896,heart,the-memoirs-of-sherlock-holmes,1,,server-2,0,16,7,31.499,11.992,66.647
least-response-time-cache-off-warm0,130,2,0.4154,209.899,81.528,291.427,king,frankenstein-or-the-modern-prometheus,1,,server-2,0,17,5,31.499,11.992,54.282
least-response-time-cache-off-warm0,130,2,0.4231,2.087,17.891,19.978,money,the-mystery-of-edwin-drood,1,,server-1,1,17,5,31.499,49.498,54.282
least-response-time-cache-off-warm0,130,2,0.4308,13.073,14.199,27.272,castle,the-secret-garden-17396,1,,server-1,2,17,5,16.225,49.498,54.282
least-response-time-cache-off-warm0,130,2,0.4385,5.680,30.078,35.757,horse,wuthering-heights,1,,server-1,3,17,5,16.225,49.498,52.913
least-response-time-cache-off-warm0,130,2,0.4462,27.947,13.565,41.513,house,treasure-island,1,,server-1,3,17,5,4.508,49.498,42.919
least-response-time-cache-off-warm0,130,2,0.4538,20.566,70.617,91.183,money,the-jungle-book,1,,server-1,4,17,5,4.508,61.804,42.919
least-response-time-cache-off-warm0,130,2,0.4615,13.360,58.461,71.822,london,dracula,1,,server-1,4,15,5,6.048,30.299,42.919
least-response-time-cache-off-warm0,130,2,0.4692,5.929,62.854,68.783,castle,the-tenant-of-wildfell-hall,1,,server-1,5,15,5,6.048,30.299,42.919
least-response-time-cache-off-warm0,130,2,0.4769,67.442,28.269,95.711,night,the-picture-of-dorian-gray,1,,server-1,5,15,4,2.935,30.299,49.858
least-response-time-cache-off-warm0,130,2,0.4846,49.126,24.511,73.637,night,autobiography-of-benjamin-franklin,1,,server-1,6,14,4,2.935,36.129,49.858
least-response-time-cache-off-warm0,130,2,0.4923,54.427,60.270,114.697,money,the-works-of-edgar-allan-poe-volume-2,1,,server-1,7,14,4,4.071,30.588,43.592
least-response-time-cache-off-warm0,130,2,0.5000,47.859,61.972,109.831,london,persuasion,1,,server-1,8,13,2,4.071,39.344,68.942
least-response-time-cache-off-warm0,130,2,0.5077,51.595,77.089,128.684,death,the-scarlet-letter-33,1,,server-1,9,12,0,4.071,36.602,51.024
least-response-time-cache-off-warm0,130,2,0.5154,57.545,44.826,102.371,heart,black-beauty,1,,server-1,9,12,0,9.506,36.602,51.024
least-response-time-cache-off-warm0,130,2,0.5231,50.708,83.678,134.386,whale,the-picture-of-dorian-gray,1,,server-1,10,12,0,9.506,36.602,51.024
least-response-time-cache-off-warm0,130,2,0.5308,62.375,89.731,152.107,whale,emma,1,,server-1,11,11,0,16.655,53.885,51.024
least-response-time-cache-off-warm0,130,2,0.5385,55.660,86.104,141.764,of,the-picture-of-dorian-gray,1,,server-1,12,11,0,28.733,53.885,51.024
least-response-time-cache-off-warm0,130,2,0.5462,72.836,103.664,176.500,horse,wuthering-heights,1,,server-1,11,11,0,27.708,53.885,51.024
least-response-time-cache-off-warm0,130,2,0.5538,68.283,129.172,197.454,house,the-adventures-of-tom-sawyer-complete,1,,server-1,11,11,0,22.451,53.885,51.024
least-response-time-cache-off-warm0,130,2,0.5615,60.281,118.428,178.709,and,wuthering-heights,1,,server-1,11,10,0,15.495,48.572,51.024
least-response-time-cache-off-warm0,130,2,0.5692,109.722,93.183,202.905,the,the-odyssey,1,,server-1,12,10,0,15.495,86.685,51.024
least-response-time-cache-off-warm0,130,2,0.5769,104.517,39.141,143.657,of,the-return-of-sherlock-holmes-108,1,,server-1,13,10,0,16.264,39.544,51.024
least-response-time-cache-off-warm0,130,2,0.5846,167.156,78.022,245.178,love,desperate-remedies,1,,server-1,14,10,0,16.264,39.544,51.024
least-response-time-cache-off-warm0,130,2,0.5923,131.337,58.459,189.796,he,silas-marner,1,,server-1,15,10,0,24.135,39.544,51.024
least-response-time-cache-off-warm0,130,2,0.6000,123.453,109.770,233.224,she,leaves-of-grass,1,,server-1,15,8,0,15.373,46.894,51.024
least-response-time-cache-off-warm0,130,2,0.6077,158.922,124.083,283.005,whale,the-return-of-sherlock-holmes,1,,server-1,16,8,0,17.947,46.894,51.024
least-response-time-cache-off-warm0,130,2,0.6154,155.883,59.665,215.548,sea,the-prince,1,,server-1,16,8,0,24.897,46.894,51.024
least-response-time-cache-off-warm0,130,2,0.6231,162.217,119.906,282.123,night,treasure-island,1,,server-1,15,8,0,20.710,71.172,51.024
least-response-time-cache-off-warm0,130,2,0.6308,169.501,77.693,247.194,letter,villette,1,,server-1,16,5,0,20.710,42.998,51.024
least-response-time-cache-off-warm0,130,2,0.6385,197.234,56.341,253.575,king,the-secret-garden,1,,server-1,17,5,0,20.803,42.998,51.024
least-response-time-cache-off-warm0,130,2,0.6462,190.634,85.951,276.586,horse,the-divine-comedy,1,,server-1,18,5,0,20.803,42.998,51.024
least-response-time-cache-off-warm0,130,2,0.6538,225.836,88.674,314.510,you,emma,1,,server-1,19,5,0,20.803,42.998,51.024
least-response-time-cache-off-warm0,130,2,0.6615,11.445,45.768,57.213,night,the-jungle-book,1,,server-2,19,6,0,48.062,42.998,51.024
least-response-time-cache-off-warm0,130,2,0.6692,36.275,25.653,61.928,love,northanger-abbey,1,,server-2,19,7,0,48.062,35.909,51.024
least-response-time-cache-off-warm0,130,2,0.6769,201.261,86.822,288.083,horse,anne-of-green-gables,1,,server-1,20,6,0,48.062,58.167,51.024
least-response-time-cache-off-warm0,130,2,0.6846,195.323,124.385,319.708,house,the-wind-in-the-willows,1,,server-1,18,6,0,21.574,58.167,51.024
least-response-time-cache-off-warm0,130,2,0.6923,230.796,63.797,294.593,death,the-portrait-of-a-lady-volume-1,1,,server-1,18,6,0,21.574,49.665,51.024
least-response-time-cache-off-warm0,130,2,0.7000,220.191,76.775,296.966,house,frankenstein-or-the-modern-prometheus,1,,server-1,19,6,0,21.574,40.371,51.024
least-response-time-cache-off-warm0,130,2,0.7077,4.120,31.850,35.970,love,treasure-island,1,,server-2,19,6,0,54.505,43.158,51.024
least-response-time-cache-off-warm0,130,2,0.7154,4.964,37.176,42.140,death,white-fang,1,,server-2,19,4,0,54.505,21.767,51.024
least-response-time-cache-off-warm0,130,2,0.7231,9.933,40.920,50.853,night,meditations,1,,server-2,19,4,0,58.389,8.314,51.024
least-response-time-cache-off-warm0,130,2,0.7308,13.317,48.102,61.419,death,walden-and-on-the-duty-of-civil-disobedience,1,,server-2,19,5,0,50.735,10.518,51.024
least-response-time-cache-off-warm0,130,2,0.7385,20.506,65.815,86.321,he,the-portrait-of-a-lady-volume-1,1,,server-2,19,5,0,56.303,6.905,51.024
least-response-time-cache-off-warm0,130,2,0.7462,26.864,49.641,76.505,castle,the-divine-comedy,1,,server-2,19,5,0,65.796,6.131,51.024
least-response-time-cache-off-warm0,130,2,0.7538,21.324,116.355,137.679,you,the-warden,1,,server-2,16,6,0,46.996,6.131,51.024
least-response-time-cache-off-warm0,130,2,0.7615,31.737,75.243,106.981,sea,walden-and-on-the-duty-of-civil-disobedience,1,,server-2,16,6,0,46.996,7.251,51.024
least-response-time-cache-off-warm0,130,2,0.7692,51.586,50.609,102.196,castle,the-portrait-of-a-lady-volume-1,1,,server-2,15,7,0,57.027,7.251,51.024
least-response-time-cache-off-warm0,130,2,0.7769,30.073,85.809,115.882,whale,a-princess-of-mars,1,,server-2,15,7,0,43.874,10.244,51.024
least-response-time-cache-off-warm0,130,2,0.7846,40.303,231.925,272.227,the,the-iliad,1,,server-2,13,8,0,62.915,10.244,51.024
least-response-time-cache-off-warm0,130,2,0.7923,33.695,46.202,79.897,horse,the-great-gatsby,1,,server-2,13,9,0,50.859,20.532,51.024
least-response-time-cache-off-warm0,130,2,0.8000,26.216,114.674,140.890,she,the-mystery-of-edwin-drood,1,,server-2,13,10,0,43.774,17.735,51.024
least-response-time-cache-off-warm0,130,2,0.8077,84.131,18.413,102.544,king,persuasion,1,,server-2,13,11,0,43.774,16.310,51.024
least-response-time-cache-off-warm0,130,2,0.8154,77.741,80.585,158.326,sea,the-picture-of-dorian-gray,1,,server-2,13,12,0,43.774,16.310,51.024
least-response-time-cache-off-warm0,130,2,0.8231,71.476,123.276,194.752,money,his-last-bow,1,,server-2,13,12,0,39.098,30.795,51.024
least-response-time-cache-off-warm0,130,2,0.8308,64.803,28.355,93.159,was,meditations,1,,server-2,12,11,0,39.808,7.475,51.024
least-response-time-cache-off-warm0,130,2,0.8385,58.339,103.177,161.516,money,little-women,1,,server-2,10,12,0,95.053,7.475,51.024
least-response-time-cache-off-warm0,130,2,0.8462,50.972,99.758,150.730,horse,the-jungle-book,1,,server-2,10,13,0,95.053,7.475,51.024
least-response-time-cache-off-warm0,130,2,0.8538,46.544,88.566,135.110,you,the-memoirs-of-sherlock-holmes,1,,server-2,10,14,0,95.053,7.475,51.024
least-response-time-cache-off-warm0,130,2,0.8615,76.613,134.715,211.328,whale,the-portrait-of-a-lady-volume-1,1,,server-2,10,15,0,95.053,7.475,51.024
least-response-time-cache-off-warm0,130,2,0.8692,118.332,65.383,183.715,death,beyond-good-and-evil,1,,server-2,10,16,0,95.053,15.059,51.024
least-response-time-cache-off-warm0,130,2,0.8769,120.196,89.001,209.197,castle,the-first-men-in-the-moon,1,,server-2,10,17,0,95.053,25.946,51.024
least-response-time-cache-off-warm0,130,2,0.8846,116.264,161.916,278.181,death,the-mysterious-island,1,,server-2,9,16,0,60.180,31.720,51.024
least-response-time-cache-off-warm0,130,2,0.8923,121.191,148.924,270.115,death,the-last-of-the-mohicans-a-narrative-of-1757,1,,server-2,9,16,0,36.900,27.752,51.024
least-response-time-cache-off-warm0,130,2,0.9000,172.245,81.050,253.295,of,desperate-remedies,1,,server-2,9,15,0,36.900,12.669,51.024
least-response-time-cache-off-warm0,130,2,0.9077,180.272,100.735,281.007,money,the-jungle,1,,server-2,7,16,0,95.730,12.669,51.024
least-response-time-cache-off-warm0,130,2,0.9154,173.912,124.111,298.023,sea,pride-and-prejudice,1,,server-2,7,16,0,95.730,10.494,51.024
least-response-time-cache-off-warm0,130,2,0.9231,265.668,66.674,332.342,he,mansfield-park,1,,server-2,6,17,0,29.094,10.494,51.024
least-response-time-cache-off-warm0,130,2,0.9308,255.424,84.445,339.869,king,walden-and-on-the-duty-of-civil-disobedience,1,,server-2,5,18,0,29.094,18.818,51.024
least-response-time-cache-off-warm0,130,2,0.9385,249.930,44.917,294.847,horse,a-tale-of-two-cities,1,,server-2,5,19,0,29.094,17.739,51.024
least-response-time-cache-off-warm0,130,2,0.9462,22.606,57.056,79.661,death,the-picture-of-dorian-gray,1,,server-1,6,19,0,29.094,36.557,51.024
least-response-time-cache-off-warm0,130,2,0.9538,33.479,76.731,110.210,she,the-adventures-of-ferdinand-count-fathom-complete,1,,server-1,7,18,0,29.094,31.817,51.024
least-response-time-cache-off-warm0,130,2,0.9615,43.124,37.973,81.097,she,the-secret-garden,1,,server-1,8,18,0,29.094,31.817,51.024
least-response-time-cache-off-warm0,130,2,0.9692,40.102,68.320,108.422,of,the-hound-of-the-baskervilles,1,,server-1,9,18,0,25.988,31.817,51.024
least-response-time-cache-off-warm0,130,2,0.9769,33.240,88.085,121.324,and,life-on-the-mississippi,1,,server-1,9,18,0,25.988,54.786,51.024
least-response-time-cache-off-warm0,130,2,0.9846,79.636,61.017,140.654,heart,the-vicomte-de-bragelonne,1,,server-1,10,18,0,25.988,54.786,51.024
least-response-time-cache-off-warm0,130,2,0.9923,83.483,101.172,184.654,horse,the-adventures-of-tom-sawyer-complete,1,,server-1,11,16,0,26.121,48.567,51.024
least-response-time-cache-off-warm0,130,2,1.0000,77.724,58.824,136.548,sea,autobiography-of-benjamin-franklin,1,,server-1,12,15,0,36.081,67.253,51.024
least-response-time-cache-off-warm0,130,2,1.0077,87.984,66.967,154.952,heart,the-wind-in-the-willows,1,,server-1,9,15,0,23.348,36.634,51.024
least-response-time-cache-off-warm0,130,2,1.0154,106.141,29.487,135.628,and,the-scarlet-letter-33,1,,server-1,10,14,0,16.410,29.106,51.024
least-response-time-cache-off-warm0,130,2,1.0231,113.309,58.797,172.106,house,adventures-of-huckleberry-finn,1,,server-1,11,13,0,16.410,34.805,51.024
least-response-time-cache-off-warm0,130,2,1.0308,107.625,104.480,212.105,london,oliver-twist,1,,server-1,12,13,0,20.708,34.805,51.024
least-response-time-cache-off-warm0,130,2,1.0385,100.771,69.956,170.727,and,myths-and-legends-of-ancient-greece-and-rome,1,,server-1,13,13,0,21.608,34.805,51.024
least-response-time-cache-off-warm0,130,2,1.0462,92.447,106.752,199.199,night,persuasion,1,,server-1,14,13,0,24.614,34.805,51.024
least-response-time-cache-off-warm0,130,2,1.0538,95.855,119.811,215.666,castle,north-and-south,1,,server-1,15,12,0,24.614,40.068,51.024
least-response-time-cache-off-warm0,130,2,1.0615,134.420,88.014,222.434,was,autobiography-of-benjamin-franklin,1,,server-1,16,12,0,34.843,78.166,51.024
least-response-time-cache-off-warm0,130,2,1.0692,197.099,63.854,260.953,the,poirot-investigates,1,,server-1,14,12,0,40.755,78.166,51.024
least-response-time-cache-off-warm0,130,2,1.0769,169.639,75.651,245.290,you,a-journey-to-the-centre-of-the-earth,1,,server-1,15,9,0,40.952,45.827,51.024
least-response-time-cache-off-warm0,130,2,1.0846,181.424,83.944,265.369,night,the-picture-of-dorian-gray,1,,server-1,16,9,0,30.950,45.827,51.024
least-response-time-cache-off-warm0,130,2,1.0923,174.278,34.647,208.925,letter,the-picture-of-dorian-gray,1,,server-1,17,8,0,30.950,40.567,51.024
least-response-time-cache-off-warm0,130,2,1.1000,181.290,215.878,397.169,night,the-american,1,,server-1,17,8,0,28.014,40.567,51.024
least-response-time-cache-off-warm0,130,2,1.1077,179.657,119.817,299.473,horse,the-vicomte-de-bragelonne,1,,server-1,18,8,0,28.014,40.567,51.024
least-response-time-cache-off-warm0,130,2,1.1154,174.404,113.813,288.217,of,sense-and-sensibility,1,,server-1,19,8,0,28.014,40.567,51.024
least-response-time-cache-off-warm0,130,2,1.1231,176.648,153.817,330.465,the,the-wind-in-the-willows,1,,server-1,19,8,0,32.863,40.567,51.024
least-response-time-cache-off-warm0,130,2,1.1308,196.219,168.707,364.925,king,oliver-twist,1,,server-1,20,8,0,38.296,40.567,51.024
least-response-time-cache-off-warm0,130,2,1.1385,265.178,127.961,393.138,king,the-iliad,1,,server-1,19,8,0,37.209,40.567,51.024
least-response-time-cache-off-warm0,130,2,1.1462,254.881,97.073,351.954,letter,the-iliad-2199,1,,server-1,20,8,0,23.715,40.567,51.024
least-response-time-cache-off-warm0,130,2,1.1538,263.260,148.406,411.666,the,thus-spake-zarathustra-a-book-for-all-and-none,1,,server-1,21,8,0,18.505,135.473,51.024
least-response-time-cache-off-warm0,130,2,1.1615,285.410,115.847,401.257,house,the-odyssey,1,,server-1,22,8,0,27.474,135.473,51.024
least-response-time-cache-off-warm0,130,2,1.1692,284.103,161.863,445.967,money,the-mysterious-island,1,,server-1,23,7,0,27.474,135.473,51.024
least-response-time-cache-off-warm0,130,2,1.1769,320.124,89.089,409.213,king,a-connecticut-yankee-in-king-arthur-s-court,1,,server-1,23,7,0,35.168,135.473,51.024
least-response-time-cache-off-warm0,130,2,1.1846,342.901,102.850,445.751,you,the-return-of-sherlock-holmes,1,,server-1,24,7,0,35.168,135.473,51.024
least-response-time-cache-off-warm0,130,2,1.1923,41.910,176.378,218.288,death,leaves-of-grass,1,,server-2,24,6,0,50.939,31.166,51.024
least-response-time-cache-off-warm0,130,2,1.2000,34.877,86.709,121.585,castle,adventures-of-huckleberry-finn,1,,server-2,21,7,0,34.130,31.166,51.024
least-response-time-cache-off-warm0,130,2,1.2077,378.718,97.817,476.534,castle,the-war-of-the-worlds,1,,server-1,22,7,0,29.566,31.166,51.024
least-response-time-cache-off-warm0,130,2,1.2154,351.782,122.362,474.144,she,the-mysterious-island,1,,server-1,22,6,0,30.030,36.762,51.024
least-response-time-cache-off-warm0,130,2,1.2231,363.812,70.823,434.636,love,memoirs-of-fanny-hill,1,,server-1,23,6,0,30.030,36.762,51.024
least-response-time-cache-off-warm0,130,2,1.2308,402.945,66.726,469.671,he,the-secret-garden,1,,server-1,24,6,0,30.030,32.749,51.024
least-response-time-cache-off-warm0,130,2,1.2385,32.310,48.064,80.374,the,the-odyssey,1,,server-2,24,5,0,30.030,20.346,51.024
least-response-time-cache-off-warm0,130,2,1.2462,24.910,69.014,93.924,you,meditations,1,,server-2,23,6,0,87.632,20.346,51.024
least-response-time-cache-off-warm0,130,2,1.2538,20.240,98.838,119.078,the,dracula,1,,server-2,22,7,0,87.632,20.346,51.024
least-response-time-cache-off-warm0,130,2,1.2615,14.381,191.159,205.540,and,the-house-of-the-seven-gables,1,,server-2,22,8,0,87.632,23.206,51.024
least-response-time-cache-off-warm0,130,2,1.2692,6.433,167.323,173.757,of,grimms-fairy-tales,1,,server-2,22,9,0,59.654,23.206,51.024
least-response-time-cache-off-warm0,130,2,1.2769,42.105,149.774,191.878,king,leaves-of-grass,1,,server-2,22,8,0,59.654,3.887,51.024
least-response-time-cache-off-warm0,130,2,1.2846,53.807,107.661,161.468,love,walden-and-on-the-duty-of-civil-disobedience,1,,server-2,21,9,0,60.834,3.887,51.024
least-response-time-cache-off-warm0,130,2,1.2923,56.755,183.633,240.387,the,the-king-in-yellow,1,,server-2,20,10,0,57.417,3.887,51.024
least-response-time-cache-off-warm0,130,2,1.3000,107.874,99.472,207.346,whale,sense-and-sensibility,1,,server-2,20,11,0,47.853,6.907,51.024
least-response-time-cache-off-warm0,130,2,1.3077,101.266,95.903,197.169,he,adventures-of-huckleberry-finn,1,,server-2,20,12,0,44.585,6.907,51.024
least-response-time-cache-off-warm0,130,2,1.3154,129.924,86.134,216.059,whale,the-warden,1,,server-2,19,13,0,31.736,6.907,51.024
least-response-time-cache-off-warm0,130,2,1.3231,144.904,89.622,234.527,night,memoirs-of-fanny-hill,1,,server-2,19,14,0,32.877,26.237,51.024
least-response-time-cache-off-warm0,130,2,1.3308,154.527,98.383,252.910,she,washington-square,1,,server-2,19,15,0,47.214,26.237,51.024
least-response-time-cache-off-warm0,130,2,1.3385,195.841,94.936,290.777,king,the-american,1,,server-2,19,15,0,47.214,21.390,51.024
least-response-time-cache-off-warm0,130,2,1.3462,171.804,79.612,251.415,she,oliver-twist,1,,server-2,19,15,0,47.214,22.369,51.024
least-response-time-cache-off-warm0,130,2,1.3538,181.548,59.287,240.835,was,frankenstein-or-the-modern-prometheus-41445,1,,server-2,16,16,0,115.998,19.544,51.024
least-response-time-cache-off-warm0,130,2,1.3615,173.630,76.574,250.204,money,desert-gold,1,,server-2,16,17,0,115.998,19.544,51.024
least-response-time-cache-off-warm0,130,2,1.3692,188.692,131.428,320.121,the,the-tenant-of-wildfell-hall,1,,server-2,16,18,0,115.998,19.544,51.024
least-response-time-cache-off-warm0,130,2,1.3769,233.170,52.933,286.103,horse,the-return-of-sherlock-holmes,1,,server-2,16,19,0,115.998,43.124,51.024
least-response-time-cache-off-warm0,130,2,1.3846,245.000,139.016,384.016,you,villette,1,,server-2,16,20,0,115.998,43.124,51.024
least-response-time-cache-off-warm0,130,2,1.3923,219.637,95.019,314.656,you,pride-and-prejudice,1,,server-2,16,19,0,115.998,46.768,51.024
least-response-time-cache-off-warm0,130,2,1.4000,232.699,106.271,338.970,house,north-and-south,1,,server-2,16,20,0,115.998,46.768,51.024
least-response-time-cache-off-warm0,130,2,1.4077,223.707,103.970,327.678,whale,the-kama-sutra-of-vatsyayana,1,,server-2,16,21,0,55.296,47.538,51.024
least-response-time-cache-off-warm0,130,2,1.4154,1.628,14.966,16.595,of,the-secret-garden,1,,server-3,16,21,1,55.296,53.409,51.024
least-response-time-cache-off-warm0,130,2,1.4231,9.252,15.043,24.295,castle,myths-and-legends-of-ancient-greece-and-rome,1,,server-3,15,21,2,90.733,53.409,26.230
least-response-time-cache-off-warm0,130,2,1.4308,1.823,23.764,25.587,horse,the-king-in-yellow,1,,server-3,14,20,3,74.176,53.409,26.230
least-response-time-cache-off-warm0,130,2,1.4385,18.249,49.053,67.302,house,the-odyssey,1,,server-3,14,20,3,74.176,53.409,5.635
least-response-time-cache-off-warm0,130,2,1.4462,11.325,52.199,63.524,house,the-mysterious-island,1,,server-3,14,19,4,74.176,60.358,5.635
least-response-time-cache-off-warm0,130,2,1.4538,3.826,69.735,73.561,heart,pride-and-prejudice,1,,server-3,14,19,5,85.465,60.358,7.546
least-response-time-cache-off-warm0,130,2,1.4615,48.685,33.358,82.043,horse,the-scarlet-letter-33,1,,server-3,14,19,4,85.465,60.358,2.609
least-response-time-cache-off-warm0,130,2,1.4692,59.323,49.783,109.106,love,the-last-of-the-mohicans-a-narrative-of-1757,1,,server-3,14,18,5,85.465,42.837,2.609
least-response-time-cache-off-warm0,130,2,1.4769,52.955,49.185,102.140,house,the-wind-in-the-willows,1,,server-3,14,16,6,71.905,75.766,2.609
least-response-time-cache-off-warm0,130,2,1.4846,46.494,58.105,104.600,sea,frankenstein-or-the-modern-prometheus,1,,server-3,14,16,7,71.905,75.766,2.609
least-response-time-cache-off-warm0,130,2,1.4923,86.390,62.992,149.382,horse,the-portrait-of-a-lady-volume-1,1,,server-3,14,16,8,71.905,78.575,2.609
least-response-time-cache-off-warm0,130,2,1.5000,65.281,112.728,178.009,king,frankenstein-or-the-modern-prometheus-41445,1,,server-3,13,16,9,80.892,78.575,2.609
least-response-time-cache-off-warm0,130,2,1.5077,58.355,52.550,110.905,sea,twenty-thousand-leagues-under-the-sea,1,,server-3,11,16,10,77.970,59.966,11.701
least-response-time-cache-off-warm0,130,2,1.5154,63.508,103.038,166.547,death,tess-of-the-d-urbervilles-a-pure-woman,1,,server-3,11,16,10,77.970,59.966,16.216
least-response-time-cache-off-warm0,130,2,1.5231,67.905,31.366,99.270,of,black-beauty,1,,server-3,11,16,11,77.970,46.354,16.216
least-response-time-cache-off-warm0,130,2,1.5308,61.600,122.282,183.883,king,the-mysterious-affair-at-styles,1,,server-3,10,16,10,66.664,50.342,15.946
least-response-time-cache-off-warm0,130,2,1.5385,71.265,92.510,163.775,whale,thus-spake-zarathustra-a-book-for-all-and-none,1,,server-3,10,14,11,78.194,32.570,15.946
least-response-time-cache-off-warm0,130,2,1.5462,73.180,185.294,258.474,whale,jude-the-obscure,1,,server-3,10,13,11,78.194,32.570,25.454
least-response-time-cache-off-warm0,130,2,1.5538,68.403,111.550,179.953,london,the-jungle,1,,server-3,10,13,12,78.194,32.570,25.454
least-response-time-cache-off-warm0,130,2,1.5615,77.083,205.021,282.104,love,northanger-abbey,1,,server-3,10,11,13,78.194,25.932,25.454
least-response-time-cache-off-warm0,130,2,1.5692,86.147,145.988,232.135,she,the-hound-of-the-baskervilles-3070,1,,server-3,8,11,14,147.792,25.932,24.689
least-response-time-cache-off-warm0,130,2,1.5769,60.436,144.750,205.186,night,the-secret-garden,1,,server-2,8,12,14,147.792,25.932,27.165
least-response-time-cache-off-warm0,130,2,1.5846,97.703,129.223,226.926,king,wuthering-heights,1,,server-3,7,12,15,106.116,64.893,23.689
least-response-time-cache-off-warm0,130,2,1.5923,118.773,97.616,216.389,money,the-portrait-of-a-lady-volume-1,1,,server-3,6,12,13,36.931,64.893,17.189
least-response-time-cache-off-warm0,130,2,1.6000,136.286,130.517,266.803,money,the-last-of-the-mohicans-a-narrative-of-1757,1,,server-3,6,10,14,36.931,53.344,26.528
least-response-time-cache-off-warm0,130,2,1.6077,193.584,66.605,260.189,he,the-tenant-of-wildfell-hall,1,,server-3,6,10,15,36.931,53.344,26.528
least-response-time-cache-off-warm0,130,2,1.6154,205.937,93.554,299.490,whale,far-from-the-madding-crowd,1,,server-3,6,9,16,107.927,79.677,23.792
least-response-time-cache-off-warm0,130,2,1.6231,240.180,49.516,289.696,you,emma,1,,server-3,6,9,17,107.927,79.677,24.011
least-response-time-cache-off-warm0,130,2,1.6308,235.777,105.070,340.847,night,villette,1,,server-3,6,8,18,99.212,53.133,24.011
least-response-time-cache-off-warm0,130,2,1.6385,228.283,99.583,327.867,she,leaves-of-grass,1,,server-3,4,7,19,46.602,36.111,21.851
least-response-time-cache-off-warm0,130,2,1.6462,222.499,186.640,409.139,love,the-lost-world,1,,server-3,4,7,20,46.602,36.111,29.980
least-response-time-cache-off-warm0,130,2,1.6538,217.323,172.471,389.794,you,great-expectations,1,,server-3,4,7,21,46.602,36.111,29.980
least-response-time-cache-off-warm0,130,2,1.6615,255.711,115.842,371.553,death,herland,1,,server-3,4,7,21,51.350,36.111,29.483
least-response-time-cache-off-warm0,130,2,1.6692,249.407,136.098,385.505,you,twenty-thousand-leagues-under-the-sea,1,,server-3,4,7,22,51.350,35.227,29.483
least-response-time-cache-off-warm0,130,2,1.6769,241.050,137.597,378.647,the,herland,1,,server-3,4,7,22,51.350,35.227,29.483
least-response-time-cache-off-warm0,130,2,1.6846,84.330,37.806,122.137,london,dracula,1,,server-2,3,8,20,56.405,35.285,39.891
least-response-time-cache-off-warm0,130,2,1.6923,241.342,138.869,380.211,night,the-american,1,,server-3,1,7,21,43.205,53.921,39.891
least-response-time-cache-off-warm0,130,2,1.7000,274.255,124.386,398.641,death,the-vicomte-de-bragelonne,1,,server-3,1,7,22,43.205,53.921,36.151
least-response-time-cache-off-warm0,130,2,1.7077,1.458,13.451,14.909,you,silas-marner,1,,server-1,1,7,21,38.076,58.433,47.113
least-response-time-cache-off-warm0,130,2,1.7154,7.911,9.830,17.741,the,poirot-investigates,1,,server-1,2,7,20,19.575,58.433,49.368
least-response-time-cache-off-warm0,130,2,1.7231,2.240,35.089,37.329,house,the-mysterious-island,1,,server-1,2,7,20,10.301,58.433,49.368
least-response-time-cache-off-warm0,130,2,1.7308,3.586,46.822,50.408,king,the-jungle,1,,server-1,3,7,20,4.446,58.433,49.368
least-response-time-cache-off-warm0,130,2,1.7385,23.203,38.799,62.002,king,anne-of-green-gables,1,,server-1,3,7,18,2.667,57.854,36.113
least-response-time-cache-off-warm0,130,2,1.7462,35.222,62.784,98.006,king,twenty-thousand-leagues-under-the-sea,1,,server-1,4,4,18,2.667,42.943,55.977
least-response-time-cache-off-warm0,130,2,1.7538,28.736,56.086,84.822,of,the-mystery-of-edwin-drood,1,,server-1,5,4,18,2.667,42.943,55.977
least-response-time-cache-off-warm0,130,2,1.7615,22.191,97.945,120.136,and,herland,1,,server-1,6,4,18,7.897,42.943,55.977
least-response-time-cache-off-warm0,130,2,1.7692,14.275,56.310,70.584,king,washington-square,1,,server-1,7,4,18,7.897,55.207,55.977
least-response-time-cache-off-warm0,130,2,1.7769,8.739,93.904,102.643,king,the-secret-garden-17396,1,,server-1,8,2,18,7.897,35.642,55.977
least-response-time-cache-off-warm0,130,2,1.7846,57.336,118.316,175.652,you,the-scarlet-letter,1,,server-1,7,1,18,7.248,38.527,55.977
least-response-time-cache-off-warm0,130,2,1.7923,30.241,60.558,90.798,heart,the-hound-of-the-baskervilles,1,,server-1,8,1,18,5.188,38.527,55.977
least-response-time-cache-off-warm0,130,2,1.8000,41.275,93.788,135.063,house,hard-times,1,,server-1,9,1,18,5.188,38.527,55.977
least-response-time-cache-off-warm0,130,2,1.8077,40.180,115.633,155.813,sea,the-works-of-edgar-allan-poe-volume-2,1,,server-1,9,0,18,11.336,30.568,56.405
least-response-time-cache-off-warm0,130,2,1.8154,32.348,85.488,117.836,castle,the-return-of-sherlock-holmes-108,1,,server-1,10,0,16,11.862,30.568,48.953
least-response-time-cache-off-warm0,130,2,1.8231,24.289,71.528,95.817,house,hard-times,1,,server-1,11,0,14,13.537,30.568,52.786
least-response-time-cache-off-warm0,130,2,1.8308,114.189,91.915,206.104,king,the-adventures-of-ferdinand-count-fathom-complete,1,,server-1,12,0,14,13.537,30.568,52.786
least-response-time-cache-off-warm0,130,2,1.8385,78.474,64.618,143.092,money,the-adventures-of-sherlock-holmes,1,,server-1,13,0,14,21.922,30.568,52.786
least-response-time-cache-off-warm0,130,2,1.8462,87.276,77.350,164.625,she,the-mysterious-island,1,,server-1,12,0,14,21.444,30.568,74.322
least-response-time-cache-off-warm0,130,2,1.8538,106.097,120.257,226.353,letter,cranford,1,,server-1,12,0,14,8.156,30.568,74.322
least-response-time-cache-off-warm0,130,2,1.8615,104.758,119.146,223.904,love,a-princess-of-mars,1,,server-1,13,0,14,8.156,30.568,74.322
least-response-time-cache-off-warm0,130,2,1.8692,98.140,119.121,217.260,the,tess-of-the-d-urbervilles-a-pure-woman,1,,server-1,14,0,11,10.881,30.568,66.985
least-response-time-cache-off-warm0,130,2,1.8769,105.818,153.046,258.864,king,around-the-world-in-eighty-days,1,,server-1,15,0,11,10.881,30.568,76.472
least-response-time-cache-off-warm0,130,2,1.8846,128.927,85.515,214.442,and,his-last-bow,1,,server-1,16,0,11,29.402,30.568,76.472
least-response-time-cache-off-warm0,130,2,1.8923,120.424,95.155,215.580,whale,the-hound-of-the-baskervilles-3070,1,,server-1,14,0,11,25.573,30.568,76.472
least-response-time-cache-off-warm0,130,2,1.9000,132.690,120.296,252.986,sea,the-secret-garden-17396,1,,server-1,15,0,11,25.573,30.568,76.472
least-response-time-cache-off-warm0,130,2,1.9077,141.491,106.059,247.550,the,sense-and-sensibility,1,,server-1,16,0,11,25.573,30.568,76.472
least-response-time-cache-off-warm0,130,2,1.9154,171.476,81.056,252.533,whale,the-mystery-of-edwin-drood,1,,server-1,17,0,11,25.573,30.568,65.691
least-response-time-cache-off-warm0,130,2,1.9231,1.225,21.060,22.286,house,the-house-of-mirth,1,,server-2,17,1,9,35.266,30.568,49.828
least-response-time-cache-off-warm0,130,2,1.9308,14.387,27.468,41.856,she,dracula,1,,server-2,17,2,9,44.894,15.730,49.828
least-response-time-cache-off-warm0,130,2,1.9385,6.945,48.646,55.591,king,the-tenant-of-wildfell-hall,1,,server-2,15,3,9,40.239,15.730,50.316
least-response-time-cache-off-warm0,130,2,1.9462,2.492,115.379,117.871,heart,meditations,1,,server-2,15,3,9,43.872,4.936,82.040
least-response-time-cache-off-warm0,130,2,1.9538,40.968,19.216,60.184,you,cranford,1,,server-2,15,4,9,35.396,3.444,82.040
least-response-time-cache-off-warm0,130,2,1.9615,33.561,57.899,91.460,king,desperate-remedies,1,,server-2,14,5,9,47.690,3.444,82.040
least-response-time-cache-off-warm0,130,2,1.9692,27.176,117.424,144.600,king,madame-bovary,1,,server-2,12,6,9,37.431,3.444,85.034
least-response-time-cache-off-warm0,130,2,1.9769,18.960,58.227,77.187,you,the-hound-of-the-baskervilles-3070,1,,server-2,12,7,7,37.431,8.157,51.805
least-response-time-cache-off-warm0,130,2,1.9846,11.075,71.236,82.312,was,the-kama-sutra-of-vatsyayana,1,,server-2,12,8,7,41.303,8.157,51.805
least-response-time-cache-off-warm0,130,2,1.9923,4.318,94.830,99.148,house,tess-of-the-d-urbervilles-a-pure-woman,1,,server-2,12,9,7,41.303,8.157,44.010
least-response-time-cache-off-warm0,130,2,2.0000,21.740,158.471,180.211,was,the-romance-of-lust-a-classic-victorian-erotic-novel,1,,server-2,12,8,7,41.303,3.704,44.010
least-response-time-cache-off-warm0,130,2,2.0077,46.764,74.308,121.073,you,persuasion,1,,server-2,11,9,7,55.835,3.719,44.010
least-response-time-cache-off-warm0,130,2,2.0154,53.159,120.346,173.505,letter,the-first-men-in-the-moon,1,,server-2,11,10,7,44.997,6.712,44.010
least-response-time-cache-off-warm0,130,2,2.0231,44.076,144.772,188.848,house,the-house-of-mirth,1,,server-2,11,11,7,44.997,9.155,44.010
least-response-time-cache-off-warm0,130,2,2.0308,38.022,84.274,122.296,horse,leaves-of-grass,1,,server-2,11,12,7,44.997,9.155,44.010
least-response-time-cache-off-warm0,130,2,2.0385,75.220,124.216,199.436,king,frankenstein-or-the-modern-prometheus-41445,1,,server-2,10,13,7,52.066,9.155,58.231
least-response-time-cache-off-warm0,130,2,2.0462,80.929,124.398,205.328,she,persuasion,1,,server-2,10,14,7,52.066,9.155,73.281
least-response-time-cache-off-warm0,130,2,2.0538,121.311,61.530,182.841,you,dubliners,1,,server-2,10,15,7,44.007,25.012,52.534
least-response-time-cache-off-warm0,130,2,2.0615,127.607,92.132,219.739,london,desert-gold,1,,server-2,10,16,5,44.007,25.012,70.159
least-response-time-cache-off-warm0,130,2,2.0692,120.405,93.155,213.560,house,the-mystery-of-edwin-drood,1,,server-2,10,13,5,44.007,11.298,70.159
least-response-time-cache-off-warm0,130,2,2.0769,161.300,69.564,230.864,of,dracula,1,,server-2,10,14,1,44.007,11.298,55.820
least-response-time-cache-off-warm0,130,2,2.0846,168.850,65.509,234.359,letter,the-scarlet-letter-33,1,,server-2,10,15,1,73.655,11.298,55.820
least-response-time-cache-off-warm0,130,2,2.0923,160.935,128.375,289.311,london,the-last-of-the-mohicans-a-narrative-of-1757,1,,server-2,9,15,1,30.929,28.963,55.820
least-response-time-cache-off-warm0,130,2,2.1000,154.028,78.893,232.922,the,the-hound-of-the-baskervilles-3070,1,,server-2,6,16,0,30.693,28.963,53.516
least-response-time-cache-off-warm0,130,2,2.1077,174.586,108.279,282.866,whale,the-warden,1,,server-2,6,17,0,39.498,26.421,53.516
least-response-time-cache-off-warm0,130,2,2.1154,39.980,52.475,92.455,death,the-last-of-the-mohicans-a-narrative-of-1757,1,,server-1,6,16,0,39.498,51.362,53.516
least-response-time-cache-off-warm0,130,2,2.1231,44.964,18.982,63.946,money,a-connecticut-yankee-in-king-arthur-s-court,1,,server-1,7,16,0,33.933,51.362,53.516
least-response-time-cache-off-warm0,130,2,2.1308,38.450,57.922,96.372,letter,agnes-grey,1,,server-1,8,15,0,33.933,38.297,53.516
least-response-time-cache-off-warm0,130,2,2.1385,143.899,149.630,293.529,of,the-moonstone,1,,server-2,8,16,0,46.887,38.297,53.516
least-response-time-cache-off-warm0,130,2,2.1462,137.207,109.418,246.625,you,meditations,1,,server-2,8,17,0,46.887,38.297,53.516
least-response-time-cache-off-warm0,130,2,2.1538,55.163,89.589,144.752,love,his-last-bow,1,,server-1,9,17,0,50.564,54.537,53.516
least-response-time-cache-off-warm0,130,2,2.1615,23.755,54.409,78.164,he,the-hound-of-the-baskervilles-3070,1,,server-1,6,17,0,29.563,54.537,53.516
least-response-time-cache-off-warm0,130,2,2.1692,18.008,125.949,143.957,sea,northanger-abbey,1,,server-1,6,17,0,19.046,54.537,53.516
least-response-time-cache-off-warm0,130,2,2.1769,32.758,65.099,97.857,london,the-adventures-of-ferdinand-count-fathom-complete,1,,server-1,7,15,0,11.653,54.962,53.516
least-response-time-cache-off-warm0,130,2,2.1846,3.865,127.405,131.270,she,the-divine-comedy,1,,server-1,8,15,0,11.653,66.918,53.516
least-response-time-cache-off-warm0,130,2,2.1923,18.110,61.739,79.849,he,the-war-of-the-worlds,1,,server-1,8,14,0,5.637,39.209,53.516
least-response-time-cache-off-warm0,130,2,2.2000,12.166,143.570,155.737,you,the-mysterious-island,1,,server-1,9,14,0,5.637,39.209,53.516
least-response-time-cache-off-warm0,130,2,2.2077,21.540,98.853,120.393,was,the-secret-garden,1,,server-1,10,14,0,12.721,39.209,53.516
least-response-time-cache-off-warm0,130,2,2.2154,33.313,214.827,248.140,sea,the-war-of-the-worlds,1,,server-1,10,13,0,8.231,40.219,53.516
least-response-time-cache-off-warm0,130,2,2.2231,105.860,161.722,267.582,night,the-works-of-edgar-allan-poe-volume-2,1,,server-1,11,13,0,8.231,40.219,53.516
least-response-time-cache-off-warm0,130,2,2.2308,97.502,149.691,247.193,sea,little-women,1,,server-1,12,13,0,15.263,61.638,53.516
least-response-time-cache-off-warm0,130,2,2.2385,114.435,31.582,146.017,money,life-on-the-mississippi,1,,server-1,12,12,0,13.316,57.991,53.516
least-response-time-cache-off-warm0,130,2,2.2462,111.074,164.748,275.823,and,white-fang,1,,server-1,13,12,0,20.436,57.991,53.516
least-response-time-cache-off-warm0,130,2,2.2538,102.627,154.870,257.498,of,autobiography-of-benjamin-franklin,1,,server-1,14,9,0,18.199,32.114,53.516
least-response-time-cache-off-warm0,130,2,2.2615,95.140,134.168,229.308,king,little-women,1,,server-1,15,9,0,18.199,32.114,53.516
least-response-time-cache-off-warm0,130,2,2.2692,90.813,162.633,253.446,you,the-iliad-2199,1,,server-1,16,9,0,18.199,28.077,53.516
least-response-time-cache-off-warm0,130,2,2.2769,6.608,84.966,91.574,whale,sense-and-sensibility,1,,server-2,16,10,0,34.301,28.077,53.516
least-response-time-cache-off-warm0,130,2,2.2846,38.632,149.926,188.558,you,the-secret-garden,1,,server-2,16,10,0,30.010,23.356,53.516
least-response-time-cache-off-warm0,130,2,2.2923,32.327,78.878,111.205,sea,the-secret-adversary,1,,server-2,15,11,0,26.089,23.356,53.516
least-response-time-cache-off-warm0,130,2,2.3000,68.206,117.585,185.790,horse,around-the-world-in-eighty-days,1,,server-2,14,12,0,38.635,23.356,53.516
least-response-time-cache-off-warm0,130,2,2.3077,73.613,102.575,176.188,he,the-iliad-2199,1,,server-2,14,13,0,38.635,29.841,53.516
least-response-time-cache-off-warm0,130,2,2.3154,75.043,63.263,138.306,night,washington-square,1,,server-2,13,14,0,62.700,29.841,53.516
least-response-time-cache-off-warm0,130,2,2.3231,105.708,102.563,208.271,london,the-iliad,1,,server-2,13,12,0,71.026,23.700,53.516
least-response-time-cache-off-warm0,130,2,2.3308,114.956,94.956,209.911,horse,the-first-men-in-the-moon,1,,server-2,9,13,0,28.095,15.560,53.516
least-response-time-cache-off-warm0,130,2,2.3385,114.582,89.442,204.024,whale,the-lost-world,1,,server-2,9,13,0,28.095,19.009,53.516
least-response-time-cache-off-warm0,130,2,2.3462,138.236,86.787,225.024,was,the-adventures-of-ferdinand-count-fathom-complete,1,,server-2,9,14,0,28.095,19.009,53.516
least-response-time-cache-off-warm0,130,2,2.3538,130.626,64.798,195.424,and,the-kama-sutra-of-vatsyayana,1,,server-2,9,15,0,26.958,23.698,53.516
least-response-time-cache-off-warm0,130,2,2.3615,56.006,105.889,161.895,you,the-warden,1,,server-1,9,15,0,18.268,23.698,53.516
least-response-time-cache-off-warm0,130,2,2.3692,49.213,164.048,213.261,letter,frankenstein-or-the-modern-prometheus-41445,1,,server-1,10,15,0,15.350,30.200,53.516
least-response-time-cache-off-warm0,130,2,2.3769,112.352,57.952,170.304,sea,madame-bovary,1,,server-1,11,15,0,15.350,30.200,53.516
least-response-time-cache-off-warm0,130,2,2.3846,107.037,126.967,234.004,he,the-adventures-of-ferdinand-count-fathom-complete,1,,server-1,12,15,0,17.851,30.694,53.516
least-response-time-cache-off-warm0,130,2,2.3923,130.630,122.110,252.740,castle,desert-gold,1,,server-1,13,14,0,17.851,46.665,53.516
least-response-time-cache-off-warm0,130,2,2.4000,124.725,78.337,203.062,death,the-king-in-yellow,1,,server-1,14,12,0,16.308,30.705,53.516
least-response-time-cache-off-warm0,130,2,2.4077,117.978,114.741,232.718,heart,herland,1,,server-1,15,11,0,16.308,32.996,53.516
least-response-time-cache-off-warm0,130,2,2.4154,133.584,107.051,240.636,she,the-hound-of-the-baskervilles,1,,server-1,16,11,0,16.308,32.996,53.516
least-response-time-cache-off-warm0,130,2,2.4231,104.087,209.177,313.265,he,the-innocents-abroad,1,,server-1,16,11,0,18.287,32.996,53.516
least-response-time-cache-off-warm0,130,2,2.4308,116.737,140.832,257.569,london,cranford,1,,server-1,17,10,0,18.287,44.732,53.516
least-response-time-cache-off-warm0,130,2,2.4385,111.601,92.336,203.937,of,the-adventures-of-sherlock-holmes,1,,server-1,18,10,0,18.287,71.000,53.516
least-response-time-cache-off-warm0,130,2,2.4462,138.078,188.886,326.964,the,the-moonstone,1,,server-1,19,10,0,18.287,50.776,53.516
least-response-time-cache-off-warm0,130,2,2.4538,129.679,102.899,232.578,love,the-secret-garden-17396,1,,server-1,20,10,0,18.287,28.429,53.516
least-response-time-cache-off-warm0,130,2,2.4615,180.735,95.984,276.719,whale,the-jungle,1,,server-1,21,10,0,18.287,28.429,53.516
least-response-time-cache-off-warm0,130,2,2.4692,20.327,96.586,116.914,was,the-wind-in-the-willows,1,,server-2,20,11,0,44.883,28.429,53.516
least-response-time-cache-off-warm0,130,2,2.4769,210.299,110.265,320.564,you,tess-of-the-d-urbervilles-a-pure-woman,1,,server-1,21,10,0,47.318,50.989,53.516
least-response-time-cache-off-warm0,130,2,2.4846,1.477,12.505,13.982,london,the-first-men-in-the-moon,1,,server-3,21,9,1,67.668,54.717,53.516
least-response-time-cache-off-warm0,130,2,2.4923,76.098,37.793,113.890,horse,desert-gold,1,,server-2,19,7,1,47.537,14.957,27.509
least-response-time-cache-off-warm0,130,2,2.5000,83.286,101.445,184.731,horse,far-from-the-madding-crowd,1,,server-2,19,8,0,47.537,14.957,19.564
least-response-time-cache-off-warm0,130,2,2.5077,63.972,87.054,151.026,death,the-return-of-sherlock-holmes,1,,server-2,19,9,0,47.537,14.957,19.564
least-response-time-cache-off-warm0,130,2,2.5154,57.057,52.000,109.057,was,the-portrait-of-a-lady-volume-1,1,,server-2,18,10,0,47.448,14.957,19.564
least-response-time-cache-off-warm0,130,2,2.5231,49.641,65.081,114.723,horse,the-memoirs-of-sherlock-holmes,1,,server-2,17,11,0,83.516,14.957,19.564
least-response-time-cache-off-warm0,130,2,2.5308,1.511,11.536,13.047,she,the-mysterious-affair-at-styles,1,,server-3,14,11,1,54.913,27.720,19.564
least-response-time-cache-off-warm0,130,2,2.5385,5.771,18.991,24.762,you,walden-and-on-the-duty-of-civil-disobedience,1,,server-3,14,11,2,54.913,27.720,10.084
least-response-time-cache-off-warm0,130,2,2.5462,16.812,43.030,59.842,london,the-great-gatsby,1,,server-3,14,9,2,54.913,30.857,4.757
least-response-time-cache-off-warm0,130,2,2.5538,9.192,31.770,40.962,london,villette,1,,server-3,14,8,3,19.082,31.589,4.757
least-response-time-cache-off-warm0,130,2,2.5615,3.031,62.707,65.738,sea,dracula,1,,server-3,13,8,4,17.501,31.589,4.757
least-response-time-cache-off-warm0,130,2,2.5692,58.309,69.022,127.331,and,the-portrait-of-a-lady-volume-1,1,,server-3,13,8,4,17.501,30.307,2.207
least-response-time-cache-off-warm0,130,2,2.5769,48.523,23.911,72.434,london,the-divine-comedy,1,,server-3,13,7,5,17.501,18.645,2.207
least-response-time-cache-off-warm0,130,2,2.5846,43.644,40.330,83.974,king,the-memoirs-of-sherlock-holmes,1,,server-3,13,6,6,44.456,14.330,2.207
least-response-time-cache-off-warm0,130,2,2.5923,38.771,77.048,115.819,house,around-the-world-in-eighty-days,1,,server-3,13,5,7,35.977,24.736,2.207
least-response-time-cache-off-warm0,130,2,2.6000,32.696,78.750,111.446,king,around-the-world-in-eighty-days,1,,server-3,13,5,7,35.977,24.736,6.541
least-response-time-cache-off-warm0,130,2,2.6077,24.421,101.458,125.879,of,the-last-of-the-mohicans-a-narrative-of-1757,1,,server-3,13,4,8,44.222,21.371,20.715
least-response-time-cache-off-warm0,130,2,2.6154,18.990,143.416,162.405,night,the-jungle-book,1,,server-3,13,4,9,41.783,21.371,20.715
least-response-time-cache-off-warm0,130,2,2.6231,27.606,128.248,155.854,she,washington-square,1,,server-3,13,4,10,39.402,21.371,20.715
least-response-time-cache-off-warm0,130,2,2.6308,78.782,69.462,148.245,love,the-jungle,1,,server-3,13,4,9,64.459,25.093,16.001
least-response-time-cache-off-warm0,130,2,2.6385,73.907,110.290,184.197,london,jane-eyre-an-autobiography,1,,server-3,13,4,10,64.459,28.522,6.725
least-response-time-cache-off-warm0,130,2,2.6462,88.815,83.199,172.014,horse,persuasion,1,,server-3,10,4,11,48.812,28.522,6.725
least-response-time-cache-off-warm0,130,2,2.6538,93.260,187.752,281.012,she,the-hound-of-the-baskervilles-3070,1,,server-3,10,4,12,65.789,28.522,9.056
least-response-time-cache-off-warm0,130,2,2.6615,156.507,45.509,202.015,heart,the-divine-comedy,1,,server-3,8,2,13,48.406,38.444,9.056
least-response-time-cache-off-warm0,130,2,2.6692,110.044,52.077,162.121,house,beyond-good-and-evil,1,,server-3,7,2,14,48.406,38.444,15.184
least-response-time-cache-off-warm0,130,2,2.6769,140.172,26.735,166.907,king,white-fang,1,,server-3,6,2,15,48.406,38.444,15.184
least-response-time-cache-off-warm0,130,2,2.6846,138.258,77.193,215.451,night,the-great-gatsby,1,,server-3,6,1,16,48.406,48.444,15.184
least-response-time-cache-off-warm0,130,2,2.6923,139.394,141.381,280.775,she,twenty-thousand-leagues-under-the-sea,1,,server-3,6,0,17,59.413,38.784,15.184
least-response-time-cache-off-warm0,130,2,2.7000,145.684,93.215,238.899,night,the-iliad-2199,1,,server-3,6,0,17,59.413,38.784,30.687
least-response-time-cache-off-warm0,130,2,2.7077,138.312,94.152,232.463,death,the-kama-sutra-of-vatsyayana,1,,server-3,6,0,17,59.413,38.784,30.687
least-response-time-cache-off-warm0,130,2,2.7154,134.647,112.360,247.007,night,northanger-abbey,1,,server-3,5,0,16,59.413,38.784,22.224
least-response-time-cache-off-warm0,130,2,2.7231,142.099,111.081,253.180,the,the-mystery-of-edwin-drood,1,,server-3,5,0,17,53.587,38.784,22.224
least-response-time-cache-off-warm0,130,2,2.7308,134.612,110.530,245.141,castle,the-song-of-the-lark,1,,server-3,5,0,18,53.587,38.784,22.224
least-response-time-cache-off-warm0,130,2,2.7385,200.051,85.371,285.422,night,the-adventures-of-ferdinand-count-fathom-complete,1,,server-3,4,0,18,53.393,38.784,38.392
least-response-time-cache-off-warm0,130,2,2.7462,193.812,53.617,247.429,was,frankenstein-or-the-modern-prometheus-41445,1,,server-3,3,0,18,53.393,38.784,32.735
least-response-time-cache-off-warm0,130,2,2.7538,222.334,71.254,293.588,he,autobiography-of-benjamin-franklin,1,,server-3,3,0,19,54.477,38.784,28.326
least-response-time-cache-off-warm0,130,2,2.7615,214.933,73.861,288.794,the,beyond-good-and-evil,1,,server-3,3,0,20,54.477,38.784,28.326
least-response-time-cache-off-warm0,130,2,2.7692,1.486,17.861,19.348,heart,the-return-of-sherlock-holmes,1,,server-2,3,1,20,54.477,38.784,42.198
least-response-time-cache-off-warm0,130,2,2.7769,11.872,26.908,38.780,whale,madame-bovary,1,,server-2,2,2,20,64.734,19.921,42.198
least-response-time-cache-off-warm0,130,2,2.7846,4.615,28.594,33.209,horse,agnes-grey,1,,server-2,1,3,18,64.734,19.921,50.711
least-response-time-cache-off-warm0,130,2,2.7923,26.063,23.871,49.934,castle,a-princess-of-mars,1,,server-2,1,3,18,64.734,4.920,50.711
least-response-time-cache-off-warm0,130,2,2.8000,20.268,47.060,67.329,king,the-portrait-of-a-lady-volume-1,1,,server-2,0,4,18,54.171,4.920,43.241
least-response-time-cache-off-warm0,130,2,2.8077,10.916,13.865,24.781,love,silas-marner,1,,server-2,0,5,18,54.171,4.920,43.241
least-response-time-cache-off-warm0,130,2,2.8154,3.577,59.456,63.033,night,the-warden,1,,server-2,0,6,18,54.171,4.920,43.241
least-response-time-cache-off-warm0,130,2,2.8231,20.513,62.749,83.261,death,silas-marner,1,,server-2,0,5,16,54.171,3.661,38.921
least-response-time-cache-off-warm0,130,2,2.8308,13.103,94.091,107.194,whale,tess-of-the-d-urbervilles-a-pure-woman,1,,server-2,0,6,15,54.171,3.661,47.765
least-response-time-cache-off-warm0,130,2,2.8385,37.885,20.440,58.325,castle,wuthering-heights,1,,server-2,0,7,15,54.171,5.597,55.705
least-response-time-cache-off-warm0,130,2,2.8462,31.109,74.350,105.459,money,the-memoirs-of-sherlock-holmes,1,,server-2,0,6,13,54.171,6.644,23.029
least-response-time-cache-off-warm0,130,2,2.8538,80.774,53.193,133.967,he,the-hound-of-the-baskervilles,1,,server-2,0,7,13,54.171,6.644,23.029
least-response-time-cache-off-warm0,130,2,2.8615,35.877,85.965,121.842,the,the-last-of-the-mohicans-a-narrative-of-1757-27681,1,,server-2,0,8,13,54.171,6.644,20.656
least-response-time-cache-off-warm0,130,2,2.8692,64.742,87.819,152.562,letter,jude-the-obscure,1,,server-2,0,9,12,54.171,20.599,26.224
least-response-time-cache-off-warm0,130,2,2.8769,61.233,85.108,146.341,heart,memoirs-of-fanny-hill,1,,server-2,0,10,12,54.171,18.736,26.224
least-response-time-cache-off-warm0,130,2,2.8846,72.548,125.012,197.560,horse,desperate-remedies,1,,server-2,0,9,12,54.171,14.088,23.771
least-response-time-cache-off-warm0,130,2,2.8923,64.031,86.784,150.815,letter,pride-and-prejudice,1,,server-2,0,10,12,54.171,14.088,23.771
least-response-time-cache-off-warm0,130,2,2.9000,85.665,127.013,212.677,sea,the-house-of-the-seven-gables,1,,server-2,0,10,12,54.171,15.190,34.089
least-response-time-cache-off-warm0,130,2,2.9077,77.728,140.873,218.601,letter,madame-bovary,1,,server-2,0,11,12,54.171,21.993,34.089
least-response-time-cache-off-warm0,130,2,2.9154,107.954,100.607,208.562,love,the-jungle-book,1,,server-2,0,12,12,54.171,21.993,56.256
least-response-time-cache-off-warm0,130,2,2.9231,117.427,84.543,201.970,whale,the-mystery-of-edwin-drood,1,,server-2,0,13,12,54.171,21.993,56.256
least-response-time-cache-off-warm0,130,2,2.9308,181.514,53.250,234.764,she,the-works-of-edgar-allan-poe-volume-2,1,,server-2,0,14,12,54.171,21.993,56.256
least-response-time-cache-off-warm0,130,2,2.9385,183.672,77.291,260.963,death,desperate-remedies,1,,server-2,0,15,12,54.171,27.091,69.533
least-response-time-cache-off-warm0,130,2,2.9462,178.199,90.578,268.777,you,white-fang,1,,server-2,0,14,10,54.171,21.939,57.263
least-response-time-cache-off-warm0,130,2,2.9538,170.768,89.218,259.986,castle,hard-times,1,,server-2,0,15,10,54.171,29.655,57.263
least-response-time-cache-off-warm0,130,2,2.9615,162.824,88.102,250.926,he,the-last-of-the-mohicans-a-narrative-of-1757,1,,server-2,0,15,9,54.171,24.569,78.470
least-response-time-cache-off-warm0,130,2,2.9692,156.198,102.655,258.853,horse,the-king-in-yellow,1,,server-2,0,16,9,54.171,24.569,78.470
least-response-time-cache-off-warm0,130,2,2.9769,168.035,114.577,282.612,and,oliver-twist,1,,server-2,0,17,7,54.171,24.569,42.130
least-response-time-cache-off-warm0,130,2,2.9846,53.119,75.091,128.210,horse,the-house-of-the-seven-gables,1,,server-3,0,17,5,54.171,43.036,25.003
least-response-time-cache-off-warm0,130,2,2.9923,173.366,95.917,269.283,king,agnes-grey,1,,server-2,0,18,5,54.171,23.083,25.003
least-response-time-cache-off-warm0,130,2,3.0000,208.582,67.953,276.536,whale,the-war-of-the-worlds,1,,server-2,0,19,5,54.171,23.083,26.132
least-response-time-cache-off-warm0,130,2,3.0077,29.905,55.127,85.032,she,the-vicomte-de-bragelonne,1,,server-3,0,19,6,54.171,23.083,22.272
least-response-time-cache-off-warm0,130,2,3.0154,32.873,69.252,102.125,of,tess-of-the-d-urbervilles-a-pure-woman,1,,server-3,0,19,7,54.171,23.083,22.272
least-response-time-cache-off-warm0,130,2,3.0231,29.050,110.769,139.819,london,the-iliad-2199,1,,server-3,0,18,8,54.171,43.350,24.557
least-response-time-cache-off-warm0,130,2,3.0308,62.550,184.295,246.844,she,a-connecticut-yankee-in-king-arthur-s-court,1,,server-3,0,15,9,54.171,42.462,32.149
least-response-time-cache-off-warm0,130,2,3.0385,51.286,48.048,99.334,the,thus-spake-zarathustra-a-book-for-all-and-none,1,,server-3,0,15,9,54.171,42.462,18.888
least-response-time-cache-off-warm0,130,2,3.0462,47.735,147.934,195.669,the,the-mysterious-island,1,,server-3,0,14,10,54.171,28.513,18.888
least-response-time-cache-off-warm0,130,2,3.0538,60.600,130.764,191.364,castle,the-american,1,,server-3,0,14,8,54.171,28.513,14.210
least-response-time-cache-off-warm0,130,2,3.0615,55.308,79.763,135.071,london,silas-marner,1,,server-3,0,14,9,54.171,28.513,14.210
least-response-time-cache-off-warm0,130,2,3.0692,50.145,158.433,208.578,money,great-expectations,1,,server-3,0,14,10,54.171,28.513,14.210
least-response-time-cache-off-warm0,130,2,3.0769,62.570,158.150,220.720,love,the-age-of-innocence,1,,server-3,0,14,11,54.171,28.513,14.210
least-response-time-cache-off-warm0,130,2,3.0846,193.311,53.939,247.250,castle,thus-spake-zarathustra-a-book-for-all-and-none,1,,server-3,0,14,12,54.171,61.127,14.210
least-response-time-cache-off-warm0,130,2,3.0923,184.569,37.219,221.788,he,anne-of-green-gables,1,,server-3,0,14,13,54.171,61.127,25.860
least-response-time-cache-off-warm0,130,2,3.1000,184.944,149.572,334.516,castle,myths-and-legends-of-ancient-greece-and-rome,1,,server-3,0,14,14,54.171,81.970,21.506
least-response-time-cache-off-warm0,130,2,3.1077,164.491,87.981,252.471,castle,beyond-good-and-evil,1,,server-3,0,14,13,54.171,81.970,21.506
least-response-time-cache-off-warm0,130,2,3.1154,180.764,132.449,313.213,castle,pride-and-prejudice,1,,server-3,0,14,15,54.171,81.970,18.096
least-response-time-cache-off-warm0,130,2,3.1231,174.900,66.288,241.189,night,the-scarlet-letter,1,,server-3,0,13,14,54.171,46.277,11.771
least-response-time-cache-off-warm0,130,2,3.1308,201.461,117.394,318.855,death,the-scarlet-letter-33,1,,server-3,0,10,15,54.171,40.477,11.771
least-response-time-cache-off-warm0,130,2,3.1385,177.417,132.029,309.446,and,a-journey-to-the-centre-of-the-earth,1,,server-3,0,10,16,54.171,40.477,20.656
least-response-time-cache-off-warm0,130,2,3.1462,195.886,191.079,386.965,the,jude-the-obscure,1,,server-3,0,10,16,54.171,35.701,14.176
least-response-time-cache-off-warm0,130,2,3.1538,178.209,115.233,293.442,heart,the-song-of-the-lark,1,,server-3,0,10,17,54.171,35.701,14.176
least-response-time-cache-off-warm0,130,2,3.1615,180.629,127.050,307.679,letter,jude-the-obscure,1,,server-3,0,10,18,54.171,35.701,14.176
least-response-time-cache-off-warm0,130,2,3.1692,195.295,121.259,316.554,of,the-adventures-of-sherlock-holmes,1,,server-3,0,9,19,54.171,47.651,27.790
least-response-time-cache-off-warm0,130,2,3.1769,188.729,141.965,330.694,was,the-divine-comedy,1,,server-3,0,9,20,54.171,47.651,27.790
least-response-time-cache-off-warm0,130,2,3.1846,262.301,150.951,413.252,love,little-women,1,,server-3,0,9,21,54.171,36.472,27.790
least-response-time-cache-off-warm0,130,2,3.1923,257.696,108.465,366.161,you,dracula,1,,server-3,0,9,22,54.171,66.461,27.790
least-response-time-cache-off-warm0,130,2,3.2000,287.761,81.562,369.323,he,the-warden,1,,server-3,0,9,22,54.171,68.271,52.684
least-response-time-cache-off-warm0,130,2,3.2077,325.902,78.436,404.338,sea,the-house-of-the-seven-gables,1,,server-3,0,9,23,54.171,68.271,52.684
least-response-time-cache-off-warm0,130,2,3.2154,46.313,43.868,90.180,the,persuasion,1,,server-2,0,7,23,54.171,47.098,52.684
least-response-time-cache-off-warm0,130,2,3.2231,40.560,59.582,100.142,love,the-portrait-of-a-lady-volume-1,1,,server-2,0,8,23,54.171,47.098,52.684
least-response-time-cache-off-warm0,130,2,3.2308,35.136,59.351,94.486,love,wuthering-heights,1,,server-2,0,8,23,54.171,52.186,52.684
least-response-time-cache-off-warm0,130,2,3.2385,37.243,68.341,105.584,night,the-adventures-of-sherlock-holmes,1,,server-2,0,9,23,54.171,52.186,52.684
least-response-time-cache-off-warm0,130,2,3.2462,33.044,81.223,114.267,and,beyond-good-and-evil,1,,server-2,0,10,22,54.171,52.186,61.930
least-response-time-cache-off-warm0,130,2,3.2538,34.594,72.776,107.371,whale,herland,1,,server-2,0,11,21,54.171,52.186,61.930
least-response-time-cache-off-warm0,130,2,3.2615,27.062,111.899,138.961,castle,the-moonstone,1,,server-2,0,11,21,54.171,31.341,61.930
least-response-time-cache-off-warm0,130,2,3.2692,56.980,70.860,127.840,king,the-great-gatsby,1,,server-2,0,9,21,54.171,14.850,61.930
least-response-time-cache-off-warm0,130,2,3.2769,63.638,81.472,145.110,of,mansfield-park,1,,server-2,0,10,21,54.171,18.875,77.102
least-response-time-cache-off-warm0,130,2,3.2846,78.489,77.667,156.156,you,wuthering-heights,1,,server-2,0,10,18,54.171,16.037,58.412
least-response-time-cache-off-warm0,130,2,3.2923,71.188,109.475,180.663,of,the-house-of-mirth,1,,server-2,0,11,18,54.171,12.246,58.412
least-response-time-cache-off-warm0,130,2,3.3000,102.106,98.890,200.996,she,far-from-the-madding-crowd,1,,server-2,0,12,17,54.171,12.246,41.929
least-response-time-cache-off-warm0,130,2,3.3077,112.045,33.630,145.675,whale,the-wind-in-the-willows,1,,server-2,0,13,17,54.171,21.261,41.929
least-response-time-cache-off-warm0,130,2,3.3154,128.896,98.291,227.186,horse,the-king-in-yellow,1,,server-2,0,14,17,54.171,21.261,50.063
least-response-time-cache-off-warm0,130,2,3.3231,118.576,102.898,221.474,death,around-the-world-in-eighty-days,1,,server-2,0,15,16,54.171,26.486,70.151
least-response-time-cache-off-warm0,130,2,3.3308,110.193,78.021,188.214,heart,the-return-of-sherlock-holmes,1,,server-2,0,13,16,54.171,23.683,70.151
least-response-time-cache-off-warm0,130,2,3.3385,105.631,116.446,222.077,london,the-jungle-book,1,,server-2,0,14,15,54.171,23.683,81.005
least-response-time-cache-off-warm0,130,2,3.3462,107.449,117.017,224.467,london,a-princess-of-mars,1,,server-2,0,15,15,54.171,26.863,35.292
least-response-time-cache-off-warm0,130,2,3.3538,121.294,301.136,422.430,and,jane-eyre-an-autobiography,1,,server-2,0,16,15,54.171,26.863,35.292
least-response-time-cache-off-warm0,130,2,3.3615,139.567,213.176,352.742,house,great-expectations,1,,server-2,0,17,15,54.171,32.502,89.502
least-response-time-cache-off-warm0,130,2,3.3692,132.078,79.517,211.594,he,the-first-men-in-the-moon,1,,server-2,0,15,15,54.171,27.639,57.301
least-response-time-cache-off-warm0,130,2,3.3769,126.178,111.939,238.117,he,adventures-of-huckleberry-finn,1,,server-2,0,16,15,54.171,27.639,57.301
least-response-time-cache-off-warm0,130,2,3.3846,135.147,112.043,247.190,of,the-american,1,,server-2,0,17,15,54.171,27.639,57.301
least-response-time-cache-off-warm0,130,2,3.3923,154.620,86.852,241.471,love,twenty-thousand-leagues-under-the-sea,1,,server-2,0,18,15,54.171,27.639,57.301
least-response-time-cache-off-warm0,130,2,3.4000,149.010,142.928,291.938,castle,far-from-the-madding-crowd,1,,server-2,0,19,15,54.171,35.883,57.301
least-response-time-cache-off-warm0,130,2,3.4077,160.897,91.897,252.794,london,the-mystery-of-edwin-drood,1,,server-2,0,19,15,54.171,42.146,52.883
least-response-time-cache-off-warm0,130,2,3.4154,180.046,63.275,243.321,of,silas-marner,1,,server-2,0,20,15,54.171,42.146,52.883
least-response-time-cache-off-warm0,130,2,3.4231,208.916,148.841,357.757,was,the-american,1,,server-2,0,20,15,54.171,27.059,52.883
least-response-time-cache-off-warm0,130,2,3.4308,237.593,162.066,399.660,he,the-wind-in-the-willows,1,,server-2,0,20,15,54.171,27.059,104.614
least-response-time-cache-off-warm0,130,2,3.4385,229.028,129.628,358.656,london,grimms-fairy-tales,1,,server-2,0,21,15,54.171,42.854,104.614
least-response-time-cache-off-warm0,130,2,3.4462,330.332,57.199,387.531,she,the-innocents-abroad,1,,server-2,0,21,15,54.171,29.233,95.228
least-response-time-cache-off-warm0,130,2,3.4538,328.638,104.759,433.397,castle,the-vicomte-de-bragelonne,1,,server-2,0,22,9,54.171,25.701,73.358
least-response-time-cache-off-warm0,130,2,3.4615,344.624,83.669,428.293,castle,grimms-fairy-tales,1,,server-2,0,23,9,54.171,25.701,73.358
least-response-time-cache-off-warm0,130,2,3.4692,365.214,97.551,462.765,london,the-american,1,,server-2,0,24,9,54.171,25.701,59.791
least-response-time-cache-off-warm0,130,2,3.4769,356.947,97.749,454.696,of,the-kama-sutra-of-vatsyayana,1,,server-2,0,23,8,54.171,40.141,101.608
least-response-time-cache-off-warm0,130,2,3.4846,352.228,122.120,474.348,london,the-tenant-of-wildfell-hall,1,,server-2,0,24,7,54.171,40.141,87.863
least-response-time-cache-off-warm0,130,2,3.4923,344.343,97.892,442.235,castle,the-song-of-the-lark,1,,server-2,0,25,6,54.171,40.141,90.096
least-response-time-cache-off-warm0,130,2,3.5000,1.544,11.429,12.973,the,dubliners,1,,server-1,1,25,6,54.171,57.724,90.096
least-response-time-cache-off-warm0,130,2,3.5077,5.811,13.660,19.471,heart,white-fang,1,,server-1,2,25,6,27.834,48.360,81.663
least-response-time-cache-off-warm0,130,2,3.5154,12.230,31.132,43.361,king,the-vicomte-de-bragelonne,1,,server-1,2,25,6,10.575,48.360,81.663
least-response-time-cache-off-warm0,130,2,3.5231,4.745,58.207,62.952,death,the-moonstone,1,,server-1,3,24,6,10.575,39.375,81.663
least-response-time-cache-off-warm0,130,2,3.5308,28.969,83.287,112.256,horse,the-last-of-the-mohicans-a-narrative-of-1757-27681,1,,server-1,3,24,6,3.207,39.375,69.848
least-response-time-cache-off-warm0,130,2,3.5385,43.956,30.612,74.568,night,frankenstein-or-the-modern-prometheus-41445,1,,server-1,4,24,5,3.207,29.824,84.132
least-response-time-cache-off-warm0,130,2,3.5462,36.516,16.846,53.362,and,a-princess-of-mars,1,,server-1,5,22,5,3.207,76.639,68.714
least-response-time-cache-off-warm0,130,2,3.5538,33.346,59.123,92.469,letter,the-age-of-innocence,1,,server-1,6,21,5,3.207,62.269,68.714
least-response-time-cache-off-warm0,130,2,3.5615,24.757,99.341,124.098,she,the-hound-of-the-baskervilles-3070,1,,server-1,7,21,3,12.091,67.268,49.986
least-response-time-cache-off-warm0,130,2,3.5692,20.286,94.274,114.559,she,autobiography-of-benjamin-franklin,1,,server-1,8,21,3,12.091,47.474,52.767
least-response-time-cache-off-warm0,130,2,3.5769,23.778,117.026,140.803,she,the-american,1,,server-1,9,20,3,12.091,56.948,52.767
least-response-time-cache-off-warm0,130,2,3.5846,26.501,140.735,167.236,king,the-last-of-the-mohicans-a-narrative-of-1757,1,,server-1,10,20,3,12.179,38.129,52.767
least-response-time-cache-off-warm0,130,2,3.5923,50.716,70.134,120.850,love,the-romance-of-lust-a-classic-victorian-erotic-novel,1,,server-1,9,20,3,8.152,38.129,52.767
least-response-time-cache-off-warm0,130,2,3.6000,66.178,123.862,190.040,love,the-king-in-yellow,1,,server-1,10,19,3,9.250,31.528,67.838
least-response-time-cache-off-warm0,130,2,3.6077,102.147,85.431,187.578,night,the-last-of-the-mohicans-a-narrative-of-1757-27681,1,,server-1,10,19,3,9.186,31.528,67.838
least-response-time-cache-off-warm0,130,2,3.6154,102.537,141.740,244.277,and,adventures-of-huckleberry-finn,1,,server-1,11,18,0,12.856,44.031,44.667
least-response-time-cache-off-warm0,130,2,3.6231,123.746,109.122,232.868,heart,the-memoirs-of-sherlock-holmes,1,,server-1,12,18,0,12.856,44.031,44.667
least-response-time-cache-off-warm0,130,2,3.6308,116.792,103.650,220.442,you,the-jungle,1,,server-1,13,17,0,12.856,70.601,44.667
least-response-time-cache-off-warm0,130,2,3.6385,135.897,81.906,217.803,letter,the-wind-in-the-willows,1,,server-1,14,16,0,12.856,69.823,44.667
least-response-time-cache-off-warm0,130,2,3.6462,147.723,86.209,233.932,london,the-return-of-sherlock-holmes-108,1,,server-1,14,16,0,25.720,69.823,44.667
least-response-time-cache-off-warm0,130,2,3.6538,179.983,76.784,256.767,the,a-tale-of-two-cities,1,,server-1,13,16,0,25.028,69.823,44.667
least-response-time-cache-off-warm0,130,2,3.6615,189.949,56.378,246.328,horse,the-hound-of-the-baskervilles-3070,1,,server-1,14,15,0,25.028,76.192,44.667
least-response-time-cache-off-warm0,130,2,3.6692,189.549,68.337,257.886,and,desert-gold,1,,server-1,15,14,0,30.380,46.939,44.667
least-response-time-cache-off-warm0,130,2,3.6769,184.433,128.356,312.789,letter,the-vicomte-de-bragelonne,1,,server-1,16,14,0,30.380,46.939,44.667
least-response-time-cache-off-warm0,130,2,3.6846,195.523,94.457,289.979,of,the-iliad-2199,1,,server-1,17,14,0,41.353,46.939,44.667
least-response-time-cache-off-warm0,130,2,3.6923,185.105,148.227,333.332,the,twenty-thousand-leagues-under-the-sea,1,,server-1,17,13,0,36.483,58.944,44.667
least-response-time-cache-off-warm0,130,2,3.7000,196.604,118.065,314.669,of,the-hound-of-the-baskervilles-3070,1,,server-1,18,13,0,36.483,58.944,44.667
least-response-time-cache-off-warm0,130,2,3.7077,201.489,118.177,319.666,and,a-princess-of-mars,1,,server-1,19,13,0,36.483,58.944,44.667
least-response-time-cache-off-warm0,130,2,3.7154,195.396,119.039,314.435,and,persuasion,1,,server-1,19,11,0,35.768,95.936,44.667
least-response-time-cache-off-warm0,130,2,3.7231,1.455,23.501,24.956,heart,the-war-of-the-worlds,1,,server-3,18,11,1,53.336,95.936,44.667
least-response-time-cache-off-warm0,130,2,3.7308,17.885,27.265,45.149,whale,walden-and-on-the-duty-of-civil-disobedience,1,,server-3,18,11,2,53.336,95.936,22.948
least-response-time-cache-off-warm0,130,2,3.7385,11.424,36.127,47.551,the,the-lost-world,1,,server-3,18,11,3,53.336,95.936,22.948
least-response-time-cache-off-warm0,130,2,3.7462,3.959,52.130,56.089,horse,the-age-of-innocence,1,,server-3,18,11,4,48.178,95.936,22.948
least-response-time-cache-off-warm0,130,2,3.7538,24.028,82.491,106.519,money,the-iliad-2199,1,,server-3,17,11,4,37.672,136.296,4.115
least-response-time-cache-off-warm0,130,2,3.7615,41.058,58.048,99.106,and,the-prince,1,,server-3,16,11,5,44.660,136.296,4.115
least-response-time-cache-off-warm0,130,2,3.7692,30.270,115.318,145.588,love,the-hound-of-the-baskervilles-3070,1,,server-3,16,11,6,44.660,136.296,4.115
least-response-time-cache-off-warm0,130,2,3.7769,22.814,26.845,49.660,love,leaves-of-grass,1,,server-3,16,11,7,31.745,140.600,10.311
least-response-time-cache-off-warm0,130,2,3.7846,20.521,110.918,131.439,love,a-tale-of-two-cities,1,,server-3,16,11,7,31.745,64.749,7.986
least-response-time-cache-off-warm0,130,2,3.7923,13.965,102.488,116.454,you,the-adventures-of-ferdinand-count-fathom-complete,1,,server-3,16,11,7,65.567,64.749,13.038
least-response-time-cache-off-warm0,130,2,3.8000,27.153,168.354,195.507,was,grimms-fairy-tales,1,,server-3,16,11,8,51.039,122.298,12.821
least-response-time-cache-off-warm0,130,2,3.8077,43.653,114.949,158.602,you,silas-marner,1,,server-3,16,8,8,51.039,81.256,4.872
least-response-time-cache-off-warm0,130,2,3.8154,45.595,95.069,140.664,and,the-adventures-of-ferdinand-count-fathom-complete,1,,server-3,16,8,9,43.739,65.493,5.363
least-response-time-cache-off-warm0,130,2,3.8231,85.911,26.558,112.469,house,frankenstein-or-the-modern-prometheus-41445,1,,server-3,16,8,10,43.739,65.493,5.363
least-response-time-cache-off-warm0,130,2,3.8308,62.598,81.686,144.284,house,the-wind-in-the-willows,1,,server-3,15,8,11,67.246,135.206,10.060
least-response-time-cache-off-warm0,130,2,3.8385,75.432,105.777,181.209,sea,his-last-bow,1,,server-3,15,6,12,71.829,59.944,10.060
least-response-time-cache-off-warm0,130,2,3.8462,72.918,111.529,184.447,house,washington-square,1,,server-3,15,6,13,71.829,59.944,15.002
least-response-time-cache-off-warm0,130,2,3.8538,65.311,110.192,175.503,king,a-journey-to-the-centre-of-the-earth,1,,server-3,14,6,14,44.270,59.944,16.870
least-response-time-cache-off-warm0,130,2,3.8615,134.158,52.090,186.248,you,hard-times,1,,server-3,10,6,14,79.970,59.944,27.224
least-response-time-cache-off-warm0,130,2,3.8692,107.539,86.283,193.822,house,northanger-abbey,1,,server-3,10,6,15,79.970,59.944,27.224
least-response-time-cache-off-warm0,130,2,3.8769,101.236,120.758,221.994,she,pride-and-prejudice,1,,server-3,10,6,16,79.970,59.944,27.224
least-response-time-cache-off-warm0,130,2,3.8846,111.854,125.532,237.386,was,the-works-of-edgar-allan-poe-volume-2,1,,server-3,10,6,17,72.132,59.944,27.224
least-response-time-cache-off-warm0,130,2,3.8923,137.286,72.394,209.680,you,the-odyssey,1,,server-3,10,6,18,72.132,56.024,40.277
least-response-time-cache-off-warm0,130,2,3.9000,146.149,94.582,240.732,night,the-return-of-sherlock-holmes,1,,server-3,10,6,19,61.917,56.024,31.378
least-response-time-cache-off-warm0,130,2,3.9077,156.367,85.309,241.677,of,the-great-gatsby,1,,server-3,9,6,20,75.204,48.171,31.378
least-response-time-cache-off-warm0,130,2,3.9154,37.978,111.801,149.779,of,the-jungle,1,,server-1,9,5,18,27.393,48.171,41.128
least-response-time-cache-off-warm0,130,2,3.9231,175.689,77.477,253.167,death,north-and-south,1,,server-3,9,5,16,27.393,48.171,22.819
least-response-time-cache-off-warm0,130,2,3.9308,81.258,29.834,111.092,the,around-the-world-in-eighty-days,1,,server-1,8,5,16,22.605,48.171,22.819
least-response-time-cache-off-warm0,130,2,3.9385,88.802,72.901,161.702,money,the-last-of-the-mohicans-a-narrative-of-1757-27681,1,,server-1,9,4,16,22.605,57.694,22.612
least-response-time-cache-off-warm0,130,2,3.9462,80.790,73.922,154.712,money,the-scarlet-letter,1,,server-1,10,4,16,22.605,57.694,22.612
least-response-time-cache-off-warm0,130,2,3.9538,129.627,129.142,258.768,house,the-return-of-sherlock-holmes-108,1,,server-3,10,4,17,23.068,57.694,21.565
least-response-time-cache-off-warm0,130,2,3.9615,80.684,83.960,164.644,london,leaves-of-grass,1,,server-1,11,0,17,23.068,48.636,31.743
least-response-time-cache-off-warm0,130,2,3.9692,97.099,85.099,182.198,and,the-kama-sutra-of-vatsyayana,1,,server-1,12,0,16,23.068,48.636,46.668
least-response-time-cache-off-warm0,130,2,3.9769,84.130,118.722,202.852,death,the-innocents-abroad,1,,server-1,13,0,14,34.543,48.636,51.301
least-response-time-cache-off-warm0,130,2,3.9846,82.708,86.951,169.659,was,the-last-of-the-mohicans-a-narrative-of-1757,1,,server-1,14,0,14,34.543,48.636,41.551
least-response-time-cache-off-warm0,130,2,3.9923,1.639,30.647,32.286,the,the-vicomte-de-bragelonne,1,,server-2,14,1,14,53.192,48.636,59.490
least-response-time-cache-off-warm0,130,2,4.0000,122.744,100.847,223.591,house,the-king-in-yellow,1,,server-3,14,1,13,53.192,24.978,23.241
least-response-time-cache-off-warm0,130,2,4.0077,116.632,85.007,201.639,heart,sense-and-sensibility,1,,server-3,14,1,14,53.192,24.978,23.241
least-response-time-cache-off-warm0,130,2,4.0154,134.985,101.722,236.707,king,north-and-south,1,,server-3,12,1,15,61.555,24.978,23.241
least-response-time-cache-off-warm0,130,2,4.0231,2.718,19.095,21.813,sea,madame-bovary,1,,server-2,12,2,15,61.555,24.978,55.514
least-response-time-cache-off-warm0,130,2,4.0308,14.882,25.087,39.969,london,a-princess-of-mars,1,,server-2,10,2,14,58.798,10.926,48.822
least-response-time-cache-off-warm0,130,2,4.0385,7.458,26.963,34.421,death,autobiography-of-benjamin-franklin,1,,server-2,10,3,13,58.798,10.926,52.203
least-response-time-cache-off-warm0,130,2,4.0462,3.772,56.247,60.019,house,the-return-of-sherlock-holmes-108,1,,server-2,8,3,12,37.303,4.086,44.186
least-response-time-cache-off-warm0,130,2,4.0538,16.848,63.970,80.817,sea,a-tale-of-two-cities,1,,server-2,8,4,12,37.303,3.062,36.903
least-response-time-cache-off-warm0,130,2,4.0615,11.633,14.242,25.874,london,persuasion,1,,server-2,8,5,11,41.713,4.700,32.183
least-response-time-cache-off-warm0,130,2,4.0692,5.478,40.716,46.194,the,the-war-of-the-worlds,1,,server-2,7,6,10,18.131,6.703,56.289
least-response-time-cache-off-warm0,130,2,4.0769,30.254,62.263,92.517,king,the-portrait-of-a-lady-volume-1,1,,server-2,7,5,10,18.131,3.584,56.289
least-response-time-cache-off-warm0,130,2,4.0846,30.988,53.524,84.511,castle,dubliners,1,,server-2,7,6,10,18.131,3.584,48.732
least-response-time-cache-off-warm0,130,2,4.0923,24.050,76.914,100.964,night,the-secret-garden,1,,server-2,7,7,10,18.801,5.610,48.732
least-response-time-cache-off-warm0,130,2,4.1000,65.153,58.264,123.417,and,autobiography-of-benjamin-franklin,1,,server-2,6,8,10,26.863,5.610,42.318
least-response-time-cache-off-warm0,130,2,4.1077,28.852,55.236,84.089,house,the-jungle-book,1,,server-2,6,7,10,32.989,12.047,51.368
least-response-time-cache-off-warm0,130,2,4.1154,49.131,83.672,132.803,king,the-song-of-the-lark,1,,server-2,6,8,10,32.989,12.785,51.368
least-response-time-cache-off-warm0,130,2,4.1231,47.765,80.442,128.207,love,emma,1,,server-2,6,8,8,32.989,8.450,39.108
least-response-time-cache-off-warm0,130,2,4.1308,52.117,84.866,136.983,letter,the-house-of-mirth,1,,server-2,4,9,8,38.463,8.450,31.607
least-response-time-cache-off-warm0,130,2,4.1385,127.224,27.735,154.960,money,oliver-twist,1,,server-2,4,9,8,38.463,14.730,28.012
least-response-time-cache-off-warm0,130,2,4.1462,123.236,49.734,172.970,you,tess-of-the-d-urbervilles-a-pure-woman,1,,server-2,4,10,7,38.463,14.730,40.750
least-response-time-cache-off-warm0,130,2,4.1538,116.493,102.403,218.896,night,the-jungle,1,,server-2,4,11,6,41.302,18.208,35.894
least-response-time-cache-off-warm0,130,2,4.1615,127.464,77.741,205.205,whale,the-adventures-of-ferdinand-count-fathom-complete,1,,server-2,1,12,6,33.058,18.208,35.894
least-response-time-cache-off-warm0,130,2,4.1692,124.203,139.290,263.493,money,grimms-fairy-tales,1,,server-2,1,13,6,33.058,29.530,35.894
least-response-time-cache-off-warm0,130,2,4.1769,137.239,100.604,237.843,night,the-house-of-mirth,1,,server-2,1,13,5,33.058,14.174,32.381
least-response-time-cache-off-warm0,130,2,4.1846,129.801,100.016,229.817,heart,sense-and-sensibility,1,,server-2,0,13,5,39.472,11.020,32.381
least-response-time-cache-off-warm0,130,2,4.1923,176.146,76.939,253.085,the,myths-and-legends-of-ancient-greece-and-rome,1,,server-2,0,14,5,39.472,16.543,32.381
least-response-time-cache-off-warm0,130,2,4.2000,209.160,51.355,260.515,she,a-journey-to-the-centre-of-the-earth,1,,server-2,0,15,5,39.472,24.724,32.381
least-response-time-cache-off-warm0,130,2,4.2077,208.344,63.954,272.298,he,the-adventures-of-sherlock-holmes,1,,server-2,0,16,5,39.472,21.970,32.381
least-response-time-cache-off-warm0,130,2,4.2154,218.201,60.397,278.598,love,washington-square,1,,server-2,0,17,5,39.472,21.970,48.853
least-response-time-cache-off-warm0,130,2,4.2231,237.865,45.690,283.554,she,the-great-gatsby,1,,server-2,0,17,4,39.472,29.335,49.388
least-response-time-cache-off-warm0,130,2,4.2308,247.387,58.224,305.611,money,herland,1,,server-2,0,16,2,39.472,23.618,49.388
least-response-time-cache-off-warm0,130,2,4.2385,224.617,96.350,320.967,king,autobiography-of-benjamin-franklin,1,,server-2,0,17,2,39.472,23.618,49.388
least-response-time-cache-off-warm0,130,2,4.2462,231.895,85.679,317.574,and,the-adventures-of-ferdinand-count-fathom-complete,1,,server-2,0,18,2,39.472,23.618,49.388
least-response-time-cache-off-warm0,130,2,4.2538,1.273,13.225,14.498,london,silas-marner,1,,server-1,1,17,0,39.472,53.267,39.524
least-response-time-cache-off-warm0,130,2,4.2615,7.108,10.149,17.256,night,the-mysterious-affair-at-styles,1,,server-1,2,17,0,20.285,53.267,39.524
least-response-time-cache-off-warm0,130,2,4.2692,1.956,33.982,35.939,he,the-iliad-2199,1,,server-1,2,15,0,8.368,39.525,39.524
least-response-time-cache-off-warm0,130,2,4.2769,2.438,38.431,40.868,night,the-mystery-of-edwin-drood,1,,server-1,3,15,0,5.504,28.141,39.524
least-response-time-cache-off-warm0,130,2,4.2846,33.859,40.784,74.644,of,the-last-of-the-mohicans-a-narrative-of-1757-27681,1,,server-1,3,15,0,3.051,28.141,39.524
least-response-time-cache-off-warm0,130,2,4.2923,26.318,70.501,96.820,castle,a-journey-to-the-centre-of-the-earth,1,,server-1,4,15,0,3.051,38.276,39.524
least-response-time-cache-off-warm0,130,2,4.3000,18.919,39.513,58.432,the,the-house-of-the-seven-gables,1,,server-1,5,14,0,3.051,59.079,39.524
least-response-time-cache-off-warm0,130,2,4.3077,13.012,66.317,79.329,whale,far-from-the-madding-crowd,1,,server-1,6,14,0,7.618,59.079,39.524
least-response-time-cache-off-warm0,130,2,4.3154,6.752,90.210,96.961,you,the-last-of-the-mohicans-a-narrative-of-1757-27681,1,,server-1,7,14,0,7.618,28.883,39.524
least-response-time-cache-off-warm0,130,2,4.3231,35.256,81.604,116.860,house,the-last-of-the-mohicans-a-narrative-of-1757-27681,1,,server-1,6,13,0,2.848,26.506,39.524
least-response-time-cache-off-warm0,130,2,4.3308,56.363,183.197,239.560,whale,the-secret-garden-17396,1,,server-1,7,13,0,2.848,26.506,39.524
least-response-time-cache-off-warm0,130,2,4.3385,71.215,161.627,232.842,castle,northanger-abbey,1,,server-1,8,13,0,2.848,26.506,39.524
least-response-time-cache-off-warm0,130,2,4.3462,13.348,99.386,112.734,death,silas-marner,1,,server-1,9,13,0,2.848,26.506,39.524
least-response-time-cache-off-warm0,130,2,4.3538,38.077,92.512,130.589,london,frankenstein-or-the-modern-prometheus-41445,1,,server-1,10,13,0,2.848,26.506,39.524
least-response-time-cache-off-warm0,130,2,4.3615,29.934,175.091,205.025,horse,the-secret-adversary,1,,server-1,11,13,0,7.514,26.506,39.524
least-response-time-cache-off-warm0,130,2,4.3692,68.645,165.560,234.204,she,myths-and-legends-of-ancient-greece-and-rome,1,,server-1,12,13,0,7.514,51.021,39.524
least-response-time-cache-off-warm0,130,2,4.3769,63.306,77.701,141.007,of,the-adventures-of-tom-sawyer-complete,1,,server-1,12,13,0,13.210,61.212,39.524
least-response-time-cache-off-warm0,130,2,4.3846,69.440,147.346,216.786,heart,the-american,1,,server-1,13,13,0,13.210,61.212,39.524
least-response-time-cache-off-warm0,130,2,4.3923,67.118,144.798,211.916,money,dracula,1,,server-1,12,13,0,24.378,61.212,39.524
least-response-time-cache-off-warm0,130,2,4.4000,61.915,141.921,203.836,of,the-first-men-in-the-moon,1,,server-1,13,13,0,24.378,53.824,39.524
least-response-time-cache-off-warm0,130,2,4.4077,192.472,106.868,299.339,whale,herland,1,,server-1,14,13,0,24.378,53.824,39.524
least-response-time-cache-off-warm0,130,2,4.4154,156.272,122.791,279.063,london,the-last-of-the-mohicans-a-narrative-of-1757,1,,server-1,13,10,0,27.462,73.452,39.524
least-response-time-cache-off-warm0,130,2,4.4231,181.774,126.693,308.467,money,white-fang,1,,server-1,14,10,0,29.713,73.452,39.524
least-response-time-cache-off-warm0,130,2,4.4308,173.245,107.930,281.175,sea,the-house-of-mirth,1,,server-1,15,10,0,29.713,73.452,39.524
least-response-time-cache-off-warm0,130,2,4.4385,162.713,72.189,234.901,horse,persuasion,1,,server-1,16,8,0,28.102,58.827,39.524
least-response-time-cache-off-warm0,130,2,4.4462,162.575,125.002,287.578,castle,far-from-the-madding-crowd,1,,server-1,16,8,0,18.720,57.525,39.524
least-response-time-cache-off-warm0,130,2,4.4538,205.035,157.563,362.598,love,the-song-of-the-lark,1,,server-1,17,8,0,22.978,57.525,39.524
least-response-time-cache-off-warm0,130,2,4.4615,158.445,166.188,324.633,london,hard-times,1,,server-1,18,7,0,18.824,96.459,39.524
least-response-time-cache-off-warm0,130,2,4.4692,227.223,84.612,311.835,house,the-mysterious-affair-at-styles,1,,server-1,19,7,0,18.824,76.429,39.524
least-response-time-cache-off-warm0,130,2,4.4769,231.647,123.502,355.149,sea,the-lost-world,1,,server-1,19,7,0,18.824,76.429,39.524
least-response-time-cache-off-warm0,130,2,4.4846,226.387,112.443,338.829,of,hard-times,1,,server-1,20,6,0,29.240,34.384,39.524
least-response-time-cache-off-warm0,130,2,4.4923,245.058,96.992,342.050,letter,a-princess-of-mars,1,,server-1,21,6,0,29.240,34.384,39.524
least-response-time-cache-off-warm0,130,2,4.5000,252.002,81.182,333.184,you,the-first-men-in-the-moon,1,,server-1,22,5,0,29.240,31.158,39.524
least-response-time-cache-off-warm0,130,2,4.5077,252.490,87.817,340.308,death,the-hound-of-the-baskervilles,1,,server-1,23,5,0,29.240,33.457,39.524
least-response-time-cache-off-warm0,130,2,4.5154,48.687,94.127,142.813,love,the-warden,1,,server-2,23,5,0,29.240,24.685,39.524
least-response-time-cache-off-warm0,130,2,4.5231,36.968,38.648,75.615,of,cranford,1,,server-2,22,6,0,34.163,24.685,39.524
least-response-time-cache-off-warm0,130,2,4.5308,33.912,45.999,79.911,london,the-jungle-book,1,,server-2,22,7,0,34.163,24.685,39.524
least-response-time-cache-off-warm0,130,2,4.5385,26.303,32.883,59.186,king,a-tale-of-two-cities,1,,server-2,21,7,0,34.163,28.761,39.524
least-response-time-cache-off-warm0,130,2,4.5462,22.362,57.259,79.620,money,the-lost-world,1,,server-2,21,8,0,34.163,28.761,39.524
least-response-time-cache-off-warm0,130,2,4.5538,14.305,91.696,106.001,the,black-beauty,1,,server-2,21,9,0,34.163,28.761,39.524
least-response-time-cache-off-warm0,130,2,4.5615,34.246,130.206,164.452,heart,the-moonstone,1,,server-2,21,8,0,34.163,24.101,39.524
least-response-time-cache-off-warm0,130,2,4.5692,54.224,97.912,152.136,of,treasure-island,1,,server-2,21,8,0,63.022,6.489,39.524
least-response-time-cache-off-warm0,130,2,4.5769,46.657,84.846,131.503,he,the-secret-garden,1,,server-2,18,9,0,60.165,6.489,39.524
least-response-time-cache-off-warm0,130,2,4.5846,75.497,87.373,162.871,letter,the-song-of-the-lark,1,,server-2,18,10,0,60.165,6.489,39.524
least-response-time-cache-off-warm0,130,2,4.5923,69.277,134.087,203.363,house,walden-and-on-the-duty-of-civil-disobedience,1,,server-2,18,11,0,78.484,13.348,39.524
least-response-time-cache-off-warm0,130,2,4.6000,148.097,60.196,208.293,the,the-wind-in-the-willows,1,,server-2,18,12,0,96.541,16.322,39.524
least-response-time-cache-off-warm0,130,2,4.6077,114.044,70.600,184.645,love,the-romance-of-lust-a-classic-victorian-erotic-novel,1,,server-2,14,13,0,49.414,16.322,39.524
least-response-time-cache-off-warm0,130,2,4.6154,134.580,73.837,208.417,and,the-war-of-the-worlds,1,,server-2,14,13,0,75.553,16.999,39.524
least-response-time-cache-off-warm0,130,2,4.6231,169.499,108.353,277.852,death,the-hound-of-the-baskervilles-3070,1,,server-2,14,13,0,51.862,23.077,39.524
least-response-time-cache-off-warm0,130,2,4.6308,166.853,65.072,231.926,of,a-tale-of-two-cities,1,,server-2,14,13,0,51.862,20.734,39.524
least-response-time-cache-off-warm0,130,2,4.6385,158.212,93.482,251.694,sea,the-american,1,,server-2,14,14,0,51.862,20.734,39.524
least-response-time-cache-off-warm0,130,2,4.6462,174.498,191.385,365.884,castle,a-tale-of-two-cities,1,,server-2,14,15,0,51.862,20.734,39.524
least-response-time-cache-off-warm0,130,2,4.6538,144.737,96.103,240.840,house,the-moonstone,1,,server-2,14,16,0,51.862,20.808,39.524
least-response-time-cache-off-warm0,130,2,4.6615,146.864,151.799,298.663,was,the-last-of-the-mohicans-a-narrative-of-1757-27681,1,,server-2,14,15,0,48.656,29.647,39.524
least-response-time-cache-off-warm0,130,2,4.6692,155.460,132.451,287.912,london,the-return-of-sherlock-holmes-108,1,,server-2,14,15,0,48.656,23.878,39.524
least-response-time-cache-off-warm0,130,2,4.6769,185.595,55.119,240.715,the,the-adventures-of-tom-sawyer-complete,1,,server-2,14,16,0,52.839,23.878,39.524
least-response-time-cache-off-warm0,130,2,4.6846,216.626,86.723,303.348,you,wuthering-heights,1,,server-2,14,17,0,52.839,33.749,39.524
least-response-time-cache-off-warm0,130,2,4.6923,222.403,104.985,327.388,horse,herland,1,,server-2,14,18,0,86.430,33.749,39.524
least-response-time-cache-off-warm0,130,2,4.7000,261.102,95.703,356.804,horse,tess-of-the-d-urbervilles-a-pure-woman,1,,server-2,13,19,0,77.168,33.749,39.524
least-response-time-cache-off-warm0,130,2,4.7077,254.448,91.919,346.367,of,the-adventures-of-tom-sawyer-complete,1,,server-2,13,20,0,57.156,33.749,39.524
least-response-time-cache-off-warm0,130,2,4.7154,2.071,14.102,16.172,the,the-first-men-in-the-moon,1,,server-3,11,20,1,42.215,43.264,39.524
least-response-time-cache-off-warm0,130,2,4.7231,9.159,31.427,40.586,horse,leaves-of-grass,1,,server-3,11,20,2,42.215,46.650,20.364
least-response-time-cache-off-warm0,130,2,4.7308,1.651,13.373,15.023,of,memoirs-of-fanny-hill,1,,server-3,11,19,3,42.215,41.704,20.364
least-response-time-cache-off-warm0,130,2,4.7385,7.795,56.543,64.338,sea,the-romance-of-lust-a-classic-victorian-erotic-novel,1,,server-3,8,19,3,109.913,41.704,4.514
least-response-time-cache-off-warm0,130,2,4.7462,18.540,87.337,105.877,heart,the-tenant-of-wildfell-hall,1,,server-3,8,19,4,109.913,41.704,5.087
least-response-time-cache-off-warm0,130,2,4.7538,11.040,39.629,50.669,horse,desert-gold,1,,server-3,8,16,5,75.620,55.993,5.087
least-response-time-cache-off-warm0,130,2,4.7615,4.949,82.173,87.122,money,jude-the-obscure,1,,server-3,8,16,6,54.157,55.993,5.087
least-response-time-cache-off-warm0,130,2,4.7692,82.834,33.817,116.651,whale,the-american,1,,server-3,8,16,5,43.754,48.061,3.049
least-response-time-cache-off-warm0,130,2,4.7769,70.987,18.167,89.153,she,the-secret-adversary,1,,server-3,8,16,6,43.754,48.061,3.049
least-response-time-cache-off-warm0,130,2,4.7846,69.431,97.676,167.107,death,the-song-of-the-lark,1,,server-3,8,16,7,49.793,48.061,3.049
least-response-time-cache-off-warm0,130,2,4.7923,62.241,56.778,119.019,you,desperate-remedies,1,,server-3,8,16,8,42.860,63.623,3.049
least-response-time-cache-off-warm0,130,2,4.8000,64.498,86.120,150.618,london,memoirs-of-fanny-hill,1,,server-3,8,14,9,42.860,72.827,3.049
least-response-time-cache-off-warm0,130,2,4.8077,75.760,142.023,217.784,and,the-scarlet-letter-33,1,,server-3,6,14,9,42.860,59.533,10.892
least-response-time-cache-off-warm0,130,2,4.8154,68.074,83.525,151.598,the,the-picture-of-dorian-gray,1,,server-3,6,14,10,42.860,32.233,10.892
least-response-time-cache-off-warm0,130,2,4.8231,81.888,119.006,200.893,letter,the-mysterious-island,1,,server-3,6,13,11,67.037,54.088,10.892
least-response-time-cache-off-warm0,130,2,4.8308,57.118,135.926,193.044,death,the-hound-of-the-baskervilles,1,,server-3,6,12,12,67.037,52.708,18.698
least-response-time-cache-off-warm0,130,2,4.8385,123.409,107.661,231.070,love,the-adventures-of-sherlock-holmes,1,,server-3,1,12,13,32.023,52.708,18.698
least-response-time-cache-off-warm0,130,2,4.8462,119.232,82.824,202.056,love,the-secret-garden,1,,server-3,1,12,14,32.023,52.708,30.141
least-response-time-cache-off-warm0,130,2,4.8538,114.205,67.583,181.788,money,the-king-in-yellow,1,,server-3,0,12,12,34.156,52.708,22.136
least-response-time-cache-off-warm0,130,2,4.8615,140.704,111.803,252.507,he,the-war-of-the-worlds,1,,server-3,0,12,13,34.156,52.708,17.992
least-response-time-cache-off-warm0,130,2,4.8692,151.670,166.642,318.312,of,frankenstein-or-the-modern-prometheus,1,,server-3,0,12,14,34.156,60.257,15.941
least-response-time-cache-off-warm0,130,2,4.8769,146.738,92.025,238.764,death,memoirs-of-fanny-hill,1,,server-3,0,12,15,34.156,60.257,15.941
least-response-time-cache-off-warm0,130,2,4.8846,140.914,94.811,235.725,letter,mary-barton,1,,server-3,0,12,16,34.156,60.257,21.735
least-response-time-cache-off-warm0,130,2,4.8923,157.175,135.617,292.792,of,adventures-of-huckleberry-finn,1,,server-3,0,12,15,34.156,58.719,20.850
least-response-time-cache-off-warm0,130,2,4.9000,165.462,143.069,308.530,whale,desperate-remedies,1,,server-3,0,11,16,34.156,64.496,20.850
least-response-time-cache-off-warm0,130,2,4.9077,162.737,185.764,348.501,death,mary-barton,1,,server-3,0,9,17,34.156,58.909,20.133
least-response-time-cache-off-warm0,130,2,4.9154,154.814,138.057,292.871,and,jane-eyre-an-autobiography,1,,server-3,0,9,18,34.156,39.355,22.994
least-response-time-cache-off-warm0,130,2,4.9231,191.098,139.147,330.244,death,jude-the-obscure,1,,server-3,0,8,19,34.156,77.288,19.725
least-response-time-cache-off-warm0,130,2,4.9308,205.115,137.192,342.307,you,the-king-in-yellow,1,,server-3,0,8,20,34.156,77.288,19.725
least-response-time-cache-off-warm0,130,2,4.9385,246.331,138.460,384.791,horse,the-scarlet-letter,1,,server-3,0,8,21,34.156,77.288,19.725
least-response-time-cache-off-warm0,130,2,4.9462,234.587,94.836,329.423,death,the-hound-of-the-baskervilles-3070,1,,server-3,0,8,22,34.156,77.288,19.725
least-response-time-cache-off-warm0,130,2,4.9538,1.644,30.461,32.105,was,the-moonstone,1,,server-1,1,8,21,34.156,77.288,61.059
least-response-time-cache-off-warm0,130,2,4.9615,25.598,87.651,113.249,london,villette,1,,server-1,2,5,20,17.578,47.257,57.071
least-response-time-cache-off-warm0,130,2,4.9692,18.260,86.664,104.924,and,the-iliad,1,,server-1,3,5,19,17.578,47.257,26.070
least-response-time-cache-off-warm0,130,2,4.9769,11.176,90.645,101.821,he,villette,1,,server-1,4,5,19,17.578,47.257,26.070
least-response-time-cache-off-warm0,130,2,4.9846,3.607,105.635,109.242,was,the-memoirs-of-sherlock-holmes,1,,server-1,5,5,19,17.578,47.257,26.070
least-response-time-cache-off-warm0,130,2,4.9923,81.969,49.711,131.680,sea,hard-times,1,,server-1,5,5,18,2.821,39.639,26.070
least-response-time-cache-off-warm0,130,2,5.0000,93.561,28.697,122.258,she,cranford,1,,server-1,6,5,18,2.821,39.639,26.070
least-response-time-cache-off-warm0,130,2,5.0077,86.082,58.836,144.918,heart,little-women,1,,server-1,7,5,18,2.821,39.639,49.232
least-response-time-cache-off-warm0,130,2,5.0154,81.001,120.960,201.961,king,the-jungle,1,,server-1,8,5,18,2.821,69.268,49.232
least-response-time-cache-off-warm0,130,2,5.0231,75.162,124.875,200.037,money,mary-barton,1,,server-1,9,3,18,2.821,49.895,35.616
least-response-time-cache-off-warm0,130,2,5.0308,67.408,74.970,142.379,letter,sense-and-sensibility,1,,server-1,10,3,18,8.416,49.895,55.914
least-response-time-cache-off-warm0,130,2,5.0385,81.790,164.508,246.298,whale,little-women,1,,server-1,11,3,15,8.416,49.895,41.517
least-response-time-cache-off-warm0,130,2,5.0462,125.202,115.800,241.002,night,anne-of-green-gables,1,,server-1,12,3,15,8.416,49.895,41.517
least-response-time-cache-off-warm0,130,2,5.0538,166.111,90.987,257.098,she,far-from-the-madding-crowd,1,,server-1,13,3,13,8.416,52.903,27.070
least-response-time-cache-off-warm0,130,2,5.0615,113.115,112.336,225.451,house,the-first-men-in-the-moon,1,,server-1,14,0,13,8.416,39.641,27.070
least-response-time-cache-off-warm0,130,2,5.0692,104.324,115.225,219.549,king,kidnapped,1,,server-1,15,0,13,8.416,39.641,89.383
least-response-time-cache-off-warm0,130,2,5.0769,167.276,121.752,289.028,night,desert-gold,1,,server-1,15,0,12,35.135,39.641,37.996
least-response-time-cache-off-warm0,130,2,5.0846,101.852,124.807,226.659,whale,hard-times,1,,server-3,15,0,13,46.162,39.641,32.490
least-response-time-cache-off-warm0,130,2,5.0923,113.233,102.946,216.179,house,far-from-the-madding-crowd,1,,server-3,14,0,14,45.736,39.641,32.490
least-response-time-cache-off-warm0,130,2,5.1000,190.677,100.452,291.129,death,oliver-twist,1,,server-1,13,0,14,22.845,39.641,61.093
least-response-time-cache-off-warm0,130,2,5.1077,182.456,54.530,236.986,night,the-house-of-mirth,1,,server-1,14,0,14,22.845,39.641,61.093
least-response-time-cache-off-warm0,130,2,5.1154,174.943,97.088,272.031,whale,the-romance-of-lust-a-classic-victorian-erotic-novel,1,,server-1,15,0,14,30.746,39.641,63.036
least-response-time-cache-off-warm0,130,2,5.1231,191.470,144.972,336.442,and,the-mysterious-affair-at-styles,1,,server-1,16,0,13,26.033,39.641,55.784
least-response-time-cache-off-warm0,130,2,5.1308,185.632,97.920,283.552,house,the-memoirs-of-sherlock-holmes,1,,server-1,17,0,13,16.906,39.641,55.784
least-response-time-cache-off-warm0,130,2,5.1385,178.618,131.142,309.760,love,his-last-bow,1,,server-1,18,0,12,16.906,39.641,37.017
least-response-time-cache-off-warm0,130,2,5.1462,242.004,45.766,287.771,he,the-scarlet-letter-33,1,,server-1,19,0,12,16.906,39.641,37.017
least-response-time-cache-off-warm0,130,2,5.1538,233.868,62.200,296.068,whale,thus-spake-zarathustra-a-book-for-all-and-none,1,,server-1,19,0,12,20.180,39.641,98.860
least-response-time-cache-off-warm0,130,2,5.1615,1.563,23.471,25.034,whale,a-tale-of-two-cities,1,,server-2,17,1,12,48.840,39.641,98.860
least-response-time-cache-off-warm0,130,2,5.1692,17.757,65.603,83.359,night,tess-of-the-d-urbervilles-a-pure-woman,1,,server-2,17,2,12,48.840,20.378,98.860
least-response-time-cache-off-warm0,130,2,5.1769,10.467,41.918,52.385,horse,kidnapped,1,,server-2,16,3,12,22.564,20.378,98.860
least-response-time-cache-off-warm0,130,2,5.1846,2.816,40.506,43.322,letter,little-women,1,,server-2,16,4,11,22.564,19.027,71.880
least-response-time-cache-off-warm0,130,2,5.1923,61.185,96.075,157.260,whale,the-scarlet-letter,1,,server-2,16,4,11,22.564,3.372,66.889
least-response-time-cache-off-warm0,130,2,5.2000,53.312,129.644,182.956,was,leaves-of-grass,1,,server-2,16,5,11,22.564,3.372,66.889
least-response-time-cache-off-warm0,130,2,5.2077,45.885,60.218,106.103,night,the-american,1,,server-2,16,6,10,22.564,3.372,52.487
least-response-time-cache-off-warm0,130,2,5.2154,39.278,114.524,153.802,money,dracula,1,,server-2,16,7,10,25.559,3.372,69.653
least-response-time-cache-off-warm0,130,2,5.2231,31.495,141.171,172.667,death,the-king-in-yellow,1,,server-2,16,8,10,58.057,3.372,69.653
least-response-time-cache-off-warm0,130,2,5.2308,24.258,38.533,62.792,letter,the-adventures-of-tom-sawyer-complete,1,,server-2,16,9,10,58.057,13.637,69.653
least-response-time-cache-off-warm0,130,2,5.2385,16.288,205.297,221.585,death,the-vicomte-de-bragelonne,1,,server-2,16,10,10,58.057,13.637,69.653
least-response-time-cache-off-warm0,130,2,5.2462,9.600,200.286,209.886,sea,the-scarlet-letter,1,,server-2,15,11,10,49.856,13.637,69.653
least-response-time-cache-off-warm0,130,2,5.2538,25.937,130.388,156.325,castle,thus-spake-zarathustra-a-book-for-all-and-none,1,,server-2,15,9,9,49.856,7.918,74.774
least-response-time-cache-off-warm0,130,2,5.2615,19.903,174.673,194.576,love,the-iliad-2199,1,,server-2,15,10,8,49.856,2.711,51.720
least-response-time-cache-off-warm0,130,2,5.2692,80.555,141.247,221.801,money,adventures-of-huckleberry-finn,1,,server-2,15,11,8,49.856,2.711,51.720
least-response-time-cache-off-warm0,130,2,5.2769,105.528,109.499,215.026,heart,the-wind-in-the-willows,1,,server-2,14,12,6,49.856,2.711,46.171
least-response-time-cache-off-warm0,130,2,5.2846,97.274,160.953,258.227,was,frankenstein-or-the-modern-prometheus-41445,1,,server-2,14,13,6,90.760,6.243,46.171
least-response-time-cache-off-warm0,130,2,5.2923,118.331,105.018,223.349,sea,emma,1,,server-2,12,14,6,43.398,7.424,46.171
least-response-time-cache-off-warm0,130,2,5.3000,161.094,79.594,240.688,night,grimms-fairy-tales,1,,server-2,12,14,6,43.398,13.624,46.171
least-response-time-cache-off-warm0,130,2,5.3077,184.799,90.790,275.589,castle,north-and-south,1,,server-2,12,15,4,34.286,13.624,46.171
least-response-time-cache-off-warm0,130,2,5.3154,178.449,110.502,288.951,castle,far-from-the-madding-crowd,1,,server-2,9,15,2,55.460,18.240,43.182
least-response-time-cache-off-warm0,130,2,5.3231,170.530,84.127,254.657,was,agnes-grey,1,,server-2,9,16,2,57.096,18.240,61.784
least-response-time-cache-off-warm0,130,2,5.3308,185.655,142.146,327.801,was,mansfield-park,1,,server-2,9,17,0,57.096,24.888,49.474
least-response-time-cache-off-warm0,130,2,5.3385,205.808,81.447,287.255,and,walden-and-on-the-duty-of-civil-disobedience,1,,server-2,9,18,0,57.096,24.888,49.474
least-response-time-cache-off-warm0,130,2,5.3462,238.728,83.801,322.529,love,frankenstein-or-the-modern-prometheus-41445,1,,server-2,9,19,0,52.949,24.888,49.474
least-response-time-cache-off-warm0,130,2,5.3538,251.566,97.396,348.962,letter,mansfield-park,1,,server-2,9,19,0,52.949,40.064,49.474
least-response-time-cache-off-warm0,130,2,5.3615,243.065,99.709,342.774,heart,the-wind-in-the-willows,1,,server-2,9,20,0,52.949,40.064,49.474
least-response-time-cache-off-warm0,130,2,5.3692,258.151,116.257,374.408,castle,the-return-of-sherlock-holmes,1,,server-2,9,21,0,81.229,38.162,49.474
least-response-time-cache-off-warm0,130,2,5.3769,252.008,121.038,373.046,money,little-women,1,,server-2,9,22,0,81.229,38.162,49.474
least-response-time-cache-off-warm0,130,2,5.3846,2.037,23.667,25.704,love,the-iliad-2199,1,,server-3,8,21,1,108.465,51.276,49.474
least-response-time-cache-off-warm0,130,2,5.3923,19.614,45.743,65.357,whale,the-adventures-of-sherlock-holmes,1,,server-3,6,21,2,32.852,51.276,25.429
least-response-time-cache-off-warm0,130,2,5.4000,11.234,14.714,25.948,heart,around-the-world-in-eighty-days,1,,server-3,5,20,3,32.852,52.923,25.429
least-response-time-cache-off-warm0,130,2,5.4077,3.798,42.623,46.421,king,a-journey-to-the-centre-of-the-earth,1,,server-3,5,20,4,32.852,52.923,25.429
least-response-time-cache-off-warm0,130,2,5.4154,10.661,46.687,57.348,money,the-mystery-of-edwin-drood,1,,server-3,5,20,4,32.307,55.643,4.792
least-response-time-cache-off-warm0,130,2,5.4231,31.377,39.782,71.159,horse,the-house-of-the-seven-gables,1,,server-3,5,20,5,32.307,55.643,4.792
least-response-time-cache-off-warm0,130,2,5.4308,27.904,61.307,89.212,was,the-scarlet-letter-33,1,,server-3,5,20,6,32.307,55.643,5.750
least-response-time-cache-off-warm0,130,2,5.4385,34.844,76.174,111.019,of,the-romance-of-lust-a-classic-victorian-erotic-novel,1,,server-3,5,20,7,34.080,55.643,5.750
least-response-time-cache-off-warm0,130,2,5.4462,13.344,48.528,61.872,she,the-adventures-of-sherlock-holmes,1,,server-3,5,20,8,34.080,55.643,9.098
least-response-time-cache-off-warm0,130,2,5.4538,37.930,69.331,107.261,letter,persuasion,1,,server-3,5,20,8,34.000,55.643,18.450
least-response-time-cache-off-warm0,130,2,5.4615,59.001,54.040,113.041,he,around-the-world-in-eighty-days,1,,server-3,0,18,8,41.323,67.909,9.907
least-response-time-cache-off-warm0,130,2,5.4692,51.136,74.477,125.613,was,a-connecticut-yankee-in-king-arthur-s-court,1,,server-3,0,16,9,41.323,45.113,9.907
least-response-time-cache-off-warm0,130,2,5.4769,68.545,66.385,134.930,death,wuthering-heights,1,,server-3,0,15,8,41.323,45.113,11.592
least-response-time-cache-off-warm0,130,2,5.4846,77.150,59.206,136.356,love,the-hound-of-the-baskervilles-3070,1,,server-3,0,15,9,41.323,45.113,11.592
least-response-time-cache-off-warm0,130,2,5.4923,103.387,49.764,153.152,you,silas-marner,1,,server-3,0,14,10,41.323,75.142,12.541
least-response-time-cache-off-warm0,130,2,5.5000,112.098,135.986,248.085,whale,dracula,1,,server-3,0,14,11,41.323,47.815,17.157
least-response-time-cache-off-warm0,130,2,5.5077,104.559,71.589,176.148,he,the-portrait-of-a-lady-volume-1,1,,server-3,0,14,12,41.323,47.815,23.340
least-response-time-cache-off-warm0,130,2,5.5154,106.529,59.686,166.215,horse,sense-and-sensibility,1,,server-3,0,14,13,41.323,40.476,23.340
least-response-time-cache-off-warm0,130,2,5.5231,99.743,97.972,197.715,money,dubliners,1,,server-3,0,13,11,41.323,46.153,16.616
least-response-time-cache-off-warm0,130,2,5.5308,112.945,78.537,191.482,death,a-journey-to-the-centre-of-the-earth,1,,server-3,0,13,12,41.323,46.153,16.616
least-response-time-cache-off-warm0,130,2,5.5385,103.087,62.009,165.096,whale,the-first-men-in-the-moon,1,,server-3,0,13,13,41.323,46.153,16.616
least-response-time-cache-off-warm0,130,2,5.5462,102.111,128.920,231.031,letter,walden-and-on-the-duty-of-civil-disobedience,1,,server-3,0,11,14,41.323,34.001,21.458
least-response-time-cache-off-warm0,130,2,5.5538,128.172,124.022,252.193,you,agnes-grey,1,,server-3,0,11,15,41.323,68.903,25.860
least-response-time-cache-off-warm0,130,2,5.5615,122.674,94.392,217.066,sea,the-picture-of-dorian-gray,1,,server-3,0,11,15,41.323,68.903,24.634
least-response-time-cache-off-warm0,130,2,5.5692,124.904,95.926,220.830,money,silas-marner,1,,server-3,0,11,16,41.323,68.903,24.634
least-response-time-cache-off-warm0,130,2,5.5769,145.477,124.597,270.074,horse,the-divine-comedy,1,,server-3,0,11,16,41.323,68.903,37.736
least-response-time-cache-off-warm0,130,2,5.5846,164.883,102.905,267.788,night,the-adventures-of-ferdinand-count-fathom-complete,1,,server-3,0,10,17,41.323,42.250,37.736
least-response-time-cache-off-warm0,130,2,5.5923,198.628,74.681,273.310,king,frankenstein-or-the-modern-prometheus-41445,1,,server-3,0,9,18,41.323,33.880,33.772
least-response-time-cache-off-warm0,130,2,5.6000,69.142,132.487,201.629,horse,the-adventures-of-tom-sawyer-complete,1,,server-2,0,10,16,41.323,33.880,40.624
least-response-time-cache-off-warm0,130,2,5.6077,196.440,104.231,300.671,death,washington-square,1,,server-3,0,8,17,41.323,116.272,40.624
least-response-time-cache-off-warm0,130,2,5.6154,230.175,33.296,263.471,death,washington-square,1,,server-3,0,8,18,41.323,116.272,21.184
least-response-time-cache-off-warm0,130,2,5.6231,230.918,56.162,287.080,she,the-adventures-of-sherlock-holmes,1,,server-3,0,8,17,41.323,96.096,15.896
least-response-time-cache-off-warm0,130,2,5.6308,234.904,61.854,296.758,castle,grimms-fairy-tales,1,,server-3,0,7,18,41.323,44.558,15.896
least-response-time-cache-off-warm0,130,2,5.6385,230.513,81.817,312.330,he,tess-of-the-d-urbervilles-a-pure-woman,1,,server-3,0,7,19,41.323,44.558,15.896
least-response-time-cache-off-warm0,130,2,5.6462,249.338,91.184,340.521,you,life-on-the-mississippi,1,,server-3,0,7,20,41.323,44.558,29.599
least-response-time-cache-off-warm0,130,2,5.6538,226.035,103.391,329.426,the,the-adventures-of-sherlock-holmes,1,,server-3,0,7,20,41.323,44.558,23.616
least-response-time-cache-off-warm0,130,2,5.6615,244.375,96.414,340.789,she,the-age-of-innocence,1,,server-3,0,7,21,41.323,42.348,23.616
least-response-time-cache-off-warm0,130,2,5.6692,32.548,119.511,152.059,heart,the-scarlet-letter-33,1,,server-2,0,7,21,41.323,34.225,40.541
least-response-time-cache-off-warm0,130,2,5.6769,25.072,98.359,123.431,london,the-adventures-of-ferdinand-count-fathom-complete,1,,server-2,0,7,21,41.323,27.465,40.541
least-response-time-cache-off-warm0,130,2,5.6846,241.400,92.194,333.594,house,the-secret-garden,1,,server-3,0,7,20,41.323,27.465,27.033
least-response-time-cache-off-warm0,130,2,5.6923,26.602,140.784,167.386,he,black-beauty,1,,server-2,0,8,20,41.323,27.465,44.759
least-response-time-cache-off-warm0,130,2,5.7000,49.403,72.699,122.102,was,the-first-men-in-the-moon,1,,server-2,0,9,20,41.323,27.603,31.847
least-response-time-cache-off-warm0,130,2,5.7077,57.450,83.233,140.684,death,the-lost-world,1,,server-2,0,10,19,41.323,25.621,46.189
least-response-time-cache-off-warm0,130,2,5.7154,71.395,56.928,128.323,house,northanger-abbey,1,,server-2,0,11,19,41.323,25.621,46.189
least-response-time-cache-off-warm0,130,2,5.7231,97.590,59.955,157.545,he,the-warden,1,,server-2,0,11,19,41.323,20.363,51.133
least-response-time-cache-off-warm0,130,2,5.7308,91.484,83.121,174.604,you,the-iliad-2199,1,,server-2,0,12,19,41.323,20.363,51.133
least-response-time-cache-off-warm0,130,2,5.7385,107.382,37.311,144.693,heart,the-war-of-the-worlds,1,,server-2,0,13,19,41.323,20.363,51.133
least-response-time-cache-off-warm0,130,2,5.7462,96.394,89.378,185.772,letter,the-song-of-the-lark,1,,server-2,0,12,18,41.323,34.166,62.884
least-response-time-cache-off-warm0,130,2,5.7538,129.643,167.108,296.751,horse,the-moonstone,1,,server-2,0,12,16,41.323,29.534,38.646
least-response-time-cache-off-warm0,130,2,5.7615,108.984,109.428,218.412,of,twenty-thousand-leagues-under-the-sea,1,,server-2,0,13,16,41.323,29.534,38.646
least-response-time-cache-off-warm0,130,2,5.7692,114.440,160.716,275.155,night,the-house-of-mirth,1,,server-2,0,14,16,41.323,27.295,33.777
least-response-time-cache-off-warm0,130,2,5.7769,107.133,93.432,200.565,money,leaves-of-grass,1,,server-2,0,15,16,41.323,27.295,45.618
least-response-time-cache-off-warm0,130,2,5.7846,123.225,143.633,266.858,heart,the-secret-adversary,1,,server-2,0,16,15,41.323,27.295,43.283
least-response-time-cache-off-warm0,130,2,5.7923,115.990,142.441,258.431,money,myths-and-legends-of-ancient-greece-and-rome,1,,server-2,0,17,13,41.323,26.033,49.290
least-response-time-cache-off-warm0,130,2,5.8000,132.495,140.254,272.749,king,jude-the-obscure,1,,server-2,0,18,13,41.323,34.611,49.290
least-response-time-cache-off-warm0,130,2,5.8077,2.100,18.866,20.966,he,grimms-fairy-tales,1,,server-1,1,18,13,41.323,43.612,87.379
least-response-time-cache-off-warm0,130,2,5.8154,14.324,49.732,64.056,heart,the-iliad,1,,server-1,2,18,13,21.274,53.094,87.379
least-response-time-cache-off-warm0,130,2,5.8231,7.069,11.362,18.432,death,the-war-of-the-worlds,1,,server-1,3,17,13,21.274,31.904,87.379
least-response-time-cache-off-warm0,130,2,5.8308,2.116,58.348,60.464,horse,beyond-good-and-evil,1,,server-1,3,17,13,7.301,31.904,87.379
least-response-time-cache-off-warm0,130,2,5.8385,41.197,105.553,146.750,castle,the-adventures-of-ferdinand-count-fathom-complete,1,,server-1,4,14,13,3.225,49.573,87.379
least-response-time-cache-off-warm0,130,2,5.8462,35.729,56.852,92.580,london,the-secret-adversary,1,,server-1,5,14,13,4.568,29.697,75.329
least-response-time-cache-off-warm0,130,2,5.8538,36.228,125.586,161.813,sea,myths-and-legends-of-ancient-greece-and-rome,1,,server-1,6,14,10,4.568,26.153,57.553
least-response-time-cache-off-warm0,130,2,5.8615,28.478,143.009,171.487,death,persuasion,1,,server-1,7,13,10,4.568,46.793,57.553
least-response-time-cache-off-warm0,130,2,5.8692,22.356,124.052,146.408,the,the-house-of-mirth,1,,server-1,8,13,9,4.568,46.793,60.982
least-response-time-cache-off-warm0,130,2,5.8769,16.481,124.896,141.377,heart,the-song-of-the-lark,1,,server-1,9,11,9,15.183,39.538,120.606
least-response-time-cache-off-warm0,130,2,5.8846,23.474,156.114,179.588,money,the-prince,1,,server-1,8,10,8,15.843,16.951,88.096
least-response-time-cache-off-warm0,130,2,5.8923,21.728,148.957,170.685,and,the-adventures-of-tom-sawyer-complete,1,,server-1,9,10,8,10.757,16.951,88.096
least-response-time-cache-off-warm0,130,2,5.9000,113.707,30.354,144.061,horse,the-hound-of-the-baskervilles,1,,server-1,9,10,8,6.691,16.951,62.372
least-response-time-cache-off-warm0,130,2,5.9077,111.931,68.484,180.415,whale,persuasion,1,,server-1,10,9,8,9.209,33.593,46.187
least-response-time-cache-off-warm0,130,2,5.9154,117.704,41.771,159.475,night,frankenstein-or-the-modern-prometheus-41445,1,,server-1,11,9,7,8.131,33.593,25.343
least-response-time-cache-off-warm0,130,2,5.9231,120.127,83.734,203.860,london,a-tale-of-two-cities,1,,server-1,12,9,7,8.131,33.593,25.343
least-response-time-cache-off-warm0,130,2,5.9308,144.333,53.976,198.309,letter,a-princess-of-mars,1,,server-1,13,8,7,8.131,50.439,55.714
least-response-time-cache-off-warm0,130,2,5.9385,172.350,48.903,221.253,castle,anne-of-green-gables,1,,server-1,14,7,7,10.416,27.426,55.714
least-response-time-cache-off-warm0,130,2,5.9462,170.029,84.348,254.378,whale,the-last-of-the-mohicans-a-narrative-of-1757-27681,1,,server-1,15,7,6,18.222,27.426,55.714
least-response-time-cache-off-warm0,130,2,5.9538,161.704,58.064,219.768,the,treasure-island,1,,server-1,16,7,5,18.222,27.426,52.734
least-response-time-cache-off-warm0,130,2,5.9615,155.013,68.526,223.539,heart,the-house-of-the-seven-gables,1,,server-1,17,7,5,18.222,27.426,52.734
least-response-time-cache-off-warm0,130,2,5.9692,11.877,115.090,126.967,castle,the-last-of-the-mohicans-a-narrative-of-1757,1,,server-2,17,8,5,27.933,27.426,50.833
least-response-time-cache-off-warm0,130,2,5.9769,139.670,64.862,204.532,he,the-mysterious-affair-at-styles,1,,server-1,18,8,5,27.933,33.107,50.833
least-response-time-cache-off-warm0,130,2,5.9846,63.442,63.215,126.658,castle,his-last-bow,1,,server-2,18,7,5,27.933,27.466,54.833
least-response-time-cache-off-warm0,130,2,5.9923,81.638,54.143,135.781,he,the-scarlet-letter,1,,server-2,18,8,4,43.220,27.466,59.995
least-response-time-cache-off-warm0,130,2,6.0000,74.768,95.281,170.049,sea,kidnapped,1,,server-2,18,9,4,43.220,27.466,59.995
least-response-time-cache-off-warm0,130,2,6.0077,88.647,59.788,148.435,money,the-moonstone,1,,server-2,18,10,1,43.220,27.466,40.225
least-response-time-cache-off-warm0,130,2,6.0154,95.585,90.220,185.805,letter,the-works-of-edgar-allan-poe-volume-2,1,,server-2,17,11,1,69.846,27.466,40.225
least-response-time-cache-off-warm0,130,2,6.0231,105.437,52.609,158.046,sea,the-secret-garden,1,,server-2,16,12,0,39.069,27.466,33.519
least-response-time-cache-off-warm0,130,2,6.0308,121.710,57.770,179.480,and,poirot-investigates,1,,server-2,14,13,0,41.801,27.466,33.519
least-response-time-cache-off-warm0,130,2,6.0385,118.908,61.510,180.418,whale,the-kama-sutra-of-vatsyayana,1,,server-2,13,14,0,47.515,27.466,33.519
least-response-time-cache-off-warm0,130,2,6.0462,2.176,26.069,28.245,he,tess-of-the-d-urbervilles-a-pure-woman,1,,server-3,13,14,1,36.947,53.343,33.519
least-response-time-cache-off-warm0,130,2,6.0538,21.748,14.449,36.196,horse,the-adventures-of-tom-sawyer-complete,1,,server-3,13,12,2,36.947,56.991,17.270
least-response-time-cache-off-warm0,130,2,6.0615,14.201,40.210,54.411,she,great-expectations,1,,server-3,13,12,3,31.893,56.991,17.270
least-response-time-cache-off-warm0,130,2,6.0692,6.827,71.576,78.402,he,villette,1,,server-3,10,12,4,55.704,56.991,17.270
least-response-time-cache-off-warm0,130,2,6.0769,3.420,85.920,89.339,castle,herland,1,,server-3,9,9,4,44.026,26.123,3.799
least-response-time-cache-off-warm0,130,2,6.0846,31.789,50.916,82.704,was,the-war-of-the-worlds,1,,server-3,9,9,5,44.026,26.123,2.704
least-response-time-cache-off-warm0,130,2,6.0923,25.824,99.375,125.199,letter,the-war-of-the-worlds,1,,server-3,8,9,6,59.778,26.123,4.679
least-response-time-cache-off-warm0,130,2,6.1000,48.248,72.245,120.493,she,life-on-the-mississippi,1,,server-3,8,8,7,59.778,33.322,4.679
least-response-time-cache-off-warm0,130,2,6.1077,41.957,83.542,125.498,of,the-scarlet-letter-33,1,,server-3,8,8,8,59.778,33.322,4.679
least-response-time-cache-off-warm0,130,2,6.1154,34.392,85.966,120.358,was,the-secret-garden,1,,server-3,7,8,8,76.283,33.503,9.098
least-response-time-cache-off-warm0,130,2,6.1231,46.073,114.182,160.255,king,the-odyssey,1,,server-3,7,8,8,37.072,33.503,9.493
least-response-time-cache-off-warm0,130,2,6.1308,105.377,40.561,145.938,money,sense-and-sensibility,1,,server-3,6,7,9,24.587,41.014,9.493
least-response-time-cache-off-warm0,130,2,6.1385,99.697,56.709,156.406,sea,the-secret-adversary,1,,server-3,5,7,10,20.599,41.014,9.493
least-response-time-cache-off-warm0,130,2,6.1462,113.437,64.643,178.081,horse,the-iliad,1,,server-3,5,7,11,20.599,41.014,9.493
least-response-time-cache-off-warm0,130,2,6.1538,123.371,95.868,219.239,the,the-portrait-of-a-lady-volume-1,1,,server-3,5,7,12,20.599,40.151,10.608
least-response-time-cache-off-warm0,130,2,6.1615,133.438,107.329,240.766,castle,pride-and-prejudice,1,,server-3,5,5,12,25.449,23.876,10.060
least-response-time-cache-off-warm0,130,2,6.1692,125.845,120.877,246.722,whale,desert-gold,1,,server-3,5,5,12,25.449,23.876,21.808
least-response-time-cache-off-warm0,130,2,6.1769,143.647,55.589,199.235,she,hard-times,1,,server-3,5,5,13,31.749,32.879,21.808
least-response-time-cache-off-warm0,130,2,6.1846,142.776,109.672,252.448,was,the-adventures-of-sherlock-holmes,1,,server-3,4,3,13,30.014,22.711,18.388
least-response-time-cache-off-warm0,130,2,6.1923,149.151,124.076,273.227,horse,the-mysterious-island,1,,server-3,2,3,14,30.014,22.711,18.388
least-response-time-cache-off-warm0,130,2,6.2000,200.329,84.168,284.496,the,thus-spake-zarathustra-a-book-for-all-and-none,1,,server-3,2,3,15,30.014,22.711,18.388
least-response-time-cache-off-warm0,130,2,6.2077,258.234,48.734,306.967,you,poirot-investigates,1,,server-3,0,3,16,27.018,33.086,18.388
least-response-time-cache-off-warm0,130,2,6.2154,250.009,39.008,289.017,was,the-portrait-of-a-lady-volume-1,1,,server-3,0,2,17,27.018,33.153,18.388
least-response-time-cache-off-warm0,130,2,6.2231,1.434,24.664,26.098,night,the-last-of-the-mohicans-a-narrative-of-1757-27681,1,,server-2,0,1,17,27.018,25.817,37.127
least-response-time-cache-off-warm0,130,2,6.2308,18.775,44.497,63.272,and,the-tenant-of-wildfell-hall,1,,server-2,0,2,17,27.018,13.293,37.127
least-response-time-cache-off-warm0,130,2,6.2385,11.223,60.185,71.408,money,thus-spake-zarathustra-a-book-for-all-and-none,1,,server-2,0,3,13,27.018,13.293,38.539
least-response-time-cache-off-warm0,130,2,6.2462,3.731,57.340,61.071,london,myths-and-legends-of-ancient-greece-and-rome,1,,server-2,0,4,13,27.018,13.293,38.539
least-response-time-cache-off-warm0,130,2,6.2538,52.108,28.690,80.798,and,the-portrait-of-a-lady-volume-1,1,,server-2,0,4,13,27.018,2.798,38.539
least-response-time-cache-off-warm0,130,2,6.2615,49.741,65.850,115.591,of,poirot-investigates,1,,server-2,0,5,13,27.018,2.798,46.818
least-response-time-cache-off-warm0,130,2,6.2692,42.893,53.833,96.726,and,the-warden,1,,server-2,0,6,13,27.018,2.798,46.818
least-response-time-cache-off-warm0,130,2,6.2769,35.733,54.456,90.189,she,poirot-investigates,1,,server-2,0,7,13,27.018,2.798,35.105
least-response-time-cache-off-warm0,130,2,6.2846,28.381,32.869,61.250,horse,around-the-world-in-eighty-days,1,,server-2,0,8,12,27.018,2.798,67.126
least-response-time-cache-off-warm0,130,2,6.2923,23.021,141.773,164.794,castle,the-mysterious-island,1,,server-2,0,9,12,27.018,2.798,67.126
least-response-time-cache-off-warm0,130,2,6.3000,14.998,77.815,92.813,she,washington-square,1,,server-2,0,10,10,27.018,16.612,27.497
least-response-time-cache-off-warm0,130,2,6.3077,9.610,161.862,171.472,the,the-odyssey,1,,server-2,0,11,10,27.018,17.672,27.497
least-response-time-cache-off-warm0,130,2,6.3154,28.385,71.708,100.094,house,little-women,1,,server-2,0,9,10,27.018,5.053,27.497
least-response-time-cache-off-warm0,130,2,6.3231,46.423,113.189,159.612,heart,jude-the-obscure,1,,server-2,0,10,10,27.018,4.356,27.019
least-response-time-cache-off-warm0,130,2,6.3308,55.056,148.534,203.590,death,the-war-of-the-worlds,1,,server-2,0,11,10,27.018,4.356,42.617
least-response-time-cache-off-warm0,130,2,6.3385,119.699,78.612,198.311,letter,a-tale-of-two-cities,1,,server-2,0,12,10,27.018,13.841,42.617
least-response-time-cache-off-warm0,130,2,6.3462,111.733,60.479,172.212,sea,the-secret-garden,1,,server-2,0,13,9,27.018,15.864,26.219
least-response-time-cache-off-warm0,130,2,6.3538,129.350,16.594,145.944,you,the-warden,1,,server-2,0,13,9,27.018,13.482,26.219
least-response-time-cache-off-warm0,130,2,6.3615,121.869,98.428,220.297,the,dracula,1,,server-2,0,14,9,27.018,13.482,26.219
least-response-time-cache-off-warm0,130,2,6.3692,116.673,101.026,217.699,the,the-innocents-abroad,1,,server-2,0,12,9,27.018,20.387,26.219
least-response-time-cache-off-warm0,130,2,6.3769,1.436,28.522,29.957,you,the-song-of-the-lark,1,,server-1,1,12,9,27.018,27.167,68.281
least-response-time-cache-off-warm0,130,2,6.3846,22.757,47.835,70.592,you,the-return-of-sherlock-holmes-108,1,,server-1,2,12,9,13.897,21.815,68.281
least-response-time-cache-off-warm0,130,2,6.3923,14.797,12.666,27.463,night,treasure-island,1,,server-1,3,11,9,13.897,20.801,68.281
least-response-time-cache-off-warm0,130,2,6.4000,7.981,49.443,57.424,house,the-return-of-sherlock-holmes,1,,server-1,4,11,9,13.897,32.042,52.561
least-response-time-cache-off-warm0,130,2,6.4077,12.318,82.922,95.240,heart,villette,1,,server-1,5,11,8,5.907,32.042,63.399
least-response-time-cache-off-warm0,130,2,6.4154,6.323,145.855,152.179,and,the-iliad-2199,1,,server-1,5,10,8,3.726,44.311,63.399
least-response-time-cache-off-warm0,130,2,6.4231,29.436,98.022,127.458,he,little-women,1,,server-1,5,10,5,3.414,44.311,40.800
least-response-time-cache-off-warm0,130,2,6.4308,22.460,19.269,41.729,sea,frankenstein-or-the-modern-prometheus-41445,1,,server-1,6,10,5,3.414,44.326,40.800
least-response-time-cache-off-warm0,130,2,6.4385,20.636,110.751,131.387,death,white-fang,1,,server-1,7,10,5,4.706,44.326,87.280
least-response-time-cache-off-warm0,130,2,6.4462,13.165,138.197,151.362,letter,great-expectations,1,,server-1,8,10,5,4.706,44.326,87.280
least-response-time-cache-off-warm0,130,2,6.4538,97.620,141.455,239.075,whale,the-house-of-mirth,1,,server-1,9,10,5,8.362,44.326,87.280
least-response-time-cache-off-warm0,130,2,6.4615,42.195,134.880,177.075,love,a-tale-of-two-cities,1,,server-1,8,9,5,9.788,42.012,87.280
least-response-time-cache-off-warm0,130,2,6.4692,81.636,106.232,187.869,night,a-connecticut-yankee-in-king-arthur-s-court,1,,server-1,9,9,4,9.788,42.012,81.539
least-response-time-cache-off-warm0,130,2,6.4769,86.796,91.635,178.431,of,the-house-of-mirth,1,,server-1,10,9,4,11.259,42.012,81.539
least-response-time-cache-off-warm0,130,2,6.4846,112.368,121.388,233.756,death,dracula,1,,server-1,11,6,2,11.259,40.117,46.849
least-response-time-cache-off-warm0,130,2,6.4923,104.869,69.159,174.028,you,the-first-men-in-the-moon,1,,server-1,12,6,2,11.259,25.957,41.392
least-response-time-cache-off-warm0,130,2,6.5000,154.449,94.169,248.618,of,silas-marner,1,,server-1,12,6,2,18.207,23.973,41.392
least-response-time-cache-off-warm0,130,2,6.5077,29.467,67.693,97.160,castle,beyond-good-and-evil,1,,server-2,12,7,2,20.798,20.622,30.008
least-response-time-cache-off-warm0,130,2,6.5154,62.549,19.500,82.049,she,the-jungle-book,1,,server-2,12,8,0,20.798,20.622,23.833
least-response-time-cache-off-warm0,130,2,6.5231,143.780,85.652,229.432,and,the-house-of-mirth,1,,server-1,13,7,0,20.798,21.543,23.833
least-response-time-cache-off-warm0,130,2,6.5308,51.325,29.478,80.802,sea,the-jungle-book,1,,server-2,12,8,0,36.507,21.543,23.833
least-response-time-cache-off-warm0,130,2,6.5385,1.589,24.673,26.262,night,the-song-of-the-lark,1,,server-3,12,6,1,36.507,23.995,23.833
least-response-time-cache-off-warm0,130,2,6.5462,19.004,61.672,80.676,of,little-women,1,,server-3,12,6,2,36.507,23.995,12.276
least-response-time-cache-off-warm0,130,2,6.5538,11.326,58.328,69.654,night,washington-square,1,,server-3,12,6,3,40.148,23.995,12.276
least-response-time-cache-off-warm0,130,2,6.5615,4.098,62.167,66.266,castle,emma,1,,server-3,12,6,4,40.148,22.831,12.276
least-response-time-cache-off-warm0,130,2,6.5692,58.130,73.679,131.808,love,the-scarlet-letter,1,,server-3,12,6,4,38.245,22.831,2.693
least-response-time-cache-off-warm0,130,2,6.5769,51.168,79.194,130.362,castle,the-jungle,1,,server-3,12,6,5,58.620,22.831,2.693
least-response-time-cache-off-warm0,130,2,6.5846,43.436,36.473,79.909,she,desperate-remedies,1,,server-3,12,6,6,58.620,34.286,2.693
least-response-time-cache-off-warm0,130,2,6.5923,36.008,14.380,50.388,and,white-fang,1,,server-3,12,3,7,58.620,26.142,2.693
least-response-time-cache-off-warm0,130,2,6.6000,32.047,100.854,132.902,love,the-scarlet-letter,1,,server-3,9,3,8,49.295,19.835,2.693
least-response-time-cache-off-warm0,130,2,6.6077,25.265,100.390,125.655,whale,kidnapped,1,,server-3,9,2,9,49.295,25.683,2.693
least-response-time-cache-off-warm0,130,2,6.6154,44.932,118.310,163.243,money,memoirs-of-fanny-hill,1,,server-3,9,0,10,49.295,17.551,2.693
least-response-time-cache-off-warm0,130,2,6.6231,9.640,163.315,172.955,house,the-last-of-the-mohicans-a-narrative-of-1757-27681,1,,server-3,9,0,11,39.413,17.551,2.693
least-response-time-cache-off-warm0,130,2,6.6308,34.490,96.413,130.903,sea,the-warden,1,,server-3,9,0,9,39.413,17.551,9.578
least-response-time-cache-off-warm0,130,2,6.6385,26.604,83.908,110.512,letter,the-scarlet-letter-33,1,,server-3,8,0,10,54.029,17.551,7.110
least-response-time-cache-off-warm0,130,2,6.6462,84.552,131.331,215.884,house,the-hound-of-the-baskervilles,1,,server-3,8,0,11,71.061,17.551,10.941
least-response-time-cache-off-warm0,130,2,6.6538,97.745,67.961,165.707,letter,the-american,1,,server-3,8,0,12,71.061,17.551,10.941
least-response-time-cache-off-warm0,130,2,6.6615,88.844,124.844,213.687,heart,hard-times,1,,server-3,7,0,13,53.015,17.551,16.692
least-response-time-cache-off-warm0,130,2,6.6692,90.637,75.794,166.431,you,agnes-grey,1,,server-3,7,0,14,53.022,17.551,10.300
least-response-time-cache-off-warm0,130,2,6.6769,100.164,134.779,234.943,sea,the-house-of-the-seven-gables,1,,server-3,7,0,15,53.022,17.551,10.300
least-response-time-cache-off-warm0,130,2,6.6846,92.746,113.921,206.667,sea,the-secret-garden-17396,1,,server-3,7,0,16,53.022,17.551,10.300
least-response-time-cache-off-warm0,130,2,6.6923,103.850,117.561,221.411,sea,the-mystery-of-edwin-drood,1,,server-3,4,0,17,54.791,17.551,10.300
least-response-time-cache-off-warm0,130,2,6.7000,117.534,121.332,238.866,sea,oliver-twist,1,,server-3,3,0,17,43.945,17.551,10.300
least-response-time-cache-off-warm0,130,2,6.7077,2.047,25.360,27.407,whale,mary-barton,1,,server-2,3,1,15,43.945,17.551,31.891
least-response-time-cache-off-warm0,130,2,6.7154,20.426,54.701,75.127,london,the-american,1,,server-2,3,2,14,43.945,9.076,32.031
least-response-time-cache-off-warm0,130,2,6.7231,13.107,52.087,65.194,london,the-odyssey,1,,server-2,2,3,14,44.040,9.076,32.031
least-response-time-cache-off-warm0,130,2,6.7308,5.594,57.783,63.378,she,sense-and-sensibility,1,,server-2,2,4,14,44.040,9.076,29.969
least-response-time-cache-off-warm0,130,2,6.7385,50.075,79.908,129.983,of,frankenstein-or-the-modern-prometheus-41445,1,,server-2,2,4,13,44.040,2.855,47.852
least-response-time-cache-off-warm0,130,2,6.7462,47.949,14.754,62.703,letter,silas-marner,1,,server-2,2,5,13,44.040,2.498,55.154
least-response-time-cache-off-warm0,130,2,6.7538,41.218,58.109,99.327,whale,meditations,1,,server-2,0,6,12,36.028,2.498,36.267
least-response-time-cache-off-warm0,130,2,6.7615,33.724,31.793,65.517,whale,the-memoirs-of-sherlock-holmes,1,,server-2,0,7,12,36.028,2.498,34.278
least-response-time-cache-off-warm0,130,2,6.7692,26.187,85.462,111.649,you,treasure-island,1,,server-2,0,8,11,36.028,2.498,34.278
least-response-time-cache-off-warm0,130,2,6.7769,21.573,118.028,139.600,sea,the-return-of-sherlock-holmes,1,,server-2,0,9,11,36.028,2.498,29.582
least-response-time-cache-off-warm0,130,2,6.7846,25.838,105.729,131.567,death,the-iliad-2199,1,,server-2,0,10,10,36.028,2.498,47.159
least-response-time-cache-off-warm0,130,2,6.7923,35.418,102.029,137.447,love,white-fang,1,,server-2,0,11,10,36.028,25.999,47.159
least-response-time-cache-off-warm0,130,2,6.8000,81.400,58.921,140.322,love,the-prince,1,,server-2,0,9,9,36.028,7.800,47.083
least-response-time-cache-off-warm0,130,2,6.8077,73.534,83.507,157.041,of,mansfield-park,1,,server-2,0,10,9,36.028,7.950,47.083
least-response-time-cache-off-warm0,130,2,6.8154,124.366,50.219,174.585,sea,the-last-of-the-mohicans-a-narrative-of-1757,1,,server-2,0,11,9,36.028,9.656,47.083
least-response-time-cache-off-warm0,130,2,6.8231,116.708,75.696,192.405,love,cranford,1,,server-2,0,12,8,36.028,10.468,35.772
least-response-time-cache-off-warm0,130,2,6.8308,135.435,82.152,217.587,love,poirot-investigates,1,,server-2,0,12,8,36.028,12.126,35.772
least-response-time-cache-off-warm0,130,2,6.8385,127.547,64.196,191.743,house,grimms-fairy-tales,1,,server-2,0,13,7,36.028,12.126,39.845
least-response-time-cache-off-warm0,130,2,6.8462,121.116,77.366,198.482,and,grimms-fairy-tales,1,,server-2,0,14,7,36.028,12.126,39.845
least-response-time-cache-off-warm0,130,2,6.8538,113.420,101.789,215.209,money,the-mysterious-affair-at-styles,1,,server-2,0,14,7,36.028,23.168,39.845
least-response-time-cache-off-warm0,130,2,6.8615,125.505,91.706,217.210,you,a-princess-of-mars,1,,server-2,0,15,7,36.028,23.168,39.845
least-response-time-cache-off-warm0,130,2,6.8692,123.989,99.059,223.048,sea,the-warden,1,,server-2,0,16,7,36.028,29.882,51.341
least-response-time-cache-off-warm0,130,2,6.8769,168.624,55.336,223.960,money,the-wind-in-the-willows,1,,server-2,0,16,7,36.028,29.882,53.611
least-response-time-cache-off-warm0,130,2,6.8846,164.410,71.445,235.855,death,the-iliad-2199,1,,server-2,0,17,7,36.028,30.458,53.611
least-response-time-cache-off-warm0,130,2,6.8923,200.069,108.219,308.288,letter,great-expectations,1,,server-2,0,18,7,36.028,25.366,62.328
least-response-time-cache-off-warm0,130,2,6.9000,192.488,44.791,237.279,was,the-mystery-of-edwin-drood,1,,server-2,0,19,7,36.028,25.366,62.328
least-response-time-cache-off-warm0,130,2,6.9077,213.973,66.077,280.050,sea,hard-times,1,,server-2,0,20,7,36.028,25.366,62.328
least-response-time-cache-off-warm0,130,2,6.9154,206.373,81.824,288.197,sea,hard-times,1,,server-2,0,20,3,36.028,26.259,61.359
least-response-time-cache-off-warm0,130,2,6.9231,1.967,31.601,33.567,money,villette,1,,server-1,1,19,3,36.028,62.406,61.359
least-response-time-cache-off-warm0,130,2,6.9308,26.526,35.506,62.032,king,thus-spake-zarathustra-a-book-for-all-and-none,1,,server-1,2,19,3,18.556,57.313,61.359
least-response-time-cache-off-warm0,130,2,6.9385,19.125,37.829,56.954,was,anne-of-green-gables,1,,server-1,3,17,2,18.556,39.539,72.752
least-response-time-cache-off-warm0,130,2,6.9462,11.581,79.785,91.367,was,the-last-of-the-mohicans-a-narrative-of-1757-27681,1,,server-1,4,15,0,18.556,22.539,50.644
least-response-time-cache-off-warm0,130,2,6.9538,4.125,60.086,64.210,house,the-iliad-2199,1,,server-1,5,15,0,18.556,22.539,50.644
least-response-time-cache-off-warm0,130,2,6.9615,54.276,89.065,143.341,castle,hard-times,1,,server-1,5,15,0,2.327,22.539,50.644
least-response-time-cache-off-warm0,130,2,6.9692,69.102,31.289,100.391,castle,the-secret-garden-17396,1,,server-1,6,14,0,2.327,42.626,50.644
least-response-time-cache-off-warm0,130,2,6.9769,61.064,97.063,158.127,sea,pride-and-prejudice,1,,server-1,7,14,0,2.327,42.626,50.644
least-response-time-cache-off-warm0,130,2,6.9846,54.017,130.862,184.879,heart,little-women,1,,server-1,8,14,0,2.327,42.626,50.644
least-response-time-cache-off-warm0,130,2,6.9923,46.871,63.007,109.878,of,the-first-men-in-the-moon,1,,server-1,9,14,0,13.200,38.292,50.644
least-response-time-cache-off-warm0,130,2,7.0000,39.800,131.392,171.192,of,grimms-fairy-tales,1,,server-1,10,13,0,17.991,30.697,50.644
least-response-time-cache-off-warm0,130,2,7.0077,35.787,128.876,164.663,whale,autobiography-of-benjamin-franklin,1,,server-1,11,13,0,17.991,30.697,50.644
least-response-time-cache-off-warm0,130,2,7.0154,84.116,171.854,255.970,death,the-adventures-of-ferdinand-count-fathom-complete,1,,server-1,12,13,0,22.716,30.697,50.644
least-response-time-cache-off-warm0,130,2,7.0231,149.711,35.269,184.980,of,the-warden,1,,server-1,11,13,0,30.064,35.487,50.644
least-response-time-cache-off-warm0,130,2,7.0308,144.138,78.151,222.289,castle,the-song-of-the-lark,1,,server-1,12,13,0,30.064,60.476,50.644
least-response-time-cache-off-warm0,130,2,7.0385,136.397,75.069,211.466,you,the-return-of-sherlock-holmes-108,1,,server-1,13,13,0,19.392,60.476,50.644
least-response-time-cache-off-warm0,130,2,7.0462,130.353,122.206,252.558,sea,great-expectations,1,,server-1,12,12,0,9.408,56.401,50.644
least-response-time-cache-off-warm0,130,2,7.0538,123.619,95.717,219.336,money,the-portrait-of-a-lady-volume-1,1,,server-1,13,11,0,9.165,22.711,50.644
least-response-time-cache-off-warm0,130,2,7.0615,119.353,154.412,273.765,sea,little-women,1,,server-1,14,11,0,9.165,22.711,50.644
least-response-time-cache-off-warm0,130,2,7.0692,181.087,58.767,239.855,king,herland,1,,server-1,15,10,0,12.079,62.881,50.644
least-response-time-cache-off-warm0,130,2,7.0769,223.049,69.991,293.040,night,the-innocents-abroad,1,,server-1,15,10,0,21.764,62.881,50.644
least-response-time-cache-off-warm0,130,2,7.0846,216.933,90.435,307.369,death,myths-and-legends-of-ancient-greece-and-rome,1,,server-1,16,9,0,21.764,72.349,50.644
least-response-time-cache-off-warm0,130,2,7.0923,238.437,49.030,287.467,you,dubliners,1,,server-1,17,8,0,21.764,52.518,50.644
least-response-time-cache-off-warm0,130,2,7.1000,231.053,92.986,324.039,sea,jude-the-obscure,1,,server-1,18,8,0,22.525,52.518,50.644
least-response-time-cache-off-warm0,130,2,7.1077,231.001,82.662,313.662,was,the-secret-adversary,1,,server-1,19,7,0,38.465,73.245,50.644
least-response-time-cache-off-warm0,130,2,7.1154,249.276,85.568,334.845,heart,north-and-south,1,,server-1,20,7,0,38.465,73.245,50.644
least-response-time-cache-off-warm0,130,2,7.1231,16.764,133.142,149.907,heart,the-vicomte-de-bragelonne,1,,server-2,20,5,0,50.207,28.713,50.644
least-response-time-cache-off-warm0,130,2,7.1308,31.881,114.961,146.843,you,oliver-twist,1,,server-2,20,6,0,50.207,28.713,50.644
least-response-time-cache-off-warm0,130,2,7.1385,65.822,21.350,87.172,london,a-journey-to-the-centre-of-the-earth,1,,server-2,20,7,0,55.071,18.964,50.644
least-response-time-cache-off-warm0,130,2,7.1462,58.427,103.783,162.209,was,the-jungle,1,,server-2,20,7,0,55.071,13.279,50.644
least-response-time-cache-off-warm0,130,2,7.1538,52.653,104.195,156.848,money,silas-marner,1,,server-2,20,8,0,55.071,13.279,50.644
least-response-time-cache-off-warm0,130,2,7.1615,47.109,127.360,174.469,and,persuasion,1,,server-2,20,9,0,55.610,13.279,50.644
least-response-time-cache-off-warm0,130,2,7.1692,42.279,126.173,168.452,of,frankenstein-or-the-modern-prometheus-41445,1,,server-2,20,10,0,70.404,15.310,50.644
least-response-time-cache-off-warm0,130,2,7.1769,74.026,117.643,191.668,money,the-last-of-the-mohicans-a-narrative-of-1757-27681,1,,server-2,14,11,0,40.702,15.310,50.644
least-response-time-cache-off-warm0,130,2,7.1846,154.661,160.152,314.813,was,the-mysterious-island,1,,server-2,14,12,0,30.206,15.310,50.644
least-response-time-cache-off-warm0,130,2,7.1923,147.768,92.113,239.882,letter,tess-of-the-d-urbervilles-a-pure-woman,1,,server-2,14,13,0,30.206,29.805,50.644
least-response-time-cache-off-warm0,130,2,7.2000,108.653,42.000,150.653,death,meditations,1,,server-2,14,14,0,30.206,29.805,50.644
least-response-time-cache-off-warm0,130,2,7.2077,132.744,160.820,293.564,death,desert-gold,1,,server-2,14,12,0,31.011,20.706,50.644
least-response-time-cache-off-warm0,130,2,7.2154,153.631,101.198,254.829,death,the-romance-of-lust-a-classic-victorian-erotic-novel,1,,server-2,14,13,0,54.664,13.245,50.644
least-response-time-cache-off-warm0,130,2,7.2231,145.663,163.079,308.742,letter,dracula,1,,server-2,14,14,0,54.664,13.245,50.644
least-response-time-cache-off-warm0,130,2,7.2308,141.093,156.020,297.113,night,a-princess-of-mars,1,,server-2,14,15,0,54.664,14.743,50.644
least-response-time-cache-off-warm0,130,2,7.2385,134.741,160.990,295.730,house,memoirs-of-fanny-hill,1,,server-2,14,16,0,54.664,14.743,50.644
least-response-time-cache-off-warm0,130,2,7.2462,149.097,161.485,310.582,of,adventures-of-huckleberry-finn,1,,server-2,14,17,0,56.296,14.743,50.644
least-response-time-cache-off-warm0,130,2,7.2538,257.621,64.921,322.542,she,silas-marner,1,,server-2,13,18,0,44.838,23.920,50.644
least-response-time-cache-off-warm0,130,2,7.2615,272.327,44.252,316.579,she,the-hound-of-the-baskervilles,1,,server-2,13,19,0,44.838,23.920,50.644
least-response-time-cache-off-warm0,130,2,7.2692,284.222,50.114,334.336,house,the-song-of-the-lark,1,,server-2,13,20,0,44.838,23.920,50.644
least-response-time-cache-off-warm0,130,2,7.2769,281.639,56.265,337.904,and,beyond-good-and-evil,1,,server-2,12,19,0,59.399,33.201,50.644
least-response-time-cache-off-warm0,130,2,7.2846,1.463,28.897,30.360,horse,the-tenant-of-wildfell-hall,1,,server-3,12,19,1,59.399,53.972,50.644
least-response-time-cache-off-warm0,130,2,7.2923,23.589,66.971,90.560,of,the-romance-of-lust-a-classic-victorian-erotic-novel,1,,server-3,12,19,2,59.399,53.972,26.008
least-response-time-cache-off-warm0,130,2,7.3000,15.572,30.605,46.176,the,the-tenant-of-wildfell-hall,1,,server-3,11,19,3,60.881,53.972,26.008
least-response-time-cache-off-warm0,130,2,7.3077,8.855,67.446,76.301,heart,the-scarlet-letter,1,,server-3,8,18,4,74.624,59.418,26.008
least-response-time-cache-off-warm0,130,2,7.3154,4.797,90.614,95.411,love,mary-barton,1,,server-3,8,18,5,58.097,75.046,11.067
least-response-time-cache-off-warm0,130,2,7.3231,63.792,55.970,119.762,she,the-hound-of-the-baskervilles-3070,1,,server-3,8,17,5,58.097,52.074,2.988
least-response-time-cache-off-warm0,130,2,7.3308,55.596,45.408,101.005,she,anne-of-green-gables,1,,server-3,8,17,6,43.673,52.074,2.988
least-response-time-cache-off-warm0,130,2,7.3385,73.607,86.723,160.330,money,his-last-bow,1,,server-3,6,17,7,46.775,56.638,2.988
least-response-time-cache-off-warm0,130,2,7.3462,64.946,45.429,110.375,letter,the-picture-of-dorian-gray,1,,server-3,6,15,8,82.075,29.846,8.325
least-response-time-cache-off-warm0,130,2,7.3538,57.688,55.982,113.669,love,the-hound-of-the-baskervilles,1,,server-3,6,15,9,82.075,26.662,8.325
least-response-time-cache-off-warm0,130,2,7.3615,53.102,124.782,177.884,house,jane-eyre-an-autobiography,1,,server-3,6,15,10,82.075,26.662,8.325
least-response-time-cache-off-warm0,130,2,7.3692,63.583,167.024,230.607,horse,thus-spake-zarathustra-a-book-for-all-and-none,1,,server-3,6,13,11,61.474,49.648,8.325
least-response-time-cache-off-warm0,130,2,7.3769,56.321,62.616,118.937,you,the-scarlet-letter-33,1,,server-3,6,13,12,53.990,40.237,8.325
least-response-time-cache-off-warm0,130,2,7.3846,49.091,139.950,189.041,whale,memoirs-of-fanny-hill,1,,server-3,6,13,13,45.390,40.237,37.051
least-response-time-cache-off-warm0,130,2,7.3923,52.410,131.495,183.905,night,jude-the-obscure,1,,server-3,5,13,11,47.522,40.237,23.294
least-response-time-cache-off-warm0,130,2,7.4000,65.689,132.039,197.728,heart,far-from-the-madding-crowd,1,,server-3,5,12,12,47.522,29.607,23.294
least-response-time-cache-off-warm0,130,2,7.4077,85.493,132.208,217.701,death,autobiography-of-benjamin-franklin,1,,server-3,5,12,13,47.522,54.352,35.039
least-response-time-cache-off-warm0,130,2,7.4154,83.711,125.197,208.908,london,the-house-of-the-seven-gables,1,,server-3,3,12,13,41.505,54.352,16.977
least-response-time-cache-off-warm0,130,2,7.4231,174.940,45.457,220.396,letter,the-scarlet-letter,1,,server-3,3,12,14,44.682,54.352,16.977
least-response-time-cache-off-warm0,130,2,7.4308,147.024,76.252,223.275,and,poirot-investigates,1,,server-3,1,12,15,34.381,54.352,30.079
least-response-time-cache-off-warm0,130,2,7.4385,188.977,60.412,249.389,house,hard-times,1,,server-3,1,12,16,34.381,61.805,9.823
least-response-time-cache-off-warm0,130,2,7.4462,182.239,61.019,243.258,love,frankenstein-or-the-modern-prometheus-41445,1,,server-3,1,12,15,34.381,61.805,11.038
least-response-time-cache-off-warm0,130,2,7.4538,187.454,108.971,296.425,horse,meditations,1,,server-3,0,12,16,34.860,61.805,11.038
least-response-time-cache-off-warm0,130,2,7.4615,193.732,93.620,287.352,of,life-on-the-mississippi,1,,server-3,0,12,17,34.860,61.805,24.752
least-response-time-cache-off-warm0,130,2,7.4692,188.479,43.497,231.976,was,black-beauty,1,,server-3,0,12,17,34.860,56.036,26.726
least-response-time-cache-off-warm0,130,2,7.4769,183.517,98.351,281.867,she,the-great-gatsby,1,,server-3,0,12,18,34.860,64.242,26.726
least-response-time-cache-off-warm0,130,2,7.4846,172.170,65.926,238.096,king,autobiography-of-benjamin-franklin,1,,server-3,0,12,19,34.860,64.242,26.726
least-response-time-cache-off-warm0,130,2,7.4923,166.689,118.861,285.550,of,adventures-of-huckleberry-finn,1,,server-3,0,12,20,34.860,64.242,26.726
least-response-time-cache-off-warm0,130,2,7.5000,189.800,135.223,325.024,sea,villette,1,,server-3,0,11,20,34.860,83.281,26.530
least-response-time-cache-off-warm0,130,2,7.5077,242.257,127.706,369.963,of,little-women,1,,server-3,0,11,21,34.860,96.984,21.547
least-response-time-cache-off-warm0,130,2,7.5154,259.749,15.391,275.140,death,the-hound-of-the-baskervilles-3070,1,,server-3,0,11,22,34.860,80.914,21.547
least-response-time-cache-off-warm0,130,2,7.5231,236.077,114.369,350.446,letter,villette,1,,server-3,0,11,23,34.860,80.914,21.547
least-response-time-cache-off-warm0,130,2,7.5308,1.585,8.706,10.291,castle,the-kama-sutra-of-vatsyayana,1,,server-1,1,11,21,34.860,81.737,38.110
least-response-time-cache-off-warm0,130,2,7.5385,2.962,13.789,16.752,money,the-warden,1,,server-1,2,9,21,17.916,79.281,38.110
least-response-time-cache-off-warm0,130,2,7.5462,9.780,23.239,33.019,of,life-on-the-mississippi,1,,server-1,2,9,21,6.771,79.281,52.602
least-response-time-cache-off-warm0,130,2,7.5538,2.273,44.999,47.272,was,the-return-of-sherlock-holmes-108,1,,server-1,3,5,21,6.771,56.648,52.602
least-response-time-cache-off-warm0,130,2,7.5615,18.796,47.325,66.121,money,life-on-the-mississippi,1,,server-1,3,4,21,2.338,54.584,57.712
least-response-time-cache-off-warm0,130,2,7.5692,32.012,112.510,144.522,was,the-vicomte-de-bragelonne,1,,server-1,4,4,21,2.338,54.584,57.712
least-response-time-cache-off-warm0,130,2,7.5769,21.956,111.170,133.127,death,the-jungle,1,,server-1,5,4,20,2.338,52.466,84.114
least-response-time-cache-off-warm0,130,2,7.5846,17.953,110.023,127.976,night,the-great-gatsby,1,,server-1,5,3,20,5.089,38.006,71.104
least-response-time-cache-off-warm0,130,2,7.5923,13.049,120.650,133.699,sea,the-mystery-of-edwin-drood,1,,server-1,6,3,20,5.089,38.006,71.104
least-response-time-cache-off-warm0,130,2,7.6000,27.994,197.585,225.580,letter,hard-times,1,,server-1,7,3,18,7.641,38.006,51.506
least-response-time-cache-off-warm0,130,2,7.6077,97.882,21.981,119.863,night,a-journey-to-the-centre-of-the-earth,1,,server-1,7,1,18,4.633,30.257,51.506
least-response-time-cache-off-warm0,130,2,7.6154,90.593,35.358,125.951,london,the-mysterious-affair-at-styles,1,,server-1,8,0,18,4.633,28.187,51.506
least-response-time-cache-off-warm0,130,2,7.6231,85.780,78.738,164.518,letter,mary-barton,1,,server-1,9,0,18,4.633,28.187,51.506
least-response-time-cache-off-warm0,130,2,7.6308,82.547,136.385,218.931,of,the-kama-sutra-of-vatsyayana,1,,server-1,10,0,14,13.299,28.187,70.478
least-response-time-cache-off-warm0,130,2,7.6385,100.150,112.853,213.003,king,desert-gold,1,,server-1,11,0,14,13.299,28.187,70.478
least-response-time-cache-off-warm0,130,2,7.6462,67.474,112.303,179.778,king,silas-marner,1,,server-1,12,0,14,13.299,28.187,59.569
least-response-time-cache-off-warm0,130,2,7.6538,84.954,88.447,173.401,of,wuthering-heights,1,,server-1,13,0,13,13.299,28.187,81.774
least-response-time-cache-off-warm0,130,2,7.6615,82.074,187.039,269.113,horse,the-innocents-abroad,1,,server-1,14,0,12,13.299,28.187,22.438
least-response-time-cache-off-warm0,130,2,7.6692,74.611,129.020,203.631,night,dubliners,1,,server-1,15,0,12,13.299,28.187,22.438
least-response-time-cache-off-warm0,130,2,7.6769,110.962,63.845,174.807,london,meditations,1,,server-1,16,0,12,13.299,28.187,52.459
least-response-time-cache-off-warm0,130,2,7.6846,131.724,87.020,218.743,was,walden-and-on-the-duty-of-civil-disobedience,1,,server-1,17,0,12,20.608,28.187,47.043
least-response-time-cache-off-warm0,130,2,7.6923,123.631,57.258,180.890,death,dubliners,1,,server-1,18,0,12,20.608,28.187,23.972
least-response-time-cache-off-warm0,130,2,7.7000,137.581,48.643,186.224,love,the-scarlet-letter,1,,server-1,19,0,11,20.608,28.187,23.972
least-response-time-cache-off-warm0,130,2,7.7077,73.368,108.379,181.747,was,the-adventures-of-tom-sawyer-complete,1,,server-3,18,0,11,31.453,28.187,22.360
least-response-time-cache-off-warm0,130,2,7.7154,1.594,14.916,16.510,death,the-king-in-yellow,1,,server-2,17,1,11,42.571,28.187,58.313
least-response-time-cache-off-warm0,130,2,7.7231,9.506,42.887,52.393,was,the-last-of-the-mohicans-a-narrative-of-1757-27681,1,,server-2,17,2,11,42.571,14.525,59.519
least-response-time-cache-off-warm0,130,2,7.7308,2.197,38.338,40.535,he,desperate-remedies,1,,server-2,17,3,11,36.074,14.525,59.519
least-response-time-cache-off-warm0,130,2,7.7385,37.221,72.903,110.124,horse,the-return-of-sherlock-holmes-108,1,,server-2,16,3,11,27.335,3.726,59.519
least-response-time-cache-off-warm0,130,2,7.7462,30.975,36.348,67.323,she,desert-gold,1,,server-2,14,4,11,20.905,3.726,51.750
least-response-time-cache-off-warm0,130,2,7.7538,22.441,23.860,46.302,house,the-house-of-mirth,1,,server-2,14,5,10,20.905,3.726,74.099
least-response-time-cache-off-warm0,130,2,7.7615,16.083,69.260,85.344,london,a-connecticut-yankee-in-king-arthur-s-court,1,,server-2,14,6,8,20.905,3.726,53.298
least-response-time-cache-off-warm0,130,2,7.7692,8.195,91.437,99.632,you,a-connecticut-yankee-in-king-arthur-s-court,1,,server-2,13,7,8,35.384,3.726,53.298
least-response-time-cache-off-warm0,130,2,7.7769,69.800,124.057,193.857,the,the-jungle,1,,server-2,13,6,8,35.384,4.031,59.265
least-response-time-cache-off-warm0,130,2,7.7846,44.568,73.838,118.407,horse,jane-eyre-an-autobiography,1,,server-2,13,7,5,36.091,2.792,19.915
least-response-time-cache-off-warm0,130,2,7.7923,56.900,65.128,122.029,london,silas-marner,1,,server-2,12,8,4,41.612,2.792,14.593
least-response-time-cache-off-warm0,130,2,7.8000,69.097,98.461,167.558,heart,cranford,1,,server-2,12,9,4,41.612,6.808,14.593
least-response-time-cache-off-warm0,130,2,7.8077,61.837,104.065,165.902,castle,jane-eyre-an-autobiography,1,,server-2,12,10,4,55.448,6.808,14.593
least-response-time-cache-off-warm0,130,2,7.8154,58.362,28.096,86.458,night,meditations,1,,server-3,11,9,5,46.717,18.475,14.593
least-response-time-cache-off-warm0,130,2,7.8231,68.242,21.568,89.809,whale,silas-marner,1,,server-3,11,9,6,39.977,18.475,14.593
least-response-time-cache-off-warm0,130,2,7.8308,41.118,117.431,158.549,london,the-memoirs-of-sherlock-holmes,1,,server-2,11,10,6,51.701,17.432,38.243
least-response-time-cache-off-warm0,130,2,7.8385,38.815,188.402,227.218,house,the-secret-garden-17396,1,,server-2,10,11,6,43.856,17.432,38.243
least-response-time-cache-off-warm0,130,2,7.8462,92.204,73.819,166.022,you,the-adventures-of-sherlock-holmes,1,,server-2,9,12,6,30.490,17.432,38.243
least-response-time-cache-off-warm0,130,2,7.8538,119.740,60.583,180.323,death,madame-bovary,1,,server-2,7,11,6,32.952,25.679,38.243
least-response-time-cache-off-warm0,130,2,7.8615,113.111,110.711,223.822,castle,the-hound-of-the-baskervilles-3070,1,,server-2,6,12,6,28.107,25.679,38.243
least-response-time-cache-off-warm0,130,2,7.8692,4.886,73.045,77.931,death,twenty-thousand-leagues-under-the-sea,1,,server-1,7,11,6,28.107,28.719,41.741
least-response-time-cache-off-warm0,130,2,7.8769,110.703,75.902,186.605,you,meditations,1,,server-2,4,11,6,19.551,13.394,57.882
least-response-time-cache-off-warm0,130,2,7.8846,106.611,111.123,217.734,king,washington-square,1,,server-2,4,12,5,19.551,13.394,57.882
least-response-time-cache-off-warm0,130,2,7.8923,120.166,92.292,212.458,love,frankenstein-or-the-modern-prometheus-41445,1,,server-2,4,13,2,22.492,13.394,27.899
least-response-time-cache-off-warm0,130,2,7.9000,134.835,88.852,223.687,love,the-secret-garden,1,,server-2,4,14,2,22.492,13.394,27.899
least-response-time-cache-off-warm0,130,2,7.9077,5.807,16.090,21.897,money,anne-of-green-gables,1,,server-3,2,14,2,22.605,21.386,19.857
least-response-time-cache-off-warm0,130,2,7.9154,15.005,38.880,53.886,money,the-adventures-of-sherlock-holmes,1,,server-3,2,13,2,22.605,32.717,8.763
least-response-time-cache-off-warm0,130,2,7.9231,7.003,24.277,31.279,you,desperate-remedies,1,,server-3,2,13,3,22.605,32.717,8.763
least-response-time-cache-off-warm0,130,2,7.9308,2.554,47.145,49.699,castle,meditations,1,,server-3,2,13,3,47.597,32.717,3.668
least-response-time-cache-off-warm0,130,2,7.9385,31.953,93.034,124.986,horse,the-jungle,1,,server-3,1,13,4,38.241,30.910,2.079
least-response-time-cache-off-warm0,130,2,7.9462,24.918,42.491,67.409,sea,the-lost-world,1,,server-3,1,13,5,38.241,30.910,2.079
least-response-time-cache-off-warm0,130,2,7.9538,26.847,34.608,61.454,heart,the-works-of-edgar-allan-poe-volume-2,1,,server-3,0,13,6,31.430,30.910,2.079
least-response-time-cache-off-warm0,130,2,7.9615,17.994,57.036,75.030,the,the-jungle,1,,server-3,0,13,7,31.430,30.910,5.272
least-response-time-cache-off-warm0,130,2,7.9692,15.049,143.782,158.831,king,madame-bovary,1,,server-3,0,12,7,31.430,47.289,13.555
least-response-time-cache-off-warm0,130,2,7.9769,34.487,72.243,106.730,was,the-wind-in-the-willows,1,,server-3,0,11,7,31.430,33.539,9.532
least-response-time-cache-off-warm0,130,2,7.9846,29.170,71.891,101.061,money,the-war-of-the-worlds,1,,server-3,0,11,7,31.430,33.539,5.535
least-response-time-cache-off-warm0,130,2,7.9923,67.577,42.837,110.414,king,white-fang,1,,server-3,0,9,8,31.430,53.330,3.761
least-response-time-cache-off-warm0,130,2,8.0000,16.449,154.351,170.800,the,adventures-of-huckleberry-finn,1,,server-3,0,9,9,31.430,46.797,3.761
least-response-time-cache-off-warm0,130,2,8.0077,53.371,106.191,159.562,of,great-expectations,1,,server-3,0,9,10,31.430,46.797,3.761
least-response-time-cache-off-warm0,130,2,8.0154,68.447,103.064,171.511,letter,the-return-of-sherlock-holmes,1,,server-3,0,8,11,31.430,32.662,14.059
least-response-time-cache-off-warm0,130,2,8.0231,102.110,120.563,222.673,letter,the-adventures-of-tom-sawyer-complete,1,,server-3,0,8,11,31.430,32.662,13.688
least-response-time-cache-off-warm0,130,2,8.0308,98.375,69.440,167.815,sea,the-hound-of-the-baskervilles-3070,1,,server-3,0,8,12,31.430,32.662,13.688
least-response-time-cache-off-warm0,130,2,8.0385,63.241,140.973,204.214,he,the-return-of-sherlock-holmes-108,1,,server-3,0,6,12,31.430,24.312,18.276
least-response-time-cache-off-warm0,130,2,8.0462,121.632,79.722,201.354,love,around-the-world-in-eighty-days,1,,server-3,0,6,13,31.430,24.312,18.276
least-response-time-cache-off-warm0,130,2,8.0538,133.466,71.819,205.284,was,the-hound-of-the-baskervilles,1,,server-3,0,6,14,31.430,24.312,18.276
least-response-time-cache-off-warm0,130,2,8.0615,128.372,84.798,213.170,love,the-mystery-of-edwin-drood,1,,server-3,0,6,14,31.430,24.312,16.617
least-response-time-cache-off-warm0,130,2,8.0692,128.501,103.576,232.076,king,the-scarlet-letter,1,,server-3,0,4,15,31.430,30.011,29.380
least-response-time-cache-off-warm0,130,2,8.0769,28.084,36.576,64.660,heart,sense-and-sensibility,1,,server-2,0,5,14,31.430,30.011,33.466
least-response-time-cache-off-warm0,130,2,8.0846,114.237,103.842,218.078,he,around-the-world-in-eighty-days,1,,server-3,0,5,15,31.430,30.011,25.947
least-response-time-cache-off-warm0,130,2,8.0923,3.005,26.722,29.728,was,walden-and-on-the-duty-of-civil-disobedience,1,,server-1,1,5,15,31.430,39.792,38.607
least-response-time-cache-off-warm0,130,2,8.1000,22.944,51.048,73.992,london,a-journey-to-the-centre-of-the-earth,1,,server-1,2,5,15,16.247,39.792,38.607
least-response-time-cache-off-warm0,130,2,8.1077,15.767,53.410,69.178,love,the-secret-garden-17396,1,,server-1,3,2,13,16.247,24.007,24.783
least-response-time-cache-off-warm0,130,2,8.1154,7.703,53.288,60.991,he,mary-barton,1,,server-1,4,2,13,16.247,24.007,24.783
least-response-time-cache-off-warm0,130,2,8.1231,5.123,71.232,76.355,the,the-portrait-of-a-lady-volume-1,1,,server-1,4,2,13,4.347,36.369,24.783
least-response-time-cache-off-warm0,130,2,8.1308,46.424,38.636,85.060,london,the-king-in-yellow,1,,server-1,5,1,12,2.908,29.177,56.191
least-response-time-cache-off-warm0,130,2,8.1385,39.633,63.674,103.308,love,his-last-bow,1,,server-1,6,1,12,4.295,29.177,56.191
least-response-time-cache-off-warm0,130,2,8.1462,33.461,90.839,124.300,castle,walden-and-on-the-duty-of-civil-disobedience,1,,server-1,7,0,12,4.295,24.390,56.191
least-response-time-cache-off-warm0,130,2,8.1538,26.528,63.626,90.154,sea,hard-times,1,,server-1,8,0,12,4.295,24.390,56.191
least-response-time-cache-off-warm0,130,2,8.1615,18.508,136.371,154.879,whale,northanger-abbey,1,,server-1,9,0,12,4.295,24.390,56.191
least-response-time-cache-off-warm0,130,2,8.1692,11.257,88.394,99.652,heart,beyond-good-and-evil,1,,server-1,10,0,12,4.295,24.390,57.413
least-response-time-cache-off-warm0,130,2,8.1769,24.764,89.172,113.936,of,leaves-of-grass,1,,server-1,10,0,11,22.740,24.390,37.159
least-response-time-cache-off-warm0,130,2,8.1846,29.596,129.697,159.293,death,the-iliad-2199,1,,server-1,9,0,11,3.769,24.390,54.306
least-response-time-cache-off-warm0,130,2,8.1923,24.418,87.940,112.358,she,the-scarlet-letter,1,,server-1,10,0,8,3.769,24.390,37.272
least-response-time-cache-off-warm0,130,2,8.2000,68.702,125.565,194.267,whale,the-king-in-yellow,1,,server-1,11,0,8,14.341,24.390,29.628
least-response-time-cache-off-warm0,130,2,8.2077,37.239,138.786,176.025,sea,the-adventures-of-ferdinand-count-fathom-complete,1,,server-1,11,0,8,12.392,24.390,29.628
least-response-time-cache-off-warm0,130,2,8.2154,56.169,178.640,234.809,castle,jude-the-obscure,1,,server-1,12,0,8,17.101,24.390,29.628
least-response-time-cache-off-warm0,130,2,8.2231,83.278,90.295,173.573,was,desert-gold,1,,server-1,12,0,8,11.644,24.390,25.302
least-response-time-cache-off-warm0,130,2,8.2308,84.192,102.453,186.645,of,the-return-of-sherlock-holmes,1,,server-1,13,0,8,11.644,24.390,25.302
least-response-time-cache-off-warm0,130,2,8.2385,78.971,170.262,249.232,heart,the-house-of-mirth,1,,server-1,14,0,8,11.644,24.390,25.302
least-response-time-cache-off-warm0,130,2,8.2462,94.413,155.102,249.515,london,hard-times,1,,server-1,15,0,7,18.572,24.390,35.468
least-response-time-cache-off-warm0,130,2,8.2538,91.398,125.513,216.911,and,the-scarlet-letter-33,1,,server-1,16,0,5,18.572,24.390,34.950
least-response-time-cache-off-warm0,130,2,8.2615,136.189,98.209,234.398,king,the-prince,1,,server-1,15,0,3,18.572,24.390,36.869
least-response-time-cache-off-warm0,130,2,8.2692,1.317,17.233,18.550,castle,the-works-of-edgar-allan-poe-volume-2,1,,server-2,15,1,3,38.823,24.390,36.869
least-response-time-cache-off-warm0,130,2,8.2769,9.204,35.706,44.911,and,a-tale-of-two-cities,1,,server-2,15,2,2,32.402,12.555,37.098
least-response-time-cache-off-warm0,130,2,8.2846,4.718,28.753,33.470,the,the-first-men-in-the-moon,1,,server-2,15,3,2,32.402,12.555,37.098
least-response-time-cache-off-warm0,130,2,8.2923,30.400,56.305,86.705,house,north-and-south,1,,server-2,13,3,2,35.520,4.701,37.098
least-response-time-cache-off-warm0,130,2,8.3000,22.574,32.307,54.881,king,the-last-of-the-mohicans-a-narrative-of-1757-27681,1,,server-2,12,4,2,40.683,4.701,37.098
least-response-time-cache-off-warm0,130,2,8.3077,15.777,76.973,92.750,he,the-return-of-sherlock-holmes-108,1,,server-2,12,5,0,42.642,4.701,30.827
least-response-time-cache-off-warm0,130,2,8.3154,7.989,29.401,37.390,love,myths-and-legends-of-ancient-greece-and-rome,1,,server-2,12,6,0,38.406,4.701,30.827
least-response-time-cache-off-warm0,130,2,8.3231,3.843,110.340,114.182,and,the-iliad-2199,1,,server-2,12,5,0,29.176,3.468,30.827
least-response-time-cache-off-warm0,130,2,8.3308,45.819,38.909,84.728,love,grimms-fairy-tales,1,,server-2,12,6,0,29.176,2.532,30.827
least-response-time-cache-off-warm0,130,2,8.3385,62.153,119.924,182.077,death,a-tale-of-two-cities,1,,server-2,12,7,0,29.176,4.019,30.827
least-response-time-cache-off-warm0,130,2,8.3462,55.126,163.686,218.813,the,northanger-abbey,1,,server-2,10,8,0,42.263,4.019,30.827
least-response-time-cache-off-warm0,130,2,8.3538,61.887,104.937,166.824,whale,adventures-of-huckleberry-finn,1,,server-2,10,9,0,42.263,9.011,30.827
least-response-time-cache-off-warm0,130,2,8.3615,79.930,158.703,238.633,you,villette,1,,server-2,10,9,0,42.263,12.327,30.827
least-response-time-cache-off-warm0,130,2,8.3692,71.855,103.020,174.875,you,the-jungle,1,,server-2,10,10,0,42.263,12.327,30.827
least-response-time-cache-off-warm0,130,2,8.3769,63.512,124.429,187.940,you,the-mystery-of-edwin-drood,1,,server-2,10,10,0,39.059,13.951,30.827
least-response-time-cache-off-warm0,130,2,8.3846,90.864,89.627,180.491,horse,the-secret-adversary,1,,server-2,10,10,0,62.224,20.599,30.827
least-response-time-cache-off-warm0,130,2,8.3923,85.221,95.072,180.293,house,adventures-of-huckleberry-finn,1,,server-2,10,11,0,62.224,20.599,30.827
least-response-time-cache-off-warm0,130,2,8.4000,1.752,16.232,17.985,money,hard-times,1,,server-3,8,11,1,37.076,33.769,30.827
least-response-time-cache-off-warm0,130,2,8.4077,10.849,26.425,37.274,money,great-expectations,1,,server-3,8,10,2,30.597,17.497,15.851
least-response-time-cache-off-warm0,130,2,8.4154,3.509,43.865,47.374,of,the-portrait-of-a-lady-volume-1,1,,server-3,8,10,3,30.597,22.077,15.851
least-response-time-cache-off-warm0,130,2,8.4231,22.583,64.952,87.535,and,the-king-in-yellow,1,,server-3,6,10,3,44.437,22.077,4.341
least-response-time-cache-off-warm0,130,2,8.4308,32.432,41.246,73.678,horse,the-house-of-the-seven-gables,1,,server-3,6,10,4,44.437,22.077,4.341
least-response-time-cache-off-warm0,130,2,8.4385,25.061,28.589,53.650,horse,frankenstein-or-the-modern-prometheus,1,,server-3,6,10,5,44.437,43.170,4.341
least-response-time-cache-off-warm0,130,2,8.4462,18.753,97.226,115.979,king,madame-bovary,1,,server-3,6,8,5,44.437,27.500,9.216
least-response-time-cache-off-warm0,130,2,8.4538,14.169,141.718,155.887,letter,the-vicomte-de-bragelonne,1,,server-3,5,8,6,60.388,27.500,9.216
least-response-time-cache-off-warm0,130,2,8.4615,7.222,145.763,152.985,castle,white-fang,1,,server-3,5,8,7,60.388,24.258,10.346
least-response-time-cache-off-warm0,130,2,8.4692,41.629,163.565,205.194,the,the-moonstone,1,,server-3,5,8,7,60.388,33.244,4.229
least-response-time-cache-off-warm0,130,2,8.4769,34.826,102.902,137.729,money,the-last-of-the-mohicans-a-narrative-of-1757-27681,1,,server-3,5,8,8,68.085,33.249,4.229
least-response-time-cache-off-warm0,130,2,8.4846,45.459,84.381,129.840,and,the-kama-sutra-of-vatsyayana,1,,server-3,5,8,9,60.955,19.816,4.229
least-response-time-cache-off-warm0,130,2,8.4923,70.360,115.527,185.887,letter,dracula,1,,server-3,4,8,10,70.063,19.816,8.802
least-response-time-cache-off-warm0,130,2,8.5000,103.401,96.298,199.699,house,a-tale-of-two-cities,1,,server-3,0,8,11,47.526,19.816,8.802
least-response-time-cache-off-warm0,130,2,8.5077,54.367,51.313,105.680,london,the-first-men-in-the-moon,1,,server-2,0,9,11,47.526,19.816,20.751
least-response-time-cache-off-warm0,130,2,8.5154,134.687,188.532,323.219,he,great-expectations,1,,server-3,0,9,9,47.526,19.816,12.708
least-response-time-cache-off-warm0,130,2,8.5231,146.928,164.842,311.770,whale,autobiography-of-benjamin-franklin,1,,server-3,0,9,10,47.526,48.836,12.708
least-response-time-cache-off-warm0,130,2,8.5308,138.919,108.127,247.046,and,life-on-the-mississippi,1,,server-3,0,9,11,47.526,48.836,17.874
least-response-time-cache-off-warm0,130,2,8.5385,139.951,41.168,181.119,horse,the-king-in-yellow,1,,server-3,0,8,12,47.526,32.363,15.546
least-response-time-cache-off-warm0,130,2,8.5462,153.709,79.151,232.861,he,beyond-good-and-evil,1,,server-3,0,8,13,47.526,42.488,15.546
least-response-time-cache-off-warm0,130,2,8.5538,125.906,102.521,228.426,night,villette,1,,server-3,0,8,14,47.526,42.488,15.546
least-response-time-cache-off-warm0,130,2,8.5615,140.602,174.959,315.561,money,madame-bovary,1,,server-3,0,8,15,47.526,39.834,15.546
least-response-time-cache-off-warm0,130,2,8.5692,136.099,127.830,263.929,letter,the-american,1,,server-3,0,7,15,47.526,70.572,29.898
least-response-time-cache-off-warm0,130,2,8.5769,131.168,143.179,274.347,he,the-first-men-in-the-moon,1,,server-3,0,7,16,47.526,61.414,29.898
least-response-time-cache-off-warm0,130,2,8.5846,267.427,114.813,382.241,heart,treasure-island,1,,server-3,0,7,17,47.526,61.414,29.898
least-response-time-cache-off-warm0,130,2,8.5923,242.783,115.037,357.820,you,the-adventures-of-ferdinand-count-fathom-complete,1,,server-3,0,7,18,47.526,61.414,29.898
least-response-time-cache-off-warm0,130,2,8.6000,251.978,53.372,305.349,of,herland,1,,server-3,0,2,19,47.526,50.610,29.898
least-response-time-cache-off-warm0,130,2,8.6077,244.052,82.386,326.439,london,cranford,1,,server-3,0,1,20,47.526,50.610,31.398
least-response-time-cache-off-warm0,130,2,8.6154,1.412,41.355,42.767,the,the-vicomte-de-bragelonne,1,,server-2,0,1,19,47.526,40.119,47.592
least-response-time-cache-off-warm0,130,2,8.6231,35.643,67.351,102.994,night,myths-and-legends-of-ancient-greece-and-rome,1,,server-2,0,2,19,47.526,20.623,47.592
least-response-time-cache-off-warm0,130,2,8.6308,27.373,36.016,63.389,and,the-iliad-2199,1,,server-2,0,3,19,47.526,20.623,47.592
least-response-time-cache-off-warm0,130,2,8.6385,20.209,89.215,109.424,horse,madame-bovary,1,,server-2,0,4,19,47.526,20.623,47.592
least-response-time-cache-off-warm0,130,2,8.6462,12.918,51.012,63.930,he,black-beauty,1,,server-2,0,5,19,47.526,20.623,47.592
least-response-time-cache-off-warm0,130,2,8.6538,6.360,90.400,96.760,money,tess-of-the-d-urbervilles-a-pure-woman,1,,server-2,0,6,16,47.526,22.183,64.126
least-response-time-cache-off-warm0,130,2,8.6615,46.053,70.893,116.945,was,life-on-the-mississippi,1,,server-2,0,6,16,47.526,2.638,64.126
least-response-time-cache-off-warm0,130,2,8.6692,40.557,99.086,139.643,night,a-journey-to-the-centre-of-the-earth,1,,server-2,0,7,16,47.526,2.638,65.736
least-response-time-cache-off-warm0,130,2,8.6769,74.323,52.221,126.544,love,frankenstein-or-the-modern-prometheus,1,,server-2,0,8,16,47.526,2.638,63.150
least-response-time-cache-off-warm0,130,2,8.6846,67.938,83.378,151.316,heart,the-moonstone,1,,server-2,0,9,14,47.526,2.638,29.859
least-response-time-cache-off-warm0,130,2,8.6923,87.076,108.797,195.873,money,mansfield-park,1,,server-2,0,10,14,47.526,6.720,29.859
least-response-time-cache-off-warm0,130,2,8.7000,80.894,150.799,231.694,and,oliver-twist,1,,server-2,0,11,14,47.526,12.442,23.869
least-response-time-cache-off-warm0,130,2,8.7077,85.055,94.211,179.267,death,a-connecticut-yankee-in-king-arthur-s-court,1,,server-2,0,12,13,47.526,17.609,37.926
least-response-time-cache-off-warm0,130,2,8.7154,93.761,118.860,212.621,horse,silas-marner,1,,server-2,0,13,13,47.526,14.299,30.363
least-response-time-cache-off-warm0,130,2,8.7231,81.702,138.873,220.575,night,the-king-in-yellow,1,,server-2,0,14,13,47.526,14.299,32.288
least-response-time-cache-off-warm0,130,2,8.7308,107.142,128.137,235.279,he,jude-the-obscure,1,,server-2,0,14,13,47.526,22.983,32.288
least-response-time-cache-off-warm0,130,2,8.7385,100.597,151.761,252.358,sea,life-on-the-mississippi,1,,server-2,0,15,13,47.526,22.983,32.288
least-response-time-cache-off-warm0,130,2,8.7462,197.762,60.413,258.175,love,a-journey-to-the-centre-of-the-earth,1,,server-2,0,16,13,47.526,22.983,32.288
least-response-time-cache-off-warm0,130,2,8.7538,212.576,47.104,259.680,you,herland,1,,server-2,0,13,13,47.526,16.198,32.288
least-response-time-cache-off-warm0,130,2,8.7615,230.660,87.792,318.452,the,the-adventures-of-sherlock-holmes,1,,server-2,0,14,13,47.526,16.198,32.288
least-response-time-cache-off-warm0,130,2,8.7692,222.117,70.617,292.733,heart,the-divine-comedy,1,,server-2,0,15,13,47.526,16.198,32.288
least-response-time-cache-off-warm0,130,2,8.7769,227.375,137.846,365.222,heart,north-and-south,1,,server-2,0,16,13,47.526,29.327,32.288
least-response-time-cache-off-warm0,130,2,8.7846,230.301,101.171,331.473,letter,the-american,1,,server-2,0,16,11,47.526,31.340,39.702
least-response-time-cache-off-warm0,130,2,8.7923,61.335,43.016,104.351,money,dubliners,1,,server-3,0,16,12,47.526,41.321,39.702
least-response-time-cache-off-warm0,130,2,8.8000,216.028,159.954,375.982,night,hard-times,1,,server-2,0,17,12,47.526,35.363,39.702
least-response-time-cache-off-warm0,130,2,8.8077,208.800,151.823,360.623,night,washington-square,1,,server-2,0,18,12,47.526,29.657,39.702
least-response-time-cache-off-warm0,130,2,8.8154,204.473,209.931,414.404,was,the-moonstone,1,,server-2,0,19,12,47.526,31.943,39.702
least-response-time-cache-off-warm0,130,2,8.8231,196.516,131.395,327.911,heart,mansfield-park,1,,server-2,0,20,12,47.526,31.943,39.702
least-response-time-cache-off-warm0,130,2,8.8308,229.571,181.283,410.854,castle,poirot-investigates,1,,server-2,0,21,12,47.526,31.943,39.702
least-response-time-cache-off-warm0,130,2,8.8385,276.747,127.195,403.942,the,the-prince,1,,server-2,0,21,12,47.526,34.999,82.101
least-response-time-cache-off-warm0,130,2,8.8462,291.515,126.317,417.832,money,the-odyssey,1,,server-2,0,20,7,47.526,28.298,87.156
least-response-time-cache-off-warm0,130,2,8.8538,19.816,123.280,143.096,she,jane-eyre-an-autobiography,1,,server-3,0,20,7,47.526,28.298,25.611
least-response-time-cache-off-warm0,130,2,8.8615,16.203,89.405,105.608,house,the-divine-comedy,1,,server-3,0,20,8,47.526,28.298,20.615
least-response-time-cache-off-warm0,130,2,8.8692,77.354,84.003,161.357,horse,northanger-abbey,1,,server-3,0,20,9,47.526,28.298,20.615
least-response-time-cache-off-warm0,130,2,8.8769,275.010,70.173,345.184,house,the-iliad-2199,1,,server-2,0,21,9,47.526,28.298,38.334
least-response-time-cache-off-warm0,130,2,8.8846,291.534,134.765,426.299,heart,emma,1,,server-2,0,22,9,47.526,28.298,38.334
least-response-time-cache-off-warm0,130,2,8.8923,57.284,80.769,138.054,love,the-secret-garden-17396,1,,server-3,0,21,10,47.526,47.538,38.334
least-response-time-cache-off-warm0,130,2,8.9000,66.242,76.909,143.150,house,persuasion,1,,server-3,0,21,11,47.526,47.538,31.025
least-response-time-cache-off-warm0,130,2,8.9077,61.713,92.628,154.342,king,grimms-fairy-tales,1,,server-3,0,20,12,47.526,65.024,35.238
least-response-time-cache-off-warm0,130,2,8.9154,95.109,70.697,165.807,night,hard-times,1,,server-3,0,20,13,47.526,65.024,35.238
least-response-time-cache-off-warm0,130,2,8.9231,75.295,246.996,322.291,he,the-iliad,1,,server-3,0,20,14,47.526,65.024,35.238
least-response-time-cache-off-warm0,130,2,8.9308,116.645,57.862,174.507,whale,the-tenant-of-wildfell-hall,1,,server-3,0,20,15,47.526,70.981,35.238
least-response-time-cache-off-warm0,130,2,8.9385,107.270,111.077,218.348,the,agnes-grey,1,,server-3,0,19,14,47.526,68.537,40.993
least-response-time-cache-off-warm0,130,2,8.9462,98.879,135.967,234.845,london,the-adventures-of-ferdinand-count-fathom-complete,1,,server-3,0,19,15,47.526,61.470,34.492
least-response-time-cache-off-warm0,130,2,8.9538,123.477,169.008,292.485,he,leaves-of-grass,1,,server-3,0,19,15,47.526,61.470,44.248
least-response-time-cache-off-warm0,130,2,8.9615,100.714,185.738,286.452,she,life-on-the-mississippi,1,,server-3,0,19,16,47.526,61.470,44.248
least-response-time-cache-off-warm0,130,2,8.9692,112.885,164.498,277.384,london,a-tale-of-two-cities,1,,server-3,0,17,13,47.526,53.144,27.006
least-response-time-cache-off-warm0,130,2,8.9769,129.902,156.800,286.702,house,the-house-of-the-seven-gables,1,,server-3,0,17,14,47.526,53.144,27.006
least-response-time-cache-off-warm0,130,2,8.9846,202.333,91.579,293.912,of,treasure-island,1,,server-3,0,17,15,47.526,53.144,27.006
least-response-time-cache-off-warm0,130,2,8.9923,254.536,68.887,323.423,horse,the-divine-comedy,1,,server-3,0,15,16,47.526,78.239,36.632
least-response-time-cache-off-warm0,130,2,9.0000,246.510,66.551,313.061,heart,pride-and-prejudice,1,,server-3,0,15,17,47.526,62.843,31.900
least-response-time-cache-off-warm0,130,2,9.0077,254.046,64.077,318.124,love,treasure-island,1,,server-3,0,15,18,47.526,49.233,31.900
least-response-time-cache-off-warm0,130,2,9.0154,249.586,78.964,328.550,was,wuthering-heights,1,,server-3,0,14,19,47.526,75.807,21.320
least-response-time-cache-off-warm0,130,2,9.0231,293.588,69.093,362.681,was,jane-eyre-an-autobiography,1,,server-3,0,13,20,47.526,27.943,21.320
least-response-time-cache-off-warm0,130,2,9.0308,191.488,108.148,299.636,he,leaves-of-grass,1,,server-2,0,14,19,47.526,27.943,40.320
least-response-time-cache-off-warm0,130,2,9.0385,191.133,81.367,272.500,the,tess-of-the-d-urbervilles-a-pure-woman,1,,server-2,0,15,19,47.526,27.943,40.320
least-response-time-cache-off-warm0,130,2,9.0462,240.363,63.148,303.512,was,the-age-of-innocence,1,,server-2,0,16,16,47.526,27.943,46.738
least-response-time-cache-off-warm0,130,2,9.0538,272.506,61.282,333.787,death,washington-square,1,,server-3,0,16,17,47.526,66.627,24.378
least-response-time-cache-off-warm0,130,2,9.0615,285.257,84.155,369.412,night,jude-the-obscure,1,,server-3,0,16,18,47.526,49.000,35.611
least-response-time-cache-off-warm0,130,2,9.0692,277.447,81.573,359.019,love,madame-bovary,1,,server-3,0,16,19,47.526,49.000,35.611
least-response-time-cache-off-warm0,130,2,9.0769,268.233,102.114,370.347,was,silas-marner,1,,server-3,0,16,20,47.526,49.000,34.641
least-response-time-cache-off-warm0,130,2,9.0846,304.319,155.473,459.792,sea,a-tale-of-two-cities,1,,server-3,0,16,20,47.526,45.078,38.426
least-response-time-cache-off-warm0,130,2,9.0923,255.497,150.418,405.916,the,the-house-of-mirth,1,,server-3,0,16,21,47.526,45.078,38.426
least-response-time-cache-off-warm0,130,2,9.1000,306.563,178.342,484.906,of,the-song-of-the-lark,1,,server-3,0,16,22,47.526,45.078,38.426
least-response-time-cache-off-warm0,130,2,9.1077,281.365,112.569,393.934,of,jane-eyre-an-autobiography,1,,server-3,0,15,21,47.526,85.141,39.445
least-response-time-cache-off-warm0,130,2,9.1154,274.405,171.069,445.473,king,the-adventures-of-ferdinand-count-fathom-complete,1,,server-3,0,14,22,47.526,99.452,39.445
least-response-time-cache-off-warm0,130,2,9.1231,320.414,143.717,464.132,was,silas-marner,1,,server-3,0,14,23,47.526,99.452,39.445
least-response-time-cache-off-warm0,130,2,9.1308,312.561,198.073,510.634,heart,anne-of-green-gables,1,,server-3,0,14,24,47.526,99.452,39.445
least-response-time-cache-off-warm0,130,2,9.1385,360.769,146.524,507.293,love,adventures-of-huckleberry-finn,1,,server-3,0,13,25,47.526,71.562,39.445
least-response-time-cache-off-warm0,130,2,9.1462,302.165,195.046,497.211,was,the-return-of-sherlock-holmes-108,1,,server-3,0,13,26,47.526,60.934,39.445
least-response-time-cache-off-warm0,130,2,9.1538,340.655,154.633,495.288,and,hard-times,1,,server-3,0,13,27,47.526,60.686,39.445
least-response-time-cache-off-warm0,130,2,9.1615,2.173,10.871,13.043,horse,herland,1,,server-1,1,13,27,47.526,60.686,61.407
least-response-time-cache-off-warm0,130,2,9.1692,5.884,28.424,34.308,the,tess-of-the-d-urbervilles-a-pure-woman,1,,server-1,2,11,27,24.434,66.227,61.407
least-response-time-cache-off-warm0,130,2,9.1769,1.656,54.979,56.635,night,jane-eyre-an-autobiography,1,,server-1,2,11,27,9.414,93.811,61.407
least-response-time-cache-off-warm0,130,2,9.1846,19.384,66.880,86.263,heart,far-from-the-madding-crowd,1,,server-1,3,11,26,6.098,93.811,75.897
least-response-time-cache-off-warm0,130,2,9.1923,12.664,83.962,96.626,you,the-american,1,,server-1,4,11,26,6.098,93.811,66.290
least-response-time-cache-off-warm0,130,2,9.2000,4.894,81.278,86.172,night,memoirs-of-fanny-hill,1,,server-1,5,10,26,8.918,107.743,66.290
least-response-time-cache-off-warm0,130,2,9.2077,82.178,15.667,97.845,the,the-lost-world,1,,server-1,5,10,26,3.040,107.743,66.290
least-response-time-cache-off-warm0,130,2,9.2154,73.891,101.901,175.792,money,persuasion,1,,server-1,6,10,26,3.040,107.743,66.290
least-response-time-cache-off-warm0,130,2,9.2231,67.061,23.867,90.928,money,the-jungle-book,1,,server-1,7,10,26,3.040,80.569,66.290
least-response-time-cache-off-warm0,130,2,9.2308,60.050,84.942,144.992,and,adventures-of-huckleberry-finn,1,,server-1,8,10,26,3.040,80.569,66.290
least-response-time-cache-off-warm0,130,2,9.2385,52.990,33.213,86.204,he,the-warden,1,,server-1,9,10,26,9.307,80.569,66.290
least-response-time-cache-off-warm0,130,2,9.2462,59.529,123.801,183.331,night,jane-eyre-an-autobiography,1,,server-1,10,9,25,9.307,39.487,60.010
least-response-time-cache-off-warm0,130,2,9.2538,51.785,70.884,122.669,the,the-scarlet-letter,1,,server-1,11,9,24,9.307,39.487,112.775
least-response-time-cache-off-warm0,130,2,9.2615,65.669,145.573,211.242,night,desert-gold,1,,server-1,12,7,23,9.307,39.487,64.646
least-response-time-cache-off-warm0,130,2,9.2692,45.044,115.529,160.573,love,black-beauty,1,,server-1,13,4,22,9.307,79.464,40.529
least-response-time-cache-off-warm0,130,2,9.2769,51.470,64.318,115.788,the,the-hound-of-the-baskervilles,1,,server-1,14,4,21,20.552,79.464,35.035
least-response-time-cache-off-warm0,130,2,9.2846,42.792,184.421,227.213,castle,the-jungle,1,,server-1,15,4,20,30.196,79.464,36.869
least-response-time-cache-off-warm0,130,2,9.2923,85.739,138.258,223.996,whale,the-return-of-sherlock-holmes,1,,server-1,12,4,20,14.752,54.293,36.869
least-response-time-cache-off-warm0,130,2,9.3000,61.018,155.681,216.699,castle,autobiography-of-benjamin-franklin,1,,server-1,13,4,19,18.915,54.293,36.869
least-response-time-cache-off-warm0,130,2,9.3077,83.934,123.168,207.102,he,the-adventures-of-tom-sawyer-complete,1,,server-1,14,4,19,17.312,54.293,36.869
least-response-time-cache-off-warm0,130,2,9.3154,79.131,140.682,219.813,he,twenty-thousand-leagues-under-the-sea,1,,server-1,14,3,19,20.546,49.960,77.473
least-response-time-cache-off-warm0,130,2,9.3231,127.084,96.676,223.760,and,treasure-island,1,,server-1,15,3,17,20.546,49.960,49.878
least-response-time-cache-off-warm0,130,2,9.3308,156.112,79.812,235.924,house,walden-and-on-the-duty-of-civil-disobedience,1,,server-1,14,3,17,12.626,51.893,88.995
least-response-time-cache-off-warm0,130,2,9.3385,173.682,136.113,309.795,heart,the-mysterious-island,1,,server-1,15,1,17,12.626,41.642,88.995
least-response-time-cache-off-warm0,130,2,9.3462,171.972,59.855,231.827,was,the-wind-in-the-willows,1,,server-1,16,1,15,19.553,41.642,104.369
least-response-time-cache-off-warm0,130,2,9.3538,177.950,113.281,291.231,was,north-and-south,1,,server-1,17,0,15,19.553,36.614,82.423
least-response-time-cache-off-warm0,130,2,9.3615,189.232,111.564,300.796,you,the-scarlet-letter-33,1,,server-1,18,0,15,22.993,36.614,82.423
least-response-time-cache-off-warm0,130,2,9.3692,195.455,75.305,270.760,king,the-picture-of-dorian-gray,1,,server-1,19,0,15,22.993,36.614,82.423
least-response-time-cache-off-warm0,130,2,9.3769,1.370,30.159,31.529,of,north-and-south,1,,server-2,19,1,15,40.926,36.614,82.423
least-response-time-cache-off-warm0,130,2,9.3846,24.058,10.230,34.288,house,beyond-good-and-evil,1,,server-2,17,2,15,24.141,18.851,82.423
least-response-time-cache-off-warm0,130,2,9.3923,16.949,66.279,83.228,castle,the-moonstone,1,,server-2,17,3,13,34.470,18.851,40.099
least-response-time-cache-off-warm0,130,2,9.4000,9.637,18.913,28.549,of,the-great-gatsby,1,,server-2,16,4,13,18.874,18.851,40.099
least-response-time-cache-off-warm0,130,2,9.4077,169.975,103.076,273.051,king,far-from-the-madding-crowd,1,,server-1,17,4,13,18.874,21.082,43.638
least-response-time-cache-off-warm0,130,2,9.4154,4.541,66.817,71.358,and,anne-of-green-gables,1,,server-2,17,4,13,18.874,4.615,91.899
least-response-time-cache-off-warm0,130,2,9.4231,6.311,57.207,63.518,london,the-great-gatsby,1,,server-2,16,4,13,18.874,3.423,91.899
least-response-time-cache-off-warm0,130,2,9.4308,56.510,106.663,163.173,money,the-wind-in-the-willows,1,,server-2,16,4,13,41.448,3.597,65.302
least-response-time-cache-off-warm0,130,2,9.4385,49.271,91.520,140.791,she,villette,1,,server-2,16,5,13,40.537,3.597,65.302
least-response-time-cache-off-warm0,130,2,9.4462,42.200,14.777,56.977,she,the-kama-sutra-of-vatsyayana,1,,server-2,15,6,11,51.452,3.597,109.000
least-response-time-cache-off-warm0,130,2,9.4538,34.080,58.400,92.480,london,desperate-remedies,1,,server-2,15,7,11,53.211,3.597,75.504
least-response-time-cache-off-warm0,130,2,9.4615,29.126,103.436,132.562,whale,life-on-the-mississippi,1,,server-2,15,8,11,53.211,3.597,75.504
least-response-time-cache-off-warm0,130,2,9.4692,21.422,99.874,121.296,heart,the-great-gatsby,1,,server-2,15,9,11,53.211,3.597,75.504
least-response-time-cache-off-warm0,130,2,9.4769,18.580,129.035,147.614,london,emma,1,,server-2,15,10,11,71.333,15.887,75.504
least-response-time-cache-off-warm0,130,2,9.4846,65.889,75.616,141.505,whale,black-beauty,1,,server-2,15,10,11,71.333,14.279,75.504
least-response-time-cache-off-warm0,130,2,9.4923,103.015,121.851,224.866,whale,the-moonstone,1,,server-2,14,9,10,59.734,5.566,121.818
least-response-time-cache-off-warm0,130,2,9.5000,113.883,43.016,156.899,you,dubliners,1,,server-2,14,10,10,59.734,5.290,50.983
least-response-time-cache-off-warm0,130,2,9.5077,113.148,47.461,160.609,love,a-connecticut-yankee-in-king-arthur-s-court,1,,server-2,14,11,9,59.734,7.103,63.116
least-response-time-cache-off-warm0,130,2,9.5154,105.699,48.669,154.369,she,cranford,1,,server-2,13,12,9,74.513,7.103,63.116
least-response-time-cache-off-warm0,130,2,9.5231,107.448,90.368,197.816,death,the-age-of-innocence,1,,server-2,12,13,9,60.371,13.117,63.116
least-response-time-cache-off-warm0,130,2,9.5308,139.454,78.945,218.399,she,silas-marner,1,,server-2,12,14,9,60.371,13.117,63.116
least-response-time-cache-off-warm0,130,2,9.5385,133.128,104.585,237.713,the,the-jungle,1,,server-2,10,15,9,45.394,13.117,63.116
least-response-time-cache-off-warm0,130,2,9.5462,124.279,76.289,200.568,london,the-memoirs-of-sherlock-holmes,1,,server-2,10,16,8,48.415,22.000,73.543
least-response-time-cache-off-warm0,130,2,9.5538,144.363,99.851,244.215,you,the-wind-in-the-willows,1,,server-2,7,16,8,69.062,19.909,73.543
least-response-time-cache-off-warm0,130,2,9.5615,137.842,88.042,225.884,king,the-war-of-the-worlds,1,,server-2,7,17,8,69.062,19.909,83.285
least-response-time-cache-off-warm0,130,2,9.5692,165.864,120.943,286.808,house,anne-of-green-gables,1,,server-2,7,18,8,57.549,19.909,83.285
least-response-time-cache-off-warm0,130,2,9.5769,200.168,164.019,364.188,you,the-age-of-innocence,1,,server-2,7,19,8,68.478,19.909,83.285
least-response-time-cache-off-warm0,130,2,9.5846,55.452,82.405,137.856,and,the-works-of-edgar-allan-poe-volume-2,1,,server-1,6,19,8,24.841,44.337,83.093
least-response-time-cache-off-warm0,130,2,9.5923,53.001,61.646,114.647,and,emma,1,,server-1,7,18,6,24.841,55.272,76.407
least-response-time-cache-off-warm0,130,2,9.6000,82.338,106.320,188.659,sea,washington-square,1,,server-1,8,14,6,24.841,46.668,76.407
least-response-time-cache-off-warm0,130,2,9.6077,71.150,61.107,132.257,night,the-works-of-edgar-allan-poe-volume-2,1,,server-1,9,14,6,24.841,46.668,76.407
least-response-time-cache-off-warm0,130,2,9.6154,104.830,77.382,182.212,whale,the-song-of-the-lark,1,,server-1,10,14,6,24.841,59.674,66.427
least-response-time-cache-off-warm0,130,2,9.6231,101.009,69.390,170.399,and,the-secret-garden,1,,server-1,11,14,6,24.841,40.526,66.427
least-response-time-cache-off-warm0,130,2,9.6308,109.625,72.834,182.458,king,desert-gold,1,,server-1,12,12,6,24.841,31.431,66.427
least-response-time-cache-off-warm0,130,2,9.6385,138.296,36.345,174.641,king,the-king-in-yellow,1,,server-2,12,13,6,33.038,25.317,66.427
least-response-time-cache-off-warm0,130,2,9.6462,125.642,59.927,185.569,the,around-the-world-in-eighty-days,1,,server-1,13,13,5,39.101,40.315,112.388
least-response-time-cache-off-warm0,130,2,9.6538,119.293,87.578,206.871,of,dracula,1,,server-1,14,13,0,38.749,40.315,51.287
least-response-time-cache-off-warm0,130,2,9.6615,136.680,115.522,252.202,the,the-jungle-book,1,,server-1,14,13,0,33.155,55.629,51.287
least-response-time-cache-off-warm0,130,2,9.6692,129.322,162.164,291.487,sea,twenty-thousand-leagues-under-the-sea,1,,server-1,13,13,0,36.578,53.234,51.287
least-response-time-cache-off-warm0,130,2,9.6769,111.056,154.621,265.677,and,the-song-of-the-lark,1,,server-2,13,13,0,36.578,17.615,51.287
least-response-time-cache-off-warm0,130,2,9.6846,103.249,185.848,289.097,the,oliver-twist,1,,server-2,12,13,0,27.953,17.615,51.287
least-response-time-cache-off-warm0,130,2,9.6923,103.272,177.698,280.970,was,the-adventures-of-tom-sawyer-complete,1,,server-2,12,14,0,27.953,17.615,51.287
least-response-time-cache-off-warm0,130,2,9.7000,98.460,144.861,243.321,love,little-women,1,,server-1,13,14,0,27.953,30.446,51.287
least-response-time-cache-off-warm0,130,2,9.7077,92.966,53.433,146.398,the,the-picture-of-dorian-gray,1,,server-2,12,15,0,39.545,30.446,51.287
least-response-time-cache-off-warm0,130,2,9.7154,98.840,177.286,276.126,heart,the-tenant-of-wildfell-hall,1,,server-2,12,16,0,39.545,30.446,51.287
least-response-time-cache-off-warm0,130,2,9.7231,76.772,74.329,151.101,and,black-beauty,1,,server-1,12,16,0,47.013,52.465,51.287
least-response-time-cache-off-warm0,130,2,9.7308,130.473,143.190,273.663,was,the-vicomte-de-bragelonne,1,,server-1,12,16,0,38.435,52.465,51.287
least-response-time-cache-off-warm0,130,2,9.7385,122.452,96.643,219.095,sea,persuasion,1,,server-1,13,14,0,38.435,44.587,51.287
least-response-time-cache-off-warm0,130,2,9.7462,140.453,92.843,233.296,love,sense-and-sensibility,1,,server-1,13,14,0,23.784,44.587,51.287
least-response-time-cache-off-warm0,130,2,9.7538,203.800,142.418,346.218,castle,sense-and-sensibility,1,,server-1,14,11,0,23.784,59.284,51.287
least-response-time-cache-off-warm0,130,2,9.7615,182.086,79.944,262.030,you,the-return-of-sherlock-holmes-108,1,,server-1,15,11,0,23.784,59.284,51.287
least-response-time-cache-off-warm0,130,2,9.7692,193.927,90.767,284.693,he,cranford,1,,server-1,16,11,0,42.345,59.284,51.287
least-response-time-cache-off-warm0,130,2,9.7769,181.330,123.605,304.935,castle,pride-and-prejudice,1,,server-1,17,11,0,33.535,43.105,51.287
least-response-time-cache-off-warm0,130,2,9.7846,178.776,76.201,254.977,whale,twenty-thousand-leagues-under-the-sea,1,,server-1,18,10,0,33.535,54.533,51.287
least-response-time-cache-off-warm0,130,2,9.7923,43.524,177.425,220.949,letter,the-divine-comedy,1,,server-2,17,11,0,50.157,35.260,51.287
least-response-time-cache-off-warm0,130,2,9.8000,218.831,104.823,323.655,heart,the-prince,1,,server-1,17,10,0,17.985,43.941,51.287
least-response-time-cache-off-warm0,130,2,9.8077,216.266,98.342,314.608,you,walden-and-on-the-duty-of-civil-disobedience,1,,server-1,18,9,0,17.985,36.022,51.287
least-response-time-cache-off-warm0,130,2,9.8154,41.114,158.234,199.348,london,tess-of-the-d-urbervilles-a-pure-woman,1,,server-2,16,10,0,31.684,19.969,51.287
least-response-time-cache-off-warm0,130,2,9.8231,122.168,82.824,204.991,heart,the-scarlet-letter,1,,server-2,16,11,0,31.684,19.969,51.287
least-response-time-cache-off-warm0,130,2,9.8308,179.349,36.156,215.505,castle,the-return-of-sherlock-holmes-108,1,,server-2,16,12,0,31.684,19.969,51.287
least-response-time-cache-off-warm0,130,2,9.8385,175.090,81.053,256.143,house,frankenstein-or-the-modern-prometheus-41445,1,,server-2,16,12,0,36.886,16.353,51.287
least-response-time-cache-off-warm0,130,2,9.8462,166.429,85.715,252.144,whale,jane-eyre-an-autobiography,1,,server-2,16,13,0,36.886,16.353,51.287
least-response-time-cache-off-warm0,130,2,9.8538,160.709,83.687,244.396,sea,the-adventures-of-tom-sawyer-complete,1,,server-2,16,14,0,36.886,26.326,51.287
least-response-time-cache-off-warm0,130,2,9.8615,236.575,108.519,345.094,the,the-mysterious-affair-at-styles,1,,server-2,16,14,0,29.650,28.016,51.287
least-response-time-cache-off-warm0,130,2,9.8692,229.412,92.281,321.694,house,the-secret-adversary,1,,server-2,14,15,0,46.818,28.016,51.287
least-response-time-cache-off-warm0,130,2,9.8769,222.248,14.784,237.032,you,his-last-bow,1,,server-2,14,16,0,49.579,26.622,51.287
least-response-time-cache-off-warm0,130,2,9.8846,214.507,77.279,291.785,letter,oliver-twist,1,,server-2,14,17,0,49.579,26.622,51.287
least-response-time-cache-off-warm0,130,2,9.8923,207.966,46.721,254.688,king,pride-and-prejudice,1,,server-2,14,18,0,44.391,26.622,51.287
least-response-time-cache-off-warm0,130,2,9.9000,201.347,118.757,320.104,king,treasure-island,1,,server-2,14,19,0,44.391,26.622,51.287
least-response-time-cache-off-warm0,130,2,9.9077,195.147,102.655,297.802,whale,northanger-abbey,1,,server-2,14,20,0,44.391,30.356,51.287
least-response-time-cache-off-warm0,130,2,9.9154,187.432,90.200,277.632,night,around-the-world-in-eighty-days,1,,server-2,12,21,0,81.688,30.356,51.287
least-response-time-cache-off-warm0,130,2,9.9231,214.393,109.263,323.655,and,the-romance-of-lust-a-classic-victorian-erotic-novel,1,,server-2,12,22,0,81.688,30.356,51.287
least-response-time-cache-off-warm0,130,2,9.9308,260.187,102.065,362.252,whale,persuasion,1,,server-2,12,23,0,81.688,30.356,51.287
least-response-time-cache-off-warm0,130,2,9.9385,281.394,58.190,339.584,you,a-connecticut-yankee-in-king-arthur-s-court,1,,server-2,12,24,0,81.688,30.356,51.287
least-response-time-cache-off-warm0,130,2,9.9462,274.366,87.969,362.335,was,the-return-of-sherlock-holmes,1,,server-2,12,22,0,68.928,42.907,51.287
least-response-time-cache-off-warm0,130,2,9.9538,289.625,66.588,356.213,horse,persuasion,1,,server-2,12,23,0,68.928,42.907,51.287
least-response-time-cache-off-warm0,130,2,9.9615,287.150,98.115,385.265,night,tess-of-the-d-urbervilles-a-pure-woman,1,,server-2,10,24,0,56.977,42.907,51.287
least-response-time-cache-off-warm0,130,2,9.9692,54.301,73.221,127.522,of,meditations,1,,server-1,10,24,0,25.801,42.907,51.287
least-response-time-cache-off-warm0,130,2,9.9769,1.432,24.938,26.369,love,oliver-twist,1,,server-3,10,23,1,55.872,85.182,51.287
least-response-time-cache-off-warm0,130,2,9.9846,18.669,14.782,33.451,house,white-fang,1,,server-3,10,23,2,57.707,85.182,26.341
least-response-time-cache-off-warm0,130,2,9.9923,12.072,51.036,63.108,death,great-expectations,1,,server-3,10,23,3,57.707,94.842,26.341
least-response-time-cache-off-warm0,130,2,10.0000,4.592,25.269,29.862,you,the-secret-garden-17396,1,,server-3,10,23,4,57.707,84.248,26.341
least-response-time-cache-off-warm0,130,2,10.0077,47.914,14.061,61.975,love,white-fang,1,,server-3,10,23,4,56.447,84.248,4.163
least-response-time-cache-off-warm0,130,2,10.0154,40.787,38.761,79.548,sea,thus-spake-zarathustra-a-book-for-all-and-none,1,,server-3,10,21,5,56.447,39.178,4.163
least-response-time-cache-off-warm0,130,2,10.0231,33.468,83.086,116.554,letter,twenty-thousand-leagues-under-the-sea,1,,server-3,8,21,6,53.421,39.178,6.199
least-response-time-cache-off-warm0,130,2,10.0308,27.253,63.382,90.635,whale,a-journey-to-the-centre-of-the-earth,1,,server-3,7,19,6,35.103,30.566,10.174
least-response-time-cache-off-warm0,130,2,10.0385,21.858,140.061,161.918,night,his-last-bow,1,,server-3,7,19,7,30.798,30.566,10.174
least-response-time-cache-off-warm0,130,2,10.0462,13.533,101.794,115.328,was,the-house-of-the-seven-gables,1,,server-3,6,18,8,28.400,31.194,10.174
least-response-time-cache-off-warm0,130,2,10.0538,18.009,65.502,83.512,horse,dubliners,1,,server-3,6,17,9,40.652,57.001,10.174
least-response-time-cache-off-warm0,130,2,10.0615,11.087,125.540,136.627,letter,dubliners,1,,server-3,6,17,8,32.714,57.001,5.798
least-response-time-cache-off-warm0,130,2,10.0692,43.904,110.019,153.924,horse,the-mysterious-affair-at-styles,1,,server-3,6,17,9,32.714,57.001,6.683
least-response-time-cache-off-warm0,130,2,10.0769,60.584,42.154,102.738,letter,a-tale-of-two-cities,1,,server-3,6,17,9,32.714,57.001,4.748
least-response-time-cache-off-warm0,130,2,10.0846,70.487,67.842,138.329,house,the-wind-in-the-willows,1,,server-3,5,17,10,49.834,57.001,4.748
least-response-time-cache-off-warm0,130,2,10.0923,67.336,77.319,144.655,horse,cranford,1,,server-3,5,17,11,49.834,57.001,4.748
least-response-time-cache-off-warm0,130,2,10.1000,62.076,103.410,165.486,whale,great-expectations,1,,server-3,5,14,12,47.534,54.359,11.486
least-response-time-cache-off-warm0,130,2,10.1077,72.715,143.892,216.608,death,mary-barton,1,,server-3,5,14,13,47.534,26.019,11.486
least-response-time-cache-off-warm0,130,2,10.1154,109.292,100.639,209.931,house,memoirs-of-fanny-hill,1,,server-3,5,14,13,47.534,23.639,21.106
least-response-time-cache-off-warm0,130,2,10.1231,78.489,118.733,197.222,castle,the-works-of-edgar-allan-poe-volume-2,1,,server-3,4,13,14,54.868,46.091,31.581
least-response-time-cache-off-warm0,130,2,10.1308,128.628,73.638,202.267,was,the-prince,1,,server-3,0,13,15,36.532,46.091,31.581
least-response-time-cache-off-warm0,130,2,10.1385,130.344,104.548,234.892,house,sense-and-sensibility,1,,server-3,0,13,16,36.532,41.106,31.502
least-response-time-cache-off-warm0,130,2,10.1462,161.056,76.742,237.797,london,poirot-investigates,1,,server-3,0,13,15,36.532,41.106,25.411
least-response-time-cache-off-warm0,130,2,10.1538,151.698,45.640,197.338,night,the-age-of-innocence,1,,server-3,0,13,16,36.532,33.366,25.411
least-response-time-cache-off-warm0,130,2,10.1615,87.794,96.739,184.533,night,washington-square,1,,server-2,0,14,15,36.532,33.366,34.658
least-response-time-cache-off-warm0,130,2,10.1692,80.633,124.231,204.864,he,the-moonstone,1,,server-2,0,15,15,36.532,33.366,34.658
least-response-time-cache-off-warm0,130,2,10.1769,158.248,108.251,266.499,heart,black-beauty,1,,server-3,0,15,16,36.532,81.777,34.658
least-response-time-cache-off-warm0,130,2,10.1846,151.506,93.350,244.856,letter,walden-and-on-the-duty-of-civil-disobedience,1,,server-3,0,15,17,36.532,81.777,23.252
least-response-time-cache-off-warm0,130,2,10.1923,142.973,92.311,235.284,money,oliver-twist,1,,server-3,0,15,16,36.532,58.761,23.252
least-response-time-cache-off-warm0,130,2,10.2000,1.425,12.721,14.146,heart,the-secret-garden-17396,1,,server-1,1,14,16,36.532,64.913,45.738
least-response-time-cache-off-warm0,130,2,10.2077,7.030,16.385,23.415,house,anne-of-green-gables,1,,server-1,2,13,16,18.779,34.619,33.869
least-response-time-cache-off-warm0,130,2,10.2154,1.610,34.560,36.170,she,the-divine-comedy,1,,server-1,2,9,15,7.949,81.437,33.869
least-response-time-cache-off-warm0,130,2,10.2231,10.492,33.962,44.454,london,the-scarlet-letter-33,1,,server-1,3,8,15,5.226,132.732,46.772
least-response-time-cache-off-warm0,130,2,10.2308,3.132,51.516,54.649,was,the-adventures-of-sherlock-holmes,1,,server-1,4,8,12,6.651,132.732,19.988
least-response-time-cache-off-warm0,130,2,10.2385,14.839,46.346,61.186,love,northanger-abbey,1,,server-1,4,8,12,3.383,132.732,40.725
least-response-time-cache-off-warm0,130,2,10.2462,23.598,49.815,73.413,money,the-portrait-of-a-lady-volume-1,1,,server-1,5,8,12,3.383,110.533,40.725
least-response-time-cache-off-warm0,130,2,10.2538,29.663,57.007,86.670,letter,poirot-investigates,1,,server-1,5,8,12,6.215,21.882,40.725
least-response-time-cache-off-warm0,130,2,10.2615,37.112,45.043,82.155,king,persuasion,1,,server-1,6,8,12,6.215,21.882,37.292
least-response-time-cache-off-warm0,130,2,10.2692,32.765,76.312,109.077,castle,the-picture-of-dorian-gray,1,,server-1,7,7,10,10.849,21.882,55.218
least-response-time-cache-off-warm0,130,2,10.2769,26.161,50.542,76.703,money,the-hound-of-the-baskervilles-3070,1,,server-1,7,7,10,11.835,21.882,44.317
least-response-time-cache-off-warm0,130,2,10.2846,33.004,62.058,95.061,money,kidnapped,1,,server-1,8,7,10,17.962,23.565,44.317
least-response-time-cache-off-warm0,130,2,10.2923,29.878,75.802,105.680,house,thus-spake-zarathustra-a-book-for-all-and-none,1,,server-1,9,7,10,14.743,23.565,62.656
least-response-time-cache-off-warm0,130,2,10.3000,43.867,108.811,152.678,whale,silas-marner,1,,server-1,10,7,10,19.312,36.822,62.656
least-response-time-cache-off-warm0,130,2,10.3077,72.333,160.549,232.882,heart,washington-square,1,,server-1,9,7,10,10.414,32.216,49.790
least-response-time-cache-off-warm0,130,2,10.3154,65.192,91.972,157.164,the,the-vicomte-de-bragelonne,1,,server-1,10,3,10,10.414,29.287,49.790
least-response-time-cache-off-warm0,130,2,10.3231,59.525,94.041,153.566,was,dubliners,1,,server-1,10,3,10,11.749,29.287,59.226
least-response-time-cache-off-warm0,130,2,10.3308,65.467,110.858,176.325,was,the-divine-comedy,1,,server-1,11,3,9,11.749,29.287,42.423
least-response-time-cache-off-warm0,130,2,10.3385,63.971,87.186,151.157,money,the-hound-of-the-baskervilles-3070,1,,server-1,12,3,6,11.749,29.287,29.935
least-response-time-cache-off-warm0,130,2,10.3462,122.098,95.792,217.890,letter,oliver-twist,1,,server-1,12,3,6,16.431,42.419,29.935
least-response-time-cache-off-warm0,130,2,10.3538,119.026,65.131,184.157,the,the-adventures-of-sherlock-holmes,1,,server-1,12,1,6,17.468,34.302,26.559
least-response-time-cache-off-warm0,130,2,10.3615,128.641,94.994,223.635,london,the-song-of-the-lark,1,,server-1,13,1,6,17.468,34.302,26.559
least-response-time-cache-off-warm0,130,2,10.3692,138.085,133.715,271.800,heart,the-house-of-mirth,1,,server-1,13,1,6,17.468,34.302,26.559
least-response-time-cache-off-warm0,130,2,10.3769,130.722,88.886,219.607,and,the-war-of-the-worlds,1,,server-1,14,0,6,25.963,37.175,41.898
least-response-time-cache-off-warm0,130,2,10.3846,211.861,58.281,270.142,letter,the-great-gatsby,1,,server-1,13,0,4,20.736,37.175,38.140
least-response-time-cache-off-warm0,130,2,10.3923,149.234,97.152,246.385,money,emma,1,,server-1,14,0,4,20.736,37.175,38.140
least-response-time-cache-off-warm0,130,2,10.4000,182.596,207.145,389.741,sea,the-vicomte-de-bragelonne,1,,server-1,15,0,4,15.208,37.175,38.140
least-response-time-cache-off-warm0,130,2,10.4077,178.168,129.740,307.907,sea,the-first-men-in-the-moon,1,,server-1,15,0,4,16.019,37.175,38.140
least-response-time-cache-off-warm0,130,2,10.4154,170.894,80.974,251.867,and,white-fang,1,,server-1,16,0,4,16.019,37.175,38.140
least-response-time-cache-off-warm0,130,2,10.4231,175.237,175.819,351.056,you,the-hound-of-the-baskervilles-3070,1,,server-1,17,0,4,16.019,37.175,38.140
least-response-time-cache-off-warm0,130,2,10.4308,212.284,133.696,345.980,he,the-song-of-the-lark,1,,server-1,18,0,1,28.353,37.175,37.230
least-response-time-cache-off-warm0,130,2,10.4385,161.479,95.103,256.582,king,little-women,1,,server-1,19,0,1,28.353,37.175,37.230
least-response-time-cache-off-warm0,130,2,10.4462,197.994,145.674,343.668,horse,kidnapped,1,,server-1,20,0,0,28.353,37.175,38.448
least-response-time-cache-off-warm0,130,2,10.4538,1.647,15.889,17.535,london,poirot-investigates,1,,server-2,20,1,0,42.431,37.175,38.448
least-response-time-cache-off-warm0,130,2,10.4615,10.381,32.777,43.157,sea,dubliners,1,,server-2,20,2,0,42.431,19.122,38.448
least-response-time-cache-off-warm0,130,2,10.4692,3.039,29.904,32.943,and,dubliners,1,,server-2,20,3,0,47.192,19.122,38.448
least-response-time-cache-off-warm0,130,2,10.4769,28.764,39.122,67.886,horse,wuthering-heights,1,,server-2,18,3,0,56.301,4.576,38.448
least-response-time-cache-off-warm0,130,2,10.4846,22.051,51.620,73.671,king,the-great-gatsby,1,,server-2,18,4,0,56.301,4.576,38.448
least-response-time-cache-off-warm0,130,2,10.4923,14.868,79.757,94.625,horse,the-tenant-of-wildfell-hall,1,,server-2,18,5,0,60.984,4.576,38.448
least-response-time-cache-off-warm0,130,2,10.5000,6.901,52.782,59.683,the,white-fang,1,,server-2,18,6,0,60.984,4.576,38.448
least-response-time-cache-off-warm0,130,2,10.5077,5.470,88.278,93.748,heart,grimms-fairy-tales,1,,server-2,18,5,0,45.478,4.125,38.448
least-response-time-cache-off-warm0,130,2,10.5154,29.599,66.000,95.599,heart,the-hound-of-the-baskervilles-3070,1,,server-2,18,6,0,45.478,2.677,38.448
least-response-time-cache-off-warm0,130,2,10.5231,36.880,64.475,101.356,castle,myths-and-legends-of-ancient-greece-and-rome,1,,server-2,18,7,0,45.478,2.677,38.448
least-response-time-cache-off-warm0,130,2,10.5308,57.080,153.373,210.453,horse,the-romance-of-lust-a-classic-victorian-erotic-novel,1,,server-2,18,8,0,45.478,5.973,38.448
least-response-time-cache-off-warm0,130,2,10.5385,63.799,43.733,107.532,letter,a-connecticut-yankee-in-king-arthur-s-court,1,,server-2,18,9,0,49.143,5.973,38.448
least-response-time-cache-off-warm0,130,2,10.5462,62.696,109.814,172.510,sea,his-last-bow,1,,server-2,14,10,0,42.163,12.945,38.448
least-response-time-cache-off-warm0,130,2,10.5538,57.606,99.737,157.343,you,the-secret-garden,1,,server-2,14,11,0,42.163,12.945,38.448
least-response-time-cache-off-warm0,130,2,10.5615,51.019,75.145,126.164,house,the-house-of-the-seven-gables,1,,server-2,14,12,0,42.163,21.845,38.448
least-response-time-cache-off-warm0,130,2,10.5692,43.460,128.733,172.193,the,a-tale-of-two-cities,1,,server-2,13,13,0,74.060,21.845,38.448
least-response-time-cache-off-warm0,130,2,10.5769,48.217,150.492,198.709,and,the-adventures-of-sherlock-holmes,1,,server-2,13,14,0,74.060,21.845,38.448
least-response-time-cache-off-warm0,130,2,10.5846,123.452,71.553,195.004,was,wuthering-heights,1,,server-2,12,14,0,59.183,26.665,38.448
least-response-time-cache-off-warm0,130,2,10.5923,150.152,86.595,236.747,night,far-from-the-madding-crowd,1,,server-2,12,12,0,54.600,23.219,38.448
least-response-time-cache-off-warm0,130,2,10.6000,142.282,64.780,207.061,london,cranford,1,,server-2,10,13,0,40.350,23.219,38.448
least-response-time-cache-off-warm0,130,2,10.6077,134.452,63.667,198.119,whale,the-house-of-the-seven-gables,1,,server-2,10,14,0,40.350,26.594,38.448
least-response-time-cache-off-warm0,130,2,10.6154,165.388,104.191,269.579,castle,the-portrait-of-a-lady-volume-1,1,,server-2,10,14,0,40.350,18.708,38.448
least-response-time-cache-off-warm0,130,2,10.6231,159.484,90.571,250.055,of,dubliners,1,,server-2,10,14,0,35.631,21.591,38.448
least-response-time-cache-off-warm0,130,2,10.6308,176.431,75.222,251.654,you,treasure-island,1,,server-2,10,15,0,35.631,15.278,38.448
least-response-time-cache-off-warm0,130,2,10.6385,185.577,77.185,262.762,death,the-last-of-the-mohicans-a-narrative-of-1757,1,,server-2,10,16,0,47.648,15.278,38.448
least-response-time-cache-off-warm0,130,2,10.6462,186.034,124.649,310.683,you,north-and-south,1,,server-2,9,16,0,59.230,26.538,38.448
least-response-time-cache-off-warm0,130,2,10.6538,184.492,94.556,279.048,of,jane-eyre-an-autobiography,1,,server-2,9,17,0,41.313,26.538,38.448
least-response-time-cache-off-warm0,130,2,10.6615,210.500,107.250,317.749,heart,hard-times,1,,server-2,8,18,0,44.554,26.538,38.448
least-response-time-cache-off-warm0,130,2,10.6692,233.422,112.316,345.738,and,the-last-of-the-mohicans-a-narrative-of-1757,1,,server-2,8,19,0,42.129,26.538,38.448
least-response-time-cache-off-warm0,130,2,10.6769,227.932,111.479,339.411,london,the-secret-garden,1,,server-2,8,20,0,42.129,26.538,38.448
least-response-time-cache-off-warm0,130,2,10.6846,249.074,107.696,356.770,sea,life-on-the-mississippi,1,,server-2,8,21,0,42.129,26.538,38.448
least-response-time-cache-off-warm0,130,2,10.6923,284.565,110.683,395.248,he,little-women,1,,server-2,6,22,0,37.925,34.202,38.448
least-response-time-cache-off-warm0,130,2,10.7000,316.963,40.244,357.207,he,thus-spake-zarathustra-a-book-for-all-and-none,1,,server-2,6,23,0,36.842,29.798,38.448
least-response-time-cache-off-warm0,130,2,10.7077,80.262,11.816,92.079,money,beyond-good-and-evil,1,,server-1,7,23,0,36.842,41.445,38.448
least-response-time-cache-off-warm0,130,2,10.7154,1.707,22.289,23.996,the,wuthering-heights,1,,server-3,7,23,1,53.156,50.122,38.448
least-response-time-cache-off-warm0,130,2,10.7231,16.670,53.260,69.930,was,desert-gold,1,,server-3,7,21,2,53.156,42.857,19.796
least-response-time-cache-off-warm0,130,2,10.7308,9.814,13.912,23.726,whale,dubliners,1,,server-3,7,21,3,45.244,42.857,19.796
least-response-time-cache-off-warm0,130,2,10.7385,2.055,39.112,41.167,sea,great-expectations,1,,server-3,7,20,4,45.244,42.857,18.144
least-response-time-cache-off-warm0,130,2,10.7462,30.240,26.883,57.123,of,treasure-island,1,,server-3,7,17,4,45.244,16.933,3.335
least-response-time-cache-off-warm0,130,2,10.7538,39.478,30.824,70.302,death,wuthering-heights,1,,server-3,7,17,5,45.244,16.933,3.335
least-response-time-cache-off-warm0,130,2,10.7615,42.027,35.928,77.955,the,herland,1,,server-3,7,17,6,45.244,16.933,6.029
least-response-time-cache-off-warm0,130,2,10.7692,37.701,70.330,108.032,of,life-on-the-mississippi,1,,server-3,7,17,7,45.244,16.933,6.029
least-response-time-cache-off-warm0,130,2,10.7769,29.069,67.203,96.271,he,the-mysterious-affair-at-styles,1,,server-3,5,16,8,65.231,51.041,9.160
least-response-time-cache-off-warm0,130,2,10.7846,21.979,103.596,125.575,she,the-war-of-the-worlds,1,,server-3,5,15,7,65.231,54.688,15.757
least-response-time-cache-off-warm0,130,2,10.7923,29.614,93.102,122.715,whale,the-scarlet-letter,1,,server-3,1,15,8,46.896,54.688,15.757
least-response-time-cache-off-warm0,130,2,10.8000,34.031,56.326,90.358,he,kidnapped,1,,server-3,0,15,8,31.595,54.688,17.178
least-response-time-cache-off-warm0,130,2,10.8077,45.366,160.579,205.945,he,the-american,1,,server-3,0,15,8,31.595,57.832,8.898
least-response-time-cache-off-warm0,130,2,10.8154,26.010,122.469,148.479,horse,pride-and-prejudice,1,,server-3,0,15,9,31.595,57.832,8.898
least-response-time-cache-off-warm0,130,2,10.8231,54.424,57.007,111.430,death,the-divine-comedy,1,,server-3,0,15,10,31.595,57.832,13.377
least-response-time-cache-off-warm0,130,2,10.8308,57.864,71.806,129.671,love,the-hound-of-the-baskervilles-3070,1,,server-3,0,13,11,31.595,69.550,16.729
least-response-time-cache-off-warm0,130,2,10.8385,73.292,97.084,170.375,night,the-iliad-2199,1,,server-3,0,12,12,31.595,58.647,14.783
least-response-time-cache-off-warm0,130,2,10.8462,119.170,105.794,224.964,love,meditations,1,,server-3,0,12,11,31.595,58.647,14.410
least-response-time-cache-off-warm0,130,2,10.8538,111.249,134.692,245.941,letter,wuthering-heights,1,,server-3,0,12,12,31.595,58.647,15.041
least-response-time-cache-off-warm0,130,2,10.8615,105.088,101.204,206.292,castle,the-house-of-the-seven-gables,1,,server-3,0,12,13,31.595,85.724,15.041
least-response-time-cache-off-warm0,130,2,10.8692,116.412,97.386,213.798,king,north-and-south,1,,server-3,0,12,14,31.595,85.724,15.041
least-response-time-cache-off-warm0,130,2,10.8769,89.835,111.632,201.467,you,the-great-gatsby,1,,server-3,0,12,15,31.595,71.039,30.065
least-response-time-cache-off-warm0,130,2,10.8846,129.317,128.251,257.567,london,dubliners,1,,server-3,0,11,16,31.595,88.842,28.099
least-response-time-cache-off-warm0,130,2,10.8923,126.170,124.454,250.625,castle,autobiography-of-benjamin-franklin,1,,server-3,0,11,16,31.595,88.842,27.045
least-response-time-cache-off-warm0,130,2,10.9000,170.384,72.017,242.401,love,walden-and-on-the-duty-of-civil-disobedience,1,,server-3,0,11,17,31.595,76.448,23.217
least-response-time-cache-off-warm0,130,2,10.9077,169.882,79.194,249.076,london,a-journey-to-the-centre-of-the-earth,1,,server-3,0,9,18,31.595,84.043,23.217
least-response-time-cache-off-warm0,130,2,10.9154,1.765,26.168,27.934,was,the-song-of-the-lark,1,,server-1,1,9,16,31.595,84.043,38.318
least-response-time-cache-off-warm0,130,2,10.9231,20.998,39.160,60.159,heart,the-house-of-the-seven-gables,1,,server-1,2,9,14,16.257,84.043,35.174
least-response-time-cache-off-warm0,130,2,10.9308,13.581,9.726,23.307,was,the-kama-sutra-of-vatsyayana,1,,server-1,3,9,14,16.257,84.043,35.174
least-response-time-cache-off-warm0,130,2,10.9385,5.666,36.950,42.616,king,the-picture-of-dorian-gray,1,,server-1,4,9,14,16.257,54.143,39.241
least-response-time-cache-off-warm0,130,2,10.9462,8.685,50.930,59.615,and,the-jungle-book,1,,server-1,4,9,14,3.266,54.143,39.241
least-response-time-cache-off-warm0,130,2,10.9538,29.679,40.576,70.254,the,the-secret-garden-17396,1,,server-1,5,8,14,4.053,80.416,39.241
least-response-time-cache-off-warm0,130,2,10.9615,22.365,22.707,45.073,london,the-wind-in-the-willows,1,,server-1,5,7,14,3.346,68.455,54.395
least-response-time-cache-off-warm0,130,2,10.9692,18.926,119.608,138.535,london,the-divine-comedy,1,,server-1,6,7,11,4.841,68.455,30.303
least-response-time-cache-off-warm0,130,2,10.9769,11.116,64.430,75.547,of,little-women,1,,server-1,7,7,11,4.841,51.546,30.303
least-response-time-cache-off-warm0,130,2,10.9846,21.364,157.121,178.486,king,jane-eyre-an-autobiography,1,,server-1,6,6,11,8.828,37.106,26.155
least-response-time-cache-off-warm0,130,2,10.9923,32.496,128.245,160.741,the,the-age-of-innocence,1,,server-1,7,6,11,6.227,37.106,26.155
least-response-time-cache-off-warm0,130,2,11.0000,26.619,183.073,209.692,horse,the-iliad,1,,server-1,8,6,11,7.115,37.106,26.155
least-response-time-cache-off-warm0,130,2,11.0077,44.501,107.329,151.830,whale,the-romance-of-lust-a-classic-victorian-erotic-novel,1,,server-1,9,6,11,9.480,37.106,24.960
least-response-time-cache-off-warm0,130,2,11.0154,11.301,58.542,69.843,of,around-the-world-in-eighty-days,1,,server-1,9,5,11,9.480,52.052,27.431
least-response-time-cache-off-warm0,130,2,11.0231,31.628,143.102,174.730,he,autobiography-of-benjamin-franklin,1,,server-1,10,3,9,9.480,51.664,40.603
least-response-time-cache-off-warm0,130,2,11.0308,52.808,195.676,248.484,whale,madame-bovary,1,,server-1,9,3,9,10.370,51.664,40.603
least-response-time-cache-off-warm0,130,2,11.0385,69.763,177.092,246.855,castle,life-on-the-mississippi,1,,server-1,10,3,9,10.370,51.664,40.603
least-response-time-cache-off-warm0,130,2,11.0462,117.153,67.254,184.406,she,hard-times,1,,server-1,11,2,9,10.370,46.516,40.603
least-response-time-cache-off-warm0,130,2,11.0538,110.343,118.558,228.901,and,the-portrait-of-a-lady-volume-1,1,,server-1,11,2,9,17.889,46.516,40.603
least-response-time-cache-off-warm0,130,2,11.0615,224.924,35.445,260.370,of,herland,1,,server-1,12,2,9,14.694,36.085,40.603
least-response-time-cache-off-warm0,130,2,11.0692,217.643,14.540,232.184,heart,the-first-men-in-the-moon,1,,server-1,13,2,9,14.694,36.085,72.722
least-response-time-cache-off-warm0,130,2,11.0769,210.594,83.879,294.473,night,far-from-the-madding-crowd,1,,server-1,14,2,8,14.694,36.085,74.000
least-response-time-cache-off-warm0,130,2,11.0846,203.680,79.410,283.090,he,the-house-of-mirth,1,,server-1,15,1,6,16.883,36.085,37.543
least-response-time-cache-off-warm0,130,2,11.0923,195.360,77.656,273.016,london,the-wind-in-the-willows,1,,server-1,16,0,6,16.346,40.370,37.543
least-response-time-cache-off-warm0,130,2,11.1000,190.388,30.118,220.506,london,white-fang,1,,server-1,17,0,5,16.346,40.370,53.079
least-response-time-cache-off-warm0,130,2,11.1077,1.626,16.047,17.673,sea,treasure-island,1,,server-2,17,1,5,41.929,40.370,53.079
least-response-time-cache-off-warm0,130,2,11.1154,10.734,43.375,54.108,king,the-innocents-abroad,1,,server-2,15,2,4,27.298,20.757,44.494
least-response-time-cache-off-warm0,130,2,11.1231,3.178,16.430,19.609,of,hard-times,1,,server-2,15,3,4,27.298,20.757,44.494
least-response-time-cache-off-warm0,130,2,11.1308,12.823,52.740,65.563,sea,dracula,1,,server-2,15,3,4,25.876,4.823,44.494
least-response-time-cache-off-warm0,130,2,11.1385,5.820,119.802,125.622,heart,twenty-thousand-leagues-under-the-sea,1,,server-2,15,4,4,25.876,4.823,44.494
least-response-time-cache-off-warm0,130,2,11.1462,25.032,144.530,169.563,letter,the-iliad-2199,1,,server-2,15,4,1,25.876,3.352,36.692
least-response-time-cache-off-warm0,130,2,11.1538,17.576,110.884,128.460,sea,the-moonstone,1,,server-2,15,5,1,46.839,3.352,36.692
least-response-time-cache-off-warm0,130,2,11.1615,10.772,145.731,156.503,horse,the-song-of-the-lark,1,,server-2,15,6,0,67.107,3.352,35.941
least-response-time-cache-off-warm0,130,2,11.1692,29.077,120.031,149.107,money,mansfield-park,1,,server-2,14,7,0,31.060,11.266,35.941
least-response-time-cache-off-warm0,130,2,11.1769,38.519,186.379,224.898,house,autobiography-of-benjamin-franklin,1,,server-2,14,7,0,31.060,3.861,35.941
least-response-time-cache-off-warm0,130,2,11.1846,17.567,144.710,162.277,night,jane-eyre-an-autobiography,1,,server-2,14,8,0,31.060,3.861,35.941
least-response-time-cache-off-warm0,130,2,11.1923,95.640,84.544,180.184,king,memoirs-of-fanny-hill,1,,server-2,14,9,0,31.060,3.861,35.941
least-response-time-cache-off-warm0,130,2,11.2000,88.762,64.937,153.699,sea,the-great-gatsby,1,,server-2,13,10,0,49.558,12.698,35.941
least-response-time-cache-off-warm0,130,2,11.2077,108.127,69.781,177.908,heart,desert-gold,1,,server-2,13,11,0,41.231,10.315,35.941
least-response-time-cache-off-warm0,130,2,11.2154,102.653,120.050,222.703,letter,thus-spake-zarathustra-a-book-for-all-and-none,1,,server-2,11,12,0,65.085,11.402,35.941
least-response-time-cache-off-warm0,130,2,11.2231,130.952,95.756,226.708,of,kidnapped,1,,server-2,11,13,0,65.085,11.402,35.941
least-response-time-cache-off-warm0,130,2,11.2308,142.758,78.851,221.608,she,washington-square,1,,server-2,11,14,0,65.363,11.402,35.941
least-response-time-cache-off-warm0,130,2,11.2385,147.280,67.842,215.122,horse,black-beauty,1,,server-2,11,15,0,65.363,11.402,35.941
least-response-time-cache-off-warm0,130,2,11.2462,153.624,75.489,229.113,whale,memoirs-of-fanny-hill,1,,server-2,11,15,0,65.363,16.553,35.941
least-response-time-cache-off-warm0,130,2,11.2538,185.625,59.395,245.020,king,far-from-the-madding-crowd,1,,server-2,11,16,0,65.363,16.553,35.941
least-response-time-cache-off-warm0,130,2,11.2615,196.137,60.192,256.329,heart,autobiography-of-benjamin-franklin,1,,server-2,11,17,0,65.363,16.553,35.941
least-response-time-cache-off-warm0,130,2,11.2692,1.497,16.086,17.583,london,the-memoirs-of-sherlock-holmes,1,,server-3,11,17,1,62.879,43.093,35.941
least-response-time-cache-off-warm0,130,2,11.2769,11.235,38.853,50.088,house,the-return-of-sherlock-holmes,1,,server-3,11,17,2,62.879,43.093,18.473
least-response-time-cache-off-warm0,130,2,11.2846,3.772,15.888,19.661,he,grimms-fairy-tales,1,,server-3,10,17,3,70.916,56.355,18.473
least-response-time-cache-off-warm0,130,2,11.2923,13.111,89.383,102.493,of,oliver-twist,1,,server-3,6,15,3,32.914,37.012,4.479
least-response-time-cache-off-warm0,130,2,11.3000,27.356,101.957,129.313,death,adventures-of-huckleberry-finn,1,,server-3,6,15,4,32.914,46.653,4.479
least-response-time-cache-off-warm0,130,2,11.3077,21.251,67.979,89.229,the,dubliners,1,,server-3,6,15,4,23.542,46.653,5.034
least-response-time-cache-off-warm0,130,2,11.3154,13.572,87.702,101.274,heart,the-american,1,,server-3,5,15,5,23.542,51.445,5.034
least-response-time-cache-off-warm0,130,2,11.3231,6.264,103.908,110.172,you,desert-gold,1,,server-3,5,14,6,21.560,60.737,5.034
least-response-time-cache-off-warm0,130,2,11.3308,34.489,88.033,122.522,money,the-wind-in-the-willows,1,,server-3,5,14,6,21.560,60.737,2.790
least-response-time-cache-off-warm0,130,2,11.3385,98.290,118.349,216.638,sea,emma,1,,server-3,5,14,7,21.560,60.737,2.790
least-response-time-cache-off-warm0,130,2,11.3462,87.352,122.980,210.332,and,the-iliad,1,,server-3,5,14,8,21.560,53.432,2.790
least-response-time-cache-off-warm0,130,2,11.3538,84.114,117.855,201.969,you,wuthering-heights,1,,server-3,5,12,9,21.560,51.328,2.790
least-response-time-cache-off-warm0,130,2,11.3615,77.785,32.612,110.398,house,autobiography-of-benjamin-franklin,1,,server-3,5,12,10,21.560,51.328,2.790
least-response-time-cache-off-warm0,130,2,11.3692,89.044,114.073,203.118,was,treasure-island,1,,server-3,4,12,11,41.320,43.970,7.093
least-response-time-cache-off-warm0,130,2,11.3769,97.023,115.583,212.605,heart,thus-spake-zarathustra-a-book-for-all-and-none,1,,server-3,0,11,12,29.379,28.860,11.896
least-response-time-cache-off-warm0,130,2,11.3846,170.258,51.411,221.669,letter,sense-and-sensibility,1,,server-3,0,11,13,29.379,52.010,11.896
least-response-time-cache-off-warm0,130,2,11.3923,165.713,85.103,250.816,and,the-adventures-of-ferdinand-count-fathom-complete,1,,server-3,0,9,14,29.379,35.766,11.896
least-response-time-cache-off-warm0,130,2,11.4000,1.661,24.242,25.902,castle,thus-spake-zarathustra-a-book-for-all-and-none,1,,server-1,1,9,14,29.379,47.329,34.053
least-response-time-cache-off-warm0,130,2,11.4077,19.116,39.303,58.419,death,madame-bovary,1,,server-1,2,9,14,15.144,81.748,34.053
least-response-time-cache-off-warm0,130,2,11.4154,11.594,36.569,48.163,money,agnes-grey,1,,server-1,3,8,14,15.144,66.960,34.053
least-response-time-cache-off-warm0,130,2,11.4231,4.139,51.939,56.078,letter,agnes-grey,1,,server-1,4,8,14,15.144,66.960,44.626
least-response-time-cache-off-warm0,130,2,11.4308,12.619,65.287,77.907,house,the-adventures-of-ferdinand-count-fathom-complete,1,,server-1,4,8,14,2.879,66.960,55.725
least-response-time-cache-off-warm0,130,2,11.4385,36.646,72.474,109.119,night,the-last-of-the-mohicans-a-narrative-of-1757-27681,1,,server-1,5,8,9,2.484,62.097,27.324
least-response-time-cache-off-warm0,130,2,11.4462,34.419,93.018,127.437,london,agnes-grey,1,,server-1,6,8,9,3.806,62.097,27.324
least-response-time-cache-off-warm0,130,2,11.4538,27.999,77.044,105.043,sea,kidnapped,1,,server-1,7,6,9,3.806,59.582,34.578
least-response-time-cache-off-warm0,130,2,11.4615,47.238,100.165,147.403,and,north-and-south,1,,server-1,8,3,8,3.806,38.644,28.296
least-response-time-cache-off-warm0,130,2,11.4692,42.649,113.262,155.912,king,persuasion,1,,server-1,9,3,8,16.728,38.644,28.296
least-response-time-cache-off-warm0,130,2,11.4769,34.705,70.492,105.198,love,the-jungle-book,1,,server-1,10,3,8,13.824,35.140,24.477
least-response-time-cache-off-warm0,130,2,11.4846,97.198,93.820,191.018,he,northanger-abbey,1,,server-1,8,3,7,9.762,35.140,35.294
least-response-time-cache-off-warm0,130,2,11.4923,79.952,70.318,150.270,she,cranford,1,,server-1,9,3,7,9.762,35.140,35.294
least-response-time-cache-off-warm0,130,2,11.5000,82.687,79.710,162.398,house,far-from-the-madding-crowd,1,,server-1,10,1,7,9.762,27.948,35.294
least-response-time-cache-off-warm0,130,2,11.5077,103.594,102.159,205.754,horse,emma,1,,server-1,11,1,7,18.561,27.948,35.294
least-response-time-cache-off-warm0,130,2,11.5154,96.848,98.709,195.558,and,kidnapped,1,,server-1,11,1,7,13.090,27.948,35.294
least-response-time-cache-off-warm0,130,2,11.5231,115.568,110.833,226.401,you,the-tenant-of-wildfell-hall,1,,server-1,12,0,7,13.090,27.364,35.294
least-response-time-cache-off-warm0,130,2,11.5308,146.790,108.686,255.476,he,the-secret-garden,1,,server-1,13,0,7,13.090,27.364,35.294
least-response-time-cache-off-warm0,130,2,11.5385,121.014,91.288,212.302,night,the-secret-adversary,1,,server-1,14,0,7,14.911,27.364,35.294
least-response-time-cache-off-warm0,130,2,11.5462,2.929,22.962,25.891,night,wuthering-heights,1,,server-2,14,1,7,30.157,27.364,35.294
least-response-time-cache-off-warm0,130,2,11.5538,19.101,17.364,36.465,and,the-mystery-of-edwin-drood,1,,server-2,14,2,7,37.626,14.111,35.294
least-response-time-cache-off-warm0,130,2,11.5615,11.680,66.013,77.693,she,desperate-remedies,1,,server-2,14,3,5,39.888,14.111,41.640
least-response-time-cache-off-warm0,130,2,11.5692,4.152,40.435,44.587,he,the-adventures-of-ferdinand-count-fathom-complete,1,,server-2,14,4,5,39.888,14.111,35.621
least-response-time-cache-off-warm0,130,2,11.5769,37.580,92.553,130.133,you,the-jungle,1,,server-2,14,4,4,43.762,2.850,48.812
least-response-time-cache-off-warm0,130,2,11.5846,30.167,41.183,71.349,was,northanger-abbey,1,,server-2,12,5,4,25.243,2.850,48.812
least-response-time-cache-off-warm0,130,2,11.5923,47.897,67.556,115.454,letter,memoirs-of-fanny-hill,1,,server-2,12,6,4,25.243,5.613,52.106
least-response-time-cache-off-warm0,130,2,11.6000,42.417,69.126,111.543,whale,anne-of-green-gables,1,,server-2,12,7,4,25.243,5.613,52.106
least-response-time-cache-off-warm0,130,2,11.6077,50.456,65.026,115.482,he,herland,1,,server-2,12,8,1,25.243,5.613,35.918
least-response-time-cache-off-warm0,130,2,11.6154,28.983,107.610,136.593,money,the-vicomte-de-bragelonne,1,,server-2,9,8,1,34.730,11.652,35.918
least-response-time-cache-off-warm0,130,2,11.6231,34.266,138.864,173.130,he,the-adventures-of-sherlock-holmes,1,,server-2,9,9,1,26.024,11.652,35.918
least-response-time-cache-off-warm0,130,2,11.6308,47.906,115.349,163.255,horse,the-works-of-edgar-allan-poe-volume-2,1,,server-2,9,10,1,29.647,11.652,35.918
least-response-time-cache-off-warm0,130,2,11.6385,54.049,134.164,188.213,horse,treasure-island,1,,server-2,8,10,1,37.143,11.652,35.918
least-response-time-cache-off-warm0,130,2,11.6462,67.212,77.809,145.020,letter,agnes-grey,1,,server-2,8,10,0,61.072,15.903,34.615
least-response-time-cache-off-warm0,130,2,11.6538,59.119,154.511,213.630,king,the-great-gatsby,1,,server-2,8,11,0,61.072,14.572,34.615
least-response-time-cache-off-warm0,130,2,11.6615,90.672,113.719,204.391,heart,the-age-of-innocence,1,,server-2,8,12,0,52.230,11.037,34.615
least-response-time-cache-off-warm0,130,2,11.6692,83.648,102.882,186.530,whale,around-the-world-in-eighty-days,1,,server-2,8,13,0,45.682,11.037,34.615
least-response-time-cache-off-warm0,130,2,11.6769,76.259,76.269,152.528,money,the-house-of-mirth,1,,server-2,8,14,0,33.487,11.037,34.615
least-response-time-cache-off-warm0,130,2,11.6846,142.239,53.117,195.356,love,washington-square,1,,server-2,5,14,0,33.749,19.273,34.615
least-response-time-cache-off-warm0,130,2,11.6923,171.493,44.688,216.181,horse,the-adventures-of-ferdinand-count-fathom-complete,1,,server-2,5,15,0,33.749,17.882,34.615
least-response-time-cache-off-warm0,130,2,11.7000,170.554,53.374,223.927,night,the-house-of-the-seven-gables,1,,server-2,5,16,0,33.749,17.882,34.615
least-response-time-cache-off-warm0,130,2,11.7077,38.940,60.517,99.456,house,the-great-gatsby,1,,server-1,6,16,0,33.749,35.370,34.615
least-response-time-cache-off-warm0,130,2,11.7154,166.022,56.180,222.203,whale,poirot-investigates,1,,server-2,5,15,0,28.421,21.682,34.615
least-response-time-cache-off-warm0,130,2,11.7231,28.520,36.481,65.001,was,the-works-of-edgar-allan-poe-volume-2,1,,server-1,6,15,0,28.421,33.114,34.615
least-response-time-cache-off-warm0,130,2,11.7308,21.638,90.327,111.965,castle,the-age-of-innocence,1,,server-1,6,15,0,28.421,33.114,34.615
least-response-time-cache-off-warm0,130,2,11.7385,14.582,103.083,117.665,king,the-return-of-sherlock-holmes,1,,server-1,7,15,0,28.421,33.114,34.615
least-response-time-cache-off-warm0,130,2,11.7462,7.849,55.848,63.697,whale,silas-marner,1,,server-1,8,15,0,29.079,33.114,34.615
least-response-time-cache-off-warm0,130,2,11.7538,5.949,97.265,103.215,night,northanger-abbey,1,,server-1,7,12,0,3.926,13.969,34.615
least-response-time-cache-off-warm0,130,2,11.7615,35.652,107.855,143.507,heart,the-works-of-edgar-allan-poe-volume-2,1,,server-1,8,12,0,2.764,13.969,34.615
least-response-time-cache-off-warm0,130,2,11.7692,36.600,96.337,132.937,castle,little-women,1,,server-1,9,12,0,2.764,13.969,34.615
least-response-time-cache-off-warm0,130,2,11.7769,80.853,129.669,210.522,letter,the-secret-garden-17396,1,,server-1,10,12,0,2.764,13.969,34.615
least-response-time-cache-off-warm0,130,2,11.7846,73.007,94.548,167.554,night,mary-barton,1,,server-1,11,12,0,6.713,13.969,34.615
least-response-time-cache-off-warm0,130,2,11.7923,66.653,92.981,159.634,heart,the-jungle,1,,server-1,12,12,0,22.340,36.362,34.615
least-response-time-cache-off-warm0,130,2,11.8000,102.298,69.931,172.229,king,a-tale-of-two-cities,1,,server-1,13,12,0,21.648,64.420,34.615
least-response-time-cache-off-warm0,130,2,11.8077,95.484,105.199,200.683,castle,the-secret-garden-17396,1,,server-1,13,12,0,19.611,74.294,34.615
least-response-time-cache-off-warm0,130,2,11.8154,93.021,138.582,231.603,the,the-mysterious-island,1,,server-1,14,12,0,26.657,74.294,34.615
least-response-time-cache-off-warm0,130,2,11.8231,104.573,91.789,196.363,she,white-fang,1,,server-1,15,12,0,26.657,74.294,34.615
least-response-time-cache-off-warm0,130,2,11.8308,171.412,100.241,271.653,whale,the-innocents-abroad,1,,server-1,14,11,0,22.450,54.203,34.615
least-response-time-cache-off-warm0,130,2,11.8385,166.543,93.476,260.019,whale,desperate-remedies,1,,server-1,15,11,0,22.450,54.203,34.615
least-response-time-cache-off-warm0,130,2,11.8462,1.505,30.083,31.588,the,north-and-south,1,,server-3,14,11,1,36.205,54.203,34.615
least-response-time-cache-off-warm0,130,2,11.8538,24.652,35.471,60.123,was,the-return-of-sherlock-holmes-108,1,,server-3,14,11,2,42.632,55.960,17.801
least-response-time-cache-off-warm0,130,2,11.8615,17.145,36.521,53.666,castle,kidnapped,1,,server-3,11,11,3,20.085,64.915,17.801
least-response-time-cache-off-warm0,130,2,11.8692,10.014,68.902,78.916,and,walden-and-on-the-duty-of-civil-disobedience,1,,server-3,11,4,4,20.085,65.037,17.801
least-response-time-cache-off-warm0,130,2,11.8769,3.381,52.414,55.795,the,the-house-of-the-seven-gables,1,,server-3,11,4,5,20.085,52.278,17.801
least-response-time-cache-off-warm0,130,2,11.8846,44.649,104.612,149.261,money,the-romance-of-lust-a-classic-victorian-erotic-novel,1,,server-3,11,4,5,32.902,40.719,2.726
least-response-time-cache-off-warm0,130,2,11.8923,40.715,70.387,111.102,was,autobiography-of-benjamin-franklin,1,,server-3,11,3,6,32.902,40.719,2.726
least-response-time-cache-off-warm0,130,2,11.9000,49.685,55.027,104.712,you,a-princess-of-mars,1,,server-3,11,3,7,43.647,40.719,2.726
least-response-time-cache-off-warm0,130,2,11.9077,42.169,86.389,128.558,love,madame-bovary,1,,server-3,9,3,8,46.659,40.719,2.726
least-response-time-cache-off-warm0,130,2,11.9154,34.007,22.602,56.608,love,the-kama-sutra-of-vatsyayana,1,,server-3,9,2,9,37.465,31.779,14.234
least-response-time-cache-off-warm0,130,2,11.9231,80.627,75.034,155.661,and,jane-eyre-an-autobiography,1,,server-3,9,2,10,37.465,31.779,14.234
least-response-time-cache-off-warm0,130,2,11.9308,21.035,95.606,116.641,sea,beyond-good-and-evil,1,,server-3,9,1,10,33.851,27.595,18.517
least-response-time-cache-off-warm0,130,2,11.9385,35.253,153.459,188.712,heart,the-last-of-the-mohicans-a-narrative-of-1757-27681,1,,server-3,9,0,10,33.851,22.111,17.165
least-response-time-cache-off-warm0,130,2,11.9462,28.073,153.247,181.320,the,the-secret-garden,1,,server-3,9,0,11,33.851,22.111,16.274
least-response-time-cache-off-warm0,130,2,11.9538,84.281,71.075,155.356,was,white-fang,1,,server-3,8,0,10,38.149,22.111,7.991
least-response-time-cache-off-warm0,130,2,11.9615,86.580,103.452,190.031,letter,jude-the-obscure,1,,server-3,8,0,11,38.149,22.111,9.573
least-response-time-cache-off-warm0,130,2,11.9692,140.330,73.882,214.212,he,his-last-bow,1,,server-3,8,0,12,38.149,22.111,9.573
least-response-time-cache-off-warm0,130,2,11.9769,100.616,95.909,196.525,she,the-last-of-the-mohicans-a-narrative-of-1757,1,,server-3,8,0,13,40.171,22.111,10.832
least-response-time-cache-off-warm0,130,2,11.9846,143.735,70.060,213.795,love,around-the-world-in-eighty-days,1,,server-3,8,0,14,40.171,22.111,10.832
least-response-time-cache-off-warm0,130,2,11.9923,191.515,37.773,229.288,night,the-song-of-the-lark,1,,server-3,8,0,15,63.745,22.111,10.832
least-response-time-cache-off-warm0,130,2,12.0000,1.689,19.897,21.587,the,the-return-of-sherlock-holmes,1,,server-2,8,1,15,63.745,22.111,22.780
least-response-time-cache-off-warm0,130,2,12.0077,14.818,22.113,36.931,house,anne-of-green-gables,1,,server-2,5,2,15,40.391,11.406,31.129
least-response-time-cache-off-warm0,130,2,12.0154,7.263,57.798,65.061,heart,the-iliad,1,,server-2,5,3,15,52.992,11.406,31.129
least-response-time-cache-off-warm0,130,2,12.0231,2.756,72.121,74.877,letter,frankenstein-or-the-modern-prometheus-41445,1,,server-2,3,3,15,39.087,4.185,31.129
least-response-time-cache-off-warm0,130,2,12.0308,46.459,83.693,130.152,he,a-princess-of-mars,1,,server-2,3,4,15,39.087,2.392,35.890
least-response-time-cache-off-warm0,130,2,12.0385,42.230,54.100,96.329,letter,life-on-the-mississippi,1,,server-2,3,5,13,39.087,2.392,46.658
least-response-time-cache-off-warm0,130,2,12.0462,36.267,112.863,149.129,london,a-journey-to-the-centre-of-the-earth,1,,server-2,3,5,11,39.087,6.133,31.079
least-response-time-cache-off-warm0,130,2,12.0538,29.860,79.228,109.087,she,the-war-of-the-worlds,1,,server-2,2,6,9,40.426,6.133,19.508
least-response-time-cache-off-warm0,130,2,12.0615,32.976,67.604,100.580,of,thus-spake-zarathustra-a-book-for-all-and-none,1,,server-2,2,7,9,40.426,6.133,19.508
least-response-time-cache-off-warm0,130,2,12.0692,31.661,76.400,108.061,of,cranford,1,,server-2,2,8,9,40.426,6.133,19.508
least-response-time-cache-off-warm0,130,2,12.0769,85.408,87.563,172.971,heart,beyond-good-and-evil,1,,server-2,2,9,9,40.426,16.551,28.628
least-response-time-cache-off-warm0,130,2,12.0846,77.195,64.223,141.419,you,desperate-remedies,1,,server-2,2,9,9,40.426,12.014,44.538
least-response-time-cache-off-warm0,130,2,12.0923,83.257,106.288,189.545,castle,the-innocents-abroad,1,,server-2,2,10,9,40.426,12.014,44.538
least-response-time-cache-off-warm0,130,2,12.1000,64.243,63.245,127.488,night,poirot-investigates,1,,server-2,2,11,9,50.852,14.729,44.538
least-response-time-cache-off-warm0,130,2,12.1077,69.979,68.986,138.965,heart,autobiography-of-benjamin-franklin,1,,server-2,0,11,9,39.371,14.729,44.538
least-response-time-cache-off-warm0,130,2,12.1154,77.893,158.139,236.032,and,the-iliad,1,,server-2,0,12,8,39.371,14.729,34.133
least-response-time-cache-off-warm0,130,2,12.1231,105.562,118.590,224.152,he,grimms-fairy-tales,1,,server-2,0,13,7,39.371,21.599,29.703
least-response-time-cache-off-warm0,130,2,12.1308,85.630,104.459,190.089,was,desperate-remedies,1,,server-2,0,14,6,39.371,21.599,33.994
least-response-time-cache-off-warm0,130,2,12.1385,87.819,143.860,231.678,heart,white-fang,1,,server-2,0,15,6,39.371,32.206,33.994
least-response-time-cache-off-warm0,130,2,12.1462,128.575,84.858,213.433,letter,the-jungle-book,1,,server-2,0,16,6,39.371,32.206,33.994
least-response-time-cache-off-warm0,130,2,12.1538,128.686,115.585,244.272,london,the-iliad,1,,server-2,0,17,4,39.371,28.801,56.014
least-response-time-cache-off-warm0,130,2,12.1615,2.054,13.502,15.555,money,meditations,1,,server-1,1,17,4,39.371,41.981,56.014
least-response-time-cache-off-warm0,130,2,12.1692,8.546,39.358,47.905,she,the-secret-adversary,1,,server-1,2,13,4,20.263,33.693,56.014
least-response-time-cache-off-warm0,130,2,12.1769,1.374,36.314,37.688,whale,wuthering-heights,1,,server-1,3,13,3,13.112,27.368,51.080
least-response-time-cache-off-warm0,130,2,12.1846,33.060,20.929,53.989,house,the-memoirs-of-sherlock-holmes,1,,server-1,3,13,3,4.571,24.078,39.060
least-response-time-cache-off-warm0,130,2,12.1923,26.023,41.147,67.171,london,the-american,1,,server-1,4,13,3,4.571,34.047,39.060
least-response-time-cache-off-warm0,130,2,12.2000,20.005,73.985,93.990,horse,twenty-thousand-leagues-under-the-sea,1,,server-1,5,13,1,4.571,38.028,32.709
least-response-time-cache-off-warm0,130,2,12.2077,12.409,58.838,71.247,king,white-fang,1,,server-1,6,13,1,4.571,38.028,32.709
least-response-time-cache-off-warm0,130,2,12.2154,5.571,46.602,52.172,house,the-kama-sutra-of-vatsyayana,1,,server-1,7,13,1,10.638,38.028,32.709
least-response-time-cache-off-warm0,130,2,12.2231,56.562,121.349,177.911,whale,little-women,1,,server-1,6,13,0,2.728,40.247,25.007
least-response-time-cache-off-warm0,130,2,12.2308,48.441,66.966,115.407,was,little-women,1,,server-1,7,10,0,2.728,24.282,25.007
least-response-time-cache-off-warm0,130,2,12.2385,41.504,29.906,71.410,night,the-secret-garden,1,,server-1,8,10,0,6.259,21.292,25.007
least-response-time-cache-off-warm0,130,2,12.2462,50.530,129.195,179.725,you,northanger-abbey,1,,server-1,9,10,0,6.259,27.704,25.007
least-response-time-cache-off-warm0,130,2,12.2538,42.103,100.333,142.436,whale,jane-eyre-an-autobiography,1,,server-1,10,10,0,6.259,39.511,25.007
least-response-time-cache-off-warm0,130,2,12.2615,49.617,113.406,163.023,heart,the-adventures-of-tom-sawyer-complete,1,,server-1,10,10,0,14.914,39.511,25.007
least-response-time-cache-off-warm0,130,2,12.2692,29.984,137.417,167.401,heart,the-mysterious-affair-at-styles,1,,server-1,11,10,0,21.052,39.511,25.007
least-response-time-cache-off-warm0,130,2,12.2769,65.448,128.970,194.418,love,the-return-of-sherlock-holmes,1,,server-1,12,10,0,18.725,39.364,25.007
least-response-time-cache-off-warm0,130,2,12.2846,112.399,57.192,169.591,death,black-beauty,1,,server-1,11,6,0,16.467,32.309,25.007
least-response-time-cache-off-warm0,130,2,12.2923,100.249,53.153,153.402,he,the-hound-of-the-baskervilles-3070,1,,server-1,11,6,0,15.693,32.309,25.007
least-response-time-cache-off-warm0,130,2,12.3000,144.919,106.866,251.786,house,myths-and-legends-of-ancient-greece-and-rome,1,,server-1,11,6,0,15.285,32.309,25.007
least-response-time-cache-off-warm0,130,2,12.3077,120.003,73.255,193.259,whale,the-iliad,1,,server-1,12,6,0,15.285,32.309,25.007
least-response-time-cache-off-warm0,130,2,12.3154,130.138,79.480,209.619,horse,the-adventures-of-ferdinand-count-fathom-complete,1,,server-1,12,6,0,15.950,32.309,25.007
least-response-time-cache-off-warm0,130,2,12.3231,129.895,106.646,236.542,she,the-wind-in-the-willows,1,,server-1,13,6,0,15.950,44.290,25.007
least-response-time-cache-off-warm0,130,2,12.3308,141.555,77.904,219.459,she,the-secret-garden-17396,1,,server-1,14,6,0,15.950,44.290,25.007
least-response-time-cache-off-warm0,130,2,12.3385,164.371,89.178,253.549,the,the-innocents-abroad,1,,server-1,15,6,0,15.950,44.290,25.007
least-response-time-cache-off-warm0,130,2,12.3462,1.641,12.672,14.313,heart,the-adventures-of-tom-sawyer-complete,1,,server-3,15,6,1,29.345,44.290,25.007
least-response-time-cache-off-warm0,130,2,12.3538,7.192,12.896,20.089,house,the-king-in-yellow,1,,server-3,15,6,2,23.604,60.495,12.871
least-response-time-cache-off-warm0,130,2,12.3615,1.321,38.567,39.889,castle,emma,1,,server-3,15,5,2,23.604,52.986,5.831
least-response-time-cache-off-warm0,130,2,12.3692,6.047,38.767,44.814,house,memoirs-of-fanny-hill,1,,server-3,15,5,3,23.604,44.257,3.103
least-response-time-cache-off-warm0,130,2,12.3769,37.451,66.836,104.288,london,the-great-gatsby,1,,server-3,15,1,3,23.604,51.100,2.757
least-response-time-cache-off-warm0,130,2,12.3846,30.703,31.184,61.887,horse,a-journey-to-the-centre-of-the-earth,1,,server-3,15,1,4,23.604,51.100,2.757
least-response-time-cache-off-warm0,130,2,12.3923,22.720,12.129,34.849,you,beyond-good-and-evil,1,,server-3,15,1,5,28.852,51.100,2.757
least-response-time-cache-off-warm0,130,2,12.4000,15.740,63.469,79.209,letter,little-women,1,,server-3,15,0,6,28.764,51.032,2.757
least-response-time-cache-off-warm0,130,2,12.4077,8.939,101.091,110.030,he,walden-and-on-the-duty-of-civil-disobedience,1,,server-3,13,0,6,47.575,51.032,11.226
least-response-time-cache-off-warm0,130,2,12.4154,27.709,53.289,80.998,whale,adventures-of-huckleberry-finn,1,,server-3,13,0,6,49.460,51.032,4.664
least-response-time-cache-off-warm0,130,2,12.4231,24.565,111.731,136.296,london,the-first-men-in-the-moon,1,,server-3,13,0,7,49.460,51.032,3.336
least-response-time-cache-off-warm0,130,2,12.4308,49.646,92.591,142.236,love,the-king-in-yellow,1,,server-3,12,0,8,57.086,51.032,4.981
least-response-time-cache-off-warm0,130,2,12.4385,40.947,63.467,104.414,the,great-expectations,1,,server-3,11,0,9,69.678,51.032,4.981
least-response-time-cache-off-warm0,130,2,12.4462,53.855,99.031,152.887,the,life-on-the-mississippi,1,,server-3,10,0,9,55.484,51.032,13.115
least-response-time-cache-off-warm0,130,2,12.4538,60.222,125.883,186.105,of,the-moonstone,1,,server-3,10,0,10,41.822,51.032,11.634
least-response-time-cache-off-warm0,130,2,12.4615,56.411,89.985,146.396,king,the-war-of-the-worlds,1,,server-3,10,0,11,41.822,51.032,11.634
least-response-time-cache-off-warm0,130,2,12.4692,76.850,166.576,243.426,love,the-vicomte-de-bragelonne,1,,server-3,10,0,12,30.900,51.032,11.634
least-response-time-cache-off-warm0,130,2,12.4769,96.343,93.733,190.076,was,agnes-grey,1,,server-3,7,0,13,37.884,51.032,11.634
least-response-time-cache-off-warm0,130,2,12.4846,114.771,50.715,165.486,love,washington-square,1,,server-3,7,0,13,37.884,51.032,27.873
least-response-time-cache-off-warm0,130,2,12.4923,115.978,101.216,217.194,the,pride-and-prejudice,1,,server-3,7,0,14,37.884,51.032,27.873
least-response-time-cache-off-warm0,130,2,12.5000,108.197,149.156,257.353,was,oliver-twist,1,,server-3,6,0,12,35.699,51.032,26.758
least-response-time-cache-off-warm0,130,2,12.5077,126.542,125.629,252.171,whale,tess-of-the-d-urbervilles-a-pure-woman,1,,server-3,5,0,13,34.231,51.032,26.758
least-response-time-cache-off-warm0,130,2,12.5154,135.926,189.442,325.368,and,a-princess-of-mars,1,,server-3,5,0,14,34.231,51.032,22.827
least-response-time-cache-off-warm0,130,2,12.5231,144.269,116.059,260.328,the,a-tale-of-two-cities,1,,server-3,5,0,15,34.231,51.032,30.780
least-response-time-cache-off-warm0,130,2,12.5308,133.341,142.743,276.084,he,far-from-the-madding-crowd,1,,server-3,5,0,16,33.529,51.032,30.780
least-response-time-cache-off-warm0,130,2,12.5385,176.139,110.498,286.637,letter,the-prince,1,,server-3,5,0,17,33.529,51.032,30.780
least-response-time-cache-off-warm0,130,2,12.5462,214.095,67.564,281.659,london,his-last-bow,1,,server-3,5,0,16,33.529,51.032,29.144
least-response-time-cache-off-warm0,130,2,12.5538,208.519,101.837,310.356,heart,the-great-gatsby,1,,server-3,4,0,17,37.733,51.032,29.144
least-response-time-cache-off-warm0,130,2,12.5615,28.737,27.349,56.086,house,jude-the-obscure,1,,server-1,2,0,17,28.712,51.032,44.234
least-response-time-cache-off-warm0,130,2,12.5692,20.774,43.639,64.414,whale,the-return-of-sherlock-holmes,1,,server-1,3,0,17,28.712,51.032,44.234
least-response-time-cache-off-warm0,130,2,12.5769,13.820,54.111,67.931,london,autobiography-of-benjamin-franklin,1,,server-1,4,0,15,28.712,51.032,44.220
least-response-time-cache-off-warm0,130,2,12.5846,5.952,69.646,75.597,house,sense-and-sensibility,1,,server-1,5,0,15,28.712,51.032,44.220
least-response-time-cache-off-warm0,130,2,12.5923,26.536,121.354,147.890,death,madame-bovary,1,,server-1,6,0,15,16.581,51.032,44.220
least-response-time-cache-off-warm0,130,2,12.6000,44.808,66.829,111.637,the,the-mysterious-island,1,,server-1,6,0,15,16.581,51.032,55.046
least-response-time-cache-off-warm0,130,2,12.6077,26.363,73.795,100.158,love,a-tale-of-two-cities,1,,server-1,7,0,15,16.581,51.032,62.204
least-response-time-cache-off-warm0,130,2,12.6154,49.199,106.945,156.144,was,the-return-of-sherlock-holmes-108,1,,server-1,8,0,14,16.581,51.032,34.280
least-response-time-cache-off-warm0,130,2,12.6231,39.786,89.235,129.021,he,the-war-of-the-worlds,1,,server-1,8,0,14,13.261,51.032,34.280
least-response-time-cache-off-warm0,130,2,12.6308,50.406,86.042,136.448,the,kidnapped,1,,server-1,9,0,14,13.261,51.032,34.280
least-response-time-cache-off-warm0,130,2,12.6385,43.050,109.093,152.143,she,the-last-of-the-mohicans-a-narrative-of-1757-27681,1,,server-1,10,0,14,18.182,51.032,25.094
least-response-time-cache-off-warm0,130,2,12.6462,67.872,104.840,172.712,night,the-song-of-the-lark,1,,server-1,11,0,14,24.133,51.032,52.225
least-response-time-cache-off-warm0,130,2,12.6538,113.170,102.529,215.699,castle,the-first-men-in-the-moon,1,,server-1,12,0,13,24.133,51.032,63.017
least-response-time-cache-off-warm0,130,2,12.6615,105.813,98.707,204.520,you,thus-spake-zarathustra-a-book-for-all-and-none,1,,server-1,10,0,13,24.990,51.032,63.017
least-response-time-cache-off-warm0,130,2,12.6692,99.815,75.572,175.387,horse,cranford,1,,server-1,11,0,11,22.322,51.032,22.324
least-response-time-cache-off-warm0,130,2,12.6769,94.785,115.269,210.054,and,adventures-of-huckleberry-finn,1,,server-1,12,0,11,22.322,51.032,22.324
least-response-time-cache-off-warm0,130,2,12.6846,106.284,77.418,183.702,king,memoirs-of-fanny-hill,1,,server-1,13,0,10,19.407,51.032,22.324
least-response-time-cache-off-warm0,130,2,12.6923,101.562,103.868,205.430,death,frankenstein-or-the-modern-prometheus,1,,server-1,14,0,10,19.407,51.032,22.324
least-response-time-cache-off-warm0,130,2,12.7000,127.755,91.178,218.933,london,the-jungle,1,,server-1,15,0,10,19.407,51.032,22.324
least-response-time-cache-off-warm0,130,2,12.7077,55.148,103.747,158.895,and,thus-spake-zarathustra-a-book-for-all-and-none,1,,server-3,15,0,11,25.853,51.032,22.324
least-response-time-cache-off-warm0,130,2,12.7154,171.423,65.550,236.973,heart,grimms-fairy-tales,1,,server-1,15,0,9,21.379,51.032,65.823
least-response-time-cache-off-warm0,130,2,12.7231,164.930,75.617,240.547,you,northanger-abbey,1,,server-1,16,0,9,21.379,51.032,65.823
least-response-time-cache-off-warm0,130,2,12.7308,168.841,51.048,219.889,she,myths-and-legends-of-ancient-greece-and-rome,1,,server-1,16,0,9,20.227,51.032,65.823
least-response-time-cache-off-warm0,130,2,12.7385,183.205,69.353,252.558,she,anne-of-green-gables,1,,server-1,17,0,9,20.227,51.032,65.823
least-response-time-cache-off-warm0,130,2,12.7462,175.399,71.089,246.489,sea,the-prince,1,,server-1,18,0,9,37.787,51.032,65.823
least-response-time-cache-off-warm0,130,2,12.7538,1.552,22.902,24.454,london,pride-and-prejudice,1,,server-2,18,1,9,58.899,51.032,65.823
least-response-time-cache-off-warm0,130,2,12.7615,17.263,50.734,67.998,love,grimms-fairy-tales,1,,server-2,18,2,8,58.899,26.211,55.315
least-response-time-cache-off-warm0,130,2,12.7692,9.937,53.205,63.142,night,the-house-of-mirth,1,,server-2,16,3,7,30.451,26.211,35.639
least-response-time-cache-off-warm0,130,2,12.7769,2.232,16.981,19.213,money,the-scarlet-letter,1,,server-2,16,4,7,34.746,26.211,35.639
least-response-time-cache-off-warm0,130,2,12.7846,12.091,91.577,103.667,she,mary-barton,1,,server-2,16,4,7,34.746,3.645,45.321
least-response-time-cache-off-warm0,130,2,12.7923,37.750,54.693,92.443,you,villette,1,,server-2,15,5,7,35.269,3.645,45.321
least-response-time-cache-off-warm0,130,2,12.8000,32.630,68.095,100.725,the,the-wind-in-the-willows,1,,server-2,13,5,7,23.434,4.476,45.321
least-response-time-cache-off-warm0,130,2,12.8077,28.368,166.000,194.369,the,the-innocents-abroad,1,,server-2,13,6,6,23.434,4.476,60.021
least-response-time-cache-off-warm0,130,2,12.8154,20.484,91.747,112.231,night,the-romance-of-lust-a-classic-victorian-erotic-novel,1,,server-2,13,7,5,23.434,4.476,49.595
least-response-time-cache-off-warm0,130,2,12.8231,11.481,121.651,133.132,the,the-prince,1,,server-2,13,8,5,55.117,4.476,49.595
least-response-time-cache-off-warm0,130,2,12.8308,4.008,124.441,128.449,king,the-song-of-the-lark,1,,server-2,13,9,4,45.797,22.275,37.910
least-response-time-cache-off-warm0,130,2,12.8385,60.273,122.306,182.579,sea,the-secret-adversary,1,,server-2,13,8,4,45.797,3.658,37.910
least-response-time-cache-off-warm0,130,2,12.8462,55.499,122.148,177.647,was,oliver-twist,1,,server-2,13,9,2,36.089,3.658,51.886
least-response-time-cache-off-warm0,130,2,12.8538,109.166,112.057,221.224,castle,the-memoirs-of-sherlock-holmes,1,,server-2,13,10,2,36.089,3.658,51.886
least-response-time-cache-off-warm0,130,2,12.8615,98.793,104.069,202.862,letter,the-iliad-2199,1,,server-2,13,11,2,36.089,3.658,51.886
least-response-time-cache-off-warm0,130,2,12.8692,94.032,110.398,204.430,london,the-hound-of-the-baskervilles-3070,1,,server-2,12,12,0,45.973,3.658,38.019
least-response-time-cache-off-warm0,130,2,12.8769,109.820,115.945,225.765,death,the-hound-of-the-baskervilles,1,,server-2,11,13,0,59.028,3.658,38.019
least-response-time-cache-off-warm0,130,2,12.8846,141.173,76.334,217.507,she,anne-of-green-gables,1,,server-2,10,14,0,73.407,19.923,38.019
least-response-time-cache-off-warm0,130,2,12.8923,205.832,23.443,229.274,whale,the-first-men-in-the-moon,1,,server-2,7,14,0,37.569,21.517,38.019
least-response-time-cache-off-warm0,130,2,12.9000,204.155,70.824,274.979,of,the-return-of-sherlock-holmes,1,,server-2,6,14,0,46.912,25.571,38.019
least-response-time-cache-off-warm0,130,2,12.9077,196.766,112.380,309.146,letter,herland,1,,server-2,6,14,0,46.912,18.356,38.019
least-response-time-cache-off-warm0,130,2,12.9154,190.663,83.023,273.686,letter,the-great-gatsby,1,,server-2,6,15,0,46.912,18.356,38.019
least-response-time-cache-off-warm0,130,2,12.9231,182.660,114.687,297.347,horse,herland,1,,server-2,5,16,0,51.653,18.356,38.019
least-response-time-cache-off-warm0,130,2,12.9308,175.505,43.589,219.094,london,emma,1,,server-2,5,17,0,51.653,38.005,38.019
least-response-time-cache-off-warm0,130,2,12.9385,170.208,111.863,282.071,night,silas-marner,1,,server-2,5,18,0,51.653,38.005,38.019
least-response-time-cache-off-warm0,130,2,12.9462,162.530,112.236,274.766,love,pride-and-prejudice,1,,server-2,5,19,0,51.653,38.005,38.019
least-response-time-cache-off-warm0,130,2,12.9538,12.622,105.796,118.419,letter,north-and-south,1,,server-1,5,19,0,29.430,38.005,38.019
least-response-time-cache-off-warm0,130,2,12.9615,19.036,75.874,94.911,horse,a-journey-to-the-centre-of-the-earth,1,,server-1,6,16,0,29.430,32.426,38.019
least-response-time-cache-off-warm0,130,2,12.9692,22.426,63.630,86.055,you,the-works-of-edgar-allan-poe-volume-2,1,,server-1,5,16,0,20.760,29.005,38.019
least-response-time-cache-off-warm0,130,2,12.9769,18.888,104.818,123.706,death,little-women,1,,server-1,6,16,0,20.760,29.005,38.019
least-response-time-cache-off-warm0,130,2,12.9846,8.316,81.799,90.115,of,the-odyssey,1,,server-1,7,16,0,11.441,29.005,38.019
least-response-time-cache-off-warm0,130,2,12.9923,4.570,121.347,125.917,she,the-mystery-of-edwin-drood,1,,server-1,8,16,0,14.293,27.826,38.019
least-response-time-cache-off-warm0,130,2,13.0000,96.388,32.914,129.303,the,meditations,1,,server-1,7,16,0,4.381,27.826,38.019
least-response-time-cache-off-warm0,130,2,13.0077,93.502,140.205,233.707,was,tess-of-the-d-urbervilles-a-pure-woman,1,,server-1,8,16,0,4.381,46.351,38.019
least-response-time-cache-off-warm0,130,2,13.0154,99.544,94.701,194.245,the,thus-spake-zarathustra-a-book-for-all-and-none,1,,server-1,9,16,0,4.381,46.351,38.019
least-response-time-cache-off-warm0,130,2,13.0231,95.185,69.467,164.652,the,meditations,1,,server-1,10,16,0,6.516,60.920,38.019
least-response-time-cache-off-warm0,130,2,13.0308,99.271,33.742,133.013,heart,twenty-thousand-leagues-under-the-sea,1,,server-1,11,13,0,6.516,33.481,38.019
least-response-time-cache-off-warm0,130,2,13.0385,93.499,58.294,151.793,sea,far-from-the-madding-crowd,1,,server-1,12,13,0,6.516,33.481,38.019
least-response-time-cache-off-warm0,130,2,13.0462,86.712,85.060,171.772,and,herland,1,,server-1,13,13,0,6.516,33.481,38.019
least-response-time-cache-off-warm0,130,2,13.0538,80.855,136.504,217.359,castle,north-and-south,1,,server-1,14,13,0,15.878,33.481,38.019
least-response-time-cache-off-warm0,130,2,13.0615,100.640,144.229,244.869,london,the-mysterious-island,1,,server-1,15,13,0,31.295,33.481,38.019
least-response-time-cache-off-warm0,130,2,13.0692,140.824,91.458,232.282,castle,the-hound-of-the-baskervilles-3070,1,,server-1,16,13,0,31.295,47.399,38.019
least-response-time-cache-off-warm0,130,2,13.0769,1.398,24.717,26.115,heart,pride-and-prejudice,1,,server-3,15,13,1,50.409,64.900,38.019
least-response-time-cache-off-warm0,130,2,13.0846,18.233,19.664,37.897,heart,the-house-of-the-seven-gables,1,,server-3,15,12,2,50.409,64.900,19.540
least-response-time-cache-off-warm0,130,2,13.0923,10.318,38.611,48.929,love,the-lost-world,1,,server-3,15,12,3,50.409,64.900,19.540
least-response-time-cache-off-warm0,130,2,13.1000,3.415,37.419,40.834,sea,the-jungle-book,1,,server-3,14,11,4,46.294,63.301,19.540
least-response-time-cache-off-warm0,130,2,13.1077,33.345,26.818,60.163,letter,tess-of-the-d-urbervilles-a-pure-woman,1,,server-3,11,8,4,52.211,67.016,2.994
least-response-time-cache-off-warm0,130,2,13.1154,23.204,51.369,74.573,whale,a-journey-to-the-centre-of-the-earth,1,,server-3,11,8,5,44.204,31.986,2.994
least-response-time-cache-off-warm0,130,2,13.1231,18.815,75.668,94.483,horse,the-jungle,1,,server-3,11,7,6,44.204,21.173,6.231
least-response-time-cache-off-warm0,130,2,13.1308,13.343,84.541,97.885,london,the-lost-world,1,,server-3,10,7,7,31.349,21.173,9.401
least-response-time-cache-off-warm0,130,2,13.1385,3.611,48.230,51.840,king,meditations,1,,server-3,9,7,8,29.571,21.173,11.408
least-response-time-cache-off-warm0,130,2,13.1462,71.563,19.732,91.295,love,the-hound-of-the-baskervilles-3070,1,,server-3,9,7,6,29.571,21.173,2.241
least-response-time-cache-off-warm0,130,2,13.1538,61.300,36.505,97.805,night,the-adventures-of-tom-sawyer-complete,1,,server-3,9,7,7,29.571,25.435,2.241
least-response-time-cache-off-warm0,130,2,13.1615,68.575,77.338,145.913,house,the-iliad-2199,1,,server-3,9,7,8,29.571,25.435,2.241
least-response-time-cache-off-warm0,130,2,13.1692,66.787,73.867,140.654,love,the-jungle,1,,server-3,9,7,9,42.657,23.090,5.690
least-response-time-cache-off-warm0,130,2,13.1769,53.298,81.930,135.228,king,twenty-thousand-leagues-under-the-sea,1,,server-3,9,6,9,42.657,32.527,5.690
least-response-time-cache-off-warm0,130,2,13.1846,54.023,91.165,145.188,was,the-age-of-innocence,1,,server-3,9,6,10,42.657,32.527,5.690
least-response-time-cache-off-warm0,130,2,13.1923,57.983,99.363,157.347,you,a-journey-to-the-centre-of-the-earth,1,,server-3,9,6,11,33.687,42.527,19.569
least-response-time-cache-off-warm0,130,2,13.2000,72.071,94.981,167.052,was,the-picture-of-dorian-gray,1,,server-3,9,6,12,33.687,42.527,28.195
least-response-time-cache-off-warm0,130,2,13.2077,104.754,181.153,285.907,and,the-divine-comedy,1,,server-3,8,6,13,33.687,42.527,28.195
least-response-time-cache-off-warm0,130,2,13.2154,94.662,195.218,289.880,money,a-connecticut-yankee-in-king-arthur-s-court,1,,server-3,7,6,14,27.771,42.527,25.495
least-response-time-cache-off-warm0,130,2,13.2231,109.497,141.235,250.732,of,the-song-of-the-lark,1,,server-3,6,0,12,39.225,36.350,17.872
least-response-time-cache-off-warm0,130,2,13.2308,102.583,156.804,259.386,horse,adventures-of-huckleberry-finn,1,,server-3,6,0,13,39.225,36.350,27.316
least-response-time-cache-off-warm0,130,2,13.2385,91.682,58.916,150.598,death,great-expectations,1,,server-3,5,0,13,35.106,36.350,11.898
least-response-time-cache-off-warm0,130,2,13.2462,99.612,141.208,240.821,of,autobiography-of-benjamin-franklin,1,,server-3,4,0,13,42.346,36.350,19.001
least-response-time-cache-off-warm0,130,2,13.2538,96.178,197.951,294.129,night,memoirs-of-fanny-hill,1,,server-3,4,0,14,42.346,36.350,20.644
least-response-time-cache-off-warm0,130,2,13.2615,130.992,203.599,334.591,letter,the-song-of-the-lark,1,,server-3,4,0,15,42.346,36.350,20.644
least-response-time-cache-off-warm0,130,2,13.2692,136.970,214.090,351.061,house,great-expectations,1,,server-3,3,0,16,42.346,36.350,20.644
least-response-time-cache-off-warm0,130,2,13.2769,217.707,55.270,272.977,heart,beyond-good-and-evil,1,,server-3,3,0,16,60.905,36.350,32.836
least-response-time-cache-off-warm0,130,2,13.2846,222.897,118.832,341.729,heart,madame-bovary,1,,server-3,3,0,17,50.189,36.350,32.836
least-response-time-cache-off-warm0,130,2,13.2923,279.409,66.190,345.599,she,the-mysterious-affair-at-styles,1,,server-3,3,0,18,50.189,36.350,32.836
least-response-time-cache-off-warm0,130,2,13.3000,271.333,80.754,352.086,london,silas-marner,1,,server-3,3,0,19,50.189,36.350,32.836
least-response-time-cache-off-warm0,130,2,13.3077,1.584,11.623,13.207,she,herland,1,,server-2,0,1,19,48.946,36.350,41.657
least-response-time-cache-off-warm0,130,2,13.3154,6.002,22.731,28.733,heart,jude-the-obscure,1,,server-2,0,2,16,48.946,18.695,43.026
least-response-time-cache-off-warm0,130,2,13.3231,1.590,45.605,47.194,she,the-romance-of-lust-a-classic-victorian-erotic-novel,1,,server-2,0,2,16,48.946,7.571,43.026
least-response-time-cache-off-warm0,130,2,13.3308,14.916,63.572,78.487,whale,the-king-in-yellow,1,,server-2,0,3,16,48.946,4.969,43.172
least-response-time-cache-off-warm0,130,2,13.3385,7.262,50.087,57.350,love,the-song-of-the-lark,1,,server-2,0,4,15,48.946,4.969,36.774
least-response-time-cache-off-warm0,130,2,13.3462,26.410,76.001,102.412,was,frankenstein-or-the-modern-prometheus,1,,server-2,0,4,15,48.946,4.022,43.676
least-response-time-cache-off-warm0,130,2,13.3538,18.809,74.118,92.927,death,the-secret-adversary,1,,server-2,0,5,15,48.946,4.022,31.210
least-response-time-cache-off-warm0,130,2,13.3615,11.540,47.033,58.573,you,silas-marner,1,,server-2,0,6,15,48.946,4.022,31.210
least-response-time-cache-off-warm0,130,2,13.3692,40.243,172.802,213.045,of,the-tenant-of-wildfell-hall,1,,server-2,0,7,15,48.946,4.022,35.736
least-response-time-cache-off-warm0,130,2,13.3769,31.360,134.178,165.537,love,the-moonstone,1,,server-2,0,7,15,48.946,5.010,35.736
least-response-time-cache-off-warm0,130,2,13.3846,65.071,189.075,254.146,the,the-return-of-sherlock-holmes,1,,server-2,0,8,15,48.946,5.010,35.736
least-response-time-cache-off-warm0,130,2,13.3923,64.614,163.932,228.546,night,sense-and-sensibility,1,,server-2,0,9,14,48.946,10.140,35.156
least-response-time-cache-off-warm0,130,2,13.4000,48.677,133.891,182.568,heart,twenty-thousand-leagues-under-the-sea,1,,server-2,0,10,12,48.946,18.308,42.271
least-response-time-cache-off-warm0,130,2,13.4077,61.103,116.240,177.343,horse,pride-and-prejudice,1,,server-2,0,11,12,48.946,18.308,36.376
least-response-time-cache-off-warm0,130,2,13.4154,79.798,140.192,219.990,he,the-mystery-of-edwin-drood,1,,server-2,0,11,12,48.946,17.978,36.376
least-response-time-cache-off-warm0,130,2,13.4231,87.184,195.686,282.870,london,twenty-thousand-leagues-under-the-sea,1,,server-2,0,12,12,48.946,17.097,36.376
least-response-time-cache-off-warm0,130,2,13.4308,151.680,82.238,233.918,heart,oliver-twist,1,,server-2,0,13,12,48.946,17.097,36.376
least-response-time-cache-off-warm0,130,2,13.4385,162.918,74.280,237.198,whale,around-the-world-in-eighty-days,1,,server-2,0,14,12,48.946,17.097,36.376
least-response-time-cache-off-warm0,130,2,13.4462,154.367,107.728,262.095,death,wuthering-heights,1,,server-2,0,14,12,48.946,32.956,36.376
least-response-time-cache-off-warm0,130,2,13.4538,186.125,141.706,327.831,king,the-hound-of-the-baskervilles,1,,server-2,0,12,12,48.946,15.758,36.376
least-response-time-cache-off-warm0,130,2,13.4615,205.571,103.137,308.707,she,the-iliad-2199,1,,server-2,0,13,12,48.946,25.486,36.376
least-response-time-cache-off-warm0,130,2,13.4692,237.112,59.276,296.388,the,the-jungle-book,1,,server-2,0,14,12,48.946,22.757,36.376
least-response-time-cache-off-warm0,130,2,13.4769,229.716,41.705,271.421,you,the-adventures-of-tom-sawyer-complete,1,,server-2,0,15,12,48.946,22.757,57.138
least-response-time-cache-off-warm0,130,2,13.4846,224.397,112.176,336.573,death,the-prince,1,,server-2,0,16,12,48.946,22.757,57.138
least-response-time-cache-off-warm0,130,2,13.4923,221.144,69.790,290.934,king,his-last-bow,1,,server-2,0,17,12,48.946,22.857,106.215
least-response-time-cache-off-warm0,130,2,13.5000,214.232,110.559,324.792,death,jane-eyre-an-autobiography,1,,server-2,0,18,12,48.946,32.886,70.161
least-response-time-cache-off-warm0,130,2,13.5077,257.760,98.091,355.851,of,north-and-south,1,,server-2,0,19,8,48.946,32.886,44.399
least-response-time-cache-off-warm0,130,2,13.5154,268.922,79.378,348.300,heart,white-fang,1,,server-2,0,20,7,48.946,29.285,78.405
least-response-time-cache-off-warm0,130,2,13.5231,263.487,102.400,365.887,of,the-house-of-mirth,1,,server-2,0,21,7,48.946,29.285,78.405
least-response-time-cache-off-warm0,130,2,13.5308,294.937,82.253,377.191,she,the-odyssey,1,,server-2,0,22,7,48.946,29.285,78.405
least-response-time-cache-off-warm0,130,2,13.5385,325.422,54.949,380.371,london,autobiography-of-benjamin-franklin,1,,server-2,0,23,7,48.946,31.668,110.330
least-response-time-cache-off-warm0,130,2,13.5462,2.183,19.876,22.059,money,the-first-men-in-the-moon,1,,server-1,1,23,7,48.946,51.832,110.330
least-response-time-cache-off-warm0,130,2,13.5538,14.894,28.752,43.646,letter,sense-and-sensibility,1,,server-1,2,23,7,25.185,51.832,85.557
least-response-time-cache-off-warm0,130,2,13.5615,7.399,30.516,37.916,castle,the-lost-world,1,,server-1,3,23,7,25.185,51.832,85.557
least-response-time-cache-off-warm0,130,2,13.5692,2.719,41.539,44.258,she,the-adventures-of-tom-sawyer-complete,1,,server-1,3,23,7,6.215,59.378,85.557
least-response-time-cache-off-warm0,130,2,13.5769,25.223,37.886,63.110,of,beyond-good-and-evil,1,,server-1,4,23,5,3.513,59.378,62.847
least-response-time-cache-off-warm0,130,2,13.5846,17.436,29.962,47.399,night,the-works-of-edgar-allan-poe-volume-2,1,,server-1,5,23,5,3.513,60.512,62.847
least-response-time-cache-off-warm0,130,2,13.5923,10.577,79.837,90.414,sea,the-moonstone,1,,server-1,6,21,5,3.513,39.898,62.847
least-response-time-cache-off-warm0,130,2,13.6000,3.138,46.926,50.065,and,the-hound-of-the-baskervilles-3070,1,,server-1,6,21,5,8.509,62.386,77.399
least-response-time-cache-off-warm0,130,2,13.6077,7.300,125.031,132.332,house,the-innocents-abroad,1,,server-1,6,20,5,2.393,43.760,77.399
least-response-time-cache-off-warm0,130,2,13.6154,24.982,94.494,119.476,the,the-memoirs-of-sherlock-holmes,1,,server-1,7,20,5,6.727,43.760,77.399
least-response-time-cache-off-warm0,130,2,13.6231,25.323,83.821,109.144,love,the-hound-of-the-baskervilles,1,,server-1,7,19,3,6.727,57.581,54.534
least-response-time-cache-off-warm0,130,2,13.6308,20.386,100.522,120.908,heart,washington-square,1,,server-1,8,19,3,6.727,57.581,67.132
least-response-time-cache-off-warm0,130,2,13.6385,13.841,120.679,134.520,castle,meditations,1,,server-1,9,18,2,13.116,78.342,52.952
least-response-time-cache-off-warm0,130,2,13.6462,32.594,84.014,116.608,letter,poirot-investigates,1,,server-1,10,17,2,13.683,69.936,52.952
least-response-time-cache-off-warm0,130,2,13.6538,30.198,105.788,135.986,whale,the-last-of-the-mohicans-a-narrative-of-1757-27681,1,,server-1,8,17,0,6.583,69.936,33.839
least-response-time-cache-off-warm0,130,2,13.6615,79.830,103.682,183.512,london,thus-spake-zarathustra-a-book-for-all-and-none,1,,server-1,9,17,0,6.583,69.936,33.839
least-response-time-cache-off-warm0,130,2,13.6692,83.535,59.983,143.518,sea,far-from-the-madding-crowd,1,,server-1,10,15,0,6.583,87.037,33.839
least-response-time-cache-off-warm0,130,2,13.6769,77.700,93.269,170.970,heart,far-from-the-madding-crowd,1,,server-1,11,15,0,6.583,71.997,33.839
least-response-time-cache-off-warm0,130,2,13.6846,158.509,40.240,198.749,was,wuthering-heights,1,,server-1,12,15,0,17.364,71.997,33.839
least-response-time-cache-off-warm0,130,2,13.6923,100.332,134.589,234.921,you,north-and-south,1,,server-1,13,15,0,17.364,92.039,33.839
least-response-time-cache-off-warm0,130,2,13.7000,143.012,88.122,231.135,castle,the-song-of-the-lark,1,,server-1,13,15,0,16.646,92.039,33.839
least-response-time-cache-off-warm0,130,2,13.7077,143.393,77.561,220.954,house,autobiography-of-benjamin-franklin,1,,server-1,14,14,0,16.646,69.038,33.839
least-response-time-cache-off-warm0,130,2,13.7154,138.511,92.346,230.857,was,the-mysterious-affair-at-styles,1,,server-1,15,12,0,16.646,38.029,33.839
least-response-time-cache-off-warm0,130,2,13.7231,131.036,127.131,258.167,sea,oliver-twist,1,,server-1,16,12,0,16.646,38.029,33.839
least-response-time-cache-off-warm0,130,2,13.7308,201.549,78.149,279.698,house,the-song-of-the-lark,1,,server-1,17,12,0,16.646,38.029,33.839
least-response-time-cache-off-warm0,130,2,13.7385,1.377,20.097,21.473,whale,leaves-of-grass,1,,server-3,17,12,1,40.953,38.029,33.839
least-response-time-cache-off-warm0,130,2,13.7462,14.572,35.763,50.335,london,walden-and-on-the-duty-of-civil-disobedience,1,,server-3,16,12,2,27.783,38.029,17.395
least-response-time-cache-off-warm0,130,2,13.7538,7.018,32.535,39.553,night,desert-gold,1,,server-3,16,12,3,38.544,31.064,17.395
least-response-time-cache-off-warm0,130,2,13.7615,3.052,53.114,56.166,you,the-adventures-of-sherlock-holmes,1,,server-3,14,11,3,22.396,74.149,5.110
least-response-time-cache-off-warm0,130,2,13.7692,28.373,50.716,79.088,and,a-connecticut-yankee-in-king-arthur-s-court,1,,server-3,14,11,4,23.506,58.124,3.636
least-response-time-cache-off-warm0,130,2,13.7769,20.657,67.635,88.292,she,the-hound-of-the-baskervilles,1,,server-3,13,10,5,37.780,34.272,3.636
least-response-time-cache-off-warm0,130,2,13.7846,13.803,51.551,65.355,he,northanger-abbey,1,,server-3,13,9,6,37.780,49.216,3.636
least-response-time-cache-off-warm0,130,2,13.7923,6.696,95.523,102.220,whale,tess-of-the-d-urbervilles-a-pure-woman,1,,server-3,12,7,7,32.942,67.241,3.636
least-response-time-cache-off-warm0,130,2,13.8000,16.561,99.984,116.545,the,the-return-of-sherlock-holmes,1,,server-3,10,7,6,42.794,67.241,3.291
least-response-time-cache-off-warm0,130,2,13.8077,55.282,113.256,168.537,whale,mansfield-park,1,,server-3,10,7,7,42.794,67.241,3.291
least-response-time-cache-off-warm0,130,2,13.8154,75.908,75.596,151.504,you,the-adventures-of-tom-sawyer-complete,1,,server-3,10,7,8,56.594,67.241,5.954
least-response-time-cache-off-warm0,130,2,13.8231,72.620,75.887,148.507,you,the-american,1,,server-3,10,7,9,56.594,105.771,8.831
least-response-time-cache-off-warm0,130,2,13.8308,81.838,85.159,166.997,king,the-american,1,,server-3,10,5,10,48.010,81.906,8.831
least-response-time-cache-off-warm0,130,2,13.8385,77.393,104.304,181.697,night,a-tale-of-two-cities,1,,server-3,10,5,11,48.010,81.906,10.208
least-response-time-cache-off-warm0,130,2,13.8462,125.688,107.946,233.633,death,north-and-south,1,,server-3,9,5,12,37.307,81.906,15.265
least-response-time-cache-off-warm0,130,2,13.8538,119.546,64.258,183.804,she,the-return-of-sherlock-holmes,1,,server-3,7,5,11,36.003,81.906,24.988
least-response-time-cache-off-warm0,130,2,13.8615,136.485,76.904,213.389,the,the-mystery-of-edwin-drood,1,,server-3,7,5,12,28.914,81.906,24.988
least-response-time-cache-off-warm0,130,2,13.8692,62.474,114.795,177.270,of,the-moonstone,1,,server-1,8,3,10,28.914,39.710,29.363
least-response-time-cache-off-warm0,130,2,13.8769,56.470,49.540,106.011,night,the-hound-of-the-baskervilles,1,,server-1,9,3,10,28.914,39.710,29.363
least-response-time-cache-off-warm0,130,2,13.8846,153.468,77.005,230.473,she,desert-gold,1,,server-3,9,3,11,30.681,39.710,29.363
least-response-time-cache-off-warm0,130,2,13.8923,125.497,83.804,209.301,night,the-adventures-of-ferdinand-count-fathom-complete,1,,server-3,9,2,12,30.681,36.676,28.382
least-response-time-cache-off-warm0,130,2,13.9000,33.718,124.938,158.656,castle,poirot-investigates,1,,server-1,10,2,11,30.681,36.676,34.500
least-response-time-cache-off-warm0,130,2,13.9077,37.412,112.174,149.586,and,the-jungle-book,1,,server-1,11,2,11,30.681,45.634,34.500
least-response-time-cache-off-warm0,130,2,13.9154,159.395,64.968,224.363,love,dracula,1,,server-3,11,1,12,30.681,36.562,23.242
least-response-time-cache-off-warm0,130,2,13.9231,1.617,10.333,11.950,he,the-mysterious-affair-at-styles,1,,server-2,11,1,12,35.118,32.042,39.174
least-response-time-cache-off-warm0,130,2,13.9308,4.782,25.138,29.919,whale,the-iliad-2199,1,,server-2,11,2,12,69.956,16.470,39.174
least-response-time-cache-off-warm0,130,2,13.9385,23.078,20.602,43.680,he,beyond-good-and-evil,1,,server-2,8,2,12,12.270,6.582,39.174
least-response-time-cache-off-warm0,130,2,13.9462,15.234,20.864,36.098,letter,black-beauty,1,,server-2,8,3,12,27.862,6.582,37.295
least-response-time-cache-off-warm0,130,2,13.9538,8.142,50.687,58.829,and,the-jungle-book,1,,server-2,6,4,12,19.019,6.582,36.344
least-response-time-cache-off-warm0,130,2,13.9615,3.143,54.020,57.162,money,life-on-the-mississippi,1,,server-2,6,4,12,19.019,3.322,36.344
least-response-time-cache-off-warm0,130,2,13.9692,15.492,50.898,66.390,love,the-return-of-sherlock-holmes,1,,server-2,6,5,12,19.019,2.209,43.254
least-response-time-cache-off-warm0,130,2,13.9769,8.037,82.313,90.351,of,memoirs-of-fanny-hill,1,,server-2,6,6,9,19.019,2.209,40.587
least-response-time-cache-off-warm0,130,2,13.9846,33.437,66.099,99.536,letter,grimms-fairy-tales,1,,server-2,5,5,9,35.805,4.259,32.757
least-response-time-cache-off-warm0,130,2,13.9923,25.675,51.483,77.158,king,twenty-thousand-leagues-under-the-sea,1,,server-2,5,6,9,35.805,3.139,32.757
least-response-time-cache-off-warm0,130,2,14.0000,36.734,77.033,113.768,horse,emma,1,,server-2,5,7,7,35.805,3.139,49.298
least-response-time-cache-off-warm0,130,2,14.0077,30.201,54.060,84.262,of,the-great-gatsby,1,,server-2,5,8,7,33.327,3.139,49.298
least-response-time-cache-off-warm0,130,2,14.0154,52.084,65.429,117.513,king,thus-spake-zarathustra-a-book-for-all-and-none,1,,server-2,5,9,7,42.069,13.887,49.298
least-response-time-cache-off-warm0,130,2,14.0231,40.538,123.053,163.591,horse,far-from-the-madding-crowd,1,,server-2,5,9,7,42.069,9.555,39.483
least-response-time-cache-off-warm0,130,2,14.0308,61.723,56.280,118.003,london,the-picture-of-dorian-gray,1,,server-2,5,10,7,42.069,9.555,39.483
least-response-time-cache-off-warm0,130,2,14.0385,75.825,75.119,150.943,castle,a-tale-of-two-cities,1,,server-2,5,9,6,42.069,12.455,25.921
least-response-time-cache-off-warm0,130,2,14.0462,70.355,86.729,157.084,the,black-beauty,1,,server-2,5,10,5,56.287,12.455,45.538
least-response-time-cache-off-warm0,130,2,14.0538,95.033,97.985,193.018,whale,life-on-the-mississippi,1,,server-2,4,11,5,43.357,12.455,45.538
least-response-time-cache-off-warm0,130,2,14.0615,72.610,182.188,254.798,she,the-return-of-sherlock-holmes,1,,server-2,0,12,5,43.624,12.455,45.538
least-response-time-cache-off-warm0,130,2,14.0692,77.441,167.069,244.511,whale,villette,1,,server-2,0,13,5,43.624,32.277,45.538
least-response-time-cache-off-warm0,130,2,14.0769,68.291,75.625,143.915,whale,the-memoirs-of-sherlock-holmes,1,,server-2,0,14,4,43.624,17.468,32.217
least-response-time-cache-off-warm0,130,2,14.0846,106.478,101.764,208.241,money,far-from-the-madding-crowd,1,,server-2,0,14,4,43.624,32.218,46.276
least-response-time-cache-off-warm0,130,2,14.0923,132.223,128.386,260.609,and,pride-and-prejudice,1,,server-2,0,14,4,43.624,22.251,46.276
least-response-time-cache-off-warm0,130,2,14.1000,142.789,84.993,227.782,night,the-secret-garden,1,,server-2,0,13,3,43.624,19.177,40.728
least-response-time-cache-off-warm0,130,2,14.1077,218.767,53.362,272.129,she,the-adventures-of-tom-sawyer-complete,1,,server-2,0,14,2,43.624,19.177,38.919
least-response-time-cache-off-warm0,130,2,14.1154,25.130,11.495,36.626,heart,the-war-of-the-worlds,1,,server-3,0,14,3,43.624,38.785,37.007
least-response-time-cache-off-warm0,130,2,14.1231,204.952,86.202,291.154,heart,tess-of-the-d-urbervilles-a-pure-woman,1,,server-2,0,14,2,43.624,20.710,37.007
least-response-time-cache-off-warm0,130,2,14.1308,200.850,100.561,301.411,she,the-adventures-of-tom-sawyer-complete,1,,server-2,0,15,2,43.624,20.710,37.007
least-response-time-cache-off-warm0,130,2,14.1385,191.240,86.163,277.404,she,thus-spake-zarathustra-a-book-for-all-and-none,1,,server-2,0,16,2,43.624,21.892,37.007
least-response-time-cache-off-warm0,130,2,14.1462,6.235,13.976,20.211,death,frankenstein-or-the-modern-prometheus,1,,server-3,0,16,2,43.624,25.451,19.789
least-response-time-cache-off-warm0,130,2,14.1538,11.554,23.860,35.414,death,tess-of-the-d-urbervilles-a-pure-woman,1,,server-3,0,16,2,43.624,29.606,7.968
least-response-time-cache-off-warm0,130,2,14.1615,6.221,37.601,43.822,the,walden-and-on-the-duty-of-civil-disobedience,1,,server-3,0,16,3,43.624,29.606,6.490
least-response-time-cache-off-warm0,130,2,14.1692,36.328,34.905,71.233,was,the-house-of-the-seven-gables,1,,server-3,0,14,3,43.624,26.932,3.695
least-response-time-cache-off-warm0,130,2,14.1769,29.035,30.531,59.566,he,the-secret-garden,1,,server-3,0,14,4,43.624,26.932,3.695
least-response-time-cache-off-warm0,130,2,14.1846,22.097,85.026,107.123,heart,walden-and-on-the-duty-of-civil-disobedience,1,,server-3,0,14,5,43.624,26.932,3.695
least-response-time-cache-off-warm0,130,2,14.1923,14.566,81.175,95.741,whale,the-jungle,1,,server-3,0,13,5,43.624,41.778,9.684
least-response-time-cache-off-warm0,130,2,14.2000,6.762,79.039,85.801,was,silas-marner,1,,server-3,0,13,6,43.624,41.778,9.684
least-response-time-cache-off-warm0,130,2,14.2077,29.221,100.907,130.128,of,villette,1,,server-3,0,13,6,43.624,47.177,2.889
least-response-time-cache-off-warm0,130,2,14.2154,73.173,79.748,152.921,was,anne-of-green-gables,1,,server-3,0,13,7,43.624,47.177,2.675
least-response-time-cache-off-warm0,130,2,14.2231,19.019,62.654,81.674,castle,the-hound-of-the-baskervilles,1,,server-3,0,11,8,43.624,45.122,2.675
least-response-time-cache-off-warm0,130,2,14.2308,34.891,123.790,158.681,money,silas-marner,1,,server-3,0,11,9,43.624,55.135,2.675
least-response-time-cache-off-warm0,130,2,14.2385,65.207,60.761,125.969,was,the-king-in-yellow,1,,server-3,0,11,10,43.624,55.135,12.242
least-response-time-cache-off-warm0,130,2,14.2462,46.403,213.686,260.089,money,desperate-remedies,1,,server-3,0,10,10,43.624,34.215,9.042
least-response-time-cache-off-warm0,130,2,14.2538,51.128,115.637,166.765,heart,the-house-of-the-seven-gables,1,,server-3,0,10,11,43.624,39.349,11.087
least-response-time-cache-off-warm0,130,2,14.2615,67.472,89.741,157.213,sea,the-scarlet-letter-33,1,,server-3,0,10,12,43.624,39.349,11.087
least-response-time-cache-off-warm0,130,2,14.2692,67.432,111.123,178.555,night,dracula,1,,server-3,0,10,12,43.624,39.349,14.031
least-response-time-cache-off-warm0,130,2,14.2769,85.985,138.557,224.542,sea,his-last-bow,1,,server-3,0,9,13,43.624,36.593,14.031
least-response-time-cache-off-warm0,130,2,14.2846,100.204,121.858,222.062,the,far-from-the-madding-crowd,1,,server-3,0,9,14,43.624,36.593,20.191
least-response-time-cache-off-warm0,130,2,14.2923,126.485,167.965,294.450,of,the-works-of-edgar-allan-poe-volume-2,1,,server-3,0,9,14,43.624,43.862,30.422
least-response-time-cache-off-warm0,130,2,14.3000,120.773,113.435,234.208,night,a-princess-of-mars,1,,server-3,0,9,14,43.624,43.862,27.782
least-response-time-cache-off-warm0,130,2,14.3077,113.796,114.781,228.576,and,cranford,1,,server-3,0,9,15,43.624,43.862,21.687
least-response-time-cache-off-warm0,130,2,14.3154,186.299,61.635,247.934,was,the-moonstone,1,,server-3,0,9,16,43.624,72.184,21.687
least-response-time-cache-off-warm0,130,2,14.3231,185.741,79.897,265.638,letter,the-hound-of-the-baskervilles-3070,1,,server-3,0,9,17,43.624,132.724,21.687
least-response-time-cache-off-warm0,130,2,14.3308,180.470,89.828,270.298,king,the-secret-garden,1,,server-3,0,5,16,43.624,48.023,32.859
least-response-time-cache-off-warm0,130,2,14.3385,225.828,78.807,304.635,was,the-innocents-abroad,1,,server-3,0,5,17,43.624,39.016,33.273
least-response-time-cache-off-warm0,130,2,14.3462,253.570,45.264,298.833,you,myths-and-legends-of-ancient-greece-and-rome,1,,server-3,0,5,18,43.624,39.016,33.273
least-response-time-cache-off-warm0,130,2,14.3538,247.961,53.631,301.592,was,the-war-of-the-worlds,1,,server-3,0,5,19,43.624,38.978,33.273
least-response-time-cache-off-warm0,130,2,14.3615,55.945,85.177,141.121,sea,leaves-of-grass,1,,server-2,0,5,19,43.624,31.453,33.273
least-response-time-cache-off-warm0,130,2,14.3692,48.884,65.088,113.972,london,the-secret-garden-17396,1,,server-2,0,6,19,43.624,31.453,39.263
least-response-time-cache-off-warm0,130,2,14.3769,42.318,61.848,104.166,of,the-lost-world,1,,server-2,0,7,19,43.624,26.813,39.263
least-response-time-cache-off-warm0,130,2,14.3846,33.891,86.835,120.726,horse,the-works-of-edgar-allan-poe-volume-2,1,,server-2,0,8,18,43.624,31.683,35.384
least-response-time-cache-off-warm0,130,2,14.3923,38.448,93.598,132.046,was,a-connecticut-yankee-in-king-arthur-s-court,1,,server-2,0,9,15,43.624,31.683,44.265
least-response-time-cache-off-warm0,130,2,14.4000,19.062,124.100,143.162,the,wuthering-heights,1,,server-2,0,10,15,43.624,31.683,44.265
least-response-time-cache-off-warm0,130,2,14.4077,45.295,111.448,156.742,love,the-odyssey,1,,server-2,0,11,15,43.624,31.683,44.265
least-response-time-cache-off-warm0,130,2,14.4154,2.217,15.469,17.687,whale,the-lost-world,1,,server-1,1,11,15,43.624,54.584,44.265
least-response-time-cache-off-warm0,130,2,14.4231,60.440,94.168,154.608,was,cranford,1,,server-2,1,9,15,22.424,8.747,37.384
least-response-time-cache-off-warm0,130,2,14.4308,70.300,102.599,172.899,love,villette,1,,server-2,1,10,15,22.424,9.449,37.384
least-response-time-cache-off-warm0,130,2,14.4385,137.413,42.878,180.292,he,northanger-abbey,1,,server-2,0,11,15,16.770,13.034,37.384
least-response-time-cache-off-warm0,130,2,14.4462,119.317,66.769,186.086,house,the-secret-garden,1,,server-2,0,11,15,16.770,13.034,55.354
least-response-time-cache-off-warm0,130,2,14.4538,150.153,71.422,221.575,letter,twenty-thousand-leagues-under-the-sea,1,,server-2,0,12,14,16.770,16.437,60.879
least-response-time-cache-off-warm0,130,2,14.4615,116.442,123.616,240.058,of,frankenstein-or-the-modern-prometheus-41445,1,,server-2,0,13,14,16.770,16.437,55.691
least-response-time-cache-off-warm0,130,2,14.4692,135.206,102.344,237.551,night,the-vicomte-de-bragelonne,1,,server-2,0,14,14,16.770,16.437,55.691
least-response-time-cache-off-warm0,130,2,14.4769,128.533,95.787,224.320,house,white-fang,1,,server-2,0,15,14,16.770,16.437,55.691
least-response-time-cache-off-warm0,130,2,14.4846,1.825,18.038,19.863,was,the-mystery-of-edwin-drood,1,,server-1,1,15,14,16.770,34.742,56.780
least-response-time-cache-off-warm0,130,2,14.4923,13.730,15.347,29.077,the,the-great-gatsby,1,,server-1,2,15,14,8.696,34.742,56.780
least-response-time-cache-off-warm0,130,2,14.5000,6.598,35.187,41.785,she,the-portrait-of-a-lady-volume-1,1,,server-1,3,15,13,8.696,34.742,60.854
least-response-time-cache-off-warm0,130,2,14.5077,2.174,73.412,75.586,of,desperate-remedies,1,,server-1,3,13,11,3.522,34.295,82.298
least-response-time-cache-off-warm0,130,2,14.5154,26.959,42.748,69.707,of,the-memoirs-of-sherlock-holmes,1,,server-1,4,13,9,2.033,34.295,45.907
least-response-time-cache-off-warm0,130,2,14.5231,43.574,32.015,75.589,of,memoirs-of-fanny-hill,1,,server-1,5,13,9,4.548,31.522,45.907
least-response-time-cache-off-warm0,130,2,14.5308,35.491,46.103,81.595,of,washington-square,1,,server-1,6,12,9,4.548,38.422,45.907
least-response-time-cache-off-warm0,130,2,14.5385,46.617,67.135,113.751,you,adventures-of-huckleberry-finn,1,,server-1,7,12,9,4.548,38.422,36.884
least-response-time-cache-off-warm0,130,2,14.5462,38.481,62.466,100.947,of,the-iliad-2199,1,,server-1,6,10,9,10.281,58.647,36.884
least-response-time-cache-off-warm0,130,2,14.5538,44.844,77.935,122.779,house,the-song-of-the-lark,1,,server-1,7,10,9,10.281,58.647,36.884
least-response-time-cache-off-warm0,130,2,14.5615,46.837,128.736,175.574,house,grimms-fairy-tales,1,,server-1,8,10,8,10.281,58.647,36.884
least-response-time-cache-off-warm0,130,2,14.5692,39.505,132.797,172.302,whale,great-expectations,1,,server-1,9,9,8,12.156,54.215,49.798
least-response-time-cache-off-warm0,130,2,14.5769,34.453,144.907,179.360,castle,the-odyssey,1,,server-1,10,9,8,12.156,58.929,49.798
least-response-time-cache-off-warm0,130,2,14.5846,62.250,127.977,190.227,king,myths-and-legends-of-ancient-greece-and-rome,1,,server-1,11,8,6,13.511,56.780,49.798
least-response-time-cache-off-warm0,130,2,14.5923,62.838,132.630,195.468,and,the-house-of-the-seven-gables,1,,server-1,11,8,5,13.511,56.780,58.416
least-response-time-cache-off-warm0,130,2,14.6000,79.532,153.958,233.490,whale,desperate-remedies,1,,server-1,12,8,5,17.766,44.686,48.884
least-response-time-cache-off-warm0,130,2,14.6077,70.274,111.147,181.421,was,treasure-island,1,,server-1,13,6,3,17.766,22.874,36.075
least-response-time-cache-off-warm0,130,2,14.6154,170.308,78.170,248.478,the,dubliners,1,,server-1,11,6,3,13.180,22.874,36.075
least-response-time-cache-off-warm0,130,2,14.6231,149.905,34.243,184.149,whale,herland,1,,server-1,12,6,3,13.180,17.904,36.075
least-response-time-cache-off-warm0,130,2,14.6308,142.502,92.865,235.367,house,the-iliad-2199,1,,server-1,13,6,3,13.180,17.904,36.075
least-response-time-cache-off-warm0,130,2,14.6385,164.305,115.350,279.654,of,the-works-of-edgar-allan-poe-volume-2,1,,server-1,14,5,3,13.180,27.444,36.075
least-response-time-cache-off-warm0,130,2,14.6462,158.958,113.191,272.149,heart,the-romance-of-lust-a-classic-victorian-erotic-novel,1,,server-1,15,5,2,13.180,27.444,32.609
least-response-time-cache-off-warm0,130,2,14.6538,20.274,56.385,76.659,she,a-tale-of-two-cities,1,,server-2,15,6,2,31.842,27.444,27.921
least-response-time-cache-off-warm0,130,2,14.6615,205.189,95.201,300.390,and,madame-bovary,1,,server-1,15,5,0,21.094,21.365,26.242
least-response-time-cache-off-warm0,130,2,14.6692,198.793,90.731,289.524,house,jane-eyre-an-autobiography,1,,server-1,16,5,0,21.094,21.365,26.242
least-response-time-cache-off-warm0,130,2,14.6769,1.833,14.451,16.284,death,frankenstein-or-the-modern-prometheus,1,,server-3,16,5,1,37.652,30.461,26.242
least-response-time-cache-off-warm0,130,2,14.6846,9.100,19.902,29.002,whale,the-adventures-of-sherlock-holmes,1,,server-3,15,5,2,29.026,25.630,13.516
least-response-time-cache-off-warm0,130,2,14.6923,1.735,41.711,43.446,castle,mansfield-park,1,,server-3,15,5,3,29.026,25.630,13.516
least-response-time-cache-off-warm0,130,2,14.7000,14.251,70.886,85.137,heart,treasure-island,1,,server-3,15,5,3,29.026,25.630,3.388
least-response-time-cache-off-warm0,130,2,14.7077,25.442,19.820,45.261,of,desert-gold,1,,server-3,15,1,4,29.026,37.170,3.388
least-response-time-cache-off-warm0,130,2,14.7154,21.918,44.923,66.842,money,persuasion,1,,server-3,15,1,4,29.026,37.170,4.992
least-response-time-cache-off-warm0,130,2,14.7231,28.099,46.833,74.931,horse,meditations,1,,server-3,15,1,5,29.026,37.170,4.992
least-response-time-cache-off-warm0,130,2,14.7308,23.041,57.609,80.650,you,poirot-investigates,1,,server-3,15,0,6,29.026,28.421,4.992
least-response-time-cache-off-warm0,130,2,14.7385,29.381,91.681,121.062,heart,the-memoirs-of-sherlock-holmes,1,,server-3,14,0,6,50.316,28.421,8.517
least-response-time-cache-off-warm0,130,2,14.7462,39.928,90.026,129.953,the,sense-and-sensibility,1,,server-3,13,0,7,53.717,28.421,8.517
least-response-time-cache-off-warm0,130,2,14.7538,45.401,56.959,102.360,letter,dracula,1,,server-3,13,0,8,67.527,28.421,8.891
least-response-time-cache-off-warm0,130,2,14.7615,37.979,91.141,129.120,house,around-the-world-in-eighty-days,1,,server-3,13,0,9,82.751,28.421,8.891
least-response-time-cache-off-warm0,130,2,14.7692,50.705,176.205,226.910,love,the-vicomte-de-bragelonne,1,,server-3,13,0,9,82.751,28.421,11.073
least-response-time-cache-off-warm0,130,2,14.7769,79.592,94.407,173.999,letter,mansfield-park,1,,server-3,12,0,10,53.760,28.421,11.073
least-response-time-cache-off-warm0,130,2,14.7846,91.775,47.728,139.503,horse,the-age-of-innocence,1,,server-3,12,0,11,53.760,28.421,21.215
least-response-time-cache-off-warm0,130,2,14.7923,86.002,117.503,203.504,london,a-journey-to-the-centre-of-the-earth,1,,server-3,8,0,12,31.131,28.421,18.764
least-response-time-cache-off-warm0,130,2,14.8000,92.848,168.366,261.214,heart,anne-of-green-gables,1,,server-3,8,0,10,55.601,28.421,14.147
least-response-time-cache-off-warm0,130,2,14.8077,83.626,107.365,190.990,death,the-last-of-the-mohicans-a-narrative-of-1757,1,,server-3,8,0,11,38.863,28.421,14.147
least-response-time-cache-off-warm0,130,2,14.8154,79.624,160.157,239.781,night,meditations,1,,server-3,8,0,11,38.863,28.421,21.287
least-response-time-cache-off-warm0,130,2,14.8231,87.353,149.091,236.443,heart,the-american,1,,server-3,8,0,12,38.863,28.421,21.143
least-response-time-cache-off-warm0,130,2,14.8308,120.373,112.831,233.205,death,a-journey-to-the-centre-of-the-earth,1,,server-3,8,0,13,36.241,28.421,21.143
least-response-time-cache-off-warm0,130,2,14.8385,163.214,72.577,235.791,death,a-princess-of-mars,1,,server-3,8,0,14,41.761,28.421,20.538
least-response-time-cache-off-warm0,130,2,14.8462,156.283,99.322,255.604,you,jane-eyre-an-autobiography,1,,server-3,7,0,15,41.761,28.421,20.538
least-response-time-cache-off-warm0,130,2,14.8538,150.347,108.680,259.027,heart,agnes-grey,1,,server-3,7,0,16,41.761,28.421,20.538
least-response-time-cache-off-warm0,130,2,14.8615,1.510,15.657,17.168,was,agnes-grey,1,,server-2,7,1,16,41.761,28.421,37.044
least-response-time-cache-off-warm0,130,2,14.8692,10.307,33.023,43.330,love,twenty-thousand-leagues-under-the-sea,1,,server-2,4,2,16,37.461,14.637,37.044
least-response-time-cache-off-warm0,130,2,14.8769,2.863,32.901,35.764,heart,meditations,1,,server-2,4,3,16,37.461,14.637,28.869
least-response-time-cache-off-warm0,130,2,14.8846,28.645,15.391,44.036,horse,agnes-grey,1,,server-2,4,3,14,37.461,3.814,24.405
least-response-time-cache-off-warm0,130,2,14.8923,21.200,68.832,90.032,house,the-tenant-of-wildfell-hall,1,,server-2,4,4,13,37.461,3.814,24.780
least-response-time-cache-off-warm0,130,2,14.9000,13.634,65.136,78.770,he,black-beauty,1,,server-2,4,5,12,37.461,3.814,25.715
least-response-time-cache-off-warm0,130,2,14.9077,6.610,67.841,74.451,letter,the-age-of-innocence,1,,server-2,4,6,12,37.461,3.814,25.715
least-response-time-cache-off-warm0,130,2,14.9154,13.747,77.151,90.898,king,far-from-the-madding-crowd,1,,server-2,4,5,12,37.461,2.093,25.711
least-response-time-cache-off-warm0,130,2,14.9231,28.130,68.316,96.446,you,agnes-grey,1,,server-2,4,6,12,59.381,2.093,25.711
least-response-time-cache-off-warm0,130,2,14.9308,21.360,102.742,124.102,whale,black-beauty,1,,server-2,4,6,12,59.381,3.642,36.634
least-response-time-cache-off-warm0,130,2,14.9385,64.152,87.307,151.459,letter,memoirs-of-fanny-hill,1,,server-2,4,7,12,59.381,3.642,36.634
least-response-time-cache-off-warm0,130,2,14.9462,37.495,74.565,112.059,horse,north-and-south,1,,server-2,4,8,12,59.381,3.642,33.265
least-response-time-cache-off-warm0,130,2,14.9538,46.940,113.154,160.094,letter,madame-bovary,1,,server-2,4,9,11,59.381,7.809,39.053
least-response-time-cache-off-warm0,130,2,14.9615,40.946,111.582,152.528,was,the-lost-world,1,,server-2,0,10,11,43.895,7.382,39.053
least-response-time-cache-off-warm0,130,2,14.9692,37.538,107.725,145.263,you,dubliners,1,,server-2,0,11,11,43.895,7.382,39.053
least-response-time-cache-off-warm0,130,2,14.9769,43.687,169.922,213.608,whale,the-odyssey,1,,server-2,0,12,11,43.895,7.382,39.053
least-response-time-cache-off-warm0,130,2,14.9846,85.210,117.068,202.278,horse,the-iliad,1,,server-2,0,13,11,43.895,29.715,39.053
least-response-time-cache-off-warm0,130,2,14.9923,77.327,114.892,192.219,horse,great-expectations,1,,server-2,0,14,10,43.895,29.715,39.645
