label,rate,run,t_s,conn_ms,rpc_ms,total_ms,keyword,reference,ok,error_type,selected_server,server_1_connections,server_2_connections,server_3_connections,server_1_response_ewma_ms,server_2_response_ewma_ms,server_3_response_ewma_ms
least-response-time-cache-off-warm0,70,1,0.0000,12.106,22.756,34.862,whale,the-house-of-the-seven-gables,1,,server-1,1,0,0,,,
least-response-time-cache-off-warm0,70,1,0.0143,1.383,14.804,16.188,horse,the-lost-world,1,,server-2,1,1,0,0.411,,
least-response-time-cache-off-warm0,70,1,0.0286,1.751,13.463,15.213,whale,poirot-investigates,1,,server-3,1,1,1,0.411,0.248,
least-response-time-cache-off-warm0,70,1,0.0429,1.500,16.289,17.789,horse,northanger-abbey,1,,server-3,0,0,2,3.841,2.477,0.231
least-response-time-cache-off-warm0,70,1,0.0571,4.160,13.737,17.897,and,dubliners,1,,server-3,0,0,2,3.841,2.477,1.233
least-response-time-cache-off-warm0,70,1,0.0714,4.176,30.515,34.691,and,the-vicomte-de-bragelonne,1,,server-3,0,0,2,3.841,2.477,2.057
least-response-time-cache-off-warm0,70,1,0.0857,20.784,22.061,42.845,and,the-odyssey,1,,server-3,0,0,2,3.841,2.477,2.175
least-response-time-cache-off-warm0,70,1,0.1000,7.043,46.983,54.026,house,oliver-twist,1,,server-3,0,0,3,3.841,2.477,2.175
least-response-time-cache-off-warm0,70,1,0.1143,1.396,13.316,14.712,horse,cranford,1,,server-2,0,1,2,3.841,2.477,3.182
least-response-time-cache-off-warm0,70,1,0.1286,1.928,27.170,29.098,was,the-adventures-of-ferdinand-count-fathom-complete,1,,server-2,0,2,2,3.841,2.964,5.495
least-response-time-cache-off-warm0,70,1,0.1429,14.998,11.635,26.633,letter,around-the-world-in-eighty-days,1,,server-2,0,2,2,3.841,1.586,5.495
least-response-time-cache-off-warm0,70,1,0.1571,1.675,25.125,26.800,london,the-house-of-mirth,1,,server-1,1,2,0,3.841,6.598,10.991
least-response-time-cache-off-warm0,70,1,0.1714,13.003,35.497,48.500,sea,the-mysterious-island,1,,server-1,2,0,0,2.052,4.425,10.991
least-response-time-cache-off-warm0,70,1,0.1857,1.504,46.323,47.827,horse,the-adventures-of-tom-sawyer-complete,1,,server-1,2,0,0,3.954,4.425,10.991
least-response-time-cache-off-warm0,70,1,0.2000,31.836,31.394,63.230,you,madame-bovary,1,,server-1,3,0,0,2.152,4.425,10.991
least-response-time-cache-off-warm0,70,1,0.2143,17.950,52.681,70.631,she,dubliners,1,,server-1,4,0,0,2.152,4.425,10.991
least-response-time-cache-off-warm0,70,1,0.2286,2.467,19.967,22.434,king,persuasion,1,,server-2,4,1,0,9.410,4.425,10.991
least-response-time-cache-off-warm0,70,1,0.2429,8.546,36.049,44.595,he,meditations,1,,server-2,2,2,0,8.758,2.350,10.991
least-response-time-cache-off-warm0,70,1,0.2571,31.351,33.642,64.993,king,pride-and-prejudice,1,,server-2,2,2,0,8.758,3.113,10.991
least-response-time-cache-off-warm0,70,1,0.2714,17.913,116.969,134.882,the,the-odyssey,1,,server-2,2,3,0,12.818,3.113,10.991
least-response-time-cache-off-warm0,70,1,0.2857,3.260,47.881,51.141,death,the-wind-in-the-willows,1,,server-2,0,4,0,16.449,3.113,10.991
least-response-time-cache-off-warm0,70,1,0.3000,23.193,83.132,106.326,sea,villette,1,,server-2,0,4,0,16.449,2.714,10.991
least-response-time-cache-off-warm0,70,1,0.3143,10.167,52.711,62.877,was,his-last-bow,1,,server-2,0,5,0,16.449,2.714,10.991
least-response-time-cache-off-warm0,70,1,0.3286,9.535,81.594,91.128,night,the-secret-adversary,1,,server-2,0,5,0,16.449,4.138,10.991
least-response-time-cache-off-warm0,70,1,0.3429,64.492,36.493,100.985,sea,around-the-world-in-eighty-days,1,,server-2,0,5,0,16.449,6.234,10.991
least-response-time-cache-off-warm0,70,1,0.3571,50.394,26.964,77.359,night,agnes-grey,1,,server-2,0,6,0,16.449,6.234,10.991
least-response-time-cache-off-warm0,70,1,0.3714,46.454,48.698,95.151,london,tess-of-the-d-urbervilles-a-pure-woman,1,,server-2,0,7,0,16.449,6.234,10.991
least-response-time-cache-off-warm0,70,1,0.3857,1.454,17.070,18.525,money,the-scarlet-letter,1,,server-3,0,7,1,16.449,15.277,10.991
least-response-time-cache-off-warm0,70,1,0.4000,4.738,23.687,28.426,horse,the-jungle,1,,server-3,0,7,2,16.449,15.277,5.706
least-response-time-cache-off-warm0,70,1,0.4143,14.459,29.521,43.979,love,pride-and-prejudice,1,,server-3,0,4,2,16.449,25.248,3.618
least-response-time-cache-off-warm0,70,1,0.4286,2.232,28.480,30.711,whale,silas-marner,1,,server-3,0,3,2,16.449,19.914,4.732
least-response-time-cache-off-warm0,70,1,0.4429,16.927,48.831,65.758,house,the-jungle,1,,server-3,0,3,3,16.449,19.283,2.542
least-response-time-cache-off-warm0,70,1,0.4571,2.881,46.080,48.961,death,dracula,1,,server-3,0,1,4,16.449,14.451,2.542
least-response-time-cache-off-warm0,70,1,0.4714,38.207,66.392,104.599,whale,emma,1,,server-3,0,0,3,16.449,16.715,3.033
least-response-time-cache-off-warm0,70,1,0.4857,23.735,14.662,38.397,heart,cranford,1,,server-3,0,0,4,16.449,16.715,3.033
least-response-time-cache-off-warm0,70,1,0.5000,10.180,42.341,52.521,love,leaves-of-grass,1,,server-3,0,0,5,16.449,16.715,3.033
least-response-time-cache-off-warm0,70,1,0.5143,10.156,69.476,79.632,she,the-age-of-innocence,1,,server-3,0,0,4,16.449,16.715,4.190
least-response-time-cache-off-warm0,70,1,0.5286,25.249,96.067,121.316,castle,tess-of-the-d-urbervilles-a-pure-woman,1,,server-3,0,0,5,16.449,16.715,4.356
least-response-time-cache-off-warm0,70,1,0.5429,11.220,62.310,73.530,the,the-odyssey,1,,server-3,0,0,6,16.449,16.715,4.356
least-response-time-cache-off-warm0,70,1,0.5571,20.473,69.731,90.204,horse,the-secret-garden,1,,server-3,0,0,5,16.449,16.715,8.773
least-response-time-cache-off-warm0,70,1,0.5714,5.912,100.774,106.685,the,the-house-of-mirth,1,,server-3,0,0,6,16.449,16.715,8.773
least-response-time-cache-off-warm0,70,1,0.5857,11.271,113.796,125.067,house,tess-of-the-d-urbervilles-a-pure-woman,1,,server-3,0,0,6,16.449,16.715,6.734
least-response-time-cache-off-warm0,70,1,0.6000,78.577,58.497,137.074,heart,the-first-men-in-the-moon,1,,server-3,0,0,7,16.449,16.715,9.009
least-response-time-cache-off-warm0,70,1,0.6143,64.492,71.271,135.762,whale,autobiography-of-benjamin-franklin,1,,server-3,0,0,8,16.449,16.715,9.009
least-response-time-cache-off-warm0,70,1,0.6286,50.587,43.368,93.956,you,the-first-men-in-the-moon,1,,server-3,0,0,7,16.449,16.715,13.331
least-response-time-cache-off-warm0,70,1,0.6429,38.046,90.933,128.980,castle,the-iliad-2199,1,,server-3,0,0,8,16.449,16.715,13.331
least-response-time-cache-off-warm0,70,1,0.6571,1.498,24.549,26.047,house,the-return-of-sherlock-holmes-108,1,,server-1,1,0,7,16.449,16.715,26.018
least-response-time-cache-off-warm0,70,1,0.6714,12.400,11.347,23.747,night,the-lost-world,1,,server-1,2,0,7,8.507,16.715,26.018
least-response-time-cache-off-warm0,70,1,0.6857,9.896,25.499,35.395,castle,jude-the-obscure,1,,server-1,2,0,5,5.975,16.715,13.858
least-response-time-cache-off-warm0,70,1,0.7000,22.092,11.179,33.272,castle,black-beauty,1,,server-1,2,0,5,3.829,16.715,13.858
least-response-time-cache-off-warm0,70,1,0.7143,7.977,24.336,32.313,love,the-prince,1,,server-1,3,0,5,3.829,16.715,31.745
least-response-time-cache-off-warm0,70,1,0.7286,5.043,26.299,31.342,was,myths-and-legends-of-ancient-greece-and-rome,1,,server-1,3,0,5,3.386,16.715,33.903
least-response-time-cache-off-warm0,70,1,0.7429,17.286,23.498,40.784,death,the-adventures-of-sherlock-holmes,1,,server-1,3,0,5,2.621,16.715,37.170
least-response-time-cache-off-warm0,70,1,0.7571,3.523,24.167,27.690,was,the-kama-sutra-of-vatsyayana,1,,server-1,3,0,1,5.164,16.715,28.913
least-response-time-cache-off-warm0,70,1,0.7714,13.528,20.474,34.002,he,the-secret-garden,1,,server-1,3,0,1,3.697,16.715,36.015
least-response-time-cache-off-warm0,70,1,0.7857,1.313,44.401,45.714,he,the-mystery-of-edwin-drood,1,,server-1,2,0,0,4.872,16.715,28.823
least-response-time-cache-off-warm0,70,1,0.8000,6.842,45.417,52.259,the,the-adventures-of-tom-sawyer-complete,1,,server-1,3,0,0,2.628,16.715,28.823
least-response-time-cache-off-warm0,70,1,0.8143,18.232,70.237,88.469,was,the-jungle,1,,server-1,3,0,0,3.243,16.715,28.823
least-response-time-cache-off-warm0,70,1,0.8286,4.949,117.940,122.889,you,the-last-of-the-mohicans-a-narrative-of-1757,1,,server-1,4,0,0,3.243,16.715,28.823
least-response-time-cache-off-warm0,70,1,0.8429,11.308,92.757,104.065,was,the-hound-of-the-baskervilles-3070,1,,server-1,4,0,0,4.738,16.715,28.823
least-response-time-cache-off-warm0,70,1,0.8571,47.909,92.993,140.903,of,the-romance-of-lust-a-classic-victorian-erotic-novel,1,,server-1,4,0,0,7.424,16.715,28.823
least-response-time-cache-off-warm0,70,1,0.8714,33.923,130.510,164.433,love,silas-marner,1,,server-1,5,0,0,7.424,16.715,28.823
least-response-time-cache-off-warm0,70,1,0.8857,66.167,42.994,109.162,love,silas-marner,1,,server-1,6,0,0,7.424,16.715,28.823
least-response-time-cache-off-warm0,70,1,0.9000,54.052,69.221,123.273,house,myths-and-legends-of-ancient-greece-and-rome,1,,server-1,7,0,0,7.424,16.715,28.823
least-response-time-cache-off-warm0,70,1,0.9143,48.747,48.776,97.524,love,the-first-men-in-the-moon,1,,server-1,7,0,0,14.207,16.715,28.823
least-response-time-cache-off-warm0,70,1,0.9286,69.825,52.335,122.159,sea,the-scarlet-letter-33,1,,server-1,8,0,0,14.207,16.715,28.823
least-response-time-cache-off-warm0,70,1,0.9429,59.077,83.901,142.977,death,the-adventures-of-ferdinand-count-fathom-complete,1,,server-1,9,0,0,14.207,16.715,28.823
least-response-time-cache-off-warm0,70,1,0.9571,1.749,21.686,23.435,was,the-mystery-of-edwin-drood,1,,server-2,7,1,0,23.996,16.715,28.823
least-response-time-cache-off-warm0,70,1,0.9714,9.464,28.797,38.262,castle,little-women,1,,server-2,7,2,0,20.753,8.655,28.823
least-response-time-cache-off-warm0,70,1,0.9857,24.547,36.712,61.259,heart,desert-gold,1,,server-2,7,2,0,20.753,5.484,28.823
least-response-time-cache-off-warm0,70,1,1.0000,10.479,38.728,49.207,london,madame-bovary,1,,server-2,5,3,0,24.370,5.484,28.823
least-response-time-cache-off-warm0,70,1,1.0143,35.871,22.850,58.720,night,the-age-of-innocence,1,,server-2,5,3,0,18.742,4.116,28.823
least-response-time-cache-off-warm0,70,1,1.0286,21.764,36.760,58.524,letter,adventures-of-huckleberry-finn,1,,server-2,5,4,0,25.044,4.116,28.823
least-response-time-cache-off-warm0,70,1,1.0429,8.389,100.486,108.874,love,the-portrait-of-a-lady-volume-1,1,,server-2,4,5,0,37.945,4.116,28.823
least-response-time-cache-off-warm0,70,1,1.0571,28.510,57.773,86.283,castle,the-house-of-mirth,1,,server-2,1,4,0,29.656,3.792,28.823
least-response-time-cache-off-warm0,70,1,1.0714,16.257,103.394,119.651,castle,the-innocents-abroad,1,,server-2,1,5,0,29.656,3.792,28.823
least-response-time-cache-off-warm0,70,1,1.0857,2.277,64.050,66.327,letter,the-jungle-book,1,,server-2,1,6,0,24.491,8.194,28.823
least-response-time-cache-off-warm0,70,1,1.1000,43.090,94.181,137.271,house,tess-of-the-d-urbervilles-a-pure-woman,1,,server-2,0,5,0,24.491,3.292,28.823
least-response-time-cache-off-warm0,70,1,1.1143,77.837,68.246,146.083,london,far-from-the-madding-crowd,1,,server-2,0,6,0,24.491,3.292,28.823
least-response-time-cache-off-warm0,70,1,1.1286,34.139,53.382,87.522,king,dubliners,1,,server-2,0,7,0,24.491,5.323,28.823
least-response-time-cache-off-warm0,70,1,1.1429,11.185,48.329,59.514,house,his-last-bow,1,,server-2,0,8,0,24.491,18.988,28.823
least-response-time-cache-off-warm0,70,1,1.1571,80.529,66.958,147.487,house,poirot-investigates,1,,server-2,0,6,0,24.491,15.378,28.823
least-response-time-cache-off-warm0,70,1,1.1714,66.705,56.103,122.808,horse,the-iliad-2199,1,,server-2,0,7,0,24.491,13.055,28.823
least-response-time-cache-off-warm0,70,1,1.1857,53.630,90.440,144.070,whale,the-moonstone,1,,server-2,0,8,0,24.491,13.055,28.823
least-response-time-cache-off-warm0,70,1,1.2000,1.918,21.094,23.013,heart,desert-gold,1,,server-1,1,7,0,24.491,26.925,28.823
least-response-time-cache-off-warm0,70,1,1.2143,9.195,27.332,36.526,was,little-women,1,,server-1,2,7,0,12.608,26.897,28.823
least-response-time-cache-off-warm0,70,1,1.2286,23.006,19.585,42.591,whale,the-hound-of-the-baskervilles-3070,1,,server-1,2,7,0,6.686,27.332,28.823
least-response-time-cache-off-warm0,70,1,1.2429,8.247,21.244,29.491,letter,silas-marner,1,,server-1,3,4,0,6.686,17.683,28.823
least-response-time-cache-off-warm0,70,1,1.2571,16.133,27.629,43.762,night,frankenstein-or-the-modern-prometheus,1,,server-1,3,4,0,4.168,17.683,28.823
least-response-time-cache-off-warm0,70,1,1.2714,2.122,27.608,29.730,money,the-king-in-yellow,1,,server-1,4,3,0,7.147,19.917,28.823
least-response-time-cache-off-warm0,70,1,1.2857,15.960,25.456,41.415,letter,desert-gold,1,,server-1,3,3,0,2.639,19.917,28.823
least-response-time-cache-off-warm0,70,1,1.3000,2.882,25.442,28.324,heart,silas-marner,1,,server-1,4,3,0,9.326,26.901,28.823
least-response-time-cache-off-warm0,70,1,1.3143,14.798,10.526,25.323,sea,poirot-investigates,1,,server-1,3,3,0,3.029,34.532,28.823
least-response-time-cache-off-warm0,70,1,1.3286,1.609,32.315,33.923,love,the-tenant-of-wildfell-hall,1,,server-1,4,3,0,6.174,33.970,28.823
least-response-time-cache-off-warm0,70,1,1.3429,20.482,47.962,68.444,she,cranford,1,,server-1,2,0,0,3.356,30.340,28.823
least-response-time-cache-off-warm0,70,1,1.3571,6.128,45.547,51.675,love,a-tale-of-two-cities,1,,server-1,3,0,0,3.356,30.340,28.823
least-response-time-cache-off-warm0,70,1,1.3714,39.770,77.056,116.826,she,the-mysterious-island,1,,server-1,3,0,0,3.820,30.340,28.823
least-response-time-cache-off-warm0,70,1,1.3857,26.119,76.527,102.646,castle,twenty-thousand-leagues-under-the-sea,1,,server-1,4,0,0,3.820,30.340,28.823
least-response-time-cache-off-warm0,70,1,1.4000,12.072,79.726,91.798,love,great-expectations,1,,server-1,5,0,0,3.820,30.340,28.823
least-response-time-cache-off-warm0,70,1,1.4143,74.081,30.678,104.759,love,jane-eyre-an-autobiography,1,,server-1,4,0,0,4.525,30.340,28.823
least-response-time-cache-off-warm0,70,1,1.4286,63.529,32.958,96.487,love,the-hound-of-the-baskervilles-3070,1,,server-1,5,0,0,3.804,30.340,28.823
least-response-time-cache-off-warm0,70,1,1.4429,50.497,43.727,94.224,horse,a-princess-of-mars,1,,server-1,6,0,0,3.804,30.340,28.823
least-response-time-cache-off-warm0,70,1,1.4571,37.465,85.204,122.669,london,little-women,1,,server-1,7,0,0,3.804,30.340,28.823
least-response-time-cache-off-warm0,70,1,1.4714,47.863,61.815,109.678,house,his-last-bow,1,,server-1,8,0,0,3.804,30.340,28.823
least-response-time-cache-off-warm0,70,1,1.4857,52.028,54.815,106.843,sea,the-hound-of-the-baskervilles-3070,1,,server-1,9,0,0,3.804,30.340,28.823
least-response-time-cache-off-warm0,70,1,1.5000,80.241,67.180,147.421,castle,autobiography-of-benjamin-franklin,1,,server-1,7,0,0,12.715,30.340,28.823
least-response-time-cache-off-warm0,70,1,1.5143,67.382,71.378,138.761,heart,madame-bovary,1,,server-1,8,0,0,12.715,30.340,28.823
least-response-time-cache-off-warm0,70,1,1.5286,54.635,66.731,121.366,castle,pride-and-prejudice,1,,server-1,8,0,0,18.236,30.340,28.823
least-response-time-cache-off-warm0,70,1,1.5429,50.118,76.451,126.569,castle,the-age-of-innocence,1,,server-1,8,0,0,22.771,30.340,28.823
least-response-time-cache-off-warm0,70,1,1.5571,37.886,84.208,122.094,heart,silas-marner,1,,server-1,9,0,0,22.771,30.340,28.823
least-response-time-cache-off-warm0,70,1,1.5714,96.576,23.009,119.585,house,frankenstein-or-the-modern-prometheus,1,,server-1,10,0,0,22.771,30.340,28.823
least-response-time-cache-off-warm0,70,1,1.5857,95.491,19.813,115.303,death,the-jungle-book,1,,server-1,8,0,0,12.380,30.340,28.823
least-response-time-cache-off-warm0,70,1,1.6000,81.371,44.435,125.806,money,the-tenant-of-wildfell-hall,1,,server-1,8,0,0,8.385,30.340,28.823
least-response-time-cache-off-warm0,70,1,1.6143,79.583,65.184,144.767,castle,the-secret-garden-17396,1,,server-1,9,0,0,14.881,30.340,28.823
least-response-time-cache-off-warm0,70,1,1.6286,63.753,55.517,119.270,death,poirot-investigates,1,,server-1,10,0,0,14.881,30.340,28.823
least-response-time-cache-off-warm0,70,1,1.6429,51.224,45.115,96.340,money,the-secret-adversary,1,,server-1,11,0,0,14.881,30.340,28.823
least-response-time-cache-off-warm0,70,1,1.6571,1.581,20.935,22.516,heart,memoirs-of-fanny-hill,1,,server-3,10,0,1,29.329,30.340,28.823
least-response-time-cache-off-warm0,70,1,1.6714,8.416,18.963,27.379,heart,walden-and-on-the-duty-of-civil-disobedience,1,,server-3,9,0,2,34.097,30.340,14.860
least-response-time-cache-off-warm0,70,1,1.6857,13.571,17.722,31.293,sea,the-age-of-innocence,1,,server-3,6,0,2,23.836,30.340,7.643
least-response-time-cache-off-warm0,70,1,1.7000,1.704,26.572,28.276,he,the-hound-of-the-baskervilles,1,,server-3,5,0,2,15.566,30.340,5.297
least-response-time-cache-off-warm0,70,1,1.7143,4.433,32.287,36.721,whale,jude-the-obscure,1,,server-3,5,0,3,11.732,30.340,2.844
least-response-time-cache-off-warm0,70,1,1.7286,2.246,31.630,33.876,you,the-king-in-yellow,1,,server-3,3,0,3,13.115,30.340,7.416
least-response-time-cache-off-warm0,70,1,1.7429,9.511,32.560,42.070,london,the-memoirs-of-sherlock-holmes,1,,server-3,3,0,3,18.067,30.340,4.103
least-response-time-cache-off-warm0,70,1,1.7571,6.707,49.182,55.888,money,mansfield-park,1,,server-3,3,0,3,25.460,30.340,5.967
least-response-time-cache-off-warm0,70,1,1.7714,15.509,35.818,51.328,horse,black-beauty,1,,server-3,0,0,3,21.353,30.340,3.955
least-response-time-cache-off-warm0,70,1,1.7857,1.980,50.773,52.753,was,persuasion,1,,server-3,0,0,4,21.353,30.340,9.003
least-response-time-cache-off-warm0,70,1,1.8000,23.230,57.630,80.859,horse,villette,1,,server-3,0,0,4,21.353,30.340,3.859
least-response-time-cache-off-warm0,70,1,1.8143,24.482,71.217,95.700,castle,the-iliad-2199,1,,server-3,0,0,5,21.353,30.340,15.794
least-response-time-cache-off-warm0,70,1,1.8286,10.927,72.383,83.311,king,the-jungle-book,1,,server-3,0,0,4,21.353,30.340,12.039
least-response-time-cache-off-warm0,70,1,1.8429,38.763,44.918,83.681,she,the-age-of-innocence,1,,server-3,0,0,4,21.353,30.340,5.548
least-response-time-cache-off-warm0,70,1,1.8571,71.734,67.428,139.162,letter,the-secret-garden,1,,server-3,0,0,5,21.353,30.340,5.548
least-response-time-cache-off-warm0,70,1,1.8714,36.461,68.368,104.829,castle,the-last-of-the-mohicans-a-narrative-of-1757-27681,1,,server-3,0,0,6,21.353,30.340,5.548
least-response-time-cache-off-warm0,70,1,1.8857,27.167,66.388,93.555,heart,the-secret-adversary,1,,server-3,0,0,6,21.353,30.340,12.477
least-response-time-cache-off-warm0,70,1,1.9000,28.107,92.907,121.014,you,mary-barton,1,,server-3,0,0,7,21.353,30.340,12.477
least-response-time-cache-off-warm0,70,1,1.9143,15.158,193.742,208.900,you,grimms-fairy-tales,1,,server-3,0,0,8,21.353,30.340,20.547
least-response-time-cache-off-warm0,70,1,1.9286,2.793,127.888,130.681,whale,the-innocents-abroad,1,,server-3,0,0,8,21.353,30.340,18.487
least-response-time-cache-off-warm0,70,1,1.9429,53.667,102.911,156.577,london,myths-and-legends-of-ancient-greece-and-rome,1,,server-3,0,0,7,21.353,30.340,5.549
least-response-time-cache-off-warm0,70,1,1.9571,37.711,107.863,145.575,money,the-adventures-of-ferdinand-count-fathom-complete,1,,server-3,0,0,8,21.353,30.340,5.549
least-response-time-cache-off-warm0,70,1,1.9714,101.033,60.809,161.842,horse,a-princess-of-mars,1,,server-3,0,0,9,21.353,30.340,5.549
least-response-time-cache-off-warm0,70,1,1.9857,117.106,50.689,167.795,love,mansfield-park,1,,server-3,0,0,8,21.353,30.340,21.094
least-response-time-cache-off-warm0,70,1,2.0000,1.386,20.934,22.320,death,the-divine-comedy,1,,server-1,1,0,8,21.353,30.340,26.159
least-response-time-cache-off-warm0,70,1,2.0143,8.655,28.969,37.624,love,the-innocents-abroad,1,,server-1,2,0,8,11.007,30.340,26.159
least-response-time-cache-off-warm0,70,1,2.0286,23.546,46.810,70.356,love,oliver-twist,1,,server-1,2,0,6,6.078,30.340,30.135
least-response-time-cache-off-warm0,70,1,2.0429,9.419,42.091,51.510,sea,meditations,1,,server-1,3,0,6,6.078,30.340,35.591
least-response-time-cache-off-warm0,70,1,2.0571,42.849,49.735,92.584,king,the-jungle,1,,server-1,3,0,6,4.019,30.340,35.591
least-response-time-cache-off-warm0,70,1,2.0714,28.071,45.623,73.694,king,adventures-of-huckleberry-finn,1,,server-1,4,0,5,4.019,30.340,36.145
least-response-time-cache-off-warm0,70,1,2.0857,14.723,85.961,100.684,night,mansfield-park,1,,server-1,5,0,5,4.019,30.340,37.392
least-response-time-cache-off-warm0,70,1,2.1000,1.720,58.517,60.237,you,northanger-abbey,1,,server-1,4,0,4,7.348,30.340,50.680
least-response-time-cache-off-warm0,70,1,2.1143,46.413,68.304,114.717,money,walden-and-on-the-duty-of-civil-disobedience,1,,server-1,5,0,3,2.805,30.340,37.305
least-response-time-cache-off-warm0,70,1,2.1286,55.677,138.696,194.372,he,jane-eyre-an-autobiography,1,,server-1,6,0,3,2.805,30.340,64.993
least-response-time-cache-off-warm0,70,1,2.1429,8.086,50.239,58.325,love,a-journey-to-the-centre-of-the-earth,1,,server-1,7,0,1,2.805,30.340,40.300
least-response-time-cache-off-warm0,70,1,2.1571,31.751,135.817,167.568,love,the-adventures-of-tom-sawyer-complete,1,,server-1,7,0,0,13.703,30.340,31.162
least-response-time-cache-off-warm0,70,1,2.1714,18.643,78.109,96.752,house,the-american,1,,server-1,7,0,0,20.279,30.340,31.162
least-response-time-cache-off-warm0,70,1,2.1857,43.697,97.636,141.333,whale,desperate-remedies,1,,server-1,8,0,0,21.404,30.340,31.162
least-response-time-cache-off-warm0,70,1,2.2000,35.241,115.906,151.146,money,a-journey-to-the-centre-of-the-earth,1,,server-1,8,0,0,11.023,30.340,31.162
least-response-time-cache-off-warm0,70,1,2.2143,46.336,75.922,122.259,king,the-prince,1,,server-1,8,0,0,17.171,30.340,31.162
least-response-time-cache-off-warm0,70,1,2.2286,41.019,99.200,140.219,castle,anne-of-green-gables,1,,server-1,8,0,0,24.222,30.340,31.162
least-response-time-cache-off-warm0,70,1,2.2429,94.435,55.861,150.297,and,the-hound-of-the-baskervilles,1,,server-1,8,0,0,13.581,30.340,31.162
least-response-time-cache-off-warm0,70,1,2.2571,71.982,54.939,126.922,london,anne-of-green-gables,1,,server-1,9,0,0,13.581,30.340,31.162
least-response-time-cache-off-warm0,70,1,2.2714,80.522,55.311,135.834,london,the-scarlet-letter,1,,server-1,10,0,0,16.677,30.340,31.162
least-response-time-cache-off-warm0,70,1,2.2857,67.661,74.109,141.771,you,wuthering-heights,1,,server-1,10,0,0,16.677,30.340,31.162
least-response-time-cache-off-warm0,70,1,2.3000,84.671,67.835,152.506,money,the-tenant-of-wildfell-hall,1,,server-1,11,0,0,16.677,30.340,31.162
least-response-time-cache-off-warm0,70,1,2.3143,94.283,66.017,160.300,the,far-from-the-madding-crowd,1,,server-1,12,0,0,16.677,30.340,31.162
least-response-time-cache-off-warm0,70,1,2.3286,1.532,34.836,36.368,castle,the-iliad,1,,server-2,11,1,0,50.612,30.340,31.162
least-response-time-cache-off-warm0,70,1,2.3429,18.766,48.609,67.375,london,the-moonstone,1,,server-2,9,2,0,32.627,15.606,31.162
least-response-time-cache-off-warm0,70,1,2.3571,4.701,50.304,55.005,was,the-works-of-edgar-allan-poe-volume-2,1,,server-2,7,3,0,21.183,15.606,31.162
least-response-time-cache-off-warm0,70,1,2.3714,41.024,70.740,111.764,letter,jane-eyre-an-autobiography,1,,server-2,7,3,0,23.666,8.611,31.162
least-response-time-cache-off-warm0,70,1,2.3857,26.859,22.538,49.397,of,far-from-the-madding-crowd,1,,server-2,7,4,0,27.771,8.611,31.162
least-response-time-cache-off-warm0,70,1,2.4000,13.284,93.297,106.581,and,great-expectations,1,,server-2,4,5,0,18.688,11.400,31.162
least-response-time-cache-off-warm0,70,1,2.4143,22.551,69.906,92.457,death,the-prince,1,,server-2,3,4,0,25.114,6.302,31.162
least-response-time-cache-off-warm0,70,1,2.4286,31.210,94.496,125.706,sea,north-and-south,1,,server-2,3,5,0,30.770,5.405,31.162
least-response-time-cache-off-warm0,70,1,2.4429,16.210,91.173,107.383,and,a-connecticut-yankee-in-king-arthur-s-court,1,,server-2,3,5,0,30.770,7.000,31.162
least-response-time-cache-off-warm0,70,1,2.4571,2.295,114.758,117.053,she,the-iliad-2199,1,,server-2,1,6,0,28.010,7.000,31.162
least-response-time-cache-off-warm0,70,1,2.4714,82.518,60.580,143.098,king,cranford,1,,server-2,1,7,0,28.010,9.230,31.162
least-response-time-cache-off-warm0,70,1,2.4857,20.700,111.874,132.574,he,the-king-in-yellow,1,,server-2,0,7,0,25.760,18.838,31.162
least-response-time-cache-off-warm0,70,1,2.5000,54.080,62.000,116.079,sea,washington-square,1,,server-2,0,8,0,25.760,15.992,31.162
least-response-time-cache-off-warm0,70,1,2.5143,3.115,12.957,16.072,horse,treasure-island,1,,server-1,1,8,0,25.760,35.802,31.162
least-response-time-cache-off-warm0,70,1,2.5286,2.514,17.934,20.448,castle,the-portrait-of-a-lady-volume-1,1,,server-1,2,8,0,13.373,35.802,31.162
least-response-time-cache-off-warm0,70,1,2.5429,6.956,20.781,27.737,of,far-from-the-madding-crowd,1,,server-1,2,8,0,5.620,35.802,31.162
least-response-time-cache-off-warm0,70,1,2.5571,14.743,15.723,30.465,letter,silas-marner,1,,server-1,2,6,0,3.916,39.928,31.162
least-response-time-cache-off-warm0,70,1,2.5714,1.152,46.205,47.357,love,the-moonstone,1,,server-1,2,6,0,5.315,31.845,31.162
least-response-time-cache-off-warm0,70,1,2.5857,2.563,68.029,70.592,of,the-romance-of-lust-a-classic-victorian-erotic-novel,1,,server-1,3,3,0,2.239,36.066,31.162
least-response-time-cache-off-warm0,70,1,2.6000,20.257,52.246,72.503,horse,the-adventures-of-tom-sawyer-complete,1,,server-1,3,3,0,3.124,36.066,31.162
least-response-time-cache-off-warm0,70,1,2.6143,6.138,35.773,41.911,she,silas-marner,1,,server-1,4,3,0,3.124,36.823,31.162
least-response-time-cache-off-warm0,70,1,2.6286,26.131,31.279,57.410,she,a-journey-to-the-centre-of-the-earth,1,,server-1,4,0,0,4.003,24.292,31.162
least-response-time-cache-off-warm0,70,1,2.6429,13.121,43.305,56.427,london,the-warden,1,,server-1,5,0,0,4.003,24.292,31.162
least-response-time-cache-off-warm0,70,1,2.6571,13.938,56.455,70.393,he,madame-bovary,1,,server-1,4,0,0,10.505,24.292,31.162
least-response-time-cache-off-warm0,70,1,2.6714,29.188,57.052,86.240,whale,mansfield-park,1,,server-1,5,0,0,9.240,24.292,31.162
least-response-time-cache-off-warm0,70,1,2.6857,14.739,75.173,89.912,castle,a-tale-of-two-cities,1,,server-1,5,0,0,18.263,24.292,31.162
least-response-time-cache-off-warm0,70,1,2.7000,75.433,109.835,185.268,and,herland,1,,server-1,5,0,0,9.636,24.292,31.162
least-response-time-cache-off-warm0,70,1,2.7143,14.936,133.215,148.152,night,the-last-of-the-mohicans-a-narrative-of-1757-27681,1,,server-1,5,0,0,6.543,24.292,31.162
least-response-time-cache-off-warm0,70,1,2.7286,46.840,26.336,73.176,castle,oliver-twist,1,,server-1,6,0,0,13.142,24.292,31.162
least-response-time-cache-off-warm0,70,1,2.7429,32.853,137.786,170.638,money,the-memoirs-of-sherlock-holmes,1,,server-1,7,0,0,10.757,24.292,31.162
least-response-time-cache-off-warm0,70,1,2.7571,19.192,57.419,76.611,letter,the-hound-of-the-baskervilles-3070,1,,server-1,7,0,0,14.064,24.292,31.162
least-response-time-cache-off-warm0,70,1,2.7714,7.628,87.154,94.781,the,the-last-of-the-mohicans-a-narrative-of-1757,1,,server-1,8,0,0,22.492,24.292,31.162
least-response-time-cache-off-warm0,70,1,2.7857,82.414,98.242,180.656,and,emma,1,,server-1,7,0,0,6.573,24.292,31.162
least-response-time-cache-off-warm0,70,1,2.8000,66.720,67.305,134.026,house,pride-and-prejudice,1,,server-1,8,0,0,6.573,24.292,31.162
least-response-time-cache-off-warm0,70,1,2.8143,53.144,156.613,209.757,house,north-and-south,1,,server-1,9,0,0,10.382,24.292,31.162
least-response-time-cache-off-warm0,70,1,2.8286,38.857,32.392,71.249,was,the-first-men-in-the-moon,1,,server-1,9,0,0,12.070,24.292,31.162
least-response-time-cache-off-warm0,70,1,2.8429,26.073,108.112,134.185,she,black-beauty,1,,server-1,10,0,0,21.013,24.292,31.162
least-response-time-cache-off-warm0,70,1,2.8571,16.797,153.112,169.909,sea,the-return-of-sherlock-holmes,1,,server-1,11,0,0,21.013,24.292,31.162
least-response-time-cache-off-warm0,70,1,2.8714,13.495,90.579,104.074,the,the-adventures-of-tom-sawyer-complete,1,,server-1,9,0,0,6.664,24.292,31.162
least-response-time-cache-off-warm0,70,1,2.8857,1.465,32.456,33.921,and,the-moonstone,1,,server-2,9,1,0,27.148,24.292,31.162
least-response-time-cache-off-warm0,70,1,2.9000,20.245,13.300,33.545,of,memoirs-of-fanny-hill,1,,server-2,8,2,0,24.417,12.523,31.162
least-response-time-cache-off-warm0,70,1,2.9143,6.110,21.400,27.509,whale,the-hound-of-the-baskervilles,1,,server-2,7,3,0,44.885,12.523,31.162
least-response-time-cache-off-warm0,70,1,2.9286,13.504,12.899,26.404,and,northanger-abbey,1,,server-2,7,3,0,44.885,4.854,31.162
least-response-time-cache-off-warm0,70,1,2.9429,1.419,25.803,27.222,the,the-divine-comedy,1,,server-2,6,2,0,44.999,5.208,31.162
least-response-time-cache-off-warm0,70,1,2.9571,13.494,12.066,25.560,the,the-secret-garden,1,,server-2,6,2,0,44.999,3.700,31.162
least-response-time-cache-off-warm0,70,1,2.9714,1.478,19.953,21.431,money,treasure-island,1,,server-2,6,2,0,55.224,4.614,31.162
least-response-time-cache-off-warm0,70,1,2.9857,8.118,13.773,21.891,castle,the-scarlet-letter-33,1,,server-2,5,2,0,57.261,4.627,31.162
least-response-time-cache-off-warm0,70,1,3.0000,7.876,19.813,27.689,the,sense-and-sensibility,1,,server-2,3,2,0,50.201,3.315,31.162
least-response-time-cache-off-warm0,70,1,3.0143,14.156,22.539,36.695,house,the-king-in-yellow,1,,server-2,3,2,0,50.201,3.129,31.162
least-response-time-cache-off-warm0,70,1,3.0286,1.781,44.944,46.725,she,herland,1,,server-2,0,2,0,50.661,4.028,31.162
least-response-time-cache-off-warm0,70,1,3.0429,8.662,51.780,60.441,of,the-jungle,1,,server-2,0,3,0,50.661,2.326,31.162
least-response-time-cache-off-warm0,70,1,3.0571,46.034,93.937,139.971,london,the-last-of-the-mohicans-a-narrative-of-1757,1,,server-2,0,3,0,50.661,3.990,31.162
least-response-time-cache-off-warm0,70,1,3.0714,29.247,33.369,62.615,whale,emma,1,,server-2,0,4,0,50.661,3.990,31.162
least-response-time-cache-off-warm0,70,1,3.0857,19.145,90.375,109.520,was,grimms-fairy-tales,1,,server-2,0,4,0,50.661,8.887,31.162
least-response-time-cache-off-warm0,70,1,3.1000,6.797,88.702,95.498,letter,adventures-of-huckleberry-finn,1,,server-2,0,5,0,50.661,8.887,31.162
least-response-time-cache-off-warm0,70,1,3.1143,23.174,164.130,187.304,was,the-prince,1,,server-2,0,5,0,50.661,5.639,31.162
least-response-time-cache-off-warm0,70,1,3.1286,27.351,112.485,139.836,love,the-mysterious-island,1,,server-2,0,6,0,50.661,5.639,31.162
least-response-time-cache-off-warm0,70,1,3.1429,54.562,127.053,181.615,money,emma,1,,server-2,0,6,0,50.661,10.534,31.162
least-response-time-cache-off-warm0,70,1,3.1571,42.062,203.404,245.465,the,a-tale-of-two-cities,1,,server-2,0,7,0,50.661,11.422,31.162
least-response-time-cache-off-warm0,70,1,3.1714,29.570,126.696,156.266,house,the-warden,1,,server-2,0,8,0,50.661,11.422,31.162
least-response-time-cache-off-warm0,70,1,3.1857,15.054,77.628,92.682,king,around-the-world-in-eighty-days,1,,server-2,0,9,0,50.661,11.422,31.162
least-response-time-cache-off-warm0,70,1,3.2000,68.380,88.765,157.144,the,the-war-of-the-worlds,1,,server-2,0,7,0,50.661,14.038,31.162
least-response-time-cache-off-warm0,70,1,3.2143,134.190,57.503,191.693,london,jude-the-obscure,1,,server-2,0,8,0,50.661,6.440,31.162
least-response-time-cache-off-warm0,70,1,3.2286,119.563,50.974,170.538,she,around-the-world-in-eighty-days,1,,server-2,0,9,0,50.661,6.440,31.162
least-response-time-cache-off-warm0,70,1,3.2429,114.219,40.527,154.746,was,black-beauty,1,,server-2,0,10,0,50.661,6.440,31.162
least-response-time-cache-off-warm0,70,1,3.2571,104.157,54.986,159.143,whale,the-war-of-the-worlds,1,,server-2,0,11,0,50.661,6.440,31.162
least-response-time-cache-off-warm0,70,1,3.2714,90.187,71.880,162.066,the,the-picture-of-dorian-gray,1,,server-2,0,12,0,50.661,17.544,31.162
least-response-time-cache-off-warm0,70,1,3.2857,117.694,44.573,162.267,the,autobiography-of-benjamin-franklin,1,,server-2,0,13,0,50.661,29.429,31.162
least-response-time-cache-off-warm0,70,1,3.3000,107.449,61.978,169.427,house,adventures-of-huckleberry-finn,1,,server-2,0,14,0,50.661,29.429,31.162
least-response-time-cache-off-warm0,70,1,3.3143,2.010,17.447,19.457,whale,grimms-fairy-tales,1,,server-3,0,14,1,50.661,53.391,31.162
least-response-time-cache-off-warm0,70,1,3.3286,6.033,28.513,34.546,king,the-innocents-abroad,1,,server-3,0,11,2,50.661,68.246,16.076
least-response-time-cache-off-warm0,70,1,3.3429,20.533,48.780,69.313,king,the-song-of-the-lark,1,,server-3,0,11,2,50.661,68.246,7.199
least-response-time-cache-off-warm0,70,1,3.3571,6.108,46.353,52.461,letter,great-expectations,1,,server-3,0,9,3,50.661,37.359,7.199
least-response-time-cache-off-warm0,70,1,3.3714,41.487,48.532,90.019,letter,madame-bovary,1,,server-3,0,8,3,50.661,26.084,4.392
least-response-time-cache-off-warm0,70,1,3.3857,27.402,21.357,48.759,of,madame-bovary,1,,server-3,0,8,4,50.661,26.084,4.392
least-response-time-cache-off-warm0,70,1,3.4000,13.467,71.086,84.553,she,the-song-of-the-lark,1,,server-3,0,8,5,50.661,25.146,4.392
least-response-time-cache-off-warm0,70,1,3.4143,20.642,61.729,82.371,you,the-wind-in-the-willows,1,,server-3,0,4,4,50.661,21.194,7.030
least-response-time-cache-off-warm0,70,1,3.4286,6.481,136.364,142.845,love,a-connecticut-yankee-in-king-arthur-s-court,1,,server-3,0,3,5,50.661,22.217,5.882
least-response-time-cache-off-warm0,70,1,3.4429,37.897,46.860,84.757,the,the-kama-sutra-of-vatsyayana,1,,server-3,0,3,5,50.661,31.938,3.583
least-response-time-cache-off-warm0,70,1,3.4571,27.749,83.690,111.438,you,madame-bovary,1,,server-3,0,2,6,50.661,24.587,3.583
least-response-time-cache-off-warm0,70,1,3.4714,23.141,55.535,78.676,heart,frankenstein-or-the-modern-prometheus,1,,server-3,0,0,7,50.661,24.594,13.516
least-response-time-cache-off-warm0,70,1,3.4857,13.984,95.167,109.151,death,life-on-the-mississippi,1,,server-3,0,0,8,50.661,24.594,11.257
least-response-time-cache-off-warm0,70,1,3.5000,27.942,84.798,112.740,letter,the-memoirs-of-sherlock-holmes,1,,server-3,0,0,9,50.661,24.594,17.274
least-response-time-cache-off-warm0,70,1,3.5143,80.767,57.339,138.106,king,oliver-twist,1,,server-3,0,0,8,50.661,24.594,13.711
least-response-time-cache-off-warm0,70,1,3.5286,68.000,55.617,123.617,letter,dubliners,1,,server-3,0,0,8,50.661,24.594,18.425
least-response-time-cache-off-warm0,70,1,3.5429,70.461,56.743,127.205,the,treasure-island,1,,server-3,0,0,9,50.661,24.594,18.425
least-response-time-cache-off-warm0,70,1,3.5571,2.877,15.620,18.497,castle,the-adventures-of-sherlock-holmes,1,,server-2,0,1,9,50.661,24.594,25.399
least-response-time-cache-off-warm0,70,1,3.5714,5.185,19.252,24.437,she,persuasion,1,,server-2,0,2,8,50.661,12.734,47.702
least-response-time-cache-off-warm0,70,1,3.5857,11.473,19.843,31.317,letter,the-adventures-of-sherlock-holmes,1,,server-2,0,2,6,50.661,5.893,47.702
least-response-time-cache-off-warm0,70,1,3.6000,18.212,35.055,53.268,night,hard-times,1,,server-2,0,2,4,50.661,4.495,31.100
least-response-time-cache-off-warm0,70,1,3.6143,3.315,34.055,37.370,horse,the-last-of-the-mohicans-a-narrative-of-1757-27681,1,,server-2,0,3,3,50.661,4.495,22.190
least-response-time-cache-off-warm0,70,1,3.6286,25.888,42.851,68.739,king,the-odyssey,1,,server-2,0,3,3,50.661,3.609,18.019
least-response-time-cache-off-warm0,70,1,3.6429,11.075,39.807,50.882,money,silas-marner,1,,server-2,0,4,3,50.661,3.609,18.019
least-response-time-cache-off-warm0,70,1,3.6571,37.286,57.828,95.115,was,dracula,1,,server-2,0,3,3,50.661,5.218,28.830
least-response-time-cache-off-warm0,70,1,3.6714,25.913,21.973,47.886,heart,the-memoirs-of-sherlock-holmes,1,,server-2,0,4,0,50.661,5.218,23.058
least-response-time-cache-off-warm0,70,1,3.6857,15.052,59.335,74.387,whale,the-kama-sutra-of-vatsyayana,1,,server-2,0,5,0,50.661,5.218,23.058
least-response-time-cache-off-warm0,70,1,3.7000,49.111,57.821,106.932,he,the-jungle,1,,server-2,0,4,0,50.661,9.708,23.058
least-response-time-cache-off-warm0,70,1,3.7143,37.885,75.357,113.243,and,the-works-of-edgar-allan-poe-volume-2,1,,server-2,0,5,0,50.661,8.090,23.058
least-response-time-cache-off-warm0,70,1,3.7286,24.115,19.489,43.603,sea,the-great-gatsby,1,,server-2,0,6,0,50.661,13.328,23.058
least-response-time-cache-off-warm0,70,1,3.7429,10.435,87.335,97.770,money,around-the-world-in-eighty-days,1,,server-2,0,7,0,50.661,13.328,23.058
least-response-time-cache-off-warm0,70,1,3.7571,4.152,68.387,72.540,you,the-adventures-of-sherlock-holmes,1,,server-2,0,6,0,50.661,5.721,23.058
least-response-time-cache-off-warm0,70,1,3.7714,54.007,35.953,89.960,horse,far-from-the-madding-crowd,1,,server-2,0,6,0,50.661,8.007,23.058
least-response-time-cache-off-warm0,70,1,3.7857,55.151,56.547,111.698,of,autobiography-of-benjamin-franklin,1,,server-2,0,7,0,50.661,8.007,23.058
least-response-time-cache-off-warm0,70,1,3.8000,59.383,53.544,112.927,the,the-age-of-innocence,1,,server-2,0,8,0,50.661,8.007,23.058
least-response-time-cache-off-warm0,70,1,3.8143,46.964,49.854,96.819,heart,far-from-the-madding-crowd,1,,server-2,0,9,0,50.661,20.650,23.058
least-response-time-cache-off-warm0,70,1,3.8286,1.198,30.143,31.341,london,dracula,1,,server-3,0,6,1,50.661,30.451,23.058
least-response-time-cache-off-warm0,70,1,3.8429,17.752,26.700,44.452,horse,the-works-of-edgar-allan-poe-volume-2,1,,server-3,0,4,2,50.661,24.387,11.885
least-response-time-cache-off-warm0,70,1,3.8571,3.730,10.548,14.278,whale,poirot-investigates,1,,server-3,0,4,3,50.661,24.387,11.885
least-response-time-cache-off-warm0,70,1,3.8714,16.725,23.307,40.032,of,the-jungle,1,,server-3,0,3,3,50.661,13.104,5.556
least-response-time-cache-off-warm0,70,1,3.8857,2.516,42.134,44.650,love,the-jungle,1,,server-3,0,3,4,50.661,13.104,7.316
least-response-time-cache-off-warm0,70,1,3.9000,28.089,15.811,43.901,death,washington-square,1,,server-3,0,3,3,50.661,21.547,3.309
least-response-time-cache-off-warm0,70,1,3.9143,16.919,43.029,59.948,letter,wuthering-heights,1,,server-3,0,0,4,50.661,20.030,6.312
least-response-time-cache-off-warm0,70,1,3.9286,3.740,39.593,43.333,night,adventures-of-huckleberry-finn,1,,server-3,0,0,4,50.661,20.030,8.288
least-response-time-cache-off-warm0,70,1,3.9429,31.902,16.681,48.583,heart,washington-square,1,,server-3,0,0,4,50.661,20.030,4.125
least-response-time-cache-off-warm0,70,1,3.9571,17.885,29.007,46.893,love,the-hound-of-the-baskervilles,1,,server-3,0,0,5,50.661,20.030,5.928
least-response-time-cache-off-warm0,70,1,3.9714,3.696,57.408,61.104,you,the-mysterious-island,1,,server-3,0,0,6,50.661,20.030,15.646
least-response-time-cache-off-warm0,70,1,3.9857,47.120,19.065,66.185,of,twenty-thousand-leagues-under-the-sea,1,,server-3,0,0,4,50.661,20.030,3.424
least-response-time-cache-off-warm0,70,1,4.0000,35.461,65.710,101.170,horse,the-wind-in-the-willows,1,,server-3,0,0,5,50.661,20.030,4.869
least-response-time-cache-off-warm0,70,1,4.0143,19.263,52.994,72.258,whale,the-last-of-the-mohicans-a-narrative-of-1757,1,,server-3,0,0,5,50.661,20.030,10.058
least-response-time-cache-off-warm0,70,1,4.0286,6.003,49.135,55.138,you,white-fang,1,,server-3,0,0,6,50.661,20.030,10.058
least-response-time-cache-off-warm0,70,1,4.0429,29.421,83.881,113.302,she,little-women,1,,server-3,0,0,5,50.661,20.030,4.966
least-response-time-cache-off-warm0,70,1,4.0571,25.103,92.625,117.728,she,myths-and-legends-of-ancient-greece-and-rome,1,,server-3,0,0,6,50.661,20.030,7.720
least-response-time-cache-off-warm0,70,1,4.0714,31.618,49.106,80.725,king,poirot-investigates,1,,server-3,0,0,7,50.661,20.030,7.720
least-response-time-cache-off-warm0,70,1,4.0857,20.755,120.344,141.099,whale,the-vicomte-de-bragelonne,1,,server-3,0,0,8,50.661,20.030,19.415
least-response-time-cache-off-warm0,70,1,4.1000,6.885,123.045,129.930,night,the-iliad-2199,1,,server-3,0,0,9,50.661,20.030,19.337
least-response-time-cache-off-warm0,70,1,4.1143,88.044,94.578,182.622,sea,north-and-south,1,,server-3,0,0,6,50.661,20.030,6.169
least-response-time-cache-off-warm0,70,1,4.1286,74.229,67.254,141.483,the,myths-and-legends-of-ancient-greece-and-rome,1,,server-3,0,0,7,50.661,20.030,6.169
least-response-time-cache-off-warm0,70,1,4.1429,88.113,42.560,130.672,money,mansfield-park,1,,server-3,0,0,8,50.661,20.030,6.169
least-response-time-cache-off-warm0,70,1,4.1571,1.758,26.022,27.781,death,pride-and-prejudice,1,,server-2,0,1,8,50.661,20.030,25.484
least-response-time-cache-off-warm0,70,1,4.1714,13.780,15.326,29.106,whale,the-king-in-yellow,1,,server-2,0,2,8,50.661,10.366,25.484
least-response-time-cache-off-warm0,70,1,4.1857,2.065,42.027,44.092,of,the-vicomte-de-bragelonne,1,,server-2,0,2,5,50.661,6.706,36.984
least-response-time-cache-off-warm0,70,1,4.2000,1.841,49.247,51.088,sea,the-odyssey,1,,server-2,0,3,5,50.661,3.700,36.984
least-response-time-cache-off-warm0,70,1,4.2143,15.860,61.622,77.482,and,emma,1,,server-2,0,3,5,50.661,3.197,32.963
least-response-time-cache-off-warm0,70,1,4.2286,1.898,55.347,57.245,she,frankenstein-or-the-modern-prometheus,1,,server-2,0,4,5,50.661,8.438,38.457
least-response-time-cache-off-warm0,70,1,4.2429,41.571,23.274,64.845,the,the-memoirs-of-sherlock-holmes,1,,server-2,0,4,3,50.661,4.362,28.538
least-response-time-cache-off-warm0,70,1,4.2571,29.070,62.893,91.963,of,the-moonstone,1,,server-2,0,5,3,50.661,8.519,28.538
least-response-time-cache-off-warm0,70,1,4.2714,15.705,111.481,127.185,was,little-women,1,,server-2,0,6,3,50.661,8.519,31.294
least-response-time-cache-off-warm0,70,1,4.2857,23.494,90.775,114.269,was,the-age-of-innocence,1,,server-2,0,6,2,50.661,17.602,27.335
least-response-time-cache-off-warm0,70,1,4.3000,45.328,104.414,149.741,and,walden-and-on-the-duty-of-civil-disobedience,1,,server-2,0,6,0,50.661,19.848,26.702
least-response-time-cache-off-warm0,70,1,4.3143,37.665,95.289,132.955,heart,leaves-of-grass,1,,server-2,0,5,0,50.661,12.150,26.702
least-response-time-cache-off-warm0,70,1,4.3286,48.702,94.289,142.991,sea,a-connecticut-yankee-in-king-arthur-s-court,1,,server-2,0,6,0,50.661,12.150,26.702
least-response-time-cache-off-warm0,70,1,4.3429,55.517,45.453,100.971,he,the-picture-of-dorian-gray,1,,server-2,0,7,0,50.661,12.150,26.702
least-response-time-cache-off-warm0,70,1,4.3571,90.578,46.746,137.323,love,persuasion,1,,server-2,0,7,0,50.661,16.282,26.702
least-response-time-cache-off-warm0,70,1,4.3714,72.679,38.453,111.131,castle,the-prince,1,,server-2,0,8,0,50.661,16.282,26.702
least-response-time-cache-off-warm0,70,1,4.3857,82.832,44.186,127.018,money,the-american,1,,server-2,0,9,0,50.661,16.937,26.702
least-response-time-cache-off-warm0,70,1,4.4000,1.460,23.526,24.986,whale,desperate-remedies,1,,server-3,0,9,1,50.661,29.679,26.702
least-response-time-cache-off-warm0,70,1,4.4143,10.827,12.368,23.195,the,the-king-in-yellow,1,,server-3,0,9,2,50.661,29.679,13.741
least-response-time-cache-off-warm0,70,1,4.4286,9.837,11.555,21.392,she,agnes-grey,1,,server-3,0,8,2,50.661,37.389,7.374
least-response-time-cache-off-warm0,70,1,4.4429,7.697,15.608,23.305,he,the-prince,1,,server-3,0,8,2,50.661,37.389,4.286
least-response-time-cache-off-warm0,70,1,4.4571,9.718,9.060,18.778,money,the-jungle-book,1,,server-3,0,7,2,50.661,50.783,3.000
least-response-time-cache-off-warm0,70,1,4.4714,5.118,11.482,16.600,heart,black-beauty,1,,server-3,0,4,2,50.661,24.607,3.054
least-response-time-cache-off-warm0,70,1,4.4857,2.845,21.928,24.773,and,the-american,1,,server-3,0,3,2,50.661,28.726,2.157
least-response-time-cache-off-warm0,70,1,4.5000,11.357,22.428,33.785,she,desperate-remedies,1,,server-3,0,3,2,50.661,25.137,1.799
least-response-time-cache-off-warm0,70,1,4.5143,20.269,24.169,44.438,and,the-king-in-yellow,1,,server-3,0,0,2,50.661,21.661,3.426
least-response-time-cache-off-warm0,70,1,4.5286,6.140,25.854,31.994,king,black-beauty,1,,server-3,0,0,3,50.661,21.661,3.426
least-response-time-cache-off-warm0,70,1,4.5429,19.438,31.004,50.442,he,the-lost-world,1,,server-3,0,0,3,50.661,21.661,2.993
least-response-time-cache-off-warm0,70,1,4.5571,5.458,51.973,57.431,king,the-return-of-sherlock-holmes-108,1,,server-3,0,0,4,50.661,21.661,2.993
least-response-time-cache-off-warm0,70,1,4.5714,43.739,37.978,81.718,london,grimms-fairy-tales,1,,server-3,0,0,3,50.661,21.661,3.406
least-response-time-cache-off-warm0,70,1,4.5857,29.668,59.733,89.401,london,northanger-abbey,1,,server-3,0,0,4,50.661,21.661,3.406
least-response-time-cache-off-warm0,70,1,4.6000,15.753,57.461,73.214,king,the-return-of-sherlock-holmes,1,,server-3,0,0,5,50.661,21.661,8.744
least-response-time-cache-off-warm0,70,1,4.6143,1.994,11.969,13.963,money,the-great-gatsby,1,,server-2,0,1,5,50.661,21.661,24.057
least-response-time-cache-off-warm0,70,1,4.6286,46.706,42.565,89.271,house,myths-and-legends-of-ancient-greece-and-rome,1,,server-3,0,0,4,50.661,9.011,4.726
least-response-time-cache-off-warm0,70,1,4.6429,33.032,41.817,74.849,she,jane-eyre-an-autobiography,1,,server-3,0,0,5,50.661,9.011,4.726
least-response-time-cache-off-warm0,70,1,4.6571,2.362,18.645,21.006,money,a-journey-to-the-centre-of-the-earth,1,,server-2,0,1,5,50.661,9.011,11.245
least-response-time-cache-off-warm0,70,1,4.6714,7.348,21.219,28.567,night,the-last-of-the-mohicans-a-narrative-of-1757-27681,1,,server-2,0,2,5,50.661,4.747,17.471
least-response-time-cache-off-warm0,70,1,4.6857,15.068,9.190,24.258,she,the-mysterious-affair-at-styles,1,,server-2,0,2,2,50.661,3.711,9.163
least-response-time-cache-off-warm0,70,1,4.7000,2.150,30.176,32.326,love,the-return-of-sherlock-holmes,1,,server-2,0,2,2,50.661,5.422,9.163
least-response-time-cache-off-warm0,70,1,4.7143,19.010,50.774,69.784,letter,north-and-south,1,,server-2,0,2,2,50.661,3.072,9.163
least-response-time-cache-off-warm0,70,1,4.7286,4.840,10.370,15.210,the,beyond-good-and-evil,1,,server-2,0,3,0,50.661,3.072,13.360
least-response-time-cache-off-warm0,70,1,4.7429,42.204,42.386,84.590,was,beyond-good-and-evil,1,,server-2,0,3,0,50.661,3.075,13.360
least-response-time-cache-off-warm0,70,1,4.7571,28.190,91.043,119.233,the,the-mystery-of-edwin-drood,1,,server-2,0,4,0,50.661,4.455,13.360
least-response-time-cache-off-warm0,70,1,4.7714,13.717,46.757,60.474,house,the-vicomte-de-bragelonne,1,,server-2,0,5,0,50.661,4.455,13.360
least-response-time-cache-off-warm0,70,1,4.7857,1.626,75.210,76.836,night,north-and-south,1,,server-2,0,4,0,50.661,4.901,13.360
least-response-time-cache-off-warm0,70,1,4.8000,27.219,67.999,95.218,was,leaves-of-grass,1,,server-2,0,5,0,50.661,2.682,13.360
least-response-time-cache-off-warm0,70,1,4.8143,50.839,42.112,92.950,of,kidnapped,1,,server-2,0,6,0,50.661,2.682,13.360
least-response-time-cache-off-warm0,70,1,4.8286,48.071,48.913,96.984,love,the-adventures-of-tom-sawyer-complete,1,,server-2,0,7,0,50.661,13.036,13.360
least-response-time-cache-off-warm0,70,1,4.8429,2.471,15.946,18.416,money,the-secret-adversary,1,,server-3,0,7,1,50.661,19.123,13.360
least-response-time-cache-off-warm0,70,1,4.8571,5.163,28.277,33.440,and,the-romance-of-lust-a-classic-victorian-erotic-novel,1,,server-3,0,7,2,50.661,19.123,6.973
least-response-time-cache-off-warm0,70,1,4.8714,19.230,13.312,32.543,he,treasure-island,1,,server-3,0,6,2,50.661,32.880,4.117
least-response-time-cache-off-warm0,70,1,4.8857,5.311,23.683,28.994,of,autobiography-of-benjamin-franklin,1,,server-3,0,3,3,50.661,22.009,4.117
least-response-time-cache-off-warm0,70,1,4.9000,15.974,21.801,37.775,of,adventures-of-huckleberry-finn,1,,server-3,0,3,3,50.661,18.862,3.493
least-response-time-cache-off-warm0,70,1,4.9143,2.108,35.406,37.514,the,persuasion,1,,server-3,0,1,4,50.661,17.410,6.192
least-response-time-cache-off-warm0,70,1,4.9286,10.378,28.065,38.443,was,the-mystery-of-edwin-drood,1,,server-3,0,0,3,50.661,18.699,2.938
least-response-time-cache-off-warm0,70,1,4.9429,9.174,47.080,56.254,letter,north-and-south,1,,server-3,0,0,3,50.661,18.699,4.624
least-response-time-cache-off-warm0,70,1,4.9571,10.967,47.427,58.395,he,the-picture-of-dorian-gray,1,,server-3,0,0,3,50.661,18.699,6.434
least-response-time-cache-off-warm0,70,1,4.9714,28.174,50.410,78.584,of,dubliners,1,,server-3,0,0,3,50.661,18.699,5.855
least-response-time-cache-off-warm0,70,1,4.9857,15.385,78.965,94.350,he,tess-of-the-d-urbervilles-a-pure-woman,1,,server-3,0,0,4,50.661,18.699,5.855
least-response-time-cache-off-warm0,70,1,5.0000,2.129,50.531,52.661,the,the-american,1,,server-3,0,0,4,50.661,18.699,12.451
least-response-time-cache-off-warm0,70,1,5.0143,34.588,70.431,105.019,love,the-last-of-the-mohicans-a-narrative-of-1757-27681,1,,server-3,0,0,5,50.661,18.699,5.997
least-response-time-cache-off-warm0,70,1,5.0286,47.101,88.873,135.974,sea,the-mysterious-island,1,,server-3,0,0,5,50.661,18.699,5.972
least-response-time-cache-off-warm0,70,1,5.0429,38.476,105.511,143.986,heart,the-divine-comedy,1,,server-3,0,0,6,50.661,18.699,5.972
least-response-time-cache-off-warm0,70,1,5.0571,25.170,153.114,178.284,heart,life-on-the-mississippi,1,,server-3,0,0,7,50.661,18.699,16.511
least-response-time-cache-off-warm0,70,1,5.0714,26.278,90.416,116.694,you,meditations,1,,server-3,0,0,8,50.661,18.699,16.511
least-response-time-cache-off-warm0,70,1,5.0857,79.303,48.610,127.913,love,walden-and-on-the-duty-of-civil-disobedience,1,,server-3,0,0,6,50.661,18.699,11.977
least-response-time-cache-off-warm0,70,1,5.1000,88.721,68.679,157.400,sea,dracula,1,,server-3,0,0,7,50.661,18.699,12.653
least-response-time-cache-off-warm0,70,1,5.1143,76.843,85.964,162.807,house,the-return-of-sherlock-holmes-108,1,,server-3,0,0,8,50.661,18.699,12.557
least-response-time-cache-off-warm0,70,1,5.1286,5.321,23.985,29.306,he,memoirs-of-fanny-hill,1,,server-2,0,1,7,50.661,18.699,22.419
least-response-time-cache-off-warm0,70,1,5.1429,15.280,28.249,43.529,money,a-princess-of-mars,1,,server-2,0,2,7,50.661,9.831,22.419
least-response-time-cache-off-warm0,70,1,5.1571,1.689,27.031,28.720,castle,the-house-of-mirth,1,,server-2,0,3,7,50.661,10.272,22.419
least-response-time-cache-off-warm0,70,1,5.1714,16.290,35.687,51.977,letter,the-house-of-the-seven-gables,1,,server-2,0,3,7,50.661,3.568,36.857
least-response-time-cache-off-warm0,70,1,5.1857,1.783,19.673,21.455,whale,the-mystery-of-edwin-drood,1,,server-2,0,4,7,50.661,8.140,42.423
least-response-time-cache-off-warm0,70,1,5.2000,8.194,42.859,51.053,he,little-women,1,,server-2,0,3,4,50.661,3.160,34.802
least-response-time-cache-off-warm0,70,1,5.2143,10.787,47.257,58.044,money,thus-spake-zarathustra-a-book-for-all-and-none,1,,server-2,0,3,4,50.661,4.158,24.314
least-response-time-cache-off-warm0,70,1,5.2286,23.503,54.479,77.982,london,the-american,1,,server-2,0,3,4,50.661,6.000,24.314
least-response-time-cache-off-warm0,70,1,5.2429,30.733,30.362,61.095,night,the-war-of-the-worlds,1,,server-2,0,4,4,50.661,6.000,22.821
least-response-time-cache-off-warm0,70,1,5.2571,18.919,61.850,80.769,night,the-mysterious-island,1,,server-2,0,4,2,50.661,8.472,31.670
least-response-time-cache-off-warm0,70,1,5.2714,4.453,107.880,112.333,love,the-adventures-of-sherlock-holmes,1,,server-2,0,5,2,50.661,10.212,31.670
least-response-time-cache-off-warm0,70,1,5.2857,22.031,49.743,71.774,the,sense-and-sensibility,1,,server-2,0,5,0,50.661,6.605,29.276
least-response-time-cache-off-warm0,70,1,5.3000,8.418,57.808,66.226,death,the-wind-in-the-willows,1,,server-2,0,6,0,50.661,6.605,29.276
least-response-time-cache-off-warm0,70,1,5.3143,26.461,66.223,92.685,king,cranford,1,,server-2,0,5,0,50.661,6.871,29.276
least-response-time-cache-off-warm0,70,1,5.3286,36.893,93.207,130.100,and,adventures-of-huckleberry-finn,1,,server-2,0,6,0,50.661,6.871,29.276
least-response-time-cache-off-warm0,70,1,5.3429,43.917,80.208,124.126,castle,agnes-grey,1,,server-2,0,6,0,50.661,9.781,29.276
least-response-time-cache-off-warm0,70,1,5.3571,28.320,70.763,99.083,night,the-house-of-mirth,1,,server-2,0,7,0,50.661,18.346,29.276
least-response-time-cache-off-warm0,70,1,5.3714,15.851,173.556,189.407,whale,a-princess-of-mars,1,,server-2,0,7,0,50.661,19.685,29.276
least-response-time-cache-off-warm0,70,1,5.3857,22.156,104.918,127.075,love,the-portrait-of-a-lady-volume-1,1,,server-2,0,7,0,50.661,17.036,29.276
least-response-time-cache-off-warm0,70,1,5.4000,8.060,100.901,108.961,death,the-wind-in-the-willows,1,,server-2,0,7,0,50.661,8.944,29.276
least-response-time-cache-off-warm0,70,1,5.4143,55.941,124.792,180.733,was,the-mysterious-island,1,,server-2,0,7,0,50.661,8.939,29.276
least-response-time-cache-off-warm0,70,1,5.4286,43.800,126.402,170.202,castle,the-song-of-the-lark,1,,server-2,0,8,0,50.661,8.939,29.276
least-response-time-cache-off-warm0,70,1,5.4429,80.803,167.552,248.354,and,thus-spake-zarathustra-a-book-for-all-and-none,1,,server-2,0,9,0,50.661,11.510,29.276
least-response-time-cache-off-warm0,70,1,5.4571,68.139,135.237,203.377,sea,the-iliad,1,,server-2,0,10,0,50.661,28.556,29.276
least-response-time-cache-off-warm0,70,1,5.4714,88.119,57.085,145.204,london,sense-and-sensibility,1,,server-2,0,8,0,50.661,24.162,29.276
least-response-time-cache-off-warm0,70,1,5.4857,75.259,111.391,186.651,heart,the-secret-adversary,1,,server-2,0,9,0,50.661,19.844,29.276
least-response-time-cache-off-warm0,70,1,5.5000,101.214,93.086,194.300,house,the-age-of-innocence,1,,server-2,0,10,0,50.661,21.193,29.276
least-response-time-cache-off-warm0,70,1,5.5143,2.855,39.633,42.488,the,oliver-twist,1,,server-3,0,9,1,50.661,34.645,29.276
least-response-time-cache-off-warm0,70,1,5.5286,28.388,21.461,49.849,love,the-kama-sutra-of-vatsyayana,1,,server-3,0,8,2,50.661,24.452,15.199
least-response-time-cache-off-warm0,70,1,5.5429,14.632,22.565,37.197,whale,the-lost-world,1,,server-3,0,8,3,50.661,24.452,15.199
least-response-time-cache-off-warm0,70,1,5.5571,3.597,45.306,48.903,castle,the-vicomte-de-bragelonne,1,,server-3,0,8,4,50.661,24.452,10.653
least-response-time-cache-off-warm0,70,1,5.5714,10.577,44.761,55.338,of,pride-and-prejudice,1,,server-3,0,8,4,50.661,29.428,4.808
least-response-time-cache-off-warm0,70,1,5.5857,21.646,73.133,94.779,king,the-american,1,,server-3,0,8,3,50.661,29.428,5.493
least-response-time-cache-off-warm0,70,1,5.6000,7.349,41.887,49.236,house,the-american,1,,server-3,0,7,4,50.661,54.777,5.493
least-response-time-cache-off-warm0,70,1,5.6143,32.278,30.541,62.819,she,treasure-island,1,,server-3,0,5,5,50.661,29.004,4.092
least-response-time-cache-off-warm0,70,1,5.6286,22.485,63.452,85.937,money,desperate-remedies,1,,server-3,0,5,6,50.661,34.264,9.589
least-response-time-cache-off-warm0,70,1,5.6429,24.416,64.653,89.070,whale,beyond-good-and-evil,1,,server-3,0,5,7,50.661,34.264,9.589
least-response-time-cache-off-warm0,70,1,5.6571,23.688,42.959,66.647,house,the-jungle-book,1,,server-3,0,5,6,50.661,32.905,7.819
least-response-time-cache-off-warm0,70,1,5.6714,11.674,79.604,91.278,you,madame-bovary,1,,server-3,0,5,6,50.661,39.014,7.566
least-response-time-cache-off-warm0,70,1,5.6857,26.633,91.716,118.349,the,oliver-twist,1,,server-3,0,4,5,50.661,45.687,7.363
least-response-time-cache-off-warm0,70,1,5.7000,31.850,41.027,72.877,horse,the-wind-in-the-willows,1,,server-3,0,0,6,50.661,42.635,6.006
least-response-time-cache-off-warm0,70,1,5.7143,44.700,142.473,187.172,money,a-tale-of-two-cities,1,,server-3,0,0,7,50.661,42.635,20.361
least-response-time-cache-off-warm0,70,1,5.7286,32.002,85.752,117.754,night,silas-marner,1,,server-3,0,0,8,50.661,42.635,19.510
least-response-time-cache-off-warm0,70,1,5.7429,20.948,118.475,139.422,of,around-the-world-in-eighty-days,1,,server-3,0,0,6,50.661,42.635,15.187
least-response-time-cache-off-warm0,70,1,5.7571,46.730,141.956,188.687,of,dubliners,1,,server-3,0,0,7,50.661,42.635,15.187
least-response-time-cache-off-warm0,70,1,5.7714,32.566,101.865,134.431,you,jude-the-obscure,1,,server-3,0,0,7,50.661,42.635,11.156
least-response-time-cache-off-warm0,70,1,5.7857,19.218,142.813,162.031,he,anne-of-green-gables,1,,server-3,0,0,8,50.661,42.635,16.957
least-response-time-cache-off-warm0,70,1,5.8000,47.616,237.195,284.811,horse,grimms-fairy-tales,1,,server-3,0,0,9,50.661,42.635,18.599
least-response-time-cache-off-warm0,70,1,5.8143,58.070,106.247,164.317,letter,the-vicomte-de-bragelonne,1,,server-3,0,0,8,50.661,42.635,7.965
least-response-time-cache-off-warm0,70,1,5.8286,145.298,61.997,207.295,sea,the-return-of-sherlock-holmes,1,,server-3,0,0,9,50.661,42.635,7.965
least-response-time-cache-off-warm0,70,1,5.8429,105.080,136.580,241.660,london,the-wind-in-the-willows,1,,server-3,0,0,10,50.661,42.635,7.965
least-response-time-cache-off-warm0,70,1,5.8571,88.675,86.214,174.889,the,mansfield-park,1,,server-3,0,0,11,50.661,42.635,27.264
least-response-time-cache-off-warm0,70,1,5.8714,102.349,60.270,162.619,london,the-kama-sutra-of-vatsyayana,1,,server-3,0,0,12,50.661,42.635,27.264
least-response-time-cache-off-warm0,70,1,5.8857,95.011,101.685,196.695,heart,his-last-bow,1,,server-3,0,0,12,50.661,42.635,36.272
least-response-time-cache-off-warm0,70,1,5.9000,84.223,83.677,167.901,and,hard-times,1,,server-3,0,0,13,50.661,42.635,36.272
least-response-time-cache-off-warm0,70,1,5.9143,2.320,17.354,19.674,night,poirot-investigates,1,,server-2,0,1,11,50.661,42.635,48.530
least-response-time-cache-off-warm0,70,1,5.9286,6.334,17.690,24.024,sea,agnes-grey,1,,server-2,0,2,11,50.661,21.936,48.530
least-response-time-cache-off-warm0,70,1,5.9429,10.746,29.978,40.724,heart,villette,1,,server-2,0,2,11,50.661,9.056,49.571
least-response-time-cache-off-warm0,70,1,5.9571,27.329,34.076,61.405,heart,the-adventures-of-tom-sawyer-complete,1,,server-2,0,2,10,50.661,5.364,41.645
least-response-time-cache-off-warm0,70,1,5.9714,12.908,23.674,36.582,he,jude-the-obscure,1,,server-2,0,3,10,50.661,5.364,41.645
least-response-time-cache-off-warm0,70,1,5.9857,33.004,15.980,48.984,castle,grimms-fairy-tales,1,,server-2,0,3,7,50.661,5.283,18.751
least-response-time-cache-off-warm0,70,1,6.0000,19.490,50.709,70.200,king,agnes-grey,1,,server-2,0,4,7,50.661,5.283,18.751
least-response-time-cache-off-warm0,70,1,6.0143,5.439,32.924,38.363,king,the-house-of-mirth,1,,server-2,0,5,7,50.661,7.138,18.751
least-response-time-cache-off-warm0,70,1,6.0286,21.971,44.066,66.037,and,the-divine-comedy,1,,server-2,0,4,7,50.661,3.579,18.751
least-response-time-cache-off-warm0,70,1,6.0429,10.559,41.071,51.631,the,black-beauty,1,,server-2,0,4,6,50.661,5.109,36.330
least-response-time-cache-off-warm0,70,1,6.0571,13.821,40.130,53.951,she,the-secret-adversary,1,,server-2,0,4,6,50.661,5.370,32.049
least-response-time-cache-off-warm0,70,1,6.0714,24.321,77.019,101.340,the,the-age-of-innocence,1,,server-2,0,5,5,50.661,11.158,42.185
least-response-time-cache-off-warm0,70,1,6.0857,10.730,41.590,52.320,house,the-kama-sutra-of-vatsyayana,1,,server-2,0,5,0,50.661,12.088,50.920
least-response-time-cache-off-warm0,70,1,6.1000,12.746,98.352,111.099,you,jude-the-obscure,1,,server-2,0,4,0,50.661,7.563,50.920
least-response-time-cache-off-warm0,70,1,6.1143,59.514,50.636,110.151,whale,dubliners,1,,server-2,0,4,0,50.661,6.489,50.920
least-response-time-cache-off-warm0,70,1,6.1286,44.864,67.429,112.292,money,the-scarlet-letter-33,1,,server-2,0,5,0,50.661,6.489,50.920
least-response-time-cache-off-warm0,70,1,6.1429,30.634,182.055,212.690,and,the-house-of-mirth,1,,server-2,0,6,0,50.661,10.419,50.920
least-response-time-cache-off-warm0,70,1,6.1571,18.895,117.095,135.990,he,the-adventures-of-tom-sawyer-complete,1,,server-2,0,7,0,50.661,10.419,50.920
least-response-time-cache-off-warm0,70,1,6.1714,5.611,181.366,186.976,letter,the-adventures-of-ferdinand-count-fathom-complete,1,,server-2,0,8,0,50.661,10.419,50.920
least-response-time-cache-off-warm0,70,1,6.1857,38.542,153.939,192.481,love,adventures-of-huckleberry-finn,1,,server-2,0,7,0,50.661,4.623,50.920
least-response-time-cache-off-warm0,70,1,6.2000,22.310,193.926,216.236,was,treasure-island,1,,server-2,0,8,0,50.661,4.623,50.920
least-response-time-cache-off-warm0,70,1,6.2143,24.641,167.050,191.691,of,north-and-south,1,,server-2,0,9,0,50.661,20.797,50.920
least-response-time-cache-off-warm0,70,1,6.2286,64.024,134.147,198.172,death,the-mysterious-affair-at-styles,1,,server-2,0,10,0,50.661,17.832,50.920
least-response-time-cache-off-warm0,70,1,6.2429,173.428,107.622,281.050,house,the-king-in-yellow,1,,server-2,0,9,0,50.661,21.222,50.920
least-response-time-cache-off-warm0,70,1,6.2571,121.692,61.152,182.844,night,a-princess-of-mars,1,,server-2,0,10,0,50.661,21.222,50.920
least-response-time-cache-off-warm0,70,1,6.2714,134.855,151.992,286.847,money,the-last-of-the-mohicans-a-narrative-of-1757-27681,1,,server-2,0,11,0,50.661,24.314,50.920
least-response-time-cache-off-warm0,70,1,6.2857,130.982,128.443,259.426,heart,the-adventures-of-tom-sawyer-complete,1,,server-2,0,12,0,50.661,24.314,50.920
least-response-time-cache-off-warm0,70,1,6.3000,117.974,103.348,221.322,of,the-tenant-of-wildfell-hall,1,,server-2,0,13,0,50.661,42.619,50.920
least-response-time-cache-off-warm0,70,1,6.3143,112.651,130.152,242.804,letter,sense-and-sensibility,1,,server-2,0,14,0,50.661,42.619,50.920
least-response-time-cache-off-warm0,70,1,6.3286,113.899,117.133,231.032,house,anne-of-green-gables,1,,server-2,0,15,0,50.661,42.619,50.920
least-response-time-cache-off-warm0,70,1,6.3429,180.957,42.773,223.730,night,beyond-good-and-evil,1,,server-2,0,16,0,50.661,41.397,50.920
least-response-time-cache-off-warm0,70,1,6.3571,2.280,22.633,24.914,castle,far-from-the-madding-crowd,1,,server-1,1,15,0,50.661,90.876,50.920
least-response-time-cache-off-warm0,70,1,6.3714,11.281,16.889,28.170,of,the-age-of-innocence,1,,server-1,2,12,0,26.037,75.127,50.920
least-response-time-cache-off-warm0,70,1,6.3857,14.176,26.163,40.339,she,great-expectations,1,,server-1,2,12,0,11.395,74.032,50.920
least-response-time-cache-off-warm0,70,1,6.4000,1.801,45.533,47.334,of,the-age-of-innocence,1,,server-1,2,12,0,6.463,74.032,50.920
least-response-time-cache-off-warm0,70,1,6.4143,13.027,47.005,60.031,of,the-divine-comedy,1,,server-1,3,10,0,3.473,51.420,50.920
least-response-time-cache-off-warm0,70,1,6.4286,43.168,16.657,59.825,and,the-king-in-yellow,1,,server-1,3,9,0,4.950,25.662,50.920
least-response-time-cache-off-warm0,70,1,6.4429,33.554,22.922,56.476,king,the-jungle-book,1,,server-1,4,7,0,4.950,27.714,50.920
least-response-time-cache-off-warm0,70,1,6.4571,19.399,65.908,85.308,horse,persuasion,1,,server-1,4,7,0,11.421,42.932,50.920
least-response-time-cache-off-warm0,70,1,6.4714,6.219,52.779,58.998,you,the-song-of-the-lark,1,,server-1,5,7,0,13.692,42.932,50.920
least-response-time-cache-off-warm0,70,1,6.4857,6.197,64.013,70.210,sea,desert-gold,1,,server-1,5,7,0,4.897,42.932,50.920
least-response-time-cache-off-warm0,70,1,6.5000,56.513,32.917,89.430,night,a-connecticut-yankee-in-king-arthur-s-court,1,,server-1,5,7,0,6.697,43.406,50.920
least-response-time-cache-off-warm0,70,1,6.5143,29.003,91.293,120.296,whale,the-last-of-the-mohicans-a-narrative-of-1757,1,,server-1,5,7,0,6.697,43.406,50.920
least-response-time-cache-off-warm0,70,1,6.5286,14.555,61.012,75.567,he,meditations,1,,server-1,6,6,0,6.697,43.849,50.920
least-response-time-cache-off-warm0,70,1,6.5429,13.758,48.830,62.587,money,frankenstein-or-the-modern-prometheus,1,,server-1,6,6,0,17.538,38.737,50.920
least-response-time-cache-off-warm0,70,1,6.5571,47.374,48.505,95.878,of,dubliners,1,,server-1,5,5,0,10.072,61.810,50.920
least-response-time-cache-off-warm0,70,1,6.5714,64.770,171.480,236.250,the,the-american,1,,server-1,6,0,0,8.259,32.872,50.920
least-response-time-cache-off-warm0,70,1,6.5857,51.543,149.370,200.913,king,the-last-of-the-mohicans-a-narrative-of-1757-27681,1,,server-1,7,0,0,8.259,32.872,50.920
least-response-time-cache-off-warm0,70,1,6.6000,49.374,135.054,184.428,sea,the-age-of-innocence,1,,server-1,8,0,0,16.730,32.872,50.920
least-response-time-cache-off-warm0,70,1,6.6143,35.237,61.160,96.398,heart,the-kama-sutra-of-vatsyayana,1,,server-1,8,0,0,25.683,32.872,50.920
least-response-time-cache-off-warm0,70,1,6.6286,22.333,53.374,75.707,letter,the-works-of-edgar-allan-poe-volume-2,1,,server-1,9,0,0,25.683,32.872,50.920
least-response-time-cache-off-warm0,70,1,6.6429,8.352,56.582,64.934,the,the-war-of-the-worlds,1,,server-1,8,0,0,22.320,32.872,50.920
least-response-time-cache-off-warm0,70,1,6.6571,55.250,130.639,185.889,money,the-scarlet-letter-33,1,,server-1,7,0,0,6.547,32.872,50.920
least-response-time-cache-off-warm0,70,1,6.6714,41.299,134.217,175.516,money,tess-of-the-d-urbervilles-a-pure-woman,1,,server-1,8,0,0,6.547,32.872,50.920
least-response-time-cache-off-warm0,70,1,6.6857,101.169,75.077,176.246,love,frankenstein-or-the-modern-prometheus-41445,1,,server-1,9,0,0,6.547,32.872,50.920
least-response-time-cache-off-warm0,70,1,6.7000,103.951,87.758,191.708,she,villette,1,,server-1,10,0,0,6.547,32.872,50.920
least-response-time-cache-off-warm0,70,1,6.7143,96.377,126.293,222.670,house,mansfield-park,1,,server-1,10,0,0,15.349,32.872,50.920
least-response-time-cache-off-warm0,70,1,6.7286,115.400,89.795,205.195,whale,the-last-of-the-mohicans-a-narrative-of-1757,1,,server-1,10,0,0,14.092,32.872,50.920
least-response-time-cache-off-warm0,70,1,6.7429,104.786,114.628,219.414,heart,myths-and-legends-of-ancient-greece-and-rome,1,,server-1,11,0,0,14.092,32.872,50.920
least-response-time-cache-off-warm0,70,1,6.7571,129.185,76.184,205.370,of,the-warden,1,,server-1,12,0,0,14.092,32.872,50.920
least-response-time-cache-off-warm0,70,1,6.7714,115.811,86.514,202.325,london,memoirs-of-fanny-hill,1,,server-1,13,0,0,14.092,32.872,50.920
least-response-time-cache-off-warm0,70,1,6.7857,1.410,16.152,17.562,house,the-lost-world,1,,server-2,12,1,0,55.312,32.872,50.920
least-response-time-cache-off-warm0,70,1,6.8000,4.325,23.396,27.720,she,the-american,1,,server-2,12,2,0,47.089,16.905,50.920
least-response-time-cache-off-warm0,70,1,6.8143,14.189,18.851,33.040,heart,the-works-of-edgar-allan-poe-volume-2,1,,server-2,9,2,0,41.437,7.197,50.920
least-response-time-cache-off-warm0,70,1,6.8286,1.751,33.839,35.589,love,the-return-of-sherlock-holmes,1,,server-2,9,2,0,35.622,5.613,50.920
least-response-time-cache-off-warm0,70,1,6.8429,21.792,36.123,57.915,horse,the-odyssey,1,,server-2,9,3,0,51.979,3.012,50.920
least-response-time-cache-off-warm0,70,1,6.8571,7.989,33.060,41.049,heart,the-return-of-sherlock-holmes-108,1,,server-2,9,3,0,32.341,4.924,50.920
least-response-time-cache-off-warm0,70,1,6.8714,30.094,27.926,58.020,money,the-odyssey,1,,server-2,7,3,0,53.011,4.581,50.920
least-response-time-cache-off-warm0,70,1,6.8857,16.077,23.523,39.600,whale,the-hound-of-the-baskervilles-3070,1,,server-2,7,4,0,53.011,4.581,50.920
least-response-time-cache-off-warm0,70,1,6.9000,2.222,38.304,40.526,money,the-wind-in-the-willows,1,,server-2,6,5,0,39.386,10.208,50.920
least-response-time-cache-off-warm0,70,1,6.9143,15.808,27.257,43.065,london,the-adventures-of-sherlock-holmes,1,,server-2,6,4,0,39.386,2.854,50.920
least-response-time-cache-off-warm0,70,1,6.9286,2.253,53.477,55.731,night,the-iliad,1,,server-2,6,5,0,39.386,6.811,50.920
least-response-time-cache-off-warm0,70,1,6.9429,41.938,40.677,82.615,whale,autobiography-of-benjamin-franklin,1,,server-2,4,3,0,40.568,8.230,50.920
least-response-time-cache-off-warm0,70,1,6.9571,28.363,40.583,68.946,love,around-the-world-in-eighty-days,1,,server-2,3,4,0,40.568,12.108,50.920
least-response-time-cache-off-warm0,70,1,6.9714,14.579,37.670,52.250,horse,desert-gold,1,,server-2,3,5,0,56.781,12.108,50.920
least-response-time-cache-off-warm0,70,1,6.9857,4.089,50.242,54.331,sea,treasure-island,1,,server-2,0,4,0,31.446,8.348,50.920
least-response-time-cache-off-warm0,70,1,7.0000,27.161,27.676,54.837,you,around-the-world-in-eighty-days,1,,server-2,0,5,0,31.446,3.952,50.920
least-response-time-cache-off-warm0,70,1,7.0143,13.193,51.601,64.794,night,autobiography-of-benjamin-franklin,1,,server-2,0,6,0,31.446,3.952,50.920
least-response-time-cache-off-warm0,70,1,7.0286,9.582,125.477,135.059,he,the-picture-of-dorian-gray,1,,server-2,0,4,0,31.446,5.576,50.920
least-response-time-cache-off-warm0,70,1,7.0429,12.162,83.168,95.330,was,great-expectations,1,,server-2,0,5,0,31.446,13.321,50.920
least-response-time-cache-off-warm0,70,1,7.0571,23.768,78.807,102.575,love,a-journey-to-the-centre-of-the-earth,1,,server-2,0,5,0,31.446,12.552,50.920
least-response-time-cache-off-warm0,70,1,7.0714,10.018,110.576,120.595,king,grimms-fairy-tales,1,,server-2,0,6,0,31.446,12.552,50.920
least-response-time-cache-off-warm0,70,1,7.0857,26.171,84.563,110.734,she,madame-bovary,1,,server-2,0,6,0,31.446,10.408,50.920
least-response-time-cache-off-warm0,70,1,7.1000,63.190,69.208,132.398,death,herland,1,,server-2,0,6,0,31.446,9.081,50.920
least-response-time-cache-off-warm0,70,1,7.1143,61.621,54.544,116.165,night,the-portrait-of-a-lady-volume-1,1,,server-2,0,7,0,31.446,11.201,50.920
least-response-time-cache-off-warm0,70,1,7.1286,64.406,59.327,123.733,money,his-last-bow,1,,server-2,0,8,0,31.446,11.201,50.920
least-response-time-cache-off-warm0,70,1,7.1429,54.034,55.502,109.536,sea,the-wind-in-the-willows,1,,server-2,0,9,0,31.446,22.959,50.920
least-response-time-cache-off-warm0,70,1,7.1571,42.955,71.176,114.131,money,madame-bovary,1,,server-2,0,10,0,31.446,22.959,50.920
least-response-time-cache-off-warm0,70,1,7.1714,1.956,13.026,14.982,castle,the-scarlet-letter-33,1,,server-1,1,8,0,31.446,34.125,50.920
least-response-time-cache-off-warm0,70,1,7.1857,1.665,16.879,18.544,and,the-mystery-of-edwin-drood,1,,server-1,2,8,0,15.479,33.032,50.920
least-response-time-cache-off-warm0,70,1,7.2000,4.952,21.224,26.176,death,wuthering-heights,1,,server-1,2,5,0,6.410,17.070,50.920
least-response-time-cache-off-warm0,70,1,7.2143,12.442,11.370,23.811,money,the-wind-in-the-willows,1,,server-1,2,5,0,3.887,13.844,50.920
least-response-time-cache-off-warm0,70,1,7.2286,9.891,16.058,25.949,london,the-picture-of-dorian-gray,1,,server-1,2,5,0,4.118,13.844,50.920
least-response-time-cache-off-warm0,70,1,7.2429,12.057,33.352,45.409,death,the-romance-of-lust-a-classic-victorian-erotic-novel,1,,server-1,2,4,0,3.237,22.684,50.920
least-response-time-cache-off-warm0,70,1,7.2571,7.287,46.041,53.328,and,walden-and-on-the-duty-of-civil-disobedience,1,,server-1,2,3,0,3.492,26.961,50.920
least-response-time-cache-off-warm0,70,1,7.2714,17.032,69.013,86.045,and,tess-of-the-d-urbervilles-a-pure-woman,1,,server-1,3,0,0,3.435,25.707,50.920
least-response-time-cache-off-warm0,70,1,7.2857,4.400,64.631,69.031,house,life-on-the-mississippi,1,,server-1,4,0,0,8.101,25.707,50.920
least-response-time-cache-off-warm0,70,1,7.3000,32.186,94.445,126.631,was,the-innocents-abroad,1,,server-1,4,0,0,4.617,25.707,50.920
least-response-time-cache-off-warm0,70,1,7.3143,40.646,95.390,136.036,death,emma,1,,server-1,5,0,0,6.968,25.707,50.920
least-response-time-cache-off-warm0,70,1,7.3286,29.622,23.232,52.854,was,a-connecticut-yankee-in-king-arthur-s-court,1,,server-1,6,0,0,6.968,25.707,50.920
least-response-time-cache-off-warm0,70,1,7.3429,16.869,92.735,109.604,london,the-divine-comedy,1,,server-1,6,0,0,11.023,25.707,50.920
least-response-time-cache-off-warm0,70,1,7.3571,1.488,9.378,10.866,night,the-great-gatsby,1,,server-2,6,1,0,25.868,25.707,50.920
least-response-time-cache-off-warm0,70,1,7.3714,81.150,23.941,105.092,castle,oliver-twist,1,,server-1,5,0,0,7.869,9.877,50.920
least-response-time-cache-off-warm0,70,1,7.3857,1.454,16.160,17.614,and,myths-and-legends-of-ancient-greece-and-rome,1,,server-2,5,1,0,10.797,9.877,50.920
least-response-time-cache-off-warm0,70,1,7.4000,3.775,12.249,16.024,london,memoirs-of-fanny-hill,1,,server-2,5,2,0,10.797,5.132,50.920
least-response-time-cache-off-warm0,70,1,7.4143,2.170,9.089,11.259,and,the-prince,1,,server-2,5,2,0,10.797,3.282,50.920
least-response-time-cache-off-warm0,70,1,7.4286,1.425,17.812,19.237,castle,the-last-of-the-mohicans-a-narrative-of-1757-27681,1,,server-2,5,1,0,23.381,2.826,50.920
least-response-time-cache-off-warm0,70,1,7.4429,5.539,24.383,29.922,castle,mary-barton,1,,server-2,5,2,0,23.381,1.509,50.920
least-response-time-cache-off-warm0,70,1,7.4571,16.124,62.253,78.377,sea,villette,1,,server-2,1,2,0,26.521,2.416,50.920
least-response-time-cache-off-warm0,70,1,7.4714,2.343,58.540,60.883,london,the-iliad,1,,server-2,1,3,0,26.521,2.416,50.920
least-response-time-cache-off-warm0,70,1,7.4857,51.045,16.491,67.535,sea,kidnapped,1,,server-2,0,3,0,20.726,2.349,50.920
least-response-time-cache-off-warm0,70,1,7.5000,36.496,56.876,93.372,the,the-prince,1,,server-2,0,4,0,20.726,2.349,50.920
least-response-time-cache-off-warm0,70,1,7.5143,22.678,36.700,59.378,of,the-kama-sutra-of-vatsyayana,1,,server-2,0,5,0,20.726,2.349,50.920
least-response-time-cache-off-warm0,70,1,7.5286,8.685,39.175,47.860,whale,twenty-thousand-leagues-under-the-sea,1,,server-2,0,6,0,20.726,2.349,50.920
least-response-time-cache-off-warm0,70,1,7.5429,24.659,72.754,97.413,you,anne-of-green-gables,1,,server-2,0,5,0,20.726,3.742,50.920
least-response-time-cache-off-warm0,70,1,7.5571,19.560,67.785,87.345,house,wuthering-heights,1,,server-2,0,6,0,20.726,6.135,50.920
least-response-time-cache-off-warm0,70,1,7.5714,22.439,93.679,116.117,he,the-picture-of-dorian-gray,1,,server-2,0,6,0,20.726,8.577,50.920
least-response-time-cache-off-warm0,70,1,7.5857,55.741,142.780,198.521,money,the-american,1,,server-2,0,5,0,20.726,8.706,50.920
least-response-time-cache-off-warm0,70,1,7.6000,40.977,81.993,122.970,sea,the-odyssey,1,,server-2,0,5,0,20.726,13.627,50.920
least-response-time-cache-off-warm0,70,1,7.6143,36.772,89.538,126.310,castle,desert-gold,1,,server-2,0,6,0,20.726,13.627,50.920
least-response-time-cache-off-warm0,70,1,7.6286,19.249,77.486,96.735,sea,twenty-thousand-leagues-under-the-sea,1,,server-2,0,7,0,20.726,13.627,50.920
least-response-time-cache-off-warm0,70,1,7.6429,7.780,102.608,110.389,you,the-picture-of-dorian-gray,1,,server-2,0,8,0,20.726,16.609,50.920
least-response-time-cache-off-warm0,70,1,7.6571,30.638,76.347,106.985,night,white-fang,1,,server-2,0,7,0,20.726,7.470,50.920
least-response-time-cache-off-warm0,70,1,7.6714,16.915,146.567,163.482,was,the-great-gatsby,1,,server-2,0,8,0,20.726,8.909,50.920
least-response-time-cache-off-warm0,70,1,7.6857,53.669,88.380,142.049,love,the-odyssey,1,,server-2,0,9,0,20.726,12.885,50.920
least-response-time-cache-off-warm0,70,1,7.7000,51.965,109.810,161.775,she,the-vicomte-de-bragelonne,1,,server-2,0,9,0,20.726,8.855,50.920
least-response-time-cache-off-warm0,70,1,7.7143,37.571,83.158,120.730,of,life-on-the-mississippi,1,,server-2,0,10,0,20.726,8.855,50.920
least-response-time-cache-off-warm0,70,1,7.7286,1.730,14.633,16.362,was,frankenstein-or-the-modern-prometheus-41445,1,,server-1,1,10,0,20.726,31.587,50.920
least-response-time-cache-off-warm0,70,1,7.7429,2.966,11.635,14.601,death,around-the-world-in-eighty-days,1,,server-1,2,7,0,10.706,28.583,50.920
least-response-time-cache-off-warm0,70,1,7.7571,1.929,25.890,27.818,whale,tess-of-the-d-urbervilles-a-pure-woman,1,,server-1,2,7,0,6.108,30.553,50.920
least-response-time-cache-off-warm0,70,1,7.7714,14.136,13.297,27.433,whale,the-secret-garden-17396,1,,server-1,2,6,0,2.587,30.517,50.920
least-response-time-cache-off-warm0,70,1,7.7857,2.474,27.249,29.723,letter,the-adventures-of-sherlock-holmes,1,,server-1,2,6,0,4.295,45.781,50.920
least-response-time-cache-off-warm0,70,1,7.8000,15.759,11.919,27.679,night,the-lost-world,1,,server-1,2,4,0,5.021,37.127,50.920
least-response-time-cache-off-warm0,70,1,7.8143,1.984,28.008,29.991,and,walden-and-on-the-duty-of-civil-disobedience,1,,server-1,3,4,0,4.127,37.127,50.920
least-response-time-cache-off-warm0,70,1,7.8286,16.269,38.613,54.882,you,the-odyssey,1,,server-1,3,4,0,4.601,42.732,50.920
least-response-time-cache-off-warm0,70,1,7.8429,2.469,39.804,42.272,love,the-house-of-the-seven-gables,1,,server-1,4,2,0,4.601,45.639,50.920
least-response-time-cache-off-warm0,70,1,7.8571,28.238,35.006,63.244,she,beyond-good-and-evil,1,,server-1,3,2,0,3.254,45.639,50.920
least-response-time-cache-off-warm0,70,1,7.8714,14.110,26.185,40.296,money,the-last-of-the-mohicans-a-narrative-of-1757,1,,server-1,4,0,0,3.254,41.451,50.920
least-response-time-cache-off-warm0,70,1,7.8857,3.008,44.316,47.324,love,the-great-gatsby,1,,server-1,3,0,0,5.365,41.451,50.920
least-response-time-cache-off-warm0,70,1,7.9000,21.369,54.903,76.273,she,jude-the-obscure,1,,server-1,4,0,0,3.790,41.451,50.920
least-response-time-cache-off-warm0,70,1,7.9143,7.727,56.469,64.196,was,the-adventures-of-sherlock-holmes,1,,server-1,5,0,0,8.142,41.451,50.920
least-response-time-cache-off-warm0,70,1,7.9286,50.559,68.305,118.864,castle,mansfield-park,1,,server-1,4,0,0,5.034,41.451,50.920
least-response-time-cache-off-warm0,70,1,7.9429,36.897,96.032,132.929,was,hard-times,1,,server-1,5,0,0,6.757,41.451,50.920
least-response-time-cache-off-warm0,70,1,7.9571,23.219,27.188,50.407,heart,silas-marner,1,,server-1,6,0,0,6.757,41.451,50.920
least-response-time-cache-off-warm0,70,1,7.9714,8.712,64.617,73.329,whale,persuasion,1,,server-1,6,0,0,14.060,41.451,50.920
least-response-time-cache-off-warm0,70,1,7.9857,61.921,104.869,166.790,money,persuasion,1,,server-1,5,0,0,4.155,41.451,50.920
least-response-time-cache-off-warm0,70,1,8.0000,48.236,107.432,155.668,he,the-scarlet-letter,1,,server-1,6,0,0,4.155,41.451,50.920
least-response-time-cache-off-warm0,70,1,8.0143,33.715,117.385,151.100,night,kidnapped,1,,server-1,7,0,0,8.646,41.451,50.920
least-response-time-cache-off-warm0,70,1,8.0286,47.798,72.845,120.643,horse,the-wind-in-the-willows,1,,server-1,8,0,0,8.646,41.451,50.920
least-response-time-cache-off-warm0,70,1,8.0429,113.432,168.404,281.836,house,meditations,1,,server-1,9,0,0,8.646,41.451,50.920
least-response-time-cache-off-warm0,70,1,8.0571,91.812,105.762,197.574,london,a-tale-of-two-cities,1,,server-1,8,0,0,11.619,41.451,50.920
least-response-time-cache-off-warm0,70,1,8.0714,85.525,114.871,200.396,letter,the-last-of-the-mohicans-a-narrative-of-1757,1,,server-1,9,0,0,11.619,41.451,50.920
least-response-time-cache-off-warm0,70,1,8.0857,79.965,109.354,189.319,death,the-picture-of-dorian-gray,1,,server-1,8,0,0,19.381,41.451,50.920
least-response-time-cache-off-warm0,70,1,8.1000,74.630,147.007,221.637,money,thus-spake-zarathustra-a-book-for-all-and-none,1,,server-1,9,0,0,19.381,41.451,50.920
least-response-time-cache-off-warm0,70,1,8.1143,62.344,116.328,178.671,of,walden-and-on-the-duty-of-civil-disobedience,1,,server-1,10,0,0,32.128,41.451,50.920
least-response-time-cache-off-warm0,70,1,8.1286,127.775,124.550,252.325,heart,the-hound-of-the-baskervilles-3070,1,,server-1,11,0,0,32.128,41.451,50.920
least-response-time-cache-off-warm0,70,1,8.1429,113.254,87.888,201.142,heart,a-tale-of-two-cities,1,,server-1,12,0,0,32.128,41.451,50.920
least-response-time-cache-off-warm0,70,1,8.1571,115.438,95.422,210.860,money,the-mystery-of-edwin-drood,1,,server-1,11,0,0,30.155,41.451,50.920
least-response-time-cache-off-warm0,70,1,8.1714,122.386,116.764,239.151,the,the-innocents-abroad,1,,server-1,11,0,0,31.622,41.451,50.920
least-response-time-cache-off-warm0,70,1,8.1857,107.699,180.932,288.631,london,the-iliad,1,,server-1,11,0,0,21.813,41.451,50.920
least-response-time-cache-off-warm0,70,1,8.2000,121.619,150.053,271.672,king,frankenstein-or-the-modern-prometheus,1,,server-1,12,0,0,20.423,41.451,50.920
least-response-time-cache-off-warm0,70,1,8.2143,131.643,80.300,211.943,house,the-secret-garden-17396,1,,server-1,13,0,0,20.423,41.451,50.920
least-response-time-cache-off-warm0,70,1,8.2286,139.993,117.757,257.750,castle,agnes-grey,1,,server-1,14,0,0,20.423,41.451,50.920
least-response-time-cache-off-warm0,70,1,8.2429,122.629,110.794,233.423,letter,autobiography-of-benjamin-franklin,1,,server-1,15,0,0,20.423,41.451,50.920
least-response-time-cache-off-warm0,70,1,8.2571,1.756,32.958,34.715,was,the-moonstone,1,,server-2,14,1,0,46.253,41.451,50.920
least-response-time-cache-off-warm0,70,1,8.2714,21.186,20.179,41.364,night,adventures-of-huckleberry-finn,1,,server-2,14,2,0,59.549,21.308,50.920
least-response-time-cache-off-warm0,70,1,8.2857,7.442,37.042,44.484,love,silas-marner,1,,server-2,14,3,0,45.729,21.308,50.920
least-response-time-cache-off-warm0,70,1,8.3000,28.018,16.084,44.102,and,beyond-good-and-evil,1,,server-2,11,3,0,25.752,6.760,50.920
least-response-time-cache-off-warm0,70,1,8.3143,16.695,23.058,39.753,heart,the-war-of-the-worlds,1,,server-2,11,4,0,25.752,7.863,50.920
least-response-time-cache-off-warm0,70,1,8.3286,3.815,53.498,57.313,she,the-jungle,1,,server-2,11,4,0,66.186,9.262,50.920
least-response-time-cache-off-warm0,70,1,8.3429,9.531,54.868,64.399,night,life-on-the-mississippi,1,,server-2,10,4,0,70.155,3.944,50.920
least-response-time-cache-off-warm0,70,1,8.3571,30.182,33.621,63.803,she,frankenstein-or-the-modern-prometheus-41445,1,,server-2,8,4,0,53.512,5.398,50.920
least-response-time-cache-off-warm0,70,1,8.3714,15.753,41.782,57.535,money,the-hound-of-the-baskervilles-3070,1,,server-2,8,5,0,49.159,5.398,50.920
least-response-time-cache-off-warm0,70,1,8.3857,24.130,48.548,72.678,money,washington-square,1,,server-2,7,5,0,36.824,13.261,50.920
least-response-time-cache-off-warm0,70,1,8.4000,10.003,37.907,47.911,whale,frankenstein-or-the-modern-prometheus,1,,server-2,7,5,0,36.824,8.790,50.920
least-response-time-cache-off-warm0,70,1,8.4143,17.870,48.134,66.004,night,silas-marner,1,,server-2,6,5,0,52.387,6.541,50.920
least-response-time-cache-off-warm0,70,1,8.4286,4.205,46.259,50.464,money,silas-marner,1,,server-2,6,6,0,57.743,9.399,50.920
least-response-time-cache-off-warm0,70,1,8.4429,17.193,56.700,73.893,sea,jude-the-obscure,1,,server-2,6,5,0,57.743,5.225,50.920
least-response-time-cache-off-warm0,70,1,8.4571,3.043,51.284,54.328,heart,the-lost-world,1,,server-2,6,5,0,57.743,10.761,50.920
least-response-time-cache-off-warm0,70,1,8.4714,11.571,61.892,73.463,house,north-and-south,1,,server-2,6,5,0,69.346,7.644,50.920
least-response-time-cache-off-warm0,70,1,8.4857,32.105,65.255,97.360,whale,the-mysterious-affair-at-styles,1,,server-2,1,4,0,59.042,7.406,50.920
least-response-time-cache-off-warm0,70,1,8.5000,18.065,85.082,103.147,death,grimms-fairy-tales,1,,server-2,0,5,0,47.242,7.406,50.920
least-response-time-cache-off-warm0,70,1,8.5143,27.988,57.335,85.323,you,the-return-of-sherlock-holmes,1,,server-2,0,6,0,47.242,12.117,50.920
least-response-time-cache-off-warm0,70,1,8.5286,19.543,210.796,230.339,money,the-innocents-abroad,1,,server-2,0,5,0,47.242,6.540,50.920
least-response-time-cache-off-warm0,70,1,8.5429,40.331,33.610,73.941,letter,kidnapped,1,,server-2,0,6,0,47.242,9.995,50.920
least-response-time-cache-off-warm0,70,1,8.5571,26.721,47.529,74.250,castle,the-lost-world,1,,server-2,0,6,0,47.242,9.523,50.920
least-response-time-cache-off-warm0,70,1,8.5714,29.147,58.823,87.970,sea,the-adventures-of-tom-sawyer-complete,1,,server-2,0,7,0,47.242,11.045,50.920
least-response-time-cache-off-warm0,70,1,8.5857,15.512,90.087,105.598,and,the-last-of-the-mohicans-a-narrative-of-1757-27681,1,,server-2,0,7,0,47.242,11.580,50.920
least-response-time-cache-off-warm0,70,1,8.6000,57.707,124.352,182.059,letter,the-iliad-2199,1,,server-2,0,8,0,47.242,20.075,50.920
least-response-time-cache-off-warm0,70,1,8.6143,17.755,76.789,94.545,london,the-return-of-sherlock-holmes-108,1,,server-2,0,8,0,47.242,15.271,50.920
least-response-time-cache-off-warm0,70,1,8.6286,33.241,124.931,158.173,horse,tess-of-the-d-urbervilles-a-pure-woman,1,,server-2,0,7,0,47.242,15.673,50.920
least-response-time-cache-off-warm0,70,1,8.6429,48.330,123.004,171.334,money,the-tenant-of-wildfell-hall,1,,server-2,0,8,0,47.242,15.206,50.920
least-response-time-cache-off-warm0,70,1,8.6571,53.814,155.520,209.334,he,the-innocents-abroad,1,,server-2,0,8,0,47.242,18.773,50.920
least-response-time-cache-off-warm0,70,1,8.6714,110.531,137.660,248.191,love,the-works-of-edgar-allan-poe-volume-2,1,,server-2,0,8,0,47.242,13.301,50.920
least-response-time-cache-off-warm0,70,1,8.6857,97.159,76.959,174.118,king,the-mystery-of-edwin-drood,1,,server-2,0,9,0,47.242,13.301,50.920
least-response-time-cache-off-warm0,70,1,8.7000,111.417,104.136,215.552,was,the-secret-garden-17396,1,,server-2,0,10,0,47.242,27.537,50.920
least-response-time-cache-off-warm0,70,1,8.7143,153.645,66.056,219.700,night,his-last-bow,1,,server-2,0,10,0,47.242,20.312,50.920
least-response-time-cache-off-warm0,70,1,8.7286,106.822,131.385,238.207,london,the-mysterious-island,1,,server-2,0,11,0,47.242,20.312,50.920
least-response-time-cache-off-warm0,70,1,8.7429,92.748,82.483,175.230,sea,the-last-of-the-mohicans-a-narrative-of-1757,1,,server-2,0,11,0,47.242,21.657,50.920
least-response-time-cache-off-warm0,70,1,8.7571,105.070,105.965,211.035,house,the-secret-garden,1,,server-2,0,12,0,47.242,21.657,50.920
least-response-time-cache-off-warm0,70,1,8.7714,2.535,19.087,21.622,castle,adventures-of-huckleberry-finn,1,,server-1,1,12,0,47.242,59.301,50.920
least-response-time-cache-off-warm0,70,1,8.7857,7.657,21.134,28.791,sea,a-connecticut-yankee-in-king-arthur-s-court,1,,server-1,2,10,0,24.314,27.818,50.920
least-response-time-cache-off-warm0,70,1,8.8000,15.330,22.692,38.022,castle,the-odyssey,1,,server-1,2,9,0,10.155,43.655,50.920
least-response-time-cache-off-warm0,70,1,8.8143,1.962,29.592,31.554,the,herland,1,,server-1,3,9,0,9.994,34.589,50.920
least-response-time-cache-off-warm0,70,1,8.8286,16.065,15.129,31.194,you,persuasion,1,,server-1,3,8,0,3.463,50.546,50.920
least-response-time-cache-off-warm0,70,1,8.8429,3.492,27.990,31.483,heart,the-divine-comedy,1,,server-1,4,8,0,7.393,42.415,50.920
least-response-time-cache-off-warm0,70,1,8.8571,15.549,20.001,35.549,love,the-mystery-of-edwin-drood,1,,server-1,3,8,0,3.937,42.415,50.920
least-response-time-cache-off-warm0,70,1,8.8714,4.660,31.462,36.122,money,the-house-of-the-seven-gables,1,,server-1,4,6,0,4.991,31.435,50.920
least-response-time-cache-off-warm0,70,1,8.8857,22.389,32.228,54.617,castle,the-house-of-mirth,1,,server-1,3,6,0,4.952,31.435,50.920
least-response-time-cache-off-warm0,70,1,8.9000,8.384,32.029,40.413,castle,autobiography-of-benjamin-franklin,1,,server-1,4,6,0,6.135,31.435,50.920
least-response-time-cache-off-warm0,70,1,8.9143,26.885,39.154,66.039,heart,the-hound-of-the-baskervilles,1,,server-1,3,6,0,4.671,31.435,50.920
least-response-time-cache-off-warm0,70,1,8.9286,12.499,19.976,32.476,sea,madame-bovary,1,,server-1,4,4,0,4.671,36.092,50.920
least-response-time-cache-off-warm0,70,1,8.9429,14.916,21.029,35.945,was,the-kama-sutra-of-vatsyayana,1,,server-1,3,3,0,4.134,41.766,50.920
least-response-time-cache-off-warm0,70,1,8.9571,4.282,47.272,51.554,london,the-mysterious-island,1,,server-1,4,2,0,3.381,37.533,50.920
least-response-time-cache-off-warm0,70,1,8.9714,37.533,24.082,61.615,and,treasure-island,1,,server-1,4,0,0,3.619,42.786,50.920
least-response-time-cache-off-warm0,70,1,8.9857,24.270,45.885,70.155,the,memoirs-of-fanny-hill,1,,server-1,5,0,0,8.105,42.786,50.920
least-response-time-cache-off-warm0,70,1,9.0000,10.968,78.628,89.596,night,jane-eyre-an-autobiography,1,,server-1,6,0,0,8.105,42.786,50.920
least-response-time-cache-off-warm0,70,1,9.0143,41.846,88.182,130.028,whale,madame-bovary,1,,server-1,4,0,0,5.537,42.786,50.920
least-response-time-cache-off-warm0,70,1,9.0286,57.920,27.054,84.974,he,sense-and-sensibility,1,,server-1,5,0,0,5.537,42.786,50.920
least-response-time-cache-off-warm0,70,1,9.0429,47.704,32.656,80.360,money,treasure-island,1,,server-1,6,0,0,9.111,42.786,50.920
least-response-time-cache-off-warm0,70,1,9.0571,33.663,80.090,113.753,death,the-last-of-the-mohicans-a-narrative-of-1757,1,,server-1,7,0,0,18.441,42.786,50.920
least-response-time-cache-off-warm0,70,1,9.0714,21.092,59.108,80.200,king,poirot-investigates,1,,server-1,8,0,0,18.441,42.786,50.920
least-response-time-cache-off-warm0,70,1,9.0857,26.009,208.220,234.230,house,the-wind-in-the-willows,1,,server-1,9,0,0,18.441,42.786,50.920
least-response-time-cache-off-warm0,70,1,9.1000,71.479,10.830,82.308,castle,the-hound-of-the-baskervilles,1,,server-1,7,0,0,7.106,42.786,50.920
least-response-time-cache-off-warm0,70,1,9.1143,58.066,64.861,122.927,he,poirot-investigates,1,,server-1,8,0,0,10.024,42.786,50.920
least-response-time-cache-off-warm0,70,1,9.1286,43.896,123.805,167.701,castle,cranford,1,,server-1,9,0,0,14.379,42.786,50.920
least-response-time-cache-off-warm0,70,1,9.1429,30.899,147.387,178.286,whale,the-works-of-edgar-allan-poe-volume-2,1,,server-1,10,0,0,15.308,42.786,50.920
least-response-time-cache-off-warm0,70,1,9.1571,16.913,197.493,214.406,of,agnes-grey,1,,server-1,9,0,0,29.611,42.786,50.920
least-response-time-cache-off-warm0,70,1,9.1714,13.914,131.089,145.003,house,white-fang,1,,server-1,7,0,0,29.308,42.786,50.920
least-response-time-cache-off-warm0,70,1,9.1857,20.049,179.305,199.354,london,the-mysterious-affair-at-styles,1,,server-1,7,0,0,5.633,42.786,50.920
least-response-time-cache-off-warm0,70,1,9.2000,33.374,153.695,187.070,death,pride-and-prejudice,1,,server-1,8,0,0,4.056,42.786,50.920
least-response-time-cache-off-warm0,70,1,9.2143,85.064,119.188,204.252,letter,the-mysterious-affair-at-styles,1,,server-1,9,0,0,6.383,42.786,50.920
least-response-time-cache-off-warm0,70,1,9.2286,95.691,73.250,168.940,london,poirot-investigates,1,,server-1,10,0,0,6.383,42.786,50.920
least-response-time-cache-off-warm0,70,1,9.2429,87.853,79.786,167.639,he,autobiography-of-benjamin-franklin,1,,server-1,11,0,0,21.423,42.786,50.920
least-response-time-cache-off-warm0,70,1,9.2571,114.581,67.358,181.939,she,the-jungle,1,,server-1,12,0,0,21.423,42.786,50.920
least-response-time-cache-off-warm0,70,1,9.2714,125.526,89.507,215.032,letter,his-last-bow,1,,server-1,13,0,0,21.423,42.786,50.920
least-response-time-cache-off-warm0,70,1,9.2857,105.047,74.688,179.735,castle,the-vicomte-de-bragelonne,1,,server-1,14,0,0,21.423,42.786,50.920
least-response-time-cache-off-warm0,70,1,9.3000,139.943,64.756,204.699,king,a-connecticut-yankee-in-king-arthur-s-court,1,,server-1,14,0,0,42.688,42.786,50.920
least-response-time-cache-off-warm0,70,1,9.3143,125.597,47.104,172.701,death,the-war-of-the-worlds,1,,server-1,14,0,0,30.740,42.786,50.920
least-response-time-cache-off-warm0,70,1,9.3286,5.937,34.730,40.667,was,thus-spake-zarathustra-a-book-for-all-and-none,1,,server-2,13,1,0,53.833,42.786,50.920
least-response-time-cache-off-warm0,70,1,9.3429,26.643,21.082,47.725,love,a-tale-of-two-cities,1,,server-2,13,2,0,41.150,22.246,50.920
least-response-time-cache-off-warm0,70,1,9.3571,13.978,41.799,55.777,london,the-adventures-of-ferdinand-count-fathom-complete,1,,server-2,13,3,0,41.150,22.246,50.920
least-response-time-cache-off-warm0,70,1,9.3714,19.722,62.994,82.716,king,the-great-gatsby,1,,server-2,12,3,0,58.851,8.128,50.920
least-response-time-cache-off-warm0,70,1,9.3857,5.102,38.043,43.145,of,the-secret-adversary,1,,server-2,12,4,0,54.126,8.128,50.920
least-response-time-cache-off-warm0,70,1,9.4000,13.703,33.839,47.541,the,far-from-the-madding-crowd,1,,server-2,7,5,0,26.733,7.662,50.920
least-response-time-cache-off-warm0,70,1,9.4143,2.961,47.457,50.419,king,the-hound-of-the-baskervilles,1,,server-2,7,5,0,29.164,14.401,50.920
least-response-time-cache-off-warm0,70,1,9.4286,27.760,29.750,57.510,sea,the-warden,1,,server-2,7,5,0,67.596,9.049,50.920
least-response-time-cache-off-warm0,70,1,9.4429,13.675,29.531,43.206,night,the-warden,1,,server-2,5,6,0,29.536,9.049,50.920
least-response-time-cache-off-warm0,70,1,9.4571,28.735,60.162,88.896,heart,the-vicomte-de-bragelonne,1,,server-2,5,4,0,29.536,9.916,50.920
least-response-time-cache-off-warm0,70,1,9.4714,15.602,13.058,28.659,she,frankenstein-or-the-modern-prometheus-41445,1,,server-2,3,5,0,29.233,11.196,50.920
least-response-time-cache-off-warm0,70,1,9.4857,3.055,57.241,60.296,love,the-divine-comedy,1,,server-2,3,5,0,40.939,8.214,50.920
least-response-time-cache-off-warm0,70,1,9.5000,46.939,49.526,96.465,death,the-iliad-2199,1,,server-2,3,4,0,33.673,4.946,50.920
least-response-time-cache-off-warm0,70,1,9.5143,32.242,25.355,57.597,was,the-hound-of-the-baskervilles-3070,1,,server-2,0,5,0,25.037,4.081,50.920
least-response-time-cache-off-warm0,70,1,9.5286,18.510,26.642,45.152,heart,the-house-of-mirth,1,,server-2,0,6,0,25.037,4.081,50.920
least-response-time-cache-off-warm0,70,1,9.5429,4.412,78.898,83.310,money,the-iliad-2199,1,,server-2,0,6,0,25.037,4.081,50.920
least-response-time-cache-off-warm0,70,1,9.5571,39.454,141.916,181.370,he,frankenstein-or-the-modern-prometheus-41445,1,,server-2,0,5,0,25.037,2.632,50.920
least-response-time-cache-off-warm0,70,1,9.5714,21.112,53.532,74.643,whale,the-works-of-edgar-allan-poe-volume-2,1,,server-2,0,6,0,25.037,2.632,50.920
least-response-time-cache-off-warm0,70,1,9.5857,11.219,72.125,83.344,whale,the-romance-of-lust-a-classic-victorian-erotic-novel,1,,server-2,0,7,0,25.037,7.658,50.920
least-response-time-cache-off-warm0,70,1,9.6000,69.275,64.488,133.763,letter,the-house-of-mirth,1,,server-2,0,5,0,25.037,7.055,50.920
least-response-time-cache-off-warm0,70,1,9.6143,54.652,16.898,71.550,and,the-age-of-innocence,1,,server-2,0,6,0,25.037,7.055,50.920
least-response-time-cache-off-warm0,70,1,9.6286,37.797,98.366,136.163,house,far-from-the-madding-crowd,1,,server-2,0,7,0,25.037,21.308,50.920
least-response-time-cache-off-warm0,70,1,9.6429,65.266,82.257,147.524,the,anne-of-green-gables,1,,server-2,0,8,0,25.037,21.308,50.920
least-response-time-cache-off-warm0,70,1,9.6571,62.373,55.724,118.097,castle,the-hound-of-the-baskervilles,1,,server-2,0,7,0,25.037,24.718,50.920
least-response-time-cache-off-warm0,70,1,9.6714,93.433,44.518,137.951,heart,twenty-thousand-leagues-under-the-sea,1,,server-2,0,7,0,25.037,12.490,50.920
least-response-time-cache-off-warm0,70,1,9.6857,80.191,110.690,190.881,love,the-works-of-edgar-allan-poe-volume-2,1,,server-2,0,8,0,25.037,17.677,50.920
least-response-time-cache-off-warm0,70,1,9.7000,91.731,115.972,207.703,horse,dracula,1,,server-2,0,9,0,25.037,17.677,50.920
least-response-time-cache-off-warm0,70,1,9.7143,76.366,75.158,151.523,sea,the-mysterious-affair-at-styles,1,,server-2,0,10,0,25.037,20.700,50.920
least-response-time-cache-off-warm0,70,1,9.7286,62.629,86.953,149.581,sea,the-adventures-of-tom-sawyer-complete,1,,server-2,0,10,0,25.037,18.666,50.920
least-response-time-cache-off-warm0,70,1,9.7429,4.796,12.150,16.946,and,meditations,1,,server-1,1,10,0,25.037,47.874,50.920
least-response-time-cache-off-warm0,70,1,9.7571,3.469,22.580,26.049,letter,tess-of-the-d-urbervilles-a-pure-woman,1,,server-1,2,10,0,13.142,47.874,50.920
least-response-time-cache-off-warm0,70,1,9.7714,12.412,16.798,29.210,king,cranford,1,,server-1,2,7,0,5.524,32.856,50.920
least-response-time-cache-off-warm0,70,1,9.7857,16.284,23.078,39.363,heart,treasure-island,1,,server-1,2,7,0,4.818,27.615,50.920
least-response-time-cache-off-warm0,70,1,9.8000,2.314,44.263,46.577,castle,twenty-thousand-leagues-under-the-sea,1,,server-1,3,5,0,4.818,17.406,50.920
least-response-time-cache-off-warm0,70,1,9.8143,32.548,25.366,57.914,sea,the-scarlet-letter-33,1,,server-1,3,4,0,2.402,18.436,50.920
least-response-time-cache-off-warm0,70,1,9.8286,19.709,33.554,53.264,castle,the-war-of-the-worlds,1,,server-1,4,4,0,6.331,18.436,50.920
least-response-time-cache-off-warm0,70,1,9.8429,6.163,59.921,66.084,you,the-song-of-the-lark,1,,server-1,5,4,0,10.229,18.436,50.920
least-response-time-cache-off-warm0,70,1,9.8571,25.294,51.011,76.304,heart,persuasion,1,,server-1,4,4,0,4.331,18.436,50.920
least-response-time-cache-off-warm0,70,1,9.8714,11.730,79.878,91.609,she,the-adventures-of-ferdinand-count-fathom-complete,1,,server-1,5,4,0,4.331,29.575,50.920
least-response-time-cache-off-warm0,70,1,9.8857,25.005,161.910,186.915,horse,washington-square,1,,server-1,4,1,0,6.493,27.478,50.920
least-response-time-cache-off-warm0,70,1,9.9000,37.003,67.793,104.795,love,life-on-the-mississippi,1,,server-1,5,1,0,6.493,27.478,50.920
least-response-time-cache-off-warm0,70,1,9.9143,23.225,64.763,87.988,heart,pride-and-prejudice,1,,server-1,5,0,0,14.617,33.549,50.920
least-response-time-cache-off-warm0,70,1,9.9286,15.272,117.894,133.166,the,the-house-of-mirth,1,,server-1,6,0,0,14.617,33.549,50.920
least-response-time-cache-off-warm0,70,1,9.9429,21.910,67.686,89.596,and,the-kama-sutra-of-vatsyayana,1,,server-1,6,0,0,11.699,33.549,50.920
least-response-time-cache-off-warm0,70,1,9.9571,10.259,129.889,140.148,king,the-house-of-mirth,1,,server-1,7,0,0,10.880,33.549,50.920
least-response-time-cache-off-warm0,70,1,9.9714,99.961,36.043,136.004,letter,silas-marner,1,,server-1,7,0,0,9.236,33.549,50.920
least-response-time-cache-off-warm0,70,1,9.9857,85.718,50.359,136.077,house,cranford,1,,server-1,8,0,0,9.236,33.549,50.920
least-response-time-cache-off-warm0,70,1,10.0000,95.268,101.689,196.956,was,the-hound-of-the-baskervilles-3070,1,,server-1,9,0,0,9.236,33.549,50.920
least-response-time-cache-off-warm0,70,1,10.0143,111.088,43.881,154.969,letter,the-hound-of-the-baskervilles-3070,1,,server-1,8,0,0,15.880,33.549,50.920
least-response-time-cache-off-warm0,70,1,10.0286,79.531,32.928,112.458,letter,myths-and-legends-of-ancient-greece-and-rome,1,,server-1,9,0,0,15.880,33.549,50.920
least-response-time-cache-off-warm0,70,1,10.0429,79.104,65.724,144.828,whale,hard-times,1,,server-1,10,0,0,25.986,33.549,50.920
least-response-time-cache-off-warm0,70,1,10.0571,63.672,47.213,110.885,london,anne-of-green-gables,1,,server-1,11,0,0,25.986,33.549,50.920
least-response-time-cache-off-warm0,70,1,10.0714,1.739,29.506,31.245,night,leaves-of-grass,1,,server-2,9,1,0,35.499,33.549,50.920
least-response-time-cache-off-warm0,70,1,10.0857,17.648,21.597,39.245,she,hard-times,1,,server-2,8,2,0,32.894,17.321,50.920
least-response-time-cache-off-warm0,70,1,10.1000,3.925,35.667,39.592,sea,the-secret-adversary,1,,server-2,7,3,0,34.773,17.321,50.920
least-response-time-cache-off-warm0,70,1,10.1143,25.461,30.711,56.172,king,the-scarlet-letter,1,,server-2,6,3,0,39.934,5.333,50.920
least-response-time-cache-off-warm0,70,1,10.1286,11.648,32.355,44.003,london,desert-gold,1,,server-2,5,3,0,15.694,7.459,50.920
least-response-time-cache-off-warm0,70,1,10.1429,30.642,27.223,57.865,horse,anne-of-green-gables,1,,server-2,4,3,0,13.149,5.412,50.920
least-response-time-cache-off-warm0,70,1,10.1571,16.694,68.988,85.683,horse,the-moonstone,1,,server-2,4,4,0,13.149,5.412,50.920
least-response-time-cache-off-warm0,70,1,10.1714,3.106,82.519,85.625,money,the-odyssey,1,,server-2,2,5,0,14.215,10.357,50.920
least-response-time-cache-off-warm0,70,1,10.1857,68.384,12.384,80.768,of,the-prince,1,,server-2,2,4,0,14.215,3.171,50.920
least-response-time-cache-off-warm0,70,1,10.2000,59.334,33.843,93.176,and,black-beauty,1,,server-2,0,5,0,26.800,3.171,50.920
least-response-time-cache-off-warm0,70,1,10.2143,44.386,58.613,103.000,was,mansfield-park,1,,server-2,0,6,0,26.800,7.849,50.920
least-response-time-cache-off-warm0,70,1,10.2286,30.675,35.538,66.213,love,hard-times,1,,server-2,0,7,0,26.800,7.849,50.920
least-response-time-cache-off-warm0,70,1,10.2429,1.239,12.545,13.784,house,the-scarlet-letter-33,1,,server-1,1,7,0,26.800,27.191,50.920
least-response-time-cache-off-warm0,70,1,10.2571,1.512,18.387,19.900,heart,the-divine-comedy,1,,server-1,1,7,0,10.760,29.657,50.920
least-response-time-cache-off-warm0,70,1,10.2714,6.047,12.063,18.111,sea,the-secret-garden,1,,server-1,2,3,0,5.595,6.708,50.920
least-response-time-cache-off-warm0,70,1,10.2857,4.409,19.771,24.180,you,a-tale-of-two-cities,1,,server-1,2,3,0,3.914,6.708,50.920
least-response-time-cache-off-warm0,70,1,10.3000,10.256,16.326,26.582,was,frankenstein-or-the-modern-prometheus-41445,1,,server-1,2,3,0,2.672,16.549,50.920
least-response-time-cache-off-warm0,70,1,10.3143,12.531,29.752,42.283,the,grimms-fairy-tales,1,,server-1,2,3,0,3.420,16.549,50.920
least-response-time-cache-off-warm0,70,1,10.3286,28.491,57.078,85.569,she,the-return-of-sherlock-holmes-108,1,,server-1,2,0,0,3.729,20.121,50.920
least-response-time-cache-off-warm0,70,1,10.3429,15.605,57.266,72.872,death,poirot-investigates,1,,server-1,3,0,0,3.010,20.121,50.920
least-response-time-cache-off-warm0,70,1,10.3571,13.480,105.337,118.816,heart,the-house-of-the-seven-gables,1,,server-1,3,0,0,5.182,20.121,50.920
least-response-time-cache-off-warm0,70,1,10.3714,44.573,16.592,61.165,whale,the-scarlet-letter,1,,server-1,4,0,0,4.902,20.121,50.920
least-response-time-cache-off-warm0,70,1,10.3857,30.456,56.381,86.837,the,a-tale-of-two-cities,1,,server-1,5,0,0,4.351,20.121,50.920
least-response-time-cache-off-warm0,70,1,10.4000,17.013,119.750,136.763,house,the-american,1,,server-1,6,0,0,4.351,20.121,50.920
least-response-time-cache-off-warm0,70,1,10.4143,5.975,84.701,90.675,the,the-moonstone,1,,server-1,7,0,0,19.621,20.121,50.920
least-response-time-cache-off-warm0,70,1,10.4286,78.628,146.372,225.000,death,a-journey-to-the-centre-of-the-earth,1,,server-1,6,0,0,4.206,20.121,50.920
least-response-time-cache-off-warm0,70,1,10.4429,32.845,89.695,122.540,horse,persuasion,1,,server-1,7,0,0,6.480,20.121,50.920
least-response-time-cache-off-warm0,70,1,10.4571,48.154,95.656,143.809,house,the-secret-garden,1,,server-1,7,0,0,7.828,20.121,50.920
least-response-time-cache-off-warm0,70,1,10.4714,33.716,103.176,136.892,death,the-hound-of-the-baskervilles-3070,1,,server-1,8,0,0,7.828,20.121,50.920
least-response-time-cache-off-warm0,70,1,10.4857,52.203,136.287,188.489,heart,anne-of-green-gables,1,,server-1,8,0,0,18.732,20.121,50.920
least-response-time-cache-off-warm0,70,1,10.5000,39.913,111.473,151.386,he,frankenstein-or-the-modern-prometheus,1,,server-1,9,0,0,18.732,20.121,50.920
least-response-time-cache-off-warm0,70,1,10.5143,49.959,120.780,170.739,horse,the-secret-adversary,1,,server-1,8,0,0,19.140,20.121,50.920
least-response-time-cache-off-warm0,70,1,10.5286,38.805,188.546,227.352,sea,the-song-of-the-lark,1,,server-1,9,0,0,19.140,20.121,50.920
least-response-time-cache-off-warm0,70,1,10.5429,24.147,181.633,205.780,you,madame-bovary,1,,server-1,9,0,0,18.701,20.121,50.920
least-response-time-cache-off-warm0,70,1,10.5571,44.222,151.080,195.301,love,great-expectations,1,,server-1,10,0,0,18.701,20.121,50.920
least-response-time-cache-off-warm0,70,1,10.5714,65.761,145.176,210.938,sea,life-on-the-mississippi,1,,server-1,11,0,0,12.651,20.121,50.920
least-response-time-cache-off-warm0,70,1,10.5857,101.550,117.300,218.850,of,the-odyssey,1,,server-1,12,0,0,12.651,20.121,50.920
least-response-time-cache-off-warm0,70,1,10.6000,4.799,31.285,36.084,heart,the-wind-in-the-willows,1,,server-2,12,1,0,29.773,20.121,50.920
least-response-time-cache-off-warm0,70,1,10.6143,22.252,15.819,38.071,money,desert-gold,1,,server-2,10,2,0,37.751,10.596,50.920
least-response-time-cache-off-warm0,70,1,10.6286,9.297,31.017,40.314,death,a-princess-of-mars,1,,server-2,10,3,0,37.751,10.596,50.920
least-response-time-cache-off-warm0,70,1,10.6429,23.993,36.782,60.775,money,the-house-of-mirth,1,,server-2,10,3,0,35.003,4.926,50.920
least-response-time-cache-off-warm0,70,1,10.6571,11.718,17.715,29.433,castle,the-odyssey,1,,server-2,10,4,0,63.297,7.346,50.920
least-response-time-cache-off-warm0,70,1,10.6714,32.803,52.911,85.714,you,frankenstein-or-the-modern-prometheus-41445,1,,server-2,10,3,0,57.496,7.250,50.920
least-response-time-cache-off-warm0,70,1,10.6857,17.942,22.279,40.221,and,the-house-of-the-seven-gables,1,,server-2,7,4,0,64.841,7.250,50.920
least-response-time-cache-off-warm0,70,1,10.7000,4.254,38.033,42.287,she,leaves-of-grass,1,,server-2,5,5,0,42.486,7.009,50.920
least-response-time-cache-off-warm0,70,1,10.7143,29.493,34.272,63.764,london,the-war-of-the-worlds,1,,server-2,5,4,0,37.978,4.399,50.920
least-response-time-cache-off-warm0,70,1,10.7286,15.295,24.017,39.312,you,poirot-investigates,1,,server-2,5,5,0,37.978,7.759,50.920
least-response-time-cache-off-warm0,70,1,10.7429,12.694,44.448,57.142,you,hard-times,1,,server-2,5,5,0,37.978,12.143,50.920
least-response-time-cache-off-warm0,70,1,10.7571,23.340,96.400,119.740,you,the-secret-garden,1,,server-2,4,5,0,47.302,14.663,50.920
least-response-time-cache-off-warm0,70,1,10.7714,9.307,31.204,40.511,sea,herland,1,,server-2,3,6,0,47.302,15.601,50.920
least-response-time-cache-off-warm0,70,1,10.7857,15.955,70.604,86.559,whale,pride-and-prejudice,1,,server-2,1,4,0,48.042,9.784,50.920
least-response-time-cache-off-warm0,70,1,10.8000,1.959,49.573,51.532,london,life-on-the-mississippi,1,,server-2,1,5,0,48.042,14.174,50.920
least-response-time-cache-off-warm0,70,1,10.8143,63.779,64.159,127.938,you,oliver-twist,1,,server-2,0,4,0,46.241,5.883,50.920
least-response-time-cache-off-warm0,70,1,10.8286,48.980,178.329,227.309,sea,northanger-abbey,1,,server-2,0,5,0,46.241,5.883,50.920
least-response-time-cache-off-warm0,70,1,10.8429,38.419,219.071,257.490,sea,emma,1,,server-2,0,6,0,46.241,5.883,50.920
least-response-time-cache-off-warm0,70,1,10.8571,26.365,123.116,149.481,night,adventures-of-huckleberry-finn,1,,server-2,0,7,0,46.241,14.483,50.920
least-response-time-cache-off-warm0,70,1,10.8714,9.087,81.664,90.751,love,the-jungle,1,,server-2,0,8,0,46.241,29.444,50.920
least-response-time-cache-off-warm0,70,1,10.8857,52.967,111.904,164.870,horse,grimms-fairy-tales,1,,server-2,0,6,0,46.241,6.151,50.920
least-response-time-cache-off-warm0,70,1,10.9000,42.595,111.218,153.813,castle,the-song-of-the-lark,1,,server-2,0,7,0,46.241,5.688,50.920
least-response-time-cache-off-warm0,70,1,10.9143,68.471,131.672,200.143,and,the-wind-in-the-willows,1,,server-2,0,8,0,46.241,5.688,50.920
least-response-time-cache-off-warm0,70,1,10.9286,74.366,155.755,230.121,love,poirot-investigates,1,,server-2,0,9,0,46.241,5.688,50.920
least-response-time-cache-off-warm0,70,1,10.9429,63.785,61.615,125.401,king,washington-square,1,,server-2,0,10,0,46.241,12.815,50.920
least-response-time-cache-off-warm0,70,1,10.9571,100.996,88.818,189.815,he,madame-bovary,1,,server-2,0,11,0,46.241,15.559,50.920
least-response-time-cache-off-warm0,70,1,10.9714,128.102,58.453,186.556,night,a-journey-to-the-centre-of-the-earth,1,,server-2,0,11,0,46.241,22.696,50.920
least-response-time-cache-off-warm0,70,1,10.9857,118.343,94.599,212.942,king,grimms-fairy-tales,1,,server-2,0,12,0,46.241,31.594,50.920
least-response-time-cache-off-warm0,70,1,11.0000,113.210,132.856,246.066,love,the-tenant-of-wildfell-hall,1,,server-2,0,13,0,46.241,31.594,50.920
least-response-time-cache-off-warm0,70,1,11.0143,132.889,103.351,236.240,horse,north-and-south,1,,server-2,0,13,0,46.241,31.684,50.920
least-response-time-cache-off-warm0,70,1,11.0286,131.115,40.710,171.825,horse,pride-and-prejudice,1,,server-2,0,14,0,46.241,31.684,50.920
least-response-time-cache-off-warm0,70,1,11.0429,118.838,111.951,230.790,was,anne-of-green-gables,1,,server-2,0,15,0,46.241,29.850,50.920
least-response-time-cache-off-warm0,70,1,11.0571,1.498,14.158,15.657,london,meditations,1,,server-1,1,12,0,46.241,52.036,50.920
least-response-time-cache-off-warm0,70,1,11.0714,1.882,25.657,27.539,love,mary-barton,1,,server-1,2,11,0,23.746,37.440,50.920
least-response-time-cache-off-warm0,70,1,11.0857,13.384,37.792,51.176,king,the-vicomte-de-bragelonne,1,,server-1,2,11,0,9.031,37.440,50.920
least-response-time-cache-off-warm0,70,1,11.1000,1.013,48.998,50.011,and,the-secret-adversary,1,,server-1,2,10,0,6.322,36.025,50.920
least-response-time-cache-off-warm0,70,1,11.1143,22.730,65.757,88.487,you,little-women,1,,server-1,3,9,0,3.370,42.039,50.920
least-response-time-cache-off-warm0,70,1,11.1286,8.813,60.837,69.649,the,the-secret-garden,1,,server-1,4,8,0,3.370,33.662,50.920
least-response-time-cache-off-warm0,70,1,11.1429,8.416,70.205,78.621,he,the-return-of-sherlock-holmes,1,,server-1,5,8,0,6.386,51.910,50.920
least-response-time-cache-off-warm0,70,1,11.1571,65.417,45.954,111.371,whale,silas-marner,1,,server-1,4,8,0,6.583,61.847,50.920
least-response-time-cache-off-warm0,70,1,11.1714,49.908,70.519,120.427,heart,north-and-south,1,,server-1,5,5,0,6.583,27.578,50.920
least-response-time-cache-off-warm0,70,1,11.1857,36.375,44.754,81.128,death,the-age-of-innocence,1,,server-1,6,5,0,6.583,27.578,50.920
least-response-time-cache-off-warm0,70,1,11.2000,21.865,21.124,42.988,he,the-portrait-of-a-lady-volume-1,1,,server-1,6,5,0,11.898,39.405,50.920
least-response-time-cache-off-warm0,70,1,11.2143,8.000,78.296,86.297,love,the-mysterious-affair-at-styles,1,,server-1,7,5,0,26.596,39.405,50.920
least-response-time-cache-off-warm0,70,1,11.2286,63.510,43.066,106.577,she,the-memoirs-of-sherlock-holmes,1,,server-1,6,5,0,5.218,34.032,50.920
least-response-time-cache-off-warm0,70,1,11.2429,49.845,128.330,178.175,and,jane-eyre-an-autobiography,1,,server-1,7,4,0,8.197,34.032,50.920
least-response-time-cache-off-warm0,70,1,11.2571,34.912,103.274,138.186,whale,the-jungle,1,,server-1,8,1,0,8.197,39.897,50.920
least-response-time-cache-off-warm0,70,1,11.2714,29.457,94.295,123.751,of,life-on-the-mississippi,1,,server-1,8,1,0,19.326,39.897,50.920
least-response-time-cache-off-warm0,70,1,11.2857,17.343,150.965,168.308,of,life-on-the-mississippi,1,,server-1,9,0,0,19.326,42.835,50.920
least-response-time-cache-off-warm0,70,1,11.3000,7.820,143.117,150.936,sea,the-secret-garden,1,,server-1,8,0,0,16.525,42.835,50.920
least-response-time-cache-off-warm0,70,1,11.3143,41.359,149.912,191.271,london,the-prince,1,,server-1,7,0,0,5.739,42.835,50.920
least-response-time-cache-off-warm0,70,1,11.3286,66.927,102.097,169.024,london,desert-gold,1,,server-1,8,0,0,5.739,42.835,50.920
least-response-time-cache-off-warm0,70,1,11.3429,52.844,71.940,124.784,house,the-prince,1,,server-1,9,0,0,14.431,42.835,50.920
least-response-time-cache-off-warm0,70,1,11.3571,65.284,81.846,147.129,horse,the-hound-of-the-baskervilles,1,,server-1,10,0,0,15.440,42.835,50.920
least-response-time-cache-off-warm0,70,1,11.3714,82.973,80.560,163.533,house,the-adventures-of-ferdinand-count-fathom-complete,1,,server-1,11,0,0,17.731,42.835,50.920
least-response-time-cache-off-warm0,70,1,11.3857,109.967,67.700,177.667,he,north-and-south,1,,server-1,12,0,0,17.731,42.835,50.920
least-response-time-cache-off-warm0,70,1,11.4000,107.362,69.383,176.744,you,the-first-men-in-the-moon,1,,server-1,13,0,0,37.258,42.835,50.920
least-response-time-cache-off-warm0,70,1,11.4143,118.535,71.326,189.861,house,life-on-the-mississippi,1,,server-1,14,0,0,37.258,42.835,50.920
least-response-time-cache-off-warm0,70,1,11.4286,103.852,126.603,230.455,and,the-iliad,1,,server-1,13,0,0,37.834,42.835,50.920
least-response-time-cache-off-warm0,70,1,11.4429,115.541,65.617,181.158,you,the-song-of-the-lark,1,,server-1,14,0,0,37.834,42.835,50.920
least-response-time-cache-off-warm0,70,1,11.4571,120.082,94.048,214.130,heart,myths-and-legends-of-ancient-greece-and-rome,1,,server-1,12,0,0,36.827,42.835,50.920
least-response-time-cache-off-warm0,70,1,11.4714,2.677,26.224,28.901,house,pride-and-prejudice,1,,server-2,12,1,0,47.676,42.835,50.920
least-response-time-cache-off-warm0,70,1,11.4857,15.082,27.195,42.278,was,persuasion,1,,server-2,12,2,0,47.676,22.098,50.920
least-response-time-cache-off-warm0,70,1,11.5000,1.284,28.877,30.162,love,frankenstein-or-the-modern-prometheus-41445,1,,server-2,10,3,0,38.198,20.882,50.920
least-response-time-cache-off-warm0,70,1,11.5143,16.520,25.470,41.990,heart,agnes-grey,1,,server-2,7,3,0,42.686,5.682,50.920
least-response-time-cache-off-warm0,70,1,11.5286,2.478,24.055,26.533,horse,the-scarlet-letter,1,,server-2,7,4,0,42.686,9.915,50.920
least-response-time-cache-off-warm0,70,1,11.5429,13.903,29.254,43.157,she,washington-square,1,,server-2,7,3,0,23.520,3.325,50.920
least-response-time-cache-off-warm0,70,1,11.5571,1.468,31.047,32.515,heart,silas-marner,1,,server-2,7,2,0,41.482,4.941,50.920
least-response-time-cache-off-warm0,70,1,11.5714,17.934,39.371,57.305,castle,mansfield-park,1,,server-2,5,3,0,38.382,2.640,50.920
least-response-time-cache-off-warm0,70,1,11.5857,4.381,35.368,39.749,of,the-picture-of-dorian-gray,1,,server-2,4,4,0,24.131,9.603,50.920
least-response-time-cache-off-warm0,70,1,11.6000,29.728,69.921,99.649,castle,the-vicomte-de-bragelonne,1,,server-2,4,3,0,24.131,4.515,50.920
least-response-time-cache-off-warm0,70,1,11.6143,15.754,65.123,80.877,money,the-mysterious-island,1,,server-2,4,4,0,33.036,4.515,50.920
least-response-time-cache-off-warm0,70,1,11.6286,1.962,36.774,38.736,heart,agnes-grey,1,,server-2,3,4,0,35.770,13.073,50.920
least-response-time-cache-off-warm0,70,1,11.6429,47.212,24.384,71.596,sea,beyond-good-and-evil,1,,server-2,3,4,0,35.770,3.317,50.920
least-response-time-cache-off-warm0,70,1,11.6571,43.007,59.199,102.206,he,pride-and-prejudice,1,,server-2,3,5,0,34.815,3.317,50.920
least-response-time-cache-off-warm0,70,1,11.6714,29.077,39.415,68.492,whale,a-tale-of-two-cities,1,,server-2,1,5,0,43.098,11.153,50.920
least-response-time-cache-off-warm0,70,1,11.6857,18.234,82.128,100.362,she,the-iliad-2199,1,,server-2,0,6,0,43.098,11.153,50.920
least-response-time-cache-off-warm0,70,1,11.7000,2.419,127.407,129.826,you,the-memoirs-of-sherlock-holmes,1,,server-2,0,7,0,43.098,16.284,50.920
least-response-time-cache-off-warm0,70,1,11.7143,27.812,254.679,282.490,was,jane-eyre-an-autobiography,1,,server-2,0,6,0,43.098,7.473,50.920
least-response-time-cache-off-warm0,70,1,11.7286,13.543,84.876,98.419,of,a-tale-of-two-cities,1,,server-2,0,6,0,43.098,7.323,50.920
least-response-time-cache-off-warm0,70,1,11.7429,44.770,146.275,191.045,castle,frankenstein-or-the-modern-prometheus,1,,server-2,0,7,0,43.098,8.970,50.920
least-response-time-cache-off-warm0,70,1,11.7571,74.084,117.199,191.284,he,the-vicomte-de-bragelonne,1,,server-2,0,8,0,43.098,10.051,50.920
least-response-time-cache-off-warm0,70,1,11.7714,60.587,168.276,228.863,heart,the-innocents-abroad,1,,server-2,0,9,0,43.098,19.639,50.920
least-response-time-cache-off-warm0,70,1,11.7857,48.285,69.383,117.668,was,the-war-of-the-worlds,1,,server-2,0,10,0,43.098,34.760,50.920
least-response-time-cache-off-warm0,70,1,11.8000,33.676,197.454,231.130,letter,persuasion,1,,server-2,0,10,0,43.098,22.583,50.920
least-response-time-cache-off-warm0,70,1,11.8143,23.449,133.788,157.237,sea,the-warden,1,,server-2,0,11,0,43.098,22.583,50.920
least-response-time-cache-off-warm0,70,1,11.8286,12.642,193.884,206.526,horse,mary-barton,1,,server-2,0,12,0,43.098,33.443,50.920
least-response-time-cache-off-warm0,70,1,11.8429,104.462,164.992,269.454,house,the-last-of-the-mohicans-a-narrative-of-1757,1,,server-2,0,9,0,43.098,7.051,50.920
least-response-time-cache-off-warm0,70,1,11.8571,88.648,129.025,217.673,was,the-romance-of-lust-a-classic-victorian-erotic-novel,1,,server-2,0,10,0,43.098,7.051,50.920
least-response-time-cache-off-warm0,70,1,11.8714,128.622,115.537,244.159,house,life-on-the-mississippi,1,,server-2,0,11,0,43.098,7.051,50.920
least-response-time-cache-off-warm0,70,1,11.8857,145.658,158.040,303.698,of,the-vicomte-de-bragelonne,1,,server-2,0,12,0,43.098,13.035,50.920
least-response-time-cache-off-warm0,70,1,11.9000,136.389,114.325,250.714,london,leaves-of-grass,1,,server-2,0,13,0,43.098,13.035,50.920
least-response-time-cache-off-warm0,70,1,11.9143,123.432,134.160,257.592,of,the-return-of-sherlock-holmes,1,,server-2,0,14,0,43.098,27.694,50.920
least-response-time-cache-off-warm0,70,1,11.9286,142.525,120.841,263.366,he,the-return-of-sherlock-holmes,1,,server-2,0,15,0,43.098,27.694,50.920
least-response-time-cache-off-warm0,70,1,11.9429,1.501,20.968,22.469,she,the-american,1,,server-1,1,15,0,43.098,43.472,50.920
least-response-time-cache-off-warm0,70,1,11.9571,8.637,9.276,17.914,london,the-hound-of-the-baskervilles-3070,1,,server-1,2,14,0,22.147,42.992,50.920
least-response-time-cache-off-warm0,70,1,11.9714,4.266,12.847,17.114,death,kidnapped,1,,server-1,2,14,0,9.730,68.050,50.920
least-response-time-cache-off-warm0,70,1,11.9857,3.429,15.904,19.333,king,walden-and-on-the-duty-of-civil-disobedience,1,,server-1,2,13,0,4.277,55.202,50.920
least-response-time-cache-off-warm0,70,1,12.0000,5.802,13.277,19.079,house,the-picture-of-dorian-gray,1,,server-1,2,11,0,2.664,63.186,50.920
least-response-time-cache-off-warm0,70,1,12.0143,5.872,11.385,17.256,night,frankenstein-or-the-modern-prometheus-41445,1,,server-1,2,9,0,2.659,52.667,50.920
least-response-time-cache-off-warm0,70,1,12.0286,3.572,8.019,11.590,london,the-hound-of-the-baskervilles-3070,1,,server-1,2,9,0,2.573,52.667,50.920
least-response-time-cache-off-warm0,70,1,12.0429,1.559,29.376,30.936,london,the-tenant-of-wildfell-hall,1,,server-1,1,7,0,2.543,43.987,50.920
least-response-time-cache-off-warm0,70,1,12.0571,17.277,31.095,48.372,letter,meditations,1,,server-1,2,7,0,1.373,43.987,50.920
least-response-time-cache-off-warm0,70,1,12.0714,3.143,17.937,21.079,house,a-connecticut-yankee-in-king-arthur-s-court,1,,server-1,3,7,0,1.373,41.140,50.920
least-response-time-cache-off-warm0,70,1,12.0857,18.686,13.827,32.513,she,the-picture-of-dorian-gray,1,,server-1,3,7,0,2.505,58.128,50.920
least-response-time-cache-off-warm0,70,1,12.1000,5.925,28.546,34.472,horse,wuthering-heights,1,,server-1,4,7,0,4.448,50.607,50.920
least-response-time-cache-off-warm0,70,1,12.1143,20.997,12.387,33.384,money,the-picture-of-dorian-gray,1,,server-1,3,6,0,4.639,70.519,50.920
least-response-time-cache-off-warm0,70,1,12.1286,6.479,34.677,41.156,castle,walden-and-on-the-duty-of-civil-disobedience,1,,server-1,4,5,0,6.173,61.850,50.920
least-response-time-cache-off-warm0,70,1,12.1429,24.485,13.343,37.828,king,frankenstein-or-the-modern-prometheus,1,,server-1,3,5,0,3.866,53.205,50.920
least-response-time-cache-off-warm0,70,1,12.1571,12.342,30.080,42.422,love,life-on-the-mississippi,1,,server-1,4,5,0,5.172,65.229,50.920
least-response-time-cache-off-warm0,70,1,12.1714,28.805,13.938,42.743,death,the-warden,1,,server-1,4,5,0,6.820,78.731,50.920
least-response-time-cache-off-warm0,70,1,12.1857,14.652,48.134,62.786,money,desperate-remedies,1,,server-1,3,2,0,6.229,53.921,50.920
least-response-time-cache-off-warm0,70,1,12.2000,2.118,29.077,31.195,money,wuthering-heights,1,,server-1,4,0,0,5.826,50.868,50.920
least-response-time-cache-off-warm0,70,1,12.2143,34.790,91.499,126.288,whale,sense-and-sensibility,1,,server-1,4,0,0,3.953,50.868,50.920
least-response-time-cache-off-warm0,70,1,12.2286,20.125,40.416,60.541,you,the-house-of-mirth,1,,server-1,4,0,0,3.227,50.868,50.920
least-response-time-cache-off-warm0,70,1,12.2429,5.819,71.437,77.257,letter,great-expectations,1,,server-1,5,0,0,8.180,50.868,50.920
least-response-time-cache-off-warm0,70,1,12.2571,63.284,50.174,113.458,night,frankenstein-or-the-modern-prometheus,1,,server-1,4,0,0,7.791,50.868,50.920
least-response-time-cache-off-warm0,70,1,12.2714,50.030,51.640,101.670,letter,northanger-abbey,1,,server-1,5,0,0,7.791,50.868,50.920
least-response-time-cache-off-warm0,70,1,12.2857,34.845,156.901,191.746,money,the-jungle,1,,server-1,6,0,0,9.385,50.868,50.920
least-response-time-cache-off-warm0,70,1,12.3000,41.059,49.706,90.765,horse,the-scarlet-letter,1,,server-1,7,0,0,15.429,50.868,50.920
least-response-time-cache-off-warm0,70,1,12.3143,28.678,136.550,165.228,money,pride-and-prejudice,1,,server-1,8,0,0,15.429,50.868,50.920
least-response-time-cache-off-warm0,70,1,12.3286,15.544,98.444,113.988,whale,emma,1,,server-1,7,0,0,10.801,50.868,50.920
least-response-time-cache-off-warm0,70,1,12.3429,16.930,141.413,158.343,king,twenty-thousand-leagues-under-the-sea,1,,server-1,7,0,0,12.714,50.868,50.920
least-response-time-cache-off-warm0,70,1,12.3571,13.733,46.907,60.641,letter,sense-and-sensibility,1,,server-1,8,0,0,7.152,50.868,50.920
least-response-time-cache-off-warm0,70,1,12.3714,22.841,127.839,150.679,whale,the-song-of-the-lark,1,,server-1,9,0,0,11.216,50.868,50.920
least-response-time-cache-off-warm0,70,1,12.3857,96.260,50.892,147.152,money,the-lost-world,1,,server-1,10,0,0,14.919,50.868,50.920
least-response-time-cache-off-warm0,70,1,12.4000,80.218,84.231,164.449,she,washington-square,1,,server-1,9,0,0,16.066,50.868,50.920
least-response-time-cache-off-warm0,70,1,12.4143,86.773,66.875,153.648,love,the-warden,1,,server-1,10,0,0,16.066,50.868,50.920
least-response-time-cache-off-warm0,70,1,12.4286,93.799,43.538,137.338,king,the-picture-of-dorian-gray,1,,server-1,11,0,0,22.804,50.868,50.920
least-response-time-cache-off-warm0,70,1,12.4429,92.772,84.351,177.122,sea,adventures-of-huckleberry-finn,1,,server-1,12,0,0,37.684,50.868,50.920
least-response-time-cache-off-warm0,70,1,12.4571,87.436,43.002,130.438,sea,the-odyssey,1,,server-1,13,0,0,37.684,50.868,50.920
least-response-time-cache-off-warm0,70,1,12.4714,94.930,34.205,129.135,and,the-adventures-of-tom-sawyer-complete,1,,server-1,14,0,0,37.684,50.868,50.920
least-response-time-cache-off-warm0,70,1,12.4857,83.033,71.684,154.717,house,the-first-men-in-the-moon,1,,server-1,10,0,0,30.630,50.868,50.920
least-response-time-cache-off-warm0,70,1,12.5000,83.392,140.591,223.983,you,madame-bovary,1,,server-1,11,0,0,30.630,50.868,50.920
least-response-time-cache-off-warm0,70,1,12.5143,86.829,80.918,167.747,night,beyond-good-and-evil,1,,server-1,12,0,0,47.942,50.868,50.920
least-response-time-cache-off-warm0,70,1,12.5286,92.406,88.838,181.244,heart,the-works-of-edgar-allan-poe-volume-2,1,,server-1,12,0,0,30.065,50.868,50.920
least-response-time-cache-off-warm0,70,1,12.5429,98.319,124.989,223.307,was,the-house-of-the-seven-gables,1,,server-1,11,0,0,31.505,50.868,50.920
least-response-time-cache-off-warm0,70,1,12.5571,65.366,261.204,326.570,she,leaves-of-grass,1,,server-1,12,0,0,32.844,50.868,50.920
least-response-time-cache-off-warm0,70,1,12.5714,66.597,169.709,236.307,whale,the-jungle,1,,server-1,10,0,0,31.469,50.868,50.920
least-response-time-cache-off-warm0,70,1,12.5857,58.754,123.551,182.305,castle,tess-of-the-d-urbervilles-a-pure-woman,1,,server-1,11,0,0,20.470,50.868,50.920
least-response-time-cache-off-warm0,70,1,12.6000,52.894,72.917,125.811,house,his-last-bow,1,,server-1,12,0,0,34.737,50.868,50.920
least-response-time-cache-off-warm0,70,1,12.6143,40.354,153.869,194.223,heart,a-princess-of-mars,1,,server-1,11,0,0,19.744,50.868,50.920
least-response-time-cache-off-warm0,70,1,12.6286,83.066,97.157,180.223,heart,the-prince,1,,server-1,11,0,0,30.664,50.868,50.920
least-response-time-cache-off-warm0,70,1,12.6429,81.489,112.330,193.819,and,the-romance-of-lust-a-classic-victorian-erotic-novel,1,,server-1,12,0,0,28.522,50.868,50.920
least-response-time-cache-off-warm0,70,1,12.6571,138.099,86.843,224.942,castle,little-women,1,,server-1,13,0,0,15.700,50.868,50.920
least-response-time-cache-off-warm0,70,1,12.6714,143.658,111.800,255.458,castle,the-works-of-edgar-allan-poe-volume-2,1,,server-1,14,0,0,15.700,50.868,50.920
least-response-time-cache-off-warm0,70,1,12.6857,147.768,75.958,223.726,was,the-scarlet-letter-33,1,,server-1,15,0,0,27.960,50.868,50.920
least-response-time-cache-off-warm0,70,1,12.7000,115.308,81.045,196.353,you,silas-marner,1,,server-1,16,0,0,27.960,50.868,50.920
least-response-time-cache-off-warm0,70,1,12.7143,169.409,83.968,253.377,whale,the-lost-world,1,,server-1,15,0,0,47.518,50.868,50.920
least-response-time-cache-off-warm0,70,1,12.7286,168.445,40.039,208.484,house,the-prince,1,,server-1,16,0,0,46.107,50.868,50.920
least-response-time-cache-off-warm0,70,1,12.7429,153.962,73.560,227.522,of,the-innocents-abroad,1,,server-1,17,0,0,46.107,50.868,50.920
least-response-time-cache-off-warm0,70,1,12.7571,170.309,60.852,231.161,whale,the-secret-adversary,1,,server-1,18,0,0,36.466,50.868,50.920
least-response-time-cache-off-warm0,70,1,12.7714,1.587,21.073,22.660,the,the-house-of-the-seven-gables,1,,server-2,16,1,0,51.640,50.868,50.920
least-response-time-cache-off-warm0,70,1,12.7857,9.007,24.645,33.652,of,desperate-remedies,1,,server-2,15,2,0,58.791,26.134,50.920
least-response-time-cache-off-warm0,70,1,12.8000,19.538,34.836,54.373,house,frankenstein-or-the-modern-prometheus,1,,server-2,13,2,0,55.992,11.095,50.920
least-response-time-cache-off-warm0,70,1,12.8143,5.552,32.562,38.114,was,pride-and-prejudice,1,,server-2,13,3,0,69.434,11.095,50.920
least-response-time-cache-off-warm0,70,1,12.8286,25.814,14.153,39.967,house,memoirs-of-fanny-hill,1,,server-2,12,3,0,40.319,4.233,50.920
least-response-time-cache-off-warm0,70,1,12.8429,12.509,27.768,40.276,and,the-house-of-the-seven-gables,1,,server-2,10,4,0,31.522,4.233,50.920
least-response-time-cache-off-warm0,70,1,12.8571,24.005,28.785,52.790,castle,the-romance-of-lust-a-classic-victorian-erotic-novel,1,,server-2,10,3,0,31.522,4.758,50.920
least-response-time-cache-off-warm0,70,1,12.8714,12.998,38.198,51.196,horse,white-fang,1,,server-2,9,4,0,33.943,7.372,50.920
least-response-time-cache-off-warm0,70,1,12.8857,24.910,27.744,52.654,castle,autobiography-of-benjamin-franklin,1,,server-2,7,3,0,68.627,6.058,50.920
least-response-time-cache-off-warm0,70,1,12.9000,22.873,32.083,54.956,money,wuthering-heights,1,,server-2,6,4,0,43.416,6.058,50.920
least-response-time-cache-off-warm0,70,1,12.9143,9.344,53.551,62.895,letter,the-iliad-2199,1,,server-2,6,4,0,48.913,6.932,50.920
least-response-time-cache-off-warm0,70,1,12.9286,26.631,57.143,83.774,sea,meditations,1,,server-2,5,4,0,35.972,5.367,50.920
least-response-time-cache-off-warm0,70,1,12.9429,12.714,59.044,71.758,night,treasure-island,1,,server-2,4,5,0,23.818,9.597,50.920
least-response-time-cache-off-warm0,70,1,12.9571,22.429,85.441,107.869,the,far-from-the-madding-crowd,1,,server-2,3,4,0,23.818,6.450,50.920
least-response-time-cache-off-warm0,70,1,12.9714,21.748,67.695,89.443,death,cranford,1,,server-2,3,5,0,32.818,6.450,50.920
least-response-time-cache-off-warm0,70,1,12.9857,31.587,64.732,96.319,you,the-house-of-mirth,1,,server-2,1,5,0,27.107,8.490,50.920
least-response-time-cache-off-warm0,70,1,13.0000,32.523,63.218,95.741,he,the-secret-garden-17396,1,,server-2,0,6,0,25.716,9.232,50.920
least-response-time-cache-off-warm0,70,1,13.0143,1.955,25.358,27.314,london,the-warden,1,,server-1,1,6,0,25.716,27.252,50.920
least-response-time-cache-off-warm0,70,1,13.0286,13.659,10.744,24.403,horse,around-the-world-in-eighty-days,1,,server-1,2,4,0,13.285,13.286,50.920
least-response-time-cache-off-warm0,70,1,13.0429,2.393,31.102,33.496,king,far-from-the-madding-crowd,1,,server-1,2,4,0,7.973,13.473,50.920
least-response-time-cache-off-warm0,70,1,13.0571,19.703,24.817,44.519,house,white-fang,1,,server-1,2,4,0,5.323,13.473,50.920
least-response-time-cache-off-warm0,70,1,13.0714,6.121,25.407,31.528,death,autobiography-of-benjamin-franklin,1,,server-1,3,4,0,5.323,35.648,50.920
least-response-time-cache-off-warm0,70,1,13.0857,18.089,18.310,36.399,she,the-secret-adversary,1,,server-1,3,3,0,3.736,26.633,50.920
least-response-time-cache-off-warm0,70,1,13.1000,4.010,51.769,55.779,heart,the-innocents-abroad,1,,server-1,4,0,0,3.736,22.838,50.920
least-response-time-cache-off-warm0,70,1,13.1143,8.431,48.085,56.517,sea,anne-of-green-gables,1,,server-1,3,0,0,3.178,22.838,50.920
least-response-time-cache-off-warm0,70,1,13.1286,29.201,46.611,75.812,castle,silas-marner,1,,server-1,4,0,0,4.149,22.838,50.920
least-response-time-cache-off-warm0,70,1,13.1429,15.103,43.263,58.366,was,autobiography-of-benjamin-franklin,1,,server-1,5,0,0,4.149,22.838,50.920
least-response-time-cache-off-warm0,70,1,13.1571,13.857,58.342,72.199,house,myths-and-legends-of-ancient-greece-and-rome,1,,server-1,5,0,0,13.617,22.838,50.920
least-response-time-cache-off-warm0,70,1,13.1714,3.022,86.204,89.227,you,the-adventures-of-sherlock-holmes,1,,server-1,4,0,0,6.541,22.838,50.920
least-response-time-cache-off-warm0,70,1,13.1857,21.492,98.124,119.616,he,desperate-remedies,1,,server-1,5,0,0,3.823,22.838,50.920
least-response-time-cache-off-warm0,70,1,13.2000,7.498,72.336,79.834,castle,walden-and-on-the-duty-of-civil-disobedience,1,,server-1,6,0,0,3.823,22.838,50.920
least-response-time-cache-off-warm0,70,1,13.2143,44.493,103.209,147.702,love,great-expectations,1,,server-1,6,0,0,6.324,22.838,50.920
least-response-time-cache-off-warm0,70,1,13.2286,47.680,47.576,95.256,and,twenty-thousand-leagues-under-the-sea,1,,server-1,6,0,0,18.459,22.838,50.920
least-response-time-cache-off-warm0,70,1,13.2429,34.563,59.313,93.876,whale,the-war-of-the-worlds,1,,server-1,7,0,0,14.673,22.838,50.920
least-response-time-cache-off-warm0,70,1,13.2571,48.554,71.760,120.315,of,the-works-of-edgar-allan-poe-volume-2,1,,server-1,8,0,0,14.673,22.838,50.920
least-response-time-cache-off-warm0,70,1,13.2714,1.449,11.293,12.742,london,agnes-grey,1,,server-2,7,1,0,22.987,22.838,50.920
least-response-time-cache-off-warm0,70,1,13.2857,1.499,14.566,16.065,he,frankenstein-or-the-modern-prometheus,1,,server-2,6,1,0,18.825,9.284,50.920
least-response-time-cache-off-warm0,70,1,13.3000,2.459,20.233,22.692,you,the-return-of-sherlock-holmes-108,1,,server-2,6,2,0,18.825,4.813,50.920
least-response-time-cache-off-warm0,70,1,13.3143,8.838,27.861,36.699,she,dracula,1,,server-2,6,2,0,22.515,2.878,50.920
least-response-time-cache-off-warm0,70,1,13.3286,23.477,12.789,36.266,of,the-warden,1,,server-2,3,2,0,21.279,3.341,50.920
least-response-time-cache-off-warm0,70,1,13.3429,8.959,40.348,49.307,night,the-innocents-abroad,1,,server-2,3,3,0,22.644,3.341,50.920
least-response-time-cache-off-warm0,70,1,13.3571,31.841,39.784,71.625,house,northanger-abbey,1,,server-2,3,3,0,22.644,3.570,50.920
least-response-time-cache-off-warm0,70,1,13.3714,17.640,56.602,74.241,she,desert-gold,1,,server-2,2,3,0,38.193,4.288,50.920
least-response-time-cache-off-warm0,70,1,13.3857,3.571,19.350,22.920,and,the-secret-adversary,1,,server-2,0,4,0,30.007,4.288,50.920
least-response-time-cache-off-warm0,70,1,13.4000,28.402,34.504,62.906,house,a-journey-to-the-centre-of-the-earth,1,,server-2,0,4,0,30.007,5.987,50.920
least-response-time-cache-off-warm0,70,1,13.4143,15.518,63.153,78.671,was,the-secret-garden-17396,1,,server-2,0,5,0,30.007,7.897,50.920
least-response-time-cache-off-warm0,70,1,13.4286,14.852,47.485,62.337,she,adventures-of-huckleberry-finn,1,,server-2,0,5,0,30.007,16.658,50.920
least-response-time-cache-off-warm0,70,1,13.4429,20.274,53.543,73.817,money,the-adventures-of-tom-sawyer-complete,1,,server-2,0,6,0,30.007,7.393,50.920
least-response-time-cache-off-warm0,70,1,13.4571,22.233,133.298,155.531,he,the-works-of-edgar-allan-poe-volume-2,1,,server-2,0,5,0,30.007,11.658,50.920
least-response-time-cache-off-warm0,70,1,13.4714,24.429,112.200,136.629,money,the-works-of-edgar-allan-poe-volume-2,1,,server-2,0,6,0,30.007,10.072,50.920
least-response-time-cache-off-warm0,70,1,13.4857,9.915,115.502,125.417,king,the-american,1,,server-2,0,7,0,30.007,12.058,50.920
least-response-time-cache-off-warm0,70,1,13.5000,23.295,138.108,161.402,the,villette,1,,server-2,0,5,0,30.007,9.229,50.920
least-response-time-cache-off-warm0,70,1,13.5143,8.261,138.570,146.832,you,the-warden,1,,server-2,0,6,0,30.007,9.229,50.920
least-response-time-cache-off-warm0,70,1,13.5286,85.043,88.028,173.071,whale,jane-eyre-an-autobiography,1,,server-2,0,6,0,30.007,6.108,50.920
least-response-time-cache-off-warm0,70,1,13.5429,71.435,104.607,176.042,house,the-kama-sutra-of-vatsyayana,1,,server-2,0,7,0,30.007,6.108,50.920
least-response-time-cache-off-warm0,70,1,13.5571,98.002,57.228,155.230,sea,kidnapped,1,,server-2,0,8,0,30.007,6.108,50.920
least-response-time-cache-off-warm0,70,1,13.5714,130.914,31.808,162.722,letter,the-mystery-of-edwin-drood,1,,server-2,0,9,0,30.007,6.108,50.920
least-response-time-cache-off-warm0,70,1,13.5857,134.671,55.218,189.889,king,the-first-men-in-the-moon,1,,server-2,0,10,0,30.007,6.108,50.920
least-response-time-cache-off-warm0,70,1,13.6000,121.189,38.704,159.893,and,jude-the-obscure,1,,server-2,0,11,0,30.007,6.108,50.920
least-response-time-cache-off-warm0,70,1,13.6143,107.263,92.920,200.184,horse,the-last-of-the-mohicans-a-narrative-of-1757,1,,server-2,0,10,0,30.007,24.419,50.920
least-response-time-cache-off-warm0,70,1,13.6286,104.138,62.229,166.367,of,twenty-thousand-leagues-under-the-sea,1,,server-2,0,11,0,30.007,24.467,50.920
least-response-time-cache-off-warm0,70,1,13.6429,93.661,55.512,149.173,was,the-kama-sutra-of-vatsyayana,1,,server-2,0,12,0,30.007,24.467,50.920
least-response-time-cache-off-warm0,70,1,13.6571,102.458,70.846,173.304,horse,pride-and-prejudice,1,,server-2,0,13,0,30.007,27.483,50.920
least-response-time-cache-off-warm0,70,1,13.6714,2.887,26.009,28.895,and,life-on-the-mississippi,1,,server-1,1,10,0,30.007,46.432,50.920
least-response-time-cache-off-warm0,70,1,13.6857,15.353,32.698,48.051,night,the-scarlet-letter,1,,server-1,2,10,0,15.525,46.432,50.920
least-response-time-cache-off-warm0,70,1,13.7000,1.219,14.351,15.570,heart,autobiography-of-benjamin-franklin,1,,server-1,3,10,0,17.408,46.432,50.920
least-response-time-cache-off-warm0,70,1,13.7143,17.283,39.003,56.285,letter,twenty-thousand-leagues-under-the-sea,1,,server-1,3,8,0,4.533,30.291,50.920
least-response-time-cache-off-warm0,70,1,13.7286,5.452,39.505,44.957,she,the-house-of-mirth,1,,server-1,4,7,0,6.434,39.158,50.920
least-response-time-cache-off-warm0,70,1,13.7429,31.434,81.338,112.772,of,the-mysterious-island,1,,server-1,3,7,0,5.370,23.217,50.920
least-response-time-cache-off-warm0,70,1,13.7571,17.531,52.625,70.157,you,the-house-of-the-seven-gables,1,,server-1,4,7,0,5.370,22.674,50.920
least-response-time-cache-off-warm0,70,1,13.7714,3.491,55.594,59.085,love,the-mysterious-island,1,,server-1,5,6,0,11.568,24.643,50.920
least-response-time-cache-off-warm0,70,1,13.7857,45.183,93.845,139.028,death,the-scarlet-letter-33,1,,server-1,4,6,0,3.711,28.760,50.920
least-response-time-cache-off-warm0,70,1,13.8000,31.124,60.454,91.578,horse,madame-bovary,1,,server-1,5,3,0,3.711,29.753,50.920
least-response-time-cache-off-warm0,70,1,13.8143,38.449,18.967,57.416,of,northanger-abbey,1,,server-1,6,2,0,3.711,37.712,50.920
least-response-time-cache-off-warm0,70,1,13.8286,29.918,92.214,122.132,you,thus-spake-zarathustra-a-book-for-all-and-none,1,,server-1,7,2,0,20.329,30.218,50.920
least-response-time-cache-off-warm0,70,1,13.8429,14.437,46.399,60.836,sea,kidnapped,1,,server-1,7,0,0,13.219,28.410,50.920
least-response-time-cache-off-warm0,70,1,13.8571,65.118,47.011,112.129,letter,the-odyssey,1,,server-1,6,0,0,15.425,28.410,50.920
least-response-time-cache-off-warm0,70,1,13.8714,53.533,114.317,167.851,money,the-hound-of-the-baskervilles-3070,1,,server-1,7,0,0,10.456,28.410,50.920
least-response-time-cache-off-warm0,70,1,13.8857,62.502,45.942,108.444,king,the-american,1,,server-1,7,0,0,8.443,28.410,50.920
least-response-time-cache-off-warm0,70,1,13.9000,50.861,87.555,138.415,whale,the-innocents-abroad,1,,server-1,7,0,0,11.070,28.410,50.920
least-response-time-cache-off-warm0,70,1,13.9143,56.903,66.895,123.799,night,autobiography-of-benjamin-franklin,1,,server-1,8,0,0,17.888,28.410,50.920
least-response-time-cache-off-warm0,70,1,13.9286,1.984,27.003,28.987,he,the-last-of-the-mohicans-a-narrative-of-1757-27681,1,,server-2,7,1,0,29.376,28.410,50.920
least-response-time-cache-off-warm0,70,1,13.9429,14.903,38.127,53.029,and,black-beauty,1,,server-2,7,2,0,29.376,14.656,50.920
least-response-time-cache-off-warm0,70,1,13.9571,1.432,35.335,36.767,night,a-tale-of-two-cities,1,,server-2,5,3,0,21.589,16.349,50.920
least-response-time-cache-off-warm0,70,1,13.9714,24.926,30.544,55.469,letter,the-moonstone,1,,server-2,4,3,0,20.434,4.712,50.920
least-response-time-cache-off-warm0,70,1,13.9857,11.124,41.207,52.332,heart,the-mysterious-affair-at-styles,1,,server-2,4,4,0,16.451,4.712,50.920
least-response-time-cache-off-warm0,70,1,14.0000,36.637,65.429,102.066,love,a-tale-of-two-cities,1,,server-2,4,3,0,21.790,4.557,50.920
least-response-time-cache-off-warm0,70,1,14.0143,22.060,23.214,45.274,king,the-memoirs-of-sherlock-holmes,1,,server-2,4,4,0,19.576,4.557,50.920
least-response-time-cache-off-warm0,70,1,14.0286,9.578,34.006,43.585,horse,the-secret-garden-17396,1,,server-2,4,5,0,19.576,10.222,50.920
least-response-time-cache-off-warm0,70,1,14.0429,58.680,50.159,108.838,you,the-adventures-of-tom-sawyer-complete,1,,server-2,0,4,0,24.884,5.665,50.920
least-response-time-cache-off-warm0,70,1,14.0571,22.568,40.561,63.129,death,dubliners,1,,server-2,0,5,0,24.884,5.665,50.920
least-response-time-cache-off-warm0,70,1,14.0714,31.471,126.190,157.661,horse,dubliners,1,,server-2,0,5,0,24.884,9.013,50.920
least-response-time-cache-off-warm0,70,1,14.0857,16.744,100.933,117.677,king,the-mystery-of-edwin-drood,1,,server-2,0,5,0,24.884,12.918,50.920
least-response-time-cache-off-warm0,70,1,14.1000,5.909,98.665,104.574,king,herland,1,,server-2,0,6,0,24.884,12.918,50.920
least-response-time-cache-off-warm0,70,1,14.1143,32.858,78.234,111.092,and,the-song-of-the-lark,1,,server-2,0,6,0,24.884,4.092,50.920
least-response-time-cache-off-warm0,70,1,14.1286,24.597,90.976,115.573,king,adventures-of-huckleberry-finn,1,,server-2,0,7,0,24.884,7.640,50.920
least-response-time-cache-off-warm0,70,1,14.1429,47.627,107.196,154.823,love,tess-of-the-d-urbervilles-a-pure-woman,1,,server-2,0,8,0,24.884,7.640,50.920
least-response-time-cache-off-warm0,70,1,14.1571,69.044,56.701,125.745,death,a-tale-of-two-cities,1,,server-2,0,8,0,24.884,14.199,50.920
least-response-time-cache-off-warm0,70,1,14.1714,54.985,91.951,146.936,sea,the-jungle,1,,server-2,0,9,0,24.884,14.199,50.920
least-response-time-cache-off-warm0,70,1,14.1857,41.709,99.950,141.659,love,dubliners,1,,server-2,0,10,0,24.884,14.199,50.920
least-response-time-cache-off-warm0,70,1,14.2000,29.422,86.266,115.688,night,grimms-fairy-tales,1,,server-2,0,11,0,24.884,18.288,50.920
least-response-time-cache-off-warm0,70,1,14.2143,1.684,16.561,18.245,horse,grimms-fairy-tales,1,,server-1,1,11,0,24.884,53.181,50.920
least-response-time-cache-off-warm0,70,1,14.2286,4.924,22.566,27.490,money,emma,1,,server-1,2,10,0,12.832,45.666,50.920
least-response-time-cache-off-warm0,70,1,14.2429,13.574,30.473,44.047,heart,little-women,1,,server-1,2,9,0,6.001,16.514,50.920
least-response-time-cache-off-warm0,70,1,14.2571,2.081,49.931,52.012,was,the-adventures-of-ferdinand-count-fathom-complete,1,,server-1,2,6,0,5.079,16.088,50.920
least-response-time-cache-off-warm0,70,1,14.2714,16.382,38.402,54.785,night,sense-and-sensibility,1,,server-1,3,5,0,3.775,16.088,50.920
least-response-time-cache-off-warm0,70,1,14.2857,3.159,47.296,50.455,house,the-wind-in-the-willows,1,,server-1,4,4,0,3.775,18.979,50.920
least-response-time-cache-off-warm0,70,1,14.3000,10.374,36.609,46.983,love,the-picture-of-dorian-gray,1,,server-1,4,4,0,3.818,34.335,50.920
least-response-time-cache-off-warm0,70,1,14.3143,12.932,32.378,45.310,heart,kidnapped,1,,server-1,4,3,0,6.650,30.642,50.920
least-response-time-cache-off-warm0,70,1,14.3286,30.718,52.574,83.292,the,twenty-thousand-leagues-under-the-sea,1,,server-1,4,0,0,6.765,31.668,50.920
least-response-time-cache-off-warm0,70,1,14.3429,14.948,20.990,35.938,horse,wuthering-heights,1,,server-1,5,0,0,9.992,31.668,50.920
least-response-time-cache-off-warm0,70,1,14.3571,3.079,49.104,52.183,of,grimms-fairy-tales,1,,server-1,5,0,0,13.744,31.668,50.920
least-response-time-cache-off-warm0,70,1,14.3714,8.499,44.089,52.589,heart,his-last-bow,1,,server-1,5,0,0,5.263,31.668,50.920
least-response-time-cache-off-warm0,70,1,14.3857,27.315,41.493,68.808,king,cranford,1,,server-1,4,0,0,5.351,31.668,50.920
least-response-time-cache-off-warm0,70,1,14.4000,22.568,16.784,39.352,of,the-jungle-book,1,,server-1,5,0,0,5.351,31.668,50.920
least-response-time-cache-off-warm0,70,1,14.4143,10.782,65.547,76.329,of,pride-and-prejudice,1,,server-1,4,0,0,11.874,31.668,50.920
least-response-time-cache-off-warm0,70,1,14.4286,26.106,51.283,77.389,whale,frankenstein-or-the-modern-prometheus-41445,1,,server-1,4,0,0,5.434,31.668,50.920
least-response-time-cache-off-warm0,70,1,14.4429,12.967,74.362,87.329,castle,the-tenant-of-wildfell-hall,1,,server-1,5,0,0,5.929,31.668,50.920
least-response-time-cache-off-warm0,70,1,14.4571,31.011,57.622,88.633,sea,thus-spake-zarathustra-a-book-for-all-and-none,1,,server-1,5,0,0,6.446,31.668,50.920
least-response-time-cache-off-warm0,70,1,14.4714,20.771,127.915,148.686,love,his-last-bow,1,,server-1,6,0,0,6.446,31.668,50.920
least-response-time-cache-off-warm0,70,1,14.4857,6.377,67.146,73.523,castle,the-picture-of-dorian-gray,1,,server-1,7,0,0,11.178,31.668,50.920
least-response-time-cache-off-warm0,70,1,14.5000,30.653,205.817,236.470,was,the-iliad,1,,server-1,6,0,0,7.810,31.668,50.920
least-response-time-cache-off-warm0,70,1,14.5143,31.863,72.124,103.987,and,the-iliad,1,,server-1,6,0,0,11.759,31.668,50.920
least-response-time-cache-off-warm0,70,1,14.5286,29.356,126.440,155.796,night,adventures-of-huckleberry-finn,1,,server-1,7,0,0,11.759,31.668,50.920
least-response-time-cache-off-warm0,70,1,14.5429,19.112,124.893,144.006,you,jude-the-obscure,1,,server-1,8,0,0,16.161,31.668,50.920
least-response-time-cache-off-warm0,70,1,14.5571,7.044,116.883,123.927,heart,north-and-south,1,,server-1,7,0,0,12.666,31.668,50.920
least-response-time-cache-off-warm0,70,1,14.5714,50.826,118.761,169.587,london,meditations,1,,server-1,7,0,0,5.600,31.668,50.920
least-response-time-cache-off-warm0,70,1,14.5857,95.433,100.824,196.257,money,the-adventures-of-tom-sawyer-complete,1,,server-1,8,0,0,5.600,31.668,50.920
least-response-time-cache-off-warm0,70,1,14.6000,84.334,99.200,183.535,the,frankenstein-or-the-modern-prometheus,1,,server-1,9,0,0,5.600,31.668,50.920
least-response-time-cache-off-warm0,70,1,14.6143,79.963,90.934,170.897,she,frankenstein-or-the-modern-prometheus,1,,server-1,10,0,0,5.600,31.668,50.920
least-response-time-cache-off-warm0,70,1,14.6286,1.777,24.487,26.265,of,far-from-the-madding-crowd,1,,server-2,9,1,0,33.351,31.668,50.920
least-response-time-cache-off-warm0,70,1,14.6429,12.289,27.704,39.993,sea,the-moonstone,1,,server-2,9,2,0,33.351,16.301,50.920
least-response-time-cache-off-warm0,70,1,14.6571,26.038,18.771,44.809,house,frankenstein-or-the-modern-prometheus,1,,server-2,9,2,0,30.953,8.475,50.920
least-response-time-cache-off-warm0,70,1,14.6714,12.168,37.544,49.712,he,the-divine-comedy,1,,server-2,9,3,0,38.957,6.831,50.920
least-response-time-cache-off-warm0,70,1,14.6857,15.087,40.686,55.773,was,the-hound-of-the-baskervilles,1,,server-2,9,3,0,57.564,5.687,50.920
least-response-time-cache-off-warm0,70,1,14.7000,23.328,46.090,69.418,the,the-divine-comedy,1,,server-2,7,4,0,27.371,4.746,50.920
least-response-time-cache-off-warm0,70,1,14.7143,9.244,67.690,76.934,was,a-connecticut-yankee-in-king-arthur-s-court,1,,server-2,7,5,0,27.371,8.687,50.920
least-response-time-cache-off-warm0,70,1,14.7286,16.476,66.518,82.995,night,the-portrait-of-a-lady-volume-1,1,,server-2,5,4,0,27.062,6.060,50.920
least-response-time-cache-off-warm0,70,1,14.7429,7.949,165.577,173.527,sea,the-mysterious-island,1,,server-2,4,4,0,46.662,8.312,50.920
least-response-time-cache-off-warm0,70,1,14.7571,52.207,49.407,101.614,and,the-war-of-the-worlds,1,,server-2,4,5,0,46.662,4.635,50.920
least-response-time-cache-off-warm0,70,1,14.7714,41.295,65.712,107.007,you,the-war-of-the-worlds,1,,server-2,3,6,0,46.662,12.741,50.920
least-response-time-cache-off-warm0,70,1,14.7857,26.073,101.533,127.605,whale,the-warden,1,,server-2,1,7,0,35.314,12.741,50.920
least-response-time-cache-off-warm0,70,1,14.8000,13.755,63.238,76.993,london,the-return-of-sherlock-holmes-108,1,,server-2,0,8,0,35.314,28.983,50.920
least-response-time-cache-off-warm0,70,1,14.8143,61.142,62.528,123.670,sea,life-on-the-mississippi,1,,server-2,0,6,0,35.314,7.092,50.920
least-response-time-cache-off-warm0,70,1,14.8286,50.026,65.908,115.934,heart,the-great-gatsby,1,,server-2,0,7,0,35.314,7.092,50.920
least-response-time-cache-off-warm0,70,1,14.8429,73.837,46.038,119.875,and,a-journey-to-the-centre-of-the-earth,1,,server-2,0,8,0,35.314,9.140,50.920
least-response-time-cache-off-warm0,70,1,14.8571,88.881,50.108,138.988,horse,the-house-of-the-seven-gables,1,,server-2,0,9,0,35.314,9.140,50.920
least-response-time-cache-off-warm0,70,1,14.8714,74.912,77.980,152.892,castle,persuasion,1,,server-2,0,10,0,35.314,17.089,50.920
least-response-time-cache-off-warm0,70,1,14.8857,62.096,78.201,140.296,heart,the-mystery-of-edwin-drood,1,,server-2,0,8,0,35.314,19.464,50.920
least-response-time-cache-off-warm0,70,1,14.9000,63.754,58.309,122.062,he,twenty-thousand-leagues-under-the-sea,1,,server-2,0,9,0,35.314,17.084,50.920
least-response-time-cache-off-warm0,70,1,14.9143,1.644,32.131,33.775,and,mansfield-park,1,,server-1,1,9,0,35.314,40.698,50.920
least-response-time-cache-off-warm0,70,1,14.9286,19.534,51.164,70.698,heart,the-tenant-of-wildfell-hall,1,,server-1,2,8,0,18.173,30.892,50.920
least-response-time-cache-off-warm0,70,1,14.9429,5.419,23.766,29.185,of,the-song-of-the-lark,1,,server-1,3,8,0,17.143,36.768,50.920
least-response-time-cache-off-warm0,70,1,14.9571,42.331,35.583,77.914,death,silas-marner,1,,server-1,3,5,0,5.877,18.967,50.920
least-response-time-cache-off-warm0,70,1,14.9714,28.222,11.911,40.133,the,the-jungle-book,1,,server-1,4,4,0,5.877,14.371,50.920
least-response-time-cache-off-warm0,70,1,14.9857,14.420,37.253,51.673,of,the-secret-garden,1,,server-1,4,4,0,7.404,14.371,50.920
