label,rate,run,t_s,conn_ms,rpc_ms,total_ms,keyword,reference,ok,error_type,selected_server,server_1_connections,server_2_connections,server_3_connections,server_1_response_ewma_ms,server_2_response_ewma_ms,server_3_response_ewma_ms
combined-lc-lrt-cache-off-warm500,70,3,0.0000,4.975,29.858,34.833,he,the-secret-garden,1,,server-3,0,0,1,9.199,7.510,4.607
combined-lc-lrt-cache-off-warm500,70,3,0.0143,21.071,15.539,36.610,you,grimms-fairy-tales,1,,server-3,0,0,2,9.199,7.510,2.641
combined-lc-lrt-cache-off-warm500,70,3,0.0286,1.807,13.746,15.553,of,cranford,1,,server-2,0,1,2,9.199,7.510,2.641
combined-lc-lrt-cache-off-warm500,70,3,0.0429,1.473,18.275,19.749,money,the-return-of-sherlock-holmes,1,,server-2,0,2,1,9.199,3.972,5.123
combined-lc-lrt-cache-off-warm500,70,3,0.0571,6.203,16.096,22.299,night,cranford,1,,server-2,0,2,0,9.199,2.491,5.716
combined-lc-lrt-cache-off-warm500,70,3,0.0714,8.310,22.690,31.000,heart,the-scarlet-letter,1,,server-2,0,2,0,9.199,2.847,5.716
combined-lc-lrt-cache-off-warm500,70,3,0.0857,2.817,31.285,34.102,was,far-from-the-madding-crowd,1,,server-3,0,1,1,9.199,3.093,5.716
combined-lc-lrt-cache-off-warm500,70,3,0.1000,3.223,20.748,23.971,and,the-secret-garden-17396,1,,server-2,0,2,1,9.199,3.093,3.095
combined-lc-lrt-cache-off-warm500,70,3,0.1143,6.380,16.421,22.801,and,myths-and-legends-of-ancient-greece-and-rome,1,,server-3,0,1,2,9.199,3.113,3.095
combined-lc-lrt-cache-off-warm500,70,3,0.1286,1.126,12.885,14.011,the,persuasion,1,,server-2,0,1,1,9.199,5.235,4.112
combined-lc-lrt-cache-off-warm500,70,3,0.1429,1.998,20.014,22.012,night,hard-times,1,,server-3,0,1,1,9.199,3.801,5.204
combined-lc-lrt-cache-off-warm500,70,3,0.1571,1.258,32.976,34.234,death,jane-eyre-an-autobiography,1,,server-2,0,1,1,9.199,3.801,2.755
combined-lc-lrt-cache-off-warm500,70,3,0.1714,20.103,28.228,48.331,castle,the-romance-of-lust-a-classic-victorian-erotic-novel,1,,server-2,0,2,0,9.199,2.002,4.905
combined-lc-lrt-cache-off-warm500,70,3,0.1857,1.727,18.244,19.970,she,thus-spake-zarathustra-a-book-for-all-and-none,1,,server-3,0,2,1,9.199,2.002,4.905
combined-lc-lrt-cache-off-warm500,70,3,0.2000,6.241,26.773,33.014,london,oliver-twist,1,,server-3,0,1,2,9.199,5.284,2.580
combined-lc-lrt-cache-off-warm500,70,3,0.2143,19.086,11.078,30.164,letter,the-lost-world,1,,server-3,0,1,2,9.199,5.284,2.847
combined-lc-lrt-cache-off-warm500,70,3,0.2286,1.606,25.459,27.066,and,great-expectations,1,,server-2,0,1,2,9.199,7.834,2.847
combined-lc-lrt-cache-off-warm500,70,3,0.2429,13.080,10.252,23.332,he,the-hound-of-the-baskervilles,1,,server-2,0,2,1,9.199,4.076,5.338
combined-lc-lrt-cache-off-warm500,70,3,0.2571,1.581,22.397,23.978,love,the-last-of-the-mohicans-a-narrative-of-1757,1,,server-3,0,1,1,9.199,4.634,5.104
combined-lc-lrt-cache-off-warm500,70,3,0.2714,1.743,25.914,27.658,love,wuthering-heights,1,,server-2,0,1,1,9.199,4.551,2.718
combined-lc-lrt-cache-off-warm500,70,3,0.2857,14.633,36.857,51.490,house,north-and-south,1,,server-2,0,2,0,9.199,2.434,5.261
combined-lc-lrt-cache-off-warm500,70,3,0.3000,1.782,25.250,27.032,she,the-last-of-the-mohicans-a-narrative-of-1757-27681,1,,server-3,0,1,1,9.199,5.304,5.261
combined-lc-lrt-cache-off-warm500,70,3,0.3143,13.584,17.326,30.910,letter,walden-and-on-the-duty-of-civil-disobedience,1,,server-3,0,1,2,9.199,4.263,2.794
combined-lc-lrt-cache-off-warm500,70,3,0.3286,1.413,26.013,27.426,was,the-great-gatsby,1,,server-3,0,1,2,9.199,4.263,4.222
combined-lc-lrt-cache-off-warm500,70,3,0.3429,11.657,23.382,35.039,london,treasure-island,1,,server-3,0,0,3,9.199,8.543,2.231
combined-lc-lrt-cache-off-warm500,70,3,0.3571,2.448,30.564,33.012,of,far-from-the-madding-crowd,1,,server-2,0,1,2,9.199,8.543,6.697
combined-lc-lrt-cache-off-warm500,70,3,0.3714,19.242,14.980,34.222,she,myths-and-legends-of-ancient-greece-and-rome,1,,server-2,0,2,1,9.199,4.490,6.697
combined-lc-lrt-cache-off-warm500,70,3,0.3857,1.489,22.932,24.422,he,oliver-twist,1,,server-3,0,2,1,9.199,4.490,7.784
combined-lc-lrt-cache-off-warm500,70,3,0.4000,10.348,17.163,27.511,whale,madame-bovary,1,,server-3,0,1,2,9.199,6.294,4.056
combined-lc-lrt-cache-off-warm500,70,3,0.4143,1.355,17.716,19.071,castle,wuthering-heights,1,,server-2,0,1,1,9.199,6.386,4.168
combined-lc-lrt-cache-off-warm500,70,3,0.4286,2.142,13.497,15.639,the,the-first-men-in-the-moon,1,,server-3,0,1,1,9.199,3.325,5.349
combined-lc-lrt-cache-off-warm500,70,3,0.4429,1.765,16.875,18.640,london,washington-square,1,,server-2,0,1,1,9.199,4.920,2.817
combined-lc-lrt-cache-off-warm500,70,3,0.4571,1.809,15.757,17.566,sea,desert-gold,1,,server-3,0,1,1,9.199,2.618,3.898
combined-lc-lrt-cache-off-warm500,70,3,0.4714,3.753,21.573,25.326,london,the-first-men-in-the-moon,1,,server-3,0,0,2,9.199,4.317,2.097
combined-lc-lrt-cache-off-warm500,70,3,0.4857,1.800,37.371,39.171,she,mary-barton,1,,server-2,0,1,1,9.199,4.317,2.352
combined-lc-lrt-cache-off-warm500,70,3,0.5000,25.449,30.667,56.115,london,oliver-twist,1,,server-2,0,2,0,9.199,2.307,4.878
combined-lc-lrt-cache-off-warm500,70,3,0.5143,1.431,31.819,33.250,she,the-house-of-mirth,1,,server-3,0,2,1,9.199,2.307,4.878
combined-lc-lrt-cache-off-warm500,70,3,0.5286,19.344,18.329,37.673,was,walden-and-on-the-duty-of-civil-disobedience,1,,server-3,0,1,2,9.199,6.529,2.576
combined-lc-lrt-cache-off-warm500,70,3,0.5429,4.958,42.751,47.709,was,north-and-south,1,,server-3,0,1,3,9.199,6.529,2.576
combined-lc-lrt-cache-off-warm500,70,3,0.5571,30.405,16.332,46.737,you,meditations,1,,server-3,0,0,3,9.199,9.020,2.958
combined-lc-lrt-cache-off-warm500,70,3,0.5714,1.566,15.164,16.730,she,treasure-island,1,,server-2,0,1,3,9.199,9.020,5.592
combined-lc-lrt-cache-off-warm500,70,3,0.5857,1.514,12.858,14.372,king,the-secret-garden-17396,1,,server-1,1,1,3,9.199,4.694,5.592
combined-lc-lrt-cache-off-warm500,70,3,0.6000,1.489,11.106,12.595,horse,the-prince,1,,server-2,1,1,1,5.041,5.392,10.329
combined-lc-lrt-cache-off-warm500,70,3,0.6143,2.029,38.984,41.013,money,white-fang,1,,server-2,0,1,0,5.041,3.531,8.733
combined-lc-lrt-cache-off-warm500,70,3,0.6286,28.432,15.448,43.880,whale,the-lost-world,1,,server-2,0,2,0,5.041,1.904,8.733
combined-lc-lrt-cache-off-warm500,70,3,0.6429,3.529,30.797,34.326,horse,the-american,1,,server-1,1,2,0,5.041,1.904,8.733
combined-lc-lrt-cache-off-warm500,70,3,0.6571,20.056,41.334,61.390,horse,north-and-south,1,,server-1,2,1,0,2.715,6.398,8.733
combined-lc-lrt-cache-off-warm500,70,3,0.6714,6.699,41.013,47.712,castle,a-princess-of-mars,1,,server-1,3,1,0,2.715,6.398,8.733
combined-lc-lrt-cache-off-warm500,70,3,0.6857,1.453,9.113,10.567,house,the-jungle-book,1,,server-2,2,1,0,3.108,6.415,8.733
combined-lc-lrt-cache-off-warm500,70,3,0.7000,1.690,20.915,22.605,and,the-return-of-sherlock-holmes,1,,server-2,2,1,0,3.108,3.568,8.733
combined-lc-lrt-cache-off-warm500,70,3,0.7143,8.979,42.575,51.555,horse,little-women,1,,server-2,2,2,0,3.108,1.909,8.733
combined-lc-lrt-cache-off-warm500,70,3,0.7286,37.712,18.451,56.163,king,persuasion,1,,server-2,0,2,0,10.716,3.179,8.733
combined-lc-lrt-cache-off-warm500,70,3,0.7429,3.865,19.615,23.479,you,the-works-of-edgar-allan-poe-volume-2,1,,server-3,0,2,1,10.716,3.179,8.733
combined-lc-lrt-cache-off-warm500,70,3,0.7571,9.775,28.869,38.644,sea,the-portrait-of-a-lady-volume-1,1,,server-3,0,2,2,10.716,3.179,4.673
combined-lc-lrt-cache-off-warm500,70,3,0.7714,25.046,26.827,51.874,house,twenty-thousand-leagues-under-the-sea,1,,server-3,0,1,2,10.716,8.270,4.024
combined-lc-lrt-cache-off-warm500,70,3,0.7857,3.054,25.527,28.581,love,myths-and-legends-of-ancient-greece-and-rome,1,,server-2,0,1,2,10.716,8.127,4.024
combined-lc-lrt-cache-off-warm500,70,3,0.8000,14.238,10.374,24.611,she,beyond-good-and-evil,1,,server-2,0,2,1,10.716,4.315,6.157
combined-lc-lrt-cache-off-warm500,70,3,0.8143,2.143,16.900,19.043,was,the-king-in-yellow,1,,server-1,1,2,1,10.716,5.708,6.157
combined-lc-lrt-cache-off-warm500,70,3,0.8286,1.102,23.974,25.076,she,anne-of-green-gables,1,,server-2,1,1,0,5.583,5.251,8.146
combined-lc-lrt-cache-off-warm500,70,3,0.8429,10.929,26.867,37.795,heart,the-moonstone,1,,server-2,0,2,0,6.163,2.748,8.146
combined-lc-lrt-cache-off-warm500,70,3,0.8571,1.383,22.682,24.065,she,the-odyssey,1,,server-1,1,1,0,6.163,3.866,8.146
combined-lc-lrt-cache-off-warm500,70,3,0.8714,10.063,16.092,26.155,and,the-secret-adversary,1,,server-1,2,1,0,3.227,3.866,8.146
combined-lc-lrt-cache-off-warm500,70,3,0.8857,1.830,10.736,12.566,whale,meditations,1,,server-2,1,1,0,4.176,6.715,8.146
combined-lc-lrt-cache-off-warm500,70,3,0.9000,1.062,29.536,30.598,whale,dracula,1,,server-2,0,1,0,5.185,3.882,8.146
combined-lc-lrt-cache-off-warm500,70,3,0.9143,16.096,23.000,39.096,london,the-portrait-of-a-lady-volume-1,1,,server-2,0,2,0,5.185,2.050,8.146
combined-lc-lrt-cache-off-warm500,70,3,0.9286,1.359,18.871,20.230,horse,the-mystery-of-edwin-drood,1,,server-1,1,2,0,5.185,3.852,8.146
combined-lc-lrt-cache-off-warm500,70,3,0.9429,6.449,26.824,33.273,whale,life-on-the-mississippi,1,,server-1,2,1,0,2.752,5.907,8.146
combined-lc-lrt-cache-off-warm500,70,3,0.9571,19.578,15.420,34.998,death,grimms-fairy-tales,1,,server-1,2,0,0,2.926,7.392,8.146
combined-lc-lrt-cache-off-warm500,70,3,0.9714,1.746,15.484,17.231,horse,grimms-fairy-tales,1,,server-2,2,1,0,2.926,7.392,8.146
combined-lc-lrt-cache-off-warm500,70,3,0.9857,3.197,25.999,29.196,you,dracula,1,,server-2,1,2,0,5.068,3.904,8.146
combined-lc-lrt-cache-off-warm500,70,3,1.0000,15.730,29.757,45.487,the,dracula,1,,server-2,0,2,0,5.658,2.792,8.146
combined-lc-lrt-cache-off-warm500,70,3,1.0143,2.140,31.444,33.585,castle,the-jungle,1,,server-1,1,2,0,5.658,7.307,8.146
combined-lc-lrt-cache-off-warm500,70,3,1.0286,19.714,11.402,31.116,she,washington-square,1,,server-1,2,1,0,3.009,4.517,8.146
combined-lc-lrt-cache-off-warm500,70,3,1.0429,3.066,14.718,17.784,death,the-mystery-of-edwin-drood,1,,server-3,2,1,1,3.009,4.517,8.146
combined-lc-lrt-cache-off-warm500,70,3,1.0571,1.949,24.129,26.078,money,sense-and-sensibility,1,,server-2,1,1,1,5.727,7.559,4.282
combined-lc-lrt-cache-off-warm500,70,3,1.0714,2.261,20.899,23.160,castle,anne-of-green-gables,1,,server-3,0,1,1,5.436,3.938,5.014
combined-lc-lrt-cache-off-warm500,70,3,1.0857,9.571,22.573,32.144,you,northanger-abbey,1,,server-3,0,0,2,5.436,6.290,2.704
combined-lc-lrt-cache-off-warm500,70,3,1.1000,2.240,21.714,23.954,horse,myths-and-legends-of-ancient-greece-and-rome,1,,server-1,1,0,1,5.436,6.290,3.432
combined-lc-lrt-cache-off-warm500,70,3,1.1143,9.937,25.921,35.858,letter,the-lost-world,1,,server-1,2,0,1,2.911,6.290,3.432
combined-lc-lrt-cache-off-warm500,70,3,1.1286,2.325,23.296,25.621,love,poirot-investigates,1,,server-3,1,0,1,3.590,6.290,5.744
combined-lc-lrt-cache-off-warm500,70,3,1.1429,12.188,31.575,43.764,was,wuthering-heights,1,,server-3,1,0,2,3.590,6.290,3.067
combined-lc-lrt-cache-off-warm500,70,3,1.1571,2.881,26.298,29.179,night,the-adventures-of-sherlock-holmes,1,,server-2,0,1,1,6.405,6.290,3.877
combined-lc-lrt-cache-off-warm500,70,3,1.1714,3.193,11.708,14.902,night,the-lost-world,1,,server-1,1,1,1,6.405,3.405,3.877
combined-lc-lrt-cache-off-warm500,70,3,1.1857,1.747,21.161,22.909,king,jude-the-obscure,1,,server-2,1,2,1,3.408,3.405,3.877
combined-lc-lrt-cache-off-warm500,70,3,1.2000,1.334,9.376,10.709,she,the-wind-in-the-willows,1,,server-1,1,1,0,3.914,3.280,7.477
combined-lc-lrt-cache-off-warm500,70,3,1.2143,1.049,23.632,24.681,night,the-secret-adversary,1,,server-1,1,0,0,2.779,5.419,7.477
combined-lc-lrt-cache-off-warm500,70,3,1.2286,11.322,20.222,31.544,heart,his-last-bow,1,,server-1,2,0,0,1.472,5.419,7.477
combined-lc-lrt-cache-off-warm500,70,3,1.2429,2.455,34.575,37.030,was,little-women,1,,server-2,1,1,0,3.474,5.419,7.477
combined-lc-lrt-cache-off-warm500,70,3,1.2571,23.127,22.205,45.331,he,the-return-of-sherlock-holmes,1,,server-2,1,2,0,3.474,2.897,7.477
combined-lc-lrt-cache-off-warm500,70,3,1.2714,1.717,13.819,15.536,you,his-last-bow,1,,server-1,1,2,0,5.368,2.897,7.477
combined-lc-lrt-cache-off-warm500,70,3,1.2857,2.250,19.320,21.570,she,madame-bovary,1,,server-1,2,1,0,2.836,6.037,7.477
combined-lc-lrt-cache-off-warm500,70,3,1.3000,8.106,13.160,21.266,london,the-king-in-yellow,1,,server-1,2,1,0,2.244,6.037,7.477
combined-lc-lrt-cache-off-warm500,70,3,1.3143,7.640,28.145,35.785,london,mary-barton,1,,server-1,2,0,0,2.994,7.366,7.477
combined-lc-lrt-cache-off-warm500,70,3,1.3286,21.533,13.906,35.439,the,the-war-of-the-worlds,1,,server-1,2,0,0,2.703,7.366,7.477
combined-lc-lrt-cache-off-warm500,70,3,1.3429,2.323,18.642,20.965,and,the-last-of-the-mohicans-a-narrative-of-1757-27681,1,,server-2,2,1,0,2.703,7.366,7.477
combined-lc-lrt-cache-off-warm500,70,3,1.3571,1.487,17.353,18.839,the,twenty-thousand-leagues-under-the-sea,1,,server-3,1,1,1,5.411,3.888,7.477
combined-lc-lrt-cache-off-warm500,70,3,1.3714,1.316,19.534,20.850,heart,the-adventures-of-sherlock-holmes,1,,server-2,0,1,1,5.675,5.377,3.909
combined-lc-lrt-cache-off-warm500,70,3,1.3857,1.809,19.377,21.186,king,the-secret-adversary,1,,server-3,0,1,1,5.675,2.817,5.229
combined-lc-lrt-cache-off-warm500,70,3,1.4000,3.075,22.165,25.241,she,the-picture-of-dorian-gray,1,,server-2,0,1,1,5.675,4.878,2.758
combined-lc-lrt-cache-off-warm500,70,3,1.4143,2.614,12.970,15.584,love,the-jungle-book,1,,server-3,0,1,1,5.675,2.662,4.813
combined-lc-lrt-cache-off-warm500,70,3,1.4286,1.565,28.630,30.195,love,twenty-thousand-leagues-under-the-sea,1,,server-2,0,1,1,5.675,5.113,2.586
combined-lc-lrt-cache-off-warm500,70,3,1.4429,3.461,17.724,21.185,sea,kidnapped,1,,server-3,0,1,1,5.675,2.706,3.646
combined-lc-lrt-cache-off-warm500,70,3,1.4571,7.347,28.553,35.900,heart,the-last-of-the-mohicans-a-narrative-of-1757,1,,server-3,0,1,2,5.675,2.706,2.060
combined-lc-lrt-cache-off-warm500,70,3,1.4714,21.930,16.248,38.178,money,memoirs-of-fanny-hill,1,,server-3,0,0,2,5.675,6.228,2.773
combined-lc-lrt-cache-off-warm500,70,3,1.4857,1.610,14.166,15.776,house,a-princess-of-mars,1,,server-1,1,0,2,5.675,6.228,2.773
combined-lc-lrt-cache-off-warm500,70,3,1.5000,2.141,10.988,13.129,of,washington-square,1,,server-1,2,0,1,3.006,6.228,5.684
combined-lc-lrt-cache-off-warm500,70,3,1.5143,1.200,38.142,39.343,sea,the-romance-of-lust-a-classic-victorian-erotic-novel,1,,server-1,1,0,0,3.147,6.228,6.167
combined-lc-lrt-cache-off-warm500,70,3,1.5286,25.038,17.095,42.133,he,a-connecticut-yankee-in-king-arthur-s-court,1,,server-1,2,0,0,1.685,6.228,6.167
combined-lc-lrt-cache-off-warm500,70,3,1.5429,11.594,31.452,43.047,and,myths-and-legends-of-ancient-greece-and-rome,1,,server-1,3,0,0,1.685,6.228,6.167
combined-lc-lrt-cache-off-warm500,70,3,1.5571,1.419,22.186,23.605,night,tess-of-the-d-urbervilles-a-pure-woman,1,,server-3,2,0,1,4.247,6.228,6.167
combined-lc-lrt-cache-off-warm500,70,3,1.5714,1.678,12.125,13.803,castle,the-mysterious-affair-at-styles,1,,server-2,1,1,1,5.400,6.228,3.250
combined-lc-lrt-cache-off-warm500,70,3,1.5857,1.590,14.153,15.744,he,dubliners,1,,server-3,1,1,1,10.417,3.959,5.561
combined-lc-lrt-cache-off-warm500,70,3,1.6000,1.225,31.452,32.677,sea,a-connecticut-yankee-in-king-arthur-s-court,1,,server-2,0,1,1,8.357,3.959,2.921
combined-lc-lrt-cache-off-warm500,70,3,1.6143,2.126,32.166,34.292,king,villette,1,,server-3,0,1,1,8.357,2.092,4.036
combined-lc-lrt-cache-off-warm500,70,3,1.6286,4.743,18.551,23.294,heart,a-tale-of-two-cities,1,,server-2,0,2,1,8.357,2.092,2.182
combined-lc-lrt-cache-off-warm500,70,3,1.6429,6.140,20.210,26.350,she,the-last-of-the-mohicans-a-narrative-of-1757,1,,server-3,0,1,2,8.357,3.595,2.182
combined-lc-lrt-cache-off-warm500,70,3,1.6571,1.602,9.980,11.582,was,the-prince,1,,server-2,0,1,1,8.357,5.211,3.863
combined-lc-lrt-cache-off-warm500,70,3,1.6714,1.332,29.543,30.875,house,leaves-of-grass,1,,server-2,0,1,0,8.357,3.269,5.685
combined-lc-lrt-cache-off-warm500,70,3,1.6857,17.284,30.165,47.449,night,thus-spake-zarathustra-a-book-for-all-and-none,1,,server-2,0,2,0,8.357,1.771,5.685
combined-lc-lrt-cache-off-warm500,70,3,1.7000,3.269,52.241,55.510,letter,life-on-the-mississippi,1,,server-2,0,3,0,8.357,1.771,5.685
combined-lc-lrt-cache-off-warm500,70,3,1.7143,2.090,18.414,20.504,king,agnes-grey,1,,server-3,0,2,1,8.357,2.640,5.685
combined-lc-lrt-cache-off-warm500,70,3,1.7286,7.223,25.261,32.484,you,the-house-of-mirth,1,,server-3,0,2,2,8.357,2.640,3.027
combined-lc-lrt-cache-off-warm500,70,3,1.7429,18.753,20.039,38.792,king,wuthering-heights,1,,server-3,0,2,2,8.357,8.019,3.099
combined-lc-lrt-cache-off-warm500,70,3,1.7571,1.525,19.356,20.881,death,sense-and-sensibility,1,,server-1,1,0,2,8.357,14.948,3.099
combined-lc-lrt-cache-off-warm500,70,3,1.7714,6.963,17.102,24.066,he,anne-of-green-gables,1,,server-1,2,0,1,4.356,14.948,5.055
combined-lc-lrt-cache-off-warm500,70,3,1.7857,1.528,12.531,14.059,castle,the-first-men-in-the-moon,1,,server-3,1,0,1,3.625,14.948,6.386
combined-lc-lrt-cache-off-warm500,70,3,1.8000,1.121,22.170,23.292,you,the-jungle-book,1,,server-3,0,0,1,5.010,14.948,4.098
combined-lc-lrt-cache-off-warm500,70,3,1.8143,7.796,36.063,43.859,of,anne-of-green-gables,1,,server-3,0,0,2,5.010,14.948,2.150
combined-lc-lrt-cache-off-warm500,70,3,1.8286,4.278,26.833,31.110,horse,frankenstein-or-the-modern-prometheus-41445,1,,server-1,1,0,1,5.010,14.948,3.058
combined-lc-lrt-cache-off-warm500,70,3,1.8429,16.871,25.436,42.307,and,jude-the-obscure,1,,server-1,2,0,1,2.836,14.948,3.058
combined-lc-lrt-cache-off-warm500,70,3,1.8571,3.489,23.496,26.985,money,the-american,1,,server-3,2,0,2,2.836,14.948,3.058
combined-lc-lrt-cache-off-warm500,70,3,1.8714,12.883,23.637,36.520,he,the-memoirs-of-sherlock-holmes,1,,server-3,1,0,2,4.596,14.948,4.128
combined-lc-lrt-cache-off-warm500,70,3,1.8857,1.848,44.067,45.915,she,the-memoirs-of-sherlock-holmes,1,,server-3,1,0,2,6.970,14.948,4.415
combined-lc-lrt-cache-off-warm500,70,3,1.9000,1.953,16.120,18.074,letter,the-lost-world,1,,server-1,1,0,2,6.970,14.948,2.977
combined-lc-lrt-cache-off-warm500,70,3,1.9143,4.293,20.454,24.746,death,thus-spake-zarathustra-a-book-for-all-and-none,1,,server-1,2,0,1,3.677,14.948,7.852
combined-lc-lrt-cache-off-warm500,70,3,1.9286,10.686,28.823,39.508,king,the-innocents-abroad,1,,server-1,2,0,1,2.739,14.948,7.852
combined-lc-lrt-cache-off-warm500,70,3,1.9429,25.980,22.810,48.791,horse,the-last-of-the-mohicans-a-narrative-of-1757,1,,server-1,2,0,0,3.463,14.948,9.002
combined-lc-lrt-cache-off-warm500,70,3,1.9571,1.519,25.741,27.260,he,the-tenant-of-wildfell-hall,1,,server-3,2,0,1,3.463,14.948,9.002
combined-lc-lrt-cache-off-warm500,70,3,1.9714,13.193,18.907,32.100,of,the-american,1,,server-3,1,0,2,6.061,14.948,4.685
combined-lc-lrt-cache-off-warm500,70,3,1.9857,1.406,33.122,34.528,you,the-return-of-sherlock-holmes-108,1,,server-3,1,0,2,6.061,14.948,5.167
combined-lc-lrt-cache-off-warm500,70,3,2.0000,1.804,22.073,23.877,whale,dracula,1,,server-1,1,0,2,7.465,14.948,3.399
combined-lc-lrt-cache-off-warm500,70,3,2.0143,10.159,13.010,23.169,was,the-kama-sutra-of-vatsyayana,1,,server-1,2,0,1,3.941,14.948,6.554
combined-lc-lrt-cache-off-warm500,70,3,2.0286,1.089,30.904,31.992,she,villette,1,,server-3,1,0,1,3.994,14.948,7.194
combined-lc-lrt-cache-off-warm500,70,3,2.0429,1.667,15.033,16.699,heart,persuasion,1,,server-1,1,0,1,4.584,14.948,3.740
combined-lc-lrt-cache-off-warm500,70,3,2.0571,3.049,10.875,13.924,the,the-first-men-in-the-moon,1,,server-1,2,0,1,2.457,14.948,3.740
combined-lc-lrt-cache-off-warm500,70,3,2.0714,1.492,54.319,55.812,the,the-vicomte-de-bragelonne,1,,server-1,2,0,0,3.110,14.948,7.285
combined-lc-lrt-cache-off-warm500,70,3,2.0857,42.458,55.515,97.973,house,madame-bovary,1,,server-1,2,0,0,1.679,14.948,7.285
combined-lc-lrt-cache-off-warm500,70,3,2.1000,28.460,73.697,102.157,money,leaves-of-grass,1,,server-1,3,0,0,1.679,14.948,7.285
combined-lc-lrt-cache-off-warm500,70,3,2.1143,13.796,39.090,52.886,and,the-moonstone,1,,server-1,4,0,0,1.679,14.948,7.285
combined-lc-lrt-cache-off-warm500,70,3,2.1286,1.794,20.447,22.242,castle,meditations,1,,server-3,3,0,1,4.110,14.948,7.285
combined-lc-lrt-cache-off-warm500,70,3,2.1429,8.707,26.922,35.628,whale,the-portrait-of-a-lady-volume-1,1,,server-3,3,0,2,4.110,14.948,3.831
combined-lc-lrt-cache-off-warm500,70,3,2.1571,21.710,31.487,53.196,whale,the-hound-of-the-baskervilles-3070,1,,server-3,3,0,2,4.110,14.948,3.752
combined-lc-lrt-cache-off-warm500,70,3,2.1714,7.209,21.608,28.817,she,the-song-of-the-lark,1,,server-3,3,0,3,10.917,14.948,3.752
combined-lc-lrt-cache-off-warm500,70,3,2.1857,15.974,21.457,37.432,letter,agnes-grey,1,,server-3,1,0,3,16.181,14.948,3.235
combined-lc-lrt-cache-off-warm500,70,3,2.2000,1.786,13.358,15.144,sea,the-secret-adversary,1,,server-2,1,1,3,16.181,14.948,6.779
combined-lc-lrt-cache-off-warm500,70,3,2.2143,1.863,19.805,21.668,whale,the-last-of-the-mohicans-a-narrative-of-1757,1,,server-2,0,2,1,22.109,7.754,8.807
combined-lc-lrt-cache-off-warm500,70,3,2.2286,8.266,38.252,46.518,you,the-moonstone,1,,server-2,0,2,0,22.109,3.673,7.640
combined-lc-lrt-cache-off-warm500,70,3,2.2429,32.562,26.279,58.840,the,north-and-south,1,,server-2,0,2,0,22.109,3.728,7.640
combined-lc-lrt-cache-off-warm500,70,3,2.2571,3.602,28.909,32.510,you,the-jungle,1,,server-3,0,2,1,22.109,3.728,7.640
combined-lc-lrt-cache-off-warm500,70,3,2.2714,18.556,18.403,36.959,she,the-works-of-edgar-allan-poe-volume-2,1,,server-3,0,2,2,22.109,3.728,4.087
combined-lc-lrt-cache-off-warm500,70,3,2.2857,4.882,46.903,51.785,you,the-iliad,1,,server-3,0,1,3,22.109,7.570,4.087
combined-lc-lrt-cache-off-warm500,70,3,2.3000,38.303,21.796,60.100,whale,the-return-of-sherlock-holmes-108,1,,server-3,0,1,3,22.109,7.570,3.480
combined-lc-lrt-cache-off-warm500,70,3,2.3143,2.481,23.441,25.922,was,desperate-remedies,1,,server-2,0,1,3,22.109,8.991,6.326
combined-lc-lrt-cache-off-warm500,70,3,2.3286,12.260,28.544,40.804,letter,the-vicomte-de-bragelonne,1,,server-2,0,2,3,22.109,4.706,6.326
combined-lc-lrt-cache-off-warm500,70,3,2.3429,27.278,13.736,41.014,sea,memoirs-of-fanny-hill,1,,server-2,0,2,1,22.109,4.621,10.879
combined-lc-lrt-cache-off-warm500,70,3,2.3571,13.290,24.696,37.986,night,persuasion,1,,server-2,0,3,1,22.109,4.621,10.879
combined-lc-lrt-cache-off-warm500,70,3,2.3714,1.519,10.707,12.225,horse,the-king-in-yellow,1,,server-3,0,2,1,22.109,4.196,10.382
combined-lc-lrt-cache-off-warm500,70,3,2.3857,1.444,16.515,17.959,whale,madame-bovary,1,,server-3,0,2,1,22.109,4.818,5.123
combined-lc-lrt-cache-off-warm500,70,3,2.4000,4.279,22.318,26.597,horse,the-scarlet-letter,1,,server-3,0,0,2,22.109,6.966,2.680
combined-lc-lrt-cache-off-warm500,70,3,2.4143,12.895,21.716,34.611,king,the-mysterious-affair-at-styles,1,,server-3,0,0,2,22.109,6.966,2.567
combined-lc-lrt-cache-off-warm500,70,3,2.4286,1.603,28.489,30.092,sea,thus-spake-zarathustra-a-book-for-all-and-none,1,,server-2,0,1,1,22.109,6.966,3.841
combined-lc-lrt-cache-off-warm500,70,3,2.4429,16.240,21.732,37.971,london,the-portrait-of-a-lady-volume-1,1,,server-2,0,2,1,22.109,3.659,3.841
combined-lc-lrt-cache-off-warm500,70,3,2.4571,1.915,31.530,33.446,and,the-iliad-2199,1,,server-3,0,2,1,22.109,3.659,5.867
combined-lc-lrt-cache-off-warm500,70,3,2.4714,19.633,21.082,40.715,you,a-connecticut-yankee-in-king-arthur-s-court,1,,server-3,0,1,2,22.109,5.018,3.102
combined-lc-lrt-cache-off-warm500,70,3,2.4857,1.191,23.594,24.786,king,the-last-of-the-mohicans-a-narrative-of-1757,1,,server-2,0,1,2,22.109,6.626,3.102
combined-lc-lrt-cache-off-warm500,70,3,2.5000,11.454,19.894,31.347,was,thus-spake-zarathustra-a-book-for-all-and-none,1,,server-2,0,2,1,22.109,3.465,5.489
combined-lc-lrt-cache-off-warm500,70,3,2.5143,2.690,20.431,23.121,castle,madame-bovary,1,,server-3,0,1,1,22.109,4.078,6.850
combined-lc-lrt-cache-off-warm500,70,3,2.5286,9.340,13.403,22.743,heart,beyond-good-and-evil,1,,server-3,0,1,2,22.109,4.078,3.612
combined-lc-lrt-cache-off-warm500,70,3,2.5429,2.143,12.749,14.892,she,white-fang,1,,server-2,0,1,1,22.109,5.677,3.558
combined-lc-lrt-cache-off-warm500,70,3,2.5571,2.295,31.045,33.340,of,the-romance-of-lust-a-classic-victorian-erotic-novel,1,,server-3,0,1,1,22.109,4.767,4.347
combined-lc-lrt-cache-off-warm500,70,3,2.5714,1.871,15.534,17.404,she,desert-gold,1,,server-2,0,1,1,22.109,3.841,2.316
combined-lc-lrt-cache-off-warm500,70,3,2.5857,3.805,15.561,19.366,house,the-scarlet-letter-33,1,,server-2,0,2,1,22.109,2.038,2.316
combined-lc-lrt-cache-off-warm500,70,3,2.6000,5.552,29.790,35.342,king,jude-the-obscure,1,,server-2,0,2,0,22.109,2.175,6.413
combined-lc-lrt-cache-off-warm500,70,3,2.6143,21.993,36.354,58.347,whale,the-moonstone,1,,server-2,0,2,0,22.109,2.398,6.413
combined-lc-lrt-cache-off-warm500,70,3,2.6286,2.614,38.125,40.739,was,jane-eyre-an-autobiography,1,,server-3,0,2,1,22.109,2.398,6.413
combined-lc-lrt-cache-off-warm500,70,3,2.6429,26.808,36.460,63.268,you,the-return-of-sherlock-holmes-108,1,,server-3,0,1,2,22.109,5.283,3.407
combined-lc-lrt-cache-off-warm500,70,3,2.6571,12.736,39.235,51.972,death,the-odyssey,1,,server-3,0,1,3,22.109,5.283,3.407
combined-lc-lrt-cache-off-warm500,70,3,2.6714,37.589,14.180,51.768,the,frankenstein-or-the-modern-prometheus-41445,1,,server-3,0,1,3,22.109,11.319,4.203
combined-lc-lrt-cache-off-warm500,70,3,2.6857,1.858,17.016,18.874,house,silas-marner,1,,server-2,0,1,3,22.109,9.096,4.203
combined-lc-lrt-cache-off-warm500,70,3,2.7000,5.311,26.544,31.855,the,the-works-of-edgar-allan-poe-volume-2,1,,server-2,0,2,3,22.109,4.736,4.203
combined-lc-lrt-cache-off-warm500,70,3,2.7143,17.887,22.467,40.354,heart,madame-bovary,1,,server-2,0,2,1,22.109,3.317,8.698
combined-lc-lrt-cache-off-warm500,70,3,2.7286,2.526,19.748,22.275,was,the-adventures-of-sherlock-holmes,1,,server-3,0,2,1,22.109,3.317,7.717
combined-lc-lrt-cache-off-warm500,70,3,2.7429,8.698,18.427,27.125,house,the-adventures-of-sherlock-holmes,1,,server-3,0,1,2,22.109,5.140,4.042
combined-lc-lrt-cache-off-warm500,70,3,2.7571,2.246,12.287,14.533,london,agnes-grey,1,,server-2,0,1,1,22.109,6.803,3.618
combined-lc-lrt-cache-off-warm500,70,3,2.7714,1.940,18.284,20.224,london,the-adventures-of-sherlock-holmes,1,,server-3,0,1,1,22.109,5.233,5.152
combined-lc-lrt-cache-off-warm500,70,3,2.7857,2.214,22.090,24.304,house,pride-and-prejudice,1,,server-2,0,1,1,22.109,4.217,2.711
combined-lc-lrt-cache-off-warm500,70,3,2.8000,10.572,19.929,30.501,she,twenty-thousand-leagues-under-the-sea,1,,server-2,0,2,0,22.109,2.247,4.575
combined-lc-lrt-cache-off-warm500,70,3,2.8143,1.573,11.789,13.362,death,the-mysterious-affair-at-styles,1,,server-3,0,1,1,22.109,3.431,4.575
combined-lc-lrt-cache-off-warm500,70,3,2.8286,1.835,13.861,15.697,and,white-fang,1,,server-3,0,1,1,22.109,3.431,3.379
combined-lc-lrt-cache-off-warm500,70,3,2.8429,2.326,19.390,21.716,night,wuthering-heights,1,,server-3,0,0,2,22.109,5.346,1.821
combined-lc-lrt-cache-off-warm500,70,3,2.8571,8.085,11.497,19.582,he,his-last-bow,1,,server-3,0,0,2,22.109,5.346,1.770
combined-lc-lrt-cache-off-warm500,70,3,2.8714,2.176,17.032,19.208,night,the-memoirs-of-sherlock-holmes,1,,server-2,0,1,1,22.109,5.346,2.771
combined-lc-lrt-cache-off-warm500,70,3,2.8857,2.302,19.632,21.934,castle,the-return-of-sherlock-holmes,1,,server-3,0,1,1,22.109,2.807,3.522
combined-lc-lrt-cache-off-warm500,70,3,2.9000,8.387,32.112,40.498,he,jane-eyre-an-autobiography,1,,server-3,0,0,2,22.109,4.458,1.897
combined-lc-lrt-cache-off-warm500,70,3,2.9143,2.442,27.116,29.558,of,mansfield-park,1,,server-2,0,1,1,22.109,4.458,2.884
combined-lc-lrt-cache-off-warm500,70,3,2.9286,15.966,19.305,35.271,and,grimms-fairy-tales,1,,server-2,0,2,1,22.109,2.366,2.884
combined-lc-lrt-cache-off-warm500,70,3,2.9429,2.472,15.435,17.906,and,kidnapped,1,,server-3,0,2,1,22.109,2.366,6.865
combined-lc-lrt-cache-off-warm500,70,3,2.9571,4.157,23.459,27.616,and,desperate-remedies,1,,server-3,0,1,2,22.109,4.419,3.612
combined-lc-lrt-cache-off-warm500,70,3,2.9714,14.049,10.682,24.731,letter,beyond-good-and-evil,1,,server-3,0,0,2,22.109,5.841,2.663
combined-lc-lrt-cache-off-warm500,70,3,2.9857,2.350,25.943,28.293,was,tess-of-the-d-urbervilles-a-pure-woman,1,,server-2,0,1,1,22.109,5.841,4.012
combined-lc-lrt-cache-off-warm500,70,3,3.0000,2.009,13.985,15.994,king,frankenstein-or-the-modern-prometheus-41445,1,,server-3,0,1,1,22.109,3.100,4.159
combined-lc-lrt-cache-off-warm500,70,3,3.0143,2.687,32.757,35.444,sea,the-tenant-of-wildfell-hall,1,,server-3,0,0,2,22.109,6.052,2.211
combined-lc-lrt-cache-off-warm500,70,3,3.0286,21.793,59.644,81.436,whale,the-vicomte-de-bragelonne,1,,server-3,0,0,2,22.109,6.052,1.973
combined-lc-lrt-cache-off-warm500,70,3,3.0429,7.239,17.963,25.202,was,anne-of-green-gables,1,,server-3,0,0,3,22.109,6.052,1.973
combined-lc-lrt-cache-off-warm500,70,3,3.0571,2.111,21.790,23.901,king,pride-and-prejudice,1,,server-2,0,1,2,22.109,6.052,3.262
combined-lc-lrt-cache-off-warm500,70,3,3.0714,10.258,15.285,25.543,the,the-secret-garden,1,,server-2,0,2,1,22.109,3.180,4.928
combined-lc-lrt-cache-off-warm500,70,3,3.0857,11.568,13.401,24.969,death,frankenstein-or-the-modern-prometheus,1,,server-2,0,2,1,22.109,3.712,4.928
combined-lc-lrt-cache-off-warm500,70,3,3.1000,11.081,23.362,34.443,love,adventures-of-huckleberry-finn,1,,server-2,0,2,1,22.109,3.450,4.928
combined-lc-lrt-cache-off-warm500,70,3,3.1143,20.543,21.078,41.621,death,treasure-island,1,,server-2,0,2,0,22.109,3.318,12.605
combined-lc-lrt-cache-off-warm500,70,3,3.1286,6.483,20.653,27.136,she,black-beauty,1,,server-2,0,3,0,22.109,3.318,12.605
combined-lc-lrt-cache-off-warm500,70,3,3.1429,13.607,31.937,45.544,you,the-iliad,1,,server-2,0,3,0,22.109,2.875,12.605
combined-lc-lrt-cache-off-warm500,70,3,3.1571,2.101,45.650,47.751,the,the-mystery-of-edwin-drood,1,,server-2,0,2,0,22.109,4.026,12.605
combined-lc-lrt-cache-off-warm500,70,3,3.1714,18.418,39.255,57.673,of,the-american,1,,server-2,0,3,0,22.109,2.198,12.605
combined-lc-lrt-cache-off-warm500,70,3,3.1857,4.213,47.395,51.608,horse,beyond-good-and-evil,1,,server-2,0,4,0,22.109,2.198,12.605
combined-lc-lrt-cache-off-warm500,70,3,3.2000,1.823,13.937,15.760,love,the-secret-garden,1,,server-3,0,3,1,22.109,3.448,12.605
combined-lc-lrt-cache-off-warm500,70,3,3.2143,2.171,22.219,24.390,she,wuthering-heights,1,,server-3,0,2,2,22.109,10.558,6.536
combined-lc-lrt-cache-off-warm500,70,3,3.2286,10.894,14.226,25.121,letter,the-secret-garden-17396,1,,server-3,0,2,2,22.109,16.192,3.344
combined-lc-lrt-cache-off-warm500,70,3,3.2429,11.437,14.772,26.209,night,northanger-abbey,1,,server-3,0,0,2,22.109,13.897,3.873
combined-lc-lrt-cache-off-warm500,70,3,3.2571,12.595,13.405,26.000,sea,meditations,1,,server-3,0,0,2,22.109,13.897,3.448
combined-lc-lrt-cache-off-warm500,70,3,3.2714,11.838,12.286,24.124,he,black-beauty,1,,server-3,0,0,2,22.109,13.897,3.454
combined-lc-lrt-cache-off-warm500,70,3,3.2857,10.287,19.656,29.943,heart,the-return-of-sherlock-holmes-108,1,,server-3,0,0,2,22.109,13.897,3.775
combined-lc-lrt-cache-off-warm500,70,3,3.3000,16.295,31.612,47.907,he,desperate-remedies,1,,server-3,0,0,2,22.109,13.897,3.111
combined-lc-lrt-cache-off-warm500,70,3,3.3143,2.633,34.067,36.700,he,villette,1,,server-2,0,1,2,22.109,13.897,6.303
combined-lc-lrt-cache-off-warm500,70,3,3.3286,20.055,30.476,50.530,night,white-fang,1,,server-3,0,1,2,22.109,7.210,4.159
combined-lc-lrt-cache-off-warm500,70,3,3.3429,5.529,28.982,34.511,night,persuasion,1,,server-3,0,1,3,22.109,7.210,4.159
combined-lc-lrt-cache-off-warm500,70,3,3.3571,2.645,13.933,16.578,love,around-the-world-in-eighty-days,1,,server-2,0,1,2,22.109,10.013,3.473
combined-lc-lrt-cache-off-warm500,70,3,3.3714,7.880,22.144,30.024,the,the-portrait-of-a-lady-volume-1,1,,server-3,0,1,3,22.109,5.214,3.473
combined-lc-lrt-cache-off-warm500,70,3,3.3857,2.089,14.778,16.868,he,the-adventures-of-tom-sawyer-complete,1,,server-2,0,1,1,22.109,5.511,5.331
combined-lc-lrt-cache-off-warm500,70,3,3.4000,3.138,10.702,13.839,night,the-jungle-book,1,,server-2,0,2,1,22.109,2.934,8.538
combined-lc-lrt-cache-off-warm500,70,3,3.4143,1.788,13.435,15.223,heart,autobiography-of-benjamin-franklin,1,,server-2,0,1,0,22.109,3.063,6.857
combined-lc-lrt-cache-off-warm500,70,3,3.4286,2.753,10.474,13.227,she,beyond-good-and-evil,1,,server-3,0,1,1,22.109,3.876,6.857
combined-lc-lrt-cache-off-warm500,70,3,3.4429,2.068,33.658,35.726,sea,jane-eyre-an-autobiography,1,,server-2,0,1,0,22.109,3.151,3.919
combined-lc-lrt-cache-off-warm500,70,3,3.4571,21.815,16.602,38.416,castle,grimms-fairy-tales,1,,server-2,0,2,0,22.109,1.713,3.919
combined-lc-lrt-cache-off-warm500,70,3,3.4714,2.989,11.706,14.695,night,the-prince,1,,server-3,0,2,1,22.109,1.713,3.919
combined-lc-lrt-cache-off-warm500,70,3,3.4857,2.225,17.451,19.676,horse,a-journey-to-the-centre-of-the-earth,1,,server-3,0,1,2,22.109,5.368,3.084
combined-lc-lrt-cache-off-warm500,70,3,3.5000,6.256,13.315,19.571,he,poirot-investigates,1,,server-3,0,0,2,22.109,5.994,1.659
combined-lc-lrt-cache-off-warm500,70,3,3.5143,5.826,17.913,23.739,love,grimms-fairy-tales,1,,server-3,0,0,2,22.109,5.994,2.412
combined-lc-lrt-cache-off-warm500,70,3,3.5286,9.967,17.522,27.489,was,the-secret-garden-17396,1,,server-3,0,0,2,22.109,5.994,2.264
combined-lc-lrt-cache-off-warm500,70,3,3.5429,2.211,13.845,16.056,the,the-king-in-yellow,1,,server-2,0,1,1,22.109,5.994,3.027
combined-lc-lrt-cache-off-warm500,70,3,3.5571,1.869,24.567,26.436,the,the-portrait-of-a-lady-volume-1,1,,server-3,0,1,1,22.109,3.155,4.649
combined-lc-lrt-cache-off-warm500,70,3,3.5714,2.405,31.025,33.429,she,great-expectations,1,,server-2,0,1,1,22.109,4.156,2.479
combined-lc-lrt-cache-off-warm500,70,3,3.5857,19.757,14.785,34.542,she,frankenstein-or-the-modern-prometheus,1,,server-2,0,2,0,22.109,2.206,5.413
combined-lc-lrt-cache-off-warm500,70,3,3.6000,2.037,23.579,25.616,he,walden-and-on-the-duty-of-civil-disobedience,1,,server-3,0,2,1,22.109,2.206,5.413
combined-lc-lrt-cache-off-warm500,70,3,3.6143,12.029,12.461,24.490,love,the-prince,1,,server-3,0,1,2,22.109,5.147,2.863
combined-lc-lrt-cache-off-warm500,70,3,3.6286,2.936,25.039,27.975,he,jude-the-obscure,1,,server-2,0,1,1,22.109,5.545,3.909
combined-lc-lrt-cache-off-warm500,70,3,3.6429,2.541,17.753,20.294,letter,the-scarlet-letter-33,1,,server-3,0,1,1,22.109,2.986,4.382
combined-lc-lrt-cache-off-warm500,70,3,3.6571,6.536,14.931,21.467,he,the-picture-of-dorian-gray,1,,server-3,0,0,2,22.109,5.801,2.334
combined-lc-lrt-cache-off-warm500,70,3,3.6714,7.962,12.148,20.110,night,the-hound-of-the-baskervilles,1,,server-3,0,0,2,22.109,5.801,2.725
combined-lc-lrt-cache-off-warm500,70,3,3.6857,6.639,18.764,25.403,horse,the-scarlet-letter-33,1,,server-3,0,0,2,22.109,5.801,2.715
combined-lc-lrt-cache-off-warm500,70,3,3.7000,11.515,22.200,33.715,she,memoirs-of-fanny-hill,1,,server-3,0,0,2,22.109,5.801,2.391
combined-lc-lrt-cache-off-warm500,70,3,3.7143,2.610,17.834,20.444,of,the-wind-in-the-willows,1,,server-2,0,1,1,22.109,5.801,3.266
combined-lc-lrt-cache-off-warm500,70,3,3.7286,6.665,25.226,31.891,you,the-last-of-the-mohicans-a-narrative-of-1757,1,,server-2,0,2,1,22.109,3.066,3.266
combined-lc-lrt-cache-off-warm500,70,3,3.7429,3.148,14.049,17.197,and,agnes-grey,1,,server-3,0,1,1,22.109,2.927,5.534
combined-lc-lrt-cache-off-warm500,70,3,3.7571,4.126,16.927,21.053,castle,his-last-bow,1,,server-2,0,2,1,22.109,2.927,2.946
combined-lc-lrt-cache-off-warm500,70,3,3.7714,2.180,20.383,22.564,whale,a-connecticut-yankee-in-king-arthur-s-court,1,,server-3,0,1,1,22.109,3.302,4.016
combined-lc-lrt-cache-off-warm500,70,3,3.7857,8.884,13.347,22.231,you,silas-marner,1,,server-3,0,0,2,22.109,4.738,2.139
combined-lc-lrt-cache-off-warm500,70,3,3.8000,2.683,20.346,23.030,death,the-house-of-the-seven-gables,1,,server-2,0,1,1,22.109,4.738,3.060
combined-lc-lrt-cache-off-warm500,70,3,3.8143,2.129,27.041,29.170,of,oliver-twist,1,,server-3,0,1,1,22.109,2.524,4.013
combined-lc-lrt-cache-off-warm500,70,3,3.8286,15.825,20.374,36.200,death,the-last-of-the-mohicans-a-narrative-of-1757-27681,1,,server-3,0,0,2,22.109,4.796,2.134
combined-lc-lrt-cache-off-warm500,70,3,3.8429,2.361,33.397,35.758,night,jane-eyre-an-autobiography,1,,server-2,0,1,2,22.109,4.796,6.628
combined-lc-lrt-cache-off-warm500,70,3,3.8571,22.418,37.251,59.668,whale,the-mysterious-island,1,,server-2,0,2,1,22.109,2.545,4.314
combined-lc-lrt-cache-off-warm500,70,3,3.8714,2.677,25.723,28.399,castle,tess-of-the-d-urbervilles-a-pure-woman,1,,server-3,0,2,1,22.109,2.545,5.918
combined-lc-lrt-cache-off-warm500,70,3,3.8857,14.874,31.781,46.655,sea,north-and-south,1,,server-3,0,1,2,22.109,5.694,3.129
combined-lc-lrt-cache-off-warm500,70,3,3.9000,2.911,52.200,55.111,sea,oliver-twist,1,,server-3,0,1,2,22.109,5.694,5.464
combined-lc-lrt-cache-off-warm500,70,3,3.9143,19.178,34.197,53.376,horse,the-secret-garden,1,,server-3,0,1,3,22.109,5.694,2.454
combined-lc-lrt-cache-off-warm500,70,3,3.9286,1.854,13.030,14.884,london,frankenstein-or-the-modern-prometheus-41445,1,,server-2,0,1,3,22.109,9.489,2.454
combined-lc-lrt-cache-off-warm500,70,3,3.9429,1.920,27.545,29.465,money,the-moonstone,1,,server-2,0,2,2,22.109,6.389,5.244
combined-lc-lrt-cache-off-warm500,70,3,3.9571,15.646,25.175,40.821,letter,jane-eyre-an-autobiography,1,,server-2,0,2,1,22.109,2.692,11.716
combined-lc-lrt-cache-off-warm500,70,3,3.9714,1.974,36.423,38.397,the,the-secret-adversary,1,,server-2,0,3,0,22.109,2.692,12.904
combined-lc-lrt-cache-off-warm500,70,3,3.9857,22.591,15.254,37.844,love,desert-gold,1,,server-2,0,3,0,22.109,2.558,12.904
combined-lc-lrt-cache-off-warm500,70,3,4.0000,1.388,13.883,15.270,house,treasure-island,1,,server-3,0,2,1,22.109,6.924,12.904
combined-lc-lrt-cache-off-warm500,70,3,4.0143,1.560,10.870,12.429,and,the-wind-in-the-willows,1,,server-3,0,1,2,22.109,8.579,6.677
combined-lc-lrt-cache-off-warm500,70,3,4.0286,2.268,35.572,37.839,night,the-scarlet-letter,1,,server-3,0,0,1,22.109,7.675,3.862
combined-lc-lrt-cache-off-warm500,70,3,4.0429,24.073,36.662,60.735,he,madame-bovary,1,,server-3,0,0,2,22.109,7.675,2.071
combined-lc-lrt-cache-off-warm500,70,3,4.0571,10.207,49.697,59.904,whale,adventures-of-huckleberry-finn,1,,server-3,0,0,3,22.109,7.675,2.071
combined-lc-lrt-cache-off-warm500,70,3,4.0714,5.016,24.300,29.316,horse,the-warden,1,,server-2,0,1,2,22.109,7.675,3.706
combined-lc-lrt-cache-off-warm500,70,3,4.0857,15.441,15.069,30.511,death,the-mystery-of-edwin-drood,1,,server-2,0,2,2,22.109,4.240,3.706
combined-lc-lrt-cache-off-warm500,70,3,4.1000,17.826,18.143,35.969,castle,pride-and-prejudice,1,,server-3,0,2,3,22.109,7.867,3.706
combined-lc-lrt-cache-off-warm500,70,3,4.1143,2.970,24.645,27.615,whale,mary-barton,1,,server-2,0,2,3,22.109,4.540,10.136
combined-lc-lrt-cache-off-warm500,70,3,4.1286,13.433,15.909,29.341,castle,treasure-island,1,,server-2,0,2,1,22.109,2.890,9.548
combined-lc-lrt-cache-off-warm500,70,3,4.1429,1.548,30.337,31.885,was,northanger-abbey,1,,server-2,0,2,0,22.109,4.191,8.965
combined-lc-lrt-cache-off-warm500,70,3,4.1571,2.071,36.447,38.518,you,the-warden,1,,server-2,0,3,0,22.109,2.350,8.965
combined-lc-lrt-cache-off-warm500,70,3,4.1714,4.057,41.697,45.754,you,anne-of-green-gables,1,,server-2,0,3,0,22.109,2.295,8.965
combined-lc-lrt-cache-off-warm500,70,3,4.1857,2.714,35.711,38.425,sea,tess-of-the-d-urbervilles-a-pure-woman,1,,server-3,0,2,1,22.109,3.766,8.965
combined-lc-lrt-cache-off-warm500,70,3,4.2000,23.756,57.152,80.909,heart,the-last-of-the-mohicans-a-narrative-of-1757,1,,server-3,0,2,2,22.109,10.198,4.751
combined-lc-lrt-cache-off-warm500,70,3,4.2143,9.595,34.057,43.652,london,north-and-south,1,,server-3,0,2,3,22.109,9.340,4.751
combined-lc-lrt-cache-off-warm500,70,3,4.2286,2.903,17.899,20.801,castle,silas-marner,1,,server-2,0,1,2,22.109,12.522,5.998
combined-lc-lrt-cache-off-warm500,70,3,4.2429,6.718,13.046,19.764,sea,dubliners,1,,server-2,0,2,2,22.109,6.560,5.998
combined-lc-lrt-cache-off-warm500,70,3,4.2571,6.320,22.450,28.770,you,tess-of-the-d-urbervilles-a-pure-woman,1,,server-2,0,2,2,22.109,4.398,5.998
combined-lc-lrt-cache-off-warm500,70,3,4.2714,15.359,27.864,43.224,london,the-memoirs-of-sherlock-holmes,1,,server-2,0,2,2,22.109,3.130,11.489
combined-lc-lrt-cache-off-warm500,70,3,4.2857,1.414,30.729,32.143,night,the-innocents-abroad,1,,server-3,0,2,1,22.109,6.854,17.547
combined-lc-lrt-cache-off-warm500,70,3,4.3000,14.465,15.545,30.009,love,the-scarlet-letter-33,1,,server-2,0,2,1,22.109,4.288,9.037
combined-lc-lrt-cache-off-warm500,70,3,4.3143,3.834,13.294,17.128,he,persuasion,1,,server-3,0,2,2,22.109,8.240,9.037
combined-lc-lrt-cache-off-warm500,70,3,4.3286,1.972,22.361,24.333,sea,persuasion,1,,server-2,0,2,1,22.109,5.340,5.767
combined-lc-lrt-cache-off-warm500,70,3,4.3429,2.048,13.614,15.662,london,poirot-investigates,1,,server-3,0,1,1,22.109,3.072,5.803
combined-lc-lrt-cache-off-warm500,70,3,4.3571,1.771,22.608,24.378,money,adventures-of-huckleberry-finn,1,,server-2,0,1,1,22.109,5.493,3.093
combined-lc-lrt-cache-off-warm500,70,3,4.3714,1.418,13.122,14.540,london,persuasion,1,,server-3,0,1,1,22.109,2.899,4.071
combined-lc-lrt-cache-off-warm500,70,3,4.3857,1.151,27.159,28.309,she,the-age-of-innocence,1,,server-3,0,0,2,22.109,5.406,2.152
combined-lc-lrt-cache-off-warm500,70,3,4.4000,14.484,17.267,31.751,you,treasure-island,1,,server-3,0,0,2,22.109,5.406,1.831
combined-lc-lrt-cache-off-warm500,70,3,4.4143,1.770,18.334,20.104,castle,the-warden,1,,server-2,0,1,1,22.109,5.406,4.165
combined-lc-lrt-cache-off-warm500,70,3,4.4286,6.298,30.364,36.662,night,a-tale-of-two-cities,1,,server-2,0,2,1,22.109,2.872,4.165
combined-lc-lrt-cache-off-warm500,70,3,4.4429,2.557,37.074,39.631,whale,the-iliad,1,,server-3,0,1,1,22.109,2.963,5.366
combined-lc-lrt-cache-off-warm500,70,3,4.4571,25.859,32.129,57.988,love,emma,1,,server-3,0,1,2,22.109,2.963,2.898
combined-lc-lrt-cache-off-warm500,70,3,4.4714,1.382,11.358,12.740,and,the-first-men-in-the-moon,1,,server-2,0,1,2,22.109,6.704,2.898
combined-lc-lrt-cache-off-warm500,70,3,4.4857,1.212,33.705,34.917,horse,the-iliad,1,,server-2,0,1,1,22.109,4.029,6.467
combined-lc-lrt-cache-off-warm500,70,3,4.5000,21.382,32.233,53.615,whale,the-war-of-the-worlds,1,,server-2,0,2,1,22.109,2.125,6.467
combined-lc-lrt-cache-off-warm500,70,3,4.5143,7.232,34.283,41.515,she,the-odyssey,1,,server-2,0,3,1,22.109,2.125,6.467
combined-lc-lrt-cache-off-warm500,70,3,4.5286,1.266,35.105,36.371,whale,the-moonstone,1,,server-3,0,2,1,22.109,3.384,9.236
combined-lc-lrt-cache-off-warm500,70,3,4.5429,22.315,22.378,44.692,king,the-song-of-the-lark,1,,server-3,0,2,2,22.109,3.384,4.799
combined-lc-lrt-cache-off-warm500,70,3,4.5571,1.901,17.085,18.985,sea,the-memoirs-of-sherlock-holmes,1,,server-2,0,1,2,22.109,9.346,4.799
combined-lc-lrt-cache-off-warm500,70,3,4.5714,5.196,14.766,19.962,was,the-works-of-edgar-allan-poe-volume-2,1,,server-2,0,2,1,22.109,4.859,7.024
combined-lc-lrt-cache-off-warm500,70,3,4.5857,6.437,18.102,24.539,the,the-works-of-edgar-allan-poe-volume-2,1,,server-2,0,2,1,22.109,3.389,7.024
combined-lc-lrt-cache-off-warm500,70,3,4.6000,10.823,14.272,25.094,night,autobiography-of-benjamin-franklin,1,,server-2,0,2,0,22.109,2.973,7.956
combined-lc-lrt-cache-off-warm500,70,3,4.6143,11.598,32.197,43.795,castle,poirot-investigates,1,,server-2,0,2,0,22.109,3.424,7.956
combined-lc-lrt-cache-off-warm500,70,3,4.6286,30.543,24.908,55.451,king,the-memoirs-of-sherlock-holmes,1,,server-2,0,2,0,22.109,3.394,7.956
combined-lc-lrt-cache-off-warm500,70,3,4.6429,3.821,38.407,42.228,of,the-jungle,1,,server-3,0,2,1,22.109,3.394,7.956
combined-lc-lrt-cache-off-warm500,70,3,4.6571,28.474,10.693,39.166,letter,the-mysterious-affair-at-styles,1,,server-3,0,2,2,22.109,8.170,4.284
combined-lc-lrt-cache-off-warm500,70,3,4.6714,15.562,23.341,38.903,whale,the-secret-garden,1,,server-3,0,1,3,22.109,6.585,4.284
combined-lc-lrt-cache-off-warm500,70,3,4.6857,2.420,19.562,21.982,she,the-divine-comedy,1,,server-2,0,1,2,22.109,7.972,5.880
combined-lc-lrt-cache-off-warm500,70,3,4.7000,8.042,21.296,29.339,sea,the-last-of-the-mohicans-a-narrative-of-1757-27681,1,,server-2,0,2,2,22.109,4.147,5.922
combined-lc-lrt-cache-off-warm500,70,3,4.7143,15.768,11.702,27.469,horse,the-great-gatsby,1,,server-2,0,2,0,22.109,3.663,8.317
combined-lc-lrt-cache-off-warm500,70,3,4.7286,1.349,12.932,14.281,and,herland,1,,server-3,0,2,1,22.109,3.663,8.317
combined-lc-lrt-cache-off-warm500,70,3,4.7429,1.181,21.792,22.973,horse,the-scarlet-letter-33,1,,server-2,0,1,1,22.109,4.700,4.796
combined-lc-lrt-cache-off-warm500,70,3,4.7571,2.104,28.926,31.031,was,pride-and-prejudice,1,,server-3,0,1,1,22.109,2.471,4.796
combined-lc-lrt-cache-off-warm500,70,3,4.7714,1.292,17.693,18.985,money,autobiography-of-benjamin-franklin,1,,server-2,0,1,1,22.109,5.039,2.565
combined-lc-lrt-cache-off-warm500,70,3,4.7857,2.920,23.965,26.886,sea,a-connecticut-yankee-in-king-arthur-s-court,1,,server-3,0,1,2,22.109,2.648,2.565
combined-lc-lrt-cache-off-warm500,70,3,4.8000,3.398,20.389,23.787,heart,the-divine-comedy,1,,server-2,0,1,1,22.109,4.480,3.396
combined-lc-lrt-cache-off-warm500,70,3,4.8143,10.459,41.558,52.017,death,the-last-of-the-mohicans-a-narrative-of-1757,1,,server-2,0,2,0,22.109,2.429,5.964
combined-lc-lrt-cache-off-warm500,70,3,4.8286,3.348,28.289,31.637,heart,the-lost-world,1,,server-3,0,1,1,22.109,3.404,5.964
combined-lc-lrt-cache-off-warm500,70,3,4.8429,17.290,20.798,38.088,letter,leaves-of-grass,1,,server-3,0,1,2,22.109,3.404,3.254
combined-lc-lrt-cache-off-warm500,70,3,4.8571,10.038,21.439,31.477,night,jude-the-obscure,1,,server-2,0,2,2,22.109,3.404,3.254
combined-lc-lrt-cache-off-warm500,70,3,4.8714,10.348,24.351,34.699,castle,wuthering-heights,1,,server-3,0,1,2,22.109,5.432,5.101
combined-lc-lrt-cache-off-warm500,70,3,4.8857,21.421,23.618,45.040,house,wuthering-heights,1,,server-3,0,1,2,22.109,5.432,4.335
combined-lc-lrt-cache-off-warm500,70,3,4.9000,1.318,21.544,22.861,he,the-adventures-of-sherlock-holmes,1,,server-2,0,1,2,22.109,6.860,4.335
combined-lc-lrt-cache-off-warm500,70,3,4.9143,8.660,10.918,19.578,london,meditations,1,,server-2,0,2,1,22.109,3.592,6.053
combined-lc-lrt-cache-off-warm500,70,3,4.9286,6.082,21.389,27.471,the,anne-of-green-gables,1,,server-2,0,2,1,22.109,3.968,6.053
combined-lc-lrt-cache-off-warm500,70,3,4.9429,13.688,24.118,37.806,he,mansfield-park,1,,server-2,0,2,0,22.109,2.880,7.588
combined-lc-lrt-cache-off-warm500,70,3,4.9571,1.839,16.114,17.953,castle,the-war-of-the-worlds,1,,server-3,0,1,1,22.109,3.980,7.588
combined-lc-lrt-cache-off-warm500,70,3,4.9714,4.218,15.710,19.928,was,grimms-fairy-tales,1,,server-3,0,1,2,22.109,3.980,3.974
combined-lc-lrt-cache-off-warm500,70,3,4.9857,6.278,44.203,50.481,the,jude-the-obscure,1,,server-3,0,0,2,22.109,6.315,2.897
combined-lc-lrt-cache-off-warm500,70,3,5.0000,36.888,16.063,52.952,king,the-age-of-innocence,1,,server-3,0,0,2,22.109,6.315,2.750
combined-lc-lrt-cache-off-warm500,70,3,5.0143,6.351,23.594,29.946,horse,twenty-thousand-leagues-under-the-sea,1,,server-2,0,1,2,22.109,6.315,2.750
combined-lc-lrt-cache-off-warm500,70,3,5.0286,16.525,12.609,29.135,she,kidnapped,1,,server-2,0,2,2,22.109,3.536,2.750
combined-lc-lrt-cache-off-warm500,70,3,5.0429,2.268,43.105,45.373,of,north-and-south,1,,server-2,0,3,1,22.109,3.536,8.155
combined-lc-lrt-cache-off-warm500,70,3,5.0571,1.528,38.480,40.008,night,black-beauty,1,,server-2,0,3,0,22.109,2.525,7.718
combined-lc-lrt-cache-off-warm500,70,3,5.0714,2.582,27.502,30.084,london,the-iliad,1,,server-3,0,2,1,22.109,3.018,7.718
combined-lc-lrt-cache-off-warm500,70,3,5.0857,16.531,11.168,27.699,letter,the-prince,1,,server-3,0,2,2,22.109,3.018,4.086
combined-lc-lrt-cache-off-warm500,70,3,5.1000,1.618,20.000,21.618,london,a-tale-of-two-cities,1,,server-2,0,1,2,22.109,10.913,4.086
combined-lc-lrt-cache-off-warm500,70,3,5.1143,1.551,13.596,15.147,house,the-scarlet-letter,1,,server-3,0,1,1,22.109,5.663,5.029
combined-lc-lrt-cache-off-warm500,70,3,5.1286,2.121,15.123,17.244,horse,washington-square,1,,server-3,0,0,2,22.109,6.722,2.637
combined-lc-lrt-cache-off-warm500,70,3,5.1429,4.343,33.385,37.728,he,the-hound-of-the-baskervilles-3070,1,,server-3,0,0,2,22.109,6.722,2.097
combined-lc-lrt-cache-off-warm500,70,3,5.1571,23.899,40.140,64.039,death,kidnapped,1,,server-3,0,0,2,22.109,6.722,2.238
combined-lc-lrt-cache-off-warm500,70,3,5.1714,10.370,38.304,48.674,and,beyond-good-and-evil,1,,server-3,0,0,3,22.109,6.722,2.238
combined-lc-lrt-cache-off-warm500,70,3,5.1857,3.118,32.247,35.365,horse,wuthering-heights,1,,server-2,0,1,2,22.109,6.722,3.679
combined-lc-lrt-cache-off-warm500,70,3,5.2000,21.602,16.043,37.645,whale,the-adventures-of-sherlock-holmes,1,,server-2,0,2,2,22.109,3.643,3.679
combined-lc-lrt-cache-off-warm500,70,3,5.2143,8.105,35.038,43.143,he,desperate-remedies,1,,server-2,0,3,2,22.109,3.643,3.679
combined-lc-lrt-cache-off-warm500,70,3,5.2286,1.374,21.273,22.647,was,madame-bovary,1,,server-3,0,2,1,22.109,3.649,10.590
combined-lc-lrt-cache-off-warm500,70,3,5.2429,9.131,18.304,27.435,sea,the-portrait-of-a-lady-volume-1,1,,server-3,0,2,2,22.109,4.857,5.486
combined-lc-lrt-cache-off-warm500,70,3,5.2571,12.992,21.547,34.539,king,tess-of-the-d-urbervilles-a-pure-woman,1,,server-3,0,2,2,22.109,10.692,4.587
combined-lc-lrt-cache-off-warm500,70,3,5.2714,1.360,22.227,23.588,you,the-return-of-sherlock-holmes,1,,server-2,0,1,1,22.109,8.567,4.801
combined-lc-lrt-cache-off-warm500,70,3,5.2857,9.566,11.910,21.477,london,the-prince,1,,server-2,0,2,1,22.109,4.453,4.801
combined-lc-lrt-cache-off-warm500,70,3,5.3000,1.289,27.476,28.764,castle,jude-the-obscure,1,,server-3,0,1,1,22.109,4.179,6.472
combined-lc-lrt-cache-off-warm500,70,3,5.3143,2.217,19.968,22.185,death,the-divine-comedy,1,,server-2,0,1,1,22.109,4.549,3.390
combined-lc-lrt-cache-off-warm500,70,3,5.3286,8.446,12.676,21.122,letter,the-secret-garden-17396,1,,server-2,0,2,1,22.109,2.464,8.120
combined-lc-lrt-cache-off-warm500,70,3,5.3429,7.301,28.439,35.740,london,anne-of-green-gables,1,,server-2,0,2,0,22.109,3.221,6.523
combined-lc-lrt-cache-off-warm500,70,3,5.3571,22.167,22.828,44.995,heart,the-last-of-the-mohicans-a-narrative-of-1757,1,,server-2,0,2,0,22.109,2.790,6.523
combined-lc-lrt-cache-off-warm500,70,3,5.3714,2.320,13.354,15.674,castle,the-picture-of-dorian-gray,1,,server-3,0,2,1,22.109,2.790,6.523
combined-lc-lrt-cache-off-warm500,70,3,5.3857,2.177,18.438,20.615,love,the-return-of-sherlock-holmes-108,1,,server-3,0,1,2,22.109,5.368,3.457
combined-lc-lrt-cache-off-warm500,70,3,5.4000,7.014,19.714,26.728,heart,a-connecticut-yankee-in-king-arthur-s-court,1,,server-3,0,1,2,22.109,5.368,2.346
combined-lc-lrt-cache-off-warm500,70,3,5.4143,12.861,10.055,22.916,the,the-hound-of-the-baskervilles,1,,server-3,0,0,2,22.109,7.008,2.885
combined-lc-lrt-cache-off-warm500,70,3,5.4286,1.268,22.802,24.070,and,the-jungle,1,,server-2,0,1,1,22.109,7.008,3.728
combined-lc-lrt-cache-off-warm500,70,3,5.4429,1.112,12.714,13.827,the,the-mysterious-affair-at-styles,1,,server-3,0,1,1,22.109,3.681,3.929
combined-lc-lrt-cache-off-warm500,70,3,5.4571,1.185,9.973,11.159,money,his-last-bow,1,,server-3,0,0,1,22.109,5.935,3.316
combined-lc-lrt-cache-off-warm500,70,3,5.4714,1.716,26.134,27.850,king,far-from-the-madding-crowd,1,,server-3,0,0,1,22.109,5.935,2.655
combined-lc-lrt-cache-off-warm500,70,3,5.4857,13.891,16.959,30.850,of,madame-bovary,1,,server-3,0,0,2,22.109,5.935,1.405
combined-lc-lrt-cache-off-warm500,70,3,5.5000,1.145,16.555,17.700,love,a-journey-to-the-centre-of-the-earth,1,,server-2,0,1,1,22.109,5.935,3.853
combined-lc-lrt-cache-off-warm500,70,3,5.5143,3.886,19.755,23.641,death,the-adventures-of-tom-sawyer-complete,1,,server-2,0,2,1,22.109,3.120,3.853
combined-lc-lrt-cache-off-warm500,70,3,5.5286,2.293,19.837,22.131,horse,the-mysterious-affair-at-styles,1,,server-3,0,1,1,22.109,2.640,5.082
combined-lc-lrt-cache-off-warm500,70,3,5.5429,2.521,30.598,33.119,she,jude-the-obscure,1,,server-2,0,1,1,22.109,4.803,2.719
combined-lc-lrt-cache-off-warm500,70,3,5.5571,2.890,24.459,27.349,king,tess-of-the-d-urbervilles-a-pure-woman,1,,server-3,0,1,1,22.109,2.572,4.818
combined-lc-lrt-cache-off-warm500,70,3,5.5714,5.152,20.311,25.463,letter,the-song-of-the-lark,1,,server-2,0,2,1,22.109,2.572,2.588
combined-lc-lrt-cache-off-warm500,70,3,5.5857,1.217,13.737,14.954,of,the-secret-garden-17396,1,,server-3,0,1,1,22.109,3.865,5.458
combined-lc-lrt-cache-off-warm500,70,3,5.6000,1.675,20.976,22.652,the,the-secret-garden-17396,1,,server-2,0,1,1,22.109,5.661,2.861
combined-lc-lrt-cache-off-warm500,70,3,5.6143,2.082,27.441,29.523,house,pride-and-prejudice,1,,server-3,0,1,1,22.109,2.991,3.989
combined-lc-lrt-cache-off-warm500,70,3,5.6286,15.827,14.905,30.732,and,the-kama-sutra-of-vatsyayana,1,,server-3,0,0,2,22.109,5.205,2.133
combined-lc-lrt-cache-off-warm500,70,3,5.6429,2.425,24.728,27.153,letter,the-mystery-of-edwin-drood,1,,server-2,0,1,2,22.109,5.205,2.133
combined-lc-lrt-cache-off-warm500,70,3,5.6571,13.224,22.965,36.189,castle,a-connecticut-yankee-in-king-arthur-s-court,1,,server-2,0,2,1,22.109,2.779,4.397
combined-lc-lrt-cache-off-warm500,70,3,5.6714,1.618,33.747,35.366,love,the-mysterious-island,1,,server-3,0,1,1,22.109,4.135,5.088
combined-lc-lrt-cache-off-warm500,70,3,5.6857,21.293,8.160,29.454,castle,the-great-gatsby,1,,server-3,0,1,2,22.109,4.135,2.689
combined-lc-lrt-cache-off-warm500,70,3,5.7000,1.307,16.492,17.799,the,grimms-fairy-tales,1,,server-2,0,1,2,22.109,6.274,2.689
combined-lc-lrt-cache-off-warm500,70,3,5.7143,4.278,13.524,17.802,you,autobiography-of-benjamin-franklin,1,,server-2,0,2,1,22.109,3.281,6.176
combined-lc-lrt-cache-off-warm500,70,3,5.7286,1.223,15.816,17.039,horse,dubliners,1,,server-3,0,1,1,22.109,2.799,5.203
combined-lc-lrt-cache-off-warm500,70,3,5.7429,2.314,16.201,18.515,house,black-beauty,1,,server-2,0,1,1,22.109,3.881,2.737
combined-lc-lrt-cache-off-warm500,70,3,5.7571,6.103,35.643,41.746,london,twenty-thousand-leagues-under-the-sea,1,,server-2,0,2,0,22.109,2.097,4.221
combined-lc-lrt-cache-off-warm500,70,3,5.7714,6.693,16.778,23.471,and,the-great-gatsby,1,,server-3,0,1,1,22.109,2.464,4.221
combined-lc-lrt-cache-off-warm500,70,3,5.7857,9.748,12.076,21.824,and,the-picture-of-dorian-gray,1,,server-3,0,1,2,22.109,2.464,2.444
combined-lc-lrt-cache-off-warm500,70,3,5.8000,8.401,25.396,33.797,whale,the-last-of-the-mohicans-a-narrative-of-1757,1,,server-3,0,0,2,22.109,7.157,2.883
combined-lc-lrt-cache-off-warm500,70,3,5.8143,19.696,19.471,39.167,death,desert-gold,1,,server-3,0,0,2,22.109,7.157,2.892
combined-lc-lrt-cache-off-warm500,70,3,5.8286,2.668,30.779,33.447,heart,life-on-the-mississippi,1,,server-2,0,1,2,22.109,7.157,2.892
combined-lc-lrt-cache-off-warm500,70,3,5.8429,19.903,20.048,39.951,house,the-scarlet-letter,1,,server-2,0,2,1,22.109,3.825,5.192
combined-lc-lrt-cache-off-warm500,70,3,5.8571,1.675,33.116,34.790,he,great-expectations,1,,server-3,0,2,1,22.109,3.825,6.375
combined-lc-lrt-cache-off-warm500,70,3,5.8714,20.853,12.887,33.740,london,desert-gold,1,,server-3,0,1,2,22.109,5.702,3.342
combined-lc-lrt-cache-off-warm500,70,3,5.8857,1.338,30.260,31.598,you,north-and-south,1,,server-2,0,1,2,22.109,6.786,3.342
combined-lc-lrt-cache-off-warm500,70,3,5.9000,17.925,38.942,56.867,house,villette,1,,server-2,0,2,1,22.109,3.547,5.731
combined-lc-lrt-cache-off-warm500,70,3,5.9143,1.547,26.780,28.327,he,the-return-of-sherlock-holmes-108,1,,server-3,0,2,1,22.109,3.547,5.654
combined-lc-lrt-cache-off-warm500,70,3,5.9286,14.603,8.721,23.325,letter,the-great-gatsby,1,,server-3,0,1,2,22.109,5.389,2.958
combined-lc-lrt-cache-off-warm500,70,3,5.9429,15.119,21.530,36.649,heart,walden-and-on-the-duty-of-civil-disobedience,1,,server-2,0,2,2,22.109,5.389,5.526
combined-lc-lrt-cache-off-warm500,70,3,5.9571,1.637,14.226,15.862,horse,the-first-men-in-the-moon,1,,server-3,0,1,1,22.109,9.815,4.144
combined-lc-lrt-cache-off-warm500,70,3,5.9714,2.075,17.398,19.473,whale,the-return-of-sherlock-holmes-108,1,,server-3,0,1,2,22.109,6.330,2.216
combined-lc-lrt-cache-off-warm500,70,3,5.9857,6.305,13.809,20.114,night,frankenstein-or-the-modern-prometheus-41445,1,,server-3,0,0,2,22.109,7.457,1.978
combined-lc-lrt-cache-off-warm500,70,3,6.0000,6.146,22.724,28.870,and,twenty-thousand-leagues-under-the-sea,1,,server-3,0,0,2,22.109,7.457,2.609
combined-lc-lrt-cache-off-warm500,70,3,6.0143,15.468,31.166,46.634,and,the-iliad,1,,server-3,0,0,2,22.109,7.457,2.490
combined-lc-lrt-cache-off-warm500,70,3,6.0286,2.322,14.446,16.768,of,meditations,1,,server-2,0,1,2,22.109,7.457,6.407
combined-lc-lrt-cache-off-warm500,70,3,6.0429,3.125,17.197,20.322,castle,the-portrait-of-a-lady-volume-1,1,,server-2,0,2,1,22.109,3.961,4.118
combined-lc-lrt-cache-off-warm500,70,3,6.0571,6.637,32.674,39.311,king,the-mysterious-island,1,,server-2,0,2,1,22.109,2.705,4.118
combined-lc-lrt-cache-off-warm500,70,3,6.0714,25.223,12.868,38.091,london,memoirs-of-fanny-hill,1,,server-2,0,2,0,22.109,2.875,7.495
combined-lc-lrt-cache-off-warm500,70,3,6.0857,1.237,21.714,22.951,castle,desperate-remedies,1,,server-3,0,2,1,22.109,2.875,7.495
combined-lc-lrt-cache-off-warm500,70,3,6.1000,9.166,21.020,30.186,house,the-age-of-innocence,1,,server-3,0,1,2,22.109,6.280,3.909
combined-lc-lrt-cache-off-warm500,70,3,6.1143,2.016,18.635,20.651,love,the-age-of-innocence,1,,server-2,0,1,1,22.109,5.990,3.893
combined-lc-lrt-cache-off-warm500,70,3,6.1286,6.717,14.815,21.533,night,the-war-of-the-worlds,1,,server-2,0,2,1,22.109,3.145,3.893
combined-lc-lrt-cache-off-warm500,70,3,6.1429,1.604,20.565,22.169,night,the-divine-comedy,1,,server-3,0,1,1,22.109,3.131,5.824
combined-lc-lrt-cache-off-warm500,70,3,6.1571,1.872,19.507,21.379,horse,the-house-of-mirth,1,,server-2,0,1,1,22.109,4.317,3.060
combined-lc-lrt-cache-off-warm500,70,3,6.1714,7.618,21.232,28.851,money,the-house-of-mirth,1,,server-2,0,2,0,22.109,2.299,5.181
combined-lc-lrt-cache-off-warm500,70,3,6.1857,1.499,12.126,13.625,letter,the-wind-in-the-willows,1,,server-3,0,1,1,22.109,3.021,5.181
combined-lc-lrt-cache-off-warm500,70,3,6.2000,1.624,12.442,14.066,heart,beyond-good-and-evil,1,,server-3,0,1,2,22.109,6.540,3.639
combined-lc-lrt-cache-off-warm500,70,3,6.2143,1.310,38.066,39.376,and,north-and-south,1,,server-2,0,1,1,22.109,5.285,3.197
combined-lc-lrt-cache-off-warm500,70,3,6.2286,3.823,33.100,36.922,king,the-vicomte-de-bragelonne,1,,server-3,0,1,1,22.109,2.797,3.197
combined-lc-lrt-cache-off-warm500,70,3,6.2429,23.102,46.577,69.680,castle,adventures-of-huckleberry-finn,1,,server-3,0,1,2,22.109,2.797,1.784
combined-lc-lrt-cache-off-warm500,70,3,6.2571,9.492,43.128,52.620,whale,jude-the-obscure,1,,server-3,0,0,3,22.109,7.844,1.784
combined-lc-lrt-cache-off-warm500,70,3,6.2714,3.153,14.279,17.432,he,a-journey-to-the-centre-of-the-earth,1,,server-2,0,1,2,22.109,7.844,3.926
combined-lc-lrt-cache-off-warm500,70,3,6.2857,4.268,15.130,19.398,sea,adventures-of-huckleberry-finn,1,,server-2,0,2,2,22.109,4.144,3.926
combined-lc-lrt-cache-off-warm500,70,3,6.3000,5.878,13.010,18.888,you,frankenstein-or-the-modern-prometheus-41445,1,,server-2,0,2,2,22.109,2.851,3.926
combined-lc-lrt-cache-off-warm500,70,3,6.3143,5.209,23.218,28.428,whale,adventures-of-huckleberry-finn,1,,server-2,0,2,0,22.109,2.626,12.243
combined-lc-lrt-cache-off-warm500,70,3,6.3286,14.954,22.186,37.140,horse,desperate-remedies,1,,server-2,0,2,0,22.109,2.370,12.243
combined-lc-lrt-cache-off-warm500,70,3,6.3429,1.288,12.448,13.736,heart,the-scarlet-letter,1,,server-3,0,1,1,22.109,6.775,12.243
combined-lc-lrt-cache-off-warm500,70,3,6.3571,1.024,21.093,22.117,night,the-last-of-the-mohicans-a-narrative-of-1757,1,,server-3,0,1,1,22.109,4.377,5.982
combined-lc-lrt-cache-off-warm500,70,3,6.3714,8.401,18.666,27.067,of,pride-and-prejudice,1,,server-3,0,0,2,22.109,6.313,3.143
combined-lc-lrt-cache-off-warm500,70,3,6.3857,1.412,18.372,19.785,london,memoirs-of-fanny-hill,1,,server-2,0,1,1,22.109,6.313,3.539
combined-lc-lrt-cache-off-warm500,70,3,6.4000,1.169,21.220,22.389,death,sense-and-sensibility,1,,server-3,0,1,1,22.109,3.291,5.148
combined-lc-lrt-cache-off-warm500,70,3,6.4143,1.665,26.166,27.831,was,pride-and-prejudice,1,,server-2,0,1,1,22.109,4.998,2.697
combined-lc-lrt-cache-off-warm500,70,3,6.4286,1.334,20.296,21.630,house,the-jungle,1,,server-3,0,1,1,22.109,2.626,5.075
combined-lc-lrt-cache-off-warm500,70,3,6.4429,8.063,10.542,18.604,horse,the-wind-in-the-willows,1,,server-3,0,0,2,22.109,5.784,2.686
combined-lc-lrt-cache-off-warm500,70,3,6.4571,1.429,32.509,33.938,was,mary-barton,1,,server-2,0,1,1,22.109,5.784,3.401
combined-lc-lrt-cache-off-warm500,70,3,6.4714,1.583,25.975,27.558,was,the-jungle,1,,server-3,0,1,1,22.109,3.043,3.802
combined-lc-lrt-cache-off-warm500,70,3,6.4857,13.570,15.898,29.467,money,the-adventures-of-sherlock-holmes,1,,server-3,0,1,2,22.109,3.043,2.044
combined-lc-lrt-cache-off-warm500,70,3,6.5000,1.669,12.736,14.405,was,agnes-grey,1,,server-2,0,1,1,22.109,7.108,4.045
combined-lc-lrt-cache-off-warm500,70,3,6.5143,1.968,15.409,17.377,you,the-memoirs-of-sherlock-holmes,1,,server-3,0,1,2,22.109,5.430,4.045
combined-lc-lrt-cache-off-warm500,70,3,6.5286,2.041,18.467,20.509,love,desert-gold,1,,server-2,0,1,1,22.109,4.392,2.675
combined-lc-lrt-cache-off-warm500,70,3,6.5429,1.727,29.355,31.082,horse,the-innocents-abroad,1,,server-3,0,1,1,22.109,2.341,4.156
combined-lc-lrt-cache-off-warm500,70,3,6.5571,1.577,11.637,13.214,you,treasure-island,1,,server-2,0,1,1,22.109,4.345,2.192
combined-lc-lrt-cache-off-warm500,70,3,6.5714,1.250,23.354,24.604,she,life-on-the-mississippi,1,,server-2,0,1,1,22.109,3.267,2.192
combined-lc-lrt-cache-off-warm500,70,3,6.5857,11.298,8.897,20.195,death,beyond-good-and-evil,1,,server-2,0,2,0,22.109,1.743,6.053
combined-lc-lrt-cache-off-warm500,70,3,6.6000,1.480,17.093,18.573,whale,twenty-thousand-leagues-under-the-sea,1,,server-3,0,1,1,22.109,3.815,6.053
combined-lc-lrt-cache-off-warm500,70,3,6.6143,1.342,29.963,31.304,castle,the-divine-comedy,1,,server-2,0,1,1,22.109,3.809,3.159
combined-lc-lrt-cache-off-warm500,70,3,6.6286,18.051,26.487,44.538,the,beyond-good-and-evil,1,,server-2,0,2,0,22.109,2.016,4.682
combined-lc-lrt-cache-off-warm500,70,3,6.6429,5.363,25.425,30.788,money,the-hound-of-the-baskervilles-3070,1,,server-3,0,2,1,22.109,2.016,4.682
combined-lc-lrt-cache-off-warm500,70,3,6.6571,17.451,51.419,68.870,was,tess-of-the-d-urbervilles-a-pure-woman,1,,server-3,0,1,2,22.109,4.843,2.597
combined-lc-lrt-cache-off-warm500,70,3,6.6714,3.606,52.619,56.225,the,cranford,1,,server-3,0,1,3,22.109,4.843,2.597
combined-lc-lrt-cache-off-warm500,70,3,6.6857,3.435,18.522,21.957,sea,kidnapped,1,,server-2,0,1,2,22.109,7.158,2.444
combined-lc-lrt-cache-off-warm500,70,3,6.7000,26.533,18.231,44.764,you,northanger-abbey,1,,server-3,0,1,3,22.109,3.843,2.444
combined-lc-lrt-cache-off-warm500,70,3,6.7143,2.254,17.046,19.300,of,the-adventures-of-sherlock-holmes,1,,server-2,0,1,3,22.109,5.346,2.444
combined-lc-lrt-cache-off-warm500,70,3,6.7286,6.026,25.862,31.888,death,emma,1,,server-2,0,2,1,22.109,2.862,10.979
combined-lc-lrt-cache-off-warm500,70,3,6.7429,17.793,24.539,42.333,of,jude-the-obscure,1,,server-2,0,2,1,22.109,2.839,10.979
combined-lc-lrt-cache-off-warm500,70,3,6.7571,1.681,20.593,22.274,heart,walden-and-on-the-duty-of-civil-disobedience,1,,server-3,0,2,1,22.109,4.891,9.682
combined-lc-lrt-cache-off-warm500,70,3,6.7714,14.351,10.295,24.646,london,black-beauty,1,,server-2,0,2,1,22.109,5.031,5.045
combined-lc-lrt-cache-off-warm500,70,3,6.7857,1.069,21.774,22.843,money,the-last-of-the-mohicans-a-narrative-of-1757,1,,server-3,0,1,1,22.109,6.245,6.423
combined-lc-lrt-cache-off-warm500,70,3,6.8000,1.438,33.197,34.635,king,little-women,1,,server-2,0,1,1,22.109,4.762,3.354
combined-lc-lrt-cache-off-warm500,70,3,6.8143,20.931,23.269,44.200,heart,the-works-of-edgar-allan-poe-volume-2,1,,server-2,0,2,0,22.109,2.515,5.621
combined-lc-lrt-cache-off-warm500,70,3,6.8286,2.008,27.180,29.188,love,the-return-of-sherlock-holmes,1,,server-3,0,2,1,22.109,2.515,5.621
combined-lc-lrt-cache-off-warm500,70,3,6.8429,16.257,16.037,32.294,and,the-hound-of-the-baskervilles-3070,1,,server-3,0,1,2,22.109,5.586,2.973
combined-lc-lrt-cache-off-warm500,70,3,6.8571,2.494,37.184,39.678,love,the-last-of-the-mohicans-a-narrative-of-1757-27681,1,,server-3,0,1,3,22.109,5.586,2.973
combined-lc-lrt-cache-off-warm500,70,3,6.8714,2.638,16.654,19.292,she,a-princess-of-mars,1,,server-2,0,1,2,22.109,7.224,2.541
combined-lc-lrt-cache-off-warm500,70,3,6.8857,5.791,24.708,30.499,night,pride-and-prejudice,1,,server-2,0,2,2,22.109,3.817,5.118
combined-lc-lrt-cache-off-warm500,70,3,6.9000,16.983,44.260,61.242,horse,memoirs-of-fanny-hill,1,,server-2,0,2,0,22.109,3.230,10.984
combined-lc-lrt-cache-off-warm500,70,3,6.9143,2.940,41.739,44.679,you,a-connecticut-yankee-in-king-arthur-s-court,1,,server-2,0,3,0,22.109,3.230,10.984
combined-lc-lrt-cache-off-warm500,70,3,6.9286,33.105,42.129,75.234,house,little-women,1,,server-2,0,3,0,22.109,2.616,10.984
combined-lc-lrt-cache-off-warm500,70,3,6.9429,18.914,67.489,86.403,he,the-moonstone,1,,server-2,0,4,0,22.109,2.616,10.984
combined-lc-lrt-cache-off-warm500,70,3,6.9571,1.411,9.056,10.467,letter,the-mysterious-affair-at-styles,1,,server-3,0,4,1,22.109,2.616,10.984
combined-lc-lrt-cache-off-warm500,70,3,6.9714,1.849,42.355,44.204,was,the-moonstone,1,,server-3,0,2,1,22.109,5.546,5.052
combined-lc-lrt-cache-off-warm500,70,3,6.9857,30.186,39.468,69.654,horse,the-moonstone,1,,server-3,0,2,2,22.109,5.546,2.679
combined-lc-lrt-cache-off-warm500,70,3,7.0000,16.058,35.824,51.882,king,the-secret-garden,1,,server-3,0,2,3,22.109,5.546,2.679
combined-lc-lrt-cache-off-warm500,70,3,7.0143,15.138,20.812,35.950,the,a-tale-of-two-cities,1,,server-2,0,2,3,22.109,10.217,7.886
combined-lc-lrt-cache-off-warm500,70,3,7.0286,27.915,33.278,61.192,sea,the-song-of-the-lark,1,,server-3,0,2,3,22.109,10.283,5.466
combined-lc-lrt-cache-off-warm500,70,3,7.0429,13.220,13.700,26.920,and,autobiography-of-benjamin-franklin,1,,server-3,0,1,4,22.109,11.500,5.466
combined-lc-lrt-cache-off-warm500,70,3,7.0571,1.353,12.775,14.128,king,the-adventures-of-tom-sawyer-complete,1,,server-2,0,1,2,22.109,10.630,6.258
combined-lc-lrt-cache-off-warm500,70,3,7.0714,1.469,32.749,34.219,castle,the-iliad,1,,server-2,0,1,1,22.109,5.524,5.538
combined-lc-lrt-cache-off-warm500,70,3,7.0857,20.543,11.431,31.974,you,poirot-investigates,1,,server-2,0,2,1,22.109,2.887,5.538
combined-lc-lrt-cache-off-warm500,70,3,7.1000,6.575,37.037,43.612,death,dracula,1,,server-2,0,3,0,22.109,2.887,8.665
combined-lc-lrt-cache-off-warm500,70,3,7.1143,2.151,30.794,32.945,castle,the-moonstone,1,,server-3,0,2,1,22.109,3.271,8.665
combined-lc-lrt-cache-off-warm500,70,3,7.1286,16.003,20.611,36.614,castle,the-jungle,1,,server-2,0,2,1,22.109,3.984,4.533
combined-lc-lrt-cache-off-warm500,70,3,7.1429,5.231,18.661,23.893,heart,the-house-of-mirth,1,,server-3,0,2,2,22.109,10.455,4.533
combined-lc-lrt-cache-off-warm500,70,3,7.1571,9.376,10.128,19.503,london,a-princess-of-mars,1,,server-3,0,1,2,22.109,5.820,4.360
combined-lc-lrt-cache-off-warm500,70,3,7.1714,1.786,25.003,26.789,castle,the-last-of-the-mohicans-a-narrative-of-1757-27681,1,,server-2,0,1,1,22.109,6.969,4.006
combined-lc-lrt-cache-off-warm500,70,3,7.1857,2.173,10.460,12.633,death,the-kama-sutra-of-vatsyayana,1,,server-3,0,1,1,22.109,3.671,4.155
combined-lc-lrt-cache-off-warm500,70,3,7.2000,1.288,44.187,45.475,you,jane-eyre-an-autobiography,1,,server-3,0,0,1,22.109,6.307,3.054
combined-lc-lrt-cache-off-warm500,70,3,7.2143,31.987,27.347,59.335,whale,frankenstein-or-the-modern-prometheus,1,,server-3,0,0,2,22.109,6.307,1.642
combined-lc-lrt-cache-off-warm500,70,3,7.2286,17.979,28.396,46.375,horse,the-prince,1,,server-3,0,0,3,22.109,6.307,1.642
combined-lc-lrt-cache-off-warm500,70,3,7.2429,1.865,37.819,39.684,love,north-and-south,1,,server-2,0,1,3,22.109,6.307,1.642
combined-lc-lrt-cache-off-warm500,70,3,7.2571,25.921,33.563,59.484,london,cranford,1,,server-2,0,2,2,22.109,3.317,5.457
combined-lc-lrt-cache-off-warm500,70,3,7.2714,11.825,31.719,43.544,heart,a-princess-of-mars,1,,server-2,0,3,2,22.109,3.317,5.457
combined-lc-lrt-cache-off-warm500,70,3,7.2857,1.930,20.261,22.190,king,the-hound-of-the-baskervilles-3070,1,,server-3,0,2,1,22.109,4.152,9.567
combined-lc-lrt-cache-off-warm500,70,3,7.3000,8.864,19.731,28.596,king,the-king-in-yellow,1,,server-3,0,2,2,22.109,4.152,4.995
combined-lc-lrt-cache-off-warm500,70,3,7.3143,14.598,11.883,26.482,heart,agnes-grey,1,,server-3,0,2,2,22.109,4.152,4.209
combined-lc-lrt-cache-off-warm500,70,3,7.3286,1.440,13.501,14.941,night,a-princess-of-mars,1,,server-2,0,1,2,22.109,9.362,6.693
combined-lc-lrt-cache-off-warm500,70,3,7.3429,2.074,16.806,18.880,of,the-war-of-the-worlds,1,,server-3,0,1,1,22.109,4.848,4.583
combined-lc-lrt-cache-off-warm500,70,3,7.3571,5.164,19.245,24.410,she,dubliners,1,,server-3,0,0,2,22.109,5.226,2.439
combined-lc-lrt-cache-off-warm500,70,3,7.3714,10.876,30.346,41.222,letter,the-romance-of-lust-a-classic-victorian-erotic-novel,1,,server-3,0,0,2,22.109,5.226,2.561
combined-lc-lrt-cache-off-warm500,70,3,7.3857,2.489,21.169,23.658,king,hard-times,1,,server-2,0,1,1,22.109,5.226,3.395
combined-lc-lrt-cache-off-warm500,70,3,7.4000,10.084,9.712,19.795,house,poirot-investigates,1,,server-2,0,2,1,22.109,2.799,3.395
combined-lc-lrt-cache-off-warm500,70,3,7.4143,1.413,9.449,10.862,sea,the-hound-of-the-baskervilles-3070,1,,server-3,0,1,1,22.109,3.532,6.960
combined-lc-lrt-cache-off-warm500,70,3,7.4286,1.989,27.093,29.082,you,walden-and-on-the-duty-of-civil-disobedience,1,,server-2,0,1,0,22.109,3.708,3.775
combined-lc-lrt-cache-off-warm500,70,3,7.4429,2.521,18.613,21.134,of,the-mystery-of-edwin-drood,1,,server-3,0,1,1,22.109,1.977,3.775
combined-lc-lrt-cache-off-warm500,70,3,7.4571,1.597,25.870,27.467,night,the-vicomte-de-bragelonne,1,,server-2,0,2,1,22.109,1.977,2.050
combined-lc-lrt-cache-off-warm500,70,3,7.4714,1.501,27.544,29.044,and,the-moonstone,1,,server-3,0,1,1,22.109,2.899,4.203
combined-lc-lrt-cache-off-warm500,70,3,7.4857,15.068,14.493,29.561,king,persuasion,1,,server-3,0,0,2,22.109,5.932,2.208
combined-lc-lrt-cache-off-warm500,70,3,7.5000,2.083,18.393,20.475,of,twenty-thousand-leagues-under-the-sea,1,,server-2,0,1,2,22.109,5.932,5.413
combined-lc-lrt-cache-off-warm500,70,3,7.5143,6.719,18.456,25.175,sea,the-secret-garden,1,,server-2,0,2,1,22.109,3.115,4.378
combined-lc-lrt-cache-off-warm500,70,3,7.5286,1.413,18.765,20.178,london,the-house-of-mirth,1,,server-3,0,1,1,22.109,3.034,5.032
combined-lc-lrt-cache-off-warm500,70,3,7.5429,1.018,11.369,12.387,king,the-picture-of-dorian-gray,1,,server-2,0,1,1,22.109,4.852,2.645
combined-lc-lrt-cache-off-warm500,70,3,7.5571,1.367,8.614,9.981,was,the-kama-sutra-of-vatsyayana,1,,server-2,0,1,0,22.109,3.392,4.665
combined-lc-lrt-cache-off-warm500,70,3,7.5714,1.478,23.865,25.343,she,the-secret-garden-17396,1,,server-2,0,1,0,22.109,2.508,4.665
combined-lc-lrt-cache-off-warm500,70,3,7.5857,11.490,29.495,40.985,castle,the-adventures-of-sherlock-holmes,1,,server-2,0,2,0,22.109,1.371,4.665
combined-lc-lrt-cache-off-warm500,70,3,7.6000,1.237,20.574,21.811,whale,his-last-bow,1,,server-3,0,1,1,22.109,3.418,4.665
combined-lc-lrt-cache-off-warm500,70,3,7.6143,8.424,29.853,38.278,house,the-jungle,1,,server-3,0,1,2,22.109,3.418,2.486
combined-lc-lrt-cache-off-warm500,70,3,7.6286,24.669,20.495,45.164,he,adventures-of-huckleberry-finn,1,,server-3,0,0,2,22.109,6.837,3.200
combined-lc-lrt-cache-off-warm500,70,3,7.6429,1.968,26.180,28.148,death,the-romance-of-lust-a-classic-victorian-erotic-novel,1,,server-2,0,1,2,22.109,6.837,3.200
combined-lc-lrt-cache-off-warm500,70,3,7.6571,14.526,29.229,43.755,london,jane-eyre-an-autobiography,1,,server-2,0,2,1,22.109,3.632,5.950
combined-lc-lrt-cache-off-warm500,70,3,7.6714,2.910,21.255,24.164,house,far-from-the-madding-crowd,1,,server-3,0,2,2,22.109,5.812,5.950
combined-lc-lrt-cache-off-warm500,70,3,7.6857,10.708,12.764,23.472,sea,the-secret-adversary,1,,server-3,0,1,2,22.109,4.673,3.836
combined-lc-lrt-cache-off-warm500,70,3,7.7000,10.240,41.712,51.952,king,the-mysterious-island,1,,server-3,0,1,2,22.109,4.673,3.954
combined-lc-lrt-cache-off-warm500,70,3,7.7143,34.733,15.759,50.492,castle,autobiography-of-benjamin-franklin,1,,server-3,0,0,2,22.109,7.570,3.261
combined-lc-lrt-cache-off-warm500,70,3,7.7286,1.428,22.815,24.243,and,the-works-of-edgar-allan-poe-volume-2,1,,server-2,0,1,2,22.109,7.570,4.003
combined-lc-lrt-cache-off-warm500,70,3,7.7429,10.472,17.170,27.643,and,the-house-of-the-seven-gables,1,,server-2,0,2,2,22.109,3.947,4.003
combined-lc-lrt-cache-off-warm500,70,3,7.7571,14.061,9.257,23.318,night,his-last-bow,1,,server-2,0,2,1,22.109,4.123,10.057
combined-lc-lrt-cache-off-warm500,70,3,7.7714,1.573,31.869,33.442,sea,hard-times,1,,server-2,0,2,0,22.109,4.056,8.455
combined-lc-lrt-cache-off-warm500,70,3,7.7857,20.468,36.455,56.922,whale,far-from-the-madding-crowd,1,,server-2,0,2,0,22.109,2.902,8.455
combined-lc-lrt-cache-off-warm500,70,3,7.8000,3.136,30.454,33.590,castle,the-divine-comedy,1,,server-3,0,2,1,22.109,2.902,8.455
combined-lc-lrt-cache-off-warm500,70,3,7.8143,20.021,15.468,35.489,was,the-lost-world,1,,server-3,0,1,2,22.109,5.590,4.487
combined-lc-lrt-cache-off-warm500,70,3,7.8286,14.961,28.238,43.199,you,the-portrait-of-a-lady-volume-1,1,,server-2,0,2,2,22.109,5.590,4.487
combined-lc-lrt-cache-off-warm500,70,3,7.8429,7.184,28.566,35.750,sea,oliver-twist,1,,server-3,0,2,2,22.109,7.699,5.775
combined-lc-lrt-cache-off-warm500,70,3,7.8571,21.848,30.656,52.503,house,the-jungle,1,,server-3,0,1,2,22.109,6.180,3.911
combined-lc-lrt-cache-off-warm500,70,3,7.8714,7.704,56.380,64.084,you,the-moonstone,1,,server-3,0,1,3,22.109,10.412,3.911
combined-lc-lrt-cache-off-warm500,70,3,7.8857,1.849,21.401,23.250,was,the-house-of-the-seven-gables,1,,server-2,0,1,2,22.109,8.355,4.141
combined-lc-lrt-cache-off-warm500,70,3,7.9000,9.459,11.030,20.489,you,dubliners,1,,server-2,0,2,2,22.109,4.382,4.141
combined-lc-lrt-cache-off-warm500,70,3,7.9143,6.710,12.062,18.773,castle,autobiography-of-benjamin-franklin,1,,server-2,0,2,2,22.109,4.015,9.342
combined-lc-lrt-cache-off-warm500,70,3,7.9286,5.036,18.610,23.646,the,the-adventures-of-sherlock-holmes,1,,server-2,0,2,2,22.109,2.767,9.342
combined-lc-lrt-cache-off-warm500,70,3,7.9429,9.681,15.997,25.677,king,myths-and-legends-of-ancient-greece-and-rome,1,,server-2,0,2,0,22.109,2.279,16.575
combined-lc-lrt-cache-off-warm500,70,3,7.9571,12.084,19.988,32.072,the,poirot-investigates,1,,server-2,0,2,0,22.109,3.391,16.575
combined-lc-lrt-cache-off-warm500,70,3,7.9714,19.392,77.390,96.782,love,the-odyssey,1,,server-2,0,2,0,22.109,3.575,16.575
combined-lc-lrt-cache-off-warm500,70,3,7.9857,6.024,79.192,85.216,whale,silas-marner,1,,server-2,0,3,0,22.109,3.575,16.575
combined-lc-lrt-cache-off-warm500,70,3,8.0000,11.903,80.788,92.691,letter,tess-of-the-d-urbervilles-a-pure-woman,1,,server-2,0,3,0,22.109,2.876,16.575
combined-lc-lrt-cache-off-warm500,70,3,8.0143,56.314,50.535,106.848,london,wuthering-heights,1,,server-2,0,4,0,22.109,3.264,16.575
combined-lc-lrt-cache-off-warm500,70,3,8.0286,43.618,66.379,109.997,and,the-scarlet-letter-33,1,,server-2,0,5,0,22.109,3.264,16.575
combined-lc-lrt-cache-off-warm500,70,3,8.0429,2.594,19.520,22.114,london,persuasion,1,,server-3,0,5,1,22.109,8.318,16.575
combined-lc-lrt-cache-off-warm500,70,3,8.0571,8.405,17.522,25.927,house,memoirs-of-fanny-hill,1,,server-3,0,5,2,22.109,8.318,8.654
combined-lc-lrt-cache-off-warm500,70,3,8.0714,12.452,8.249,20.701,london,the-great-gatsby,1,,server-3,0,5,2,22.109,25.772,5.133
combined-lc-lrt-cache-off-warm500,70,3,8.0857,6.970,18.573,25.544,london,the-king-in-yellow,1,,server-3,0,5,2,22.109,14.083,4.237
combined-lc-lrt-cache-off-warm500,70,3,8.1000,12.269,13.715,25.984,whale,the-first-men-in-the-moon,1,,server-3,0,2,2,22.109,17.117,2.617
combined-lc-lrt-cache-off-warm500,70,3,8.1143,11.533,14.927,26.460,of,a-journey-to-the-centre-of-the-earth,1,,server-3,0,2,2,22.109,17.117,3.451
combined-lc-lrt-cache-off-warm500,70,3,8.1286,12.698,20.571,33.269,was,his-last-bow,1,,server-3,0,2,2,22.109,23.710,3.708
combined-lc-lrt-cache-off-warm500,70,3,8.1429,19.156,41.721,60.878,was,the-odyssey,1,,server-3,0,0,2,22.109,21.336,3.587
combined-lc-lrt-cache-off-warm500,70,3,8.1571,5.619,56.463,62.081,death,walden-and-on-the-duty-of-civil-disobedience,1,,server-3,0,0,3,22.109,21.336,2.897
combined-lc-lrt-cache-off-warm500,70,3,8.1714,32.311,59.781,92.092,love,dracula,1,,server-3,0,0,3,22.109,21.336,3.261
combined-lc-lrt-cache-off-warm500,70,3,8.1857,18.447,39.232,57.678,sea,the-great-gatsby,1,,server-3,0,0,4,22.109,21.336,3.261
combined-lc-lrt-cache-off-warm500,70,3,8.2000,4.599,32.393,36.992,death,the-portrait-of-a-lady-volume-1,1,,server-3,0,0,5,22.109,21.336,3.261
combined-lc-lrt-cache-off-warm500,70,3,8.2143,1.514,26.002,27.516,whale,great-expectations,1,,server-2,0,1,5,22.109,21.336,4.530
combined-lc-lrt-cache-off-warm500,70,3,8.2286,14.073,16.011,30.084,and,the-house-of-the-seven-gables,1,,server-2,0,2,3,22.109,11.034,12.645
combined-lc-lrt-cache-off-warm500,70,3,8.2429,2.608,35.611,38.219,letter,the-house-of-mirth,1,,server-2,0,2,3,22.109,7.044,13.993
combined-lc-lrt-cache-off-warm500,70,3,8.2571,2.983,75.721,78.704,castle,villette,1,,server-2,0,3,1,22.109,6.065,11.787
combined-lc-lrt-cache-off-warm500,70,3,8.2714,10.024,49.482,59.506,whale,the-secret-garden,1,,server-2,0,3,0,22.109,3.612,16.994
combined-lc-lrt-cache-off-warm500,70,3,8.2857,45.401,29.163,74.564,of,oliver-twist,1,,server-2,0,3,0,22.109,4.540,16.994
combined-lc-lrt-cache-off-warm500,70,3,8.3000,1.494,12.657,14.151,was,the-first-men-in-the-moon,1,,server-3,0,3,1,22.109,4.540,16.994
combined-lc-lrt-cache-off-warm500,70,3,8.3143,1.368,10.916,12.285,sea,meditations,1,,server-3,0,3,2,22.109,4.540,7.586
combined-lc-lrt-cache-off-warm500,70,3,8.3286,1.290,15.244,16.534,heart,the-scarlet-letter-33,1,,server-3,0,3,1,22.109,4.540,4.213
combined-lc-lrt-cache-off-warm500,70,3,8.3429,2.768,12.058,14.825,sea,the-secret-garden,1,,server-3,0,1,2,22.109,15.941,2.210
combined-lc-lrt-cache-off-warm500,70,3,8.3571,1.713,12.029,13.743,castle,dubliners,1,,server-3,0,1,2,22.109,15.941,4.017
combined-lc-lrt-cache-off-warm500,70,3,8.3714,1.102,35.164,36.266,letter,jude-the-obscure,1,,server-3,0,0,1,22.109,14.118,3.009
combined-lc-lrt-cache-off-warm500,70,3,8.3857,22.533,31.041,53.575,he,the-hound-of-the-baskervilles-3070,1,,server-3,0,0,2,22.109,14.118,1.593
combined-lc-lrt-cache-off-warm500,70,3,8.4000,8.452,22.111,30.563,king,the-last-of-the-mohicans-a-narrative-of-1757,1,,server-3,0,0,3,22.109,14.118,1.593
combined-lc-lrt-cache-off-warm500,70,3,8.4143,24.913,11.828,36.741,london,cranford,1,,server-3,0,0,3,22.109,14.118,3.560
combined-lc-lrt-cache-off-warm500,70,3,8.4286,1.356,11.962,13.318,horse,a-princess-of-mars,1,,server-2,0,1,3,22.109,14.118,3.560
combined-lc-lrt-cache-off-warm500,70,3,8.4429,1.142,10.139,11.281,sea,the-first-men-in-the-moon,1,,server-2,0,1,1,22.109,6.534,7.684
combined-lc-lrt-cache-off-warm500,70,3,8.4571,1.702,46.887,48.589,you,great-expectations,1,,server-2,0,1,0,22.109,3.761,6.709
combined-lc-lrt-cache-off-warm500,70,3,8.4714,34.816,41.055,75.872,horse,the-adventures-of-ferdinand-count-fathom-complete,1,,server-2,0,2,0,22.109,2.019,6.709
combined-lc-lrt-cache-off-warm500,70,3,8.4857,20.786,16.911,37.697,whale,a-connecticut-yankee-in-king-arthur-s-court,1,,server-2,0,3,0,22.109,2.019,6.709
combined-lc-lrt-cache-off-warm500,70,3,8.5000,1.383,12.119,13.502,money,autobiography-of-benjamin-franklin,1,,server-3,0,3,1,22.109,2.019,6.709
combined-lc-lrt-cache-off-warm500,70,3,8.5143,1.185,17.000,18.185,night,madame-bovary,1,,server-3,0,2,1,22.109,5.618,4.140
combined-lc-lrt-cache-off-warm500,70,3,8.5286,4.249,18.729,22.978,castle,adventures-of-huckleberry-finn,1,,server-3,0,1,2,22.109,6.328,2.175
combined-lc-lrt-cache-off-warm500,70,3,8.5429,9.138,27.502,36.640,king,jude-the-obscure,1,,server-3,0,1,2,22.109,6.328,2.464
combined-lc-lrt-cache-off-warm500,70,3,8.5571,22.599,26.453,49.052,he,the-tenant-of-wildfell-hall,1,,server-3,0,0,2,22.109,10.562,3.180
combined-lc-lrt-cache-off-warm500,70,3,8.5714,8.503,37.680,46.183,castle,myths-and-legends-of-ancient-greece-and-rome,1,,server-3,0,0,3,22.109,10.562,3.180
combined-lc-lrt-cache-off-warm500,70,3,8.5857,30.605,23.763,54.369,love,a-tale-of-two-cities,1,,server-3,0,0,3,22.109,10.562,3.381
combined-lc-lrt-cache-off-warm500,70,3,8.6000,1.488,13.395,14.882,money,persuasion,1,,server-2,0,1,3,22.109,10.562,3.381
combined-lc-lrt-cache-off-warm500,70,3,8.6143,1.944,14.632,16.576,he,the-first-men-in-the-moon,1,,server-2,0,2,3,22.109,5.491,10.254
combined-lc-lrt-cache-off-warm500,70,3,8.6286,2.882,12.862,15.744,you,meditations,1,,server-2,0,2,1,22.109,2.948,10.061
combined-lc-lrt-cache-off-warm500,70,3,8.6429,2.118,12.481,14.599,house,the-first-men-in-the-moon,1,,server-2,0,2,0,22.109,2.310,10.003
combined-lc-lrt-cache-off-warm500,70,3,8.6571,1.575,32.176,33.752,he,the-mysterious-island,1,,server-2,0,2,0,22.109,3.946,10.003
combined-lc-lrt-cache-off-warm500,70,3,8.6714,19.725,26.368,46.093,letter,kidnapped,1,,server-2,0,2,0,22.109,1.686,10.003
combined-lc-lrt-cache-off-warm500,70,3,8.6857,5.872,25.126,30.998,you,the-memoirs-of-sherlock-holmes,1,,server-2,0,3,0,22.109,1.686,10.003
combined-lc-lrt-cache-off-warm500,70,3,8.7000,18.968,20.990,39.958,death,a-connecticut-yankee-in-king-arthur-s-court,1,,server-2,0,3,0,22.109,2.935,10.003
combined-lc-lrt-cache-off-warm500,70,3,8.7143,1.975,13.760,15.735,king,the-secret-garden,1,,server-3,0,3,1,22.109,2.935,10.003
combined-lc-lrt-cache-off-warm500,70,3,8.7286,2.141,14.901,17.042,love,the-secret-garden-17396,1,,server-3,0,1,2,22.109,5.982,5.203
combined-lc-lrt-cache-off-warm500,70,3,8.7429,3.321,36.455,39.776,heart,jane-eyre-an-autobiography,1,,server-3,0,0,2,22.109,7.125,2.892
combined-lc-lrt-cache-off-warm500,70,3,8.7571,26.867,9.767,36.634,castle,poirot-investigates,1,,server-3,0,0,2,22.109,7.125,2.399
combined-lc-lrt-cache-off-warm500,70,3,8.7714,1.770,16.778,18.548,london,silas-marner,1,,server-2,0,1,2,22.109,7.125,2.399
combined-lc-lrt-cache-off-warm500,70,3,8.7857,4.962,23.546,28.508,night,frankenstein-or-the-modern-prometheus-41445,1,,server-2,0,2,1,22.109,3.769,6.982
combined-lc-lrt-cache-off-warm500,70,3,8.8000,15.268,30.488,45.756,love,myths-and-legends-of-ancient-greece-and-rome,1,,server-2,0,2,0,22.109,2.969,5.971
combined-lc-lrt-cache-off-warm500,70,3,8.8143,3.479,40.826,44.305,night,great-expectations,1,,server-3,0,2,1,22.109,5.632,5.971
combined-lc-lrt-cache-off-warm500,70,3,8.8286,30.226,20.263,50.488,whale,the-song-of-the-lark,1,,server-3,0,1,2,22.109,4.580,3.234
combined-lc-lrt-cache-off-warm500,70,3,8.8429,3.732,12.216,15.949,london,the-picture-of-dorian-gray,1,,server-2,0,2,2,22.109,4.580,3.234
combined-lc-lrt-cache-off-warm500,70,3,8.8571,2.269,8.972,11.242,you,poirot-investigates,1,,server-2,0,2,2,22.109,4.216,3.234
combined-lc-lrt-cache-off-warm500,70,3,8.8714,1.377,14.761,16.138,she,the-scarlet-letter-33,1,,server-2,0,1,1,22.109,2.978,7.434
combined-lc-lrt-cache-off-warm500,70,3,8.8857,2.509,25.650,28.159,night,washington-square,1,,server-2,0,2,0,22.109,1.601,7.964
combined-lc-lrt-cache-off-warm500,70,3,8.9000,14.754,31.091,45.845,night,pride-and-prejudice,1,,server-2,0,2,0,22.109,1.932,7.964
combined-lc-lrt-cache-off-warm500,70,3,8.9143,4.383,26.782,31.165,king,adventures-of-huckleberry-finn,1,,server-3,0,1,1,22.109,4.392,7.964
combined-lc-lrt-cache-off-warm500,70,3,8.9286,18.282,21.925,40.208,the,jude-the-obscure,1,,server-3,0,1,2,22.109,4.392,4.338
combined-lc-lrt-cache-off-warm500,70,3,8.9429,4.080,21.945,26.025,she,dracula,1,,server-2,0,2,2,22.109,4.392,4.338
combined-lc-lrt-cache-off-warm500,70,3,8.9571,12.486,10.980,23.466,was,the-prince,1,,server-2,0,2,1,22.109,4.172,5.391
combined-lc-lrt-cache-off-warm500,70,3,8.9714,1.168,26.096,27.264,castle,north-and-south,1,,server-3,0,1,1,22.109,4.258,6.824
combined-lc-lrt-cache-off-warm500,70,3,8.9857,1.044,16.289,17.333,death,anne-of-green-gables,1,,server-2,0,1,1,22.109,4.427,3.562
combined-lc-lrt-cache-off-warm500,70,3,9.0000,3.448,29.074,32.522,heart,oliver-twist,1,,server-2,0,2,0,22.109,2.320,6.418
combined-lc-lrt-cache-off-warm500,70,3,9.0143,18.881,17.123,36.005,money,frankenstein-or-the-modern-prometheus-41445,1,,server-2,0,2,0,22.109,2.334,6.418
combined-lc-lrt-cache-off-warm500,70,3,9.0286,1.362,16.772,18.134,death,the-age-of-innocence,1,,server-3,0,2,1,22.109,2.334,6.418
combined-lc-lrt-cache-off-warm500,70,3,9.0429,4.722,25.957,30.679,king,the-iliad-2199,1,,server-3,0,1,2,22.109,4.989,3.345
combined-lc-lrt-cache-off-warm500,70,3,9.0571,18.851,26.497,45.348,london,the-works-of-edgar-allan-poe-volume-2,1,,server-3,0,0,2,22.109,5.908,2.873
combined-lc-lrt-cache-off-warm500,70,3,9.0714,2.759,35.463,38.222,house,the-adventures-of-ferdinand-count-fathom-complete,1,,server-2,0,1,2,22.109,5.908,2.873
combined-lc-lrt-cache-off-warm500,70,3,9.0857,23.973,17.710,41.683,night,kidnapped,1,,server-2,0,2,1,22.109,3.196,5.135
combined-lc-lrt-cache-off-warm500,70,3,9.1000,10.550,31.114,41.664,whale,the-adventures-of-sherlock-holmes,1,,server-2,0,3,1,22.109,3.196,5.135
combined-lc-lrt-cache-off-warm500,70,3,9.1143,1.616,30.101,31.717,house,villette,1,,server-3,0,2,1,22.109,4.373,7.391
combined-lc-lrt-cache-off-warm500,70,3,9.1286,17.877,12.176,30.053,king,the-prince,1,,server-3,0,1,2,22.109,5.565,3.879
combined-lc-lrt-cache-off-warm500,70,3,9.1429,1.446,16.434,17.881,the,the-house-of-the-seven-gables,1,,server-2,0,1,2,22.109,8.486,3.879
combined-lc-lrt-cache-off-warm500,70,3,9.1571,4.132,13.001,17.134,was,frankenstein-or-the-modern-prometheus-41445,1,,server-2,0,2,1,22.109,4.411,5.440
combined-lc-lrt-cache-off-warm500,70,3,9.1714,1.315,15.340,16.655,love,the-adventures-of-sherlock-holmes,1,,server-3,0,1,1,22.109,3.115,5.372
combined-lc-lrt-cache-off-warm500,70,3,9.1857,1.315,13.749,15.064,and,northanger-abbey,1,,server-2,0,1,1,22.109,4.026,2.822
combined-lc-lrt-cache-off-warm500,70,3,9.2000,1.388,17.139,18.527,heart,northanger-abbey,1,,server-3,0,1,1,22.109,2.124,4.222
combined-lc-lrt-cache-off-warm500,70,3,9.2143,1.423,27.130,28.553,whale,twenty-thousand-leagues-under-the-sea,1,,server-2,0,1,1,22.109,3.520,2.235
combined-lc-lrt-cache-off-warm500,70,3,9.2286,14.679,21.919,36.598,whale,the-prince,1,,server-2,0,2,0,22.109,1.876,4.121
combined-lc-lrt-cache-off-warm500,70,3,9.2429,1.085,28.016,29.101,king,the-works-of-edgar-allan-poe-volume-2,1,,server-3,0,2,1,22.109,6.474,4.121
combined-lc-lrt-cache-off-warm500,70,3,9.2571,15.284,17.361,32.645,castle,the-secret-garden-17396,1,,server-3,0,1,2,22.109,4.211,2.173
combined-lc-lrt-cache-off-warm500,70,3,9.2714,1.767,16.378,18.145,house,cranford,1,,server-2,0,1,2,22.109,6.138,7.258
combined-lc-lrt-cache-off-warm500,70,3,9.2857,4.347,31.011,35.358,king,myths-and-legends-of-ancient-greece-and-rome,1,,server-2,0,2,1,22.109,3.229,4.419
combined-lc-lrt-cache-off-warm500,70,3,9.3000,2.599,36.945,39.545,london,little-women,1,,server-3,0,1,1,22.109,2.741,5.468
combined-lc-lrt-cache-off-warm500,70,3,9.3143,7.529,23.125,30.654,you,oliver-twist,1,,server-2,0,2,1,22.109,2.741,2.944
combined-lc-lrt-cache-off-warm500,70,3,9.3286,11.365,16.294,27.659,castle,the-king-in-yellow,1,,server-3,0,1,2,22.109,4.163,2.944
combined-lc-lrt-cache-off-warm500,70,3,9.3429,2.837,35.157,37.994,and,the-vicomte-de-bragelonne,1,,server-2,0,2,1,22.109,4.163,5.044
combined-lc-lrt-cache-off-warm500,70,3,9.3571,2.067,23.596,25.663,letter,the-adventures-of-sherlock-holmes,1,,server-3,0,1,1,22.109,3.438,5.792
combined-lc-lrt-cache-off-warm500,70,3,9.3714,12.011,17.841,29.851,she,leaves-of-grass,1,,server-3,0,1,2,22.109,3.438,3.088
combined-lc-lrt-cache-off-warm500,70,3,9.3857,1.531,12.633,14.164,heart,the-wind-in-the-willows,1,,server-2,0,1,1,22.109,7.757,4.021
combined-lc-lrt-cache-off-warm500,70,3,9.4000,2.015,10.628,12.643,he,the-hound-of-the-baskervilles,1,,server-3,0,1,2,22.109,4.570,4.021
combined-lc-lrt-cache-off-warm500,70,3,9.4143,1.240,18.225,19.465,sea,black-beauty,1,,server-3,0,0,1,22.109,4.570,3.451
combined-lc-lrt-cache-off-warm500,70,3,9.4286,5.868,32.082,37.950,whale,a-journey-to-the-centre-of-the-earth,1,,server-3,0,0,2,22.109,4.570,1.840
combined-lc-lrt-cache-off-warm500,70,3,9.4429,6.169,18.177,24.346,heart,the-prince,1,,server-2,0,1,1,22.109,4.570,2.608
combined-lc-lrt-cache-off-warm500,70,3,9.4571,9.419,14.878,24.297,castle,kidnapped,1,,server-3,0,1,2,22.109,2.674,2.608
combined-lc-lrt-cache-off-warm500,70,3,9.4714,1.808,18.670,20.478,king,myths-and-legends-of-ancient-greece-and-rome,1,,server-2,0,1,1,22.109,4.403,4.813
combined-lc-lrt-cache-off-warm500,70,3,9.4857,6.962,19.011,25.973,letter,treasure-island,1,,server-2,0,2,0,22.109,2.373,5.393
combined-lc-lrt-cache-off-warm500,70,3,9.5000,2.534,22.272,24.807,and,memoirs-of-fanny-hill,1,,server-3,0,1,1,22.109,2.913,5.393
combined-lc-lrt-cache-off-warm500,70,3,9.5143,1.364,26.275,27.639,was,adventures-of-huckleberry-finn,1,,server-2,0,1,1,22.109,4.854,2.950
combined-lc-lrt-cache-off-warm500,70,3,9.5286,14.203,23.943,38.147,castle,thus-spake-zarathustra-a-book-for-all-and-none,1,,server-2,0,2,0,22.109,2.567,5.360
combined-lc-lrt-cache-off-warm500,70,3,9.5429,2.365,16.164,18.529,he,the-war-of-the-worlds,1,,server-3,0,1,1,22.109,4.309,5.360
combined-lc-lrt-cache-off-warm500,70,3,9.5571,4.603,12.577,17.181,and,poirot-investigates,1,,server-3,0,1,2,22.109,4.309,2.869
combined-lc-lrt-cache-off-warm500,70,3,9.5714,3.787,18.941,22.728,you,desert-gold,1,,server-3,0,0,2,22.109,6.531,2.608
combined-lc-lrt-cache-off-warm500,70,3,9.5857,8.846,33.192,42.038,of,the-mysterious-island,1,,server-3,0,0,2,22.109,6.531,2.171
combined-lc-lrt-cache-off-warm500,70,3,9.6000,1.865,14.215,16.081,whale,poirot-investigates,1,,server-2,0,1,1,22.109,6.531,3.325
combined-lc-lrt-cache-off-warm500,70,3,9.6143,13.768,25.862,39.630,the,walden-and-on-the-duty-of-civil-disobedience,1,,server-3,0,1,2,22.109,3.461,3.325
combined-lc-lrt-cache-off-warm500,70,3,9.6286,1.568,12.825,14.393,was,meditations,1,,server-2,0,1,1,22.109,4.410,5.678
combined-lc-lrt-cache-off-warm500,70,3,9.6429,1.504,25.086,26.590,night,dracula,1,,server-2,0,2,1,22.109,4.277,5.678
combined-lc-lrt-cache-off-warm500,70,3,9.6571,12.742,17.145,29.888,london,frankenstein-or-the-modern-prometheus,1,,server-2,0,2,0,22.109,1.862,7.707
combined-lc-lrt-cache-off-warm500,70,3,9.6714,13.506,30.093,43.598,death,the-works-of-edgar-allan-poe-volume-2,1,,server-2,0,2,0,22.109,3.840,7.707
combined-lc-lrt-cache-off-warm500,70,3,9.6857,1.593,29.713,31.306,sea,twenty-thousand-leagues-under-the-sea,1,,server-3,0,2,1,22.109,4.927,7.707
combined-lc-lrt-cache-off-warm500,70,3,9.7000,17.473,29.615,47.088,king,the-mysterious-island,1,,server-3,0,1,2,22.109,5.021,4.059
combined-lc-lrt-cache-off-warm500,70,3,9.7143,1.331,26.924,28.255,death,great-expectations,1,,server-2,0,2,2,22.109,5.021,4.059
combined-lc-lrt-cache-off-warm500,70,3,9.7286,14.197,27.399,41.596,money,the-innocents-abroad,1,,server-2,0,2,1,22.109,3.988,5.332
combined-lc-lrt-cache-off-warm500,70,3,9.7429,3.095,35.282,38.377,whale,the-king-in-yellow,1,,server-2,0,2,1,22.109,4.834,5.332
combined-lc-lrt-cache-off-warm500,70,3,9.7571,1.782,13.618,15.400,death,a-princess-of-mars,1,,server-3,0,2,1,22.109,3.398,8.082
combined-lc-lrt-cache-off-warm500,70,3,9.7714,1.743,25.974,27.717,she,north-and-south,1,,server-3,0,1,2,22.109,8.853,4.246
combined-lc-lrt-cache-off-warm500,70,3,9.7857,14.412,30.176,44.587,the,north-and-south,1,,server-3,0,0,2,22.109,7.860,2.602
combined-lc-lrt-cache-off-warm500,70,3,9.8000,1.800,23.877,25.676,love,the-odyssey,1,,server-2,0,1,1,22.109,7.860,4.339
combined-lc-lrt-cache-off-warm500,70,3,9.8143,11.948,13.490,25.437,she,a-princess-of-mars,1,,server-2,0,2,1,22.109,4.112,4.339
combined-lc-lrt-cache-off-warm500,70,3,9.8286,2.374,16.726,19.100,was,hard-times,1,,server-3,0,1,2,22.109,4.428,4.339
combined-lc-lrt-cache-off-warm500,70,3,9.8429,1.458,13.770,15.228,letter,northanger-abbey,1,,server-2,0,1,1,22.109,4.931,4.026
combined-lc-lrt-cache-off-warm500,70,3,9.8571,1.491,20.701,22.192,and,white-fang,1,,server-3,0,1,1,22.109,2.632,5.198
combined-lc-lrt-cache-off-warm500,70,3,9.8714,2.737,28.221,30.957,he,great-expectations,1,,server-2,0,1,1,22.109,3.835,2.750
combined-lc-lrt-cache-off-warm500,70,3,9.8857,17.749,21.223,38.972,the,the-last-of-the-mohicans-a-narrative-of-1757,1,,server-2,0,2,0,22.109,2.023,5.038
combined-lc-lrt-cache-off-warm500,70,3,9.9000,1.838,15.311,17.149,whale,silas-marner,1,,server-3,0,2,1,22.109,2.023,5.038
combined-lc-lrt-cache-off-warm500,70,3,9.9143,3.450,15.767,19.217,you,the-adventures-of-tom-sawyer-complete,1,,server-3,0,1,2,22.109,4.625,2.686
combined-lc-lrt-cache-off-warm500,70,3,9.9286,5.366,10.132,15.498,and,the-lost-world,1,,server-3,0,0,2,22.109,6.287,2.331
combined-lc-lrt-cache-off-warm500,70,3,9.9429,1.887,31.670,33.557,of,the-age-of-innocence,1,,server-3,0,0,2,22.109,6.287,2.513
combined-lc-lrt-cache-off-warm500,70,3,9.9571,20.557,46.794,67.351,she,the-hound-of-the-baskervilles,1,,server-3,0,0,2,22.109,6.287,1.752
combined-lc-lrt-cache-off-warm500,70,3,9.9714,5.913,50.506,56.419,and,jane-eyre-an-autobiography,1,,server-3,0,0,3,22.109,6.287,1.752
combined-lc-lrt-cache-off-warm500,70,3,9.9857,3.093,23.355,26.449,horse,wuthering-heights,1,,server-2,0,1,2,22.109,6.287,3.459
combined-lc-lrt-cache-off-warm500,70,3,10.0000,12.768,26.031,38.799,sea,far-from-the-madding-crowd,1,,server-2,0,2,2,22.109,3.394,3.459
combined-lc-lrt-cache-off-warm500,70,3,10.0143,1.409,52.993,54.402,she,the-works-of-edgar-allan-poe-volume-2,1,,server-2,0,2,2,22.109,4.184,3.459
combined-lc-lrt-cache-off-warm500,70,3,10.0286,12.012,39.303,51.315,king,the-adventures-of-tom-sawyer-complete,1,,server-2,0,3,0,22.109,2.255,13.098
combined-lc-lrt-cache-off-warm500,70,3,10.0429,35.495,14.290,49.785,castle,herland,1,,server-2,0,3,0,22.109,4.264,13.098
combined-lc-lrt-cache-off-warm500,70,3,10.0571,1.606,13.918,15.524,king,treasure-island,1,,server-3,0,3,1,22.109,4.264,13.098
combined-lc-lrt-cache-off-warm500,70,3,10.0714,1.790,32.723,34.512,money,north-and-south,1,,server-3,0,3,2,22.109,16.180,6.797
combined-lc-lrt-cache-off-warm500,70,3,10.0857,20.878,16.860,37.737,was,the-first-men-in-the-moon,1,,server-3,0,1,2,22.109,12.143,3.445
combined-lc-lrt-cache-off-warm500,70,3,10.1000,1.658,11.145,12.803,money,washington-square,1,,server-2,0,1,2,22.109,9.848,3.445
combined-lc-lrt-cache-off-warm500,70,3,10.1143,1.408,14.149,15.556,was,agnes-grey,1,,server-2,0,1,1,22.109,4.987,5.855
combined-lc-lrt-cache-off-warm500,70,3,10.1286,2.140,13.604,15.744,sea,poirot-investigates,1,,server-2,0,2,0,22.109,2.622,6.370
combined-lc-lrt-cache-off-warm500,70,3,10.1429,2.075,20.897,22.972,night,the-age-of-innocence,1,,server-2,0,2,0,22.109,2.110,6.370
combined-lc-lrt-cache-off-warm500,70,3,10.1571,9.279,26.354,35.633,whale,the-american,1,,server-2,0,2,0,22.109,1.924,6.370
combined-lc-lrt-cache-off-warm500,70,3,10.1714,22.118,17.083,39.202,of,the-last-of-the-mohicans-a-narrative-of-1757-27681,1,,server-2,0,2,0,22.109,3.177,6.370
combined-lc-lrt-cache-off-warm500,70,3,10.1857,1.344,16.867,18.210,horse,wuthering-heights,1,,server-3,0,2,1,22.109,3.177,6.370
combined-lc-lrt-cache-off-warm500,70,3,10.2000,4.552,11.715,16.267,money,the-first-men-in-the-moon,1,,server-3,0,1,2,22.109,5.866,3.335
combined-lc-lrt-cache-off-warm500,70,3,10.2143,2.519,22.527,25.046,money,the-odyssey,1,,server-3,0,0,2,22.109,6.452,2.853
combined-lc-lrt-cache-off-warm500,70,3,10.2286,11.420,23.535,34.956,and,the-last-of-the-mohicans-a-narrative-of-1757-27681,1,,server-3,0,0,2,22.109,6.452,2.089
combined-lc-lrt-cache-off-warm500,70,3,10.2429,1.070,27.312,28.382,death,the-adventures-of-ferdinand-count-fathom-complete,1,,server-2,0,1,1,22.109,6.452,3.809
combined-lc-lrt-cache-off-warm500,70,3,10.2571,14.435,28.418,42.853,house,the-adventures-of-ferdinand-count-fathom-complete,1,,server-2,0,2,1,22.109,3.382,3.809
combined-lc-lrt-cache-off-warm500,70,3,10.2714,1.568,33.901,35.469,money,great-expectations,1,,server-3,0,2,1,22.109,5.847,6.140
combined-lc-lrt-cache-off-warm500,70,3,10.2857,21.704,30.134,51.838,the,agnes-grey,1,,server-3,0,1,2,22.109,4.694,3.218
combined-lc-lrt-cache-off-warm500,70,3,10.3000,7.452,30.909,38.361,money,the-secret-adversary,1,,server-3,0,1,3,22.109,7.466,3.218
combined-lc-lrt-cache-off-warm500,70,3,10.3143,1.413,25.609,27.022,castle,a-tale-of-two-cities,1,,server-2,0,1,2,22.109,7.466,3.503
combined-lc-lrt-cache-off-warm500,70,3,10.3286,12.884,20.164,33.048,death,madame-bovary,1,,server-2,0,2,2,22.109,3.899,3.503
combined-lc-lrt-cache-off-warm500,70,3,10.3429,1.529,12.526,14.056,was,frankenstein-or-the-modern-prometheus-41445,1,,server-3,0,1,1,22.109,4.990,8.512
combined-lc-lrt-cache-off-warm500,70,3,10.3571,1.373,22.971,24.344,love,life-on-the-mississippi,1,,server-3,0,1,2,22.109,4.990,4.798
combined-lc-lrt-cache-off-warm500,70,3,10.3714,10.634,20.496,31.130,night,sense-and-sensibility,1,,server-3,0,0,2,22.109,6.368,2.517
combined-lc-lrt-cache-off-warm500,70,3,10.3857,3.996,10.795,14.791,was,dubliners,1,,server-2,0,1,1,22.109,6.368,3.656
combined-lc-lrt-cache-off-warm500,70,3,10.4000,1.809,16.098,17.908,he,persuasion,1,,server-2,0,2,1,22.109,3.378,3.656
combined-lc-lrt-cache-off-warm500,70,3,10.4143,4.052,28.026,32.078,horse,life-on-the-mississippi,1,,server-2,0,2,0,22.109,2.080,5.542
combined-lc-lrt-cache-off-warm500,70,3,10.4286,18.745,11.446,30.191,you,black-beauty,1,,server-2,0,2,0,22.109,2.386,5.542
combined-lc-lrt-cache-off-warm500,70,3,10.4429,2.718,17.951,20.669,heart,the-works-of-edgar-allan-poe-volume-2,1,,server-3,0,2,1,22.109,2.386,5.542
combined-lc-lrt-cache-off-warm500,70,3,10.4571,7.051,33.095,40.146,love,oliver-twist,1,,server-3,0,1,2,22.109,5.325,2.944
combined-lc-lrt-cache-off-warm500,70,3,10.4714,2.036,19.203,21.239,and,northanger-abbey,1,,server-2,0,1,1,22.109,5.190,3.269
combined-lc-lrt-cache-off-warm500,70,3,10.4857,7.346,31.673,39.019,house,the-moonstone,1,,server-2,0,2,1,22.109,2.777,3.269
combined-lc-lrt-cache-off-warm500,70,3,10.5000,25.589,11.509,37.098,was,silas-marner,1,,server-2,0,2,0,22.109,3.362,7.334
combined-lc-lrt-cache-off-warm500,70,3,10.5143,1.628,11.390,13.018,was,meditations,1,,server-3,0,2,1,22.109,3.362,7.334
combined-lc-lrt-cache-off-warm500,70,3,10.5286,1.424,15.171,16.595,horse,the-works-of-edgar-allan-poe-volume-2,1,,server-3,0,1,1,22.109,6.209,4.228
combined-lc-lrt-cache-off-warm500,70,3,10.5429,3.097,20.959,24.056,castle,hard-times,1,,server-3,0,0,2,22.109,5.756,2.224
combined-lc-lrt-cache-off-warm500,70,3,10.5571,10.179,24.773,34.952,she,his-last-bow,1,,server-3,0,0,2,22.109,5.756,2.183
combined-lc-lrt-cache-off-warm500,70,3,10.5714,2.751,18.053,20.804,love,the-hound-of-the-baskervilles,1,,server-2,0,1,1,22.109,5.756,3.351
combined-lc-lrt-cache-off-warm500,70,3,10.5857,7.428,16.601,24.029,night,a-journey-to-the-centre-of-the-earth,1,,server-2,0,2,1,22.109,3.105,3.351
combined-lc-lrt-cache-off-warm500,70,3,10.6000,1.474,21.376,22.850,death,a-connecticut-yankee-in-king-arthur-s-court,1,,server-3,0,1,1,22.109,3.124,6.035
combined-lc-lrt-cache-off-warm500,70,3,10.6143,2.097,12.816,14.913,sea,washington-square,1,,server-2,0,1,1,22.109,4.594,3.155
combined-lc-lrt-cache-off-warm500,70,3,10.6286,1.481,36.644,38.125,you,great-expectations,1,,server-2,0,2,0,22.109,2.458,5.386
combined-lc-lrt-cache-off-warm500,70,3,10.6429,23.914,12.015,35.929,horse,the-king-in-yellow,1,,server-2,0,2,0,22.109,1.908,5.386
combined-lc-lrt-cache-off-warm500,70,3,10.6571,1.538,28.949,30.487,night,great-expectations,1,,server-3,0,2,1,22.109,1.908,5.386
combined-lc-lrt-cache-off-warm500,70,3,10.6714,17.251,21.976,39.227,you,the-mystery-of-edwin-drood,1,,server-3,0,1,2,22.109,6.312,2.829
combined-lc-lrt-cache-off-warm500,70,3,10.6857,2.164,19.013,21.177,was,the-adventures-of-tom-sawyer-complete,1,,server-2,0,1,2,22.109,5.912,2.829
combined-lc-lrt-cache-off-warm500,70,3,10.7000,7.144,16.258,23.402,house,thus-spake-zarathustra-a-book-for-all-and-none,1,,server-2,0,2,1,22.109,3.108,4.941
combined-lc-lrt-cache-off-warm500,70,3,10.7143,1.246,20.460,21.706,and,jude-the-obscure,1,,server-3,0,1,1,22.109,3.425,6.636
combined-lc-lrt-cache-off-warm500,70,3,10.7286,1.331,23.749,25.080,night,the-last-of-the-mohicans-a-narrative-of-1757-27681,1,,server-2,0,1,1,22.109,4.709,3.460
combined-lc-lrt-cache-off-warm500,70,3,10.7429,12.035,21.257,33.291,the,the-house-of-the-seven-gables,1,,server-2,0,2,0,22.109,2.471,5.445
combined-lc-lrt-cache-off-warm500,70,3,10.7571,2.592,14.720,17.312,she,the-mysterious-affair-at-styles,1,,server-3,0,1,1,22.109,3.863,5.445
combined-lc-lrt-cache-off-warm500,70,3,10.7714,3.657,27.605,31.262,horse,villette,1,,server-3,0,1,2,22.109,3.863,2.920
combined-lc-lrt-cache-off-warm500,70,3,10.7857,17.597,13.952,31.549,sea,the-secret-garden-17396,1,,server-3,0,0,2,22.109,5.793,2.401
combined-lc-lrt-cache-off-warm500,70,3,10.8000,1.469,13.238,14.708,the,northanger-abbey,1,,server-2,0,1,2,22.109,5.793,2.401
combined-lc-lrt-cache-off-warm500,70,3,10.8143,3.669,18.449,22.117,you,hard-times,1,,server-3,0,1,2,22.109,4.980,4.713
combined-lc-lrt-cache-off-warm500,70,3,10.8286,2.209,26.729,28.938,whale,the-last-of-the-mohicans-a-narrative-of-1757-27681,1,,server-2,0,1,1,22.109,4.010,2.916
combined-lc-lrt-cache-off-warm500,70,3,10.8429,15.420,26.667,42.087,london,emma,1,,server-2,0,2,0,22.109,2.174,4.735
combined-lc-lrt-cache-off-warm500,70,3,10.8571,2.018,18.793,20.811,was,desert-gold,1,,server-3,0,2,1,22.109,8.178,4.735
combined-lc-lrt-cache-off-warm500,70,3,10.8714,7.062,26.410,33.472,and,the-portrait-of-a-lady-volume-1,1,,server-3,0,1,2,22.109,4.286,2.511
combined-lc-lrt-cache-off-warm500,70,3,10.8857,19.901,28.639,48.540,was,great-expectations,1,,server-3,0,0,2,22.109,6.915,2.965
combined-lc-lrt-cache-off-warm500,70,3,10.9000,2.779,25.900,28.680,of,north-and-south,1,,server-2,0,1,2,22.109,6.915,2.965
combined-lc-lrt-cache-off-warm500,70,3,10.9143,15.395,25.785,41.179,horse,north-and-south,1,,server-2,0,2,1,22.109,3.618,5.047
combined-lc-lrt-cache-off-warm500,70,3,10.9286,6.518,15.249,21.768,king,the-adventures-of-sherlock-holmes,1,,server-3,0,2,2,22.109,7.217,5.047
combined-lc-lrt-cache-off-warm500,70,3,10.9429,8.229,28.396,36.625,london,the-tenant-of-wildfell-hall,1,,server-3,0,1,2,22.109,4.682,4.521
combined-lc-lrt-cache-off-warm500,70,3,10.9571,22.651,19.232,41.883,the,madame-bovary,1,,server-3,0,0,2,22.109,7.056,3.501
combined-lc-lrt-cache-off-warm500,70,3,10.9714,1.679,22.637,24.316,he,the-portrait-of-a-lady-volume-1,1,,server-2,0,1,2,22.109,7.056,3.501
combined-lc-lrt-cache-off-warm500,70,3,10.9857,11.028,21.997,33.025,he,the-odyssey,1,,server-2,0,2,1,22.109,3.699,5.661
combined-lc-lrt-cache-off-warm500,70,3,11.0000,1.148,24.460,25.608,death,mary-barton,1,,server-3,0,1,1,22.109,4.327,6.645
combined-lc-lrt-cache-off-warm500,70,3,11.0143,11.975,22.647,34.622,the,far-from-the-madding-crowd,1,,server-3,0,1,2,22.109,4.327,3.464
combined-lc-lrt-cache-off-warm500,70,3,11.0286,1.282,12.826,14.108,heart,the-prince,1,,server-2,0,1,1,22.109,6.225,4.282
combined-lc-lrt-cache-off-warm500,70,3,11.0429,1.164,28.513,29.677,castle,the-last-of-the-mohicans-a-narrative-of-1757,1,,server-2,0,2,1,22.109,4.112,4.282
combined-lc-lrt-cache-off-warm500,70,3,11.0571,16.345,31.216,47.561,money,the-mysterious-island,1,,server-2,0,2,0,22.109,2.162,6.329
combined-lc-lrt-cache-off-warm500,70,3,11.0714,2.132,15.058,17.189,love,the-wind-in-the-willows,1,,server-3,0,2,1,22.109,2.162,6.329
combined-lc-lrt-cache-off-warm500,70,3,11.0857,3.557,25.252,28.809,was,the-romance-of-lust-a-classic-victorian-erotic-novel,1,,server-3,0,1,2,22.109,4.597,3.321
combined-lc-lrt-cache-off-warm500,70,3,11.1000,15.082,24.128,39.210,castle,desperate-remedies,1,,server-3,0,1,2,22.109,4.597,2.599
combined-lc-lrt-cache-off-warm500,70,3,11.1143,1.783,12.720,14.503,london,the-wind-in-the-willows,1,,server-2,0,1,2,22.109,7.863,8.242
combined-lc-lrt-cache-off-warm500,70,3,11.1286,11.217,22.578,33.795,heart,jude-the-obscure,1,,server-3,0,1,2,22.109,4.640,4.340
combined-lc-lrt-cache-off-warm500,70,3,11.1429,1.618,15.903,17.521,money,white-fang,1,,server-2,0,1,1,22.109,4.640,4.351
combined-lc-lrt-cache-off-warm500,70,3,11.1571,3.804,30.455,34.260,money,the-adventures-of-ferdinand-count-fathom-complete,1,,server-2,0,2,1,22.109,2.468,4.351
combined-lc-lrt-cache-off-warm500,70,3,11.1714,20.433,14.902,35.336,horse,the-scarlet-letter,1,,server-2,0,2,0,22.109,2.367,6.338
combined-lc-lrt-cache-off-warm500,70,3,11.1857,1.408,23.060,24.468,castle,the-tenant-of-wildfell-hall,1,,server-3,0,2,1,22.109,2.367,6.338
combined-lc-lrt-cache-off-warm500,70,3,11.2000,10.789,23.680,34.469,sea,wuthering-heights,1,,server-3,0,1,2,22.109,5.260,3.286
combined-lc-lrt-cache-off-warm500,70,3,11.2143,1.193,14.829,16.022,whale,frankenstein-or-the-modern-prometheus-41445,1,,server-2,0,1,1,22.109,5.679,3.993
combined-lc-lrt-cache-off-warm500,70,3,11.2286,2.328,24.239,26.567,money,leaves-of-grass,1,,server-2,0,2,1,22.109,2.972,3.993
combined-lc-lrt-cache-off-warm500,70,3,11.2429,12.914,32.452,45.366,house,the-return-of-sherlock-holmes,1,,server-2,0,2,0,22.109,2.329,6.258
combined-lc-lrt-cache-off-warm500,70,3,11.2571,1.868,23.991,25.859,you,the-war-of-the-worlds,1,,server-3,0,1,1,22.109,3.985,6.258
combined-lc-lrt-cache-off-warm500,70,3,11.2714,12.536,13.408,25.944,horse,memoirs-of-fanny-hill,1,,server-3,0,1,2,22.109,3.985,3.321
combined-lc-lrt-cache-off-warm500,70,3,11.2857,3.560,11.393,14.953,was,the-great-gatsby,1,,server-2,0,2,1,22.109,3.985,4.073
combined-lc-lrt-cache-off-warm500,70,3,11.3000,1.391,15.483,16.874,horse,around-the-world-in-eighty-days,1,,server-3,0,1,1,22.109,4.243,4.674
combined-lc-lrt-cache-off-warm500,70,3,11.3143,1.899,24.978,26.877,love,the-tenant-of-wildfell-hall,1,,server-2,0,1,1,22.109,4.489,2.464
combined-lc-lrt-cache-off-warm500,70,3,11.3286,1.514,10.241,11.755,king,a-princess-of-mars,1,,server-3,0,1,1,22.109,2.393,4.004
combined-lc-lrt-cache-off-warm500,70,3,11.3429,1.768,17.580,19.348,was,the-secret-garden-17396,1,,server-3,0,0,1,22.109,5.455,2.899
combined-lc-lrt-cache-off-warm500,70,3,11.3571,5.938,18.518,24.456,of,frankenstein-or-the-modern-prometheus-41445,1,,server-3,0,0,2,22.109,5.455,1.579
combined-lc-lrt-cache-off-warm500,70,3,11.3714,10.659,18.585,29.244,heart,the-mystery-of-edwin-drood,1,,server-3,0,0,2,22.109,5.455,2.301
combined-lc-lrt-cache-off-warm500,70,3,11.3857,1.658,21.142,22.800,king,the-memoirs-of-sherlock-holmes,1,,server-2,0,1,1,22.109,5.455,3.202
combined-lc-lrt-cache-off-warm500,70,3,11.4000,8.532,24.229,32.761,castle,the-age-of-innocence,1,,server-2,0,2,1,22.109,2.884,3.202
combined-lc-lrt-cache-off-warm500,70,3,11.4143,1.945,14.925,16.870,castle,the-lost-world,1,,server-3,0,1,1,22.109,3.698,4.978
combined-lc-lrt-cache-off-warm500,70,3,11.4286,2.889,27.631,30.520,house,little-women,1,,server-3,0,1,2,22.109,3.698,2.642
combined-lc-lrt-cache-off-warm500,70,3,11.4429,16.611,9.733,26.344,you,his-last-bow,1,,server-3,0,0,2,22.109,6.183,2.281
combined-lc-lrt-cache-off-warm500,70,3,11.4571,1.366,12.221,13.587,whale,agnes-grey,1,,server-2,0,1,2,22.109,6.183,2.281
combined-lc-lrt-cache-off-warm500,70,3,11.4714,1.212,17.069,18.281,sea,his-last-bow,1,,server-2,0,1,0,22.109,3.988,4.560
combined-lc-lrt-cache-off-warm500,70,3,11.4857,4.311,34.121,38.432,horse,a-tale-of-two-cities,1,,server-2,0,2,0,22.109,2.103,4.560
combined-lc-lrt-cache-off-warm500,70,3,11.5000,4.829,32.243,37.071,castle,north-and-south,1,,server-3,0,1,1,22.109,2.337,4.560
combined-lc-lrt-cache-off-warm500,70,3,11.5143,10.618,22.666,33.284,night,the-adventures-of-ferdinand-count-fathom-complete,1,,server-2,0,2,1,22.109,2.337,2.573
combined-lc-lrt-cache-off-warm500,70,3,11.5286,8.991,20.004,28.995,king,life-on-the-mississippi,1,,server-3,0,1,2,22.109,4.484,2.573
combined-lc-lrt-cache-off-warm500,70,3,11.5429,5.423,12.973,18.396,letter,cranford,1,,server-2,0,2,1,22.109,4.484,4.752
combined-lc-lrt-cache-off-warm500,70,3,11.5571,4.550,14.912,19.462,the,the-prince,1,,server-2,0,2,1,22.109,3.763,4.752
combined-lc-lrt-cache-off-warm500,70,3,11.5714,5.670,25.060,30.729,london,the-scarlet-letter,1,,server-2,0,2,0,22.109,2.669,6.215
combined-lc-lrt-cache-off-warm500,70,3,11.5857,18.198,24.647,42.844,king,twenty-thousand-leagues-under-the-sea,1,,server-2,0,2,0,22.109,2.553,6.215
combined-lc-lrt-cache-off-warm500,70,3,11.6000,2.878,21.506,24.384,he,meditations,1,,server-3,0,2,1,22.109,2.553,6.215
combined-lc-lrt-cache-off-warm500,70,3,11.6143,10.315,10.013,20.328,she,herland,1,,server-3,0,1,2,22.109,5.025,3.323
combined-lc-lrt-cache-off-warm500,70,3,11.6286,7.306,28.239,35.545,death,the-song-of-the-lark,1,,server-3,0,1,2,22.109,7.078,3.642
combined-lc-lrt-cache-off-warm500,70,3,11.6429,21.800,16.102,37.903,horse,the-house-of-the-seven-gables,1,,server-3,0,0,2,22.109,7.078,2.667
combined-lc-lrt-cache-off-warm500,70,3,11.6571,1.806,23.281,25.087,london,sense-and-sensibility,1,,server-2,0,1,2,22.109,7.078,2.667
combined-lc-lrt-cache-off-warm500,70,3,11.6714,11.083,11.877,22.960,sea,the-hound-of-the-baskervilles-3070,1,,server-2,0,2,1,22.109,3.702,5.246
combined-lc-lrt-cache-off-warm500,70,3,11.6857,1.225,13.932,15.157,king,black-beauty,1,,server-3,0,1,1,22.109,4.155,5.862
combined-lc-lrt-cache-off-warm500,70,3,11.7000,1.240,24.398,25.638,you,life-on-the-mississippi,1,,server-2,0,1,1,22.109,4.503,3.061
combined-lc-lrt-cache-off-warm500,70,3,11.7143,1.895,16.746,18.640,london,anne-of-green-gables,1,,server-3,0,1,1,22.109,2.367,4.152
combined-lc-lrt-cache-off-warm500,70,3,11.7286,4.944,14.623,19.567,castle,meditations,1,,server-3,0,0,2,22.109,5.380,2.227
combined-lc-lrt-cache-off-warm500,70,3,11.7429,5.825,25.848,31.673,heart,the-return-of-sherlock-holmes,1,,server-3,0,0,2,22.109,5.380,2.527
combined-lc-lrt-cache-off-warm500,70,3,11.7571,17.961,19.764,37.725,king,the-scarlet-letter,1,,server-3,0,0,2,22.109,5.380,2.501
combined-lc-lrt-cache-off-warm500,70,3,11.7714,2.257,14.512,16.768,horse,around-the-world-in-eighty-days,1,,server-2,0,1,2,22.109,5.380,2.501
combined-lc-lrt-cache-off-warm500,70,3,11.7857,3.034,24.026,27.060,you,twenty-thousand-leagues-under-the-sea,1,,server-2,0,2,1,22.109,2.894,4.672
combined-lc-lrt-cache-off-warm500,70,3,11.8000,13.896,9.318,23.214,london,the-great-gatsby,1,,server-2,0,2,0,22.109,2.349,6.086
combined-lc-lrt-cache-off-warm500,70,3,11.8143,1.275,17.149,18.424,horse,autobiography-of-benjamin-franklin,1,,server-3,0,1,1,22.109,4.048,6.086
combined-lc-lrt-cache-off-warm500,70,3,11.8286,1.957,16.428,18.385,and,the-mysterious-affair-at-styles,1,,server-2,0,1,1,22.109,4.041,3.220
combined-lc-lrt-cache-off-warm500,70,3,11.8429,4.852,34.498,39.349,castle,jude-the-obscure,1,,server-2,0,2,0,22.109,2.174,4.742
combined-lc-lrt-cache-off-warm500,70,3,11.8571,4.089,18.772,22.861,he,the-secret-garden,1,,server-3,0,1,1,22.109,2.438,4.742
combined-lc-lrt-cache-off-warm500,70,3,11.8714,11.093,23.402,34.495,castle,life-on-the-mississippi,1,,server-2,0,2,1,22.109,2.438,2.698
combined-lc-lrt-cache-off-warm500,70,3,11.8857,1.424,19.613,21.038,you,the-adventures-of-sherlock-holmes,1,,server-3,0,1,1,22.109,4.657,4.598
combined-lc-lrt-cache-off-warm500,70,3,11.9000,7.064,16.911,23.974,castle,autobiography-of-benjamin-franklin,1,,server-3,0,1,2,22.109,4.657,2.429
combined-lc-lrt-cache-off-warm500,70,3,11.9143,10.834,23.893,34.727,of,desert-gold,1,,server-3,0,0,2,22.109,6.659,3.298
combined-lc-lrt-cache-off-warm500,70,3,11.9286,3.622,14.596,18.218,sea,the-adventures-of-tom-sawyer-complete,1,,server-2,0,1,1,22.109,6.659,3.449
combined-lc-lrt-cache-off-warm500,70,3,11.9429,6.806,19.681,26.488,whale,washington-square,1,,server-3,0,1,2,22.109,3.676,3.449
combined-lc-lrt-cache-off-warm500,70,3,11.9571,2.459,28.498,30.957,money,little-women,1,,server-2,0,1,1,22.109,4.541,3.670
combined-lc-lrt-cache-off-warm500,70,3,11.9714,17.667,17.342,35.010,the,the-return-of-sherlock-holmes-108,1,,server-2,0,2,0,22.109,2.448,5.449
combined-lc-lrt-cache-off-warm500,70,3,11.9857,1.278,11.861,13.139,king,northanger-abbey,1,,server-3,0,2,1,22.109,2.448,5.449
combined-lc-lrt-cache-off-warm500,70,3,12.0000,1.306,27.278,28.584,you,the-innocents-abroad,1,,server-3,0,1,1,22.109,5.249,3.673
combined-lc-lrt-cache-off-warm500,70,3,12.0143,15.035,34.436,49.471,love,the-romance-of-lust-a-classic-victorian-erotic-novel,1,,server-3,0,0,2,22.109,6.047,1.933
combined-lc-lrt-cache-off-warm500,70,3,12.0286,1.512,27.502,29.015,heart,the-portrait-of-a-lady-volume-1,1,,server-2,0,1,2,22.109,6.047,6.610
combined-lc-lrt-cache-off-warm500,70,3,12.0429,15.469,19.066,34.535,whale,the-house-of-mirth,1,,server-2,0,2,1,22.109,3.167,4.272
combined-lc-lrt-cache-off-warm500,70,3,12.0571,7.234,9.120,16.354,house,herland,1,,server-3,0,2,2,22.109,7.920,4.272
combined-lc-lrt-cache-off-warm500,70,3,12.0714,6.705,16.210,22.915,whale,a-journey-to-the-centre-of-the-earth,1,,server-2,0,2,1,22.109,4.743,4.825
combined-lc-lrt-cache-off-warm500,70,3,12.0857,1.584,21.283,22.867,and,the-last-of-the-mohicans-a-narrative-of-1757-27681,1,,server-3,0,1,1,22.109,3.645,4.483
combined-lc-lrt-cache-off-warm500,70,3,12.1000,8.662,21.437,30.099,was,the-jungle-book,1,,server-3,0,0,2,22.109,4.865,2.376
combined-lc-lrt-cache-off-warm500,70,3,12.1143,1.625,23.234,24.859,money,the-jungle,1,,server-2,0,1,1,22.109,4.865,3.676
combined-lc-lrt-cache-off-warm500,70,3,12.1286,11.087,10.056,21.143,the,the-war-of-the-worlds,1,,server-2,0,2,1,22.109,2.581,3.676
combined-lc-lrt-cache-off-warm500,70,3,12.1429,1.246,24.572,25.817,love,great-expectations,1,,server-3,0,1,1,22.109,3.793,5.740
combined-lc-lrt-cache-off-warm500,70,3,12.1571,1.036,8.867,9.903,love,the-kama-sutra-of-vatsyayana,1,,server-2,0,1,1,22.109,3.985,3.005
combined-lc-lrt-cache-off-warm500,70,3,12.1714,0.998,24.694,25.692,death,far-from-the-madding-crowd,1,,server-2,0,1,0,22.109,2.717,5.792
combined-lc-lrt-cache-off-warm500,70,3,12.1857,12.078,25.222,37.300,london,twenty-thousand-leagues-under-the-sea,1,,server-2,0,2,0,22.109,1.449,5.792
combined-lc-lrt-cache-off-warm500,70,3,12.2000,1.683,17.701,19.384,king,his-last-bow,1,,server-3,0,1,1,22.109,3.634,5.792
combined-lc-lrt-cache-off-warm500,70,3,12.2143,5.692,25.201,30.893,money,the-house-of-mirth,1,,server-3,0,1,2,22.109,3.634,3.055
combined-lc-lrt-cache-off-warm500,70,3,12.2286,17.456,21.191,38.647,she,cranford,1,,server-3,0,0,2,22.109,6.322,2.937
combined-lc-lrt-cache-off-warm500,70,3,12.2429,1.230,39.061,40.290,the,the-romance-of-lust-a-classic-victorian-erotic-novel,1,,server-2,0,1,2,22.109,6.322,2.937
combined-lc-lrt-cache-off-warm500,70,3,12.2571,26.590,16.623,43.213,he,cranford,1,,server-2,0,2,1,22.109,3.339,4.878
combined-lc-lrt-cache-off-warm500,70,3,12.2714,1.576,17.235,18.811,sea,the-secret-garden-17396,1,,server-3,0,2,1,22.109,3.339,6.458
combined-lc-lrt-cache-off-warm500,70,3,12.2857,5.614,22.425,28.039,and,the-adventures-of-ferdinand-count-fathom-complete,1,,server-3,0,1,2,22.109,6.731,3.384
combined-lc-lrt-cache-off-warm500,70,3,12.3000,14.345,14.248,28.593,you,the-war-of-the-worlds,1,,server-3,0,1,2,22.109,8.616,2.984
combined-lc-lrt-cache-off-warm500,70,3,12.3143,2.676,23.495,26.171,london,a-connecticut-yankee-in-king-arthur-s-court,1,,server-2,0,1,1,22.109,6.921,4.136
combined-lc-lrt-cache-off-warm500,70,3,12.3286,12.380,62.624,75.004,king,mansfield-park,1,,server-2,0,2,1,22.109,3.662,4.807
combined-lc-lrt-cache-off-warm500,70,3,12.3429,1.593,80.563,82.155,castle,the-innocents-abroad,1,,server-3,0,1,1,22.109,4.300,4.807
combined-lc-lrt-cache-off-warm500,70,3,12.3571,68.603,94.524,163.127,of,the-secret-adversary,1,,server-3,0,1,2,22.109,4.300,2.521
combined-lc-lrt-cache-off-warm500,70,3,12.3714,54.183,83.443,137.625,money,jude-the-obscure,1,,server-3,0,1,3,22.109,4.300,2.521
combined-lc-lrt-cache-off-warm500,70,3,12.3857,18.744,25.327,44.071,you,madame-bovary,1,,server-2,0,2,3,22.109,4.300,2.521
combined-lc-lrt-cache-off-warm500,70,3,12.4000,25.481,31.911,57.392,of,oliver-twist,1,,server-3,0,2,4,22.109,4.300,2.521
combined-lc-lrt-cache-off-warm500,70,3,12.4143,12.371,55.926,68.297,love,oliver-twist,1,,server-3,0,1,5,22.109,7.929,2.521
combined-lc-lrt-cache-off-warm500,70,3,12.4286,3.172,29.429,32.601,castle,great-expectations,1,,server-2,0,2,4,22.109,7.929,3.811
combined-lc-lrt-cache-off-warm500,70,3,12.4429,19.559,25.696,45.256,london,treasure-island,1,,server-2,0,2,4,22.109,4.786,3.811
combined-lc-lrt-cache-off-warm500,70,3,12.4571,5.091,14.549,19.640,london,the-warden,1,,server-2,0,3,4,22.109,4.786,9.239
combined-lc-lrt-cache-off-warm500,70,3,12.4714,16.533,21.153,37.685,love,sense-and-sensibility,1,,server-2,0,3,4,22.109,3.409,9.239
combined-lc-lrt-cache-off-warm500,70,3,12.4857,2.386,13.649,16.036,horse,frankenstein-or-the-modern-prometheus,1,,server-1,1,3,3,22.109,6.908,20.095
combined-lc-lrt-cache-off-warm500,70,3,12.5000,9.714,17.021,26.735,the,a-journey-to-the-centre-of-the-earth,1,,server-2,1,2,3,11.450,6.499,20.095
combined-lc-lrt-cache-off-warm500,70,3,12.5143,13.000,26.625,39.626,and,the-adventures-of-ferdinand-count-fathom-complete,1,,server-2,0,2,2,9.412,4.646,31.302
combined-lc-lrt-cache-off-warm500,70,3,12.5286,22.309,26.753,49.062,horse,leaves-of-grass,1,,server-2,0,2,0,9.412,4.021,29.811
combined-lc-lrt-cache-off-warm500,70,3,12.5429,1.870,9.560,11.430,he,the-kama-sutra-of-vatsyayana,1,,server-1,1,2,0,9.412,3.354,29.811
combined-lc-lrt-cache-off-warm500,70,3,12.5571,1.945,10.435,12.380,king,the-prince,1,,server-1,1,1,0,4.613,7.932,29.811
combined-lc-lrt-cache-off-warm500,70,3,12.5714,1.541,22.124,23.665,she,the-jungle,1,,server-1,1,1,0,3.190,7.932,29.811
combined-lc-lrt-cache-off-warm500,70,3,12.5857,9.959,13.555,23.515,king,the-picture-of-dorian-gray,1,,server-1,2,0,0,1.692,8.866,29.811
combined-lc-lrt-cache-off-warm500,70,3,12.6000,9.764,11.881,21.645,whale,the-hound-of-the-baskervilles,1,,server-1,2,0,0,3.220,8.866,29.811
combined-lc-lrt-cache-off-warm500,70,3,12.6143,7.762,28.777,36.539,the,north-and-south,1,,server-1,2,0,0,3.020,8.866,29.811
combined-lc-lrt-cache-off-warm500,70,3,12.6286,22.679,23.102,45.782,castle,herland,1,,server-1,2,0,0,2.628,8.866,29.811
combined-lc-lrt-cache-off-warm500,70,3,12.6429,8.568,13.600,22.168,letter,a-journey-to-the-centre-of-the-earth,1,,server-1,3,0,0,2.628,8.866,29.811
combined-lc-lrt-cache-off-warm500,70,3,12.6571,1.326,11.883,13.209,whale,treasure-island,1,,server-2,2,1,0,3.300,8.866,29.811
combined-lc-lrt-cache-off-warm500,70,3,12.6714,1.372,9.959,11.331,the,the-mysterious-affair-at-styles,1,,server-2,1,1,0,4.321,4.818,29.811
combined-lc-lrt-cache-off-warm500,70,3,12.6857,1.421,18.502,19.923,the,grimms-fairy-tales,1,,server-2,0,1,0,6.413,3.163,29.811
combined-lc-lrt-cache-off-warm500,70,3,12.7000,7.698,32.208,39.907,heart,the-romance-of-lust-a-classic-victorian-erotic-novel,1,,server-2,0,2,0,6.413,1.689,29.811
combined-lc-lrt-cache-off-warm500,70,3,12.7143,26.296,19.597,45.893,money,leaves-of-grass,1,,server-2,0,2,0,6.413,2.598,29.811
combined-lc-lrt-cache-off-warm500,70,3,12.7286,1.700,19.470,21.170,of,walden-and-on-the-duty-of-civil-disobedience,1,,server-1,1,2,0,6.413,2.598,29.811
combined-lc-lrt-cache-off-warm500,70,3,12.7429,7.711,15.238,22.949,he,myths-and-legends-of-ancient-greece-and-rome,1,,server-1,2,1,0,3.410,6.715,29.811
combined-lc-lrt-cache-off-warm500,70,3,12.7571,9.180,17.708,26.888,house,myths-and-legends-of-ancient-greece-and-rome,1,,server-1,2,1,0,3.430,6.715,29.811
combined-lc-lrt-cache-off-warm500,70,3,12.7714,12.871,12.150,25.021,she,black-beauty,1,,server-1,2,0,0,3.177,7.421,29.811
combined-lc-lrt-cache-off-warm500,70,3,12.7857,11.802,21.707,33.509,castle,herland,1,,server-1,2,0,0,3.696,7.421,29.811
combined-lc-lrt-cache-off-warm500,70,3,12.8000,19.467,15.008,34.475,letter,desert-gold,1,,server-1,2,0,0,3.593,7.421,29.811
combined-lc-lrt-cache-off-warm500,70,3,12.8143,2.365,23.419,25.785,letter,mansfield-park,1,,server-2,2,1,0,3.593,7.421,29.811
combined-lc-lrt-cache-off-warm500,70,3,12.8286,12.531,22.410,34.940,house,anne-of-green-gables,1,,server-2,1,2,0,4.985,3.930,29.811
combined-lc-lrt-cache-off-warm500,70,3,12.8429,1.697,15.493,17.190,london,the-mysterious-affair-at-styles,1,,server-1,1,1,0,5.494,4.643,29.811
combined-lc-lrt-cache-off-warm500,70,3,12.8571,3.880,16.828,20.708,you,black-beauty,1,,server-1,2,1,0,2.927,4.643,29.811
combined-lc-lrt-cache-off-warm500,70,3,12.8714,7.731,42.319,50.051,horse,the-house-of-mirth,1,,server-1,2,0,0,2.448,6.519,29.811
combined-lc-lrt-cache-off-warm500,70,3,12.8857,36.370,26.698,63.068,house,villette,1,,server-1,2,0,0,2.687,6.519,29.811
combined-lc-lrt-cache-off-warm500,70,3,12.9000,4.958,20.899,25.857,king,twenty-thousand-leagues-under-the-sea,1,,server-2,2,1,0,2.687,6.519,29.811
combined-lc-lrt-cache-off-warm500,70,3,12.9143,11.978,13.783,25.761,king,northanger-abbey,1,,server-2,2,2,0,2.687,3.623,29.811
combined-lc-lrt-cache-off-warm500,70,3,12.9286,11.626,10.974,22.601,night,his-last-bow,1,,server-2,1,2,0,7.919,4.244,29.811
combined-lc-lrt-cache-off-warm500,70,3,12.9429,8.280,28.297,36.577,the,the-moonstone,1,,server-2,1,2,0,7.919,3.744,29.811
combined-lc-lrt-cache-off-warm500,70,3,12.9571,23.009,12.536,35.545,was,the-hound-of-the-baskervilles,1,,server-2,0,2,0,9.296,2.808,29.811
combined-lc-lrt-cache-off-warm500,70,3,12.9714,9.060,21.582,30.642,night,silas-marner,1,,server-2,0,3,0,9.296,2.808,29.811
combined-lc-lrt-cache-off-warm500,70,3,12.9857,1.581,11.189,12.771,love,cranford,1,,server-1,1,2,0,9.296,3.567,29.811
combined-lc-lrt-cache-off-warm500,70,3,13.0000,1.643,20.046,21.689,whale,walden-and-on-the-duty-of-civil-disobedience,1,,server-1,1,2,0,4.812,5.242,29.811
combined-lc-lrt-cache-off-warm500,70,3,13.0143,7.695,32.718,40.414,and,little-women,1,,server-1,2,0,0,2.545,7.088,29.811
combined-lc-lrt-cache-off-warm500,70,3,13.0286,26.246,11.843,38.089,letter,silas-marner,1,,server-1,2,0,0,3.172,7.088,29.811
combined-lc-lrt-cache-off-warm500,70,3,13.0429,1.376,21.246,22.622,love,tess-of-the-d-urbervilles-a-pure-woman,1,,server-2,2,1,0,3.172,7.088,29.811
combined-lc-lrt-cache-off-warm500,70,3,13.0571,8.864,18.942,27.806,horse,the-last-of-the-mohicans-a-narrative-of-1757-27681,1,,server-2,1,2,0,6.528,3.734,29.811
combined-lc-lrt-cache-off-warm500,70,3,13.0714,1.505,20.776,22.281,love,pride-and-prejudice,1,,server-1,1,1,0,5.998,3.762,29.811
combined-lc-lrt-cache-off-warm500,70,3,13.0857,1.708,11.183,12.892,you,cranford,1,,server-2,1,1,0,3.182,5.377,29.811
combined-lc-lrt-cache-off-warm500,70,3,13.1000,1.433,29.505,30.938,death,the-adventures-of-ferdinand-count-fathom-complete,1,,server-2,0,1,0,5.331,3.519,29.811
combined-lc-lrt-cache-off-warm500,70,3,13.1143,16.790,23.037,39.827,money,dracula,1,,server-2,0,2,0,5.331,1.877,29.811
combined-lc-lrt-cache-off-warm500,70,3,13.1286,2.001,26.975,28.976,she,the-romance-of-lust-a-classic-victorian-erotic-novel,1,,server-1,1,2,0,5.331,1.877,29.811
combined-lc-lrt-cache-off-warm500,70,3,13.1429,15.731,10.602,26.333,london,dubliners,1,,server-1,2,1,0,2.846,4.606,29.811
combined-lc-lrt-cache-off-warm500,70,3,13.1571,1.953,25.863,27.816,he,jane-eyre-an-autobiography,1,,server-2,2,1,0,4.406,6.550,29.811
combined-lc-lrt-cache-off-warm500,70,3,13.1714,1.364,17.752,19.116,money,pride-and-prejudice,1,,server-1,1,1,0,4.801,3.436,29.811
combined-lc-lrt-cache-off-warm500,70,3,13.1857,5.696,12.271,17.967,money,persuasion,1,,server-1,2,0,0,2.545,6.282,29.811
combined-lc-lrt-cache-off-warm500,70,3,13.2000,4.196,27.741,31.937,night,villette,1,,server-1,2,0,0,2.778,6.282,29.811
combined-lc-lrt-cache-off-warm500,70,3,13.2143,17.808,26.607,44.415,you,the-iliad-2199,1,,server-1,2,0,0,2.270,6.282,29.811
combined-lc-lrt-cache-off-warm500,70,3,13.2286,1.358,33.774,35.131,was,the-iliad,1,,server-2,2,1,0,4.406,6.282,29.811
combined-lc-lrt-cache-off-warm500,70,3,13.2429,21.450,58.597,80.047,he,oliver-twist,1,,server-2,1,2,0,5.147,3.307,29.811
combined-lc-lrt-cache-off-warm500,70,3,13.2571,7.348,27.502,34.850,the,myths-and-legends-of-ancient-greece-and-rome,1,,server-2,1,3,0,5.147,3.307,29.811
combined-lc-lrt-cache-off-warm500,70,3,13.2714,1.971,21.169,23.140,heart,the-scarlet-letter,1,,server-1,1,2,0,7.461,3.842,29.811
combined-lc-lrt-cache-off-warm500,70,3,13.2857,9.552,31.188,40.740,castle,emma,1,,server-1,2,2,0,3.936,3.842,29.811
combined-lc-lrt-cache-off-warm500,70,3,13.3000,26.962,27.964,54.926,night,villette,1,,server-1,2,1,0,3.861,6.909,29.811
combined-lc-lrt-cache-off-warm500,70,3,13.3143,14.181,36.769,50.950,whale,autobiography-of-benjamin-franklin,1,,server-1,3,1,0,3.861,6.909,29.811
combined-lc-lrt-cache-off-warm500,70,3,13.3286,1.162,10.524,11.686,whale,the-wind-in-the-willows,1,,server-2,2,1,0,4.683,13.734,29.811
combined-lc-lrt-cache-off-warm500,70,3,13.3429,1.065,23.803,24.868,she,the-last-of-the-mohicans-a-narrative-of-1757,1,,server-2,2,1,0,4.683,6.200,29.811
combined-lc-lrt-cache-off-warm500,70,3,13.3571,11.361,34.947,46.308,you,the-return-of-sherlock-holmes-108,1,,server-2,2,2,0,7.452,3.238,29.811
combined-lc-lrt-cache-off-warm500,70,3,13.3714,32.371,20.012,52.383,letter,the-adventures-of-sherlock-holmes,1,,server-2,0,2,0,10.562,4.006,29.811
combined-lc-lrt-cache-off-warm500,70,3,13.3857,4.078,32.953,37.031,castle,the-innocents-abroad,1,,server-1,1,2,0,10.562,4.006,29.811
combined-lc-lrt-cache-off-warm500,70,3,13.4000,23.290,27.364,50.654,night,mary-barton,1,,server-1,2,2,0,5.618,4.006,29.811
combined-lc-lrt-cache-off-warm500,70,3,13.4143,9.775,23.554,33.329,whale,tess-of-the-d-urbervilles-a-pure-woman,1,,server-2,2,2,0,5.618,7.489,29.811
combined-lc-lrt-cache-off-warm500,70,3,13.4286,19.689,22.103,41.791,king,the-song-of-the-lark,1,,server-2,1,2,0,6.780,4.989,29.811
combined-lc-lrt-cache-off-warm500,70,3,13.4429,8.541,22.583,31.125,castle,wuthering-heights,1,,server-1,2,2,0,6.780,4.989,29.811
combined-lc-lrt-cache-off-warm500,70,3,13.4571,17.211,10.392,27.602,horse,his-last-bow,1,,server-1,2,1,0,5.223,5.490,29.811
combined-lc-lrt-cache-off-warm500,70,3,13.4714,1.864,17.784,19.648,night,northanger-abbey,1,,server-2,2,1,0,5.223,6.997,29.811
combined-lc-lrt-cache-off-warm500,70,3,13.4857,1.591,27.264,28.855,you,the-house-of-the-seven-gables,1,,server-1,1,1,0,4.901,3.677,29.811
combined-lc-lrt-cache-off-warm500,70,3,13.5000,2.544,14.124,16.668,letter,myths-and-legends-of-ancient-greece-and-rome,1,,server-2,1,1,0,2.608,5.138,29.811
combined-lc-lrt-cache-off-warm500,70,3,13.5143,2.889,38.684,41.574,king,the-moonstone,1,,server-2,1,2,0,5.927,2.751,29.811
combined-lc-lrt-cache-off-warm500,70,3,13.5286,28.349,34.128,62.477,he,little-women,1,,server-2,0,2,0,5.927,2.297,29.811
combined-lc-lrt-cache-off-warm500,70,3,13.5429,1.674,11.024,12.698,she,his-last-bow,1,,server-1,1,2,0,5.927,2.297,29.811
combined-lc-lrt-cache-off-warm500,70,3,13.5571,1.359,16.136,17.494,she,the-mystery-of-edwin-drood,1,,server-1,1,1,0,3.708,6.671,29.811
combined-lc-lrt-cache-off-warm500,70,3,13.5714,3.669,29.433,33.101,love,the-adventures-of-ferdinand-count-fathom-complete,1,,server-1,2,1,0,1.966,6.671,29.811
combined-lc-lrt-cache-off-warm500,70,3,13.5857,19.856,17.238,37.094,and,the-return-of-sherlock-holmes,1,,server-1,2,1,0,2.261,6.671,29.811
combined-lc-lrt-cache-off-warm500,70,3,13.6000,1.578,22.650,24.229,the,the-jungle,1,,server-2,2,1,0,4.571,9.615,29.811
combined-lc-lrt-cache-off-warm500,70,3,13.6143,10.551,33.567,44.118,night,jane-eyre-an-autobiography,1,,server-2,1,2,0,5.412,5.019,29.811
combined-lc-lrt-cache-off-warm500,70,3,13.6286,1.245,28.563,29.808,she,oliver-twist,1,,server-1,1,1,0,6.137,4.470,29.811
combined-lc-lrt-cache-off-warm500,70,3,13.6429,16.101,19.773,35.874,king,the-adventures-of-sherlock-holmes,1,,server-1,2,1,0,3.215,4.470,29.811
combined-lc-lrt-cache-off-warm500,70,3,13.6571,2.028,16.015,18.043,she,the-war-of-the-worlds,1,,server-2,2,2,0,3.215,4.470,29.811
combined-lc-lrt-cache-off-warm500,70,3,13.6714,4.222,17.943,22.165,sea,the-secret-garden,1,,server-2,1,2,0,4.947,4.294,29.811
combined-lc-lrt-cache-off-warm500,70,3,13.6857,8.812,30.799,39.611,castle,the-mystery-of-edwin-drood,1,,server-2,0,2,0,6.254,3.036,29.811
combined-lc-lrt-cache-off-warm500,70,3,13.7000,3.469,30.787,34.256,sea,desperate-remedies,1,,server-1,1,1,0,6.254,3.299,29.811
combined-lc-lrt-cache-off-warm500,70,3,13.7143,11.050,30.062,41.112,of,the-mysterious-island,1,,server-2,1,2,0,3.428,3.299,29.811
combined-lc-lrt-cache-off-warm500,70,3,13.7286,6.238,8.725,14.963,king,the-hound-of-the-baskervilles-3070,1,,server-1,2,1,0,3.428,5.034,29.811
combined-lc-lrt-cache-off-warm500,70,3,13.7429,1.511,10.943,12.454,letter,the-first-men-in-the-moon,1,,server-1,2,1,0,4.121,5.034,29.811
combined-lc-lrt-cache-off-warm500,70,3,13.7571,1.342,16.369,17.711,you,persuasion,1,,server-1,1,0,0,3.067,8.002,29.811
combined-lc-lrt-cache-off-warm500,70,3,13.7714,4.319,23.163,27.482,and,the-return-of-sherlock-holmes,1,,server-1,2,0,0,1.635,8.002,29.811
combined-lc-lrt-cache-off-warm500,70,3,13.7857,13.970,30.286,44.257,whale,dubliners,1,,server-1,2,0,0,2.354,8.002,29.811
combined-lc-lrt-cache-off-warm500,70,3,13.8000,2.209,47.014,49.223,london,a-princess-of-mars,1,,server-1,2,0,0,3.941,8.002,29.811
combined-lc-lrt-cache-off-warm500,70,3,13.8143,16.813,45.530,62.344,was,oliver-twist,1,,server-1,3,0,0,2.232,8.002,29.811
combined-lc-lrt-cache-off-warm500,70,3,13.8286,2.501,15.692,18.193,king,the-mysterious-affair-at-styles,1,,server-2,3,1,0,3.704,8.002,29.811
combined-lc-lrt-cache-off-warm500,70,3,13.8429,4.478,14.620,19.098,and,the-war-of-the-worlds,1,,server-2,2,2,0,5.221,4.247,29.811
combined-lc-lrt-cache-off-warm500,70,3,13.8571,5.883,12.914,18.797,money,memoirs-of-fanny-hill,1,,server-2,2,2,0,10.721,2.982,29.811
combined-lc-lrt-cache-off-warm500,70,3,13.8714,5.526,23.166,28.692,he,mary-barton,1,,server-2,2,2,0,10.721,2.650,29.811
combined-lc-lrt-cache-off-warm500,70,3,13.8857,14.729,26.400,41.129,whale,desperate-remedies,1,,server-2,0,2,0,14.027,2.510,29.811
combined-lc-lrt-cache-off-warm500,70,3,13.9000,1.733,13.861,15.595,whale,black-beauty,1,,server-1,1,2,0,14.027,6.725,29.811
combined-lc-lrt-cache-off-warm500,70,3,13.9143,13.060,18.015,31.075,she,frankenstein-or-the-modern-prometheus-41445,1,,server-2,1,2,0,7.247,4.351,29.811
combined-lc-lrt-cache-off-warm500,70,3,13.9286,1.074,35.942,37.017,sea,the-moonstone,1,,server-1,1,1,0,6.821,4.775,29.811
combined-lc-lrt-cache-off-warm500,70,3,13.9429,23.264,18.476,41.740,he,pride-and-prejudice,1,,server-1,2,1,0,3.557,4.775,29.811
combined-lc-lrt-cache-off-warm500,70,3,13.9571,1.417,8.756,10.172,castle,herland,1,,server-2,2,1,0,3.557,5.891,29.811
combined-lc-lrt-cache-off-warm500,70,3,13.9714,1.187,11.333,12.520,sea,dubliners,1,,server-2,1,1,0,6.390,3.325,29.811
combined-lc-lrt-cache-off-warm500,70,3,13.9857,1.065,23.608,24.674,love,hard-times,1,,server-2,0,1,0,6.974,2.908,29.811
combined-lc-lrt-cache-off-warm500,70,3,14.0000,10.250,28.685,38.935,letter,the-last-of-the-mohicans-a-narrative-of-1757,1,,server-2,0,2,0,6.974,1.546,29.811
combined-lc-lrt-cache-off-warm500,70,3,14.0143,2.304,31.204,33.508,of,mary-barton,1,,server-1,1,1,0,6.974,3.747,29.811
combined-lc-lrt-cache-off-warm500,70,3,14.0286,19.854,20.825,40.679,sea,grimms-fairy-tales,1,,server-1,2,1,0,3.693,3.747,29.811
combined-lc-lrt-cache-off-warm500,70,3,14.0429,1.535,18.418,19.952,you,washington-square,1,,server-2,2,1,0,3.693,6.913,29.811
combined-lc-lrt-cache-off-warm500,70,3,14.0571,6.211,30.717,36.927,the,emma,1,,server-2,1,2,0,5.720,3.600,29.811
combined-lc-lrt-cache-off-warm500,70,3,14.0714,23.433,29.343,52.776,heart,mary-barton,1,,server-2,0,2,0,6.915,3.201,29.811
combined-lc-lrt-cache-off-warm500,70,3,14.0857,1.437,10.164,11.601,death,the-lost-world,1,,server-1,1,2,0,6.915,3.201,29.811
combined-lc-lrt-cache-off-warm500,70,3,14.1000,1.496,25.233,26.730,he,far-from-the-madding-crowd,1,,server-1,1,1,0,3.936,5.844,29.811
combined-lc-lrt-cache-off-warm500,70,3,14.1143,12.868,15.317,28.186,was,persuasion,1,,server-1,2,1,0,2.096,5.844,29.811
combined-lc-lrt-cache-off-warm500,70,3,14.1286,11.550,24.141,35.691,and,the-works-of-edgar-allan-poe-volume-2,1,,server-1,2,0,0,3.972,8.375,29.811
combined-lc-lrt-cache-off-warm500,70,3,14.1429,1.558,18.118,19.676,she,a-connecticut-yankee-in-king-arthur-s-court,1,,server-2,2,1,0,4.688,8.375,29.811
combined-lc-lrt-cache-off-warm500,70,3,14.1571,6.066,10.664,16.730,love,the-kama-sutra-of-vatsyayana,1,,server-2,1,2,0,4.688,4.392,29.811
combined-lc-lrt-cache-off-warm500,70,3,14.1714,1.923,25.487,27.410,horse,jude-the-obscure,1,,server-1,1,1,0,6.476,3.405,29.811
combined-lc-lrt-cache-off-warm500,70,3,14.1857,1.530,34.011,35.541,and,villette,1,,server-2,1,1,0,3.414,3.818,29.811
combined-lc-lrt-cache-off-warm500,70,3,14.2000,20.894,30.876,51.770,of,mary-barton,1,,server-2,0,2,0,6.170,2.031,29.811
combined-lc-lrt-cache-off-warm500,70,3,14.2143,2.198,35.125,37.324,london,mary-barton,1,,server-1,1,2,0,6.170,3.880,29.811
combined-lc-lrt-cache-off-warm500,70,3,14.2286,22.721,34.843,57.564,whale,the-warden,1,,server-1,2,1,0,3.253,6.779,29.811
combined-lc-lrt-cache-off-warm500,70,3,14.2429,9.079,34.306,43.385,you,the-adventures-of-sherlock-holmes,1,,server-1,3,1,0,3.253,6.779,29.811
combined-lc-lrt-cache-off-warm500,70,3,14.2571,1.313,11.195,12.507,you,around-the-world-in-eighty-days,1,,server-2,2,1,0,4.875,9.180,29.811
combined-lc-lrt-cache-off-warm500,70,3,14.2714,1.486,18.207,19.693,horse,the-scarlet-letter,1,,server-2,2,1,0,4.875,4.796,29.811
combined-lc-lrt-cache-off-warm500,70,3,14.2857,5.930,25.622,31.552,death,the-jungle,1,,server-2,2,2,0,15.293,2.523,29.811
combined-lc-lrt-cache-off-warm500,70,3,14.3000,17.751,34.155,51.906,death,the-works-of-edgar-allan-poe-volume-2,1,,server-2,0,2,0,9.830,2.788,29.811
combined-lc-lrt-cache-off-warm500,70,3,14.3143,3.790,32.335,36.125,sea,the-first-men-in-the-moon,1,,server-2,0,3,0,9.830,2.788,29.811
combined-lc-lrt-cache-off-warm500,70,3,14.3286,23.524,14.673,38.197,was,autobiography-of-benjamin-franklin,1,,server-2,0,3,0,9.830,2.717,29.811
combined-lc-lrt-cache-off-warm500,70,3,14.3429,2.025,19.613,21.638,castle,the-house-of-the-seven-gables,1,,server-1,1,3,0,9.830,2.717,29.811
combined-lc-lrt-cache-off-warm500,70,3,14.3571,7.840,21.343,29.183,letter,leaves-of-grass,1,,server-1,2,1,0,5.199,6.976,29.811
combined-lc-lrt-cache-off-warm500,70,3,14.3714,1.244,8.883,10.127,and,the-hound-of-the-baskervilles-3070,1,,server-2,1,1,0,3.990,6.752,29.811
combined-lc-lrt-cache-off-warm500,70,3,14.3857,1.092,12.018,13.110,sea,the-hound-of-the-baskervilles-3070,1,,server-2,1,1,0,3.990,3.611,29.811
combined-lc-lrt-cache-off-warm500,70,3,14.4000,1.414,23.749,25.163,horse,meditations,1,,server-2,0,1,0,5.914,3.085,29.811
combined-lc-lrt-cache-off-warm500,70,3,14.4143,11.423,23.552,34.975,was,the-lost-world,1,,server-2,0,2,0,5.914,1.663,29.811
combined-lc-lrt-cache-off-warm500,70,3,14.4286,1.725,24.892,26.617,castle,poirot-investigates,1,,server-1,1,1,0,5.914,3.485,29.811
combined-lc-lrt-cache-off-warm500,70,3,14.4429,13.049,42.342,55.391,money,the-mysterious-island,1,,server-1,2,1,0,3.134,3.485,29.811
combined-lc-lrt-cache-off-warm500,70,3,14.4571,3.206,32.943,36.149,letter,life-on-the-mississippi,1,,server-2,1,1,0,4.269,5.949,29.811
combined-lc-lrt-cache-off-warm500,70,3,14.4714,22.662,8.534,31.196,the,the-hound-of-the-baskervilles-3070,1,,server-2,1,2,0,4.269,3.210,29.811
combined-lc-lrt-cache-off-warm500,70,3,14.4857,12.927,11.048,23.975,letter,the-adventures-of-tom-sawyer-complete,1,,server-1,2,2,0,4.269,3.210,29.811
combined-lc-lrt-cache-off-warm500,70,3,14.5000,3.464,8.587,12.051,letter,the-mysterious-affair-at-styles,1,,server-2,1,2,0,6.637,5.841,29.811
combined-lc-lrt-cache-off-warm500,70,3,14.5143,1.770,17.655,19.425,london,persuasion,1,,server-2,0,1,0,5.962,3.265,29.811
combined-lc-lrt-cache-off-warm500,70,3,14.5286,5.966,13.664,19.630,was,the-mysterious-affair-at-styles,1,,server-2,0,2,0,5.962,1.754,29.811
combined-lc-lrt-cache-off-warm500,70,3,14.5429,6.033,44.355,50.388,sea,the-song-of-the-lark,1,,server-2,0,2,0,5.962,2.502,29.811
combined-lc-lrt-cache-off-warm500,70,3,14.5571,37.171,19.459,56.630,he,hard-times,1,,server-2,0,2,0,5.962,2.411,29.811
combined-lc-lrt-cache-off-warm500,70,3,14.5714,4.559,16.609,21.169,she,northanger-abbey,1,,server-1,1,2,0,5.962,2.411,29.811
combined-lc-lrt-cache-off-warm500,70,3,14.5857,7.875,31.195,39.071,the,the-mysterious-island,1,,server-1,2,2,0,3.291,2.411,29.811
combined-lc-lrt-cache-off-warm500,70,3,14.6000,24.501,14.868,39.369,king,dubliners,1,,server-1,2,1,0,3.104,8.115,29.811
combined-lc-lrt-cache-off-warm500,70,3,14.6143,10.727,24.412,35.140,you,the-king-in-yellow,1,,server-1,3,1,0,3.104,8.234,29.811
combined-lc-lrt-cache-off-warm500,70,3,14.6286,1.522,12.918,14.440,king,treasure-island,1,,server-2,2,1,0,4.072,8.234,29.811
combined-lc-lrt-cache-off-warm500,70,3,14.6429,1.475,18.414,19.890,you,the-mystery-of-edwin-drood,1,,server-2,2,2,0,6.145,4.746,29.811
combined-lc-lrt-cache-off-warm500,70,3,14.6571,6.435,14.180,20.615,letter,around-the-world-in-eighty-days,1,,server-2,0,2,0,7.995,2.489,29.811
combined-lc-lrt-cache-off-warm500,70,3,14.6714,6.830,19.450,26.281,letter,the-return-of-sherlock-holmes,1,,server-2,0,2,0,7.995,2.815,29.811
combined-lc-lrt-cache-off-warm500,70,3,14.6857,12.635,19.967,32.602,king,pride-and-prejudice,1,,server-2,0,2,0,7.995,2.532,29.811
combined-lc-lrt-cache-off-warm500,70,3,14.7000,18.602,20.415,39.017,horse,leaves-of-grass,1,,server-2,0,2,0,7.995,3.564,29.811
combined-lc-lrt-cache-off-warm500,70,3,14.7143,1.588,24.780,26.368,house,the-adventures-of-ferdinand-count-fathom-complete,1,,server-1,1,2,0,7.995,2.875,29.811
combined-lc-lrt-cache-off-warm500,70,3,14.7286,12.602,25.207,37.809,was,mansfield-park,1,,server-1,2,1,0,4.173,5.439,29.811
combined-lc-lrt-cache-off-warm500,70,3,14.7429,1.192,23.115,24.307,was,the-divine-comedy,1,,server-2,1,1,0,4.597,6.689,29.811
combined-lc-lrt-cache-off-warm500,70,3,14.7571,10.969,14.967,25.937,letter,the-adventures-of-sherlock-holmes,1,,server-2,1,2,0,4.597,3.493,29.811
combined-lc-lrt-cache-off-warm500,70,3,14.7714,1.294,15.300,16.594,he,persuasion,1,,server-1,1,1,0,6.940,4.338,29.811
combined-lc-lrt-cache-off-warm500,70,3,14.7857,1.181,15.817,16.998,and,a-journey-to-the-centre-of-the-earth,1,,server-2,1,1,0,3.618,5.118,29.811
combined-lc-lrt-cache-off-warm500,70,3,14.8000,1.582,32.555,34.137,whale,the-iliad,1,,server-1,1,1,0,4.703,2.684,29.811
combined-lc-lrt-cache-off-warm500,70,3,14.8143,1.467,12.794,14.262,and,beyond-good-and-evil,1,,server-2,1,1,0,2.489,4.214,29.811
combined-lc-lrt-cache-off-warm500,70,3,14.8286,6.377,16.686,23.063,whale,the-adventures-of-tom-sawyer-complete,1,,server-1,2,1,0,2.489,3.411,29.811
combined-lc-lrt-cache-off-warm500,70,3,14.8429,1.485,18.626,20.111,was,leaves-of-grass,1,,server-2,1,1,0,4.110,3.411,29.811
combined-lc-lrt-cache-off-warm500,70,3,14.8571,6.735,18.129,24.864,money,a-journey-to-the-centre-of-the-earth,1,,server-2,0,2,0,5.230,1.833,29.811
combined-lc-lrt-cache-off-warm500,70,3,14.8714,1.535,9.991,11.525,whale,his-last-bow,1,,server-1,1,1,0,5.230,2.675,29.811
combined-lc-lrt-cache-off-warm500,70,3,14.8857,1.278,22.275,23.553,whale,a-princess-of-mars,1,,server-1,1,0,0,3.323,4.552,29.811
combined-lc-lrt-cache-off-warm500,70,3,14.9000,10.547,41.231,51.777,and,far-from-the-madding-crowd,1,,server-1,2,0,0,1.776,4.552,29.811
combined-lc-lrt-cache-off-warm500,70,3,14.9143,5.794,29.762,35.556,sea,the-return-of-sherlock-holmes-108,1,,server-2,1,1,0,3.342,4.552,29.811
combined-lc-lrt-cache-off-warm500,70,3,14.9286,22.176,23.816,45.993,castle,the-american,1,,server-2,1,2,0,3.342,2.597,29.811
combined-lc-lrt-cache-off-warm500,70,3,14.9429,9.181,14.962,24.143,she,myths-and-legends-of-ancient-greece-and-rome,1,,server-1,2,2,0,3.342,2.597,29.811
combined-lc-lrt-cache-off-warm500,70,3,14.9571,17.566,17.610,35.177,money,pride-and-prejudice,1,,server-2,1,2,0,6.023,5.299,29.811
combined-lc-lrt-cache-off-warm500,70,3,14.9714,2.006,25.562,27.568,castle,the-tenant-of-wildfell-hall,1,,server-1,1,2,0,6.167,5.299,29.811
combined-lc-lrt-cache-off-warm500,70,3,14.9857,13.960,15.720,29.680,sea,the-memoirs-of-sherlock-holmes,1,,server-1,2,1,0,3.238,5.514,29.811
