label,rate,run,t_s,conn_ms,rpc_ms,total_ms,keyword,reference,ok,error_type,selected_server,server_1_connections,server_2_connections,server_3_connections,server_1_response_ewma_ms,server_2_response_ewma_ms,server_3_response_ewma_ms
least-connections-cache-off-warm500,70,1,0.0000,1.262,21.034,22.295,whale,the-house-of-the-seven-gables,1,,server-3,0,0,1,6.348,3.890,3.498
least-connections-cache-off-warm500,70,1,0.0143,1.801,10.716,12.516,horse,the-lost-world,1,,server-1,1,0,1,6.348,3.890,1.866
least-connections-cache-off-warm500,70,1,0.0286,1.673,21.849,23.521,whale,poirot-investigates,1,,server-2,0,1,0,3.817,3.890,4.497
least-connections-cache-off-warm500,70,1,0.0429,3.059,17.549,20.608,horse,northanger-abbey,1,,server-3,0,1,1,3.817,2.088,4.497
least-connections-cache-off-warm500,70,1,0.0571,1.949,12.637,14.586,and,dubliners,1,,server-1,1,0,1,3.817,4.770,2.468
least-connections-cache-off-warm500,70,1,0.0714,1.517,36.543,38.060,and,the-vicomte-de-bragelonne,1,,server-2,1,1,0,4.097,4.770,4.287
least-connections-cache-off-warm500,70,1,0.0857,2.398,22.643,25.041,and,the-odyssey,1,,server-3,0,1,1,3.294,2.534,4.287
least-connections-cache-off-warm500,70,1,0.1000,1.693,25.793,27.486,house,oliver-twist,1,,server-1,1,1,1,3.294,2.534,2.301
least-connections-cache-off-warm500,70,1,0.1143,1.376,11.637,13.014,horse,cranford,1,,server-2,1,1,0,1.763,7.419,5.022
least-connections-cache-off-warm500,70,1,0.1286,1.261,28.471,29.733,was,the-adventures-of-ferdinand-count-fathom-complete,1,,server-3,0,0,1,5.198,4.283,5.022
least-connections-cache-off-warm500,70,1,0.1429,1.524,12.253,13.777,letter,around-the-world-in-eighty-days,1,,server-1,1,0,1,5.198,4.283,2.645
least-connections-cache-off-warm500,70,1,0.1571,1.413,22.842,24.255,london,the-house-of-mirth,1,,server-2,0,1,1,3.661,4.283,2.645
least-connections-cache-off-warm500,70,1,0.1714,1.942,30.065,32.007,sea,the-mysterious-island,1,,server-3,0,1,1,3.661,2.265,6.189
least-connections-cache-off-warm500,70,1,0.1857,1.487,13.420,14.907,horse,the-adventures-of-tom-sawyer-complete,1,,server-1,1,0,1,3.661,5.042,3.281
least-connections-cache-off-warm500,70,1,0.2000,1.270,20.683,21.953,you,madame-bovary,1,,server-2,1,1,1,4.119,5.042,3.281
least-connections-cache-off-warm500,70,1,0.2143,1.135,10.810,11.944,she,dubliners,1,,server-3,0,1,1,3.308,2.652,6.848
least-connections-cache-off-warm500,70,1,0.2286,1.200,22.010,23.210,king,persuasion,1,,server-1,1,0,0,3.308,4.969,4.006
least-connections-cache-off-warm500,70,1,0.2429,3.641,16.955,20.596,he,meditations,1,,server-2,1,1,0,1.781,4.969,4.006
least-connections-cache-off-warm500,70,1,0.2571,2.400,26.137,28.537,king,pride-and-prejudice,1,,server-3,0,1,1,4.624,2.767,4.006
least-connections-cache-off-warm500,70,1,0.2714,2.299,23.470,25.769,the,the-odyssey,1,,server-1,1,0,1,4.624,4.382,2.173
least-connections-cache-off-warm500,70,1,0.2857,1.369,10.829,12.197,death,the-wind-in-the-willows,1,,server-2,1,1,1,2.506,4.382,5.466
least-connections-cache-off-warm500,70,1,0.3000,1.180,33.974,35.154,sea,villette,1,,server-3,0,0,1,5.272,3.219,5.466
least-connections-cache-off-warm500,70,1,0.3143,2.296,11.353,13.649,was,his-last-bow,1,,server-1,1,0,1,5.272,3.219,2.868
least-connections-cache-off-warm500,70,1,0.3286,1.274,14.145,15.420,night,the-secret-adversary,1,,server-2,0,1,1,3.566,3.219,2.868
least-connections-cache-off-warm500,70,1,0.3429,1.710,10.582,12.292,sea,around-the-world-in-eighty-days,1,,server-3,0,1,1,3.566,1.747,7.224
least-connections-cache-off-warm500,70,1,0.3571,1.180,27.837,29.016,night,agnes-grey,1,,server-1,1,0,0,3.566,3.338,4.056
least-connections-cache-off-warm500,70,1,0.3714,4.744,27.302,32.046,london,tess-of-the-d-urbervilles-a-pure-woman,1,,server-2,1,1,0,1.915,3.338,4.056
least-connections-cache-off-warm500,70,1,0.3857,1.544,14.232,15.775,money,the-scarlet-letter,1,,server-3,1,1,1,1.915,1.936,4.056
least-connections-cache-off-warm500,70,1,0.4000,1.607,28.192,29.799,horse,the-jungle,1,,server-1,1,1,1,5.654,1.936,2.175
least-connections-cache-off-warm500,70,1,0.4143,1.541,24.303,25.843,love,pride-and-prejudice,1,,server-2,1,1,0,2.968,5.527,3.637
least-connections-cache-off-warm500,70,1,0.4286,2.362,12.403,14.765,whale,silas-marner,1,,server-3,1,1,1,2.968,2.924,3.637
least-connections-cache-off-warm500,70,1,0.4429,1.396,24.160,25.556,house,the-jungle,1,,server-1,1,0,1,6.327,5.708,1.964
least-connections-cache-off-warm500,70,1,0.4571,1.722,24.035,25.757,death,dracula,1,,server-2,1,1,0,3.328,5.708,3.182
least-connections-cache-off-warm500,70,1,0.4714,1.262,28.076,29.338,whale,emma,1,,server-3,0,1,1,5.946,3.003,3.182
least-connections-cache-off-warm500,70,1,0.4857,1.900,14.369,16.269,heart,cranford,1,,server-1,1,0,1,5.946,5.700,1.715
least-connections-cache-off-warm500,70,1,0.5000,1.729,28.744,30.474,love,leaves-of-grass,1,,server-2,1,1,1,3.122,5.700,6.863
least-connections-cache-off-warm500,70,1,0.5143,3.316,19.350,22.666,she,the-age-of-innocence,1,,server-3,0,1,1,4.223,3.016,5.516
least-connections-cache-off-warm500,70,1,0.5286,1.572,24.096,25.668,castle,tess-of-the-d-urbervilles-a-pure-woman,1,,server-1,1,1,1,4.223,3.016,2.998
least-connections-cache-off-warm500,70,1,0.5429,1.605,20.580,22.185,the,the-odyssey,1,,server-2,1,1,0,2.251,6.484,4.881
least-connections-cache-off-warm500,70,1,0.5571,1.425,12.933,14.358,horse,the-secret-garden,1,,server-3,0,1,1,5.252,3.405,4.881
least-connections-cache-off-warm500,70,1,0.5714,1.218,24.968,26.186,the,the-house-of-mirth,1,,server-1,1,0,0,5.252,5.419,3.657
least-connections-cache-off-warm500,70,1,0.5857,1.749,22.148,23.896,house,tess-of-the-d-urbervilles-a-pure-woman,1,,server-2,1,1,0,2.754,5.419,3.657
least-connections-cache-off-warm500,70,1,0.6000,1.270,11.836,13.107,heart,the-first-men-in-the-moon,1,,server-3,0,1,1,5.696,2.869,3.657
least-connections-cache-off-warm500,70,1,0.6143,1.268,15.322,16.591,whale,autobiography-of-benjamin-franklin,1,,server-1,1,0,0,5.696,5.344,3.087
least-connections-cache-off-warm500,70,1,0.6286,1.524,14.266,15.790,you,the-first-men-in-the-moon,1,,server-2,1,1,0,2.971,5.344,3.087
least-connections-cache-off-warm500,70,1,0.6429,1.692,28.493,30.185,castle,the-iliad-2199,1,,server-3,0,1,1,4.293,2.815,3.087
least-connections-cache-off-warm500,70,1,0.6571,2.236,18.453,20.689,house,the-return-of-sherlock-holmes-108,1,,server-1,1,0,1,4.293,4.053,1.670
least-connections-cache-off-warm500,70,1,0.6714,1.851,11.419,13.270,night,the-lost-world,1,,server-2,1,1,1,2.318,4.053,1.670
least-connections-cache-off-warm500,70,1,0.6857,1.795,21.244,23.040,castle,jude-the-obscure,1,,server-3,0,0,1,4.362,3.124,5.596
least-connections-cache-off-warm500,70,1,0.7000,1.835,11.431,13.266,castle,black-beauty,1,,server-1,1,0,1,4.362,3.124,2.954
least-connections-cache-off-warm500,70,1,0.7143,1.211,11.637,12.848,love,the-prince,1,,server-2,0,1,0,3.289,3.124,5.243
least-connections-cache-off-warm500,70,1,0.7286,1.804,32.028,33.831,was,myths-and-legends-of-ancient-greece-and-rome,1,,server-3,0,0,1,3.289,2.885,5.243
least-connections-cache-off-warm500,70,1,0.7429,4.082,21.920,26.001,death,the-adventures-of-sherlock-holmes,1,,server-1,1,0,1,3.289,2.885,2.816
least-connections-cache-off-warm500,70,1,0.7571,1.465,8.960,10.425,was,the-kama-sutra-of-vatsyayana,1,,server-2,1,1,1,1.891,2.885,2.816
least-connections-cache-off-warm500,70,1,0.7714,1.193,13.224,14.417,he,the-secret-garden,1,,server-3,0,0,1,4.567,2.407,6.879
least-connections-cache-off-warm500,70,1,0.7857,1.279,17.143,18.422,he,the-mystery-of-edwin-drood,1,,server-1,1,0,1,4.567,2.407,4.360
least-connections-cache-off-warm500,70,1,0.8000,1.402,12.900,14.302,the,the-adventures-of-tom-sawyer-complete,1,,server-2,1,1,0,2.406,2.407,4.360
least-connections-cache-off-warm500,70,1,0.8143,1.342,23.820,25.162,was,the-jungle,1,,server-3,0,1,1,4.240,3.542,4.360
least-connections-cache-off-warm500,70,1,0.8286,1.255,23.819,25.074,you,the-last-of-the-mohicans-a-narrative-of-1757,1,,server-1,1,0,1,4.240,2.853,2.328
least-connections-cache-off-warm500,70,1,0.8429,1.606,10.336,11.942,was,the-hound-of-the-baskervilles-3070,1,,server-2,1,1,0,2.239,2.853,5.258
least-connections-cache-off-warm500,70,1,0.8571,1.566,30.676,32.242,of,the-romance-of-lust-a-classic-victorian-erotic-novel,1,,server-3,0,0,1,5.205,2.572,5.258
least-connections-cache-off-warm500,70,1,0.8714,2.070,14.648,16.718,love,silas-marner,1,,server-1,1,0,1,5.205,2.572,2.780
least-connections-cache-off-warm500,70,1,0.8857,2.157,13.818,15.975,love,silas-marner,1,,server-2,1,1,1,2.775,2.572,2.780
least-connections-cache-off-warm500,70,1,0.9000,1.897,23.500,25.397,house,myths-and-legends-of-ancient-greece-and-rome,1,,server-3,0,1,1,4.049,1.454,6.645
least-connections-cache-off-warm500,70,1,0.9143,2.863,17.674,20.537,love,the-first-men-in-the-moon,1,,server-1,1,0,1,4.049,3.049,3.490
least-connections-cache-off-warm500,70,1,0.9286,1.845,23.905,25.750,sea,the-scarlet-letter-33,1,,server-2,1,1,0,2.235,3.049,5.935
least-connections-cache-off-warm500,70,1,0.9429,1.355,23.964,25.319,death,the-adventures-of-ferdinand-count-fathom-complete,1,,server-3,0,1,1,4.141,1.678,5.935
least-connections-cache-off-warm500,70,1,0.9571,1.589,16.584,18.173,was,the-mystery-of-edwin-drood,1,,server-1,1,0,1,4.141,4.843,3.101
least-connections-cache-off-warm500,70,1,0.9714,1.382,37.462,38.844,castle,little-women,1,,server-2,1,1,0,2.198,4.843,5.757
least-connections-cache-off-warm500,70,1,0.9857,2.612,18.879,21.491,heart,desert-gold,1,,server-3,0,1,1,4.003,2.566,5.757
least-connections-cache-off-warm500,70,1,1.0000,1.630,19.477,21.107,london,madame-bovary,1,,server-1,1,1,1,4.003,2.566,3.127
least-connections-cache-off-warm500,70,1,1.0143,1.580,22.163,23.743,night,the-age-of-innocence,1,,server-2,1,1,0,2.137,7.580,4.914
least-connections-cache-off-warm500,70,1,1.0286,1.927,22.990,24.917,letter,adventures-of-huckleberry-finn,1,,server-3,0,1,1,4.399,3.958,4.914
least-connections-cache-off-warm500,70,1,1.0429,1.641,23.560,25.201,love,the-portrait-of-a-lady-volume-1,1,,server-1,1,0,1,4.399,6.022,2.599
least-connections-cache-off-warm500,70,1,1.0571,1.471,27.282,28.753,castle,the-house-of-mirth,1,,server-2,1,1,0,2.340,6.022,5.290
least-connections-cache-off-warm500,70,1,1.0714,1.480,29.267,30.747,castle,the-innocents-abroad,1,,server-3,0,1,1,5.192,3.162,5.290
least-connections-cache-off-warm500,70,1,1.0857,1.566,10.488,12.054,letter,the-jungle-book,1,,server-1,1,1,1,5.192,6.308,2.775
least-connections-cache-off-warm500,70,1,1.1000,1.451,23.864,25.315,house,tess-of-the-d-urbervilles-a-pure-woman,1,,server-2,0,1,1,3.358,6.308,2.775
least-connections-cache-off-warm500,70,1,1.1143,1.554,22.960,24.513,london,far-from-the-madding-crowd,1,,server-3,0,1,1,3.358,3.313,6.422
least-connections-cache-off-warm500,70,1,1.1286,1.242,13.510,14.752,king,dubliners,1,,server-1,1,0,1,3.358,5.898,3.355
least-connections-cache-off-warm500,70,1,1.1429,1.424,26.017,27.441,house,his-last-bow,1,,server-2,1,1,0,4.051,5.898,5.776
least-connections-cache-off-warm500,70,1,1.1571,3.612,21.305,24.916,house,poirot-investigates,1,,server-3,0,1,1,3.259,3.100,5.776
least-connections-cache-off-warm500,70,1,1.1714,2.170,28.798,30.968,horse,the-iliad-2199,1,,server-1,1,0,1,3.259,6.121,3.221
least-connections-cache-off-warm500,70,1,1.1857,1.357,32.629,33.986,whale,the-moonstone,1,,server-2,1,1,0,1.762,6.121,5.339
least-connections-cache-off-warm500,70,1,1.2000,1.882,14.129,16.011,heart,desert-gold,1,,server-3,1,1,1,1.762,3.211,5.339
least-connections-cache-off-warm500,70,1,1.2143,1.754,28.853,30.607,was,little-women,1,,server-1,1,1,1,5.646,3.211,2.797
least-connections-cache-off-warm500,70,1,1.2286,1.730,11.003,12.733,whale,the-hound-of-the-baskervilles-3070,1,,server-2,1,1,0,2.978,7.238,3.947
least-connections-cache-off-warm500,70,1,1.2429,1.402,11.071,12.473,letter,silas-marner,1,,server-3,1,0,1,2.978,4.100,3.947
least-connections-cache-off-warm500,70,1,1.2571,1.374,14.376,15.750,night,frankenstein-or-the-modern-prometheus,1,,server-1,1,0,0,6.462,4.100,3.043
least-connections-cache-off-warm500,70,1,1.2714,1.882,30.471,32.353,money,the-king-in-yellow,1,,server-2,1,1,0,3.387,4.100,3.043
least-connections-cache-off-warm500,70,1,1.2857,4.324,21.793,26.117,letter,desert-gold,1,,server-3,0,1,1,4.411,2.223,3.043
least-connections-cache-off-warm500,70,1,1.3000,1.977,13.118,15.096,heart,silas-marner,1,,server-1,1,1,1,4.411,2.223,1.731
least-connections-cache-off-warm500,70,1,1.3143,1.281,12.660,13.941,sea,poirot-investigates,1,,server-2,1,1,0,2.359,6.215,4.481
least-connections-cache-off-warm500,70,1,1.3286,1.518,31.770,33.287,love,the-tenant-of-wildfell-hall,1,,server-3,0,0,1,3.560,4.074,4.481
least-connections-cache-off-warm500,70,1,1.3429,1.223,13.537,14.760,she,cranford,1,,server-1,1,0,1,3.560,4.074,2.370
least-connections-cache-off-warm500,70,1,1.3571,1.526,22.556,24.082,love,a-tale-of-two-cities,1,,server-2,1,1,1,1.906,4.074,2.370
least-connections-cache-off-warm500,70,1,1.3714,1.207,27.486,28.693,she,the-mysterious-island,1,,server-3,0,1,1,3.268,2.181,6.544
least-connections-cache-off-warm500,70,1,1.3857,1.589,19.499,21.088,castle,twenty-thousand-leagues-under-the-sea,1,,server-1,1,0,1,3.268,4.934,3.403
least-connections-cache-off-warm500,70,1,1.4000,1.642,28.141,29.783,love,great-expectations,1,,server-2,1,1,1,1.753,4.934,8.142
least-connections-cache-off-warm500,70,1,1.4143,1.456,26.263,27.719,love,jane-eyre-an-autobiography,1,,server-3,0,1,1,4.181,2.615,6.553
least-connections-cache-off-warm500,70,1,1.4286,2.071,9.479,11.550,love,the-hound-of-the-baskervilles-3070,1,,server-1,1,1,1,4.181,2.615,3.440
least-connections-cache-off-warm500,70,1,1.4429,1.721,11.397,13.117,horse,a-princess-of-mars,1,,server-2,0,1,0,2.906,6.137,6.345
least-connections-cache-off-warm500,70,1,1.4571,1.477,29.628,31.105,london,little-women,1,,server-3,0,0,1,2.906,3.869,6.345
least-connections-cache-off-warm500,70,1,1.4714,2.289,12.154,14.443,house,his-last-bow,1,,server-1,1,0,1,2.906,3.869,3.326
least-connections-cache-off-warm500,70,1,1.4857,1.790,8.710,10.500,sea,the-hound-of-the-baskervilles-3070,1,,server-2,1,1,1,3.584,3.869,3.326
least-connections-cache-off-warm500,70,1,1.5000,1.233,21.446,22.679,castle,autobiography-of-benjamin-franklin,1,,server-3,0,0,1,2.894,2.695,6.815
least-connections-cache-off-warm500,70,1,1.5143,2.188,30.804,32.992,heart,madame-bovary,1,,server-1,1,0,1,2.894,2.695,3.547
least-connections-cache-off-warm500,70,1,1.5286,3.651,23.264,26.915,castle,pride-and-prejudice,1,,server-2,1,1,0,1.589,2.695,5.659
least-connections-cache-off-warm500,70,1,1.5429,1.380,14.924,16.304,castle,the-age-of-innocence,1,,server-3,1,1,1,1.589,1.582,5.659
least-connections-cache-off-warm500,70,1,1.5571,1.505,12.556,14.062,heart,silas-marner,1,,server-1,1,0,1,5.858,4.604,2.959
least-connections-cache-off-warm500,70,1,1.5714,1.196,17.208,18.404,house,frankenstein-or-the-modern-prometheus,1,,server-2,0,1,0,3.943,4.604,4.249
least-connections-cache-off-warm500,70,1,1.5857,1.534,8.801,10.335,death,the-jungle-book,1,,server-3,0,1,1,3.943,2.430,4.249
least-connections-cache-off-warm500,70,1,1.6000,1.233,28.022,29.255,money,the-tenant-of-wildfell-hall,1,,server-1,1,0,0,3.943,4.253,2.789
least-connections-cache-off-warm500,70,1,1.6143,1.697,13.455,15.152,castle,the-secret-garden-17396,1,,server-2,1,1,0,2.086,4.253,2.789
least-connections-cache-off-warm500,70,1,1.6286,1.855,11.719,13.574,death,poirot-investigates,1,,server-3,1,1,1,2.086,2.260,2.789
least-connections-cache-off-warm500,70,1,1.6429,1.402,23.087,24.489,money,the-secret-adversary,1,,server-1,1,0,0,5.747,3.532,2.764
least-connections-cache-off-warm500,70,1,1.6571,3.389,15.017,18.406,heart,memoirs-of-fanny-hill,1,,server-2,1,1,0,3.036,3.532,2.764
least-connections-cache-off-warm500,70,1,1.6714,1.204,25.307,26.511,heart,walden-and-on-the-duty-of-civil-disobedience,1,,server-3,0,1,1,5.552,1.992,2.764
least-connections-cache-off-warm500,70,1,1.6857,1.841,21.588,23.429,sea,the-age-of-innocence,1,,server-1,1,0,1,5.552,3.559,1.483
least-connections-cache-off-warm500,70,1,1.7000,1.647,11.202,12.849,he,the-hound-of-the-baskervilles,1,,server-2,1,1,0,2.949,3.559,4.961
least-connections-cache-off-warm500,70,1,1.7143,1.260,26.926,28.186,whale,jude-the-obscure,1,,server-3,0,0,1,5.288,2.987,4.961
least-connections-cache-off-warm500,70,1,1.7286,2.388,12.271,14.659,you,the-king-in-yellow,1,,server-1,1,0,1,5.288,2.987,2.608
least-connections-cache-off-warm500,70,1,1.7429,1.477,16.453,17.929,london,the-memoirs-of-sherlock-holmes,1,,server-2,1,1,0,2.838,2.987,5.924
least-connections-cache-off-warm500,70,1,1.7571,1.617,34.555,36.172,money,mansfield-park,1,,server-3,0,1,1,3.712,1.619,5.924
least-connections-cache-off-warm500,70,1,1.7714,1.976,16.480,18.456,horse,black-beauty,1,,server-1,1,0,1,3.712,3.629,3.103
least-connections-cache-off-warm500,70,1,1.7857,1.841,20.240,22.081,was,persuasion,1,,server-2,1,1,1,2.020,3.629,3.103
least-connections-cache-off-warm500,70,1,1.8000,2.327,39.342,41.669,horse,villette,1,,server-3,0,1,1,3.873,1.972,7.407
least-connections-cache-off-warm500,70,1,1.8143,3.846,27.638,31.484,castle,the-iliad-2199,1,,server-1,1,0,1,3.873,4.440,3.973
least-connections-cache-off-warm500,70,1,1.8286,1.494,9.517,11.011,king,the-jungle-book,1,,server-2,1,1,1,2.125,4.440,3.973
least-connections-cache-off-warm500,70,1,1.8429,1.171,16.753,17.923,she,the-age-of-innocence,1,,server-3,1,0,1,2.125,2.957,8.716
least-connections-cache-off-warm500,70,1,1.8571,1.742,16.293,18.036,letter,the-secret-garden,1,,server-1,1,0,1,5.675,2.957,4.513
least-connections-cache-off-warm500,70,1,1.8714,1.595,22.132,23.727,castle,the-last-of-the-mohicans-a-narrative-of-1757-27681,1,,server-2,1,1,0,3.002,2.957,5.531
least-connections-cache-off-warm500,70,1,1.8857,1.671,13.303,14.974,heart,the-secret-adversary,1,,server-3,0,1,1,4.473,1.600,5.531
least-connections-cache-off-warm500,70,1,1.9000,1.460,34.145,35.605,you,mary-barton,1,,server-1,1,0,1,4.473,4.513,2.918
least-connections-cache-off-warm500,70,1,1.9143,2.405,20.377,22.782,you,grimms-fairy-tales,1,,server-2,1,1,0,2.359,4.513,3.937
least-connections-cache-off-warm500,70,1,1.9286,1.315,33.385,34.700,whale,the-innocents-abroad,1,,server-3,1,1,1,2.359,2.438,3.937
least-connections-cache-off-warm500,70,1,1.9429,1.276,15.177,16.453,london,myths-and-legends-of-ancient-greece-and-rome,1,,server-1,1,0,1,6.930,4.751,2.095
least-connections-cache-off-warm500,70,1,1.9571,1.568,24.546,26.113,money,the-adventures-of-ferdinand-count-fathom-complete,1,,server-2,1,1,1,3.642,4.751,2.095
least-connections-cache-off-warm500,70,1,1.9714,1.451,12.976,14.427,horse,a-princess-of-mars,1,,server-3,0,1,1,4.728,2.504,6.611
least-connections-cache-off-warm500,70,1,1.9857,1.650,25.269,26.919,love,mansfield-park,1,,server-1,1,0,1,4.728,5.481,5.284
least-connections-cache-off-warm500,70,1,2.0000,1.511,18.657,20.168,death,the-divine-comedy,1,,server-2,1,1,0,2.480,5.481,4.252
least-connections-cache-off-warm500,70,1,2.0143,1.445,30.246,31.691,love,the-innocents-abroad,1,,server-3,0,1,1,5.557,2.871,4.252
least-connections-cache-off-warm500,70,1,2.0286,1.433,25.906,27.339,love,oliver-twist,1,,server-1,1,0,1,5.557,4.752,2.260
least-connections-cache-off-warm500,70,1,2.0429,1.592,14.119,15.711,sea,meditations,1,,server-2,1,1,1,2.910,4.752,2.260
least-connections-cache-off-warm500,70,1,2.0571,1.481,26.913,28.394,king,the-jungle,1,,server-3,0,1,1,5.936,2.509,6.228
least-connections-cache-off-warm500,70,1,2.0714,2.331,18.256,20.587,king,adventures-of-huckleberry-finn,1,,server-1,1,0,1,5.936,3.824,3.265
least-connections-cache-off-warm500,70,1,2.0857,1.668,26.930,28.598,night,mansfield-park,1,,server-2,1,1,1,3.130,3.824,6.262
least-connections-cache-off-warm500,70,1,2.1000,1.594,12.660,14.254,you,northanger-abbey,1,,server-3,0,1,1,4.816,2.081,6.262
least-connections-cache-off-warm500,70,1,2.1143,1.357,22.605,23.961,money,walden-and-on-the-duty-of-civil-disobedience,1,,server-1,1,1,0,4.816,5.572,4.035
least-connections-cache-off-warm500,70,1,2.1286,1.538,33.288,34.826,he,jane-eyre-an-autobiography,1,,server-2,1,1,0,2.532,5.572,4.035
least-connections-cache-off-warm500,70,1,2.1429,1.743,14.626,16.369,love,a-journey-to-the-centre-of-the-earth,1,,server-3,0,1,1,5.198,2.930,4.035
least-connections-cache-off-warm500,70,1,2.1571,1.067,13.345,14.413,love,the-adventures-of-tom-sawyer-complete,1,,server-1,1,1,1,5.198,2.930,2.159
least-connections-cache-off-warm500,70,1,2.1714,1.186,20.514,21.700,house,the-american,1,,server-2,1,1,0,4.782,7.160,3.668
least-connections-cache-off-warm500,70,1,2.1857,1.218,20.337,21.554,whale,desperate-remedies,1,,server-3,0,1,1,3.858,3.725,3.668
least-connections-cache-off-warm500,70,1,2.2000,1.523,14.968,16.490,money,a-journey-to-the-centre-of-the-earth,1,,server-1,1,0,1,3.858,5.626,1.936
least-connections-cache-off-warm500,70,1,2.2143,1.345,12.537,13.882,king,the-prince,1,,server-2,1,1,0,2.072,5.626,4.448
least-connections-cache-off-warm500,70,1,2.2286,1.263,24.360,25.622,castle,anne-of-green-gables,1,,server-3,0,0,1,3.689,3.861,4.448
least-connections-cache-off-warm500,70,1,2.2429,1.337,10.608,11.944,and,the-hound-of-the-baskervilles,1,,server-1,1,0,1,3.689,3.861,2.389
least-connections-cache-off-warm500,70,1,2.2571,2.082,34.180,36.262,london,anne-of-green-gables,1,,server-2,0,1,0,2.917,3.861,5.359
least-connections-cache-off-warm500,70,1,2.2714,7.460,17.768,25.228,london,the-scarlet-letter,1,,server-3,0,1,1,2.917,2.122,5.359
least-connections-cache-off-warm500,70,1,2.2857,1.886,18.247,20.133,you,wuthering-heights,1,,server-1,1,1,1,2.917,2.122,2.957
least-connections-cache-off-warm500,70,1,2.3000,1.471,36.875,38.346,money,the-tenant-of-wildfell-hall,1,,server-2,1,1,0,1.569,6.766,4.602
least-connections-cache-off-warm500,70,1,2.3143,2.899,24.378,27.277,the,far-from-the-madding-crowd,1,,server-3,0,1,1,3.885,3.567,4.602
least-connections-cache-off-warm500,70,1,2.3286,1.352,28.262,29.614,castle,the-iliad,1,,server-1,1,1,1,3.885,3.567,2.487
least-connections-cache-off-warm500,70,1,2.3429,2.033,30.294,32.327,london,the-moonstone,1,,server-2,1,1,0,2.062,8.114,5.381
least-connections-cache-off-warm500,70,1,2.3571,1.851,21.136,22.986,was,the-works-of-edgar-allan-poe-volume-2,1,,server-3,1,1,1,2.062,4.260,5.381
least-connections-cache-off-warm500,70,1,2.3714,1.341,26.745,28.086,letter,jane-eyre-an-autobiography,1,,server-1,1,1,1,5.804,4.260,2.832
least-connections-cache-off-warm500,70,1,2.3857,1.725,21.502,23.228,of,far-from-the-madding-crowd,1,,server-2,1,1,0,3.036,7.470,5.132
least-connections-cache-off-warm500,70,1,2.4000,1.519,28.053,29.572,and,great-expectations,1,,server-3,1,1,1,6.202,3.905,5.132
least-connections-cache-off-warm500,70,1,2.4143,1.392,11.121,12.513,death,the-prince,1,,server-1,1,0,1,6.202,5.897,2.717
least-connections-cache-off-warm500,70,1,2.4286,1.440,39.488,40.927,sea,north-and-south,1,,server-2,0,1,1,3.829,5.897,2.717
least-connections-cache-off-warm500,70,1,2.4429,2.282,23.392,25.674,and,a-connecticut-yankee-in-king-arthur-s-court,1,,server-3,0,1,1,3.829,3.117,6.187
least-connections-cache-off-warm500,70,1,2.4571,2.717,23.188,25.905,she,the-iliad-2199,1,,server-1,1,1,1,3.829,3.117,3.289
least-connections-cache-off-warm500,70,1,2.4714,1.616,12.386,14.002,king,cranford,1,,server-2,1,1,0,2.059,8.200,5.715
least-connections-cache-off-warm500,70,1,2.4857,1.044,11.532,12.575,he,the-king-in-yellow,1,,server-3,0,0,1,4.905,4.691,5.715
least-connections-cache-off-warm500,70,1,2.5000,1.429,17.071,18.500,sea,washington-square,1,,server-1,1,0,0,4.905,4.691,3.734
least-connections-cache-off-warm500,70,1,2.5143,2.379,17.190,19.569,horse,treasure-island,1,,server-2,1,1,0,2.574,4.691,3.734
least-connections-cache-off-warm500,70,1,2.5286,1.996,26.200,28.197,castle,the-portrait-of-a-lady-volume-1,1,,server-3,0,1,1,4.335,2.527,3.734
least-connections-cache-off-warm500,70,1,2.5429,2.212,25.626,27.838,of,far-from-the-madding-crowd,1,,server-1,1,0,1,4.335,4.296,2.004
least-connections-cache-off-warm500,70,1,2.5571,1.731,11.777,13.508,letter,silas-marner,1,,server-2,1,1,1,2.323,4.296,5.398
least-connections-cache-off-warm500,70,1,2.5714,1.231,27.662,28.893,love,the-moonstone,1,,server-3,0,0,1,5.460,3.286,5.398
least-connections-cache-off-warm500,70,1,2.5857,1.663,28.823,30.486,of,the-romance-of-lust-a-classic-victorian-erotic-novel,1,,server-1,1,0,1,5.460,3.286,2.818
least-connections-cache-off-warm500,70,1,2.6000,2.182,11.855,14.038,horse,the-adventures-of-tom-sawyer-complete,1,,server-2,1,1,1,2.863,3.286,7.706
least-connections-cache-off-warm500,70,1,2.6143,1.450,12.280,13.730,she,silas-marner,1,,server-3,1,1,1,2.863,2.999,6.300
least-connections-cache-off-warm500,70,1,2.6286,1.243,24.056,25.300,she,a-journey-to-the-centre-of-the-earth,1,,server-1,1,0,0,6.383,2.999,4.045
least-connections-cache-off-warm500,70,1,2.6429,3.162,15.163,18.325,london,the-warden,1,,server-2,1,1,0,3.349,2.999,4.045
least-connections-cache-off-warm500,70,1,2.6571,1.071,30.756,31.828,he,madame-bovary,1,,server-3,0,1,1,5.934,1.690,4.045
least-connections-cache-off-warm500,70,1,2.6714,2.369,28.296,30.665,whale,mansfield-park,1,,server-1,1,0,1,5.934,3.393,2.129
least-connections-cache-off-warm500,70,1,2.6857,2.957,25.070,28.026,castle,a-tale-of-two-cities,1,,server-2,1,1,1,3.174,3.393,2.129
least-connections-cache-off-warm500,70,1,2.7000,2.151,10.328,12.479,and,herland,1,,server-3,1,1,1,3.174,1.847,6.238
least-connections-cache-off-warm500,70,1,2.7143,1.315,24.881,26.197,night,the-last-of-the-mohicans-a-narrative-of-1757-27681,1,,server-1,1,1,0,6.471,5.095,3.706
least-connections-cache-off-warm500,70,1,2.7286,1.999,27.522,29.520,castle,oliver-twist,1,,server-2,1,1,0,3.376,5.095,3.706
least-connections-cache-off-warm500,70,1,2.7429,1.707,16.015,17.722,money,the-memoirs-of-sherlock-holmes,1,,server-3,0,1,1,6.096,2.684,3.706
least-connections-cache-off-warm500,70,1,2.7571,1.176,8.817,9.993,letter,the-hound-of-the-baskervilles-3070,1,,server-1,1,1,1,6.096,2.684,1.994
least-connections-cache-off-warm500,70,1,2.7714,1.428,25.078,26.506,the,the-last-of-the-mohicans-a-narrative-of-1757,1,,server-2,0,1,0,3.417,6.079,3.777
least-connections-cache-off-warm500,70,1,2.7857,1.551,26.675,28.227,and,emma,1,,server-3,0,1,1,3.417,3.184,3.777
least-connections-cache-off-warm500,70,1,2.8000,1.544,21.959,23.503,house,pride-and-prejudice,1,,server-1,1,0,1,3.417,5.996,2.004
least-connections-cache-off-warm500,70,1,2.8143,1.630,34.563,36.194,house,north-and-south,1,,server-2,1,1,1,1.817,5.996,5.518
least-connections-cache-off-warm500,70,1,2.8286,1.514,12.443,13.957,was,the-first-men-in-the-moon,1,,server-3,0,1,1,4.627,3.143,5.518
least-connections-cache-off-warm500,70,1,2.8429,1.223,13.577,14.800,she,black-beauty,1,,server-1,1,1,0,4.627,3.143,3.793
least-connections-cache-off-warm500,70,1,2.8571,1.534,24.334,25.869,sea,the-return-of-sherlock-holmes,1,,server-2,1,1,0,2.425,7.515,3.793
least-connections-cache-off-warm500,70,1,2.8714,2.633,18.548,21.181,the,the-adventures-of-tom-sawyer-complete,1,,server-3,0,1,1,3.701,3.913,3.793
least-connections-cache-off-warm500,70,1,2.8857,1.120,35.828,36.948,and,the-moonstone,1,,server-1,1,0,1,3.701,6.370,2.102
least-connections-cache-off-warm500,70,1,2.9000,1.585,15.375,16.961,of,memoirs-of-fanny-hill,1,,server-2,1,1,0,1.960,6.370,4.244
least-connections-cache-off-warm500,70,1,2.9143,1.237,12.162,13.399,whale,the-hound-of-the-baskervilles,1,,server-3,1,1,1,1.960,3.349,4.244
least-connections-cache-off-warm500,70,1,2.9286,1.179,16.905,18.084,and,northanger-abbey,1,,server-1,1,0,0,6.967,4.580,3.346
least-connections-cache-off-warm500,70,1,2.9429,1.586,30.403,31.989,the,the-divine-comedy,1,,server-2,1,1,0,3.625,4.580,3.346
least-connections-cache-off-warm500,70,1,2.9571,1.898,19.351,21.249,the,the-secret-garden,1,,server-3,0,1,1,4.999,2.424,3.346
least-connections-cache-off-warm500,70,1,2.9714,1.830,14.974,16.804,money,treasure-island,1,,server-1,1,1,1,4.999,2.424,1.849
least-connections-cache-off-warm500,70,1,2.9857,2.047,31.879,33.926,castle,the-scarlet-letter-33,1,,server-2,1,1,0,2.653,6.376,4.203
least-connections-cache-off-warm500,70,1,3.0000,4.690,25.514,30.204,the,sense-and-sensibility,1,,server-3,0,1,1,4.033,3.374,4.203
least-connections-cache-off-warm500,70,1,3.0143,1.906,12.771,14.677,house,the-king-in-yellow,1,,server-1,1,1,1,4.033,3.374,2.442
least-connections-cache-off-warm500,70,1,3.0286,1.326,21.225,22.551,she,herland,1,,server-2,1,1,1,4.121,7.224,2.442
least-connections-cache-off-warm500,70,1,3.0429,3.406,32.746,36.152,of,the-jungle,1,,server-3,0,1,1,3.310,3.770,5.486
least-connections-cache-off-warm500,70,1,3.0571,2.467,25.140,27.607,london,the-last-of-the-mohicans-a-narrative-of-1757,1,,server-1,1,0,1,3.310,5.783,3.023
least-connections-cache-off-warm500,70,1,3.0714,1.519,23.059,24.578,whale,emma,1,,server-2,1,1,1,1.857,5.783,3.023
least-connections-cache-off-warm500,70,1,3.0857,1.504,15.108,16.612,was,grimms-fairy-tales,1,,server-3,0,1,1,5.130,3.031,7.065
least-connections-cache-off-warm500,70,1,3.1000,1.816,19.056,20.873,letter,adventures-of-huckleberry-finn,1,,server-1,1,0,1,5.130,5.561,3.703
least-connections-cache-off-warm500,70,1,3.1143,1.390,12.115,13.505,was,the-prince,1,,server-2,1,1,0,2.730,5.561,4.759
least-connections-cache-off-warm500,70,1,3.1286,1.670,32.983,34.653,love,the-mysterious-island,1,,server-3,0,0,1,4.739,3.767,4.759
least-connections-cache-off-warm500,70,1,3.1429,1.531,24.169,25.701,money,emma,1,,server-1,1,0,1,4.739,3.767,2.513
least-connections-cache-off-warm500,70,1,3.1571,1.997,21.330,23.327,the,a-tale-of-two-cities,1,,server-2,1,1,1,2.515,3.767,2.513
least-connections-cache-off-warm500,70,1,3.1714,1.447,11.549,12.996,house,the-warden,1,,server-3,0,1,1,5.451,2.023,6.812
least-connections-cache-off-warm500,70,1,3.1857,1.525,17.373,18.898,king,around-the-world-in-eighty-days,1,,server-1,1,0,0,5.451,4.645,4.079
least-connections-cache-off-warm500,70,1,3.2000,2.688,16.421,19.109,the,the-war-of-the-worlds,1,,server-2,1,1,0,2.855,4.645,4.079
least-connections-cache-off-warm500,70,1,3.2143,2.833,29.406,32.239,london,jude-the-obscure,1,,server-3,0,1,1,4.562,2.446,4.079
least-connections-cache-off-warm500,70,1,3.2286,3.031,10.764,13.795,she,around-the-world-in-eighty-days,1,,server-1,1,0,1,4.562,4.151,2.239
least-connections-cache-off-warm500,70,1,3.2429,1.420,13.470,14.890,was,black-beauty,1,,server-2,0,1,1,3.202,4.151,2.239
least-connections-cache-off-warm500,70,1,3.2571,1.594,13.401,14.995,whale,the-war-of-the-worlds,1,,server-3,0,1,1,3.202,2.232,6.049
least-connections-cache-off-warm500,70,1,3.2714,1.751,22.544,24.295,the,the-picture-of-dorian-gray,1,,server-1,1,0,1,3.202,3.551,3.185
least-connections-cache-off-warm500,70,1,3.2857,2.758,15.458,18.216,the,autobiography-of-benjamin-franklin,1,,server-2,1,1,0,1.705,3.551,4.116
least-connections-cache-off-warm500,70,1,3.3000,1.843,24.394,26.237,house,adventures-of-huckleberry-finn,1,,server-3,0,1,1,4.651,1.959,4.116
least-connections-cache-off-warm500,70,1,3.3143,2.430,24.379,26.809,whale,grimms-fairy-tales,1,,server-1,1,0,1,4.651,3.669,2.195
least-connections-cache-off-warm500,70,1,3.3286,1.624,31.579,33.203,king,the-innocents-abroad,1,,server-2,1,1,0,2.495,3.669,5.198
least-connections-cache-off-warm500,70,1,3.3429,1.528,25.608,27.136,king,the-song-of-the-lark,1,,server-3,0,1,1,5.391,1.957,5.198
least-connections-cache-off-warm500,70,1,3.3571,1.228,29.336,30.563,letter,great-expectations,1,,server-1,1,1,1,5.391,1.957,2.731
least-connections-cache-off-warm500,70,1,3.3714,1.190,17.809,18.999,letter,madame-bovary,1,,server-2,1,1,0,2.829,6.252,5.799
least-connections-cache-off-warm500,70,1,3.3857,1.890,18.250,20.140,of,madame-bovary,1,,server-3,1,1,1,2.829,3.271,5.799
least-connections-cache-off-warm500,70,1,3.4000,1.350,26.407,27.757,she,the-song-of-the-lark,1,,server-1,1,0,1,6.465,4.907,3.038
least-connections-cache-off-warm500,70,1,3.4143,1.534,14.207,15.740,you,the-wind-in-the-willows,1,,server-2,1,1,0,3.383,4.907,4.810
least-connections-cache-off-warm500,70,1,3.4286,1.804,27.252,29.056,love,a-connecticut-yankee-in-king-arthur-s-court,1,,server-3,0,1,1,6.344,2.593,4.810
least-connections-cache-off-warm500,70,1,3.4429,2.607,11.837,14.445,the,the-kama-sutra-of-vatsyayana,1,,server-1,1,0,1,6.344,3.901,2.563
least-connections-cache-off-warm500,70,1,3.4571,1.299,24.622,25.921,you,madame-bovary,1,,server-2,1,1,1,3.957,3.901,2.563
least-connections-cache-off-warm500,70,1,3.4714,2.171,15.880,18.051,heart,frankenstein-or-the-modern-prometheus,1,,server-3,0,1,1,3.957,2.058,5.965
least-connections-cache-off-warm500,70,1,3.4857,1.176,25.844,27.019,death,life-on-the-mississippi,1,,server-1,1,0,1,3.957,5.213,3.170
least-connections-cache-off-warm500,70,1,3.5000,1.996,16.210,18.206,letter,the-memoirs-of-sherlock-holmes,1,,server-2,1,1,0,2.099,5.213,4.504
least-connections-cache-off-warm500,70,1,3.5143,1.437,30.967,32.404,king,oliver-twist,1,,server-3,0,1,1,5.434,2.777,4.504
least-connections-cache-off-warm500,70,1,3.5286,2.438,13.865,16.304,letter,dubliners,1,,server-1,1,0,1,5.434,4.324,2.386
least-connections-cache-off-warm500,70,1,3.5429,1.567,13.139,14.706,the,treasure-island,1,,server-2,1,1,1,2.928,4.324,2.386
least-connections-cache-off-warm500,70,1,3.5571,1.520,31.855,33.375,castle,the-adventures-of-sherlock-holmes,1,,server-3,0,1,1,4.028,4.387,6.439
least-connections-cache-off-warm500,70,1,3.5714,2.935,18.488,21.424,she,persuasion,1,,server-1,1,0,1,4.028,3.538,3.377
least-connections-cache-off-warm500,70,1,3.5857,1.323,25.200,26.523,letter,the-adventures-of-sherlock-holmes,1,,server-2,1,1,1,2.248,3.538,3.377
least-connections-cache-off-warm500,70,1,3.6000,1.692,17.225,18.917,night,hard-times,1,,server-3,0,1,1,4.318,1.892,7.175
least-connections-cache-off-warm500,70,1,3.6143,1.073,27.208,28.281,horse,the-last-of-the-mohicans-a-narrative-of-1757-27681,1,,server-1,1,0,1,4.318,5.204,3.771
least-connections-cache-off-warm500,70,1,3.6286,2.260,37.668,39.928,king,the-odyssey,1,,server-2,1,1,0,2.263,5.204,5.143
least-connections-cache-off-warm500,70,1,3.6429,1.480,20.576,22.056,money,silas-marner,1,,server-3,0,1,1,5.765,2.808,5.143
least-connections-cache-off-warm500,70,1,3.6571,2.338,26.978,29.316,was,dracula,1,,server-1,1,1,1,5.765,2.808,2.712
least-connections-cache-off-warm500,70,1,3.6714,1.351,18.449,19.800,heart,the-memoirs-of-sherlock-holmes,1,,server-2,1,1,0,3.073,7.755,4.990
least-connections-cache-off-warm500,70,1,3.6857,1.829,8.985,10.814,whale,the-kama-sutra-of-vatsyayana,1,,server-3,1,1,1,3.073,4.039,4.990
least-connections-cache-off-warm500,70,1,3.7000,1.625,34.638,36.263,he,the-jungle,1,,server-1,1,0,0,6.197,5.475,3.070
least-connections-cache-off-warm500,70,1,3.7143,3.363,19.488,22.851,and,the-works-of-edgar-allan-poe-volume-2,1,,server-2,1,1,0,3.273,5.475,3.070
least-connections-cache-off-warm500,70,1,3.7286,1.465,9.105,10.570,sea,the-great-gatsby,1,,server-3,1,1,1,3.273,2.995,3.070
least-connections-cache-off-warm500,70,1,3.7429,1.126,19.387,20.514,money,around-the-world-in-eighty-days,1,,server-1,1,0,0,7.564,4.925,2.449
least-connections-cache-off-warm500,70,1,3.7571,2.570,22.665,25.235,you,the-adventures-of-sherlock-holmes,1,,server-2,1,1,0,3.934,4.925,2.449
least-connections-cache-off-warm500,70,1,3.7714,2.141,28.312,30.453,horse,far-from-the-madding-crowd,1,,server-3,0,1,1,5.598,2.676,2.449
least-connections-cache-off-warm500,70,1,3.7857,1.118,17.991,19.109,of,autobiography-of-benjamin-franklin,1,,server-1,1,0,1,5.598,5.257,1.399
least-connections-cache-off-warm500,70,1,3.8000,1.383,22.345,23.728,the,the-age-of-innocence,1,,server-2,1,1,1,2.923,5.257,1.399
least-connections-cache-off-warm500,70,1,3.8143,2.143,21.896,24.039,heart,far-from-the-madding-crowd,1,,server-3,0,1,1,4.702,2.782,5.357
least-connections-cache-off-warm500,70,1,3.8286,1.305,22.692,23.997,london,dracula,1,,server-1,1,0,1,4.702,5.316,2.877
least-connections-cache-off-warm500,70,1,3.8429,1.754,19.091,20.845,horse,the-works-of-edgar-allan-poe-volume-2,1,,server-2,1,1,0,2.514,5.316,5.299
least-connections-cache-off-warm500,70,1,3.8571,1.214,10.815,12.029,whale,poirot-investigates,1,,server-3,0,1,1,5.172,2.854,5.299
least-connections-cache-off-warm500,70,1,3.8714,1.089,34.901,35.990,of,the-jungle,1,,server-1,1,0,0,5.172,4.781,3.492
least-connections-cache-off-warm500,70,1,3.8857,2.980,26.748,29.728,love,the-jungle,1,,server-2,1,1,0,2.719,4.781,3.492
least-connections-cache-off-warm500,70,1,3.9000,1.796,14.238,16.034,death,washington-square,1,,server-3,1,1,1,2.719,2.600,3.492
least-connections-cache-off-warm500,70,1,3.9143,1.962,21.424,23.386,letter,wuthering-heights,1,,server-1,1,1,1,7.271,2.600,1.888
least-connections-cache-off-warm500,70,1,3.9286,1.742,23.515,25.257,night,adventures-of-huckleberry-finn,1,,server-2,1,1,0,3.854,5.804,3.462
least-connections-cache-off-warm500,70,1,3.9429,2.462,11.576,14.038,heart,washington-square,1,,server-3,0,1,1,5.826,3.086,3.462
least-connections-cache-off-warm500,70,1,3.9571,1.648,18.235,19.883,love,the-hound-of-the-baskervilles,1,,server-1,1,0,0,5.826,5.697,3.008
least-connections-cache-off-warm500,70,1,3.9714,2.286,34.175,36.462,you,the-mysterious-island,1,,server-2,1,1,0,3.045,5.697,3.008
least-connections-cache-off-warm500,70,1,3.9857,2.715,17.554,20.268,of,twenty-thousand-leagues-under-the-sea,1,,server-3,0,1,1,4.782,3.030,3.008
least-connections-cache-off-warm500,70,1,4.0000,1.431,12.696,14.127,horse,the-wind-in-the-willows,1,,server-1,1,1,1,4.782,3.030,1.721
least-connections-cache-off-warm500,70,1,4.0143,1.500,22.974,24.474,whale,the-last-of-the-mohicans-a-narrative-of-1757,1,,server-2,1,1,0,3.562,7.349,3.802
least-connections-cache-off-warm500,70,1,4.0286,1.932,15.615,17.547,you,white-fang,1,,server-3,0,1,1,3.562,3.831,3.802
least-connections-cache-off-warm500,70,1,4.0429,1.555,30.773,32.328,she,little-women,1,,server-1,1,0,1,3.562,6.073,2.053
least-connections-cache-off-warm500,70,1,4.0571,1.439,15.669,17.108,she,myths-and-legends-of-ancient-greece-and-rome,1,,server-2,1,1,0,1.885,6.073,3.703
least-connections-cache-off-warm500,70,1,4.0714,1.643,10.458,12.101,king,poirot-investigates,1,,server-3,1,1,1,1.885,3.184,3.703
least-connections-cache-off-warm500,70,1,4.0857,1.382,28.619,30.001,whale,the-vicomte-de-bragelonne,1,,server-1,1,0,0,6.086,4.510,2.894
least-connections-cache-off-warm500,70,1,4.1000,2.261,25.083,27.344,night,the-iliad-2199,1,,server-2,1,1,0,3.177,4.510,2.894
least-connections-cache-off-warm500,70,1,4.1143,2.062,27.212,29.274,sea,north-and-south,1,,server-3,1,1,1,3.177,2.390,2.894
least-connections-cache-off-warm500,70,1,4.1286,1.928,14.852,16.780,the,myths-and-legends-of-ancient-greece-and-rome,1,,server-1,1,0,1,6.547,5.488,1.575
least-connections-cache-off-warm500,70,1,4.1429,1.750,25.603,27.352,money,mansfield-park,1,,server-2,1,1,1,3.417,5.488,6.556
least-connections-cache-off-warm500,70,1,4.1571,1.748,20.186,21.934,death,pride-and-prejudice,1,,server-3,0,1,1,4.530,2.882,5.277
least-connections-cache-off-warm500,70,1,4.1714,1.642,13.623,15.265,whale,the-king-in-yellow,1,,server-1,1,0,1,4.530,5.892,2.789
least-connections-cache-off-warm500,70,1,4.1857,1.521,31.239,32.760,of,the-vicomte-de-bragelonne,1,,server-2,1,1,0,2.429,5.892,4.964
least-connections-cache-off-warm500,70,1,4.2000,1.564,22.466,24.030,sea,the-odyssey,1,,server-3,0,1,1,3.698,3.100,4.964
least-connections-cache-off-warm500,70,1,4.2143,1.921,23.577,25.498,and,emma,1,,server-1,1,1,1,3.698,3.100,2.616
least-connections-cache-off-warm500,70,1,4.2286,1.495,14.638,16.132,she,frankenstein-or-the-modern-prometheus,1,,server-2,1,1,0,1.946,6.927,5.194
least-connections-cache-off-warm500,70,1,4.2429,1.799,16.020,17.819,the,the-memoirs-of-sherlock-holmes,1,,server-3,0,1,1,4.910,3.639,5.194
least-connections-cache-off-warm500,70,1,4.2571,1.361,41.346,42.707,of,the-moonstone,1,,server-1,1,0,1,4.910,4.621,2.754
least-connections-cache-off-warm500,70,1,4.2714,2.330,32.533,34.862,was,little-women,1,,server-2,1,1,0,2.607,4.621,4.271
least-connections-cache-off-warm500,70,1,4.2857,1.594,16.508,18.102,was,the-age-of-innocence,1,,server-3,1,1,1,2.607,2.501,4.271
least-connections-cache-off-warm500,70,1,4.3000,1.573,17.512,19.085,and,walden-and-on-the-duty-of-civil-disobedience,1,,server-1,1,1,1,8.249,2.501,2.281
least-connections-cache-off-warm500,70,1,4.3143,2.040,25.252,27.292,heart,leaves-of-grass,1,,server-2,1,1,0,4.293,6.746,4.048
least-connections-cache-off-warm500,70,1,4.3286,3.043,20.501,23.544,sea,a-connecticut-yankee-in-king-arthur-s-court,1,,server-3,0,1,1,5.510,3.550,4.048
least-connections-cache-off-warm500,70,1,4.3429,1.412,15.630,17.042,he,the-picture-of-dorian-gray,1,,server-1,1,0,1,5.510,6.233,2.222
least-connections-cache-off-warm500,70,1,4.3571,1.748,32.266,34.014,love,persuasion,1,,server-2,1,1,0,2.884,6.233,4.650
least-connections-cache-off-warm500,70,1,4.3714,4.805,15.154,19.960,castle,the-prince,1,,server-3,0,1,1,4.280,3.286,4.650
least-connections-cache-off-warm500,70,1,4.3857,1.214,42.370,43.583,money,the-american,1,,server-1,1,1,1,4.280,3.286,2.619
least-connections-cache-off-warm500,70,1,4.4000,4.403,33.004,37.406,whale,desperate-remedies,1,,server-2,1,1,0,2.241,7.202,3.944
least-connections-cache-off-warm500,70,1,4.4143,3.333,13.476,16.809,the,the-king-in-yellow,1,,server-3,1,1,1,2.241,3.804,3.944
least-connections-cache-off-warm500,70,1,4.4286,1.420,12.867,14.288,she,agnes-grey,1,,server-1,2,1,1,2.241,3.804,2.190
least-connections-cache-off-warm500,70,1,4.4429,1.332,9.246,10.578,he,the-prince,1,,server-2,1,1,0,4.709,7.652,3.447
least-connections-cache-off-warm500,70,1,4.4571,2.228,26.717,28.945,money,the-jungle-book,1,,server-3,0,0,1,4.709,3.992,3.447
least-connections-cache-off-warm500,70,1,4.4714,5.293,23.667,28.959,heart,black-beauty,1,,server-1,1,0,1,4.709,3.992,1.911
least-connections-cache-off-warm500,70,1,4.4857,2.702,27.437,30.140,and,the-american,1,,server-2,1,1,1,2.685,3.992,5.408
least-connections-cache-off-warm500,70,1,4.5000,1.847,23.458,25.305,she,desperate-remedies,1,,server-3,1,1,1,6.659,2.210,5.408
least-connections-cache-off-warm500,70,1,4.5143,1.498,12.934,14.432,and,the-king-in-yellow,1,,server-1,1,1,1,5.353,2.210,2.846
least-connections-cache-off-warm500,70,1,4.5286,2.039,11.981,14.020,king,black-beauty,1,,server-2,1,1,0,3.805,5.746,5.474
least-connections-cache-off-warm500,70,1,4.5429,2.666,15.419,18.085,he,the-lost-world,1,,server-3,0,0,1,3.805,3.746,5.474
least-connections-cache-off-warm500,70,1,4.5571,2.440,19.707,22.147,king,the-return-of-sherlock-holmes-108,1,,server-1,1,0,1,3.805,3.746,2.928
least-connections-cache-off-warm500,70,1,4.5714,2.090,17.370,19.460,london,grimms-fairy-tales,1,,server-2,1,1,0,2.031,3.746,4.283
least-connections-cache-off-warm500,70,1,4.5857,2.378,14.041,16.420,london,northanger-abbey,1,,server-3,0,1,1,4.412,2.016,4.283
least-connections-cache-off-warm500,70,1,4.6000,1.606,18.252,19.858,king,the-return-of-sherlock-holmes,1,,server-1,1,0,1,4.412,4.015,2.340
least-connections-cache-off-warm500,70,1,4.6143,1.781,9.751,11.532,money,the-great-gatsby,1,,server-2,1,1,0,2.338,4.015,3.629
least-connections-cache-off-warm500,70,1,4.6286,1.535,27.059,28.594,house,myths-and-legends-of-ancient-greece-and-rome,1,,server-3,0,0,1,4.363,2.881,3.629
least-connections-cache-off-warm500,70,1,4.6429,3.398,37.219,40.618,she,jane-eyre-an-autobiography,1,,server-1,1,0,1,4.363,2.881,1.938
least-connections-cache-off-warm500,70,1,4.6571,1.347,16.438,17.785,money,a-journey-to-the-centre-of-the-earth,1,,server-2,1,1,1,2.407,2.881,5.507
least-connections-cache-off-warm500,70,1,4.6714,1.624,19.070,20.694,night,the-last-of-the-mohicans-a-narrative-of-1757-27681,1,,server-3,1,1,1,2.407,1.540,5.507
least-connections-cache-off-warm500,70,1,4.6857,1.358,14.140,15.497,she,the-mysterious-affair-at-styles,1,,server-1,1,0,1,7.342,3.566,2.922
least-connections-cache-off-warm500,70,1,4.7000,1.269,21.545,22.814,love,the-return-of-sherlock-holmes,1,,server-2,1,1,0,3.825,3.566,4.866
least-connections-cache-off-warm500,70,1,4.7143,2.601,26.599,29.200,letter,north-and-south,1,,server-3,0,1,1,4.681,1.905,4.866
least-connections-cache-off-warm500,70,1,4.7286,1.651,10.789,12.440,the,beyond-good-and-evil,1,,server-1,1,0,1,4.681,4.633,2.604
least-connections-cache-off-warm500,70,1,4.7429,1.516,10.863,12.379,was,beyond-good-and-evil,1,,server-2,0,1,1,3.282,4.633,7.273
least-connections-cache-off-warm500,70,1,4.7571,1.478,29.955,31.433,the,the-mystery-of-edwin-drood,1,,server-3,0,0,1,3.282,3.264,5.834
least-connections-cache-off-warm500,70,1,4.7714,4.104,34.589,38.693,house,the-vicomte-de-bragelonne,1,,server-1,1,0,1,3.282,3.264,3.067
least-connections-cache-off-warm500,70,1,4.7857,1.576,30.984,32.560,night,north-and-south,1,,server-2,1,1,1,1.893,3.264,3.067
least-connections-cache-off-warm500,70,1,4.8000,1.586,21.530,23.116,was,leaves-of-grass,1,,server-3,1,1,1,1.893,1.769,6.712
least-connections-cache-off-warm500,70,1,4.8143,1.898,17.962,19.859,of,kidnapped,1,,server-1,1,1,1,6.607,1.769,3.524
least-connections-cache-off-warm500,70,1,4.8286,1.541,15.452,16.993,love,the-adventures-of-tom-sawyer-complete,1,,server-2,1,1,0,3.473,6.076,5.645
least-connections-cache-off-warm500,70,1,4.8429,2.120,17.169,19.288,money,the-secret-adversary,1,,server-3,0,1,1,5.092,3.188,5.645
least-connections-cache-off-warm500,70,1,4.8571,1.636,30.108,31.744,and,the-romance-of-lust-a-classic-victorian-erotic-novel,1,,server-1,1,0,1,5.092,4.488,2.996
least-connections-cache-off-warm500,70,1,4.8714,1.578,13.917,15.495,he,treasure-island,1,,server-2,1,1,0,2.683,4.488,4.589
least-connections-cache-off-warm500,70,1,4.8857,1.713,13.891,15.604,of,autobiography-of-benjamin-franklin,1,,server-3,1,1,1,2.683,2.398,4.589
least-connections-cache-off-warm500,70,1,4.9000,2.068,25.409,27.478,of,adventures-of-huckleberry-finn,1,,server-1,1,0,1,6.498,3.685,2.479
least-connections-cache-off-warm500,70,1,4.9143,2.027,17.959,19.987,the,persuasion,1,,server-2,1,1,0,3.412,3.685,3.723
least-connections-cache-off-warm500,70,1,4.9286,1.417,20.784,22.200,was,the-mystery-of-edwin-drood,1,,server-3,0,1,1,6.206,1.984,3.723
least-connections-cache-off-warm500,70,1,4.9429,2.503,35.542,38.045,letter,north-and-south,1,,server-1,1,0,1,6.206,4.072,2.015
least-connections-cache-off-warm500,70,1,4.9571,1.836,16.858,18.694,he,the-picture-of-dorian-gray,1,,server-2,1,1,0,3.293,4.072,4.570
least-connections-cache-off-warm500,70,1,4.9714,1.652,11.230,12.882,of,dubliners,1,,server-3,1,1,1,3.293,2.185,4.570
least-connections-cache-off-warm500,70,1,4.9857,1.261,22.810,24.072,he,tess-of-the-d-urbervilles-a-pure-woman,1,,server-1,1,0,0,7.725,4.000,3.303
least-connections-cache-off-warm500,70,1,5.0000,1.296,19.960,21.256,the,the-american,1,,server-2,1,1,0,4.052,4.000,3.303
least-connections-cache-off-warm500,70,1,5.0143,2.482,19.597,22.078,love,the-last-of-the-mohicans-a-narrative-of-1757-27681,1,,server-3,0,1,1,6.203,2.104,3.303
least-connections-cache-off-warm500,70,1,5.0286,1.463,34.743,36.207,sea,the-mysterious-island,1,,server-1,1,0,1,6.203,4.496,1.797
least-connections-cache-off-warm500,70,1,5.0429,1.413,19.562,20.976,heart,the-divine-comedy,1,,server-2,1,1,0,3.245,4.496,4.171
least-connections-cache-off-warm500,70,1,5.0571,1.808,20.599,22.408,heart,life-on-the-mississippi,1,,server-3,1,1,1,3.245,2.370,4.171
least-connections-cache-off-warm500,70,1,5.0714,1.441,16.896,18.337,you,meditations,1,,server-1,1,0,1,7.557,4.544,2.230
least-connections-cache-off-warm500,70,1,5.0857,1.457,19.291,20.748,love,walden-and-on-the-duty-of-civil-disobedience,1,,server-2,1,1,0,3.946,4.544,4.687
least-connections-cache-off-warm500,70,1,5.1000,1.900,24.529,26.428,sea,dracula,1,,server-3,0,1,1,5.185,2.393,4.687
least-connections-cache-off-warm500,70,1,5.1143,1.800,25.479,27.279,house,the-return-of-sherlock-holmes-108,1,,server-1,1,0,1,5.185,4.565,2.496
least-connections-cache-off-warm500,70,1,5.1286,1.104,19.500,20.604,he,memoirs-of-fanny-hill,1,,server-2,1,1,0,2.733,4.565,5.442
least-connections-cache-off-warm500,70,1,5.1429,1.353,11.834,13.186,money,a-princess-of-mars,1,,server-3,0,1,1,5.754,2.400,5.442
least-connections-cache-off-warm500,70,1,5.1571,1.111,22.530,23.641,castle,the-house-of-mirth,1,,server-1,1,0,0,5.754,4.633,3.659
least-connections-cache-off-warm500,70,1,5.1714,1.218,16.941,18.159,letter,the-house-of-the-seven-gables,1,,server-2,1,1,0,3.016,4.633,3.659
least-connections-cache-off-warm500,70,1,5.1857,1.412,15.168,16.580,whale,the-mystery-of-edwin-drood,1,,server-3,0,1,1,5.496,2.438,3.659
least-connections-cache-off-warm500,70,1,5.2000,1.177,30.825,32.002,he,little-women,1,,server-1,1,0,1,5.496,4.227,1.945
least-connections-cache-off-warm500,70,1,5.2143,1.923,19.156,21.079,money,thus-spake-zarathustra-a-book-for-all-and-none,1,,server-2,1,1,0,2.882,4.227,3.611
least-connections-cache-off-warm500,70,1,5.2286,1.447,21.077,22.525,london,the-american,1,,server-3,1,1,1,2.882,2.256,3.611
least-connections-cache-off-warm500,70,1,5.2429,1.506,11.390,12.896,night,the-war-of-the-worlds,1,,server-1,1,0,1,6.739,4.438,1.922
least-connections-cache-off-warm500,70,1,5.2571,1.617,40.571,42.189,night,the-mysterious-island,1,,server-2,0,1,0,4.033,4.438,4.528
least-connections-cache-off-warm500,70,1,5.2714,1.836,21.104,22.940,love,the-adventures-of-sherlock-holmes,1,,server-3,0,1,1,4.033,2.359,4.528
least-connections-cache-off-warm500,70,1,5.2857,1.618,22.062,23.680,the,sense-and-sensibility,1,,server-1,1,1,1,4.033,2.359,2.425
least-connections-cache-off-warm500,70,1,5.3000,1.268,10.372,11.640,death,the-wind-in-the-willows,1,,server-2,1,1,0,2.145,7.934,4.871
least-connections-cache-off-warm500,70,1,5.3143,1.778,17.141,18.919,king,cranford,1,,server-3,0,0,1,4.859,4.272,4.871
least-connections-cache-off-warm500,70,1,5.3286,1.874,18.129,20.003,and,adventures-of-huckleberry-finn,1,,server-1,1,0,1,4.859,4.272,2.594
least-connections-cache-off-warm500,70,1,5.3429,1.607,16.591,18.198,castle,agnes-grey,1,,server-2,1,1,0,2.563,4.272,4.327
least-connections-cache-off-warm500,70,1,5.3571,1.572,25.091,26.663,night,the-house-of-mirth,1,,server-3,0,1,1,4.482,2.267,4.327
least-connections-cache-off-warm500,70,1,5.3714,2.264,13.974,16.238,whale,a-princess-of-mars,1,,server-1,1,0,1,4.482,4.057,2.290
least-connections-cache-off-warm500,70,1,5.3857,1.396,36.171,37.566,love,the-portrait-of-a-lady-volume-1,1,,server-2,1,1,0,2.407,4.057,5.434
least-connections-cache-off-warm500,70,1,5.4000,4.251,17.727,21.977,death,the-wind-in-the-willows,1,,server-3,0,1,1,3.701,2.153,5.434
least-connections-cache-off-warm500,70,1,5.4143,2.116,28.611,30.727,was,the-mysterious-island,1,,server-1,1,1,1,3.701,2.153,2.992
least-connections-cache-off-warm500,70,1,5.4286,1.461,25.960,27.421,castle,the-song-of-the-lark,1,,server-2,1,1,0,1.990,7.113,4.584
least-connections-cache-off-warm500,70,1,5.4429,2.003,17.507,19.510,and,thus-spake-zarathustra-a-book-for-all-and-none,1,,server-3,1,1,1,1.990,3.727,4.584
least-connections-cache-off-warm500,70,1,5.4571,1.486,28.106,29.592,sea,the-iliad,1,,server-1,1,0,1,5.764,6.492,2.445
least-connections-cache-off-warm500,70,1,5.4714,1.484,18.988,20.472,london,sense-and-sensibility,1,,server-2,1,1,0,3.015,6.492,4.318
least-connections-cache-off-warm500,70,1,5.4857,1.672,12.357,14.029,heart,the-secret-adversary,1,,server-3,1,1,1,3.015,3.386,4.318
least-connections-cache-off-warm500,70,1,5.5000,1.508,22.349,23.857,house,the-age-of-innocence,1,,server-1,1,0,0,6.370,5.160,3.393
least-connections-cache-off-warm500,70,1,5.5143,1.991,29.518,31.509,the,oliver-twist,1,,server-2,1,1,0,3.329,5.160,3.393
least-connections-cache-off-warm500,70,1,5.5286,1.672,9.319,10.991,love,the-kama-sutra-of-vatsyayana,1,,server-3,0,1,1,5.615,2.747,3.393
least-connections-cache-off-warm500,70,1,5.5429,1.560,13.095,14.655,whale,the-lost-world,1,,server-1,1,1,0,5.615,2.747,2.576
least-connections-cache-off-warm500,70,1,5.5571,1.217,33.479,34.696,castle,the-vicomte-de-bragelonne,1,,server-2,1,1,0,4.877,6.405,2.576
least-connections-cache-off-warm500,70,1,5.5714,1.548,24.210,25.758,of,pride-and-prejudice,1,,server-3,0,1,1,3.916,3.351,2.576
least-connections-cache-off-warm500,70,1,5.5857,1.725,22.145,23.869,king,the-american,1,,server-1,1,1,1,3.916,3.351,1.390
least-connections-cache-off-warm500,70,1,5.6000,1.302,20.873,22.175,house,the-american,1,,server-2,1,1,0,2.104,7.459,4.727
least-connections-cache-off-warm500,70,1,5.6143,1.169,11.256,12.425,she,treasure-island,1,,server-3,0,1,1,4.859,3.887,4.727
least-connections-cache-off-warm500,70,1,5.6286,1.792,28.196,29.988,money,desperate-remedies,1,,server-1,1,0,0,4.859,5.799,3.370
least-connections-cache-off-warm500,70,1,5.6429,1.834,10.560,12.394,whale,beyond-good-and-evil,1,,server-2,1,1,0,2.611,5.799,3.370
least-connections-cache-off-warm500,70,1,5.6571,1.620,11.148,12.768,house,the-jungle-book,1,,server-3,1,0,1,2.611,3.599,3.370
least-connections-cache-off-warm500,70,1,5.6714,2.757,28.809,31.565,you,madame-bovary,1,,server-1,1,0,0,6.139,3.599,2.885
least-connections-cache-off-warm500,70,1,5.6857,2.098,25.685,27.783,the,oliver-twist,1,,server-2,1,1,0,3.284,3.599,2.885
least-connections-cache-off-warm500,70,1,5.7000,1.548,14.145,15.693,horse,the-wind-in-the-willows,1,,server-3,1,1,1,3.284,1.943,2.885
least-connections-cache-off-warm500,70,1,5.7143,1.282,27.533,28.815,money,a-tale-of-two-cities,1,,server-1,1,0,1,6.599,5.289,1.556
least-connections-cache-off-warm500,70,1,5.7286,1.456,12.019,13.475,night,silas-marner,1,,server-2,1,1,0,3.451,5.289,3.226
least-connections-cache-off-warm500,70,1,5.7429,1.632,13.536,15.167,of,around-the-world-in-eighty-days,1,,server-3,1,0,1,8.197,3.668,3.226
least-connections-cache-off-warm500,70,1,5.7571,1.271,18.708,19.979,of,dubliners,1,,server-1,1,0,1,6.598,3.668,1.726
least-connections-cache-off-warm500,70,1,5.7714,2.622,35.028,37.651,you,jude-the-obscure,1,,server-2,1,1,0,3.454,3.668,3.227
least-connections-cache-off-warm500,70,1,5.7857,3.151,22.202,25.353,he,anne-of-green-gables,1,,server-3,0,1,1,5.162,2.029,3.227
least-connections-cache-off-warm500,70,1,5.8000,1.399,17.621,19.020,horse,grimms-fairy-tales,1,,server-1,1,1,1,5.162,2.029,1.833
least-connections-cache-off-warm500,70,1,5.8143,1.391,38.988,40.380,letter,the-vicomte-de-bragelonne,1,,server-2,1,1,0,2.713,6.823,4.613
least-connections-cache-off-warm500,70,1,5.8286,2.063,21.380,23.443,sea,the-return-of-sherlock-holmes,1,,server-3,0,1,1,4.498,3.579,4.613
least-connections-cache-off-warm500,70,1,5.8429,1.369,10.466,11.835,london,the-wind-in-the-willows,1,,server-1,1,1,1,4.498,3.579,2.469
least-connections-cache-off-warm500,70,1,5.8571,1.487,27.890,29.377,the,mansfield-park,1,,server-2,0,1,0,3.142,8.505,4.946
least-connections-cache-off-warm500,70,1,5.8714,1.480,9.952,11.431,london,the-kama-sutra-of-vatsyayana,1,,server-3,0,1,1,3.142,4.440,4.946
least-connections-cache-off-warm500,70,1,5.8857,1.340,12.186,13.526,heart,his-last-bow,1,,server-1,1,1,0,3.142,4.440,3.180
least-connections-cache-off-warm500,70,1,5.9000,1.139,31.598,32.737,and,hard-times,1,,server-2,0,1,0,2.987,7.267,3.180
least-connections-cache-off-warm500,70,1,5.9143,3.078,17.227,20.305,night,poirot-investigates,1,,server-3,0,1,1,2.987,3.790,3.180
least-connections-cache-off-warm500,70,1,5.9286,2.452,21.724,24.176,sea,agnes-grey,1,,server-1,1,1,1,2.987,3.790,1.781
least-connections-cache-off-warm500,70,1,5.9429,3.046,43.753,46.799,heart,villette,1,,server-2,1,1,0,1.633,7.461,3.785
least-connections-cache-off-warm500,70,1,5.9571,2.341,19.527,21.867,heart,the-adventures-of-tom-sawyer-complete,1,,server-3,0,1,1,4.452,3.980,3.785
least-connections-cache-off-warm500,70,1,5.9714,1.738,23.583,25.322,he,jude-the-obscure,1,,server-1,1,1,1,4.452,3.980,2.059
least-connections-cache-off-warm500,70,1,5.9857,1.754,16.384,18.138,castle,grimms-fairy-tales,1,,server-3,1,1,1,2.385,3.980,4.343
least-connections-cache-off-warm500,70,1,6.0000,1.395,19.337,20.731,king,agnes-grey,1,,server-1,1,0,1,5.250,9.451,2.300
least-connections-cache-off-warm500,70,1,6.0143,2.784,30.761,33.546,king,the-house-of-mirth,1,,server-2,1,1,0,2.746,9.451,4.038
least-connections-cache-off-warm500,70,1,6.0286,1.484,23.506,24.990,and,the-divine-comedy,1,,server-3,0,1,1,4.802,4.991,4.038
least-connections-cache-off-warm500,70,1,6.0429,2.284,14.990,17.275,the,black-beauty,1,,server-1,1,1,1,4.802,4.991,2.149
least-connections-cache-off-warm500,70,1,6.0571,1.724,19.940,21.664,she,the-secret-adversary,1,,server-2,1,1,0,2.546,8.005,5.073
least-connections-cache-off-warm500,70,1,6.0714,2.437,21.807,24.244,the,the-age-of-innocence,1,,server-3,0,1,1,3.976,4.177,5.073
least-connections-cache-off-warm500,70,1,6.0857,1.654,11.685,13.339,house,the-kama-sutra-of-vatsyayana,1,,server-1,1,0,1,3.976,5.822,2.716
least-connections-cache-off-warm500,70,1,6.1000,1.296,27.592,28.888,you,jude-the-obscure,1,,server-2,0,1,0,3.212,5.822,5.157
least-connections-cache-off-warm500,70,1,6.1143,2.294,11.634,13.928,whale,dubliners,1,,server-3,0,1,1,3.212,3.055,5.157
least-connections-cache-off-warm500,70,1,6.1286,1.912,14.299,16.211,money,the-scarlet-letter-33,1,,server-1,1,1,1,3.212,7.877,3.589
least-connections-cache-off-warm500,70,1,6.1429,1.672,31.861,33.533,and,the-house-of-mirth,1,,server-2,1,1,0,1.746,6.337,3.589
least-connections-cache-off-warm500,70,1,6.1571,2.453,21.529,23.981,he,the-adventures-of-tom-sawyer-complete,1,,server-3,0,1,1,3.344,3.336,3.589
least-connections-cache-off-warm500,70,1,6.1714,1.513,25.846,27.358,letter,the-adventures-of-ferdinand-count-fathom-complete,1,,server-1,1,1,1,3.344,3.336,1.982
least-connections-cache-off-warm500,70,1,6.1857,1.686,19.596,21.282,love,adventures-of-huckleberry-finn,1,,server-2,1,1,0,1.789,7.210,4.642
least-connections-cache-off-warm500,70,1,6.2000,1.231,12.445,13.676,was,treasure-island,1,,server-3,0,1,1,5.220,3.765,4.642
least-connections-cache-off-warm500,70,1,6.2143,1.319,31.253,32.572,of,north-and-south,1,,server-1,1,0,0,5.220,5.503,3.534
least-connections-cache-off-warm500,70,1,6.2286,1.777,11.960,13.738,death,the-mysterious-affair-at-styles,1,,server-2,1,1,0,2.752,5.503,3.534
least-connections-cache-off-warm500,70,1,6.2429,1.431,11.461,12.892,house,the-king-in-yellow,1,,server-3,1,0,1,2.752,3.728,3.534
least-connections-cache-off-warm500,70,1,6.2571,1.236,14.450,15.685,night,a-princess-of-mars,1,,server-1,1,0,0,6.716,3.728,2.978
least-connections-cache-off-warm500,70,1,6.2714,1.696,25.596,27.291,money,the-last-of-the-mohicans-a-narrative-of-1757-27681,1,,server-2,1,1,0,3.507,3.728,2.978
least-connections-cache-off-warm500,70,1,6.2857,1.610,15.511,17.121,heart,the-adventures-of-tom-sawyer-complete,1,,server-3,0,1,1,4.496,2.004,2.978
least-connections-cache-off-warm500,70,1,6.3000,1.269,29.283,30.552,of,the-tenant-of-wildfell-hall,1,,server-1,1,0,1,4.496,5.333,1.624
least-connections-cache-off-warm500,70,1,6.3143,1.572,19.290,20.862,letter,sense-and-sensibility,1,,server-2,1,1,0,2.382,5.333,3.473
least-connections-cache-off-warm500,70,1,6.3286,1.531,16.288,17.818,house,anne-of-green-gables,1,,server-3,1,1,1,2.382,2.829,3.473
least-connections-cache-off-warm500,70,1,6.3429,1.440,10.350,11.790,night,beyond-good-and-evil,1,,server-1,1,0,1,6.185,4.827,1.855
least-connections-cache-off-warm500,70,1,6.3571,2.305,40.628,42.933,castle,far-from-the-madding-crowd,1,,server-2,0,1,0,3.706,4.827,3.760
least-connections-cache-off-warm500,70,1,6.3714,6.534,19.327,25.862,of,the-age-of-innocence,1,,server-3,0,1,1,3.706,2.612,3.760
least-connections-cache-off-warm500,70,1,6.3857,1.296,36.095,37.390,she,great-expectations,1,,server-1,1,1,1,3.706,2.612,2.205
least-connections-cache-off-warm500,70,1,6.4000,1.581,20.081,21.662,of,the-age-of-innocence,1,,server-3,1,1,1,1.962,8.040,4.256
least-connections-cache-off-warm500,70,1,6.4143,2.252,30.866,33.118,of,the-divine-comedy,1,,server-2,1,1,1,1.962,8.040,2.265
least-connections-cache-off-warm500,70,1,6.4286,2.283,16.514,18.797,and,the-king-in-yellow,1,,server-3,0,1,1,6.980,4.244,4.612
least-connections-cache-off-warm500,70,1,6.4429,2.184,11.496,13.680,king,the-jungle-book,1,,server-1,1,1,1,6.980,4.244,2.479
least-connections-cache-off-warm500,70,1,6.4571,2.204,38.312,40.516,horse,persuasion,1,,server-2,0,1,0,4.114,7.555,4.121
least-connections-cache-off-warm500,70,1,6.4714,5.217,41.350,46.567,you,the-song-of-the-lark,1,,server-3,0,1,1,4.114,3.981,4.121
least-connections-cache-off-warm500,70,1,6.4857,4.452,18.686,23.138,sea,desert-gold,1,,server-1,1,1,1,4.114,3.981,2.379
least-connections-cache-off-warm500,70,1,6.5000,1.297,20.221,21.518,night,a-connecticut-yankee-in-king-arthur-s-court,1,,server-2,1,1,1,2.343,8.573,2.379
least-connections-cache-off-warm500,70,1,6.5143,1.554,31.461,33.015,whale,the-last-of-the-mohicans-a-narrative-of-1757,1,,server-1,1,1,1,4.365,4.458,2.379
least-connections-cache-off-warm500,70,1,6.5286,2.060,16.472,18.532,he,meditations,1,,server-2,1,1,0,2.318,6.055,7.948
least-connections-cache-off-warm500,70,1,6.5429,1.522,13.942,15.464,money,frankenstein-or-the-modern-prometheus,1,,server-3,1,1,1,2.318,3.184,7.948
least-connections-cache-off-warm500,70,1,6.5571,1.619,16.506,18.125,of,dubliners,1,,server-1,1,0,1,6.484,4.625,4.172
least-connections-cache-off-warm500,70,1,6.5714,1.335,30.782,32.116,the,the-american,1,,server-2,1,1,0,3.441,4.625,4.843
least-connections-cache-off-warm500,70,1,6.5857,3.347,21.515,24.862,king,the-last-of-the-mohicans-a-narrative-of-1757-27681,1,,server-3,0,1,1,4.768,2.454,4.843
least-connections-cache-off-warm500,70,1,6.6000,1.549,16.196,17.745,sea,the-age-of-innocence,1,,server-1,1,1,1,4.768,2.454,2.674
least-connections-cache-off-warm500,70,1,6.6143,1.568,9.885,11.453,heart,the-kama-sutra-of-vatsyayana,1,,server-2,1,1,0,2.524,6.468,5.037
least-connections-cache-off-warm500,70,1,6.6286,1.834,27.629,29.463,letter,the-works-of-edgar-allan-poe-volume-2,1,,server-3,0,0,1,4.151,3.700,5.037
least-connections-cache-off-warm500,70,1,6.6429,3.697,13.215,16.912,the,the-war-of-the-worlds,1,,server-1,1,0,1,4.151,3.700,2.699
least-connections-cache-off-warm500,70,1,6.6571,1.499,16.532,18.031,money,the-scarlet-letter-33,1,,server-2,1,1,1,2.306,3.700,2.699
least-connections-cache-off-warm500,70,1,6.6714,1.706,32.121,33.827,money,tess-of-the-d-urbervilles-a-pure-woman,1,,server-3,0,1,1,3.489,1.991,6.071
least-connections-cache-off-warm500,70,1,6.6857,2.053,11.657,13.710,love,frankenstein-or-the-modern-prometheus-41445,1,,server-1,1,0,1,3.489,3.861,3.212
least-connections-cache-off-warm500,70,1,6.7000,1.175,35.834,37.009,she,villette,1,,server-2,0,1,1,3.026,3.861,3.212
least-connections-cache-off-warm500,70,1,6.7143,2.473,24.182,26.655,house,mansfield-park,1,,server-3,0,1,1,3.026,2.051,7.125
least-connections-cache-off-warm500,70,1,6.7286,1.607,21.987,23.594,whale,the-last-of-the-mohicans-a-narrative-of-1757,1,,server-1,1,1,1,3.026,2.051,3.798
least-connections-cache-off-warm500,70,1,6.7429,1.674,14.776,16.450,heart,myths-and-legends-of-ancient-greece-and-rome,1,,server-2,1,1,0,1.672,7.004,6.197
least-connections-cache-off-warm500,70,1,6.7571,1.235,13.292,14.527,of,the-warden,1,,server-3,0,1,1,4.539,3.653,6.197
least-connections-cache-off-warm500,70,1,6.7714,1.195,23.949,25.144,london,memoirs-of-fanny-hill,1,,server-1,1,0,1,4.539,4.656,5.196
least-connections-cache-off-warm500,70,1,6.7857,2.356,13.651,16.006,house,the-lost-world,1,,server-2,1,1,0,2.396,4.656,4.193
least-connections-cache-off-warm500,70,1,6.8000,1.173,31.672,32.845,she,the-american,1,,server-3,0,1,1,5.319,2.528,4.193
least-connections-cache-off-warm500,70,1,6.8143,3.131,18.352,21.483,heart,the-works-of-edgar-allan-poe-volume-2,1,,server-1,1,0,1,5.319,3.725,2.222
least-connections-cache-off-warm500,70,1,6.8286,1.347,18.968,20.315,love,the-return-of-sherlock-holmes,1,,server-2,1,1,1,2.933,3.725,2.222
least-connections-cache-off-warm500,70,1,6.8429,1.714,19.804,21.518,horse,the-odyssey,1,,server-3,0,1,1,4.688,1.959,6.442
least-connections-cache-off-warm500,70,1,6.8571,1.328,23.143,24.470,heart,the-return-of-sherlock-holmes-108,1,,server-1,1,0,1,4.688,4.247,3.389
least-connections-cache-off-warm500,70,1,6.8714,1.597,22.852,24.449,money,the-odyssey,1,,server-2,1,1,0,2.474,4.247,5.271
least-connections-cache-off-warm500,70,1,6.8857,1.808,10.292,12.100,whale,the-hound-of-the-baskervilles-3070,1,,server-3,0,1,1,5.246,2.276,5.271
least-connections-cache-off-warm500,70,1,6.9000,1.900,27.457,29.357,money,the-wind-in-the-willows,1,,server-1,1,0,0,5.246,5.057,3.398
least-connections-cache-off-warm500,70,1,6.9143,3.893,37.049,40.943,london,the-adventures-of-sherlock-holmes,1,,server-2,1,1,0,2.797,5.057,3.398
least-connections-cache-off-warm500,70,1,6.9286,1.951,42.460,44.412,night,the-iliad,1,,server-3,1,1,1,2.797,2.847,3.398
least-connections-cache-off-warm500,70,1,6.9429,3.499,15.953,19.452,whale,autobiography-of-benjamin-franklin,1,,server-1,1,1,1,6.086,2.847,1.854
least-connections-cache-off-warm500,70,1,6.9571,1.367,12.700,14.067,love,around-the-world-in-eighty-days,1,,server-2,1,1,1,3.277,7.546,1.854
least-connections-cache-off-warm500,70,1,6.9714,1.239,21.401,22.640,horse,desert-gold,1,,server-1,1,0,1,4.523,4.510,1.854
least-connections-cache-off-warm500,70,1,6.9857,2.516,20.961,23.477,sea,treasure-island,1,,server-2,1,1,0,2.371,4.510,7.882
least-connections-cache-off-warm500,70,1,7.0000,2.253,20.691,22.944,you,around-the-world-in-eighty-days,1,,server-3,0,1,1,4.883,2.473,7.882
least-connections-cache-off-warm500,70,1,7.0143,2.228,19.340,21.568,night,autobiography-of-benjamin-franklin,1,,server-1,1,0,1,4.883,4.845,4.169
least-connections-cache-off-warm500,70,1,7.0286,1.751,24.299,26.051,he,the-picture-of-dorian-gray,1,,server-2,1,1,0,2.634,4.845,5.903
least-connections-cache-off-warm500,70,1,7.0429,2.195,43.153,45.348,was,great-expectations,1,,server-3,0,1,1,4.686,2.589,5.903
least-connections-cache-off-warm500,70,1,7.0571,1.329,20.966,22.296,love,a-journey-to-the-centre-of-the-earth,1,,server-1,1,0,1,4.686,5.483,3.177
least-connections-cache-off-warm500,70,1,7.0714,1.455,16.112,17.566,king,grimms-fairy-tales,1,,server-2,1,1,1,2.479,5.483,3.177
least-connections-cache-off-warm500,70,1,7.0857,1.763,19.230,20.993,she,madame-bovary,1,,server-1,1,1,1,4.877,2.882,3.177
least-connections-cache-off-warm500,70,1,7.1000,1.450,10.531,11.981,death,herland,1,,server-2,1,1,0,2.580,4.382,8.861
least-connections-cache-off-warm500,70,1,7.1143,1.232,21.251,22.483,night,the-portrait-of-a-lady-volume-1,1,,server-3,0,0,1,4.700,3.117,8.861
least-connections-cache-off-warm500,70,1,7.1286,1.262,12.543,13.805,money,his-last-bow,1,,server-1,1,0,1,4.700,3.117,4.626
least-connections-cache-off-warm500,70,1,7.1429,1.133,15.199,16.332,sea,the-wind-in-the-willows,1,,server-2,0,1,0,3.543,3.117,6.318
least-connections-cache-off-warm500,70,1,7.1571,2.565,38.880,41.445,money,madame-bovary,1,,server-3,0,1,1,3.543,1.672,6.318
least-connections-cache-off-warm500,70,1,7.1714,3.679,24.841,28.520,castle,the-scarlet-letter-33,1,,server-1,1,0,1,3.543,3.454,3.382
least-connections-cache-off-warm500,70,1,7.1857,3.525,20.246,23.771,and,the-mystery-of-edwin-drood,1,,server-2,1,1,1,2.029,3.454,3.382
least-connections-cache-off-warm500,70,1,7.2000,1.355,19.187,20.542,death,wuthering-heights,1,,server-3,1,1,1,6.321,1.944,8.255
least-connections-cache-off-warm500,70,1,7.2143,1.301,10.320,11.620,money,the-wind-in-the-willows,1,,server-1,1,0,1,5.071,4.403,4.304
least-connections-cache-off-warm500,70,1,7.2286,2.037,22.865,24.903,london,the-picture-of-dorian-gray,1,,server-2,0,1,0,3.301,4.403,5.791
least-connections-cache-off-warm500,70,1,7.2429,2.817,27.762,30.579,death,the-romance-of-lust-a-classic-victorian-erotic-novel,1,,server-3,0,1,1,3.301,2.366,5.791
least-connections-cache-off-warm500,70,1,7.2571,1.183,20.082,21.265,and,walden-and-on-the-duty-of-civil-disobedience,1,,server-1,1,0,1,3.301,5.080,3.112
least-connections-cache-off-warm500,70,1,7.2714,2.037,25.863,27.900,and,tess-of-the-d-urbervilles-a-pure-woman,1,,server-2,1,1,1,1.754,5.080,3.112
least-connections-cache-off-warm500,70,1,7.2857,1.567,22.798,24.365,house,life-on-the-mississippi,1,,server-3,0,1,1,4.286,2.675,6.344
least-connections-cache-off-warm500,70,1,7.3000,1.386,28.981,30.367,was,the-innocents-abroad,1,,server-1,1,0,1,4.286,5.780,3.325
least-connections-cache-off-warm500,70,1,7.3143,1.387,24.633,26.021,death,emma,1,,server-2,1,1,0,2.264,5.780,5.713
least-connections-cache-off-warm500,70,1,7.3286,2.011,19.343,21.354,was,a-connecticut-yankee-in-king-arthur-s-court,1,,server-3,1,1,1,2.264,3.031,5.713
least-connections-cache-off-warm500,70,1,7.3429,1.396,17.243,18.639,london,the-divine-comedy,1,,server-1,1,0,1,6.014,5.825,2.998
least-connections-cache-off-warm500,70,1,7.3571,1.426,9.089,10.515,night,the-great-gatsby,1,,server-2,1,1,0,3.142,5.825,4.916
least-connections-cache-off-warm500,70,1,7.3714,2.522,42.339,44.860,castle,oliver-twist,1,,server-3,0,0,1,4.729,3.360,4.916
least-connections-cache-off-warm500,70,1,7.3857,2.955,15.687,18.643,and,myths-and-legends-of-ancient-greece-and-rome,1,,server-1,1,0,1,4.729,3.360,2.666
least-connections-cache-off-warm500,70,1,7.4000,1.803,14.366,16.170,london,memoirs-of-fanny-hill,1,,server-2,1,1,1,2.528,3.360,2.666
least-connections-cache-off-warm500,70,1,7.4143,1.829,11.193,13.022,and,the-prince,1,,server-1,1,1,1,4.050,1.819,2.666
least-connections-cache-off-warm500,70,1,7.4286,2.060,34.053,36.113,castle,the-last-of-the-mohicans-a-narrative-of-1757-27681,1,,server-2,0,1,0,3.101,3.390,8.406
least-connections-cache-off-warm500,70,1,7.4429,4.247,28.245,32.492,castle,mary-barton,1,,server-3,0,1,1,3.101,1.855,8.406
least-connections-cache-off-warm500,70,1,7.4571,1.110,31.679,32.789,sea,villette,1,,server-1,1,1,1,3.101,1.855,4.541
least-connections-cache-off-warm500,70,1,7.4714,2.002,34.041,36.043,london,the-iliad,1,,server-2,1,1,1,1.655,6.549,4.541
least-connections-cache-off-warm500,70,1,7.4857,1.569,12.912,14.481,sea,kidnapped,1,,server-3,1,1,1,1.655,3.460,7.270
least-connections-cache-off-warm500,70,1,7.5000,1.622,12.637,14.259,the,the-prince,1,,server-1,1,1,1,6.089,3.460,4.461
least-connections-cache-off-warm500,70,1,7.5143,1.342,14.973,16.316,of,the-kama-sutra-of-vatsyayana,1,,server-2,1,1,0,4.989,7.573,4.461
least-connections-cache-off-warm500,70,1,7.5286,2.963,42.448,45.411,whale,twenty-thousand-leagues-under-the-sea,1,,server-3,0,1,1,4.016,3.940,4.461
least-connections-cache-off-warm500,70,1,7.5429,5.745,32.029,37.774,you,anne-of-green-gables,1,,server-1,1,0,1,4.016,4.850,2.456
least-connections-cache-off-warm500,70,1,7.5571,5.366,23.910,29.276,house,wuthering-heights,1,,server-2,1,1,1,2.309,4.850,2.456
least-connections-cache-off-warm500,70,1,7.5714,3.548,14.331,17.879,he,the-picture-of-dorian-gray,1,,server-3,1,1,2,2.309,2.570,2.456
least-connections-cache-off-warm500,70,1,7.5857,1.522,21.730,23.251,money,the-american,1,,server-1,1,1,1,6.400,2.570,4.458
least-connections-cache-off-warm500,70,1,7.6000,1.661,19.103,20.764,sea,the-odyssey,1,,server-2,1,1,0,3.363,5.414,5.090
least-connections-cache-off-warm500,70,1,7.6143,1.853,13.949,15.802,castle,desert-gold,1,,server-3,0,1,1,5.563,2.861,5.090
least-connections-cache-off-warm500,70,1,7.6286,1.893,19.786,21.679,sea,twenty-thousand-leagues-under-the-sea,1,,server-1,1,0,1,5.563,4.859,2.750
least-connections-cache-off-warm500,70,1,7.6429,1.674,13.892,15.567,you,the-picture-of-dorian-gray,1,,server-2,1,1,0,2.951,4.859,3.930
least-connections-cache-off-warm500,70,1,7.6571,1.636,19.326,20.962,night,white-fang,1,,server-3,0,1,1,4.979,2.580,3.930
least-connections-cache-off-warm500,70,1,7.6714,2.146,9.903,12.049,was,the-great-gatsby,1,,server-1,1,0,1,4.979,3.834,2.109
least-connections-cache-off-warm500,70,1,7.6857,1.934,32.685,34.618,love,the-odyssey,1,,server-2,0,1,0,3.205,3.834,4.405
least-connections-cache-off-warm500,70,1,7.7000,5.068,28.735,33.803,she,the-vicomte-de-bragelonne,1,,server-3,0,1,1,3.205,2.098,4.405
least-connections-cache-off-warm500,70,1,7.7143,2.472,24.283,26.755,of,life-on-the-mississippi,1,,server-1,1,1,1,3.205,2.098,2.588
least-connections-cache-off-warm500,70,1,7.7286,2.101,12.678,14.778,was,frankenstein-or-the-modern-prometheus-41445,1,,server-2,1,1,1,1.734,6.495,2.588
least-connections-cache-off-warm500,70,1,7.7429,1.612,13.202,14.814,death,around-the-world-in-eighty-days,1,,server-3,0,1,1,4.942,5.129,6.088
least-connections-cache-off-warm500,70,1,7.7571,1.304,32.358,33.662,whale,tess-of-the-d-urbervilles-a-pure-woman,1,,server-1,1,0,1,4.942,4.135,3.186
least-connections-cache-off-warm500,70,1,7.7714,2.288,15.893,18.181,whale,the-secret-garden-17396,1,,server-2,1,1,0,2.623,4.135,4.115
least-connections-cache-off-warm500,70,1,7.7857,1.509,16.034,17.542,letter,the-adventures-of-sherlock-holmes,1,,server-3,1,1,1,2.623,2.244,4.115
least-connections-cache-off-warm500,70,1,7.8000,1.312,13.460,14.772,night,the-lost-world,1,,server-1,1,0,1,6.796,3.889,2.176
least-connections-cache-off-warm500,70,1,7.8143,1.949,38.433,40.382,and,walden-and-on-the-duty-of-civil-disobedience,1,,server-2,1,1,0,5.456,3.889,3.912
least-connections-cache-off-warm500,70,1,7.8286,3.492,26.701,30.193,you,the-odyssey,1,,server-3,0,1,1,4.390,2.100,3.912
least-connections-cache-off-warm500,70,1,7.8429,2.513,19.748,22.260,love,the-house-of-the-seven-gables,1,,server-1,1,1,1,4.390,2.100,2.191
least-connections-cache-off-warm500,70,1,7.8571,1.526,9.631,11.157,she,beyond-good-and-evil,1,,server-2,1,1,1,2.385,7.421,2.191
least-connections-cache-off-warm500,70,1,7.8714,2.284,40.079,42.363,money,the-last-of-the-mohicans-a-narrative-of-1757,1,,server-3,0,0,1,4.559,3.998,5.565
least-connections-cache-off-warm500,70,1,7.8857,4.517,19.226,23.743,love,the-great-gatsby,1,,server-1,1,0,1,4.559,3.998,2.966
least-connections-cache-off-warm500,70,1,7.9000,1.758,26.201,27.959,she,jude-the-obscure,1,,server-2,1,1,1,2.604,3.998,2.966
least-connections-cache-off-warm500,70,1,7.9143,1.240,18.744,19.984,was,the-adventures-of-sherlock-holmes,1,,server-3,0,1,1,4.603,2.149,8.233
least-connections-cache-off-warm500,70,1,7.9286,1.206,23.675,24.881,castle,mansfield-park,1,,server-1,1,0,1,4.603,5.516,4.292
least-connections-cache-off-warm500,70,1,7.9429,1.453,16.819,18.271,was,hard-times,1,,server-2,1,1,0,2.434,5.516,5.708
least-connections-cache-off-warm500,70,1,7.9571,1.470,12.269,13.739,heart,silas-marner,1,,server-3,0,1,1,5.294,2.925,5.708
least-connections-cache-off-warm500,70,1,7.9714,1.436,23.229,24.665,whale,persuasion,1,,server-1,1,0,0,5.294,4.516,3.869
least-connections-cache-off-warm500,70,1,7.9857,2.193,14.389,16.582,money,persuasion,1,,server-2,1,1,0,2.802,4.516,3.869
least-connections-cache-off-warm500,70,1,8.0000,1.347,16.736,18.083,he,the-scarlet-letter,1,,server-3,0,1,1,5.462,2.444,3.869
least-connections-cache-off-warm500,70,1,8.0143,1.880,17.431,19.311,night,kidnapped,1,,server-1,1,0,1,5.462,3.790,2.041
least-connections-cache-off-warm500,70,1,8.0286,1.450,15.183,16.633,horse,the-wind-in-the-willows,1,,server-2,1,1,0,2.909,3.790,3.936
least-connections-cache-off-warm500,70,1,8.0429,2.077,24.220,26.297,house,meditations,1,,server-3,0,1,1,4.590,2.004,3.936
least-connections-cache-off-warm500,70,1,8.0571,4.912,20.272,25.184,london,a-tale-of-two-cities,1,,server-1,1,0,1,4.590,3.611,2.127
least-connections-cache-off-warm500,70,1,8.0714,1.323,22.208,23.530,letter,the-last-of-the-mohicans-a-narrative-of-1757,1,,server-2,1,1,0,2.635,3.611,5.167
least-connections-cache-off-warm500,70,1,8.0857,1.371,13.335,14.706,death,the-picture-of-dorian-gray,1,,server-3,0,1,1,4.877,1.912,5.167
least-connections-cache-off-warm500,70,1,8.1000,1.296,21.291,22.586,money,thus-spake-zarathustra-a-book-for-all-and-none,1,,server-1,1,0,1,4.877,4.736,4.774
least-connections-cache-off-warm500,70,1,8.1143,1.433,17.820,19.253,of,walden-and-on-the-duty-of-civil-disobedience,1,,server-2,1,1,0,2.585,4.736,3.833
least-connections-cache-off-warm500,70,1,8.1286,1.256,9.156,10.412,heart,the-hound-of-the-baskervilles-3070,1,,server-3,0,1,1,5.053,2.503,3.833
least-connections-cache-off-warm500,70,1,8.1429,2.136,29.145,31.281,heart,a-tale-of-two-cities,1,,server-1,1,0,0,5.053,4.371,2.721
least-connections-cache-off-warm500,70,1,8.1571,2.542,16.844,19.386,money,the-mystery-of-edwin-drood,1,,server-2,1,1,0,2.709,4.371,2.721
least-connections-cache-off-warm500,70,1,8.1714,1.334,34.904,36.238,the,the-innocents-abroad,1,,server-3,1,1,1,2.709,2.391,2.721
least-connections-cache-off-warm500,70,1,8.1857,1.594,32.323,33.917,london,the-iliad,1,,server-1,1,0,1,6.306,4.133,1.447
least-connections-cache-off-warm500,70,1,8.2000,1.660,17.548,19.208,king,frankenstein-or-the-modern-prometheus,1,,server-2,1,1,1,3.306,4.133,1.447
least-connections-cache-off-warm500,70,1,8.2143,1.955,13.899,15.854,house,the-secret-garden-17396,1,,server-3,1,1,1,3.306,2.185,6.463
least-connections-cache-off-warm500,70,1,8.2286,1.434,15.832,17.266,castle,agnes-grey,1,,server-1,1,0,1,7.233,4.159,3.392
least-connections-cache-off-warm500,70,1,8.2429,1.453,15.554,17.007,letter,autobiography-of-benjamin-franklin,1,,server-2,1,1,0,3.775,4.159,4.346
least-connections-cache-off-warm500,70,1,8.2571,1.769,37.729,39.498,was,the-moonstone,1,,server-3,0,1,1,4.889,2.201,4.346
least-connections-cache-off-warm500,70,1,8.2714,2.633,20.035,22.668,night,adventures-of-huckleberry-finn,1,,server-1,1,0,1,4.889,3.854,2.324
least-connections-cache-off-warm500,70,1,8.2857,1.515,13.109,14.625,love,silas-marner,1,,server-2,1,1,1,2.639,3.854,2.324
least-connections-cache-off-warm500,70,1,8.3000,1.524,10.551,12.075,and,beyond-good-and-evil,1,,server-3,0,1,1,4.811,4.201,7.458
least-connections-cache-off-warm500,70,1,8.3143,1.464,20.263,21.727,heart,the-war-of-the-worlds,1,,server-1,1,0,0,4.811,3.375,4.127
least-connections-cache-off-warm500,70,1,8.3286,2.312,27.916,30.228,she,the-jungle,1,,server-2,1,1,0,2.555,3.375,4.127
least-connections-cache-off-warm500,70,1,8.3429,1.952,25.280,27.232,night,life-on-the-mississippi,1,,server-3,0,1,1,4.827,1.859,4.127
least-connections-cache-off-warm500,70,1,8.3571,1.372,12.352,13.724,she,frankenstein-or-the-modern-prometheus-41445,1,,server-1,1,1,1,4.827,1.859,2.223
least-connections-cache-off-warm500,70,1,8.3714,1.239,11.469,12.708,money,the-hound-of-the-baskervilles-3070,1,,server-2,0,1,0,3.575,5.610,5.390
least-connections-cache-off-warm500,70,1,8.3857,2.671,25.951,28.621,money,washington-square,1,,server-3,0,0,1,3.575,3.671,5.390
least-connections-cache-off-warm500,70,1,8.4000,4.350,22.157,26.507,whale,frankenstein-or-the-modern-prometheus,1,,server-1,1,0,1,3.575,3.671,2.937
least-connections-cache-off-warm500,70,1,8.4143,1.471,17.619,19.091,night,silas-marner,1,,server-2,1,1,1,2.097,3.671,5.903
least-connections-cache-off-warm500,70,1,8.4286,2.364,19.351,21.716,money,silas-marner,1,,server-3,0,1,1,4.751,1.957,5.903
least-connections-cache-off-warm500,70,1,8.4429,2.958,24.242,27.199,sea,jude-the-obscure,1,,server-1,1,0,1,4.751,4.006,3.157
least-connections-cache-off-warm500,70,1,8.4571,1.238,10.291,11.529,heart,the-lost-world,1,,server-2,1,1,0,2.595,4.006,5.031
least-connections-cache-off-warm500,70,1,8.4714,1.323,29.513,30.837,house,north-and-south,1,,server-3,0,0,1,5.414,2.970,5.031
least-connections-cache-off-warm500,70,1,8.4857,1.452,10.080,11.532,whale,the-mysterious-affair-at-styles,1,,server-1,1,0,1,5.414,2.970,2.648
least-connections-cache-off-warm500,70,1,8.5000,1.902,21.888,23.790,death,grimms-fairy-tales,1,,server-2,0,1,1,3.392,2.970,2.648
least-connections-cache-off-warm500,70,1,8.5143,1.407,16.594,18.001,you,the-return-of-sherlock-holmes,1,,server-3,0,1,1,3.392,1.652,6.410
least-connections-cache-off-warm500,70,1,8.5286,1.395,29.040,30.435,money,the-innocents-abroad,1,,server-1,1,0,1,3.392,4.462,3.378
least-connections-cache-off-warm500,70,1,8.5429,1.484,14.234,15.718,letter,kidnapped,1,,server-2,1,1,0,1.812,4.462,4.785
least-connections-cache-off-warm500,70,1,8.5571,2.278,11.386,13.664,castle,the-lost-world,1,,server-3,1,1,1,1.812,2.353,4.785
least-connections-cache-off-warm500,70,1,8.5714,1.495,27.473,28.968,sea,the-adventures-of-tom-sawyer-complete,1,,server-1,1,0,0,5.683,3.740,3.421
least-connections-cache-off-warm500,70,1,8.5857,4.152,27.091,31.243,and,the-last-of-the-mohicans-a-narrative-of-1757-27681,1,,server-2,1,1,0,2.980,3.740,3.421
least-connections-cache-off-warm500,70,1,8.6000,1.708,30.211,31.919,letter,the-iliad-2199,1,,server-3,1,1,1,7.782,2.129,3.421
least-connections-cache-off-warm500,70,1,8.6143,2.600,17.934,20.534,london,the-return-of-sherlock-holmes-108,1,,server-1,1,1,1,6.256,2.129,1.835
least-connections-cache-off-warm500,70,1,8.6286,1.412,24.444,25.856,horse,tess-of-the-d-urbervilles-a-pure-woman,1,,server-2,1,1,1,3.256,5.531,1.835
least-connections-cache-off-warm500,70,1,8.6429,1.932,26.099,28.031,money,the-tenant-of-wildfell-hall,1,,server-3,0,1,1,4.891,2.901,5.946
least-connections-cache-off-warm500,70,1,8.6571,1.454,30.960,32.414,he,the-innocents-abroad,1,,server-1,1,0,1,4.891,5.694,3.143
least-connections-cache-off-warm500,70,1,8.6714,1.587,17.824,19.411,love,the-works-of-edgar-allan-poe-volume-2,1,,server-2,1,1,0,2.592,5.694,6.086
least-connections-cache-off-warm500,70,1,8.6857,2.731,18.395,21.126,king,the-mystery-of-edwin-drood,1,,server-3,1,1,1,2.592,2.986,6.086
least-connections-cache-off-warm500,70,1,8.7000,1.857,13.839,15.696,was,the-secret-garden-17396,1,,server-1,1,0,1,6.539,4.715,3.227
least-connections-cache-off-warm500,70,1,8.7143,1.304,10.163,11.467,night,his-last-bow,1,,server-2,1,1,0,3.421,4.715,4.938
least-connections-cache-off-warm500,70,1,8.7286,2.099,47.506,49.604,london,the-mysterious-island,1,,server-3,0,0,1,4.284,3.167,4.938
least-connections-cache-off-warm500,70,1,8.7429,1.876,31.677,33.553,sea,the-last-of-the-mohicans-a-narrative-of-1757,1,,server-1,1,0,1,4.284,3.167,2.641
least-connections-cache-off-warm500,70,1,8.7571,3.185,20.298,23.483,house,the-secret-garden,1,,server-2,1,1,1,2.268,3.167,2.641
least-connections-cache-off-warm500,70,1,8.7714,7.131,17.033,24.164,castle,adventures-of-huckleberry-finn,1,,server-3,1,1,2,2.268,1.790,2.641
least-connections-cache-off-warm500,70,1,8.7857,1.698,18.952,20.650,sea,a-connecticut-yankee-in-king-arthur-s-court,1,,server-1,1,0,1,6.457,4.301,6.234
least-connections-cache-off-warm500,70,1,8.8000,1.376,23.589,24.965,castle,the-odyssey,1,,server-2,1,1,0,3.378,4.301,6.639
least-connections-cache-off-warm500,70,1,8.8143,1.932,10.719,12.651,the,herland,1,,server-3,0,1,1,5.122,2.282,6.639
least-connections-cache-off-warm500,70,1,8.8286,1.545,29.203,30.748,you,persuasion,1,,server-1,1,0,0,5.122,5.153,3.896
least-connections-cache-off-warm500,70,1,8.8429,4.608,22.453,27.061,heart,the-divine-comedy,1,,server-2,1,1,0,2.716,5.153,3.896
least-connections-cache-off-warm500,70,1,8.8571,1.525,15.530,17.055,love,the-mystery-of-edwin-drood,1,,server-3,1,1,1,2.716,2.881,3.896
least-connections-cache-off-warm500,70,1,8.8714,1.205,19.968,21.173,money,the-house-of-the-seven-gables,1,,server-1,1,0,1,6.333,5.301,2.086
least-connections-cache-off-warm500,70,1,8.8857,2.213,24.540,26.752,castle,the-house-of-mirth,1,,server-2,1,1,0,3.307,5.301,3.772
least-connections-cache-off-warm500,70,1,8.9000,1.908,14.161,16.069,castle,autobiography-of-benjamin-franklin,1,,server-3,0,1,1,5.266,2.851,3.772
least-connections-cache-off-warm500,70,1,8.9143,1.477,12.613,14.090,heart,the-hound-of-the-baskervilles,1,,server-1,1,0,1,5.266,5.705,2.048
least-connections-cache-off-warm500,70,1,8.9286,1.757,31.079,32.836,sea,madame-bovary,1,,server-2,0,1,0,3.739,5.705,3.525
least-connections-cache-off-warm500,70,1,8.9429,3.445,11.805,15.249,was,the-kama-sutra-of-vatsyayana,1,,server-3,0,1,1,3.739,3.020,3.525
least-connections-cache-off-warm500,70,1,8.9571,1.301,32.195,33.496,london,the-mysterious-island,1,,server-1,1,1,1,3.739,3.020,2.006
least-connections-cache-off-warm500,70,1,8.9714,1.590,14.558,16.148,and,treasure-island,1,,server-2,1,1,0,2.013,6.858,3.115
least-connections-cache-off-warm500,70,1,8.9857,1.439,13.245,14.684,the,memoirs-of-fanny-hill,1,,server-3,1,1,1,2.013,3.608,3.115
least-connections-cache-off-warm500,70,1,9.0000,1.443,38.396,39.839,night,jane-eyre-an-autobiography,1,,server-1,1,0,1,6.409,4.585,3.938
least-connections-cache-off-warm500,70,1,9.0143,1.343,24.558,25.901,whale,madame-bovary,1,,server-2,1,1,0,3.364,4.585,3.175
least-connections-cache-off-warm500,70,1,9.0286,1.363,19.254,20.617,he,sense-and-sensibility,1,,server-3,1,1,1,3.364,2.441,3.175
least-connections-cache-off-warm500,70,1,9.0429,1.521,11.239,12.759,money,treasure-island,1,,server-1,1,0,1,8.251,5.458,1.722
least-connections-cache-off-warm500,70,1,9.0571,1.635,32.386,34.020,death,the-last-of-the-mohicans-a-narrative-of-1757,1,,server-2,0,1,0,4.518,5.458,4.119
least-connections-cache-off-warm500,70,1,9.0714,3.451,9.985,13.436,king,poirot-investigates,1,,server-3,0,1,1,4.518,2.900,4.119
least-connections-cache-off-warm500,70,1,9.0857,1.399,13.734,15.133,house,the-wind-in-the-willows,1,,server-1,1,1,0,4.518,2.900,2.992
least-connections-cache-off-warm500,70,1,9.1000,1.282,13.251,14.533,castle,the-hound-of-the-baskervilles,1,,server-2,1,1,0,2.410,6.956,2.992
least-connections-cache-off-warm500,70,1,9.1143,2.681,32.007,34.688,he,poirot-investigates,1,,server-3,0,1,1,3.700,4.344,2.992
least-connections-cache-off-warm500,70,1,9.1286,4.246,26.493,30.739,castle,cranford,1,,server-1,1,0,1,3.700,4.344,1.671
least-connections-cache-off-warm500,70,1,9.1429,4.076,21.005,25.081,whale,the-works-of-edgar-allan-poe-volume-2,1,,server-2,1,1,1,2.170,4.344,1.671
least-connections-cache-off-warm500,70,1,9.1571,1.972,11.750,13.721,of,agnes-grey,1,,server-3,1,1,1,2.170,2.423,6.131
least-connections-cache-off-warm500,70,1,9.1714,1.209,15.609,16.817,house,white-fang,1,,server-1,1,0,0,5.505,4.791,3.889
least-connections-cache-off-warm500,70,1,9.1857,1.249,17.867,19.116,london,the-mysterious-affair-at-styles,1,,server-2,1,1,0,2.890,4.791,3.889
least-connections-cache-off-warm500,70,1,9.2000,2.686,28.188,30.874,death,pride-and-prejudice,1,,server-3,0,1,1,4.300,2.521,3.889
least-connections-cache-off-warm500,70,1,9.2143,2.643,12.913,15.556,letter,the-mysterious-affair-at-styles,1,,server-1,1,0,1,4.300,4.438,2.145
least-connections-cache-off-warm500,70,1,9.2286,1.418,9.880,11.299,london,poirot-investigates,1,,server-2,1,1,1,2.334,4.438,2.145
least-connections-cache-off-warm500,70,1,9.2429,1.656,28.159,29.816,he,autobiography-of-benjamin-franklin,1,,server-3,0,0,1,3.467,3.014,5.806
least-connections-cache-off-warm500,70,1,9.2571,2.527,32.139,34.666,she,the-jungle,1,,server-1,1,0,1,3.467,3.014,3.056
least-connections-cache-off-warm500,70,1,9.2714,1.549,13.189,14.737,letter,his-last-bow,1,,server-2,1,1,1,1.946,3.014,3.056
least-connections-cache-off-warm500,70,1,9.2857,1.534,28.817,30.350,castle,the-vicomte-de-bragelonne,1,,server-3,1,1,1,1.946,1.648,6.419
least-connections-cache-off-warm500,70,1,9.3000,1.512,17.685,19.197,king,a-connecticut-yankee-in-king-arthur-s-court,1,,server-1,1,0,1,6.321,3.114,3.353
least-connections-cache-off-warm500,70,1,9.3143,1.717,11.209,12.926,death,the-war-of-the-worlds,1,,server-2,1,1,1,3.312,3.114,3.353
least-connections-cache-off-warm500,70,1,9.3286,1.507,27.516,29.023,was,thus-spake-zarathustra-a-book-for-all-and-none,1,,server-3,0,0,1,4.905,2.827,6.721
least-connections-cache-off-warm500,70,1,9.3429,3.252,21.911,25.163,love,a-tale-of-two-cities,1,,server-1,1,0,1,4.905,2.827,3.527
least-connections-cache-off-warm500,70,1,9.3571,1.366,23.736,25.102,london,the-adventures-of-ferdinand-count-fathom-complete,1,,server-2,1,1,1,2.660,2.827,8.230
least-connections-cache-off-warm500,70,1,9.3714,1.689,12.690,14.379,king,the-great-gatsby,1,,server-3,0,1,1,5.121,1.509,6.630
least-connections-cache-off-warm500,70,1,9.3857,1.628,15.116,16.744,of,the-secret-adversary,1,,server-1,1,0,1,5.121,4.720,4.182
least-connections-cache-off-warm500,70,1,9.4000,1.718,30.637,32.355,the,far-from-the-madding-crowd,1,,server-2,1,1,0,2.687,4.720,4.182
least-connections-cache-off-warm500,70,1,9.4143,1.760,13.054,14.814,king,the-hound-of-the-baskervilles,1,,server-3,0,1,1,4.070,2.491,4.182
least-connections-cache-off-warm500,70,1,9.4286,1.536,12.421,13.957,sea,the-warden,1,,server-1,1,1,1,4.070,2.491,4.310
least-connections-cache-off-warm500,70,1,9.4429,1.245,17.111,18.356,night,the-warden,1,,server-2,1,1,0,3.336,6.445,3.481
least-connections-cache-off-warm500,70,1,9.4571,1.072,29.838,30.910,heart,the-vicomte-de-bragelonne,1,,server-3,0,1,1,3.336,3.374,3.481
least-connections-cache-off-warm500,70,1,9.4714,1.291,13.225,14.516,she,frankenstein-or-the-modern-prometheus-41445,1,,server-1,1,0,1,3.336,4.858,1.853
least-connections-cache-off-warm500,70,1,9.4857,1.640,19.952,21.592,love,the-divine-comedy,1,,server-2,1,1,1,4.005,4.858,1.853
least-connections-cache-off-warm500,70,1,9.5000,1.569,31.246,32.814,death,the-iliad-2199,1,,server-3,0,1,1,3.223,2.567,5.937
least-connections-cache-off-warm500,70,1,9.5143,3.305,12.229,15.534,was,the-hound-of-the-baskervilles-3070,1,,server-1,1,0,1,3.223,4.803,3.165
least-connections-cache-off-warm500,70,1,9.5286,1.917,28.336,30.253,heart,the-house-of-mirth,1,,server-2,1,1,1,1.823,4.803,3.165
least-connections-cache-off-warm500,70,1,9.5429,3.579,23.696,27.275,money,the-iliad-2199,1,,server-3,0,1,1,3.023,2.555,6.985
least-connections-cache-off-warm500,70,1,9.5571,1.457,11.937,13.394,he,frankenstein-or-the-modern-prometheus-41445,1,,server-1,1,1,1,3.023,2.555,3.745
least-connections-cache-off-warm500,70,1,9.5714,1.433,23.930,25.363,whale,the-works-of-edgar-allan-poe-volume-2,1,,server-2,0,1,0,2.894,6.139,6.120
least-connections-cache-off-warm500,70,1,9.5857,1.877,28.982,30.860,whale,the-romance-of-lust-a-classic-victorian-erotic-novel,1,,server-3,0,1,1,2.894,3.226,6.120
least-connections-cache-off-warm500,70,1,9.6000,1.497,21.370,22.868,letter,the-house-of-mirth,1,,server-1,1,0,1,2.894,5.841,3.233
least-connections-cache-off-warm500,70,1,9.6143,1.722,17.431,19.153,and,the-age-of-innocence,1,,server-2,1,1,1,1.577,5.841,3.233
least-connections-cache-off-warm500,70,1,9.6286,1.526,22.666,24.192,house,far-from-the-madding-crowd,1,,server-3,0,1,1,4.364,3.073,6.620
least-connections-cache-off-warm500,70,1,9.6429,1.630,17.070,18.701,the,anne-of-green-gables,1,,server-1,1,0,1,4.364,4.692,3.461
least-connections-cache-off-warm500,70,1,9.6571,1.362,10.829,12.191,castle,the-hound-of-the-baskervilles,1,,server-2,1,1,0,2.315,4.692,5.791
least-connections-cache-off-warm500,70,1,9.6714,1.303,17.063,18.366,heart,twenty-thousand-leagues-under-the-sea,1,,server-3,0,0,1,4.141,3.279,5.791
least-connections-cache-off-warm500,70,1,9.6857,1.992,26.051,28.043,love,the-works-of-edgar-allan-poe-volume-2,1,,server-1,1,0,1,4.141,3.279,3.035
least-connections-cache-off-warm500,70,1,9.7000,1.786,28.979,30.765,horse,dracula,1,,server-2,1,1,0,2.210,3.279,4.613
least-connections-cache-off-warm500,70,1,9.7143,1.569,11.020,12.588,sea,the-mysterious-affair-at-styles,1,,server-3,0,1,1,5.539,1.764,4.613
least-connections-cache-off-warm500,70,1,9.7286,1.447,18.874,20.321,sea,the-adventures-of-tom-sawyer-complete,1,,server-1,1,1,0,5.539,1.764,3.258
least-connections-cache-off-warm500,70,1,9.7429,2.638,20.461,23.099,and,meditations,1,,server-2,1,1,0,2.912,5.715,3.258
least-connections-cache-off-warm500,70,1,9.7571,3.242,27.670,30.912,letter,tess-of-the-d-urbervilles-a-pure-woman,1,,server-3,0,1,1,4.835,3.100,3.258
least-connections-cache-off-warm500,70,1,9.7714,2.330,17.988,20.318,king,cranford,1,,server-1,1,0,1,4.835,5.170,1.870
least-connections-cache-off-warm500,70,1,9.7857,1.610,16.818,18.428,heart,treasure-island,1,,server-2,1,1,1,2.604,5.170,1.870
least-connections-cache-off-warm500,70,1,9.8000,1.510,23.482,24.992,castle,twenty-thousand-leagues-under-the-sea,1,,server-3,0,1,1,4.461,2.741,5.511
least-connections-cache-off-warm500,70,1,9.8143,1.925,15.924,17.849,sea,the-scarlet-letter-33,1,,server-1,1,0,1,4.461,4.389,2.928
least-connections-cache-off-warm500,70,1,9.8286,1.611,17.170,18.781,castle,the-war-of-the-worlds,1,,server-2,1,1,0,2.381,4.389,5.569
least-connections-cache-off-warm500,70,1,9.8429,2.956,33.280,36.236,you,the-song-of-the-lark,1,,server-3,0,1,1,3.991,2.317,5.569
least-connections-cache-off-warm500,70,1,9.8571,3.468,17.016,20.484,heart,persuasion,1,,server-1,1,0,1,3.991,4.175,2.970
least-connections-cache-off-warm500,70,1,9.8714,1.384,27.361,28.745,she,the-adventures-of-ferdinand-count-fathom-complete,1,,server-2,1,1,1,2.219,4.175,2.970
least-connections-cache-off-warm500,70,1,9.8857,1.699,12.959,14.658,horse,washington-square,1,,server-3,0,1,1,4.028,2.229,7.168
least-connections-cache-off-warm500,70,1,9.9000,2.037,24.736,26.773,love,life-on-the-mississippi,1,,server-1,1,1,1,4.028,7.153,5.506
least-connections-cache-off-warm500,70,1,9.9143,1.467,19.342,20.808,heart,pride-and-prejudice,1,,server-2,1,1,0,2.178,5.752,4.420
least-connections-cache-off-warm500,70,1,9.9286,1.850,20.228,22.079,the,the-house-of-mirth,1,,server-3,0,1,1,5.293,3.034,4.420
least-connections-cache-off-warm500,70,1,9.9429,1.443,9.670,11.112,and,the-kama-sutra-of-vatsyayana,1,,server-1,1,0,1,5.293,4.971,2.358
least-connections-cache-off-warm500,70,1,9.9571,1.227,35.784,37.011,king,the-house-of-mirth,1,,server-2,0,1,0,3.297,4.971,4.638
least-connections-cache-off-warm500,70,1,9.9714,4.063,18.341,22.404,letter,silas-marner,1,,server-3,0,1,1,3.297,2.621,4.638
least-connections-cache-off-warm500,70,1,9.9857,2.695,10.843,13.538,house,cranford,1,,server-1,1,1,1,3.297,2.621,2.553
least-connections-cache-off-warm500,70,1,10.0000,1.411,11.552,12.963,was,the-hound-of-the-baskervilles-3070,1,,server-2,0,1,0,2.843,7.358,4.450
least-connections-cache-off-warm500,70,1,10.0143,2.494,23.601,26.095,letter,the-hound-of-the-baskervilles-3070,1,,server-3,0,0,1,2.843,4.225,4.450
least-connections-cache-off-warm500,70,1,10.0286,4.523,20.808,25.332,letter,myths-and-legends-of-ancient-greece-and-rome,1,,server-1,1,0,1,2.843,4.225,2.424
least-connections-cache-off-warm500,70,1,10.0429,1.597,24.239,25.836,whale,hard-times,1,,server-2,1,1,0,1.677,4.225,5.217
least-connections-cache-off-warm500,70,1,10.0571,1.318,16.662,17.980,london,anne-of-green-gables,1,,server-3,0,1,1,4.259,2.239,5.217
least-connections-cache-off-warm500,70,1,10.0714,1.604,28.113,29.717,night,leaves-of-grass,1,,server-1,1,0,1,4.259,5.262,2.735
least-connections-cache-off-warm500,70,1,10.0857,1.362,20.105,21.466,she,hard-times,1,,server-2,1,1,0,2.270,5.262,4.368
least-connections-cache-off-warm500,70,1,10.1000,1.243,11.455,12.698,sea,the-secret-adversary,1,,server-3,1,1,1,2.270,2.772,4.368
least-connections-cache-off-warm500,70,1,10.1143,1.482,13.456,14.938,king,the-scarlet-letter,1,,server-1,1,0,0,5.911,4.937,3.245
least-connections-cache-off-warm500,70,1,10.1286,1.385,16.201,17.585,london,desert-gold,1,,server-2,1,1,0,3.120,4.937,3.245
least-connections-cache-off-warm500,70,1,10.1429,1.736,21.416,23.151,horse,anne-of-green-gables,1,,server-3,0,1,1,4.119,2.614,3.245
least-connections-cache-off-warm500,70,1,10.1571,1.867,32.838,34.705,horse,the-moonstone,1,,server-1,1,0,1,4.119,4.226,1.758
least-connections-cache-off-warm500,70,1,10.1714,1.388,21.321,22.708,money,the-odyssey,1,,server-2,1,1,0,2.228,4.226,4.481
least-connections-cache-off-warm500,70,1,10.1857,1.287,8.288,9.575,of,the-prince,1,,server-3,1,1,1,2.228,2.243,4.481
least-connections-cache-off-warm500,70,1,10.2000,1.241,10.916,12.157,and,black-beauty,1,,server-1,1,0,0,6.622,4.798,2.809
least-connections-cache-off-warm500,70,1,10.2143,1.256,30.046,31.303,was,mansfield-park,1,,server-2,0,1,0,3.926,4.798,2.809
least-connections-cache-off-warm500,70,1,10.2286,2.559,23.875,26.435,love,hard-times,1,,server-3,0,1,1,3.926,2.538,2.809
least-connections-cache-off-warm500,70,1,10.2429,1.585,18.662,20.247,house,the-scarlet-letter-33,1,,server-1,1,1,1,3.926,2.538,1.527
least-connections-cache-off-warm500,70,1,10.2571,1.396,22.121,23.517,heart,the-divine-comedy,1,,server-2,1,1,0,2.088,6.377,4.756
least-connections-cache-off-warm500,70,1,10.2714,1.840,16.166,18.006,sea,the-secret-garden,1,,server-3,0,1,1,4.261,3.335,4.756
least-connections-cache-off-warm500,70,1,10.2857,1.283,28.267,29.550,you,a-tale-of-two-cities,1,,server-1,1,0,1,4.261,5.641,2.551
least-connections-cache-off-warm500,70,1,10.3000,2.554,15.249,17.803,was,frankenstein-or-the-modern-prometheus-41445,1,,server-2,1,1,0,2.243,5.641,4.168
least-connections-cache-off-warm500,70,1,10.3143,2.135,18.783,20.918,the,grimms-fairy-tales,1,,server-3,1,1,1,2.243,3.042,4.168
least-connections-cache-off-warm500,70,1,10.3286,2.209,20.214,22.423,she,the-return-of-sherlock-holmes-108,1,,server-1,1,0,1,5.898,4.292,2.248
least-connections-cache-off-warm500,70,1,10.3429,1.454,13.311,14.765,death,poirot-investigates,1,,server-2,1,1,0,3.123,4.292,4.374
least-connections-cache-off-warm500,70,1,10.3571,1.503,16.732,18.235,heart,the-house-of-the-seven-gables,1,,server-3,0,1,1,5.140,4.414,4.374
least-connections-cache-off-warm500,70,1,10.3714,1.301,18.403,19.704,whale,the-scarlet-letter,1,,server-1,1,0,1,5.140,3.562,2.313
least-connections-cache-off-warm500,70,1,10.3857,1.207,23.492,24.700,the,a-tale-of-two-cities,1,,server-2,1,1,0,2.698,3.562,4.138
least-connections-cache-off-warm500,70,1,10.4000,1.590,19.531,21.121,house,the-american,1,,server-3,0,1,1,4.632,1.899,4.138
least-connections-cache-off-warm500,70,1,10.4143,1.126,30.841,31.967,the,the-moonstone,1,,server-1,1,0,1,4.632,4.938,2.212
least-connections-cache-off-warm500,70,1,10.4286,2.435,15.748,18.183,death,a-journey-to-the-centre-of-the-earth,1,,server-2,1,1,0,2.456,4.938,4.495
least-connections-cache-off-warm500,70,1,10.4429,1.603,15.679,17.282,horse,persuasion,1,,server-3,1,1,1,2.456,2.617,4.495
least-connections-cache-off-warm500,70,1,10.4571,1.264,24.437,25.701,house,the-secret-garden,1,,server-1,1,0,1,6.455,4.134,2.438
least-connections-cache-off-warm500,70,1,10.4714,2.267,15.834,18.101,death,the-hound-of-the-baskervilles-3070,1,,server-2,1,1,0,3.377,4.134,4.016
least-connections-cache-off-warm500,70,1,10.4857,1.644,21.011,22.655,heart,anne-of-green-gables,1,,server-3,0,1,1,6.026,2.241,4.016
least-connections-cache-off-warm500,70,1,10.5000,1.184,11.471,12.656,he,frankenstein-or-the-modern-prometheus,1,,server-1,1,0,1,6.026,3.884,2.160
least-connections-cache-off-warm500,70,1,10.5143,1.114,16.421,17.535,horse,the-secret-adversary,1,,server-2,0,1,0,3.804,3.884,4.664
least-connections-cache-off-warm500,70,1,10.5286,1.542,25.611,27.153,sea,the-song-of-the-lark,1,,server-3,0,1,1,3.804,2.058,4.664
least-connections-cache-off-warm500,70,1,10.5429,1.917,19.202,21.120,you,madame-bovary,1,,server-1,1,0,1,3.804,3.901,2.478
least-connections-cache-off-warm500,70,1,10.5571,1.484,28.071,29.555,love,great-expectations,1,,server-2,1,1,0,2.085,3.901,5.640
least-connections-cache-off-warm500,70,1,10.5714,1.639,22.335,23.974,sea,life-on-the-mississippi,1,,server-3,0,1,1,4.318,2.072,5.640
least-connections-cache-off-warm500,70,1,10.5857,1.881,23.425,25.306,of,the-odyssey,1,,server-1,1,1,1,4.318,2.072,2.979
least-connections-cache-off-warm500,70,1,10.6000,1.533,10.702,12.236,heart,the-wind-in-the-willows,1,,server-2,1,1,0,2.285,5.751,5.428
least-connections-cache-off-warm500,70,1,10.6143,1.314,15.182,16.496,money,desert-gold,1,,server-3,0,0,1,5.182,3.599,5.428
least-connections-cache-off-warm500,70,1,10.6286,1.477,15.995,17.473,death,a-princess-of-mars,1,,server-1,1,0,1,5.182,3.599,2.855
least-connections-cache-off-warm500,70,1,10.6429,1.381,24.595,25.977,money,the-house-of-mirth,1,,server-2,1,1,0,2.736,3.599,4.212
least-connections-cache-off-warm500,70,1,10.6571,2.510,22.201,24.711,castle,the-odyssey,1,,server-3,0,1,1,4.269,1.916,4.212
least-connections-cache-off-warm500,70,1,10.6714,1.888,12.844,14.732,you,frankenstein-or-the-modern-prometheus-41445,1,,server-1,1,0,1,4.269,5.116,2.288
least-connections-cache-off-warm500,70,1,10.6857,1.398,27.001,28.399,and,the-house-of-the-seven-gables,1,,server-2,1,1,0,4.273,5.116,4.927
least-connections-cache-off-warm500,70,1,10.7000,1.561,25.379,26.940,she,leaves-of-grass,1,,server-3,0,1,1,3.439,2.686,4.927
least-connections-cache-off-warm500,70,1,10.7143,1.162,11.233,12.395,london,the-war-of-the-worlds,1,,server-1,1,1,1,3.439,5.987,2.604
least-connections-cache-off-warm500,70,1,10.7286,1.559,12.026,13.585,you,poirot-investigates,1,,server-2,0,1,0,2.963,5.987,5.670
least-connections-cache-off-warm500,70,1,10.7429,1.402,28.578,29.980,you,hard-times,1,,server-3,0,0,1,2.963,3.889,5.670
least-connections-cache-off-warm500,70,1,10.7571,3.284,16.486,19.770,you,the-secret-garden,1,,server-1,1,0,1,2.963,3.889,2.975
least-connections-cache-off-warm500,70,1,10.7714,1.359,9.943,11.302,sea,herland,1,,server-2,1,1,1,1.729,3.889,2.975
least-connections-cache-off-warm500,70,1,10.7857,1.471,31.799,33.270,whale,pride-and-prejudice,1,,server-3,0,0,1,3.627,2.828,6.402
least-connections-cache-off-warm500,70,1,10.8000,3.956,35.918,39.874,london,life-on-the-mississippi,1,,server-1,1,0,1,3.627,2.828,3.350
least-connections-cache-off-warm500,70,1,10.8143,1.547,27.404,28.952,you,oliver-twist,1,,server-2,1,1,1,2.120,2.828,3.350
least-connections-cache-off-warm500,70,1,10.8286,1.335,14.380,15.715,sea,northanger-abbey,1,,server-3,1,1,1,2.120,1.558,7.174
least-connections-cache-off-warm500,70,1,10.8429,1.368,23.973,25.341,sea,emma,1,,server-1,1,1,1,6.992,1.558,3.743
least-connections-cache-off-warm500,70,1,10.8571,1.385,17.133,18.517,night,adventures-of-huckleberry-finn,1,,server-2,1,1,0,3.646,5.362,4.677
least-connections-cache-off-warm500,70,1,10.8714,1.757,22.135,23.892,love,the-jungle,1,,server-3,0,1,1,6.122,2.814,4.677
least-connections-cache-off-warm500,70,1,10.8857,1.466,16.765,18.230,horse,grimms-fairy-tales,1,,server-1,1,0,1,6.122,4.505,2.466
least-connections-cache-off-warm500,70,1,10.9000,1.090,25.450,26.540,castle,the-song-of-the-lark,1,,server-2,1,1,0,3.219,4.505,5.074
least-connections-cache-off-warm500,70,1,10.9143,1.933,10.551,12.484,and,the-wind-in-the-willows,1,,server-3,0,1,1,4.709,2.370,5.074
least-connections-cache-off-warm500,70,1,10.9286,1.208,10.177,11.385,love,poirot-investigates,1,,server-1,1,0,0,4.709,5.560,3.333
least-connections-cache-off-warm500,70,1,10.9429,1.270,18.412,19.682,king,washington-square,1,,server-2,0,1,0,3.190,5.560,3.333
least-connections-cache-off-warm500,70,1,10.9571,1.968,26.161,28.130,he,madame-bovary,1,,server-3,0,1,1,3.190,2.910,3.333
least-connections-cache-off-warm500,70,1,10.9714,3.054,19.873,22.928,night,a-journey-to-the-centre-of-the-earth,1,,server-1,1,0,1,3.190,4.742,1.764
least-connections-cache-off-warm500,70,1,10.9857,1.260,16.435,17.695,king,grimms-fairy-tales,1,,server-2,1,1,1,1.801,4.742,5.249
least-connections-cache-off-warm500,70,1,11.0000,1.461,31.024,32.486,love,the-tenant-of-wildfell-hall,1,,server-3,0,1,1,4.198,2.501,5.249
least-connections-cache-off-warm500,70,1,11.0143,2.931,27.494,30.425,horse,north-and-south,1,,server-1,1,0,1,4.198,4.178,2.775
least-connections-cache-off-warm500,70,1,11.0286,1.305,19.410,20.714,horse,pride-and-prejudice,1,,server-2,1,1,1,2.305,4.178,2.775
least-connections-cache-off-warm500,70,1,11.0429,1.616,16.489,18.105,was,anne-of-green-gables,1,,server-3,1,1,1,2.305,2.206,6.696
least-connections-cache-off-warm500,70,1,11.0571,2.011,17.470,19.481,london,meditations,1,,server-1,1,0,1,5.784,4.483,3.511
least-connections-cache-off-warm500,70,1,11.0714,1.431,24.747,26.178,love,mary-barton,1,,server-2,1,1,0,3.103,4.483,4.867
least-connections-cache-off-warm500,70,1,11.0857,1.604,30.257,31.861,king,the-vicomte-de-bragelonne,1,,server-3,0,1,1,4.706,2.361,4.867
least-connections-cache-off-warm500,70,1,11.1000,1.730,13.141,14.871,and,the-secret-adversary,1,,server-1,1,0,1,4.706,5.406,2.592
least-connections-cache-off-warm500,70,1,11.1143,1.192,26.938,28.129,you,little-women,1,,server-2,1,1,1,2.521,5.406,2.592
least-connections-cache-off-warm500,70,1,11.1286,1.612,12.805,14.418,the,the-secret-garden,1,,server-3,0,1,1,3.662,2.818,6.464
least-connections-cache-off-warm500,70,1,11.1429,1.356,22.137,23.493,he,the-return-of-sherlock-holmes,1,,server-1,1,0,1,3.662,6.062,4.136
least-connections-cache-off-warm500,70,1,11.1571,2.131,11.692,13.823,whale,silas-marner,1,,server-2,1,1,0,1.950,6.062,4.136
least-connections-cache-off-warm500,70,1,11.1714,1.223,32.254,33.477,heart,north-and-south,1,,server-3,0,1,1,4.768,3.855,4.136
least-connections-cache-off-warm500,70,1,11.1857,2.018,16.734,18.752,death,the-age-of-innocence,1,,server-1,1,0,1,4.768,3.855,2.198
least-connections-cache-off-warm500,70,1,11.2000,1.481,18.537,20.018,he,the-portrait-of-a-lady-volume-1,1,,server-2,1,1,1,2.556,3.855,2.198
least-connections-cache-off-warm500,70,1,11.2143,1.505,9.370,10.875,love,the-mysterious-affair-at-styles,1,,server-3,0,1,1,4.287,2.052,6.525
least-connections-cache-off-warm500,70,1,11.2286,1.332,22.489,23.821,she,the-memoirs-of-sherlock-holmes,1,,server-1,1,0,0,4.287,4.252,3.619
least-connections-cache-off-warm500,70,1,11.2429,2.275,36.703,38.978,and,jane-eyre-an-autobiography,1,,server-2,1,1,0,2.279,4.252,3.619
least-connections-cache-off-warm500,70,1,11.2571,1.540,25.804,27.344,whale,the-jungle,1,,server-3,0,1,1,5.013,2.265,3.619
least-connections-cache-off-warm500,70,1,11.2714,1.306,22.343,23.649,of,life-on-the-mississippi,1,,server-1,1,1,1,5.013,2.265,1.941
least-connections-cache-off-warm500,70,1,11.2857,1.538,28.960,30.498,of,life-on-the-mississippi,1,,server-2,1,1,0,2.626,7.217,5.314
least-connections-cache-off-warm500,70,1,11.3000,2.217,15.775,17.993,sea,the-secret-garden,1,,server-3,0,1,1,5.200,3.757,5.314
least-connections-cache-off-warm500,70,1,11.3143,1.414,14.538,15.952,london,the-prince,1,,server-1,1,1,1,5.200,3.757,2.830
least-connections-cache-off-warm500,70,1,11.3286,1.312,19.969,21.281,london,desert-gold,1,,server-2,1,1,0,2.718,7.001,4.266
least-connections-cache-off-warm500,70,1,11.3429,2.013,13.383,15.396,house,the-prince,1,,server-3,0,1,1,4.021,3.661,4.266
least-connections-cache-off-warm500,70,1,11.3571,1.821,23.734,25.555,horse,the-hound-of-the-baskervilles,1,,server-1,1,0,1,4.021,5.526,2.310
least-connections-cache-off-warm500,70,1,11.3714,3.106,27.642,30.748,house,the-adventures-of-ferdinand-count-fathom-complete,1,,server-2,1,1,0,2.162,5.526,3.541
least-connections-cache-off-warm500,70,1,11.3857,2.055,28.488,30.543,he,north-and-south,1,,server-3,0,1,1,5.124,2.969,3.541
least-connections-cache-off-warm500,70,1,11.4000,1.819,11.968,13.788,you,the-first-men-in-the-moon,1,,server-1,1,1,1,5.124,2.969,1.929
least-connections-cache-off-warm500,70,1,11.4143,1.388,21.707,23.094,house,life-on-the-mississippi,1,,server-2,0,1,1,3.603,6.189,1.929
least-connections-cache-off-warm500,70,1,11.4286,1.516,30.009,31.524,and,the-iliad,1,,server-3,0,1,1,3.603,3.259,5.729
least-connections-cache-off-warm500,70,1,11.4429,1.405,24.383,25.789,you,the-song-of-the-lark,1,,server-1,1,0,1,3.603,5.499,3.004
least-connections-cache-off-warm500,70,1,11.4571,1.470,15.323,16.793,heart,myths-and-legends-of-ancient-greece-and-rome,1,,server-2,1,1,1,1.916,5.499,3.004
least-connections-cache-off-warm500,70,1,11.4714,1.194,18.624,19.818,house,pride-and-prejudice,1,,server-3,0,1,1,5.096,2.895,6.689
least-connections-cache-off-warm500,70,1,11.4857,1.250,15.705,16.955,was,persuasion,1,,server-1,1,0,1,5.096,4.261,3.494
least-connections-cache-off-warm500,70,1,11.5000,1.225,13.657,14.882,love,frankenstein-or-the-modern-prometheus-41445,1,,server-2,1,1,0,2.674,4.261,5.179
least-connections-cache-off-warm500,70,1,11.5143,1.286,12.485,13.772,heart,agnes-grey,1,,server-3,0,1,1,4.187,2.247,5.179
least-connections-cache-off-warm500,70,1,11.5286,1.183,19.018,20.201,horse,the-scarlet-letter,1,,server-1,1,0,0,4.187,3.587,3.706
least-connections-cache-off-warm500,70,1,11.5429,1.298,11.069,12.367,she,washington-square,1,,server-2,1,1,0,2.215,3.587,3.706
least-connections-cache-off-warm500,70,1,11.5571,1.064,17.575,18.640,heart,silas-marner,1,,server-3,0,0,1,4.423,2.951,3.706
least-connections-cache-off-warm500,70,1,11.5714,1.052,26.406,27.458,castle,mansfield-park,1,,server-1,1,0,1,4.423,2.951,1.966
least-connections-cache-off-warm500,70,1,11.5857,1.903,13.415,15.318,of,the-picture-of-dorian-gray,1,,server-2,1,1,0,2.323,2.951,4.023
least-connections-cache-off-warm500,70,1,11.6000,1.204,35.134,36.338,castle,the-vicomte-de-bragelonne,1,,server-3,0,1,1,5.670,1.610,4.023
least-connections-cache-off-warm500,70,1,11.6143,2.200,32.252,34.452,money,the-mysterious-island,1,,server-1,1,0,1,5.670,3.105,2.137
least-connections-cache-off-warm500,70,1,11.6286,1.442,14.296,15.737,heart,agnes-grey,1,,server-2,1,1,1,3.021,3.105,2.137
least-connections-cache-off-warm500,70,1,11.6429,1.274,9.963,11.237,sea,beyond-good-and-evil,1,,server-3,1,1,1,3.021,1.656,6.967
least-connections-cache-off-warm500,70,1,11.6571,1.215,20.124,21.339,he,pride-and-prejudice,1,,server-1,1,0,0,6.996,3.301,3.868
least-connections-cache-off-warm500,70,1,11.6714,1.346,26.810,28.155,whale,a-tale-of-two-cities,1,,server-2,1,1,0,3.658,3.301,3.868
least-connections-cache-off-warm500,70,1,11.6857,1.705,23.014,24.719,she,the-iliad-2199,1,,server-3,0,1,1,5.523,1.755,3.868
least-connections-cache-off-warm500,70,1,11.7000,1.647,15.900,17.546,you,the-memoirs-of-sherlock-holmes,1,,server-1,1,1,1,5.523,5.379,2.063
least-connections-cache-off-warm500,70,1,11.7143,1.369,29.553,30.922,was,jane-eyre-an-autobiography,1,,server-2,1,1,0,2.890,5.379,4.959
least-connections-cache-off-warm500,70,1,11.7286,1.785,28.514,30.299,of,a-tale-of-two-cities,1,,server-3,0,1,1,4.336,2.823,4.959
least-connections-cache-off-warm500,70,1,11.7429,2.172,12.677,14.849,castle,frankenstein-or-the-modern-prometheus,1,,server-1,1,1,1,4.336,2.823,2.640
least-connections-cache-off-warm500,70,1,11.7571,1.535,34.863,36.398,he,the-vicomte-de-bragelonne,1,,server-2,1,1,1,2.285,6.394,2.640
least-connections-cache-off-warm500,70,1,11.7714,2.058,30.765,32.822,heart,the-innocents-abroad,1,,server-3,0,1,1,3.429,3.353,6.200
least-connections-cache-off-warm500,70,1,11.7857,1.743,11.456,13.199,was,the-war-of-the-worlds,1,,server-1,1,1,1,3.429,3.353,3.285
least-connections-cache-off-warm500,70,1,11.8000,1.576,13.525,15.101,letter,persuasion,1,,server-2,0,1,1,2.922,7.687,3.285
least-connections-cache-off-warm500,70,1,11.8143,1.189,12.422,13.611,sea,the-warden,1,,server-3,0,1,1,2.922,4.022,6.957
least-connections-cache-off-warm500,70,1,11.8286,1.205,36.997,38.201,horse,mary-barton,1,,server-1,1,0,0,2.922,4.661,4.256
least-connections-cache-off-warm500,70,1,11.8429,1.740,25.603,27.343,house,the-last-of-the-mohicans-a-narrative-of-1757,1,,server-2,1,1,0,1.571,4.661,4.256
least-connections-cache-off-warm500,70,1,11.8571,2.143,26.938,29.081,was,the-romance-of-lust-a-classic-victorian-erotic-novel,1,,server-3,1,1,1,1.571,2.481,4.256
least-connections-cache-off-warm500,70,1,11.8714,1.766,22.700,24.465,house,life-on-the-mississippi,1,,server-1,1,0,1,6.853,5.611,2.323
least-connections-cache-off-warm500,70,1,11.8857,1.617,28.956,30.573,of,the-vicomte-de-bragelonne,1,,server-2,1,1,1,3.593,5.611,2.323
least-connections-cache-off-warm500,70,1,11.9000,1.956,22.455,24.411,london,leaves-of-grass,1,,server-3,0,1,1,5.876,2.961,5.707
least-connections-cache-off-warm500,70,1,11.9143,1.837,20.146,21.983,of,the-return-of-sherlock-holmes,1,,server-1,1,1,1,5.876,2.961,3.060
least-connections-cache-off-warm500,70,1,11.9286,1.408,23.111,24.519,he,the-return-of-sherlock-holmes,1,,server-2,1,1,0,3.133,6.465,5.469
least-connections-cache-off-warm500,70,1,11.9429,1.427,25.132,26.559,she,the-american,1,,server-3,0,1,1,5.157,3.400,5.469
least-connections-cache-off-warm500,70,1,11.9571,2.128,12.119,14.247,london,the-hound-of-the-baskervilles-3070,1,,server-1,1,0,1,5.157,5.835,2.890
least-connections-cache-off-warm500,70,1,11.9714,1.137,15.256,16.393,death,kidnapped,1,,server-2,1,1,0,3.647,5.835,5.800
least-connections-cache-off-warm500,70,1,11.9857,1.377,28.058,29.435,king,walden-and-on-the-duty-of-civil-disobedience,1,,server-3,0,1,1,3.647,3.055,5.800
least-connections-cache-off-warm500,70,1,12.0000,1.867,16.208,18.075,house,the-picture-of-dorian-gray,1,,server-1,1,0,1,3.647,4.376,3.078
least-connections-cache-off-warm500,70,1,12.0143,2.332,17.017,19.349,night,frankenstein-or-the-modern-prometheus-41445,1,,server-2,1,1,1,1.981,4.376,3.078
least-connections-cache-off-warm500,70,1,12.0286,1.357,12.703,14.060,london,the-hound-of-the-baskervilles-3070,1,,server-3,0,1,1,3.802,2.333,6.419
least-connections-cache-off-warm500,70,1,12.0429,3.297,44.535,47.832,london,the-tenant-of-wildfell-hall,1,,server-1,1,0,1,3.802,4.153,4.103
least-connections-cache-off-warm500,70,1,12.0571,6.043,17.919,23.962,letter,meditations,1,,server-2,1,1,0,2.134,4.153,4.103
least-connections-cache-off-warm500,70,1,12.0714,2.461,19.950,22.412,house,a-connecticut-yankee-in-king-arthur-s-court,1,,server-3,1,1,1,2.134,2.425,4.103
least-connections-cache-off-warm500,70,1,12.0857,1.561,18.893,20.453,she,the-picture-of-dorian-gray,1,,server-2,1,1,1,2.134,4.200,2.252
least-connections-cache-off-warm500,70,1,12.1000,2.210,24.228,26.438,horse,wuthering-heights,1,,server-3,0,1,1,8.362,2.198,4.541
least-connections-cache-off-warm500,70,1,12.1143,2.614,16.466,19.079,money,the-picture-of-dorian-gray,1,,server-1,1,0,1,8.362,4.405,2.424
least-connections-cache-off-warm500,70,1,12.1286,1.213,23.283,24.496,castle,walden-and-on-the-duty-of-civil-disobedience,1,,server-2,1,1,0,4.413,4.405,5.328
least-connections-cache-off-warm500,70,1,12.1429,1.821,11.948,13.769,king,frankenstein-or-the-modern-prometheus,1,,server-3,0,1,1,5.388,2.319,5.328
least-connections-cache-off-warm500,70,1,12.1571,1.473,31.816,33.288,love,life-on-the-mississippi,1,,server-1,1,0,0,5.388,5.185,3.679
least-connections-cache-off-warm500,70,1,12.1714,3.151,14.451,17.602,death,the-warden,1,,server-2,1,1,0,2.827,5.185,3.679
least-connections-cache-off-warm500,70,1,12.1857,2.361,26.257,28.618,money,desperate-remedies,1,,server-3,1,1,1,2.827,2.843,3.679
least-connections-cache-off-warm500,70,1,12.2000,1.506,20.925,22.431,money,wuthering-heights,1,,server-1,1,0,1,6.875,4.010,1.994
least-connections-cache-off-warm500,70,1,12.2143,1.649,25.420,27.070,whale,sense-and-sensibility,1,,server-2,1,1,1,3.588,4.010,5.414
least-connections-cache-off-warm500,70,1,12.2286,1.707,22.345,24.052,you,the-house-of-mirth,1,,server-3,0,1,1,5.588,2.124,5.414
least-connections-cache-off-warm500,70,1,12.2429,1.411,26.279,27.690,letter,great-expectations,1,,server-1,1,0,1,5.588,5.366,2.878
least-connections-cache-off-warm500,70,1,12.2571,1.240,13.484,14.724,night,frankenstein-or-the-modern-prometheus,1,,server-2,1,1,0,2.958,5.366,5.350
least-connections-cache-off-warm500,70,1,12.2714,1.596,13.470,15.067,letter,northanger-abbey,1,,server-3,0,1,1,6.043,2.817,5.350
least-connections-cache-off-warm500,70,1,12.2857,1.800,23.316,25.116,money,the-jungle,1,,server-1,1,0,1,6.043,3.929,4.857
least-connections-cache-off-warm500,70,1,12.3000,1.388,15.238,16.626,horse,the-scarlet-letter,1,,server-2,1,1,0,3.152,3.929,3.906
least-connections-cache-off-warm500,70,1,12.3143,1.164,25.495,26.660,money,pride-and-prejudice,1,,server-3,0,1,1,5.675,2.090,3.906
least-connections-cache-off-warm500,70,1,12.3286,1.326,24.329,25.655,whale,emma,1,,server-1,1,0,1,5.675,3.739,2.070
least-connections-cache-off-warm500,70,1,12.3429,1.338,17.045,18.382,king,twenty-thousand-leagues-under-the-sea,1,,server-2,1,1,0,2.973,3.739,5.394
least-connections-cache-off-warm500,70,1,12.3571,1.362,23.475,24.837,letter,sense-and-sensibility,1,,server-3,0,1,1,5.747,2.006,5.394
least-connections-cache-off-warm500,70,1,12.3714,2.294,29.716,32.010,whale,the-song-of-the-lark,1,,server-1,1,0,1,5.747,3.975,2.847
least-connections-cache-off-warm500,70,1,12.3857,1.650,13.575,15.225,money,the-lost-world,1,,server-2,1,1,0,3.058,3.975,5.487
least-connections-cache-off-warm500,70,1,12.4000,1.736,12.835,14.571,she,washington-square,1,,server-3,1,1,1,3.058,2.108,5.487
least-connections-cache-off-warm500,70,1,12.4143,1.637,22.317,23.954,love,the-warden,1,,server-1,1,0,1,6.618,3.497,4.781
least-connections-cache-off-warm500,70,1,12.4286,2.160,17.212,19.373,king,the-picture-of-dorian-gray,1,,server-2,1,1,0,3.456,3.497,3.852
least-connections-cache-off-warm500,70,1,12.4429,1.357,26.932,28.289,sea,adventures-of-huckleberry-finn,1,,server-3,0,1,1,5.723,1.911,3.852
least-connections-cache-off-warm500,70,1,12.4571,1.211,23.440,24.651,sea,the-odyssey,1,,server-1,1,0,1,5.723,3.912,2.058
least-connections-cache-off-warm500,70,1,12.4714,1.885,14.789,16.673,and,the-adventures-of-tom-sawyer-complete,1,,server-2,1,1,1,2.995,3.912,5.557
least-connections-cache-off-warm500,70,1,12.4857,2.024,16.304,18.329,house,the-first-men-in-the-moon,1,,server-3,0,1,1,5.645,2.122,5.557
least-connections-cache-off-warm500,70,1,12.5000,1.567,19.847,21.415,you,madame-bovary,1,,server-1,1,0,1,5.645,3.668,2.952
least-connections-cache-off-warm500,70,1,12.5143,1.619,10.698,12.317,night,beyond-good-and-evil,1,,server-2,1,1,0,2.956,3.668,4.403
least-connections-cache-off-warm500,70,1,12.5286,1.603,22.597,24.199,heart,the-works-of-edgar-allan-poe-volume-2,1,,server-3,0,0,1,5.019,2.885,4.403
least-connections-cache-off-warm500,70,1,12.5429,2.181,18.502,20.683,was,the-house-of-the-seven-gables,1,,server-1,1,0,1,5.019,2.885,2.343
least-connections-cache-off-warm500,70,1,12.5571,1.528,21.177,22.704,she,leaves-of-grass,1,,server-2,1,1,0,2.685,2.885,5.036
least-connections-cache-off-warm500,70,1,12.5714,1.624,22.925,24.550,whale,the-jungle,1,,server-3,0,1,1,4.585,1.568,5.036
least-connections-cache-off-warm500,70,1,12.5857,1.752,25.205,26.957,castle,tess-of-the-d-urbervilles-a-pure-woman,1,,server-1,1,0,1,4.585,4.332,2.646
least-connections-cache-off-warm500,70,1,12.6000,1.530,12.979,14.509,house,his-last-bow,1,,server-2,1,1,0,2.421,4.332,5.319
least-connections-cache-off-warm500,70,1,12.6143,1.331,11.720,13.051,heart,a-princess-of-mars,1,,server-3,0,1,1,5.541,4.330,5.319
least-connections-cache-off-warm500,70,1,12.6286,1.959,16.270,18.229,heart,the-prince,1,,server-1,1,0,0,5.541,3.473,3.614
least-connections-cache-off-warm500,70,1,12.6429,1.466,31.803,33.269,and,the-romance-of-lust-a-classic-victorian-erotic-novel,1,,server-2,1,1,0,2.906,3.473,3.614
least-connections-cache-off-warm500,70,1,12.6571,1.918,27.361,29.279,castle,little-women,1,,server-3,0,1,1,4.409,1.858,3.614
least-connections-cache-off-warm500,70,1,12.6714,1.726,16.553,18.279,castle,the-works-of-edgar-allan-poe-volume-2,1,,server-1,1,1,1,4.409,1.858,1.962
least-connections-cache-off-warm500,70,1,12.6857,1.759,13.404,15.163,was,the-scarlet-letter-33,1,,server-2,1,1,1,2.400,6.243,1.962
least-connections-cache-off-warm500,70,1,12.7000,1.499,13.442,14.941,you,silas-marner,1,,server-3,0,1,1,4.142,3.271,5.567
least-connections-cache-off-warm500,70,1,12.7143,1.596,10.457,12.053,whale,the-lost-world,1,,server-1,1,0,1,4.142,4.198,2.938
least-connections-cache-off-warm500,70,1,12.7286,1.428,11.986,13.414,house,the-prince,1,,server-2,0,1,0,3.019,4.198,3.981
least-connections-cache-off-warm500,70,1,12.7429,1.283,37.921,39.205,of,the-innocents-abroad,1,,server-3,0,0,1,3.019,3.301,3.981
least-connections-cache-off-warm500,70,1,12.7571,2.430,13.750,16.179,whale,the-secret-adversary,1,,server-1,1,0,1,3.019,3.301,2.127
least-connections-cache-off-warm500,70,1,12.7714,1.313,16.837,18.150,the,the-house-of-the-seven-gables,1,,server-2,1,1,1,1.675,3.301,2.127
least-connections-cache-off-warm500,70,1,12.7857,1.508,25.590,27.098,of,desperate-remedies,1,,server-3,0,1,1,3.217,1.781,7.396
least-connections-cache-off-warm500,70,1,12.8000,1.913,13.611,15.524,house,frankenstein-or-the-modern-prometheus,1,,server-1,1,0,1,3.217,3.796,3.908
least-connections-cache-off-warm500,70,1,12.8143,1.520,27.422,28.943,was,pride-and-prejudice,1,,server-2,1,1,0,1.732,3.796,6.536
least-connections-cache-off-warm500,70,1,12.8286,2.436,16.016,18.452,house,memoirs-of-fanny-hill,1,,server-3,0,1,1,3.216,2.032,6.536
least-connections-cache-off-warm500,70,1,12.8429,1.583,23.387,24.970,and,the-house-of-the-seven-gables,1,,server-1,1,1,1,3.216,7.017,3.477
least-connections-cache-off-warm500,70,1,12.8571,2.599,33.764,36.362,castle,the-romance-of-lust-a-classic-victorian-erotic-novel,1,,server-2,1,1,0,1.712,5.626,4.712
least-connections-cache-off-warm500,70,1,12.8714,1.591,15.249,16.841,horse,white-fang,1,,server-3,0,1,1,4.789,2.996,4.712
least-connections-cache-off-warm500,70,1,12.8857,1.410,13.497,14.908,castle,autobiography-of-benjamin-franklin,1,,server-1,1,1,1,4.789,2.996,2.492
least-connections-cache-off-warm500,70,1,12.9000,1.695,20.844,22.539,money,wuthering-heights,1,,server-2,1,1,0,2.531,7.259,3.994
least-connections-cache-off-warm500,70,1,12.9143,1.786,23.651,25.437,letter,the-iliad-2199,1,,server-3,0,1,1,3.724,3.788,3.994
least-connections-cache-off-warm500,70,1,12.9286,1.650,12.951,14.601,sea,meditations,1,,server-1,1,0,1,3.724,5.703,2.162
least-connections-cache-off-warm500,70,1,12.9429,1.464,12.973,14.437,night,treasure-island,1,,server-2,1,1,0,4.087,5.703,5.088
least-connections-cache-off-warm500,70,1,12.9571,1.829,33.404,35.233,the,far-from-the-madding-crowd,1,,server-3,0,1,1,3.287,3.938,5.088
least-connections-cache-off-warm500,70,1,12.9714,3.040,13.949,16.989,death,cranford,1,,server-1,1,0,1,3.287,3.938,2.736
least-connections-cache-off-warm500,70,1,12.9857,1.484,20.299,21.783,you,the-house-of-mirth,1,,server-2,1,1,1,1.855,3.938,2.736
least-connections-cache-off-warm500,70,1,13.0000,1.529,15.372,16.901,he,the-secret-garden-17396,1,,server-3,0,1,1,3.295,2.086,7.019
least-connections-cache-off-warm500,70,1,13.0143,1.610,23.120,24.731,london,the-warden,1,,server-1,1,0,1,3.295,4.494,3.666
least-connections-cache-off-warm500,70,1,13.0286,3.620,21.844,25.465,horse,around-the-world-in-eighty-days,1,,server-2,1,1,0,1.770,4.494,4.751
least-connections-cache-off-warm500,70,1,13.0429,1.924,25.761,27.685,king,far-from-the-madding-crowd,1,,server-3,0,1,1,4.774,2.493,4.751
least-connections-cache-off-warm500,70,1,13.0571,1.342,12.874,14.217,house,white-fang,1,,server-1,1,0,1,4.774,4.990,2.530
least-connections-cache-off-warm500,70,1,13.0714,1.661,15.121,16.782,death,autobiography-of-benjamin-franklin,1,,server-2,1,1,0,3.624,4.990,5.668
least-connections-cache-off-warm500,70,1,13.0857,1.351,20.393,21.744,she,the-secret-adversary,1,,server-3,0,1,1,3.624,2.621,5.668
least-connections-cache-off-warm500,70,1,13.1000,3.166,37.283,40.449,heart,the-innocents-abroad,1,,server-1,1,0,1,3.624,4.052,2.967
least-connections-cache-off-warm500,70,1,13.1143,3.157,18.039,21.196,sea,anne-of-green-gables,1,,server-2,1,1,0,2.021,4.052,5.117
least-connections-cache-off-warm500,70,1,13.1286,1.822,11.337,13.158,castle,silas-marner,1,,server-3,1,1,1,2.021,2.220,5.117
least-connections-cache-off-warm500,70,1,13.1429,1.298,17.111,18.410,was,autobiography-of-benjamin-franklin,1,,server-1,1,0,0,7.139,4.164,3.490
least-connections-cache-off-warm500,70,1,13.1571,1.746,16.355,18.100,house,myths-and-legends-of-ancient-greece-and-rome,1,,server-2,1,1,0,3.715,4.164,3.490
least-connections-cache-off-warm500,70,1,13.1714,1.508,15.775,17.283,you,the-adventures-of-sherlock-holmes,1,,server-3,0,1,1,5.087,2.240,3.490
least-connections-cache-off-warm500,70,1,13.1857,1.459,23.452,24.911,he,desperate-remedies,1,,server-1,1,0,1,5.087,3.986,1.874
least-connections-cache-off-warm500,70,1,13.2000,1.303,18.783,20.085,castle,walden-and-on-the-duty-of-civil-disobedience,1,,server-2,1,1,0,2.665,3.986,3.658
least-connections-cache-off-warm500,70,1,13.2143,1.523,28.319,29.841,love,great-expectations,1,,server-3,0,1,1,5.392,2.112,3.658
least-connections-cache-off-warm500,70,1,13.2286,1.483,17.242,18.724,and,twenty-thousand-leagues-under-the-sea,1,,server-1,1,0,1,5.392,4.306,1.976
least-connections-cache-off-warm500,70,1,13.2429,1.951,10.686,12.637,whale,the-war-of-the-worlds,1,,server-2,1,1,1,2.835,4.306,1.976
least-connections-cache-off-warm500,70,1,13.2571,1.614,25.795,27.409,of,the-works-of-edgar-allan-poe-volume-2,1,,server-3,0,0,1,4.515,3.088,5.745
least-connections-cache-off-warm500,70,1,13.2714,2.572,13.524,16.097,london,agnes-grey,1,,server-1,1,0,1,4.515,3.088,3.027
least-connections-cache-off-warm500,70,1,13.2857,1.474,16.214,17.688,he,frankenstein-or-the-modern-prometheus,1,,server-2,1,1,0,2.429,3.088,6.029
least-connections-cache-off-warm500,70,1,13.3000,2.398,21.386,23.784,you,the-return-of-sherlock-holmes-108,1,,server-3,0,1,1,3.642,1.676,6.029
least-connections-cache-off-warm500,70,1,13.3143,1.384,25.316,26.700,she,dracula,1,,server-1,1,0,1,3.642,3.603,3.219
least-connections-cache-off-warm500,70,1,13.3286,1.841,13.194,15.035,of,the-warden,1,,server-2,1,1,0,1.952,3.603,5.426
least-connections-cache-off-warm500,70,1,13.3429,1.346,30.204,31.550,night,the-innocents-abroad,1,,server-3,0,1,1,5.210,1.941,5.426
least-connections-cache-off-warm500,70,1,13.3571,2.199,13.592,15.791,house,northanger-abbey,1,,server-1,1,0,1,5.210,3.302,2.876
least-connections-cache-off-warm500,70,1,13.3714,1.800,14.318,16.117,she,desert-gold,1,,server-2,1,1,1,2.748,3.302,2.876
least-connections-cache-off-warm500,70,1,13.3857,1.675,26.237,27.912,and,the-secret-adversary,1,,server-3,0,1,1,3.877,1.779,6.659
least-connections-cache-off-warm500,70,1,13.4000,3.432,29.908,33.340,house,a-journey-to-the-centre-of-the-earth,1,,server-1,1,0,1,3.877,3.373,3.531
least-connections-cache-off-warm500,70,1,13.4143,1.699,24.875,26.574,was,the-secret-garden-17396,1,,server-2,1,1,0,2.178,3.373,6.407
least-connections-cache-off-warm500,70,1,13.4286,2.194,20.260,22.454,she,adventures-of-huckleberry-finn,1,,server-3,1,1,1,2.178,1.827,6.407
least-connections-cache-off-warm500,70,1,13.4429,1.494,12.408,13.902,money,the-adventures-of-tom-sawyer-complete,1,,server-1,1,0,1,6.019,5.104,3.413
least-connections-cache-off-warm500,70,1,13.4571,1.720,20.581,22.302,he,the-works-of-edgar-allan-poe-volume-2,1,,server-2,1,1,0,3.943,5.104,5.347
least-connections-cache-off-warm500,70,1,13.4714,1.645,16.677,18.322,money,the-works-of-edgar-allan-poe-volume-2,1,,server-3,0,1,1,3.943,2.690,5.347
least-connections-cache-off-warm500,70,1,13.4857,1.373,22.089,23.463,king,the-american,1,,server-1,1,0,1,3.943,4.959,2.828
least-connections-cache-off-warm500,70,1,13.5000,2.088,32.240,34.329,the,villette,1,,server-2,1,1,0,2.096,4.959,4.407
least-connections-cache-off-warm500,70,1,13.5143,1.652,14.289,15.941,you,the-warden,1,,server-3,0,1,1,4.833,2.649,4.407
least-connections-cache-off-warm500,70,1,13.5286,1.490,30.853,32.343,whale,jane-eyre-an-autobiography,1,,server-1,1,1,1,4.833,2.649,2.332
least-connections-cache-off-warm500,70,1,13.5429,1.476,10.875,12.351,house,the-kama-sutra-of-vatsyayana,1,,server-2,1,1,0,2.536,6.786,3.722
least-connections-cache-off-warm500,70,1,13.5571,1.278,14.083,15.361,sea,kidnapped,1,,server-3,1,0,1,2.536,3.984,3.722
least-connections-cache-off-warm500,70,1,13.5714,1.885,19.600,21.485,letter,the-mystery-of-edwin-drood,1,,server-1,1,0,1,6.520,3.984,1.994
least-connections-cache-off-warm500,70,1,13.5857,1.415,12.178,13.593,king,the-first-men-in-the-moon,1,,server-2,1,1,0,3.424,3.984,3.498
least-connections-cache-off-warm500,70,1,13.6000,1.622,35.647,37.270,and,jude-the-obscure,1,,server-3,0,0,1,5.274,3.273,3.498
least-connections-cache-off-warm500,70,1,13.6143,4.108,25.520,29.629,horse,the-last-of-the-mohicans-a-narrative-of-1757,1,,server-1,1,0,1,5.274,3.273,1.877
least-connections-cache-off-warm500,70,1,13.6286,1.522,16.833,18.355,of,twenty-thousand-leagues-under-the-sea,1,,server-2,1,1,1,2.880,3.273,1.877
least-connections-cache-off-warm500,70,1,13.6429,1.533,11.033,12.566,was,the-kama-sutra-of-vatsyayana,1,,server-3,1,1,1,2.880,1.753,6.849
least-connections-cache-off-warm500,70,1,13.6571,1.590,27.073,28.663,horse,pride-and-prejudice,1,,server-1,1,0,0,5.798,3.777,4.045
least-connections-cache-off-warm500,70,1,13.6714,2.128,26.618,28.746,and,life-on-the-mississippi,1,,server-2,1,1,0,3.034,3.777,4.045
least-connections-cache-off-warm500,70,1,13.6857,1.572,14.131,15.703,night,the-scarlet-letter,1,,server-3,1,1,1,6.158,2.035,4.045
least-connections-cache-off-warm500,70,1,13.7000,1.648,12.598,14.246,heart,autobiography-of-benjamin-franklin,1,,server-1,1,1,1,6.158,5.481,2.147
least-connections-cache-off-warm500,70,1,13.7143,1.682,21.373,23.054,letter,twenty-thousand-leagues-under-the-sea,1,,server-2,1,1,0,4.999,5.481,3.603
least-connections-cache-off-warm500,70,1,13.7286,3.098,25.957,29.055,she,the-house-of-mirth,1,,server-3,0,1,1,4.014,2.898,3.603
least-connections-cache-off-warm500,70,1,13.7429,1.439,29.631,31.070,of,the-mysterious-island,1,,server-1,1,0,1,4.014,5.247,1.936
least-connections-cache-off-warm500,70,1,13.7571,1.650,18.421,20.071,you,the-house-of-the-seven-gables,1,,server-2,1,1,1,2.119,5.247,1.936
least-connections-cache-off-warm500,70,1,13.7714,1.626,30.366,31.992,love,the-mysterious-island,1,,server-3,1,1,1,2.119,2.756,5.343
least-connections-cache-off-warm500,70,1,13.7857,1.577,13.362,14.939,death,the-scarlet-letter-33,1,,server-1,1,0,1,6.061,4.669,2.813
least-connections-cache-off-warm500,70,1,13.8000,1.481,21.537,23.018,horse,madame-bovary,1,,server-2,1,1,1,3.174,4.669,2.813
least-connections-cache-off-warm500,70,1,13.8143,2.084,16.093,18.177,of,northanger-abbey,1,,server-3,0,1,1,4.156,2.460,6.616
least-connections-cache-off-warm500,70,1,13.8286,1.271,22.716,23.987,you,thus-spake-zarathustra-a-book-for-all-and-none,1,,server-1,1,0,1,4.156,4.962,3.477
least-connections-cache-off-warm500,70,1,13.8429,1.746,13.669,15.415,sea,kidnapped,1,,server-2,1,1,0,2.185,4.962,4.745
least-connections-cache-off-warm500,70,1,13.8571,1.367,24.252,25.619,letter,the-odyssey,1,,server-3,0,1,1,4.960,2.641,4.745
least-connections-cache-off-warm500,70,1,13.8714,2.230,9.144,11.374,money,the-hound-of-the-baskervilles-3070,1,,server-1,1,0,1,4.960,3.802,2.496
least-connections-cache-off-warm500,70,1,13.8857,1.153,20.572,21.725,king,the-american,1,,server-2,0,1,0,3.080,3.802,5.424
least-connections-cache-off-warm500,70,1,13.9000,1.398,31.234,32.631,whale,the-innocents-abroad,1,,server-3,0,1,1,3.080,2.001,5.424
least-connections-cache-off-warm500,70,1,13.9143,1.870,13.123,14.992,night,autobiography-of-benjamin-franklin,1,,server-1,1,0,1,3.080,4.527,2.846
least-connections-cache-off-warm500,70,1,13.9286,1.547,20.669,22.216,he,the-last-of-the-mohicans-a-narrative-of-1757-27681,1,,server-2,1,1,1,1.660,4.527,2.846
least-connections-cache-off-warm500,70,1,13.9429,2.499,13.229,15.728,and,black-beauty,1,,server-3,0,1,1,3.099,2.377,6.776
least-connections-cache-off-warm500,70,1,13.9571,1.457,33.622,35.079,night,a-tale-of-two-cities,1,,server-1,1,0,1,3.099,4.788,3.549
least-connections-cache-off-warm500,70,1,13.9714,3.647,39.489,43.136,letter,the-moonstone,1,,server-2,1,1,0,1.663,4.788,4.309
least-connections-cache-off-warm500,70,1,13.9857,1.584,10.930,12.514,heart,the-mysterious-affair-at-styles,1,,server-3,1,1,1,1.663,2.663,4.309
least-connections-cache-off-warm500,70,1,14.0000,1.458,22.982,24.440,love,a-tale-of-two-cities,1,,server-1,1,1,0,6.389,2.663,3.121
least-connections-cache-off-warm500,70,1,14.0143,2.066,18.220,20.286,king,the-memoirs-of-sherlock-holmes,1,,server-3,1,1,1,3.345,9.807,3.121
least-connections-cache-off-warm500,70,1,14.0286,1.242,19.420,20.662,horse,the-secret-garden-17396,1,,server-1,1,0,1,5.784,7.865,1.691
least-connections-cache-off-warm500,70,1,14.0429,2.140,21.193,23.334,you,the-adventures-of-tom-sawyer-complete,1,,server-2,1,1,0,3.019,7.865,3.958
least-connections-cache-off-warm500,70,1,14.0571,2.404,27.327,29.731,death,dubliners,1,,server-3,0,1,1,5.013,4.163,3.958
least-connections-cache-off-warm500,70,1,14.0714,2.607,18.927,21.534,horse,dubliners,1,,server-1,1,0,1,5.013,5.973,2.180
least-connections-cache-off-warm500,70,1,14.0857,1.590,15.227,16.817,king,the-mystery-of-edwin-drood,1,,server-2,1,1,1,2.751,5.973,2.180
least-connections-cache-off-warm500,70,1,14.1000,1.275,9.347,10.622,king,herland,1,,server-3,0,1,1,4.683,3.120,5.651
least-connections-cache-off-warm500,70,1,14.1143,1.058,28.591,29.650,and,the-song-of-the-lark,1,,server-1,1,0,0,4.683,4.385,3.309
least-connections-cache-off-warm500,70,1,14.1286,2.127,19.445,21.572,king,adventures-of-huckleberry-finn,1,,server-2,1,1,0,2.474,4.385,3.309
least-connections-cache-off-warm500,70,1,14.1429,1.511,24.704,26.215,love,tess-of-the-d-urbervilles-a-pure-woman,1,,server-3,1,1,1,2.474,2.387,3.309
least-connections-cache-off-warm500,70,1,14.1571,1.380,23.224,24.604,death,a-tale-of-two-cities,1,,server-1,1,0,1,6.081,4.564,1.759
least-connections-cache-off-warm500,70,1,14.1714,1.329,21.925,23.254,sea,the-jungle,1,,server-2,1,1,0,3.204,4.564,5.067
least-connections-cache-off-warm500,70,1,14.1857,1.707,11.082,12.789,love,dubliners,1,,server-3,0,1,1,5.722,2.419,5.067
least-connections-cache-off-warm500,70,1,14.2000,1.465,15.923,17.389,night,grimms-fairy-tales,1,,server-1,1,0,0,5.722,5.011,3.449
least-connections-cache-off-warm500,70,1,14.2143,1.597,18.534,20.132,horse,grimms-fairy-tales,1,,server-2,1,1,0,2.991,5.011,3.449
least-connections-cache-off-warm500,70,1,14.2286,1.796,25.752,27.548,money,emma,1,,server-3,0,1,1,4.402,2.643,3.449
least-connections-cache-off-warm500,70,1,14.2429,1.564,29.602,31.167,heart,little-women,1,,server-1,1,0,1,4.402,4.614,1.859
least-connections-cache-off-warm500,70,1,14.2571,1.610,24.777,26.386,was,the-adventures-of-ferdinand-count-fathom-complete,1,,server-2,1,1,0,2.315,4.614,5.246
least-connections-cache-off-warm500,70,1,14.2714,1.974,20.611,22.584,night,sense-and-sensibility,1,,server-3,1,1,1,2.315,2.438,5.246
least-connections-cache-off-warm500,70,1,14.2857,1.665,13.407,15.072,house,the-wind-in-the-willows,1,,server-1,1,0,1,6.157,5.456,2.763
least-connections-cache-off-warm500,70,1,14.3000,1.809,18.845,20.654,love,the-picture-of-dorian-gray,1,,server-2,1,1,0,3.223,5.456,4.979
least-connections-cache-off-warm500,70,1,14.3143,1.752,17.406,19.159,heart,kidnapped,1,,server-3,0,1,1,4.175,2.866,4.979
least-connections-cache-off-warm500,70,1,14.3286,2.208,21.615,23.823,the,twenty-thousand-leagues-under-the-sea,1,,server-1,1,0,1,4.175,4.802,2.630
least-connections-cache-off-warm500,70,1,14.3429,1.950,20.510,22.460,horse,wuthering-heights,1,,server-2,1,1,0,2.248,4.802,4.410
least-connections-cache-off-warm500,70,1,14.3571,1.497,15.690,17.188,of,grimms-fairy-tales,1,,server-3,0,1,1,4.837,2.572,4.410
least-connections-cache-off-warm500,70,1,14.3714,1.496,11.592,13.088,heart,his-last-bow,1,,server-1,1,0,1,4.837,4.845,2.330
least-connections-cache-off-warm500,70,1,14.3857,2.818,25.810,28.628,king,cranford,1,,server-2,0,1,0,3.449,4.845,3.957
least-connections-cache-off-warm500,70,1,14.4000,3.438,12.375,15.813,of,the-jungle-book,1,,server-3,0,1,1,3.449,2.601,3.957
least-connections-cache-off-warm500,70,1,14.4143,1.375,26.251,27.626,of,pride-and-prejudice,1,,server-1,1,1,1,3.449,5.717,2.219
least-connections-cache-off-warm500,70,1,14.4286,2.281,13.518,15.800,whale,frankenstein-or-the-modern-prometheus-41445,1,,server-2,1,1,0,1.858,5.717,3.310
least-connections-cache-off-warm500,70,1,14.4429,1.611,28.379,29.990,castle,the-tenant-of-wildfell-hall,1,,server-3,0,1,1,5.347,3.029,3.310
least-connections-cache-off-warm500,70,1,14.4571,1.637,24.536,26.173,sea,thus-spake-zarathustra-a-book-for-all-and-none,1,,server-1,1,0,1,5.347,4.036,1.767
least-connections-cache-off-warm500,70,1,14.4714,1.774,13.277,15.051,love,his-last-bow,1,,server-2,1,1,1,2.826,4.036,1.767
least-connections-cache-off-warm500,70,1,14.4857,2.013,17.113,19.126,castle,the-picture-of-dorian-gray,1,,server-3,0,1,1,5.637,2.169,5.628
least-connections-cache-off-warm500,70,1,14.5000,2.240,39.285,41.526,was,the-iliad,1,,server-1,1,0,1,5.637,3.449,2.966
least-connections-cache-off-warm500,70,1,14.5143,4.163,31.637,35.800,and,the-iliad,1,,server-2,1,1,0,2.971,3.449,4.583
least-connections-cache-off-warm500,70,1,14.5286,1.569,17.672,19.240,night,adventures-of-huckleberry-finn,1,,server-3,1,1,1,2.971,1.968,4.583
least-connections-cache-off-warm500,70,1,14.5429,1.758,22.482,24.240,you,jude-the-obscure,1,,server-1,1,1,1,8.120,1.968,2.417
least-connections-cache-off-warm500,70,1,14.5571,1.288,26.422,27.709,heart,north-and-south,1,,server-2,1,1,0,4.243,6.199,4.329
least-connections-cache-off-warm500,70,1,14.5714,1.954,13.997,15.951,london,meditations,1,,server-3,0,1,1,6.282,3.250,4.329
least-connections-cache-off-warm500,70,1,14.5857,1.496,12.114,13.610,money,the-adventures-of-tom-sawyer-complete,1,,server-1,1,0,1,6.282,6.244,2.318
least-connections-cache-off-warm500,70,1,14.6000,1.366,12.232,13.598,the,frankenstein-or-the-modern-prometheus,1,,server-2,0,1,0,3.994,6.244,3.648
least-connections-cache-off-warm500,70,1,14.6143,1.384,19.576,20.960,she,frankenstein-or-the-modern-prometheus,1,,server-3,0,0,1,3.994,4.011,3.648
least-connections-cache-off-warm500,70,1,14.6286,2.170,30.112,32.282,of,far-from-the-madding-crowd,1,,server-1,1,0,1,3.994,4.011,1.956
least-connections-cache-off-warm500,70,1,14.6429,1.799,33.662,35.461,sea,the-moonstone,1,,server-2,1,1,0,2.171,4.011,4.334
least-connections-cache-off-warm500,70,1,14.6571,1.418,13.114,14.532,house,frankenstein-or-the-modern-prometheus,1,,server-3,1,1,1,2.171,2.154,4.334
least-connections-cache-off-warm500,70,1,14.6714,1.553,20.464,22.017,he,the-divine-comedy,1,,server-1,1,1,1,6.138,2.154,4.361
least-connections-cache-off-warm500,70,1,14.6857,1.581,14.712,16.293,was,the-hound-of-the-baskervilles,1,,server-2,1,1,0,3.248,6.672,3.511
least-connections-cache-off-warm500,70,1,14.7000,2.471,23.318,25.789,the,the-divine-comedy,1,,server-3,0,1,1,5.279,3.483,3.511
least-connections-cache-off-warm500,70,1,14.7143,1.620,24.996,26.616,was,a-connecticut-yankee-in-king-arthur-s-court,1,,server-1,1,0,1,5.279,4.558,1.939
least-connections-cache-off-warm500,70,1,14.7286,1.527,26.107,27.634,night,the-portrait-of-a-lady-volume-1,1,,server-2,1,1,0,2.780,4.558,4.859
least-connections-cache-off-warm500,70,1,14.7429,1.918,29.741,31.659,sea,the-mysterious-island,1,,server-3,0,1,1,5.678,2.414,4.859
least-connections-cache-off-warm500,70,1,14.7571,1.625,10.408,12.034,and,the-war-of-the-worlds,1,,server-1,1,0,1,5.678,5.643,2.599
least-connections-cache-off-warm500,70,1,14.7714,1.302,11.121,12.423,you,the-war-of-the-worlds,1,,server-2,0,1,1,3.525,5.643,2.599
least-connections-cache-off-warm500,70,1,14.7857,1.399,23.647,25.047,whale,the-warden,1,,server-3,0,0,1,3.525,3.620,6.352
least-connections-cache-off-warm500,70,1,14.8000,3.396,22.283,25.679,london,the-return-of-sherlock-holmes-108,1,,server-1,1,0,1,3.525,3.620,3.326
least-connections-cache-off-warm500,70,1,14.8143,2.565,27.976,30.541,sea,life-on-the-mississippi,1,,server-2,1,1,0,2.006,3.620,5.861
least-connections-cache-off-warm500,70,1,14.8286,1.640,8.255,9.895,heart,the-great-gatsby,1,,server-3,0,1,1,4.729,1.975,5.861
least-connections-cache-off-warm500,70,1,14.8429,1.808,20.783,22.591,and,a-journey-to-the-centre-of-the-earth,1,,server-1,1,1,0,4.729,1.975,3.246
least-connections-cache-off-warm500,70,1,14.8571,1.318,17.956,19.275,horse,the-house-of-the-seven-gables,1,,server-2,1,1,0,2.524,5.644,3.246
least-connections-cache-off-warm500,70,1,14.8714,1.310,14.545,15.855,castle,persuasion,1,,server-3,0,1,1,4.886,2.964,3.246
least-connections-cache-off-warm500,70,1,14.8857,1.607,25.335,26.942,heart,the-mystery-of-edwin-drood,1,,server-1,1,0,1,4.886,4.732,1.730
least-connections-cache-off-warm500,70,1,14.9000,2.904,18.740,21.645,he,twenty-thousand-leagues-under-the-sea,1,,server-2,1,1,0,2.575,4.732,3.380
least-connections-cache-off-warm500,70,1,14.9143,1.593,27.638,29.231,and,mansfield-park,1,,server-3,0,1,1,5.665,2.516,3.380
least-connections-cache-off-warm500,70,1,14.9286,1.525,25.540,27.065,heart,the-tenant-of-wildfell-hall,1,,server-1,1,0,1,5.665,4.508,1.824
least-connections-cache-off-warm500,70,1,14.9429,1.692,28.452,30.144,of,the-song-of-the-lark,1,,server-2,1,1,1,2.981,4.508,6.870
least-connections-cache-off-warm500,70,1,14.9571,1.482,13.639,15.121,death,silas-marner,1,,server-3,0,1,1,5.941,2.369,5.505
least-connections-cache-off-warm500,70,1,14.9714,1.966,13.385,15.351,the,the-jungle-book,1,,server-1,1,1,1,5.941,2.369,2.879
least-connections-cache-off-warm500,70,1,14.9857,1.068,15.615,16.683,of,the-secret-garden,1,,server-2,1,1,0,3.143,6.044,3.961
