label,rate,run,t_s,conn_ms,rpc_ms,total_ms,keyword,reference,ok,error_type,selected_server,server_1_connections,server_2_connections,server_3_connections,server_1_response_ewma_ms,server_2_response_ewma_ms,server_3_response_ewma_ms
least-response-time-cache-off-warm500,90,3,0.0000,4.535,36.561,41.096,he,the-secret-garden,1,,server-2,0,1,0,65.395,32.365,77.659
least-response-time-cache-off-warm500,90,3,0.0111,27.263,30.752,58.015,you,grimms-fairy-tales,1,,server-2,0,2,0,65.395,16.815,77.659
least-response-time-cache-off-warm500,90,3,0.0222,18.728,59.816,78.544,of,cranford,1,,server-2,0,3,0,65.395,14.702,77.659
least-response-time-cache-off-warm500,90,3,0.0333,8.046,46.829,54.875,money,the-return-of-sherlock-holmes,1,,server-2,0,4,0,65.395,14.702,77.659
least-response-time-cache-off-warm500,90,3,0.0444,54.456,27.536,81.991,night,cranford,1,,server-2,0,4,0,65.395,5.623,77.659
least-response-time-cache-off-warm500,90,3,0.0556,42.808,86.770,129.578,heart,the-scarlet-letter,1,,server-2,0,5,0,65.395,5.623,77.659
least-response-time-cache-off-warm500,90,3,0.0667,35.469,48.152,83.621,was,far-from-the-madding-crowd,1,,server-2,0,6,0,65.395,5.623,77.659
least-response-time-cache-off-warm500,90,3,0.0778,25.630,63.545,89.174,and,the-secret-garden-17396,1,,server-2,0,7,0,65.395,10.343,77.659
least-response-time-cache-off-warm500,90,3,0.0889,18.372,100.769,119.140,and,myths-and-legends-of-ancient-greece-and-rome,1,,server-2,0,7,0,65.395,20.050,77.659
least-response-time-cache-off-warm500,90,3,0.1000,27.660,139.087,166.747,the,persuasion,1,,server-2,0,8,0,65.395,20.872,77.659
least-response-time-cache-off-warm500,90,3,0.1111,56.873,101.170,158.043,night,hard-times,1,,server-2,0,7,0,65.395,6.130,77.659
least-response-time-cache-off-warm500,90,3,0.1222,63.426,214.615,278.041,death,jane-eyre-an-autobiography,1,,server-2,0,8,0,65.395,6.130,77.659
least-response-time-cache-off-warm500,90,3,0.1333,66.260,188.435,254.695,castle,the-romance-of-lust-a-classic-victorian-erotic-novel,1,,server-2,0,9,0,65.395,12.028,77.659
least-response-time-cache-off-warm500,90,3,0.1444,104.640,135.597,240.237,she,thus-spake-zarathustra-a-book-for-all-and-none,1,,server-2,0,10,0,65.395,12.028,77.659
least-response-time-cache-off-warm500,90,3,0.1556,109.133,91.531,200.665,london,oliver-twist,1,,server-2,0,10,0,65.395,23.401,77.659
least-response-time-cache-off-warm500,90,3,0.1667,117.129,182.869,299.997,letter,the-lost-world,1,,server-2,0,11,0,65.395,28.997,77.659
least-response-time-cache-off-warm500,90,3,0.1778,92.853,191.051,283.903,and,great-expectations,1,,server-2,0,12,0,65.395,29.106,77.659
least-response-time-cache-off-warm500,90,3,0.1889,94.777,112.794,207.571,he,the-hound-of-the-baskervilles,1,,server-2,0,11,0,65.395,29.467,77.659
least-response-time-cache-off-warm500,90,3,0.2000,84.964,179.119,264.083,love,the-last-of-the-mohicans-a-narrative-of-1757,1,,server-2,0,12,0,65.395,27.322,77.659
least-response-time-cache-off-warm500,90,3,0.2111,190.852,86.923,277.775,love,wuthering-heights,1,,server-2,0,12,0,65.395,33.728,77.659
least-response-time-cache-off-warm500,90,3,0.2222,246.074,92.417,338.491,house,north-and-south,1,,server-2,0,12,0,65.395,33.728,77.659
least-response-time-cache-off-warm500,90,3,0.2333,249.580,76.055,325.635,she,the-last-of-the-mohicans-a-narrative-of-1757-27681,1,,server-2,0,13,0,65.395,41.339,77.659
least-response-time-cache-off-warm500,90,3,0.2444,238.215,45.365,283.580,letter,walden-and-on-the-duty-of-civil-disobedience,1,,server-2,0,14,0,65.395,41.339,77.659
least-response-time-cache-off-warm500,90,3,0.2556,229.913,112.680,342.593,was,the-great-gatsby,1,,server-2,0,15,0,65.395,42.382,77.659
least-response-time-cache-off-warm500,90,3,0.2667,222.807,117.997,340.804,london,treasure-island,1,,server-2,0,16,0,65.395,56.045,77.659
least-response-time-cache-off-warm500,90,3,0.2778,214.270,105.739,320.009,of,far-from-the-madding-crowd,1,,server-2,0,15,0,65.395,51.735,77.659
least-response-time-cache-off-warm500,90,3,0.2889,203.337,115.191,318.528,she,myths-and-legends-of-ancient-greece-and-rome,1,,server-2,0,16,0,65.395,22.189,77.659
least-response-time-cache-off-warm500,90,3,0.3000,260.600,120.462,381.062,he,oliver-twist,1,,server-2,0,17,0,65.395,22.189,77.659
least-response-time-cache-off-warm500,90,3,0.3111,294.663,23.128,317.791,whale,madame-bovary,1,,server-2,0,18,0,65.395,22.189,77.659
least-response-time-cache-off-warm500,90,3,0.3222,283.751,38.708,322.459,castle,wuthering-heights,1,,server-2,0,19,0,65.395,22.189,77.659
least-response-time-cache-off-warm500,90,3,0.3333,274.052,70.091,344.143,the,the-first-men-in-the-moon,1,,server-2,0,20,0,65.395,22.189,77.659
least-response-time-cache-off-warm500,90,3,0.3444,284.882,80.684,365.566,london,washington-square,1,,server-2,0,21,0,65.395,22.189,77.659
least-response-time-cache-off-warm500,90,3,0.3556,255.049,85.610,340.659,sea,desert-gold,1,,server-2,0,22,0,65.395,22.189,77.659
least-response-time-cache-off-warm500,90,3,0.3667,262.344,116.168,378.512,london,the-first-men-in-the-moon,1,,server-2,0,23,0,65.395,35.032,77.659
least-response-time-cache-off-warm500,90,3,0.3778,269.064,98.942,368.006,she,mary-barton,1,,server-2,0,24,0,65.395,35.032,77.659
least-response-time-cache-off-warm500,90,3,0.3889,1.460,26.951,28.411,london,oliver-twist,1,,server-1,1,23,0,65.395,69.335,77.659
least-response-time-cache-off-warm500,90,3,0.4000,17.674,40.138,57.812,she,the-house-of-mirth,1,,server-1,2,23,0,33.558,95.055,77.659
least-response-time-cache-off-warm500,90,3,0.4111,6.864,41.493,48.357,was,walden-and-on-the-duty-of-civil-disobedience,1,,server-1,3,19,0,33.558,39.744,77.659
least-response-time-cache-off-warm500,90,3,0.4222,39.184,61.021,100.205,was,north-and-south,1,,server-1,3,19,0,8.056,39.744,77.659
least-response-time-cache-off-warm500,90,3,0.4333,27.339,13.908,41.247,you,meditations,1,,server-1,4,19,0,8.056,39.744,77.659
least-response-time-cache-off-warm500,90,3,0.4444,16.627,58.249,74.876,she,treasure-island,1,,server-1,5,19,0,8.056,39.744,77.659
least-response-time-cache-off-warm500,90,3,0.4556,5.637,26.045,31.682,king,the-secret-garden-17396,1,,server-1,6,19,0,8.056,39.744,77.659
least-response-time-cache-off-warm500,90,3,0.4667,22.516,63.777,86.293,horse,the-prince,1,,server-1,5,19,0,3.263,92.227,77.659
least-response-time-cache-off-warm500,90,3,0.4778,11.882,65.324,77.206,money,white-fang,1,,server-1,5,18,0,4.256,119.983,77.659
least-response-time-cache-off-warm500,90,3,0.4889,35.358,94.067,129.425,whale,the-lost-world,1,,server-1,5,16,0,6.103,59.214,77.659
least-response-time-cache-off-warm500,90,3,0.5000,24.394,78.734,103.127,horse,the-american,1,,server-1,6,15,0,6.103,63.347,77.659
least-response-time-cache-off-warm500,90,3,0.5111,15.273,81.396,96.670,horse,north-and-south,1,,server-1,7,15,0,6.103,53.416,77.659
least-response-time-cache-off-warm500,90,3,0.5222,15.579,92.472,108.050,castle,a-princess-of-mars,1,,server-1,8,15,0,29.923,53.416,77.659
least-response-time-cache-off-warm500,90,3,0.5333,23.337,97.292,120.629,house,the-jungle-book,1,,server-1,7,15,0,6.736,39.012,77.659
least-response-time-cache-off-warm500,90,3,0.5444,72.554,84.025,156.579,and,the-return-of-sherlock-holmes,1,,server-1,8,15,0,7.592,39.012,77.659
least-response-time-cache-off-warm500,90,3,0.5556,62.968,62.614,125.582,horse,little-women,1,,server-1,8,15,0,12.784,39.012,77.659
least-response-time-cache-off-warm500,90,3,0.5667,86.537,100.540,187.078,king,persuasion,1,,server-1,8,14,0,8.314,103.692,77.659
least-response-time-cache-off-warm500,90,3,0.5778,76.450,94.949,171.399,you,the-works-of-edgar-allan-poe-volume-2,1,,server-1,9,14,0,8.314,103.692,77.659
least-response-time-cache-off-warm500,90,3,0.5889,65.963,78.927,144.890,sea,the-portrait-of-a-lady-volume-1,1,,server-1,10,14,0,8.314,103.692,77.659
least-response-time-cache-off-warm500,90,3,0.6000,95.687,97.445,193.133,house,twenty-thousand-leagues-under-the-sea,1,,server-1,11,14,0,8.314,128.170,77.659
least-response-time-cache-off-warm500,90,3,0.6111,90.393,91.134,181.527,love,myths-and-legends-of-ancient-greece-and-rome,1,,server-1,12,8,0,23.701,112.524,77.659
least-response-time-cache-off-warm500,90,3,0.6222,96.815,81.090,177.905,she,beyond-good-and-evil,1,,server-1,11,8,0,24.242,112.524,77.659
least-response-time-cache-off-warm500,90,3,0.6333,85.984,94.096,180.079,was,the-king-in-yellow,1,,server-1,12,8,0,34.375,86.749,77.659
least-response-time-cache-off-warm500,90,3,0.6444,89.337,168.460,257.797,she,anne-of-green-gables,1,,server-1,13,8,0,34.375,65.369,77.659
least-response-time-cache-off-warm500,90,3,0.6556,93.848,154.173,248.021,heart,the-moonstone,1,,server-1,11,6,0,16.342,35.112,77.659
least-response-time-cache-off-warm500,90,3,0.6667,89.199,98.897,188.096,she,the-odyssey,1,,server-1,12,6,0,16.342,35.112,77.659
least-response-time-cache-off-warm500,90,3,0.6778,115.087,82.085,197.172,and,the-secret-adversary,1,,server-1,13,6,0,28.415,39.378,77.659
least-response-time-cache-off-warm500,90,3,0.6889,131.802,93.173,224.975,whale,meditations,1,,server-1,14,5,0,35.081,37.068,77.659
least-response-time-cache-off-warm500,90,3,0.7000,45.530,51.275,96.805,whale,dracula,1,,server-2,13,5,0,39.532,38.552,77.659
least-response-time-cache-off-warm500,90,3,0.7111,105.262,114.346,219.608,london,the-portrait-of-a-lady-volume-1,1,,server-1,14,5,0,30.024,30.139,77.659
least-response-time-cache-off-warm500,90,3,0.7222,23.981,69.677,93.658,horse,the-mystery-of-edwin-drood,1,,server-2,13,6,0,35.110,30.139,77.659
least-response-time-cache-off-warm500,90,3,0.7333,13.009,69.105,82.114,whale,life-on-the-mississippi,1,,server-2,13,6,0,34.637,29.863,77.659
least-response-time-cache-off-warm500,90,3,0.7444,3.225,87.136,90.361,death,grimms-fairy-tales,1,,server-2,13,7,0,32.102,29.863,77.659
least-response-time-cache-off-warm500,90,3,0.7556,42.079,54.355,96.435,horse,grimms-fairy-tales,1,,server-2,10,5,0,29.653,4.637,77.659
least-response-time-cache-off-warm500,90,3,0.7667,33.718,99.290,133.008,you,dracula,1,,server-2,10,6,0,29.653,4.637,77.659
least-response-time-cache-off-warm500,90,3,0.7778,35.034,116.079,151.113,the,dracula,1,,server-2,10,7,0,29.653,4.637,77.659
least-response-time-cache-off-warm500,90,3,0.7889,41.665,72.148,113.812,castle,the-jungle,1,,server-2,10,8,0,29.653,4.637,77.659
least-response-time-cache-off-warm500,90,3,0.8000,51.945,104.080,156.025,she,washington-square,1,,server-2,9,9,0,38.646,13.045,77.659
least-response-time-cache-off-warm500,90,3,0.8111,67.668,75.518,143.186,death,the-mystery-of-edwin-drood,1,,server-2,9,10,0,39.296,13.045,77.659
least-response-time-cache-off-warm500,90,3,0.8222,79.524,79.323,158.847,money,sense-and-sensibility,1,,server-2,6,11,0,27.342,26.348,77.659
least-response-time-cache-off-warm500,90,3,0.8333,118.456,51.491,169.948,castle,anne-of-green-gables,1,,server-2,6,11,0,27.342,21.297,77.659
least-response-time-cache-off-warm500,90,3,0.8444,57.691,43.535,101.226,you,northanger-abbey,1,,server-1,7,9,0,24.702,25.365,77.659
least-response-time-cache-off-warm500,90,3,0.8556,101.625,64.511,166.135,horse,myths-and-legends-of-ancient-greece-and-rome,1,,server-2,7,10,0,32.071,29.084,77.659
least-response-time-cache-off-warm500,90,3,0.8667,111.732,83.624,195.356,letter,the-lost-world,1,,server-2,7,11,0,32.071,29.084,77.659
least-response-time-cache-off-warm500,90,3,0.8778,104.433,95.366,199.799,love,poirot-investigates,1,,server-2,7,12,0,38.368,29.084,77.659
least-response-time-cache-off-warm500,90,3,0.8889,112.355,100.842,213.198,was,wuthering-heights,1,,server-2,7,11,0,38.368,30.490,77.659
least-response-time-cache-off-warm500,90,3,0.9000,118.037,46.551,164.588,night,the-adventures-of-sherlock-holmes,1,,server-2,6,12,0,37.872,37.482,77.659
least-response-time-cache-off-warm500,90,3,0.9111,106.750,60.156,166.906,night,the-lost-world,1,,server-2,5,13,0,42.391,39.686,77.659
least-response-time-cache-off-warm500,90,3,0.9222,155.105,46.117,201.222,king,jude-the-obscure,1,,server-2,3,14,0,49.657,39.686,77.659
least-response-time-cache-off-warm500,90,3,0.9333,12.660,27.093,39.754,she,the-wind-in-the-willows,1,,server-1,2,11,0,42.166,45.553,77.659
least-response-time-cache-off-warm500,90,3,0.9444,2.244,28.215,30.459,night,the-secret-adversary,1,,server-1,3,11,0,42.166,45.553,77.659
least-response-time-cache-off-warm500,90,3,0.9556,19.960,19.137,39.098,heart,his-last-bow,1,,server-1,3,11,0,9.659,43.413,77.659
least-response-time-cache-off-warm500,90,3,0.9667,9.544,47.603,57.147,was,little-women,1,,server-1,4,9,0,9.659,34.479,77.659
least-response-time-cache-off-warm500,90,3,0.9778,1.896,87.220,89.116,he,the-return-of-sherlock-holmes,1,,server-1,3,9,0,4.607,34.479,77.659
least-response-time-cache-off-warm500,90,3,0.9889,31.147,46.307,77.453,you,his-last-bow,1,,server-1,4,9,0,3.076,25.263,77.659
least-response-time-cache-off-warm500,90,3,1.0000,26.600,92.574,119.174,she,madame-bovary,1,,server-1,5,8,0,7.227,41.305,77.659
least-response-time-cache-off-warm500,90,3,1.0111,17.570,127.234,144.803,london,the-king-in-yellow,1,,server-1,6,7,0,7.227,42.366,77.659
least-response-time-cache-off-warm500,90,3,1.0222,5.909,84.579,90.487,london,mary-barton,1,,server-1,7,7,0,13.606,20.364,77.659
least-response-time-cache-off-warm500,90,3,1.0333,27.831,67.136,94.967,the,the-war-of-the-worlds,1,,server-1,6,6,0,4.716,20.364,77.659
least-response-time-cache-off-warm500,90,3,1.0444,18.371,81.724,100.094,and,the-last-of-the-mohicans-a-narrative-of-1757-27681,1,,server-1,7,6,0,4.716,20.364,77.659
least-response-time-cache-off-warm500,90,3,1.0556,60.040,75.973,136.013,the,twenty-thousand-leagues-under-the-sea,1,,server-1,8,6,0,6.626,20.364,77.659
least-response-time-cache-off-warm500,90,3,1.0667,61.579,89.070,150.649,heart,the-adventures-of-sherlock-holmes,1,,server-1,9,6,0,23.833,25.742,77.659
least-response-time-cache-off-warm500,90,3,1.0778,66.468,43.081,109.549,king,the-secret-adversary,1,,server-1,10,4,0,19.154,38.833,77.659
least-response-time-cache-off-warm500,90,3,1.0889,70.269,59.404,129.673,she,the-picture-of-dorian-gray,1,,server-1,11,4,0,19.154,38.833,77.659
least-response-time-cache-off-warm500,90,3,1.1000,60.528,80.922,141.451,love,the-jungle-book,1,,server-1,12,4,0,19.154,35.415,77.659
least-response-time-cache-off-warm500,90,3,1.1111,75.152,57.383,132.535,love,twenty-thousand-leagues-under-the-sea,1,,server-1,12,1,0,25.705,33.401,77.659
least-response-time-cache-off-warm500,90,3,1.1222,1.955,16.088,18.043,sea,kidnapped,1,,server-2,10,2,0,40.952,33.401,77.659
least-response-time-cache-off-warm500,90,3,1.1333,7.238,22.855,30.093,heart,the-last-of-the-mohicans-a-narrative-of-1757,1,,server-2,10,2,0,35.090,14.783,77.659
least-response-time-cache-off-warm500,90,3,1.1444,19.542,12.781,32.323,money,memoirs-of-fanny-hill,1,,server-2,9,2,0,30.074,6.784,77.659
least-response-time-cache-off-warm500,90,3,1.1556,8.524,21.901,30.425,house,a-princess-of-mars,1,,server-2,9,3,0,46.734,6.784,77.659
least-response-time-cache-off-warm500,90,3,1.1667,20.584,39.978,60.561,of,washington-square,1,,server-2,6,3,0,23.010,3.583,77.659
least-response-time-cache-off-warm500,90,3,1.1778,9.286,29.032,38.318,sea,the-romance-of-lust-a-classic-victorian-erotic-novel,1,,server-2,6,4,0,23.010,5.311,77.659
least-response-time-cache-off-warm500,90,3,1.1889,23.663,41.252,64.915,he,a-connecticut-yankee-in-king-arthur-s-court,1,,server-2,6,3,0,25.421,3.584,77.659
least-response-time-cache-off-warm500,90,3,1.2000,17.699,121.863,139.562,and,myths-and-legends-of-ancient-greece-and-rome,1,,server-2,6,4,0,33.036,2.911,77.659
least-response-time-cache-off-warm500,90,3,1.2111,6.919,86.513,93.432,night,tess-of-the-d-urbervilles-a-pure-woman,1,,server-2,6,5,0,30.202,2.911,77.659
least-response-time-cache-off-warm500,90,3,1.2222,6.140,72.142,78.282,castle,the-mysterious-affair-at-styles,1,,server-2,2,6,0,25.622,5.399,77.659
least-response-time-cache-off-warm500,90,3,1.2333,20.837,96.640,117.477,he,dubliners,1,,server-2,2,5,0,25.622,5.552,77.659
least-response-time-cache-off-warm500,90,3,1.2444,6.537,75.689,82.226,sea,a-connecticut-yankee-in-king-arthur-s-court,1,,server-2,0,6,0,23.905,5.552,77.659
least-response-time-cache-off-warm500,90,3,1.2556,83.875,40.862,124.737,king,villette,1,,server-2,0,7,0,23.905,7.448,77.659
least-response-time-cache-off-warm500,90,3,1.2667,84.914,51.948,136.862,heart,a-tale-of-two-cities,1,,server-2,0,8,0,23.905,7.448,77.659
least-response-time-cache-off-warm500,90,3,1.2778,73.160,93.254,166.415,she,the-last-of-the-mohicans-a-narrative-of-1757,1,,server-2,0,9,0,23.905,9.162,77.659
least-response-time-cache-off-warm500,90,3,1.2889,63.374,101.519,164.893,was,the-prince,1,,server-2,0,10,0,23.905,9.162,77.659
least-response-time-cache-off-warm500,90,3,1.3000,52.841,88.998,141.839,house,leaves-of-grass,1,,server-2,0,10,0,23.905,9.162,77.659
least-response-time-cache-off-warm500,90,3,1.3111,2.668,21.652,24.320,night,thus-spake-zarathustra-a-book-for-all-and-none,1,,server-1,1,10,0,23.905,32.785,77.659
least-response-time-cache-off-warm500,90,3,1.3222,14.068,33.481,47.549,letter,life-on-the-mississippi,1,,server-1,2,10,0,12.378,32.785,77.659
least-response-time-cache-off-warm500,90,3,1.3333,2.866,12.915,15.781,king,agnes-grey,1,,server-1,3,9,0,12.378,45.467,77.659
least-response-time-cache-off-warm500,90,3,1.3444,23.202,23.830,47.032,you,the-house-of-mirth,1,,server-1,3,7,0,4.167,31.376,77.659
least-response-time-cache-off-warm500,90,3,1.3556,15.222,36.013,51.235,king,wuthering-heights,1,,server-1,4,5,0,4.471,13.305,77.659
least-response-time-cache-off-warm500,90,3,1.3667,5.120,56.076,61.197,death,sense-and-sensibility,1,,server-1,5,5,0,4.471,13.305,77.659
least-response-time-cache-off-warm500,90,3,1.3778,30.204,47.708,77.913,he,anne-of-green-gables,1,,server-1,4,5,0,3.627,13.305,77.659
least-response-time-cache-off-warm500,90,3,1.3889,18.843,76.570,95.413,castle,the-first-men-in-the-moon,1,,server-1,5,4,0,3.627,17.568,77.659
least-response-time-cache-off-warm500,90,3,1.4000,8.469,58.199,66.668,you,the-jungle-book,1,,server-1,6,4,0,7.062,17.568,77.659
least-response-time-cache-off-warm500,90,3,1.4111,19.275,73.205,92.480,of,anne-of-green-gables,1,,server-1,5,4,0,4.873,24.333,77.659
least-response-time-cache-off-warm500,90,3,1.4222,8.785,51.315,60.100,horse,frankenstein-or-the-modern-prometheus-41445,1,,server-1,6,4,0,4.873,24.333,77.659
least-response-time-cache-off-warm500,90,3,1.4333,34.100,63.869,97.969,and,jude-the-obscure,1,,server-1,7,4,0,5.655,24.333,77.659
least-response-time-cache-off-warm500,90,3,1.4444,60.976,65.041,126.017,money,the-american,1,,server-1,8,2,0,5.655,36.423,77.659
least-response-time-cache-off-warm500,90,3,1.4556,51.226,87.516,138.743,he,the-memoirs-of-sherlock-holmes,1,,server-1,9,0,0,13.823,33.072,77.659
least-response-time-cache-off-warm500,90,3,1.4667,39.553,42.861,82.414,she,the-memoirs-of-sherlock-holmes,1,,server-1,8,0,0,21.349,33.072,77.659
least-response-time-cache-off-warm500,90,3,1.4778,29.298,84.425,113.723,letter,the-lost-world,1,,server-1,9,0,0,14.196,33.072,77.659
least-response-time-cache-off-warm500,90,3,1.4889,2.632,20.009,22.641,death,thus-spake-zarathustra-a-book-for-all-and-none,1,,server-2,8,1,0,33.897,33.072,77.659
least-response-time-cache-off-warm500,90,3,1.5000,12.254,28.888,41.141,king,the-innocents-abroad,1,,server-2,8,2,0,33.897,17.038,77.659
least-response-time-cache-off-warm500,90,3,1.5111,21.219,82.229,103.448,horse,the-last-of-the-mohicans-a-narrative-of-1757,1,,server-1,6,2,0,9.032,16.113,77.659
least-response-time-cache-off-warm500,90,3,1.5222,19.616,26.492,46.108,he,the-tenant-of-wildfell-hall,1,,server-2,6,2,0,9.032,8.328,77.659
least-response-time-cache-off-warm500,90,3,1.5333,8.773,48.679,57.452,of,the-american,1,,server-2,5,3,0,9.682,8.328,77.659
least-response-time-cache-off-warm500,90,3,1.5444,47.019,60.460,107.479,you,the-return-of-sherlock-holmes-108,1,,server-2,5,3,0,9.682,4.150,77.659
least-response-time-cache-off-warm500,90,3,1.5556,32.743,54.880,87.623,whale,dracula,1,,server-2,5,4,0,16.148,4.150,77.659
least-response-time-cache-off-warm500,90,3,1.5667,24.999,110.810,135.809,was,the-kama-sutra-of-vatsyayana,1,,server-2,5,5,0,16.148,4.150,77.659
least-response-time-cache-off-warm500,90,3,1.5778,16.321,164.985,181.306,she,villette,1,,server-2,4,6,0,26.153,11.340,77.659
least-response-time-cache-off-warm500,90,3,1.5889,5.499,111.997,117.496,heart,persuasion,1,,server-2,4,7,0,26.153,12.784,77.659
least-response-time-cache-off-warm500,90,3,1.6000,51.283,101.103,152.386,the,the-first-men-in-the-moon,1,,server-2,2,6,0,32.684,3.927,77.659
least-response-time-cache-off-warm500,90,3,1.6111,63.703,134.423,198.126,the,the-vicomte-de-bragelonne,1,,server-2,2,7,0,32.684,3.927,77.659
least-response-time-cache-off-warm500,90,3,1.6222,53.025,103.449,156.474,house,madame-bovary,1,,server-2,0,8,0,33.982,3.927,77.659
least-response-time-cache-off-warm500,90,3,1.6333,144.737,57.669,202.406,money,leaves-of-grass,1,,server-2,0,9,0,33.982,3.927,77.659
least-response-time-cache-off-warm500,90,3,1.6444,134.740,137.234,271.974,and,the-moonstone,1,,server-2,0,10,0,33.982,19.223,77.659
least-response-time-cache-off-warm500,90,3,1.6556,154.498,63.984,218.482,castle,meditations,1,,server-2,0,11,0,33.982,28.212,77.659
least-response-time-cache-off-warm500,90,3,1.6667,142.871,54.309,197.180,whale,the-portrait-of-a-lady-volume-1,1,,server-2,0,12,0,33.982,28.212,77.659
least-response-time-cache-off-warm500,90,3,1.6778,133.557,49.034,182.591,whale,the-hound-of-the-baskervilles-3070,1,,server-2,0,12,0,33.982,20.346,77.659
least-response-time-cache-off-warm500,90,3,1.6889,143.526,109.349,252.875,she,the-song-of-the-lark,1,,server-2,0,13,0,33.982,20.346,77.659
least-response-time-cache-off-warm500,90,3,1.7000,114.807,98.211,213.018,letter,agnes-grey,1,,server-2,0,14,0,33.982,20.346,77.659
least-response-time-cache-off-warm500,90,3,1.7111,3.316,22.958,26.273,sea,the-secret-adversary,1,,server-1,1,13,0,33.982,43.623,77.659
least-response-time-cache-off-warm500,90,3,1.7222,15.760,27.791,43.551,whale,the-last-of-the-mohicans-a-narrative-of-1757,1,,server-1,2,13,0,17.571,43.623,77.659
least-response-time-cache-off-warm500,90,3,1.7333,4.811,58.957,63.768,you,the-moonstone,1,,server-1,3,13,0,17.571,43.623,77.659
least-response-time-cache-off-warm500,90,3,1.7444,53.090,60.924,114.014,the,north-and-south,1,,server-1,3,13,0,4.796,43.623,77.659
least-response-time-cache-off-warm500,90,3,1.7556,41.981,55.553,97.534,you,the-jungle,1,,server-1,4,13,0,4.796,50.616,77.659
least-response-time-cache-off-warm500,90,3,1.7667,31.792,75.283,107.076,she,the-works-of-edgar-allan-poe-volume-2,1,,server-1,5,11,0,9.318,47.859,77.659
least-response-time-cache-off-warm500,90,3,1.7778,21.228,151.337,172.564,you,the-iliad,1,,server-1,6,9,0,9.318,72.978,77.659
least-response-time-cache-off-warm500,90,3,1.7889,10.308,97.527,107.835,whale,the-return-of-sherlock-holmes-108,1,,server-1,7,9,0,9.318,58.523,77.659
least-response-time-cache-off-warm500,90,3,1.8000,4.586,141.680,146.266,was,desperate-remedies,1,,server-1,6,9,0,4.641,58.523,77.659
least-response-time-cache-off-warm500,90,3,1.8111,63.077,163.930,227.007,letter,the-vicomte-de-bragelonne,1,,server-1,7,8,0,2.803,17.798,77.659
least-response-time-cache-off-warm500,90,3,1.8222,72.614,90.246,162.860,sea,memoirs-of-fanny-hill,1,,server-1,8,7,0,2.803,43.000,77.659
least-response-time-cache-off-warm500,90,3,1.8333,63.791,87.283,151.074,night,persuasion,1,,server-1,9,7,0,2.803,33.854,77.659
least-response-time-cache-off-warm500,90,3,1.8444,54.259,98.425,152.684,horse,the-king-in-yellow,1,,server-1,10,7,0,2.803,38.479,77.659
least-response-time-cache-off-warm500,90,3,1.8556,87.326,183.967,271.293,whale,madame-bovary,1,,server-1,11,7,0,13.127,38.479,77.659
least-response-time-cache-off-warm500,90,3,1.8667,79.974,106.767,186.740,horse,the-scarlet-letter,1,,server-1,12,7,0,22.450,33.897,77.659
least-response-time-cache-off-warm500,90,3,1.8778,106.303,137.947,244.250,king,the-mysterious-affair-at-styles,1,,server-1,12,3,0,26.047,27.404,77.659
least-response-time-cache-off-warm500,90,3,1.8889,108.564,75.256,183.820,sea,thus-spake-zarathustra-a-book-for-all-and-none,1,,server-1,13,3,0,26.047,27.404,77.659
least-response-time-cache-off-warm500,90,3,1.9000,84.788,200.630,285.418,london,the-portrait-of-a-lady-volume-1,1,,server-1,11,3,0,23.575,27.404,77.659
least-response-time-cache-off-warm500,90,3,1.9111,95.601,119.315,214.917,and,the-iliad-2199,1,,server-1,12,3,0,23.575,27.404,77.659
least-response-time-cache-off-warm500,90,3,1.9222,150.772,117.975,268.747,you,a-connecticut-yankee-in-king-arthur-s-court,1,,server-1,13,1,0,23.575,33.823,77.659
least-response-time-cache-off-warm500,90,3,1.9333,120.505,113.764,234.269,king,the-last-of-the-mohicans-a-narrative-of-1757,1,,server-1,14,1,0,29.449,33.823,77.659
least-response-time-cache-off-warm500,90,3,1.9444,128.135,139.903,268.037,was,thus-spake-zarathustra-a-book-for-all-and-none,1,,server-1,15,0,0,32.192,34.609,77.659
least-response-time-cache-off-warm500,90,3,1.9556,1.872,23.896,25.768,castle,madame-bovary,1,,server-2,15,1,0,49.781,34.609,77.659
least-response-time-cache-off-warm500,90,3,1.9667,14.810,26.442,41.252,heart,beyond-good-and-evil,1,,server-2,15,2,0,38.009,17.820,77.659
least-response-time-cache-off-warm500,90,3,1.9778,3.820,26.445,30.265,she,white-fang,1,,server-2,14,3,0,38.009,17.820,77.659
least-response-time-cache-off-warm500,90,3,1.9889,19.856,28.264,48.120,of,the-romance-of-lust-a-classic-victorian-erotic-novel,1,,server-2,13,3,0,45.393,4.788,77.659
least-response-time-cache-off-warm500,90,3,2.0000,8.921,39.427,48.348,she,desert-gold,1,,server-2,10,4,0,30.393,4.788,77.659
least-response-time-cache-off-warm500,90,3,2.0111,37.047,40.715,77.761,house,the-scarlet-letter-33,1,,server-2,10,3,0,26.066,3.369,77.659
least-response-time-cache-off-warm500,90,3,2.0222,26.276,26.432,52.708,king,jude-the-obscure,1,,server-2,10,4,0,26.066,3.369,77.659
least-response-time-cache-off-warm500,90,3,2.0333,16.077,157.435,173.512,whale,the-moonstone,1,,server-2,10,5,0,30.254,3.369,77.659
least-response-time-cache-off-warm500,90,3,2.0444,7.787,70.272,78.059,was,jane-eyre-an-autobiography,1,,server-2,10,6,0,68.699,11.470,77.659
least-response-time-cache-off-warm500,90,3,2.0556,20.544,79.497,100.041,you,the-return-of-sherlock-holmes-108,1,,server-2,9,5,0,45.283,4.517,77.659
least-response-time-cache-off-warm500,90,3,2.0667,22.621,68.382,91.003,death,the-odyssey,1,,server-2,9,6,0,45.283,4.517,77.659
least-response-time-cache-off-warm500,90,3,2.0778,13.277,225.369,238.646,the,frankenstein-or-the-modern-prometheus-41445,1,,server-2,7,7,0,29.891,8.613,77.659
least-response-time-cache-off-warm500,90,3,2.0889,29.673,90.043,119.715,house,silas-marner,1,,server-2,7,8,0,29.891,13.733,77.659
least-response-time-cache-off-warm500,90,3,2.1000,57.888,98.850,156.738,the,the-works-of-edgar-allan-poe-volume-2,1,,server-2,7,7,0,29.293,7.698,77.659
least-response-time-cache-off-warm500,90,3,2.1111,46.662,127.730,174.392,heart,madame-bovary,1,,server-2,7,8,0,29.293,7.698,77.659
least-response-time-cache-off-warm500,90,3,2.1222,46.868,121.627,168.495,was,the-adventures-of-sherlock-holmes,1,,server-2,7,9,0,48.327,16.992,77.659
least-response-time-cache-off-warm500,90,3,2.1333,35.221,207.094,242.315,house,the-adventures-of-sherlock-holmes,1,,server-2,5,10,0,64.836,15.932,77.659
least-response-time-cache-off-warm500,90,3,2.1444,50.104,195.992,246.096,london,agnes-grey,1,,server-2,5,11,0,64.836,17.846,77.659
least-response-time-cache-off-warm500,90,3,2.1556,57.054,135.150,192.204,london,the-adventures-of-sherlock-holmes,1,,server-2,5,12,0,64.836,27.977,77.659
least-response-time-cache-off-warm500,90,3,2.1667,68.965,171.572,240.537,house,pride-and-prejudice,1,,server-2,5,11,0,64.836,20.835,77.659
least-response-time-cache-off-warm500,90,3,2.1778,58.988,191.551,250.539,she,twenty-thousand-leagues-under-the-sea,1,,server-2,5,11,0,71.172,14.735,77.659
least-response-time-cache-off-warm500,90,3,2.1889,93.786,106.887,200.674,death,the-mysterious-affair-at-styles,1,,server-2,5,12,0,81.675,14.735,77.659
least-response-time-cache-off-warm500,90,3,2.2000,141.673,114.300,255.972,and,white-fang,1,,server-2,2,13,0,49.969,16.726,77.659
least-response-time-cache-off-warm500,90,3,2.2111,136.895,211.016,347.912,night,wuthering-heights,1,,server-2,1,14,0,49.969,32.959,77.659
least-response-time-cache-off-warm500,90,3,2.2222,125.989,97.187,223.177,he,his-last-bow,1,,server-2,0,13,0,49.973,23.867,77.659
least-response-time-cache-off-warm500,90,3,2.2333,156.241,87.720,243.961,night,the-memoirs-of-sherlock-holmes,1,,server-2,0,14,0,49.973,23.867,77.659
least-response-time-cache-off-warm500,90,3,2.2444,145.732,162.311,308.042,castle,the-return-of-sherlock-holmes,1,,server-2,0,15,0,49.973,23.094,77.659
least-response-time-cache-off-warm500,90,3,2.2556,188.393,112.060,300.453,he,jane-eyre-an-autobiography,1,,server-2,0,16,0,49.973,23.094,77.659
least-response-time-cache-off-warm500,90,3,2.2667,189.749,58.058,247.807,of,mansfield-park,1,,server-2,0,17,0,49.973,37.669,77.659
least-response-time-cache-off-warm500,90,3,2.2778,178.959,160.203,339.162,and,grimms-fairy-tales,1,,server-2,0,18,0,49.973,37.669,77.659
least-response-time-cache-off-warm500,90,3,2.2889,171.181,121.328,292.510,and,kidnapped,1,,server-2,0,18,0,49.973,40.871,77.659
least-response-time-cache-off-warm500,90,3,2.3000,177.125,125.609,302.734,and,desperate-remedies,1,,server-2,0,19,0,49.973,46.291,77.659
least-response-time-cache-off-warm500,90,3,2.3111,244.740,43.785,288.524,letter,beyond-good-and-evil,1,,server-2,0,20,0,49.973,46.291,77.659
least-response-time-cache-off-warm500,90,3,2.3222,1.801,34.408,36.208,was,tess-of-the-d-urbervilles-a-pure-woman,1,,server-1,1,18,0,49.973,74.667,77.659
least-response-time-cache-off-warm500,90,3,2.3333,27.185,65.043,92.229,king,frankenstein-or-the-modern-prometheus-41445,1,,server-1,2,18,0,25.701,74.667,77.659
least-response-time-cache-off-warm500,90,3,2.3444,14.723,54.954,69.677,sea,the-tenant-of-wildfell-hall,1,,server-1,3,18,0,25.701,66.329,77.659
least-response-time-cache-off-warm500,90,3,2.3556,3.452,51.895,55.348,whale,the-vicomte-de-bragelonne,1,,server-1,4,17,0,25.701,52.936,77.659
least-response-time-cache-off-warm500,90,3,2.3667,48.789,35.661,84.450,was,anne-of-green-gables,1,,server-1,4,17,0,6.233,39.990,77.659
least-response-time-cache-off-warm500,90,3,2.3778,46.789,77.409,124.198,king,pride-and-prejudice,1,,server-1,5,16,0,6.233,79.108,77.659
least-response-time-cache-off-warm500,90,3,2.3889,39.195,88.709,127.905,the,the-secret-garden,1,,server-1,6,16,0,6.233,67.274,77.659
least-response-time-cache-off-warm500,90,3,2.4000,26.939,36.363,63.301,death,frankenstein-or-the-modern-prometheus,1,,server-1,7,15,0,6.233,64.582,77.659
least-response-time-cache-off-warm500,90,3,2.4111,16.756,69.993,86.749,love,adventures-of-huckleberry-finn,1,,server-1,8,14,0,15.261,77.676,77.659
least-response-time-cache-off-warm500,90,3,2.4222,38.145,69.241,107.386,death,treasure-island,1,,server-1,7,14,0,17.849,77.676,77.659
least-response-time-cache-off-warm500,90,3,2.4333,62.643,45.433,108.076,she,black-beauty,1,,server-1,7,11,0,6.337,97.232,77.659
least-response-time-cache-off-warm500,90,3,2.4444,72.822,92.821,165.643,you,the-iliad,1,,server-1,8,11,0,6.337,80.327,77.659
least-response-time-cache-off-warm500,90,3,2.4556,49.458,50.755,100.213,the,the-mystery-of-edwin-drood,1,,server-1,9,11,0,10.072,72.474,77.659
least-response-time-cache-off-warm500,90,3,2.4667,72.109,43.625,115.735,of,the-american,1,,server-1,9,9,0,18.300,56.025,77.659
least-response-time-cache-off-warm500,90,3,2.4778,134.775,110.590,245.366,horse,beyond-good-and-evil,1,,server-1,10,9,0,18.300,42.359,77.659
least-response-time-cache-off-warm500,90,3,2.4889,93.647,101.241,194.888,love,the-secret-garden,1,,server-1,11,8,0,18.300,60.520,77.659
least-response-time-cache-off-warm500,90,3,2.5000,105.872,84.152,190.024,she,wuthering-heights,1,,server-1,12,8,0,23.778,60.520,77.659
least-response-time-cache-off-warm500,90,3,2.5111,71.642,56.489,128.131,letter,the-secret-garden-17396,1,,server-1,10,8,0,23.944,60.520,77.659
least-response-time-cache-off-warm500,90,3,2.5222,88.215,26.714,114.930,night,northanger-abbey,1,,server-1,11,8,0,28.745,59.658,77.659
least-response-time-cache-off-warm500,90,3,2.5333,80.157,136.097,216.254,sea,meditations,1,,server-1,10,8,0,32.931,59.658,77.659
least-response-time-cache-off-warm500,90,3,2.5444,71.109,193.388,264.497,he,black-beauty,1,,server-1,11,8,0,26.713,59.658,77.659
least-response-time-cache-off-warm500,90,3,2.5556,84.427,125.619,210.046,heart,the-return-of-sherlock-holmes-108,1,,server-1,12,8,0,37.683,67.220,77.659
least-response-time-cache-off-warm500,90,3,2.5667,72.678,148.268,220.946,he,desperate-remedies,1,,server-1,12,5,0,37.683,44.802,77.659
least-response-time-cache-off-warm500,90,3,2.5778,136.888,141.394,278.282,he,villette,1,,server-1,12,5,0,42.426,44.802,77.659
least-response-time-cache-off-warm500,90,3,2.5889,102.773,119.330,222.103,night,white-fang,1,,server-1,13,4,0,36.667,59.833,77.659
least-response-time-cache-off-warm500,90,3,2.6000,148.425,108.878,257.303,night,persuasion,1,,server-1,14,4,0,36.667,55.938,77.659
least-response-time-cache-off-warm500,90,3,2.6111,157.792,187.751,345.543,love,around-the-world-in-eighty-days,1,,server-1,14,2,0,27.624,38.936,77.659
least-response-time-cache-off-warm500,90,3,2.6222,233.935,43.895,277.830,the,the-portrait-of-a-lady-volume-1,1,,server-1,14,0,0,23.448,50.174,77.659
least-response-time-cache-off-warm500,90,3,2.6333,224.374,43.693,268.067,he,the-adventures-of-tom-sawyer-complete,1,,server-1,15,0,0,23.448,50.174,77.659
least-response-time-cache-off-warm500,90,3,2.6444,215.393,113.580,328.973,night,the-jungle-book,1,,server-1,15,0,0,17.965,50.174,77.659
least-response-time-cache-off-warm500,90,3,2.6556,204.128,82.076,286.204,heart,autobiography-of-benjamin-franklin,1,,server-1,15,0,0,26.538,50.174,77.659
least-response-time-cache-off-warm500,90,3,2.6667,195.156,109.881,305.037,she,beyond-good-and-evil,1,,server-1,16,0,0,26.538,50.174,77.659
least-response-time-cache-off-warm500,90,3,2.6778,182.206,85.618,267.824,sea,jane-eyre-an-autobiography,1,,server-1,17,0,0,26.538,50.174,77.659
least-response-time-cache-off-warm500,90,3,2.6889,173.705,132.296,306.001,castle,grimms-fairy-tales,1,,server-1,18,0,0,46.002,50.174,77.659
least-response-time-cache-off-warm500,90,3,2.7000,4.412,29.575,33.987,night,the-prince,1,,server-2,17,1,0,54.576,50.174,77.659
least-response-time-cache-off-warm500,90,3,2.7111,26.299,45.153,71.452,horse,a-journey-to-the-centre-of-the-earth,1,,server-2,17,2,0,54.576,25.916,77.659
least-response-time-cache-off-warm500,90,3,2.7222,14.390,47.936,62.326,he,poirot-investigates,1,,server-2,17,3,0,59.857,25.916,77.659
least-response-time-cache-off-warm500,90,3,2.7333,3.782,47.617,51.399,love,grimms-fairy-tales,1,,server-2,16,4,0,40.804,26.526,77.659
least-response-time-cache-off-warm500,90,3,2.7444,41.507,35.384,76.890,was,the-secret-garden-17396,1,,server-2,16,4,0,40.804,4.511,77.659
least-response-time-cache-off-warm500,90,3,2.7556,29.816,38.525,68.341,the,the-king-in-yellow,1,,server-2,14,5,0,39.680,4.511,77.659
least-response-time-cache-off-warm500,90,3,2.7667,19.133,84.518,103.651,the,the-portrait-of-a-lady-volume-1,1,,server-2,14,6,0,60.694,4.511,77.659
least-response-time-cache-off-warm500,90,3,2.7778,8.572,80.305,88.877,she,great-expectations,1,,server-2,13,7,0,48.847,4.511,77.659
least-response-time-cache-off-warm500,90,3,2.7889,32.703,97.267,129.970,she,frankenstein-or-the-modern-prometheus,1,,server-2,13,5,0,59.734,2.666,77.659
least-response-time-cache-off-warm500,90,3,2.8000,21.317,65.931,87.248,he,walden-and-on-the-duty-of-civil-disobedience,1,,server-2,13,6,0,49.939,2.666,77.659
least-response-time-cache-off-warm500,90,3,2.8111,60.105,30.582,90.688,love,the-prince,1,,server-2,12,7,0,107.780,2.666,77.659
least-response-time-cache-off-warm500,90,3,2.8222,48.945,105.584,154.529,he,jude-the-obscure,1,,server-2,12,8,0,107.780,11.118,77.659
least-response-time-cache-off-warm500,90,3,2.8333,54.480,85.993,140.473,letter,the-scarlet-letter-33,1,,server-2,12,9,0,122.443,15.019,77.659
least-response-time-cache-off-warm500,90,3,2.8444,46.714,87.196,133.910,he,the-picture-of-dorian-gray,1,,server-2,12,10,0,122.443,15.019,77.659
least-response-time-cache-off-warm500,90,3,2.8556,63.968,99.836,163.805,night,the-hound-of-the-baskervilles,1,,server-2,12,11,0,123.784,15.019,77.659
least-response-time-cache-off-warm500,90,3,2.8667,79.150,61.565,140.715,horse,the-scarlet-letter-33,1,,server-1,9,11,0,33.329,34.810,77.659
least-response-time-cache-off-warm500,90,3,2.8778,38.090,90.300,128.390,she,memoirs-of-fanny-hill,1,,server-2,9,9,0,33.329,30.651,77.659
least-response-time-cache-off-warm500,90,3,2.8889,30.341,100.673,131.014,of,the-wind-in-the-willows,1,,server-2,9,8,0,31.080,28.931,77.659
least-response-time-cache-off-warm500,90,3,2.9000,60.833,122.943,183.777,you,the-last-of-the-mohicans-a-narrative-of-1757,1,,server-2,9,9,0,33.206,22.445,77.659
least-response-time-cache-off-warm500,90,3,2.9111,30.333,90.841,121.174,and,agnes-grey,1,,server-2,8,10,0,28.176,19.472,77.659
least-response-time-cache-off-warm500,90,3,2.9222,38.180,119.288,157.468,castle,his-last-bow,1,,server-2,8,9,0,28.176,10.799,77.659
least-response-time-cache-off-warm500,90,3,2.9333,58.371,76.301,134.672,whale,a-connecticut-yankee-in-king-arthur-s-court,1,,server-2,8,10,0,28.301,10.799,77.659
least-response-time-cache-off-warm500,90,3,2.9444,61.003,112.148,173.151,you,silas-marner,1,,server-2,7,11,0,45.836,15.935,77.659
least-response-time-cache-off-warm500,90,3,2.9556,64.887,128.298,193.185,death,the-house-of-the-seven-gables,1,,server-2,7,12,0,29.047,15.935,77.659
least-response-time-cache-off-warm500,90,3,2.9667,53.570,125.157,178.727,of,oliver-twist,1,,server-2,7,13,0,52.680,17.205,77.659
least-response-time-cache-off-warm500,90,3,2.9778,28.281,20.446,48.727,death,the-last-of-the-mohicans-a-narrative-of-1757-27681,1,,server-1,3,13,0,38.918,52.903,77.659
least-response-time-cache-off-warm500,90,3,2.9889,88.519,125.762,214.281,night,jane-eyre-an-autobiography,1,,server-2,3,12,0,38.918,32.148,77.659
least-response-time-cache-off-warm500,90,3,3.0000,85.287,92.639,177.926,whale,the-mysterious-island,1,,server-2,2,12,0,36.723,27.467,77.659
least-response-time-cache-off-warm500,90,3,3.0111,15.551,23.619,39.171,castle,tess-of-the-d-urbervilles-a-pure-woman,1,,server-1,2,12,0,24.037,39.079,77.659
least-response-time-cache-off-warm500,90,3,3.0222,4.594,50.871,55.465,sea,north-and-south,1,,server-1,3,11,0,24.037,30.250,77.659
least-response-time-cache-off-warm500,90,3,3.0333,23.296,48.353,71.649,sea,oliver-twist,1,,server-1,3,10,0,5.906,27.774,77.659
least-response-time-cache-off-warm500,90,3,3.0444,33.738,69.719,103.456,horse,the-secret-garden,1,,server-1,4,10,0,5.906,27.774,77.659
least-response-time-cache-off-warm500,90,3,3.0556,24.207,105.844,130.051,london,frankenstein-or-the-modern-prometheus-41445,1,,server-1,5,10,0,10.728,27.774,77.659
least-response-time-cache-off-warm500,90,3,3.0667,14.118,108.185,122.303,money,the-moonstone,1,,server-1,6,10,0,9.951,27.774,77.659
least-response-time-cache-off-warm500,90,3,3.0778,3.016,93.509,96.525,letter,jane-eyre-an-autobiography,1,,server-1,7,9,0,18.911,33.877,77.659
least-response-time-cache-off-warm500,90,3,3.0889,59.777,100.309,160.086,the,the-secret-adversary,1,,server-1,6,5,0,5.263,23.312,77.659
least-response-time-cache-off-warm500,90,3,3.1000,20.160,95.992,116.152,love,desert-gold,1,,server-1,7,5,0,5.263,23.312,77.659
least-response-time-cache-off-warm500,90,3,3.1111,19.191,232.521,251.712,house,treasure-island,1,,server-1,7,5,0,13.072,23.312,77.659
least-response-time-cache-off-warm500,90,3,3.1222,49.334,41.486,90.821,and,the-wind-in-the-willows,1,,server-1,8,5,0,12.767,38.350,77.659
least-response-time-cache-off-warm500,90,3,3.1333,57.109,62.025,119.134,night,the-scarlet-letter,1,,server-1,9,5,0,9.837,38.350,77.659
least-response-time-cache-off-warm500,90,3,3.1444,47.860,82.866,130.727,he,madame-bovary,1,,server-1,10,5,0,9.837,35.608,77.659
least-response-time-cache-off-warm500,90,3,3.1556,38.840,110.857,149.696,whale,adventures-of-huckleberry-finn,1,,server-1,11,2,0,25.707,42.444,77.659
least-response-time-cache-off-warm500,90,3,3.1667,46.743,93.323,140.067,horse,the-warden,1,,server-1,12,2,0,25.707,42.444,77.659
least-response-time-cache-off-warm500,90,3,3.1778,40.586,111.450,152.036,death,the-mystery-of-edwin-drood,1,,server-1,13,2,0,34.567,52.020,77.659
least-response-time-cache-off-warm500,90,3,3.1889,14.897,20.453,35.350,castle,pride-and-prejudice,1,,server-2,11,3,0,52.739,52.020,77.659
least-response-time-cache-off-warm500,90,3,3.2000,44.287,121.753,166.039,whale,mary-barton,1,,server-1,10,3,0,14.508,52.020,77.659
least-response-time-cache-off-warm500,90,3,3.2111,65.819,90.884,156.704,castle,treasure-island,1,,server-1,11,1,0,14.508,25.144,77.659
least-response-time-cache-off-warm500,90,3,3.2222,105.185,56.072,161.258,was,northanger-abbey,1,,server-1,12,1,0,17.130,25.144,77.659
least-response-time-cache-off-warm500,90,3,3.2333,96.974,63.175,160.149,you,the-warden,1,,server-1,13,0,0,17.130,19.326,77.659
least-response-time-cache-off-warm500,90,3,3.2444,1.780,25.468,27.248,you,anne-of-green-gables,1,,server-2,13,1,0,22.478,19.326,77.659
least-response-time-cache-off-warm500,90,3,3.2556,16.705,45.683,62.387,sea,tess-of-the-d-urbervilles-a-pure-woman,1,,server-2,11,2,0,31.056,9.977,77.659
least-response-time-cache-off-warm500,90,3,3.2667,5.437,23.370,28.807,heart,the-last-of-the-mohicans-a-narrative-of-1757,1,,server-2,11,3,0,31.056,9.977,77.659
least-response-time-cache-off-warm500,90,3,3.2778,18.807,59.432,78.239,london,north-and-south,1,,server-2,10,3,0,27.800,4.059,77.659
least-response-time-cache-off-warm500,90,3,3.2889,28.695,40.778,69.473,castle,silas-marner,1,,server-2,10,4,0,27.800,4.059,77.659
least-response-time-cache-off-warm500,90,3,3.3000,18.786,70.536,89.321,sea,dubliners,1,,server-2,10,4,0,36.153,6.602,77.659
least-response-time-cache-off-warm500,90,3,3.3111,7.813,59.585,67.397,you,tess-of-the-d-urbervilles-a-pure-woman,1,,server-2,10,5,0,58.195,6.602,77.659
least-response-time-cache-off-warm500,90,3,3.3222,56.571,28.521,85.092,london,the-memoirs-of-sherlock-holmes,1,,server-2,10,5,0,49.026,4.769,77.659
least-response-time-cache-off-warm500,90,3,3.3333,57.133,70.474,127.606,night,the-innocents-abroad,1,,server-2,6,6,0,33.105,4.769,77.659
least-response-time-cache-off-warm500,90,3,3.3444,46.935,114.222,161.158,love,the-scarlet-letter-33,1,,server-2,6,7,0,33.105,4.769,77.659
least-response-time-cache-off-warm500,90,3,3.3556,35.598,111.290,146.889,he,persuasion,1,,server-2,6,8,0,33.105,11.318,77.659
least-response-time-cache-off-warm500,90,3,3.3667,40.808,90.810,131.618,sea,persuasion,1,,server-2,6,9,0,61.622,17.010,77.659
least-response-time-cache-off-warm500,90,3,3.3778,31.861,107.756,139.617,london,poirot-investigates,1,,server-2,2,10,0,42.538,17.051,77.659
least-response-time-cache-off-warm500,90,3,3.3889,21.473,135.891,157.363,money,adventures-of-huckleberry-finn,1,,server-2,1,8,0,36.167,27.730,77.659
least-response-time-cache-off-warm500,90,3,3.4000,11.052,136.645,147.697,london,persuasion,1,,server-2,0,8,0,27.056,11.619,77.659
least-response-time-cache-off-warm500,90,3,3.4111,61.983,93.637,155.620,she,the-age-of-innocence,1,,server-2,0,8,0,27.056,5.710,77.659
least-response-time-cache-off-warm500,90,3,3.4222,85.631,136.326,221.957,you,treasure-island,1,,server-2,0,9,0,27.056,5.710,77.659
least-response-time-cache-off-warm500,90,3,3.4333,84.711,96.698,181.409,castle,the-warden,1,,server-2,0,10,0,27.056,5.710,77.659
least-response-time-cache-off-warm500,90,3,3.4444,74.047,76.584,150.631,night,a-tale-of-two-cities,1,,server-2,0,11,0,27.056,5.710,77.659
least-response-time-cache-off-warm500,90,3,3.4556,92.999,99.500,192.499,whale,the-iliad,1,,server-2,0,12,0,27.056,5.710,77.659
least-response-time-cache-off-warm500,90,3,3.4667,2.239,25.502,27.741,love,emma,1,,server-1,1,12,0,27.056,30.361,77.659
least-response-time-cache-off-warm500,90,3,3.4778,17.121,15.266,32.387,and,the-first-men-in-the-moon,1,,server-1,2,12,0,13.958,32.196,77.659
least-response-time-cache-off-warm500,90,3,3.4889,6.221,52.197,58.418,horse,the-iliad,1,,server-1,3,12,0,13.958,27.702,77.659
least-response-time-cache-off-warm500,90,3,3.5000,11.613,50.571,62.184,whale,the-war-of-the-worlds,1,,server-1,3,12,0,4.692,46.838,77.659
least-response-time-cache-off-warm500,90,3,3.5111,37.587,39.403,76.990,she,the-odyssey,1,,server-1,3,10,0,6.376,44.640,77.659
least-response-time-cache-off-warm500,90,3,3.5222,28.916,167.597,196.513,whale,the-moonstone,1,,server-1,4,9,0,5.152,38.580,77.659
least-response-time-cache-off-warm500,90,3,3.5333,16.755,89.583,106.338,king,the-song-of-the-lark,1,,server-1,5,8,0,5.152,30.004,77.659
least-response-time-cache-off-warm500,90,3,3.5444,16.892,79.596,96.488,sea,the-memoirs-of-sherlock-holmes,1,,server-1,6,8,0,5.152,30.004,77.659
least-response-time-cache-off-warm500,90,3,3.5556,26.917,135.884,162.801,was,the-works-of-edgar-allan-poe-volume-2,1,,server-1,6,6,0,6.945,32.903,77.659
least-response-time-cache-off-warm500,90,3,3.5667,72.411,142.738,215.148,the,the-works-of-edgar-allan-poe-volume-2,1,,server-1,6,6,0,7.415,39.668,77.659
least-response-time-cache-off-warm500,90,3,3.5778,61.059,55.692,116.751,night,autobiography-of-benjamin-franklin,1,,server-1,7,4,0,7.415,29.090,77.659
least-response-time-cache-off-warm500,90,3,3.5889,51.781,106.471,158.252,castle,poirot-investigates,1,,server-1,8,4,0,14.646,29.090,77.659
least-response-time-cache-off-warm500,90,3,3.6000,42.712,95.309,138.022,king,the-memoirs-of-sherlock-holmes,1,,server-1,9,4,0,14.646,35.947,77.659
least-response-time-cache-off-warm500,90,3,3.6111,54.441,100.567,155.008,of,the-jungle,1,,server-1,10,4,0,14.646,35.947,77.659
least-response-time-cache-off-warm500,90,3,3.6222,95.889,71.889,167.778,letter,the-mysterious-affair-at-styles,1,,server-1,11,4,0,14.646,45.351,77.659
least-response-time-cache-off-warm500,90,3,3.6333,133.137,38.790,171.927,whale,the-secret-garden,1,,server-1,12,4,0,22.573,45.351,77.659
least-response-time-cache-off-warm500,90,3,3.6444,134.937,45.991,180.927,she,the-divine-comedy,1,,server-1,10,4,0,16.052,50.065,77.659
least-response-time-cache-off-warm500,90,3,3.6556,137.407,80.779,218.186,sea,the-last-of-the-mohicans-a-narrative-of-1757-27681,1,,server-1,11,0,0,20.752,36.879,77.659
least-response-time-cache-off-warm500,90,3,3.6667,124.855,41.944,166.798,horse,the-great-gatsby,1,,server-1,12,0,0,19.264,36.879,77.659
least-response-time-cache-off-warm500,90,3,3.6778,126.232,68.466,194.698,and,herland,1,,server-1,13,0,0,19.264,36.879,77.659
least-response-time-cache-off-warm500,90,3,3.6889,115.034,64.030,179.064,horse,the-scarlet-letter-33,1,,server-1,14,0,0,19.264,36.879,77.659
least-response-time-cache-off-warm500,90,3,3.7000,135.228,57.588,192.816,was,pride-and-prejudice,1,,server-1,15,0,0,35.207,36.879,77.659
least-response-time-cache-off-warm500,90,3,3.7111,162.926,35.766,198.692,money,autobiography-of-benjamin-franklin,1,,server-1,16,0,0,35.207,36.879,77.659
least-response-time-cache-off-warm500,90,3,3.7222,3.055,19.300,22.355,sea,a-connecticut-yankee-in-king-arthur-s-court,1,,server-2,15,1,0,46.403,36.879,77.659
least-response-time-cache-off-warm500,90,3,3.7333,11.926,19.674,31.600,heart,the-divine-comedy,1,,server-2,15,2,0,46.403,19.050,77.659
least-response-time-cache-off-warm500,90,3,3.7444,1.600,38.182,39.781,death,the-last-of-the-mohicans-a-narrative-of-1757,1,,server-2,15,3,0,55.902,13.763,77.659
least-response-time-cache-off-warm500,90,3,3.7556,28.654,11.987,40.642,heart,the-lost-world,1,,server-2,13,3,0,63.216,4.708,77.659
least-response-time-cache-off-warm500,90,3,3.7667,17.993,31.401,49.394,letter,leaves-of-grass,1,,server-2,12,4,0,46.569,7.595,77.659
least-response-time-cache-off-warm500,90,3,3.7778,7.117,52.652,59.769,night,jude-the-obscure,1,,server-2,11,5,0,48.419,7.595,77.659
least-response-time-cache-off-warm500,90,3,3.7889,24.185,44.611,68.796,castle,wuthering-heights,1,,server-2,10,4,0,45.139,3.440,77.659
least-response-time-cache-off-warm500,90,3,3.8000,39.044,52.673,91.717,house,wuthering-heights,1,,server-2,8,4,0,54.505,4.736,77.659
least-response-time-cache-off-warm500,90,3,3.8111,28.434,53.967,82.401,he,the-adventures-of-sherlock-holmes,1,,server-2,7,5,0,20.503,4.736,77.659
least-response-time-cache-off-warm500,90,3,3.8222,33.509,104.963,138.472,london,meditations,1,,server-2,7,6,0,20.503,9.980,77.659
least-response-time-cache-off-warm500,90,3,3.8333,21.560,111.771,133.330,the,anne-of-green-gables,1,,server-2,7,7,0,28.444,9.980,77.659
least-response-time-cache-off-warm500,90,3,3.8444,14.675,108.089,122.764,he,mansfield-park,1,,server-2,5,6,0,27.032,9.903,77.659
least-response-time-cache-off-warm500,90,3,3.8556,53.250,68.441,121.691,castle,the-war-of-the-worlds,1,,server-2,5,7,0,27.032,9.507,77.659
least-response-time-cache-off-warm500,90,3,3.8667,61.734,85.292,147.025,was,grimms-fairy-tales,1,,server-2,5,8,0,27.866,7.643,77.659
least-response-time-cache-off-warm500,90,3,3.8778,88.976,33.933,122.909,the,jude-the-obscure,1,,server-2,2,9,0,23.172,7.643,77.659
least-response-time-cache-off-warm500,90,3,3.8889,78.254,61.842,140.096,king,the-age-of-innocence,1,,server-2,2,10,0,23.172,7.643,77.659
least-response-time-cache-off-warm500,90,3,3.9000,10.357,22.524,32.881,horse,twenty-thousand-leagues-under-the-sea,1,,server-1,2,8,0,19.135,20.480,77.659
least-response-time-cache-off-warm500,90,3,3.9111,1.452,37.945,39.397,she,kidnapped,1,,server-1,2,7,0,10.325,23.446,77.659
least-response-time-cache-off-warm500,90,3,3.9222,11.220,59.959,71.179,of,north-and-south,1,,server-1,3,7,0,5.344,23.446,77.659
least-response-time-cache-off-warm500,90,3,3.9333,18.002,37.809,55.811,night,black-beauty,1,,server-1,3,7,0,5.799,17.670,77.659
least-response-time-cache-off-warm500,90,3,3.9444,7.046,67.254,74.300,london,the-iliad,1,,server-1,4,7,0,5.799,17.670,77.659
least-response-time-cache-off-warm500,90,3,3.9556,59.985,35.356,95.341,letter,the-prince,1,,server-1,4,7,0,4.927,17.670,77.659
least-response-time-cache-off-warm500,90,3,3.9667,51.792,74.136,125.928,london,a-tale-of-two-cities,1,,server-1,5,6,0,4.927,48.061,77.659
least-response-time-cache-off-warm500,90,3,3.9778,42.412,40.113,82.526,house,the-scarlet-letter,1,,server-1,6,4,0,4.927,28.953,77.659
least-response-time-cache-off-warm500,90,3,3.9889,31.830,99.120,130.951,horse,washington-square,1,,server-1,7,3,0,11.225,23.535,77.659
least-response-time-cache-off-warm500,90,3,4.0000,22.048,105.789,127.838,he,the-hound-of-the-baskervilles-3070,1,,server-1,8,3,0,17.968,23.535,77.659
least-response-time-cache-off-warm500,90,3,4.0111,9.438,89.075,98.513,death,kidnapped,1,,server-1,9,3,0,17.968,24.070,77.659
least-response-time-cache-off-warm500,90,3,4.0222,5.008,108.966,113.974,and,beyond-good-and-evil,1,,server-1,7,1,0,3.809,25.475,77.659
least-response-time-cache-off-warm500,90,3,4.0333,86.890,33.424,120.314,horse,wuthering-heights,1,,server-1,8,0,0,2.914,24.825,77.659
least-response-time-cache-off-warm500,90,3,4.0444,92.283,58.499,150.782,whale,the-adventures-of-sherlock-holmes,1,,server-1,9,0,0,2.914,24.825,77.659
least-response-time-cache-off-warm500,90,3,4.0556,82.122,56.994,139.116,he,desperate-remedies,1,,server-1,10,0,0,11.456,24.825,77.659
least-response-time-cache-off-warm500,90,3,4.0667,70.662,90.888,161.551,was,madame-bovary,1,,server-1,11,0,0,15.409,24.825,77.659
least-response-time-cache-off-warm500,90,3,4.0778,77.514,69.646,147.161,sea,the-portrait-of-a-lady-volume-1,1,,server-1,12,0,0,15.409,24.825,77.659
least-response-time-cache-off-warm500,90,3,4.0889,69.968,89.581,159.548,king,tess-of-the-d-urbervilles-a-pure-woman,1,,server-1,13,0,0,15.409,24.825,77.659
least-response-time-cache-off-warm500,90,3,4.1000,2.397,20.361,22.759,you,the-return-of-sherlock-holmes,1,,server-2,12,1,0,26.872,24.825,77.659
least-response-time-cache-off-warm500,90,3,4.1111,12.442,28.259,40.701,london,the-prince,1,,server-2,12,2,0,47.033,12.813,77.659
least-response-time-cache-off-warm500,90,3,4.1222,1.559,30.445,32.004,castle,jude-the-obscure,1,,server-2,10,3,0,45.264,12.813,77.659
least-response-time-cache-off-warm500,90,3,4.1333,21.899,18.874,40.774,death,the-divine-comedy,1,,server-2,8,3,0,41.831,3.679,77.659
least-response-time-cache-off-warm500,90,3,4.1444,11.041,30.011,41.052,letter,the-secret-garden-17396,1,,server-2,6,4,0,24.813,3.679,77.659
least-response-time-cache-off-warm500,90,3,4.1556,18.920,30.677,49.597,london,anne-of-green-gables,1,,server-2,6,3,0,20.090,4.197,77.659
least-response-time-cache-off-warm500,90,3,4.1667,20.403,54.879,75.281,heart,the-last-of-the-mohicans-a-narrative-of-1757,1,,server-2,5,4,0,21.442,3.742,77.659
least-response-time-cache-off-warm500,90,3,4.1778,10.434,54.201,64.634,castle,the-picture-of-dorian-gray,1,,server-2,5,5,0,21.442,6.486,77.659
least-response-time-cache-off-warm500,90,3,4.1889,17.391,54.014,71.405,love,the-return-of-sherlock-holmes-108,1,,server-2,5,4,0,21.442,6.258,77.659
least-response-time-cache-off-warm500,90,3,4.2000,29.241,54.694,83.935,heart,a-connecticut-yankee-in-king-arthur-s-court,1,,server-2,4,5,0,26.942,6.258,77.659
least-response-time-cache-off-warm500,90,3,4.2111,31.063,52.058,83.121,the,the-hound-of-the-baskervilles,1,,server-2,4,6,0,24.393,7.579,77.659
least-response-time-cache-off-warm500,90,3,4.2222,38.813,87.584,126.398,and,the-jungle,1,,server-2,4,7,0,24.393,7.579,77.659
least-response-time-cache-off-warm500,90,3,4.2333,59.063,57.487,116.550,the,the-mysterious-affair-at-styles,1,,server-2,1,7,0,27.468,10.635,77.659
least-response-time-cache-off-warm500,90,3,4.2444,50.878,42.440,93.318,money,his-last-bow,1,,server-2,1,7,0,27.468,19.622,77.659
least-response-time-cache-off-warm500,90,3,4.2556,43.690,88.081,131.772,king,far-from-the-madding-crowd,1,,server-2,0,8,0,26.148,19.622,77.659
least-response-time-cache-off-warm500,90,3,4.2667,32.075,85.285,117.360,of,madame-bovary,1,,server-2,0,7,0,26.148,12.570,77.659
least-response-time-cache-off-warm500,90,3,4.2778,21.274,180.591,201.865,love,a-journey-to-the-centre-of-the-earth,1,,server-2,0,8,0,26.148,12.570,77.659
least-response-time-cache-off-warm500,90,3,4.2889,29.945,222.510,252.456,death,the-adventures-of-tom-sawyer-complete,1,,server-2,0,9,0,26.148,22.272,77.659
least-response-time-cache-off-warm500,90,3,4.3000,51.614,85.986,137.600,horse,the-mysterious-affair-at-styles,1,,server-2,0,8,0,26.148,8.969,77.659
least-response-time-cache-off-warm500,90,3,4.3111,27.040,82.895,109.935,she,jude-the-obscure,1,,server-2,0,9,0,26.148,7.800,77.659
least-response-time-cache-off-warm500,90,3,4.3222,65.365,89.730,155.094,king,tess-of-the-d-urbervilles-a-pure-woman,1,,server-2,0,10,0,26.148,10.003,77.659
least-response-time-cache-off-warm500,90,3,4.3333,54.717,134.854,189.570,letter,the-song-of-the-lark,1,,server-2,0,11,0,26.148,10.003,77.659
least-response-time-cache-off-warm500,90,3,4.3444,77.787,72.339,150.125,of,the-secret-garden-17396,1,,server-2,0,11,0,26.148,16.354,77.659
least-response-time-cache-off-warm500,90,3,4.3556,82.302,124.779,207.081,the,the-secret-garden-17396,1,,server-2,0,12,0,26.148,22.355,77.659
least-response-time-cache-off-warm500,90,3,4.3667,114.054,126.673,240.727,house,pride-and-prejudice,1,,server-2,0,13,0,26.148,22.355,77.659
least-response-time-cache-off-warm500,90,3,4.3778,123.973,107.876,231.850,and,the-kama-sutra-of-vatsyayana,1,,server-2,0,14,0,26.148,22.355,77.659
least-response-time-cache-off-warm500,90,3,4.3889,150.816,37.141,187.957,letter,the-mystery-of-edwin-drood,1,,server-2,0,11,0,26.148,19.890,77.659
least-response-time-cache-off-warm500,90,3,4.4000,177.170,52.178,229.348,castle,a-connecticut-yankee-in-king-arthur-s-court,1,,server-2,0,12,0,26.148,16.332,77.659
least-response-time-cache-off-warm500,90,3,4.4111,151.615,95.021,246.636,love,the-mysterious-island,1,,server-2,0,13,0,26.148,16.332,77.659
least-response-time-cache-off-warm500,90,3,4.4222,1.625,13.110,14.735,castle,the-great-gatsby,1,,server-1,1,13,0,26.148,29.733,77.659
least-response-time-cache-off-warm500,90,3,4.4333,4.594,19.715,24.308,the,grimms-fairy-tales,1,,server-1,2,13,0,13.458,29.733,77.659
least-response-time-cache-off-warm500,90,3,4.4444,13.978,26.201,40.178,you,autobiography-of-benjamin-franklin,1,,server-1,2,12,0,5.882,31.191,77.659
least-response-time-cache-off-warm500,90,3,4.4556,3.312,25.659,28.971,horse,dubliners,1,,server-1,3,12,0,5.882,28.487,77.659
least-response-time-cache-off-warm500,90,3,4.4667,18.496,34.853,53.349,house,black-beauty,1,,server-1,3,12,0,2.888,26.486,77.659
least-response-time-cache-off-warm500,90,3,4.4778,7.400,37.221,44.622,london,twenty-thousand-leagues-under-the-sea,1,,server-1,4,11,0,2.888,31.318,77.659
least-response-time-cache-off-warm500,90,3,4.4889,33.961,16.361,50.322,and,the-great-gatsby,1,,server-1,3,9,0,3.072,41.808,77.659
least-response-time-cache-off-warm500,90,3,4.5000,23.126,59.545,82.671,and,the-picture-of-dorian-gray,1,,server-1,4,9,0,3.072,56.730,77.659
least-response-time-cache-off-warm500,90,3,4.5111,12.381,45.548,57.929,whale,the-last-of-the-mohicans-a-narrative-of-1757,1,,server-1,5,9,0,3.072,34.480,77.659
least-response-time-cache-off-warm500,90,3,4.5222,2.624,71.891,74.515,death,desert-gold,1,,server-1,5,8,0,13.833,34.480,77.659
least-response-time-cache-off-warm500,90,3,4.5333,35.711,79.994,115.705,heart,life-on-the-mississippi,1,,server-1,5,8,0,2.649,69.917,77.659
least-response-time-cache-off-warm500,90,3,4.5444,36.040,179.195,215.235,house,the-scarlet-letter,1,,server-1,6,6,0,4.304,78.897,77.659
least-response-time-cache-off-warm500,90,3,4.5556,27.262,70.819,98.081,he,great-expectations,1,,server-1,7,6,0,4.304,78.897,77.659
least-response-time-cache-off-warm500,90,3,4.5667,31.394,120.772,152.166,london,desert-gold,1,,server-1,7,6,0,9.247,56.962,77.659
least-response-time-cache-off-warm500,90,3,4.5778,6.044,96.981,103.025,you,north-and-south,1,,server-1,8,5,0,12.740,42.804,77.659
least-response-time-cache-off-warm500,90,3,4.5889,11.987,172.287,184.273,house,villette,1,,server-1,7,5,0,9.039,42.804,77.659
least-response-time-cache-off-warm500,90,3,4.6000,76.888,137.602,214.490,he,the-return-of-sherlock-holmes-108,1,,server-1,8,5,0,12.250,32.855,77.659
least-response-time-cache-off-warm500,90,3,4.6111,38.308,123.902,162.210,letter,the-great-gatsby,1,,server-1,8,3,0,8.190,33.511,77.659
least-response-time-cache-off-warm500,90,3,4.6222,53.623,70.744,124.367,heart,walden-and-on-the-duty-of-civil-disobedience,1,,server-1,9,3,0,8.190,33.511,77.659
least-response-time-cache-off-warm500,90,3,4.6333,44.233,122.646,166.880,horse,the-first-men-in-the-moon,1,,server-1,10,2,0,8.190,34.243,77.659
least-response-time-cache-off-warm500,90,3,4.6444,125.746,94.335,220.081,whale,the-return-of-sherlock-holmes-108,1,,server-1,11,2,0,8.190,34.243,77.659
least-response-time-cache-off-warm500,90,3,4.6556,62.121,94.690,156.811,night,frankenstein-or-the-modern-prometheus-41445,1,,server-1,10,2,0,21.475,32.362,77.659
least-response-time-cache-off-warm500,90,3,4.6667,105.456,148.134,253.590,and,twenty-thousand-leagues-under-the-sea,1,,server-1,11,0,0,21.475,33.603,77.659
least-response-time-cache-off-warm500,90,3,4.6778,132.983,115.763,248.746,and,the-iliad,1,,server-1,12,0,0,27.579,33.603,77.659
least-response-time-cache-off-warm500,90,3,4.6889,122.077,106.031,228.108,of,meditations,1,,server-1,12,0,0,21.246,33.603,77.659
least-response-time-cache-off-warm500,90,3,4.7000,112.531,55.208,167.739,castle,the-portrait-of-a-lady-volume-1,1,,server-1,13,0,0,21.246,33.603,77.659
least-response-time-cache-off-warm500,90,3,4.7111,108.378,137.422,245.800,king,the-mysterious-island,1,,server-1,14,0,0,21.246,33.603,77.659
least-response-time-cache-off-warm500,90,3,4.7222,2.045,23.366,25.410,london,memoirs-of-fanny-hill,1,,server-2,14,1,0,47.396,33.603,77.659
least-response-time-cache-off-warm500,90,3,4.7333,13.829,33.490,47.319,castle,desperate-remedies,1,,server-2,14,2,0,47.396,17.298,77.659
least-response-time-cache-off-warm500,90,3,4.7444,2.860,34.964,37.824,house,the-age-of-innocence,1,,server-2,14,3,0,47.396,17.298,77.659
least-response-time-cache-off-warm500,90,3,4.7556,27.532,30.799,58.331,love,the-age-of-innocence,1,,server-2,14,3,0,51.876,4.824,77.659
least-response-time-cache-off-warm500,90,3,4.7667,16.810,31.340,48.150,night,the-war-of-the-worlds,1,,server-2,14,4,0,68.153,4.824,77.659
least-response-time-cache-off-warm500,90,3,4.7778,5.982,51.027,57.010,night,the-divine-comedy,1,,server-2,11,5,0,77.526,4.824,77.659
least-response-time-cache-off-warm500,90,3,4.7889,45.704,80.887,126.591,horse,the-house-of-mirth,1,,server-2,10,4,0,63.580,3.240,77.659
least-response-time-cache-off-warm500,90,3,4.8000,35.131,39.110,74.241,money,the-house-of-mirth,1,,server-2,10,5,0,74.678,3.240,77.659
least-response-time-cache-off-warm500,90,3,4.8111,24.444,76.752,101.195,letter,the-wind-in-the-willows,1,,server-2,9,6,0,53.074,3.240,77.659
least-response-time-cache-off-warm500,90,3,4.8222,13.610,56.250,69.860,heart,beyond-good-and-evil,1,,server-2,6,7,0,32.383,8.529,77.659
least-response-time-cache-off-warm500,90,3,4.8333,7.333,100.403,107.736,and,north-and-south,1,,server-2,6,7,0,32.383,15.513,77.659
least-response-time-cache-off-warm500,90,3,4.8444,69.089,209.522,278.610,king,the-vicomte-de-bragelonne,1,,server-2,6,6,0,29.704,2.912,77.659
least-response-time-cache-off-warm500,90,3,4.8556,55.737,55.492,111.230,castle,adventures-of-huckleberry-finn,1,,server-2,6,7,0,29.704,2.912,77.659
least-response-time-cache-off-warm500,90,3,4.8667,74.950,100.400,175.350,whale,jude-the-obscure,1,,server-2,6,8,0,44.135,2.912,77.659
least-response-time-cache-off-warm500,90,3,4.8778,66.396,100.567,166.963,he,a-journey-to-the-centre-of-the-earth,1,,server-2,6,9,0,28.874,13.208,77.659
least-response-time-cache-off-warm500,90,3,4.8889,53.952,42.461,96.414,sea,adventures-of-huckleberry-finn,1,,server-2,5,10,0,28.874,12.047,77.659
least-response-time-cache-off-warm500,90,3,4.9000,44.368,54.299,98.667,you,frankenstein-or-the-modern-prometheus-41445,1,,server-2,5,11,0,28.874,23.614,77.659
least-response-time-cache-off-warm500,90,3,4.9111,51.991,158.005,209.996,whale,adventures-of-huckleberry-finn,1,,server-2,5,12,0,28.874,21.874,77.659
least-response-time-cache-off-warm500,90,3,4.9222,115.481,132.209,247.691,horse,desperate-remedies,1,,server-2,4,9,0,56.505,23.009,77.659
least-response-time-cache-off-warm500,90,3,4.9333,104.093,87.198,191.291,heart,the-scarlet-letter,1,,server-2,1,10,0,42.823,23.009,77.659
least-response-time-cache-off-warm500,90,3,4.9444,178.140,71.747,249.887,night,the-last-of-the-mohicans-a-narrative-of-1757,1,,server-2,1,11,0,42.823,19.177,77.659
least-response-time-cache-off-warm500,90,3,4.9556,93.274,98.733,192.007,of,pride-and-prejudice,1,,server-2,1,12,0,42.823,10.373,77.659
least-response-time-cache-off-warm500,90,3,4.9667,150.249,212.226,362.475,london,memoirs-of-fanny-hill,1,,server-2,0,12,0,46.283,19.430,77.659
least-response-time-cache-off-warm500,90,3,4.9778,147.406,152.063,299.469,death,sense-and-sensibility,1,,server-2,0,12,0,46.283,21.684,77.659
least-response-time-cache-off-warm500,90,3,4.9889,136.839,244.136,380.975,was,pride-and-prejudice,1,,server-2,0,13,0,46.283,29.565,77.659
least-response-time-cache-off-warm500,90,3,5.0000,144.753,183.078,327.831,house,the-jungle,1,,server-2,0,14,0,46.283,34.294,77.659
least-response-time-cache-off-warm500,90,3,5.0111,159.344,214.613,373.957,horse,the-wind-in-the-willows,1,,server-2,0,15,0,46.283,34.294,77.659
least-response-time-cache-off-warm500,90,3,5.0222,147.776,189.668,337.443,was,mary-barton,1,,server-2,0,16,0,46.283,34.294,77.659
least-response-time-cache-off-warm500,90,3,5.0333,135.007,138.475,273.482,was,the-jungle,1,,server-2,0,17,0,46.283,34.294,77.659
least-response-time-cache-off-warm500,90,3,5.0444,126.523,211.937,338.460,money,the-adventures-of-sherlock-holmes,1,,server-2,0,17,0,46.283,39.499,77.659
least-response-time-cache-off-warm500,90,3,5.0556,138.986,224.761,363.746,was,agnes-grey,1,,server-2,0,15,0,46.283,39.902,77.659
least-response-time-cache-off-warm500,90,3,5.0667,214.951,88.444,303.394,you,the-memoirs-of-sherlock-holmes,1,,server-2,0,16,0,46.283,39.902,77.659
least-response-time-cache-off-warm500,90,3,5.0778,230.880,132.222,363.102,love,desert-gold,1,,server-2,0,17,0,46.283,39.902,77.659
least-response-time-cache-off-warm500,90,3,5.0889,221.575,112.213,333.788,horse,the-innocents-abroad,1,,server-2,0,18,0,46.283,39.902,77.659
least-response-time-cache-off-warm500,90,3,5.1000,228.148,94.439,322.586,you,treasure-island,1,,server-2,0,19,0,46.283,39.902,77.659
least-response-time-cache-off-warm500,90,3,5.1111,259.970,88.936,348.907,she,life-on-the-mississippi,1,,server-2,0,20,0,46.283,39.902,77.659
least-response-time-cache-off-warm500,90,3,5.1222,1.504,12.958,14.462,death,beyond-good-and-evil,1,,server-1,1,20,0,46.283,68.890,77.659
least-response-time-cache-off-warm500,90,3,5.1333,4.488,17.052,21.540,whale,twenty-thousand-leagues-under-the-sea,1,,server-1,2,17,0,23.794,34.943,77.659
least-response-time-cache-off-warm500,90,3,5.1444,10.486,17.115,27.600,castle,the-divine-comedy,1,,server-1,2,17,0,9.200,50.034,77.659
least-response-time-cache-off-warm500,90,3,5.1556,1.146,27.028,28.173,the,beyond-good-and-evil,1,,server-1,2,17,0,5.488,70.941,77.659
least-response-time-cache-off-warm500,90,3,5.1667,6.427,16.878,23.305,money,the-hound-of-the-baskervilles-3070,1,,server-1,3,17,0,2.912,70.941,77.659
least-response-time-cache-off-warm500,90,3,5.1778,12.774,38.985,51.759,was,tess-of-the-d-urbervilles-a-pure-woman,1,,server-1,3,17,0,3.150,30.156,77.659
least-response-time-cache-off-warm500,90,3,5.1889,2.032,34.625,36.657,the,cranford,1,,server-1,4,17,0,7.756,30.156,77.659
least-response-time-cache-off-warm500,90,3,5.2000,29.883,51.262,81.145,sea,kidnapped,1,,server-1,3,16,0,2.746,33.635,77.659
least-response-time-cache-off-warm500,90,3,5.2111,19.369,16.432,35.801,you,northanger-abbey,1,,server-1,4,16,0,2.746,30.191,77.659
least-response-time-cache-off-warm500,90,3,5.2222,9.569,47.332,56.901,of,the-adventures-of-sherlock-holmes,1,,server-1,5,15,0,2.746,30.191,77.659
least-response-time-cache-off-warm500,90,3,5.2333,28.262,44.335,72.597,death,emma,1,,server-1,4,14,0,4.161,31.635,77.659
least-response-time-cache-off-warm500,90,3,5.2444,37.881,125.864,163.745,of,jude-the-obscure,1,,server-1,5,14,0,5.428,31.635,77.659
least-response-time-cache-off-warm500,90,3,5.2556,27.343,44.890,72.234,heart,walden-and-on-the-duty-of-civil-disobedience,1,,server-1,6,14,0,7.553,31.635,77.659
least-response-time-cache-off-warm500,90,3,5.2667,16.367,78.477,94.844,london,black-beauty,1,,server-1,7,14,0,10.423,31.635,77.659
least-response-time-cache-off-warm500,90,3,5.2778,6.474,80.037,86.512,money,the-last-of-the-mohicans-a-narrative-of-1757,1,,server-1,8,14,0,10.423,82.996,77.659
least-response-time-cache-off-warm500,90,3,5.2889,21.198,101.792,122.990,king,little-women,1,,server-1,6,14,0,4.788,84.639,77.659
least-response-time-cache-off-warm500,90,3,5.3000,11.568,116.181,127.749,heart,the-works-of-edgar-allan-poe-volume-2,1,,server-1,7,14,0,4.788,84.639,77.659
least-response-time-cache-off-warm500,90,3,5.3111,53.892,113.479,167.371,love,the-return-of-sherlock-holmes,1,,server-1,7,13,0,6.066,49.297,77.659
least-response-time-cache-off-warm500,90,3,5.3222,105.535,69.902,175.438,and,the-hound-of-the-baskervilles-3070,1,,server-1,8,13,0,6.066,49.297,77.659
least-response-time-cache-off-warm500,90,3,5.3333,92.739,132.237,224.976,love,the-last-of-the-mohicans-a-narrative-of-1757-27681,1,,server-1,9,12,0,14.158,86.643,77.659
least-response-time-cache-off-warm500,90,3,5.3444,84.283,70.744,155.027,she,a-princess-of-mars,1,,server-1,10,12,0,14.158,86.643,77.659
least-response-time-cache-off-warm500,90,3,5.3556,74.310,64.917,139.228,night,pride-and-prejudice,1,,server-1,11,12,0,14.158,86.643,77.659
least-response-time-cache-off-warm500,90,3,5.3667,65.791,195.927,261.718,horse,memoirs-of-fanny-hill,1,,server-1,10,10,0,20.873,97.917,77.659
least-response-time-cache-off-warm500,90,3,5.3778,59.336,165.494,224.829,you,a-connecticut-yankee-in-king-arthur-s-court,1,,server-1,11,8,0,20.873,70.441,77.659
least-response-time-cache-off-warm500,90,3,5.3889,48.711,104.364,153.075,house,little-women,1,,server-1,12,7,0,20.873,74.366,77.659
least-response-time-cache-off-warm500,90,3,5.4000,40.191,167.194,207.385,he,the-moonstone,1,,server-1,13,6,0,20.873,74.366,77.659
least-response-time-cache-off-warm500,90,3,5.4111,30.916,201.399,232.315,letter,the-mysterious-affair-at-styles,1,,server-1,13,6,0,44.995,74.366,77.659
least-response-time-cache-off-warm500,90,3,5.4222,83.337,252.758,336.095,was,the-moonstone,1,,server-1,14,5,0,59.735,72.016,77.659
least-response-time-cache-off-warm500,90,3,5.4333,74.561,244.254,318.815,horse,the-moonstone,1,,server-1,12,2,0,29.674,46.150,77.659
least-response-time-cache-off-warm500,90,3,5.4444,115.494,105.425,220.919,king,the-secret-garden,1,,server-1,13,2,0,11.844,62.911,77.659
least-response-time-cache-off-warm500,90,3,5.4556,153.025,189.398,342.424,the,a-tale-of-two-cities,1,,server-1,14,2,0,10.939,62.911,77.659
least-response-time-cache-off-warm500,90,3,5.4667,158.691,132.837,291.528,sea,the-song-of-the-lark,1,,server-1,15,0,0,10.939,46.615,77.659
least-response-time-cache-off-warm500,90,3,5.4778,153.076,143.451,296.527,and,autobiography-of-benjamin-franklin,1,,server-1,16,0,0,10.939,46.615,77.659
least-response-time-cache-off-warm500,90,3,5.4889,136.712,100.198,236.910,king,the-adventures-of-tom-sawyer-complete,1,,server-1,17,0,0,27.605,46.615,77.659
least-response-time-cache-off-warm500,90,3,5.5000,2.820,36.932,39.752,castle,the-iliad,1,,server-2,16,1,0,50.067,46.615,77.659
least-response-time-cache-off-warm500,90,3,5.5111,28.090,35.887,63.977,you,poirot-investigates,1,,server-2,13,2,0,31.583,24.012,77.659
least-response-time-cache-off-warm500,90,3,5.5222,17.593,61.224,78.817,death,dracula,1,,server-2,13,3,0,27.110,24.012,77.659
least-response-time-cache-off-warm500,90,3,5.5333,6.696,38.409,45.105,castle,the-moonstone,1,,server-2,13,4,0,27.110,24.012,77.659
least-response-time-cache-off-warm500,90,3,5.5444,54.273,59.229,113.501,castle,the-jungle,1,,server-2,13,4,0,50.383,4.756,77.659
least-response-time-cache-off-warm500,90,3,5.5556,43.343,104.333,147.677,heart,the-house-of-mirth,1,,server-2,13,5,0,50.353,4.756,77.659
least-response-time-cache-off-warm500,90,3,5.5667,35.038,50.659,85.697,london,a-princess-of-mars,1,,server-2,13,6,0,58.327,4.756,77.659
least-response-time-cache-off-warm500,90,3,5.5778,24.502,98.718,123.221,castle,the-last-of-the-mohicans-a-narrative-of-1757-27681,1,,server-2,13,7,0,58.327,16.267,77.659
least-response-time-cache-off-warm500,90,3,5.5889,13.519,47.593,61.112,death,the-kama-sutra-of-vatsyayana,1,,server-2,13,8,0,58.327,15.776,77.659
least-response-time-cache-off-warm500,90,3,5.6000,5.904,124.146,130.051,you,jane-eyre-an-autobiography,1,,server-2,13,9,0,58.327,17.110,77.659
least-response-time-cache-off-warm500,90,3,5.6111,119.002,71.477,190.479,whale,frankenstein-or-the-modern-prometheus,1,,server-2,10,7,0,76.911,3.404,77.659
least-response-time-cache-off-warm500,90,3,5.6222,78.715,39.319,118.034,horse,the-prince,1,,server-2,10,8,0,76.911,3.404,77.659
least-response-time-cache-off-warm500,90,3,5.6333,70.518,119.916,190.435,love,north-and-south,1,,server-2,8,9,0,33.813,3.404,77.659
least-response-time-cache-off-warm500,90,3,5.6444,86.944,166.494,253.438,london,cranford,1,,server-2,8,10,0,59.768,3.404,77.659
least-response-time-cache-off-warm500,90,3,5.6556,77.580,28.783,106.363,heart,a-princess-of-mars,1,,server-2,8,10,0,59.768,16.104,77.659
least-response-time-cache-off-warm500,90,3,5.6667,72.878,103.998,176.876,king,the-hound-of-the-baskervilles-3070,1,,server-2,7,10,0,52.544,17.871,77.659
least-response-time-cache-off-warm500,90,3,5.6778,63.882,140.873,204.755,king,the-king-in-yellow,1,,server-2,7,11,0,52.544,17.871,77.659
least-response-time-cache-off-warm500,90,3,5.6889,53.080,185.578,238.658,heart,agnes-grey,1,,server-2,7,11,0,52.544,17.871,77.659
least-response-time-cache-off-warm500,90,3,5.7000,100.676,128.103,228.779,night,a-princess-of-mars,1,,server-2,7,12,0,48.747,42.664,77.659
least-response-time-cache-off-warm500,90,3,5.7111,33.054,133.723,166.777,of,the-war-of-the-worlds,1,,server-2,7,12,0,48.747,36.586,77.659
least-response-time-cache-off-warm500,90,3,5.7222,39.924,132.667,172.591,she,dubliners,1,,server-2,7,13,0,48.747,36.586,77.659
least-response-time-cache-off-warm500,90,3,5.7333,110.488,111.602,222.090,letter,the-romance-of-lust-a-classic-victorian-erotic-novel,1,,server-2,5,12,0,46.769,28.336,77.659
least-response-time-cache-off-warm500,90,3,5.7444,152.087,77.344,229.431,king,hard-times,1,,server-2,5,12,0,46.769,14.716,77.659
least-response-time-cache-off-warm500,90,3,5.7556,201.232,41.814,243.046,house,poirot-investigates,1,,server-2,5,13,0,84.286,14.291,77.659
least-response-time-cache-off-warm500,90,3,5.7667,190.060,27.516,217.576,sea,the-hound-of-the-baskervilles-3070,1,,server-2,5,14,0,115.476,14.443,77.659
least-response-time-cache-off-warm500,90,3,5.7778,197.396,118.489,315.884,you,walden-and-on-the-duty-of-civil-disobedience,1,,server-2,2,15,0,58.524,14.443,77.659
least-response-time-cache-off-warm500,90,3,5.7889,185.223,124.273,309.496,of,the-mystery-of-edwin-drood,1,,server-2,2,16,0,58.524,14.443,77.659
least-response-time-cache-off-warm500,90,3,5.8000,176.707,86.862,263.569,night,the-vicomte-de-bragelonne,1,,server-2,0,17,0,65.043,19.062,77.659
least-response-time-cache-off-warm500,90,3,5.8111,188.889,132.056,320.945,and,the-moonstone,1,,server-2,0,18,0,65.043,37.361,77.659
least-response-time-cache-off-warm500,90,3,5.8222,176.047,96.554,272.600,king,persuasion,1,,server-2,0,17,0,65.043,32.685,77.659
least-response-time-cache-off-warm500,90,3,5.8333,167.392,90.729,258.121,of,twenty-thousand-leagues-under-the-sea,1,,server-2,0,18,0,65.043,53.879,77.659
least-response-time-cache-off-warm500,90,3,5.8444,280.400,58.987,339.387,sea,the-secret-garden,1,,server-2,0,19,0,65.043,46.908,77.659
least-response-time-cache-off-warm500,90,3,5.8556,189.584,180.100,369.684,london,the-house-of-mirth,1,,server-2,0,20,0,65.043,46.908,77.659
least-response-time-cache-off-warm500,90,3,5.8667,228.847,86.845,315.692,king,the-picture-of-dorian-gray,1,,server-2,0,20,0,65.043,36.073,77.659
least-response-time-cache-off-warm500,90,3,5.8778,248.724,136.914,385.638,was,the-kama-sutra-of-vatsyayana,1,,server-2,0,21,0,65.043,55.155,77.659
least-response-time-cache-off-warm500,90,3,5.8889,238.735,141.732,380.467,she,the-secret-garden-17396,1,,server-2,0,21,0,65.043,57.955,77.659
least-response-time-cache-off-warm500,90,3,5.9000,226.196,103.656,329.852,castle,the-adventures-of-sherlock-holmes,1,,server-2,0,19,0,65.043,57.120,77.659
least-response-time-cache-off-warm500,90,3,5.9111,217.012,124.359,341.372,whale,his-last-bow,1,,server-2,0,20,0,65.043,57.120,77.659
least-response-time-cache-off-warm500,90,3,5.9222,211.926,133.215,345.141,house,the-jungle,1,,server-2,0,20,0,65.043,48.641,77.659
least-response-time-cache-off-warm500,90,3,5.9333,1.705,17.748,19.454,he,adventures-of-huckleberry-finn,1,,server-1,1,20,0,65.043,92.648,77.659
least-response-time-cache-off-warm500,90,3,5.9444,8.815,30.405,39.220,death,the-romance-of-lust-a-classic-victorian-erotic-novel,1,,server-1,2,20,0,33.375,92.648,77.659
least-response-time-cache-off-warm500,90,3,5.9556,24.963,35.832,60.795,london,jane-eyre-an-autobiography,1,,server-1,2,20,0,13.185,91.679,77.659
least-response-time-cache-off-warm500,90,3,5.9667,17.414,56.901,74.316,house,far-from-the-madding-crowd,1,,server-1,3,17,0,10.565,38.110,77.659
least-response-time-cache-off-warm500,90,3,5.9778,6.629,68.810,75.438,sea,the-secret-adversary,1,,server-1,4,16,0,10.565,39.167,77.659
least-response-time-cache-off-warm500,90,3,5.9889,48.506,46.316,94.822,king,the-mysterious-island,1,,server-1,4,15,0,4.329,51.777,77.659
least-response-time-cache-off-warm500,90,3,6.0000,38.077,58.440,96.518,castle,autobiography-of-benjamin-franklin,1,,server-1,5,15,0,4.329,50.421,77.659
least-response-time-cache-off-warm500,90,3,6.0111,43.417,60.462,103.879,and,the-works-of-edgar-allan-poe-volume-2,1,,server-1,6,14,0,4.329,50.525,77.659
least-response-time-cache-off-warm500,90,3,6.0222,72.401,40.450,112.851,and,the-house-of-the-seven-gables,1,,server-1,7,14,0,8.195,50.525,77.659
least-response-time-cache-off-warm500,90,3,6.0333,83.973,111.889,195.862,night,his-last-bow,1,,server-1,8,14,0,8.195,77.121,77.659
least-response-time-cache-off-warm500,90,3,6.0444,73.289,86.879,160.168,sea,hard-times,1,,server-1,8,14,0,16.703,77.121,77.659
least-response-time-cache-off-warm500,90,3,6.0556,62.843,109.015,171.858,whale,far-from-the-madding-crowd,1,,server-1,7,14,0,17.825,69.627,77.659
least-response-time-cache-off-warm500,90,3,6.0667,50.758,109.802,160.559,castle,the-divine-comedy,1,,server-1,8,14,0,17.825,90.958,77.659
least-response-time-cache-off-warm500,90,3,6.0778,39.836,84.857,124.694,was,the-lost-world,1,,server-1,9,14,0,18.988,90.958,77.659
least-response-time-cache-off-warm500,90,3,6.0889,46.631,113.789,160.420,you,the-portrait-of-a-lady-volume-1,1,,server-1,9,14,0,28.042,90.958,77.659
least-response-time-cache-off-warm500,90,3,6.1000,43.040,241.981,285.021,sea,oliver-twist,1,,server-1,10,13,0,19.961,85.901,77.659
least-response-time-cache-off-warm500,90,3,6.1111,93.618,90.165,183.783,house,the-jungle,1,,server-1,11,13,0,19.961,85.901,77.659
least-response-time-cache-off-warm500,90,3,6.1222,82.803,175.564,258.367,you,the-moonstone,1,,server-1,10,13,0,11.097,85.901,77.659
least-response-time-cache-off-warm500,90,3,6.1333,96.199,44.874,141.073,was,the-house-of-the-seven-gables,1,,server-1,11,9,0,11.097,42.339,77.659
least-response-time-cache-off-warm500,90,3,6.1444,106.658,67.580,174.237,you,dubliners,1,,server-1,11,8,0,14.008,28.151,77.659
least-response-time-cache-off-warm500,90,3,6.1556,95.408,56.575,151.983,castle,autobiography-of-benjamin-franklin,1,,server-1,12,8,0,14.008,28.151,77.659
least-response-time-cache-off-warm500,90,3,6.1667,89.671,146.092,235.763,the,the-adventures-of-sherlock-holmes,1,,server-1,13,8,0,14.008,28.151,77.659
least-response-time-cache-off-warm500,90,3,6.1778,21.824,85.190,107.013,king,myths-and-legends-of-ancient-greece-and-rome,1,,server-2,13,9,0,29.843,28.151,77.659
least-response-time-cache-off-warm500,90,3,6.1889,81.845,144.828,226.673,the,poirot-investigates,1,,server-1,14,9,0,29.843,35.538,77.659
least-response-time-cache-off-warm500,90,3,6.2000,97.493,193.504,290.997,love,the-odyssey,1,,server-1,15,9,0,29.843,31.317,77.659
least-response-time-cache-off-warm500,90,3,6.2111,52.388,57.161,109.549,whale,silas-marner,1,,server-2,15,10,0,35.411,31.317,77.659
least-response-time-cache-off-warm500,90,3,6.2222,27.721,91.374,119.095,letter,tess-of-the-d-urbervilles-a-pure-woman,1,,server-2,15,11,0,35.411,31.317,77.659
least-response-time-cache-off-warm500,90,3,6.2333,34.171,43.751,77.922,london,wuthering-heights,1,,server-2,13,9,0,46.523,39.255,77.659
least-response-time-cache-off-warm500,90,3,6.2444,37.874,71.466,109.340,and,the-scarlet-letter-33,1,,server-2,13,10,0,46.523,39.255,77.659
least-response-time-cache-off-warm500,90,3,6.2556,130.015,66.807,196.822,london,persuasion,1,,server-1,10,10,0,34.774,46.102,77.659
least-response-time-cache-off-warm500,90,3,6.2667,88.071,80.948,169.018,house,memoirs-of-fanny-hill,1,,server-1,11,9,0,35.751,36.666,77.659
least-response-time-cache-off-warm500,90,3,6.2778,125.063,60.703,185.766,london,the-great-gatsby,1,,server-1,12,6,0,23.168,49.024,77.659
least-response-time-cache-off-warm500,90,3,6.2889,131.337,93.442,224.779,london,the-king-in-yellow,1,,server-1,13,5,0,23.168,24.204,77.659
least-response-time-cache-off-warm500,90,3,6.3000,54.412,42.841,97.253,whale,the-first-men-in-the-moon,1,,server-2,12,6,0,35.828,24.204,77.659
least-response-time-cache-off-warm500,90,3,6.3111,108.068,93.320,201.388,of,a-journey-to-the-centre-of-the-earth,1,,server-1,13,6,0,27.463,27.830,77.659
least-response-time-cache-off-warm500,90,3,6.3222,31.856,66.515,98.371,was,his-last-bow,1,,server-2,11,6,0,35.009,32.932,77.659
least-response-time-cache-off-warm500,90,3,6.3333,21.591,69.310,90.902,was,the-odyssey,1,,server-2,11,7,0,35.009,32.932,77.659
least-response-time-cache-off-warm500,90,3,6.3444,11.036,22.466,33.502,death,walden-and-on-the-duty-of-civil-disobedience,1,,server-2,11,7,0,35.009,27.713,77.659
least-response-time-cache-off-warm500,90,3,6.3556,23.075,137.605,160.680,love,dracula,1,,server-2,11,5,0,43.897,5.521,77.659
least-response-time-cache-off-warm500,90,3,6.3667,52.034,20.801,72.835,sea,the-great-gatsby,1,,server-2,11,6,0,43.897,5.336,77.659
least-response-time-cache-off-warm500,90,3,6.3778,48.426,91.832,140.259,death,the-portrait-of-a-lady-volume-1,1,,server-2,11,7,0,43.897,10.029,77.659
least-response-time-cache-off-warm500,90,3,6.3889,38.149,87.253,125.402,whale,great-expectations,1,,server-2,10,8,0,54.533,10.029,77.659
least-response-time-cache-off-warm500,90,3,6.4000,41.110,96.556,137.666,and,the-house-of-the-seven-gables,1,,server-2,10,9,0,69.355,20.095,77.659
least-response-time-cache-off-warm500,90,3,6.4111,106.602,103.684,210.287,letter,the-house-of-mirth,1,,server-2,10,10,0,65.435,20.095,77.659
least-response-time-cache-off-warm500,90,3,6.4222,96.375,290.412,386.787,castle,villette,1,,server-2,6,9,0,28.232,21.201,77.659
least-response-time-cache-off-warm500,90,3,6.4333,84.999,57.570,142.570,whale,the-secret-garden,1,,server-2,6,8,0,28.232,12.784,77.659
least-response-time-cache-off-warm500,90,3,6.4444,74.242,103.220,177.462,of,oliver-twist,1,,server-2,6,8,0,32.552,13.597,77.659
least-response-time-cache-off-warm500,90,3,6.4556,64.271,55.019,119.290,was,the-first-men-in-the-moon,1,,server-2,5,9,0,33.815,13.597,77.659
least-response-time-cache-off-warm500,90,3,6.4667,75.503,111.882,187.386,sea,meditations,1,,server-2,4,10,0,32.534,15.904,77.659
least-response-time-cache-off-warm500,90,3,6.4778,64.478,98.460,162.938,heart,the-scarlet-letter-33,1,,server-2,4,11,0,32.534,15.904,77.659
least-response-time-cache-off-warm500,90,3,6.4889,134.551,143.086,277.636,sea,the-secret-garden,1,,server-2,3,12,0,30.752,15.904,77.659
least-response-time-cache-off-warm500,90,3,6.5000,121.596,77.034,198.630,castle,dubliners,1,,server-2,3,13,0,42.847,15.904,77.659
least-response-time-cache-off-warm500,90,3,6.5111,114.112,56.756,170.869,letter,jude-the-obscure,1,,server-2,3,14,0,38.242,15.904,77.659
least-response-time-cache-off-warm500,90,3,6.5222,102.763,90.016,192.779,he,the-hound-of-the-baskervilles-3070,1,,server-2,0,12,0,37.114,13.111,77.659
least-response-time-cache-off-warm500,90,3,6.5333,93.283,181.055,274.338,king,the-last-of-the-mohicans-a-narrative-of-1757,1,,server-2,0,13,0,37.114,13.111,77.659
least-response-time-cache-off-warm500,90,3,6.5444,107.442,151.284,258.726,london,cranford,1,,server-2,0,13,0,37.114,18.938,77.659
least-response-time-cache-off-warm500,90,3,6.5556,99.032,146.983,246.015,horse,a-princess-of-mars,1,,server-2,0,14,0,37.114,18.938,77.659
least-response-time-cache-off-warm500,90,3,6.5667,116.726,125.100,241.826,sea,the-first-men-in-the-moon,1,,server-2,0,15,0,37.114,18.938,77.659
least-response-time-cache-off-warm500,90,3,6.5778,1.354,37.587,38.941,you,great-expectations,1,,server-1,1,15,0,37.114,41.142,77.659
least-response-time-cache-off-warm500,90,3,6.5889,28.022,58.308,86.330,horse,the-adventures-of-ferdinand-count-fathom-complete,1,,server-1,2,15,0,19.075,41.142,77.659
least-response-time-cache-off-warm500,90,3,6.6000,17.139,21.131,38.270,whale,a-connecticut-yankee-in-king-arthur-s-court,1,,server-1,3,14,0,19.075,40.817,77.659
least-response-time-cache-off-warm500,90,3,6.6111,6.242,33.023,39.265,money,autobiography-of-benjamin-franklin,1,,server-1,4,14,0,19.075,40.817,77.659
least-response-time-cache-off-warm500,90,3,6.6222,53.540,50.236,103.775,night,madame-bovary,1,,server-1,4,13,0,4.076,50.298,77.659
least-response-time-cache-off-warm500,90,3,6.6333,42.535,46.085,88.619,castle,adventures-of-huckleberry-finn,1,,server-1,5,11,0,4.076,26.709,77.659
least-response-time-cache-off-warm500,90,3,6.6444,32.571,92.824,125.395,king,jude-the-obscure,1,,server-1,6,11,0,7.381,39.461,77.659
least-response-time-cache-off-warm500,90,3,6.6556,21.213,71.717,92.930,he,the-tenant-of-wildfell-hall,1,,server-1,7,10,0,12.322,30.129,77.659
least-response-time-cache-off-warm500,90,3,6.6667,14.951,106.880,121.831,castle,myths-and-legends-of-ancient-greece-and-rome,1,,server-1,8,10,0,12.322,24.480,77.659
least-response-time-cache-off-warm500,90,3,6.6778,44.786,87.538,132.324,love,a-tale-of-two-cities,1,,server-1,6,10,0,7.008,40.917,77.659
least-response-time-cache-off-warm500,90,3,6.6889,81.240,70.833,152.073,money,persuasion,1,,server-1,7,10,0,5.908,29.464,77.659
least-response-time-cache-off-warm500,90,3,6.7000,73.615,48.858,122.473,he,the-first-men-in-the-moon,1,,server-1,8,8,0,5.908,35.945,77.659
least-response-time-cache-off-warm500,90,3,6.7111,61.500,81.901,143.402,you,meditations,1,,server-1,9,8,0,5.908,35.945,77.659
least-response-time-cache-off-warm500,90,3,6.7222,63.603,108.258,171.861,house,the-first-men-in-the-moon,1,,server-1,10,8,0,23.459,40.336,77.659
least-response-time-cache-off-warm500,90,3,6.7333,74.515,90.982,165.497,he,the-mysterious-island,1,,server-1,11,6,0,28.674,34.980,77.659
least-response-time-cache-off-warm500,90,3,6.7444,110.651,93.230,203.881,letter,kidnapped,1,,server-1,12,6,0,28.674,34.980,77.659
least-response-time-cache-off-warm500,90,3,6.7556,46.383,20.757,67.139,you,the-memoirs-of-sherlock-holmes,1,,server-2,11,7,0,37.541,34.980,77.659
least-response-time-cache-off-warm500,90,3,6.7667,127.650,38.214,165.864,death,a-connecticut-yankee-in-king-arthur-s-court,1,,server-1,12,7,0,37.541,53.345,77.659
least-response-time-cache-off-warm500,90,3,6.7778,121.170,47.628,168.798,king,the-secret-garden,1,,server-1,11,7,0,26.008,53.345,77.659
least-response-time-cache-off-warm500,90,3,6.7889,110.957,61.534,172.491,love,the-secret-garden-17396,1,,server-1,12,7,0,29.757,53.345,77.659
least-response-time-cache-off-warm500,90,3,6.8000,132.378,102.658,235.035,heart,jane-eyre-an-autobiography,1,,server-1,12,6,0,29.757,45.587,77.659
least-response-time-cache-off-warm500,90,3,6.8111,133.226,85.369,218.595,castle,poirot-investigates,1,,server-1,13,1,0,31.838,67.287,77.659
least-response-time-cache-off-warm500,90,3,6.8222,140.047,97.019,237.065,london,silas-marner,1,,server-1,14,1,0,24.238,57.618,77.659
least-response-time-cache-off-warm500,90,3,6.8333,113.673,84.409,198.081,night,frankenstein-or-the-modern-prometheus-41445,1,,server-1,15,0,0,32.220,46.133,77.659
least-response-time-cache-off-warm500,90,3,6.8444,126.423,89.948,216.371,love,myths-and-legends-of-ancient-greece-and-rome,1,,server-1,13,0,0,39.455,46.133,77.659
least-response-time-cache-off-warm500,90,3,6.8556,1.639,32.641,34.279,night,great-expectations,1,,server-2,13,1,0,50.652,46.133,77.659
least-response-time-cache-off-warm500,90,3,6.8667,23.296,24.712,48.008,whale,the-song-of-the-lark,1,,server-2,13,2,0,45.564,23.695,77.659
least-response-time-cache-off-warm500,90,3,6.8778,12.821,45.275,58.095,london,the-picture-of-dorian-gray,1,,server-2,13,3,0,45.564,23.695,77.659
least-response-time-cache-off-warm500,90,3,6.8889,1.672,33.266,34.938,you,poirot-investigates,1,,server-2,13,4,0,45.564,23.695,77.659
least-response-time-cache-off-warm500,90,3,6.9000,22.686,33.198,55.884,she,the-scarlet-letter-33,1,,server-2,9,4,0,28.284,4.127,77.659
least-response-time-cache-off-warm500,90,3,6.9111,13.117,91.156,104.273,night,washington-square,1,,server-2,9,5,0,49.556,4.127,77.659
least-response-time-cache-off-warm500,90,3,6.9222,14.939,80.650,95.589,night,pride-and-prejudice,1,,server-2,9,6,0,49.556,8.902,77.659
least-response-time-cache-off-warm500,90,3,6.9333,4.212,47.442,51.654,king,adventures-of-huckleberry-finn,1,,server-2,9,6,0,42.988,7.567,77.659
least-response-time-cache-off-warm500,90,3,6.9444,13.682,90.027,103.710,the,jude-the-obscure,1,,server-2,9,5,0,52.069,5.771,77.659
least-response-time-cache-off-warm500,90,3,6.9556,62.562,113.655,176.217,she,dracula,1,,server-2,8,6,0,26.030,10.940,77.659
least-response-time-cache-off-warm500,90,3,6.9667,51.390,63.285,114.676,was,the-prince,1,,server-2,5,6,0,27.645,6.347,77.659
least-response-time-cache-off-warm500,90,3,6.9778,42.627,76.299,118.926,castle,north-and-south,1,,server-2,5,7,0,23.817,6.347,77.659
least-response-time-cache-off-warm500,90,3,6.9889,31.242,163.127,194.369,death,anne-of-green-gables,1,,server-2,5,8,0,21.633,14.124,77.659
least-response-time-cache-off-warm500,90,3,7.0000,20.588,165.515,186.103,heart,oliver-twist,1,,server-2,5,9,0,21.633,14.124,77.659
least-response-time-cache-off-warm500,90,3,7.0111,10.749,78.871,89.621,money,frankenstein-or-the-modern-prometheus-41445,1,,server-2,5,10,0,21.633,14.124,77.659
least-response-time-cache-off-warm500,90,3,7.0222,61.172,192.729,253.901,death,the-age-of-innocence,1,,server-2,5,8,0,21.633,4.745,77.659
least-response-time-cache-off-warm500,90,3,7.0333,50.377,150.517,200.894,king,the-iliad-2199,1,,server-2,5,9,0,43.282,4.291,77.659
least-response-time-cache-off-warm500,90,3,7.0444,38.639,121.005,159.645,london,the-works-of-edgar-allan-poe-volume-2,1,,server-2,3,10,0,28.314,4.291,77.659
least-response-time-cache-off-warm500,90,3,7.0556,29.314,196.438,225.752,house,the-adventures-of-ferdinand-count-fathom-complete,1,,server-2,3,11,0,28.314,7.956,77.659
least-response-time-cache-off-warm500,90,3,7.0667,27.037,218.402,245.439,night,kidnapped,1,,server-2,0,11,0,33.295,11.309,77.659
least-response-time-cache-off-warm500,90,3,7.0778,108.562,109.316,217.878,whale,the-adventures-of-sherlock-holmes,1,,server-2,0,12,0,33.295,11.309,77.659
least-response-time-cache-off-warm500,90,3,7.0889,146.854,128.244,275.098,house,villette,1,,server-2,0,12,0,33.295,12.766,77.659
least-response-time-cache-off-warm500,90,3,7.1000,135.538,128.151,263.688,king,the-prince,1,,server-2,0,13,0,33.295,19.365,77.659
least-response-time-cache-off-warm500,90,3,7.1111,165.739,86.974,252.714,the,the-house-of-the-seven-gables,1,,server-2,0,14,0,33.295,29.413,77.659
least-response-time-cache-off-warm500,90,3,7.1222,171.417,82.904,254.321,was,frankenstein-or-the-modern-prometheus-41445,1,,server-2,0,15,0,33.295,29.413,77.659
least-response-time-cache-off-warm500,90,3,7.1333,4.287,19.854,24.141,love,the-adventures-of-sherlock-holmes,1,,server-1,1,15,0,33.295,42.675,77.659
least-response-time-cache-off-warm500,90,3,7.1444,13.934,32.654,46.588,and,northanger-abbey,1,,server-1,2,15,0,17.309,42.675,77.659
least-response-time-cache-off-warm500,90,3,7.1556,3.049,33.734,36.782,heart,northanger-abbey,1,,server-1,3,14,0,17.309,42.675,77.659
least-response-time-cache-off-warm500,90,3,7.1667,26.365,50.517,76.882,whale,twenty-thousand-leagues-under-the-sea,1,,server-1,3,14,0,4.529,42.675,77.659
least-response-time-cache-off-warm500,90,3,7.1778,15.601,12.590,28.191,whale,the-prince,1,,server-1,4,14,0,4.529,42.675,77.659
least-response-time-cache-off-warm500,90,3,7.1889,4.792,47.021,51.813,king,the-works-of-edgar-allan-poe-volume-2,1,,server-1,5,12,0,4.529,55.728,77.659
least-response-time-cache-off-warm500,90,3,7.2000,23.415,34.992,58.407,castle,the-secret-garden-17396,1,,server-1,4,12,0,2.850,55.728,77.659
least-response-time-cache-off-warm500,90,3,7.2111,33.810,88.968,122.778,house,cranford,1,,server-1,5,11,0,4.316,79.164,77.659
least-response-time-cache-off-warm500,90,3,7.2222,23.677,86.438,110.115,king,myths-and-legends-of-ancient-greece-and-rome,1,,server-1,6,11,0,4.316,79.164,77.659
least-response-time-cache-off-warm500,90,3,7.2333,25.459,30.112,55.570,london,little-women,1,,server-1,6,11,0,6.695,91.787,77.659
least-response-time-cache-off-warm500,90,3,7.2444,16.522,58.721,75.243,you,oliver-twist,1,,server-1,6,11,0,15.112,41.393,77.659
least-response-time-cache-off-warm500,90,3,7.2556,8.425,88.542,96.967,castle,the-king-in-yellow,1,,server-1,6,11,0,9.656,41.393,77.659
least-response-time-cache-off-warm500,90,3,7.2667,68.426,85.254,153.680,and,the-vicomte-de-bragelonne,1,,server-1,6,11,0,5.115,41.393,77.659
least-response-time-cache-off-warm500,90,3,7.2778,60.205,80.192,140.397,letter,the-adventures-of-sherlock-holmes,1,,server-1,7,10,0,5.115,79.153,77.659
least-response-time-cache-off-warm500,90,3,7.2889,46.006,129.642,175.649,she,leaves-of-grass,1,,server-1,8,9,0,9.970,99.975,77.659
least-response-time-cache-off-warm500,90,3,7.3000,35.466,26.298,61.763,heart,the-wind-in-the-willows,1,,server-1,9,7,0,9.970,54.956,77.659
least-response-time-cache-off-warm500,90,3,7.3111,104.243,64.836,169.078,he,the-hound-of-the-baskervilles,1,,server-1,10,7,0,9.970,54.956,77.659
least-response-time-cache-off-warm500,90,3,7.3222,15.814,85.404,101.218,sea,black-beauty,1,,server-1,11,4,0,27.089,54.066,77.659
least-response-time-cache-off-warm500,90,3,7.3333,76.292,105.865,182.157,whale,a-journey-to-the-centre-of-the-earth,1,,server-1,11,4,0,33.952,54.066,77.659
least-response-time-cache-off-warm500,90,3,7.3444,94.511,100.914,195.425,heart,the-prince,1,,server-1,9,4,0,11.126,54.066,77.659
least-response-time-cache-off-warm500,90,3,7.3556,109.567,28.405,137.972,castle,kidnapped,1,,server-1,9,4,0,12.908,54.066,77.659
least-response-time-cache-off-warm500,90,3,7.3667,102.401,95.188,197.590,king,myths-and-legends-of-ancient-greece-and-rome,1,,server-1,10,1,0,17.546,39.951,77.659
least-response-time-cache-off-warm500,90,3,7.3778,101.644,100.982,202.627,letter,treasure-island,1,,server-1,11,0,0,17.546,38.492,77.659
least-response-time-cache-off-warm500,90,3,7.3889,107.016,86.359,193.375,and,memoirs-of-fanny-hill,1,,server-1,12,0,0,17.546,38.492,77.659
least-response-time-cache-off-warm500,90,3,7.4000,94.424,37.250,131.675,was,adventures-of-huckleberry-finn,1,,server-1,13,0,0,23.159,38.492,77.659
least-response-time-cache-off-warm500,90,3,7.4111,101.727,84.030,185.757,castle,thus-spake-zarathustra-a-book-for-all-and-none,1,,server-1,14,0,0,28.197,38.492,77.659
least-response-time-cache-off-warm500,90,3,7.4222,3.233,26.043,29.276,he,the-war-of-the-worlds,1,,server-2,13,1,0,51.369,38.492,77.659
least-response-time-cache-off-warm500,90,3,7.4333,18.961,30.015,48.976,and,poirot-investigates,1,,server-2,12,2,0,27.672,19.863,77.659
least-response-time-cache-off-warm500,90,3,7.4444,8.788,16.225,25.013,you,desert-gold,1,,server-2,10,3,0,40.166,19.863,77.659
least-response-time-cache-off-warm500,90,3,7.4556,26.865,62.243,89.108,of,the-mysterious-island,1,,server-2,10,3,0,40.166,5.800,77.659
least-response-time-cache-off-warm500,90,3,7.4667,16.603,25.649,42.252,whale,poirot-investigates,1,,server-2,9,4,0,30.765,5.800,77.659
least-response-time-cache-off-warm500,90,3,7.4778,6.242,63.672,69.914,the,walden-and-on-the-duty-of-civil-disobedience,1,,server-2,9,5,0,46.926,6.297,77.659
least-response-time-cache-off-warm500,90,3,7.4889,59.195,18.805,78.001,was,meditations,1,,server-2,9,4,0,43.467,3.577,77.659
least-response-time-cache-off-warm500,90,3,7.5000,50.325,131.561,181.886,night,dracula,1,,server-2,7,5,0,32.050,3.577,77.659
least-response-time-cache-off-warm500,90,3,7.5111,37.682,36.121,73.802,london,frankenstein-or-the-modern-prometheus,1,,server-2,7,6,0,32.050,7.851,77.659
least-response-time-cache-off-warm500,90,3,7.5222,27.728,77.521,105.249,death,the-works-of-edgar-allan-poe-volume-2,1,,server-2,7,7,0,29.981,7.851,77.659
least-response-time-cache-off-warm500,90,3,7.5333,20.314,146.484,166.797,sea,twenty-thousand-leagues-under-the-sea,1,,server-2,7,8,0,25.159,15.826,77.659
least-response-time-cache-off-warm500,90,3,7.5444,5.723,75.018,80.741,king,the-mysterious-island,1,,server-2,5,8,0,34.992,24.973,77.659
least-response-time-cache-off-warm500,90,3,7.5556,10.819,111.744,122.563,death,great-expectations,1,,server-2,5,7,0,29.689,4.036,77.659
least-response-time-cache-off-warm500,90,3,7.5667,63.248,103.117,166.365,money,the-innocents-abroad,1,,server-2,5,8,0,37.457,6.984,77.659
least-response-time-cache-off-warm500,90,3,7.5778,53.845,133.546,187.391,whale,the-king-in-yellow,1,,server-2,5,9,0,37.457,6.984,77.659
least-response-time-cache-off-warm500,90,3,7.5889,111.869,69.802,181.671,death,a-princess-of-mars,1,,server-2,2,10,0,37.457,16.210,77.659
least-response-time-cache-off-warm500,90,3,7.6000,101.740,95.629,197.369,she,north-and-south,1,,server-2,0,11,0,32.152,16.210,77.659
least-response-time-cache-off-warm500,90,3,7.6111,125.599,113.772,239.371,the,north-and-south,1,,server-2,0,12,0,32.152,16.921,77.659
least-response-time-cache-off-warm500,90,3,7.6222,171.667,70.335,242.002,love,the-odyssey,1,,server-2,0,11,0,32.152,24.427,77.659
least-response-time-cache-off-warm500,90,3,7.6333,160.083,83.518,243.601,she,a-princess-of-mars,1,,server-2,0,10,0,32.152,19.552,77.659
least-response-time-cache-off-warm500,90,3,7.6444,153.204,93.553,246.757,was,hard-times,1,,server-2,0,11,0,32.152,19.552,77.659
least-response-time-cache-off-warm500,90,3,7.6556,141.963,77.926,219.889,letter,northanger-abbey,1,,server-2,0,12,0,32.152,19.552,77.659
least-response-time-cache-off-warm500,90,3,7.6667,134.454,130.987,265.441,and,white-fang,1,,server-2,0,13,0,32.152,19.552,77.659
least-response-time-cache-off-warm500,90,3,7.6778,177.085,65.648,242.732,he,great-expectations,1,,server-2,0,14,0,32.152,25.767,77.659
least-response-time-cache-off-warm500,90,3,7.6889,1.741,31.774,33.514,the,the-last-of-the-mohicans-a-narrative-of-1757,1,,server-1,1,14,0,32.152,46.217,77.659
least-response-time-cache-off-warm500,90,3,7.7000,23.003,13.250,36.252,whale,silas-marner,1,,server-1,2,14,0,16.540,45.651,77.659
least-response-time-cache-off-warm500,90,3,7.7111,12.113,44.161,56.274,you,the-adventures-of-tom-sawyer-complete,1,,server-1,3,11,0,16.540,25.482,77.659
least-response-time-cache-off-warm500,90,3,7.7222,1.438,24.915,26.353,and,the-lost-world,1,,server-1,4,11,0,14.617,25.482,77.659
least-response-time-cache-off-warm500,90,3,7.7333,15.072,42.602,57.674,of,the-age-of-innocence,1,,server-1,4,11,0,3.439,40.849,77.659
least-response-time-cache-off-warm500,90,3,7.7444,5.475,39.270,44.745,she,the-hound-of-the-baskervilles,1,,server-1,4,10,0,3.948,32.919,77.659
least-response-time-cache-off-warm500,90,3,7.7556,34.457,32.661,67.119,and,jane-eyre-an-autobiography,1,,server-1,4,10,0,3.489,32.919,77.659
least-response-time-cache-off-warm500,90,3,7.7667,26.495,61.791,88.286,horse,wuthering-heights,1,,server-1,5,10,0,3.489,82.397,77.659
least-response-time-cache-off-warm500,90,3,7.7778,15.897,96.897,112.794,sea,far-from-the-madding-crowd,1,,server-1,6,10,0,11.305,79.608,77.659
least-response-time-cache-off-warm500,90,3,7.7889,5.425,58.145,63.570,she,the-works-of-edgar-allan-poe-volume-2,1,,server-1,6,10,0,16.812,79.608,77.659
least-response-time-cache-off-warm500,90,3,7.8000,25.234,65.192,90.426,king,the-adventures-of-tom-sawyer-complete,1,,server-1,5,7,0,3.838,32.101,77.659
least-response-time-cache-off-warm500,90,3,7.8111,41.678,85.967,127.645,castle,herland,1,,server-1,6,7,0,3.838,20.746,77.659
least-response-time-cache-off-warm500,90,3,7.8222,64.585,74.922,139.507,king,treasure-island,1,,server-1,7,7,0,9.320,20.746,77.659
least-response-time-cache-off-warm500,90,3,7.8333,24.362,79.136,103.498,money,north-and-south,1,,server-1,7,7,0,9.591,46.958,77.659
least-response-time-cache-off-warm500,90,3,7.8444,13.653,54.083,67.736,was,the-first-men-in-the-moon,1,,server-1,8,7,0,9.591,46.958,77.659
least-response-time-cache-off-warm500,90,3,7.8556,31.023,86.245,117.268,money,washington-square,1,,server-1,9,6,0,15.981,43.825,77.659
least-response-time-cache-off-warm500,90,3,7.8667,20.555,62.911,83.466,was,agnes-grey,1,,server-1,8,6,0,8.078,41.011,77.659
least-response-time-cache-off-warm500,90,3,7.8778,14.603,140.734,155.337,sea,poirot-investigates,1,,server-1,9,4,0,9.574,38.425,77.659
least-response-time-cache-off-warm500,90,3,7.8889,4.805,117.165,121.969,night,the-age-of-innocence,1,,server-1,10,4,0,7.503,38.425,77.659
least-response-time-cache-off-warm500,90,3,7.9000,40.167,169.570,209.736,whale,the-american,1,,server-1,9,2,0,8.015,33.939,77.659
least-response-time-cache-off-warm500,90,3,7.9111,47.829,55.283,103.112,of,the-last-of-the-mohicans-a-narrative-of-1757-27681,1,,server-1,10,2,0,8.015,33.939,77.659
least-response-time-cache-off-warm500,90,3,7.9222,26.703,131.939,158.642,horse,wuthering-heights,1,,server-1,11,1,0,14.037,30.446,77.659
least-response-time-cache-off-warm500,90,3,7.9333,40.783,103.440,144.223,money,the-first-men-in-the-moon,1,,server-1,12,0,0,14.037,40.382,77.659
least-response-time-cache-off-warm500,90,3,7.9444,89.305,161.236,250.541,money,the-odyssey,1,,server-1,10,0,0,22.018,40.382,77.659
least-response-time-cache-off-warm500,90,3,7.9556,59.870,140.325,200.195,and,the-last-of-the-mohicans-a-narrative-of-1757-27681,1,,server-1,11,0,0,27.956,40.382,77.659
least-response-time-cache-off-warm500,90,3,7.9667,49.847,123.142,172.989,death,the-adventures-of-ferdinand-count-fathom-complete,1,,server-1,12,0,0,24.612,40.382,77.659
least-response-time-cache-off-warm500,90,3,7.9778,57.546,209.515,267.060,house,the-adventures-of-ferdinand-count-fathom-complete,1,,server-1,11,0,0,19.980,40.382,77.659
least-response-time-cache-off-warm500,90,3,7.9889,116.792,136.616,253.407,money,great-expectations,1,,server-1,12,0,0,19.980,40.382,77.659
least-response-time-cache-off-warm500,90,3,8.0000,112.183,56.885,169.068,the,agnes-grey,1,,server-1,12,0,0,27.079,40.382,77.659
least-response-time-cache-off-warm500,90,3,8.0111,147.877,118.008,265.885,money,the-secret-adversary,1,,server-1,13,0,0,37.679,40.382,77.659
least-response-time-cache-off-warm500,90,3,8.0222,147.685,94.577,242.261,castle,a-tale-of-two-cities,1,,server-1,12,0,0,17.689,40.382,77.659
least-response-time-cache-off-warm500,90,3,8.0333,211.144,61.694,272.838,death,madame-bovary,1,,server-1,13,0,0,32.853,40.382,77.659
least-response-time-cache-off-warm500,90,3,8.0444,200.581,42.506,243.087,was,frankenstein-or-the-modern-prometheus-41445,1,,server-1,13,0,0,26.400,40.382,77.659
least-response-time-cache-off-warm500,90,3,8.0556,205.918,80.626,286.545,love,life-on-the-mississippi,1,,server-1,14,0,0,26.400,40.382,77.659
least-response-time-cache-off-warm500,90,3,8.0667,200.089,71.745,271.834,night,sense-and-sensibility,1,,server-1,15,0,0,27.068,40.382,77.659
least-response-time-cache-off-warm500,90,3,8.0778,1.542,19.194,20.736,was,dubliners,1,,server-2,15,1,0,42.035,40.382,77.659
least-response-time-cache-off-warm500,90,3,8.0889,10.169,19.079,29.248,he,persuasion,1,,server-2,14,2,0,57.079,20.776,77.659
least-response-time-cache-off-warm500,90,3,8.1000,2.189,49.781,51.970,horse,life-on-the-mississippi,1,,server-2,14,2,0,57.079,9.246,77.659
least-response-time-cache-off-warm500,90,3,8.1111,8.217,33.733,41.950,you,black-beauty,1,,server-2,13,3,0,53.332,6.008,77.659
least-response-time-cache-off-warm500,90,3,8.1222,30.912,51.254,82.166,heart,the-works-of-edgar-allan-poe-volume-2,1,,server-2,13,3,0,42.950,4.799,77.659
least-response-time-cache-off-warm500,90,3,8.1333,20.367,54.883,75.250,love,oliver-twist,1,,server-2,13,4,0,42.950,4.799,77.659
least-response-time-cache-off-warm500,90,3,8.1444,8.595,15.593,24.188,and,northanger-abbey,1,,server-2,13,5,0,55.222,4.799,77.659
least-response-time-cache-off-warm500,90,3,8.1556,13.267,103.032,116.299,house,the-moonstone,1,,server-2,12,4,0,63.376,2.789,77.659
least-response-time-cache-off-warm500,90,3,8.1667,42.526,89.629,132.155,was,silas-marner,1,,server-2,10,5,0,51.681,2.789,77.659
least-response-time-cache-off-warm500,90,3,8.1778,32.151,58.342,90.493,was,meditations,1,,server-2,10,6,0,35.012,4.640,77.659
least-response-time-cache-off-warm500,90,3,8.1889,23.239,104.687,127.926,horse,the-works-of-edgar-allan-poe-volume-2,1,,server-2,10,7,0,35.012,6.408,77.659
least-response-time-cache-off-warm500,90,3,8.2000,13.326,106.487,119.814,castle,hard-times,1,,server-2,9,8,0,72.202,6.408,77.659
least-response-time-cache-off-warm500,90,3,8.2111,2.971,58.985,61.956,she,his-last-bow,1,,server-2,9,6,0,72.202,10.775,77.659
least-response-time-cache-off-warm500,90,3,8.2222,79.159,58.385,137.544,love,the-hound-of-the-baskervilles,1,,server-2,9,7,0,72.202,3.352,77.659
least-response-time-cache-off-warm500,90,3,8.2333,83.235,45.363,128.598,night,a-journey-to-the-centre-of-the-earth,1,,server-2,9,8,0,72.202,3.352,77.659
least-response-time-cache-off-warm500,90,3,8.2444,74.460,66.462,140.922,death,a-connecticut-yankee-in-king-arthur-s-court,1,,server-2,8,9,0,115.222,3.352,77.659
least-response-time-cache-off-warm500,90,3,8.2556,63.483,42.624,106.107,sea,washington-square,1,,server-2,8,10,0,71.663,3.352,77.659
least-response-time-cache-off-warm500,90,3,8.2667,52.060,137.802,189.862,you,great-expectations,1,,server-2,6,11,0,48.903,3.352,77.659
least-response-time-cache-off-warm500,90,3,8.2778,45.098,117.414,162.512,horse,the-king-in-yellow,1,,server-2,5,12,0,43.343,21.222,77.659
least-response-time-cache-off-warm500,90,3,8.2889,69.215,179.105,248.320,night,great-expectations,1,,server-2,4,11,0,34.506,18.970,77.659
least-response-time-cache-off-warm500,90,3,8.3000,42.211,14.898,57.109,you,the-mystery-of-edwin-drood,1,,server-1,4,10,0,34.506,37.339,77.659
least-response-time-cache-off-warm500,90,3,8.3111,50.749,95.895,146.644,was,the-adventures-of-tom-sawyer-complete,1,,server-2,4,11,0,39.747,30.264,77.659
least-response-time-cache-off-warm500,90,3,8.3222,59.829,110.795,170.624,house,thus-spake-zarathustra-a-book-for-all-and-none,1,,server-2,4,9,0,39.747,19.764,77.659
least-response-time-cache-off-warm500,90,3,8.3333,53.443,90.691,144.135,and,jude-the-obscure,1,,server-2,4,10,0,39.747,16.124,77.659
least-response-time-cache-off-warm500,90,3,8.3444,66.245,130.046,196.291,night,the-last-of-the-mohicans-a-narrative-of-1757-27681,1,,server-2,1,11,0,25.009,23.813,77.659
least-response-time-cache-off-warm500,90,3,8.3556,100.799,102.194,202.993,the,the-house-of-the-seven-gables,1,,server-2,1,12,0,25.009,23.813,77.659
least-response-time-cache-off-warm500,90,3,8.3667,108.267,118.692,226.959,she,the-mysterious-affair-at-styles,1,,server-2,0,12,0,18.331,16.333,77.659
least-response-time-cache-off-warm500,90,3,8.3778,113.519,92.527,206.046,horse,villette,1,,server-2,0,13,0,18.331,16.333,77.659
least-response-time-cache-off-warm500,90,3,8.3889,2.314,24.886,27.199,sea,the-secret-garden-17396,1,,server-1,1,12,0,18.331,27.845,77.659
least-response-time-cache-off-warm500,90,3,8.4000,14.953,28.183,43.136,the,northanger-abbey,1,,server-1,2,12,0,9.518,27.845,77.659
least-response-time-cache-off-warm500,90,3,8.4111,5.767,30.132,35.899,you,hard-times,1,,server-1,3,12,0,9.518,26.801,77.659
least-response-time-cache-off-warm500,90,3,8.4222,25.178,61.209,86.387,whale,the-last-of-the-mohicans-a-narrative-of-1757-27681,1,,server-1,3,12,0,3.660,26.801,77.659
least-response-time-cache-off-warm500,90,3,8.4333,13.874,28.395,42.269,london,emma,1,,server-1,4,12,0,3.660,26.801,77.659
least-response-time-cache-off-warm500,90,3,8.4444,3.628,57.849,61.477,was,desert-gold,1,,server-1,5,9,0,10.932,38.281,77.659
least-response-time-cache-off-warm500,90,3,8.4556,53.643,51.156,104.800,and,the-portrait-of-a-lady-volume-1,1,,server-1,4,9,0,2.699,38.281,77.659
least-response-time-cache-off-warm500,90,3,8.4667,43.360,48.262,91.622,was,great-expectations,1,,server-1,5,9,0,2.699,60.105,77.659
least-response-time-cache-off-warm500,90,3,8.4778,32.595,84.833,117.428,of,north-and-south,1,,server-1,6,9,0,7.972,54.777,77.659
least-response-time-cache-off-warm500,90,3,8.4889,21.754,131.918,153.672,horse,north-and-south,1,,server-1,6,9,0,7.972,54.777,77.659
least-response-time-cache-off-warm500,90,3,8.5000,10.744,133.100,143.843,king,the-adventures-of-sherlock-holmes,1,,server-1,7,9,0,7.972,51.508,77.659
least-response-time-cache-off-warm500,90,3,8.5111,47.277,127.247,174.523,london,the-tenant-of-wildfell-hall,1,,server-1,6,9,0,4.246,51.508,77.659
least-response-time-cache-off-warm500,90,3,8.5222,73.096,92.672,165.768,the,madame-bovary,1,,server-1,7,6,0,3.899,49.270,77.659
least-response-time-cache-off-warm500,90,3,8.5333,138.888,89.764,228.652,he,the-portrait-of-a-lady-volume-1,1,,server-1,8,6,0,3.899,49.270,77.659
least-response-time-cache-off-warm500,90,3,8.5444,143.882,22.047,165.929,he,the-odyssey,1,,server-1,9,5,0,8.056,65.115,77.659
least-response-time-cache-off-warm500,90,3,8.5556,133.371,124.989,258.360,death,mary-barton,1,,server-1,10,5,0,8.056,65.115,77.659
least-response-time-cache-off-warm500,90,3,8.5667,122.109,44.954,167.063,the,far-from-the-madding-crowd,1,,server-1,11,3,0,14.944,64.729,77.659
least-response-time-cache-off-warm500,90,3,8.5778,113.796,121.468,235.264,heart,the-prince,1,,server-1,12,3,0,14.944,64.729,77.659
least-response-time-cache-off-warm500,90,3,8.5889,119.340,105.187,224.527,castle,the-last-of-the-mohicans-a-narrative-of-1757,1,,server-1,13,2,0,14.944,57.876,77.659
least-response-time-cache-off-warm500,90,3,8.6000,130.582,127.429,258.011,money,the-mysterious-island,1,,server-1,11,0,0,19.731,40.739,77.659
least-response-time-cache-off-warm500,90,3,8.6111,119.543,98.202,217.745,love,the-wind-in-the-willows,1,,server-1,12,0,0,19.731,40.739,77.659
least-response-time-cache-off-warm500,90,3,8.6222,190.313,92.731,283.045,was,the-romance-of-lust-a-classic-victorian-erotic-novel,1,,server-1,13,0,0,19.731,40.739,77.659
least-response-time-cache-off-warm500,90,3,8.6333,179.476,65.106,244.583,castle,desperate-remedies,1,,server-1,14,0,0,19.731,40.739,77.659
least-response-time-cache-off-warm500,90,3,8.6444,1.703,17.356,19.058,london,the-wind-in-the-willows,1,,server-2,14,1,0,59.651,40.739,77.659
least-response-time-cache-off-warm500,90,3,8.6556,8.727,22.079,30.805,heart,jude-the-obscure,1,,server-2,14,2,0,59.651,20.951,77.659
least-response-time-cache-off-warm500,90,3,8.6667,20.580,38.135,58.715,money,white-fang,1,,server-2,14,2,0,61.662,9.018,77.659
least-response-time-cache-off-warm500,90,3,8.6778,10.072,39.929,50.002,money,the-adventures-of-ferdinand-count-fathom-complete,1,,server-2,13,3,0,61.692,9.018,77.659
least-response-time-cache-off-warm500,90,3,8.6889,2.621,66.640,69.261,horse,the-scarlet-letter,1,,server-2,12,3,0,27.082,4.414,77.659
least-response-time-cache-off-warm500,90,3,8.7000,29.029,53.424,82.453,castle,the-tenant-of-wildfell-hall,1,,server-2,10,4,0,35.370,3.031,77.659
least-response-time-cache-off-warm500,90,3,8.7111,18.433,69.091,87.524,sea,wuthering-heights,1,,server-2,10,5,0,46.655,5.603,77.659
least-response-time-cache-off-warm500,90,3,8.7222,7.995,78.461,86.456,whale,frankenstein-or-the-modern-prometheus-41445,1,,server-2,10,6,0,46.655,5.603,77.659
least-response-time-cache-off-warm500,90,3,8.7333,62.549,37.089,99.638,money,leaves-of-grass,1,,server-2,10,5,0,31.300,3.841,77.659
least-response-time-cache-off-warm500,90,3,8.7444,64.438,38.593,103.032,house,the-return-of-sherlock-holmes,1,,server-2,10,6,0,31.300,3.841,77.659
least-response-time-cache-off-warm500,90,3,8.7556,55.092,49.419,104.511,you,the-war-of-the-worlds,1,,server-2,10,7,0,31.300,3.841,77.659
least-response-time-cache-off-warm500,90,3,8.7667,44.989,68.716,113.705,horse,memoirs-of-fanny-hill,1,,server-2,10,8,0,41.629,13.115,77.659
least-response-time-cache-off-warm500,90,3,8.7778,34.624,115.946,150.569,was,the-great-gatsby,1,,server-2,7,9,0,56.778,13.115,77.659
least-response-time-cache-off-warm500,90,3,8.7889,40.775,39.365,80.139,horse,around-the-world-in-eighty-days,1,,server-2,7,9,0,56.778,27.273,77.659
least-response-time-cache-off-warm500,90,3,8.8000,50.507,77.568,128.075,love,the-tenant-of-wildfell-hall,1,,server-2,7,9,0,56.778,24.253,77.659
least-response-time-cache-off-warm500,90,3,8.8111,37.315,79.298,116.613,king,a-princess-of-mars,1,,server-2,7,8,0,80.338,16.571,77.659
least-response-time-cache-off-warm500,90,3,8.8222,61.289,73.302,134.591,was,the-secret-garden-17396,1,,server-2,5,9,0,40.223,12.331,77.659
least-response-time-cache-off-warm500,90,3,8.8333,51.605,70.449,122.054,of,frankenstein-or-the-modern-prometheus-41445,1,,server-2,4,10,0,46.566,15.361,77.659
least-response-time-cache-off-warm500,90,3,8.8444,84.829,59.744,144.573,heart,the-mystery-of-edwin-drood,1,,server-2,4,11,0,46.566,15.361,77.659
least-response-time-cache-off-warm500,90,3,8.8556,101.727,33.059,134.787,king,the-memoirs-of-sherlock-holmes,1,,server-2,3,10,0,42.384,13.405,77.659
least-response-time-cache-off-warm500,90,3,8.8667,91.280,91.149,182.429,castle,the-age-of-innocence,1,,server-2,2,11,0,42.588,18.283,77.659
least-response-time-cache-off-warm500,90,3,8.8778,82.856,117.765,200.621,castle,the-lost-world,1,,server-2,2,12,0,46.846,21.823,77.659
least-response-time-cache-off-warm500,90,3,8.8889,69.711,107.295,177.006,house,little-women,1,,server-2,2,10,0,46.846,14.482,77.659
least-response-time-cache-off-warm500,90,3,8.9000,59.925,104.346,164.271,you,his-last-bow,1,,server-2,2,11,0,46.846,14.482,77.659
least-response-time-cache-off-warm500,90,3,8.9111,81.298,102.494,183.793,whale,agnes-grey,1,,server-2,0,12,0,41.638,14.482,77.659
least-response-time-cache-off-warm500,90,3,8.9222,52.106,91.849,143.955,sea,his-last-bow,1,,server-2,0,13,0,41.638,14.482,77.659
least-response-time-cache-off-warm500,90,3,8.9333,118.670,90.376,209.047,horse,a-tale-of-two-cities,1,,server-2,0,11,0,41.638,29.302,77.659
least-response-time-cache-off-warm500,90,3,8.9444,79.320,143.245,222.565,castle,north-and-south,1,,server-2,0,12,0,41.638,29.302,77.659
least-response-time-cache-off-warm500,90,3,8.9556,2.203,26.674,28.877,night,the-adventures-of-ferdinand-count-fathom-complete,1,,server-1,1,12,0,41.638,47.392,77.659
least-response-time-cache-off-warm500,90,3,8.9667,99.125,53.777,152.902,king,life-on-the-mississippi,1,,server-2,1,11,0,21.412,17.153,77.659
least-response-time-cache-off-warm500,90,3,8.9778,115.795,87.895,203.691,letter,cranford,1,,server-2,1,12,0,21.412,15.705,77.659
least-response-time-cache-off-warm500,90,3,8.9889,1.394,8.883,10.278,the,the-prince,1,,server-1,1,12,0,17.921,22.321,77.659
least-response-time-cache-off-warm500,90,3,9.0000,1.426,18.979,20.405,london,the-scarlet-letter,1,,server-1,1,10,0,7.305,31.110,77.659
least-response-time-cache-off-warm500,90,3,9.0111,9.946,18.339,28.285,king,twenty-thousand-leagues-under-the-sea,1,,server-1,2,10,0,3.799,31.110,77.659
least-response-time-cache-off-warm500,90,3,9.0222,3.903,30.083,33.986,he,meditations,1,,server-1,2,10,0,3.666,31.110,77.659
least-response-time-cache-off-warm500,90,3,9.0333,7.415,24.948,32.364,she,herland,1,,server-1,3,10,0,2.447,30.177,77.659
least-response-time-cache-off-warm500,90,3,9.0444,12.890,45.910,58.800,death,the-song-of-the-lark,1,,server-1,3,10,0,4.020,30.177,77.659
least-response-time-cache-off-warm500,90,3,9.0556,10.473,57.184,67.656,horse,the-house-of-the-seven-gables,1,,server-1,4,10,0,7.145,44.913,77.659
least-response-time-cache-off-warm500,90,3,9.0667,3.098,94.301,97.400,london,sense-and-sensibility,1,,server-1,4,9,0,7.877,57.053,77.659
least-response-time-cache-off-warm500,90,3,9.0778,26.422,54.213,80.635,sea,the-hound-of-the-baskervilles-3070,1,,server-1,4,8,0,3.794,31.941,77.659
least-response-time-cache-off-warm500,90,3,9.0889,15.727,47.230,62.956,king,black-beauty,1,,server-1,5,6,0,3.794,49.749,77.659
least-response-time-cache-off-warm500,90,3,9.1000,59.205,80.916,140.122,you,life-on-the-mississippi,1,,server-1,6,6,0,3.794,41.235,77.659
least-response-time-cache-off-warm500,90,3,9.1111,16.178,109.527,125.705,london,anne-of-green-gables,1,,server-1,7,6,0,9.460,41.235,77.659
least-response-time-cache-off-warm500,90,3,9.1222,6.300,74.538,80.838,castle,meditations,1,,server-1,7,6,0,9.460,38.648,77.659
least-response-time-cache-off-warm500,90,3,9.1333,27.743,107.810,135.553,heart,the-return-of-sherlock-holmes,1,,server-1,7,6,0,7.564,38.648,77.659
least-response-time-cache-off-warm500,90,3,9.1444,16.419,110.979,127.397,king,the-scarlet-letter,1,,server-1,8,3,0,7.564,40.581,77.659
least-response-time-cache-off-warm500,90,3,9.1556,11.083,117.068,128.150,horse,around-the-world-in-eighty-days,1,,server-1,9,3,0,11.566,40.581,77.659
least-response-time-cache-off-warm500,90,3,9.1667,38.695,96.890,135.585,you,twenty-thousand-leagues-under-the-sea,1,,server-1,8,2,0,10.290,44.876,77.659
least-response-time-cache-off-warm500,90,3,9.1778,63.388,83.165,146.553,london,the-great-gatsby,1,,server-1,9,2,0,8.564,44.876,77.659
least-response-time-cache-off-warm500,90,3,9.1889,84.909,127.340,212.249,horse,autobiography-of-benjamin-franklin,1,,server-1,10,0,0,10.044,38.616,77.659
least-response-time-cache-off-warm500,90,3,9.2000,71.918,56.690,128.608,and,the-mysterious-affair-at-styles,1,,server-1,11,0,0,12.556,38.616,77.659
least-response-time-cache-off-warm500,90,3,9.2111,73.803,118.553,192.356,castle,jude-the-obscure,1,,server-1,12,0,0,18.065,38.616,77.659
least-response-time-cache-off-warm500,90,3,9.2222,86.117,112.368,198.485,he,the-secret-garden,1,,server-1,13,0,0,18.065,38.616,77.659
least-response-time-cache-off-warm500,90,3,9.2333,101.616,132.362,233.978,castle,life-on-the-mississippi,1,,server-1,14,0,0,18.065,38.616,77.659
least-response-time-cache-off-warm500,90,3,9.2444,96.320,123.483,219.803,you,the-adventures-of-sherlock-holmes,1,,server-1,12,0,0,21.235,38.616,77.659
least-response-time-cache-off-warm500,90,3,9.2556,89.086,117.153,206.239,castle,autobiography-of-benjamin-franklin,1,,server-1,12,0,0,21.235,38.616,77.659
least-response-time-cache-off-warm500,90,3,9.2667,197.852,23.014,220.866,of,desert-gold,1,,server-1,13,0,0,21.235,38.616,77.659
least-response-time-cache-off-warm500,90,3,9.2778,191.307,32.255,223.562,sea,the-adventures-of-tom-sawyer-complete,1,,server-1,13,0,0,37.420,38.616,77.659
least-response-time-cache-off-warm500,90,3,9.2889,179.923,45.576,225.500,whale,washington-square,1,,server-1,13,0,0,25.586,38.616,77.659
least-response-time-cache-off-warm500,90,3,9.3000,170.396,71.968,242.363,money,little-women,1,,server-1,14,0,0,25.586,38.616,77.659
least-response-time-cache-off-warm500,90,3,9.3111,191.083,73.446,264.529,the,the-return-of-sherlock-holmes-108,1,,server-1,15,0,0,26.826,38.616,77.659
least-response-time-cache-off-warm500,90,3,9.3222,148.518,81.994,230.512,king,northanger-abbey,1,,server-1,16,0,0,26.826,38.616,77.659
least-response-time-cache-off-warm500,90,3,9.3333,8.578,60.479,69.057,you,the-innocents-abroad,1,,server-2,14,1,0,39.815,38.616,77.659
least-response-time-cache-off-warm500,90,3,9.3444,6.356,75.208,81.564,love,the-romance-of-lust-a-classic-victorian-erotic-novel,1,,server-2,12,2,0,26.037,20.198,77.659
least-response-time-cache-off-warm500,90,3,9.3556,18.398,71.958,90.356,heart,the-portrait-of-a-lady-volume-1,1,,server-2,12,3,0,20.065,11.064,77.659
least-response-time-cache-off-warm500,90,3,9.3667,60.939,87.716,148.655,whale,the-house-of-mirth,1,,server-2,12,4,0,20.065,8.951,77.659
least-response-time-cache-off-warm500,90,3,9.3778,50.523,27.199,77.722,house,herland,1,,server-2,12,5,0,20.065,9.881,77.659
least-response-time-cache-off-warm500,90,3,9.3889,42.438,40.195,82.632,whale,a-journey-to-the-centre-of-the-earth,1,,server-2,12,6,0,20.065,9.881,77.659
least-response-time-cache-off-warm500,90,3,9.4000,29.452,82.192,111.643,and,the-last-of-the-mohicans-a-narrative-of-1757-27681,1,,server-2,12,7,0,39.345,12.820,77.659
least-response-time-cache-off-warm500,90,3,9.4111,36.281,95.046,131.326,was,the-jungle-book,1,,server-2,11,8,0,34.166,21.951,77.659
least-response-time-cache-off-warm500,90,3,9.4222,26.558,96.883,123.442,money,the-jungle,1,,server-2,10,9,0,49.409,21.951,77.659
least-response-time-cache-off-warm500,90,3,9.4333,24.655,131.228,155.883,the,the-war-of-the-worlds,1,,server-2,10,8,0,49.409,10.418,77.659
least-response-time-cache-off-warm500,90,3,9.4444,25.466,168.393,193.859,love,great-expectations,1,,server-2,10,9,0,49.409,15.221,77.659
least-response-time-cache-off-warm500,90,3,9.4556,85.248,34.090,119.338,love,the-kama-sutra-of-vatsyayana,1,,server-2,10,9,0,49.409,13.000,77.659
least-response-time-cache-off-warm500,90,3,9.4667,73.980,101.419,175.399,death,far-from-the-madding-crowd,1,,server-2,7,9,0,38.913,11.000,77.659
least-response-time-cache-off-warm500,90,3,9.4778,69.196,43.810,113.006,london,twenty-thousand-leagues-under-the-sea,1,,server-2,6,10,0,35.080,14.235,77.659
least-response-time-cache-off-warm500,90,3,9.4889,61.192,107.906,169.098,king,his-last-bow,1,,server-2,6,11,0,37.629,14.235,77.659
least-response-time-cache-off-warm500,90,3,9.5000,90.986,98.628,189.614,money,the-house-of-mirth,1,,server-2,6,12,0,37.629,14.235,77.659
least-response-time-cache-off-warm500,90,3,9.5111,132.395,42.798,175.193,she,cranford,1,,server-2,4,13,0,26.191,21.637,77.659
least-response-time-cache-off-warm500,90,3,9.5222,32.227,71.621,103.848,the,the-romance-of-lust-a-classic-victorian-erotic-novel,1,,server-1,5,12,0,26.360,40.457,77.659
least-response-time-cache-off-warm500,90,3,9.5333,20.931,73.309,94.241,he,cranford,1,,server-1,6,12,0,26.360,40.457,77.659
least-response-time-cache-off-warm500,90,3,9.5444,10.608,72.880,83.488,sea,the-secret-garden-17396,1,,server-1,6,11,0,31.826,41.183,77.659
least-response-time-cache-off-warm500,90,3,9.5556,49.207,102.978,152.185,and,the-adventures-of-ferdinand-count-fathom-complete,1,,server-1,5,8,0,8.813,17.599,77.659
least-response-time-cache-off-warm500,90,3,9.5667,12.791,63.186,75.976,you,the-war-of-the-worlds,1,,server-1,6,8,0,8.813,17.599,77.659
least-response-time-cache-off-warm500,90,3,9.5778,36.798,48.267,85.065,london,a-connecticut-yankee-in-king-arthur-s-court,1,,server-1,6,8,0,15.916,30.464,77.659
least-response-time-cache-off-warm500,90,3,9.5889,39.021,75.169,114.190,king,mansfield-park,1,,server-1,7,8,0,8.687,40.276,77.659
least-response-time-cache-off-warm500,90,3,9.6000,29.915,200.858,230.774,castle,the-innocents-abroad,1,,server-1,8,5,0,8.687,17.156,77.659
least-response-time-cache-off-warm500,90,3,9.6111,52.180,61.212,113.392,of,the-secret-adversary,1,,server-1,9,5,0,12.091,17.156,77.659
least-response-time-cache-off-warm500,90,3,9.6222,41.147,82.695,123.842,money,jude-the-obscure,1,,server-1,10,5,0,16.988,17.156,77.659
least-response-time-cache-off-warm500,90,3,9.6333,74.758,118.284,193.042,you,madame-bovary,1,,server-1,8,5,0,10.745,17.156,77.659
least-response-time-cache-off-warm500,90,3,9.6444,103.406,173.869,277.275,of,oliver-twist,1,,server-1,9,3,0,16.966,28.266,77.659
least-response-time-cache-off-warm500,90,3,9.6556,88.159,112.472,200.631,love,oliver-twist,1,,server-1,10,3,0,16.966,28.266,77.659
least-response-time-cache-off-warm500,90,3,9.6667,79.794,110.486,190.281,castle,great-expectations,1,,server-1,10,3,0,15.127,43.670,77.659
least-response-time-cache-off-warm500,90,3,9.6778,71.160,139.154,210.314,london,treasure-island,1,,server-1,11,3,0,15.127,43.670,77.659
least-response-time-cache-off-warm500,90,3,9.6889,93.801,118.730,212.531,london,the-warden,1,,server-1,11,3,0,22.245,43.390,77.659
least-response-time-cache-off-warm500,90,3,9.7000,105.295,85.742,191.037,love,sense-and-sensibility,1,,server-1,12,0,0,25.024,34.565,77.659
least-response-time-cache-off-warm500,90,3,9.7111,144.625,75.588,220.214,horse,frankenstein-or-the-modern-prometheus,1,,server-1,11,0,0,30.640,34.565,77.659
least-response-time-cache-off-warm500,90,3,9.7222,129.833,92.452,222.285,the,a-journey-to-the-centre-of-the-earth,1,,server-1,12,0,0,30.640,34.565,77.659
least-response-time-cache-off-warm500,90,3,9.7333,1.878,26.164,28.042,and,the-adventures-of-ferdinand-count-fathom-complete,1,,server-2,11,1,0,41.744,34.565,77.659
least-response-time-cache-off-warm500,90,3,9.7444,17.585,20.340,37.925,horse,leaves-of-grass,1,,server-2,11,2,0,36.938,17.794,77.659
least-response-time-cache-off-warm500,90,3,9.7556,6.726,29.772,36.498,he,the-kama-sutra-of-vatsyayana,1,,server-2,10,3,0,22.331,17.794,77.659
least-response-time-cache-off-warm500,90,3,9.7667,16.597,18.546,35.143,king,the-prince,1,,server-2,10,3,0,22.331,5.418,77.659
least-response-time-cache-off-warm500,90,3,9.7778,13.229,46.823,60.052,she,the-jungle,1,,server-2,10,4,0,22.331,5.418,77.659
least-response-time-cache-off-warm500,90,3,9.7889,4.893,23.327,28.220,king,the-picture-of-dorian-gray,1,,server-2,10,4,0,35.484,5.139,77.659
least-response-time-cache-off-warm500,90,3,9.8000,3.392,45.557,48.949,whale,the-hound-of-the-baskervilles,1,,server-2,10,4,0,35.484,4.131,77.659
least-response-time-cache-off-warm500,90,3,9.8111,23.187,41.514,64.700,the,north-and-south,1,,server-2,10,4,0,25.638,3.267,77.659
least-response-time-cache-off-warm500,90,3,9.8222,17.516,47.301,64.817,castle,herland,1,,server-2,10,5,0,25.638,6.652,77.659
least-response-time-cache-off-warm500,90,3,9.8333,42.704,43.120,85.825,letter,a-journey-to-the-centre-of-the-earth,1,,server-2,10,6,0,92.550,6.652,77.659
least-response-time-cache-off-warm500,90,3,9.8444,28.213,56.103,84.316,whale,treasure-island,1,,server-2,10,5,0,92.550,9.275,77.659
least-response-time-cache-off-warm500,90,3,9.8556,21.951,52.432,74.383,the,the-mysterious-affair-at-styles,1,,server-2,10,6,0,60.516,14.080,77.659
least-response-time-cache-off-warm500,90,3,9.8667,20.641,107.957,128.598,the,grimms-fairy-tales,1,,server-2,6,7,0,32.235,14.080,77.659
least-response-time-cache-off-warm500,90,3,9.8778,10.694,70.558,81.252,heart,the-romance-of-lust-a-classic-victorian-erotic-novel,1,,server-2,6,6,0,32.235,11.684,77.659
least-response-time-cache-off-warm500,90,3,9.8889,41.987,60.228,102.214,money,leaves-of-grass,1,,server-2,6,6,0,46.816,8.520,77.659
least-response-time-cache-off-warm500,90,3,9.9000,33.579,119.569,153.148,of,walden-and-on-the-duty-of-civil-disobedience,1,,server-2,6,7,0,44.107,5.965,77.659
least-response-time-cache-off-warm500,90,3,9.9111,22.902,89.347,112.249,he,myths-and-legends-of-ancient-greece-and-rome,1,,server-2,6,8,0,54.344,5.965,77.659
least-response-time-cache-off-warm500,90,3,9.9222,53.820,96.666,150.486,house,myths-and-legends-of-ancient-greece-and-rome,1,,server-2,5,9,0,77.936,10.650,77.659
least-response-time-cache-off-warm500,90,3,9.9333,27.640,61.921,89.561,she,black-beauty,1,,server-2,3,7,0,51.681,14.340,77.659
least-response-time-cache-off-warm500,90,3,9.9444,51.549,85.694,137.243,castle,herland,1,,server-2,1,8,0,39.853,11.445,77.659
least-response-time-cache-off-warm500,90,3,9.9556,67.137,73.662,140.798,letter,desert-gold,1,,server-2,0,9,0,39.853,11.445,77.659
least-response-time-cache-off-warm500,90,3,9.9667,87.865,210.564,298.428,letter,mansfield-park,1,,server-2,0,9,0,39.853,17.185,77.659
least-response-time-cache-off-warm500,90,3,9.9778,93.058,51.149,144.207,house,anne-of-green-gables,1,,server-2,0,10,0,39.853,21.615,77.659
least-response-time-cache-off-warm500,90,3,9.9889,93.224,50.730,143.955,london,the-mysterious-affair-at-styles,1,,server-2,0,11,0,39.853,21.615,77.659
least-response-time-cache-off-warm500,90,3,10.0000,81.116,166.402,247.518,you,black-beauty,1,,server-2,0,12,0,39.853,36.976,77.659
least-response-time-cache-off-warm500,90,3,10.0111,83.353,77.787,161.140,horse,the-house-of-mirth,1,,server-2,0,13,0,39.853,35.680,77.659
least-response-time-cache-off-warm500,90,3,10.0222,76.386,149.175,225.561,house,villette,1,,server-2,0,14,0,39.853,33.117,77.659
least-response-time-cache-off-warm500,90,3,10.0333,97.897,136.356,234.253,king,twenty-thousand-leagues-under-the-sea,1,,server-2,0,14,0,39.853,26.159,77.659
least-response-time-cache-off-warm500,90,3,10.0444,130.056,117.687,247.743,king,northanger-abbey,1,,server-2,0,15,0,39.853,26.159,77.659
least-response-time-cache-off-warm500,90,3,10.0556,214.762,66.419,281.180,night,his-last-bow,1,,server-2,0,12,0,39.853,38.912,77.659
least-response-time-cache-off-warm500,90,3,10.0667,201.229,69.468,270.697,the,the-moonstone,1,,server-2,0,13,0,39.853,38.912,77.659
least-response-time-cache-off-warm500,90,3,10.0778,209.978,79.775,289.752,was,the-hound-of-the-baskervilles,1,,server-2,0,14,0,39.853,34.116,77.659
least-response-time-cache-off-warm500,90,3,10.0889,204.136,97.036,301.172,night,silas-marner,1,,server-2,0,15,0,39.853,15.572,77.659
least-response-time-cache-off-warm500,90,3,10.1000,192.636,112.331,304.967,love,cranford,1,,server-2,0,14,0,39.853,25.851,77.659
least-response-time-cache-off-warm500,90,3,10.1111,182.278,70.281,252.558,whale,walden-and-on-the-duty-of-civil-disobedience,1,,server-2,0,15,0,39.853,25.851,77.659
least-response-time-cache-off-warm500,90,3,10.1222,241.704,113.556,355.260,and,little-women,1,,server-2,0,15,0,39.853,30.289,77.659
least-response-time-cache-off-warm500,90,3,10.1333,219.317,53.347,272.664,letter,silas-marner,1,,server-2,0,16,0,39.853,31.500,77.659
least-response-time-cache-off-warm500,90,3,10.1444,208.240,163.774,372.014,love,tess-of-the-d-urbervilles-a-pure-woman,1,,server-2,0,16,0,39.853,20.982,77.659
least-response-time-cache-off-warm500,90,3,10.1556,209.140,61.693,270.832,horse,the-last-of-the-mohicans-a-narrative-of-1757-27681,1,,server-2,0,17,0,39.853,20.982,77.659
least-response-time-cache-off-warm500,90,3,10.1667,237.220,156.305,393.525,love,pride-and-prejudice,1,,server-2,0,18,0,39.853,20.982,77.659
least-response-time-cache-off-warm500,90,3,10.1778,224.206,110.116,334.322,you,cranford,1,,server-2,0,17,0,39.853,27.054,77.659
least-response-time-cache-off-warm500,90,3,10.1889,213.951,70.684,284.635,death,the-adventures-of-ferdinand-count-fathom-complete,1,,server-2,0,18,0,39.853,27.054,77.659
least-response-time-cache-off-warm500,90,3,10.2000,203.724,161.920,365.644,money,dracula,1,,server-2,0,19,0,39.853,27.054,77.659
least-response-time-cache-off-warm500,90,3,10.2111,194.276,191.504,385.780,she,the-romance-of-lust-a-classic-victorian-erotic-novel,1,,server-2,0,20,0,39.853,27.054,77.659
least-response-time-cache-off-warm500,90,3,10.2222,294.611,95.417,390.028,london,dubliners,1,,server-2,0,21,0,39.853,27.054,77.659
least-response-time-cache-off-warm500,90,3,10.2333,358.692,71.993,430.685,he,jane-eyre-an-autobiography,1,,server-2,0,22,0,39.853,27.054,77.659
least-response-time-cache-off-warm500,90,3,10.2444,1.752,26.640,28.392,money,pride-and-prejudice,1,,server-1,1,22,0,39.853,56.862,77.659
least-response-time-cache-off-warm500,90,3,10.2556,18.234,27.955,46.189,money,persuasion,1,,server-1,2,22,0,20.524,92.148,77.659
least-response-time-cache-off-warm500,90,3,10.2667,7.368,54.905,62.274,night,villette,1,,server-1,3,22,0,20.524,111.795,77.659
least-response-time-cache-off-warm500,90,3,10.2778,25.010,53.543,78.553,you,the-iliad-2199,1,,server-1,3,19,0,6.013,71.551,77.659
least-response-time-cache-off-warm500,90,3,10.2889,14.045,104.886,118.931,was,the-iliad,1,,server-1,4,18,0,4.972,89.830,77.659
least-response-time-cache-off-warm500,90,3,10.3000,25.260,117.282,142.542,he,oliver-twist,1,,server-1,5,17,0,4.972,29.792,77.659
least-response-time-cache-off-warm500,90,3,10.3111,13.803,94.317,108.121,the,myths-and-legends-of-ancient-greece-and-rome,1,,server-1,5,17,0,8.752,29.792,77.659
least-response-time-cache-off-warm500,90,3,10.3222,7.681,38.379,46.061,heart,the-scarlet-letter,1,,server-1,6,17,0,8.752,28.689,77.659
least-response-time-cache-off-warm500,90,3,10.3333,48.317,139.461,187.778,castle,emma,1,,server-1,6,17,0,6.696,28.689,77.659
least-response-time-cache-off-warm500,90,3,10.3444,36.909,144.616,181.525,night,villette,1,,server-1,7,17,0,6.696,69.629,77.659
least-response-time-cache-off-warm500,90,3,10.3556,81.964,122.329,204.293,whale,autobiography-of-benjamin-franklin,1,,server-1,8,16,0,6.696,82.865,77.659
least-response-time-cache-off-warm500,90,3,10.3667,77.473,48.052,125.526,whale,the-wind-in-the-willows,1,,server-1,9,15,0,12.870,28.655,77.659
least-response-time-cache-off-warm500,90,3,10.3778,70.020,114.492,184.512,she,the-last-of-the-mohicans-a-narrative-of-1757,1,,server-1,9,14,0,21.097,59.606,77.659
least-response-time-cache-off-warm500,90,3,10.3889,128.493,95.446,223.939,you,the-return-of-sherlock-holmes-108,1,,server-1,9,14,0,17.126,89.870,77.659
least-response-time-cache-off-warm500,90,3,10.4000,162.699,32.932,195.632,letter,the-adventures-of-sherlock-holmes,1,,server-1,10,13,0,17.126,112.662,77.659
least-response-time-cache-off-warm500,90,3,10.4111,185.677,100.549,286.226,castle,the-innocents-abroad,1,,server-2,10,12,0,31.013,29.873,77.659
least-response-time-cache-off-warm500,90,3,10.4222,177.018,68.577,245.594,night,mary-barton,1,,server-2,10,13,0,46.391,29.873,77.659
least-response-time-cache-off-warm500,90,3,10.4333,177.082,118.146,295.227,whale,tess-of-the-d-urbervilles-a-pure-woman,1,,server-2,10,13,0,46.391,26.255,77.659
least-response-time-cache-off-warm500,90,3,10.4444,220.446,89.847,310.293,king,the-song-of-the-lark,1,,server-2,8,14,0,33.357,26.255,77.659
least-response-time-cache-off-warm500,90,3,10.4556,205.174,111.637,316.810,castle,wuthering-heights,1,,server-2,7,14,0,28.280,26.255,77.659
least-response-time-cache-off-warm500,90,3,10.4667,197.699,65.294,262.993,horse,his-last-bow,1,,server-2,7,15,0,28.280,26.255,77.659
least-response-time-cache-off-warm500,90,3,10.4778,87.449,92.962,180.412,night,northanger-abbey,1,,server-1,8,15,0,27.066,40.852,77.659
least-response-time-cache-off-warm500,90,3,10.4889,76.503,90.084,166.587,you,the-house-of-the-seven-gables,1,,server-1,9,15,0,27.066,40.852,77.659
least-response-time-cache-off-warm500,90,3,10.5000,66.244,118.485,184.729,letter,myths-and-legends-of-ancient-greece-and-rome,1,,server-1,10,15,0,36.796,40.852,77.659
least-response-time-cache-off-warm500,90,3,10.5111,56.198,152.759,208.957,king,the-moonstone,1,,server-1,11,14,0,36.796,90.121,77.659
least-response-time-cache-off-warm500,90,3,10.5222,48.608,114.661,163.270,he,little-women,1,,server-1,12,13,0,50.686,78.153,77.659
least-response-time-cache-off-warm500,90,3,10.5333,76.089,142.770,218.859,she,his-last-bow,1,,server-1,12,13,0,42.534,65.874,77.659
least-response-time-cache-off-warm500,90,3,10.5444,113.926,114.070,227.996,she,the-mystery-of-edwin-drood,1,,server-1,13,13,0,36.056,65.874,77.659
least-response-time-cache-off-warm500,90,3,10.5556,125.584,73.789,199.374,love,the-adventures-of-ferdinand-count-fathom-complete,1,,server-1,14,13,0,36.056,65.874,77.659
least-response-time-cache-off-warm500,90,3,10.5667,118.845,106.280,225.125,and,the-return-of-sherlock-holmes,1,,server-1,11,12,0,17.375,107.044,77.659
least-response-time-cache-off-warm500,90,3,10.5778,179.418,124.760,304.179,the,the-jungle,1,,server-1,12,12,0,14.965,107.044,77.659
least-response-time-cache-off-warm500,90,3,10.5889,132.404,108.769,241.173,night,jane-eyre-an-autobiography,1,,server-1,13,12,0,14.965,107.044,77.659
least-response-time-cache-off-warm500,90,3,10.6000,155.112,154.384,309.497,she,oliver-twist,1,,server-1,14,8,0,18.375,71.565,77.659
least-response-time-cache-off-warm500,90,3,10.6111,159.252,196.580,355.832,king,the-adventures-of-sherlock-holmes,1,,server-1,15,8,0,20.586,49.934,77.659
least-response-time-cache-off-warm500,90,3,10.6222,147.458,107.296,254.754,she,the-war-of-the-worlds,1,,server-1,16,7,0,33.760,70.093,77.659
least-response-time-cache-off-warm500,90,3,10.6333,140.423,105.195,245.619,sea,the-secret-garden,1,,server-1,17,7,0,28.431,70.093,77.659
least-response-time-cache-off-warm500,90,3,10.6444,151.835,171.147,322.982,castle,the-mystery-of-edwin-drood,1,,server-1,18,7,0,28.431,70.093,77.659
least-response-time-cache-off-warm500,90,3,10.6556,175.414,139.814,315.228,sea,desperate-remedies,1,,server-1,17,7,0,52.215,70.093,77.659
least-response-time-cache-off-warm500,90,3,10.6667,32.353,102.575,134.928,of,the-mysterious-island,1,,server-2,17,8,0,55.939,51.373,77.659
least-response-time-cache-off-warm500,90,3,10.6778,54.180,76.871,131.051,king,the-hound-of-the-baskervilles-3070,1,,server-2,17,8,0,55.939,34.766,77.659
least-response-time-cache-off-warm500,90,3,10.6889,220.837,71.637,292.474,letter,the-first-men-in-the-moon,1,,server-1,14,8,0,26.667,34.766,77.659
least-response-time-cache-off-warm500,90,3,10.7000,50.173,83.848,134.020,you,persuasion,1,,server-2,14,7,0,26.667,21.963,77.659
least-response-time-cache-off-warm500,90,3,10.7111,44.192,106.772,150.964,and,the-return-of-sherlock-holmes,1,,server-2,14,8,0,26.667,21.963,77.659
least-response-time-cache-off-warm500,90,3,10.7222,28.985,70.509,99.494,whale,dubliners,1,,server-2,14,9,0,65.656,21.963,77.659
least-response-time-cache-off-warm500,90,3,10.7333,64.395,88.615,153.011,london,a-princess-of-mars,1,,server-2,14,9,0,65.656,23.600,77.659
least-response-time-cache-off-warm500,90,3,10.7444,63.387,129.416,192.803,was,oliver-twist,1,,server-2,14,10,0,65.656,23.600,77.659
least-response-time-cache-off-warm500,90,3,10.7556,55.269,80.240,135.509,king,the-mysterious-affair-at-styles,1,,server-2,14,10,0,74.086,20.662,77.659
least-response-time-cache-off-warm500,90,3,10.7667,68.848,145.979,214.828,and,the-war-of-the-worlds,1,,server-2,13,11,0,54.307,20.662,77.659
least-response-time-cache-off-warm500,90,3,10.7778,58.963,147.488,206.452,money,memoirs-of-fanny-hill,1,,server-2,11,11,0,43.661,25.353,77.659
least-response-time-cache-off-warm500,90,3,10.7889,48.724,133.996,182.720,he,mary-barton,1,,server-2,11,12,0,43.661,25.353,77.659
least-response-time-cache-off-warm500,90,3,10.8000,57.869,128.727,186.596,whale,desperate-remedies,1,,server-2,9,12,0,35.849,25.168,77.659
least-response-time-cache-off-warm500,90,3,10.8111,80.810,111.852,192.661,whale,black-beauty,1,,server-2,9,11,0,35.849,21.476,77.659
least-response-time-cache-off-warm500,90,3,10.8222,93.304,102.860,196.163,she,frankenstein-or-the-modern-prometheus-41445,1,,server-2,9,12,0,35.849,23.609,77.659
least-response-time-cache-off-warm500,90,3,10.8333,155.580,95.036,250.616,sea,the-moonstone,1,,server-2,9,13,0,47.914,32.604,77.659
least-response-time-cache-off-warm500,90,3,10.8444,145.236,73.595,218.830,he,pride-and-prejudice,1,,server-2,9,12,0,47.914,17.911,77.659
least-response-time-cache-off-warm500,90,3,10.8556,148.156,81.825,229.981,castle,herland,1,,server-2,9,13,0,36.403,17.911,77.659
least-response-time-cache-off-warm500,90,3,10.8667,139.900,67.067,206.967,sea,dubliners,1,,server-2,9,14,0,36.403,32.503,77.659
least-response-time-cache-off-warm500,90,3,10.8778,142.747,127.358,270.104,love,hard-times,1,,server-2,8,14,0,77.438,28.235,77.659
least-response-time-cache-off-warm500,90,3,10.8889,129.786,92.798,222.584,letter,the-last-of-the-mohicans-a-narrative-of-1757,1,,server-2,7,14,0,58.066,39.731,77.659
least-response-time-cache-off-warm500,90,3,10.9000,118.803,127.552,246.355,of,mary-barton,1,,server-2,7,15,0,58.066,36.516,77.659
least-response-time-cache-off-warm500,90,3,10.9111,201.708,71.746,273.454,sea,grimms-fairy-tales,1,,server-2,5,16,0,51.015,36.516,77.659
least-response-time-cache-off-warm500,90,3,10.9222,209.406,73.777,283.183,you,washington-square,1,,server-2,5,17,0,51.015,33.670,77.659
least-response-time-cache-off-warm500,90,3,10.9333,178.690,96.600,275.290,the,emma,1,,server-2,4,18,0,43.661,33.670,77.659
least-response-time-cache-off-warm500,90,3,10.9444,22.327,40.803,63.130,heart,mary-barton,1,,server-1,5,18,0,43.661,52.376,77.659
least-response-time-cache-off-warm500,90,3,10.9556,15.836,45.958,61.794,death,the-lost-world,1,,server-1,6,18,0,35.662,52.376,77.659
least-response-time-cache-off-warm500,90,3,10.9667,14.971,55.007,69.977,he,far-from-the-madding-crowd,1,,server-1,7,18,0,51.356,52.376,77.659
least-response-time-cache-off-warm500,90,3,10.9778,6.006,72.097,78.103,was,persuasion,1,,server-1,5,18,0,24.978,68.396,77.659
least-response-time-cache-off-warm500,90,3,10.9889,27.383,75.770,103.152,and,the-works-of-edgar-allan-poe-volume-2,1,,server-1,5,13,0,11.851,54.113,77.659
least-response-time-cache-off-warm500,90,3,11.0000,17.557,79.349,96.906,she,a-connecticut-yankee-in-king-arthur-s-court,1,,server-1,6,12,0,11.851,35.058,77.659
least-response-time-cache-off-warm500,90,3,11.0111,28.034,54.059,82.092,love,the-kama-sutra-of-vatsyayana,1,,server-1,6,11,0,15.362,59.172,77.659
least-response-time-cache-off-warm500,90,3,11.0222,18.832,74.512,93.344,horse,jude-the-obscure,1,,server-1,7,11,0,15.056,25.850,77.659
least-response-time-cache-off-warm500,90,3,11.0333,19.153,132.322,151.475,and,villette,1,,server-1,8,11,0,15.056,25.850,77.659
least-response-time-cache-off-warm500,90,3,11.0444,73.063,131.860,204.923,of,mary-barton,1,,server-1,7,11,0,10.736,25.850,77.659
least-response-time-cache-off-warm500,90,3,11.0556,34.714,63.732,98.446,london,mary-barton,1,,server-1,8,11,0,14.789,25.850,77.659
least-response-time-cache-off-warm500,90,3,11.0667,27.778,101.052,128.829,whale,the-warden,1,,server-1,9,11,0,14.789,38.048,77.659
least-response-time-cache-off-warm500,90,3,11.0778,42.313,112.708,155.020,you,the-adventures-of-sherlock-holmes,1,,server-1,9,10,0,13.972,43.691,77.659
least-response-time-cache-off-warm500,90,3,11.0889,64.936,109.944,174.880,you,around-the-world-in-eighty-days,1,,server-1,10,6,0,13.972,57.284,77.659
least-response-time-cache-off-warm500,90,3,11.1000,47.665,113.832,161.497,horse,the-scarlet-letter,1,,server-1,11,6,0,14.366,57.284,77.659
least-response-time-cache-off-warm500,90,3,11.1111,82.166,93.881,176.047,death,the-jungle,1,,server-1,12,6,0,14.366,100.978,77.659
least-response-time-cache-off-warm500,90,3,11.1222,95.598,108.366,203.964,death,the-works-of-edgar-allan-poe-volume-2,1,,server-1,9,6,0,17.780,53.276,77.659
least-response-time-cache-off-warm500,90,3,11.1333,128.386,37.523,165.909,sea,the-first-men-in-the-moon,1,,server-1,10,5,0,17.780,39.698,77.659
least-response-time-cache-off-warm500,90,3,11.1444,120.141,60.018,180.159,was,autobiography-of-benjamin-franklin,1,,server-1,11,5,0,17.780,39.698,77.659
least-response-time-cache-off-warm500,90,3,11.1556,110.057,80.679,190.736,castle,the-house-of-the-seven-gables,1,,server-1,12,3,0,25.348,34.885,77.659
least-response-time-cache-off-warm500,90,3,11.1667,145.202,69.139,214.340,letter,leaves-of-grass,1,,server-1,13,3,0,25.348,34.885,77.659
least-response-time-cache-off-warm500,90,3,11.1778,168.558,44.251,212.809,and,the-hound-of-the-baskervilles-3070,1,,server-1,14,3,0,25.348,34.885,77.659
least-response-time-cache-off-warm500,90,3,11.1889,20.416,10.856,31.271,sea,the-hound-of-the-baskervilles-3070,1,,server-2,14,4,0,49.033,38.417,77.659
least-response-time-cache-off-warm500,90,3,11.2000,146.520,35.075,181.594,horse,meditations,1,,server-1,12,4,0,35.092,38.417,77.659
least-response-time-cache-off-warm500,90,3,11.2111,8.124,13.347,21.471,was,the-lost-world,1,,server-2,12,2,0,35.092,17.219,77.659
least-response-time-cache-off-warm500,90,3,11.2222,10.834,11.064,21.898,castle,poirot-investigates,1,,server-2,12,2,0,25.640,7.790,77.659
least-response-time-cache-off-warm500,90,3,11.2333,1.734,39.900,41.634,money,the-mysterious-island,1,,server-2,12,2,0,54.339,4.603,77.659
least-response-time-cache-off-warm500,90,3,11.2444,2.473,74.624,77.098,letter,life-on-the-mississippi,1,,server-2,12,3,0,54.339,3.291,77.659
least-response-time-cache-off-warm500,90,3,11.2556,19.680,41.928,61.607,the,the-hound-of-the-baskervilles-3070,1,,server-2,12,3,0,59.105,1.841,77.659
least-response-time-cache-off-warm500,90,3,11.2667,8.770,40.183,48.953,letter,the-adventures-of-tom-sawyer-complete,1,,server-2,8,4,0,34.304,1.841,77.659
least-response-time-cache-off-warm500,90,3,11.2778,36.958,22.251,59.208,letter,the-mysterious-affair-at-styles,1,,server-2,8,4,0,34.304,3.903,77.659
least-response-time-cache-off-warm500,90,3,11.2889,33.889,34.149,68.038,london,persuasion,1,,server-2,8,5,0,34.345,3.903,77.659
least-response-time-cache-off-warm500,90,3,11.3000,22.563,57.378,79.942,was,the-mysterious-affair-at-styles,1,,server-2,7,6,0,49.549,3.903,77.659
least-response-time-cache-off-warm500,90,3,11.3111,11.817,87.480,99.297,sea,the-song-of-the-lark,1,,server-2,7,7,0,49.549,8.560,77.659
least-response-time-cache-off-warm500,90,3,11.3222,3.743,56.205,59.948,he,hard-times,1,,server-2,6,6,0,29.268,11.844,77.659
least-response-time-cache-off-warm500,90,3,11.3333,17.950,72.323,90.273,she,northanger-abbey,1,,server-2,6,6,0,40.122,3.934,77.659
least-response-time-cache-off-warm500,90,3,11.3444,38.005,68.417,106.422,the,the-mysterious-island,1,,server-2,4,6,0,35.380,5.955,77.659
least-response-time-cache-off-warm500,90,3,11.3556,56.434,53.573,110.008,king,dubliners,1,,server-2,3,7,0,26.364,7.373,77.659
least-response-time-cache-off-warm500,90,3,11.3667,57.200,56.333,113.533,you,the-king-in-yellow,1,,server-2,3,8,0,26.364,8.871,77.659
least-response-time-cache-off-warm500,90,3,11.3778,46.732,88.168,134.900,king,treasure-island,1,,server-2,3,9,0,26.364,8.871,77.659
least-response-time-cache-off-warm500,90,3,11.3889,62.185,52.305,114.489,you,the-mystery-of-edwin-drood,1,,server-2,1,7,0,22.271,11.455,77.659
least-response-time-cache-off-warm500,90,3,11.4000,64.691,57.756,122.447,letter,around-the-world-in-eighty-days,1,,server-2,0,8,0,21.009,11.455,77.659
least-response-time-cache-off-warm500,90,3,11.4111,1.402,16.393,17.795,letter,the-return-of-sherlock-holmes,1,,server-1,1,7,0,21.009,25.666,77.659
least-response-time-cache-off-warm500,90,3,11.4222,6.894,19.557,26.452,king,pride-and-prejudice,1,,server-1,2,7,0,10.811,27.456,77.659
least-response-time-cache-off-warm500,90,3,11.4333,16.010,28.707,44.717,horse,leaves-of-grass,1,,server-1,2,6,0,5.484,17.878,77.659
least-response-time-cache-off-warm500,90,3,11.4444,5.108,55.071,60.178,house,the-adventures-of-ferdinand-count-fathom-complete,1,,server-1,3,6,0,5.484,17.878,77.659
least-response-time-cache-off-warm500,90,3,11.4556,49.225,26.065,75.290,was,mansfield-park,1,,server-1,3,6,0,2.935,24.725,77.659
least-response-time-cache-off-warm500,90,3,11.4667,38.886,107.149,146.035,was,the-divine-comedy,1,,server-1,4,6,0,2.935,25.912,77.659
least-response-time-cache-off-warm500,90,3,11.4778,27.820,68.233,96.052,letter,the-adventures-of-sherlock-holmes,1,,server-1,5,6,0,7.932,25.912,77.659
least-response-time-cache-off-warm500,90,3,11.4889,17.610,61.426,79.036,he,persuasion,1,,server-1,6,4,0,7.932,21.206,77.659
least-response-time-cache-off-warm500,90,3,11.5000,9.091,117.872,126.963,and,a-journey-to-the-centre-of-the-earth,1,,server-1,7,4,0,7.932,21.206,77.659
least-response-time-cache-off-warm500,90,3,11.5111,22.753,133.523,156.276,whale,the-iliad,1,,server-1,6,3,0,4.798,27.299,77.659
least-response-time-cache-off-warm500,90,3,11.5222,10.453,92.804,103.257,and,beyond-good-and-evil,1,,server-1,7,1,0,4.798,27.393,77.659
least-response-time-cache-off-warm500,90,3,11.5333,66.249,100.955,167.204,whale,the-adventures-of-tom-sawyer-complete,1,,server-1,7,0,0,6.568,21.944,77.659
least-response-time-cache-off-warm500,90,3,11.5444,83.529,95.768,179.297,was,leaves-of-grass,1,,server-1,8,0,0,5.706,21.944,77.659
least-response-time-cache-off-warm500,90,3,11.5556,69.982,76.672,146.654,money,a-journey-to-the-centre-of-the-earth,1,,server-1,9,0,0,5.706,21.944,77.659
least-response-time-cache-off-warm500,90,3,11.5667,90.637,42.100,132.737,whale,his-last-bow,1,,server-1,10,0,0,5.706,21.944,77.659
least-response-time-cache-off-warm500,90,3,11.5778,3.071,17.817,20.888,whale,a-princess-of-mars,1,,server-2,9,1,0,30.653,21.944,77.659
least-response-time-cache-off-warm500,90,3,11.5889,9.978,26.252,36.230,and,far-from-the-madding-crowd,1,,server-2,9,2,0,30.653,11.415,77.659
least-response-time-cache-off-warm500,90,3,11.6000,1.577,64.560,66.137,sea,the-return-of-sherlock-holmes-108,1,,server-2,9,2,0,30.109,6.252,77.659
least-response-time-cache-off-warm500,90,3,11.6111,10.807,47.302,58.109,castle,the-american,1,,server-2,9,3,0,30.109,3.306,77.659
least-response-time-cache-off-warm500,90,3,11.6222,5.239,99.305,104.543,she,myths-and-legends-of-ancient-greece-and-rome,1,,server-2,9,4,0,47.196,3.644,77.659
least-response-time-cache-off-warm500,90,3,11.6333,36.368,23.365,59.732,money,pride-and-prejudice,1,,server-2,5,4,0,35.023,4.392,77.659
least-response-time-cache-off-warm500,90,3,11.6444,28.729,85.562,114.290,castle,the-tenant-of-wildfell-hall,1,,server-2,5,5,0,35.023,4.392,77.659
least-response-time-cache-off-warm500,90,3,11.6556,15.048,41.763,56.811,sea,the-memoirs-of-sherlock-holmes,1,,server-2,5,6,0,35.023,4.392,77.659
least-response-time-cache-off-warm500,90,3,11.6667,4.793,108.952,113.745,sea,the-mystery-of-edwin-drood,1,,server-2,5,7,0,26.642,20.704,77.659
least-response-time-cache-off-warm500,90,3,11.6778,34.847,109.185,144.032,horse,jude-the-obscure,1,,server-2,4,6,0,32.655,4.387,77.659
least-response-time-cache-off-warm500,90,3,11.6889,24.353,84.294,108.648,love,cranford,1,,server-2,4,7,0,32.655,4.387,77.659
least-response-time-cache-off-warm500,90,3,11.7000,27.154,123.287,150.441,of,desperate-remedies,1,,server-2,4,8,0,34.274,9.588,77.659
least-response-time-cache-off-warm500,90,3,11.7111,48.125,104.352,152.477,horse,meditations,1,,server-2,3,9,0,34.219,9.588,77.659
least-response-time-cache-off-warm500,90,3,11.7222,73.709,98.463,172.172,he,autobiography-of-benjamin-franklin,1,,server-2,3,9,0,31.095,9.251,77.659
least-response-time-cache-off-warm500,90,3,11.7333,89.947,166.013,255.961,london,mary-barton,1,,server-2,0,8,0,30.359,12.667,77.659
least-response-time-cache-off-warm500,90,3,11.7444,51.833,120.127,171.961,of,the-secret-adversary,1,,server-2,0,9,0,30.359,12.667,77.659
least-response-time-cache-off-warm500,90,3,11.7556,66.238,96.300,162.538,night,a-tale-of-two-cities,1,,server-2,0,10,0,30.359,12.667,77.659
least-response-time-cache-off-warm500,90,3,11.7667,59.390,147.107,206.497,heart,the-scarlet-letter,1,,server-2,0,11,0,30.359,26.515,77.659
least-response-time-cache-off-warm500,90,3,11.7778,85.855,127.396,213.251,king,madame-bovary,1,,server-2,0,12,0,30.359,24.963,77.659
least-response-time-cache-off-warm500,90,3,11.7889,2.518,19.292,21.811,death,frankenstein-or-the-modern-prometheus,1,,server-1,1,11,0,30.359,35.468,77.659
least-response-time-cache-off-warm500,90,3,11.8000,10.995,13.478,24.473,love,dubliners,1,,server-1,2,10,0,15.680,39.809,77.659
least-response-time-cache-off-warm500,90,3,11.8111,2.739,38.834,41.573,death,around-the-world-in-eighty-days,1,,server-1,2,10,0,7.922,39.809,77.659
least-response-time-cache-off-warm500,90,3,11.8222,3.041,26.897,29.938,you,the-jungle-book,1,,server-1,3,9,0,5.266,42.594,77.659
least-response-time-cache-off-warm500,90,3,11.8333,19.033,29.542,48.575,house,poirot-investigates,1,,server-1,3,9,0,3.457,23.428,77.659
least-response-time-cache-off-warm500,90,3,11.8444,8.265,28.270,36.534,night,the-scarlet-letter,1,,server-1,4,9,0,3.457,23.428,77.659
least-response-time-cache-off-warm500,90,3,11.8556,27.321,30.819,58.139,letter,herland,1,,server-1,3,8,0,4.117,44.013,77.659
least-response-time-cache-off-warm500,90,3,11.8667,16.692,22.795,39.487,night,madame-bovary,1,,server-1,4,7,0,4.117,22.334,77.659
least-response-time-cache-off-warm500,90,3,11.8778,5.824,51.115,56.938,horse,far-from-the-madding-crowd,1,,server-1,5,7,0,4.117,22.334,77.659
least-response-time-cache-off-warm500,90,3,11.8889,45.995,27.550,73.545,the,the-picture-of-dorian-gray,1,,server-1,4,6,0,2.834,22.334,77.659
least-response-time-cache-off-warm500,90,3,11.9000,36.024,11.543,47.567,letter,the-great-gatsby,1,,server-1,5,6,0,2.834,33.137,77.659
least-response-time-cache-off-warm500,90,3,11.9111,24.345,92.978,117.324,castle,the-scarlet-letter-33,1,,server-1,6,6,0,6.652,33.137,77.659
least-response-time-cache-off-warm500,90,3,11.9222,16.004,94.557,110.562,the,the-return-of-sherlock-holmes,1,,server-1,7,5,0,9.108,35.221,77.659
least-response-time-cache-off-warm500,90,3,11.9333,4.713,87.261,91.974,was,the-mysterious-island,1,,server-1,6,5,0,19.059,35.221,77.659
least-response-time-cache-off-warm500,90,3,11.9444,4.231,169.531,173.761,was,desperate-remedies,1,,server-1,6,5,0,2.977,35.221,77.659
least-response-time-cache-off-warm500,90,3,11.9556,77.667,88.355,166.022,house,mary-barton,1,,server-1,6,3,0,2.871,35.221,77.659
least-response-time-cache-off-warm500,90,3,11.9667,71.026,100.900,171.926,he,the-age-of-innocence,1,,server-1,7,3,0,8.786,35.221,77.659
least-response-time-cache-off-warm500,90,3,11.9778,61.326,214.564,275.890,you,around-the-world-in-eighty-days,1,,server-1,8,3,0,8.786,52.470,77.659
least-response-time-cache-off-warm500,90,3,11.9889,51.362,212.669,264.031,he,the-vicomte-de-bragelonne,1,,server-1,9,3,0,11.083,75.038,77.659
least-response-time-cache-off-warm500,90,3,12.0000,121.999,91.144,213.143,house,silas-marner,1,,server-1,10,0,0,11.083,46.049,77.659
least-response-time-cache-off-warm500,90,3,12.0111,107.271,156.070,263.341,death,the-portrait-of-a-lady-volume-1,1,,server-1,11,0,0,11.083,46.049,77.659
least-response-time-cache-off-warm500,90,3,12.0222,100.070,93.547,193.617,horse,the-mystery-of-edwin-drood,1,,server-1,12,0,0,11.083,46.049,77.659
least-response-time-cache-off-warm500,90,3,12.0333,105.815,131.219,237.033,was,white-fang,1,,server-1,12,0,0,45.236,46.049,77.659
least-response-time-cache-off-warm500,90,3,12.0444,98.137,161.799,259.936,whale,herland,1,,server-1,10,0,0,19.166,46.049,77.659
least-response-time-cache-off-warm500,90,3,12.0556,102.347,199.926,302.273,king,the-romance-of-lust-a-classic-victorian-erotic-novel,1,,server-1,11,0,0,15.485,46.049,77.659
least-response-time-cache-off-warm500,90,3,12.0667,173.999,67.639,241.639,sea,the-vicomte-de-bragelonne,1,,server-1,12,0,0,15.485,46.049,77.659
least-response-time-cache-off-warm500,90,3,12.0778,226.955,57.810,284.765,house,adventures-of-huckleberry-finn,1,,server-1,13,0,0,15.485,46.049,77.659
least-response-time-cache-off-warm500,90,3,12.0889,220.717,164.499,385.216,house,the-song-of-the-lark,1,,server-1,14,0,0,15.485,46.049,77.659
least-response-time-cache-off-warm500,90,3,12.1000,211.022,93.346,304.368,house,silas-marner,1,,server-1,15,0,0,15.485,46.049,77.659
least-response-time-cache-off-warm500,90,3,12.1111,199.742,81.558,281.300,love,walden-and-on-the-duty-of-civil-disobedience,1,,server-1,16,0,0,15.485,46.049,77.659
least-response-time-cache-off-warm500,90,3,12.1222,195.403,107.020,302.423,money,the-american,1,,server-1,17,0,0,26.164,46.049,77.659
least-response-time-cache-off-warm500,90,3,12.1333,218.576,117.660,336.235,of,life-on-the-mississippi,1,,server-1,18,0,0,26.164,46.049,77.659
least-response-time-cache-off-warm500,90,3,12.1444,218.463,122.956,341.419,whale,meditations,1,,server-1,17,0,0,39.320,46.049,77.659
least-response-time-cache-off-warm500,90,3,12.1556,234.687,122.417,357.104,he,the-iliad-2199,1,,server-1,18,0,0,39.320,46.049,77.659
least-response-time-cache-off-warm500,90,3,12.1667,225.895,175.622,401.518,was,the-wind-in-the-willows,1,,server-1,18,0,0,34.532,46.049,77.659
least-response-time-cache-off-warm500,90,3,12.1778,227.163,152.680,379.843,house,desperate-remedies,1,,server-1,19,0,0,34.532,46.049,77.659
least-response-time-cache-off-warm500,90,3,12.1889,281.687,84.516,366.204,was,the-return-of-sherlock-holmes-108,1,,server-1,20,0,0,36.623,46.049,77.659
least-response-time-cache-off-warm500,90,3,12.2000,274.607,128.389,402.996,love,twenty-thousand-leagues-under-the-sea,1,,server-1,21,0,0,36.623,46.049,77.659
least-response-time-cache-off-warm500,90,3,12.2111,273.517,101.783,375.300,he,memoirs-of-fanny-hill,1,,server-1,22,0,0,36.623,46.049,77.659
least-response-time-cache-off-warm500,90,3,12.2222,3.226,26.651,29.877,the,sense-and-sensibility,1,,server-2,21,1,0,59.943,46.049,77.659
least-response-time-cache-off-warm500,90,3,12.2333,19.096,21.267,40.364,the,the-hound-of-the-baskervilles-3070,1,,server-2,21,2,0,59.943,23.765,77.659
least-response-time-cache-off-warm500,90,3,12.2444,8.189,20.668,28.857,of,poirot-investigates,1,,server-2,21,3,0,51.614,23.765,77.659
least-response-time-cache-off-warm500,90,3,12.2556,18.593,25.234,43.827,was,the-works-of-edgar-allan-poe-volume-2,1,,server-2,20,3,0,95.277,6.869,77.659
least-response-time-cache-off-warm500,90,3,12.2667,7.742,26.385,34.128,you,around-the-world-in-eighty-days,1,,server-2,20,4,0,95.277,6.869,77.659
least-response-time-cache-off-warm500,90,3,12.2778,22.862,11.813,34.675,london,the-wind-in-the-willows,1,,server-2,17,3,0,79.239,3.161,77.659
least-response-time-cache-off-warm500,90,3,12.2889,12.303,35.124,47.427,money,desperate-remedies,1,,server-2,17,4,0,79.239,3.161,77.659
least-response-time-cache-off-warm500,90,3,12.3000,1.985,46.070,48.055,money,washington-square,1,,server-2,17,5,0,79.239,11.675,77.659
least-response-time-cache-off-warm500,90,3,12.3111,24.920,97.929,122.849,you,the-iliad,1,,server-2,14,4,0,46.562,2.224,77.659
least-response-time-cache-off-warm500,90,3,12.3222,24.990,37.258,62.248,whale,grimms-fairy-tales,1,,server-2,14,5,0,67.494,3.256,77.659
least-response-time-cache-off-warm500,90,3,12.3333,14.899,81.629,96.529,death,autobiography-of-benjamin-franklin,1,,server-2,14,6,0,67.494,3.256,77.659
least-response-time-cache-off-warm500,90,3,12.3444,4.117,48.519,52.636,love,frankenstein-or-the-modern-prometheus,1,,server-2,14,6,0,67.494,9.991,77.659
least-response-time-cache-off-warm500,90,3,12.3556,24.200,71.250,95.450,whale,kidnapped,1,,server-2,14,5,0,55.312,5.608,77.659
least-response-time-cache-off-warm500,90,3,12.3667,61.785,62.009,123.794,the,the-secret-garden-17396,1,,server-2,12,6,0,79.947,5.608,77.659
least-response-time-cache-off-warm500,90,3,12.3778,57.374,53.382,110.756,whale,the-adventures-of-ferdinand-count-fathom-complete,1,,server-2,12,7,0,103.744,7.011,77.659
least-response-time-cache-off-warm500,90,3,12.3889,47.864,70.645,118.509,you,kidnapped,1,,server-2,12,8,0,103.744,11.545,77.659
least-response-time-cache-off-warm500,90,3,12.4000,52.077,105.479,157.556,london,oliver-twist,1,,server-2,12,8,0,53.657,16.525,77.659
least-response-time-cache-off-warm500,90,3,12.4111,27.682,91.010,118.692,money,the-mystery-of-edwin-drood,1,,server-2,12,9,0,59.087,16.525,77.659
least-response-time-cache-off-warm500,90,3,12.4222,68.624,121.828,190.452,london,pride-and-prejudice,1,,server-2,12,9,0,59.087,21.251,77.659
least-response-time-cache-off-warm500,90,3,12.4333,59.527,97.961,157.487,night,adventures-of-huckleberry-finn,1,,server-2,11,10,0,49.113,27.748,77.659
least-response-time-cache-off-warm500,90,3,12.4444,84.739,58.163,142.902,was,memoirs-of-fanny-hill,1,,server-2,10,9,0,75.390,12.833,77.659
least-response-time-cache-off-warm500,90,3,12.4556,76.971,102.914,179.885,of,the-song-of-the-lark,1,,server-2,10,10,0,75.390,21.743,77.659
least-response-time-cache-off-warm500,90,3,12.4667,91.054,145.127,236.181,house,the-moonstone,1,,server-2,10,11,0,72.744,21.743,77.659
least-response-time-cache-off-warm500,90,3,12.4778,80.273,163.481,243.754,king,the-king-in-yellow,1,,server-2,9,12,0,73.514,21.743,77.659
least-response-time-cache-off-warm500,90,3,12.4889,123.504,111.767,235.270,heart,the-age-of-innocence,1,,server-2,8,13,0,65.904,35.427,77.659
least-response-time-cache-off-warm500,90,3,12.5000,114.267,113.246,227.512,house,frankenstein-or-the-modern-prometheus,1,,server-2,8,11,0,65.904,19.760,77.659
least-response-time-cache-off-warm500,90,3,12.5111,103.890,111.026,214.917,house,leaves-of-grass,1,,server-2,7,12,0,52.413,26.671,77.659
least-response-time-cache-off-warm500,90,3,12.5222,92.582,128.480,221.062,the,cranford,1,,server-2,5,13,0,47.057,24.431,77.659
least-response-time-cache-off-warm500,90,3,12.5333,125.925,115.733,241.658,heart,dracula,1,,server-2,5,12,0,47.057,24.238,77.659
least-response-time-cache-off-warm500,90,3,12.5444,183.847,79.426,263.273,money,life-on-the-mississippi,1,,server-2,5,13,0,47.057,24.238,77.659
least-response-time-cache-off-warm500,90,3,12.5556,174.238,140.658,314.896,of,the-romance-of-lust-a-classic-victorian-erotic-novel,1,,server-2,5,14,0,53.685,34.604,77.659
least-response-time-cache-off-warm500,90,3,12.5667,177.836,98.377,276.213,heart,emma,1,,server-2,5,15,0,57.958,24.945,77.659
least-response-time-cache-off-warm500,90,3,12.5778,200.740,133.198,333.938,the,the-innocents-abroad,1,,server-2,4,16,0,62.098,22.039,77.659
least-response-time-cache-off-warm500,90,3,12.5889,188.773,67.067,255.840,letter,hard-times,1,,server-2,2,15,0,55.764,23.450,77.659
least-response-time-cache-off-warm500,90,3,12.6000,207.828,99.167,306.995,london,agnes-grey,1,,server-2,2,16,0,55.764,35.413,77.659
least-response-time-cache-off-warm500,90,3,12.6111,1.531,12.576,14.107,castle,the-warden,1,,server-1,1,16,0,45.349,52.211,77.659
least-response-time-cache-off-warm500,90,3,12.6222,3.570,19.067,22.637,money,wuthering-heights,1,,server-1,2,14,0,23.302,35.950,77.659
least-response-time-cache-off-warm500,90,3,12.6333,12.435,39.026,51.462,money,the-last-of-the-mohicans-a-narrative-of-1757-27681,1,,server-1,2,14,0,8.922,35.950,77.659
least-response-time-cache-off-warm500,90,3,12.6444,1.980,38.294,40.275,night,the-house-of-mirth,1,,server-1,3,14,0,10.863,48.690,77.659
least-response-time-cache-off-warm500,90,3,12.6556,29.587,38.280,67.867,he,mary-barton,1,,server-1,3,14,0,3.156,48.690,77.659
least-response-time-cache-off-warm500,90,3,12.6667,19.031,34.144,53.175,of,memoirs-of-fanny-hill,1,,server-1,4,13,0,3.156,33.116,77.659
least-response-time-cache-off-warm500,90,3,12.6778,7.777,50.795,58.572,you,the-prince,1,,server-1,5,13,0,3.156,33.116,77.659
least-response-time-cache-off-warm500,90,3,12.6889,35.726,55.087,90.813,you,agnes-grey,1,,server-1,4,13,0,2.924,33.116,77.659
least-response-time-cache-off-warm500,90,3,12.7000,39.856,65.811,105.667,king,herland,1,,server-1,5,13,0,2.924,57.346,77.659
least-response-time-cache-off-warm500,90,3,12.7111,25.339,40.965,66.304,death,sense-and-sensibility,1,,server-1,6,13,0,2.924,72.700,77.659
least-response-time-cache-off-warm500,90,3,12.7222,15.465,57.990,73.455,and,cranford,1,,server-1,7,13,0,8.990,90.558,77.659
least-response-time-cache-off-warm500,90,3,12.7333,46.515,49.929,96.444,castle,mansfield-park,1,,server-1,6,8,0,11.365,61.813,77.659
least-response-time-cache-off-warm500,90,3,12.7444,51.266,67.206,118.472,and,the-innocents-abroad,1,,server-1,6,8,0,7.377,41.677,77.659
least-response-time-cache-off-warm500,90,3,12.7556,70.854,100.306,171.160,heart,the-tenant-of-wildfell-hall,1,,server-1,7,7,0,7.377,41.677,77.659
least-response-time-cache-off-warm500,90,3,12.7667,41.053,126.461,167.514,was,little-women,1,,server-1,8,7,0,7.377,41.677,77.659
least-response-time-cache-off-warm500,90,3,12.7778,30.042,71.276,101.318,whale,twenty-thousand-leagues-under-the-sea,1,,server-1,9,7,0,18.593,65.384,77.659
least-response-time-cache-off-warm500,90,3,12.7889,41.100,125.846,166.946,sea,the-secret-garden,1,,server-1,8,6,0,14.603,52.803,77.659
least-response-time-cache-off-warm500,90,3,12.8000,55.975,198.590,254.565,love,the-romance-of-lust-a-classic-victorian-erotic-novel,1,,server-1,9,6,0,19.434,52.803,77.659
least-response-time-cache-off-warm500,90,3,12.8111,51.716,188.619,240.334,and,jane-eyre-an-autobiography,1,,server-1,8,6,0,13.414,33.820,77.659
least-response-time-cache-off-warm500,90,3,12.8222,41.285,94.313,135.599,was,the-mysterious-affair-at-styles,1,,server-1,9,6,0,13.414,33.820,77.659
least-response-time-cache-off-warm500,90,3,12.8333,95.931,118.941,214.871,horse,black-beauty,1,,server-1,10,6,0,14.762,33.820,77.659
least-response-time-cache-off-warm500,90,3,12.8444,83.495,132.708,216.203,king,the-iliad-2199,1,,server-1,11,6,0,14.762,49.823,77.659
least-response-time-cache-off-warm500,90,3,12.8556,100.994,136.368,237.362,he,treasure-island,1,,server-1,12,6,0,22.241,49.823,77.659
least-response-time-cache-off-warm500,90,3,12.8667,195.087,85.050,280.136,king,leaves-of-grass,1,,server-1,11,6,0,18.322,40.169,77.659
least-response-time-cache-off-warm500,90,3,12.8778,118.838,145.658,264.496,you,the-scarlet-letter-33,1,,server-1,12,2,0,20.886,45.890,77.659
least-response-time-cache-off-warm500,90,3,12.8889,78.526,114.538,193.064,king,kidnapped,1,,server-1,13,2,0,26.544,45.890,77.659
least-response-time-cache-off-warm500,90,3,12.9000,160.093,46.963,207.056,the,persuasion,1,,server-1,14,2,0,26.544,45.890,77.659
least-response-time-cache-off-warm500,90,3,12.9111,157.650,92.138,249.788,money,the-secret-garden-17396,1,,server-1,15,2,0,26.544,58.723,77.659
least-response-time-cache-off-warm500,90,3,12.9222,146.918,98.644,245.562,sea,the-great-gatsby,1,,server-1,16,0,0,26.544,38.398,77.659
least-response-time-cache-off-warm500,90,3,12.9333,205.654,73.638,279.292,the,the-adventures-of-ferdinand-count-fathom-complete,1,,server-1,16,0,0,25.437,38.398,77.659
least-response-time-cache-off-warm500,90,3,12.9444,176.070,67.222,243.292,house,the-secret-garden,1,,server-1,15,0,0,33.557,38.398,77.659
least-response-time-cache-off-warm500,90,3,12.9556,1.726,23.718,25.445,night,twenty-thousand-leagues-under-the-sea,1,,server-2,15,1,0,61.747,38.398,77.659
least-response-time-cache-off-warm500,90,3,12.9667,14.939,42.690,57.629,he,the-odyssey,1,,server-2,14,2,0,33.381,19.747,77.659
least-response-time-cache-off-warm500,90,3,12.9778,4.363,46.942,51.306,london,oliver-twist,1,,server-2,14,3,0,33.381,19.747,77.659
least-response-time-cache-off-warm500,90,3,12.9889,36.003,34.438,70.441,death,white-fang,1,,server-2,14,3,0,33.381,5.572,77.659
least-response-time-cache-off-warm500,90,3,13.0000,24.681,20.656,45.337,of,the-secret-garden,1,,server-2,14,4,0,47.396,5.572,77.659
least-response-time-cache-off-warm500,90,3,13.0111,18.948,54.370,73.318,king,the-odyssey,1,,server-2,14,5,0,47.396,6.962,77.659
least-response-time-cache-off-warm500,90,3,13.0222,8.772,90.038,98.811,the,the-vicomte-de-bragelonne,1,,server-2,14,6,0,47.396,9.848,77.659
least-response-time-cache-off-warm500,90,3,13.0333,14.699,87.555,102.255,of,the-picture-of-dorian-gray,1,,server-2,14,5,0,68.887,4.933,77.659
least-response-time-cache-off-warm500,90,3,13.0444,39.667,70.447,110.114,was,the-picture-of-dorian-gray,1,,server-2,14,6,0,68.887,5.848,77.659
least-response-time-cache-off-warm500,90,3,13.0556,28.517,96.224,124.741,king,oliver-twist,1,,server-2,14,7,0,114.627,7.189,77.659
least-response-time-cache-off-warm500,90,3,13.0667,44.052,120.331,164.383,she,the-secret-garden-17396,1,,server-2,10,7,0,72.307,12.133,77.659
least-response-time-cache-off-warm500,90,3,13.0778,33.103,87.422,120.525,he,the-return-of-sherlock-holmes-108,1,,server-2,9,8,0,32.367,12.133,77.659
least-response-time-cache-off-warm500,90,3,13.0889,32.639,94.158,126.797,night,the-works-of-edgar-allan-poe-volume-2,1,,server-2,9,8,0,40.916,12.773,77.659
least-response-time-cache-off-warm500,90,3,13.1000,22.892,123.334,146.226,letter,dubliners,1,,server-2,9,9,0,57.813,12.773,77.659
least-response-time-cache-off-warm500,90,3,13.1111,44.969,126.730,171.699,you,sense-and-sensibility,1,,server-2,7,9,0,61.298,15.318,77.659
least-response-time-cache-off-warm500,90,3,13.1222,104.397,70.443,174.840,death,around-the-world-in-eighty-days,1,,server-2,7,10,0,51.187,13.384,77.659
least-response-time-cache-off-warm500,90,3,13.1333,80.837,71.191,152.028,king,wuthering-heights,1,,server-2,7,11,0,51.187,13.384,77.659
least-response-time-cache-off-warm500,90,3,13.1444,101.805,118.963,220.768,house,the-jungle,1,,server-2,6,11,0,49.539,23.536,77.659
least-response-time-cache-off-warm500,90,3,13.1556,130.597,88.847,219.444,was,the-adventures-of-tom-sawyer-complete,1,,server-2,6,12,0,34.397,21.898,77.659
least-response-time-cache-off-warm500,90,3,13.1667,119.219,70.208,189.427,money,twenty-thousand-leagues-under-the-sea,1,,server-2,4,13,0,36.145,21.898,77.659
least-response-time-cache-off-warm500,90,3,13.1778,116.616,79.477,196.092,house,around-the-world-in-eighty-days,1,,server-2,2,13,0,38.981,21.898,77.659
least-response-time-cache-off-warm500,90,3,13.1889,105.871,64.255,170.126,whale,a-journey-to-the-centre-of-the-earth,1,,server-2,2,13,0,39.018,36.525,77.659
least-response-time-cache-off-warm500,90,3,13.2000,13.036,14.834,27.870,sea,the-secret-garden,1,,server-1,3,13,0,39.018,52.214,77.659
least-response-time-cache-off-warm500,90,3,13.2111,2.086,45.441,47.526,horse,desperate-remedies,1,,server-1,4,13,0,35.386,52.214,77.659
least-response-time-cache-off-warm500,90,3,13.2222,33.730,25.503,59.233,death,dracula,1,,server-1,3,12,0,11.112,55.046,77.659
least-response-time-cache-off-warm500,90,3,13.2333,26.684,75.193,101.877,sea,the-american,1,,server-1,3,11,0,8.680,52.507,77.659
least-response-time-cache-off-warm500,90,3,13.2444,16.694,51.671,68.365,whale,the-kama-sutra-of-vatsyayana,1,,server-1,4,10,0,8.680,52.507,77.659
least-response-time-cache-off-warm500,90,3,13.2556,5.754,48.135,53.889,death,the-mystery-of-edwin-drood,1,,server-1,5,8,0,12.329,31.267,77.659
least-response-time-cache-off-warm500,90,3,13.2667,16.161,89.170,105.332,whale,far-from-the-madding-crowd,1,,server-1,5,8,0,5.850,31.267,77.659
least-response-time-cache-off-warm500,90,3,13.2778,7.047,67.998,75.045,house,anne-of-green-gables,1,,server-1,6,8,0,5.850,31.267,77.659
least-response-time-cache-off-warm500,90,3,13.2889,24.851,105.815,130.666,she,leaves-of-grass,1,,server-1,6,8,0,4.800,51.112,77.659
least-response-time-cache-off-warm500,90,3,13.3000,51.023,66.296,117.319,king,hard-times,1,,server-1,7,5,0,5.856,16.506,77.659
least-response-time-cache-off-warm500,90,3,13.3111,60.814,77.879,138.693,you,the-tenant-of-wildfell-hall,1,,server-1,8,5,0,10.199,16.506,77.659
least-response-time-cache-off-warm500,90,3,13.3222,51.435,10.330,61.765,whale,the-prince,1,,server-1,9,5,0,12.719,16.506,77.659
least-response-time-cache-off-warm500,90,3,13.3333,43.749,84.996,128.745,death,a-journey-to-the-centre-of-the-earth,1,,server-1,10,5,0,16.416,16.506,77.659
least-response-time-cache-off-warm500,90,3,13.3444,20.333,34.518,54.852,the,the-last-of-the-mohicans-a-narrative-of-1757,1,,server-2,10,6,0,27.954,16.506,77.659
least-response-time-cache-off-warm500,90,3,13.3556,20.252,58.404,78.656,death,dracula,1,,server-2,9,7,0,36.093,16.506,77.659
least-response-time-cache-off-warm500,90,3,13.3667,10.734,57.534,68.268,was,cranford,1,,server-2,9,6,0,36.093,35.841,77.659
least-response-time-cache-off-warm500,90,3,13.3778,22.487,65.168,87.655,house,the-age-of-innocence,1,,server-2,5,4,0,18.155,12.822,77.659
least-response-time-cache-off-warm500,90,3,13.3889,30.172,48.492,78.664,death,the-memoirs-of-sherlock-holmes,1,,server-2,5,5,0,14.565,10.398,77.659
least-response-time-cache-off-warm500,90,3,13.4000,31.670,52.953,84.624,horse,the-last-of-the-mohicans-a-narrative-of-1757-27681,1,,server-2,5,6,0,14.565,9.861,77.659
least-response-time-cache-off-warm500,90,3,13.4111,23.088,97.188,120.276,horse,the-adventures-of-sherlock-holmes,1,,server-2,5,6,0,14.565,9.861,77.659
least-response-time-cache-off-warm500,90,3,13.4222,11.586,109.319,120.905,he,a-tale-of-two-cities,1,,server-2,3,7,0,23.306,14.302,77.659
least-response-time-cache-off-warm500,90,3,13.4333,4.832,132.575,137.407,love,desert-gold,1,,server-2,3,8,0,23.306,20.341,77.659
least-response-time-cache-off-warm500,90,3,13.4444,56.132,71.913,128.045,heart,the-king-in-yellow,1,,server-2,3,7,0,23.306,9.034,77.659
least-response-time-cache-off-warm500,90,3,13.4556,76.159,104.005,180.164,london,washington-square,1,,server-2,2,8,0,34.086,9.034,77.659
least-response-time-cache-off-warm500,90,3,13.4667,72.377,60.377,132.753,of,silas-marner,1,,server-2,0,9,0,31.407,16.627,77.659
least-response-time-cache-off-warm500,90,3,13.4778,97.801,78.596,176.397,and,the-divine-comedy,1,,server-2,0,10,0,31.407,20.546,77.659
least-response-time-cache-off-warm500,90,3,13.4889,53.100,95.928,149.028,castle,autobiography-of-benjamin-franklin,1,,server-2,0,10,0,31.407,28.261,77.659
least-response-time-cache-off-warm500,90,3,13.5000,42.809,94.711,137.520,king,the-song-of-the-lark,1,,server-2,0,11,0,31.407,31.245,77.659
least-response-time-cache-off-warm500,90,3,13.5111,88.731,64.648,153.378,king,frankenstein-or-the-modern-prometheus-41445,1,,server-2,0,11,0,31.407,28.578,77.659
least-response-time-cache-off-warm500,90,3,13.5222,79.004,78.147,157.151,he,a-journey-to-the-centre-of-the-earth,1,,server-2,0,12,0,31.407,28.578,77.659
least-response-time-cache-off-warm500,90,3,13.5333,1.914,37.036,38.950,was,jane-eyre-an-autobiography,1,,server-1,1,10,0,31.407,39.011,77.659
least-response-time-cache-off-warm500,90,3,13.5444,28.587,16.108,44.694,of,treasure-island,1,,server-1,2,10,0,16.196,35.969,77.659
least-response-time-cache-off-warm500,90,3,13.5556,18.148,35.721,53.869,death,leaves-of-grass,1,,server-1,3,10,0,16.196,29.927,77.659
least-response-time-cache-off-warm500,90,3,13.5667,7.197,53.218,60.415,money,the-house-of-mirth,1,,server-1,4,10,0,16.196,27.465,77.659
least-response-time-cache-off-warm500,90,3,13.5778,47.018,139.167,186.185,of,the-tenant-of-wildfell-hall,1,,server-1,4,8,0,4.693,34.059,77.659
least-response-time-cache-off-warm500,90,3,13.5889,39.384,56.584,95.968,king,hard-times,1,,server-1,5,8,0,7.637,34.059,77.659
least-response-time-cache-off-warm500,90,3,13.6000,27.388,54.963,82.350,horse,emma,1,,server-1,6,8,0,7.637,33.595,77.659
least-response-time-cache-off-warm500,90,3,13.6111,16.681,50.360,67.040,and,agnes-grey,1,,server-1,7,6,0,14.238,21.931,77.659
least-response-time-cache-off-warm500,90,3,13.6222,6.291,91.211,97.503,death,a-tale-of-two-cities,1,,server-1,8,6,0,14.238,21.931,77.659
least-response-time-cache-off-warm500,90,3,13.6333,49.352,127.612,176.964,london,the-romance-of-lust-a-classic-victorian-erotic-novel,1,,server-1,6,6,0,4.241,23.614,77.659
least-response-time-cache-off-warm500,90,3,13.6444,121.852,72.055,193.907,house,beyond-good-and-evil,1,,server-1,7,6,0,3.646,40.374,77.659
least-response-time-cache-off-warm500,90,3,13.6556,105.354,19.727,125.081,horse,the-wind-in-the-willows,1,,server-1,8,2,0,3.646,31.232,77.659
least-response-time-cache-off-warm500,90,3,13.6667,99.974,59.727,159.701,whale,hard-times,1,,server-1,9,2,0,3.646,37.532,77.659
least-response-time-cache-off-warm500,90,3,13.6778,89.537,82.074,171.611,and,the-king-in-yellow,1,,server-1,10,2,0,12.822,37.532,77.659
least-response-time-cache-off-warm500,90,3,13.6889,135.376,40.077,175.452,money,the-first-men-in-the-moon,1,,server-1,11,0,0,23.309,27.666,77.659
least-response-time-cache-off-warm500,90,3,13.7000,126.485,75.687,202.172,whale,leaves-of-grass,1,,server-1,12,0,0,23.309,27.666,77.659
least-response-time-cache-off-warm500,90,3,13.7111,126.341,67.797,194.139,the,walden-and-on-the-duty-of-civil-disobedience,1,,server-1,13,0,0,23.309,27.666,77.659
least-response-time-cache-off-warm500,90,3,13.7222,4.025,25.453,29.478,london,around-the-world-in-eighty-days,1,,server-2,11,1,0,37.648,27.666,77.659
least-response-time-cache-off-warm500,90,3,13.7333,19.124,36.314,55.439,horse,desperate-remedies,1,,server-2,11,2,0,48.339,14.430,77.659
least-response-time-cache-off-warm500,90,3,13.7444,8.189,37.419,45.608,king,northanger-abbey,1,,server-2,10,3,0,54.334,14.430,77.659
least-response-time-cache-off-warm500,90,3,13.7556,35.557,16.134,51.691,was,agnes-grey,1,,server-2,10,3,0,54.334,4.934,77.659
least-response-time-cache-off-warm500,90,3,13.7667,25.249,35.510,60.760,death,desperate-remedies,1,,server-2,8,4,0,47.269,4.934,77.659
least-response-time-cache-off-warm500,90,3,13.7778,14.611,84.372,98.983,was,the-innocents-abroad,1,,server-2,8,5,0,24.562,4.934,77.659
least-response-time-cache-off-warm500,90,3,13.7889,4.318,83.282,87.600,she,northanger-abbey,1,,server-2,8,6,0,21.053,11.064,77.659
least-response-time-cache-off-warm500,90,3,13.8000,28.054,81.232,109.286,king,the-romance-of-lust-a-classic-victorian-erotic-novel,1,,server-2,8,5,0,21.053,2.557,77.659
least-response-time-cache-off-warm500,90,3,13.8111,17.143,103.516,120.659,and,far-from-the-madding-crowd,1,,server-2,8,6,0,52.152,4.268,77.659
least-response-time-cache-off-warm500,90,3,13.8222,54.052,75.514,129.566,you,adventures-of-huckleberry-finn,1,,server-2,8,7,0,52.152,4.268,77.659
least-response-time-cache-off-warm500,90,3,13.8333,75.403,92.360,167.763,heart,the-odyssey,1,,server-2,6,6,0,34.052,5.909,77.659
least-response-time-cache-off-warm500,90,3,13.8444,64.608,67.391,132.000,castle,around-the-world-in-eighty-days,1,,server-2,5,7,0,31.025,5.909,77.659
least-response-time-cache-off-warm500,90,3,13.8556,75.993,88.831,164.824,horse,the-odyssey,1,,server-2,3,8,0,26.561,5.909,77.659
least-response-time-cache-off-warm500,90,3,13.8667,43.998,87.919,131.917,she,the-portrait-of-a-lady-volume-1,1,,server-2,2,9,0,23.024,5.909,77.659
least-response-time-cache-off-warm500,90,3,13.8778,27.933,51.904,79.837,he,leaves-of-grass,1,,server-1,3,9,0,23.024,25.142,77.659
least-response-time-cache-off-warm500,90,3,13.8889,16.565,55.887,72.452,sea,emma,1,,server-1,4,7,0,23.024,27.137,77.659
least-response-time-cache-off-warm500,90,3,13.9000,6.346,29.343,35.689,heart,the-lost-world,1,,server-1,5,7,0,23.024,27.137,77.659
least-response-time-cache-off-warm500,90,3,13.9111,51.238,64.545,115.783,letter,the-house-of-the-seven-gables,1,,server-1,4,7,0,5.175,14.210,77.659
least-response-time-cache-off-warm500,90,3,13.9222,40.620,23.595,64.215,she,the-return-of-sherlock-holmes-108,1,,server-1,5,7,0,5.175,14.210,77.659
least-response-time-cache-off-warm500,90,3,13.9333,29.390,79.158,108.548,love,the-secret-garden-17396,1,,server-1,6,6,0,5.175,23.874,77.659
least-response-time-cache-off-warm500,90,3,13.9444,18.508,47.033,65.541,money,dubliners,1,,server-1,7,6,0,9.909,23.874,77.659
least-response-time-cache-off-warm500,90,3,13.9556,7.927,65.899,73.825,letter,sense-and-sensibility,1,,server-1,8,5,0,9.909,26.002,77.659
least-response-time-cache-off-warm500,90,3,13.9667,63.148,67.636,130.784,whale,the-last-of-the-mohicans-a-narrative-of-1757,1,,server-1,6,4,0,2.864,26.002,77.659
least-response-time-cache-off-warm500,90,3,13.9778,62.153,19.510,81.663,and,kidnapped,1,,server-1,7,4,0,2.864,33.880,77.659
least-response-time-cache-off-warm500,90,3,13.9889,53.568,56.894,110.462,castle,frankenstein-or-the-modern-prometheus,1,,server-1,8,4,0,5.659,33.880,77.659
least-response-time-cache-off-warm500,90,3,14.0000,44.488,200.012,244.501,of,the-vicomte-de-bragelonne,1,,server-1,9,3,0,5.659,42.083,77.659
least-response-time-cache-off-warm500,90,3,14.0111,91.351,138.714,230.065,she,the-warden,1,,server-1,10,3,0,19.484,42.050,77.659
least-response-time-cache-off-warm500,90,3,14.0222,35.322,105.944,141.266,castle,the-scarlet-letter-33,1,,server-1,11,0,0,19.484,38.087,77.659
least-response-time-cache-off-warm500,90,3,14.0333,23.927,102.678,126.605,night,the-great-gatsby,1,,server-1,10,0,0,31.824,38.087,77.659
least-response-time-cache-off-warm500,90,3,14.0444,61.059,174.683,235.742,the,thus-spake-zarathustra-a-book-for-all-and-none,1,,server-1,8,0,0,16.714,38.087,77.659
least-response-time-cache-off-warm500,90,3,14.0556,49.536,177.131,226.668,the,agnes-grey,1,,server-1,9,0,0,16.046,38.087,77.659
least-response-time-cache-off-warm500,90,3,14.0667,42.611,206.152,248.763,house,beyond-good-and-evil,1,,server-1,10,0,0,14.890,38.087,77.659
least-response-time-cache-off-warm500,90,3,14.0778,34.271,194.797,229.068,love,the-secret-garden-17396,1,,server-1,11,0,0,14.890,38.087,77.659
least-response-time-cache-off-warm500,90,3,14.0889,30.908,185.851,216.759,king,memoirs-of-fanny-hill,1,,server-1,12,0,0,16.533,38.087,77.659
least-response-time-cache-off-warm500,90,3,14.1000,65.925,190.053,255.978,horse,the-adventures-of-tom-sawyer-complete,1,,server-1,11,0,0,28.182,38.087,77.659
least-response-time-cache-off-warm500,90,3,14.1111,204.435,59.566,264.000,castle,the-return-of-sherlock-holmes-108,1,,server-1,11,0,0,12.890,38.087,77.659
least-response-time-cache-off-warm500,90,3,14.1222,194.721,131.632,326.353,horse,little-women,1,,server-1,12,0,0,12.319,38.087,77.659
least-response-time-cache-off-warm500,90,3,14.1333,182.194,42.117,224.311,house,north-and-south,1,,server-1,13,0,0,12.319,38.087,77.659
least-response-time-cache-off-warm500,90,3,14.1444,177.766,119.123,296.889,and,the-adventures-of-sherlock-holmes,1,,server-1,14,0,0,15.073,38.087,77.659
least-response-time-cache-off-warm500,90,3,14.1556,168.229,134.929,303.158,he,black-beauty,1,,server-1,15,0,0,15.073,38.087,77.659
least-response-time-cache-off-warm500,90,3,14.1667,166.921,167.680,334.601,night,the-vicomte-de-bragelonne,1,,server-1,16,0,0,32.892,38.087,77.659
least-response-time-cache-off-warm500,90,3,14.1778,197.305,70.198,267.503,sea,the-tenant-of-wildfell-hall,1,,server-1,17,0,0,32.892,38.087,77.659
least-response-time-cache-off-warm500,90,3,14.1889,187.741,90.531,278.272,and,the-kama-sutra-of-vatsyayana,1,,server-1,17,0,0,29.938,38.087,77.659
least-response-time-cache-off-warm500,90,3,14.2000,249.256,184.552,433.808,london,oliver-twist,1,,server-1,18,0,0,29.938,38.087,77.659
least-response-time-cache-off-warm500,90,3,14.2111,248.506,147.875,396.381,night,the-moonstone,1,,server-1,19,0,0,29.938,38.087,77.659
least-response-time-cache-off-warm500,90,3,14.2222,244.260,51.911,296.170,london,dubliners,1,,server-1,20,0,0,29.938,38.087,77.659
least-response-time-cache-off-warm500,90,3,14.2333,235.183,128.414,363.597,castle,the-moonstone,1,,server-1,21,0,0,29.938,38.087,77.659
least-response-time-cache-off-warm500,90,3,14.2444,2.034,29.410,31.444,the,the-last-of-the-mohicans-a-narrative-of-1757-27681,1,,server-2,21,1,0,85.019,38.087,77.659
least-response-time-cache-off-warm500,90,3,14.2556,21.068,30.792,51.860,she,the-scarlet-letter,1,,server-2,20,2,0,68.768,19.606,77.659
least-response-time-cache-off-warm500,90,3,14.2667,9.848,17.173,27.022,he,around-the-world-in-eighty-days,1,,server-2,20,3,0,58.449,19.606,77.659
least-response-time-cache-off-warm500,90,3,14.2778,1.774,51.914,53.688,horse,mansfield-park,1,,server-2,20,3,0,58.449,6.243,77.659
least-response-time-cache-off-warm500,90,3,14.2889,16.504,81.163,97.667,sea,the-vicomte-de-bragelonne,1,,server-2,17,4,0,64.294,3.375,77.659
least-response-time-cache-off-warm500,90,3,14.3000,8.408,73.312,81.720,whale,the-house-of-mirth,1,,server-2,17,4,0,64.294,4.525,77.659
least-response-time-cache-off-warm500,90,3,14.3111,23.022,75.398,98.420,he,a-journey-to-the-centre-of-the-earth,1,,server-2,15,4,0,97.455,6.169,77.659
least-response-time-cache-off-warm500,90,3,14.3222,12.869,81.435,94.303,london,the-prince,1,,server-2,13,5,0,47.809,6.169,77.659
least-response-time-cache-off-warm500,90,3,14.3333,54.443,41.028,95.470,was,the-first-men-in-the-moon,1,,server-2,13,6,0,62.263,11.571,77.659
least-response-time-cache-off-warm500,90,3,14.3444,43.862,61.119,104.980,he,desperate-remedies,1,,server-2,13,6,0,51.865,7.666,77.659
least-response-time-cache-off-warm500,90,3,14.3556,52.267,66.660,118.927,money,the-king-in-yellow,1,,server-2,13,7,0,75.588,7.666,77.659
least-response-time-cache-off-warm500,90,3,14.3667,25.449,80.599,106.048,castle,the-scarlet-letter,1,,server-2,12,8,0,72.500,7.666,77.659
least-response-time-cache-off-warm500,90,3,14.3778,48.537,70.894,119.431,letter,leaves-of-grass,1,,server-2,12,9,0,31.730,7.666,77.659
least-response-time-cache-off-warm500,90,3,14.3889,61.714,81.525,143.239,castle,the-wind-in-the-willows,1,,server-2,12,8,0,31.730,15.763,77.659
least-response-time-cache-off-warm500,90,3,14.4000,61.240,58.230,119.470,and,the-last-of-the-mohicans-a-narrative-of-1757,1,,server-2,12,9,0,31.730,14.008,77.659
least-response-time-cache-off-warm500,90,3,14.4111,67.940,83.673,151.613,and,the-wind-in-the-willows,1,,server-2,10,10,0,31.066,26.804,77.659
least-response-time-cache-off-warm500,90,3,14.4222,57.648,174.806,232.453,the,grimms-fairy-tales,1,,server-2,10,10,0,31.066,24.546,77.659
least-response-time-cache-off-warm500,90,3,14.4333,46.061,240.537,286.598,castle,frankenstein-or-the-modern-prometheus-41445,1,,server-2,10,11,0,31.066,21.918,77.659
least-response-time-cache-off-warm500,90,3,14.4444,53.817,77.204,131.021,the,around-the-world-in-eighty-days,1,,server-2,10,12,0,86.542,21.918,77.659
least-response-time-cache-off-warm500,90,3,14.4556,43.555,156.970,200.525,whale,the-house-of-the-seven-gables,1,,server-2,9,12,0,92.169,26.555,77.659
least-response-time-cache-off-warm500,90,3,14.4667,64.724,188.279,253.003,she,walden-and-on-the-duty-of-civil-disobedience,1,,server-2,7,13,0,57.295,20.997,77.659
least-response-time-cache-off-warm500,90,3,14.4778,27.833,139.126,166.959,love,the-king-in-yellow,1,,server-1,7,10,0,35.054,36.505,77.659
least-response-time-cache-off-warm500,90,3,14.4889,42.380,167.365,209.745,love,the-innocents-abroad,1,,server-2,7,10,0,35.054,16.886,77.659
least-response-time-cache-off-warm500,90,3,14.5000,34.944,125.672,160.616,love,the-portrait-of-a-lady-volume-1,1,,server-2,7,11,0,39.185,15.580,77.659
least-response-time-cache-off-warm500,90,3,14.5111,31.796,173.654,205.449,night,the-memoirs-of-sherlock-holmes,1,,server-2,5,12,0,27.921,15.580,77.659
least-response-time-cache-off-warm500,90,3,14.5222,36.890,218.413,255.302,and,mansfield-park,1,,server-2,5,12,0,32.348,23.164,77.659
least-response-time-cache-off-warm500,90,3,14.5333,30.642,151.910,182.552,and,the-warden,1,,server-2,5,11,0,32.348,21.863,77.659
least-response-time-cache-off-warm500,90,3,14.5444,111.223,114.974,226.197,love,the-mysterious-island,1,,server-2,5,12,0,32.348,12.837,77.659
least-response-time-cache-off-warm500,90,3,14.5556,105.855,127.810,233.665,sea,cranford,1,,server-2,5,13,0,32.348,16.682,77.659
least-response-time-cache-off-warm500,90,3,14.5667,151.253,98.404,249.657,you,treasure-island,1,,server-2,5,14,0,32.348,19.697,77.659
least-response-time-cache-off-warm500,90,3,14.5778,193.205,63.357,256.563,sea,the-lost-world,1,,server-2,5,14,0,32.348,30.978,77.659
least-response-time-cache-off-warm500,90,3,14.5889,160.043,71.704,231.747,was,tess-of-the-d-urbervilles-a-pure-woman,1,,server-2,5,15,0,32.348,30.978,77.659
least-response-time-cache-off-warm500,90,3,14.6000,177.852,94.751,272.603,king,the-wind-in-the-willows,1,,server-2,5,16,0,45.212,30.978,77.659
least-response-time-cache-off-warm500,90,3,14.6111,178.052,81.211,259.263,he,beyond-good-and-evil,1,,server-2,5,17,0,63.967,33.609,77.659
least-response-time-cache-off-warm500,90,3,14.6222,213.525,81.614,295.139,love,tess-of-the-d-urbervilles-a-pure-woman,1,,server-2,5,18,0,63.967,33.609,77.659
least-response-time-cache-off-warm500,90,3,14.6333,237.624,49.799,287.422,money,far-from-the-madding-crowd,1,,server-2,5,19,0,83.932,33.609,77.659
least-response-time-cache-off-warm500,90,3,14.6444,228.322,59.787,288.110,death,his-last-bow,1,,server-2,1,20,0,75.445,33.609,77.659
least-response-time-cache-off-warm500,90,3,14.6556,2.305,22.957,25.262,and,jude-the-obscure,1,,server-1,1,20,0,60.370,80.755,77.659
least-response-time-cache-off-warm500,90,3,14.6667,14.609,27.804,42.413,money,desert-gold,1,,server-1,2,17,0,30.990,43.396,77.659
least-response-time-cache-off-warm500,90,3,14.6778,3.653,30.276,33.928,and,kidnapped,1,,server-1,3,17,0,30.990,43.396,77.659
least-response-time-cache-off-warm500,90,3,14.6889,23.839,66.062,89.901,and,mansfield-park,1,,server-1,3,17,0,7.105,43.396,77.659
least-response-time-cache-off-warm500,90,3,14.7000,12.961,60.233,73.194,of,the-song-of-the-lark,1,,server-1,4,16,0,7.105,67.338,77.659
least-response-time-cache-off-warm500,90,3,14.7111,2.341,59.976,62.317,night,treasure-island,1,,server-1,5,16,0,11.141,61.923,77.659
least-response-time-cache-off-warm500,90,3,14.7222,56.766,50.522,107.288,whale,the-picture-of-dorian-gray,1,,server-1,4,13,0,2.684,96.299,77.659
least-response-time-cache-off-warm500,90,3,14.7333,46.638,136.689,183.327,of,the-return-of-sherlock-holmes,1,,server-1,5,13,0,2.684,93.845,77.659
least-response-time-cache-off-warm500,90,3,14.7444,35.647,139.931,175.578,castle,jane-eyre-an-autobiography,1,,server-1,6,13,0,2.684,93.845,77.659
least-response-time-cache-off-warm500,90,3,14.7556,24.981,143.143,168.124,of,desperate-remedies,1,,server-1,7,13,0,2.684,78.474,77.659
least-response-time-cache-off-warm500,90,3,14.7667,14.323,45.419,59.742,whale,the-prince,1,,server-1,8,13,0,2.684,78.474,77.659
least-response-time-cache-off-warm500,90,3,14.7778,5.259,136.281,141.540,letter,the-innocents-abroad,1,,server-1,9,10,0,22.730,53.727,77.659
least-response-time-cache-off-warm500,90,3,14.7889,40.973,122.981,163.954,love,the-iliad-2199,1,,server-1,7,9,0,2.891,62.888,77.659
least-response-time-cache-off-warm500,90,3,14.8000,119.605,52.137,171.742,you,the-king-in-yellow,1,,server-1,8,9,0,2.891,62.888,77.659
least-response-time-cache-off-warm500,90,3,14.8111,114.241,89.441,203.682,love,the-divine-comedy,1,,server-1,9,9,0,2.891,62.888,77.659
least-response-time-cache-off-warm500,90,3,14.8222,103.333,247.449,350.782,you,villette,1,,server-1,10,9,0,2.891,53.577,77.659
least-response-time-cache-off-warm500,90,3,14.8333,95.319,68.962,164.281,sea,the-jungle,1,,server-1,11,8,0,18.920,44.904,77.659
least-response-time-cache-off-warm500,90,3,14.8444,126.349,72.065,198.414,she,the-lost-world,1,,server-1,12,6,0,14.689,34.183,77.659
least-response-time-cache-off-warm500,90,3,14.8556,114.625,122.724,237.349,of,the-mystery-of-edwin-drood,1,,server-1,13,6,0,14.689,34.183,77.659
least-response-time-cache-off-warm500,90,3,14.8667,145.796,84.854,230.651,king,a-princess-of-mars,1,,server-1,14,6,0,14.689,34.183,77.659
least-response-time-cache-off-warm500,90,3,14.8778,119.976,33.433,153.409,death,white-fang,1,,server-1,13,3,0,20.075,35.393,77.659
least-response-time-cache-off-warm500,90,3,14.8889,130.283,155.986,286.269,of,pride-and-prejudice,1,,server-1,14,3,0,20.075,35.393,77.659
least-response-time-cache-off-warm500,90,3,14.9000,142.011,166.851,308.862,death,the-vicomte-de-bragelonne,1,,server-1,15,3,0,20.075,35.393,77.659
least-response-time-cache-off-warm500,90,3,14.9111,265.779,56.238,322.017,sea,desperate-remedies,1,,server-1,16,3,0,20.075,35.393,77.659
least-response-time-cache-off-warm500,90,3,14.9222,11.240,10.010,21.250,king,the-prince,1,,server-2,14,4,0,61.098,32.617,77.659
least-response-time-cache-off-warm500,90,3,14.9333,2.490,21.493,23.983,and,silas-marner,1,,server-2,12,2,0,25.034,19.129,77.659
least-response-time-cache-off-warm500,90,3,14.9444,10.601,49.551,60.152,king,mansfield-park,1,,server-2,12,2,0,25.034,6.815,77.659
least-response-time-cache-off-warm500,90,3,14.9556,2.150,44.511,46.662,whale,the-house-of-mirth,1,,server-2,11,3,0,54.937,6.233,77.659
least-response-time-cache-off-warm500,90,3,14.9667,38.954,40.072,79.025,the,black-beauty,1,,server-2,11,3,0,54.937,3.366,77.659
least-response-time-cache-off-warm500,90,3,14.9778,27.729,40.506,68.235,was,grimms-fairy-tales,1,,server-2,11,4,0,52.610,3.366,77.659
least-response-time-cache-off-warm500,90,3,14.9889,16.772,38.346,55.118,the,the-war-of-the-worlds,1,,server-2,11,5,0,52.610,3.366,77.659
