label,rate,run,t_s,conn_ms,rpc_ms,total_ms,keyword,reference,ok,error_type,selected_server,server_1_connections,server_2_connections,server_3_connections,server_1_response_ewma_ms,server_2_response_ewma_ms,server_3_response_ewma_ms
least-response-time-cache-off-warm500,70,3,0.0000,2.261,28.755,31.017,he,the-secret-garden,1,,server-2,0,1,0,47.368,9.793,59.841
least-response-time-cache-off-warm500,70,3,0.0143,17.307,17.382,34.688,you,grimms-fairy-tales,1,,server-2,0,2,0,47.368,5.165,59.841
least-response-time-cache-off-warm500,70,3,0.0286,3.271,28.276,31.547,of,cranford,1,,server-2,0,3,0,47.368,5.165,59.841
least-response-time-cache-off-warm500,70,3,0.0429,17.515,48.200,65.716,money,the-return-of-sherlock-holmes,1,,server-2,0,3,0,47.368,3.017,59.841
least-response-time-cache-off-warm500,70,3,0.0571,4.060,50.212,54.272,night,cranford,1,,server-2,0,3,0,47.368,4.937,59.841
least-response-time-cache-off-warm500,70,3,0.0714,40.749,23.433,64.181,heart,the-scarlet-letter,1,,server-2,0,3,0,47.368,3.599,59.841
least-response-time-cache-off-warm500,70,3,0.0857,26.108,43.420,69.529,was,far-from-the-madding-crowd,1,,server-2,0,4,0,47.368,3.599,59.841
least-response-time-cache-off-warm500,70,3,0.1000,13.573,87.198,100.771,and,the-secret-garden-17396,1,,server-2,0,5,0,47.368,3.599,59.841
least-response-time-cache-off-warm500,70,3,0.1143,6.104,94.520,100.624,and,myths-and-legends-of-ancient-greece-and-rome,1,,server-2,0,4,0,47.368,5.869,59.841
least-response-time-cache-off-warm500,70,3,0.1286,27.399,16.249,43.649,the,persuasion,1,,server-2,0,5,0,47.368,4.055,59.841
least-response-time-cache-off-warm500,70,3,0.1429,14.389,45.187,59.576,night,hard-times,1,,server-2,0,6,0,47.368,7.624,59.841
least-response-time-cache-off-warm500,70,3,0.1571,3.422,83.582,87.003,death,jane-eyre-an-autobiography,1,,server-2,0,5,0,47.368,8.322,59.841
least-response-time-cache-off-warm500,70,3,0.1714,45.600,158.245,203.846,castle,the-romance-of-lust-a-classic-victorian-erotic-novel,1,,server-2,0,6,0,47.368,6.686,59.841
least-response-time-cache-off-warm500,70,3,0.1857,32.405,153.699,186.104,she,thus-spake-zarathustra-a-book-for-all-and-none,1,,server-2,0,7,0,47.368,10.208,59.841
least-response-time-cache-off-warm500,70,3,0.2000,17.245,90.390,107.635,london,oliver-twist,1,,server-2,0,8,0,47.368,10.208,59.841
least-response-time-cache-off-warm500,70,3,0.2143,3.599,42.557,46.156,letter,the-lost-world,1,,server-2,0,8,0,47.368,28.974,59.841
least-response-time-cache-off-warm500,70,3,0.2286,15.800,90.569,106.369,and,great-expectations,1,,server-2,0,6,0,47.368,5.801,59.841
least-response-time-cache-off-warm500,70,3,0.2429,3.588,131.276,134.864,he,the-hound-of-the-baskervilles,1,,server-2,0,7,0,47.368,9.656,59.841
least-response-time-cache-off-warm500,70,3,0.2571,78.187,71.320,149.508,love,the-last-of-the-mohicans-a-narrative-of-1757,1,,server-2,0,7,0,47.368,6.635,59.841
least-response-time-cache-off-warm500,70,3,0.2714,107.768,51.577,159.345,love,wuthering-heights,1,,server-2,0,8,0,47.368,9.125,59.841
least-response-time-cache-off-warm500,70,3,0.2857,93.907,144.517,238.423,house,north-and-south,1,,server-2,0,9,0,47.368,12.767,59.841
least-response-time-cache-off-warm500,70,3,0.3000,85.316,94.768,180.085,she,the-last-of-the-mohicans-a-narrative-of-1757-27681,1,,server-2,0,10,0,47.368,12.767,59.841
least-response-time-cache-off-warm500,70,3,0.3143,70.908,74.470,145.378,letter,walden-and-on-the-duty-of-civil-disobedience,1,,server-2,0,11,0,47.368,33.009,59.841
least-response-time-cache-off-warm500,70,3,0.3286,96.718,35.956,132.674,was,the-great-gatsby,1,,server-2,0,12,0,47.368,33.009,59.841
least-response-time-cache-off-warm500,70,3,0.3429,94.092,99.427,193.519,london,treasure-island,1,,server-2,0,12,0,47.368,36.030,59.841
least-response-time-cache-off-warm500,70,3,0.3571,74.095,68.402,142.498,of,far-from-the-madding-crowd,1,,server-2,0,13,0,47.368,36.030,59.841
least-response-time-cache-off-warm500,70,3,0.3714,2.491,20.126,22.617,she,myths-and-legends-of-ancient-greece-and-rome,1,,server-1,1,13,0,47.368,54.180,59.841
least-response-time-cache-off-warm500,70,3,0.3857,9.348,26.119,35.467,he,oliver-twist,1,,server-1,2,8,0,24.374,26.277,59.841
least-response-time-cache-off-warm500,70,3,0.4000,21.910,23.471,45.381,whale,madame-bovary,1,,server-1,2,8,0,10.391,26.277,59.841
least-response-time-cache-off-warm500,70,3,0.4143,7.700,38.778,46.478,castle,wuthering-heights,1,,server-1,3,8,0,10.391,28.388,59.841
least-response-time-cache-off-warm500,70,3,0.4286,33.494,37.449,70.943,the,the-first-men-in-the-moon,1,,server-1,3,7,0,4.402,34.295,59.841
least-response-time-cache-off-warm500,70,3,0.4429,19.002,13.120,32.122,london,washington-square,1,,server-1,4,6,0,4.402,26.342,59.841
least-response-time-cache-off-warm500,70,3,0.4571,4.856,25.273,30.129,sea,desert-gold,1,,server-1,5,6,0,8.100,26.342,59.841
least-response-time-cache-off-warm500,70,3,0.4714,15.930,46.473,62.404,london,the-first-men-in-the-moon,1,,server-1,4,6,0,3.173,19.449,59.841
least-response-time-cache-off-warm500,70,3,0.4857,2.414,35.990,38.404,she,mary-barton,1,,server-1,5,5,0,3.718,30.610,59.841
least-response-time-cache-off-warm500,70,3,0.5000,24.419,36.647,61.066,london,oliver-twist,1,,server-1,4,4,0,9.128,35.405,59.841
least-response-time-cache-off-warm500,70,3,0.5143,19.973,72.665,92.638,she,the-house-of-mirth,1,,server-1,4,4,0,7.441,35.405,59.841
least-response-time-cache-off-warm500,70,3,0.5286,6.531,66.862,73.394,was,walden-and-on-the-duty-of-civil-disobedience,1,,server-1,4,1,0,10.494,41.518,59.841
least-response-time-cache-off-warm500,70,3,0.5429,55.420,111.168,166.588,was,north-and-south,1,,server-1,4,0,0,5.660,38.542,59.841
least-response-time-cache-off-warm500,70,3,0.5571,45.075,152.025,197.099,you,meditations,1,,server-1,5,0,0,5.660,38.542,59.841
least-response-time-cache-off-warm500,70,3,0.5714,36.123,139.524,175.647,she,treasure-island,1,,server-1,6,0,0,9.786,38.542,59.841
least-response-time-cache-off-warm500,70,3,0.5857,24.529,65.949,90.478,king,the-secret-garden-17396,1,,server-1,7,0,0,14.636,38.542,59.841
least-response-time-cache-off-warm500,70,3,0.6000,16.780,132.914,149.694,horse,the-prince,1,,server-1,8,0,0,19.610,38.542,59.841
least-response-time-cache-off-warm500,70,3,0.6143,18.728,218.578,237.306,money,white-fang,1,,server-1,6,0,0,10.775,38.542,59.841
least-response-time-cache-off-warm500,70,3,0.6286,131.054,95.966,227.021,whale,the-lost-world,1,,server-1,7,0,0,9.507,38.542,59.841
least-response-time-cache-off-warm500,70,3,0.6429,111.317,100.531,211.847,horse,the-american,1,,server-1,8,0,0,8.081,38.542,59.841
least-response-time-cache-off-warm500,70,3,0.6571,103.104,180.382,283.486,horse,north-and-south,1,,server-1,9,0,0,8.836,38.542,59.841
least-response-time-cache-off-warm500,70,3,0.6714,89.683,150.950,240.632,castle,a-princess-of-mars,1,,server-1,10,0,0,8.836,38.542,59.841
least-response-time-cache-off-warm500,70,3,0.6857,77.675,56.502,134.177,house,the-jungle-book,1,,server-1,11,0,0,19.727,38.542,59.841
least-response-time-cache-off-warm500,70,3,0.7000,70.252,144.790,215.042,and,the-return-of-sherlock-holmes,1,,server-1,12,0,0,19.727,38.542,59.841
least-response-time-cache-off-warm500,70,3,0.7143,73.711,187.108,260.819,horse,little-women,1,,server-1,13,0,0,36.143,38.542,59.841
least-response-time-cache-off-warm500,70,3,0.7286,66.720,143.955,210.675,king,persuasion,1,,server-1,14,0,0,36.143,38.542,59.841
least-response-time-cache-off-warm500,70,3,0.7429,171.727,92.565,264.293,you,the-works-of-edgar-allan-poe-volume-2,1,,server-1,15,0,0,36.143,38.542,59.841
least-response-time-cache-off-warm500,70,3,0.7571,183.244,135.014,318.258,sea,the-portrait-of-a-lady-volume-1,1,,server-1,12,0,0,37.472,38.542,59.841
least-response-time-cache-off-warm500,70,3,0.7714,170.119,134.299,304.418,house,twenty-thousand-leagues-under-the-sea,1,,server-1,12,0,0,14.110,38.542,59.841
least-response-time-cache-off-warm500,70,3,0.7857,155.344,68.344,223.688,love,myths-and-legends-of-ancient-greece-and-rome,1,,server-1,13,0,0,25.218,38.542,59.841
least-response-time-cache-off-warm500,70,3,0.8000,143.499,91.852,235.352,she,beyond-good-and-evil,1,,server-1,14,0,0,20.989,38.542,59.841
least-response-time-cache-off-warm500,70,3,0.8143,156.329,116.466,272.794,was,the-king-in-yellow,1,,server-1,15,0,0,20.989,38.542,59.841
least-response-time-cache-off-warm500,70,3,0.8286,146.700,100.591,247.291,she,anne-of-green-gables,1,,server-1,16,0,0,27.791,38.542,59.841
least-response-time-cache-off-warm500,70,3,0.8429,146.696,119.824,266.520,heart,the-moonstone,1,,server-1,17,0,0,27.791,38.542,59.841
least-response-time-cache-off-warm500,70,3,0.8571,3.283,27.805,31.088,she,the-odyssey,1,,server-2,15,1,0,63.000,38.542,59.841
least-response-time-cache-off-warm500,70,3,0.8714,17.576,26.643,44.219,and,the-secret-adversary,1,,server-2,15,2,0,63.000,19.924,59.841
least-response-time-cache-off-warm500,70,3,0.8857,3.421,28.962,32.383,whale,meditations,1,,server-2,15,3,0,63.000,19.924,59.841
least-response-time-cache-off-warm500,70,3,0.9000,18.952,47.383,66.334,whale,dracula,1,,server-2,15,3,0,63.000,5.914,59.841
least-response-time-cache-off-warm500,70,3,0.9143,4.792,50.131,54.923,london,the-portrait-of-a-lady-volume-1,1,,server-2,14,4,0,83.939,5.914,59.841
least-response-time-cache-off-warm500,70,3,0.9286,41.336,18.885,60.221,horse,the-mystery-of-edwin-drood,1,,server-2,14,3,0,78.882,3.633,59.841
least-response-time-cache-off-warm500,70,3,0.9429,27.161,40.302,67.463,whale,life-on-the-mississippi,1,,server-2,9,4,0,50.863,3.633,59.841
least-response-time-cache-off-warm500,70,3,0.9571,13.598,55.995,69.594,death,grimms-fairy-tales,1,,server-2,9,5,0,60.667,3.633,59.841
least-response-time-cache-off-warm500,70,3,0.9714,2.343,69.923,72.266,horse,grimms-fairy-tales,1,,server-2,9,4,0,53.723,6.201,59.841
least-response-time-cache-off-warm500,70,3,0.9857,24.459,60.034,84.493,you,dracula,1,,server-2,9,5,0,41.103,3.605,59.841
least-response-time-cache-off-warm500,70,3,1.0000,44.096,70.234,114.330,the,dracula,1,,server-2,8,6,0,46.101,6.943,59.841
least-response-time-cache-off-warm500,70,3,1.0143,26.727,52.164,78.891,castle,the-jungle,1,,server-2,8,6,0,29.995,16.249,59.841
least-response-time-cache-off-warm500,70,3,1.0286,41.781,52.771,94.551,she,washington-square,1,,server-2,8,6,0,29.995,20.670,59.841
least-response-time-cache-off-warm500,70,3,1.0429,28.967,71.082,100.049,death,the-mystery-of-edwin-drood,1,,server-2,6,6,0,42.196,17.105,59.841
least-response-time-cache-off-warm500,70,3,1.0571,14.886,128.465,143.351,money,sense-and-sensibility,1,,server-2,6,6,0,42.196,13.918,59.841
least-response-time-cache-off-warm500,70,3,1.0714,50.518,39.002,89.519,castle,anne-of-green-gables,1,,server-2,6,6,0,42.196,10.104,59.841
least-response-time-cache-off-warm500,70,3,1.0857,59.615,73.871,133.486,you,northanger-abbey,1,,server-2,5,7,0,55.592,10.104,59.841
least-response-time-cache-off-warm500,70,3,1.1000,42.896,57.705,100.601,horse,myths-and-legends-of-ancient-greece-and-rome,1,,server-2,1,8,0,39.900,19.944,59.841
least-response-time-cache-off-warm500,70,3,1.1143,30.384,111.669,142.054,letter,the-lost-world,1,,server-2,0,9,0,41.887,32.131,59.841
least-response-time-cache-off-warm500,70,3,1.1286,51.772,78.321,130.093,love,poirot-investigates,1,,server-2,0,8,0,41.887,19.731,59.841
least-response-time-cache-off-warm500,70,3,1.1429,59.107,108.608,167.715,was,wuthering-heights,1,,server-2,0,9,0,41.887,24.483,59.841
least-response-time-cache-off-warm500,70,3,1.1571,40.294,94.422,134.716,night,the-adventures-of-sherlock-holmes,1,,server-2,0,8,0,41.887,16.047,59.841
least-response-time-cache-off-warm500,70,3,1.1714,30.483,126.125,156.608,night,the-lost-world,1,,server-2,0,9,0,41.887,21.015,59.841
least-response-time-cache-off-warm500,70,3,1.1857,126.800,60.369,187.169,king,jude-the-obscure,1,,server-2,0,10,0,41.887,22.804,59.841
least-response-time-cache-off-warm500,70,3,1.2000,112.109,33.027,145.136,she,the-wind-in-the-willows,1,,server-2,0,10,0,41.887,40.889,59.841
least-response-time-cache-off-warm500,70,3,1.2143,99.215,74.226,173.442,night,the-secret-adversary,1,,server-2,0,10,0,41.887,16.132,59.841
least-response-time-cache-off-warm500,70,3,1.2286,85.905,127.481,213.386,heart,his-last-bow,1,,server-2,0,11,0,41.887,19.706,59.841
least-response-time-cache-off-warm500,70,3,1.2429,72.999,124.080,197.079,was,little-women,1,,server-2,0,10,0,41.887,24.016,59.841
least-response-time-cache-off-warm500,70,3,1.2571,70.858,127.127,197.985,he,the-return-of-sherlock-holmes,1,,server-2,0,11,0,41.887,41.339,59.841
least-response-time-cache-off-warm500,70,3,1.2714,56.567,46.598,103.164,you,his-last-bow,1,,server-2,0,10,0,41.887,32.286,59.841
least-response-time-cache-off-warm500,70,3,1.2857,57.816,113.812,171.627,she,madame-bovary,1,,server-2,0,11,0,41.887,32.286,59.841
least-response-time-cache-off-warm500,70,3,1.3000,3.128,16.674,19.803,london,the-king-in-yellow,1,,server-1,1,11,0,41.887,55.859,59.841
least-response-time-cache-off-warm500,70,3,1.3143,6.258,26.542,32.800,london,mary-barton,1,,server-1,2,9,0,21.588,35.274,59.841
least-response-time-cache-off-warm500,70,3,1.3286,18.498,11.808,30.306,the,the-war-of-the-worlds,1,,server-1,2,9,0,9.001,19.685,59.841
least-response-time-cache-off-warm500,70,3,1.3429,4.723,28.190,32.914,and,the-last-of-the-mohicans-a-narrative-of-1757-27681,1,,server-1,3,9,0,9.001,22.042,59.841
least-response-time-cache-off-warm500,70,3,1.3571,19.825,18.625,38.450,the,twenty-thousand-leagues-under-the-sea,1,,server-1,3,8,0,4.702,20.668,59.841
least-response-time-cache-off-warm500,70,3,1.3714,5.685,31.830,37.515,heart,the-adventures-of-sherlock-holmes,1,,server-1,4,8,0,6.035,21.525,59.841
least-response-time-cache-off-warm500,70,3,1.3857,23.837,28.720,52.557,king,the-secret-adversary,1,,server-1,3,6,0,4.023,21.349,59.841
least-response-time-cache-off-warm500,70,3,1.4000,10.157,27.400,37.557,she,the-picture-of-dorian-gray,1,,server-1,4,5,0,6.835,31.274,59.841
least-response-time-cache-off-warm500,70,3,1.4143,23.939,11.154,35.093,love,the-jungle-book,1,,server-1,3,4,0,4.908,29.423,59.841
least-response-time-cache-off-warm500,70,3,1.4286,9.727,28.722,38.449,love,twenty-thousand-leagues-under-the-sea,1,,server-1,4,4,0,4.908,29.423,59.841
least-response-time-cache-off-warm500,70,3,1.4429,22.569,18.616,41.184,sea,kidnapped,1,,server-1,3,4,0,3.633,61.692,59.841
least-response-time-cache-off-warm500,70,3,1.4571,10.576,41.011,51.587,heart,the-last-of-the-mohicans-a-narrative-of-1757,1,,server-1,4,4,0,5.102,47.761,59.841
least-response-time-cache-off-warm500,70,3,1.4714,13.105,44.011,57.116,money,memoirs-of-fanny-hill,1,,server-1,3,0,0,5.344,38.271,59.841
least-response-time-cache-off-warm500,70,3,1.4857,24.318,57.230,81.548,house,a-princess-of-mars,1,,server-1,4,0,0,5.439,38.271,59.841
least-response-time-cache-off-warm500,70,3,1.5000,10.114,58.111,68.225,of,washington-square,1,,server-1,5,0,0,5.439,38.271,59.841
least-response-time-cache-off-warm500,70,3,1.5143,15.178,134.350,149.528,sea,the-romance-of-lust-a-classic-victorian-erotic-novel,1,,server-1,4,0,0,5.292,38.271,59.841
least-response-time-cache-off-warm500,70,3,1.5286,40.472,49.324,89.796,he,a-connecticut-yankee-in-king-arthur-s-court,1,,server-1,5,0,0,7.837,38.271,59.841
least-response-time-cache-off-warm500,70,3,1.5429,26.295,65.393,91.689,and,myths-and-legends-of-ancient-greece-and-rome,1,,server-1,5,0,0,6.376,38.271,59.841
least-response-time-cache-off-warm500,70,3,1.5571,12.254,31.468,43.721,night,tess-of-the-d-urbervilles-a-pure-woman,1,,server-1,6,0,0,6.376,38.271,59.841
least-response-time-cache-off-warm500,70,3,1.5714,47.300,68.546,115.845,castle,the-mysterious-affair-at-styles,1,,server-1,5,0,0,5.199,38.271,59.841
least-response-time-cache-off-warm500,70,3,1.5857,49.414,53.368,102.782,he,dubliners,1,,server-1,6,0,0,5.199,38.271,59.841
least-response-time-cache-off-warm500,70,3,1.6000,60.394,45.498,105.893,sea,a-connecticut-yankee-in-king-arthur-s-court,1,,server-1,7,0,0,5.199,38.271,59.841
least-response-time-cache-off-warm500,70,3,1.6143,50.797,76.892,127.689,king,villette,1,,server-1,8,0,0,11.199,38.271,59.841
least-response-time-cache-off-warm500,70,3,1.6286,60.583,182.000,242.582,heart,a-tale-of-two-cities,1,,server-1,7,0,0,18.188,38.271,59.841
least-response-time-cache-off-warm500,70,3,1.6429,64.883,168.128,233.012,she,the-last-of-the-mohicans-a-narrative-of-1757,1,,server-1,8,0,0,25.561,38.271,59.841
least-response-time-cache-off-warm500,70,3,1.6571,49.392,162.107,211.499,was,the-prince,1,,server-1,9,0,0,25.561,38.271,59.841
least-response-time-cache-off-warm500,70,3,1.6714,61.380,104.411,165.791,house,leaves-of-grass,1,,server-1,8,0,0,18.346,38.271,59.841
least-response-time-cache-off-warm500,70,3,1.6857,48.189,101.376,149.565,night,thus-spake-zarathustra-a-book-for-all-and-none,1,,server-1,9,0,0,18.346,38.271,59.841
least-response-time-cache-off-warm500,70,3,1.7000,48.217,171.771,219.989,letter,life-on-the-mississippi,1,,server-1,10,0,0,20.396,38.271,59.841
least-response-time-cache-off-warm500,70,3,1.7143,36.116,168.488,204.604,king,agnes-grey,1,,server-1,8,0,0,18.071,38.271,59.841
least-response-time-cache-off-warm500,70,3,1.7286,37.921,222.905,260.826,you,the-house-of-mirth,1,,server-1,9,0,0,18.071,38.271,59.841
least-response-time-cache-off-warm500,70,3,1.7429,133.409,62.020,195.428,king,wuthering-heights,1,,server-1,10,0,0,27.338,38.271,59.841
least-response-time-cache-off-warm500,70,3,1.7571,111.190,87.994,199.184,death,sense-and-sensibility,1,,server-1,10,0,0,16.295,38.271,59.841
least-response-time-cache-off-warm500,70,3,1.7714,105.776,114.895,220.671,he,anne-of-green-gables,1,,server-1,11,0,0,14.838,38.271,59.841
least-response-time-cache-off-warm500,70,3,1.7857,95.635,126.532,222.166,castle,the-first-men-in-the-moon,1,,server-1,12,0,0,14.838,38.271,59.841
least-response-time-cache-off-warm500,70,3,1.8000,115.401,100.593,215.994,you,the-jungle-book,1,,server-1,13,0,0,14.838,38.271,59.841
least-response-time-cache-off-warm500,70,3,1.8143,173.093,63.309,236.401,of,anne-of-green-gables,1,,server-1,14,0,0,14.838,38.271,59.841
least-response-time-cache-off-warm500,70,3,1.8286,165.583,73.957,239.540,horse,frankenstein-or-the-modern-prometheus-41445,1,,server-1,15,0,0,14.838,38.271,59.841
least-response-time-cache-off-warm500,70,3,1.8429,152.233,58.293,210.526,and,jude-the-obscure,1,,server-1,16,0,0,36.701,38.271,59.841
least-response-time-cache-off-warm500,70,3,1.8571,1.785,33.168,34.953,money,the-american,1,,server-2,16,1,0,45.219,38.271,59.841
least-response-time-cache-off-warm500,70,3,1.8714,21.274,17.606,38.880,he,the-memoirs-of-sherlock-holmes,1,,server-2,14,2,0,70.872,19.688,59.841
least-response-time-cache-off-warm500,70,3,1.8857,7.110,31.325,38.435,she,the-memoirs-of-sherlock-holmes,1,,server-2,11,3,0,38.384,19.688,59.841
least-response-time-cache-off-warm500,70,3,1.9000,10.871,24.252,35.123,letter,the-lost-world,1,,server-2,11,3,0,38.384,6.129,59.841
least-response-time-cache-off-warm500,70,3,1.9143,11.322,25.977,37.299,death,thus-spake-zarathustra-a-book-for-all-and-none,1,,server-2,11,3,0,36.987,4.434,59.841
least-response-time-cache-off-warm500,70,3,1.9286,7.953,62.883,70.837,king,the-innocents-abroad,1,,server-2,10,3,0,65.424,5.420,59.841
least-response-time-cache-off-warm500,70,3,1.9429,10.211,21.221,31.432,horse,the-last-of-the-mohicans-a-narrative-of-1757,1,,server-2,9,3,0,56.349,4.683,59.841
least-response-time-cache-off-warm500,70,3,1.9571,42.504,27.025,69.529,he,the-tenant-of-wildfell-hall,1,,server-2,9,3,0,54.561,4.696,59.841
least-response-time-cache-off-warm500,70,3,1.9714,28.584,45.994,74.578,of,the-american,1,,server-2,8,4,0,67.917,4.696,59.841
least-response-time-cache-off-warm500,70,3,1.9857,15.631,70.239,85.870,you,the-return-of-sherlock-holmes-108,1,,server-2,8,5,0,67.917,7.932,59.841
least-response-time-cache-off-warm500,70,3,2.0000,2.334,90.698,93.032,whale,dracula,1,,server-2,5,4,0,26.685,10.012,59.841
least-response-time-cache-off-warm500,70,3,2.0143,33.280,216.579,249.859,was,the-kama-sutra-of-vatsyayana,1,,server-2,5,5,0,32.289,3.758,59.841
least-response-time-cache-off-warm500,70,3,2.0286,40.179,86.562,126.741,she,villette,1,,server-2,4,6,0,45.109,8.219,59.841
least-response-time-cache-off-warm500,70,3,2.0429,28.645,39.417,68.062,heart,persuasion,1,,server-2,4,7,0,39.096,9.843,59.841
least-response-time-cache-off-warm500,70,3,2.0571,37.491,99.102,136.593,the,the-first-men-in-the-moon,1,,server-2,2,6,0,29.648,13.910,59.841
least-response-time-cache-off-warm500,70,3,2.0714,43.117,143.874,186.991,the,the-vicomte-de-bragelonne,1,,server-2,0,7,0,30.660,15.230,59.841
least-response-time-cache-off-warm500,70,3,2.0857,27.872,84.512,112.384,house,madame-bovary,1,,server-2,0,8,0,30.660,15.230,59.841
least-response-time-cache-off-warm500,70,3,2.1000,15.678,146.085,161.764,money,leaves-of-grass,1,,server-2,0,7,0,30.660,17.050,59.841
least-response-time-cache-off-warm500,70,3,2.1143,147.799,104.690,252.489,and,the-moonstone,1,,server-2,0,7,0,30.660,12.940,59.841
least-response-time-cache-off-warm500,70,3,2.1286,133.212,46.280,179.492,castle,meditations,1,,server-2,0,8,0,30.660,8.656,59.841
least-response-time-cache-off-warm500,70,3,2.1429,122.856,89.596,212.452,whale,the-portrait-of-a-lady-volume-1,1,,server-2,0,9,0,30.660,8.656,59.841
least-response-time-cache-off-warm500,70,3,2.1571,108.375,50.034,158.409,whale,the-hound-of-the-baskervilles-3070,1,,server-2,0,10,0,30.660,23.607,59.841
least-response-time-cache-off-warm500,70,3,2.1714,94.401,31.971,126.373,she,the-song-of-the-lark,1,,server-2,0,11,0,30.660,23.607,59.841
least-response-time-cache-off-warm500,70,3,2.1857,80.667,102.681,183.349,letter,agnes-grey,1,,server-2,0,12,0,30.660,23.607,59.841
least-response-time-cache-off-warm500,70,3,2.2000,1.422,16.511,17.933,sea,the-secret-adversary,1,,server-1,1,10,0,30.660,34.319,59.841
least-response-time-cache-off-warm500,70,3,2.2143,4.233,30.515,34.748,whale,the-last-of-the-mohicans-a-narrative-of-1757,1,,server-1,2,10,0,15.785,34.319,59.841
least-response-time-cache-off-warm500,70,3,2.2286,20.804,30.095,50.899,you,the-moonstone,1,,server-1,2,10,0,6.832,34.319,59.841
least-response-time-cache-off-warm500,70,3,2.2429,7.457,57.138,64.595,the,north-and-south,1,,server-1,3,9,0,6.832,47.798,59.841
least-response-time-cache-off-warm500,70,3,2.2571,23.434,72.015,95.449,you,the-jungle,1,,server-1,3,9,0,4.284,47.798,59.841
least-response-time-cache-off-warm500,70,3,2.2714,9.367,66.544,75.911,she,the-works-of-edgar-allan-poe-volume-2,1,,server-1,4,6,0,4.284,15.674,59.841
least-response-time-cache-off-warm500,70,3,2.2857,24.779,114.019,138.799,you,the-iliad,1,,server-1,4,6,0,6.021,15.674,59.841
least-response-time-cache-off-warm500,70,3,2.3000,10.618,61.368,71.986,whale,the-return-of-sherlock-holmes-108,1,,server-1,5,6,0,6.021,18.845,59.841
least-response-time-cache-off-warm500,70,3,2.3143,33.482,46.492,79.974,was,desperate-remedies,1,,server-1,5,6,0,6.928,20.024,59.841
least-response-time-cache-off-warm500,70,3,2.3286,43.650,145.724,189.373,letter,the-vicomte-de-bragelonne,1,,server-1,6,6,0,6.928,25.872,59.841
least-response-time-cache-off-warm500,70,3,2.3429,30.571,69.254,99.826,sea,memoirs-of-fanny-hill,1,,server-1,7,6,0,6.928,25.013,59.841
least-response-time-cache-off-warm500,70,3,2.3571,68.668,95.096,163.763,night,persuasion,1,,server-1,8,5,0,16.063,37.738,59.841
least-response-time-cache-off-warm500,70,3,2.3714,54.580,70.193,124.773,horse,the-king-in-yellow,1,,server-1,9,0,0,28.448,38.329,59.841
least-response-time-cache-off-warm500,70,3,2.3857,42.122,124.760,166.881,whale,madame-bovary,1,,server-1,7,0,0,13.868,38.329,59.841
least-response-time-cache-off-warm500,70,3,2.4000,43.444,91.276,134.719,horse,the-scarlet-letter,1,,server-1,7,0,0,16.068,38.329,59.841
least-response-time-cache-off-warm500,70,3,2.4143,28.993,137.086,166.079,king,the-mysterious-affair-at-styles,1,,server-1,8,0,0,16.068,38.329,59.841
least-response-time-cache-off-warm500,70,3,2.4286,89.314,64.036,153.350,sea,thus-spake-zarathustra-a-book-for-all-and-none,1,,server-1,8,0,0,13.978,38.329,59.841
least-response-time-cache-off-warm500,70,3,2.4429,75.547,106.841,182.387,london,the-portrait-of-a-lady-volume-1,1,,server-1,9,0,0,21.892,38.329,59.841
least-response-time-cache-off-warm500,70,3,2.4571,75.151,74.755,149.906,and,the-iliad-2199,1,,server-1,9,0,0,12.840,38.329,59.841
least-response-time-cache-off-warm500,70,3,2.4714,90.280,96.976,187.256,you,a-connecticut-yankee-in-king-arthur-s-court,1,,server-1,10,0,0,12.840,38.329,59.841
least-response-time-cache-off-warm500,70,3,2.4857,75.914,98.914,174.828,king,the-last-of-the-mohicans-a-narrative-of-1757,1,,server-1,11,0,0,12.840,38.329,59.841
least-response-time-cache-off-warm500,70,3,2.5000,3.814,22.803,26.617,was,thus-spake-zarathustra-a-book-for-all-and-none,1,,server-2,11,1,0,39.417,38.329,59.841
least-response-time-cache-off-warm500,70,3,2.5143,13.299,19.132,32.430,castle,madame-bovary,1,,server-2,11,2,0,39.417,19.842,59.841
least-response-time-cache-off-warm500,70,3,2.5286,1.687,37.801,39.488,heart,beyond-good-and-evil,1,,server-2,10,2,0,48.929,9.531,59.841
least-response-time-cache-off-warm500,70,3,2.5429,4.899,20.291,25.190,she,white-fang,1,,server-2,9,3,0,42.064,4.996,59.841
least-response-time-cache-off-warm500,70,3,2.5571,11.176,29.487,40.663,of,the-romance-of-lust-a-classic-victorian-erotic-novel,1,,server-2,7,3,0,55.378,3.686,59.841
least-response-time-cache-off-warm500,70,3,2.5714,26.925,26.624,53.549,she,desert-gold,1,,server-2,7,2,0,35.210,5.384,59.841
least-response-time-cache-off-warm500,70,3,2.5857,12.813,26.499,39.312,house,the-scarlet-letter-33,1,,server-2,4,3,0,24.317,5.384,59.841
least-response-time-cache-off-warm500,70,3,2.6000,24.688,47.853,72.540,king,jude-the-obscure,1,,server-2,4,3,0,24.317,4.271,59.841
least-response-time-cache-off-warm500,70,3,2.6143,11.023,50.863,61.886,whale,the-moonstone,1,,server-2,4,4,0,34.259,3.590,59.841
least-response-time-cache-off-warm500,70,3,2.6286,48.001,43.874,91.874,was,jane-eyre-an-autobiography,1,,server-2,3,3,0,42.897,4.857,59.841
least-response-time-cache-off-warm500,70,3,2.6429,34.474,85.431,119.905,you,the-return-of-sherlock-holmes-108,1,,server-2,3,4,0,36.966,4.857,59.841
least-response-time-cache-off-warm500,70,3,2.6571,19.922,77.809,97.731,death,the-odyssey,1,,server-2,3,5,0,36.966,4.857,59.841
least-response-time-cache-off-warm500,70,3,2.6714,6.127,42.636,48.764,the,frankenstein-or-the-modern-prometheus-41445,1,,server-2,0,6,0,33.617,4.857,59.841
least-response-time-cache-off-warm500,70,3,2.6857,70.028,36.606,106.634,house,silas-marner,1,,server-2,0,5,0,33.617,3.879,59.841
least-response-time-cache-off-warm500,70,3,2.7000,38.518,42.728,81.247,the,the-works-of-edgar-allan-poe-volume-2,1,,server-2,0,6,0,33.617,3.879,59.841
least-response-time-cache-off-warm500,70,3,2.7143,40.726,148.674,189.400,heart,madame-bovary,1,,server-2,0,7,0,33.617,3.879,59.841
least-response-time-cache-off-warm500,70,3,2.7286,27.327,117.671,144.999,was,the-adventures-of-sherlock-holmes,1,,server-2,0,8,0,33.617,18.117,59.841
least-response-time-cache-off-warm500,70,3,2.7429,15.304,141.839,157.144,house,the-adventures-of-sherlock-holmes,1,,server-2,0,8,0,33.617,25.047,59.841
least-response-time-cache-off-warm500,70,3,2.7571,6.675,134.202,140.878,london,agnes-grey,1,,server-2,0,7,0,33.617,11.259,59.841
least-response-time-cache-off-warm500,70,3,2.7714,96.578,51.796,148.373,london,the-adventures-of-sherlock-holmes,1,,server-2,0,8,0,33.617,12.326,59.841
least-response-time-cache-off-warm500,70,3,2.7857,110.408,82.572,192.980,house,pride-and-prejudice,1,,server-2,0,8,0,33.617,15.144,59.841
least-response-time-cache-off-warm500,70,3,2.8000,102.311,80.326,182.637,she,twenty-thousand-leagues-under-the-sea,1,,server-2,0,9,0,33.617,19.254,59.841
least-response-time-cache-off-warm500,70,3,2.8143,88.029,108.485,196.515,death,the-mysterious-affair-at-styles,1,,server-2,0,10,0,33.617,19.254,59.841
least-response-time-cache-off-warm500,70,3,2.8286,75.313,76.353,151.666,and,white-fang,1,,server-2,0,11,0,33.617,19.254,59.841
least-response-time-cache-off-warm500,70,3,2.8429,62.060,108.898,170.958,night,wuthering-heights,1,,server-2,0,12,0,33.617,26.268,59.841
least-response-time-cache-off-warm500,70,3,2.8571,64.012,106.720,170.732,he,his-last-bow,1,,server-2,0,13,0,33.617,26.268,59.841
least-response-time-cache-off-warm500,70,3,2.8714,3.428,30.119,33.547,night,the-memoirs-of-sherlock-holmes,1,,server-1,1,11,0,33.617,42.878,59.841
least-response-time-cache-off-warm500,70,3,2.8857,19.578,20.653,40.232,castle,the-return-of-sherlock-holmes,1,,server-1,2,11,0,17.377,57.347,59.841
least-response-time-cache-off-warm500,70,3,2.9000,5.695,54.130,59.825,he,jane-eyre-an-autobiography,1,,server-1,3,11,0,17.377,65.068,59.841
least-response-time-cache-off-warm500,70,3,2.9143,45.770,29.202,74.972,of,mansfield-park,1,,server-1,3,8,0,5.401,31.801,59.841
least-response-time-cache-off-warm500,70,3,2.9286,31.675,64.249,95.923,and,grimms-fairy-tales,1,,server-1,4,6,0,8.343,16.426,59.841
least-response-time-cache-off-warm500,70,3,2.9429,17.945,44.302,62.248,and,kidnapped,1,,server-1,5,6,0,8.343,16.426,59.841
least-response-time-cache-off-warm500,70,3,2.9571,26.998,78.913,105.911,and,desperate-remedies,1,,server-2,5,7,0,17.456,16.426,59.841
least-response-time-cache-off-warm500,70,3,2.9714,17.965,55.731,73.697,letter,beyond-good-and-evil,1,,server-1,4,7,0,6.342,16.426,59.841
least-response-time-cache-off-warm500,70,3,2.9857,39.551,57.255,96.805,was,tess-of-the-d-urbervilles-a-pure-woman,1,,server-1,5,5,0,7.660,23.370,59.841
least-response-time-cache-off-warm500,70,3,3.0000,27.392,31.163,58.555,king,frankenstein-or-the-modern-prometheus-41445,1,,server-1,6,5,0,8.210,23.370,59.841
least-response-time-cache-off-warm500,70,3,3.0143,14.808,74.694,89.502,sea,the-tenant-of-wildfell-hall,1,,server-1,6,5,0,16.011,33.300,59.841
least-response-time-cache-off-warm500,70,3,3.0286,28.740,82.465,111.205,whale,the-vicomte-de-bragelonne,1,,server-1,5,1,0,8.376,37.913,59.841
least-response-time-cache-off-warm500,70,3,3.0429,61.213,81.618,142.832,was,anne-of-green-gables,1,,server-1,6,1,0,8.212,37.913,59.841
least-response-time-cache-off-warm500,70,3,3.0571,48.862,77.639,126.501,king,pride-and-prejudice,1,,server-1,7,1,0,14.656,37.913,59.841
least-response-time-cache-off-warm500,70,3,3.0714,34.743,95.985,130.728,the,the-secret-garden,1,,server-1,8,0,0,17.846,33.933,59.841
least-response-time-cache-off-warm500,70,3,3.0857,20.687,57.687,78.374,death,frankenstein-or-the-modern-prometheus,1,,server-1,8,0,0,27.108,33.933,59.841
least-response-time-cache-off-warm500,70,3,3.1000,8.050,122.890,130.940,love,adventures-of-huckleberry-finn,1,,server-1,9,0,0,27.108,33.933,59.841
least-response-time-cache-off-warm500,70,3,3.1143,26.919,119.753,146.672,death,treasure-island,1,,server-1,7,0,0,5.258,33.933,59.841
least-response-time-cache-off-warm500,70,3,3.1286,53.035,62.592,115.627,she,black-beauty,1,,server-1,8,0,0,5.258,33.933,59.841
least-response-time-cache-off-warm500,70,3,3.1429,61.529,94.750,156.280,you,the-iliad,1,,server-1,9,0,0,11.788,33.933,59.841
least-response-time-cache-off-warm500,70,3,3.1571,86.779,90.819,177.598,the,the-mystery-of-edwin-drood,1,,server-1,10,0,0,11.788,33.933,59.841
least-response-time-cache-off-warm500,70,3,3.1714,73.912,87.238,161.150,of,the-american,1,,server-1,10,0,0,24.058,33.933,59.841
least-response-time-cache-off-warm500,70,3,3.1857,59.740,139.375,199.115,horse,beyond-good-and-evil,1,,server-1,11,0,0,28.246,33.933,59.841
least-response-time-cache-off-warm500,70,3,3.2000,64.987,100.033,165.020,love,the-secret-garden,1,,server-1,12,0,0,28.246,33.933,59.841
least-response-time-cache-off-warm500,70,3,3.2143,49.253,90.495,139.748,she,wuthering-heights,1,,server-1,9,0,0,29.725,33.933,59.841
least-response-time-cache-off-warm500,70,3,3.2286,68.228,88.109,156.337,letter,the-secret-garden-17396,1,,server-1,10,0,0,29.725,33.933,59.841
least-response-time-cache-off-warm500,70,3,3.2429,3.167,21.653,24.819,night,northanger-abbey,1,,server-2,9,1,0,41.773,33.933,59.841
least-response-time-cache-off-warm500,70,3,3.2571,11.507,17.098,28.605,sea,meditations,1,,server-2,8,2,0,19.925,17.470,59.841
least-response-time-cache-off-warm500,70,3,3.2714,15.120,29.521,44.641,he,black-beauty,1,,server-2,7,2,0,18.877,8.723,59.841
least-response-time-cache-off-warm500,70,3,3.2857,2.568,28.864,31.433,heart,the-return-of-sherlock-holmes-108,1,,server-2,7,3,0,18.877,8.628,59.841
least-response-time-cache-off-warm500,70,3,3.3000,16.723,56.687,73.409,he,desperate-remedies,1,,server-2,7,3,0,23.025,3.051,59.841
least-response-time-cache-off-warm500,70,3,3.3143,2.844,52.819,55.663,he,villette,1,,server-2,7,4,0,23.025,3.051,59.841
least-response-time-cache-off-warm500,70,3,3.3286,45.393,38.810,84.202,night,white-fang,1,,server-2,7,3,0,23.025,4.078,59.841
least-response-time-cache-off-warm500,70,3,3.3429,31.496,40.066,71.562,night,persuasion,1,,server-2,5,4,0,31.086,4.078,59.841
least-response-time-cache-off-warm500,70,3,3.3571,17.019,37.614,54.633,love,around-the-world-in-eighty-days,1,,server-2,4,5,0,42.400,4.078,59.841
least-response-time-cache-off-warm500,70,3,3.3714,6.785,60.478,67.262,the,the-portrait-of-a-lady-volume-1,1,,server-2,3,6,0,48.347,19.012,59.841
least-response-time-cache-off-warm500,70,3,3.3857,30.797,96.634,127.432,he,the-adventures-of-tom-sawyer-complete,1,,server-2,0,5,0,42.023,3.261,59.841
least-response-time-cache-off-warm500,70,3,3.4000,38.956,33.712,72.668,night,the-jungle-book,1,,server-2,0,6,0,42.023,3.261,59.841
least-response-time-cache-off-warm500,70,3,3.4143,21.861,23.983,45.845,heart,autobiography-of-benjamin-franklin,1,,server-2,0,7,0,42.023,16.786,59.841
least-response-time-cache-off-warm500,70,3,3.4286,11.802,47.202,59.004,she,beyond-good-and-evil,1,,server-2,0,5,0,42.023,10.258,59.841
least-response-time-cache-off-warm500,70,3,3.4429,70.911,70.760,141.671,sea,jane-eyre-an-autobiography,1,,server-2,0,5,0,42.023,7.233,59.841
least-response-time-cache-off-warm500,70,3,3.4571,52.094,111.591,163.686,castle,grimms-fairy-tales,1,,server-2,0,6,0,42.023,7.233,59.841
least-response-time-cache-off-warm500,70,3,3.4714,44.920,35.373,80.293,night,the-prince,1,,server-2,0,6,0,42.023,8.084,59.841
least-response-time-cache-off-warm500,70,3,3.4857,29.761,103.049,132.810,horse,a-journey-to-the-centre-of-the-earth,1,,server-2,0,7,0,42.023,13.089,59.841
least-response-time-cache-off-warm500,70,3,3.5000,23.650,120.029,143.679,he,poirot-investigates,1,,server-2,0,7,0,42.023,25.236,59.841
least-response-time-cache-off-warm500,70,3,3.5143,13.940,136.329,150.269,love,grimms-fairy-tales,1,,server-2,0,6,0,42.023,12.135,59.841
least-response-time-cache-off-warm500,70,3,3.5286,56.006,137.176,193.182,was,the-secret-garden-17396,1,,server-2,0,7,0,42.023,6.107,59.841
least-response-time-cache-off-warm500,70,3,3.5429,97.821,39.635,137.455,the,the-king-in-yellow,1,,server-2,0,8,0,42.023,6.107,59.841
least-response-time-cache-off-warm500,70,3,3.5571,84.323,132.843,217.166,the,the-portrait-of-a-lady-volume-1,1,,server-2,0,9,0,42.023,13.937,59.841
least-response-time-cache-off-warm500,70,3,3.5714,75.126,73.417,148.544,she,great-expectations,1,,server-2,0,10,0,42.023,13.937,59.841
least-response-time-cache-off-warm500,70,3,3.5857,82.960,79.404,162.364,she,frankenstein-or-the-modern-prometheus,1,,server-2,0,10,0,42.023,25.907,59.841
least-response-time-cache-off-warm500,70,3,3.6000,81.075,109.814,190.889,he,walden-and-on-the-duty-of-civil-disobedience,1,,server-2,0,11,0,42.023,28.875,59.841
least-response-time-cache-off-warm500,70,3,3.6143,68.070,66.727,134.797,love,the-prince,1,,server-2,0,12,0,42.023,28.875,59.841
least-response-time-cache-off-warm500,70,3,3.6286,3.523,36.556,40.079,he,jude-the-obscure,1,,server-1,1,12,0,42.023,55.686,59.841
least-response-time-cache-off-warm500,70,3,3.6429,27.587,27.824,55.411,letter,the-scarlet-letter-33,1,,server-1,2,12,0,21.745,44.277,59.841
least-response-time-cache-off-warm500,70,3,3.6571,13.829,28.839,42.668,he,the-picture-of-dorian-gray,1,,server-1,3,10,0,21.745,33.378,59.841
least-response-time-cache-off-warm500,70,3,3.6714,2.115,36.685,38.800,night,the-hound-of-the-baskervilles,1,,server-1,3,8,0,7.587,34.242,59.841
least-response-time-cache-off-warm500,70,3,3.6857,25.286,36.201,61.487,horse,the-scarlet-letter-33,1,,server-1,4,6,0,4.173,20.983,59.841
least-response-time-cache-off-warm500,70,3,3.7000,10.810,32.701,43.511,she,memoirs-of-fanny-hill,1,,server-1,5,6,0,12.715,20.983,59.841
least-response-time-cache-off-warm500,70,3,3.7143,34.355,22.529,56.883,of,the-wind-in-the-willows,1,,server-1,3,6,0,4.915,21.380,59.841
least-response-time-cache-off-warm500,70,3,3.7286,20.716,43.823,64.539,you,the-last-of-the-mohicans-a-narrative-of-1757,1,,server-1,4,4,0,4.915,28.221,59.841
least-response-time-cache-off-warm500,70,3,3.7429,5.966,58.037,64.003,and,agnes-grey,1,,server-1,5,4,0,10.382,28.221,59.841
least-response-time-cache-off-warm500,70,3,3.7571,49.999,25.029,75.029,castle,his-last-bow,1,,server-1,4,4,0,3.402,37.458,59.841
least-response-time-cache-off-warm500,70,3,3.7714,37.033,122.715,159.749,whale,a-connecticut-yankee-in-king-arthur-s-court,1,,server-1,5,4,0,5.727,34.292,59.841
least-response-time-cache-off-warm500,70,3,3.7857,24.803,115.386,140.189,you,silas-marner,1,,server-1,6,1,0,5.727,38.092,59.841
least-response-time-cache-off-warm500,70,3,3.8000,12.206,115.666,127.872,death,the-house-of-the-seven-gables,1,,server-1,6,0,0,17.728,35.662,59.841
least-response-time-cache-off-warm500,70,3,3.8143,23.625,119.883,143.508,of,oliver-twist,1,,server-1,5,0,0,6.303,35.662,59.841
least-response-time-cache-off-warm500,70,3,3.8286,14.358,243.570,257.927,death,the-last-of-the-mohicans-a-narrative-of-1757-27681,1,,server-1,6,0,0,6.303,35.662,59.841
least-response-time-cache-off-warm500,70,3,3.8429,87.951,250.994,338.945,night,jane-eyre-an-autobiography,1,,server-1,6,0,0,7.153,35.662,59.841
least-response-time-cache-off-warm500,70,3,3.8571,99.953,104.269,204.222,whale,the-mysterious-island,1,,server-1,7,0,0,6.251,35.662,59.841
least-response-time-cache-off-warm500,70,3,3.8714,87.304,126.217,213.521,castle,tess-of-the-d-urbervilles-a-pure-woman,1,,server-1,8,0,0,6.251,35.662,59.841
least-response-time-cache-off-warm500,70,3,3.8857,73.954,29.302,103.256,sea,north-and-south,1,,server-1,9,0,0,6.251,35.662,59.841
least-response-time-cache-off-warm500,70,3,3.9000,61.733,147.231,208.964,sea,oliver-twist,1,,server-1,10,0,0,6.251,35.662,59.841
least-response-time-cache-off-warm500,70,3,3.9143,47.494,144.349,191.843,horse,the-secret-garden,1,,server-1,11,0,0,6.251,35.662,59.841
least-response-time-cache-off-warm500,70,3,3.9286,35.347,234.536,269.884,london,frankenstein-or-the-modern-prometheus-41445,1,,server-1,10,0,0,31.560,35.662,59.841
least-response-time-cache-off-warm500,70,3,3.9429,22.457,177.660,200.117,money,the-moonstone,1,,server-1,11,0,0,32.081,35.662,59.841
least-response-time-cache-off-warm500,70,3,3.9571,1.297,25.998,27.296,letter,jane-eyre-an-autobiography,1,,server-2,11,1,0,58.270,35.662,59.841
least-response-time-cache-off-warm500,70,3,3.9714,91.810,132.761,224.571,the,the-secret-adversary,1,,server-1,10,1,0,11.322,18.329,59.841
least-response-time-cache-off-warm500,70,3,3.9857,99.415,150.690,250.105,love,desert-gold,1,,server-1,11,0,0,11.322,15.822,59.841
least-response-time-cache-off-warm500,70,3,4.0000,110.308,101.692,211.999,house,treasure-island,1,,server-1,12,0,0,14.631,15.822,59.841
least-response-time-cache-off-warm500,70,3,4.0143,1.402,12.049,13.452,and,the-wind-in-the-willows,1,,server-2,11,1,0,25.960,15.822,59.841
least-response-time-cache-off-warm500,70,3,4.0286,1.903,20.720,22.624,night,the-scarlet-letter,1,,server-2,11,1,0,25.960,7.114,59.841
least-response-time-cache-off-warm500,70,3,4.0429,7.698,26.337,34.035,he,madame-bovary,1,,server-2,11,2,0,25.960,3.715,59.841
least-response-time-cache-off-warm500,70,3,4.0571,21.608,37.819,59.427,whale,adventures-of-huckleberry-finn,1,,server-2,11,2,0,25.960,3.511,59.841
least-response-time-cache-off-warm500,70,3,4.0714,7.175,17.240,24.415,horse,the-warden,1,,server-2,11,3,0,33.985,3.511,59.841
least-response-time-cache-off-warm500,70,3,4.0857,31.257,54.167,85.424,death,the-mystery-of-edwin-drood,1,,server-2,11,3,0,41.634,3.096,59.841
least-response-time-cache-off-warm500,70,3,4.1000,17.176,56.312,73.488,castle,pride-and-prejudice,1,,server-2,11,4,0,65.867,6.630,59.841
least-response-time-cache-off-warm500,70,3,4.1143,3.123,25.501,28.625,whale,mary-barton,1,,server-2,8,5,0,46.901,8.706,59.841
least-response-time-cache-off-warm500,70,3,4.1286,40.813,19.252,60.065,castle,treasure-island,1,,server-2,6,4,0,38.880,3.810,59.841
least-response-time-cache-off-warm500,70,3,4.1429,32.178,64.370,96.547,was,northanger-abbey,1,,server-2,6,5,0,57.474,7.893,59.841
least-response-time-cache-off-warm500,70,3,4.1571,18.222,25.666,43.888,you,the-warden,1,,server-2,6,5,0,57.474,7.893,59.841
least-response-time-cache-off-warm500,70,3,4.1714,3.633,42.925,46.558,you,anne-of-green-gables,1,,server-2,6,6,0,57.474,19.784,59.841
least-response-time-cache-off-warm500,70,3,4.1857,54.928,34.647,89.575,sea,tess-of-the-d-urbervilles-a-pure-woman,1,,server-2,6,5,0,90.366,4.040,59.841
least-response-time-cache-off-warm500,70,3,4.2000,40.884,78.788,119.672,heart,the-last-of-the-mohicans-a-narrative-of-1757,1,,server-2,4,5,0,102.081,5.021,59.841
least-response-time-cache-off-warm500,70,3,4.2143,26.910,113.610,140.520,london,north-and-south,1,,server-2,2,6,0,71.864,8.995,59.841
least-response-time-cache-off-warm500,70,3,4.2286,12.744,44.152,56.897,castle,silas-marner,1,,server-2,2,7,0,71.864,15.557,59.841
least-response-time-cache-off-warm500,70,3,4.2429,113.308,92.901,206.209,sea,dubliners,1,,server-2,0,5,0,59.120,5.820,59.841
least-response-time-cache-off-warm500,70,3,4.2571,29.831,146.493,176.323,you,tess-of-the-d-urbervilles-a-pure-woman,1,,server-2,0,6,0,59.120,5.138,59.841
least-response-time-cache-off-warm500,70,3,4.2714,48.666,54.446,103.112,london,the-memoirs-of-sherlock-holmes,1,,server-2,0,7,0,59.120,5.138,59.841
least-response-time-cache-off-warm500,70,3,4.2857,69.403,83.737,153.140,night,the-innocents-abroad,1,,server-2,0,7,0,59.120,16.332,59.841
least-response-time-cache-off-warm500,70,3,4.3000,83.686,137.274,220.961,love,the-scarlet-letter-33,1,,server-2,0,8,0,59.120,15.315,59.841
least-response-time-cache-off-warm500,70,3,4.3143,62.349,175.566,237.915,he,persuasion,1,,server-2,0,9,0,59.120,15.315,59.841
least-response-time-cache-off-warm500,70,3,4.3286,48.461,90.196,138.658,sea,persuasion,1,,server-2,0,8,0,59.120,20.017,59.841
least-response-time-cache-off-warm500,70,3,4.3429,58.176,106.972,165.148,london,poirot-investigates,1,,server-2,0,9,0,59.120,20.017,59.841
least-response-time-cache-off-warm500,70,3,4.3571,90.852,75.022,165.874,money,adventures-of-huckleberry-finn,1,,server-2,0,9,0,59.120,43.613,59.841
least-response-time-cache-off-warm500,70,3,4.3714,107.842,99.431,207.273,london,persuasion,1,,server-2,0,10,0,59.120,37.957,59.841
least-response-time-cache-off-warm500,70,3,4.3857,83.481,87.329,170.810,she,the-age-of-innocence,1,,server-2,0,10,0,59.120,23.098,59.841
least-response-time-cache-off-warm500,70,3,4.4000,80.504,117.956,198.459,you,treasure-island,1,,server-2,0,11,0,59.120,23.098,59.841
least-response-time-cache-off-warm500,70,3,4.4143,69.896,147.647,217.543,castle,the-warden,1,,server-2,0,12,0,59.120,22.157,59.841
least-response-time-cache-off-warm500,70,3,4.4286,128.824,114.436,243.260,night,a-tale-of-two-cities,1,,server-2,0,13,0,59.120,26.782,59.841
least-response-time-cache-off-warm500,70,3,4.4429,112.443,76.580,189.022,whale,the-iliad,1,,server-2,0,13,0,59.120,34.141,59.841
least-response-time-cache-off-warm500,70,3,4.4571,101.768,139.551,241.318,love,emma,1,,server-2,0,13,0,59.120,44.133,59.841
least-response-time-cache-off-warm500,70,3,4.4714,92.717,120.904,213.621,and,the-first-men-in-the-moon,1,,server-2,0,13,0,59.120,34.905,59.841
least-response-time-cache-off-warm500,70,3,4.4857,138.374,105.061,243.434,horse,the-iliad,1,,server-2,0,13,0,59.120,26.063,59.841
least-response-time-cache-off-warm500,70,3,4.5000,150.538,43.953,194.491,whale,the-war-of-the-worlds,1,,server-2,0,14,0,59.120,26.063,59.841
least-response-time-cache-off-warm500,70,3,4.5143,169.562,86.279,255.842,she,the-odyssey,1,,server-2,0,15,0,59.120,38.572,59.841
least-response-time-cache-off-warm500,70,3,4.5286,171.687,157.549,329.236,whale,the-moonstone,1,,server-2,0,16,0,59.120,50.897,59.841
least-response-time-cache-off-warm500,70,3,4.5429,151.960,72.724,224.684,king,the-song-of-the-lark,1,,server-2,0,17,0,59.120,53.227,59.841
least-response-time-cache-off-warm500,70,3,4.5571,168.270,62.376,230.646,sea,the-memoirs-of-sherlock-holmes,1,,server-2,0,15,0,59.120,39.390,59.841
least-response-time-cache-off-warm500,70,3,4.5714,152.914,81.818,234.732,was,the-works-of-edgar-allan-poe-volume-2,1,,server-2,0,14,0,59.120,29.816,59.841
least-response-time-cache-off-warm500,70,3,4.5857,165.518,136.177,301.695,the,the-works-of-edgar-allan-poe-volume-2,1,,server-2,0,15,0,59.120,34.945,59.841
least-response-time-cache-off-warm500,70,3,4.6000,190.327,95.182,285.509,night,autobiography-of-benjamin-franklin,1,,server-2,0,16,0,59.120,51.071,59.841
least-response-time-cache-off-warm500,70,3,4.6143,156.343,76.369,232.712,castle,poirot-investigates,1,,server-2,0,17,0,59.120,51.071,59.841
least-response-time-cache-off-warm500,70,3,4.6286,161.631,98.678,260.310,king,the-memoirs-of-sherlock-holmes,1,,server-2,0,18,0,59.120,56.683,59.841
least-response-time-cache-off-warm500,70,3,4.6429,195.348,77.511,272.859,of,the-jungle,1,,server-2,0,18,0,59.120,58.307,59.841
least-response-time-cache-off-warm500,70,3,4.6571,189.426,88.898,278.324,letter,the-mysterious-affair-at-styles,1,,server-2,0,18,0,59.120,36.551,59.841
least-response-time-cache-off-warm500,70,3,4.6714,175.763,88.478,264.242,whale,the-secret-garden,1,,server-2,0,19,0,59.120,51.964,59.841
least-response-time-cache-off-warm500,70,3,4.6857,1.331,20.020,21.352,she,the-divine-comedy,1,,server-1,1,16,0,59.120,60.277,59.841
least-response-time-cache-off-warm500,70,3,4.7000,7.559,21.079,28.638,sea,the-last-of-the-mohicans-a-narrative-of-1757-27681,1,,server-1,2,15,0,30.336,37.482,59.841
least-response-time-cache-off-warm500,70,3,4.7143,15.100,10.327,25.427,horse,the-great-gatsby,1,,server-1,2,15,0,12.202,37.482,59.841
least-response-time-cache-off-warm500,70,3,4.7286,2.674,16.577,19.251,and,herland,1,,server-1,3,13,0,8.903,45.597,59.841
least-response-time-cache-off-warm500,70,3,4.7429,5.576,17.818,23.395,horse,the-scarlet-letter-33,1,,server-1,3,13,0,4.030,58.451,59.841
least-response-time-cache-off-warm500,70,3,4.7571,9.751,21.908,31.659,was,pride-and-prejudice,1,,server-1,2,13,0,3.128,63.233,59.841
least-response-time-cache-off-warm500,70,3,4.7714,18.045,15.775,33.820,money,autobiography-of-benjamin-franklin,1,,server-1,2,13,0,3.356,38.109,59.841
least-response-time-cache-off-warm500,70,3,4.7857,3.919,33.463,37.382,sea,a-connecticut-yankee-in-king-arthur-s-court,1,,server-1,3,11,0,3.356,64.530,59.841
least-response-time-cache-off-warm500,70,3,4.8000,23.285,21.406,44.691,heart,the-divine-comedy,1,,server-1,3,10,0,2.635,46.678,59.841
least-response-time-cache-off-warm500,70,3,4.8143,9.854,42.038,51.892,death,the-last-of-the-mohicans-a-narrative-of-1757,1,,server-1,4,9,0,4.122,51.967,59.841
least-response-time-cache-off-warm500,70,3,4.8286,38.400,14.297,52.697,heart,the-lost-world,1,,server-1,3,9,0,4.950,51.967,59.841
least-response-time-cache-off-warm500,70,3,4.8429,24.588,54.806,79.394,letter,leaves-of-grass,1,,server-1,4,8,0,4.950,92.666,59.841
least-response-time-cache-off-warm500,70,3,4.8571,10.057,54.983,65.041,night,jude-the-obscure,1,,server-1,5,8,0,8.135,60.672,59.841
least-response-time-cache-off-warm500,70,3,4.8714,48.314,51.487,99.802,castle,wuthering-heights,1,,server-1,4,8,0,4.763,47.439,59.841
least-response-time-cache-off-warm500,70,3,4.8857,36.818,18.308,55.126,house,wuthering-heights,1,,server-1,4,8,0,6.186,51.126,59.841
least-response-time-cache-off-warm500,70,3,4.9000,24.579,66.368,90.947,he,the-adventures-of-sherlock-holmes,1,,server-1,5,3,0,6.186,36.005,59.841
least-response-time-cache-off-warm500,70,3,4.9143,11.673,46.412,58.085,london,meditations,1,,server-1,6,3,0,6.186,36.005,59.841
least-response-time-cache-off-warm500,70,3,4.9286,30.758,49.427,80.185,the,anne-of-green-gables,1,,server-1,5,3,0,7.422,34.125,59.841
least-response-time-cache-off-warm500,70,3,4.9429,27.187,100.936,128.123,he,mansfield-park,1,,server-1,5,0,0,9.717,31.734,59.841
least-response-time-cache-off-warm500,70,3,4.9571,15.539,45.160,60.699,castle,the-war-of-the-worlds,1,,server-1,6,0,0,9.717,31.734,59.841
least-response-time-cache-off-warm500,70,3,4.9714,36.806,77.148,113.953,was,grimms-fairy-tales,1,,server-1,7,0,0,12.752,31.734,59.841
least-response-time-cache-off-warm500,70,3,4.9857,33.545,111.796,145.341,the,jude-the-obscure,1,,server-1,8,0,0,12.752,31.734,59.841
least-response-time-cache-off-warm500,70,3,5.0000,21.448,145.584,167.032,king,the-age-of-innocence,1,,server-1,6,0,0,18.232,31.734,59.841
least-response-time-cache-off-warm500,70,3,5.0143,7.028,86.816,93.844,horse,twenty-thousand-leagues-under-the-sea,1,,server-1,6,0,0,18.223,31.734,59.841
least-response-time-cache-off-warm500,70,3,5.0286,79.210,37.238,116.448,she,kidnapped,1,,server-1,6,0,0,4.724,31.734,59.841
least-response-time-cache-off-warm500,70,3,5.0429,65.440,108.160,173.599,of,north-and-south,1,,server-1,7,0,0,4.724,31.734,59.841
least-response-time-cache-off-warm500,70,3,5.0571,52.077,74.834,126.911,night,black-beauty,1,,server-1,8,0,0,4.724,31.734,59.841
least-response-time-cache-off-warm500,70,3,5.0714,61.897,125.692,187.588,london,the-iliad,1,,server-1,9,0,0,19.586,31.734,59.841
least-response-time-cache-off-warm500,70,3,5.0857,57.343,42.072,99.415,letter,the-prince,1,,server-1,10,0,0,29.501,31.734,59.841
least-response-time-cache-off-warm500,70,3,5.1000,2.130,21.112,23.242,london,a-tale-of-two-cities,1,,server-2,10,1,0,34.653,31.734,59.841
least-response-time-cache-off-warm500,70,3,5.1143,54.210,91.451,145.661,house,the-scarlet-letter,1,,server-1,8,1,0,13.618,16.332,59.841
least-response-time-cache-off-warm500,70,3,5.1286,41.057,99.069,140.126,horse,washington-square,1,,server-1,9,0,0,13.618,13.762,59.841
least-response-time-cache-off-warm500,70,3,5.1429,2.195,18.057,20.253,he,the-hound-of-the-baskervilles-3070,1,,server-2,9,1,0,22.647,13.762,59.841
least-response-time-cache-off-warm500,70,3,5.1571,6.593,14.778,21.371,death,kidnapped,1,,server-2,8,2,0,16.888,7.155,59.841
least-response-time-cache-off-warm500,70,3,5.1714,7.676,13.130,20.807,and,beyond-good-and-evil,1,,server-2,6,2,0,19.332,4.300,59.841
least-response-time-cache-off-warm500,70,3,5.1857,6.946,23.721,30.667,horse,wuthering-heights,1,,server-2,6,2,0,20.740,3.393,59.841
least-response-time-cache-off-warm500,70,3,5.2000,17.242,19.479,36.721,whale,the-adventures-of-sherlock-holmes,1,,server-2,5,2,0,20.740,2.749,59.841
least-response-time-cache-off-warm500,70,3,5.2143,3.263,40.451,43.714,he,desperate-remedies,1,,server-2,5,3,0,20.740,2.749,59.841
least-response-time-cache-off-warm500,70,3,5.2286,29.930,22.766,52.696,was,madame-bovary,1,,server-2,3,3,0,30.521,2.327,59.841
least-response-time-cache-off-warm500,70,3,5.2429,16.685,59.088,75.773,sea,the-portrait-of-a-lady-volume-1,1,,server-2,3,4,0,30.521,5.622,59.841
least-response-time-cache-off-warm500,70,3,5.2571,3.667,59.954,63.620,king,tess-of-the-d-urbervilles-a-pure-woman,1,,server-2,3,5,0,30.521,16.735,59.841
least-response-time-cache-off-warm500,70,3,5.2714,50.164,122.912,173.076,you,the-return-of-sherlock-holmes,1,,server-2,0,4,0,35.154,3.552,59.841
least-response-time-cache-off-warm500,70,3,5.2857,32.740,20.533,53.274,london,the-prince,1,,server-2,0,5,0,35.154,5.837,59.841
least-response-time-cache-off-warm500,70,3,5.3000,21.841,60.545,82.386,castle,jude-the-obscure,1,,server-2,0,5,0,35.154,10.764,59.841
least-response-time-cache-off-warm500,70,3,5.3143,7.667,91.757,99.424,death,the-divine-comedy,1,,server-2,0,6,0,35.154,10.764,59.841
least-response-time-cache-off-warm500,70,3,5.3286,54.104,63.460,117.564,letter,the-secret-garden-17396,1,,server-2,0,5,0,35.154,5.139,59.841
least-response-time-cache-off-warm500,70,3,5.3429,40.769,127.808,168.577,london,anne-of-green-gables,1,,server-2,0,5,0,35.154,6.945,59.841
least-response-time-cache-off-warm500,70,3,5.3571,56.036,102.266,158.302,heart,the-last-of-the-mohicans-a-narrative-of-1757,1,,server-2,0,6,0,35.154,6.945,59.841
least-response-time-cache-off-warm500,70,3,5.3714,63.309,99.155,162.464,castle,the-picture-of-dorian-gray,1,,server-2,0,7,0,35.154,6.945,59.841
least-response-time-cache-off-warm500,70,3,5.3857,58.524,36.025,94.549,love,the-return-of-sherlock-holmes-108,1,,server-2,0,8,0,35.154,13.525,59.841
least-response-time-cache-off-warm500,70,3,5.4000,61.337,94.148,155.485,heart,a-connecticut-yankee-in-king-arthur-s-court,1,,server-2,0,9,0,35.154,13.525,59.841
least-response-time-cache-off-warm500,70,3,5.4143,120.175,75.262,195.438,the,the-hound-of-the-baskervilles,1,,server-2,0,9,0,35.154,26.916,59.841
least-response-time-cache-off-warm500,70,3,5.4286,105.526,77.065,182.591,and,the-jungle,1,,server-2,0,10,0,35.154,26.916,59.841
least-response-time-cache-off-warm500,70,3,5.4429,113.097,116.323,229.420,the,the-mysterious-affair-at-styles,1,,server-2,0,10,0,35.154,28.201,59.841
least-response-time-cache-off-warm500,70,3,5.4571,96.600,56.459,153.059,money,his-last-bow,1,,server-2,0,10,0,35.154,33.788,59.841
least-response-time-cache-off-warm500,70,3,5.4714,84.970,107.247,192.216,king,far-from-the-madding-crowd,1,,server-2,0,10,0,35.154,28.481,59.841
least-response-time-cache-off-warm500,70,3,5.4857,70.950,104.669,175.619,of,madame-bovary,1,,server-2,0,11,0,35.154,27.555,59.841
least-response-time-cache-off-warm500,70,3,5.5000,58.357,65.941,124.298,love,a-journey-to-the-centre-of-the-earth,1,,server-2,0,12,0,35.154,27.555,59.841
least-response-time-cache-off-warm500,70,3,5.5143,1.976,15.829,17.805,death,the-adventures-of-tom-sawyer-complete,1,,server-1,1,12,0,35.154,42.716,59.841
least-response-time-cache-off-warm500,70,3,5.5286,4.289,15.612,19.900,horse,the-mysterious-affair-at-styles,1,,server-1,2,10,0,18.107,49.912,59.841
least-response-time-cache-off-warm500,70,3,5.5429,6.478,29.351,35.829,she,jude-the-obscure,1,,server-1,2,9,0,7.549,46.843,59.841
least-response-time-cache-off-warm500,70,3,5.5571,22.439,50.571,73.010,king,tess-of-the-d-urbervilles-a-pure-woman,1,,server-1,2,7,0,4.271,16.371,59.841
least-response-time-cache-off-warm500,70,3,5.5714,8.126,50.323,58.449,letter,the-song-of-the-lark,1,,server-1,3,7,0,4.271,10.839,59.841
least-response-time-cache-off-warm500,70,3,5.5857,45.075,28.972,74.047,of,the-secret-garden-17396,1,,server-1,3,7,0,3.607,10.839,59.841
least-response-time-cache-off-warm500,70,3,5.6000,31.203,60.670,91.873,the,the-secret-garden-17396,1,,server-1,4,7,0,3.607,10.839,59.841
least-response-time-cache-off-warm500,70,3,5.6143,17.119,61.606,78.725,house,pride-and-prejudice,1,,server-1,5,6,0,3.607,30.255,59.841
least-response-time-cache-off-warm500,70,3,5.6286,2.940,61.980,64.919,and,the-kama-sutra-of-vatsyayana,1,,server-1,6,3,0,3.607,27.334,59.841
least-response-time-cache-off-warm500,70,3,5.6429,34.665,41.909,76.574,letter,the-mystery-of-edwin-drood,1,,server-1,5,3,0,2.383,27.334,59.841
least-response-time-cache-off-warm500,70,3,5.6571,31.519,57.563,89.083,castle,a-connecticut-yankee-in-king-arthur-s-court,1,,server-1,6,3,0,2.601,27.334,59.841
least-response-time-cache-off-warm500,70,3,5.6714,26.365,97.106,123.471,love,the-mysterious-island,1,,server-1,7,3,0,7.699,48.590,59.841
least-response-time-cache-off-warm500,70,3,5.6857,10.253,50.965,61.218,castle,the-great-gatsby,1,,server-1,8,0,0,14.850,38.936,59.841
least-response-time-cache-off-warm500,70,3,5.7000,20.192,49.158,69.350,the,grimms-fairy-tales,1,,server-1,5,0,0,10.013,38.936,59.841
least-response-time-cache-off-warm500,70,3,5.7143,8.173,84.811,92.983,you,autobiography-of-benjamin-franklin,1,,server-1,6,0,0,10.013,38.936,59.841
least-response-time-cache-off-warm500,70,3,5.7286,41.297,53.239,94.536,horse,dubliners,1,,server-1,6,0,0,6.699,38.936,59.841
least-response-time-cache-off-warm500,70,3,5.7429,62.824,94.509,157.333,house,black-beauty,1,,server-1,7,0,0,6.699,38.936,59.841
least-response-time-cache-off-warm500,70,3,5.7571,38.998,159.967,198.965,london,twenty-thousand-leagues-under-the-sea,1,,server-1,7,0,0,16.333,38.936,59.841
least-response-time-cache-off-warm500,70,3,5.7714,35.927,150.421,186.348,and,the-great-gatsby,1,,server-1,8,0,0,21.832,38.936,59.841
least-response-time-cache-off-warm500,70,3,5.7857,38.548,100.686,139.235,and,the-picture-of-dorian-gray,1,,server-1,9,0,0,21.832,38.936,59.841
least-response-time-cache-off-warm500,70,3,5.8000,23.683,80.294,103.977,whale,the-last-of-the-mohicans-a-narrative-of-1757,1,,server-1,7,0,0,24.992,38.936,59.841
least-response-time-cache-off-warm500,70,3,5.8143,22.070,137.891,159.961,death,desert-gold,1,,server-1,8,0,0,16.286,38.936,59.841
least-response-time-cache-off-warm500,70,3,5.8286,31.692,137.048,168.740,heart,life-on-the-mississippi,1,,server-1,7,0,0,9.419,38.936,59.841
least-response-time-cache-off-warm500,70,3,5.8429,116.142,55.540,171.682,house,the-scarlet-letter,1,,server-1,8,0,0,7.462,38.936,59.841
least-response-time-cache-off-warm500,70,3,5.8571,102.142,151.410,253.552,he,great-expectations,1,,server-1,9,0,0,10.143,38.936,59.841
least-response-time-cache-off-warm500,70,3,5.8714,126.843,91.390,218.233,london,desert-gold,1,,server-1,10,0,0,10.143,38.936,59.841
least-response-time-cache-off-warm500,70,3,5.8857,114.940,110.180,225.120,you,north-and-south,1,,server-1,11,0,0,10.143,38.936,59.841
least-response-time-cache-off-warm500,70,3,5.9000,101.636,141.023,242.659,house,villette,1,,server-1,12,0,0,26.540,38.936,59.841
least-response-time-cache-off-warm500,70,3,5.9143,88.262,110.939,199.201,he,the-return-of-sherlock-holmes-108,1,,server-1,13,0,0,37.060,38.936,59.841
least-response-time-cache-off-warm500,70,3,5.9286,2.419,19.911,22.330,letter,the-great-gatsby,1,,server-2,12,1,0,44.542,38.936,59.841
least-response-time-cache-off-warm500,70,3,5.9429,8.674,17.992,26.666,heart,walden-and-on-the-duty-of-civil-disobedience,1,,server-2,12,2,0,44.542,20.047,59.841
least-response-time-cache-off-warm500,70,3,5.9571,13.110,15.882,28.992,horse,the-first-men-in-the-moon,1,,server-2,12,2,0,58.451,8.876,59.841
least-response-time-cache-off-warm500,70,3,5.9714,13.594,19.303,32.897,whale,the-return-of-sherlock-holmes-108,1,,server-2,8,2,0,47.183,5.616,59.841
least-response-time-cache-off-warm500,70,3,5.9857,2.219,32.787,35.007,night,frankenstein-or-the-modern-prometheus-41445,1,,server-2,8,3,0,43.797,6.545,59.841
least-response-time-cache-off-warm500,70,3,6.0000,5.651,34.303,39.954,and,twenty-thousand-leagues-under-the-sea,1,,server-2,7,3,0,31.003,2.893,59.841
least-response-time-cache-off-warm500,70,3,6.0143,7.072,46.011,53.082,and,the-iliad,1,,server-2,6,3,0,25.970,2.908,59.841
least-response-time-cache-off-warm500,70,3,6.0286,12.290,42.354,54.643,of,meditations,1,,server-2,5,3,0,18.687,5.226,59.841
least-response-time-cache-off-warm500,70,3,6.0429,40.895,41.549,82.445,castle,the-portrait-of-a-lady-volume-1,1,,server-2,5,3,0,18.687,6.479,59.841
least-response-time-cache-off-warm500,70,3,6.0571,26.434,90.536,116.969,king,the-mysterious-island,1,,server-2,5,4,0,18.687,6.479,59.841
least-response-time-cache-off-warm500,70,3,6.0714,13.014,19.031,32.046,london,memoirs-of-fanny-hill,1,,server-2,5,4,0,18.687,12.096,59.841
least-response-time-cache-off-warm500,70,3,6.0857,17.946,76.480,94.426,castle,desperate-remedies,1,,server-2,5,4,0,18.687,5.656,59.841
least-response-time-cache-off-warm500,70,3,6.1000,25.492,92.426,117.917,house,the-age-of-innocence,1,,server-2,5,5,0,32.740,4.859,59.841
least-response-time-cache-off-warm500,70,3,6.1143,14.692,106.225,120.917,love,the-age-of-innocence,1,,server-2,3,6,0,47.382,7.144,59.841
least-response-time-cache-off-warm500,70,3,6.1286,45.790,44.549,90.339,night,the-war-of-the-worlds,1,,server-2,3,6,0,47.382,8.491,59.841
least-response-time-cache-off-warm500,70,3,6.1429,34.964,84.450,119.414,night,the-divine-comedy,1,,server-2,1,7,0,46.756,7.900,59.841
least-response-time-cache-off-warm500,70,3,6.1571,40.178,129.127,169.305,horse,the-house-of-mirth,1,,server-2,0,7,0,46.756,7.900,59.841
least-response-time-cache-off-warm500,70,3,6.1714,62.292,90.740,153.032,money,the-house-of-mirth,1,,server-2,0,8,0,46.756,14.479,59.841
least-response-time-cache-off-warm500,70,3,6.1857,50.131,173.885,224.016,letter,the-wind-in-the-willows,1,,server-2,0,8,0,46.756,17.638,59.841
least-response-time-cache-off-warm500,70,3,6.2000,38.386,155.041,193.426,heart,beyond-good-and-evil,1,,server-2,0,9,0,46.756,16.362,59.841
least-response-time-cache-off-warm500,70,3,6.2143,21.816,116.593,138.409,and,north-and-south,1,,server-2,0,10,0,46.756,16.362,59.841
least-response-time-cache-off-warm500,70,3,6.2286,10.076,144.027,154.103,king,the-vicomte-de-bragelonne,1,,server-2,0,9,0,46.756,26.812,59.841
least-response-time-cache-off-warm500,70,3,6.2429,61.859,123.015,184.874,castle,adventures-of-huckleberry-finn,1,,server-2,0,8,0,46.756,7.187,59.841
least-response-time-cache-off-warm500,70,3,6.2571,97.320,161.711,259.031,whale,jude-the-obscure,1,,server-2,0,9,0,46.756,7.187,59.841
least-response-time-cache-off-warm500,70,3,6.2714,106.806,128.065,234.870,he,a-journey-to-the-centre-of-the-earth,1,,server-2,0,10,0,46.756,20.032,59.841
least-response-time-cache-off-warm500,70,3,6.2857,69.320,151.273,220.593,sea,adventures-of-huckleberry-finn,1,,server-2,0,11,0,46.756,20.032,59.841
least-response-time-cache-off-warm500,70,3,6.3000,94.591,122.905,217.496,you,frankenstein-or-the-modern-prometheus-41445,1,,server-2,0,12,0,46.756,20.032,59.841
least-response-time-cache-off-warm500,70,3,6.3143,70.334,115.863,186.197,whale,adventures-of-huckleberry-finn,1,,server-2,0,12,0,46.756,22.564,59.841
least-response-time-cache-off-warm500,70,3,6.3286,1.577,20.959,22.536,horse,desperate-remedies,1,,server-1,1,12,0,46.756,56.983,59.841
least-response-time-cache-off-warm500,70,3,6.3429,8.886,15.219,24.105,heart,the-scarlet-letter,1,,server-1,2,12,0,24.006,56.983,59.841
least-response-time-cache-off-warm500,70,3,6.3571,10.296,24.007,34.303,night,the-last-of-the-mohicans-a-narrative-of-1757,1,,server-1,2,10,0,10.355,28.804,59.841
least-response-time-cache-off-warm500,70,3,6.3714,20.921,34.530,55.452,of,pride-and-prejudice,1,,server-1,2,10,0,5.523,28.804,59.841
least-response-time-cache-off-warm500,70,3,6.3857,6.805,32.262,39.066,london,memoirs-of-fanny-hill,1,,server-1,3,9,0,5.523,28.949,59.841
least-response-time-cache-off-warm500,70,3,6.4000,27.887,35.887,63.774,death,sense-and-sensibility,1,,server-1,3,8,0,3.366,43.510,59.841
least-response-time-cache-off-warm500,70,3,6.4143,13.760,33.780,47.539,was,pride-and-prejudice,1,,server-1,4,7,0,3.366,60.261,59.841
least-response-time-cache-off-warm500,70,3,6.4286,2.763,58.880,61.643,house,the-jungle,1,,server-1,3,6,0,4.698,55.534,59.841
least-response-time-cache-off-warm500,70,3,6.4429,21.869,33.838,55.707,horse,the-wind-in-the-willows,1,,server-1,4,5,0,3.300,44.778,59.841
least-response-time-cache-off-warm500,70,3,6.4571,8.499,62.495,70.993,was,mary-barton,1,,server-1,5,5,0,5.187,44.778,59.841
least-response-time-cache-off-warm500,70,3,6.4714,55.953,26.461,82.415,was,the-jungle,1,,server-1,4,5,0,4.826,44.778,59.841
least-response-time-cache-off-warm500,70,3,6.4857,42.017,43.882,85.899,money,the-adventures-of-sherlock-holmes,1,,server-1,5,5,0,4.826,44.778,59.841
least-response-time-cache-off-warm500,70,3,6.5000,28.739,68.496,97.235,was,agnes-grey,1,,server-1,5,5,0,16.175,44.778,59.841
least-response-time-cache-off-warm500,70,3,6.5143,14.176,66.538,80.715,you,the-memoirs-of-sherlock-holmes,1,,server-1,6,5,0,16.175,70.701,59.841
least-response-time-cache-off-warm500,70,3,6.5286,21.743,64.971,86.713,love,desert-gold,1,,server-1,5,0,0,10.534,42.736,59.841
least-response-time-cache-off-warm500,70,3,6.5429,40.303,77.286,117.589,horse,the-innocents-abroad,1,,server-1,6,0,0,5.825,42.736,59.841
least-response-time-cache-off-warm500,70,3,6.5571,41.863,27.491,69.354,you,treasure-island,1,,server-1,7,0,0,10.431,42.736,59.841
least-response-time-cache-off-warm500,70,3,6.5714,27.909,98.956,126.864,she,life-on-the-mississippi,1,,server-1,7,0,0,19.530,42.736,59.841
least-response-time-cache-off-warm500,70,3,6.5857,26.556,61.629,88.185,death,beyond-good-and-evil,1,,server-1,8,0,0,16.576,42.736,59.841
least-response-time-cache-off-warm500,70,3,6.6000,61.069,57.602,118.671,whale,twenty-thousand-leagues-under-the-sea,1,,server-1,6,0,0,12.664,42.736,59.841
least-response-time-cache-off-warm500,70,3,6.6143,57.980,83.001,140.981,castle,the-divine-comedy,1,,server-1,7,0,0,12.610,42.736,59.841
least-response-time-cache-off-warm500,70,3,6.6286,43.369,85.083,128.452,the,beyond-good-and-evil,1,,server-1,7,0,0,15.156,42.736,59.841
least-response-time-cache-off-warm500,70,3,6.6429,55.706,108.342,164.048,money,the-hound-of-the-baskervilles-3070,1,,server-1,8,0,0,15.156,42.736,59.841
least-response-time-cache-off-warm500,70,3,6.6571,44.762,84.380,129.143,was,tess-of-the-d-urbervilles-a-pure-woman,1,,server-1,8,0,0,23.200,42.736,59.841
least-response-time-cache-off-warm500,70,3,6.6714,30.027,96.643,126.670,the,cranford,1,,server-1,9,0,0,17.625,42.736,59.841
least-response-time-cache-off-warm500,70,3,6.6857,30.747,156.297,187.044,sea,kidnapped,1,,server-1,9,0,0,14.884,42.736,59.841
least-response-time-cache-off-warm500,70,3,6.7000,38.072,122.227,160.298,you,northanger-abbey,1,,server-1,9,0,0,21.985,42.736,59.841
least-response-time-cache-off-warm500,70,3,6.7143,28.100,88.592,116.691,of,the-adventures-of-sherlock-holmes,1,,server-1,9,0,0,16.542,42.736,59.841
least-response-time-cache-off-warm500,70,3,6.7286,23.061,126.389,149.450,death,emma,1,,server-1,10,0,0,23.985,42.736,59.841
least-response-time-cache-off-warm500,70,3,6.7429,56.459,165.877,222.336,of,jude-the-obscure,1,,server-1,10,0,0,19.780,42.736,59.841
least-response-time-cache-off-warm500,70,3,6.7571,54.626,108.221,162.847,heart,walden-and-on-the-duty-of-civil-disobedience,1,,server-1,11,0,0,23.468,42.736,59.841
least-response-time-cache-off-warm500,70,3,6.7714,57.497,92.484,149.981,london,black-beauty,1,,server-1,12,0,0,23.468,42.736,59.841
least-response-time-cache-off-warm500,70,3,6.7857,45.797,175.241,221.039,money,the-last-of-the-mohicans-a-narrative-of-1757,1,,server-1,12,0,0,23.468,42.736,59.841
least-response-time-cache-off-warm500,70,3,6.8000,91.867,140.193,232.060,king,little-women,1,,server-1,11,0,0,34.409,42.736,59.841
least-response-time-cache-off-warm500,70,3,6.8143,63.814,102.177,165.991,heart,the-works-of-edgar-allan-poe-volume-2,1,,server-1,11,0,0,28.654,42.736,59.841
least-response-time-cache-off-warm500,70,3,6.8286,49.772,127.609,177.381,love,the-return-of-sherlock-holmes,1,,server-1,11,0,0,29.651,42.736,59.841
least-response-time-cache-off-warm500,70,3,6.8429,122.570,77.682,200.252,and,the-hound-of-the-baskervilles-3070,1,,server-1,12,0,0,23.479,42.736,59.841
least-response-time-cache-off-warm500,70,3,6.8571,125.472,80.072,205.545,love,the-last-of-the-mohicans-a-narrative-of-1757-27681,1,,server-1,13,0,0,23.479,42.736,59.841
least-response-time-cache-off-warm500,70,3,6.8714,134.909,83.121,218.031,she,a-princess-of-mars,1,,server-1,14,0,0,34.798,42.736,59.841
least-response-time-cache-off-warm500,70,3,6.8857,147.022,59.095,206.117,night,pride-and-prejudice,1,,server-1,13,0,0,25.684,42.736,59.841
least-response-time-cache-off-warm500,70,3,6.9000,135.639,70.108,205.747,horse,memoirs-of-fanny-hill,1,,server-1,13,0,0,23.200,42.736,59.841
least-response-time-cache-off-warm500,70,3,6.9143,145.766,66.667,212.433,you,a-connecticut-yankee-in-king-arthur-s-court,1,,server-1,14,0,0,23.200,42.736,59.841
least-response-time-cache-off-warm500,70,3,6.9286,131.706,90.586,222.292,house,little-women,1,,server-1,13,0,0,35.092,42.736,59.841
least-response-time-cache-off-warm500,70,3,6.9429,161.000,77.280,238.281,he,the-moonstone,1,,server-1,14,0,0,35.092,42.736,59.841
least-response-time-cache-off-warm500,70,3,6.9571,150.490,81.858,232.348,letter,the-mysterious-affair-at-styles,1,,server-1,15,0,0,35.092,42.736,59.841
least-response-time-cache-off-warm500,70,3,6.9714,2.054,27.866,29.919,was,the-moonstone,1,,server-2,15,1,0,58.149,42.736,59.841
least-response-time-cache-off-warm500,70,3,6.9857,16.534,44.460,60.994,horse,the-moonstone,1,,server-2,14,2,0,45.029,21.964,59.841
least-response-time-cache-off-warm500,70,3,7.0000,2.394,14.503,16.897,king,the-secret-garden,1,,server-2,14,3,0,45.029,21.964,59.841
least-response-time-cache-off-warm500,70,3,7.0143,3.442,53.027,56.469,the,a-tale-of-two-cities,1,,server-2,11,3,0,59.444,5.813,59.841
least-response-time-cache-off-warm500,70,3,7.0286,19.836,42.220,62.056,sea,the-song-of-the-lark,1,,server-2,11,3,0,46.098,4.146,59.841
least-response-time-cache-off-warm500,70,3,7.0429,6.667,54.623,61.290,and,autobiography-of-benjamin-franklin,1,,server-2,9,4,0,39.957,8.271,59.841
least-response-time-cache-off-warm500,70,3,7.0571,33.839,31.807,65.645,king,the-adventures-of-tom-sawyer-complete,1,,server-2,9,4,0,57.661,5.138,59.841
least-response-time-cache-off-warm500,70,3,7.0714,33.813,78.861,112.674,castle,the-iliad,1,,server-2,8,5,0,32.727,10.370,59.841
least-response-time-cache-off-warm500,70,3,7.0857,19.534,26.390,45.924,you,poirot-investigates,1,,server-2,8,6,0,28.562,10.370,59.841
least-response-time-cache-off-warm500,70,3,7.1000,5.718,75.604,81.322,death,dracula,1,,server-2,8,7,0,43.838,13.726,59.841
least-response-time-cache-off-warm500,70,3,7.1143,15.534,148.146,163.680,castle,the-moonstone,1,,server-2,4,5,0,28.617,4.658,59.841
least-response-time-cache-off-warm500,70,3,7.1286,30.409,131.647,162.057,castle,the-jungle,1,,server-2,4,6,0,36.105,7.670,59.841
least-response-time-cache-off-warm500,70,3,7.1429,35.964,31.312,67.277,heart,the-house-of-mirth,1,,server-2,4,6,0,36.105,10.174,59.841
least-response-time-cache-off-warm500,70,3,7.1571,23.845,76.790,100.635,london,a-princess-of-mars,1,,server-2,4,7,0,33.711,14.214,59.841
least-response-time-cache-off-warm500,70,3,7.1714,17.020,171.310,188.329,castle,the-last-of-the-mohicans-a-narrative-of-1757-27681,1,,server-2,3,8,0,33.711,17.312,59.841
least-response-time-cache-off-warm500,70,3,7.1857,4.124,102.430,106.553,death,the-kama-sutra-of-vatsyayana,1,,server-2,1,7,0,33.632,16.355,59.841
least-response-time-cache-off-warm500,70,3,7.2000,55.074,77.051,132.125,you,jane-eyre-an-autobiography,1,,server-2,0,7,0,34.501,7.421,59.841
least-response-time-cache-off-warm500,70,3,7.2143,40.646,79.931,120.577,whale,frankenstein-or-the-modern-prometheus,1,,server-2,0,8,0,34.501,13.259,59.841
least-response-time-cache-off-warm500,70,3,7.2286,50.091,91.691,141.782,horse,the-prince,1,,server-2,0,9,0,34.501,13.683,59.841
least-response-time-cache-off-warm500,70,3,7.2429,35.063,125.555,160.617,love,north-and-south,1,,server-2,0,10,0,34.501,13.683,59.841
least-response-time-cache-off-warm500,70,3,7.2571,142.823,25.366,168.189,london,cranford,1,,server-2,0,11,0,34.501,16.369,59.841
least-response-time-cache-off-warm500,70,3,7.2714,100.051,67.052,167.103,heart,a-princess-of-mars,1,,server-2,0,11,0,34.501,18.016,59.841
least-response-time-cache-off-warm500,70,3,7.2857,86.292,54.287,140.579,king,the-hound-of-the-baskervilles-3070,1,,server-2,0,11,0,34.501,24.042,59.841
least-response-time-cache-off-warm500,70,3,7.3000,2.033,16.891,18.924,king,the-king-in-yellow,1,,server-1,1,9,0,34.501,37.929,59.841
least-response-time-cache-off-warm500,70,3,7.3143,5.324,12.579,17.904,heart,agnes-grey,1,,server-1,2,9,0,17.802,37.929,59.841
least-response-time-cache-off-warm500,70,3,7.3286,4.293,18.426,22.719,night,a-princess-of-mars,1,,server-1,2,8,0,7.626,37.766,59.841
least-response-time-cache-off-warm500,70,3,7.3429,9.577,15.388,24.965,of,the-war-of-the-worlds,1,,server-1,2,8,0,3.797,51.802,59.841
least-response-time-cache-off-warm500,70,3,7.3571,11.486,17.403,28.889,she,dubliners,1,,server-1,2,8,0,3.751,51.802,59.841
least-response-time-cache-off-warm500,70,3,7.3714,15.327,28.778,44.105,letter,the-romance-of-lust-a-classic-victorian-erotic-novel,1,,server-1,2,5,0,3.554,33.303,59.841
least-response-time-cache-off-warm500,70,3,7.3857,1.874,50.214,52.087,king,hard-times,1,,server-1,3,4,0,6.122,33.303,59.841
least-response-time-cache-off-warm500,70,3,7.4000,37.442,29.907,67.349,house,poirot-investigates,1,,server-1,3,4,0,2.275,32.245,59.841
least-response-time-cache-off-warm500,70,3,7.4143,23.325,48.982,72.307,sea,the-hound-of-the-baskervilles-3070,1,,server-1,4,3,0,2.275,30.356,59.841
least-response-time-cache-off-warm500,70,3,7.4286,10.069,48.093,58.162,you,walden-and-on-the-duty-of-civil-disobedience,1,,server-1,4,3,0,6.476,22.095,59.841
least-response-time-cache-off-warm500,70,3,7.4429,43.512,41.192,84.704,of,the-mystery-of-edwin-drood,1,,server-1,4,0,0,5.902,23.308,59.841
least-response-time-cache-off-warm500,70,3,7.4571,29.835,70.799,100.634,night,the-vicomte-de-bragelonne,1,,server-1,5,0,0,5.902,23.308,59.841
least-response-time-cache-off-warm500,70,3,7.4714,16.181,73.906,90.087,and,the-moonstone,1,,server-1,6,0,0,13.102,23.308,59.841
least-response-time-cache-off-warm500,70,3,7.4857,2.418,92.748,95.166,king,persuasion,1,,server-1,7,0,0,23.146,23.308,59.841
least-response-time-cache-off-warm500,70,3,7.5000,84.068,76.948,161.016,of,twenty-thousand-leagues-under-the-sea,1,,server-1,5,0,0,3.466,23.308,59.841
least-response-time-cache-off-warm500,70,3,7.5143,67.016,18.880,85.897,sea,the-secret-garden,1,,server-1,6,0,0,3.466,23.308,59.841
least-response-time-cache-off-warm500,70,3,7.5286,52.432,76.676,129.108,london,the-house-of-mirth,1,,server-1,7,0,0,10.845,23.308,59.841
least-response-time-cache-off-warm500,70,3,7.5429,39.106,35.982,75.088,king,the-picture-of-dorian-gray,1,,server-1,8,0,0,10.845,23.308,59.841
least-response-time-cache-off-warm500,70,3,7.5571,26.264,87.608,113.872,was,the-kama-sutra-of-vatsyayana,1,,server-1,9,0,0,10.845,23.308,59.841
least-response-time-cache-off-warm500,70,3,7.5714,1.997,14.685,16.682,she,the-secret-garden-17396,1,,server-2,9,1,0,36.611,23.308,59.841
least-response-time-cache-off-warm500,70,3,7.5857,58.409,42.073,100.482,castle,the-adventures-of-sherlock-holmes,1,,server-1,6,1,0,8.674,12.053,59.841
least-response-time-cache-off-warm500,70,3,7.6000,2.118,16.684,18.802,whale,his-last-bow,1,,server-2,6,1,0,10.523,10.007,59.841
least-response-time-cache-off-warm500,70,3,7.6143,5.366,29.314,34.680,house,the-jungle,1,,server-2,6,2,0,10.523,5.215,59.841
least-response-time-cache-off-warm500,70,3,7.6286,20.654,39.734,60.388,he,adventures-of-huckleberry-finn,1,,server-2,5,2,0,18.866,3.480,59.841
least-response-time-cache-off-warm500,70,3,7.6429,5.573,43.285,48.858,death,the-romance-of-lust-a-classic-victorian-erotic-novel,1,,server-2,5,3,0,20.537,3.480,59.841
least-response-time-cache-off-warm500,70,3,7.6571,36.174,110.124,146.298,london,jane-eyre-an-autobiography,1,,server-2,5,3,0,33.153,3.772,59.841
least-response-time-cache-off-warm500,70,3,7.6714,21.769,110.237,132.006,house,far-from-the-madding-crowd,1,,server-2,2,4,0,31.178,3.772,59.841
least-response-time-cache-off-warm500,70,3,7.6857,7.577,107.113,114.689,sea,the-secret-adversary,1,,server-2,1,5,0,29.937,3.772,59.841
least-response-time-cache-off-warm500,70,3,7.7000,103.927,49.316,153.243,king,the-mysterious-island,1,,server-2,0,4,0,23.979,3.744,59.841
least-response-time-cache-off-warm500,70,3,7.7143,89.806,84.592,174.398,castle,autobiography-of-benjamin-franklin,1,,server-2,0,5,0,23.979,3.744,59.841
least-response-time-cache-off-warm500,70,3,7.7286,75.934,69.066,145.000,and,the-works-of-edgar-allan-poe-volume-2,1,,server-2,0,6,0,23.979,3.744,59.841
least-response-time-cache-off-warm500,70,3,7.7429,61.900,45.409,107.308,and,the-house-of-the-seven-gables,1,,server-2,0,7,0,23.979,3.744,59.841
least-response-time-cache-off-warm500,70,3,7.7571,50.254,90.107,140.361,night,his-last-bow,1,,server-2,0,8,0,23.979,3.744,59.841
least-response-time-cache-off-warm500,70,3,7.7714,39.889,125.604,165.492,sea,hard-times,1,,server-2,0,9,0,23.979,3.744,59.841
least-response-time-cache-off-warm500,70,3,7.7857,67.768,81.539,149.307,whale,far-from-the-madding-crowd,1,,server-2,0,10,0,23.979,3.744,59.841
least-response-time-cache-off-warm500,70,3,7.8000,2.287,18.498,20.785,castle,the-divine-comedy,1,,server-1,1,10,0,23.979,24.241,59.841
least-response-time-cache-off-warm500,70,3,7.8143,7.501,11.543,19.044,was,the-lost-world,1,,server-1,2,7,0,12.377,14.733,59.841
least-response-time-cache-off-warm500,70,3,7.8286,5.333,19.623,24.956,you,the-portrait-of-a-lady-volume-1,1,,server-1,2,7,0,6.201,14.733,59.841
least-response-time-cache-off-warm500,70,3,7.8429,11.262,31.810,43.072,sea,oliver-twist,1,,server-1,2,7,0,3.388,14.733,59.841
least-response-time-cache-off-warm500,70,3,7.8571,29.755,49.883,79.638,house,the-jungle,1,,server-1,2,7,0,3.747,24.039,59.841
least-response-time-cache-off-warm500,70,3,7.8714,16.322,76.411,92.732,you,the-moonstone,1,,server-1,3,7,0,3.747,31.127,59.841
least-response-time-cache-off-warm500,70,3,7.8857,2.332,37.670,40.003,was,the-house-of-the-seven-gables,1,,server-1,4,4,0,10.431,28.084,59.841
least-response-time-cache-off-warm500,70,3,7.9000,59.813,106.766,166.579,you,dubliners,1,,server-1,4,2,0,2.927,35.906,59.841
least-response-time-cache-off-warm500,70,3,7.9143,22.262,45.450,67.712,castle,autobiography-of-benjamin-franklin,1,,server-1,5,2,0,2.927,35.906,59.841
least-response-time-cache-off-warm500,70,3,7.9286,30.947,59.829,90.775,the,the-adventures-of-sherlock-holmes,1,,server-1,6,2,0,9.770,35.906,59.841
least-response-time-cache-off-warm500,70,3,7.9429,74.484,121.017,195.501,king,myths-and-legends-of-ancient-greece-and-rome,1,,server-1,6,0,0,18.485,28.179,59.841
least-response-time-cache-off-warm500,70,3,7.9571,10.243,88.715,98.958,the,poirot-investigates,1,,server-1,7,0,0,18.485,28.179,59.841
least-response-time-cache-off-warm500,70,3,7.9714,45.725,129.822,175.547,love,the-odyssey,1,,server-1,6,0,0,14.891,28.179,59.841
least-response-time-cache-off-warm500,70,3,7.9857,44.284,135.408,179.692,whale,silas-marner,1,,server-1,7,0,0,12.893,28.179,59.841
least-response-time-cache-off-warm500,70,3,8.0000,30.158,86.841,116.999,letter,tess-of-the-d-urbervilles-a-pure-woman,1,,server-1,8,0,0,13.961,28.179,59.841
least-response-time-cache-off-warm500,70,3,8.0143,47.122,101.774,148.897,london,wuthering-heights,1,,server-1,9,0,0,13.961,28.179,59.841
least-response-time-cache-off-warm500,70,3,8.0286,40.348,132.884,173.232,and,the-scarlet-letter-33,1,,server-1,9,0,0,22.018,28.179,59.841
least-response-time-cache-off-warm500,70,3,8.0429,32.636,110.155,142.791,london,persuasion,1,,server-1,10,0,0,17.477,28.179,59.841
least-response-time-cache-off-warm500,70,3,8.0571,6.259,31.527,37.786,house,memoirs-of-fanny-hill,1,,server-2,10,1,0,29.387,28.179,59.841
least-response-time-cache-off-warm500,70,3,8.0714,23.464,22.604,46.068,london,the-great-gatsby,1,,server-2,8,2,0,25.650,14.696,59.841
least-response-time-cache-off-warm500,70,3,8.0857,9.989,14.884,24.872,london,the-king-in-yellow,1,,server-2,8,3,0,17.865,14.696,59.841
least-response-time-cache-off-warm500,70,3,8.1000,11.198,23.740,34.938,whale,the-first-men-in-the-moon,1,,server-2,8,3,0,17.865,5.626,59.841
least-response-time-cache-off-warm500,70,3,8.1143,5.821,31.327,37.148,of,a-journey-to-the-centre-of-the-earth,1,,server-2,8,3,0,17.865,5.076,59.841
least-response-time-cache-off-warm500,70,3,8.1286,6.474,26.388,32.862,was,his-last-bow,1,,server-2,8,3,0,31.818,4.057,59.841
least-response-time-cache-off-warm500,70,3,8.1429,9.630,30.623,40.254,was,the-odyssey,1,,server-2,8,3,0,49.036,3.689,59.841
least-response-time-cache-off-warm500,70,3,8.1571,5.856,40.997,46.853,death,walden-and-on-the-duty-of-civil-disobedience,1,,server-2,8,3,0,52.391,4.754,59.841
least-response-time-cache-off-warm500,70,3,8.1714,12.938,60.854,73.793,love,dracula,1,,server-2,2,3,0,41.507,4.336,59.841
least-response-time-cache-off-warm500,70,3,8.1857,19.845,93.554,113.399,sea,the-great-gatsby,1,,server-2,2,3,0,54.712,5.258,59.841
least-response-time-cache-off-warm500,70,3,8.2000,5.792,56.684,62.476,death,the-portrait-of-a-lady-volume-1,1,,server-2,2,4,0,46.620,5.258,59.841
least-response-time-cache-off-warm500,70,3,8.2143,31.605,45.561,77.165,whale,great-expectations,1,,server-2,0,4,0,43.309,6.848,59.841
least-response-time-cache-off-warm500,70,3,8.2286,35.463,137.120,172.584,and,the-house-of-the-seven-gables,1,,server-2,0,5,0,43.309,6.848,59.841
least-response-time-cache-off-warm500,70,3,8.2429,24.296,155.233,179.529,letter,the-house-of-mirth,1,,server-2,0,6,0,43.309,15.346,59.841
least-response-time-cache-off-warm500,70,3,8.2571,8.727,133.213,141.939,castle,villette,1,,server-2,0,7,0,43.309,16.304,59.841
least-response-time-cache-off-warm500,70,3,8.2714,30.968,133.528,164.496,whale,the-secret-garden,1,,server-2,0,6,0,43.309,6.216,59.841
least-response-time-cache-off-warm500,70,3,8.2857,20.068,151.524,171.592,of,oliver-twist,1,,server-2,0,7,0,43.309,6.216,59.841
least-response-time-cache-off-warm500,70,3,8.3000,12.940,159.921,172.860,was,the-first-men-in-the-moon,1,,server-2,0,7,0,43.309,15.909,59.841
least-response-time-cache-off-warm500,70,3,8.3143,105.075,83.917,188.992,sea,meditations,1,,server-2,0,7,0,43.309,8.380,59.841
least-response-time-cache-off-warm500,70,3,8.3286,95.170,77.243,172.413,heart,the-scarlet-letter-33,1,,server-2,0,8,0,43.309,8.380,59.841
least-response-time-cache-off-warm500,70,3,8.3429,115.110,68.866,183.976,sea,the-secret-garden,1,,server-2,0,9,0,43.309,10.678,59.841
least-response-time-cache-off-warm500,70,3,8.3571,103.158,52.471,155.629,castle,dubliners,1,,server-2,0,10,0,43.309,10.678,59.841
least-response-time-cache-off-warm500,70,3,8.3714,129.723,52.413,182.135,letter,jude-the-obscure,1,,server-2,0,11,0,43.309,10.678,59.841
least-response-time-cache-off-warm500,70,3,8.3857,113.822,51.559,165.381,he,the-hound-of-the-baskervilles-3070,1,,server-2,0,12,0,43.309,10.678,59.841
least-response-time-cache-off-warm500,70,3,8.4000,1.793,29.687,31.479,king,the-last-of-the-mohicans-a-narrative-of-1757,1,,server-1,1,12,0,43.309,46.151,59.841
least-response-time-cache-off-warm500,70,3,8.4143,17.550,12.176,29.726,london,cranford,1,,server-1,2,12,0,22.249,64.098,59.841
least-response-time-cache-off-warm500,70,3,8.4286,3.451,23.046,26.498,horse,a-princess-of-mars,1,,server-1,3,10,0,22.249,34.097,59.841
least-response-time-cache-off-warm500,70,3,8.4429,12.680,13.795,26.475,sea,the-first-men-in-the-moon,1,,server-1,3,9,0,6.158,49.680,59.841
least-response-time-cache-off-warm500,70,3,8.4571,11.059,35.010,46.069,you,great-expectations,1,,server-1,2,9,0,5.009,77.441,59.841
least-response-time-cache-off-warm500,70,3,8.4714,27.499,29.976,57.475,horse,the-adventures-of-ferdinand-count-fathom-complete,1,,server-1,2,9,0,4.521,28.327,59.841
least-response-time-cache-off-warm500,70,3,8.4857,18.012,53.764,71.776,whale,a-connecticut-yankee-in-king-arthur-s-court,1,,server-1,3,8,0,5.317,50.430,59.841
least-response-time-cache-off-warm500,70,3,8.5000,4.993,53.568,58.561,money,autobiography-of-benjamin-franklin,1,,server-1,4,6,0,7.785,61.786,59.841
least-response-time-cache-off-warm500,70,3,8.5143,44.648,91.288,135.936,night,madame-bovary,1,,server-1,4,4,0,3.954,25.059,59.841
least-response-time-cache-off-warm500,70,3,8.5286,31.322,30.037,61.360,castle,adventures-of-huckleberry-finn,1,,server-1,5,2,0,8.241,27.079,59.841
least-response-time-cache-off-warm500,70,3,8.5429,18.364,68.914,87.278,king,jude-the-obscure,1,,server-1,6,2,0,6.620,27.079,59.841
least-response-time-cache-off-warm500,70,3,8.5571,2.919,73.818,76.737,he,the-tenant-of-wildfell-hall,1,,server-1,7,0,0,21.400,22.919,59.841
least-response-time-cache-off-warm500,70,3,8.5714,62.424,33.127,95.550,castle,myths-and-legends-of-ancient-greece-and-rome,1,,server-1,5,0,0,4.096,22.919,59.841
least-response-time-cache-off-warm500,70,3,8.5857,42.095,58.811,100.906,love,a-tale-of-two-cities,1,,server-1,6,0,0,4.096,22.919,59.841
least-response-time-cache-off-warm500,70,3,8.6000,50.734,52.430,103.163,money,persuasion,1,,server-1,7,0,0,9.621,22.919,59.841
least-response-time-cache-off-warm500,70,3,8.6143,36.147,67.398,103.545,he,the-first-men-in-the-moon,1,,server-1,8,0,0,9.621,22.919,59.841
least-response-time-cache-off-warm500,70,3,8.6286,25.705,74.462,100.168,you,meditations,1,,server-1,9,0,0,14.868,22.919,59.841
least-response-time-cache-off-warm500,70,3,8.6429,1.554,12.856,14.410,house,the-first-men-in-the-moon,1,,server-2,9,1,0,34.906,22.919,59.841
least-response-time-cache-off-warm500,70,3,8.6571,1.302,34.529,35.830,he,the-mysterious-island,1,,server-2,5,2,0,14.443,9.586,59.841
least-response-time-cache-off-warm500,70,3,8.6714,21.912,18.137,40.048,letter,kidnapped,1,,server-2,5,2,0,14.524,4.970,59.841
least-response-time-cache-off-warm500,70,3,8.6857,7.891,40.068,47.959,you,the-memoirs-of-sherlock-holmes,1,,server-2,5,3,0,14.524,4.970,59.841
least-response-time-cache-off-warm500,70,3,8.7000,30.863,22.353,53.216,death,a-connecticut-yankee-in-king-arthur-s-court,1,,server-2,3,3,0,17.822,3.857,59.841
least-response-time-cache-off-warm500,70,3,8.7143,17.122,74.509,91.631,king,the-secret-garden,1,,server-2,3,4,0,19.805,5.954,59.841
least-response-time-cache-off-warm500,70,3,8.7286,6.072,68.067,74.139,love,the-secret-garden-17396,1,,server-2,1,5,0,29.228,5.954,59.841
least-response-time-cache-off-warm500,70,3,8.7429,11.194,85.849,97.043,heart,jane-eyre-an-autobiography,1,,server-2,0,4,0,23.411,5.107,59.841
least-response-time-cache-off-warm500,70,3,8.7571,50.337,45.143,95.480,castle,poirot-investigates,1,,server-2,0,4,0,23.411,5.689,59.841
least-response-time-cache-off-warm500,70,3,8.7714,38.894,77.380,116.274,london,silas-marner,1,,server-2,0,5,0,23.411,5.689,59.841
least-response-time-cache-off-warm500,70,3,8.7857,23.392,116.671,140.063,night,frankenstein-or-the-modern-prometheus-41445,1,,server-2,0,6,0,23.411,5.689,59.841
least-response-time-cache-off-warm500,70,3,8.8000,42.344,47.635,89.979,love,myths-and-legends-of-ancient-greece-and-rome,1,,server-2,0,7,0,23.411,13.696,59.841
least-response-time-cache-off-warm500,70,3,8.8143,26.598,89.642,116.240,night,great-expectations,1,,server-2,0,6,0,23.411,11.330,59.841
least-response-time-cache-off-warm500,70,3,8.8286,22.356,129.982,152.338,whale,the-song-of-the-lark,1,,server-2,0,7,0,23.411,12.095,59.841
least-response-time-cache-off-warm500,70,3,8.8429,44.998,90.594,135.592,london,the-picture-of-dorian-gray,1,,server-2,0,7,0,23.411,13.540,59.841
least-response-time-cache-off-warm500,70,3,8.8571,30.781,106.922,137.702,you,poirot-investigates,1,,server-2,0,7,0,23.411,13.618,59.841
least-response-time-cache-off-warm500,70,3,8.8714,60.037,85.114,145.151,she,the-scarlet-letter-33,1,,server-2,0,8,0,23.411,13.618,59.841
least-response-time-cache-off-warm500,70,3,8.8857,41.388,86.906,128.294,night,washington-square,1,,server-2,0,9,0,23.411,19.046,59.841
least-response-time-cache-off-warm500,70,3,8.9000,94.018,40.589,134.607,night,pride-and-prejudice,1,,server-2,0,10,0,23.411,18.734,59.841
least-response-time-cache-off-warm500,70,3,8.9143,80.790,58.846,139.636,king,adventures-of-huckleberry-finn,1,,server-2,0,11,0,23.411,23.319,59.841
least-response-time-cache-off-warm500,70,3,8.9286,2.147,33.720,35.867,the,jude-the-obscure,1,,server-1,1,10,0,23.411,30.545,59.841
least-response-time-cache-off-warm500,70,3,8.9429,22.118,35.811,57.928,she,dracula,1,,server-1,2,7,0,12.103,24.560,59.841
least-response-time-cache-off-warm500,70,3,8.9571,8.459,32.121,40.581,was,the-prince,1,,server-1,3,7,0,12.103,24.560,59.841
least-response-time-cache-off-warm500,70,3,8.9714,30.052,53.778,83.830,castle,north-and-south,1,,server-1,3,7,0,5.343,24.560,59.841
least-response-time-cache-off-warm500,70,3,8.9857,15.767,18.696,34.463,death,anne-of-green-gables,1,,server-1,4,5,0,5.343,39.420,59.841
least-response-time-cache-off-warm500,70,3,9.0000,2.311,125.297,127.608,heart,oliver-twist,1,,server-1,5,5,0,10.525,22.741,59.841
least-response-time-cache-off-warm500,70,3,9.0143,6.789,47.548,54.338,money,frankenstein-or-the-modern-prometheus-41445,1,,server-1,4,4,0,2.905,34.560,59.841
least-response-time-cache-off-warm500,70,3,9.0286,26.737,63.841,90.578,death,the-age-of-innocence,1,,server-1,4,3,0,3.115,32.763,59.841
least-response-time-cache-off-warm500,70,3,9.0429,26.011,93.078,119.089,king,the-iliad-2199,1,,server-1,5,2,0,3.115,25.204,59.841
least-response-time-cache-off-warm500,70,3,9.0571,46.668,106.963,153.632,london,the-works-of-edgar-allan-poe-volume-2,1,,server-1,5,0,0,9.226,22.322,59.841
least-response-time-cache-off-warm500,70,3,9.0714,32.701,109.137,141.838,house,the-adventures-of-ferdinand-count-fathom-complete,1,,server-1,5,0,0,10.617,22.322,59.841
least-response-time-cache-off-warm500,70,3,9.0857,31.719,56.546,88.265,night,kidnapped,1,,server-1,6,0,0,10.617,22.322,59.841
least-response-time-cache-off-warm500,70,3,9.1000,25.860,102.832,128.692,whale,the-adventures-of-sherlock-holmes,1,,server-1,7,0,0,10.617,22.322,59.841
least-response-time-cache-off-warm500,70,3,9.1143,60.258,86.577,146.835,house,villette,1,,server-1,8,0,0,14.997,22.322,59.841
least-response-time-cache-off-warm500,70,3,9.1286,3.263,18.754,22.017,king,the-prince,1,,server-2,8,1,0,37.825,22.322,59.841
least-response-time-cache-off-warm500,70,3,9.1429,8.349,17.580,25.929,the,the-house-of-the-seven-gables,1,,server-2,8,2,0,31.369,11.606,59.841
least-response-time-cache-off-warm500,70,3,9.1571,12.198,11.659,23.857,was,frankenstein-or-the-modern-prometheus-41445,1,,server-2,8,2,0,31.369,5.955,59.841
least-response-time-cache-off-warm500,70,3,9.1714,9.987,15.456,25.442,love,the-adventures-of-sherlock-holmes,1,,server-2,6,2,0,38.516,4.504,59.841
least-response-time-cache-off-warm500,70,3,9.1857,11.571,16.736,28.307,and,northanger-abbey,1,,server-2,5,2,0,28.035,3.323,59.841
least-response-time-cache-off-warm500,70,3,9.2000,14.564,13.307,27.871,heart,northanger-abbey,1,,server-2,5,2,0,25.306,3.437,59.841
least-response-time-cache-off-warm500,70,3,9.2143,2.200,25.650,27.850,whale,twenty-thousand-leagues-under-the-sea,1,,server-2,4,2,0,39.077,4.811,59.841
least-response-time-cache-off-warm500,70,3,9.2286,14.458,10.192,24.649,whale,the-prince,1,,server-2,3,3,0,31.846,4.309,59.841
least-response-time-cache-off-warm500,70,3,9.2429,2.507,22.241,24.748,king,the-works-of-edgar-allan-poe-volume-2,1,,server-2,1,2,0,31.846,5.289,59.841
least-response-time-cache-off-warm500,70,3,9.2571,10.821,13.510,24.331,castle,the-secret-garden-17396,1,,server-2,1,2,0,31.846,3.490,59.841
least-response-time-cache-off-warm500,70,3,9.2714,10.919,29.358,40.277,house,cranford,1,,server-2,0,2,0,31.873,3.913,59.841
least-response-time-cache-off-warm500,70,3,9.2857,26.895,22.359,49.254,king,myths-and-legends-of-ancient-greece-and-rome,1,,server-2,0,2,0,31.873,3.387,59.841
least-response-time-cache-off-warm500,70,3,9.3000,12.636,47.803,60.439,london,little-women,1,,server-2,0,3,0,31.873,3.387,59.841
least-response-time-cache-off-warm500,70,3,9.3143,20.847,55.702,76.549,you,oliver-twist,1,,server-2,0,3,0,31.873,3.834,59.841
least-response-time-cache-off-warm500,70,3,9.3286,34.300,109.937,144.236,castle,the-king-in-yellow,1,,server-2,0,4,0,31.873,3.187,59.841
least-response-time-cache-off-warm500,70,3,9.3429,20.283,111.623,131.905,and,the-vicomte-de-bragelonne,1,,server-2,0,4,0,31.873,6.766,59.841
least-response-time-cache-off-warm500,70,3,9.3571,5.563,105.747,111.311,letter,the-adventures-of-sherlock-holmes,1,,server-2,0,5,0,31.873,6.766,59.841
least-response-time-cache-off-warm500,70,3,9.3714,97.703,54.875,152.578,she,leaves-of-grass,1,,server-2,0,5,0,31.873,5.878,59.841
least-response-time-cache-off-warm500,70,3,9.3857,51.073,46.803,97.876,heart,the-wind-in-the-willows,1,,server-2,0,6,0,31.873,5.878,59.841
least-response-time-cache-off-warm500,70,3,9.4000,36.872,53.653,90.525,he,the-hound-of-the-baskervilles,1,,server-2,0,7,0,31.873,8.662,59.841
least-response-time-cache-off-warm500,70,3,9.4143,60.293,43.856,104.149,sea,black-beauty,1,,server-2,0,8,0,31.873,8.662,59.841
least-response-time-cache-off-warm500,70,3,9.4286,46.162,63.266,109.428,whale,a-journey-to-the-centre-of-the-earth,1,,server-2,0,9,0,31.873,19.523,59.841
least-response-time-cache-off-warm500,70,3,9.4429,50.235,65.303,115.538,heart,the-prince,1,,server-2,0,9,0,31.873,14.300,59.841
least-response-time-cache-off-warm500,70,3,9.4571,37.673,64.936,102.609,castle,kidnapped,1,,server-2,0,10,0,31.873,14.300,59.841
least-response-time-cache-off-warm500,70,3,9.4714,1.643,13.845,15.488,king,myths-and-legends-of-ancient-greece-and-rome,1,,server-1,1,10,0,31.873,42.540,59.841
least-response-time-cache-off-warm500,70,3,9.4857,1.717,12.215,13.933,letter,treasure-island,1,,server-1,2,8,0,16.414,25.973,59.841
least-response-time-cache-off-warm500,70,3,9.5000,1.291,13.755,15.046,and,memoirs-of-fanny-hill,1,,server-1,1,5,0,6.133,11.157,59.841
least-response-time-cache-off-warm500,70,3,9.5143,2.046,17.087,19.133,was,adventures-of-huckleberry-finn,1,,server-1,2,5,0,5.213,11.157,59.841
least-response-time-cache-off-warm500,70,3,9.5286,5.539,17.780,23.320,castle,thus-spake-zarathustra-a-book-for-all-and-none,1,,server-1,2,4,0,2.212,20.441,59.841
least-response-time-cache-off-warm500,70,3,9.5429,9.681,13.166,22.847,he,the-war-of-the-worlds,1,,server-1,2,3,0,2.480,23.845,59.841
least-response-time-cache-off-warm500,70,3,9.5571,9.012,14.057,23.069,and,poirot-investigates,1,,server-1,2,3,0,3.221,21.627,59.841
least-response-time-cache-off-warm500,70,3,9.5714,8.947,15.020,23.967,you,desert-gold,1,,server-1,2,0,0,2.927,23.613,59.841
least-response-time-cache-off-warm500,70,3,9.5857,10.322,37.001,47.322,of,the-mysterious-island,1,,server-1,2,0,0,3.053,23.613,59.841
least-response-time-cache-off-warm500,70,3,9.6000,34.195,50.715,84.910,whale,poirot-investigates,1,,server-1,2,0,0,3.164,23.613,59.841
least-response-time-cache-off-warm500,70,3,9.6143,20.214,26.292,46.506,the,walden-and-on-the-duty-of-civil-disobedience,1,,server-1,3,0,0,3.164,23.613,59.841
least-response-time-cache-off-warm500,70,3,9.6286,6.363,38.042,44.405,was,meditations,1,,server-1,4,0,0,3.164,23.613,59.841
least-response-time-cache-off-warm500,70,3,9.6429,42.080,56.673,98.753,night,dracula,1,,server-1,4,0,0,3.263,23.613,59.841
least-response-time-cache-off-warm500,70,3,9.6571,27.407,16.856,44.262,london,frankenstein-or-the-modern-prometheus,1,,server-1,5,0,0,3.263,23.613,59.841
least-response-time-cache-off-warm500,70,3,9.6714,13.804,30.811,44.615,death,the-works-of-edgar-allan-poe-volume-2,1,,server-1,5,0,0,6.255,23.613,59.841
least-response-time-cache-off-warm500,70,3,9.6857,3.288,77.026,80.313,sea,twenty-thousand-leagues-under-the-sea,1,,server-1,4,0,0,5.643,23.613,59.841
least-response-time-cache-off-warm500,70,3,9.7000,37.214,88.201,125.415,king,the-mysterious-island,1,,server-1,5,0,0,5.495,23.613,59.841
least-response-time-cache-off-warm500,70,3,9.7143,3.196,82.427,85.623,death,great-expectations,1,,server-1,6,0,0,7.586,23.613,59.841
least-response-time-cache-off-warm500,70,3,9.7286,67.533,85.143,152.677,money,the-innocents-abroad,1,,server-1,5,0,0,6.181,23.613,59.841
least-response-time-cache-off-warm500,70,3,9.7429,83.254,56.415,139.669,whale,the-king-in-yellow,1,,server-1,6,0,0,15.411,23.613,59.841
least-response-time-cache-off-warm500,70,3,9.7571,42.509,70.753,113.262,death,a-princess-of-mars,1,,server-1,7,0,0,15.411,23.613,59.841
least-response-time-cache-off-warm500,70,3,9.7714,54.364,110.812,165.176,she,north-and-south,1,,server-1,8,0,0,20.279,23.613,59.841
least-response-time-cache-off-warm500,70,3,9.7857,41.238,106.136,147.374,the,north-and-south,1,,server-1,9,0,0,20.279,23.613,59.841
least-response-time-cache-off-warm500,70,3,9.8000,1.437,19.628,21.064,love,the-odyssey,1,,server-2,8,1,0,28.870,23.613,59.841
least-response-time-cache-off-warm500,70,3,9.8143,7.705,11.720,19.425,she,a-princess-of-mars,1,,server-2,8,2,0,28.870,12.161,59.841
least-response-time-cache-off-warm500,70,3,9.8286,5.634,20.167,25.801,was,hard-times,1,,server-2,7,2,0,11.912,6.489,59.841
least-response-time-cache-off-warm500,70,3,9.8429,12.067,14.826,26.893,letter,northanger-abbey,1,,server-2,5,2,0,15.406,3.446,59.841
least-response-time-cache-off-warm500,70,3,9.8571,13.184,17.997,31.181,and,white-fang,1,,server-2,5,2,0,15.406,3.834,59.841
least-response-time-cache-off-warm500,70,3,9.8714,15.599,28.838,44.437,he,great-expectations,1,,server-2,5,2,0,26.333,3.687,59.841
least-response-time-cache-off-warm500,70,3,9.8857,3.428,47.360,50.787,the,the-last-of-the-mohicans-a-narrative-of-1757,1,,server-2,3,3,0,20.580,3.098,59.841
least-response-time-cache-off-warm500,70,3,9.9000,17.033,46.052,63.085,whale,silas-marner,1,,server-2,3,3,0,20.580,2.999,59.841
least-response-time-cache-off-warm500,70,3,9.9143,22.038,14.360,36.397,you,the-adventures-of-tom-sawyer-complete,1,,server-2,2,4,0,20.580,2.999,59.841
least-response-time-cache-off-warm500,70,3,9.9286,9.225,39.750,48.975,and,the-lost-world,1,,server-2,2,4,0,20.580,4.222,59.841
least-response-time-cache-off-warm500,70,3,9.9429,20.392,34.799,55.191,of,the-age-of-innocence,1,,server-2,0,5,0,33.948,5.777,59.841
least-response-time-cache-off-warm500,70,3,9.9571,21.113,60.805,81.917,she,the-hound-of-the-baskervilles,1,,server-2,0,5,0,33.948,7.212,59.841
least-response-time-cache-off-warm500,70,3,9.9714,7.054,116.103,123.157,and,jane-eyre-an-autobiography,1,,server-2,0,4,0,33.948,8.431,59.841
least-response-time-cache-off-warm500,70,3,9.9857,12.957,46.965,59.922,horse,wuthering-heights,1,,server-2,0,4,0,33.948,8.755,59.841
least-response-time-cache-off-warm500,70,3,10.0000,3.666,128.278,131.944,sea,far-from-the-madding-crowd,1,,server-2,0,4,0,33.948,10.810,59.841
least-response-time-cache-off-warm500,70,3,10.0143,32.211,87.262,119.474,she,the-works-of-edgar-allan-poe-volume-2,1,,server-2,0,5,0,33.948,7.357,59.841
least-response-time-cache-off-warm500,70,3,10.0286,18.614,98.762,117.377,king,the-adventures-of-tom-sawyer-complete,1,,server-2,0,6,0,33.948,7.357,59.841
least-response-time-cache-off-warm500,70,3,10.0429,85.920,39.136,125.056,castle,herland,1,,server-2,0,7,0,33.948,16.707,59.841
least-response-time-cache-off-warm500,70,3,10.0571,77.402,24.669,102.071,king,treasure-island,1,,server-2,0,7,0,33.948,8.154,59.841
least-response-time-cache-off-warm500,70,3,10.0714,76.153,61.336,137.489,money,north-and-south,1,,server-2,0,7,0,33.948,8.154,59.841
least-response-time-cache-off-warm500,70,3,10.0857,74.038,43.392,117.430,was,the-first-men-in-the-moon,1,,server-2,0,8,0,33.948,8.154,59.841
least-response-time-cache-off-warm500,70,3,10.1000,69.168,50.281,119.449,money,washington-square,1,,server-2,0,9,0,33.948,25.351,59.841
least-response-time-cache-off-warm500,70,3,10.1143,55.876,59.365,115.241,was,agnes-grey,1,,server-2,0,10,0,33.948,25.351,59.841
least-response-time-cache-off-warm500,70,3,10.1286,1.667,11.774,13.441,sea,poirot-investigates,1,,server-1,1,9,0,33.948,37.219,59.841
least-response-time-cache-off-warm500,70,3,10.1429,1.325,17.868,19.193,night,the-age-of-innocence,1,,server-1,1,7,0,13.006,20.482,59.841
least-response-time-cache-off-warm500,70,3,10.1571,5.562,21.117,26.679,whale,the-american,1,,server-1,2,6,0,6.718,30.583,59.841
least-response-time-cache-off-warm500,70,3,10.1714,12.977,24.766,37.743,of,the-last-of-the-mohicans-a-narrative-of-1757-27681,1,,server-1,2,4,0,4.233,13.277,59.841
least-response-time-cache-off-warm500,70,3,10.1857,1.403,39.007,40.411,horse,wuthering-heights,1,,server-1,2,4,0,4.303,13.277,59.841
least-response-time-cache-off-warm500,70,3,10.2000,26.681,34.918,61.599,money,the-first-men-in-the-moon,1,,server-1,3,4,0,2.337,13.277,59.841
least-response-time-cache-off-warm500,70,3,10.2143,12.568,36.869,49.437,money,the-odyssey,1,,server-1,3,2,0,6.201,21.126,59.841
least-response-time-cache-off-warm500,70,3,10.2286,33.274,23.059,56.333,and,the-last-of-the-mohicans-a-narrative-of-1757-27681,1,,server-1,3,1,0,5.753,21.428,59.841
least-response-time-cache-off-warm500,70,3,10.2429,23.159,80.800,103.959,death,the-adventures-of-ferdinand-count-fathom-complete,1,,server-1,4,0,0,4.716,18.165,59.841
least-response-time-cache-off-warm500,70,3,10.2571,7.905,47.448,55.352,house,the-adventures-of-ferdinand-count-fathom-complete,1,,server-1,5,0,0,4.716,18.165,59.841
least-response-time-cache-off-warm500,70,3,10.2714,48.494,73.257,121.751,money,great-expectations,1,,server-1,4,0,0,5.773,18.165,59.841
least-response-time-cache-off-warm500,70,3,10.2857,62.888,80.514,143.402,the,agnes-grey,1,,server-1,4,0,0,7.139,18.165,59.841
least-response-time-cache-off-warm500,70,3,10.3000,47.350,119.951,167.301,money,the-secret-adversary,1,,server-1,5,0,0,7.139,18.165,59.841
least-response-time-cache-off-warm500,70,3,10.3143,34.457,77.739,112.196,castle,a-tale-of-two-cities,1,,server-1,5,0,0,17.915,18.165,59.841
least-response-time-cache-off-warm500,70,3,10.3286,21.521,116.102,137.623,death,madame-bovary,1,,server-1,6,0,0,15.540,18.165,59.841
least-response-time-cache-off-warm500,70,3,10.3429,5.875,91.815,97.689,was,frankenstein-or-the-modern-prometheus-41445,1,,server-1,7,0,0,17.045,18.165,59.841
least-response-time-cache-off-warm500,70,3,10.3571,66.585,100.662,167.247,love,life-on-the-mississippi,1,,server-1,7,0,0,5.399,18.165,59.841
least-response-time-cache-off-warm500,70,3,10.3714,58.129,95.089,153.219,night,sense-and-sensibility,1,,server-1,8,0,0,5.399,18.165,59.841
least-response-time-cache-off-warm500,70,3,10.3857,82.018,56.880,138.897,was,dubliners,1,,server-1,9,0,0,5.399,18.165,59.841
least-response-time-cache-off-warm500,70,3,10.4000,2.626,18.217,20.843,he,persuasion,1,,server-2,9,1,0,18.228,18.165,59.841
least-response-time-cache-off-warm500,70,3,10.4143,7.153,23.933,31.086,horse,life-on-the-mississippi,1,,server-2,9,2,0,18.228,9.421,59.841
least-response-time-cache-off-warm500,70,3,10.4286,17.525,26.843,44.368,you,black-beauty,1,,server-2,8,2,0,31.258,5.172,59.841
least-response-time-cache-off-warm500,70,3,10.4429,3.246,26.559,29.805,heart,the-works-of-edgar-allan-poe-volume-2,1,,server-2,7,3,0,40.998,5.172,59.841
least-response-time-cache-off-warm500,70,3,10.4571,16.060,40.719,56.779,love,oliver-twist,1,,server-2,7,3,0,40.998,2.912,59.841
least-response-time-cache-off-warm500,70,3,10.4714,2.147,37.115,39.262,and,northanger-abbey,1,,server-2,3,4,0,27.465,2.912,59.841
least-response-time-cache-off-warm500,70,3,10.4857,29.338,27.571,56.910,house,the-moonstone,1,,server-2,3,3,0,27.465,2.756,59.841
least-response-time-cache-off-warm500,70,3,10.5000,14.890,41.918,56.809,was,silas-marner,1,,server-2,3,4,0,27.465,2.756,59.841
least-response-time-cache-off-warm500,70,3,10.5143,3.669,58.820,62.489,was,meditations,1,,server-2,3,4,0,27.465,8.088,59.841
least-response-time-cache-off-warm500,70,3,10.5286,15.356,54.846,70.202,horse,the-works-of-edgar-allan-poe-volume-2,1,,server-2,0,4,0,23.935,3.703,59.841
least-response-time-cache-off-warm500,70,3,10.5429,34.520,53.012,87.532,castle,hard-times,1,,server-2,0,5,0,23.935,11.946,59.841
least-response-time-cache-off-warm500,70,3,10.5571,41.787,64.560,106.346,she,his-last-bow,1,,server-2,0,6,0,23.935,14.349,59.841
least-response-time-cache-off-warm500,70,3,10.5714,25.642,55.539,81.181,love,the-hound-of-the-baskervilles,1,,server-2,0,5,0,23.935,11.771,59.841
least-response-time-cache-off-warm500,70,3,10.5857,15.782,79.330,95.112,night,a-journey-to-the-centre-of-the-earth,1,,server-2,0,6,0,23.935,11.536,59.841
least-response-time-cache-off-warm500,70,3,10.6000,3.438,114.782,118.220,death,a-connecticut-yankee-in-king-arthur-s-court,1,,server-2,0,7,0,23.935,13.332,59.841
least-response-time-cache-off-warm500,70,3,10.6143,19.767,121.699,141.466,sea,washington-square,1,,server-2,0,6,0,23.935,6.050,59.841
least-response-time-cache-off-warm500,70,3,10.6286,33.188,99.493,132.681,you,great-expectations,1,,server-2,0,7,0,23.935,6.892,59.841
least-response-time-cache-off-warm500,70,3,10.6429,22.322,148.652,170.974,horse,the-king-in-yellow,1,,server-2,0,8,0,23.935,13.394,59.841
least-response-time-cache-off-warm500,70,3,10.6571,20.617,157.197,177.814,night,great-expectations,1,,server-2,0,8,0,23.935,22.067,59.841
least-response-time-cache-off-warm500,70,3,10.6714,31.624,76.055,107.679,you,the-mystery-of-edwin-drood,1,,server-2,0,7,0,23.935,9.531,59.841
least-response-time-cache-off-warm500,70,3,10.6857,91.673,70.515,162.188,was,the-adventures-of-tom-sawyer-complete,1,,server-2,0,8,0,23.935,13.907,59.841
least-response-time-cache-off-warm500,70,3,10.7000,63.611,71.560,135.170,house,thus-spake-zarathustra-a-book-for-all-and-none,1,,server-2,0,9,0,23.935,13.907,59.841
least-response-time-cache-off-warm500,70,3,10.7143,65.140,97.228,162.367,and,jude-the-obscure,1,,server-2,0,9,0,23.935,15.505,59.841
least-response-time-cache-off-warm500,70,3,10.7286,2.621,24.929,27.550,night,the-last-of-the-mohicans-a-narrative-of-1757-27681,1,,server-1,1,9,0,23.935,26.828,59.841
least-response-time-cache-off-warm500,70,3,10.7429,13.554,21.003,34.557,the,the-house-of-the-seven-gables,1,,server-1,2,9,0,12.367,26.828,59.841
least-response-time-cache-off-warm500,70,3,10.7571,3.027,31.971,34.998,she,the-mysterious-affair-at-styles,1,,server-1,2,9,0,7.612,43.561,59.841
least-response-time-cache-off-warm500,70,3,10.7714,7.457,46.734,54.191,horse,villette,1,,server-1,3,6,0,5.144,31.653,59.841
least-response-time-cache-off-warm500,70,3,10.7857,7.714,42.572,50.285,sea,the-secret-garden-17396,1,,server-1,3,6,0,4.816,24.759,59.841
least-response-time-cache-off-warm500,70,3,10.8000,36.981,14.476,51.457,the,northanger-abbey,1,,server-1,3,6,0,3.562,22.298,59.841
least-response-time-cache-off-warm500,70,3,10.8143,22.906,35.532,58.438,you,hard-times,1,,server-1,4,6,0,3.562,44.830,59.841
least-response-time-cache-off-warm500,70,3,10.8286,8.670,50.545,59.216,whale,the-last-of-the-mohicans-a-narrative-of-1757-27681,1,,server-1,5,4,0,14.410,36.198,59.841
least-response-time-cache-off-warm500,70,3,10.8429,27.197,52.480,79.677,london,emma,1,,server-1,4,2,0,4.433,39.857,59.841
least-response-time-cache-off-warm500,70,3,10.8571,32.560,55.528,88.087,was,desert-gold,1,,server-1,5,2,0,6.293,45.472,59.841
least-response-time-cache-off-warm500,70,3,10.8714,18.145,73.379,91.523,and,the-portrait-of-a-lady-volume-1,1,,server-1,6,2,0,9.465,45.472,59.841
least-response-time-cache-off-warm500,70,3,10.8857,4.356,105.866,110.223,was,great-expectations,1,,server-1,6,0,0,9.711,39.865,59.841
least-response-time-cache-off-warm500,70,3,10.9000,24.526,119.569,144.095,of,north-and-south,1,,server-1,5,0,0,4.157,39.865,59.841
least-response-time-cache-off-warm500,70,3,10.9143,49.267,85.952,135.220,horse,north-and-south,1,,server-1,6,0,0,4.157,39.865,59.841
least-response-time-cache-off-warm500,70,3,10.9286,35.332,107.863,143.195,king,the-adventures-of-sherlock-holmes,1,,server-1,6,0,0,10.095,39.865,59.841
least-response-time-cache-off-warm500,70,3,10.9429,49.594,210.618,260.212,london,the-tenant-of-wildfell-hall,1,,server-1,7,0,0,10.095,39.865,59.841
least-response-time-cache-off-warm500,70,3,10.9571,41.688,169.394,211.082,the,madame-bovary,1,,server-1,8,0,0,19.057,39.865,59.841
least-response-time-cache-off-warm500,70,3,10.9714,72.498,62.771,135.269,he,the-portrait-of-a-lady-volume-1,1,,server-1,8,0,0,17.078,39.865,59.841
least-response-time-cache-off-warm500,70,3,10.9857,14.770,160.074,174.844,he,the-odyssey,1,,server-1,9,0,0,17.078,39.865,59.841
least-response-time-cache-off-warm500,70,3,11.0000,67.148,185.028,252.176,death,mary-barton,1,,server-1,8,0,0,15.779,39.865,59.841
least-response-time-cache-off-warm500,70,3,11.0143,56.864,178.438,235.302,the,far-from-the-madding-crowd,1,,server-1,9,0,0,15.779,39.865,59.841
least-response-time-cache-off-warm500,70,3,11.0286,55.126,116.032,171.158,heart,the-prince,1,,server-1,10,0,0,15.779,39.865,59.841
least-response-time-cache-off-warm500,70,3,11.0429,125.304,107.988,233.292,castle,the-last-of-the-mohicans-a-narrative-of-1757,1,,server-1,11,0,0,15.779,39.865,59.841
least-response-time-cache-off-warm500,70,3,11.0571,169.271,123.688,292.959,money,the-mysterious-island,1,,server-1,12,0,0,27.046,39.865,59.841
least-response-time-cache-off-warm500,70,3,11.0714,177.879,73.625,251.504,love,the-wind-in-the-willows,1,,server-1,12,0,0,26.545,39.865,59.841
least-response-time-cache-off-warm500,70,3,11.0857,190.035,78.347,268.382,was,the-romance-of-lust-a-classic-victorian-erotic-novel,1,,server-1,11,0,0,20.140,39.865,59.841
least-response-time-cache-off-warm500,70,3,11.1000,206.102,71.901,278.004,castle,desperate-remedies,1,,server-1,12,0,0,20.140,39.865,59.841
least-response-time-cache-off-warm500,70,3,11.1143,193.198,79.916,273.114,london,the-wind-in-the-willows,1,,server-1,13,0,0,27.646,39.865,59.841
least-response-time-cache-off-warm500,70,3,11.1286,194.737,97.547,292.284,heart,jude-the-obscure,1,,server-1,14,0,0,27.646,39.865,59.841
least-response-time-cache-off-warm500,70,3,11.1429,206.389,71.512,277.901,money,white-fang,1,,server-1,15,0,0,27.646,39.865,59.841
least-response-time-cache-off-warm500,70,3,11.1571,1.709,30.446,32.155,money,the-adventures-of-ferdinand-count-fathom-complete,1,,server-2,15,1,0,44.701,39.865,59.841
least-response-time-cache-off-warm500,70,3,11.1714,18.429,15.855,34.285,horse,the-scarlet-letter,1,,server-2,15,2,0,59.354,20.493,59.841
least-response-time-cache-off-warm500,70,3,11.1857,4.700,44.286,48.985,castle,the-tenant-of-wildfell-hall,1,,server-2,15,3,0,56.210,20.493,59.841
least-response-time-cache-off-warm500,70,3,11.2000,11.808,43.733,55.540,sea,wuthering-heights,1,,server-2,15,3,0,77.489,6.099,59.841
least-response-time-cache-off-warm500,70,3,11.2143,22.381,55.278,77.659,whale,frankenstein-or-the-modern-prometheus-41445,1,,server-2,15,4,0,103.401,6.029,59.841
least-response-time-cache-off-warm500,70,3,11.2286,8.411,37.744,46.155,money,leaves-of-grass,1,,server-2,11,5,0,59.370,6.029,59.841
least-response-time-cache-off-warm500,70,3,11.2429,12.547,66.991,79.538,house,the-return-of-sherlock-holmes,1,,server-2,11,4,0,59.370,5.373,59.841
least-response-time-cache-off-warm500,70,3,11.2571,19.539,47.335,66.875,you,the-war-of-the-worlds,1,,server-2,10,5,0,78.648,7.339,59.841
least-response-time-cache-off-warm500,70,3,11.2714,18.260,51.628,69.888,horse,memoirs-of-fanny-hill,1,,server-2,10,6,0,78.648,7.339,59.841
least-response-time-cache-off-warm500,70,3,11.2857,22.484,51.290,73.774,was,the-great-gatsby,1,,server-2,8,5,0,67.312,10.476,59.841
least-response-time-cache-off-warm500,70,3,11.3000,10.108,49.449,59.556,horse,around-the-world-in-eighty-days,1,,server-2,8,6,0,67.312,18.515,59.841
least-response-time-cache-off-warm500,70,3,11.3143,12.173,68.034,80.207,love,the-tenant-of-wildfell-hall,1,,server-2,7,6,0,67.884,9.381,59.841
least-response-time-cache-off-warm500,70,3,11.3286,32.502,75.729,108.231,king,a-princess-of-mars,1,,server-2,7,5,0,50.346,8.553,59.841
least-response-time-cache-off-warm500,70,3,11.3429,17.770,75.233,93.003,was,the-secret-garden-17396,1,,server-2,7,6,0,50.346,13.594,59.841
least-response-time-cache-off-warm500,70,3,11.3571,3.662,48.179,51.840,of,frankenstein-or-the-modern-prometheus-41445,1,,server-2,5,7,0,47.680,13.594,59.841
least-response-time-cache-off-warm500,70,3,11.3714,23.186,59.505,82.691,heart,the-mystery-of-edwin-drood,1,,server-2,5,5,0,47.680,3.917,59.841
least-response-time-cache-off-warm500,70,3,11.3857,23.519,101.180,124.699,king,the-memoirs-of-sherlock-holmes,1,,server-2,3,6,0,35.407,3.917,59.841
least-response-time-cache-off-warm500,70,3,11.4000,21.851,90.201,112.052,castle,the-age-of-innocence,1,,server-2,3,7,0,40.735,13.516,59.841
least-response-time-cache-off-warm500,70,3,11.4143,22.747,91.024,113.771,castle,the-lost-world,1,,server-2,3,6,0,40.735,10.845,59.841
least-response-time-cache-off-warm500,70,3,11.4286,9.347,77.601,86.949,house,little-women,1,,server-2,0,7,0,35.030,10.894,59.841
least-response-time-cache-off-warm500,70,3,11.4429,13.492,93.255,106.748,you,his-last-bow,1,,server-2,0,8,0,35.030,12.831,59.841
least-response-time-cache-off-warm500,70,3,11.4571,59.115,24.205,83.320,whale,agnes-grey,1,,server-2,0,6,0,35.030,12.320,59.841
least-response-time-cache-off-warm500,70,3,11.4714,56.494,31.755,88.249,sea,his-last-bow,1,,server-2,0,7,0,35.030,12.320,59.841
least-response-time-cache-off-warm500,70,3,11.4857,42.922,55.338,98.261,horse,a-tale-of-two-cities,1,,server-2,0,8,0,35.030,14.895,59.841
least-response-time-cache-off-warm500,70,3,11.5000,48.440,60.441,108.881,castle,north-and-south,1,,server-2,0,9,0,35.030,14.895,59.841
least-response-time-cache-off-warm500,70,3,11.5143,2.567,28.314,30.881,night,the-adventures-of-ferdinand-count-fathom-complete,1,,server-1,1,9,0,35.030,40.797,59.841
least-response-time-cache-off-warm500,70,3,11.5286,16.596,32.599,49.195,king,life-on-the-mississippi,1,,server-1,2,6,0,18.016,19.980,59.841
least-response-time-cache-off-warm500,70,3,11.5429,3.345,34.438,37.782,letter,cranford,1,,server-1,3,6,0,18.016,23.552,59.841
least-response-time-cache-off-warm500,70,3,11.5571,24.100,10.424,34.524,the,the-prince,1,,server-1,3,5,0,5.191,18.177,59.841
least-response-time-cache-off-warm500,70,3,11.5714,10.279,22.710,32.989,london,the-scarlet-letter,1,,server-1,4,2,0,5.191,16.587,59.841
least-response-time-cache-off-warm500,70,3,11.5857,17.371,17.737,35.108,king,twenty-thousand-leagues-under-the-sea,1,,server-1,3,2,0,4.808,20.302,59.841
least-response-time-cache-off-warm500,70,3,11.6000,5.008,25.725,30.734,he,meditations,1,,server-1,3,2,0,4.960,20.302,59.841
least-response-time-cache-off-warm500,70,3,11.6143,15.347,10.518,25.865,she,herland,1,,server-1,3,0,0,3.569,21.819,59.841
least-response-time-cache-off-warm500,70,3,11.6286,3.478,46.200,49.678,death,the-song-of-the-lark,1,,server-1,4,0,0,5.160,21.819,59.841
least-response-time-cache-off-warm500,70,3,11.6429,35.605,57.630,93.236,horse,the-house-of-the-seven-gables,1,,server-1,2,0,0,3.853,21.819,59.841
least-response-time-cache-off-warm500,70,3,11.6571,23.137,60.161,83.298,london,sense-and-sensibility,1,,server-1,3,0,0,3.853,21.819,59.841
least-response-time-cache-off-warm500,70,3,11.6714,8.703,35.587,44.289,sea,the-hound-of-the-baskervilles-3070,1,,server-1,4,0,0,3.853,21.819,59.841
least-response-time-cache-off-warm500,70,3,11.6857,50.647,36.121,86.768,king,black-beauty,1,,server-1,4,0,0,4.430,21.819,59.841
least-response-time-cache-off-warm500,70,3,11.7000,40.871,70.339,111.210,you,life-on-the-mississippi,1,,server-1,5,0,0,4.430,21.819,59.841
least-response-time-cache-off-warm500,70,3,11.7143,22.509,33.594,56.102,london,anne-of-green-gables,1,,server-1,6,0,0,4.430,21.819,59.841
least-response-time-cache-off-warm500,70,3,11.7286,13.265,88.010,101.275,castle,meditations,1,,server-1,7,0,0,14.227,21.819,59.841
least-response-time-cache-off-warm500,70,3,11.7429,69.610,42.494,112.104,heart,the-return-of-sherlock-holmes,1,,server-1,5,0,0,7.145,21.819,59.841
least-response-time-cache-off-warm500,70,3,11.7571,55.625,56.016,111.641,king,the-scarlet-letter,1,,server-1,6,0,0,7.145,21.819,59.841
least-response-time-cache-off-warm500,70,3,11.7714,59.164,113.693,172.858,horse,around-the-world-in-eighty-days,1,,server-1,7,0,0,16.824,21.819,59.841
least-response-time-cache-off-warm500,70,3,11.7857,69.180,74.390,143.570,you,twenty-thousand-leagues-under-the-sea,1,,server-1,8,0,0,17.280,21.819,59.841
least-response-time-cache-off-warm500,70,3,11.8000,32.958,99.208,132.166,london,the-great-gatsby,1,,server-1,9,0,0,17.280,21.819,59.841
least-response-time-cache-off-warm500,70,3,11.8143,19.749,78.364,98.112,horse,autobiography-of-benjamin-franklin,1,,server-1,7,0,0,20.898,21.819,59.841
least-response-time-cache-off-warm500,70,3,11.8286,26.542,46.036,72.577,and,the-mysterious-affair-at-styles,1,,server-1,8,0,0,19.848,21.819,59.841
least-response-time-cache-off-warm500,70,3,11.8429,33.244,88.548,121.792,castle,jude-the-obscure,1,,server-1,8,0,0,15.818,21.819,59.841
least-response-time-cache-off-warm500,70,3,11.8571,19.237,99.444,118.682,he,the-secret-garden,1,,server-1,9,0,0,14.898,21.819,59.841
least-response-time-cache-off-warm500,70,3,11.8714,20.492,119.960,140.452,castle,life-on-the-mississippi,1,,server-1,8,0,0,18.115,21.819,59.841
least-response-time-cache-off-warm500,70,3,11.8857,57.579,87.014,144.594,you,the-adventures-of-sherlock-holmes,1,,server-1,9,0,0,7.269,21.819,59.841
least-response-time-cache-off-warm500,70,3,11.9000,74.582,35.342,109.924,castle,autobiography-of-benjamin-franklin,1,,server-1,10,0,0,8.758,21.819,59.841
least-response-time-cache-off-warm500,70,3,11.9143,1.643,17.390,19.032,of,desert-gold,1,,server-2,9,1,0,25.916,21.819,59.841
least-response-time-cache-off-warm500,70,3,11.9286,5.615,14.822,20.436,sea,the-adventures-of-tom-sawyer-complete,1,,server-2,9,2,0,25.916,11.254,59.841
least-response-time-cache-off-warm500,70,3,11.9429,6.719,12.197,18.916,whale,washington-square,1,,server-2,8,2,0,30.400,5.564,59.841
least-response-time-cache-off-warm500,70,3,11.9571,5.332,27.348,32.679,money,little-women,1,,server-2,7,2,0,46.782,3.509,59.841
least-response-time-cache-off-warm500,70,3,11.9714,18.841,20.054,38.895,the,the-return-of-sherlock-holmes-108,1,,server-2,7,2,0,50.002,2.564,59.841
least-response-time-cache-off-warm500,70,3,11.9857,4.841,31.973,36.814,king,northanger-abbey,1,,server-2,3,3,0,29.118,2.564,59.841
least-response-time-cache-off-warm500,70,3,12.0000,22.651,64.500,87.152,you,the-innocents-abroad,1,,server-2,3,3,0,29.118,2.761,59.841
least-response-time-cache-off-warm500,70,3,12.0143,8.898,64.153,73.051,love,the-romance-of-lust-a-classic-victorian-erotic-novel,1,,server-2,2,4,0,37.190,5.440,59.841
least-response-time-cache-off-warm500,70,3,12.0286,59.423,108.300,167.722,heart,the-portrait-of-a-lady-volume-1,1,,server-2,2,3,0,37.190,4.362,59.841
least-response-time-cache-off-warm500,70,3,12.0429,44.820,52.766,97.586,whale,the-house-of-mirth,1,,server-2,0,4,0,30.018,4.362,59.841
least-response-time-cache-off-warm500,70,3,12.0571,31.366,16.438,47.804,house,herland,1,,server-2,0,5,0,30.018,4.362,59.841
least-response-time-cache-off-warm500,70,3,12.0714,17.262,84.897,102.159,whale,a-journey-to-the-centre-of-the-earth,1,,server-2,0,6,0,30.018,4.362,59.841
least-response-time-cache-off-warm500,70,3,12.0857,3.097,54.574,57.671,and,the-last-of-the-mohicans-a-narrative-of-1757-27681,1,,server-2,0,7,0,30.018,4.362,59.841
least-response-time-cache-off-warm500,70,3,12.1000,74.011,74.147,148.158,was,the-jungle-book,1,,server-2,0,6,0,30.018,2.593,59.841
least-response-time-cache-off-warm500,70,3,12.1143,56.967,48.316,105.283,money,the-jungle,1,,server-2,0,7,0,30.018,4.124,59.841
least-response-time-cache-off-warm500,70,3,12.1286,69.630,47.711,117.341,the,the-war-of-the-worlds,1,,server-2,0,7,0,30.018,4.124,59.841
least-response-time-cache-off-warm500,70,3,12.1429,55.679,137.260,192.939,love,great-expectations,1,,server-2,0,8,0,30.018,18.695,59.841
least-response-time-cache-off-warm500,70,3,12.1571,41.317,105.217,146.535,love,the-kama-sutra-of-vatsyayana,1,,server-2,0,9,0,30.018,26.282,59.841
least-response-time-cache-off-warm500,70,3,12.1714,50.844,163.324,214.169,death,far-from-the-madding-crowd,1,,server-2,0,9,0,30.018,26.508,59.841
least-response-time-cache-off-warm500,70,3,12.1857,37.498,115.837,153.335,london,twenty-thousand-leagues-under-the-sea,1,,server-2,0,9,0,30.018,23.698,59.841
least-response-time-cache-off-warm500,70,3,12.2000,101.263,107.839,209.102,king,his-last-bow,1,,server-2,0,8,0,30.018,20.828,59.841
least-response-time-cache-off-warm500,70,3,12.2143,32.206,196.628,228.834,money,the-house-of-mirth,1,,server-2,0,9,0,30.018,20.828,59.841
least-response-time-cache-off-warm500,70,3,12.2286,106.625,75.001,181.626,she,cranford,1,,server-2,0,9,0,30.018,13.047,59.841
least-response-time-cache-off-warm500,70,3,12.2429,58.583,97.468,156.051,the,the-romance-of-lust-a-classic-victorian-erotic-novel,1,,server-2,0,10,0,30.018,13.047,59.841
least-response-time-cache-off-warm500,70,3,12.2571,47.437,135.239,182.677,he,cranford,1,,server-2,0,11,0,30.018,29.055,59.841
least-response-time-cache-off-warm500,70,3,12.2714,123.395,61.193,184.587,sea,the-secret-garden-17396,1,,server-2,0,12,0,30.018,29.055,59.841
least-response-time-cache-off-warm500,70,3,12.2857,112.926,80.520,193.447,and,the-adventures-of-ferdinand-count-fathom-complete,1,,server-2,0,13,0,30.018,28.275,59.841
least-response-time-cache-off-warm500,70,3,12.3000,1.843,16.622,18.466,you,the-war-of-the-worlds,1,,server-1,1,13,0,30.018,37.865,59.841
least-response-time-cache-off-warm500,70,3,12.3143,4.928,24.990,29.918,london,a-connecticut-yankee-in-king-arthur-s-court,1,,server-1,2,11,0,15.439,22.570,59.841
least-response-time-cache-off-warm500,70,3,12.3286,16.322,25.197,41.519,king,mansfield-park,1,,server-1,2,11,0,6.844,22.570,59.841
least-response-time-cache-off-warm500,70,3,12.3429,2.190,54.380,56.570,castle,the-innocents-abroad,1,,server-1,3,9,0,6.844,39.781,59.841
least-response-time-cache-off-warm500,70,3,12.3571,14.967,42.435,57.402,of,the-secret-adversary,1,,server-1,3,9,0,3.132,39.781,59.841
least-response-time-cache-off-warm500,70,3,12.3714,28.453,87.498,115.951,money,jude-the-obscure,1,,server-1,3,9,0,5.975,39.781,59.841
least-response-time-cache-off-warm500,70,3,12.3857,13.947,57.739,71.686,you,madame-bovary,1,,server-1,4,9,0,5.975,59.673,59.841
least-response-time-cache-off-warm500,70,3,12.4000,2.104,57.786,59.890,of,oliver-twist,1,,server-1,5,8,0,16.337,63.160,59.841
least-response-time-cache-off-warm500,70,3,12.4143,21.978,81.526,103.505,love,oliver-twist,1,,server-1,5,4,0,8.475,26.408,59.841
least-response-time-cache-off-warm500,70,3,12.4286,56.608,75.902,132.510,castle,great-expectations,1,,server-1,5,4,0,5.916,26.408,59.841
least-response-time-cache-off-warm500,70,3,12.4429,46.518,74.268,120.786,london,treasure-island,1,,server-1,6,4,0,6.683,50.363,59.841
least-response-time-cache-off-warm500,70,3,12.4571,33.508,87.376,120.884,london,the-warden,1,,server-1,7,2,0,16.565,41.484,59.841
least-response-time-cache-off-warm500,70,3,12.4714,20.360,132.214,152.574,love,sense-and-sensibility,1,,server-1,8,2,0,22.580,41.484,59.841
least-response-time-cache-off-warm500,70,3,12.4857,32.974,105.101,138.075,horse,frankenstein-or-the-modern-prometheus,1,,server-1,9,0,0,27.643,34.639,59.841
least-response-time-cache-off-warm500,70,3,12.5000,20.410,118.206,138.615,the,a-journey-to-the-centre-of-the-earth,1,,server-1,7,0,0,8.730,34.639,59.841
least-response-time-cache-off-warm500,70,3,12.5143,34.841,128.755,163.596,and,the-adventures-of-ferdinand-count-fathom-complete,1,,server-1,8,0,0,8.730,34.639,59.841
least-response-time-cache-off-warm500,70,3,12.5286,50.626,118.677,169.302,horse,leaves-of-grass,1,,server-1,9,0,0,12.859,34.639,59.841
least-response-time-cache-off-warm500,70,3,12.5429,75.217,53.920,129.138,he,the-kama-sutra-of-vatsyayana,1,,server-1,10,0,0,12.859,34.639,59.841
least-response-time-cache-off-warm500,70,3,12.5571,79.993,103.078,183.071,king,the-prince,1,,server-1,10,0,0,15.277,34.639,59.841
least-response-time-cache-off-warm500,70,3,12.5714,100.822,68.421,169.243,she,the-jungle,1,,server-1,11,0,0,27.212,34.639,59.841
least-response-time-cache-off-warm500,70,3,12.5857,91.801,101.151,192.952,king,the-picture-of-dorian-gray,1,,server-1,9,0,0,26.286,34.639,59.841
least-response-time-cache-off-warm500,70,3,12.6000,78.137,31.102,109.240,whale,the-hound-of-the-baskervilles,1,,server-1,10,0,0,26.286,34.639,59.841
least-response-time-cache-off-warm500,70,3,12.6143,83.257,81.071,164.327,the,north-and-south,1,,server-1,11,0,0,26.286,34.639,59.841
least-response-time-cache-off-warm500,70,3,12.6286,1.549,9.613,11.162,castle,herland,1,,server-2,11,1,0,46.625,34.639,59.841
least-response-time-cache-off-warm500,70,3,12.6429,1.517,17.759,19.275,letter,a-journey-to-the-centre-of-the-earth,1,,server-2,8,1,0,45.209,12.884,59.841
least-response-time-cache-off-warm500,70,3,12.6571,5.742,12.693,18.435,whale,treasure-island,1,,server-2,8,2,0,45.209,6.671,59.841
least-response-time-cache-off-warm500,70,3,12.6714,4.578,13.066,17.644,the,the-mysterious-affair-at-styles,1,,server-2,8,2,0,45.783,4.143,59.841
least-response-time-cache-off-warm500,70,3,12.6857,4.054,17.788,21.842,the,grimms-fairy-tales,1,,server-2,7,2,0,43.855,2.702,59.841
least-response-time-cache-off-warm500,70,3,12.7000,7.940,32.232,40.172,heart,the-romance-of-lust-a-classic-victorian-erotic-novel,1,,server-2,6,2,0,23.416,2.226,59.841
least-response-time-cache-off-warm500,70,3,12.7143,26.513,21.530,48.043,money,leaves-of-grass,1,,server-2,5,2,0,21.626,2.845,59.841
least-response-time-cache-off-warm500,70,3,12.7286,12.497,38.053,50.550,of,walden-and-on-the-duty-of-civil-disobedience,1,,server-2,5,3,0,21.626,2.845,59.841
least-response-time-cache-off-warm500,70,3,12.7429,19.652,57.417,77.070,he,myths-and-legends-of-ancient-greece-and-rome,1,,server-2,2,3,0,23.706,3.983,59.841
least-response-time-cache-off-warm500,70,3,12.7571,22.645,38.190,60.834,house,myths-and-legends-of-ancient-greece-and-rome,1,,server-2,2,4,0,23.706,3.225,59.841
least-response-time-cache-off-warm500,70,3,12.7714,8.562,36.059,44.621,she,black-beauty,1,,server-2,2,4,0,23.706,5.416,59.841
least-response-time-cache-off-warm500,70,3,12.7857,34.832,51.550,86.381,castle,herland,1,,server-2,0,4,0,28.148,5.270,59.841
least-response-time-cache-off-warm500,70,3,12.8000,20.913,51.108,72.020,letter,desert-gold,1,,server-2,0,5,0,28.148,5.270,59.841
least-response-time-cache-off-warm500,70,3,12.8143,6.789,51.058,57.847,letter,mansfield-park,1,,server-2,0,6,0,28.148,5.270,59.841
least-response-time-cache-off-warm500,70,3,12.8286,45.142,57.221,102.363,house,anne-of-green-gables,1,,server-2,0,4,0,28.148,4.485,59.841
least-response-time-cache-off-warm500,70,3,12.8429,30.508,22.933,53.441,london,the-mysterious-affair-at-styles,1,,server-2,0,5,0,28.148,4.485,59.841
least-response-time-cache-off-warm500,70,3,12.8571,16.373,24.458,40.831,you,black-beauty,1,,server-2,0,6,0,28.148,4.485,59.841
least-response-time-cache-off-warm500,70,3,12.8714,2.149,61.184,63.334,horse,the-house-of-mirth,1,,server-2,0,7,0,28.148,4.485,59.841
least-response-time-cache-off-warm500,70,3,12.8857,31.582,93.393,124.975,house,villette,1,,server-2,0,5,0,28.148,2.358,59.841
least-response-time-cache-off-warm500,70,3,12.9000,35.087,47.626,82.713,king,twenty-thousand-leagues-under-the-sea,1,,server-2,0,5,0,28.148,6.645,59.841
least-response-time-cache-off-warm500,70,3,12.9143,21.191,29.064,50.255,king,northanger-abbey,1,,server-2,0,6,0,28.148,6.645,59.841
least-response-time-cache-off-warm500,70,3,12.9286,7.511,29.881,37.392,night,his-last-bow,1,,server-2,0,6,0,28.148,9.145,59.841
least-response-time-cache-off-warm500,70,3,12.9429,40.118,82.386,122.503,the,the-moonstone,1,,server-2,0,5,0,28.148,5.135,59.841
least-response-time-cache-off-warm500,70,3,12.9571,53.995,12.063,66.058,was,the-hound-of-the-baskervilles,1,,server-2,0,6,0,28.148,5.135,59.841
least-response-time-cache-off-warm500,70,3,12.9714,40.307,47.949,88.256,night,silas-marner,1,,server-2,0,7,0,28.148,15.173,59.841
least-response-time-cache-off-warm500,70,3,12.9857,39.493,70.931,110.424,love,cranford,1,,server-2,0,5,0,28.148,17.660,59.841
least-response-time-cache-off-warm500,70,3,13.0000,14.157,78.244,92.400,whale,walden-and-on-the-duty-of-civil-disobedience,1,,server-2,0,6,0,28.148,17.660,59.841
least-response-time-cache-off-warm500,70,3,13.0143,10.985,148.950,159.935,and,little-women,1,,server-2,0,6,0,28.148,12.897,59.841
least-response-time-cache-off-warm500,70,3,13.0286,37.536,64.229,101.764,letter,silas-marner,1,,server-2,0,6,0,28.148,5.481,59.841
least-response-time-cache-off-warm500,70,3,13.0429,24.300,53.612,77.912,love,tess-of-the-d-urbervilles-a-pure-woman,1,,server-2,0,7,0,28.148,5.481,59.841
least-response-time-cache-off-warm500,70,3,13.0571,35.373,53.227,88.601,horse,the-last-of-the-mohicans-a-narrative-of-1757-27681,1,,server-2,0,8,0,28.148,5.481,59.841
least-response-time-cache-off-warm500,70,3,13.0714,49.479,121.472,170.951,love,pride-and-prejudice,1,,server-2,0,8,0,28.148,15.428,59.841
least-response-time-cache-off-warm500,70,3,13.0857,32.613,100.038,132.650,you,cranford,1,,server-2,0,9,0,28.148,13.256,59.841
least-response-time-cache-off-warm500,70,3,13.1000,45.673,54.514,100.187,death,the-adventures-of-ferdinand-count-fathom-complete,1,,server-2,0,8,0,28.148,15.731,59.841
least-response-time-cache-off-warm500,70,3,13.1143,60.329,90.024,150.354,money,dracula,1,,server-2,0,9,0,28.148,15.731,59.841
least-response-time-cache-off-warm500,70,3,13.1286,46.926,120.388,167.313,she,the-romance-of-lust-a-classic-victorian-erotic-novel,1,,server-2,0,9,0,28.148,14.879,59.841
least-response-time-cache-off-warm500,70,3,13.1429,57.696,160.539,218.234,london,dubliners,1,,server-2,0,10,0,28.148,21.321,59.841
least-response-time-cache-off-warm500,70,3,13.1571,59.165,110.508,169.672,he,jane-eyre-an-autobiography,1,,server-2,0,8,0,28.148,18.063,59.841
least-response-time-cache-off-warm500,70,3,13.1714,93.977,107.981,201.958,money,pride-and-prejudice,1,,server-2,0,9,0,28.148,18.063,59.841
least-response-time-cache-off-warm500,70,3,13.1857,110.959,77.522,188.480,money,persuasion,1,,server-2,0,9,0,28.148,23.047,59.841
least-response-time-cache-off-warm500,70,3,13.2000,123.141,103.240,226.380,night,villette,1,,server-2,0,10,0,28.148,27.810,59.841
least-response-time-cache-off-warm500,70,3,13.2143,158.224,56.648,214.872,you,the-iliad-2199,1,,server-2,0,11,0,28.148,23.439,59.841
least-response-time-cache-off-warm500,70,3,13.2286,2.492,34.466,36.958,was,the-iliad,1,,server-1,1,11,0,28.148,36.490,59.841
least-response-time-cache-off-warm500,70,3,13.2429,23.448,27.466,50.913,he,oliver-twist,1,,server-1,2,10,0,14.542,45.389,59.841
least-response-time-cache-off-warm500,70,3,13.2571,9.664,40.976,50.640,the,myths-and-legends-of-ancient-greece-and-rome,1,,server-1,3,10,0,14.542,45.389,59.841
least-response-time-cache-off-warm500,70,3,13.2714,36.559,35.771,72.330,heart,the-scarlet-letter,1,,server-1,3,10,0,5.785,47.885,59.841
least-response-time-cache-off-warm500,70,3,13.2857,18.358,27.409,45.768,castle,emma,1,,server-1,4,10,0,5.785,47.885,59.841
least-response-time-cache-off-warm500,70,3,13.3000,4.369,67.391,71.760,night,villette,1,,server-1,5,6,0,9.939,41.815,59.841
least-response-time-cache-off-warm500,70,3,13.3143,57.648,16.329,73.977,whale,autobiography-of-benjamin-franklin,1,,server-1,4,6,0,8.163,34.804,59.841
least-response-time-cache-off-warm500,70,3,13.3286,39.642,47.808,87.450,whale,the-wind-in-the-willows,1,,server-1,5,6,0,8.163,40.986,59.841
least-response-time-cache-off-warm500,70,3,13.3429,30.460,49.077,79.537,she,the-last-of-the-mohicans-a-narrative-of-1757,1,,server-1,6,6,0,17.350,40.986,59.841
least-response-time-cache-off-warm500,70,3,13.3571,18.575,68.831,87.406,you,the-return-of-sherlock-holmes-108,1,,server-1,6,5,0,16.806,38.703,59.841
least-response-time-cache-off-warm500,70,3,13.3714,25.501,64.726,90.227,letter,the-adventures-of-sherlock-holmes,1,,server-1,6,5,0,18.916,81.152,59.841
least-response-time-cache-off-warm500,70,3,13.3857,11.447,122.043,133.489,castle,the-innocents-abroad,1,,server-1,6,2,0,9.339,33.016,59.841
least-response-time-cache-off-warm500,70,3,13.4000,26.282,182.831,209.113,night,mary-barton,1,,server-1,6,2,0,8.065,33.016,59.841
least-response-time-cache-off-warm500,70,3,13.4143,30.615,117.933,148.548,whale,tess-of-the-d-urbervilles-a-pure-woman,1,,server-1,7,2,0,8.065,33.016,59.841
least-response-time-cache-off-warm500,70,3,13.4286,32.922,162.430,195.353,king,the-song-of-the-lark,1,,server-1,6,2,0,14.668,46.224,59.841
least-response-time-cache-off-warm500,70,3,13.4429,19.125,125.657,144.782,castle,wuthering-heights,1,,server-1,7,0,0,16.737,31.224,59.841
least-response-time-cache-off-warm500,70,3,13.4571,7.240,161.362,168.602,horse,his-last-bow,1,,server-1,8,0,0,19.150,31.224,59.841
least-response-time-cache-off-warm500,70,3,13.4714,47.987,135.382,183.369,night,northanger-abbey,1,,server-1,7,0,0,5.734,31.224,59.841
least-response-time-cache-off-warm500,70,3,13.4857,77.422,107.371,184.792,you,the-house-of-the-seven-gables,1,,server-1,8,0,0,5.734,31.224,59.841
least-response-time-cache-off-warm500,70,3,13.5000,64.358,77.519,141.877,letter,myths-and-legends-of-ancient-greece-and-rome,1,,server-1,9,0,0,5.734,31.224,59.841
least-response-time-cache-off-warm500,70,3,13.5143,111.749,72.240,183.989,king,the-moonstone,1,,server-1,10,0,0,12.577,31.224,59.841
least-response-time-cache-off-warm500,70,3,13.5286,100.138,93.788,193.926,he,little-women,1,,server-1,11,0,0,25.510,31.224,59.841
least-response-time-cache-off-warm500,70,3,13.5429,1.480,13.425,14.905,she,his-last-bow,1,,server-2,11,1,0,31.928,31.224,59.841
least-response-time-cache-off-warm500,70,3,13.5571,2.405,22.716,25.121,she,the-mystery-of-edwin-drood,1,,server-2,11,2,0,31.928,15.373,59.841
least-response-time-cache-off-warm500,70,3,13.5714,11.630,33.349,44.979,love,the-adventures-of-ferdinand-count-fathom-complete,1,,server-2,10,2,0,25.856,6.491,59.841
least-response-time-cache-off-warm500,70,3,13.5857,1.484,50.020,51.503,and,the-return-of-sherlock-holmes,1,,server-2,10,2,0,24.938,5.024,59.841
least-response-time-cache-off-warm500,70,3,13.6000,12.769,74.997,87.767,the,the-jungle,1,,server-2,10,3,0,44.760,2.639,59.841
least-response-time-cache-off-warm500,70,3,13.6143,3.404,67.173,70.577,night,jane-eyre-an-autobiography,1,,server-2,10,4,0,73.619,3.512,59.841
least-response-time-cache-off-warm500,70,3,13.6286,9.897,72.653,82.550,she,oliver-twist,1,,server-2,6,4,0,36.270,4.709,59.841
least-response-time-cache-off-warm500,70,3,13.6429,68.854,33.533,102.386,king,the-adventures-of-sherlock-holmes,1,,server-2,5,4,0,40.132,8.430,59.841
least-response-time-cache-off-warm500,70,3,13.6571,55.563,53.802,109.366,she,the-war-of-the-worlds,1,,server-2,4,5,0,37.381,8.430,59.841
least-response-time-cache-off-warm500,70,3,13.6714,41.138,64.166,105.305,sea,the-secret-garden,1,,server-2,3,6,0,41.152,8.430,59.841
least-response-time-cache-off-warm500,70,3,13.6857,27.786,102.340,130.126,castle,the-mystery-of-edwin-drood,1,,server-2,2,7,0,41.152,15.979,59.841
least-response-time-cache-off-warm500,70,3,13.7000,14.519,66.762,81.281,sea,desperate-remedies,1,,server-2,1,8,0,37.503,17.834,59.841
least-response-time-cache-off-warm500,70,3,13.7143,3.074,159.205,162.278,of,the-mysterious-island,1,,server-2,1,6,0,37.503,5.249,59.841
least-response-time-cache-off-warm500,70,3,13.7286,55.895,100.801,156.696,king,the-hound-of-the-baskervilles-3070,1,,server-2,0,7,0,32.741,2.700,59.841
least-response-time-cache-off-warm500,70,3,13.7429,43.889,165.044,208.933,letter,the-first-men-in-the-moon,1,,server-2,0,8,0,32.741,2.700,59.841
least-response-time-cache-off-warm500,70,3,13.7571,59.651,117.107,176.759,you,persuasion,1,,server-2,0,9,0,32.741,8.715,59.841
least-response-time-cache-off-warm500,70,3,13.7714,47.495,117.694,165.189,and,the-return-of-sherlock-holmes,1,,server-2,0,10,0,32.741,19.203,59.841
least-response-time-cache-off-warm500,70,3,13.7857,34.730,79.838,114.568,whale,dubliners,1,,server-2,0,7,0,32.741,14.968,59.841
least-response-time-cache-off-warm500,70,3,13.8000,77.261,105.629,182.890,london,a-princess-of-mars,1,,server-2,0,8,0,32.741,14.968,59.841
least-response-time-cache-off-warm500,70,3,13.8143,84.274,115.294,199.568,was,oliver-twist,1,,server-2,0,9,0,32.741,14.968,59.841
least-response-time-cache-off-warm500,70,3,13.8286,69.938,93.884,163.822,king,the-mysterious-affair-at-styles,1,,server-2,0,9,0,32.741,11.758,59.841
least-response-time-cache-off-warm500,70,3,13.8429,88.088,42.489,130.577,and,the-war-of-the-worlds,1,,server-2,0,10,0,32.741,11.758,59.841
least-response-time-cache-off-warm500,70,3,13.8571,54.872,61.696,116.568,money,memoirs-of-fanny-hill,1,,server-2,0,11,0,32.741,11.758,59.841
least-response-time-cache-off-warm500,70,3,13.8714,102.127,64.206,166.334,he,mary-barton,1,,server-2,0,12,0,32.741,11.758,59.841
least-response-time-cache-off-warm500,70,3,13.8857,1.995,25.747,27.742,whale,desperate-remedies,1,,server-1,1,12,0,32.741,35.204,59.841
least-response-time-cache-off-warm500,70,3,13.9000,13.634,13.258,26.892,whale,black-beauty,1,,server-1,2,10,0,16.835,38.934,59.841
least-response-time-cache-off-warm500,70,3,13.9143,12.404,12.083,24.487,she,frankenstein-or-the-modern-prometheus-41445,1,,server-1,2,10,0,9.179,24.681,59.841
least-response-time-cache-off-warm500,70,3,13.9286,10.691,29.616,40.307,sea,the-moonstone,1,,server-1,2,10,0,5.764,24.681,59.841
least-response-time-cache-off-warm500,70,3,13.9429,26.880,31.511,58.391,he,pride-and-prejudice,1,,server-1,2,9,0,3.815,41.333,59.841
least-response-time-cache-off-warm500,70,3,13.9571,12.331,10.919,23.250,castle,herland,1,,server-1,3,8,0,3.815,55.015,59.841
least-response-time-cache-off-warm500,70,3,13.9714,27.153,32.305,59.458,sea,dubliners,1,,server-1,3,8,0,4.590,46.202,59.841
least-response-time-cache-off-warm500,70,3,13.9857,16.424,26.911,43.335,love,hard-times,1,,server-1,4,3,0,4.947,28.808,59.841
least-response-time-cache-off-warm500,70,3,14.0000,2.856,51.291,54.147,letter,the-last-of-the-mohicans-a-narrative-of-1757,1,,server-1,4,2,0,7.551,28.081,59.841
least-response-time-cache-off-warm500,70,3,14.0143,16.897,59.737,76.633,of,mary-barton,1,,server-1,4,2,0,3.377,42.729,59.841
least-response-time-cache-off-warm500,70,3,14.0286,3.308,75.146,78.454,sea,grimms-fairy-tales,1,,server-1,5,1,0,7.922,34.388,59.841
least-response-time-cache-off-warm500,70,3,14.0429,21.448,73.952,95.400,you,washington-square,1,,server-1,4,0,0,3.417,29.186,59.841
least-response-time-cache-off-warm500,70,3,14.0571,45.626,38.319,83.945,the,emma,1,,server-1,5,0,0,9.933,29.186,59.841
least-response-time-cache-off-warm500,70,3,14.0714,32.969,73.481,106.450,heart,mary-barton,1,,server-1,5,0,0,9.899,29.186,59.841
least-response-time-cache-off-warm500,70,3,14.0857,21.343,43.462,64.804,death,the-lost-world,1,,server-1,6,0,0,9.899,29.186,59.841
least-response-time-cache-off-warm500,70,3,14.1000,41.602,57.144,98.746,he,far-from-the-madding-crowd,1,,server-1,7,0,0,21.848,29.186,59.841
least-response-time-cache-off-warm500,70,3,14.1143,62.701,35.892,98.593,was,persuasion,1,,server-1,6,0,0,10.972,29.186,59.841
least-response-time-cache-off-warm500,70,3,14.1286,82.570,75.416,157.986,and,the-works-of-edgar-allan-poe-volume-2,1,,server-1,7,0,0,10.972,29.186,59.841
least-response-time-cache-off-warm500,70,3,14.1429,70.105,47.834,117.938,she,a-connecticut-yankee-in-king-arthur-s-court,1,,server-1,8,0,0,24.696,29.186,59.841
least-response-time-cache-off-warm500,70,3,14.1571,56.226,44.730,100.956,love,the-kama-sutra-of-vatsyayana,1,,server-1,9,0,0,21.232,29.186,59.841
least-response-time-cache-off-warm500,70,3,14.1714,42.705,101.398,144.102,horse,jude-the-obscure,1,,server-1,10,0,0,21.232,29.186,59.841
least-response-time-cache-off-warm500,70,3,14.1857,28.631,76.815,105.446,and,villette,1,,server-1,7,0,0,21.926,29.186,59.841
least-response-time-cache-off-warm500,70,3,14.2000,19.687,143.044,162.731,of,mary-barton,1,,server-1,8,0,0,28.633,29.186,59.841
least-response-time-cache-off-warm500,70,3,14.2143,29.550,94.483,124.033,london,mary-barton,1,,server-1,7,0,0,10.604,29.186,59.841
least-response-time-cache-off-warm500,70,3,14.2286,57.663,114.997,172.659,whale,the-warden,1,,server-1,8,0,0,7.689,29.186,59.841
least-response-time-cache-off-warm500,70,3,14.2429,48.416,109.770,158.186,you,the-adventures-of-sherlock-holmes,1,,server-1,9,0,0,10.949,29.186,59.841
least-response-time-cache-off-warm500,70,3,14.2571,34.442,84.473,118.915,you,around-the-world-in-eighty-days,1,,server-1,10,0,0,9.617,29.186,59.841
least-response-time-cache-off-warm500,70,3,14.2714,91.394,50.449,141.842,horse,the-scarlet-letter,1,,server-1,11,0,0,20.179,29.186,59.841
least-response-time-cache-off-warm500,70,3,14.2857,2.209,23.560,25.769,death,the-jungle,1,,server-2,11,1,0,31.388,29.186,59.841
least-response-time-cache-off-warm500,70,3,14.3000,64.581,66.976,131.557,death,the-works-of-edgar-allan-poe-volume-2,1,,server-1,9,1,0,12.196,15.018,59.841
least-response-time-cache-off-warm500,70,3,14.3143,1.709,12.975,14.684,sea,the-first-men-in-the-moon,1,,server-2,8,1,0,17.532,13.311,59.841
least-response-time-cache-off-warm500,70,3,14.3286,1.833,13.723,15.556,was,autobiography-of-benjamin-franklin,1,,server-2,8,2,0,33.763,7.994,59.841
least-response-time-cache-off-warm500,70,3,14.3429,1.860,18.689,20.549,castle,the-house-of-the-seven-gables,1,,server-2,7,2,0,40.770,3.352,59.841
least-response-time-cache-off-warm500,70,3,14.3571,6.907,21.486,28.393,letter,leaves-of-grass,1,,server-2,7,2,0,40.770,2.291,59.841
least-response-time-cache-off-warm500,70,3,14.3714,14.910,10.919,25.829,and,the-hound-of-the-baskervilles-3070,1,,server-2,5,2,0,29.960,2.870,59.841
least-response-time-cache-off-warm500,70,3,14.3857,2.283,16.646,18.928,sea,the-hound-of-the-baskervilles-3070,1,,server-2,5,2,0,34.137,5.061,59.841
least-response-time-cache-off-warm500,70,3,14.4000,5.422,14.181,19.603,horse,meditations,1,,server-2,4,3,0,33.846,3.148,59.841
least-response-time-cache-off-warm500,70,3,14.4143,5.970,12.301,18.272,was,the-lost-world,1,,server-2,1,2,0,33.600,2.926,59.841
least-response-time-cache-off-warm500,70,3,14.4286,4.581,9.819,14.400,castle,poirot-investigates,1,,server-2,1,2,0,33.600,2.607,59.841
least-response-time-cache-off-warm500,70,3,14.4429,1.771,33.966,35.737,money,the-mysterious-island,1,,server-2,0,2,0,26.953,2.965,59.841
least-response-time-cache-off-warm500,70,3,14.4571,22.108,30.406,52.514,letter,life-on-the-mississippi,1,,server-2,0,2,0,26.953,1.586,59.841
least-response-time-cache-off-warm500,70,3,14.4714,7.967,9.810,17.776,the,the-hound-of-the-baskervilles-3070,1,,server-2,0,3,0,26.953,1.586,59.841
least-response-time-cache-off-warm500,70,3,14.4857,4.197,38.923,43.121,letter,the-adventures-of-tom-sawyer-complete,1,,server-2,0,3,0,26.953,3.399,59.841
least-response-time-cache-off-warm500,70,3,14.5000,11.319,32.033,43.352,letter,the-mysterious-affair-at-styles,1,,server-2,0,3,0,26.953,2.907,59.841
least-response-time-cache-off-warm500,70,3,14.5143,27.477,16.869,44.346,london,persuasion,1,,server-2,0,3,0,26.953,5.478,59.841
least-response-time-cache-off-warm500,70,3,14.5286,14.864,26.194,41.059,was,the-mysterious-affair-at-styles,1,,server-2,0,4,0,26.953,9.670,59.841
least-response-time-cache-off-warm500,70,3,14.5429,2.519,45.460,47.979,sea,the-song-of-the-lark,1,,server-2,0,4,0,26.953,9.478,59.841
least-response-time-cache-off-warm500,70,3,14.5571,13.500,37.336,50.836,he,hard-times,1,,server-2,0,4,0,26.953,5.432,59.841
least-response-time-cache-off-warm500,70,3,14.5714,20.313,27.769,48.083,she,northanger-abbey,1,,server-2,0,3,0,26.953,7.778,59.841
least-response-time-cache-off-warm500,70,3,14.5857,7.045,57.700,64.746,the,the-mysterious-island,1,,server-2,0,4,0,26.953,7.778,59.841
least-response-time-cache-off-warm500,70,3,14.6000,20.857,41.281,62.138,king,dubliners,1,,server-2,0,4,0,26.953,5.030,59.841
least-response-time-cache-off-warm500,70,3,14.6143,7.446,54.539,61.986,you,the-king-in-yellow,1,,server-2,0,5,0,26.953,7.326,59.841
least-response-time-cache-off-warm500,70,3,14.6286,45.877,37.995,83.872,king,treasure-island,1,,server-2,0,4,0,26.953,4.364,59.841
least-response-time-cache-off-warm500,70,3,14.6429,33.735,53.709,87.444,you,the-mystery-of-edwin-drood,1,,server-2,0,5,0,26.953,4.364,59.841
least-response-time-cache-off-warm500,70,3,14.6571,17.127,53.432,70.558,letter,around-the-world-in-eighty-days,1,,server-2,0,6,0,26.953,11.844,59.841
least-response-time-cache-off-warm500,70,3,14.6714,8.533,71.876,80.409,letter,the-return-of-sherlock-holmes,1,,server-2,0,6,0,26.953,17.206,59.841
least-response-time-cache-off-warm500,70,3,14.6857,45.294,62.809,108.103,king,pride-and-prejudice,1,,server-2,0,5,0,26.953,6.290,59.841
least-response-time-cache-off-warm500,70,3,14.7000,31.992,63.472,95.464,horse,leaves-of-grass,1,,server-2,0,6,0,26.953,6.290,59.841
least-response-time-cache-off-warm500,70,3,14.7143,18.983,111.086,130.069,house,the-adventures-of-ferdinand-count-fathom-complete,1,,server-2,0,7,0,26.953,12.187,59.841
least-response-time-cache-off-warm500,70,3,14.7286,20.596,130.108,150.704,was,mansfield-park,1,,server-2,0,8,0,26.953,23.939,59.841
least-response-time-cache-off-warm500,70,3,14.7429,52.900,156.045,208.945,was,the-divine-comedy,1,,server-2,0,6,0,26.953,7.585,59.841
least-response-time-cache-off-warm500,70,3,14.7571,40.655,81.318,121.973,letter,the-adventures-of-sherlock-holmes,1,,server-2,0,7,0,26.953,20.760,59.841
least-response-time-cache-off-warm500,70,3,14.7714,26.538,58.364,84.902,he,persuasion,1,,server-2,0,8,0,26.953,20.892,59.841
least-response-time-cache-off-warm500,70,3,14.7857,33.863,77.717,111.580,and,a-journey-to-the-centre-of-the-earth,1,,server-2,0,9,0,26.953,20.892,59.841
least-response-time-cache-off-warm500,70,3,14.8000,72.086,84.508,156.593,whale,the-iliad,1,,server-2,0,7,0,26.953,9.827,59.841
least-response-time-cache-off-warm500,70,3,14.8143,65.117,86.388,151.505,and,beyond-good-and-evil,1,,server-2,0,8,0,26.953,9.827,59.841
least-response-time-cache-off-warm500,70,3,14.8286,71.279,94.743,166.022,whale,the-adventures-of-tom-sawyer-complete,1,,server-2,0,9,0,26.953,11.997,59.841
least-response-time-cache-off-warm500,70,3,14.8429,37.325,112.217,149.542,was,leaves-of-grass,1,,server-2,0,10,0,26.953,11.997,59.841
least-response-time-cache-off-warm500,70,3,14.8571,1.786,13.909,15.695,money,a-journey-to-the-centre-of-the-earth,1,,server-1,1,10,0,26.953,39.524,59.841
least-response-time-cache-off-warm500,70,3,14.8714,2.042,13.906,15.948,whale,his-last-bow,1,,server-1,2,10,0,13.895,34.617,59.841
least-response-time-cache-off-warm500,70,3,14.8857,2.297,12.125,14.422,whale,a-princess-of-mars,1,,server-1,2,6,0,5.784,18.600,59.841
least-response-time-cache-off-warm500,70,3,14.9000,1.472,31.213,32.685,and,far-from-the-madding-crowd,1,,server-1,2,5,0,3.809,18.743,59.841
least-response-time-cache-off-warm500,70,3,14.9143,19.181,18.479,37.661,sea,the-return-of-sherlock-holmes-108,1,,server-1,2,5,0,2.033,18.743,59.841
least-response-time-cache-off-warm500,70,3,14.9286,5.134,37.965,43.099,castle,the-american,1,,server-1,3,5,0,2.033,19.362,59.841
least-response-time-cache-off-warm500,70,3,14.9429,9.806,33.292,43.098,she,myths-and-legends-of-ancient-greece-and-rome,1,,server-1,3,5,0,2.872,19.362,59.841
least-response-time-cache-off-warm500,70,3,14.9571,16.374,62.258,78.632,money,pride-and-prejudice,1,,server-1,4,4,0,4.152,45.161,59.841
least-response-time-cache-off-warm500,70,3,14.9714,2.256,60.638,62.894,castle,the-tenant-of-wildfell-hall,1,,server-1,4,4,0,12.725,44.081,59.841
least-response-time-cache-off-warm500,70,3,14.9857,50.635,17.759,68.394,sea,the-memoirs-of-sherlock-holmes,1,,server-1,4,4,0,6.497,38.153,59.841
