label,rate,run,t_s,conn_ms,rpc_ms,total_ms,keyword,reference,ok,error_type,selected_server,server_1_connections,server_2_connections,server_3_connections,server_1_response_ewma_ms,server_2_response_ewma_ms,server_3_response_ewma_ms
least-response-time-cache-off-warm500,130,3,0.0000,3.974,19.422,23.396,he,the-secret-garden,1,,server-3,0,0,1,70.307,54.569,4.911
least-response-time-cache-off-warm500,130,3,0.0077,15.904,48.154,64.058,you,grimms-fairy-tales,1,,server-3,0,0,2,70.307,54.569,2.720
least-response-time-cache-off-warm500,130,3,0.0154,8.883,12.171,21.054,of,cranford,1,,server-3,0,0,3,70.307,54.569,2.720
least-response-time-cache-off-warm500,130,3,0.0231,1.306,26.484,27.790,money,the-return-of-sherlock-holmes,1,,server-3,0,0,3,70.307,54.569,4.608
least-response-time-cache-off-warm500,130,3,0.0308,41.988,11.485,53.474,night,cranford,1,,server-3,0,0,4,70.307,54.569,1.563
least-response-time-cache-off-warm500,130,3,0.0385,35.324,86.127,121.451,heart,the-scarlet-letter,1,,server-3,0,0,5,70.307,54.569,3.389
least-response-time-cache-off-warm500,130,3,0.0462,28.842,217.511,246.354,was,far-from-the-madding-crowd,1,,server-3,0,0,6,70.307,54.569,3.389
least-response-time-cache-off-warm500,130,3,0.0538,20.814,37.034,57.847,and,the-secret-garden-17396,1,,server-3,0,0,7,70.307,54.569,7.766
least-response-time-cache-off-warm500,130,3,0.0615,13.667,88.469,102.136,and,myths-and-legends-of-ancient-greece-and-rome,1,,server-3,0,0,8,70.307,54.569,7.766
least-response-time-cache-off-warm500,130,3,0.0692,16.629,72.685,89.314,the,persuasion,1,,server-3,0,0,9,70.307,54.569,7.766
least-response-time-cache-off-warm500,130,3,0.0769,11.817,114.253,126.070,night,hard-times,1,,server-3,0,0,7,70.307,54.569,4.624
least-response-time-cache-off-warm500,130,3,0.0846,24.812,92.075,116.887,death,jane-eyre-an-autobiography,1,,server-3,0,0,8,70.307,54.569,8.084
least-response-time-cache-off-warm500,130,3,0.0923,72.551,131.688,204.239,castle,the-romance-of-lust-a-classic-victorian-erotic-novel,1,,server-3,0,0,8,70.307,54.569,3.159
least-response-time-cache-off-warm500,130,3,0.1000,64.621,57.290,121.911,she,thus-spake-zarathustra-a-book-for-all-and-none,1,,server-3,0,0,9,70.307,54.569,3.159
least-response-time-cache-off-warm500,130,3,0.1077,112.642,110.594,223.237,london,oliver-twist,1,,server-3,0,0,10,70.307,54.569,3.159
least-response-time-cache-off-warm500,130,3,0.1154,185.081,50.442,235.523,letter,the-lost-world,1,,server-3,0,0,11,70.307,54.569,12.852
least-response-time-cache-off-warm500,130,3,0.1231,181.585,99.090,280.675,and,great-expectations,1,,server-3,0,0,12,70.307,54.569,12.852
least-response-time-cache-off-warm500,130,3,0.1308,172.501,49.175,221.676,he,the-hound-of-the-baskervilles,1,,server-3,0,0,13,70.307,54.569,12.852
least-response-time-cache-off-warm500,130,3,0.1385,192.650,68.535,261.185,love,the-last-of-the-mohicans-a-narrative-of-1757,1,,server-3,0,0,14,70.307,54.569,12.852
least-response-time-cache-off-warm500,130,3,0.1462,196.724,83.118,279.842,love,wuthering-heights,1,,server-3,0,0,15,70.307,54.569,12.852
least-response-time-cache-off-warm500,130,3,0.1538,251.795,130.674,382.468,house,north-and-south,1,,server-3,0,0,16,70.307,54.569,12.852
least-response-time-cache-off-warm500,130,3,0.1615,242.654,70.581,313.235,she,the-last-of-the-mohicans-a-narrative-of-1757-27681,1,,server-3,0,0,15,70.307,54.569,27.919
least-response-time-cache-off-warm500,130,3,0.1692,238.062,132.138,370.199,letter,walden-and-on-the-duty-of-civil-disobedience,1,,server-3,0,0,14,70.307,54.569,16.465
least-response-time-cache-off-warm500,130,3,0.1769,229.001,75.567,304.567,was,the-great-gatsby,1,,server-3,0,0,15,70.307,54.569,16.465
least-response-time-cache-off-warm500,130,3,0.1846,222.503,118.236,340.739,london,treasure-island,1,,server-3,0,0,16,70.307,54.569,16.465
least-response-time-cache-off-warm500,130,3,0.1923,215.471,203.408,418.878,of,far-from-the-madding-crowd,1,,server-3,0,0,17,70.307,54.569,16.465
least-response-time-cache-off-warm500,130,3,0.2000,242.922,99.562,342.484,she,myths-and-legends-of-ancient-greece-and-rome,1,,server-3,0,0,18,70.307,54.569,16.465
least-response-time-cache-off-warm500,130,3,0.2077,266.812,210.922,477.734,he,oliver-twist,1,,server-3,0,0,19,70.307,54.569,41.650
least-response-time-cache-off-warm500,130,3,0.2154,308.441,122.787,431.228,whale,madame-bovary,1,,server-3,0,0,20,70.307,54.569,41.650
least-response-time-cache-off-warm500,130,3,0.2231,302.141,162.603,464.744,castle,wuthering-heights,1,,server-3,0,0,21,70.307,54.569,36.007
least-response-time-cache-off-warm500,130,3,0.2308,293.246,73.418,366.664,the,the-first-men-in-the-moon,1,,server-3,0,0,22,70.307,54.569,36.007
least-response-time-cache-off-warm500,130,3,0.2385,297.606,151.494,449.100,london,washington-square,1,,server-3,0,0,23,70.307,54.569,36.007
least-response-time-cache-off-warm500,130,3,0.2462,295.238,146.532,441.770,sea,desert-gold,1,,server-3,0,0,24,70.307,54.569,36.007
least-response-time-cache-off-warm500,130,3,0.2538,291.077,144.053,435.130,london,the-first-men-in-the-moon,1,,server-3,0,0,25,70.307,54.569,36.007
least-response-time-cache-off-warm500,130,3,0.2615,283.496,167.052,450.547,she,mary-barton,1,,server-3,0,0,26,70.307,54.569,36.007
least-response-time-cache-off-warm500,130,3,0.2692,326.448,155.673,482.122,london,oliver-twist,1,,server-3,0,0,27,70.307,54.569,36.007
least-response-time-cache-off-warm500,130,3,0.2769,408.155,62.915,471.070,she,the-house-of-mirth,1,,server-3,0,0,28,70.307,54.569,36.007
least-response-time-cache-off-warm500,130,3,0.2846,9.554,58.996,68.550,was,walden-and-on-the-duty-of-civil-disobedience,1,,server-2,0,1,28,70.307,54.569,77.692
least-response-time-cache-off-warm500,130,3,0.2923,1.936,63.626,65.562,was,north-and-south,1,,server-2,0,2,27,70.307,54.569,77.692
least-response-time-cache-off-warm500,130,3,0.3000,53.169,37.193,90.362,you,meditations,1,,server-2,0,3,23,70.307,14.539,85.740
least-response-time-cache-off-warm500,130,3,0.3077,50.745,92.913,143.658,she,treasure-island,1,,server-2,0,4,23,70.307,14.539,58.593
least-response-time-cache-off-warm500,130,3,0.3154,44.715,15.977,60.692,king,the-secret-garden-17396,1,,server-2,0,5,23,70.307,14.539,58.593
least-response-time-cache-off-warm500,130,3,0.3231,38.904,35.083,73.987,horse,the-prince,1,,server-2,0,6,23,70.307,14.539,58.593
least-response-time-cache-off-warm500,130,3,0.3308,32.583,89.583,122.166,money,white-fang,1,,server-2,0,7,23,70.307,14.539,44.440
least-response-time-cache-off-warm500,130,3,0.3385,23.171,91.496,114.667,whale,the-lost-world,1,,server-2,0,8,23,70.307,14.539,53.929
least-response-time-cache-off-warm500,130,3,0.3462,15.263,55.117,70.380,horse,the-american,1,,server-2,0,9,23,70.307,14.539,44.610
least-response-time-cache-off-warm500,130,3,0.3538,37.045,113.461,150.506,horse,north-and-south,1,,server-2,0,10,21,70.307,29.379,31.105
least-response-time-cache-off-warm500,130,3,0.3615,52.757,84.902,137.659,castle,a-princess-of-mars,1,,server-2,0,9,21,70.307,7.338,31.105
least-response-time-cache-off-warm500,130,3,0.3692,70.890,73.360,144.250,house,the-jungle-book,1,,server-2,0,10,21,70.307,4.233,31.105
least-response-time-cache-off-warm500,130,3,0.3769,95.251,74.461,169.712,and,the-return-of-sherlock-holmes,1,,server-2,0,10,21,70.307,8.599,29.502
least-response-time-cache-off-warm500,130,3,0.3846,70.276,177.042,247.318,horse,little-women,1,,server-2,0,11,21,70.307,8.599,29.502
least-response-time-cache-off-warm500,130,3,0.3923,112.699,98.446,211.145,king,persuasion,1,,server-2,0,12,21,70.307,14.239,29.502
least-response-time-cache-off-warm500,130,3,0.4000,71.871,55.826,127.697,you,the-works-of-edgar-allan-poe-volume-2,1,,server-2,0,13,21,70.307,15.548,83.625
least-response-time-cache-off-warm500,130,3,0.4077,96.907,85.325,182.232,sea,the-portrait-of-a-lady-volume-1,1,,server-2,0,14,18,70.307,15.548,40.966
least-response-time-cache-off-warm500,130,3,0.4154,98.634,128.758,227.392,house,twenty-thousand-leagues-under-the-sea,1,,server-2,0,14,18,70.307,17.146,40.966
least-response-time-cache-off-warm500,130,3,0.4231,107.198,114.712,221.910,love,myths-and-legends-of-ancient-greece-and-rome,1,,server-2,0,14,18,70.307,24.573,40.966
least-response-time-cache-off-warm500,130,3,0.4308,112.335,148.675,261.010,she,beyond-good-and-evil,1,,server-2,0,15,18,70.307,21.947,64.889
least-response-time-cache-off-warm500,130,3,0.4385,110.452,122.796,233.248,was,the-king-in-yellow,1,,server-2,0,16,18,70.307,31.193,64.889
least-response-time-cache-off-warm500,130,3,0.4462,137.294,135.878,273.173,she,anne-of-green-gables,1,,server-2,0,17,18,70.307,23.846,91.422
least-response-time-cache-off-warm500,130,3,0.4538,168.288,101.632,269.920,heart,the-moonstone,1,,server-2,0,15,18,70.307,37.589,77.551
least-response-time-cache-off-warm500,130,3,0.4615,186.465,107.092,293.557,she,the-odyssey,1,,server-2,0,15,17,70.307,33.966,109.843
least-response-time-cache-off-warm500,130,3,0.4692,247.048,96.671,343.719,and,the-secret-adversary,1,,server-2,0,16,17,70.307,33.966,109.843
least-response-time-cache-off-warm500,130,3,0.4769,216.241,63.902,280.143,whale,meditations,1,,server-2,0,17,17,70.307,32.971,78.685
least-response-time-cache-off-warm500,130,3,0.4846,254.821,59.996,314.817,whale,dracula,1,,server-2,0,18,17,70.307,32.971,66.206
least-response-time-cache-off-warm500,130,3,0.4923,263.708,103.053,366.761,london,the-portrait-of-a-lady-volume-1,1,,server-2,0,19,17,70.307,32.971,66.206
least-response-time-cache-off-warm500,130,3,0.5000,252.626,42.697,295.323,horse,the-mystery-of-edwin-drood,1,,server-2,0,20,17,70.307,33.641,66.206
least-response-time-cache-off-warm500,130,3,0.5077,247.758,80.510,328.268,whale,life-on-the-mississippi,1,,server-2,0,20,17,70.307,37.034,109.633
least-response-time-cache-off-warm500,130,3,0.5154,242.249,202.278,444.527,death,grimms-fairy-tales,1,,server-2,0,20,17,70.307,39.285,109.633
least-response-time-cache-off-warm500,130,3,0.5231,270.524,129.200,399.724,horse,grimms-fairy-tales,1,,server-2,0,21,15,70.307,39.285,106.930
least-response-time-cache-off-warm500,130,3,0.5308,270.145,84.045,354.190,you,dracula,1,,server-2,0,21,15,70.307,39.842,54.457
least-response-time-cache-off-warm500,130,3,0.5385,170.027,65.622,235.649,the,dracula,1,,server-3,0,21,15,70.307,39.842,34.211
least-response-time-cache-off-warm500,130,3,0.5462,290.713,72.764,363.477,castle,the-jungle,1,,server-2,0,22,12,70.307,34.357,78.543
least-response-time-cache-off-warm500,130,3,0.5538,303.414,101.190,404.604,she,washington-square,1,,server-2,0,22,12,70.307,22.463,64.432
least-response-time-cache-off-warm500,130,3,0.5615,320.687,79.985,400.671,death,the-mystery-of-edwin-drood,1,,server-2,0,23,12,70.307,22.463,64.432
least-response-time-cache-off-warm500,130,3,0.5692,353.636,59.966,413.602,money,sense-and-sensibility,1,,server-2,0,23,12,70.307,41.965,64.432
least-response-time-cache-off-warm500,130,3,0.5769,386.179,70.621,456.800,castle,anne-of-green-gables,1,,server-2,0,24,12,70.307,41.965,111.825
least-response-time-cache-off-warm500,130,3,0.5846,378.014,33.030,411.044,you,northanger-abbey,1,,server-2,0,25,12,70.307,36.814,111.825
least-response-time-cache-off-warm500,130,3,0.5923,370.098,99.144,469.241,horse,myths-and-legends-of-ancient-greece-and-rome,1,,server-2,0,26,12,70.307,46.350,111.825
least-response-time-cache-off-warm500,130,3,0.6000,365.063,46.767,411.830,letter,the-lost-world,1,,server-2,0,27,12,70.307,46.350,87.714
least-response-time-cache-off-warm500,130,3,0.6077,358.867,92.698,451.565,love,poirot-investigates,1,,server-2,0,28,12,70.307,58.542,87.714
least-response-time-cache-off-warm500,130,3,0.6154,380.610,114.732,495.341,was,wuthering-heights,1,,server-2,0,29,12,70.307,58.542,84.271
least-response-time-cache-off-warm500,130,3,0.6231,376.204,75.901,452.104,night,the-adventures-of-sherlock-holmes,1,,server-2,0,30,11,70.307,48.889,74.671
least-response-time-cache-off-warm500,130,3,0.6308,362.947,38.208,401.154,night,the-lost-world,1,,server-2,0,30,12,70.307,48.889,84.271
least-response-time-cache-off-warm500,130,3,0.6385,371.793,102.556,474.349,king,jude-the-obscure,1,,server-2,0,31,11,70.307,48.889,74.671
least-response-time-cache-off-warm500,130,3,0.6462,1.410,17.649,19.059,she,the-wind-in-the-willows,1,,server-1,1,31,11,70.307,91.866,125.941
least-response-time-cache-off-warm500,130,3,0.6538,11.052,28.396,39.447,night,the-secret-adversary,1,,server-1,2,28,11,36.076,50.506,125.941
least-response-time-cache-off-warm500,130,3,0.6615,3.569,28.448,32.018,heart,his-last-bow,1,,server-1,3,28,11,36.076,50.506,125.941
least-response-time-cache-off-warm500,130,3,0.6692,24.298,38.682,62.980,was,little-women,1,,server-1,3,28,10,7.526,71.190,125.941
least-response-time-cache-off-warm500,130,3,0.6769,17.279,58.676,75.955,he,the-return-of-sherlock-holmes,1,,server-1,4,28,10,7.526,100.603,125.941
least-response-time-cache-off-warm500,130,3,0.6846,9.816,12.851,22.668,you,his-last-bow,1,,server-1,5,28,10,7.526,100.603,125.941
least-response-time-cache-off-warm500,130,3,0.6923,2.607,76.516,79.122,she,madame-bovary,1,,server-1,6,27,6,10.441,96.284,62.772
least-response-time-cache-off-warm500,130,3,0.7000,53.743,66.115,119.858,london,the-king-in-yellow,1,,server-1,5,26,6,1.924,81.596,62.772
least-response-time-cache-off-warm500,130,3,0.7077,64.681,35.580,100.261,london,mary-barton,1,,server-1,6,26,6,4.026,81.596,62.772
least-response-time-cache-off-warm500,130,3,0.7154,56.452,12.812,69.263,the,the-war-of-the-worlds,1,,server-1,7,26,3,4.026,60.355,45.517
least-response-time-cache-off-warm500,130,3,0.7231,49.409,69.100,118.509,and,the-last-of-the-mohicans-a-narrative-of-1757-27681,1,,server-1,8,25,3,4.026,70.104,45.517
least-response-time-cache-off-warm500,130,3,0.7308,74.871,57.234,132.105,the,twenty-thousand-leagues-under-the-sea,1,,server-1,9,25,3,4.026,49.784,45.517
least-response-time-cache-off-warm500,130,3,0.7385,82.470,56.470,138.940,heart,the-adventures-of-sherlock-holmes,1,,server-1,10,24,3,13.629,42.609,45.517
least-response-time-cache-off-warm500,130,3,0.7462,75.005,67.569,142.574,king,the-secret-adversary,1,,server-1,11,23,3,13.629,144.294,45.517
least-response-time-cache-off-warm500,130,3,0.7538,88.104,65.132,153.236,she,the-picture-of-dorian-gray,1,,server-1,11,23,1,15.330,117.980,43.982
least-response-time-cache-off-warm500,130,3,0.7615,80.605,68.079,148.685,love,the-jungle-book,1,,server-1,10,21,1,15.330,32.424,43.982
least-response-time-cache-off-warm500,130,3,0.7692,94.551,59.823,154.374,love,twenty-thousand-leagues-under-the-sea,1,,server-1,11,21,1,15.330,73.682,43.982
least-response-time-cache-off-warm500,130,3,0.7769,100.686,72.153,172.839,sea,kidnapped,1,,server-1,11,21,0,16.241,73.682,38.037
least-response-time-cache-off-warm500,130,3,0.7846,123.573,65.612,189.185,heart,the-last-of-the-mohicans-a-narrative-of-1757,1,,server-1,12,21,0,15.215,73.682,38.037
least-response-time-cache-off-warm500,130,3,0.7923,96.569,49.317,145.886,money,memoirs-of-fanny-hill,1,,server-1,13,21,0,12.250,73.682,38.037
least-response-time-cache-off-warm500,130,3,0.8000,126.986,74.881,201.867,house,a-princess-of-mars,1,,server-1,14,21,0,12.250,37.073,38.037
least-response-time-cache-off-warm500,130,3,0.8077,142.307,37.519,179.826,of,washington-square,1,,server-1,14,19,0,26.543,54.537,38.037
least-response-time-cache-off-warm500,130,3,0.8154,123.405,177.176,300.581,sea,the-romance-of-lust-a-classic-victorian-erotic-novel,1,,server-1,15,19,0,26.543,77.308,38.037
least-response-time-cache-off-warm500,130,3,0.8231,127.353,75.360,202.713,he,a-connecticut-yankee-in-king-arthur-s-court,1,,server-1,16,19,0,33.498,77.308,38.037
least-response-time-cache-off-warm500,130,3,0.8308,120.074,88.225,208.300,and,myths-and-legends-of-ancient-greece-and-rome,1,,server-1,17,19,0,33.498,77.308,38.037
least-response-time-cache-off-warm500,130,3,0.8385,113.465,143.973,257.438,night,tess-of-the-d-urbervilles-a-pure-woman,1,,server-1,17,19,0,25.284,99.284,38.037
least-response-time-cache-off-warm500,130,3,0.8462,125.019,241.113,366.132,castle,the-mysterious-affair-at-styles,1,,server-1,16,19,0,16.147,99.284,38.037
least-response-time-cache-off-warm500,130,3,0.8538,120.861,73.217,194.078,he,dubliners,1,,server-1,17,19,0,16.147,99.284,38.037
least-response-time-cache-off-warm500,130,3,0.8615,114.580,141.040,255.620,sea,a-connecticut-yankee-in-king-arthur-s-court,1,,server-1,18,17,0,31.124,74.067,38.037
least-response-time-cache-off-warm500,130,3,0.8692,133.575,162.331,295.906,king,villette,1,,server-1,19,16,0,29.910,99.299,38.037
least-response-time-cache-off-warm500,130,3,0.8769,149.569,184.574,334.143,heart,a-tale-of-two-cities,1,,server-1,20,16,0,29.910,99.299,38.037
least-response-time-cache-off-warm500,130,3,0.8846,231.186,45.770,276.956,she,the-last-of-the-mohicans-a-narrative-of-1757,1,,server-1,20,16,0,37.475,81.304,38.037
least-response-time-cache-off-warm500,130,3,0.8923,223.898,106.529,330.427,was,the-prince,1,,server-1,21,16,0,16.936,115.434,38.037
least-response-time-cache-off-warm500,130,3,0.9000,218.002,96.399,314.400,house,leaves-of-grass,1,,server-1,21,16,0,16.936,115.434,38.037
least-response-time-cache-off-warm500,130,3,0.9077,1.278,16.830,18.108,night,thus-spake-zarathustra-a-book-for-all-and-none,1,,server-3,20,16,1,45.501,97.013,38.037
least-response-time-cache-off-warm500,130,3,0.9154,11.036,32.696,43.732,letter,life-on-the-mississippi,1,,server-3,19,15,2,45.801,87.665,19.539
least-response-time-cache-off-warm500,130,3,0.9231,3.631,27.850,31.481,king,agnes-grey,1,,server-3,19,15,3,39.146,69.834,19.539
least-response-time-cache-off-warm500,130,3,0.9308,24.543,79.944,104.486,you,the-house-of-mirth,1,,server-3,18,15,3,45.006,125.246,4.746
least-response-time-cache-off-warm500,130,3,0.9385,17.273,86.155,103.428,king,wuthering-heights,1,,server-3,17,14,4,62.382,83.822,4.746
least-response-time-cache-off-warm500,130,3,0.9462,9.279,31.738,41.017,death,sense-and-sensibility,1,,server-3,17,14,5,62.382,83.822,4.746
least-response-time-cache-off-warm500,130,3,0.9538,5.608,77.971,83.579,he,anne-of-green-gables,1,,server-3,15,14,6,10.686,83.822,4.746
least-response-time-cache-off-warm500,130,3,0.9615,25.221,64.823,90.044,castle,the-first-men-in-the-moon,1,,server-3,15,12,5,10.686,130.317,4.272
least-response-time-cache-off-warm500,130,3,0.9692,66.174,27.394,93.569,you,the-jungle-book,1,,server-3,15,10,6,10.686,75.934,3.686
least-response-time-cache-off-warm500,130,3,0.9769,65.612,46.214,111.826,of,anne-of-green-gables,1,,server-3,14,10,7,18.590,75.934,3.686
least-response-time-cache-off-warm500,130,3,0.9846,64.866,21.479,86.345,horse,frankenstein-or-the-modern-prometheus-41445,1,,server-3,14,10,8,22.185,147.514,10.965
least-response-time-cache-off-warm500,130,3,0.9923,61.730,57.484,119.214,and,jude-the-obscure,1,,server-3,14,10,9,37.931,147.514,10.965
least-response-time-cache-off-warm500,130,3,1.0000,54.773,79.637,134.410,money,the-american,1,,server-3,13,8,10,37.931,82.118,10.965
least-response-time-cache-off-warm500,130,3,1.0077,56.790,95.754,152.545,he,the-memoirs-of-sherlock-holmes,1,,server-3,13,8,11,35.432,125.012,10.965
least-response-time-cache-off-warm500,130,3,1.0154,73.825,80.858,154.683,she,the-memoirs-of-sherlock-holmes,1,,server-3,13,8,12,35.432,74.597,10.965
least-response-time-cache-off-warm500,130,3,1.0231,49.674,99.361,149.035,letter,the-lost-world,1,,server-3,13,8,13,35.432,74.597,15.414
least-response-time-cache-off-warm500,130,3,1.0308,116.949,92.255,209.204,death,thus-spake-zarathustra-a-book-for-all-and-none,1,,server-3,13,8,14,43.750,74.597,15.414
least-response-time-cache-off-warm500,130,3,1.0385,109.396,74.066,183.461,king,the-innocents-abroad,1,,server-3,12,7,14,42.691,58.159,35.366
least-response-time-cache-off-warm500,130,3,1.0462,88.523,154.293,242.816,horse,the-last-of-the-mohicans-a-narrative-of-1757,1,,server-3,12,6,12,42.691,41.208,17.255
least-response-time-cache-off-warm500,130,3,1.0538,104.844,154.147,258.991,he,the-tenant-of-wildfell-hall,1,,server-3,11,6,12,48.565,41.208,21.862
least-response-time-cache-off-warm500,130,3,1.0615,123.441,101.741,225.182,of,the-american,1,,server-3,11,5,13,48.565,57.337,25.870
least-response-time-cache-off-warm500,130,3,1.0692,103.062,213.166,316.227,you,the-return-of-sherlock-holmes-108,1,,server-3,11,5,14,48.565,46.451,21.758
least-response-time-cache-off-warm500,130,3,1.0769,95.462,282.682,378.144,whale,dracula,1,,server-3,11,4,14,45.084,52.069,10.896
least-response-time-cache-off-warm500,130,3,1.0846,103.850,82.178,186.028,was,the-kama-sutra-of-vatsyayana,1,,server-3,11,4,15,45.084,52.069,10.896
least-response-time-cache-off-warm500,130,3,1.0923,97.573,153.692,251.265,she,villette,1,,server-3,11,4,15,45.084,52.069,15.805
least-response-time-cache-off-warm500,130,3,1.1000,91.083,164.354,255.437,heart,persuasion,1,,server-3,10,4,16,65.173,52.069,15.805
least-response-time-cache-off-warm500,130,3,1.1077,84.596,196.946,281.542,the,the-first-men-in-the-moon,1,,server-3,10,4,16,65.173,47.743,16.211
least-response-time-cache-off-warm500,130,3,1.1154,120.838,226.660,347.498,the,the-vicomte-de-bragelonne,1,,server-3,9,0,16,81.701,44.432,19.571
least-response-time-cache-off-warm500,130,3,1.1231,191.879,143.236,335.115,house,madame-bovary,1,,server-3,6,0,17,47.346,44.432,19.571
least-response-time-cache-off-warm500,130,3,1.1308,185.415,166.197,351.611,money,leaves-of-grass,1,,server-3,6,0,18,47.346,44.432,19.571
least-response-time-cache-off-warm500,130,3,1.1385,1.632,28.666,30.298,and,the-moonstone,1,,server-2,6,1,18,47.346,44.432,55.129
least-response-time-cache-off-warm500,130,3,1.1462,23.766,13.390,37.155,castle,meditations,1,,server-2,6,2,17,47.346,22.823,46.335
least-response-time-cache-off-warm500,130,3,1.1538,16.769,43.681,60.450,whale,the-portrait-of-a-lady-volume-1,1,,server-2,6,3,17,47.346,22.823,34.777
least-response-time-cache-off-warm500,130,3,1.1615,8.892,20.216,29.108,whale,the-hound-of-the-baskervilles-3070,1,,server-2,6,4,17,46.845,22.823,34.804
least-response-time-cache-off-warm500,130,3,1.1692,13.962,86.907,100.869,she,the-song-of-the-lark,1,,server-2,4,4,17,43.506,6.849,48.982
least-response-time-cache-off-warm500,130,3,1.1769,14.660,31.456,46.116,letter,agnes-grey,1,,server-2,4,5,17,43.506,3.988,33.907
least-response-time-cache-off-warm500,130,3,1.1846,8.113,77.477,85.590,sea,the-secret-adversary,1,,server-2,4,6,17,43.506,6.425,28.531
least-response-time-cache-off-warm500,130,3,1.1923,22.230,60.136,82.365,whale,the-last-of-the-mohicans-a-narrative-of-1757,1,,server-2,4,5,14,43.506,5.225,22.666
least-response-time-cache-off-warm500,130,3,1.2000,75.875,91.928,167.802,you,the-moonstone,1,,server-2,4,6,14,43.506,3.559,18.562
least-response-time-cache-off-warm500,130,3,1.2077,67.654,85.982,153.635,the,north-and-south,1,,server-2,4,7,14,43.506,3.559,18.562
least-response-time-cache-off-warm500,130,3,1.2154,61.005,243.280,304.285,you,the-jungle,1,,server-2,4,7,14,84.951,10.183,18.562
least-response-time-cache-off-warm500,130,3,1.2231,52.040,37.731,89.770,she,the-works-of-edgar-allan-poe-volume-2,1,,server-2,0,8,14,53.687,13.608,38.061
least-response-time-cache-off-warm500,130,3,1.2308,44.786,328.710,373.496,you,the-iliad,1,,server-2,0,9,14,53.687,13.608,38.061
least-response-time-cache-off-warm500,130,3,1.2385,37.984,155.038,193.022,whale,the-return-of-sherlock-holmes-108,1,,server-2,0,10,14,53.687,13.608,28.460
least-response-time-cache-off-warm500,130,3,1.2462,29.394,154.261,183.655,was,desperate-remedies,1,,server-2,0,11,13,53.687,13.608,29.399
least-response-time-cache-off-warm500,130,3,1.2538,23.300,143.284,166.584,letter,the-vicomte-de-bragelonne,1,,server-2,0,12,12,53.687,25.652,34.957
least-response-time-cache-off-warm500,130,3,1.2615,38.518,152.636,191.155,sea,memoirs-of-fanny-hill,1,,server-2,0,13,12,53.687,25.652,34.957
least-response-time-cache-off-warm500,130,3,1.2692,5.937,361.317,367.254,night,persuasion,1,,server-2,0,14,12,53.687,25.652,34.957
least-response-time-cache-off-warm500,130,3,1.2769,79.137,92.424,171.561,horse,the-king-in-yellow,1,,server-2,0,12,12,53.687,2.922,34.957
least-response-time-cache-off-warm500,130,3,1.2846,84.151,110.302,194.452,whale,madame-bovary,1,,server-2,0,13,12,53.687,2.289,34.957
least-response-time-cache-off-warm500,130,3,1.2923,141.040,97.504,238.544,horse,the-scarlet-letter,1,,server-2,0,14,12,53.687,6.019,82.819
least-response-time-cache-off-warm500,130,3,1.3000,158.888,72.328,231.216,king,the-mysterious-affair-at-styles,1,,server-2,0,14,12,53.687,8.050,82.819
least-response-time-cache-off-warm500,130,3,1.3077,152.570,88.606,241.176,sea,thus-spake-zarathustra-a-book-for-all-and-none,1,,server-2,0,15,12,53.687,8.050,82.819
least-response-time-cache-off-warm500,130,3,1.3154,147.731,138.342,286.073,london,the-portrait-of-a-lady-volume-1,1,,server-2,0,16,9,53.687,18.758,66.924
least-response-time-cache-off-warm500,130,3,1.3231,193.513,124.562,318.075,and,the-iliad-2199,1,,server-2,0,17,9,53.687,18.758,43.584
least-response-time-cache-off-warm500,130,3,1.3308,214.952,112.501,327.453,you,a-connecticut-yankee-in-king-arthur-s-court,1,,server-2,0,18,9,53.687,18.758,43.584
least-response-time-cache-off-warm500,130,3,1.3385,304.302,80.604,384.906,king,the-last-of-the-mohicans-a-narrative-of-1757,1,,server-2,0,19,9,53.687,18.758,43.584
least-response-time-cache-off-warm500,130,3,1.3462,255.134,76.258,331.392,was,thus-spake-zarathustra-a-book-for-all-and-none,1,,server-2,0,20,9,53.687,18.758,62.023
least-response-time-cache-off-warm500,130,3,1.3538,324.218,72.678,396.896,castle,madame-bovary,1,,server-2,0,21,9,53.687,18.758,51.506
least-response-time-cache-off-warm500,130,3,1.3615,317.227,68.656,385.883,heart,beyond-good-and-evil,1,,server-2,0,22,9,53.687,42.124,73.555
least-response-time-cache-off-warm500,130,3,1.3692,309.021,47.001,356.023,she,white-fang,1,,server-2,0,22,9,53.687,32.784,73.555
least-response-time-cache-off-warm500,130,3,1.3769,302.560,113.199,415.758,of,the-romance-of-lust-a-classic-victorian-erotic-novel,1,,server-2,0,23,8,53.687,32.784,73.555
least-response-time-cache-off-warm500,130,3,1.3846,299.198,151.966,451.164,she,desert-gold,1,,server-2,0,24,7,53.687,32.784,73.555
least-response-time-cache-off-warm500,130,3,1.3923,293.757,101.267,395.023,house,the-scarlet-letter-33,1,,server-2,0,25,4,53.687,32.784,64.684
least-response-time-cache-off-warm500,130,3,1.4000,325.520,99.378,424.899,king,jude-the-obscure,1,,server-2,0,26,4,53.687,32.784,64.684
least-response-time-cache-off-warm500,130,3,1.4077,339.932,131.807,471.739,whale,the-moonstone,1,,server-2,0,27,4,53.687,32.784,64.684
least-response-time-cache-off-warm500,130,3,1.4154,404.548,85.363,489.910,was,jane-eyre-an-autobiography,1,,server-2,0,28,4,53.687,32.784,64.684
least-response-time-cache-off-warm500,130,3,1.4231,329.993,123.689,453.682,you,the-return-of-sherlock-holmes-108,1,,server-2,0,29,4,53.687,32.784,64.684
least-response-time-cache-off-warm500,130,3,1.4308,1.655,20.870,22.525,death,the-odyssey,1,,server-1,1,29,4,53.687,56.810,64.684
least-response-time-cache-off-warm500,130,3,1.4385,15.404,34.406,49.810,the,frankenstein-or-the-modern-prometheus-41445,1,,server-1,2,25,4,27.576,64.538,64.684
least-response-time-cache-off-warm500,130,3,1.4462,8.172,49.762,57.933,house,silas-marner,1,,server-1,3,25,4,27.576,64.538,64.684
least-response-time-cache-off-warm500,130,3,1.4538,2.528,48.489,51.017,the,the-works-of-edgar-allan-poe-volume-2,1,,server-1,4,24,4,10.500,54.210,64.684
least-response-time-cache-off-warm500,130,3,1.4615,10.777,50.075,60.852,heart,madame-bovary,1,,server-1,4,23,4,3.701,67.421,90.864
least-response-time-cache-off-warm500,130,3,1.4692,33.766,42.093,75.859,was,the-adventures-of-sherlock-holmes,1,,server-1,5,23,1,3.701,35.464,76.249
least-response-time-cache-off-warm500,130,3,1.4769,28.324,66.099,94.423,house,the-adventures-of-sherlock-holmes,1,,server-1,6,23,1,3.508,35.464,76.249
least-response-time-cache-off-warm500,130,3,1.4846,20.328,40.985,61.313,london,agnes-grey,1,,server-1,7,21,0,3.508,26.764,71.611
least-response-time-cache-off-warm500,130,3,1.4923,30.399,66.439,96.838,london,the-adventures-of-sherlock-holmes,1,,server-1,8,21,0,9.505,26.764,71.611
least-response-time-cache-off-warm500,130,3,1.5000,47.328,58.329,105.657,house,pride-and-prejudice,1,,server-1,9,21,0,9.505,55.734,71.611
least-response-time-cache-off-warm500,130,3,1.5077,43.029,113.067,156.095,she,twenty-thousand-leagues-under-the-sea,1,,server-1,7,21,0,8.384,55.734,71.611
least-response-time-cache-off-warm500,130,3,1.5154,34.168,67.070,101.237,death,the-mysterious-affair-at-styles,1,,server-1,8,21,0,8.384,55.734,71.611
least-response-time-cache-off-warm500,130,3,1.5231,80.738,23.169,103.907,and,white-fang,1,,server-1,8,21,0,13.029,57.064,71.611
least-response-time-cache-off-warm500,130,3,1.5308,97.905,78.115,176.019,night,wuthering-heights,1,,server-1,9,21,0,13.029,87.252,71.611
least-response-time-cache-off-warm500,130,3,1.5385,91.452,72.768,164.219,he,his-last-bow,1,,server-1,10,21,0,13.029,87.252,71.611
least-response-time-cache-off-warm500,130,3,1.5462,84.382,34.264,118.645,night,the-memoirs-of-sherlock-holmes,1,,server-1,11,20,0,22.150,51.710,71.611
least-response-time-cache-off-warm500,130,3,1.5538,77.772,92.628,170.400,castle,the-return-of-sherlock-holmes,1,,server-1,10,19,0,13.589,58.652,71.611
least-response-time-cache-off-warm500,130,3,1.5615,115.272,109.499,224.771,he,jane-eyre-an-autobiography,1,,server-1,11,19,0,13.589,93.102,71.611
least-response-time-cache-off-warm500,130,3,1.5692,134.633,88.223,222.857,of,mansfield-park,1,,server-1,12,19,0,13.589,93.102,71.611
least-response-time-cache-off-warm500,130,3,1.5769,130.334,32.867,163.201,and,grimms-fairy-tales,1,,server-1,13,19,0,26.407,93.102,71.611
least-response-time-cache-off-warm500,130,3,1.5846,142.743,85.139,227.883,and,kidnapped,1,,server-1,14,19,0,26.407,93.102,71.611
least-response-time-cache-off-warm500,130,3,1.5923,189.634,49.998,239.632,and,desperate-remedies,1,,server-1,14,19,0,30.271,93.102,71.611
least-response-time-cache-off-warm500,130,3,1.6000,186.577,53.189,239.766,letter,beyond-good-and-evil,1,,server-1,15,18,0,30.271,84.845,71.611
least-response-time-cache-off-warm500,130,3,1.6077,201.578,72.169,273.748,was,tess-of-the-d-urbervilles-a-pure-woman,1,,server-1,14,16,0,20.887,69.553,71.611
least-response-time-cache-off-warm500,130,3,1.6154,224.552,20.935,245.487,king,frankenstein-or-the-modern-prometheus-41445,1,,server-1,15,16,0,20.887,69.553,71.611
least-response-time-cache-off-warm500,130,3,1.6231,217.273,95.733,313.006,sea,the-tenant-of-wildfell-hall,1,,server-1,16,15,0,17.800,69.553,71.611
least-response-time-cache-off-warm500,130,3,1.6308,210.417,91.039,301.456,whale,the-vicomte-de-bragelonne,1,,server-1,15,15,0,35.375,69.553,71.611
least-response-time-cache-off-warm500,130,3,1.6385,203.092,131.844,334.936,was,anne-of-green-gables,1,,server-1,16,15,0,26.617,127.752,71.611
least-response-time-cache-off-warm500,130,3,1.6462,198.230,126.404,324.634,king,pride-and-prejudice,1,,server-1,17,13,0,26.617,76.538,71.611
least-response-time-cache-off-warm500,130,3,1.6538,205.000,185.798,390.798,the,the-secret-garden,1,,server-1,18,13,0,26.617,76.538,71.611
least-response-time-cache-off-warm500,130,3,1.6615,185.614,157.549,343.163,death,frankenstein-or-the-modern-prometheus,1,,server-1,19,13,0,26.617,111.253,71.611
least-response-time-cache-off-warm500,130,3,1.6692,209.670,122.884,332.554,love,adventures-of-huckleberry-finn,1,,server-1,20,13,0,38.346,111.253,71.611
least-response-time-cache-off-warm500,130,3,1.6769,255.578,108.165,363.744,death,treasure-island,1,,server-1,21,13,0,34.684,151.642,71.611
least-response-time-cache-off-warm500,130,3,1.6846,219.875,143.200,363.076,she,black-beauty,1,,server-1,22,11,0,34.684,96.947,71.611
least-response-time-cache-off-warm500,130,3,1.6923,281.712,110.048,391.760,you,the-iliad,1,,server-1,23,11,0,34.684,95.984,71.611
least-response-time-cache-off-warm500,130,3,1.7000,306.201,98.762,404.963,the,the-mystery-of-edwin-drood,1,,server-1,24,11,0,34.684,95.984,71.611
least-response-time-cache-off-warm500,130,3,1.7077,299.627,116.853,416.480,of,the-american,1,,server-1,22,11,0,27.938,95.984,71.611
least-response-time-cache-off-warm500,130,3,1.7154,292.269,83.079,375.348,horse,beyond-good-and-evil,1,,server-1,23,11,0,27.938,95.984,71.611
least-response-time-cache-off-warm500,130,3,1.7231,327.487,94.975,422.462,love,the-secret-garden,1,,server-1,24,11,0,25.141,80.422,71.611
least-response-time-cache-off-warm500,130,3,1.7308,353.719,161.803,515.522,she,wuthering-heights,1,,server-1,23,11,0,38.081,66.674,71.611
least-response-time-cache-off-warm500,130,3,1.7385,382.650,122.486,505.136,letter,the-secret-garden-17396,1,,server-1,24,11,0,38.081,54.511,71.611
least-response-time-cache-off-warm500,130,3,1.7462,375.206,148.688,523.893,night,northanger-abbey,1,,server-1,25,11,0,38.575,111.169,71.611
least-response-time-cache-off-warm500,130,3,1.7538,370.560,119.439,489.999,sea,meditations,1,,server-1,26,8,0,38.575,64.931,71.611
least-response-time-cache-off-warm500,130,3,1.7615,344.560,124.169,468.729,he,black-beauty,1,,server-1,27,7,0,38.575,109.509,71.611
least-response-time-cache-off-warm500,130,3,1.7692,358.037,143.070,501.108,heart,the-return-of-sherlock-holmes-108,1,,server-1,28,7,0,38.575,109.509,71.611
least-response-time-cache-off-warm500,130,3,1.7769,366.929,127.286,494.216,he,desperate-remedies,1,,server-1,29,7,0,38.575,109.509,71.611
least-response-time-cache-off-warm500,130,3,1.7846,441.261,70.963,512.224,he,villette,1,,server-1,29,7,0,54.021,109.509,71.611
least-response-time-cache-off-warm500,130,3,1.7923,477.474,41.028,518.502,night,white-fang,1,,server-1,29,7,0,42.066,102.934,71.611
least-response-time-cache-off-warm500,130,3,1.8000,471.484,69.702,541.186,night,persuasion,1,,server-1,30,7,0,70.630,83.556,71.611
least-response-time-cache-off-warm500,130,3,1.8077,464.868,117.839,582.708,love,around-the-world-in-eighty-days,1,,server-1,31,7,0,70.630,83.556,71.611
least-response-time-cache-off-warm500,130,3,1.8154,496.456,96.639,593.095,the,the-portrait-of-a-lady-volume-1,1,,server-1,32,7,0,44.762,83.556,71.611
least-response-time-cache-off-warm500,130,3,1.8231,488.369,81.141,569.510,he,the-adventures-of-tom-sawyer-complete,1,,server-1,33,6,0,44.762,79.795,71.611
least-response-time-cache-off-warm500,130,3,1.8308,482.179,55.721,537.901,night,the-jungle-book,1,,server-1,34,6,0,44.762,56.719,71.611
least-response-time-cache-off-warm500,130,3,1.8385,476.203,81.036,557.239,heart,autobiography-of-benjamin-franklin,1,,server-1,35,4,0,62.504,67.575,71.611
least-response-time-cache-off-warm500,130,3,1.8462,470.055,115.051,585.106,she,beyond-good-and-evil,1,,server-1,32,4,0,65.001,67.575,71.611
least-response-time-cache-off-warm500,130,3,1.8538,463.116,119.389,582.504,sea,jane-eyre-an-autobiography,1,,server-1,33,4,0,52.514,67.575,71.611
least-response-time-cache-off-warm500,130,3,1.8615,482.424,108.612,591.036,castle,grimms-fairy-tales,1,,server-1,34,4,0,58.928,67.575,71.611
least-response-time-cache-off-warm500,130,3,1.8692,528.239,75.349,603.588,night,the-prince,1,,server-1,35,4,0,58.928,67.575,71.611
least-response-time-cache-off-warm500,130,3,1.8769,519.561,75.426,594.987,horse,a-journey-to-the-centre-of-the-earth,1,,server-1,36,4,0,58.928,73.680,71.611
least-response-time-cache-off-warm500,130,3,1.8846,551.897,43.441,595.338,he,poirot-investigates,1,,server-1,36,2,0,67.234,67.708,71.611
least-response-time-cache-off-warm500,130,3,1.8923,13.862,30.578,44.441,love,grimms-fairy-tales,1,,server-2,35,3,0,87.314,67.708,71.611
least-response-time-cache-off-warm500,130,3,1.9000,6.527,13.498,20.025,was,the-secret-garden-17396,1,,server-2,35,4,0,87.314,67.708,71.611
least-response-time-cache-off-warm500,130,3,1.9077,12.833,46.337,59.170,the,the-king-in-yellow,1,,server-2,35,3,0,73.570,14.342,71.611
least-response-time-cache-off-warm500,130,3,1.9154,19.782,34.412,54.195,the,the-portrait-of-a-lady-volume-1,1,,server-2,35,4,0,73.570,11.613,71.611
least-response-time-cache-off-warm500,130,3,1.9231,14.003,74.871,88.873,she,great-expectations,1,,server-2,35,5,0,73.570,8.507,71.611
least-response-time-cache-off-warm500,130,3,1.9308,7.613,68.131,75.745,she,frankenstein-or-the-modern-prometheus,1,,server-2,35,6,0,73.570,8.507,71.611
least-response-time-cache-off-warm500,130,3,1.9385,31.355,83.348,114.703,he,walden-and-on-the-duty-of-civil-disobedience,1,,server-2,34,5,0,47.377,5.153,71.611
least-response-time-cache-off-warm500,130,3,1.9462,25.116,81.647,106.763,love,the-prince,1,,server-2,34,6,0,47.377,4.230,71.611
least-response-time-cache-off-warm500,130,3,1.9538,58.016,79.984,138.001,he,jude-the-obscure,1,,server-2,34,7,0,47.377,4.230,71.611
least-response-time-cache-off-warm500,130,3,1.9615,52.545,79.474,132.020,letter,the-scarlet-letter-33,1,,server-2,34,8,0,47.377,4.230,71.611
least-response-time-cache-off-warm500,130,3,1.9692,78.030,56.236,134.265,he,the-picture-of-dorian-gray,1,,server-2,34,9,0,47.377,14.068,71.611
least-response-time-cache-off-warm500,130,3,1.9769,115.303,35.822,151.125,night,the-hound-of-the-baskervilles,1,,server-2,31,8,0,47.220,7.674,71.611
least-response-time-cache-off-warm500,130,3,1.9846,103.596,28.784,132.380,horse,the-scarlet-letter-33,1,,server-2,31,9,0,47.220,7.674,71.611
least-response-time-cache-off-warm500,130,3,1.9923,112.286,43.547,155.833,she,memoirs-of-fanny-hill,1,,server-2,31,10,0,47.220,7.674,71.611
least-response-time-cache-off-warm500,130,3,2.0000,106.280,43.108,149.389,of,the-wind-in-the-willows,1,,server-2,31,11,0,47.220,7.674,71.611
least-response-time-cache-off-warm500,130,3,2.0077,118.238,95.029,213.268,you,the-last-of-the-mohicans-a-narrative-of-1757,1,,server-2,30,12,0,80.021,29.429,71.611
least-response-time-cache-off-warm500,130,3,2.0154,134.305,85.483,219.788,and,agnes-grey,1,,server-2,30,11,0,44.725,23.755,71.611
least-response-time-cache-off-warm500,130,3,2.0231,104.724,106.127,210.850,castle,his-last-bow,1,,server-2,30,12,0,44.725,23.755,71.611
least-response-time-cache-off-warm500,130,3,2.0308,115.631,89.759,205.389,whale,a-connecticut-yankee-in-king-arthur-s-court,1,,server-2,29,13,0,44.725,20.980,71.611
least-response-time-cache-off-warm500,130,3,2.0385,113.728,142.643,256.371,you,silas-marner,1,,server-2,29,14,0,44.725,20.980,71.611
least-response-time-cache-off-warm500,130,3,2.0462,107.088,172.756,279.844,death,the-house-of-the-seven-gables,1,,server-2,29,15,0,76.812,20.980,71.611
least-response-time-cache-off-warm500,130,3,2.0538,101.987,229.175,331.162,of,oliver-twist,1,,server-2,27,15,0,128.292,22.595,71.611
least-response-time-cache-off-warm500,130,3,2.0615,158.160,131.252,289.412,death,the-last-of-the-mohicans-a-narrative-of-1757-27681,1,,server-2,27,16,0,128.292,22.595,71.611
least-response-time-cache-off-warm500,130,3,2.0692,144.743,166.518,311.261,night,jane-eyre-an-autobiography,1,,server-2,27,17,0,128.292,22.595,71.611
least-response-time-cache-off-warm500,130,3,2.0769,143.618,157.545,301.163,whale,the-mysterious-island,1,,server-2,27,18,0,128.292,22.595,71.611
least-response-time-cache-off-warm500,130,3,2.0846,146.743,168.882,315.625,castle,tess-of-the-d-urbervilles-a-pure-woman,1,,server-2,26,18,0,106.054,49.256,71.611
least-response-time-cache-off-warm500,130,3,2.0923,143.396,305.315,448.712,sea,north-and-south,1,,server-2,26,19,0,66.617,27.318,71.611
least-response-time-cache-off-warm500,130,3,2.1000,156.412,284.628,441.040,sea,oliver-twist,1,,server-2,26,19,0,66.617,35.684,71.611
least-response-time-cache-off-warm500,130,3,2.1077,267.749,190.361,458.110,horse,the-secret-garden,1,,server-2,25,18,0,133.904,32.929,71.611
least-response-time-cache-off-warm500,130,3,2.1154,259.757,103.690,363.447,london,frankenstein-or-the-modern-prometheus-41445,1,,server-2,25,19,0,133.904,44.217,71.611
least-response-time-cache-off-warm500,130,3,2.1231,252.554,176.504,429.059,money,the-moonstone,1,,server-2,23,19,0,92.052,46.001,71.611
least-response-time-cache-off-warm500,130,3,2.1308,246.022,165.458,411.480,letter,jane-eyre-an-autobiography,1,,server-2,22,20,0,106.343,40.492,71.611
least-response-time-cache-off-warm500,130,3,2.1385,241.201,186.053,427.254,the,the-secret-adversary,1,,server-2,22,21,0,106.343,40.492,71.611
least-response-time-cache-off-warm500,130,3,2.1462,238.331,213.257,451.588,love,desert-gold,1,,server-2,22,22,0,63.105,29.672,71.611
least-response-time-cache-off-warm500,130,3,2.1538,227.388,216.650,444.038,house,treasure-island,1,,server-2,22,20,0,51.058,30.027,71.611
least-response-time-cache-off-warm500,130,3,2.1615,223.241,226.301,449.542,and,the-wind-in-the-willows,1,,server-2,21,21,0,51.058,19.762,71.611
least-response-time-cache-off-warm500,130,3,2.1692,230.885,198.047,428.931,night,the-scarlet-letter,1,,server-2,21,22,0,51.058,35.266,71.611
least-response-time-cache-off-warm500,130,3,2.1769,346.885,78.512,425.397,he,madame-bovary,1,,server-2,21,23,0,51.058,35.266,71.611
least-response-time-cache-off-warm500,130,3,2.1846,357.977,88.634,446.611,whale,adventures-of-huckleberry-finn,1,,server-2,21,24,0,51.058,35.266,71.611
least-response-time-cache-off-warm500,130,3,2.1923,391.513,58.373,449.886,horse,the-warden,1,,server-2,21,25,0,121.911,35.266,71.611
least-response-time-cache-off-warm500,130,3,2.2000,412.431,89.274,501.705,death,the-mystery-of-edwin-drood,1,,server-2,21,26,0,121.911,35.266,71.611
least-response-time-cache-off-warm500,130,3,2.2077,404.996,67.616,472.612,castle,pride-and-prejudice,1,,server-2,21,27,0,121.911,35.266,71.611
least-response-time-cache-off-warm500,130,3,2.2154,411.560,77.692,489.252,whale,mary-barton,1,,server-2,21,28,0,121.911,37.446,71.611
least-response-time-cache-off-warm500,130,3,2.2231,420.116,80.988,501.104,castle,treasure-island,1,,server-2,21,29,0,121.911,43.900,71.611
least-response-time-cache-off-warm500,130,3,2.2308,413.575,81.399,494.974,was,northanger-abbey,1,,server-2,21,30,0,88.431,37.159,71.611
least-response-time-cache-off-warm500,130,3,2.2385,409.880,93.069,502.950,you,the-warden,1,,server-2,21,29,0,88.431,53.948,71.611
least-response-time-cache-off-warm500,130,3,2.2462,434.417,120.436,554.853,you,anne-of-green-gables,1,,server-2,20,30,0,84.053,53.948,71.611
least-response-time-cache-off-warm500,130,3,2.2538,451.359,74.884,526.243,sea,tess-of-the-d-urbervilles-a-pure-woman,1,,server-2,20,31,0,84.053,53.948,71.611
least-response-time-cache-off-warm500,130,3,2.2615,443.800,78.068,521.868,heart,the-last-of-the-mohicans-a-narrative-of-1757,1,,server-2,20,30,0,84.053,51.449,71.611
least-response-time-cache-off-warm500,130,3,2.2692,458.863,113.492,572.355,london,north-and-south,1,,server-2,18,31,0,143.049,51.449,71.611
least-response-time-cache-off-warm500,130,3,2.2769,451.774,109.753,561.526,castle,silas-marner,1,,server-2,15,32,0,98.121,51.449,71.611
least-response-time-cache-off-warm500,130,3,2.2846,478.414,162.743,641.157,sea,dubliners,1,,server-2,15,33,0,98.121,49.609,71.611
least-response-time-cache-off-warm500,130,3,2.2923,509.223,68.370,577.593,you,tess-of-the-d-urbervilles-a-pure-woman,1,,server-2,15,34,0,98.121,49.609,71.611
least-response-time-cache-off-warm500,130,3,2.3000,527.933,79.348,607.280,london,the-memoirs-of-sherlock-holmes,1,,server-2,14,35,0,78.302,68.013,71.611
least-response-time-cache-off-warm500,130,3,2.3077,520.379,83.800,604.180,night,the-innocents-abroad,1,,server-2,14,36,0,78.302,68.013,71.611
least-response-time-cache-off-warm500,130,3,2.3154,526.459,113.454,639.913,love,the-scarlet-letter-33,1,,server-2,12,37,0,158.577,68.013,71.611
least-response-time-cache-off-warm500,130,3,2.3231,521.113,96.102,617.215,he,persuasion,1,,server-2,12,38,0,90.461,68.013,71.611
least-response-time-cache-off-warm500,130,3,2.3308,1.558,17.798,19.356,sea,persuasion,1,,server-3,12,38,1,90.461,74.801,71.611
least-response-time-cache-off-warm500,130,3,2.3385,11.075,10.715,21.790,london,poirot-investigates,1,,server-3,12,38,2,90.461,74.801,36.742
least-response-time-cache-off-warm500,130,3,2.3462,3.613,26.007,29.619,money,adventures-of-huckleberry-finn,1,,server-3,11,38,3,111.945,74.801,36.742
least-response-time-cache-off-warm500,130,3,2.3538,7.300,28.607,35.907,london,persuasion,1,,server-3,11,37,3,111.945,115.682,7.715
least-response-time-cache-off-warm500,130,3,2.3615,15.933,39.475,55.408,she,the-age-of-innocence,1,,server-3,11,37,3,111.945,98.863,4.136
least-response-time-cache-off-warm500,130,3,2.3692,9.487,38.635,48.122,you,treasure-island,1,,server-3,11,37,4,100.390,98.863,4.136
least-response-time-cache-off-warm500,130,3,2.3769,2.482,48.202,50.684,castle,the-warden,1,,server-3,11,35,4,100.390,56.275,8.219
least-response-time-cache-off-warm500,130,3,2.3846,6.904,80.062,86.966,night,a-tale-of-two-cities,1,,server-3,11,34,5,87.089,78.859,2.582
least-response-time-cache-off-warm500,130,3,2.3923,23.327,59.210,82.538,whale,the-iliad,1,,server-3,11,34,5,129.054,78.859,5.154
least-response-time-cache-off-warm500,130,3,2.4000,30.155,83.286,113.441,love,emma,1,,server-3,7,33,6,79.385,85.146,4.331
least-response-time-cache-off-warm500,130,3,2.4077,23.317,57.399,80.715,and,the-first-men-in-the-moon,1,,server-3,7,33,7,53.857,85.146,6.276
least-response-time-cache-off-warm500,130,3,2.4154,55.589,112.950,168.540,horse,the-iliad,1,,server-3,7,33,8,61.846,85.146,6.661
least-response-time-cache-off-warm500,130,3,2.4231,54.037,107.671,161.708,whale,the-war-of-the-worlds,1,,server-3,7,33,9,61.846,85.146,14.732
least-response-time-cache-off-warm500,130,3,2.4308,57.822,82.248,140.069,she,the-odyssey,1,,server-3,7,32,8,61.846,64.404,9.900
least-response-time-cache-off-warm500,130,3,2.4385,39.105,168.925,208.030,whale,the-moonstone,1,,server-3,5,32,8,65.040,64.404,9.900
least-response-time-cache-off-warm500,130,3,2.4462,70.099,127.187,197.286,king,the-song-of-the-lark,1,,server-3,5,32,9,65.040,64.404,9.900
least-response-time-cache-off-warm500,130,3,2.4538,70.571,117.977,188.548,sea,the-memoirs-of-sherlock-holmes,1,,server-3,4,31,10,66.894,64.404,9.900
least-response-time-cache-off-warm500,130,3,2.4615,88.298,128.051,216.349,was,the-works-of-edgar-allan-poe-volume-2,1,,server-3,4,31,11,66.894,64.404,9.900
least-response-time-cache-off-warm500,130,3,2.4692,96.158,111.007,207.165,the,the-works-of-edgar-allan-poe-volume-2,1,,server-3,4,31,12,56.750,64.404,9.900
least-response-time-cache-off-warm500,130,3,2.4769,169.903,53.700,223.603,night,autobiography-of-benjamin-franklin,1,,server-3,3,31,11,48.434,64.404,25.285
least-response-time-cache-off-warm500,130,3,2.4846,162.347,39.349,201.696,castle,poirot-investigates,1,,server-3,0,31,12,32.232,117.668,20.442
least-response-time-cache-off-warm500,130,3,2.4923,183.540,59.534,243.074,king,the-memoirs-of-sherlock-holmes,1,,server-3,0,31,13,32.232,117.668,18.493
least-response-time-cache-off-warm500,130,3,2.5000,185.587,48.099,233.686,of,the-jungle,1,,server-3,0,31,14,32.232,117.668,18.493
least-response-time-cache-off-warm500,130,3,2.5077,182.009,60.816,242.825,letter,the-mysterious-affair-at-styles,1,,server-3,0,31,15,32.232,117.668,18.493
least-response-time-cache-off-warm500,130,3,2.5154,1.482,15.924,17.406,whale,the-secret-garden,1,,server-1,1,31,14,32.232,117.668,32.668
least-response-time-cache-off-warm500,130,3,2.5231,9.326,19.000,28.326,she,the-divine-comedy,1,,server-1,2,31,13,16.591,117.668,28.301
least-response-time-cache-off-warm500,130,3,2.5308,1.820,34.846,36.667,sea,the-last-of-the-mohicans-a-narrative-of-1757-27681,1,,server-1,3,31,13,16.591,103.054,24.082
least-response-time-cache-off-warm500,130,3,2.5385,30.222,18.890,49.112,horse,the-great-gatsby,1,,server-1,3,31,13,5.222,94.392,24.082
least-response-time-cache-off-warm500,130,3,2.5462,24.568,49.651,74.219,and,herland,1,,server-1,4,30,13,5.222,132.549,24.082
least-response-time-cache-off-warm500,130,3,2.5538,14.239,20.756,34.995,horse,the-scarlet-letter-33,1,,server-1,5,29,13,6.344,99.612,29.226
least-response-time-cache-off-warm500,130,3,2.5615,6.831,65.736,72.566,was,pride-and-prejudice,1,,server-1,6,29,13,6.344,99.612,29.226
least-response-time-cache-off-warm500,130,3,2.5692,2.557,66.225,68.782,money,autobiography-of-benjamin-franklin,1,,server-1,5,28,13,6.510,130.669,26.369
least-response-time-cache-off-warm500,130,3,2.5769,17.146,60.346,77.491,sea,a-connecticut-yankee-in-king-arthur-s-court,1,,server-1,6,28,13,2.803,130.669,33.054
least-response-time-cache-off-warm500,130,3,2.5846,10.277,122.254,132.531,heart,the-divine-comedy,1,,server-1,7,26,13,2.803,89.650,55.027
least-response-time-cache-off-warm500,130,3,2.5923,2.796,83.770,86.566,death,the-last-of-the-mohicans-a-narrative-of-1757,1,,server-1,6,26,10,9.628,89.650,35.601
least-response-time-cache-off-warm500,130,3,2.6000,55.442,72.009,127.451,heart,the-lost-world,1,,server-1,7,24,10,3.750,90.013,35.601
least-response-time-cache-off-warm500,130,3,2.6077,27.370,126.864,154.234,letter,leaves-of-grass,1,,server-1,8,22,10,3.750,88.809,35.601
least-response-time-cache-off-warm500,130,3,2.6154,38.410,60.394,98.804,night,jude-the-obscure,1,,server-1,9,19,10,3.750,102.059,35.601
least-response-time-cache-off-warm500,130,3,2.6231,53.090,67.245,120.335,castle,wuthering-heights,1,,server-1,10,19,10,15.139,102.059,35.601
least-response-time-cache-off-warm500,130,3,2.6308,48.735,103.234,151.970,house,wuthering-heights,1,,server-1,11,19,10,15.139,70.642,35.601
least-response-time-cache-off-warm500,130,3,2.6385,79.878,77.956,157.834,he,the-adventures-of-sherlock-holmes,1,,server-1,11,19,10,18.538,96.646,59.032
least-response-time-cache-off-warm500,130,3,2.6462,81.756,119.778,201.534,london,meditations,1,,server-1,12,17,10,18.538,111.100,98.917
least-response-time-cache-off-warm500,130,3,2.6538,108.232,52.564,160.796,the,anne-of-green-gables,1,,server-1,13,17,8,26.242,151.901,49.317
least-response-time-cache-off-warm500,130,3,2.6615,117.081,74.127,191.208,he,mansfield-park,1,,server-1,12,17,8,17.766,151.901,49.317
least-response-time-cache-off-warm500,130,3,2.6692,125.220,67.229,192.449,castle,the-war-of-the-worlds,1,,server-1,13,17,8,17.766,151.901,49.317
least-response-time-cache-off-warm500,130,3,2.6769,119.581,100.168,219.749,was,grimms-fairy-tales,1,,server-1,13,17,7,18.297,151.901,76.221
least-response-time-cache-off-warm500,130,3,2.6846,128.109,70.816,198.924,the,jude-the-obscure,1,,server-1,14,17,7,24.919,95.973,86.314
least-response-time-cache-off-warm500,130,3,2.6923,170.543,87.206,257.749,king,the-age-of-innocence,1,,server-1,15,17,4,24.919,95.973,45.452
least-response-time-cache-off-warm500,130,3,2.7000,180.931,33.539,214.470,horse,twenty-thousand-leagues-under-the-sea,1,,server-1,16,17,4,23.635,95.973,45.452
least-response-time-cache-off-warm500,130,3,2.7077,189.634,55.294,244.928,she,kidnapped,1,,server-1,17,16,3,23.635,83.273,32.299
least-response-time-cache-off-warm500,130,3,2.7154,184.550,77.984,262.534,of,north-and-south,1,,server-1,18,16,3,31.667,106.769,32.299
least-response-time-cache-off-warm500,130,3,2.7231,13.980,21.704,35.683,night,black-beauty,1,,server-3,17,16,4,39.548,106.769,32.299
least-response-time-cache-off-warm500,130,3,2.7308,183.900,93.179,277.078,london,the-iliad,1,,server-1,16,12,4,24.133,56.883,32.299
least-response-time-cache-off-warm500,130,3,2.7385,12.419,37.116,49.535,letter,the-prince,1,,server-3,16,12,3,24.133,56.883,14.138
least-response-time-cache-off-warm500,130,3,2.7462,5.445,35.086,40.532,london,a-tale-of-two-cities,1,,server-3,15,12,4,32.162,50.515,14.138
least-response-time-cache-off-warm500,130,3,2.7538,6.856,43.087,49.942,house,the-scarlet-letter,1,,server-3,15,12,4,32.162,50.515,6.792
least-response-time-cache-off-warm500,130,3,2.7615,27.984,30.166,58.150,horse,washington-square,1,,server-3,15,12,4,61.886,135.158,4.744
least-response-time-cache-off-warm500,130,3,2.7692,21.513,45.513,67.026,he,the-hound-of-the-baskervilles-3070,1,,server-3,14,12,5,44.232,91.382,4.744
least-response-time-cache-off-warm500,130,3,2.7769,14.278,71.807,86.084,death,kidnapped,1,,server-3,14,12,6,44.232,91.382,4.744
least-response-time-cache-off-warm500,130,3,2.7846,17.607,62.107,79.714,and,beyond-good-and-evil,1,,server-3,14,10,7,55.629,100.584,4.744
least-response-time-cache-off-warm500,130,3,2.7923,14.647,54.730,69.377,horse,wuthering-heights,1,,server-3,14,10,6,55.629,100.584,6.536
least-response-time-cache-off-warm500,130,3,2.8000,9.708,75.163,84.871,whale,the-adventures-of-sherlock-holmes,1,,server-3,13,10,7,37.779,83.386,6.536
least-response-time-cache-off-warm500,130,3,2.8077,58.016,78.432,136.448,he,desperate-remedies,1,,server-3,13,9,7,37.779,208.917,7.421
least-response-time-cache-off-warm500,130,3,2.8154,50.469,36.241,86.710,was,madame-bovary,1,,server-3,11,9,8,33.452,208.917,5.049
least-response-time-cache-off-warm500,130,3,2.8231,45.012,71.743,116.755,sea,the-portrait-of-a-lady-volume-1,1,,server-3,11,9,9,27.432,208.917,9.927
least-response-time-cache-off-warm500,130,3,2.8308,37.720,145.454,183.174,king,tess-of-the-d-urbervilles-a-pure-woman,1,,server-3,11,8,10,27.432,101.094,9.927
least-response-time-cache-off-warm500,130,3,2.8385,45.508,84.468,129.976,you,the-return-of-sherlock-holmes,1,,server-3,11,8,11,27.432,172.834,11.765
least-response-time-cache-off-warm500,130,3,2.8462,57.892,71.129,129.021,london,the-prince,1,,server-3,11,8,12,27.432,109.312,11.765
least-response-time-cache-off-warm500,130,3,2.8538,50.656,149.524,200.180,castle,jude-the-obscure,1,,server-3,8,8,12,32.309,109.312,11.765
least-response-time-cache-off-warm500,130,3,2.8615,82.821,66.549,149.370,death,the-divine-comedy,1,,server-3,8,8,13,38.704,109.312,26.522
least-response-time-cache-off-warm500,130,3,2.8692,76.081,111.145,187.227,letter,the-secret-garden-17396,1,,server-3,7,6,10,78.229,91.674,11.331
least-response-time-cache-off-warm500,130,3,2.8769,85.373,204.494,289.867,london,anne-of-green-gables,1,,server-3,7,6,11,78.229,58.096,11.331
least-response-time-cache-off-warm500,130,3,2.8846,79.653,207.428,287.081,heart,the-last-of-the-mohicans-a-narrative-of-1757,1,,server-3,7,5,12,66.347,58.096,26.564
least-response-time-cache-off-warm500,130,3,2.8923,124.473,100.477,224.950,castle,the-picture-of-dorian-gray,1,,server-3,7,5,13,66.347,58.096,26.564
least-response-time-cache-off-warm500,130,3,2.9000,115.207,101.596,216.803,love,the-return-of-sherlock-holmes-108,1,,server-3,5,5,14,27.366,58.096,26.564
least-response-time-cache-off-warm500,130,3,2.9077,109.660,157.040,266.701,heart,a-connecticut-yankee-in-king-arthur-s-court,1,,server-3,5,5,13,27.366,60.440,16.891
least-response-time-cache-off-warm500,130,3,2.9154,179.645,93.028,272.673,the,the-hound-of-the-baskervilles,1,,server-3,4,5,14,26.247,51.251,16.891
least-response-time-cache-off-warm500,130,3,2.9231,223.140,85.379,308.519,and,the-jungle,1,,server-3,4,5,15,26.247,51.251,16.891
least-response-time-cache-off-warm500,130,3,2.9308,236.747,33.464,270.211,the,the-mysterious-affair-at-styles,1,,server-3,4,2,16,26.247,50.667,16.891
least-response-time-cache-off-warm500,130,3,2.9385,237.378,55.980,293.358,money,his-last-bow,1,,server-3,4,2,17,26.247,50.667,16.891
least-response-time-cache-off-warm500,130,3,2.9462,242.656,62.914,305.570,king,far-from-the-madding-crowd,1,,server-3,4,2,16,26.247,46.190,22.550
least-response-time-cache-off-warm500,130,3,2.9538,244.284,73.895,318.180,of,madame-bovary,1,,server-3,2,2,17,23.502,39.417,22.550
least-response-time-cache-off-warm500,130,3,2.9615,47.282,14.701,61.983,love,a-journey-to-the-centre-of-the-earth,1,,server-1,3,0,17,23.502,38.781,34.695
least-response-time-cache-off-warm500,130,3,2.9692,39.840,32.986,72.826,death,the-adventures-of-tom-sawyer-complete,1,,server-1,4,0,17,23.502,38.781,29.806
least-response-time-cache-off-warm500,130,3,2.9769,32.054,31.435,63.489,horse,the-mysterious-affair-at-styles,1,,server-1,5,0,17,23.502,38.781,25.999
least-response-time-cache-off-warm500,130,3,2.9846,248.494,84.914,333.407,she,jude-the-obscure,1,,server-3,5,0,18,34.286,38.781,25.999
least-response-time-cache-off-warm500,130,3,2.9923,240.991,62.671,303.662,king,tess-of-the-d-urbervilles-a-pure-woman,1,,server-3,5,0,19,34.286,38.781,25.999
least-response-time-cache-off-warm500,130,3,3.0000,252.588,97.473,350.061,letter,the-song-of-the-lark,1,,server-3,5,0,20,34.286,38.781,25.999
least-response-time-cache-off-warm500,130,3,3.0077,260.354,80.021,340.375,of,the-secret-garden-17396,1,,server-3,5,0,21,43.264,38.781,25.999
least-response-time-cache-off-warm500,130,3,3.0154,27.642,62.449,90.091,the,the-secret-garden-17396,1,,server-1,4,0,19,8.791,38.781,49.882
least-response-time-cache-off-warm500,130,3,3.0231,19.749,60.353,80.102,house,pride-and-prejudice,1,,server-1,5,0,18,8.791,38.781,30.835
least-response-time-cache-off-warm500,130,3,3.0308,13.344,147.950,161.294,and,the-kama-sutra-of-vatsyayana,1,,server-1,5,0,18,7.968,38.781,27.265
least-response-time-cache-off-warm500,130,3,3.0385,5.117,56.476,61.594,letter,the-mystery-of-edwin-drood,1,,server-1,6,0,18,7.968,38.781,27.265
least-response-time-cache-off-warm500,130,3,3.0462,3.994,97.919,101.912,castle,a-connecticut-yankee-in-king-arthur-s-court,1,,server-1,5,0,18,2.923,38.781,27.265
least-response-time-cache-off-warm500,130,3,3.0538,49.532,79.951,129.484,love,the-mysterious-island,1,,server-1,6,0,18,2.373,38.781,45.507
least-response-time-cache-off-warm500,130,3,3.0615,48.572,84.373,132.945,castle,the-great-gatsby,1,,server-1,7,0,15,2.373,38.781,57.272
least-response-time-cache-off-warm500,130,3,3.0692,60.256,86.530,146.786,the,grimms-fairy-tales,1,,server-1,8,0,15,4.526,38.781,57.272
least-response-time-cache-off-warm500,130,3,3.0769,109.267,44.606,153.874,you,autobiography-of-benjamin-franklin,1,,server-1,9,0,15,4.526,38.781,57.272
least-response-time-cache-off-warm500,130,3,3.0846,110.470,50.183,160.653,horse,dubliners,1,,server-1,10,0,15,4.526,38.781,57.272
least-response-time-cache-off-warm500,130,3,3.0923,108.159,60.279,168.438,house,black-beauty,1,,server-1,11,0,15,4.526,38.781,57.272
least-response-time-cache-off-warm500,130,3,3.1000,100.083,77.802,177.886,london,twenty-thousand-leagues-under-the-sea,1,,server-1,12,0,15,20.773,38.781,52.898
least-response-time-cache-off-warm500,130,3,3.1077,90.670,54.162,144.832,and,the-great-gatsby,1,,server-1,12,0,15,18.843,38.781,52.898
least-response-time-cache-off-warm500,130,3,3.1154,96.359,78.236,174.595,and,the-picture-of-dorian-gray,1,,server-1,11,0,15,16.209,38.781,52.898
least-response-time-cache-off-warm500,130,3,3.1231,121.048,68.558,189.606,whale,the-last-of-the-mohicans-a-narrative-of-1757,1,,server-1,12,0,15,23.269,38.781,60.084
least-response-time-cache-off-warm500,130,3,3.1308,98.036,117.647,215.684,death,desert-gold,1,,server-1,13,0,14,19.901,38.781,60.084
least-response-time-cache-off-warm500,130,3,3.1385,121.312,85.043,206.356,heart,life-on-the-mississippi,1,,server-1,14,0,14,19.901,38.781,60.084
least-response-time-cache-off-warm500,130,3,3.1462,144.865,67.043,211.908,house,the-scarlet-letter,1,,server-1,15,0,14,23.096,38.781,85.932
least-response-time-cache-off-warm500,130,3,3.1538,125.510,108.941,234.451,he,great-expectations,1,,server-1,15,0,14,28.316,38.781,85.932
least-response-time-cache-off-warm500,130,3,3.1615,171.481,70.769,242.250,london,desert-gold,1,,server-1,16,0,14,28.316,38.781,85.932
least-response-time-cache-off-warm500,130,3,3.1692,143.962,120.233,264.195,you,north-and-south,1,,server-1,17,0,13,28.316,38.781,86.540
least-response-time-cache-off-warm500,130,3,3.1769,182.267,101.618,283.885,house,villette,1,,server-1,18,0,10,28.316,38.781,72.525
least-response-time-cache-off-warm500,130,3,3.1846,1.610,23.367,24.978,he,the-return-of-sherlock-holmes-108,1,,server-2,18,1,10,49.962,38.781,72.525
least-response-time-cache-off-warm500,130,3,3.1923,18.534,12.085,30.619,letter,the-great-gatsby,1,,server-2,17,2,10,47.156,19.967,55.204
least-response-time-cache-off-warm500,130,3,3.2000,11.385,40.870,52.256,heart,walden-and-on-the-duty-of-civil-disobedience,1,,server-2,15,3,10,37.382,19.967,46.124
least-response-time-cache-off-warm500,130,3,3.2077,4.994,41.523,46.517,horse,the-first-men-in-the-moon,1,,server-2,15,4,10,37.382,19.967,41.949
least-response-time-cache-off-warm500,130,3,3.2154,8.411,52.152,60.563,whale,the-return-of-sherlock-holmes-108,1,,server-2,15,4,10,33.349,4.049,41.949
least-response-time-cache-off-warm500,130,3,3.2231,33.028,75.400,108.428,night,frankenstein-or-the-modern-prometheus-41445,1,,server-2,15,5,10,42.867,4.654,33.475
least-response-time-cache-off-warm500,130,3,3.2308,25.795,38.703,64.497,and,twenty-thousand-leagues-under-the-sea,1,,server-2,15,6,10,26.070,3.798,33.475
least-response-time-cache-off-warm500,130,3,3.2385,17.731,111.349,129.080,and,the-iliad,1,,server-2,15,6,6,26.070,5.719,47.069
least-response-time-cache-off-warm500,130,3,3.2462,11.574,84.550,96.124,of,meditations,1,,server-2,14,7,6,31.459,5.719,47.069
least-response-time-cache-off-warm500,130,3,3.2538,5.865,50.977,56.843,castle,the-portrait-of-a-lady-volume-1,1,,server-2,13,8,5,51.199,18.056,87.553
least-response-time-cache-off-warm500,130,3,3.2615,19.986,175.584,195.570,king,the-mysterious-island,1,,server-2,11,7,5,22.428,3.493,87.553
least-response-time-cache-off-warm500,130,3,3.2692,41.920,159.446,201.366,london,memoirs-of-fanny-hill,1,,server-2,11,8,5,22.428,3.493,73.124
least-response-time-cache-off-warm500,130,3,3.2769,4.718,126.582,131.300,castle,desperate-remedies,1,,server-2,11,9,5,22.415,13.327,51.042
least-response-time-cache-off-warm500,130,3,3.2846,34.906,85.862,120.768,house,the-age-of-innocence,1,,server-2,10,10,5,53.118,6.872,51.042
least-response-time-cache-off-warm500,130,3,3.2923,50.130,126.226,176.357,love,the-age-of-innocence,1,,server-2,8,11,5,24.413,6.872,51.042
least-response-time-cache-off-warm500,130,3,3.3000,63.866,120.023,183.889,night,the-war-of-the-worlds,1,,server-2,8,11,4,24.413,13.034,35.995
least-response-time-cache-off-warm500,130,3,3.3077,60.440,135.863,196.303,night,the-divine-comedy,1,,server-2,8,12,4,24.413,13.034,35.995
least-response-time-cache-off-warm500,130,3,3.3154,94.696,119.234,213.930,horse,the-house-of-mirth,1,,server-2,8,12,4,51.937,23.734,35.995
least-response-time-cache-off-warm500,130,3,3.3231,148.565,115.957,264.522,money,the-house-of-mirth,1,,server-2,8,13,2,51.937,13.785,34.121
least-response-time-cache-off-warm500,130,3,3.3308,106.476,102.101,208.578,letter,the-wind-in-the-willows,1,,server-2,8,14,2,51.937,13.785,34.121
least-response-time-cache-off-warm500,130,3,3.3385,145.101,84.421,229.522,heart,beyond-good-and-evil,1,,server-2,8,15,2,40.591,24.927,34.121
least-response-time-cache-off-warm500,130,3,3.3462,161.900,103.758,265.657,and,north-and-south,1,,server-2,8,15,2,39.034,28.487,34.121
least-response-time-cache-off-warm500,130,3,3.3538,185.730,127.240,312.970,king,the-vicomte-de-bragelonne,1,,server-2,8,16,0,48.596,28.487,32.561
least-response-time-cache-off-warm500,130,3,3.3615,172.935,49.806,222.742,castle,adventures-of-huckleberry-finn,1,,server-2,6,15,0,36.015,25.036,32.561
least-response-time-cache-off-warm500,130,3,3.3692,160.937,138.576,299.513,whale,jude-the-obscure,1,,server-2,4,16,0,36.015,30.178,32.561
least-response-time-cache-off-warm500,130,3,3.3769,182.072,146.283,328.354,he,a-journey-to-the-centre-of-the-earth,1,,server-2,4,17,0,36.015,30.178,32.561
least-response-time-cache-off-warm500,130,3,3.3846,174.213,145.656,319.869,sea,adventures-of-huckleberry-finn,1,,server-2,4,18,0,33.524,30.178,32.561
least-response-time-cache-off-warm500,130,3,3.3923,295.661,30.682,326.342,you,frankenstein-or-the-modern-prometheus-41445,1,,server-2,3,19,0,37.092,30.178,32.561
least-response-time-cache-off-warm500,130,3,3.4000,305.113,65.389,370.503,whale,adventures-of-huckleberry-finn,1,,server-2,3,20,0,37.092,30.178,32.561
least-response-time-cache-off-warm500,130,3,3.4077,2.144,24.869,27.013,horse,desperate-remedies,1,,server-3,3,20,1,41.335,53.544,32.561
least-response-time-cache-off-warm500,130,3,3.4154,19.967,16.438,36.405,heart,the-scarlet-letter,1,,server-3,3,17,2,41.335,36.575,16.804
least-response-time-cache-off-warm500,130,3,3.4231,12.802,68.471,81.273,night,the-last-of-the-mohicans-a-narrative-of-1757,1,,server-3,3,17,3,41.335,36.575,16.804
least-response-time-cache-off-warm500,130,3,3.4308,5.378,68.158,73.536,of,pride-and-prejudice,1,,server-3,2,17,4,38.080,36.575,16.804
least-response-time-cache-off-warm500,130,3,3.4385,62.611,44.577,107.188,london,memoirs-of-fanny-hill,1,,server-3,1,17,4,40.513,34.059,3.443
least-response-time-cache-off-warm500,130,3,3.4462,59.343,29.173,88.516,death,sense-and-sensibility,1,,server-3,1,17,5,40.513,34.059,2.941
least-response-time-cache-off-warm500,130,3,3.4538,50.736,93.528,144.264,was,pride-and-prejudice,1,,server-3,1,17,6,40.513,34.059,5.519
least-response-time-cache-off-warm500,130,3,3.4615,44.488,97.199,141.687,house,the-jungle,1,,server-3,0,17,7,38.346,56.856,5.519
least-response-time-cache-off-warm500,130,3,3.4692,36.410,154.207,190.617,horse,the-wind-in-the-willows,1,,server-3,0,17,8,38.346,49.232,5.519
least-response-time-cache-off-warm500,130,3,3.4769,30.826,140.227,171.053,was,mary-barton,1,,server-3,0,14,9,38.346,57.338,5.519
least-response-time-cache-off-warm500,130,3,3.4846,24.408,91.752,116.160,was,the-jungle,1,,server-3,0,14,10,38.346,48.398,12.283
least-response-time-cache-off-warm500,130,3,3.4923,17.508,133.113,150.622,money,the-adventures-of-sherlock-holmes,1,,server-3,0,14,11,38.346,48.398,12.283
least-response-time-cache-off-warm500,130,3,3.5000,46.603,204.869,251.473,was,agnes-grey,1,,server-3,0,14,12,38.346,48.398,12.283
least-response-time-cache-off-warm500,130,3,3.5077,21.761,167.854,189.615,you,the-memoirs-of-sherlock-holmes,1,,server-3,0,12,10,38.346,60.467,10.402
least-response-time-cache-off-warm500,130,3,3.5154,85.636,110.581,196.217,love,desert-gold,1,,server-3,0,12,11,38.346,60.467,5.185
least-response-time-cache-off-warm500,130,3,3.5231,80.527,112.226,192.754,horse,the-innocents-abroad,1,,server-3,0,12,12,38.346,60.467,5.185
least-response-time-cache-off-warm500,130,3,3.5308,70.764,131.275,202.039,you,treasure-island,1,,server-3,0,12,13,38.346,60.572,9.941
least-response-time-cache-off-warm500,130,3,3.5385,69.666,166.540,236.205,she,life-on-the-mississippi,1,,server-3,0,12,14,38.346,40.780,9.941
least-response-time-cache-off-warm500,130,3,3.5462,93.746,94.593,188.340,death,beyond-good-and-evil,1,,server-3,0,10,14,38.346,52.208,17.586
least-response-time-cache-off-warm500,130,3,3.5538,143.767,90.341,234.109,whale,twenty-thousand-leagues-under-the-sea,1,,server-3,0,10,15,38.346,52.208,17.586
least-response-time-cache-off-warm500,130,3,3.5615,175.580,70.049,245.629,castle,the-divine-comedy,1,,server-3,0,10,16,38.346,52.595,21.150
least-response-time-cache-off-warm500,130,3,3.5692,203.379,80.347,283.726,the,beyond-good-and-evil,1,,server-3,0,10,17,38.346,48.147,21.150
least-response-time-cache-off-warm500,130,3,3.5769,211.331,96.607,307.938,money,the-hound-of-the-baskervilles-3070,1,,server-3,0,10,18,38.346,48.147,21.150
least-response-time-cache-off-warm500,130,3,3.5846,186.368,110.413,296.781,was,tess-of-the-d-urbervilles-a-pure-woman,1,,server-3,0,10,19,38.346,43.663,21.150
least-response-time-cache-off-warm500,130,3,3.5923,194.041,69.299,263.340,the,cranford,1,,server-3,0,9,20,38.346,35.424,21.150
least-response-time-cache-off-warm500,130,3,3.6000,105.929,62.343,168.272,sea,kidnapped,1,,server-2,0,10,20,38.346,35.424,35.469
least-response-time-cache-off-warm500,130,3,3.6077,202.004,70.543,272.547,you,northanger-abbey,1,,server-3,0,10,17,38.346,35.424,25.031
least-response-time-cache-off-warm500,130,3,3.6154,194.001,149.589,343.590,of,the-adventures-of-sherlock-holmes,1,,server-3,0,7,18,38.346,36.322,25.031
least-response-time-cache-off-warm500,130,3,3.6231,185.174,172.108,357.282,death,emma,1,,server-3,0,7,19,38.346,36.322,34.723
least-response-time-cache-off-warm500,130,3,3.6308,188.352,96.769,285.120,of,jude-the-obscure,1,,server-3,0,7,20,38.346,36.322,34.723
least-response-time-cache-off-warm500,130,3,3.6385,182.549,135.710,318.259,heart,walden-and-on-the-duty-of-civil-disobedience,1,,server-3,0,7,21,38.346,36.322,34.723
least-response-time-cache-off-warm500,130,3,3.6462,207.526,100.690,308.216,london,black-beauty,1,,server-3,0,7,22,38.346,36.322,34.013
least-response-time-cache-off-warm500,130,3,3.6538,53.185,90.293,143.477,money,the-last-of-the-mohicans-a-narrative-of-1757,1,,server-2,0,8,22,38.346,36.322,54.318
least-response-time-cache-off-warm500,130,3,3.6615,57.235,75.885,133.120,king,little-women,1,,server-2,0,9,22,38.346,36.322,67.029
least-response-time-cache-off-warm500,130,3,3.6692,1.448,23.146,24.594,heart,the-works-of-edgar-allan-poe-volume-2,1,,server-1,1,9,22,38.346,110.730,67.029
least-response-time-cache-off-warm500,130,3,3.6769,17.796,34.670,52.465,love,the-return-of-sherlock-holmes,1,,server-1,2,9,21,19.709,110.730,67.029
least-response-time-cache-off-warm500,130,3,3.6846,10.211,42.669,52.881,and,the-hound-of-the-baskervilles-3070,1,,server-1,3,9,21,19.709,110.730,67.029
least-response-time-cache-off-warm500,130,3,3.6923,2.727,32.159,34.886,love,the-last-of-the-mohicans-a-narrative-of-1757-27681,1,,server-1,4,7,21,19.709,53.076,67.029
least-response-time-cache-off-warm500,130,3,3.7000,37.919,14.100,52.019,she,a-princess-of-mars,1,,server-1,4,7,19,3.160,53.076,75.283
least-response-time-cache-off-warm500,130,3,3.7077,30.072,48.666,78.737,night,pride-and-prejudice,1,,server-1,5,5,19,3.160,31.584,75.283
least-response-time-cache-off-warm500,130,3,3.7154,23.120,25.842,48.963,horse,memoirs-of-fanny-hill,1,,server-1,6,5,19,3.160,31.584,62.155
least-response-time-cache-off-warm500,130,3,3.7231,15.826,111.936,127.761,you,a-connecticut-yankee-in-king-arthur-s-court,1,,server-1,7,4,18,3.160,15.766,44.851
least-response-time-cache-off-warm500,130,3,3.7308,11.086,123.744,134.829,house,little-women,1,,server-1,7,4,18,13.500,15.766,44.851
least-response-time-cache-off-warm500,130,3,3.7385,5.252,117.295,122.548,he,the-moonstone,1,,server-1,6,4,15,6.333,15.766,68.782
least-response-time-cache-off-warm500,130,3,3.7462,36.639,83.794,120.433,letter,the-mysterious-affair-at-styles,1,,server-1,7,4,15,2.810,15.766,68.782
least-response-time-cache-off-warm500,130,3,3.7538,49.603,134.073,183.676,was,the-moonstone,1,,server-1,8,4,15,4.239,15.766,88.653
least-response-time-cache-off-warm500,130,3,3.7615,99.838,95.792,195.630,horse,the-moonstone,1,,server-1,9,4,15,4.239,15.766,88.653
least-response-time-cache-off-warm500,130,3,3.7692,99.376,91.094,190.470,king,the-secret-garden,1,,server-1,10,4,15,12.183,24.903,88.653
least-response-time-cache-off-warm500,130,3,3.7769,91.457,93.692,185.150,the,a-tale-of-two-cities,1,,server-1,11,3,13,12.183,26.677,82.892
least-response-time-cache-off-warm500,130,3,3.7846,84.547,130.357,214.903,sea,the-song-of-the-lark,1,,server-1,11,3,13,14.307,26.677,82.892
least-response-time-cache-off-warm500,130,3,3.7923,81.538,101.962,183.500,and,autobiography-of-benjamin-franklin,1,,server-1,12,3,11,20.886,26.677,79.935
least-response-time-cache-off-warm500,130,3,3.8000,110.632,103.073,213.705,king,the-adventures-of-tom-sawyer-complete,1,,server-1,13,0,11,20.886,27.014,97.832
least-response-time-cache-off-warm500,130,3,3.8077,149.776,95.035,244.811,castle,the-iliad,1,,server-1,12,0,11,18.575,27.014,71.900
least-response-time-cache-off-warm500,130,3,3.8154,148.872,117.655,266.528,you,poirot-investigates,1,,server-1,13,0,10,18.575,27.014,45.452
least-response-time-cache-off-warm500,130,3,3.8231,178.558,103.849,282.408,death,dracula,1,,server-1,14,0,10,18.575,27.014,64.398
least-response-time-cache-off-warm500,130,3,3.8308,171.117,83.004,254.120,castle,the-moonstone,1,,server-1,15,0,10,18.575,27.014,64.398
least-response-time-cache-off-warm500,130,3,3.8385,164.319,122.545,286.864,castle,the-jungle,1,,server-1,16,0,10,18.575,27.014,64.398
least-response-time-cache-off-warm500,130,3,3.8462,192.078,104.357,296.435,heart,the-house-of-mirth,1,,server-1,17,0,10,18.575,27.014,64.398
least-response-time-cache-off-warm500,130,3,3.8538,1.565,11.165,12.729,london,a-princess-of-mars,1,,server-2,17,1,10,51.014,27.014,50.720
least-response-time-cache-off-warm500,130,3,3.8615,5.527,28.107,33.635,castle,the-last-of-the-mohicans-a-narrative-of-1757-27681,1,,server-2,16,2,10,42.913,13.928,54.016
least-response-time-cache-off-warm500,130,3,3.8692,26.102,13.388,39.489,death,the-kama-sutra-of-vatsyayana,1,,server-2,13,2,10,21.117,5.936,44.927
least-response-time-cache-off-warm500,130,3,3.8769,18.400,56.569,74.969,you,jane-eyre-an-autobiography,1,,server-2,13,3,10,33.647,5.936,44.927
least-response-time-cache-off-warm500,130,3,3.8846,11.805,49.384,61.189,whale,frankenstein-or-the-modern-prometheus,1,,server-2,13,4,9,28.328,5.936,50.562
least-response-time-cache-off-warm500,130,3,3.8923,4.031,50.787,54.818,horse,the-prince,1,,server-2,13,5,6,28.328,5.936,36.586
least-response-time-cache-off-warm500,130,3,3.9000,52.539,115.383,167.922,love,north-and-south,1,,server-2,13,5,6,28.328,2.396,36.586
least-response-time-cache-off-warm500,130,3,3.9077,45.556,14.950,60.506,london,cranford,1,,server-2,13,6,6,28.328,2.396,36.586
least-response-time-cache-off-warm500,130,3,3.9154,38.341,86.589,124.929,heart,a-princess-of-mars,1,,server-2,13,7,5,29.675,4.495,41.746
least-response-time-cache-off-warm500,130,3,3.9231,31.164,21.767,52.931,king,the-hound-of-the-baskervilles-3070,1,,server-2,13,8,5,29.675,8.105,34.699
least-response-time-cache-off-warm500,130,3,3.9308,24.407,72.778,97.185,king,the-king-in-yellow,1,,server-2,13,9,5,29.675,8.105,34.699
least-response-time-cache-off-warm500,130,3,3.9385,18.550,94.583,113.133,heart,agnes-grey,1,,server-2,13,10,5,59.159,8.105,34.699
least-response-time-cache-off-warm500,130,3,3.9462,21.048,100.489,121.537,night,a-princess-of-mars,1,,server-2,13,11,5,59.159,16.142,34.699
least-response-time-cache-off-warm500,130,3,3.9538,23.915,91.325,115.240,of,the-war-of-the-worlds,1,,server-2,13,8,5,59.159,8.987,46.036
least-response-time-cache-off-warm500,130,3,3.9615,15.995,117.441,133.436,she,dubliners,1,,server-2,13,9,1,67.139,6.484,38.733
least-response-time-cache-off-warm500,130,3,3.9692,82.733,98.217,180.950,letter,the-romance-of-lust-a-classic-victorian-erotic-novel,1,,server-2,9,10,1,36.749,7.497,38.733
least-response-time-cache-off-warm500,130,3,3.9769,59.522,48.715,108.236,king,hard-times,1,,server-2,9,10,1,58.854,10.621,38.733
least-response-time-cache-off-warm500,130,3,3.9846,67.237,82.856,150.093,house,poirot-investigates,1,,server-2,9,11,0,58.854,4.951,50.247
least-response-time-cache-off-warm500,130,3,3.9923,105.341,74.793,180.134,sea,the-hound-of-the-baskervilles-3070,1,,server-2,9,11,0,58.854,4.951,50.247
least-response-time-cache-off-warm500,130,3,4.0000,95.598,140.516,236.114,you,walden-and-on-the-duty-of-civil-disobedience,1,,server-2,8,12,0,58.442,4.951,50.247
least-response-time-cache-off-warm500,130,3,4.0077,89.214,54.376,143.589,of,the-mystery-of-edwin-drood,1,,server-2,7,13,0,66.389,4.951,50.247
least-response-time-cache-off-warm500,130,3,4.0154,82.491,194.178,276.669,night,the-vicomte-de-bragelonne,1,,server-2,7,14,0,55.263,4.951,50.247
least-response-time-cache-off-warm500,130,3,4.0231,97.921,158.259,256.180,and,the-moonstone,1,,server-2,7,15,0,55.263,4.951,50.247
least-response-time-cache-off-warm500,130,3,4.0308,90.758,305.083,395.841,king,persuasion,1,,server-2,7,16,0,55.263,24.667,50.247
least-response-time-cache-off-warm500,130,3,4.0385,114.792,127.805,242.596,of,twenty-thousand-leagues-under-the-sea,1,,server-2,6,17,0,45.917,15.145,50.247
least-response-time-cache-off-warm500,130,3,4.0462,106.944,152.983,259.927,sea,the-secret-garden,1,,server-2,6,17,0,45.917,27.530,50.247
least-response-time-cache-off-warm500,130,3,4.0538,150.775,149.190,299.965,london,the-house-of-mirth,1,,server-2,6,17,0,49.594,31.932,50.247
least-response-time-cache-off-warm500,130,3,4.0615,213.968,128.062,342.030,king,the-picture-of-dorian-gray,1,,server-2,6,18,0,49.594,31.932,50.247
least-response-time-cache-off-warm500,130,3,4.0692,222.328,166.636,388.964,was,the-kama-sutra-of-vatsyayana,1,,server-2,6,16,0,49.594,34.078,50.247
least-response-time-cache-off-warm500,130,3,4.0769,206.844,101.130,307.974,she,the-secret-garden-17396,1,,server-2,6,17,0,49.594,34.078,50.247
least-response-time-cache-off-warm500,130,3,4.0846,207.637,139.305,346.942,castle,the-adventures-of-sherlock-holmes,1,,server-2,5,18,0,60.152,36.749,50.247
least-response-time-cache-off-warm500,130,3,4.0923,212.018,60.272,272.289,whale,his-last-bow,1,,server-2,5,17,0,60.152,33.774,50.247
least-response-time-cache-off-warm500,130,3,4.1000,241.953,169.705,411.658,house,the-jungle,1,,server-2,5,17,0,60.152,31.955,50.247
least-response-time-cache-off-warm500,130,3,4.1077,219.463,101.781,321.245,he,adventures-of-huckleberry-finn,1,,server-2,5,18,0,56.864,31.955,50.247
least-response-time-cache-off-warm500,130,3,4.1154,226.463,170.925,397.389,death,the-romance-of-lust-a-classic-victorian-erotic-novel,1,,server-2,5,19,0,56.864,31.955,50.247
least-response-time-cache-off-warm500,130,3,4.1231,278.455,111.334,389.789,london,jane-eyre-an-autobiography,1,,server-2,4,20,0,48.977,25.083,50.247
least-response-time-cache-off-warm500,130,3,4.1308,285.399,146.901,432.299,house,far-from-the-madding-crowd,1,,server-2,1,21,0,49.462,25.083,50.247
least-response-time-cache-off-warm500,130,3,4.1385,316.074,91.926,408.000,sea,the-secret-adversary,1,,server-2,1,22,0,49.462,43.995,50.247
least-response-time-cache-off-warm500,130,3,4.1462,365.235,138.904,504.139,king,the-mysterious-island,1,,server-2,0,23,0,46.073,43.995,50.247
least-response-time-cache-off-warm500,130,3,4.1538,357.480,52.924,410.405,castle,autobiography-of-benjamin-franklin,1,,server-2,0,22,0,46.073,20.083,50.247
least-response-time-cache-off-warm500,130,3,4.1615,369.470,121.591,491.061,and,the-works-of-edgar-allan-poe-volume-2,1,,server-2,0,23,0,46.073,17.728,50.247
least-response-time-cache-off-warm500,130,3,4.1692,361.538,68.236,429.773,and,the-house-of-the-seven-gables,1,,server-2,0,24,0,46.073,17.728,50.247
least-response-time-cache-off-warm500,130,3,4.1769,354.952,48.086,403.038,night,his-last-bow,1,,server-2,0,25,0,46.073,43.181,50.247
least-response-time-cache-off-warm500,130,3,4.1846,347.095,153.268,500.363,sea,hard-times,1,,server-2,0,26,0,46.073,43.181,50.247
least-response-time-cache-off-warm500,130,3,4.1923,369.782,128.094,497.875,whale,far-from-the-madding-crowd,1,,server-2,0,27,0,46.073,43.181,50.247
least-response-time-cache-off-warm500,130,3,4.2000,368.747,118.964,487.710,castle,the-divine-comedy,1,,server-2,0,27,0,46.073,39.175,50.247
least-response-time-cache-off-warm500,130,3,4.2077,387.526,150.113,537.639,was,the-lost-world,1,,server-2,0,28,0,46.073,37.495,50.247
least-response-time-cache-off-warm500,130,3,4.2154,380.481,137.855,518.336,you,the-portrait-of-a-lady-volume-1,1,,server-2,0,29,0,46.073,37.495,50.247
least-response-time-cache-off-warm500,130,3,4.2231,399.343,106.993,506.336,sea,oliver-twist,1,,server-2,0,30,0,46.073,37.495,50.247
least-response-time-cache-off-warm500,130,3,4.2308,459.909,77.258,537.167,house,the-jungle,1,,server-2,0,31,0,46.073,37.495,50.247
least-response-time-cache-off-warm500,130,3,4.2385,1.352,37.662,39.014,you,the-moonstone,1,,server-1,1,31,0,46.073,52.405,50.247
least-response-time-cache-off-warm500,130,3,4.2462,31.759,22.712,54.471,was,the-house-of-the-seven-gables,1,,server-1,2,31,0,23.679,52.405,50.247
least-response-time-cache-off-warm500,130,3,4.2538,25.095,97.794,122.888,you,dubliners,1,,server-1,3,31,0,23.679,52.405,50.247
least-response-time-cache-off-warm500,130,3,4.2615,17.868,51.344,69.212,castle,autobiography-of-benjamin-franklin,1,,server-1,4,31,0,23.679,52.405,50.247
least-response-time-cache-off-warm500,130,3,4.2692,10.812,53.346,64.158,the,the-adventures-of-sherlock-holmes,1,,server-1,5,31,0,23.679,52.405,50.247
least-response-time-cache-off-warm500,130,3,4.2769,4.028,67.061,71.089,king,myths-and-legends-of-ancient-greece-and-rome,1,,server-1,6,30,0,23.679,81.011,50.247
least-response-time-cache-off-warm500,130,3,4.2846,33.964,60.469,94.433,the,poirot-investigates,1,,server-1,6,28,0,3.150,75.291,50.247
least-response-time-cache-off-warm500,130,3,4.2923,37.879,79.854,117.734,love,the-odyssey,1,,server-1,7,27,0,3.150,80.654,50.247
least-response-time-cache-off-warm500,130,3,4.3000,48.257,59.742,107.999,whale,silas-marner,1,,server-1,8,27,0,3.150,80.654,50.247
least-response-time-cache-off-warm500,130,3,4.3077,53.950,133.852,187.801,letter,tess-of-the-d-urbervilles-a-pure-woman,1,,server-1,8,25,0,10.176,69.141,50.247
least-response-time-cache-off-warm500,130,3,4.3154,47.305,194.864,242.168,london,wuthering-heights,1,,server-1,9,25,0,10.176,69.141,50.247
least-response-time-cache-off-warm500,130,3,4.3231,84.195,45.434,129.629,and,the-scarlet-letter-33,1,,server-1,10,25,0,13.915,69.141,50.247
least-response-time-cache-off-warm500,130,3,4.3308,77.327,47.735,125.063,london,persuasion,1,,server-1,11,25,0,23.249,84.676,50.247
least-response-time-cache-off-warm500,130,3,4.3385,72.082,65.403,137.485,house,memoirs-of-fanny-hill,1,,server-1,12,25,0,29.190,84.676,50.247
least-response-time-cache-off-warm500,130,3,4.3462,67.253,113.658,180.911,london,the-great-gatsby,1,,server-1,13,25,0,26.407,63.538,50.247
least-response-time-cache-off-warm500,130,3,4.3538,59.407,112.391,171.798,london,the-king-in-yellow,1,,server-1,14,25,0,24.514,65.906,50.247
least-response-time-cache-off-warm500,130,3,4.3615,66.012,131.196,197.208,whale,the-first-men-in-the-moon,1,,server-1,14,25,0,24.024,65.906,50.247
least-response-time-cache-off-warm500,130,3,4.3692,88.016,57.658,145.674,of,a-journey-to-the-centre-of-the-earth,1,,server-1,15,25,0,20.570,64.404,50.247
least-response-time-cache-off-warm500,130,3,4.3769,119.581,74.684,194.265,was,his-last-bow,1,,server-1,15,25,0,35.804,64.404,50.247
least-response-time-cache-off-warm500,130,3,4.3846,143.512,65.716,209.228,was,the-odyssey,1,,server-1,16,25,0,34.900,80.398,50.247
least-response-time-cache-off-warm500,130,3,4.3923,168.955,50.422,219.377,death,walden-and-on-the-duty-of-civil-disobedience,1,,server-1,17,25,0,34.900,80.398,50.247
least-response-time-cache-off-warm500,130,3,4.4000,195.587,105.251,300.839,love,dracula,1,,server-1,18,25,0,34.900,80.398,50.247
least-response-time-cache-off-warm500,130,3,4.4077,187.542,62.501,250.043,sea,the-great-gatsby,1,,server-1,16,25,0,26.049,107.165,50.247
least-response-time-cache-off-warm500,130,3,4.4154,180.717,45.882,226.598,death,the-portrait-of-a-lady-volume-1,1,,server-1,15,25,0,18.667,107.165,50.247
least-response-time-cache-off-warm500,130,3,4.4231,188.921,142.678,331.599,whale,great-expectations,1,,server-1,16,25,0,18.667,88.593,50.247
least-response-time-cache-off-warm500,130,3,4.4308,185.948,43.460,229.408,and,the-house-of-the-seven-gables,1,,server-1,17,22,0,19.496,63.526,50.247
least-response-time-cache-off-warm500,130,3,4.4385,174.682,64.281,238.963,letter,the-house-of-mirth,1,,server-1,18,20,0,19.496,115.093,50.247
least-response-time-cache-off-warm500,130,3,4.4462,168.509,135.118,303.627,castle,villette,1,,server-1,19,20,0,19.496,115.093,50.247
least-response-time-cache-off-warm500,130,3,4.4538,163.467,149.584,313.050,whale,the-secret-garden,1,,server-1,20,20,0,24.430,115.093,50.247
least-response-time-cache-off-warm500,130,3,4.4615,238.206,117.966,356.172,of,oliver-twist,1,,server-1,21,19,0,31.211,83.396,50.247
least-response-time-cache-off-warm500,130,3,4.4692,232.638,111.762,344.400,was,the-first-men-in-the-moon,1,,server-1,22,19,0,31.211,83.396,50.247
least-response-time-cache-off-warm500,130,3,4.4769,278.187,56.055,334.242,sea,meditations,1,,server-1,21,19,0,33.900,83.396,50.247
least-response-time-cache-off-warm500,130,3,4.4846,285.556,68.415,353.971,heart,the-scarlet-letter-33,1,,server-1,22,19,0,33.900,83.396,50.247
least-response-time-cache-off-warm500,130,3,4.4923,276.095,84.107,360.202,sea,the-secret-garden,1,,server-1,23,19,0,33.900,83.396,50.247
least-response-time-cache-off-warm500,130,3,4.5000,270.746,121.616,392.362,castle,dubliners,1,,server-1,24,19,0,39.381,83.396,50.247
least-response-time-cache-off-warm500,130,3,4.5077,303.310,108.985,412.294,letter,jude-the-obscure,1,,server-1,25,18,0,39.381,135.095,50.247
least-response-time-cache-off-warm500,130,3,4.5154,296.716,81.134,377.850,he,the-hound-of-the-baskervilles-3070,1,,server-1,26,16,0,40.153,151.235,50.247
least-response-time-cache-off-warm500,130,3,4.5231,294.922,79.798,374.719,king,the-last-of-the-mohicans-a-narrative-of-1757,1,,server-1,27,16,0,40.153,151.235,50.247
least-response-time-cache-off-warm500,130,3,4.5308,307.981,100.573,408.554,london,cranford,1,,server-1,26,14,0,42.163,169.355,50.247
least-response-time-cache-off-warm500,130,3,4.5385,298.384,92.220,390.604,horse,a-princess-of-mars,1,,server-1,27,14,0,42.163,69.724,50.247
least-response-time-cache-off-warm500,130,3,4.5462,304.911,103.314,408.225,sea,the-first-men-in-the-moon,1,,server-1,28,14,0,42.163,53.685,50.247
least-response-time-cache-off-warm500,130,3,4.5538,386.381,106.022,492.403,you,great-expectations,1,,server-1,29,14,0,42.163,108.525,50.247
least-response-time-cache-off-warm500,130,3,4.5615,337.308,97.735,435.044,horse,the-adventures-of-ferdinand-count-fathom-complete,1,,server-1,25,14,0,49.913,91.762,50.247
least-response-time-cache-off-warm500,130,3,4.5692,360.371,61.616,421.987,whale,a-connecticut-yankee-in-king-arthur-s-court,1,,server-1,26,12,0,49.913,71.333,50.247
least-response-time-cache-off-warm500,130,3,4.5769,2.364,14.958,17.323,money,autobiography-of-benjamin-franklin,1,,server-3,25,12,1,60.655,71.333,50.247
least-response-time-cache-off-warm500,130,3,4.5846,9.901,17.985,27.886,night,madame-bovary,1,,server-3,25,11,2,60.655,147.981,25.855
least-response-time-cache-off-warm500,130,3,4.5923,3.086,36.611,39.697,castle,adventures-of-huckleberry-finn,1,,server-3,25,11,3,60.655,147.981,25.855
least-response-time-cache-off-warm500,130,3,4.6000,32.166,48.483,80.649,king,jude-the-obscure,1,,server-3,24,9,3,54.616,123.465,5.831
least-response-time-cache-off-warm500,130,3,4.6077,21.566,33.503,55.069,he,the-tenant-of-wildfell-hall,1,,server-3,24,9,4,54.616,123.465,5.831
least-response-time-cache-off-warm500,130,3,4.6154,18.244,62.552,80.796,castle,myths-and-legends-of-ancient-greece-and-rome,1,,server-3,23,9,4,33.382,123.465,7.227
least-response-time-cache-off-warm500,130,3,4.6231,12.533,117.954,130.487,love,a-tale-of-two-cities,1,,server-3,23,9,5,21.907,103.223,7.227
least-response-time-cache-off-warm500,130,3,4.6308,27.161,51.874,79.034,money,persuasion,1,,server-3,23,9,6,21.907,103.223,8.824
least-response-time-cache-off-warm500,130,3,4.6385,42.528,74.560,117.089,he,the-first-men-in-the-moon,1,,server-3,23,9,6,21.907,103.223,4.348
least-response-time-cache-off-warm500,130,3,4.6462,45.162,57.662,102.825,you,meditations,1,,server-3,23,9,7,26.583,103.223,4.348
least-response-time-cache-off-warm500,130,3,4.6538,44.348,96.236,140.584,house,the-first-men-in-the-moon,1,,server-3,23,9,8,26.583,72.975,4.348
least-response-time-cache-off-warm500,130,3,4.6615,47.030,92.438,139.468,he,the-mysterious-island,1,,server-3,22,9,9,52.605,72.975,10.008
least-response-time-cache-off-warm500,130,3,4.6692,84.544,71.794,156.339,letter,kidnapped,1,,server-3,22,9,10,52.605,72.975,12.196
least-response-time-cache-off-warm500,130,3,4.6769,34.999,184.202,219.201,you,the-memoirs-of-sherlock-holmes,1,,server-3,22,9,11,52.605,72.975,12.196
least-response-time-cache-off-warm500,130,3,4.6846,69.390,143.337,212.727,death,a-connecticut-yankee-in-king-arthur-s-court,1,,server-3,21,9,11,54.817,156.396,23.074
least-response-time-cache-off-warm500,130,3,4.6923,64.338,191.284,255.622,king,the-secret-garden,1,,server-3,21,6,12,54.817,51.652,16.913
least-response-time-cache-off-warm500,130,3,4.7000,58.062,128.696,186.758,love,the-secret-garden-17396,1,,server-3,21,5,12,73.234,51.652,25.673
least-response-time-cache-off-warm500,130,3,4.7077,87.080,232.206,319.286,heart,jane-eyre-an-autobiography,1,,server-3,19,5,13,75.208,51.652,25.673
least-response-time-cache-off-warm500,130,3,4.7154,85.785,174.261,260.046,castle,poirot-investigates,1,,server-3,19,5,13,75.208,51.652,14.706
least-response-time-cache-off-warm500,130,3,4.7231,102.067,151.090,253.157,london,silas-marner,1,,server-3,19,5,14,75.208,51.652,14.706
least-response-time-cache-off-warm500,130,3,4.7308,94.671,211.185,305.856,night,frankenstein-or-the-modern-prometheus-41445,1,,server-3,19,3,15,75.208,45.474,14.706
least-response-time-cache-off-warm500,130,3,4.7385,134.332,155.369,289.701,love,myths-and-legends-of-ancient-greece-and-rome,1,,server-3,19,3,16,75.208,63.137,19.572
least-response-time-cache-off-warm500,130,3,4.7462,104.296,197.079,301.375,night,great-expectations,1,,server-3,18,2,17,75.208,42.073,19.572
least-response-time-cache-off-warm500,130,3,4.7538,96.793,188.831,285.624,whale,the-song-of-the-lark,1,,server-3,18,2,17,86.768,42.073,21.727
least-response-time-cache-off-warm500,130,3,4.7615,159.852,137.197,297.049,london,the-picture-of-dorian-gray,1,,server-3,18,2,15,73.818,42.073,19.348
least-response-time-cache-off-warm500,130,3,4.7692,176.740,112.997,289.737,you,poirot-investigates,1,,server-3,16,0,16,143.098,39.092,22.751
least-response-time-cache-off-warm500,130,3,4.7769,250.286,64.962,315.248,she,the-scarlet-letter-33,1,,server-3,15,0,17,80.952,39.092,22.751
least-response-time-cache-off-warm500,130,3,4.7846,239.040,36.869,275.909,night,washington-square,1,,server-3,15,0,18,80.952,39.092,22.751
least-response-time-cache-off-warm500,130,3,4.7923,247.376,38.693,286.070,night,pride-and-prejudice,1,,server-3,15,0,19,80.952,39.092,22.751
least-response-time-cache-off-warm500,130,3,4.8000,247.323,61.793,309.116,king,adventures-of-huckleberry-finn,1,,server-3,15,0,19,80.952,39.092,27.633
least-response-time-cache-off-warm500,130,3,4.8077,253.156,70.415,323.570,the,jude-the-obscure,1,,server-3,15,0,20,123.160,39.092,27.138
least-response-time-cache-off-warm500,130,3,4.8154,264.396,71.432,335.828,she,dracula,1,,server-3,14,0,21,55.906,39.092,27.138
least-response-time-cache-off-warm500,130,3,4.8231,127.030,116.338,243.368,was,the-prince,1,,server-1,13,0,21,25.409,39.092,41.289
least-response-time-cache-off-warm500,130,3,4.8308,119.825,118.719,238.544,castle,north-and-south,1,,server-1,14,0,19,25.409,39.092,44.672
least-response-time-cache-off-warm500,130,3,4.8385,1.597,19.789,21.386,death,anne-of-green-gables,1,,server-2,14,1,19,75.178,39.092,44.672
least-response-time-cache-off-warm500,130,3,4.8462,14.176,25.199,39.374,heart,oliver-twist,1,,server-2,13,2,19,39.058,20.089,52.809
least-response-time-cache-off-warm500,130,3,4.8538,7.237,38.158,45.395,money,frankenstein-or-the-modern-prometheus-41445,1,,server-2,13,3,19,119.933,20.089,39.226
least-response-time-cache-off-warm500,130,3,4.8615,2.671,51.269,53.940,death,the-age-of-innocence,1,,server-2,13,3,19,119.933,5.802,39.226
least-response-time-cache-off-warm500,130,3,4.8692,31.714,67.970,99.684,king,the-iliad-2199,1,,server-2,13,4,19,98.140,4.032,39.226
least-response-time-cache-off-warm500,130,3,4.8769,23.134,114.596,137.730,london,the-works-of-edgar-allan-poe-volume-2,1,,server-2,13,5,19,98.140,4.032,40.110
least-response-time-cache-off-warm500,130,3,4.8846,30.416,29.029,59.445,house,the-adventures-of-ferdinand-count-fathom-complete,1,,server-2,13,6,19,98.140,6.819,40.110
least-response-time-cache-off-warm500,130,3,4.8923,23.303,98.279,121.582,night,kidnapped,1,,server-2,13,7,19,94.773,11.395,37.266
least-response-time-cache-off-warm500,130,3,4.9000,16.197,79.963,96.160,whale,the-adventures-of-sherlock-holmes,1,,server-2,11,6,18,55.640,8.665,75.099
least-response-time-cache-off-warm500,130,3,4.9077,37.409,146.223,183.632,house,villette,1,,server-2,11,7,18,55.640,8.665,75.099
least-response-time-cache-off-warm500,130,3,4.9154,84.447,41.056,125.504,king,the-prince,1,,server-2,11,8,18,55.640,11.953,75.099
least-response-time-cache-off-warm500,130,3,4.9231,71.902,36.751,108.652,the,the-house-of-the-seven-gables,1,,server-2,9,8,17,64.590,6.861,48.468
least-response-time-cache-off-warm500,130,3,4.9308,98.969,58.927,157.896,was,frankenstein-or-the-modern-prometheus-41445,1,,server-2,8,9,17,75.032,6.861,48.468
least-response-time-cache-off-warm500,130,3,4.9385,101.257,72.828,174.085,love,the-adventures-of-sherlock-holmes,1,,server-2,8,10,17,75.032,6.861,48.468
least-response-time-cache-off-warm500,130,3,4.9462,124.099,72.443,196.542,and,northanger-abbey,1,,server-2,6,11,17,78.912,12.336,59.172
least-response-time-cache-off-warm500,130,3,4.9538,85.430,122.841,208.271,heart,northanger-abbey,1,,server-2,6,12,17,47.020,12.336,68.721
least-response-time-cache-off-warm500,130,3,4.9615,79.601,88.173,167.773,whale,twenty-thousand-leagues-under-the-sea,1,,server-2,5,13,17,27.880,12.336,57.721
least-response-time-cache-off-warm500,130,3,4.9692,101.304,129.811,231.114,whale,the-prince,1,,server-2,5,12,17,27.880,20.367,57.721
least-response-time-cache-off-warm500,130,3,4.9769,112.713,114.915,227.628,king,the-works-of-edgar-allan-poe-volume-2,1,,server-2,5,13,16,27.880,20.367,94.063
least-response-time-cache-off-warm500,130,3,4.9846,105.364,91.831,197.196,castle,the-secret-garden-17396,1,,server-2,5,14,16,27.880,20.367,94.063
least-response-time-cache-off-warm500,130,3,4.9923,116.138,95.576,211.715,house,cranford,1,,server-2,5,15,16,26.218,20.367,94.063
least-response-time-cache-off-warm500,130,3,5.0000,40.228,102.363,142.591,king,myths-and-legends-of-ancient-greece-and-rome,1,,server-1,4,15,15,27.824,30.106,79.141
least-response-time-cache-off-warm500,130,3,5.0077,32.788,107.223,140.011,london,little-women,1,,server-1,5,15,14,27.824,30.106,124.064
least-response-time-cache-off-warm500,130,3,5.0154,54.116,26.464,80.580,you,oliver-twist,1,,server-1,6,15,14,27.824,31.348,124.064
least-response-time-cache-off-warm500,130,3,5.0231,48.251,59.269,107.520,castle,the-king-in-yellow,1,,server-1,7,12,14,27.824,53.660,124.064
least-response-time-cache-off-warm500,130,3,5.0308,44.057,145.042,189.099,and,the-vicomte-de-bragelonne,1,,server-1,8,12,12,27.824,51.472,110.084
least-response-time-cache-off-warm500,130,3,5.0385,58.542,69.980,128.522,letter,the-adventures-of-sherlock-holmes,1,,server-1,9,12,12,28.864,48.128,105.723
least-response-time-cache-off-warm500,130,3,5.0462,58.861,108.630,167.490,she,leaves-of-grass,1,,server-1,10,11,12,19.066,29.541,82.546
least-response-time-cache-off-warm500,130,3,5.0538,96.558,90.728,187.287,heart,the-wind-in-the-willows,1,,server-1,11,11,8,19.066,29.541,48.402
least-response-time-cache-off-warm500,130,3,5.0615,90.658,85.412,176.070,he,the-hound-of-the-baskervilles,1,,server-1,12,11,5,19.066,29.541,36.460
least-response-time-cache-off-warm500,130,3,5.0692,56.479,103.543,160.022,sea,black-beauty,1,,server-2,10,12,5,30.324,29.541,36.460
least-response-time-cache-off-warm500,130,3,5.0769,89.745,90.942,180.687,whale,a-journey-to-the-centre-of-the-earth,1,,server-1,10,11,5,20.690,32.932,80.989
least-response-time-cache-off-warm500,130,3,5.0846,129.055,53.354,182.408,heart,the-prince,1,,server-1,11,11,5,20.690,29.646,39.764
least-response-time-cache-off-warm500,130,3,5.0923,127.027,63.577,190.604,castle,kidnapped,1,,server-1,12,11,4,20.690,33.743,36.653
least-response-time-cache-off-warm500,130,3,5.1000,119.614,114.184,233.798,king,myths-and-legends-of-ancient-greece-and-rome,1,,server-1,13,10,4,27.389,46.990,36.653
least-response-time-cache-off-warm500,130,3,5.1077,134.433,51.620,186.053,letter,treasure-island,1,,server-1,14,10,4,23.454,46.990,36.653
least-response-time-cache-off-warm500,130,3,5.1154,142.548,73.227,215.775,and,memoirs-of-fanny-hill,1,,server-1,15,10,2,21.738,36.431,29.302
least-response-time-cache-off-warm500,130,3,5.1231,141.408,85.266,226.674,was,adventures-of-huckleberry-finn,1,,server-1,16,10,2,21.738,36.431,29.302
least-response-time-cache-off-warm500,130,3,5.1308,32.025,57.291,89.316,castle,thus-spake-zarathustra-a-book-for-all-and-none,1,,server-2,16,11,2,29.081,28.449,29.302
least-response-time-cache-off-warm500,130,3,5.1385,65.746,33.601,99.347,he,the-war-of-the-worlds,1,,server-2,16,12,2,29.081,28.449,33.992
least-response-time-cache-off-warm500,130,3,5.1462,59.136,44.283,103.419,and,poirot-investigates,1,,server-2,16,12,2,50.851,30.840,33.992
least-response-time-cache-off-warm500,130,3,5.1538,112.149,39.916,152.065,you,desert-gold,1,,server-1,13,12,0,23.412,26.938,28.958
least-response-time-cache-off-warm500,130,3,5.1615,122.561,91.062,213.624,of,the-mysterious-island,1,,server-1,14,11,0,23.412,26.202,28.958
least-response-time-cache-off-warm500,130,3,5.1692,1.534,10.011,11.545,whale,poirot-investigates,1,,server-3,14,10,1,36.874,30.201,28.958
least-response-time-cache-off-warm500,130,3,5.1769,4.412,21.667,26.079,the,walden-and-on-the-duty-of-civil-disobedience,1,,server-3,14,9,2,36.874,30.201,14.904
least-response-time-cache-off-warm500,130,3,5.1846,18.832,15.653,34.485,was,meditations,1,,server-3,14,8,2,36.874,38.283,6.056
least-response-time-cache-off-warm500,130,3,5.1923,11.282,36.564,47.847,night,dracula,1,,server-3,14,8,3,44.927,38.283,6.056
least-response-time-cache-off-warm500,130,3,5.2000,4.073,46.461,50.533,london,frankenstein-or-the-modern-prometheus,1,,server-3,14,8,4,44.927,55.000,6.056
least-response-time-cache-off-warm500,130,3,5.2077,41.171,45.345,86.516,death,the-works-of-edgar-allan-poe-volume-2,1,,server-3,14,6,4,44.927,23.001,2.014
least-response-time-cache-off-warm500,130,3,5.2154,33.323,22.472,55.794,sea,twenty-thousand-leagues-under-the-sea,1,,server-3,14,6,5,52.181,23.001,2.014
least-response-time-cache-off-warm500,130,3,5.2231,28.457,70.160,98.617,king,the-mysterious-island,1,,server-3,13,4,6,26.113,23.722,4.593
least-response-time-cache-off-warm500,130,3,5.2308,21.142,95.280,116.421,death,great-expectations,1,,server-3,13,2,7,26.113,29.567,4.593
least-response-time-cache-off-warm500,130,3,5.2385,13.553,130.853,144.406,money,the-innocents-abroad,1,,server-3,12,1,7,30.344,24.282,13.684
least-response-time-cache-off-warm500,130,3,5.2462,23.147,113.525,136.672,whale,the-king-in-yellow,1,,server-3,10,1,8,63.843,24.282,18.054
least-response-time-cache-off-warm500,130,3,5.2538,18.438,124.474,142.912,death,a-princess-of-mars,1,,server-3,10,0,7,63.843,20.582,5.135
least-response-time-cache-off-warm500,130,3,5.2615,29.597,195.437,225.034,she,north-and-south,1,,server-3,9,0,8,64.448,20.582,5.135
least-response-time-cache-off-warm500,130,3,5.2692,24.681,188.682,213.363,the,north-and-south,1,,server-3,8,0,9,22.744,20.582,9.568
least-response-time-cache-off-warm500,130,3,5.2769,80.121,67.816,147.938,love,the-odyssey,1,,server-3,8,0,9,22.744,20.582,7.151
least-response-time-cache-off-warm500,130,3,5.2846,136.714,80.957,217.671,she,a-princess-of-mars,1,,server-3,7,0,10,24.449,20.582,7.151
least-response-time-cache-off-warm500,130,3,5.2923,158.572,90.852,249.424,was,hard-times,1,,server-3,6,0,11,24.449,20.582,9.409
least-response-time-cache-off-warm500,130,3,5.3000,151.962,90.927,242.889,letter,northanger-abbey,1,,server-3,6,0,12,27.106,20.582,17.791
least-response-time-cache-off-warm500,130,3,5.3077,174.994,33.654,208.647,and,white-fang,1,,server-3,6,0,13,26.616,20.582,17.791
least-response-time-cache-off-warm500,130,3,5.3154,167.550,89.453,257.003,he,great-expectations,1,,server-3,6,0,14,26.616,20.582,17.791
least-response-time-cache-off-warm500,130,3,5.3231,1.477,21.851,23.329,the,the-last-of-the-mohicans-a-narrative-of-1757,1,,server-2,6,1,14,26.616,20.582,28.111
least-response-time-cache-off-warm500,130,3,5.3308,16.235,39.816,56.051,whale,silas-marner,1,,server-2,5,2,14,34.649,10.614,23.598
least-response-time-cache-off-warm500,130,3,5.3385,8.933,18.555,27.489,you,the-adventures-of-tom-sawyer-complete,1,,server-2,3,3,14,27.887,10.614,23.598
least-response-time-cache-off-warm500,130,3,5.3462,1.943,36.502,38.445,and,the-lost-world,1,,server-2,3,4,14,27.887,9.531,32.122
least-response-time-cache-off-warm500,130,3,5.3538,13.411,49.657,63.068,of,the-age-of-innocence,1,,server-2,1,4,14,31.271,2.345,41.875
least-response-time-cache-off-warm500,130,3,5.3615,26.998,101.286,128.284,she,the-hound-of-the-baskervilles,1,,server-2,1,5,12,31.271,2.345,36.037
least-response-time-cache-off-warm500,130,3,5.3692,19.559,90.711,110.270,and,jane-eyre-an-autobiography,1,,server-2,1,5,12,31.271,4.463,36.037
least-response-time-cache-off-warm500,130,3,5.3769,13.042,124.002,137.044,horse,wuthering-heights,1,,server-2,0,6,12,34.384,5.101,36.037
least-response-time-cache-off-warm500,130,3,5.3846,5.557,59.600,65.156,sea,far-from-the-madding-crowd,1,,server-2,0,7,11,34.384,13.628,47.010
least-response-time-cache-off-warm500,130,3,5.3923,28.644,119.232,147.876,she,the-works-of-edgar-allan-poe-volume-2,1,,server-2,0,6,11,34.384,3.936,47.010
least-response-time-cache-off-warm500,130,3,5.4000,24.153,117.585,141.738,king,the-adventures-of-tom-sawyer-complete,1,,server-2,0,7,9,34.384,3.936,58.079
least-response-time-cache-off-warm500,130,3,5.4077,103.581,47.706,151.287,castle,herland,1,,server-2,0,8,9,34.384,3.936,58.079
least-response-time-cache-off-warm500,130,3,5.4154,60.019,76.307,136.326,king,treasure-island,1,,server-2,0,9,9,34.384,10.711,58.079
least-response-time-cache-off-warm500,130,3,5.4231,107.594,55.195,162.789,money,north-and-south,1,,server-2,0,9,8,34.384,14.692,54.247
least-response-time-cache-off-warm500,130,3,5.4308,129.202,54.819,184.021,was,the-first-men-in-the-moon,1,,server-2,0,10,8,34.384,10.790,53.203
least-response-time-cache-off-warm500,130,3,5.4385,122.228,138.515,260.743,money,washington-square,1,,server-2,0,11,8,34.384,10.790,53.203
least-response-time-cache-off-warm500,130,3,5.4462,114.827,115.042,229.869,was,agnes-grey,1,,server-2,0,12,8,34.384,10.790,53.203
least-response-time-cache-off-warm500,130,3,5.4538,128.831,18.142,146.972,sea,poirot-investigates,1,,server-2,0,13,7,34.384,22.150,64.534
least-response-time-cache-off-warm500,130,3,5.4615,126.545,111.232,237.777,night,the-age-of-innocence,1,,server-2,0,14,7,34.384,22.150,64.534
least-response-time-cache-off-warm500,130,3,5.4692,143.152,87.440,230.593,whale,the-american,1,,server-2,0,15,7,34.384,22.150,72.505
least-response-time-cache-off-warm500,130,3,5.4769,112.944,69.995,182.939,of,the-last-of-the-mohicans-a-narrative-of-1757-27681,1,,server-2,0,16,7,34.384,22.944,72.505
least-response-time-cache-off-warm500,130,3,5.4846,1.528,21.604,23.131,horse,wuthering-heights,1,,server-1,1,15,7,34.384,36.295,53.091
least-response-time-cache-off-warm500,130,3,5.4923,15.929,16.418,32.347,money,the-first-men-in-the-moon,1,,server-1,2,15,7,17.686,41.432,40.229
least-response-time-cache-off-warm500,130,3,5.5000,8.792,32.732,41.524,money,the-odyssey,1,,server-1,3,15,6,17.686,41.432,40.229
least-response-time-cache-off-warm500,130,3,5.5077,1.331,48.748,50.079,and,the-last-of-the-mohicans-a-narrative-of-1757-27681,1,,server-1,4,15,5,14.090,41.432,42.607
least-response-time-cache-off-warm500,130,3,5.5154,26.846,45.992,72.837,death,the-adventures-of-ferdinand-count-fathom-complete,1,,server-1,4,14,4,2.990,52.334,36.116
least-response-time-cache-off-warm500,130,3,5.5231,34.902,83.841,118.742,house,the-adventures-of-ferdinand-count-fathom-complete,1,,server-1,5,12,4,2.990,42.531,35.436
least-response-time-cache-off-warm500,130,3,5.5308,27.970,137.058,165.029,money,great-expectations,1,,server-1,5,12,4,4.977,36.950,35.436
least-response-time-cache-off-warm500,130,3,5.5385,20.830,95.410,116.240,the,agnes-grey,1,,server-1,6,12,4,4.977,36.950,32.811
least-response-time-cache-off-warm500,130,3,5.5462,12.957,155.803,168.759,money,the-secret-adversary,1,,server-1,6,12,3,11.056,61.153,46.278
least-response-time-cache-off-warm500,130,3,5.5538,5.102,79.231,84.333,castle,a-tale-of-two-cities,1,,server-1,7,11,3,11.056,37.254,46.278
least-response-time-cache-off-warm500,130,3,5.5615,28.634,126.715,155.349,death,madame-bovary,1,,server-1,7,8,3,2.445,29.265,46.278
least-response-time-cache-off-warm500,130,3,5.5692,21.243,139.572,160.814,was,frankenstein-or-the-modern-prometheus-41445,1,,server-1,8,8,3,2.732,29.265,42.017
least-response-time-cache-off-warm500,130,3,5.5769,39.286,139.237,178.523,love,life-on-the-mississippi,1,,server-1,9,8,0,2.732,29.265,38.788
least-response-time-cache-off-warm500,130,3,5.5846,112.895,75.330,188.224,night,sense-and-sensibility,1,,server-1,10,8,0,2.732,27.690,38.788
least-response-time-cache-off-warm500,130,3,5.5923,125.942,67.144,193.086,was,dubliners,1,,server-1,11,7,0,7.112,27.686,38.788
least-response-time-cache-off-warm500,130,3,5.6000,133.426,67.581,201.007,he,persuasion,1,,server-1,12,7,0,7.112,40.628,38.788
least-response-time-cache-off-warm500,130,3,5.6077,144.323,85.839,230.162,horse,life-on-the-mississippi,1,,server-1,13,7,0,7.112,28.571,38.788
least-response-time-cache-off-warm500,130,3,5.6154,167.982,88.453,256.435,you,black-beauty,1,,server-1,14,7,0,7.112,25.460,38.788
least-response-time-cache-off-warm500,130,3,5.6231,162.602,54.790,217.392,heart,the-works-of-edgar-allan-poe-volume-2,1,,server-1,14,5,0,13.649,20.717,38.788
least-response-time-cache-off-warm500,130,3,5.6308,157.656,86.325,243.981,love,oliver-twist,1,,server-1,15,5,0,13.649,20.717,38.788
least-response-time-cache-off-warm500,130,3,5.6385,63.258,80.678,143.936,and,northanger-abbey,1,,server-2,15,6,0,31.158,20.717,38.788
least-response-time-cache-off-warm500,130,3,5.6462,54.578,69.488,124.065,house,the-moonstone,1,,server-2,15,7,0,33.931,20.717,38.788
least-response-time-cache-off-warm500,130,3,5.6538,47.591,79.232,126.823,was,silas-marner,1,,server-2,15,8,0,46.090,20.717,38.788
least-response-time-cache-off-warm500,130,3,5.6615,39.425,50.837,90.262,was,meditations,1,,server-2,15,9,0,46.090,30.311,38.788
least-response-time-cache-off-warm500,130,3,5.6692,32.579,48.754,81.333,horse,the-works-of-edgar-allan-poe-volume-2,1,,server-2,15,10,0,46.090,30.311,38.788
least-response-time-cache-off-warm500,130,3,5.6769,1.652,20.426,22.078,castle,hard-times,1,,server-3,15,9,1,46.090,46.281,38.788
least-response-time-cache-off-warm500,130,3,5.6846,17.939,30.477,48.416,she,his-last-bow,1,,server-3,15,9,2,46.090,46.281,19.997
least-response-time-cache-off-warm500,130,3,5.6923,7.225,11.517,18.742,love,the-hound-of-the-baskervilles,1,,server-3,14,9,3,46.090,46.281,19.997
least-response-time-cache-off-warm500,130,3,5.7000,2.688,22.977,25.665,night,a-journey-to-the-centre-of-the-earth,1,,server-3,11,8,3,50.993,16.624,6.856
least-response-time-cache-off-warm500,130,3,5.7077,5.606,37.597,43.203,death,a-connecticut-yankee-in-king-arthur-s-court,1,,server-3,11,5,4,50.993,5.056,4.471
least-response-time-cache-off-warm500,130,3,5.7154,19.002,56.432,75.434,sea,washington-square,1,,server-3,11,5,4,60.367,5.056,3.361
least-response-time-cache-off-warm500,130,3,5.7231,11.510,45.587,57.096,you,great-expectations,1,,server-3,10,5,5,46.588,5.056,3.361
least-response-time-cache-off-warm500,130,3,5.7308,50.209,14.085,64.294,horse,the-king-in-yellow,1,,server-2,9,6,5,54.258,5.056,5.611
least-response-time-cache-off-warm500,130,3,5.7385,12.556,78.733,91.289,night,great-expectations,1,,server-3,8,6,4,64.427,5.056,4.914
least-response-time-cache-off-warm500,130,3,5.7462,7.072,78.405,85.477,you,the-mystery-of-edwin-drood,1,,server-3,8,6,5,64.427,5.056,4.914
least-response-time-cache-off-warm500,130,3,5.7538,37.572,73.399,110.971,was,the-adventures-of-tom-sawyer-complete,1,,server-3,8,6,5,55.185,20.821,4.476
least-response-time-cache-off-warm500,130,3,5.7615,29.482,71.703,101.185,house,thus-spake-zarathustra-a-book-for-all-and-none,1,,server-3,8,6,6,54.626,17.867,4.476
least-response-time-cache-off-warm500,130,3,5.7692,22.595,96.370,118.965,and,jude-the-obscure,1,,server-3,8,6,7,54.626,17.867,4.476
least-response-time-cache-off-warm500,130,3,5.7769,15.655,141.383,157.038,night,the-last-of-the-mohicans-a-narrative-of-1757-27681,1,,server-3,8,5,8,73.224,28.605,4.476
least-response-time-cache-off-warm500,130,3,5.7846,7.986,137.001,144.986,the,the-house-of-the-seven-gables,1,,server-3,6,1,9,55.160,20.325,9.381
least-response-time-cache-off-warm500,130,3,5.7923,44.972,161.035,206.007,she,the-mysterious-affair-at-styles,1,,server-3,5,1,8,43.479,20.325,3.732
least-response-time-cache-off-warm500,130,3,5.8000,61.795,115.776,177.571,horse,villette,1,,server-3,5,0,9,36.819,14.973,3.019
least-response-time-cache-off-warm500,130,3,5.8077,54.225,115.317,169.542,sea,the-secret-garden-17396,1,,server-3,4,0,10,28.543,14.973,3.019
least-response-time-cache-off-warm500,130,3,5.8154,50.284,144.379,194.663,the,northanger-abbey,1,,server-3,4,0,11,28.543,14.973,3.019
least-response-time-cache-off-warm500,130,3,5.8231,104.907,87.037,191.944,you,hard-times,1,,server-3,4,0,12,28.543,14.973,3.019
least-response-time-cache-off-warm500,130,3,5.8308,1.528,22.477,24.005,whale,the-last-of-the-mohicans-a-narrative-of-1757-27681,1,,server-2,4,1,12,28.543,14.973,21.784
least-response-time-cache-off-warm500,130,3,5.8385,16.646,59.469,76.115,london,emma,1,,server-2,4,2,10,39.281,7.735,25.185
least-response-time-cache-off-warm500,130,3,5.8462,9.131,15.801,24.932,was,desert-gold,1,,server-2,3,3,10,29.137,7.735,25.185
least-response-time-cache-off-warm500,130,3,5.8538,1.851,55.567,57.418,and,the-portrait-of-a-lady-volume-1,1,,server-2,2,4,10,29.137,8.831,25.185
least-response-time-cache-off-warm500,130,3,5.8615,50.699,58.147,108.846,was,great-expectations,1,,server-2,2,4,10,29.137,2.120,24.716
least-response-time-cache-off-warm500,130,3,5.8692,15.287,61.256,76.543,of,north-and-south,1,,server-2,2,5,10,29.137,2.120,28.935
least-response-time-cache-off-warm500,130,3,5.8769,40.279,79.709,119.988,horse,north-and-south,1,,server-2,0,6,10,33.337,3.755,28.935
least-response-time-cache-off-warm500,130,3,5.8846,33.725,98.816,132.541,king,the-adventures-of-sherlock-holmes,1,,server-2,0,6,10,33.337,5.588,28.935
least-response-time-cache-off-warm500,130,3,5.8923,54.495,114.364,168.859,london,the-tenant-of-wildfell-hall,1,,server-2,0,7,8,33.337,5.588,36.663
least-response-time-cache-off-warm500,130,3,5.9000,46.790,118.887,165.677,the,madame-bovary,1,,server-2,0,8,8,33.337,5.588,36.663
least-response-time-cache-off-warm500,130,3,5.9077,109.260,69.504,178.763,he,the-portrait-of-a-lady-volume-1,1,,server-2,0,9,8,33.337,5.588,46.111
least-response-time-cache-off-warm500,130,3,5.9154,101.347,150.947,252.294,he,the-odyssey,1,,server-2,0,9,8,33.337,18.832,46.111
least-response-time-cache-off-warm500,130,3,5.9231,96.522,145.390,241.912,death,mary-barton,1,,server-2,0,9,8,33.337,9.240,46.111
least-response-time-cache-off-warm500,130,3,5.9308,111.282,70.311,181.592,the,far-from-the-madding-crowd,1,,server-2,0,10,7,33.337,9.240,51.730
least-response-time-cache-off-warm500,130,3,5.9385,126.122,62.420,188.542,heart,the-prince,1,,server-2,0,11,5,33.337,9.240,38.093
least-response-time-cache-off-warm500,130,3,5.9462,121.965,102.156,224.121,castle,the-last-of-the-mohicans-a-narrative-of-1757,1,,server-2,0,12,5,33.337,21.111,38.093
least-response-time-cache-off-warm500,130,3,5.9538,134.070,173.875,307.945,money,the-mysterious-island,1,,server-2,0,13,5,33.337,13.810,38.093
least-response-time-cache-off-warm500,130,3,5.9615,166.745,112.112,278.856,love,the-wind-in-the-willows,1,,server-2,0,14,5,33.337,13.810,38.093
least-response-time-cache-off-warm500,130,3,5.9692,175.059,118.207,293.266,was,the-romance-of-lust-a-classic-victorian-erotic-novel,1,,server-2,0,14,5,33.337,13.810,38.093
least-response-time-cache-off-warm500,130,3,5.9769,1.617,29.510,31.127,castle,desperate-remedies,1,,server-1,1,14,5,33.337,35.552,65.539
least-response-time-cache-off-warm500,130,3,5.9846,24.713,72.912,97.625,london,the-wind-in-the-willows,1,,server-1,2,14,5,17.155,35.552,52.474
least-response-time-cache-off-warm500,130,3,5.9923,16.932,77.293,94.225,heart,jude-the-obscure,1,,server-1,3,14,5,17.155,35.552,52.474
least-response-time-cache-off-warm500,130,3,6.0000,8.866,77.120,85.986,money,white-fang,1,,server-1,4,13,5,17.155,40.675,69.015
least-response-time-cache-off-warm500,130,3,6.0077,2.289,112.510,114.799,money,the-adventures-of-ferdinand-count-fathom-complete,1,,server-1,5,13,5,16.878,40.675,61.345
least-response-time-cache-off-warm500,130,3,6.0154,62.199,77.483,139.681,horse,the-scarlet-letter,1,,server-1,5,13,0,2.111,40.675,41.683
least-response-time-cache-off-warm500,130,3,6.0231,54.538,48.729,103.267,castle,the-tenant-of-wildfell-hall,1,,server-1,6,11,0,2.111,42.253,41.683
least-response-time-cache-off-warm500,130,3,6.0308,47.529,82.029,129.558,sea,wuthering-heights,1,,server-1,7,11,0,2.111,42.253,41.683
least-response-time-cache-off-warm500,130,3,6.0385,42.939,130.796,173.735,whale,frankenstein-or-the-modern-prometheus-41445,1,,server-1,8,11,0,2.111,42.253,41.683
least-response-time-cache-off-warm500,130,3,6.0462,35.919,75.160,111.079,money,leaves-of-grass,1,,server-1,9,11,0,2.111,38.095,41.683
least-response-time-cache-off-warm500,130,3,6.0538,32.554,131.832,164.386,house,the-return-of-sherlock-holmes,1,,server-1,10,11,0,2.111,38.095,41.683
least-response-time-cache-off-warm500,130,3,6.0615,65.439,86.469,151.908,you,the-war-of-the-worlds,1,,server-1,11,11,0,10.265,63.199,41.683
least-response-time-cache-off-warm500,130,3,6.0692,57.533,66.072,123.605,horse,memoirs-of-fanny-hill,1,,server-1,12,9,0,10.265,32.592,41.683
least-response-time-cache-off-warm500,130,3,6.0769,104.586,57.658,162.244,was,the-great-gatsby,1,,server-1,13,9,0,18.586,32.592,41.683
least-response-time-cache-off-warm500,130,3,6.0846,96.310,66.124,162.434,horse,around-the-world-in-eighty-days,1,,server-1,14,9,0,15.130,32.592,41.683
least-response-time-cache-off-warm500,130,3,6.0923,122.119,60.904,183.023,love,the-tenant-of-wildfell-hall,1,,server-1,13,9,0,23.067,37.574,41.683
least-response-time-cache-off-warm500,130,3,6.1000,113.501,25.379,138.880,king,a-princess-of-mars,1,,server-1,14,9,0,23.067,37.574,41.683
least-response-time-cache-off-warm500,130,3,6.1077,128.325,66.464,194.789,was,the-secret-garden-17396,1,,server-1,14,8,0,26.713,37.574,41.683
least-response-time-cache-off-warm500,130,3,6.1154,123.358,76.769,200.127,of,frankenstein-or-the-modern-prometheus-41445,1,,server-1,15,8,0,26.713,39.319,41.683
least-response-time-cache-off-warm500,130,3,6.1231,39.405,95.887,135.293,heart,the-mystery-of-edwin-drood,1,,server-2,15,9,0,47.658,39.319,41.683
least-response-time-cache-off-warm500,130,3,6.1308,140.057,29.950,170.007,king,the-memoirs-of-sherlock-holmes,1,,server-1,16,7,0,36.203,58.521,41.683
least-response-time-cache-off-warm500,130,3,6.1385,137.641,56.531,194.172,castle,the-age-of-innocence,1,,server-1,17,7,0,27.845,58.521,41.683
least-response-time-cache-off-warm500,130,3,6.1462,154.695,43.074,197.769,castle,the-lost-world,1,,server-1,18,7,0,27.845,38.131,41.683
least-response-time-cache-off-warm500,130,3,6.1538,160.618,54.188,214.806,house,little-women,1,,server-1,19,7,0,27.845,38.131,41.683
least-response-time-cache-off-warm500,130,3,6.1615,9.484,24.248,33.733,you,his-last-bow,1,,server-2,16,8,0,45.158,38.131,41.683
least-response-time-cache-off-warm500,130,3,6.1692,2.060,13.414,15.474,whale,agnes-grey,1,,server-3,16,8,1,45.158,68.862,41.683
least-response-time-cache-off-warm500,130,3,6.1769,85.680,13.102,98.783,sea,his-last-bow,1,,server-2,16,6,1,45.158,16.282,21.436
least-response-time-cache-off-warm500,130,3,6.1846,1.373,25.576,26.949,horse,a-tale-of-two-cities,1,,server-3,15,6,2,36.703,16.282,15.767
least-response-time-cache-off-warm500,130,3,6.1923,20.060,68.205,88.265,castle,north-and-south,1,,server-3,15,6,2,33.224,16.282,8.140
least-response-time-cache-off-warm500,130,3,6.2000,12.742,72.740,85.482,night,the-adventures-of-ferdinand-count-fathom-complete,1,,server-3,15,6,3,33.224,17.703,8.140
least-response-time-cache-off-warm500,130,3,6.2077,5.141,41.231,46.373,king,life-on-the-mississippi,1,,server-3,14,6,4,36.951,17.703,8.140
least-response-time-cache-off-warm500,130,3,6.2154,69.566,106.648,176.214,letter,cranford,1,,server-3,13,6,4,27.848,17.703,2.383
least-response-time-cache-off-warm500,130,3,6.2231,62.153,41.589,103.742,the,the-prince,1,,server-3,10,6,5,42.135,17.703,2.383
least-response-time-cache-off-warm500,130,3,6.2308,56.087,103.457,159.545,london,the-scarlet-letter,1,,server-3,10,6,6,42.135,17.703,2.383
least-response-time-cache-off-warm500,130,3,6.2385,48.136,107.461,155.597,king,twenty-thousand-leagues-under-the-sea,1,,server-3,10,6,7,31.605,17.703,2.383
least-response-time-cache-off-warm500,130,3,6.2462,41.108,119.944,161.052,he,meditations,1,,server-3,10,6,8,31.605,33.249,2.383
least-response-time-cache-off-warm500,130,3,6.2538,34.834,134.224,169.058,she,herland,1,,server-3,10,6,9,36.107,33.249,15.580
least-response-time-cache-off-warm500,130,3,6.2615,26.845,106.216,133.061,death,the-song-of-the-lark,1,,server-3,10,3,10,36.107,39.351,15.580
least-response-time-cache-off-warm500,130,3,6.2692,19.669,138.425,158.095,horse,the-house-of-the-seven-gables,1,,server-3,10,1,11,36.107,25.244,15.580
least-response-time-cache-off-warm500,130,3,6.2769,12.000,104.619,116.619,london,sense-and-sensibility,1,,server-3,7,0,12,33.691,18.189,15.580
least-response-time-cache-off-warm500,130,3,6.2846,2.776,11.923,14.699,sea,the-hound-of-the-baskervilles-3070,1,,server-2,7,1,12,53.083,18.189,31.714
least-response-time-cache-off-warm500,130,3,6.2923,50.354,132.890,183.245,king,black-beauty,1,,server-3,7,1,10,53.083,9.402,2.921
least-response-time-cache-off-warm500,130,3,6.3000,91.711,83.737,175.448,you,life-on-the-mississippi,1,,server-3,7,0,11,53.083,7.869,2.921
least-response-time-cache-off-warm500,130,3,6.3077,115.462,52.250,167.712,london,anne-of-green-gables,1,,server-3,6,0,12,40.675,7.869,2.921
least-response-time-cache-off-warm500,130,3,6.3154,79.544,90.653,170.197,castle,meditations,1,,server-3,5,0,13,29.512,7.869,2.921
least-response-time-cache-off-warm500,130,3,6.3231,101.036,77.422,178.458,heart,the-return-of-sherlock-holmes,1,,server-3,4,0,14,29.512,7.869,2.921
least-response-time-cache-off-warm500,130,3,6.3308,1.558,16.441,17.999,king,the-scarlet-letter,1,,server-2,4,1,14,29.512,7.869,15.163
least-response-time-cache-off-warm500,130,3,6.3385,10.869,28.470,39.339,horse,around-the-world-in-eighty-days,1,,server-2,3,2,14,25.432,4.104,15.163
least-response-time-cache-off-warm500,130,3,6.3462,3.614,29.851,33.466,you,twenty-thousand-leagues-under-the-sea,1,,server-2,1,3,14,22.991,4.104,15.977
least-response-time-cache-off-warm500,130,3,6.3538,25.873,9.118,34.990,london,the-great-gatsby,1,,server-2,1,3,14,22.991,2.184,15.977
least-response-time-cache-off-warm500,130,3,6.3615,19.077,46.690,65.767,horse,autobiography-of-benjamin-franklin,1,,server-2,1,4,14,22.991,2.184,16.292
least-response-time-cache-off-warm500,130,3,6.3692,11.806,16.716,28.522,and,the-mysterious-affair-at-styles,1,,server-2,0,5,13,23.165,2.184,16.292
least-response-time-cache-off-warm500,130,3,6.3769,4.816,67.979,72.794,castle,jude-the-obscure,1,,server-2,0,6,13,23.165,2.184,16.292
least-response-time-cache-off-warm500,130,3,6.3846,11.974,29.622,41.595,he,the-secret-garden,1,,server-2,0,5,13,23.165,2.071,16.292
least-response-time-cache-off-warm500,130,3,6.3923,6.655,71.644,78.299,castle,life-on-the-mississippi,1,,server-2,0,6,13,23.165,3.510,45.596
least-response-time-cache-off-warm500,130,3,6.4000,28.539,61.420,89.959,you,the-adventures-of-sherlock-holmes,1,,server-2,0,5,12,23.165,3.982,31.842
least-response-time-cache-off-warm500,130,3,6.4077,42.147,55.729,97.876,castle,autobiography-of-benjamin-franklin,1,,server-2,0,6,9,23.165,3.550,48.587
least-response-time-cache-off-warm500,130,3,6.4154,56.237,62.205,118.442,of,desert-gold,1,,server-2,0,7,9,23.165,3.550,48.587
least-response-time-cache-off-warm500,130,3,6.4231,66.757,31.162,97.919,sea,the-adventures-of-tom-sawyer-complete,1,,server-2,0,8,9,23.165,5.818,60.503
least-response-time-cache-off-warm500,130,3,6.4308,64.027,50.778,114.806,whale,washington-square,1,,server-2,0,9,6,23.165,14.939,45.354
least-response-time-cache-off-warm500,130,3,6.4385,55.558,117.452,173.010,money,little-women,1,,server-2,0,10,5,23.165,14.939,38.207
least-response-time-cache-off-warm500,130,3,6.4462,59.842,107.856,167.698,the,the-return-of-sherlock-holmes-108,1,,server-2,0,11,5,23.165,14.939,38.207
least-response-time-cache-off-warm500,130,3,6.4538,65.775,136.666,202.440,king,northanger-abbey,1,,server-2,0,11,5,23.165,19.611,38.207
least-response-time-cache-off-warm500,130,3,6.4615,58.271,144.136,202.407,you,the-innocents-abroad,1,,server-2,0,12,5,23.165,19.611,38.207
least-response-time-cache-off-warm500,130,3,6.4692,73.261,116.511,189.773,love,the-romance-of-lust-a-classic-victorian-erotic-novel,1,,server-2,0,12,5,23.165,19.147,38.207
least-response-time-cache-off-warm500,130,3,6.4769,1.322,22.726,24.048,heart,the-portrait-of-a-lady-volume-1,1,,server-1,1,10,5,23.165,27.264,58.637
least-response-time-cache-off-warm500,130,3,6.4846,16.484,40.992,57.476,whale,the-house-of-mirth,1,,server-1,2,10,5,11.938,27.264,48.543
least-response-time-cache-off-warm500,130,3,6.4923,9.014,10.307,19.321,house,herland,1,,server-1,3,9,4,11.938,26.825,38.887
least-response-time-cache-off-warm500,130,3,6.5000,1.657,24.503,26.160,whale,a-journey-to-the-centre-of-the-earth,1,,server-1,4,9,3,11.938,17.007,38.887
least-response-time-cache-off-warm500,130,3,6.5077,35.042,97.637,132.679,and,the-last-of-the-mohicans-a-narrative-of-1757-27681,1,,server-1,4,9,0,2.475,21.445,32.352
least-response-time-cache-off-warm500,130,3,6.5154,28.930,105.765,134.694,was,the-jungle-book,1,,server-1,5,9,0,3.910,21.445,32.352
least-response-time-cache-off-warm500,130,3,6.5231,20.563,29.571,50.133,money,the-jungle,1,,server-1,6,8,0,3.910,13.915,32.352
least-response-time-cache-off-warm500,130,3,6.5308,13.095,104.125,117.219,the,the-war-of-the-worlds,1,,server-1,7,8,0,9.886,13.915,32.352
least-response-time-cache-off-warm500,130,3,6.5385,5.545,80.541,86.086,love,great-expectations,1,,server-1,8,6,0,9.886,21.945,32.352
least-response-time-cache-off-warm500,130,3,6.5462,4.338,131.127,135.465,love,the-kama-sutra-of-vatsyayana,1,,server-1,6,6,0,2.222,19.634,32.352
least-response-time-cache-off-warm500,130,3,6.5538,48.608,70.128,118.737,death,far-from-the-madding-crowd,1,,server-1,7,5,0,1.991,16.126,32.352
least-response-time-cache-off-warm500,130,3,6.5615,73.883,68.941,142.825,london,twenty-thousand-leagues-under-the-sea,1,,server-1,8,5,0,1.991,16.126,32.352
least-response-time-cache-off-warm500,130,3,6.5692,106.227,89.538,195.765,king,his-last-bow,1,,server-1,9,5,0,1.991,16.126,32.352
least-response-time-cache-off-warm500,130,3,6.5769,105.564,117.939,223.502,money,the-house-of-mirth,1,,server-1,10,5,0,10.167,16.126,32.352
least-response-time-cache-off-warm500,130,3,6.5846,97.232,103.026,200.258,she,cranford,1,,server-1,11,5,0,12.949,16.126,32.352
least-response-time-cache-off-warm500,130,3,6.5923,82.338,110.599,192.937,the,the-romance-of-lust-a-classic-victorian-erotic-novel,1,,server-1,12,5,0,12.949,16.126,32.352
least-response-time-cache-off-warm500,130,3,6.6000,114.072,132.777,246.849,he,cranford,1,,server-1,13,5,0,12.949,16.126,32.352
least-response-time-cache-off-warm500,130,3,6.6077,97.668,92.569,190.237,sea,the-secret-garden-17396,1,,server-1,14,5,0,14.803,16.126,32.352
least-response-time-cache-off-warm500,130,3,6.6154,98.176,113.580,211.756,and,the-adventures-of-ferdinand-count-fathom-complete,1,,server-1,15,5,0,14.803,47.462,32.352
least-response-time-cache-off-warm500,130,3,6.6231,107.816,117.053,224.869,you,the-war-of-the-worlds,1,,server-1,15,5,0,20.233,47.462,32.352
least-response-time-cache-off-warm500,130,3,6.6308,1.732,24.531,26.263,london,a-connecticut-yankee-in-king-arthur-s-court,1,,server-3,15,5,1,38.165,47.462,32.352
least-response-time-cache-off-warm500,130,3,6.6385,18.758,39.793,58.551,king,mansfield-park,1,,server-3,15,4,2,28.057,38.871,16.640
least-response-time-cache-off-warm500,130,3,6.6462,11.821,87.045,98.866,castle,the-innocents-abroad,1,,server-3,15,4,3,35.649,38.871,16.640
least-response-time-cache-off-warm500,130,3,6.6538,3.654,32.630,36.285,of,the-secret-adversary,1,,server-3,13,4,4,58.030,38.871,16.640
least-response-time-cache-off-warm500,130,3,6.6615,34.982,87.990,122.971,money,jude-the-obscure,1,,server-3,13,2,4,58.030,55.676,3.330
least-response-time-cache-off-warm500,130,3,6.6692,29.899,79.882,109.780,you,madame-bovary,1,,server-3,13,0,5,58.030,47.448,3.330
least-response-time-cache-off-warm500,130,3,6.6769,23.749,161.660,185.409,of,oliver-twist,1,,server-3,11,0,6,45.662,47.448,3.330
least-response-time-cache-off-warm500,130,3,6.6846,56.117,78.850,134.966,love,oliver-twist,1,,server-3,9,0,7,24.737,47.448,3.330
least-response-time-cache-off-warm500,130,3,6.6923,54.104,163.203,217.307,castle,great-expectations,1,,server-3,9,0,8,24.737,47.448,12.787
least-response-time-cache-off-warm500,130,3,6.7000,45.138,51.218,96.356,london,treasure-island,1,,server-3,9,0,7,23.267,47.448,8.979
least-response-time-cache-off-warm500,130,3,6.7077,38.836,111.085,149.921,london,the-warden,1,,server-3,9,0,8,48.965,47.448,8.979
least-response-time-cache-off-warm500,130,3,6.7154,64.641,132.297,196.938,love,sense-and-sensibility,1,,server-3,8,0,9,44.593,47.448,8.979
least-response-time-cache-off-warm500,130,3,6.7231,189.556,93.177,282.734,horse,frankenstein-or-the-modern-prometheus,1,,server-3,8,0,10,44.593,47.448,8.979
least-response-time-cache-off-warm500,130,3,6.7308,182.971,25.701,208.673,the,a-journey-to-the-centre-of-the-earth,1,,server-3,8,0,11,30.402,47.448,8.979
least-response-time-cache-off-warm500,130,3,6.7385,175.534,93.922,269.457,and,the-adventures-of-ferdinand-count-fathom-complete,1,,server-3,8,0,12,30.402,47.448,8.979
least-response-time-cache-off-warm500,130,3,6.7462,169.243,95.266,264.509,horse,leaves-of-grass,1,,server-3,8,0,13,30.402,47.448,17.469
least-response-time-cache-off-warm500,130,3,6.7538,160.589,93.910,254.498,he,the-kama-sutra-of-vatsyayana,1,,server-3,8,0,13,30.402,47.448,16.224
least-response-time-cache-off-warm500,130,3,6.7615,158.124,91.927,250.051,king,the-prince,1,,server-3,8,0,14,30.402,47.448,15.866
least-response-time-cache-off-warm500,130,3,6.7692,210.815,67.987,278.802,she,the-jungle,1,,server-3,8,0,15,40.886,47.448,15.866
least-response-time-cache-off-warm500,130,3,6.7769,221.187,46.069,267.256,king,the-picture-of-dorian-gray,1,,server-3,8,0,16,40.886,47.448,15.866
least-response-time-cache-off-warm500,130,3,6.7846,225.402,138.503,363.906,whale,the-hound-of-the-baskervilles,1,,server-3,8,0,16,57.380,47.448,32.934
least-response-time-cache-off-warm500,130,3,6.7923,219.369,117.555,336.924,the,north-and-south,1,,server-3,7,0,17,57.380,47.448,26.678
least-response-time-cache-off-warm500,130,3,6.8000,211.310,48.322,259.632,castle,herland,1,,server-3,5,0,18,59.157,47.448,31.415
least-response-time-cache-off-warm500,130,3,6.8077,205.257,84.303,289.559,letter,a-journey-to-the-centre-of-the-earth,1,,server-3,5,0,19,38.569,47.448,31.415
least-response-time-cache-off-warm500,130,3,6.8154,228.593,96.481,325.074,whale,treasure-island,1,,server-3,5,0,20,38.569,47.448,31.415
least-response-time-cache-off-warm500,130,3,6.8231,221.323,171.260,392.583,the,the-mysterious-affair-at-styles,1,,server-3,4,0,19,38.569,47.448,30.374
least-response-time-cache-off-warm500,130,3,6.8308,243.043,140.073,383.116,the,grimms-fairy-tales,1,,server-3,4,0,20,50.299,47.448,30.374
least-response-time-cache-off-warm500,130,3,6.8385,214.023,150.509,364.532,heart,the-romance-of-lust-a-classic-victorian-erotic-novel,1,,server-3,4,0,21,50.299,47.448,30.374
least-response-time-cache-off-warm500,130,3,6.8462,227.782,140.555,368.336,money,leaves-of-grass,1,,server-3,4,0,22,50.299,47.448,30.374
least-response-time-cache-off-warm500,130,3,6.8538,296.151,85.353,381.504,of,walden-and-on-the-duty-of-civil-disobedience,1,,server-3,0,0,23,35.307,47.448,30.374
least-response-time-cache-off-warm500,130,3,6.8615,2.238,19.435,21.673,he,myths-and-legends-of-ancient-greece-and-rome,1,,server-1,1,0,22,35.307,47.448,58.202
least-response-time-cache-off-warm500,130,3,6.8692,14.165,24.961,39.126,house,myths-and-legends-of-ancient-greece-and-rome,1,,server-1,2,0,22,18.182,47.448,58.202
least-response-time-cache-off-warm500,130,3,6.8769,7.718,21.451,29.170,she,black-beauty,1,,server-1,3,0,22,18.182,47.448,58.202
least-response-time-cache-off-warm500,130,3,6.8846,21.565,14.116,35.681,castle,herland,1,,server-1,3,0,22,5.195,47.448,58.202
least-response-time-cache-off-warm500,130,3,6.8923,17.150,49.247,66.398,letter,desert-gold,1,,server-1,4,0,22,5.195,47.448,58.202
least-response-time-cache-off-warm500,130,3,6.9000,9.777,35.647,45.423,letter,mansfield-park,1,,server-1,5,0,22,5.681,47.448,58.202
least-response-time-cache-off-warm500,130,3,6.9077,2.979,62.135,65.114,house,anne-of-green-gables,1,,server-1,6,0,22,7.678,47.448,82.735
least-response-time-cache-off-warm500,130,3,6.9154,57.693,119.110,176.802,london,the-mysterious-affair-at-styles,1,,server-1,5,0,18,2.131,47.448,27.248
least-response-time-cache-off-warm500,130,3,6.9231,50.348,13.577,63.925,you,black-beauty,1,,server-1,5,0,18,3.241,47.448,31.679
least-response-time-cache-off-warm500,130,3,6.9308,42.969,35.682,78.651,horse,the-house-of-mirth,1,,server-1,6,0,18,3.241,47.448,31.679
least-response-time-cache-off-warm500,130,3,6.9385,36.073,84.156,120.229,house,villette,1,,server-1,7,0,18,3.241,47.448,31.679
least-response-time-cache-off-warm500,130,3,6.9462,28.698,105.458,134.155,king,twenty-thousand-leagues-under-the-sea,1,,server-1,8,0,18,9.584,47.448,74.725
least-response-time-cache-off-warm500,130,3,6.9538,21.171,119.256,140.428,king,northanger-abbey,1,,server-1,9,0,18,9.584,47.448,74.725
least-response-time-cache-off-warm500,130,3,6.9615,25.801,94.991,120.792,night,his-last-bow,1,,server-1,10,0,18,22.526,47.448,74.725
least-response-time-cache-off-warm500,130,3,6.9692,40.572,126.355,166.927,the,the-moonstone,1,,server-1,11,0,18,22.526,47.448,74.725
least-response-time-cache-off-warm500,130,3,6.9769,35.156,118.868,154.024,was,the-hound-of-the-baskervilles,1,,server-1,9,0,18,4.420,47.448,74.725
least-response-time-cache-off-warm500,130,3,6.9846,29.031,147.348,176.379,night,silas-marner,1,,server-1,10,0,18,8.043,47.448,67.852
least-response-time-cache-off-warm500,130,3,6.9923,21.584,137.586,159.170,love,cranford,1,,server-1,11,0,18,8.967,47.448,67.852
least-response-time-cache-off-warm500,130,3,7.0000,71.767,129.755,201.521,whale,walden-and-on-the-duty-of-civil-disobedience,1,,server-1,12,0,17,8.967,47.448,56.462
least-response-time-cache-off-warm500,130,3,7.0077,94.171,104.078,198.249,and,little-women,1,,server-1,13,0,17,13.010,47.448,114.847
least-response-time-cache-off-warm500,130,3,7.0154,134.034,87.919,221.953,letter,silas-marner,1,,server-1,12,0,14,6.621,47.448,46.720
least-response-time-cache-off-warm500,130,3,7.0231,138.757,64.331,203.088,love,tess-of-the-d-urbervilles-a-pure-woman,1,,server-1,13,0,14,6.621,47.448,46.720
least-response-time-cache-off-warm500,130,3,7.0308,176.344,81.653,257.997,horse,the-last-of-the-mohicans-a-narrative-of-1757-27681,1,,server-1,14,0,14,6.621,47.448,46.720
least-response-time-cache-off-warm500,130,3,7.0385,185.084,131.460,316.544,love,pride-and-prejudice,1,,server-1,15,0,14,6.621,47.448,46.720
least-response-time-cache-off-warm500,130,3,7.0462,191.106,48.793,239.898,you,cranford,1,,server-1,16,0,12,6.621,47.448,41.100
least-response-time-cache-off-warm500,130,3,7.0538,184.620,123.915,308.535,death,the-adventures-of-ferdinand-count-fathom-complete,1,,server-1,17,0,11,6.621,47.448,64.143
least-response-time-cache-off-warm500,130,3,7.0615,179.668,117.182,296.851,money,dracula,1,,server-1,18,0,10,26.409,47.448,82.675
least-response-time-cache-off-warm500,130,3,7.0692,172.161,111.179,283.339,she,the-romance-of-lust-a-classic-victorian-erotic-novel,1,,server-1,19,0,10,34.297,47.448,82.675
least-response-time-cache-off-warm500,130,3,7.0769,170.259,124.688,294.946,london,dubliners,1,,server-1,20,0,10,28.290,47.448,59.453
least-response-time-cache-off-warm500,130,3,7.0846,130.003,112.742,242.745,he,jane-eyre-an-autobiography,1,,server-3,20,0,11,45.801,47.448,40.190
least-response-time-cache-off-warm500,130,3,7.0923,125.741,39.656,165.396,money,pride-and-prejudice,1,,server-3,19,0,12,46.831,47.448,40.190
least-response-time-cache-off-warm500,130,3,7.1000,117.172,117.809,234.981,money,persuasion,1,,server-3,18,0,13,49.230,47.448,42.026
least-response-time-cache-off-warm500,130,3,7.1077,128.760,99.392,228.152,night,villette,1,,server-3,17,0,14,43.064,47.448,42.026
least-response-time-cache-off-warm500,130,3,7.1154,121.257,128.813,250.070,you,the-iliad-2199,1,,server-3,17,0,15,43.064,47.448,42.026
least-response-time-cache-off-warm500,130,3,7.1231,115.218,151.675,266.893,was,the-iliad,1,,server-3,17,0,16,43.064,47.448,42.026
least-response-time-cache-off-warm500,130,3,7.1308,1.541,30.437,31.978,he,oliver-twist,1,,server-2,16,1,15,57.951,47.448,91.384
least-response-time-cache-off-warm500,130,3,7.1385,24.848,20.170,45.018,the,myths-and-legends-of-ancient-greece-and-rome,1,,server-2,15,2,15,64.980,24.379,91.384
least-response-time-cache-off-warm500,130,3,7.1462,17.265,81.683,98.948,heart,the-scarlet-letter,1,,server-2,15,3,15,53.963,24.379,91.198
least-response-time-cache-off-warm500,130,3,7.1538,10.320,74.939,85.260,castle,emma,1,,server-2,14,4,14,64.849,24.379,70.142
least-response-time-cache-off-warm500,130,3,7.1615,2.953,81.203,84.155,night,villette,1,,server-2,14,5,14,41.425,24.379,70.142
least-response-time-cache-off-warm500,130,3,7.1692,33.515,84.026,117.541,whale,autobiography-of-benjamin-franklin,1,,server-2,11,5,14,52.975,2.731,70.142
least-response-time-cache-off-warm500,130,3,7.1769,68.597,14.478,83.075,whale,the-wind-in-the-willows,1,,server-2,11,6,13,52.975,2.731,65.016
least-response-time-cache-off-warm500,130,3,7.1846,61.080,66.075,127.155,she,the-last-of-the-mohicans-a-narrative-of-1757,1,,server-2,11,7,13,70.117,7.585,65.016
least-response-time-cache-off-warm500,130,3,7.1923,56.054,85.965,142.019,you,the-return-of-sherlock-holmes-108,1,,server-2,11,8,11,70.117,7.585,55.272
least-response-time-cache-off-warm500,130,3,7.2000,48.413,40.230,88.643,letter,the-adventures-of-sherlock-holmes,1,,server-2,11,9,11,70.117,7.585,55.272
least-response-time-cache-off-warm500,130,3,7.2077,42.369,113.483,155.852,castle,the-innocents-abroad,1,,server-2,11,10,11,54.093,11.644,82.350
least-response-time-cache-off-warm500,130,3,7.2154,45.683,170.413,216.096,night,mary-barton,1,,server-2,11,11,9,54.093,11.644,71.388
least-response-time-cache-off-warm500,130,3,7.2231,49.018,236.480,285.498,whale,tess-of-the-d-urbervilles-a-pure-woman,1,,server-2,11,12,7,77.152,11.644,58.654
least-response-time-cache-off-warm500,130,3,7.2308,58.232,139.005,197.236,king,the-song-of-the-lark,1,,server-2,10,13,7,74.443,11.644,58.654
least-response-time-cache-off-warm500,130,3,7.2385,96.910,152.992,249.902,castle,wuthering-heights,1,,server-3,7,12,7,64.666,31.649,16.101
least-response-time-cache-off-warm500,130,3,7.2462,110.613,68.287,178.900,horse,his-last-bow,1,,server-2,7,10,7,58.938,12.759,16.101
least-response-time-cache-off-warm500,130,3,7.2538,77.592,46.559,124.151,night,northanger-abbey,1,,server-2,7,11,7,47.361,11.393,16.101
least-response-time-cache-off-warm500,130,3,7.2615,103.880,117.022,220.903,you,the-house-of-the-seven-gables,1,,server-2,7,12,7,47.361,10.827,17.150
least-response-time-cache-off-warm500,130,3,7.2692,109.250,154.452,263.702,letter,myths-and-legends-of-ancient-greece-and-rome,1,,server-2,7,13,7,47.361,10.827,17.150
least-response-time-cache-off-warm500,130,3,7.2769,34.912,105.309,140.222,king,the-moonstone,1,,server-3,7,12,8,47.361,18.011,17.150
least-response-time-cache-off-warm500,130,3,7.2846,94.015,130.563,224.578,he,little-women,1,,server-2,7,13,8,43.893,18.011,22.286
least-response-time-cache-off-warm500,130,3,7.2923,107.394,119.299,226.693,she,his-last-bow,1,,server-2,7,14,8,46.109,12.792,20.664
least-response-time-cache-off-warm500,130,3,7.3000,171.082,101.109,272.191,she,the-mystery-of-edwin-drood,1,,server-2,7,15,8,46.109,12.792,20.664
least-response-time-cache-off-warm500,130,3,7.3077,197.456,52.201,249.657,love,the-adventures-of-ferdinand-count-fathom-complete,1,,server-2,7,15,8,46.109,12.792,20.664
least-response-time-cache-off-warm500,130,3,7.3154,19.164,98.763,117.927,and,the-return-of-sherlock-holmes,1,,server-3,7,14,8,46.109,36.735,20.412
least-response-time-cache-off-warm500,130,3,7.3231,12.512,123.093,135.605,the,the-jungle,1,,server-3,7,14,9,46.109,36.735,20.412
least-response-time-cache-off-warm500,130,3,7.3308,200.376,72.700,273.076,night,jane-eyre-an-autobiography,1,,server-2,7,14,9,45.146,30.311,33.247
least-response-time-cache-off-warm500,130,3,7.3385,52.863,167.347,220.210,she,oliver-twist,1,,server-3,7,14,7,45.146,47.452,26.112
least-response-time-cache-off-warm500,130,3,7.3462,68.007,118.905,186.912,king,the-adventures-of-sherlock-holmes,1,,server-3,7,14,8,45.146,47.452,26.112
least-response-time-cache-off-warm500,130,3,7.3538,100.421,112.577,212.998,she,the-war-of-the-worlds,1,,server-3,7,14,9,57.991,47.452,26.112
least-response-time-cache-off-warm500,130,3,7.3615,69.653,104.054,173.707,sea,the-secret-garden,1,,server-3,3,14,10,45.253,43.294,26.135
least-response-time-cache-off-warm500,130,3,7.3692,165.808,83.976,249.784,castle,the-mystery-of-edwin-drood,1,,server-2,1,13,10,48.494,41.758,46.040
least-response-time-cache-off-warm500,130,3,7.3769,112.171,125.785,237.956,sea,desperate-remedies,1,,server-3,0,13,11,46.136,47.876,46.040
least-response-time-cache-off-warm500,130,3,7.3846,187.782,106.116,293.899,of,the-mysterious-island,1,,server-2,0,13,11,46.136,29.156,46.040
least-response-time-cache-off-warm500,130,3,7.3923,182.466,56.518,238.984,king,the-hound-of-the-baskervilles-3070,1,,server-2,0,14,10,46.136,29.156,33.986
least-response-time-cache-off-warm500,130,3,7.4000,180.084,84.659,264.743,letter,the-first-men-in-the-moon,1,,server-2,0,15,9,46.136,25.752,33.986
least-response-time-cache-off-warm500,130,3,7.4077,51.797,44.279,96.075,you,persuasion,1,,server-3,0,15,10,46.136,40.541,33.986
least-response-time-cache-off-warm500,130,3,7.4154,73.820,123.470,197.290,and,the-return-of-sherlock-holmes,1,,server-3,0,15,11,46.136,40.541,31.459
least-response-time-cache-off-warm500,130,3,7.4231,112.818,80.206,193.024,whale,dubliners,1,,server-3,0,15,11,46.136,40.541,39.350
least-response-time-cache-off-warm500,130,3,7.4308,105.526,127.762,233.288,london,a-princess-of-mars,1,,server-3,0,15,12,46.136,61.370,34.035
least-response-time-cache-off-warm500,130,3,7.4385,162.360,114.202,276.562,was,oliver-twist,1,,server-2,0,15,12,46.136,39.246,46.773
least-response-time-cache-off-warm500,130,3,7.4462,158.418,76.245,234.663,king,the-mysterious-affair-at-styles,1,,server-2,0,16,12,46.136,39.246,46.773
least-response-time-cache-off-warm500,130,3,7.4538,167.834,95.235,263.069,and,the-war-of-the-worlds,1,,server-2,0,16,12,46.136,39.246,44.329
least-response-time-cache-off-warm500,130,3,7.4615,106.134,95.261,201.395,money,memoirs-of-fanny-hill,1,,server-3,0,16,12,46.136,39.246,29.942
least-response-time-cache-off-warm500,130,3,7.4692,100.131,70.920,171.052,he,mary-barton,1,,server-3,0,16,13,46.136,39.246,29.942
least-response-time-cache-off-warm500,130,3,7.4769,95.908,141.402,237.311,whale,desperate-remedies,1,,server-3,0,16,14,46.136,68.911,29.942
least-response-time-cache-off-warm500,130,3,7.4846,127.903,64.655,192.558,whale,black-beauty,1,,server-3,0,15,15,46.136,71.709,29.942
least-response-time-cache-off-warm500,130,3,7.4923,144.595,116.677,261.272,she,frankenstein-or-the-modern-prometheus-41445,1,,server-3,0,15,15,46.136,71.709,37.846
least-response-time-cache-off-warm500,130,3,7.5000,137.128,105.533,242.660,sea,the-moonstone,1,,server-3,0,15,16,46.136,71.709,37.846
least-response-time-cache-off-warm500,130,3,7.5077,158.916,117.163,276.078,he,pride-and-prejudice,1,,server-3,0,15,16,46.136,64.028,43.144
least-response-time-cache-off-warm500,130,3,7.5154,150.769,125.094,275.863,castle,herland,1,,server-3,0,15,17,46.136,83.476,43.144
least-response-time-cache-off-warm500,130,3,7.5231,144.321,84.857,229.178,sea,dubliners,1,,server-3,0,14,18,46.136,84.105,43.144
least-response-time-cache-off-warm500,130,3,7.5308,147.891,114.673,262.564,love,hard-times,1,,server-3,0,14,19,46.136,71.730,43.144
least-response-time-cache-off-warm500,130,3,7.5385,1.445,26.879,28.324,letter,the-last-of-the-mohicans-a-narrative-of-1757,1,,server-1,1,10,17,46.136,48.774,46.638
least-response-time-cache-off-warm500,130,3,7.5462,21.280,50.609,71.890,of,mary-barton,1,,server-1,2,10,17,23.699,48.774,46.638
least-response-time-cache-off-warm500,130,3,7.5538,14.037,26.508,40.545,sea,grimms-fairy-tales,1,,server-1,3,10,17,23.699,48.774,46.638
least-response-time-cache-off-warm500,130,3,7.5615,6.224,24.878,31.101,you,washington-square,1,,server-1,4,10,17,23.699,39.059,57.257
least-response-time-cache-off-warm500,130,3,7.5692,3.512,76.719,80.231,the,emma,1,,server-1,4,10,16,3.923,68.019,33.124
least-response-time-cache-off-warm500,130,3,7.5769,44.060,52.539,96.599,heart,mary-barton,1,,server-1,5,8,14,2.928,73.431,37.446
least-response-time-cache-off-warm500,130,3,7.5846,33.526,85.046,118.572,death,the-lost-world,1,,server-1,6,8,14,2.928,48.605,37.446
least-response-time-cache-off-warm500,130,3,7.5923,27.773,81.015,108.789,he,far-from-the-madding-crowd,1,,server-1,7,8,14,7.210,48.605,37.446
least-response-time-cache-off-warm500,130,3,7.6000,20.112,117.347,137.460,was,persuasion,1,,server-1,7,8,14,8.712,48.605,37.446
least-response-time-cache-off-warm500,130,3,7.6077,61.718,72.672,134.390,and,the-works-of-edgar-allan-poe-volume-2,1,,server-1,8,8,14,8.712,53.549,37.446
least-response-time-cache-off-warm500,130,3,7.6154,31.051,116.048,147.099,she,a-connecticut-yankee-in-king-arthur-s-court,1,,server-1,8,8,14,12.894,53.549,57.474
least-response-time-cache-off-warm500,130,3,7.6231,81.031,131.238,212.269,love,the-kama-sutra-of-vatsyayana,1,,server-1,8,6,13,6.107,24.691,54.612
least-response-time-cache-off-warm500,130,3,7.6308,66.772,106.302,173.074,horse,jude-the-obscure,1,,server-1,9,6,13,6.107,24.691,54.612
least-response-time-cache-off-warm500,130,3,7.6385,67.685,120.704,188.389,and,villette,1,,server-1,10,6,12,6.107,24.223,41.842
least-response-time-cache-off-warm500,130,3,7.6462,76.247,189.427,265.673,of,mary-barton,1,,server-1,11,5,12,15.116,24.223,34.711
least-response-time-cache-off-warm500,130,3,7.6538,84.691,149.452,234.143,london,mary-barton,1,,server-1,12,5,12,18.414,24.223,34.711
least-response-time-cache-off-warm500,130,3,7.6615,76.754,54.845,131.598,whale,the-warden,1,,server-1,13,5,12,18.414,24.223,34.711
least-response-time-cache-off-warm500,130,3,7.6692,69.938,151.224,221.162,you,the-adventures-of-sherlock-holmes,1,,server-1,14,5,8,19.889,36.220,21.222
least-response-time-cache-off-warm500,130,3,7.6769,83.462,159.543,243.005,you,around-the-world-in-eighty-days,1,,server-1,15,5,8,29.423,36.220,52.428
least-response-time-cache-off-warm500,130,3,7.6846,32.919,61.473,94.392,horse,the-scarlet-letter,1,,server-2,15,3,8,29.423,28.780,33.774
least-response-time-cache-off-warm500,130,3,7.6923,25.476,58.007,83.482,death,the-jungle,1,,server-2,15,4,8,29.423,28.780,33.774
least-response-time-cache-off-warm500,130,3,7.7000,18.037,18.924,36.961,death,the-works-of-edgar-allan-poe-volume-2,1,,server-2,15,5,8,37.136,28.780,30.635
least-response-time-cache-off-warm500,130,3,7.7077,55.094,110.515,165.609,sea,the-first-men-in-the-moon,1,,server-1,12,5,8,23.292,28.780,30.635
least-response-time-cache-off-warm500,130,3,7.7154,121.115,100.961,222.075,was,autobiography-of-benjamin-franklin,1,,server-1,13,5,8,23.292,42.492,35.429
least-response-time-cache-off-warm500,130,3,7.7231,56.320,50.183,106.503,castle,the-house-of-the-seven-gables,1,,server-2,13,4,8,21.720,7.246,35.429
least-response-time-cache-off-warm500,130,3,7.7308,48.859,41.185,90.045,letter,leaves-of-grass,1,,server-2,13,5,8,21.720,7.246,35.429
least-response-time-cache-off-warm500,130,3,7.7385,41.733,58.796,100.529,and,the-hound-of-the-baskervilles-3070,1,,server-2,13,6,7,26.860,9.472,35.429
least-response-time-cache-off-warm500,130,3,7.7462,34.308,51.325,85.633,sea,the-hound-of-the-baskervilles-3070,1,,server-2,11,7,7,28.338,9.472,48.740
least-response-time-cache-off-warm500,130,3,7.7538,31.060,67.460,98.520,horse,meditations,1,,server-2,11,8,6,28.338,9.472,50.464
least-response-time-cache-off-warm500,130,3,7.7615,59.499,43.433,102.931,was,the-lost-world,1,,server-2,11,9,6,25.714,9.472,50.464
least-response-time-cache-off-warm500,130,3,7.7692,69.986,45.626,115.612,castle,poirot-investigates,1,,server-2,11,10,6,34.866,9.472,50.464
least-response-time-cache-off-warm500,130,3,7.7769,76.237,62.363,138.600,money,the-mysterious-island,1,,server-2,11,11,6,25.615,23.363,50.464
least-response-time-cache-off-warm500,130,3,7.7846,83.337,100.234,183.571,letter,life-on-the-mississippi,1,,server-2,11,9,5,25.615,8.670,63.507
least-response-time-cache-off-warm500,130,3,7.7923,70.834,106.467,177.301,the,the-hound-of-the-baskervilles-3070,1,,server-2,11,10,5,25.615,10.282,72.835
least-response-time-cache-off-warm500,130,3,7.8000,67.375,98.083,165.458,letter,the-adventures-of-tom-sawyer-complete,1,,server-2,10,11,0,30.760,10.282,38.227
least-response-time-cache-off-warm500,130,3,7.8077,58.611,128.066,186.677,letter,the-mysterious-affair-at-styles,1,,server-2,10,12,0,37.658,10.282,38.227
least-response-time-cache-off-warm500,130,3,7.8154,51.171,79.396,130.567,london,persuasion,1,,server-2,10,13,0,37.658,10.282,38.227
least-response-time-cache-off-warm500,130,3,7.8231,45.240,110.886,156.126,was,the-mysterious-affair-at-styles,1,,server-2,9,14,0,33.989,16.343,38.227
least-response-time-cache-off-warm500,130,3,7.8308,113.864,89.924,203.788,sea,the-song-of-the-lark,1,,server-2,8,15,0,40.993,22.861,38.227
least-response-time-cache-off-warm500,130,3,7.8385,89.651,80.893,170.544,he,hard-times,1,,server-2,7,13,0,57.096,30.648,38.227
least-response-time-cache-off-warm500,130,3,7.8462,147.213,55.266,202.479,she,northanger-abbey,1,,server-2,7,13,0,57.096,24.337,38.227
least-response-time-cache-off-warm500,130,3,7.8538,1.712,35.350,37.062,the,the-mysterious-island,1,,server-3,7,13,1,57.096,39.485,38.227
least-response-time-cache-off-warm500,130,3,7.8615,29.305,10.736,40.042,king,dubliners,1,,server-3,7,13,2,50.918,39.485,19.688
least-response-time-cache-off-warm500,130,3,7.8692,125.276,79.855,205.131,you,the-king-in-yellow,1,,server-2,7,13,2,50.918,7.957,19.688
least-response-time-cache-off-warm500,130,3,7.8769,133.146,51.223,184.370,king,treasure-island,1,,server-2,7,13,2,56.551,13.091,19.688
least-response-time-cache-off-warm500,130,3,7.8846,150.665,54.493,205.158,you,the-mystery-of-edwin-drood,1,,server-2,7,14,2,56.551,16.957,19.688
least-response-time-cache-off-warm500,130,3,7.8923,10.193,35.714,45.907,letter,around-the-world-in-eighty-days,1,,server-3,5,14,2,66.379,16.957,13.350
least-response-time-cache-off-warm500,130,3,7.9000,2.986,35.100,38.085,letter,the-return-of-sherlock-holmes,1,,server-3,5,14,3,66.379,16.957,13.350
least-response-time-cache-off-warm500,130,3,7.9077,29.540,61.503,91.043,king,pride-and-prejudice,1,,server-3,5,14,3,66.379,16.957,3.526
least-response-time-cache-off-warm500,130,3,7.9154,21.647,20.918,42.565,horse,leaves-of-grass,1,,server-3,4,14,4,80.247,33.884,3.526
least-response-time-cache-off-warm500,130,3,7.9231,14.201,82.376,96.577,house,the-adventures-of-ferdinand-count-fathom-complete,1,,server-3,1,14,5,61.555,33.884,3.526
least-response-time-cache-off-warm500,130,3,7.9308,6.891,87.774,94.665,was,mansfield-park,1,,server-3,1,13,6,61.555,30.251,3.526
least-response-time-cache-off-warm500,130,3,7.9385,60.736,66.625,127.361,was,the-divine-comedy,1,,server-3,0,13,7,46.909,30.251,11.237
least-response-time-cache-off-warm500,130,3,7.9462,73.726,22.410,96.137,letter,the-adventures-of-sherlock-holmes,1,,server-3,0,13,7,46.909,46.363,7.656
least-response-time-cache-off-warm500,130,3,7.9538,66.464,73.021,139.485,he,persuasion,1,,server-3,0,13,8,46.909,46.363,7.656
least-response-time-cache-off-warm500,130,3,7.9615,64.032,111.976,176.008,and,a-journey-to-the-centre-of-the-earth,1,,server-3,0,13,8,46.909,46.363,10.151
least-response-time-cache-off-warm500,130,3,7.9692,57.346,149.726,207.073,whale,the-iliad,1,,server-3,0,12,9,46.909,63.998,10.151
least-response-time-cache-off-warm500,130,3,7.9769,51.969,120.362,172.331,and,beyond-good-and-evil,1,,server-3,0,12,10,46.909,63.998,15.233
least-response-time-cache-off-warm500,130,3,7.9846,56.004,61.172,117.176,whale,the-adventures-of-tom-sawyer-complete,1,,server-3,0,7,11,46.909,46.656,15.233
least-response-time-cache-off-warm500,130,3,7.9923,51.060,97.184,148.244,was,leaves-of-grass,1,,server-3,0,7,12,46.909,46.656,15.233
least-response-time-cache-off-warm500,130,3,8.0000,124.282,73.660,197.943,money,a-journey-to-the-centre-of-the-earth,1,,server-3,0,7,13,46.909,55.161,28.628
least-response-time-cache-off-warm500,130,3,8.0077,168.075,46.805,214.880,whale,his-last-bow,1,,server-3,0,7,14,46.909,55.161,28.628
least-response-time-cache-off-warm500,130,3,8.0154,20.632,89.206,109.839,whale,a-princess-of-mars,1,,server-2,0,6,14,46.909,22.723,28.628
least-response-time-cache-off-warm500,130,3,8.0231,49.980,54.368,104.349,and,far-from-the-madding-crowd,1,,server-2,0,7,11,46.909,22.723,23.021
least-response-time-cache-off-warm500,130,3,8.0308,145.360,80.565,225.926,sea,the-return-of-sherlock-holmes-108,1,,server-3,0,7,11,46.909,46.990,19.109
least-response-time-cache-off-warm500,130,3,8.0385,38.332,74.701,113.033,castle,the-american,1,,server-2,0,7,11,46.909,17.536,19.109
least-response-time-cache-off-warm500,130,3,8.0462,130.953,44.020,174.973,she,myths-and-legends-of-ancient-greece-and-rome,1,,server-3,0,7,12,46.909,17.536,9.820
least-response-time-cache-off-warm500,130,3,8.0538,124.307,80.446,204.753,money,pride-and-prejudice,1,,server-3,0,7,13,46.909,22.215,9.820
least-response-time-cache-off-warm500,130,3,8.0615,131.673,93.715,225.389,castle,the-tenant-of-wildfell-hall,1,,server-3,0,6,14,46.909,20.837,9.820
least-response-time-cache-off-warm500,130,3,8.0692,140.171,100.279,240.450,sea,the-memoirs-of-sherlock-holmes,1,,server-3,0,6,14,46.909,20.837,13.682
least-response-time-cache-off-warm500,130,3,8.0769,181.815,88.079,269.894,sea,the-mystery-of-edwin-drood,1,,server-3,0,4,15,46.909,20.851,13.682
least-response-time-cache-off-warm500,130,3,8.0846,199.917,60.298,260.216,horse,jude-the-obscure,1,,server-3,0,4,16,46.909,20.851,13.682
least-response-time-cache-off-warm500,130,3,8.0923,196.774,72.199,268.973,love,cranford,1,,server-3,0,3,17,46.909,19.986,13.682
least-response-time-cache-off-warm500,130,3,8.1000,28.927,95.007,123.934,of,desperate-remedies,1,,server-2,0,4,16,46.909,19.986,25.435
least-response-time-cache-off-warm500,130,3,8.1077,23.493,90.290,113.783,horse,meditations,1,,server-2,0,5,16,46.909,19.986,42.299
least-response-time-cache-off-warm500,130,3,8.1154,14.578,42.026,56.604,he,autobiography-of-benjamin-franklin,1,,server-2,0,6,16,46.909,19.986,42.299
least-response-time-cache-off-warm500,130,3,8.1231,7.261,98.430,105.691,london,mary-barton,1,,server-2,0,7,16,46.909,19.986,42.299
least-response-time-cache-off-warm500,130,3,8.1308,27.508,143.362,170.869,of,the-secret-adversary,1,,server-2,0,6,15,46.909,5.647,38.017
least-response-time-cache-off-warm500,130,3,8.1385,85.848,103.806,189.653,night,a-tale-of-two-cities,1,,server-2,0,7,15,46.909,5.647,49.388
least-response-time-cache-off-warm500,130,3,8.1462,24.627,72.373,97.000,heart,the-scarlet-letter,1,,server-2,0,8,13,46.909,5.647,50.910
least-response-time-cache-off-warm500,130,3,8.1538,71.450,40.437,111.887,king,madame-bovary,1,,server-2,0,9,13,46.909,15.876,61.428
least-response-time-cache-off-warm500,130,3,8.1615,81.753,86.162,167.915,death,frankenstein-or-the-modern-prometheus,1,,server-2,0,9,13,46.909,14.186,61.428
least-response-time-cache-off-warm500,130,3,8.1692,72.362,82.967,155.329,love,dubliners,1,,server-2,0,10,13,46.909,14.186,61.428
least-response-time-cache-off-warm500,130,3,8.1769,68.737,103.453,172.190,death,around-the-world-in-eighty-days,1,,server-2,0,11,11,46.909,17.798,45.393
least-response-time-cache-off-warm500,130,3,8.1846,65.537,86.710,152.247,you,the-jungle-book,1,,server-2,0,12,10,46.909,17.798,37.461
least-response-time-cache-off-warm500,130,3,8.1923,136.203,46.115,182.318,house,poirot-investigates,1,,server-2,0,13,10,46.909,17.798,37.461
least-response-time-cache-off-warm500,130,3,8.2000,147.026,31.320,178.346,night,the-scarlet-letter,1,,server-2,0,14,10,46.909,28.194,46.694
least-response-time-cache-off-warm500,130,3,8.2077,167.258,71.655,238.913,letter,herland,1,,server-2,0,15,10,46.909,28.194,46.694
least-response-time-cache-off-warm500,130,3,8.2154,136.938,41.808,178.746,night,madame-bovary,1,,server-2,0,16,10,46.909,28.194,39.503
least-response-time-cache-off-warm500,130,3,8.2231,151.691,103.973,255.663,horse,far-from-the-madding-crowd,1,,server-2,0,17,10,46.909,36.448,37.779
least-response-time-cache-off-warm500,130,3,8.2308,148.520,38.668,187.189,the,the-picture-of-dorian-gray,1,,server-2,0,14,10,46.909,26.004,37.779
least-response-time-cache-off-warm500,130,3,8.2385,153.913,62.250,216.163,letter,the-great-gatsby,1,,server-2,0,15,10,46.909,26.004,37.779
least-response-time-cache-off-warm500,130,3,8.2462,149.770,33.246,183.015,castle,the-scarlet-letter-33,1,,server-2,0,15,10,46.909,15.686,52.713
least-response-time-cache-off-warm500,130,3,8.2538,143.497,56.434,199.932,the,the-return-of-sherlock-holmes,1,,server-2,0,16,10,46.909,20.369,52.713
least-response-time-cache-off-warm500,130,3,8.2615,135.487,118.350,253.837,was,the-mysterious-island,1,,server-2,0,17,8,46.909,20.369,40.876
least-response-time-cache-off-warm500,130,3,8.2692,185.928,113.238,299.166,was,desperate-remedies,1,,server-2,0,18,6,46.909,17.849,62.981
least-response-time-cache-off-warm500,130,3,8.2769,178.042,109.686,287.728,house,mary-barton,1,,server-2,0,19,6,46.909,17.849,62.981
least-response-time-cache-off-warm500,130,3,8.2846,194.868,115.146,310.015,he,the-age-of-innocence,1,,server-2,0,20,5,46.909,17.849,54.295
least-response-time-cache-off-warm500,130,3,8.2923,219.512,84.458,303.970,you,around-the-world-in-eighty-days,1,,server-2,0,21,4,46.909,17.849,54.353
least-response-time-cache-off-warm500,130,3,8.3000,215.561,124.147,339.708,he,the-vicomte-de-bragelonne,1,,server-2,0,21,4,46.909,17.849,44.667
least-response-time-cache-off-warm500,130,3,8.3077,211.443,116.794,328.237,house,silas-marner,1,,server-2,0,22,4,46.909,32.274,44.667
least-response-time-cache-off-warm500,130,3,8.3154,2.273,21.195,23.468,death,the-portrait-of-a-lady-volume-1,1,,server-1,1,21,4,46.909,49.308,49.726
least-response-time-cache-off-warm500,130,3,8.3231,16.608,30.412,47.019,horse,the-mystery-of-edwin-drood,1,,server-1,2,21,4,24.139,49.308,49.726
least-response-time-cache-off-warm500,130,3,8.3308,8.913,42.164,51.077,was,white-fang,1,,server-1,3,19,4,24.139,26.078,49.726
least-response-time-cache-off-warm500,130,3,8.3385,1.988,30.770,32.758,whale,herland,1,,server-1,4,18,4,23.418,50.112,49.726
least-response-time-cache-off-warm500,130,3,8.3462,25.162,65.837,91.000,king,the-romance-of-lust-a-classic-victorian-erotic-novel,1,,server-1,4,18,4,3.534,50.112,52.793
least-response-time-cache-off-warm500,130,3,8.3538,28.297,58.872,87.169,sea,the-vicomte-de-bragelonne,1,,server-1,5,16,1,3.534,73.550,33.480
least-response-time-cache-off-warm500,130,3,8.3615,22.453,138.874,161.327,house,adventures-of-huckleberry-finn,1,,server-1,6,16,0,3.534,60.723,31.952
least-response-time-cache-off-warm500,130,3,8.3692,14.832,118.480,133.312,house,the-song-of-the-lark,1,,server-1,7,16,0,3.534,60.723,31.952
least-response-time-cache-off-warm500,130,3,8.3769,8.799,116.230,125.029,house,silas-marner,1,,server-1,8,16,0,9.810,35.941,31.952
least-response-time-cache-off-warm500,130,3,8.3846,1.936,138.538,140.474,love,walden-and-on-the-duty-of-civil-disobedience,1,,server-1,6,15,0,6.800,24.545,31.952
least-response-time-cache-off-warm500,130,3,8.3923,88.765,62.411,151.176,money,the-american,1,,server-1,7,15,0,1.783,46.328,31.952
least-response-time-cache-off-warm500,130,3,8.4000,80.975,152.464,233.439,of,life-on-the-mississippi,1,,server-1,8,13,0,1.783,24.403,31.952
least-response-time-cache-off-warm500,130,3,8.4077,94.176,78.502,172.678,whale,meditations,1,,server-1,9,13,0,1.783,24.403,31.952
least-response-time-cache-off-warm500,130,3,8.4154,86.615,129.010,215.625,he,the-iliad-2199,1,,server-1,10,13,0,1.783,24.403,31.952
least-response-time-cache-off-warm500,130,3,8.4231,100.352,109.180,209.532,was,the-wind-in-the-willows,1,,server-1,11,13,0,1.783,24.654,31.952
least-response-time-cache-off-warm500,130,3,8.4308,115.509,127.443,242.952,house,desperate-remedies,1,,server-1,12,13,0,1.783,26.257,31.952
least-response-time-cache-off-warm500,130,3,8.4385,88.382,142.896,231.278,was,the-return-of-sherlock-holmes-108,1,,server-1,13,13,0,12.458,19.855,31.952
least-response-time-cache-off-warm500,130,3,8.4462,99.137,87.094,186.231,love,twenty-thousand-leagues-under-the-sea,1,,server-1,14,12,0,23.055,29.321,31.952
least-response-time-cache-off-warm500,130,3,8.4538,134.490,100.176,234.666,he,memoirs-of-fanny-hill,1,,server-1,15,11,0,23.055,70.836,31.952
least-response-time-cache-off-warm500,130,3,8.4615,169.855,73.846,243.701,the,sense-and-sensibility,1,,server-1,16,10,0,23.055,44.152,31.952
least-response-time-cache-off-warm500,130,3,8.4692,1.498,11.632,13.130,the,the-hound-of-the-baskervilles-3070,1,,server-3,16,10,1,34.170,44.152,31.952
least-response-time-cache-off-warm500,130,3,8.4769,5.847,15.664,21.512,of,poirot-investigates,1,,server-3,14,9,2,34.170,39.307,16.441
least-response-time-cache-off-warm500,130,3,8.4846,13.954,29.075,43.029,was,the-works-of-edgar-allan-poe-volume-2,1,,server-3,14,8,2,36.431,39.209,6.836
least-response-time-cache-off-warm500,130,3,8.4923,6.767,11.367,18.134,you,around-the-world-in-eighty-days,1,,server-3,14,8,3,36.431,69.912,5.501
least-response-time-cache-off-warm500,130,3,8.5000,26.023,34.222,60.245,london,the-wind-in-the-willows,1,,server-3,14,8,3,36.431,69.912,3.335
least-response-time-cache-off-warm500,130,3,8.5077,20.249,22.948,43.197,money,desperate-remedies,1,,server-3,13,8,4,36.728,69.912,3.335
least-response-time-cache-off-warm500,130,3,8.5154,13.317,42.886,56.203,money,washington-square,1,,server-3,13,7,5,36.728,63.747,5.721
least-response-time-cache-off-warm500,130,3,8.5231,9.218,125.817,135.035,you,the-iliad,1,,server-3,12,6,6,40.698,44.339,5.721
least-response-time-cache-off-warm500,130,3,8.5308,28.695,32.406,61.101,whale,grimms-fairy-tales,1,,server-3,10,6,5,40.096,44.339,3.958
least-response-time-cache-off-warm500,130,3,8.5385,32.116,50.529,82.644,death,autobiography-of-benjamin-franklin,1,,server-3,10,6,6,40.096,44.339,3.254
least-response-time-cache-off-warm500,130,3,8.5462,29.129,47.129,76.258,love,frankenstein-or-the-modern-prometheus,1,,server-3,10,6,7,27.868,44.339,3.254
least-response-time-cache-off-warm500,130,3,8.5538,36.944,69.339,106.283,whale,kidnapped,1,,server-3,10,6,8,18.787,44.339,7.020
least-response-time-cache-off-warm500,130,3,8.5615,42.119,123.453,165.572,the,the-secret-garden-17396,1,,server-3,9,6,8,18.787,44.339,11.818
least-response-time-cache-off-warm500,130,3,8.5692,73.147,80.018,153.166,whale,the-adventures-of-ferdinand-count-fathom-complete,1,,server-3,9,6,9,18.787,34.741,11.818
least-response-time-cache-off-warm500,130,3,8.5769,76.393,126.803,203.196,you,kidnapped,1,,server-3,9,6,8,18.787,34.741,12.717
least-response-time-cache-off-warm500,130,3,8.5846,73.389,67.171,140.560,london,oliver-twist,1,,server-3,9,6,9,30.474,34.741,12.717
least-response-time-cache-off-warm500,130,3,8.5923,69.100,140.355,209.455,money,the-mystery-of-edwin-drood,1,,server-3,9,6,10,48.111,34.741,13.559
least-response-time-cache-off-warm500,130,3,8.6000,62.883,119.591,182.473,london,pride-and-prejudice,1,,server-3,9,3,11,48.111,41.057,13.559
least-response-time-cache-off-warm500,130,3,8.6077,122.271,155.236,277.507,night,adventures-of-huckleberry-finn,1,,server-3,9,3,11,48.111,41.057,17.136
least-response-time-cache-off-warm500,130,3,8.6154,113.273,135.990,249.263,was,memoirs-of-fanny-hill,1,,server-3,9,3,12,48.111,41.057,17.136
least-response-time-cache-off-warm500,130,3,8.6231,107.838,102.835,210.674,of,the-song-of-the-lark,1,,server-3,9,3,13,48.111,41.057,28.074
least-response-time-cache-off-warm500,130,3,8.6308,203.436,83.567,287.003,house,the-moonstone,1,,server-3,9,3,14,60.211,41.057,28.074
least-response-time-cache-off-warm500,130,3,8.6385,161.266,88.860,250.126,king,the-king-in-yellow,1,,server-3,7,3,15,48.844,55.667,28.074
least-response-time-cache-off-warm500,130,3,8.6462,188.857,201.353,390.210,heart,the-age-of-innocence,1,,server-3,7,0,15,48.844,44.955,40.007
least-response-time-cache-off-warm500,130,3,8.6538,182.886,94.925,277.811,house,frankenstein-or-the-modern-prometheus,1,,server-3,5,0,16,42.023,44.955,34.049
least-response-time-cache-off-warm500,130,3,8.6615,205.287,142.764,348.051,house,leaves-of-grass,1,,server-3,5,0,15,42.023,44.955,20.660
least-response-time-cache-off-warm500,130,3,8.6692,213.901,128.830,342.732,the,cranford,1,,server-3,5,0,15,42.023,44.955,13.623
least-response-time-cache-off-warm500,130,3,8.6769,212.177,207.597,419.775,heart,dracula,1,,server-3,2,0,16,44.642,44.955,13.623
least-response-time-cache-off-warm500,130,3,8.6846,204.356,145.368,349.724,money,life-on-the-mississippi,1,,server-3,2,0,17,44.642,44.955,25.208
least-response-time-cache-off-warm500,130,3,8.6923,219.026,62.330,281.356,of,the-romance-of-lust-a-classic-victorian-erotic-novel,1,,server-3,1,0,18,44.521,44.955,25.208
least-response-time-cache-off-warm500,130,3,8.7000,274.463,216.359,490.822,heart,emma,1,,server-3,1,0,19,44.521,44.955,25.208
least-response-time-cache-off-warm500,130,3,8.7077,263.022,129.977,392.999,the,the-innocents-abroad,1,,server-3,0,0,20,34.121,44.955,25.208
least-response-time-cache-off-warm500,130,3,8.7154,258.675,176.141,434.815,letter,hard-times,1,,server-3,0,0,21,34.121,44.955,25.208
least-response-time-cache-off-warm500,130,3,8.7231,251.148,93.043,344.191,london,agnes-grey,1,,server-3,0,0,22,34.121,44.955,32.507
least-response-time-cache-off-warm500,130,3,8.7308,306.522,77.685,384.207,castle,the-warden,1,,server-3,0,0,21,34.121,44.955,24.035
least-response-time-cache-off-warm500,130,3,8.7385,299.181,176.184,475.365,money,wuthering-heights,1,,server-3,0,0,21,34.121,44.955,25.988
least-response-time-cache-off-warm500,130,3,8.7462,321.467,127.030,448.496,money,the-last-of-the-mohicans-a-narrative-of-1757-27681,1,,server-3,0,0,22,34.121,44.955,25.988
least-response-time-cache-off-warm500,130,3,8.7538,338.051,124.157,462.208,night,the-house-of-mirth,1,,server-3,0,0,23,34.121,44.955,25.988
least-response-time-cache-off-warm500,130,3,8.7615,342.287,147.905,490.192,he,mary-barton,1,,server-3,0,0,24,34.121,44.955,25.988
least-response-time-cache-off-warm500,130,3,8.7692,425.683,58.224,483.908,of,memoirs-of-fanny-hill,1,,server-3,0,0,25,34.121,44.955,25.988
least-response-time-cache-off-warm500,130,3,8.7769,1.538,11.674,13.212,you,the-prince,1,,server-1,1,0,25,34.121,44.955,48.229
least-response-time-cache-off-warm500,130,3,8.7846,6.918,16.013,22.931,you,agnes-grey,1,,server-1,2,0,25,17.555,44.955,73.878
least-response-time-cache-off-warm500,130,3,8.7923,15.577,21.863,37.440,king,herland,1,,server-1,2,0,25,7.259,44.955,73.878
least-response-time-cache-off-warm500,130,3,8.8000,8.991,38.920,47.911,death,sense-and-sensibility,1,,server-1,3,0,24,5.899,44.955,54.397
least-response-time-cache-off-warm500,130,3,8.8077,3.264,46.838,50.102,and,cranford,1,,server-1,4,0,24,7.951,44.955,88.129
least-response-time-cache-off-warm500,130,3,8.8154,30.128,73.876,104.004,castle,mansfield-park,1,,server-1,4,0,24,2.131,44.955,88.129
least-response-time-cache-off-warm500,130,3,8.8231,25.014,51.118,76.132,and,the-innocents-abroad,1,,server-1,5,0,24,2.131,44.955,88.129
least-response-time-cache-off-warm500,130,3,8.8308,29.146,86.963,116.109,heart,the-tenant-of-wildfell-hall,1,,server-1,6,0,24,7.457,44.955,76.601
least-response-time-cache-off-warm500,130,3,8.8385,32.374,121.442,153.815,was,little-women,1,,server-1,7,0,23,7.457,44.955,39.114
least-response-time-cache-off-warm500,130,3,8.8462,68.889,72.581,141.470,whale,twenty-thousand-leagues-under-the-sea,1,,server-1,8,0,23,12.149,44.955,39.114
least-response-time-cache-off-warm500,130,3,8.8538,60.972,88.603,149.576,sea,the-secret-garden,1,,server-1,8,0,22,12.056,44.955,39.114
least-response-time-cache-off-warm500,130,3,8.8615,55.292,146.301,201.593,love,the-romance-of-lust-a-classic-victorian-erotic-novel,1,,server-1,7,0,22,9.684,44.955,39.114
least-response-time-cache-off-warm500,130,3,8.8692,51.398,142.776,194.174,and,jane-eyre-an-autobiography,1,,server-1,8,0,20,13.134,44.955,81.893
least-response-time-cache-off-warm500,130,3,8.8769,77.302,136.194,213.496,was,the-mysterious-affair-at-styles,1,,server-1,9,0,20,12.087,44.955,81.893
least-response-time-cache-off-warm500,130,3,8.8846,118.942,89.712,208.654,horse,black-beauty,1,,server-1,10,0,20,12.087,44.955,68.887
least-response-time-cache-off-warm500,130,3,8.8923,169.638,70.594,240.232,king,the-iliad-2199,1,,server-1,11,0,18,12.087,44.955,70.906
least-response-time-cache-off-warm500,130,3,8.9000,163.391,109.960,273.351,he,treasure-island,1,,server-1,12,0,18,26.301,44.955,70.906
least-response-time-cache-off-warm500,130,3,8.9077,154.433,73.078,227.511,king,leaves-of-grass,1,,server-1,13,0,18,26.301,44.955,70.906
least-response-time-cache-off-warm500,130,3,8.9154,147.680,96.457,244.137,you,the-scarlet-letter-33,1,,server-1,14,0,18,24.324,44.955,42.791
least-response-time-cache-off-warm500,130,3,8.9231,145.123,93.511,238.634,king,kidnapped,1,,server-1,13,0,18,16.169,44.955,50.450
least-response-time-cache-off-warm500,130,3,8.9308,163.436,115.437,278.873,the,persuasion,1,,server-1,14,0,18,16.169,44.955,53.689
least-response-time-cache-off-warm500,130,3,8.9385,140.802,126.668,267.470,money,the-secret-garden-17396,1,,server-1,15,0,16,16.169,44.955,98.489
least-response-time-cache-off-warm500,130,3,8.9462,145.347,116.301,261.648,sea,the-great-gatsby,1,,server-1,16,0,16,16.169,44.955,98.489
least-response-time-cache-off-warm500,130,3,8.9538,206.406,74.408,280.814,the,the-adventures-of-ferdinand-count-fathom-complete,1,,server-1,16,0,16,27.462,44.955,125.192
least-response-time-cache-off-warm500,130,3,8.9615,231.456,51.948,283.404,house,the-secret-garden,1,,server-1,17,0,16,22.054,44.955,125.192
least-response-time-cache-off-warm500,130,3,8.9692,242.565,53.121,295.687,night,twenty-thousand-leagues-under-the-sea,1,,server-1,18,0,16,22.054,44.955,125.192
least-response-time-cache-off-warm500,130,3,8.9769,235.112,89.527,324.638,he,the-odyssey,1,,server-1,19,0,15,22.054,44.955,33.568
least-response-time-cache-off-warm500,130,3,8.9846,260.626,59.208,319.834,london,oliver-twist,1,,server-1,20,0,15,22.054,44.955,33.568
least-response-time-cache-off-warm500,130,3,8.9923,224.317,52.244,276.561,death,white-fang,1,,server-3,19,0,16,49.010,44.955,33.568
least-response-time-cache-off-warm500,130,3,9.0000,237.591,60.547,298.139,of,the-secret-garden,1,,server-3,19,0,17,49.010,44.955,33.568
least-response-time-cache-off-warm500,130,3,9.0077,245.845,31.383,277.228,king,the-odyssey,1,,server-3,18,0,18,54.437,44.955,33.568
least-response-time-cache-off-warm500,130,3,9.0154,1.651,31.384,33.035,the,the-vicomte-de-bragelonne,1,,server-2,18,1,17,54.661,44.955,88.473
least-response-time-cache-off-warm500,130,3,9.0231,25.901,14.091,39.992,of,the-picture-of-dorian-gray,1,,server-2,18,2,17,54.661,23.100,88.473
least-response-time-cache-off-warm500,130,3,9.0308,17.829,28.905,46.734,was,the-picture-of-dorian-gray,1,,server-2,17,3,17,49.161,23.100,88.473
least-response-time-cache-off-warm500,130,3,9.0385,11.042,63.293,74.336,king,oliver-twist,1,,server-2,17,4,16,49.161,23.100,46.278
least-response-time-cache-off-warm500,130,3,9.0462,5.652,37.448,43.100,she,the-secret-garden-17396,1,,server-2,17,5,16,49.161,20.418,46.278
least-response-time-cache-off-warm500,130,3,9.0538,10.427,83.495,93.922,he,the-return-of-sherlock-holmes-108,1,,server-2,17,5,16,49.161,4.203,46.278
least-response-time-cache-off-warm500,130,3,9.0615,15.985,66.714,82.699,night,the-works-of-edgar-allan-poe-volume-2,1,,server-2,17,6,15,65.560,5.274,46.278
least-response-time-cache-off-warm500,130,3,9.0692,8.533,93.864,102.397,letter,dubliners,1,,server-2,15,6,14,65.354,3.909,90.913
least-response-time-cache-off-warm500,130,3,9.0769,14.854,143.077,157.931,you,sense-and-sensibility,1,,server-2,15,7,14,65.354,6.098,90.913
least-response-time-cache-off-warm500,130,3,9.0846,29.292,44.296,73.589,death,around-the-world-in-eighty-days,1,,server-2,15,8,14,54.441,6.579,90.913
least-response-time-cache-off-warm500,130,3,9.0923,23.897,75.188,99.085,king,wuthering-heights,1,,server-2,15,7,14,54.980,8.334,77.600
least-response-time-cache-off-warm500,130,3,9.1000,44.490,92.935,137.425,house,the-jungle,1,,server-2,15,8,14,34.552,8.334,87.253
least-response-time-cache-off-warm500,130,3,9.1077,41.557,52.298,93.855,was,the-adventures-of-tom-sawyer-complete,1,,server-2,15,9,12,34.552,8.334,76.983
least-response-time-cache-off-warm500,130,3,9.1154,44.661,97.921,142.583,money,twenty-thousand-leagues-under-the-sea,1,,server-2,14,10,12,34.552,13.015,53.106
least-response-time-cache-off-warm500,130,3,9.1231,49.714,103.078,152.792,house,around-the-world-in-eighty-days,1,,server-2,14,10,12,34.552,10.781,53.106
least-response-time-cache-off-warm500,130,3,9.1308,109.119,50.178,159.297,whale,a-journey-to-the-centre-of-the-earth,1,,server-2,14,11,11,34.552,10.781,53.106
least-response-time-cache-off-warm500,130,3,9.1385,100.054,39.325,139.380,sea,the-secret-garden,1,,server-2,14,12,11,47.267,10.781,53.106
least-response-time-cache-off-warm500,130,3,9.1462,111.410,88.075,199.485,horse,desperate-remedies,1,,server-2,14,13,11,47.267,25.998,53.106
least-response-time-cache-off-warm500,130,3,9.1538,122.495,71.913,194.409,death,dracula,1,,server-2,14,13,10,47.267,16.976,77.448
least-response-time-cache-off-warm500,130,3,9.1615,116.789,119.966,236.755,sea,the-american,1,,server-2,13,12,10,71.839,15.832,77.448
least-response-time-cache-off-warm500,130,3,9.1692,123.000,107.555,230.555,whale,the-kama-sutra-of-vatsyayana,1,,server-2,11,13,10,34.017,21.821,77.448
least-response-time-cache-off-warm500,130,3,9.1769,116.293,71.908,188.201,death,the-mystery-of-edwin-drood,1,,server-2,9,13,10,73.698,17.481,77.448
least-response-time-cache-off-warm500,130,3,9.1846,110.184,149.840,260.024,whale,far-from-the-madding-crowd,1,,server-2,9,14,10,73.698,17.481,77.448
least-response-time-cache-off-warm500,130,3,9.1923,153.503,76.962,230.465,house,anne-of-green-gables,1,,server-2,9,15,10,73.698,30.532,97.502
least-response-time-cache-off-warm500,130,3,9.2000,198.514,67.341,265.855,she,leaves-of-grass,1,,server-2,8,16,8,62.524,26.020,79.620
least-response-time-cache-off-warm500,130,3,9.2077,237.900,37.326,275.226,king,hard-times,1,,server-2,8,17,8,68.269,31.200,79.620
least-response-time-cache-off-warm500,130,3,9.2154,231.107,113.177,344.285,you,the-tenant-of-wildfell-hall,1,,server-2,5,18,7,70.064,31.200,120.872
least-response-time-cache-off-warm500,130,3,9.2231,243.798,37.101,280.899,whale,the-prince,1,,server-2,5,19,5,70.064,31.200,42.318
least-response-time-cache-off-warm500,130,3,9.2308,236.349,89.295,325.643,death,a-journey-to-the-centre-of-the-earth,1,,server-2,5,20,5,70.064,31.200,42.318
least-response-time-cache-off-warm500,130,3,9.2385,229.606,134.843,364.449,the,the-last-of-the-mohicans-a-narrative-of-1757,1,,server-2,5,18,5,55.823,36.188,97.762
least-response-time-cache-off-warm500,130,3,9.2462,222.116,113.002,335.118,death,dracula,1,,server-2,3,18,5,36.338,34.953,97.762
least-response-time-cache-off-warm500,130,3,9.2538,4.389,57.588,61.977,was,cranford,1,,server-3,3,18,6,36.338,34.953,34.278
least-response-time-cache-off-warm500,130,3,9.2615,34.781,38.681,73.462,house,the-age-of-innocence,1,,server-3,3,18,5,36.338,27.463,22.558
least-response-time-cache-off-warm500,130,3,9.2692,32.861,107.746,140.608,death,the-memoirs-of-sherlock-holmes,1,,server-3,2,18,6,28.644,27.463,26.281
least-response-time-cache-off-warm500,130,3,9.2769,25.454,107.714,133.168,horse,the-last-of-the-mohicans-a-narrative-of-1757-27681,1,,server-3,2,17,7,28.644,52.622,26.281
least-response-time-cache-off-warm500,130,3,9.2846,182.574,87.864,270.438,horse,the-adventures-of-sherlock-holmes,1,,server-2,2,16,7,28.644,20.798,27.121
least-response-time-cache-off-warm500,130,3,9.2923,10.086,112.140,122.225,he,a-tale-of-two-cities,1,,server-3,2,15,8,28.644,46.488,21.019
least-response-time-cache-off-warm500,130,3,9.3000,32.499,20.630,53.129,love,desert-gold,1,,server-3,2,15,6,28.644,27.026,20.066
least-response-time-cache-off-warm500,130,3,9.3077,31.780,85.900,117.680,heart,the-king-in-yellow,1,,server-3,0,15,7,26.837,27.026,6.575
least-response-time-cache-off-warm500,130,3,9.3154,24.813,96.209,121.022,london,washington-square,1,,server-3,0,15,8,26.837,27.026,7.455
least-response-time-cache-off-warm500,130,3,9.3231,61.892,66.714,128.606,of,silas-marner,1,,server-3,0,15,9,26.837,25.780,15.428
least-response-time-cache-off-warm500,130,3,9.3308,92.967,78.574,171.542,and,the-divine-comedy,1,,server-3,0,15,10,26.837,25.780,15.428
least-response-time-cache-off-warm500,130,3,9.3385,87.858,54.290,142.149,castle,autobiography-of-benjamin-franklin,1,,server-3,0,15,9,26.837,25.780,16.762
least-response-time-cache-off-warm500,130,3,9.3462,91.545,79.143,170.689,king,the-song-of-the-lark,1,,server-3,0,15,10,26.837,37.401,8.265
least-response-time-cache-off-warm500,130,3,9.3538,86.413,72.518,158.931,king,frankenstein-or-the-modern-prometheus-41445,1,,server-3,0,14,11,26.837,43.941,8.099
least-response-time-cache-off-warm500,130,3,9.3615,91.036,82.809,173.846,he,a-journey-to-the-centre-of-the-earth,1,,server-3,0,14,12,26.837,43.941,12.511
least-response-time-cache-off-warm500,130,3,9.3692,133.468,69.785,203.253,was,jane-eyre-an-autobiography,1,,server-3,0,12,13,26.837,31.536,12.511
least-response-time-cache-off-warm500,130,3,9.3769,134.565,62.302,196.867,of,treasure-island,1,,server-3,0,12,14,26.837,31.536,12.511
least-response-time-cache-off-warm500,130,3,9.3846,134.817,94.008,228.826,death,leaves-of-grass,1,,server-3,0,12,15,26.837,31.536,16.092
least-response-time-cache-off-warm500,130,3,9.3923,127.342,75.780,203.121,money,the-house-of-mirth,1,,server-3,0,12,15,26.837,31.536,16.092
least-response-time-cache-off-warm500,130,3,9.4000,135.302,103.147,238.449,of,the-tenant-of-wildfell-hall,1,,server-3,0,12,16,26.837,45.016,16.092
least-response-time-cache-off-warm500,130,3,9.4077,168.952,76.597,245.549,king,hard-times,1,,server-3,0,12,17,26.837,37.207,16.092
least-response-time-cache-off-warm500,130,3,9.4154,1.774,27.250,29.023,horse,emma,1,,server-1,1,12,17,26.837,37.207,55.401
least-response-time-cache-off-warm500,130,3,9.4231,21.944,65.418,87.362,and,agnes-grey,1,,server-1,2,10,17,13.823,41.758,35.277
least-response-time-cache-off-warm500,130,3,9.4308,15.047,22.559,37.606,death,a-tale-of-two-cities,1,,server-1,3,10,13,13.823,41.758,38.763
least-response-time-cache-off-warm500,130,3,9.4385,7.608,62.260,69.868,london,the-romance-of-lust-a-classic-victorian-erotic-novel,1,,server-1,4,10,12,13.823,41.758,29.268
least-response-time-cache-off-warm500,130,3,9.4462,2.883,72.272,75.154,house,beyond-good-and-evil,1,,server-1,4,8,12,3.206,106.208,35.565
least-response-time-cache-off-warm500,130,3,9.4538,49.427,29.778,79.206,horse,the-wind-in-the-willows,1,,server-1,5,8,11,1.945,106.208,18.078
least-response-time-cache-off-warm500,130,3,9.4615,60.136,32.081,92.218,whale,hard-times,1,,server-1,6,8,11,1.945,106.208,18.078
least-response-time-cache-off-warm500,130,3,9.4692,52.437,144.242,196.679,and,the-king-in-yellow,1,,server-1,7,7,11,5.836,15.974,33.557
least-response-time-cache-off-warm500,130,3,9.4769,44.887,41.507,86.394,money,the-first-men-in-the-moon,1,,server-1,8,7,11,5.836,15.974,33.557
least-response-time-cache-off-warm500,130,3,9.4846,39.264,95.180,134.444,whale,leaves-of-grass,1,,server-1,9,7,11,5.836,16.166,35.509
least-response-time-cache-off-warm500,130,3,9.4923,39.924,110.360,150.284,the,walden-and-on-the-duty-of-civil-disobedience,1,,server-1,10,6,11,14.535,16.166,35.509
least-response-time-cache-off-warm500,130,3,9.5000,49.219,93.276,142.495,london,around-the-world-in-eighty-days,1,,server-1,11,6,11,14.535,16.166,35.509
least-response-time-cache-off-warm500,130,3,9.5077,44.978,120.970,165.948,horse,desperate-remedies,1,,server-1,11,6,10,14.040,20.003,52.451
least-response-time-cache-off-warm500,130,3,9.5154,63.234,38.536,101.770,king,northanger-abbey,1,,server-2,10,7,10,28.967,20.003,47.127
least-response-time-cache-off-warm500,130,3,9.5231,29.875,113.855,143.730,was,agnes-grey,1,,server-1,9,7,7,17.355,20.003,37.986
least-response-time-cache-off-warm500,130,3,9.5308,56.538,111.562,168.101,death,desperate-remedies,1,,server-1,10,7,7,13.938,20.777,37.986
least-response-time-cache-off-warm500,130,3,9.5385,50.611,184.431,235.042,was,the-innocents-abroad,1,,server-1,11,7,7,11.794,20.777,41.025
least-response-time-cache-off-warm500,130,3,9.5462,117.074,134.021,251.094,she,northanger-abbey,1,,server-1,12,7,7,11.794,21.787,34.779
least-response-time-cache-off-warm500,130,3,9.5538,66.326,110.005,176.331,king,the-romance-of-lust-a-classic-victorian-erotic-novel,1,,server-1,13,6,7,11.407,21.787,34.779
least-response-time-cache-off-warm500,130,3,9.5615,104.912,128.337,233.249,and,far-from-the-madding-crowd,1,,server-1,14,5,7,11.407,36.846,34.779
least-response-time-cache-off-warm500,130,3,9.5692,104.724,174.178,278.903,you,adventures-of-huckleberry-finn,1,,server-1,14,5,7,18.238,36.846,34.779
least-response-time-cache-off-warm500,130,3,9.5769,97.248,176.124,273.371,heart,the-odyssey,1,,server-1,15,5,4,18.238,36.846,29.878
least-response-time-cache-off-warm500,130,3,9.5846,116.469,144.627,261.096,castle,around-the-world-in-eighty-days,1,,server-1,16,4,4,18.238,29.710,29.878
least-response-time-cache-off-warm500,130,3,9.5923,135.079,160.595,295.674,horse,the-odyssey,1,,server-1,15,4,4,16.910,29.710,29.878
least-response-time-cache-off-warm500,130,3,9.6000,130.440,155.426,285.866,she,the-portrait-of-a-lady-volume-1,1,,server-1,16,3,4,16.910,29.710,34.741
least-response-time-cache-off-warm500,130,3,9.6077,167.622,157.645,325.267,he,leaves-of-grass,1,,server-1,17,1,4,16.910,40.515,34.741
least-response-time-cache-off-warm500,130,3,9.6154,178.622,136.104,314.726,sea,emma,1,,server-1,18,1,4,24.505,40.515,40.211
least-response-time-cache-off-warm500,130,3,9.6231,1.448,10.686,12.133,heart,the-lost-world,1,,server-2,18,1,4,32.045,31.629,40.211
least-response-time-cache-off-warm500,130,3,9.6308,5.077,19.240,24.317,letter,the-house-of-the-seven-gables,1,,server-2,18,2,4,32.045,16.256,40.211
least-response-time-cache-off-warm500,130,3,9.6385,17.000,50.283,67.284,she,the-return-of-sherlock-holmes-108,1,,server-2,18,2,2,39.702,6.629,39.553
least-response-time-cache-off-warm500,130,3,9.6462,9.908,30.164,40.072,love,the-secret-garden-17396,1,,server-2,18,3,1,60.829,6.629,39.553
least-response-time-cache-off-warm500,130,3,9.6538,2.467,27.986,30.453,money,dubliners,1,,server-2,18,4,0,60.829,6.629,34.563
least-response-time-cache-off-warm500,130,3,9.6615,42.414,29.892,72.306,letter,sense-and-sensibility,1,,server-2,18,4,0,52.307,2.253,34.563
least-response-time-cache-off-warm500,130,3,9.6692,38.158,80.772,118.930,whale,the-last-of-the-mohicans-a-narrative-of-1757,1,,server-2,16,5,0,51.209,2.253,34.563
least-response-time-cache-off-warm500,130,3,9.6769,30.378,50.049,80.427,and,kidnapped,1,,server-2,14,6,0,37.247,2.253,34.563
least-response-time-cache-off-warm500,130,3,9.6846,22.516,52.262,74.779,castle,frankenstein-or-the-modern-prometheus,1,,server-2,14,7,0,37.247,7.233,34.563
least-response-time-cache-off-warm500,130,3,9.6923,15.210,145.735,160.945,of,the-vicomte-de-bragelonne,1,,server-2,14,8,0,37.247,14.067,34.563
least-response-time-cache-off-warm500,130,3,9.7000,8.981,82.102,91.083,she,the-warden,1,,server-2,13,9,0,53.259,14.067,34.563
least-response-time-cache-off-warm500,130,3,9.7077,3.293,136.036,139.329,castle,the-scarlet-letter-33,1,,server-2,11,7,0,50.221,5.530,34.563
least-response-time-cache-off-warm500,130,3,9.7154,42.094,64.809,106.903,night,the-great-gatsby,1,,server-2,11,8,0,50.221,2.445,34.563
least-response-time-cache-off-warm500,130,3,9.7231,70.550,95.572,166.122,the,thus-spake-zarathustra-a-book-for-all-and-none,1,,server-2,11,9,0,50.221,2.445,34.563
least-response-time-cache-off-warm500,130,3,9.7308,62.101,99.997,162.098,the,agnes-grey,1,,server-2,11,10,0,53.225,2.445,34.563
least-response-time-cache-off-warm500,130,3,9.7385,56.066,95.919,151.985,house,beyond-good-and-evil,1,,server-2,11,11,0,53.225,9.473,34.563
least-response-time-cache-off-warm500,130,3,9.7462,140.386,69.437,209.824,love,the-secret-garden-17396,1,,server-2,11,12,0,53.225,9.473,34.563
least-response-time-cache-off-warm500,130,3,9.7538,101.285,74.223,175.508,king,memoirs-of-fanny-hill,1,,server-2,11,13,0,53.225,9.473,34.563
least-response-time-cache-off-warm500,130,3,9.7615,131.726,47.020,178.746,horse,the-adventures-of-tom-sawyer-complete,1,,server-2,11,13,0,53.225,21.409,34.563
least-response-time-cache-off-warm500,130,3,9.7692,123.740,22.300,146.040,castle,the-return-of-sherlock-holmes-108,1,,server-2,11,14,0,53.225,21.409,34.563
least-response-time-cache-off-warm500,130,3,9.7769,119.350,102.005,221.355,horse,little-women,1,,server-2,10,15,0,39.141,21.409,34.563
least-response-time-cache-off-warm500,130,3,9.7846,127.426,119.933,247.360,house,north-and-south,1,,server-2,9,16,0,64.273,21.409,34.563
least-response-time-cache-off-warm500,130,3,9.7923,137.534,78.835,216.369,and,the-adventures-of-sherlock-holmes,1,,server-2,9,15,0,64.273,33.121,34.563
least-response-time-cache-off-warm500,130,3,9.8000,157.077,118.445,275.521,he,black-beauty,1,,server-2,9,14,0,52.881,16.345,34.563
least-response-time-cache-off-warm500,130,3,9.8077,149.243,203.843,353.086,night,the-vicomte-de-bragelonne,1,,server-2,9,15,0,52.881,16.345,34.563
least-response-time-cache-off-warm500,130,3,9.8154,193.694,140.267,333.962,sea,the-tenant-of-wildfell-hall,1,,server-2,8,16,0,52.881,16.723,34.563
least-response-time-cache-off-warm500,130,3,9.8231,209.159,129.539,338.698,and,the-kama-sutra-of-vatsyayana,1,,server-2,8,17,0,52.881,20.681,34.563
least-response-time-cache-off-warm500,130,3,9.8308,202.649,115.253,317.901,london,oliver-twist,1,,server-2,8,18,0,52.881,20.681,34.563
least-response-time-cache-off-warm500,130,3,9.8385,196.145,127.302,323.446,night,the-moonstone,1,,server-2,8,19,0,52.881,20.681,34.563
least-response-time-cache-off-warm500,130,3,9.8462,199.625,124.559,324.184,london,dubliners,1,,server-2,8,20,0,66.348,20.681,34.563
least-response-time-cache-off-warm500,130,3,9.8538,1.948,31.001,32.949,castle,the-moonstone,1,,server-3,5,19,1,62.210,58.744,34.563
least-response-time-cache-off-warm500,130,3,9.8615,25.267,43.063,68.330,the,the-last-of-the-mohicans-a-narrative-of-1757-27681,1,,server-3,5,18,2,62.210,54.831,17.788
least-response-time-cache-off-warm500,130,3,9.8692,18.485,44.755,63.240,she,the-scarlet-letter,1,,server-3,5,17,3,62.210,54.831,17.788
least-response-time-cache-off-warm500,130,3,9.8769,10.934,25.986,36.920,he,around-the-world-in-eighty-days,1,,server-3,5,17,4,62.210,54.831,17.788
least-response-time-cache-off-warm500,130,3,9.8846,4.088,65.085,69.172,horse,mansfield-park,1,,server-3,4,17,5,56.308,54.831,17.788
least-response-time-cache-off-warm500,130,3,9.8923,41.029,57.002,98.031,sea,the-vicomte-de-bragelonne,1,,server-3,4,17,5,84.909,56.979,2.730
least-response-time-cache-off-warm500,130,3,9.9000,52.164,130.118,182.282,whale,the-house-of-mirth,1,,server-3,3,14,6,56.458,36.785,2.730
least-response-time-cache-off-warm500,130,3,9.9077,46.333,52.175,98.508,he,a-journey-to-the-centre-of-the-earth,1,,server-3,3,14,7,56.458,36.785,2.730
least-response-time-cache-off-warm500,130,3,9.9154,40.951,105.332,146.284,london,the-prince,1,,server-3,2,14,8,56.458,30.227,5.860
least-response-time-cache-off-warm500,130,3,9.9231,31.509,131.584,163.093,was,the-first-men-in-the-moon,1,,server-3,2,13,9,56.458,40.773,5.860
least-response-time-cache-off-warm500,130,3,9.9308,24.799,128.656,153.455,he,desperate-remedies,1,,server-3,2,13,9,71.700,35.555,13.185
least-response-time-cache-off-warm500,130,3,9.9385,17.798,186.104,203.902,money,the-king-in-yellow,1,,server-3,0,13,8,57.112,30.054,15.865
least-response-time-cache-off-warm500,130,3,9.9462,11.454,131.722,143.176,castle,the-scarlet-letter,1,,server-3,0,13,9,57.112,28.600,15.865
least-response-time-cache-off-warm500,130,3,9.9538,54.813,119.809,174.623,letter,leaves-of-grass,1,,server-3,0,13,10,57.112,71.668,20.724
least-response-time-cache-off-warm500,130,3,9.9615,121.186,43.489,164.675,castle,the-wind-in-the-willows,1,,server-3,0,10,10,57.112,32.103,3.651
least-response-time-cache-off-warm500,130,3,9.9692,77.667,129.540,207.208,and,the-last-of-the-mohicans-a-narrative-of-1757,1,,server-3,0,10,11,57.112,47.661,3.651
least-response-time-cache-off-warm500,130,3,9.9769,105.552,34.074,139.626,and,the-wind-in-the-willows,1,,server-3,0,10,12,57.112,47.661,3.651
least-response-time-cache-off-warm500,130,3,9.9846,103.203,104.952,208.156,the,grimms-fairy-tales,1,,server-3,0,10,13,57.112,47.661,3.651
least-response-time-cache-off-warm500,130,3,9.9923,97.539,88.335,185.873,castle,frankenstein-or-the-modern-prometheus-41445,1,,server-3,0,10,14,57.112,47.661,10.547
least-response-time-cache-off-warm500,130,3,10.0000,131.089,71.964,203.053,the,around-the-world-in-eighty-days,1,,server-3,0,10,15,57.112,81.460,10.547
least-response-time-cache-off-warm500,130,3,10.0077,166.077,91.711,257.788,whale,the-house-of-the-seven-gables,1,,server-3,0,10,16,57.112,66.704,18.640
least-response-time-cache-off-warm500,130,3,10.0154,178.400,37.098,215.498,she,walden-and-on-the-duty-of-civil-disobedience,1,,server-3,0,10,16,57.112,63.035,22.775
least-response-time-cache-off-warm500,130,3,10.0231,178.646,121.587,300.233,love,the-king-in-yellow,1,,server-3,0,10,16,57.112,63.035,20.184
least-response-time-cache-off-warm500,130,3,10.0308,174.413,122.051,296.463,love,the-innocents-abroad,1,,server-3,0,9,17,57.112,46.981,20.184
least-response-time-cache-off-warm500,130,3,10.0385,164.725,64.258,228.983,love,the-portrait-of-a-lady-volume-1,1,,server-3,0,7,18,57.112,53.193,20.184
least-response-time-cache-off-warm500,130,3,10.0462,162.137,122.663,284.800,night,the-memoirs-of-sherlock-holmes,1,,server-3,0,7,19,57.112,44.595,20.184
least-response-time-cache-off-warm500,130,3,10.0538,174.166,193.856,368.022,and,mansfield-park,1,,server-3,0,7,20,57.112,44.595,23.527
least-response-time-cache-off-warm500,130,3,10.0615,208.467,165.884,374.352,and,the-warden,1,,server-3,0,7,21,57.112,44.595,39.591
least-response-time-cache-off-warm500,130,3,10.0692,198.517,148.920,347.437,love,the-mysterious-island,1,,server-3,0,7,22,57.112,44.595,39.591
least-response-time-cache-off-warm500,130,3,10.0769,1.447,12.078,13.524,sea,cranford,1,,server-1,1,7,22,57.112,58.052,58.331
least-response-time-cache-off-warm500,130,3,10.0846,6.047,10.421,16.469,you,treasure-island,1,,server-1,2,7,21,29.315,58.052,63.603
least-response-time-cache-off-warm500,130,3,10.0923,9.552,11.831,21.383,sea,the-lost-world,1,,server-1,2,7,19,11.110,58.052,35.327
least-response-time-cache-off-warm500,130,3,10.1000,1.998,37.464,39.462,was,tess-of-the-d-urbervilles-a-pure-woman,1,,server-1,3,7,19,11.110,56.167,35.327
least-response-time-cache-off-warm500,130,3,10.1077,32.832,59.528,92.360,king,the-wind-in-the-willows,1,,server-1,3,7,19,2.892,56.167,35.327
least-response-time-cache-off-warm500,130,3,10.1154,24.701,14.956,39.656,he,beyond-good-and-evil,1,,server-1,4,7,19,4.543,56.167,31.553
least-response-time-cache-off-warm500,130,3,10.1231,18.304,74.634,92.938,love,tess-of-the-d-urbervilles-a-pure-woman,1,,server-1,5,7,18,4.543,56.167,25.107
least-response-time-cache-off-warm500,130,3,10.1308,11.403,60.433,71.836,money,far-from-the-madding-crowd,1,,server-1,6,7,16,4.543,56.167,46.755
least-response-time-cache-off-warm500,130,3,10.1385,4.588,68.197,72.785,death,his-last-bow,1,,server-1,7,7,16,7.889,56.167,46.755
least-response-time-cache-off-warm500,130,3,10.1462,9.098,106.045,115.143,and,jude-the-obscure,1,,server-1,6,7,14,2.298,56.167,60.896
least-response-time-cache-off-warm500,130,3,10.1538,2.641,81.802,84.442,money,desert-gold,1,,server-1,7,5,14,2.298,62.317,60.896
least-response-time-cache-off-warm500,130,3,10.1615,50.253,66.580,116.833,and,kidnapped,1,,server-1,7,3,14,2.235,86.822,60.896
least-response-time-cache-off-warm500,130,3,10.1692,55.345,84.674,140.020,and,mansfield-park,1,,server-1,8,1,14,2.235,58.082,60.896
least-response-time-cache-off-warm500,130,3,10.1769,82.215,95.747,177.962,of,the-song-of-the-lark,1,,server-1,9,0,14,2.235,49.263,49.622
least-response-time-cache-off-warm500,130,3,10.1846,54.214,81.706,135.920,night,treasure-island,1,,server-1,10,0,14,2.235,49.263,52.305
least-response-time-cache-off-warm500,130,3,10.1923,70.335,87.593,157.928,whale,the-picture-of-dorian-gray,1,,server-1,11,0,13,2.235,49.263,62.405
least-response-time-cache-off-warm500,130,3,10.2000,119.583,74.356,193.939,of,the-return-of-sherlock-holmes,1,,server-1,12,0,10,13.464,49.263,46.672
least-response-time-cache-off-warm500,130,3,10.2077,73.025,97.691,170.716,castle,jane-eyre-an-autobiography,1,,server-1,13,0,9,27.467,49.263,63.008
least-response-time-cache-off-warm500,130,3,10.2154,137.129,63.310,200.439,of,desperate-remedies,1,,server-1,14,0,9,26.340,49.263,50.981
least-response-time-cache-off-warm500,130,3,10.2231,155.645,71.251,226.896,whale,the-prince,1,,server-1,11,0,9,25.647,49.263,50.981
least-response-time-cache-off-warm500,130,3,10.2308,144.637,117.588,262.224,letter,the-innocents-abroad,1,,server-1,12,0,9,24.420,49.263,31.852
least-response-time-cache-off-warm500,130,3,10.2385,142.070,59.125,201.196,love,the-iliad-2199,1,,server-1,13,0,9,24.107,49.263,31.852
least-response-time-cache-off-warm500,130,3,10.2462,165.732,82.637,248.369,you,the-king-in-yellow,1,,server-1,14,0,9,19.608,49.263,31.852
least-response-time-cache-off-warm500,130,3,10.2538,163.937,126.983,290.920,love,the-divine-comedy,1,,server-1,15,0,9,19.608,49.263,31.852
least-response-time-cache-off-warm500,130,3,10.2615,8.765,153.037,161.803,you,villette,1,,server-3,15,0,10,40.572,49.263,31.852
least-response-time-cache-off-warm500,130,3,10.2692,167.404,78.293,245.697,sea,the-jungle,1,,server-1,14,0,8,26.254,49.263,51.148
least-response-time-cache-off-warm500,130,3,10.2769,54.822,116.744,171.566,she,the-lost-world,1,,server-3,14,0,8,23.595,49.263,22.262
least-response-time-cache-off-warm500,130,3,10.2846,48.542,141.836,190.378,of,the-mystery-of-edwin-drood,1,,server-3,13,0,9,32.730,49.263,22.262
least-response-time-cache-off-warm500,130,3,10.2923,143.998,40.830,184.828,king,a-princess-of-mars,1,,server-3,13,0,10,32.730,49.263,21.789
least-response-time-cache-off-warm500,130,3,10.3000,137.364,73.747,211.110,death,white-fang,1,,server-3,13,0,11,32.730,49.263,21.789
least-response-time-cache-off-warm500,130,3,10.3077,129.479,77.502,206.981,of,pride-and-prejudice,1,,server-3,13,0,12,35.248,49.263,21.789
least-response-time-cache-off-warm500,130,3,10.3154,133.509,91.525,225.033,death,the-vicomte-de-bragelonne,1,,server-3,13,0,13,32.105,49.263,21.789
least-response-time-cache-off-warm500,130,3,10.3231,142.839,149.730,292.570,sea,desperate-remedies,1,,server-3,12,0,14,44.340,49.263,41.047
least-response-time-cache-off-warm500,130,3,10.3308,108.734,86.974,195.707,king,the-prince,1,,server-1,13,0,13,44.340,49.263,55.018
least-response-time-cache-off-warm500,130,3,10.3385,138.511,77.805,216.317,and,silas-marner,1,,server-3,13,0,13,44.340,49.263,24.968
least-response-time-cache-off-warm500,130,3,10.3462,133.225,184.533,317.758,king,mansfield-park,1,,server-3,13,0,13,44.340,49.263,24.968
least-response-time-cache-off-warm500,130,3,10.3538,126.017,126.017,252.034,whale,the-house-of-mirth,1,,server-3,11,0,14,50.066,49.263,24.968
least-response-time-cache-off-warm500,130,3,10.3615,149.720,151.865,301.585,the,black-beauty,1,,server-3,11,0,15,66.079,49.263,24.968
least-response-time-cache-off-warm500,130,3,10.3692,142.639,152.425,295.064,was,grimms-fairy-tales,1,,server-3,11,0,16,66.079,49.263,26.208
least-response-time-cache-off-warm500,130,3,10.3769,179.821,126.086,305.907,the,the-war-of-the-worlds,1,,server-3,10,0,17,50.040,49.263,26.208
least-response-time-cache-off-warm500,130,3,10.3846,65.586,108.231,173.816,letter,the-mystery-of-edwin-drood,1,,server-1,10,0,17,24.845,49.263,26.208
least-response-time-cache-off-warm500,130,3,10.3923,134.015,69.908,203.923,she,the-house-of-the-seven-gables,1,,server-1,11,0,17,24.845,49.263,26.208
least-response-time-cache-off-warm500,130,3,10.4000,127.632,66.084,193.717,death,emma,1,,server-1,11,0,17,26.193,49.263,26.208
least-response-time-cache-off-warm500,130,3,10.4077,119.370,83.062,202.432,sea,frankenstein-or-the-modern-prometheus,1,,server-1,12,0,17,26.193,49.263,26.208
least-response-time-cache-off-warm500,130,3,10.4154,137.378,121.543,258.921,night,the-mysterious-affair-at-styles,1,,server-3,12,0,18,48.971,49.263,44.231
least-response-time-cache-off-warm500,130,3,10.4231,1.517,30.049,31.566,letter,the-song-of-the-lark,1,,server-2,11,1,18,56.985,49.263,80.206
least-response-time-cache-off-warm500,130,3,10.4308,24.946,48.899,73.844,you,herland,1,,server-2,11,2,16,56.985,25.295,80.206
least-response-time-cache-off-warm500,130,3,10.4385,17.034,53.125,70.159,king,dracula,1,,server-2,11,3,15,49.413,25.295,40.175
least-response-time-cache-off-warm500,130,3,10.4462,9.633,54.560,64.193,house,memoirs-of-fanny-hill,1,,server-2,11,4,15,37.544,25.295,40.175
least-response-time-cache-off-warm500,130,3,10.4538,143.020,44.901,187.921,whale,the-odyssey,1,,server-1,10,4,13,20.228,25.295,43.956
least-response-time-cache-off-warm500,130,3,10.4615,49.388,13.371,62.759,letter,the-hound-of-the-baskervilles,1,,server-2,10,4,13,20.228,4.891,43.956
least-response-time-cache-off-warm500,130,3,10.4692,41.979,111.458,153.437,was,desert-gold,1,,server-2,10,5,13,20.228,4.891,55.853
least-response-time-cache-off-warm500,130,3,10.4769,35.177,62.766,97.943,love,the-picture-of-dorian-gray,1,,server-2,10,6,13,20.228,4.891,31.496
least-response-time-cache-off-warm500,130,3,10.4846,27.477,42.088,69.565,house,pride-and-prejudice,1,,server-2,10,7,12,20.228,4.891,39.994
least-response-time-cache-off-warm500,130,3,10.4923,20.199,42.901,63.100,love,white-fang,1,,server-2,10,8,12,20.228,4.891,39.994
least-response-time-cache-off-warm500,130,3,10.5000,13.770,111.377,125.147,heart,memoirs-of-fanny-hill,1,,server-2,10,9,12,30.320,4.891,30.379
least-response-time-cache-off-warm500,130,3,10.5077,14.949,63.487,78.436,she,around-the-world-in-eighty-days,1,,server-2,10,10,12,30.320,13.594,30.379
least-response-time-cache-off-warm500,130,3,10.5154,12.511,167.031,179.542,king,the-romance-of-lust-a-classic-victorian-erotic-novel,1,,server-2,9,8,11,39.305,3.651,33.958
least-response-time-cache-off-warm500,130,3,10.5231,47.938,123.037,170.975,heart,jude-the-obscure,1,,server-2,9,9,11,39.305,4.448,33.958
least-response-time-cache-off-warm500,130,3,10.5308,40.516,117.396,157.912,was,the-age-of-innocence,1,,server-2,6,9,11,17.848,4.725,33.958
least-response-time-cache-off-warm500,130,3,10.5385,50.109,117.643,167.752,heart,the-war-of-the-worlds,1,,server-2,6,10,10,17.848,4.725,31.676
least-response-time-cache-off-warm500,130,3,10.5462,86.789,113.607,200.396,sea,meditations,1,,server-2,6,11,9,33.081,4.725,70.337
least-response-time-cache-off-warm500,130,3,10.5538,135.001,46.896,181.897,death,the-war-of-the-worlds,1,,server-2,6,12,9,33.081,15.366,39.991
least-response-time-cache-off-warm500,130,3,10.5615,71.646,99.914,171.561,death,dracula,1,,server-2,5,13,7,53.553,20.637,33.494
least-response-time-cache-off-warm500,130,3,10.5692,128.037,75.039,203.075,the,the-great-gatsby,1,,server-2,5,14,7,53.553,20.637,33.494
least-response-time-cache-off-warm500,130,3,10.5769,120.014,65.226,185.239,death,the-warden,1,,server-2,5,14,7,45.611,21.469,33.494
least-response-time-cache-off-warm500,130,3,10.5846,164.191,44.363,208.554,death,pride-and-prejudice,1,,server-2,5,15,7,45.611,21.469,33.494
least-response-time-cache-off-warm500,130,3,10.5923,157.694,71.393,229.087,death,the-lost-world,1,,server-2,5,13,7,45.611,20.190,33.494
least-response-time-cache-off-warm500,130,3,10.6000,172.528,63.225,235.753,whale,the-scarlet-letter,1,,server-2,4,14,7,35.630,20.190,33.494
least-response-time-cache-off-warm500,130,3,10.6077,165.354,74.654,240.008,was,washington-square,1,,server-2,4,15,7,35.630,18.934,48.287
least-response-time-cache-off-warm500,130,3,10.6154,159.051,74.980,234.031,she,memoirs-of-fanny-hill,1,,server-2,1,16,7,30.893,18.934,66.784
least-response-time-cache-off-warm500,130,3,10.6231,19.389,52.127,71.516,whale,the-jungle,1,,server-1,2,16,7,30.893,37.287,66.784
least-response-time-cache-off-warm500,130,3,10.6308,12.063,11.374,23.436,king,a-princess-of-mars,1,,server-1,3,16,7,30.893,49.471,57.463
least-response-time-cache-off-warm500,130,3,10.6385,4.176,30.712,34.888,money,a-connecticut-yankee-in-king-arthur-s-court,1,,server-1,4,16,7,30.893,34.316,57.463
least-response-time-cache-off-warm500,130,3,10.6462,27.504,34.998,62.502,death,the-picture-of-dorian-gray,1,,server-1,4,16,7,4.472,34.316,57.463
least-response-time-cache-off-warm500,130,3,10.6538,20.270,57.034,77.305,money,the-tenant-of-wildfell-hall,1,,server-1,5,16,5,5.788,34.316,52.171
least-response-time-cache-off-warm500,130,3,10.6615,34.173,88.586,122.759,king,jane-eyre-an-autobiography,1,,server-1,5,16,5,5.428,34.316,52.171
least-response-time-cache-off-warm500,130,3,10.6692,26.634,46.987,73.622,whale,the-hound-of-the-baskervilles-3070,1,,server-1,6,16,4,5.428,35.086,78.330
least-response-time-cache-off-warm500,130,3,10.6769,21.164,99.787,120.952,money,kidnapped,1,,server-1,7,16,1,6.979,35.086,50.186
least-response-time-cache-off-warm500,130,3,10.6846,48.274,149.627,197.901,heart,jane-eyre-an-autobiography,1,,server-1,8,16,0,6.979,35.086,44.392
least-response-time-cache-off-warm500,130,3,10.6923,51.543,140.455,191.998,whale,mansfield-park,1,,server-1,8,15,0,6.979,53.769,44.392
least-response-time-cache-off-warm500,130,3,10.7000,44.036,51.576,95.613,you,the-scarlet-letter-33,1,,server-1,8,12,0,8.229,23.848,44.392
least-response-time-cache-off-warm500,130,3,10.7077,38.501,77.610,116.111,was,madame-bovary,1,,server-1,9,12,0,8.332,39.744,44.392
least-response-time-cache-off-warm500,130,3,10.7154,69.394,125.622,195.015,you,hard-times,1,,server-1,10,12,0,10.892,39.744,44.392
least-response-time-cache-off-warm500,130,3,10.7231,61.246,175.289,236.534,was,leaves-of-grass,1,,server-1,11,12,0,10.892,39.744,44.392
least-response-time-cache-off-warm500,130,3,10.7308,64.808,91.464,156.271,you,the-adventures-of-sherlock-holmes,1,,server-1,11,10,0,21.105,36.634,44.392
least-response-time-cache-off-warm500,130,3,10.7385,108.438,116.046,224.484,whale,the-jungle,1,,server-1,12,9,0,14.475,40.956,44.392
least-response-time-cache-off-warm500,130,3,10.7462,138.518,117.394,255.912,you,dracula,1,,server-1,11,8,0,12.200,44.774,44.392
least-response-time-cache-off-warm500,130,3,10.7538,128.200,74.973,203.173,horse,poirot-investigates,1,,server-1,12,7,0,12.200,53.562,44.392
least-response-time-cache-off-warm500,130,3,10.7615,143.116,126.377,269.493,you,the-adventures-of-sherlock-holmes,1,,server-1,13,7,0,12.200,53.562,44.392
least-response-time-cache-off-warm500,130,3,10.7692,142.563,125.100,267.663,money,tess-of-the-d-urbervilles-a-pure-woman,1,,server-1,14,7,0,12.200,55.607,44.392
least-response-time-cache-off-warm500,130,3,10.7769,186.817,134.443,321.260,he,leaves-of-grass,1,,server-1,15,5,0,26.021,34.115,44.392
least-response-time-cache-off-warm500,130,3,10.7846,220.047,49.672,269.718,love,thus-spake-zarathustra-a-book-for-all-and-none,1,,server-1,16,5,0,26.181,34.115,44.392
least-response-time-cache-off-warm500,130,3,10.7923,213.523,110.598,324.121,heart,the-works-of-edgar-allan-poe-volume-2,1,,server-1,17,5,0,26.181,30.636,44.392
least-response-time-cache-off-warm500,130,3,10.8000,205.536,90.013,295.549,king,the-king-in-yellow,1,,server-1,16,5,0,19.707,26.602,44.392
least-response-time-cache-off-warm500,130,3,10.8077,223.857,61.871,285.728,she,white-fang,1,,server-1,16,5,0,26.430,26.602,44.392
least-response-time-cache-off-warm500,130,3,10.8154,224.186,102.754,326.940,she,the-divine-comedy,1,,server-1,17,5,0,26.430,26.602,44.392
least-response-time-cache-off-warm500,130,3,10.8231,13.785,30.322,44.107,house,the-hound-of-the-baskervilles,1,,server-2,17,6,0,31.828,30.790,44.392
least-response-time-cache-off-warm500,130,3,10.8308,19.898,23.419,43.318,horse,the-jungle-book,1,,server-2,17,7,0,31.828,30.790,44.392
least-response-time-cache-off-warm500,130,3,10.8385,11.522,45.718,57.240,sea,the-iliad-2199,1,,server-2,17,8,0,31.828,18.432,44.392
least-response-time-cache-off-warm500,130,3,10.8462,4.024,71.131,75.155,was,oliver-twist,1,,server-2,17,9,0,31.828,16.573,44.392
least-response-time-cache-off-warm500,130,3,10.8538,39.111,91.861,130.973,you,tess-of-the-d-urbervilles-a-pure-woman,1,,server-2,17,5,0,38.617,4.584,44.392
least-response-time-cache-off-warm500,130,3,10.8615,34.631,92.664,127.295,and,wuthering-heights,1,,server-2,17,6,0,38.617,4.584,44.392
least-response-time-cache-off-warm500,130,3,10.8692,27.583,110.452,138.035,horse,the-memoirs-of-sherlock-holmes,1,,server-2,17,7,0,38.617,7.837,44.392
least-response-time-cache-off-warm500,130,3,10.8769,20.118,69.681,89.799,he,the-return-of-sherlock-holmes,1,,server-2,17,8,0,38.617,12.065,44.392
least-response-time-cache-off-warm500,130,3,10.8846,39.535,105.464,144.999,london,mary-barton,1,,server-2,16,9,0,66.927,12.065,44.392
least-response-time-cache-off-warm500,130,3,10.8923,75.790,121.419,197.209,castle,north-and-south,1,,server-2,16,10,0,50.763,13.355,44.392
least-response-time-cache-off-warm500,130,3,10.9000,107.624,39.451,147.075,you,the-mystery-of-edwin-drood,1,,server-2,16,8,0,50.763,6.864,44.392
least-response-time-cache-off-warm500,130,3,10.9077,122.795,123.021,245.816,sea,agnes-grey,1,,server-2,14,9,0,32.453,6.864,44.392
least-response-time-cache-off-warm500,130,3,10.9154,117.755,109.801,227.557,horse,autobiography-of-benjamin-franklin,1,,server-2,13,10,0,42.566,6.864,44.392
least-response-time-cache-off-warm500,130,3,10.9231,108.142,60.835,168.977,was,washington-square,1,,server-2,13,10,0,42.566,19.079,44.392
least-response-time-cache-off-warm500,130,3,10.9308,116.686,84.728,201.414,was,the-jungle,1,,server-2,12,11,0,37.024,12.771,44.392
least-response-time-cache-off-warm500,130,3,10.9385,108.606,63.026,171.631,heart,a-tale-of-two-cities,1,,server-2,12,12,0,37.024,12.771,44.392
least-response-time-cache-off-warm500,130,3,10.9462,127.179,96.558,223.736,and,walden-and-on-the-duty-of-civil-disobedience,1,,server-2,12,13,0,37.024,12.771,44.392
least-response-time-cache-off-warm500,130,3,10.9538,157.500,74.025,231.526,whale,walden-and-on-the-duty-of-civil-disobedience,1,,server-2,12,14,0,37.024,12.771,44.392
least-response-time-cache-off-warm500,130,3,10.9615,192.184,45.132,237.316,you,memoirs-of-fanny-hill,1,,server-2,12,15,0,67.244,12.771,44.392
least-response-time-cache-off-warm500,130,3,10.9692,214.271,54.204,268.475,the,the-lost-world,1,,server-2,9,16,0,46.799,24.212,44.392
least-response-time-cache-off-warm500,130,3,10.9769,208.815,29.276,238.090,love,the-lost-world,1,,server-2,9,17,0,46.799,24.212,44.392
least-response-time-cache-off-warm500,130,3,10.9846,215.299,26.230,241.529,the,cranford,1,,server-2,9,18,0,46.799,35.622,44.392
least-response-time-cache-off-warm500,130,3,10.9923,209.359,81.674,291.033,the,villette,1,,server-2,9,18,0,46.799,43.925,44.392
least-response-time-cache-off-warm500,130,3,11.0000,237.812,87.908,325.719,horse,the-portrait-of-a-lady-volume-1,1,,server-2,9,19,0,46.799,43.925,44.392
least-response-time-cache-off-warm500,130,3,11.0077,231.341,105.410,336.751,whale,madame-bovary,1,,server-2,8,20,0,84.686,44.078,44.392
least-response-time-cache-off-warm500,130,3,11.0154,223.602,88.127,311.729,the,agnes-grey,1,,server-2,8,21,0,84.686,44.078,44.392
least-response-time-cache-off-warm500,130,3,11.0231,260.464,81.585,342.049,horse,twenty-thousand-leagues-under-the-sea,1,,server-2,8,22,0,84.686,44.078,44.392
least-response-time-cache-off-warm500,130,3,11.0308,255.396,129.001,384.396,sea,poirot-investigates,1,,server-2,8,19,0,98.676,44.048,44.392
least-response-time-cache-off-warm500,130,3,11.0385,244.678,130.481,375.160,money,a-connecticut-yankee-in-king-arthur-s-court,1,,server-2,7,20,0,46.883,28.722,44.392
least-response-time-cache-off-warm500,130,3,11.0462,18.788,63.128,81.916,death,northanger-abbey,1,,server-1,7,20,0,39.121,57.576,44.392
least-response-time-cache-off-warm500,130,3,11.0538,272.265,63.342,335.607,was,the-last-of-the-mohicans-a-narrative-of-1757,1,,server-2,7,21,0,36.795,30.903,44.392
least-response-time-cache-off-warm500,130,3,11.0615,38.204,99.623,137.828,he,the-house-of-mirth,1,,server-1,8,21,0,25.091,30.903,44.392
least-response-time-cache-off-warm500,130,3,11.0692,45.520,81.862,127.382,castle,the-return-of-sherlock-holmes-108,1,,server-1,9,21,0,22.000,30.903,44.392
least-response-time-cache-off-warm500,130,3,11.0769,49.521,32.374,81.896,she,a-princess-of-mars,1,,server-1,10,20,0,22.000,29.538,44.392
least-response-time-cache-off-warm500,130,3,11.0846,59.143,53.563,112.706,house,the-kama-sutra-of-vatsyayana,1,,server-1,11,20,0,22.000,29.538,44.392
least-response-time-cache-off-warm500,130,3,11.0923,51.868,114.126,165.994,whale,the-scarlet-letter,1,,server-1,12,19,0,22.000,40.456,44.392
least-response-time-cache-off-warm500,130,3,11.1000,48.695,84.674,133.370,sea,great-expectations,1,,server-1,10,19,0,22.111,40.456,44.392
least-response-time-cache-off-warm500,130,3,11.1077,66.726,84.890,151.617,night,agnes-grey,1,,server-1,10,19,0,20.710,53.460,44.392
least-response-time-cache-off-warm500,130,3,11.1154,87.742,77.509,165.251,house,the-works-of-edgar-allan-poe-volume-2,1,,server-1,11,19,0,22.633,42.051,44.392
least-response-time-cache-off-warm500,130,3,11.1231,106.816,109.834,216.650,he,villette,1,,server-1,12,19,0,34.193,42.051,44.392
least-response-time-cache-off-warm500,130,3,11.1308,98.933,158.126,257.059,king,villette,1,,server-1,12,19,0,24.709,42.051,44.392
least-response-time-cache-off-warm500,130,3,11.1385,121.848,73.466,195.314,heart,adventures-of-huckleberry-finn,1,,server-1,13,17,0,24.709,37.740,44.392
least-response-time-cache-off-warm500,130,3,11.1462,118.823,221.380,340.203,whale,pride-and-prejudice,1,,server-1,13,16,0,19.506,66.815,44.392
least-response-time-cache-off-warm500,130,3,11.1538,111.165,89.422,200.587,money,wuthering-heights,1,,server-1,13,16,0,16.029,41.298,44.392
least-response-time-cache-off-warm500,130,3,11.1615,194.001,98.813,292.814,night,the-song-of-the-lark,1,,server-1,14,15,0,19.002,33.181,44.392
least-response-time-cache-off-warm500,130,3,11.1692,186.608,58.509,245.117,she,villette,1,,server-1,15,14,0,19.002,33.181,44.392
least-response-time-cache-off-warm500,130,3,11.1769,210.057,94.075,304.132,love,oliver-twist,1,,server-1,16,14,0,18.556,56.470,44.392
least-response-time-cache-off-warm500,130,3,11.1846,203.476,112.447,315.923,and,the-secret-adversary,1,,server-1,17,13,0,18.556,71.547,44.392
least-response-time-cache-off-warm500,130,3,11.1923,222.217,105.329,327.547,house,a-tale-of-two-cities,1,,server-1,18,13,0,28.533,54.520,44.392
least-response-time-cache-off-warm500,130,3,11.2000,163.065,65.161,228.225,london,frankenstein-or-the-modern-prometheus-41445,1,,server-2,17,12,0,41.194,36.282,44.392
least-response-time-cache-off-warm500,130,3,11.2077,274.833,77.718,352.551,the,the-warden,1,,server-1,16,12,0,38.166,45.436,44.392
least-response-time-cache-off-warm500,130,3,11.2154,150.114,78.866,228.980,and,walden-and-on-the-duty-of-civil-disobedience,1,,server-2,16,13,0,38.166,36.470,44.392
least-response-time-cache-off-warm500,130,3,11.2231,231.583,84.974,316.557,was,the-return-of-sherlock-holmes-108,1,,server-1,17,12,0,38.166,66.600,44.392
least-response-time-cache-off-warm500,130,3,11.2308,267.983,92.554,360.537,and,desperate-remedies,1,,server-1,18,12,0,35.012,58.275,44.392
least-response-time-cache-off-warm500,130,3,11.2385,282.913,93.429,376.342,night,mansfield-park,1,,server-1,19,11,0,28.748,47.362,44.392
least-response-time-cache-off-warm500,130,3,11.2462,271.713,44.693,316.405,the,beyond-good-and-evil,1,,server-1,20,10,0,26.965,71.176,44.392
least-response-time-cache-off-warm500,130,3,11.2538,286.504,97.464,383.968,night,a-tale-of-two-cities,1,,server-1,21,10,0,26.965,71.176,44.392
least-response-time-cache-off-warm500,130,3,11.2615,281.000,123.281,404.281,was,memoirs-of-fanny-hill,1,,server-1,19,10,0,33.044,71.176,44.392
least-response-time-cache-off-warm500,130,3,11.2692,272.852,176.304,449.156,night,the-warden,1,,server-1,19,10,0,37.325,71.176,44.392
least-response-time-cache-off-warm500,130,3,11.2769,286.717,143.921,430.638,money,a-connecticut-yankee-in-king-arthur-s-court,1,,server-1,20,10,0,37.325,71.176,44.392
least-response-time-cache-off-warm500,130,3,11.2846,279.364,99.721,379.086,letter,beyond-good-and-evil,1,,server-1,21,10,0,29.935,48.276,44.392
least-response-time-cache-off-warm500,130,3,11.2923,343.079,97.834,440.913,the,the-wind-in-the-willows,1,,server-1,22,10,0,29.935,40.468,44.392
least-response-time-cache-off-warm500,130,3,11.3000,316.070,105.272,421.342,death,pride-and-prejudice,1,,server-1,23,10,0,29.935,40.468,44.392
least-response-time-cache-off-warm500,130,3,11.3077,308.663,115.601,424.264,he,the-hound-of-the-baskervilles-3070,1,,server-1,24,10,0,29.935,40.468,44.392
least-response-time-cache-off-warm500,130,3,11.3154,348.647,116.413,465.059,whale,walden-and-on-the-duty-of-civil-disobedience,1,,server-1,25,9,0,29.935,40.468,44.392
least-response-time-cache-off-warm500,130,3,11.3231,341.097,92.792,433.888,house,the-last-of-the-mohicans-a-narrative-of-1757,1,,server-1,26,9,0,29.935,84.279,44.392
least-response-time-cache-off-warm500,130,3,11.3308,335.104,117.220,452.323,house,a-princess-of-mars,1,,server-1,27,7,0,29.935,59.548,44.392
least-response-time-cache-off-warm500,130,3,11.3385,380.009,72.304,452.313,love,poirot-investigates,1,,server-1,28,7,0,41.290,59.548,44.392
least-response-time-cache-off-warm500,130,3,11.3462,1.227,16.094,17.321,house,dubliners,1,,server-3,28,7,1,78.853,68.554,44.392
least-response-time-cache-off-warm500,130,3,11.3538,10.682,25.624,36.306,horse,white-fang,1,,server-3,28,7,2,99.714,68.554,22.805
least-response-time-cache-off-warm500,130,3,11.3615,3.122,23.404,26.526,sea,washington-square,1,,server-3,24,7,3,25.491,68.554,22.805
least-response-time-cache-off-warm500,130,3,11.3692,21.299,31.548,52.847,of,the-mysterious-island,1,,server-3,24,5,3,57.704,27.093,5.260
least-response-time-cache-off-warm500,130,3,11.3769,13.872,53.216,67.088,the,a-journey-to-the-centre-of-the-earth,1,,server-3,24,5,4,57.704,27.093,5.260
least-response-time-cache-off-warm500,130,3,11.3846,10.214,47.627,57.841,house,beyond-good-and-evil,1,,server-3,24,5,5,85.793,27.093,5.260
least-response-time-cache-off-warm500,130,3,11.3923,29.095,143.383,172.478,house,silas-marner,1,,server-3,24,5,5,93.973,34.208,3.165
least-response-time-cache-off-warm500,130,3,11.4000,24.277,49.370,73.647,and,washington-square,1,,server-3,24,5,5,93.973,34.208,3.165
least-response-time-cache-off-warm500,130,3,11.4077,17.543,50.884,68.427,letter,the-hound-of-the-baskervilles-3070,1,,server-3,24,5,6,93.973,34.208,3.165
least-response-time-cache-off-warm500,130,3,11.4154,29.923,186.824,216.748,house,the-portrait-of-a-lady-volume-1,1,,server-3,22,3,7,41.902,45.760,3.165
least-response-time-cache-off-warm500,130,3,11.4231,24.654,66.371,91.025,death,the-odyssey,1,,server-3,22,3,8,73.096,45.760,16.794
least-response-time-cache-off-warm500,130,3,11.4308,18.561,139.305,157.866,he,oliver-twist,1,,server-3,22,3,9,73.096,41.938,6.694
least-response-time-cache-off-warm500,130,3,11.4385,37.979,109.982,147.961,love,a-tale-of-two-cities,1,,server-3,22,3,10,100.612,41.938,6.764
least-response-time-cache-off-warm500,130,3,11.4462,27.787,185.761,213.548,house,great-expectations,1,,server-3,22,0,8,100.612,34.033,11.899
least-response-time-cache-off-warm500,130,3,11.4538,23.058,217.041,240.099,whale,frankenstein-or-the-modern-prometheus,1,,server-3,22,0,9,100.612,34.033,6.536
least-response-time-cache-off-warm500,130,3,11.4615,96.261,163.520,259.781,death,the-picture-of-dorian-gray,1,,server-3,22,0,10,67.380,34.033,7.722
least-response-time-cache-off-warm500,130,3,11.4692,94.777,151.029,245.806,night,the-tenant-of-wildfell-hall,1,,server-3,22,0,11,67.380,34.033,7.722
least-response-time-cache-off-warm500,130,3,11.4769,109.984,167.891,277.875,death,mansfield-park,1,,server-3,22,0,12,67.380,34.033,13.107
least-response-time-cache-off-warm500,130,3,11.4846,103.152,168.144,271.296,money,walden-and-on-the-duty-of-civil-disobedience,1,,server-3,21,0,12,65.241,34.033,11.827
least-response-time-cache-off-warm500,130,3,11.4923,123.989,120.886,244.875,and,the-tenant-of-wildfell-hall,1,,server-3,20,0,13,93.921,34.033,11.827
least-response-time-cache-off-warm500,130,3,11.5000,132.522,156.484,289.006,night,a-tale-of-two-cities,1,,server-3,20,0,14,65.106,34.033,11.827
least-response-time-cache-off-warm500,130,3,11.5077,166.268,116.850,283.118,was,hard-times,1,,server-3,19,0,15,112.712,34.033,11.827
least-response-time-cache-off-warm500,130,3,11.5154,205.032,53.609,258.641,and,the-return-of-sherlock-holmes,1,,server-3,19,0,16,112.712,34.033,25.572
least-response-time-cache-off-warm500,130,3,11.5231,214.323,64.571,278.894,heart,frankenstein-or-the-modern-prometheus-41445,1,,server-3,17,0,16,95.649,34.033,26.652
least-response-time-cache-off-warm500,130,3,11.5308,259.521,41.379,300.900,house,treasure-island,1,,server-3,17,0,17,95.649,34.033,26.652
least-response-time-cache-off-warm500,130,3,11.5385,250.334,29.972,280.306,love,the-portrait-of-a-lady-volume-1,1,,server-3,17,0,18,95.649,34.033,26.652
least-response-time-cache-off-warm500,130,3,11.5462,256.552,60.083,316.635,he,madame-bovary,1,,server-3,16,0,18,58.614,34.033,33.894
least-response-time-cache-off-warm500,130,3,11.5538,262.982,47.340,310.322,letter,northanger-abbey,1,,server-3,16,0,19,48.564,34.033,33.894
least-response-time-cache-off-warm500,130,3,11.5615,1.726,11.699,13.425,the,the-hound-of-the-baskervilles-3070,1,,server-2,16,1,19,54.216,34.033,42.939
least-response-time-cache-off-warm500,130,3,11.5692,6.376,11.639,18.015,and,the-war-of-the-worlds,1,,server-2,14,2,19,56.877,17.535,63.105
least-response-time-cache-off-warm500,130,3,11.5769,1.791,33.264,35.055,she,the-song-of-the-lark,1,,server-2,14,2,19,56.877,7.164,63.105
least-response-time-cache-off-warm500,130,3,11.5846,4.368,39.759,44.126,of,agnes-grey,1,,server-2,14,3,19,56.877,4.717,53.509
least-response-time-cache-off-warm500,130,3,11.5923,21.357,45.947,67.304,of,the-iliad,1,,server-2,13,3,16,94.448,3.236,40.568
least-response-time-cache-off-warm500,130,3,11.6000,13.887,105.739,119.626,of,the-innocents-abroad,1,,server-2,13,4,16,94.448,3.236,40.568
least-response-time-cache-off-warm500,130,3,11.6077,7.113,57.723,64.835,heart,memoirs-of-fanny-hill,1,,server-2,13,5,16,94.448,3.236,40.568
least-response-time-cache-off-warm500,130,3,11.6154,13.547,64.807,78.354,night,walden-and-on-the-duty-of-civil-disobedience,1,,server-2,13,5,16,108.747,3.305,37.616
least-response-time-cache-off-warm500,130,3,11.6231,30.802,77.031,107.833,letter,black-beauty,1,,server-2,13,6,16,108.747,3.305,37.616
least-response-time-cache-off-warm500,130,3,11.6308,42.547,69.581,112.128,house,dubliners,1,,server-2,13,6,16,108.747,6.739,56.155
least-response-time-cache-off-warm500,130,3,11.6385,55.053,61.777,116.830,letter,the-first-men-in-the-moon,1,,server-2,12,7,15,85.370,6.739,39.149
least-response-time-cache-off-warm500,130,3,11.6462,76.511,86.148,162.660,castle,the-adventures-of-ferdinand-count-fathom-complete,1,,server-2,12,8,15,69.932,6.739,39.149
least-response-time-cache-off-warm500,130,3,11.6538,67.111,99.584,166.694,castle,beyond-good-and-evil,1,,server-2,12,9,15,69.932,10.123,39.149
least-response-time-cache-off-warm500,130,3,11.6615,67.761,75.680,143.441,night,mary-barton,1,,server-2,11,10,15,69.932,15.588,84.590
least-response-time-cache-off-warm500,130,3,11.6692,73.868,149.876,223.744,you,the-american,1,,server-2,10,11,15,43.011,15.588,84.590
least-response-time-cache-off-warm500,130,3,11.6769,79.699,198.324,278.023,night,grimms-fairy-tales,1,,server-2,10,10,15,43.011,16.781,59.177
least-response-time-cache-off-warm500,130,3,11.6846,72.507,180.483,252.990,sea,the-mysterious-island,1,,server-2,10,11,15,43.011,16.781,59.177
least-response-time-cache-off-warm500,130,3,11.6923,66.998,84.528,151.526,you,mansfield-park,1,,server-2,10,12,15,43.011,24.592,59.177
least-response-time-cache-off-warm500,130,3,11.7000,99.423,134.963,234.386,castle,great-expectations,1,,server-2,10,13,14,43.011,24.592,63.101
least-response-time-cache-off-warm500,130,3,11.7077,102.194,145.966,248.161,london,anne-of-green-gables,1,,server-2,10,14,14,54.301,24.592,63.101
least-response-time-cache-off-warm500,130,3,11.7154,128.683,135.108,263.791,night,black-beauty,1,,server-2,9,15,13,116.679,24.592,100.794
least-response-time-cache-off-warm500,130,3,11.7231,170.293,77.339,247.632,castle,myths-and-legends-of-ancient-greece-and-rome,1,,server-2,8,14,12,61.090,24.874,90.635
least-response-time-cache-off-warm500,130,3,11.7308,221.729,61.542,283.271,castle,the-mysterious-island,1,,server-2,8,15,12,61.090,26.127,90.635
least-response-time-cache-off-warm500,130,3,11.7385,214.004,117.107,331.111,money,the-works-of-edgar-allan-poe-volume-2,1,,server-2,6,15,12,39.897,18.528,67.870
least-response-time-cache-off-warm500,130,3,11.7462,225.627,50.741,276.368,of,black-beauty,1,,server-2,6,16,12,39.897,29.725,67.870
least-response-time-cache-off-warm500,130,3,11.7538,225.627,52.561,278.188,london,meditations,1,,server-2,5,17,12,39.897,30.685,67.870
least-response-time-cache-off-warm500,130,3,11.7615,219.801,94.200,314.001,castle,the-song-of-the-lark,1,,server-2,4,16,9,49.969,27.496,47.358
least-response-time-cache-off-warm500,130,3,11.7692,263.300,70.016,333.316,you,washington-square,1,,server-2,4,17,9,41.459,27.496,47.358
least-response-time-cache-off-warm500,130,3,11.7769,254.176,61.534,315.710,castle,adventures-of-huckleberry-finn,1,,server-2,4,18,8,41.459,27.496,48.325
least-response-time-cache-off-warm500,130,3,11.7846,305.349,76.166,381.515,house,the-moonstone,1,,server-2,2,19,8,50.182,26.276,48.325
least-response-time-cache-off-warm500,130,3,11.7923,259.149,86.116,345.265,love,pride-and-prejudice,1,,server-2,0,20,6,37.805,26.276,65.335
least-response-time-cache-off-warm500,130,3,11.8000,275.095,62.371,337.466,horse,a-journey-to-the-centre-of-the-earth,1,,server-2,0,21,6,37.805,23.055,65.335
least-response-time-cache-off-warm500,130,3,11.8077,1.541,18.757,20.299,and,the-house-of-the-seven-gables,1,,server-1,1,21,4,37.805,44.274,58.802
least-response-time-cache-off-warm500,130,3,11.8154,13.251,23.635,36.887,money,the-hound-of-the-baskervilles-3070,1,,server-1,2,20,4,19.436,29.918,58.802
least-response-time-cache-off-warm500,130,3,11.8231,5.681,25.534,31.215,heart,white-fang,1,,server-1,3,19,3,19.436,42.660,29.418
least-response-time-cache-off-warm500,130,3,11.8308,21.768,54.629,76.397,night,the-works-of-edgar-allan-poe-volume-2,1,,server-1,3,19,3,5.130,42.660,29.418
least-response-time-cache-off-warm500,130,3,11.8385,16.519,38.642,55.161,money,the-moonstone,1,,server-1,4,19,2,4.290,42.660,25.424
least-response-time-cache-off-warm500,130,3,11.8462,9.040,11.398,20.437,house,the-great-gatsby,1,,server-1,5,18,2,4.290,46.460,25.424
least-response-time-cache-off-warm500,130,3,11.8538,4.457,74.758,79.216,horse,wuthering-heights,1,,server-1,6,18,2,8.383,46.460,25.424
least-response-time-cache-off-warm500,130,3,11.8615,46.013,65.401,111.414,he,the-last-of-the-mohicans-a-narrative-of-1757,1,,server-1,5,18,2,3.029,46.460,32.003
least-response-time-cache-off-warm500,130,3,11.8692,38.828,113.818,152.646,death,the-romance-of-lust-a-classic-victorian-erotic-novel,1,,server-1,6,18,0,4.436,46.460,22.377
least-response-time-cache-off-warm500,130,3,11.8769,32.789,43.007,75.795,horse,the-divine-comedy,1,,server-1,7,18,0,4.436,46.460,22.377
least-response-time-cache-off-warm500,130,3,11.8846,25.462,144.074,169.536,king,the-odyssey,1,,server-1,8,18,0,4.436,46.460,22.377
least-response-time-cache-off-warm500,130,3,11.8923,19.737,123.289,143.027,was,meditations,1,,server-1,9,17,0,4.436,46.460,22.377
least-response-time-cache-off-warm500,130,3,11.9000,12.373,110.594,122.967,castle,treasure-island,1,,server-1,9,17,0,18.289,39.647,22.377
least-response-time-cache-off-warm500,130,3,11.9077,1.249,11.421,12.670,night,the-prince,1,,server-3,9,16,1,22.971,44.128,22.377
least-response-time-cache-off-warm500,130,3,11.9154,17.535,78.092,95.627,she,the-secret-adversary,1,,server-1,8,16,1,5.627,44.128,11.522
least-response-time-cache-off-warm500,130,3,11.9231,52.409,88.655,141.064,of,the-great-gatsby,1,,server-1,9,16,0,5.627,44.128,9.136
least-response-time-cache-off-warm500,130,3,11.9308,104.813,50.356,155.169,you,the-tenant-of-wildfell-hall,1,,server-1,10,16,0,7.776,74.365,9.136
least-response-time-cache-off-warm500,130,3,11.9385,1.531,21.829,23.360,love,twenty-thousand-leagues-under-the-sea,1,,server-3,10,16,1,12.648,104.897,9.136
least-response-time-cache-off-warm500,130,3,11.9462,16.502,18.990,35.491,the,the-mystery-of-edwin-drood,1,,server-3,10,16,2,12.648,104.897,4.749
least-response-time-cache-off-warm500,130,3,11.9538,9.017,40.515,49.532,love,the-last-of-the-mohicans-a-narrative-of-1757,1,,server-3,10,14,3,18.671,59.091,4.749
least-response-time-cache-off-warm500,130,3,11.9615,1.765,52.661,54.426,horse,washington-square,1,,server-3,10,12,4,18.671,40.466,9.425
least-response-time-cache-off-warm500,130,3,11.9692,34.382,49.113,83.495,letter,the-wind-in-the-willows,1,,server-3,10,12,4,18.226,40.466,1.789
least-response-time-cache-off-warm500,130,3,11.9769,39.710,50.373,90.083,king,the-warden,1,,server-3,7,12,5,20.804,66.476,1.789
least-response-time-cache-off-warm500,130,3,11.9846,32.803,88.889,121.692,london,the-last-of-the-mohicans-a-narrative-of-1757-27681,1,,server-3,7,11,6,20.804,48.788,6.451
least-response-time-cache-off-warm500,130,3,11.9923,24.957,32.909,57.865,sea,the-return-of-sherlock-holmes,1,,server-3,7,11,7,20.804,48.788,6.451
least-response-time-cache-off-warm500,130,3,12.0000,18.889,116.263,135.152,money,a-connecticut-yankee-in-king-arthur-s-court,1,,server-3,7,11,8,20.804,48.788,6.451
least-response-time-cache-off-warm500,130,3,12.0077,12.205,93.979,106.184,he,the-vicomte-de-bragelonne,1,,server-3,7,11,8,20.804,48.788,18.402
least-response-time-cache-off-warm500,130,3,12.0154,31.483,127.224,158.707,king,the-house-of-the-seven-gables,1,,server-3,7,10,9,31.979,50.764,18.402
least-response-time-cache-off-warm500,130,3,12.0231,84.637,94.159,178.796,was,the-return-of-sherlock-holmes,1,,server-3,7,9,8,31.065,74.433,3.836
least-response-time-cache-off-warm500,130,3,12.0308,59.319,114.884,174.203,letter,the-vicomte-de-bragelonne,1,,server-3,5,9,9,31.065,61.174,3.836
least-response-time-cache-off-warm500,130,3,12.0385,75.106,105.912,181.018,heart,the-scarlet-letter,1,,server-3,4,8,10,36.452,81.032,3.836
least-response-time-cache-off-warm500,130,3,12.0462,89.428,151.656,241.084,he,the-odyssey,1,,server-3,4,8,11,36.452,69.450,3.836
least-response-time-cache-off-warm500,130,3,12.0538,81.883,119.115,200.998,horse,walden-and-on-the-duty-of-civil-disobedience,1,,server-3,3,7,10,54.557,90.388,14.397
least-response-time-cache-off-warm500,130,3,12.0615,97.403,181.221,278.624,love,the-innocents-abroad,1,,server-3,3,7,11,54.557,90.388,14.397
least-response-time-cache-off-warm500,130,3,12.0692,105.081,102.502,207.583,house,jude-the-obscure,1,,server-3,2,7,12,44.338,94.652,24.507
least-response-time-cache-off-warm500,130,3,12.0769,143.432,116.346,259.778,castle,the-works-of-edgar-allan-poe-volume-2,1,,server-3,2,6,13,44.338,53.590,24.507
least-response-time-cache-off-warm500,130,3,12.0846,135.974,128.630,264.604,night,the-king-in-yellow,1,,server-3,2,6,14,44.338,53.590,24.507
least-response-time-cache-off-warm500,130,3,12.0923,127.772,148.621,276.394,heart,a-connecticut-yankee-in-king-arthur-s-court,1,,server-3,0,5,15,30.299,30.227,24.127
least-response-time-cache-off-warm500,130,3,12.1000,178.084,97.348,275.432,night,the-hound-of-the-baskervilles-3070,1,,server-3,0,4,16,30.299,30.227,24.127
least-response-time-cache-off-warm500,130,3,12.1077,1.534,15.486,17.020,love,the-war-of-the-worlds,1,,server-1,1,3,15,30.299,30.612,37.285
least-response-time-cache-off-warm500,130,3,12.1154,10.189,38.320,48.509,horse,life-on-the-mississippi,1,,server-1,2,3,15,15.604,30.612,39.450
least-response-time-cache-off-warm500,130,3,12.1231,2.667,12.429,15.097,sea,the-king-in-yellow,1,,server-1,3,3,15,15.604,30.612,39.450
least-response-time-cache-off-warm500,130,3,12.1308,28.606,46.302,74.909,of,the-great-gatsby,1,,server-1,3,3,15,3.884,30.612,39.450
least-response-time-cache-off-warm500,130,3,12.1385,25.815,39.609,65.425,love,desert-gold,1,,server-1,4,2,12,5.059,27.339,39.160
least-response-time-cache-off-warm500,130,3,12.1462,18.326,16.617,34.943,horse,the-mystery-of-edwin-drood,1,,server-1,4,2,12,5.059,27.339,39.160
least-response-time-cache-off-warm500,130,3,12.1538,10.939,65.117,76.056,whale,life-on-the-mississippi,1,,server-1,5,2,12,5.059,27.339,39.160
least-response-time-cache-off-warm500,130,3,12.1615,4.585,104.259,108.844,the,his-last-bow,1,,server-1,6,2,12,8.071,27.339,35.456
least-response-time-cache-off-warm500,130,3,12.1692,14.939,67.095,82.034,horse,frankenstein-or-the-modern-prometheus,1,,server-1,6,0,12,2.464,29.267,35.456
least-response-time-cache-off-warm500,130,3,12.1769,6.117,87.577,93.694,money,madame-bovary,1,,server-1,7,0,12,2.464,29.267,49.553
least-response-time-cache-off-warm500,130,3,12.1846,46.653,66.630,113.283,night,the-secret-adversary,1,,server-1,8,0,12,4.599,29.267,49.553
least-response-time-cache-off-warm500,130,3,12.1923,39.048,48.960,88.007,letter,the-kama-sutra-of-vatsyayana,1,,server-1,8,0,12,5.645,29.267,49.553
least-response-time-cache-off-warm500,130,3,12.2000,95.664,41.983,137.647,house,mansfield-park,1,,server-1,9,0,12,5.645,29.267,49.553
least-response-time-cache-off-warm500,130,3,12.2077,90.668,61.661,152.329,heart,the-jungle,1,,server-1,8,0,10,12.186,29.267,67.263
least-response-time-cache-off-warm500,130,3,12.2154,83.066,57.794,140.860,castle,anne-of-green-gables,1,,server-1,9,0,10,12.186,29.267,67.263
least-response-time-cache-off-warm500,130,3,12.2231,77.177,80.244,157.422,letter,frankenstein-or-the-modern-prometheus-41445,1,,server-1,10,0,8,12.186,29.267,31.003
least-response-time-cache-off-warm500,130,3,12.2308,71.588,80.696,152.284,letter,meditations,1,,server-1,11,0,8,24.364,29.267,31.003
least-response-time-cache-off-warm500,130,3,12.2385,84.723,122.759,207.482,she,the-picture-of-dorian-gray,1,,server-1,12,0,8,19.549,29.267,31.003
least-response-time-cache-off-warm500,130,3,12.2462,91.688,97.986,189.673,he,a-tale-of-two-cities,1,,server-1,13,0,8,19.549,29.267,31.003
least-response-time-cache-off-warm500,130,3,12.2538,84.609,105.593,190.201,of,the-war-of-the-worlds,1,,server-1,14,0,8,26.029,29.267,31.003
least-response-time-cache-off-warm500,130,3,12.2615,110.626,27.862,138.488,you,the-secret-adversary,1,,server-1,15,0,8,26.029,29.267,69.609
least-response-time-cache-off-warm500,130,3,12.2692,112.288,94.220,206.508,house,north-and-south,1,,server-1,15,0,8,24.837,29.267,69.609
least-response-time-cache-off-warm500,130,3,12.2769,2.318,24.580,26.898,was,desert-gold,1,,server-2,12,1,8,30.108,29.267,60.107
least-response-time-cache-off-warm500,130,3,12.2846,19.864,21.194,41.059,she,pride-and-prejudice,1,,server-2,12,2,7,37.408,15.095,35.846
least-response-time-cache-off-warm500,130,3,12.2923,12.555,49.965,62.521,death,autobiography-of-benjamin-franklin,1,,server-2,12,3,6,37.408,15.095,63.320
least-response-time-cache-off-warm500,130,3,12.3000,5.105,53.253,58.358,money,the-memoirs-of-sherlock-holmes,1,,server-2,11,4,6,19.929,15.095,63.320
least-response-time-cache-off-warm500,130,3,12.3077,28.207,54.894,83.100,whale,pride-and-prejudice,1,,server-2,10,4,6,29.300,3.219,63.320
least-response-time-cache-off-warm500,130,3,12.3154,39.772,36.564,76.336,death,the-hound-of-the-baskervilles-3070,1,,server-2,10,5,6,29.300,3.219,55.184
least-response-time-cache-off-warm500,130,3,12.3231,35.652,57.278,92.930,castle,the-portrait-of-a-lady-volume-1,1,,server-2,10,6,6,26.286,3.219,55.184
least-response-time-cache-off-warm500,130,3,12.3308,29.820,105.911,135.731,sea,the-great-gatsby,1,,server-2,10,6,6,36.857,7.900,55.184
least-response-time-cache-off-warm500,130,3,12.3385,53.521,44.802,98.323,whale,walden-and-on-the-duty-of-civil-disobedience,1,,server-2,10,7,5,25.984,10.470,55.897
least-response-time-cache-off-warm500,130,3,12.3462,45.835,90.474,136.309,whale,white-fang,1,,server-2,10,8,5,25.984,10.470,63.090
least-response-time-cache-off-warm500,130,3,12.3538,38.124,76.338,114.462,heart,the-works-of-edgar-allan-poe-volume-2,1,,server-2,10,9,4,25.984,11.837,52.154
least-response-time-cache-off-warm500,130,3,12.3615,58.167,125.066,183.233,letter,the-secret-garden,1,,server-2,8,9,4,39.216,9.033,52.154
least-response-time-cache-off-warm500,130,3,12.3692,47.326,179.632,226.958,king,leaves-of-grass,1,,server-2,7,10,3,39.216,9.033,71.155
least-response-time-cache-off-warm500,130,3,12.3769,39.722,80.266,119.988,london,grimms-fairy-tales,1,,server-2,7,11,0,43.184,9.033,47.269
least-response-time-cache-off-warm500,130,3,12.3846,37.580,76.820,114.399,of,the-return-of-sherlock-holmes-108,1,,server-1,6,10,0,19.671,21.368,47.269
least-response-time-cache-off-warm500,130,3,12.3923,28.573,128.604,157.177,whale,the-tenant-of-wildfell-hall,1,,server-2,6,10,0,19.671,15.826,47.269
least-response-time-cache-off-warm500,130,3,12.4000,65.770,126.929,192.699,love,a-tale-of-two-cities,1,,server-2,6,11,0,19.084,12.567,47.269
least-response-time-cache-off-warm500,130,3,12.4077,56.319,43.867,100.186,whale,a-princess-of-mars,1,,server-2,6,12,0,19.084,12.567,47.269
least-response-time-cache-off-warm500,130,3,12.4154,53.291,124.864,178.155,house,the-war-of-the-worlds,1,,server-2,6,12,0,19.084,17.278,47.269
least-response-time-cache-off-warm500,130,3,12.4231,83.028,121.894,204.922,letter,frankenstein-or-the-modern-prometheus,1,,server-2,6,12,0,17.810,10.344,47.269
least-response-time-cache-off-warm500,130,3,12.4308,79.593,156.188,235.781,heart,the-return-of-sherlock-holmes,1,,server-2,6,13,0,17.810,10.344,47.269
least-response-time-cache-off-warm500,130,3,12.4385,150.903,74.509,225.412,house,desert-gold,1,,server-2,6,14,0,26.171,22.104,47.269
least-response-time-cache-off-warm500,130,3,12.4462,147.437,72.761,220.198,king,the-odyssey,1,,server-2,3,15,0,28.692,22.104,47.269
least-response-time-cache-off-warm500,130,3,12.4538,145.290,79.367,224.656,love,poirot-investigates,1,,server-2,2,16,0,28.692,22.104,47.269
least-response-time-cache-off-warm500,130,3,12.4615,202.691,57.395,260.086,london,the-return-of-sherlock-holmes-108,1,,server-2,2,17,0,28.692,22.104,47.269
least-response-time-cache-off-warm500,130,3,12.4692,189.897,41.425,231.322,letter,the-adventures-of-sherlock-holmes,1,,server-2,2,18,0,28.692,27.293,47.269
least-response-time-cache-off-warm500,130,3,12.4769,188.096,81.095,269.191,whale,north-and-south,1,,server-2,1,19,0,32.967,27.293,47.269
least-response-time-cache-off-warm500,130,3,12.4846,14.837,16.816,31.653,london,cranford,1,,server-1,2,18,0,32.967,41.008,47.269
least-response-time-cache-off-warm500,130,3,12.4923,7.483,32.927,40.410,whale,twenty-thousand-leagues-under-the-sea,1,,server-1,3,18,0,32.967,41.008,47.269
least-response-time-cache-off-warm500,130,3,12.5000,2.735,47.546,50.282,castle,pride-and-prejudice,1,,server-1,3,17,0,9.486,46.272,47.269
least-response-time-cache-off-warm500,130,3,12.5077,23.295,44.145,67.440,the,the-last-of-the-mohicans-a-narrative-of-1757,1,,server-1,4,16,0,5.196,44.455,47.269
least-response-time-cache-off-warm500,130,3,12.5154,36.478,51.850,88.328,letter,great-expectations,1,,server-1,5,13,0,5.196,22.118,47.269
least-response-time-cache-off-warm500,130,3,12.5231,29.843,97.489,127.332,london,mansfield-park,1,,server-1,6,13,0,7.496,20.105,47.269
least-response-time-cache-off-warm500,130,3,12.5308,21.913,77.668,99.580,sea,the-moonstone,1,,server-1,7,13,0,7.496,20.105,47.269
least-response-time-cache-off-warm500,130,3,12.5385,65.476,73.620,139.096,night,the-wind-in-the-willows,1,,server-1,7,13,0,10.647,20.105,47.269
least-response-time-cache-off-warm500,130,3,12.5462,84.971,113.541,198.512,she,great-expectations,1,,server-1,8,13,0,10.647,54.300,47.269
least-response-time-cache-off-warm500,130,3,12.5538,96.689,29.851,126.540,king,desert-gold,1,,server-1,7,13,0,6.423,59.610,47.269
least-response-time-cache-off-warm500,130,3,12.5615,91.817,88.274,180.091,king,the-mystery-of-edwin-drood,1,,server-1,8,13,0,6.423,59.610,47.269
least-response-time-cache-off-warm500,130,3,12.5692,93.991,176.345,270.336,money,grimms-fairy-tales,1,,server-1,9,12,0,6.423,51.756,47.269
least-response-time-cache-off-warm500,130,3,12.5769,87.981,32.117,120.097,was,the-secret-adversary,1,,server-1,9,12,0,10.957,51.756,47.269
least-response-time-cache-off-warm500,130,3,12.5846,93.470,111.385,204.855,castle,autobiography-of-benjamin-franklin,1,,server-1,10,12,0,10.957,51.756,47.269
least-response-time-cache-off-warm500,130,3,12.5923,85.570,119.692,205.262,sea,jane-eyre-an-autobiography,1,,server-1,11,12,0,10.957,78.417,47.269
least-response-time-cache-off-warm500,130,3,12.6000,83.451,114.936,198.387,love,washington-square,1,,server-1,12,9,0,20.973,28.732,47.269
least-response-time-cache-off-warm500,130,3,12.6077,89.530,129.281,218.811,was,the-innocents-abroad,1,,server-1,13,9,0,22.346,28.732,47.269
least-response-time-cache-off-warm500,130,3,12.6154,139.618,128.401,268.019,horse,mansfield-park,1,,server-1,14,9,0,22.346,28.732,47.269
least-response-time-cache-off-warm500,130,3,12.6231,175.691,90.832,266.524,the,myths-and-legends-of-ancient-greece-and-rome,1,,server-1,15,9,0,22.346,28.732,47.269
least-response-time-cache-off-warm500,130,3,12.6308,207.290,46.430,253.720,heart,poirot-investigates,1,,server-1,15,8,0,41.825,84.615,47.269
least-response-time-cache-off-warm500,130,3,12.6385,201.740,80.493,282.233,whale,the-house-of-mirth,1,,server-1,16,8,0,41.825,84.615,47.269
least-response-time-cache-off-warm500,130,3,12.6462,196.676,74.342,271.018,money,agnes-grey,1,,server-1,17,7,0,41.825,89.706,47.269
least-response-time-cache-off-warm500,130,3,12.6538,229.372,104.997,334.369,horse,the-scarlet-letter-33,1,,server-1,16,7,0,23.004,89.706,47.269
least-response-time-cache-off-warm500,130,3,12.6615,183.195,108.074,291.269,death,the-mysterious-island,1,,server-1,17,7,0,35.463,78.181,47.269
least-response-time-cache-off-warm500,130,3,12.6692,50.445,39.453,89.898,you,his-last-bow,1,,server-2,17,6,0,37.028,30.836,47.269
least-response-time-cache-off-warm500,130,3,12.6769,66.303,42.477,108.779,of,the-mysterious-island,1,,server-2,17,7,0,39.256,30.836,47.269
least-response-time-cache-off-warm500,130,3,12.6846,223.902,64.445,288.348,the,thus-spake-zarathustra-a-book-for-all-and-none,1,,server-1,16,6,0,27.249,40.389,47.269
least-response-time-cache-off-warm500,130,3,12.6923,229.952,84.974,314.927,the,adventures-of-huckleberry-finn,1,,server-1,17,6,0,27.249,40.389,47.269
least-response-time-cache-off-warm500,130,3,12.7000,273.875,53.614,327.488,london,the-prince,1,,server-1,18,6,0,21.508,36.355,47.269
least-response-time-cache-off-warm500,130,3,12.7077,262.967,47.024,309.991,he,the-prince,1,,server-1,19,6,0,21.508,35.221,47.269
least-response-time-cache-off-warm500,130,3,12.7154,288.924,136.403,425.327,letter,the-romance-of-lust-a-classic-victorian-erotic-novel,1,,server-1,20,6,0,20.915,35.221,47.269
least-response-time-cache-off-warm500,130,3,12.7231,267.560,52.612,320.172,you,walden-and-on-the-duty-of-civil-disobedience,1,,server-1,21,5,0,20.915,31.005,47.269
least-response-time-cache-off-warm500,130,3,12.7308,277.132,76.185,353.317,was,far-from-the-madding-crowd,1,,server-1,22,5,0,20.915,31.005,47.269
least-response-time-cache-off-warm500,130,3,12.7385,269.394,55.394,324.788,you,tess-of-the-d-urbervilles-a-pure-woman,1,,server-1,23,5,0,24.481,31.005,47.269
least-response-time-cache-off-warm500,130,3,12.7462,12.519,45.558,58.077,london,the-odyssey,1,,server-2,23,4,0,48.385,25.978,47.269
least-response-time-cache-off-warm500,130,3,12.7538,5.473,78.202,83.674,you,the-mysterious-island,1,,server-2,22,4,0,57.788,21.023,47.269
least-response-time-cache-off-warm500,130,3,12.7615,25.597,118.481,144.078,horse,far-from-the-madding-crowd,1,,server-2,21,5,0,47.605,12.395,47.269
least-response-time-cache-off-warm500,130,3,12.7692,18.580,76.847,95.427,heart,great-expectations,1,,server-2,21,6,0,47.605,12.395,47.269
least-response-time-cache-off-warm500,130,3,12.7769,27.800,102.378,130.178,death,the-prince,1,,server-2,21,7,0,47.605,12.395,47.269
least-response-time-cache-off-warm500,130,3,12.7846,20.752,98.192,118.944,he,the-mystery-of-edwin-drood,1,,server-2,21,7,0,47.605,16.022,47.269
least-response-time-cache-off-warm500,130,3,12.7923,15.160,159.272,174.432,she,the-innocents-abroad,1,,server-2,21,8,0,77.958,8.866,47.269
least-response-time-cache-off-warm500,130,3,12.8000,38.779,97.292,136.072,london,jude-the-obscure,1,,server-2,18,9,0,37.795,8.866,47.269
least-response-time-cache-off-warm500,130,3,12.8077,30.125,79.330,109.455,and,dubliners,1,,server-2,18,9,0,37.795,6.450,47.269
least-response-time-cache-off-warm500,130,3,12.8154,92.139,73.863,166.002,sea,the-memoirs-of-sherlock-holmes,1,,server-2,18,9,0,37.795,6.450,47.269
least-response-time-cache-off-warm500,130,3,12.8231,139.736,42.372,182.108,and,life-on-the-mississippi,1,,server-2,18,10,0,66.209,6.450,47.269
least-response-time-cache-off-warm500,130,3,12.8308,151.783,48.285,200.068,the,the-odyssey,1,,server-2,18,11,0,70.973,6.450,47.269
least-response-time-cache-off-warm500,130,3,12.8385,143.067,70.380,213.447,heart,a-tale-of-two-cities,1,,server-2,17,12,0,50.216,17.677,47.269
least-response-time-cache-off-warm500,130,3,12.8462,137.468,87.289,224.758,of,kidnapped,1,,server-2,15,13,0,61.943,17.677,47.269
least-response-time-cache-off-warm500,130,3,12.8538,153.183,102.099,255.282,money,the-return-of-sherlock-holmes,1,,server-2,15,14,0,61.943,17.677,47.269
least-response-time-cache-off-warm500,130,3,12.8615,145.921,64.782,210.703,letter,autobiography-of-benjamin-franklin,1,,server-2,15,15,0,61.943,18.762,47.269
least-response-time-cache-off-warm500,130,3,12.8692,138.724,79.249,217.972,sea,around-the-world-in-eighty-days,1,,server-2,15,15,0,53.059,28.710,47.269
least-response-time-cache-off-warm500,130,3,12.8769,151.525,133.045,284.570,he,washington-square,1,,server-2,15,16,0,53.059,28.710,47.269
least-response-time-cache-off-warm500,130,3,12.8846,187.848,74.128,261.976,he,the-innocents-abroad,1,,server-2,14,17,0,68.195,25.770,47.269
least-response-time-cache-off-warm500,130,3,12.8923,180.338,76.570,256.908,heart,the-memoirs-of-sherlock-holmes,1,,server-2,13,18,0,57.406,25.770,47.269
least-response-time-cache-off-warm500,130,3,12.9000,208.885,98.562,307.448,london,meditations,1,,server-2,13,19,0,57.406,25.770,47.269
least-response-time-cache-off-warm500,130,3,12.9077,239.431,67.853,307.284,love,walden-and-on-the-duty-of-civil-disobedience,1,,server-2,12,19,0,49.290,33.960,47.269
least-response-time-cache-off-warm500,130,3,12.9154,234.301,62.127,296.428,and,life-on-the-mississippi,1,,server-2,12,18,0,44.022,33.960,47.269
least-response-time-cache-off-warm500,130,3,12.9231,226.441,89.216,315.657,death,dracula,1,,server-2,10,18,0,57.211,33.633,47.269
least-response-time-cache-off-warm500,130,3,12.9308,232.573,90.181,322.754,king,the-house-of-the-seven-gables,1,,server-2,10,19,0,46.102,33.633,47.269
least-response-time-cache-off-warm500,130,3,12.9385,79.551,94.476,174.026,was,meditations,1,,server-1,11,19,0,46.102,53.330,47.269
least-response-time-cache-off-warm500,130,3,12.9462,95.006,96.688,191.694,was,the-house-of-mirth,1,,server-1,12,19,0,46.102,53.330,47.269
least-response-time-cache-off-warm500,130,3,12.9538,1.751,19.546,21.297,he,a-journey-to-the-centre-of-the-earth,1,,server-3,12,19,1,117.651,53.330,47.269
least-response-time-cache-off-warm500,130,3,12.9615,14.378,24.205,38.583,the,cranford,1,,server-3,12,19,2,117.651,53.330,24.302
least-response-time-cache-off-warm500,130,3,12.9692,6.917,25.135,32.052,horse,the-adventures-of-tom-sawyer-complete,1,,server-3,12,17,3,117.651,37.697,24.302
least-response-time-cache-off-warm500,130,3,12.9769,25.320,71.836,97.156,was,walden-and-on-the-duty-of-civil-disobedience,1,,server-3,11,17,3,49.365,37.697,6.063
least-response-time-cache-off-warm500,130,3,12.9846,17.746,21.676,39.422,love,the-divine-comedy,1,,server-3,11,15,4,49.365,53.106,5.147
least-response-time-cache-off-warm500,130,3,12.9923,10.543,52.955,63.499,london,life-on-the-mississippi,1,,server-3,10,15,5,132.239,53.106,5.147
least-response-time-cache-off-warm500,130,3,13.0000,3.135,29.954,33.089,was,the-wind-in-the-willows,1,,server-3,10,15,6,132.239,53.106,8.842
least-response-time-cache-off-warm500,130,3,13.0077,45.212,64.262,109.474,he,the-american,1,,server-3,10,14,5,60.166,32.194,2.292
least-response-time-cache-off-warm500,130,3,13.0154,59.003,46.560,105.563,whale,the-house-of-mirth,1,,server-3,9,14,6,42.767,43.744,2.292
least-response-time-cache-off-warm500,130,3,13.0231,54.853,181.297,236.151,the,leaves-of-grass,1,,server-3,7,14,7,27.837,43.744,2.292
least-response-time-cache-off-warm500,130,3,13.0308,46.492,64.198,110.690,love,jude-the-obscure,1,,server-3,7,14,8,38.995,40.125,7.807
least-response-time-cache-off-warm500,130,3,13.0385,40.218,75.029,115.247,heart,the-war-of-the-worlds,1,,server-3,7,14,9,38.995,55.362,12.142
least-response-time-cache-off-warm500,130,3,13.0462,68.728,85.385,154.113,you,the-moonstone,1,,server-3,6,14,10,29.898,55.362,12.142
least-response-time-cache-off-warm500,130,3,13.0538,69.295,133.981,203.275,house,dracula,1,,server-3,6,14,10,29.898,73.225,16.460
least-response-time-cache-off-warm500,130,3,13.0615,80.457,53.935,134.392,she,sense-and-sensibility,1,,server-3,6,14,10,27.396,60.283,23.664
least-response-time-cache-off-warm500,130,3,13.0692,73.906,90.162,164.068,death,the-portrait-of-a-lady-volume-1,1,,server-3,5,14,11,24.643,60.283,23.664
least-response-time-cache-off-warm500,130,3,13.0769,86.644,107.281,193.925,night,madame-bovary,1,,server-2,5,13,9,24.643,22.210,22.987
least-response-time-cache-off-warm500,130,3,13.0846,86.386,127.932,214.319,death,the-secret-adversary,1,,server-3,5,13,10,33.275,22.210,19.148
least-response-time-cache-off-warm500,130,3,13.0923,103.885,166.618,270.503,of,the-moonstone,1,,server-3,3,10,11,26.879,47.763,19.148
least-response-time-cache-off-warm500,130,3,13.1000,96.612,84.922,181.534,money,the-age-of-innocence,1,,server-3,3,10,12,26.879,47.763,19.148
least-response-time-cache-off-warm500,130,3,13.1077,154.298,117.427,271.725,letter,silas-marner,1,,server-3,3,10,13,26.879,47.763,19.148
least-response-time-cache-off-warm500,130,3,13.1154,146.361,78.437,224.798,castle,the-picture-of-dorian-gray,1,,server-3,3,10,14,35.873,54.165,22.482
least-response-time-cache-off-warm500,130,3,13.1231,139.076,163.327,302.403,castle,the-return-of-sherlock-holmes-108,1,,server-3,3,10,14,35.873,54.165,28.523
least-response-time-cache-off-warm500,130,3,13.1308,132.462,165.934,298.396,you,thus-spake-zarathustra-a-book-for-all-and-none,1,,server-3,3,10,15,35.873,54.165,28.523
least-response-time-cache-off-warm500,130,3,13.1385,126.487,98.253,224.740,sea,the-divine-comedy,1,,server-3,2,10,16,41.639,54.165,28.523
least-response-time-cache-off-warm500,130,3,13.1462,154.217,134.794,289.011,sea,a-connecticut-yankee-in-king-arthur-s-court,1,,server-3,0,10,15,37.828,83.873,17.654
least-response-time-cache-off-warm500,130,3,13.1538,146.718,294.603,441.320,money,mansfield-park,1,,server-3,0,9,16,37.828,48.116,20.613
least-response-time-cache-off-warm500,130,3,13.1615,180.741,182.665,363.406,of,pride-and-prejudice,1,,server-3,0,7,16,37.828,49.724,32.441
least-response-time-cache-off-warm500,130,3,13.1692,69.000,41.922,110.922,king,the-jungle-book,1,,server-2,0,8,16,37.828,30.690,32.441
least-response-time-cache-off-warm500,130,3,13.1769,165.410,156.116,321.526,she,dracula,1,,server-3,0,8,17,37.828,30.690,29.145
least-response-time-cache-off-warm500,130,3,13.1846,177.828,156.062,333.890,she,persuasion,1,,server-3,0,8,18,37.828,30.690,29.145
least-response-time-cache-off-warm500,130,3,13.1923,187.502,163.475,350.977,and,walden-and-on-the-duty-of-civil-disobedience,1,,server-3,0,7,19,37.828,30.690,29.145
least-response-time-cache-off-warm500,130,3,13.2000,193.841,121.917,315.759,and,far-from-the-madding-crowd,1,,server-3,0,7,19,37.828,30.690,30.166
least-response-time-cache-off-warm500,130,3,13.2077,221.197,168.128,389.325,horse,the-last-of-the-mohicans-a-narrative-of-1757,1,,server-3,0,7,20,37.828,37.550,30.166
least-response-time-cache-off-warm500,130,3,13.2154,300.810,126.478,427.288,you,the-works-of-edgar-allan-poe-volume-2,1,,server-3,0,6,21,37.828,36.536,30.166
least-response-time-cache-off-warm500,130,3,13.2231,297.107,165.628,462.735,castle,tess-of-the-d-urbervilles-a-pure-woman,1,,server-3,0,6,22,37.828,36.536,30.166
least-response-time-cache-off-warm500,130,3,13.2308,365.573,53.501,419.073,money,the-hound-of-the-baskervilles-3070,1,,server-3,0,6,23,37.828,36.536,30.166
least-response-time-cache-off-warm500,130,3,13.2385,357.524,64.847,422.372,and,dubliners,1,,server-3,0,5,23,37.828,35.734,33.242
least-response-time-cache-off-warm500,130,3,13.2462,351.046,92.025,443.071,horse,walden-and-on-the-duty-of-civil-disobedience,1,,server-3,0,5,24,37.828,35.734,33.242
least-response-time-cache-off-warm500,130,3,13.2538,18.341,78.868,97.210,letter,walden-and-on-the-duty-of-civil-disobedience,1,,server-2,0,6,24,37.828,28.858,33.242
least-response-time-cache-off-warm500,130,3,13.2615,10.791,84.734,95.524,house,the-vicomte-de-bragelonne,1,,server-2,0,5,22,37.828,28.858,72.308
least-response-time-cache-off-warm500,130,3,13.2692,11.176,76.374,87.550,and,poirot-investigates,1,,server-2,0,5,21,37.828,28.858,33.083
least-response-time-cache-off-warm500,130,3,13.2769,5.145,75.444,80.589,he,herland,1,,server-2,0,5,21,37.828,13.802,33.083
least-response-time-cache-off-warm500,130,3,13.2846,56.262,46.528,102.790,money,the-iliad,1,,server-2,0,5,21,37.828,4.561,52.856
least-response-time-cache-off-warm500,130,3,13.2923,63.033,42.959,105.993,she,autobiography-of-benjamin-franklin,1,,server-2,0,6,21,37.828,4.561,52.856
least-response-time-cache-off-warm500,130,3,13.3000,59.591,99.739,159.331,and,a-tale-of-two-cities,1,,server-2,0,7,21,37.828,4.561,52.052
least-response-time-cache-off-warm500,130,3,13.3077,50.020,98.579,148.599,love,a-princess-of-mars,1,,server-2,0,8,20,37.828,4.561,29.491
least-response-time-cache-off-warm500,130,3,13.3154,43.939,73.747,117.687,letter,a-journey-to-the-centre-of-the-earth,1,,server-2,0,9,20,37.828,4.561,29.491
least-response-time-cache-off-warm500,130,3,13.3231,75.428,105.132,180.560,house,treasure-island,1,,server-2,0,10,20,37.828,9.724,29.491
least-response-time-cache-off-warm500,130,3,13.3308,69.020,102.202,171.222,house,the-divine-comedy,1,,server-2,0,11,20,37.828,9.724,57.004
least-response-time-cache-off-warm500,130,3,13.3385,63.083,135.500,198.583,and,sense-and-sensibility,1,,server-2,0,12,20,37.828,9.724,57.004
least-response-time-cache-off-warm500,130,3,13.3462,73.795,154.774,228.569,whale,leaves-of-grass,1,,server-2,0,13,19,37.828,12.642,74.834
least-response-time-cache-off-warm500,130,3,13.3538,65.810,85.692,151.502,horse,poirot-investigates,1,,server-2,0,14,19,37.828,29.641,74.834
least-response-time-cache-off-warm500,130,3,13.3615,59.071,151.016,210.086,letter,the-great-gatsby,1,,server-2,0,11,19,37.828,13.237,60.849
least-response-time-cache-off-warm500,130,3,13.3692,93.072,146.549,239.620,sea,beyond-good-and-evil,1,,server-2,0,12,19,37.828,13.237,64.286
least-response-time-cache-off-warm500,130,3,13.3769,83.344,91.319,174.662,money,the-memoirs-of-sherlock-holmes,1,,server-2,0,13,19,37.828,13.237,64.286
least-response-time-cache-off-warm500,130,3,13.3846,77.987,137.946,215.933,horse,the-song-of-the-lark,1,,server-2,0,14,18,37.828,23.103,52.366
least-response-time-cache-off-warm500,130,3,13.3923,160.461,136.201,296.661,and,the-odyssey,1,,server-2,0,15,18,37.828,25.709,52.366
least-response-time-cache-off-warm500,130,3,13.4000,153.289,98.882,252.171,horse,madame-bovary,1,,server-2,0,15,18,37.828,20.756,44.980
least-response-time-cache-off-warm500,130,3,13.4077,167.433,111.204,278.637,was,a-connecticut-yankee-in-king-arthur-s-court,1,,server-2,0,15,18,37.828,24.304,44.980
least-response-time-cache-off-warm500,130,3,13.4154,180.961,58.980,239.942,money,the-song-of-the-lark,1,,server-2,0,16,18,37.828,24.304,44.980
least-response-time-cache-off-warm500,130,3,13.4231,186.025,91.138,277.163,castle,the-hound-of-the-baskervilles-3070,1,,server-2,0,17,18,37.828,21.705,44.980
least-response-time-cache-off-warm500,130,3,13.4308,200.174,99.742,299.916,london,the-vicomte-de-bragelonne,1,,server-2,0,18,17,37.828,21.705,59.843
least-response-time-cache-off-warm500,130,3,13.4385,191.502,145.194,336.695,heart,desperate-remedies,1,,server-2,0,19,16,37.828,27.001,61.583
least-response-time-cache-off-warm500,130,3,13.4462,222.524,101.491,324.016,money,poirot-investigates,1,,server-2,0,20,14,37.828,27.001,51.201
least-response-time-cache-off-warm500,130,3,13.4538,237.230,145.652,382.882,letter,a-connecticut-yankee-in-king-arthur-s-court,1,,server-2,0,21,14,37.828,27.001,51.201
least-response-time-cache-off-warm500,130,3,13.4615,230.533,47.512,278.045,night,the-prince,1,,server-2,0,21,13,37.828,37.823,85.655
least-response-time-cache-off-warm500,130,3,13.4692,224.137,141.491,365.628,love,the-american,1,,server-2,0,21,13,37.828,30.958,85.655
least-response-time-cache-off-warm500,130,3,13.4769,247.096,61.679,308.775,london,the-prince,1,,server-2,0,21,13,37.828,27.901,85.655
least-response-time-cache-off-warm500,130,3,13.4846,245.406,102.404,347.810,house,the-memoirs-of-sherlock-holmes,1,,server-2,0,22,12,37.828,27.901,85.655
least-response-time-cache-off-warm500,130,3,13.4923,293.991,151.177,445.168,castle,the-romance-of-lust-a-classic-victorian-erotic-novel,1,,server-2,0,23,12,37.828,27.901,85.655
least-response-time-cache-off-warm500,130,3,13.5000,276.448,85.680,362.128,money,life-on-the-mississippi,1,,server-2,0,24,12,37.828,27.901,125.384
least-response-time-cache-off-warm500,130,3,13.5077,329.451,104.072,433.523,of,great-expectations,1,,server-2,0,22,12,37.828,31.967,125.384
least-response-time-cache-off-warm500,130,3,13.5154,298.601,70.968,369.569,was,the-age-of-innocence,1,,server-2,0,23,12,37.828,31.967,118.185
least-response-time-cache-off-warm500,130,3,13.5231,307.386,163.340,470.726,of,villette,1,,server-2,0,24,12,37.828,31.967,82.305
least-response-time-cache-off-warm500,130,3,13.5308,306.655,153.795,460.450,the,the-mysterious-affair-at-styles,1,,server-2,0,25,8,37.828,31.967,88.540
least-response-time-cache-off-warm500,130,3,13.5385,1.225,20.890,22.115,was,the-adventures-of-sherlock-holmes,1,,server-1,1,25,8,37.828,49.501,88.540
least-response-time-cache-off-warm500,130,3,13.5462,14.529,39.715,54.244,king,the-works-of-edgar-allan-poe-volume-2,1,,server-1,2,25,8,19.450,49.501,136.377
least-response-time-cache-off-warm500,130,3,13.5538,7.328,43.997,51.325,heart,mary-barton,1,,server-1,3,23,8,19.450,41.695,136.377
least-response-time-cache-off-warm500,130,3,13.5615,1.958,57.843,59.801,love,the-works-of-edgar-allan-poe-volume-2,1,,server-1,3,23,8,7.081,41.695,136.377
least-response-time-cache-off-warm500,130,3,13.5692,36.484,29.274,65.758,horse,the-mysterious-affair-at-styles,1,,server-1,4,23,8,3.185,41.695,136.377
least-response-time-cache-off-warm500,130,3,13.5769,29.724,55.552,85.276,castle,villette,1,,server-1,5,23,8,3.185,72.146,136.377
least-response-time-cache-off-warm500,130,3,13.5846,39.070,182.442,221.512,love,the-return-of-sherlock-holmes-108,1,,server-1,6,23,8,3.185,72.146,136.377
least-response-time-cache-off-warm500,130,3,13.5923,30.907,63.882,94.789,heart,the-last-of-the-mohicans-a-narrative-of-1757-27681,1,,server-1,7,23,8,3.185,72.146,151.121
least-response-time-cache-off-warm500,130,3,13.6000,35.658,171.438,207.097,horse,the-divine-comedy,1,,server-1,8,23,5,14.399,55.435,43.564
least-response-time-cache-off-warm500,130,3,13.6077,27.231,98.546,125.777,heart,a-tale-of-two-cities,1,,server-1,7,23,5,12.047,60.060,43.564
least-response-time-cache-off-warm500,130,3,13.6154,20.145,170.912,191.057,house,the-american,1,,server-1,8,19,5,12.047,84.169,43.564
least-response-time-cache-off-warm500,130,3,13.6231,41.118,95.120,136.238,whale,northanger-abbey,1,,server-1,8,19,5,16.037,84.169,43.564
least-response-time-cache-off-warm500,130,3,13.6308,34.229,142.470,176.700,death,the-iliad,1,,server-1,9,19,5,12.367,60.377,43.564
least-response-time-cache-off-warm500,130,3,13.6385,45.852,147.115,192.967,night,the-tenant-of-wildfell-hall,1,,server-1,10,19,5,12.143,60.377,43.564
least-response-time-cache-off-warm500,130,3,13.6462,116.103,95.552,211.655,she,agnes-grey,1,,server-1,11,19,5,12.143,60.377,58.171
least-response-time-cache-off-warm500,130,3,13.6538,124.842,80.942,205.784,horse,the-divine-comedy,1,,server-1,12,19,5,12.143,87.673,47.025
least-response-time-cache-off-warm500,130,3,13.6615,140.460,77.828,218.288,sea,black-beauty,1,,server-1,13,19,4,14.450,105.018,34.225
least-response-time-cache-off-warm500,130,3,13.6692,138.375,86.233,224.608,she,desert-gold,1,,server-1,12,19,2,14.879,87.264,34.225
least-response-time-cache-off-warm500,130,3,13.6769,151.188,63.321,214.509,she,the-great-gatsby,1,,server-1,13,19,2,14.879,87.264,34.225
least-response-time-cache-off-warm500,130,3,13.6846,173.380,65.162,238.542,death,the-memoirs-of-sherlock-holmes,1,,server-1,14,19,2,14.982,72.794,34.225
least-response-time-cache-off-warm500,130,3,13.6923,151.855,92.000,243.855,the,dubliners,1,,server-1,15,15,0,20.304,70.313,42.680
least-response-time-cache-off-warm500,130,3,13.7000,181.797,43.360,225.157,she,the-adventures-of-sherlock-holmes,1,,server-1,16,15,0,20.304,81.161,42.680
least-response-time-cache-off-warm500,130,3,13.7077,186.449,53.559,240.009,night,dubliners,1,,server-1,17,14,0,20.304,65.095,42.680
least-response-time-cache-off-warm500,130,3,13.7154,210.808,35.493,246.301,money,desert-gold,1,,server-1,18,14,0,20.304,65.095,42.680
least-response-time-cache-off-warm500,130,3,13.7231,223.505,40.730,264.235,death,the-hound-of-the-baskervilles,1,,server-1,19,14,0,20.304,65.095,42.680
least-response-time-cache-off-warm500,130,3,13.7308,227.561,31.457,259.018,you,the-scarlet-letter,1,,server-1,20,14,0,20.304,37.029,42.680
least-response-time-cache-off-warm500,130,3,13.7385,121.163,134.435,255.597,castle,adventures-of-huckleberry-finn,1,,server-2,20,15,0,42.406,37.029,42.680
least-response-time-cache-off-warm500,130,3,13.7462,215.213,67.207,282.419,money,memoirs-of-fanny-hill,1,,server-1,21,15,0,35.114,38.863,42.680
least-response-time-cache-off-warm500,130,3,13.7538,204.214,56.316,260.530,she,the-tenant-of-wildfell-hall,1,,server-1,22,14,0,35.114,77.371,42.680
least-response-time-cache-off-warm500,130,3,13.7615,2.036,13.436,15.471,london,autobiography-of-benjamin-franklin,1,,server-3,21,14,1,47.462,77.371,42.680
least-response-time-cache-off-warm500,130,3,13.7692,8.655,12.149,20.804,castle,washington-square,1,,server-3,21,14,2,47.462,77.371,21.958
least-response-time-cache-off-warm500,130,3,13.7769,1.644,30.630,32.274,money,sense-and-sensibility,1,,server-3,21,12,3,53.247,82.374,14.107
least-response-time-cache-off-warm500,130,3,13.7846,24.727,10.547,35.274,london,the-jungle-book,1,,server-3,19,12,3,48.491,57.275,4.865
least-response-time-cache-off-warm500,130,3,13.7923,17.888,29.024,46.911,of,silas-marner,1,,server-3,19,10,3,48.491,86.298,4.684
least-response-time-cache-off-warm500,130,3,13.8000,10.620,64.346,74.966,was,hard-times,1,,server-3,19,10,4,48.491,86.298,4.684
least-response-time-cache-off-warm500,130,3,13.8077,4.697,58.864,63.561,love,the-divine-comedy,1,,server-3,19,10,5,75.496,126.045,4.684
least-response-time-cache-off-warm500,130,3,13.8154,19.268,63.924,83.191,letter,twenty-thousand-leagues-under-the-sea,1,,server-3,19,10,5,75.496,140.749,2.600
least-response-time-cache-off-warm500,130,3,13.8231,16.055,95.061,111.116,was,the-song-of-the-lark,1,,server-3,19,10,5,75.496,140.749,3.664
least-response-time-cache-off-warm500,130,3,13.8308,41.029,39.555,80.584,whale,dubliners,1,,server-3,18,10,6,48.249,115.804,3.664
least-response-time-cache-off-warm500,130,3,13.8385,38.325,91.571,129.896,whale,beyond-good-and-evil,1,,server-3,17,7,7,48.507,26.024,10.069
least-response-time-cache-off-warm500,130,3,13.8462,32.281,88.521,120.801,whale,the-mysterious-affair-at-styles,1,,server-3,15,7,8,64.969,26.024,10.069
least-response-time-cache-off-warm500,130,3,13.8538,54.427,58.053,112.480,was,madame-bovary,1,,server-3,15,7,9,64.969,26.024,11.337
least-response-time-cache-off-warm500,130,3,13.8615,49.515,99.724,149.239,money,far-from-the-madding-crowd,1,,server-3,13,7,10,56.992,25.243,11.337
least-response-time-cache-off-warm500,130,3,13.8692,61.175,117.236,178.411,letter,the-vicomte-de-bragelonne,1,,server-3,13,7,10,56.992,23.764,16.532
least-response-time-cache-off-warm500,130,3,13.8769,58.572,101.636,160.208,house,wuthering-heights,1,,server-3,13,7,10,56.992,23.764,14.947
least-response-time-cache-off-warm500,130,3,13.8846,84.797,80.384,165.181,sea,the-hound-of-the-baskervilles-3070,1,,server-3,11,7,10,38.159,28.456,11.877
least-response-time-cache-off-warm500,130,3,13.8923,77.303,112.095,189.398,death,desperate-remedies,1,,server-3,11,5,11,70.548,22.824,11.877
least-response-time-cache-off-warm500,130,3,13.9000,73.321,35.230,108.550,of,the-king-in-yellow,1,,server-2,9,6,11,56.335,22.824,26.893
least-response-time-cache-off-warm500,130,3,13.9077,85.886,38.379,124.265,sea,mansfield-park,1,,server-2,9,7,11,56.335,22.824,26.893
least-response-time-cache-off-warm500,130,3,13.9154,54.916,88.830,143.747,was,the-prince,1,,server-3,9,7,11,56.335,22.824,13.394
least-response-time-cache-off-warm500,130,3,13.9231,50.929,176.187,227.116,king,the-hound-of-the-baskervilles-3070,1,,server-3,9,7,12,57.676,22.824,13.394
least-response-time-cache-off-warm500,130,3,13.9308,64.076,46.372,110.448,london,the-great-gatsby,1,,server-2,9,8,11,33.004,22.824,25.219
least-response-time-cache-off-warm500,130,3,13.9385,37.690,136.545,174.235,was,the-vicomte-de-bragelonne,1,,server-3,6,8,12,66.755,38.065,20.132
least-response-time-cache-off-warm500,130,3,13.9462,104.577,99.913,204.490,death,the-divine-comedy,1,,server-3,6,8,13,55.246,41.458,20.132
least-response-time-cache-off-warm500,130,3,13.9538,89.395,86.334,175.728,castle,cranford,1,,server-3,5,7,13,96.624,42.725,20.132
least-response-time-cache-off-warm500,130,3,13.9615,121.088,82.296,203.384,and,the-adventures-of-sherlock-holmes,1,,server-3,4,7,14,20.688,42.725,20.132
least-response-time-cache-off-warm500,130,3,13.9692,58.161,14.624,72.785,death,around-the-world-in-eighty-days,1,,server-1,5,7,11,20.688,42.725,24.785
least-response-time-cache-off-warm500,130,3,13.9769,129.550,129.381,258.931,letter,grimms-fairy-tales,1,,server-3,5,7,12,20.688,37.641,10.028
least-response-time-cache-off-warm500,130,3,13.9846,122.429,104.954,227.383,and,the-adventures-of-ferdinand-count-fathom-complete,1,,server-3,5,7,13,20.688,37.641,10.028
least-response-time-cache-off-warm500,130,3,13.9923,155.841,87.580,243.422,london,the-jungle,1,,server-3,5,7,14,20.307,57.793,10.028
least-response-time-cache-off-warm500,130,3,14.0000,168.343,83.495,251.839,you,kidnapped,1,,server-3,5,3,15,20.307,25.186,10.028
least-response-time-cache-off-warm500,130,3,14.0077,158.782,71.062,229.844,the,the-kama-sutra-of-vatsyayana,1,,server-3,5,3,16,20.307,25.186,10.028
least-response-time-cache-off-warm500,130,3,14.0154,26.007,38.111,64.119,and,the-last-of-the-mohicans-a-narrative-of-1757,1,,server-2,3,3,16,26.765,18.968,22.239
least-response-time-cache-off-warm500,130,3,14.0231,19.063,63.458,82.521,love,memoirs-of-fanny-hill,1,,server-2,3,4,16,26.765,18.968,22.239
least-response-time-cache-off-warm500,130,3,14.0308,11.719,65.631,77.350,heart,sense-and-sensibility,1,,server-2,1,5,16,21.863,18.968,22.239
least-response-time-cache-off-warm500,130,3,14.0385,5.130,64.860,69.990,sea,the-scarlet-letter-33,1,,server-2,1,6,15,21.863,18.139,41.704
least-response-time-cache-off-warm500,130,3,14.0462,33.216,46.958,80.175,and,thus-spake-zarathustra-a-book-for-all-and-none,1,,server-2,0,5,15,16.111,3.288,28.798
least-response-time-cache-off-warm500,130,3,14.0538,51.921,48.509,100.430,sea,jane-eyre-an-autobiography,1,,server-2,0,6,13,16.111,3.288,27.011
least-response-time-cache-off-warm500,130,3,14.0615,49.318,54.432,103.751,love,the-secret-garden-17396,1,,server-2,0,7,13,16.111,3.288,38.933
least-response-time-cache-off-warm500,130,3,14.0692,57.895,62.049,119.945,the,dracula,1,,server-2,0,8,13,16.111,6.208,38.933
least-response-time-cache-off-warm500,130,3,14.0769,77.478,45.294,122.772,she,the-mysterious-affair-at-styles,1,,server-2,0,9,13,16.111,6.208,32.729
least-response-time-cache-off-warm500,130,3,14.0846,82.956,52.267,135.223,she,poirot-investigates,1,,server-2,0,10,11,16.111,13.657,49.226
least-response-time-cache-off-warm500,130,3,14.0923,73.271,56.260,129.531,london,twenty-thousand-leagues-under-the-sea,1,,server-2,0,11,11,16.111,13.657,49.226
least-response-time-cache-off-warm500,130,3,14.1000,1.476,13.122,14.598,he,a-princess-of-mars,1,,server-1,1,10,11,16.111,19.871,49.226
least-response-time-cache-off-warm500,130,3,14.1077,7.561,14.627,22.188,letter,the-picture-of-dorian-gray,1,,server-1,2,10,10,8.331,28.836,42.031
least-response-time-cache-off-warm500,130,3,14.1154,1.989,30.813,32.803,letter,the-house-of-the-seven-gables,1,,server-1,2,7,10,4.362,22.192,60.813
least-response-time-cache-off-warm500,130,3,14.1231,7.032,42.852,49.883,was,the-secret-garden-17396,1,,server-1,3,7,10,2.482,22.192,51.352
least-response-time-cache-off-warm500,130,3,14.1308,19.696,79.451,99.147,of,northanger-abbey,1,,server-1,3,7,10,2.717,25.708,51.008
least-response-time-cache-off-warm500,130,3,14.1385,12.613,46.621,59.234,london,the-jungle,1,,server-1,4,7,10,2.717,25.708,51.008
least-response-time-cache-off-warm500,130,3,14.1462,4.668,23.039,27.706,she,herland,1,,server-1,5,7,10,2.717,25.708,71.427
least-response-time-cache-off-warm500,130,3,14.1538,9.596,91.862,101.458,death,thus-spake-zarathustra-a-book-for-all-and-none,1,,server-1,5,6,8,3.471,34.702,72.582
least-response-time-cache-off-warm500,130,3,14.1615,32.909,57.632,90.541,night,emma,1,,server-1,6,6,8,5.652,33.126,72.582
least-response-time-cache-off-warm500,130,3,14.1692,28.653,87.837,116.490,she,the-first-men-in-the-moon,1,,server-1,7,5,5,4.084,15.595,46.285
least-response-time-cache-off-warm500,130,3,14.1769,34.196,63.592,97.788,love,the-scarlet-letter-33,1,,server-1,6,5,5,8.257,15.595,46.285
least-response-time-cache-off-warm500,130,3,14.1846,63.211,122.874,186.085,castle,the-last-of-the-mohicans-a-narrative-of-1757-27681,1,,server-1,7,5,5,8.257,15.595,46.285
least-response-time-cache-off-warm500,130,3,14.1923,60.078,51.916,111.993,she,the-house-of-the-seven-gables,1,,server-1,8,4,5,8.257,20.611,46.285
least-response-time-cache-off-warm500,130,3,14.2000,57.058,113.943,171.001,the,desert-gold,1,,server-1,9,3,5,13.837,17.492,46.285
least-response-time-cache-off-warm500,130,3,14.2077,50.764,88.098,138.862,of,autobiography-of-benjamin-franklin,1,,server-1,10,3,5,13.837,17.492,46.285
least-response-time-cache-off-warm500,130,3,14.2154,43.145,129.879,173.024,night,far-from-the-madding-crowd,1,,server-1,11,3,5,15.310,17.492,54.784
least-response-time-cache-off-warm500,130,3,14.2231,37.196,129.516,166.711,house,pride-and-prejudice,1,,server-1,12,0,5,15.310,19.743,54.784
least-response-time-cache-off-warm500,130,3,14.2308,1.441,23.145,24.585,king,jude-the-obscure,1,,server-2,11,1,5,30.076,19.743,54.784
least-response-time-cache-off-warm500,130,3,14.2385,17.528,59.717,77.245,london,the-house-of-mirth,1,,server-2,11,2,2,30.076,10.187,31.371
least-response-time-cache-off-warm500,130,3,14.2462,9.996,42.639,52.635,was,mary-barton,1,,server-2,11,3,1,30.076,10.187,31.371
least-response-time-cache-off-warm500,130,3,14.2538,3.062,56.874,59.936,letter,around-the-world-in-eighty-days,1,,server-2,10,4,0,24.506,10.187,26.483
least-response-time-cache-off-warm500,130,3,14.2615,51.916,21.384,73.300,love,anne-of-green-gables,1,,server-2,8,4,0,9.414,2.395,26.483
least-response-time-cache-off-warm500,130,3,14.2692,48.353,85.560,133.913,king,madame-bovary,1,,server-2,8,5,0,9.414,2.395,26.483
least-response-time-cache-off-warm500,130,3,14.2769,40.498,29.303,69.800,castle,black-beauty,1,,server-2,8,6,0,13.759,2.395,26.483
least-response-time-cache-off-warm500,130,3,14.2846,35.060,101.635,136.694,money,the-scarlet-letter,1,,server-2,8,7,0,13.759,2.395,26.483
least-response-time-cache-off-warm500,130,3,14.2923,27.196,50.486,77.682,house,a-tale-of-two-cities,1,,server-2,7,8,0,15.096,2.395,26.483
least-response-time-cache-off-warm500,130,3,14.3000,35.161,48.713,83.874,whale,the-adventures-of-tom-sawyer-complete,1,,server-2,7,9,0,15.096,10.363,26.483
least-response-time-cache-off-warm500,130,3,14.3077,41.955,131.036,172.991,money,the-divine-comedy,1,,server-2,6,10,0,17.560,10.363,26.483
least-response-time-cache-off-warm500,130,3,14.3154,55.841,40.824,96.665,letter,mansfield-park,1,,server-1,7,10,0,17.560,21.260,26.483
least-response-time-cache-off-warm500,130,3,14.3231,59.572,94.611,154.182,was,the-warden,1,,server-2,7,8,0,17.560,8.328,26.483
least-response-time-cache-off-warm500,130,3,14.3308,73.794,63.144,136.938,horse,oliver-twist,1,,server-2,7,9,0,17.560,8.328,26.483
least-response-time-cache-off-warm500,130,3,14.3385,67.283,75.961,143.244,whale,washington-square,1,,server-2,7,10,0,17.560,8.105,26.483
least-response-time-cache-off-warm500,130,3,14.3462,75.351,103.439,178.790,love,adventures-of-huckleberry-finn,1,,server-2,6,11,0,31.505,13.892,26.483
least-response-time-cache-off-warm500,130,3,14.3538,114.162,56.620,170.782,whale,the-picture-of-dorian-gray,1,,server-2,6,11,0,31.505,11.918,26.483
least-response-time-cache-off-warm500,130,3,14.3615,120.465,88.949,209.414,she,a-journey-to-the-centre-of-the-earth,1,,server-2,6,12,0,31.505,11.918,26.483
least-response-time-cache-off-warm500,130,3,14.3692,116.734,126.664,243.398,was,north-and-south,1,,server-2,6,13,0,31.505,11.918,26.483
least-response-time-cache-off-warm500,130,3,14.3769,107.004,85.505,192.509,whale,oliver-twist,1,,server-2,6,12,0,36.116,22.039,26.483
least-response-time-cache-off-warm500,130,3,14.3846,1.514,27.073,28.587,letter,the-last-of-the-mohicans-a-narrative-of-1757,1,,server-3,6,12,1,36.116,30.900,26.483
least-response-time-cache-off-warm500,130,3,14.3923,21.685,48.510,70.195,was,silas-marner,1,,server-3,1,12,2,39.825,30.900,13.643
least-response-time-cache-off-warm500,130,3,14.4000,14.324,42.947,57.271,you,the-secret-garden,1,,server-3,1,12,3,39.825,30.900,13.643
least-response-time-cache-off-warm500,130,3,14.4077,6.782,45.576,52.358,letter,a-connecticut-yankee-in-king-arthur-s-court,1,,server-3,1,10,4,39.825,26.362,13.643
least-response-time-cache-off-warm500,130,3,14.4154,3.161,67.606,70.767,the,the-last-of-the-mohicans-a-narrative-of-1757,1,,server-3,0,10,4,29.597,26.362,3.479
least-response-time-cache-off-warm500,130,3,14.4231,40.893,55.175,96.068,whale,beyond-good-and-evil,1,,server-3,0,10,5,29.597,21.864,2.246
least-response-time-cache-off-warm500,130,3,14.4308,49.829,95.824,145.653,he,madame-bovary,1,,server-3,0,10,6,29.597,21.864,2.246
least-response-time-cache-off-warm500,130,3,14.4385,42.330,91.668,133.998,was,the-tenant-of-wildfell-hall,1,,server-3,0,10,7,29.597,21.864,2.246
least-response-time-cache-off-warm500,130,3,14.4462,40.337,36.873,77.210,money,thus-spake-zarathustra-a-book-for-all-and-none,1,,server-3,0,9,8,29.597,35.197,2.246
least-response-time-cache-off-warm500,130,3,14.4538,36.883,96.929,133.812,death,a-princess-of-mars,1,,server-3,0,9,9,29.597,35.197,2.246
least-response-time-cache-off-warm500,130,3,14.4615,29.685,156.485,186.171,heart,the-first-men-in-the-moon,1,,server-3,0,9,10,29.597,47.633,20.747
least-response-time-cache-off-warm500,130,3,14.4692,54.396,184.415,238.811,whale,life-on-the-mississippi,1,,server-3,0,9,8,29.597,45.086,18.884
least-response-time-cache-off-warm500,130,3,14.4769,47.432,78.534,125.965,love,the-secret-garden-17396,1,,server-3,0,9,9,29.597,45.086,18.884
least-response-time-cache-off-warm500,130,3,14.4846,40.806,175.801,216.608,you,the-innocents-abroad,1,,server-3,0,7,10,29.597,20.126,16.838
least-response-time-cache-off-warm500,130,3,14.4923,80.117,60.530,140.647,of,the-jungle,1,,server-3,0,5,10,29.597,31.335,12.059
least-response-time-cache-off-warm500,130,3,14.5000,73.528,55.800,129.328,king,the-adventures-of-tom-sawyer-complete,1,,server-3,0,5,11,29.597,31.335,12.059
least-response-time-cache-off-warm500,130,3,14.5077,122.554,95.660,218.215,was,the-divine-comedy,1,,server-3,0,5,12,29.597,28.199,14.719
least-response-time-cache-off-warm500,130,3,14.5154,74.355,112.936,187.292,london,the-lost-world,1,,server-3,0,5,13,29.597,28.199,14.719
least-response-time-cache-off-warm500,130,3,14.5231,7.599,77.275,84.875,house,the-adventures-of-sherlock-holmes,1,,server-2,0,6,13,29.597,28.199,28.351
least-response-time-cache-off-warm500,130,3,14.5308,98.458,110.436,208.894,death,the-secret-garden-17396,1,,server-3,0,4,14,29.597,19.833,15.633
least-response-time-cache-off-warm500,130,3,14.5385,96.160,169.299,265.459,love,the-first-men-in-the-moon,1,,server-3,0,4,15,29.597,17.139,15.633
least-response-time-cache-off-warm500,130,3,14.5462,103.256,107.258,210.514,night,the-scarlet-letter,1,,server-3,0,4,16,29.597,17.139,15.633
least-response-time-cache-off-warm500,130,3,14.5538,40.387,52.332,92.718,london,the-scarlet-letter,1,,server-2,0,5,16,29.597,17.139,27.834
least-response-time-cache-off-warm500,130,3,14.5615,51.365,33.659,85.025,letter,grimms-fairy-tales,1,,server-2,0,6,16,29.597,17.139,27.834
least-response-time-cache-off-warm500,130,3,14.5692,80.504,140.188,220.691,heart,great-expectations,1,,server-3,0,6,17,29.597,30.505,27.834
least-response-time-cache-off-warm500,130,3,14.5769,1.679,26.467,28.146,house,the-adventures-of-ferdinand-count-fathom-complete,1,,server-1,1,6,15,29.597,42.029,35.889
least-response-time-cache-off-warm500,130,3,14.5846,20.733,78.581,99.314,you,the-mysterious-island,1,,server-1,2,6,13,15.220,42.029,35.889
least-response-time-cache-off-warm500,130,3,14.5923,13.405,48.928,62.333,castle,the-mysterious-island,1,,server-1,3,6,13,15.220,42.029,32.415
least-response-time-cache-off-warm500,130,3,14.6000,6.233,45.461,51.694,money,desperate-remedies,1,,server-1,4,5,13,15.220,29.284,32.415
least-response-time-cache-off-warm500,130,3,14.6077,53.011,86.962,139.972,letter,the-house-of-mirth,1,,server-1,4,4,13,3.414,34.473,32.489
least-response-time-cache-off-warm500,130,3,14.6154,64.530,18.537,83.066,letter,the-adventures-of-tom-sawyer-complete,1,,server-1,5,2,13,3.414,21.942,32.489
least-response-time-cache-off-warm500,130,3,14.6231,61.410,57.306,118.715,and,the-iliad-2199,1,,server-1,6,2,13,3.414,21.942,32.489
least-response-time-cache-off-warm500,130,3,14.6308,56.840,110.156,166.996,london,the-age-of-innocence,1,,server-1,7,2,12,3.414,21.942,39.008
least-response-time-cache-off-warm500,130,3,14.6385,47.571,79.364,126.936,heart,persuasion,1,,server-1,8,2,10,3.414,21.942,22.272
least-response-time-cache-off-warm500,130,3,14.6462,41.555,94.807,136.362,heart,thus-spake-zarathustra-a-book-for-all-and-none,1,,server-1,9,2,10,3.414,21.942,37.528
least-response-time-cache-off-warm500,130,3,14.6538,1.624,29.805,31.429,she,the-iliad,1,,server-2,9,1,8,21.289,17.074,31.631
least-response-time-cache-off-warm500,130,3,14.6615,24.326,28.110,52.436,she,mansfield-park,1,,server-2,9,2,8,23.656,8.812,31.631
least-response-time-cache-off-warm500,130,3,14.6692,17.203,82.619,99.823,was,dracula,1,,server-2,9,3,8,23.656,8.812,31.631
least-response-time-cache-off-warm500,130,3,14.6769,10.067,56.458,66.525,of,life-on-the-mississippi,1,,server-2,9,4,8,23.656,8.812,31.631
least-response-time-cache-off-warm500,130,3,14.6846,2.108,79.002,81.110,money,the-great-gatsby,1,,server-2,6,5,8,26.634,8.812,31.631
least-response-time-cache-off-warm500,130,3,14.6923,47.149,64.990,112.140,sea,the-adventures-of-ferdinand-count-fathom-complete,1,,server-2,6,5,8,11.170,2.223,31.631
least-response-time-cache-off-warm500,130,3,14.7000,39.780,60.135,99.914,she,herland,1,,server-2,6,6,8,11.750,2.223,31.631
least-response-time-cache-off-warm500,130,3,14.7077,58.486,91.937,150.423,letter,mansfield-park,1,,server-2,6,7,6,11.750,2.223,65.513
least-response-time-cache-off-warm500,130,3,14.7154,54.909,50.303,105.212,night,white-fang,1,,server-2,6,8,6,11.750,7.267,65.513
least-response-time-cache-off-warm500,130,3,14.7231,49.227,88.500,137.727,castle,the-adventures-of-sherlock-holmes,1,,server-2,6,9,6,11.750,7.267,65.513
least-response-time-cache-off-warm500,130,3,14.7308,33.200,45.487,78.688,whale,the-secret-garden-17396,1,,server-1,7,9,6,11.750,14.654,56.963
least-response-time-cache-off-warm500,130,3,14.7385,35.492,124.473,159.965,castle,the-secret-adversary,1,,server-2,7,10,6,17.308,14.654,56.963
least-response-time-cache-off-warm500,130,3,14.7462,27.926,110.703,138.628,king,far-from-the-madding-crowd,1,,server-2,6,11,4,31.211,19.841,59.672
least-response-time-cache-off-warm500,130,3,14.7538,104.070,67.113,171.183,love,madame-bovary,1,,server-2,5,12,4,28.834,19.841,59.672
least-response-time-cache-off-warm500,130,3,14.7615,123.300,64.147,187.446,sea,oliver-twist,1,,server-2,5,13,2,28.834,19.841,41.138
least-response-time-cache-off-warm500,130,3,14.7692,27.920,29.075,56.994,love,a-journey-to-the-centre-of-the-earth,1,,server-1,4,12,2,22.165,33.231,41.138
least-response-time-cache-off-warm500,130,3,14.7769,123.187,85.226,208.412,money,kidnapped,1,,server-2,4,10,2,22.165,10.842,41.138
least-response-time-cache-off-warm500,130,3,14.7846,115.901,85.027,200.928,whale,the-prince,1,,server-2,3,11,2,25.597,10.842,41.138
least-response-time-cache-off-warm500,130,3,14.7923,108.673,84.110,192.783,heart,myths-and-legends-of-ancient-greece-and-rome,1,,server-2,3,12,2,25.597,10.842,49.922
least-response-time-cache-off-warm500,130,3,14.8000,10.570,49.720,60.290,and,the-portrait-of-a-lady-volume-1,1,,server-1,3,12,2,18.968,23.732,49.922
least-response-time-cache-off-warm500,130,3,14.8077,3.357,51.856,55.213,she,the-american,1,,server-1,4,11,0,18.968,28.251,43.262
least-response-time-cache-off-warm500,130,3,14.8154,12.276,53.142,65.418,house,the-lost-world,1,,server-1,4,11,0,5.894,28.251,43.262
least-response-time-cache-off-warm500,130,3,14.8231,4.780,123.859,128.639,letter,life-on-the-mississippi,1,,server-1,5,10,0,5.894,29.805,43.262
least-response-time-cache-off-warm500,130,3,14.8308,32.265,84.678,116.943,death,far-from-the-madding-crowd,1,,server-1,5,10,0,3.552,29.805,43.262
least-response-time-cache-off-warm500,130,3,14.8385,24.683,81.850,106.532,of,a-tale-of-two-cities,1,,server-1,6,10,0,3.552,29.805,43.262
least-response-time-cache-off-warm500,130,3,14.8462,22.402,147.943,170.345,king,mansfield-park,1,,server-1,7,10,0,3.552,29.805,43.262
least-response-time-cache-off-warm500,130,3,14.8538,15.418,119.928,135.346,you,frankenstein-or-the-modern-prometheus-41445,1,,server-1,8,10,0,3.552,29.805,43.262
least-response-time-cache-off-warm500,130,3,14.8615,58.701,89.654,148.355,king,the-divine-comedy,1,,server-1,9,9,0,16.881,55.275,43.262
least-response-time-cache-off-warm500,130,3,14.8692,12.082,150.631,162.714,the,frankenstein-or-the-modern-prometheus,1,,server-1,8,9,0,5.904,55.275,43.262
least-response-time-cache-off-warm500,130,3,14.8769,87.256,112.689,199.945,was,his-last-bow,1,,server-1,9,9,0,5.904,55.275,43.262
least-response-time-cache-off-warm500,130,3,14.8846,104.767,89.415,194.182,house,the-secret-garden-17396,1,,server-1,10,9,0,10.105,43.505,43.262
least-response-time-cache-off-warm500,130,3,14.8923,124.820,79.648,204.468,love,persuasion,1,,server-1,11,9,0,10.105,43.505,43.262
least-response-time-cache-off-warm500,130,3,14.9000,89.692,75.698,165.391,castle,far-from-the-madding-crowd,1,,server-1,11,5,0,10.105,48.144,43.262
least-response-time-cache-off-warm500,130,3,14.9077,111.305,180.726,292.031,was,the-innocents-abroad,1,,server-1,12,5,0,10.105,24.894,43.262
least-response-time-cache-off-warm500,130,3,14.9154,114.819,78.421,193.240,sea,the-secret-garden-17396,1,,server-1,13,5,0,10.105,24.894,43.262
least-response-time-cache-off-warm500,130,3,14.9231,172.011,120.621,292.632,house,the-tenant-of-wildfell-hall,1,,server-1,14,5,0,15.808,23.716,43.262
least-response-time-cache-off-warm500,130,3,14.9308,145.454,90.620,236.074,heart,the-tenant-of-wildfell-hall,1,,server-1,15,5,0,15.808,21.921,43.262
least-response-time-cache-off-warm500,130,3,14.9385,158.873,120.622,279.495,was,the-last-of-the-mohicans-a-narrative-of-1757-27681,1,,server-1,16,5,0,15.808,21.921,43.262
least-response-time-cache-off-warm500,130,3,14.9462,29.440,23.974,53.413,the,the-lost-world,1,,server-2,16,6,0,36.530,21.921,43.262
least-response-time-cache-off-warm500,130,3,14.9538,32.399,37.413,69.813,you,the-hound-of-the-baskervilles,1,,server-2,16,6,0,47.473,27.613,43.262
least-response-time-cache-off-warm500,130,3,14.9615,24.599,123.491,148.090,he,the-american,1,,server-2,16,7,0,47.473,22.148,43.262
least-response-time-cache-off-warm500,130,3,14.9692,19.097,118.009,137.107,king,the-secret-garden,1,,server-2,13,8,0,47.043,22.148,43.262
least-response-time-cache-off-warm500,130,3,14.9769,10.658,118.603,129.261,he,walden-and-on-the-duty-of-civil-disobedience,1,,server-2,13,9,0,47.043,20.576,43.262
least-response-time-cache-off-warm500,130,3,14.9846,3.883,83.766,87.650,night,emma,1,,server-2,13,10,0,47.043,41.701,43.262
least-response-time-cache-off-warm500,130,3,14.9923,10.104,104.381,114.485,love,the-wind-in-the-willows,1,,server-2,13,7,0,35.900,2.845,43.262
