label,rate,run,t_s,conn_ms,rpc_ms,total_ms,keyword,reference,ok,error_type,selected_server,server_1_connections,server_2_connections,server_3_connections,server_1_response_ewma_ms,server_2_response_ewma_ms,server_3_response_ewma_ms
cache-off-warm100,110,2,0.0000,0.803,27.130,27.932,he,the-vicomte-de-bragelonne,1,,server-1,1,0,0,,,
cache-off-warm100,110,2,0.0091,19.500,41.131,60.632,king,desperate-remedies,1,,server-1,2,0,0,,,
cache-off-warm100,110,2,0.0182,10.587,44.263,54.851,death,dracula,1,,server-1,3,0,0,,,
cache-off-warm100,110,2,0.0273,1.733,62.870,64.603,of,the-lost-world,1,,server-1,4,0,0,,,
cache-off-warm100,110,2,0.0364,52.916,89.209,142.124,house,the-house-of-the-seven-gables,1,,server-1,4,0,0,,,
cache-off-warm100,110,2,0.0455,44.080,57.871,101.951,castle,the-portrait-of-a-lady-volume-1,1,,server-1,5,0,0,,,
cache-off-warm100,110,2,0.0545,39.234,55.987,95.221,king,myths-and-legends-of-ancient-greece-and-rome,1,,server-1,6,0,0,,,
cache-off-warm100,110,2,0.0636,114.979,88.088,203.067,heart,the-mysterious-affair-at-styles,1,,server-1,7,0,0,,,
cache-off-warm100,110,2,0.0727,27.057,96.215,123.272,king,the-scarlet-letter-33,1,,server-1,8,0,0,,,
cache-off-warm100,110,2,0.0818,65.744,70.063,135.807,death,the-warden,1,,server-1,8,0,0,,,
cache-off-warm100,110,2,0.0909,59.301,130.615,189.916,and,meditations,1,,server-1,9,0,0,,,
cache-off-warm100,110,2,0.1000,53.343,52.643,105.986,king,persuasion,1,,server-1,8,0,0,,,
cache-off-warm100,110,2,0.1091,67.551,63.472,131.023,the,jude-the-obscure,1,,server-1,9,0,0,,,
cache-off-warm100,110,2,0.1182,76.076,118.963,195.039,castle,the-jungle,1,,server-1,10,0,0,,,
cache-off-warm100,110,2,0.1273,56.116,146.280,202.396,horse,dubliners,1,,server-1,11,0,0,,,
cache-off-warm100,110,2,0.1364,101.270,198.962,300.232,heart,the-innocents-abroad,1,,server-1,12,0,0,,,
cache-off-warm100,110,2,0.1455,169.554,64.735,234.289,she,madame-bovary,1,,server-1,13,0,0,,,
cache-off-warm100,110,2,0.1545,160.827,126.293,287.120,death,leaves-of-grass,1,,server-1,12,0,0,,,
cache-off-warm100,110,2,0.1636,184.225,343.644,527.869,he,the-romance-of-lust-a-classic-victorian-erotic-novel,1,,server-1,13,0,0,,,
cache-off-warm100,110,2,0.1727,204.395,238.202,442.597,was,thus-spake-zarathustra-a-book-for-all-and-none,1,,server-1,14,0,0,,,
cache-off-warm100,110,2,0.1818,198.445,315.925,514.370,money,the-memoirs-of-sherlock-holmes,1,,server-1,14,0,0,,,
cache-off-warm100,110,2,0.1909,213.786,81.407,295.193,heart,the-kama-sutra-of-vatsyayana,1,,server-1,15,0,0,,,
cache-off-warm100,110,2,0.2000,244.149,224.105,468.254,death,around-the-world-in-eighty-days,1,,server-1,16,0,0,,,
cache-off-warm100,110,2,0.2091,239.933,118.919,358.851,horse,desperate-remedies,1,,server-1,17,0,0,,,
cache-off-warm100,110,2,0.2182,193.418,256.548,449.966,death,jane-eyre-an-autobiography,1,,server-1,18,0,0,,,
cache-off-warm100,110,2,0.2273,183.655,72.308,255.963,heart,the-portrait-of-a-lady-volume-1,1,,server-1,19,0,0,,,
cache-off-warm100,110,2,0.2364,208.133,187.382,395.515,night,desperate-remedies,1,,server-1,20,0,0,,,
cache-off-warm100,110,2,0.2455,242.701,333.436,576.137,sea,autobiography-of-benjamin-franklin,1,,server-1,19,0,0,,,
cache-off-warm100,110,2,0.2545,294.024,138.879,432.904,horse,the-kama-sutra-of-vatsyayana,1,,server-1,20,0,0,,,
cache-off-warm100,110,2,0.2636,285.343,185.268,470.612,was,autobiography-of-benjamin-franklin,1,,server-1,21,0,0,,,
cache-off-warm100,110,2,0.2727,359.953,88.019,447.971,he,the-picture-of-dorian-gray,1,,server-1,20,0,0,,,
cache-off-warm100,110,2,0.2818,404.351,136.989,541.341,sea,a-connecticut-yankee-in-king-arthur-s-court,1,,server-1,21,0,0,,,
cache-off-warm100,110,2,0.2909,400.874,60.640,461.514,was,black-beauty,1,,server-1,22,0,0,,,
cache-off-warm100,110,2,0.3000,452.942,115.503,568.445,horse,the-return-of-sherlock-holmes,1,,server-1,23,0,0,,,
cache-off-warm100,110,2,0.3091,389.698,176.183,565.881,castle,walden-and-on-the-duty-of-civil-disobedience,1,,server-1,24,0,0,,,
cache-off-warm100,110,2,0.3182,401.005,101.128,502.133,love,the-mysterious-island,1,,server-1,23,0,0,,,
cache-off-warm100,110,2,0.3273,422.518,243.470,665.988,house,white-fang,1,,server-1,24,0,0,,,
cache-off-warm100,110,2,0.3364,448.923,218.796,667.719,letter,frankenstein-or-the-modern-prometheus,1,,server-1,23,0,0,,,
cache-off-warm100,110,2,0.3455,522.903,122.672,645.576,the,madame-bovary,1,,server-1,24,0,0,,,
cache-off-warm100,110,2,0.3545,516.730,127.159,643.889,sea,the-portrait-of-a-lady-volume-1,1,,server-1,25,0,0,,,
cache-off-warm100,110,2,0.3636,518.583,181.780,700.363,letter,the-works-of-edgar-allan-poe-volume-2,1,,server-1,26,0,0,,,
cache-off-warm100,110,2,0.3727,508.737,223.285,732.022,and,madame-bovary,1,,server-1,27,0,0,,,
cache-off-warm100,110,2,0.3818,503.031,218.205,721.235,was,jude-the-obscure,1,,server-1,28,0,0,,,
cache-off-warm100,110,2,0.3909,506.542,200.294,706.835,letter,the-first-men-in-the-moon,1,,server-1,29,0,0,,,
cache-off-warm100,110,2,0.4000,685.103,102.912,788.015,whale,the-innocents-abroad,1,,server-1,30,0,0,,,
cache-off-warm100,110,2,0.4091,590.333,37.062,627.395,king,black-beauty,1,,server-1,31,0,0,,,
cache-off-warm100,110,2,0.4182,595.369,148.052,743.421,the,the-vicomte-de-bragelonne,1,,server-1,32,0,0,,,
cache-off-warm100,110,2,0.4273,622.160,108.550,730.710,you,emma,1,,server-1,33,0,0,,,
cache-off-warm100,110,2,0.4364,656.001,147.906,803.907,letter,washington-square,1,,server-1,34,0,0,,,
cache-off-warm100,110,2,0.4455,659.276,92.946,752.222,the,the-kama-sutra-of-vatsyayana,1,,server-1,34,0,0,,,
cache-off-warm100,110,2,0.4545,703.766,87.023,790.789,london,the-tenant-of-wildfell-hall,1,,server-1,35,0,0,,,
cache-off-warm100,110,2,0.4636,726.168,155.329,881.497,horse,the-mystery-of-edwin-drood,1,,server-1,36,0,0,,,
cache-off-warm100,110,2,0.4727,722.668,205.143,927.810,she,the-divine-comedy,1,,server-1,36,0,0,,,
cache-off-warm100,110,2,0.4818,713.352,87.964,801.316,heart,the-memoirs-of-sherlock-holmes,1,,server-1,37,0,0,,,
cache-off-warm100,110,2,0.4909,707.908,146.247,854.155,king,frankenstein-or-the-modern-prometheus,1,,server-1,37,0,0,,,
cache-off-warm100,110,2,0.5000,696.684,137.121,833.805,money,the-mystery-of-edwin-drood,1,,server-1,38,0,0,,,
cache-off-warm100,110,2,0.5091,690.006,147.266,837.272,castle,the-secret-garden-17396,1,,server-1,39,0,0,,,
cache-off-warm100,110,2,0.5182,730.430,119.663,850.094,horse,wuthering-heights,1,,server-1,40,0,0,,,
cache-off-warm100,110,2,0.5273,782.465,88.666,871.131,house,treasure-island,1,,server-1,41,0,0,,,
cache-off-warm100,110,2,0.5364,864.932,10.058,874.990,money,the-jungle-book,1,,server-1,42,0,0,,,
cache-off-warm100,110,2,0.5455,856.931,70.017,926.948,london,dracula,1,,server-1,43,0,0,,,
cache-off-warm100,110,2,0.5545,847.791,84.795,932.586,castle,the-tenant-of-wildfell-hall,1,,server-1,44,0,0,,,
cache-off-warm100,110,2,0.5636,839.052,184.210,1023.263,night,the-picture-of-dorian-gray,1,,server-1,45,0,0,,,
cache-off-warm100,110,2,0.5727,836.744,81.515,918.259,night,autobiography-of-benjamin-franklin,1,,server-1,44,0,0,,,
cache-off-warm100,110,2,0.5818,828.053,178.809,1006.862,money,the-works-of-edgar-allan-poe-volume-2,1,,server-1,45,0,0,,,
cache-off-warm100,110,2,0.5909,825.709,246.281,1071.990,london,persuasion,1,,server-1,46,0,0,,,
cache-off-warm100,110,2,0.6000,815.301,132.268,947.569,death,the-scarlet-letter-33,1,,server-1,47,0,0,,,
cache-off-warm100,110,2,0.6091,809.470,131.138,940.608,heart,black-beauty,1,,server-1,48,0,0,,,
cache-off-warm100,110,2,0.6182,800.073,197.573,997.646,whale,the-picture-of-dorian-gray,1,,server-1,49,0,0,,,
cache-off-warm100,110,2,0.6273,843.213,192.616,1035.829,whale,emma,1,,server-1,48,0,0,,,
cache-off-warm100,110,2,0.6364,915.838,103.322,1019.160,of,the-picture-of-dorian-gray,1,,server-1,49,0,0,,,
cache-off-warm100,110,2,0.6455,1020.136,172.963,1193.099,horse,wuthering-heights,1,,server-1,50,0,0,,,
cache-off-warm100,110,2,0.6545,999.428,85.912,1085.340,house,the-adventures-of-tom-sawyer-complete,1,,server-1,51,0,0,,,
cache-off-warm100,110,2,0.6636,1001.089,192.729,1193.818,and,wuthering-heights,1,,server-1,52,0,0,,,
cache-off-warm100,110,2,0.6727,993.610,73.010,1066.620,the,the-odyssey,1,,server-1,52,0,0,,,
cache-off-warm100,110,2,0.6818,987.945,116.512,1104.457,of,the-return-of-sherlock-holmes-108,1,,server-1,53,0,0,,,
cache-off-warm100,110,2,0.6909,985.052,133.349,1118.400,love,desperate-remedies,1,,server-1,52,0,0,,,
cache-off-warm100,110,2,0.7000,979.430,359.528,1338.958,he,silas-marner,1,,server-1,51,0,0,,,
cache-off-warm100,110,2,0.7091,982.629,226.795,1209.424,she,leaves-of-grass,1,,server-1,52,0,0,,,
cache-off-warm100,110,2,0.7182,1067.886,111.268,1179.154,whale,the-return-of-sherlock-holmes,1,,server-1,53,0,0,,,
cache-off-warm100,110,2,0.7273,1079.963,115.655,1195.618,sea,the-prince,1,,server-1,54,0,0,,,
cache-off-warm100,110,2,0.7364,1210.279,172.813,1383.093,night,treasure-island,1,,server-1,54,0,0,,,
cache-off-warm100,110,2,0.7455,1100.968,188.768,1289.736,letter,villette,1,,server-1,55,0,0,,,
cache-off-warm100,110,2,0.7545,1103.145,174.318,1277.464,king,the-secret-garden,1,,server-1,54,0,0,,,
cache-off-warm100,110,2,0.7636,1148.066,203.693,1351.760,horse,the-divine-comedy,1,,server-1,54,0,0,,,
cache-off-warm100,110,2,0.7727,1167.799,138.242,1306.041,you,emma,1,,server-1,55,0,0,,,
cache-off-warm100,110,2,0.7818,1164.090,216.426,1380.516,night,the-jungle-book,1,,server-1,56,0,0,,,
cache-off-warm100,110,2,0.7909,1168.458,132.943,1301.401,love,northanger-abbey,1,,server-1,57,0,0,,,
cache-off-warm100,110,2,0.8000,1207.202,219.357,1426.558,horse,anne-of-green-gables,1,,server-1,58,0,0,,,
cache-off-warm100,110,2,0.8091,1230.210,103.779,1333.989,house,the-wind-in-the-willows,1,,server-1,59,0,0,,,
cache-off-warm100,110,2,0.8182,1302.264,108.431,1410.695,death,the-portrait-of-a-lady-volume-1,1,,server-1,60,0,0,,,
cache-off-warm100,110,2,0.8273,1328.988,83.923,1412.912,house,frankenstein-or-the-modern-prometheus,1,,server-1,58,0,0,,,
cache-off-warm100,110,2,0.8364,1341.629,91.850,1433.479,love,treasure-island,1,,server-1,59,0,0,,,
cache-off-warm100,110,2,0.8455,1396.286,74.303,1470.589,death,white-fang,1,,server-1,60,0,0,,,
cache-off-warm100,110,2,0.8545,1387.628,110.761,1498.389,night,meditations,1,,server-1,61,0,0,,,
cache-off-warm100,110,2,0.8636,1408.849,157.765,1566.614,death,walden-and-on-the-duty-of-civil-disobedience,1,,server-1,62,0,0,,,
cache-off-warm100,110,2,0.8727,1402.624,82.944,1485.567,he,the-portrait-of-a-lady-volume-1,1,,server-1,63,0,0,,,
cache-off-warm100,110,2,0.8818,1388.916,320.234,1709.149,castle,the-divine-comedy,1,,server-1,63,0,0,,,
cache-off-warm100,110,2,0.8909,1389.795,195.930,1585.724,you,the-warden,1,,server-1,64,0,0,,,
cache-off-warm100,110,2,0.9000,1382.166,197.875,1580.041,sea,walden-and-on-the-duty-of-civil-disobedience,1,,server-1,65,0,0,,,
cache-off-warm100,110,2,0.9091,1441.678,150.582,1592.260,castle,the-portrait-of-a-lady-volume-1,1,,server-1,66,0,0,,,
cache-off-warm100,110,2,0.9182,1416.766,113.209,1529.975,whale,a-princess-of-mars,1,,server-1,67,0,0,,,
cache-off-warm100,110,2,0.9273,1431.362,250.544,1681.907,the,the-iliad,1,,server-1,68,0,0,,,
cache-off-warm100,110,2,0.9364,1413.764,125.257,1539.021,horse,the-great-gatsby,1,,server-1,69,0,0,,,
cache-off-warm100,110,2,0.9455,1432.946,148.196,1581.142,she,the-mystery-of-edwin-drood,1,,server-1,70,0,0,,,
cache-off-warm100,110,2,0.9545,1476.753,136.256,1613.009,king,persuasion,1,,server-1,71,0,0,,,
cache-off-warm100,110,2,0.9636,1513.512,161.927,1675.439,sea,the-picture-of-dorian-gray,1,,server-1,72,0,0,,,
cache-off-warm100,110,2,0.9727,1643.389,45.000,1688.389,money,his-last-bow,1,,server-1,73,0,0,,,
cache-off-warm100,110,2,0.9818,1680.533,109.071,1789.603,was,meditations,1,,server-1,74,0,0,,,
cache-off-warm100,110,2,0.9909,1651.867,103.378,1755.245,money,little-women,1,,server-1,74,0,0,,,
cache-off-warm100,110,2,1.0000,1642.416,39.840,1682.256,horse,the-jungle-book,1,,server-1,74,0,0,,,
cache-off-warm100,110,2,1.0091,1653.878,240.355,1894.233,you,the-memoirs-of-sherlock-holmes,1,,server-1,73,0,0,,,
cache-off-warm100,110,2,1.0182,1645.151,168.715,1813.867,whale,the-portrait-of-a-lady-volume-1,1,,server-1,73,0,0,,,
cache-off-warm100,110,2,1.0273,1658.530,224.381,1882.911,death,beyond-good-and-evil,1,,server-1,74,0,0,,,
cache-off-warm100,110,2,1.0364,1629.387,85.028,1714.415,castle,the-first-men-in-the-moon,1,,server-1,75,0,0,,,
cache-off-warm100,110,2,1.0455,1638.345,224.259,1862.604,death,the-mysterious-island,1,,server-1,76,0,0,,,
cache-off-warm100,110,2,1.0545,1671.905,110.111,1782.016,death,the-last-of-the-mohicans-a-narrative-of-1757,1,,server-1,77,0,0,,,
cache-off-warm100,110,2,1.0636,1844.931,164.543,2009.473,of,desperate-remedies,1,,server-1,78,0,0,,,
cache-off-warm100,110,2,1.0727,1798.005,109.834,1907.839,money,the-jungle,1,,server-1,79,0,0,,,
cache-off-warm100,110,2,1.0818,1828.879,76.607,1905.486,sea,pride-and-prejudice,1,,server-1,80,0,0,,,
cache-off-warm100,110,2,1.0909,1818.187,161.066,1979.254,he,mansfield-park,1,,server-1,81,0,0,,,
cache-off-warm100,110,2,1.1000,1812.813,160.378,1973.191,king,walden-and-on-the-duty-of-civil-disobedience,1,,server-1,82,0,0,,,
cache-off-warm100,110,2,1.1091,1893.106,173.897,2067.003,horse,a-tale-of-two-cities,1,,server-1,79,0,0,,,
cache-off-warm100,110,2,1.1182,1862.674,209.666,2072.340,death,the-picture-of-dorian-gray,1,,server-1,80,0,0,,,
cache-off-warm100,110,2,1.1273,1944.711,100.090,2044.801,she,the-adventures-of-ferdinand-count-fathom-complete,1,,server-1,81,0,0,,,
cache-off-warm100,110,2,1.1364,1935.203,97.951,2033.153,she,the-secret-garden,1,,server-1,82,0,0,,,
cache-off-warm100,110,2,1.1455,1962.090,137.834,2099.924,of,the-hound-of-the-baskervilles,1,,server-1,83,0,0,,,
cache-off-warm100,110,2,1.1545,1923.257,376.322,2299.578,and,life-on-the-mississippi,1,,server-1,84,0,0,,,
cache-off-warm100,110,2,1.1636,1958.914,234.044,2192.958,heart,the-vicomte-de-bragelonne,1,,server-1,83,0,0,,,
cache-off-warm100,110,2,1.1727,2003.812,254.221,2258.033,horse,the-adventures-of-tom-sawyer-complete,1,,server-1,84,0,0,,,
cache-off-warm100,110,2,1.1818,1995.141,99.590,2094.731,sea,autobiography-of-benjamin-franklin,1,,server-1,85,0,0,,,
cache-off-warm100,110,2,1.1909,1986.046,208.170,2194.217,heart,the-wind-in-the-willows,1,,server-1,84,0,0,,,
cache-off-warm100,110,2,1.2000,1989.404,139.157,2128.561,and,the-scarlet-letter-33,1,,server-1,84,0,0,,,
cache-off-warm100,110,2,1.2091,1981.999,168.417,2150.415,house,adventures-of-huckleberry-finn,1,,server-1,85,0,0,,,
cache-off-warm100,110,2,1.2182,2106.169,123.756,2229.924,london,oliver-twist,1,,server-1,86,0,0,,,
cache-off-warm100,110,2,1.2273,2133.145,232.194,2365.338,and,myths-and-legends-of-ancient-greece-and-rome,1,,server-1,87,0,0,,,
cache-off-warm100,110,2,1.2364,2091.963,145.434,2237.396,night,persuasion,1,,server-1,88,0,0,,,
cache-off-warm100,110,2,1.2455,2112.073,217.934,2330.007,castle,north-and-south,1,,server-1,89,0,0,,,
cache-off-warm100,110,2,1.2545,2152.018,91.277,2243.295,was,autobiography-of-benjamin-franklin,1,,server-1,89,0,0,,,
cache-off-warm100,110,2,1.2636,2185.936,91.622,2277.558,the,poirot-investigates,1,,server-1,90,0,0,,,
cache-off-warm100,110,2,1.2727,2177.074,95.049,2272.123,you,a-journey-to-the-centre-of-the-earth,1,,server-1,91,0,0,,,
cache-off-warm100,110,2,1.2818,2192.646,68.087,2260.734,night,the-picture-of-dorian-gray,1,,server-1,92,0,0,,,
cache-off-warm100,110,2,1.2909,2205.184,132.640,2337.824,letter,the-picture-of-dorian-gray,1,,server-1,93,0,0,,,
cache-off-warm100,110,2,1.3000,2199.280,131.918,2331.198,night,the-american,1,,server-1,94,0,0,,,
cache-off-warm100,110,2,1.3091,2233.851,126.614,2360.465,horse,the-vicomte-de-bragelonne,1,,server-1,94,0,0,,,
cache-off-warm100,110,2,1.3182,2257.752,96.444,2354.196,of,sense-and-sensibility,1,,server-1,94,0,0,,,
cache-off-warm100,110,2,1.3273,2266.888,229.096,2495.984,the,the-wind-in-the-willows,1,,server-1,95,0,0,,,
cache-off-warm100,110,2,1.3364,2253.351,241.063,2494.414,king,oliver-twist,1,,server-1,96,0,0,,,
cache-off-warm100,110,2,1.3455,2249.626,231.700,2481.326,king,the-iliad,1,,server-1,97,0,0,,,
cache-off-warm100,110,2,1.3545,2253.348,124.454,2377.801,letter,the-iliad-2199,1,,server-1,98,0,0,,,
cache-off-warm100,110,2,1.3636,2289.261,103.488,2392.748,the,thus-spake-zarathustra-a-book-for-all-and-none,1,,server-1,99,0,0,,,
cache-off-warm100,110,2,1.3727,2300.950,60.392,2361.342,house,the-odyssey,1,,server-1,98,0,0,,,
cache-off-warm100,110,2,1.3818,2291.434,192.531,2483.965,money,the-mysterious-island,1,,server-1,99,0,0,,,
cache-off-warm100,110,2,1.3909,2288.596,203.579,2492.175,king,a-connecticut-yankee-in-king-arthur-s-court,1,,server-1,100,0,0,,,
cache-off-warm100,110,2,1.4000,2463.303,70.762,2534.066,you,the-return-of-sherlock-holmes,1,,server-1,99,0,0,,,
cache-off-warm100,110,2,1.4091,2457.484,234.331,2691.815,death,leaves-of-grass,1,,server-1,97,0,0,,,
cache-off-warm100,110,2,1.4182,2418.024,147.309,2565.333,castle,adventures-of-huckleberry-finn,1,,server-1,97,0,0,,,
cache-off-warm100,110,2,1.4273,2436.206,36.979,2473.185,castle,the-war-of-the-worlds,1,,server-1,98,0,0,,,
cache-off-warm100,110,2,1.4364,2447.804,296.532,2744.336,she,the-mysterious-island,1,,server-1,99,0,0,,,
cache-off-warm100,110,2,1.4455,2442.965,160.412,2603.377,love,memoirs-of-fanny-hill,1,,server-1,100,0,0,,,
cache-off-warm100,110,2,1.4545,2432.379,145.600,2577.980,he,the-secret-garden,1,,server-1,101,0,0,,,
cache-off-warm100,110,2,1.4636,2423.474,113.726,2537.200,the,the-odyssey,1,,server-1,102,0,0,,,
cache-off-warm100,110,2,1.4727,2458.164,114.850,2573.014,you,meditations,1,,server-1,103,0,0,,,
cache-off-warm100,110,2,1.4818,2519.723,151.975,2671.698,the,dracula,1,,server-1,104,0,0,,,
cache-off-warm100,110,2,1.4909,2553.607,106.707,2660.314,and,the-house-of-the-seven-gables,1,,server-1,104,0,0,,,
cache-off-warm100,110,2,1.5000,2627.983,163.261,2791.244,of,grimms-fairy-tales,1,,server-1,104,0,0,,,
cache-off-warm100,110,2,1.5091,2598.452,91.630,2690.082,king,leaves-of-grass,1,,server-1,105,0,0,,,
cache-off-warm100,110,2,1.5182,2610.390,89.325,2699.715,love,walden-and-on-the-duty-of-civil-disobedience,1,,server-1,105,0,0,,,
cache-off-warm100,110,2,1.5273,2627.253,134.053,2761.306,the,the-king-in-yellow,1,,server-1,106,0,0,,,
cache-off-warm100,110,2,1.5364,2683.454,234.846,2918.299,whale,sense-and-sensibility,1,,server-1,107,0,0,,,
cache-off-warm100,110,2,1.5455,2631.639,70.613,2702.252,he,adventures-of-huckleberry-finn,1,,server-1,108,0,0,,,
cache-off-warm100,110,2,1.5545,2766.047,147.876,2913.923,whale,the-warden,1,,server-1,108,0,0,,,
cache-off-warm100,110,2,1.5636,2618.844,121.097,2739.941,night,memoirs-of-fanny-hill,1,,server-1,109,0,0,,,
cache-off-warm100,110,2,1.5727,2648.597,98.338,2746.935,she,washington-square,1,,server-1,110,0,0,,,
cache-off-warm100,110,2,1.5818,2709.969,180.587,2890.556,king,the-american,1,,server-1,111,0,0,,,
cache-off-warm100,110,2,1.5909,2712.956,96.489,2809.445,she,oliver-twist,1,,server-1,112,0,0,,,
cache-off-warm100,110,2,1.6000,2702.695,72.744,2775.439,was,frankenstein-or-the-modern-prometheus-41445,1,,server-1,112,0,0,,,
cache-off-warm100,110,2,1.6091,2695.358,98.273,2793.631,money,desert-gold,1,,server-1,113,0,0,,,
cache-off-warm100,110,2,1.6182,2687.621,190.096,2877.717,the,the-tenant-of-wildfell-hall,1,,server-1,112,0,0,,,
cache-off-warm100,110,2,1.6273,2691.288,87.847,2779.135,horse,the-return-of-sherlock-holmes,1,,server-1,113,0,0,,,
cache-off-warm100,110,2,1.6364,2701.005,195.675,2896.680,you,villette,1,,server-1,114,0,0,,,
cache-off-warm100,110,2,1.6455,2719.702,249.289,2968.992,you,pride-and-prejudice,1,,server-1,115,0,0,,,
cache-off-warm100,110,2,1.6545,2747.699,394.748,3142.447,house,north-and-south,1,,server-1,116,0,0,,,
cache-off-warm100,110,2,1.6636,2738.507,269.514,3008.021,whale,the-kama-sutra-of-vatsyayana,1,,server-1,116,0,0,,,
cache-off-warm100,110,2,1.6727,2779.750,304.342,3084.092,of,the-secret-garden,1,,server-1,114,0,0,,,
cache-off-warm100,110,2,1.6818,2784.456,169.084,2953.540,castle,myths-and-legends-of-ancient-greece-and-rome,1,,server-1,115,0,0,,,
cache-off-warm100,110,2,1.6909,2800.788,44.222,2845.009,horse,the-king-in-yellow,1,,server-1,116,0,0,,,
cache-off-warm100,110,2,1.7000,2795.971,264.553,3060.524,house,the-odyssey,1,,server-1,117,0,0,,,
cache-off-warm100,110,2,1.7091,2811.238,328.264,3139.502,house,the-mysterious-island,1,,server-1,118,0,0,,,
cache-off-warm100,110,2,1.7182,2802.147,81.766,2883.913,heart,pride-and-prejudice,1,,server-1,119,0,0,,,
cache-off-warm100,110,2,1.7273,2805.684,154.850,2960.534,horse,the-scarlet-letter-33,1,,server-1,120,0,0,,,
cache-off-warm100,110,2,1.7364,2824.780,243.680,3068.460,love,the-last-of-the-mohicans-a-narrative-of-1757,1,,server-1,121,0,0,,,
cache-off-warm100,110,2,1.7455,2891.577,207.660,3099.236,house,the-wind-in-the-willows,1,,server-1,120,0,0,,,
cache-off-warm100,110,2,1.7545,2917.885,98.417,3016.302,sea,frankenstein-or-the-modern-prometheus,1,,server-1,121,0,0,,,
cache-off-warm100,110,2,1.7636,2944.893,243.280,3188.173,horse,the-portrait-of-a-lady-volume-1,1,,server-1,122,0,0,,,
cache-off-warm100,110,2,1.7727,2915.365,181.601,3096.966,king,frankenstein-or-the-modern-prometheus-41445,1,,server-1,123,0,0,,,
cache-off-warm100,110,2,1.7818,2926.782,182.636,3109.418,sea,twenty-thousand-leagues-under-the-sea,1,,server-1,124,0,0,,,
cache-off-warm100,110,2,1.7909,2980.321,139.889,3120.211,death,tess-of-the-d-urbervilles-a-pure-woman,1,,server-1,125,0,0,,,
cache-off-warm100,110,2,1.8000,3111.497,105.316,3216.812,of,black-beauty,1,,server-1,126,0,0,,,
cache-off-warm100,110,2,1.8091,3102.390,164.778,3267.168,king,the-mysterious-affair-at-styles,1,,server-1,127,0,0,,,
cache-off-warm100,110,2,1.8182,3094.195,302.930,3397.125,whale,thus-spake-zarathustra-a-book-for-all-and-none,1,,server-1,127,0,0,,,
cache-off-warm100,110,2,1.8273,3085.881,243.540,3329.421,whale,jude-the-obscure,1,,server-1,128,0,0,,,
cache-off-warm100,110,2,1.8364,3077.961,169.249,3247.210,london,the-jungle,1,,server-1,128,0,0,,,
cache-off-warm100,110,2,1.8455,3068.542,55.245,3123.787,love,northanger-abbey,1,,server-1,129,0,0,,,
cache-off-warm100,110,2,1.8545,3099.702,128.137,3227.840,she,the-hound-of-the-baskervilles-3070,1,,server-1,129,0,0,,,
cache-off-warm100,110,2,1.8636,3090.899,205.272,3296.172,night,the-secret-garden,1,,server-1,130,0,0,,,
cache-off-warm100,110,2,1.8727,3147.774,409.893,3557.667,king,wuthering-heights,1,,server-1,131,0,0,,,
cache-off-warm100,110,2,1.8818,3088.604,674.847,3763.451,money,the-portrait-of-a-lady-volume-1,1,,server-1,132,0,0,,,
cache-off-warm100,110,2,1.8909,3143.802,535.801,3679.603,money,the-last-of-the-mohicans-a-narrative-of-1757,1,,server-1,133,0,0,,,
cache-off-warm100,110,2,1.9000,3148.297,592.729,3741.026,he,the-tenant-of-wildfell-hall,1,,server-1,134,0,0,,,
cache-off-warm100,110,2,1.9091,3172.445,525.717,3698.162,whale,far-from-the-madding-crowd,1,,server-1,135,0,0,,,
cache-off-warm100,110,2,1.9182,3162.955,199.407,3362.362,you,emma,1,,server-1,136,0,0,,,
cache-off-warm100,110,2,1.9273,3179.285,169.766,3349.050,night,villette,1,,server-1,133,0,0,,,
cache-off-warm100,110,2,1.9364,3178.113,553.788,3731.901,she,leaves-of-grass,1,,server-1,134,0,0,,,
cache-off-warm100,110,2,1.9455,3343.662,382.812,3726.474,love,the-lost-world,1,,server-1,135,0,0,,,
cache-off-warm100,110,2,1.9545,3364.225,328.416,3692.640,you,great-expectations,1,,server-1,136,0,0,,,
cache-off-warm100,110,2,1.9636,3354.678,329.371,3684.049,death,herland,1,,server-1,137,0,0,,,
cache-off-warm100,110,2,1.9727,3389.580,286.523,3676.103,you,twenty-thousand-leagues-under-the-sea,1,,server-1,138,0,0,,,
cache-off-warm100,110,2,1.9818,3502.596,249.788,3752.384,the,herland,1,,server-1,139,0,0,,,
cache-off-warm100,110,2,1.9909,3673.980,72.068,3746.048,london,dracula,1,,server-1,140,0,0,,,
cache-off-warm100,110,2,2.0000,3646.381,138.082,3784.463,night,the-american,1,,server-1,141,0,0,,,
cache-off-warm100,110,2,2.0091,3657.682,113.300,3770.982,death,the-vicomte-de-bragelonne,1,,server-1,142,0,0,,,
cache-off-warm100,110,2,2.0182,3630.136,185.724,3815.860,you,silas-marner,1,,server-1,143,0,0,,,
cache-off-warm100,110,2,2.0273,3641.233,124.193,3765.426,the,poirot-investigates,1,,server-1,144,0,0,,,
cache-off-warm100,110,2,2.0364,3637.047,148.136,3785.183,house,the-mysterious-island,1,,server-1,145,0,0,,,
cache-off-warm100,110,2,2.0455,3700.792,229.845,3930.636,king,the-jungle,1,,server-1,146,0,0,,,
cache-off-warm100,110,2,2.0545,3727.378,196.525,3923.903,king,anne-of-green-gables,1,,server-1,147,0,0,,,
cache-off-warm100,110,2,2.0636,3717.914,279.651,3997.564,king,twenty-thousand-leagues-under-the-sea,1,,server-1,147,0,0,,,
cache-off-warm100,110,2,2.0727,3708.931,122.047,3830.978,of,the-mystery-of-edwin-drood,1,,server-1,148,0,0,,,
cache-off-warm100,110,2,2.0818,3754.214,188.295,3942.509,and,herland,1,,server-1,149,0,0,,,
cache-off-warm100,110,2,2.0909,3744.857,138.757,3883.614,king,washington-square,1,,server-1,149,0,0,,,
cache-off-warm100,110,2,2.1000,3756.860,168.610,3925.470,king,the-secret-garden-17396,1,,server-1,148,0,0,,,
cache-off-warm100,110,2,2.1091,3809.155,118.014,3927.169,you,the-scarlet-letter,1,,server-1,149,0,0,,,
cache-off-warm100,110,2,2.1182,3908.751,78.013,3986.764,heart,the-hound-of-the-baskervilles,1,,server-1,149,0,0,,,
cache-off-warm100,110,2,2.1273,3844.412,135.514,3979.926,house,hard-times,1,,server-1,150,0,0,,,
cache-off-warm100,110,2,2.1364,3880.689,128.903,4009.592,sea,the-works-of-edgar-allan-poe-volume-2,1,,server-1,151,0,0,,,
cache-off-warm100,110,2,2.1455,3878.068,123.820,4001.888,castle,the-return-of-sherlock-holmes-108,1,,server-1,151,0,0,,,
cache-off-warm100,110,2,2.1545,3881.792,183.209,4065.001,house,hard-times,1,,server-1,152,0,0,,,
cache-off-warm100,110,2,2.1636,3900.288,158.950,4059.238,king,the-adventures-of-ferdinand-count-fathom-complete,1,,server-1,151,0,0,,,
cache-off-warm100,110,2,2.1727,3914.753,88.093,4002.846,money,the-adventures-of-sherlock-holmes,1,,server-1,152,0,0,,,
cache-off-warm100,110,2,2.1818,3966.767,103.739,4070.505,she,the-mysterious-island,1,,server-1,152,0,0,,,
cache-off-warm100,110,2,2.1909,4101.579,158.698,4260.277,letter,cranford,1,,server-1,153,0,0,,,
cache-off-warm100,110,2,2.2000,4020.296,112.030,4132.325,love,a-princess-of-mars,1,,server-1,154,0,0,,,
cache-off-warm100,110,2,2.2091,4046.257,132.082,4178.339,the,tess-of-the-d-urbervilles-a-pure-woman,1,,server-1,155,0,0,,,
cache-off-warm100,110,2,2.2182,4005.850,66.553,4072.403,king,around-the-world-in-eighty-days,1,,server-1,156,0,0,,,
cache-off-warm100,110,2,2.2273,3996.895,104.658,4101.553,and,his-last-bow,1,,server-1,156,0,0,,,
cache-off-warm100,110,2,2.2364,4016.052,136.886,4152.938,whale,the-hound-of-the-baskervilles-3070,1,,server-1,157,0,0,,,
cache-off-warm100,110,2,2.2455,4135.617,119.088,4254.705,sea,the-secret-garden-17396,1,,server-1,157,0,0,,,
cache-off-warm100,110,2,2.2545,4133.160,110.838,4243.997,the,sense-and-sensibility,1,,server-1,158,0,0,,,
cache-off-warm100,110,2,2.2636,4128.559,103.873,4232.432,whale,the-mystery-of-edwin-drood,1,,server-1,159,0,0,,,
cache-off-warm100,110,2,2.2727,4171.701,331.658,4503.359,house,the-house-of-mirth,1,,server-1,158,0,0,,,
cache-off-warm100,110,2,2.2818,4141.345,224.463,4365.808,she,dracula,1,,server-1,159,0,0,,,
cache-off-warm100,110,2,2.2909,4169.119,142.524,4311.642,king,the-tenant-of-wildfell-hall,1,,server-1,160,0,0,,,
cache-off-warm100,110,2,2.3000,4125.530,164.513,4290.043,heart,meditations,1,,server-1,161,0,0,,,
cache-off-warm100,110,2,2.3091,4196.535,327.435,4523.971,you,cranford,1,,server-1,162,0,0,,,
cache-off-warm100,110,2,2.3182,4183.662,85.915,4269.577,king,desperate-remedies,1,,server-1,163,0,0,,,
cache-off-warm100,110,2,2.3273,4186.794,158.828,4345.623,king,madame-bovary,1,,server-1,164,0,0,,,
cache-off-warm100,110,2,2.3364,4314.835,347.692,4662.527,you,the-hound-of-the-baskervilles-3070,1,,server-1,164,0,0,,,
cache-off-warm100,110,2,2.3455,4182.737,250.028,4432.765,was,the-kama-sutra-of-vatsyayana,1,,server-1,165,0,0,,,
cache-off-warm100,110,2,2.3545,4228.303,237.112,4465.415,house,tess-of-the-d-urbervilles-a-pure-woman,1,,server-1,166,0,0,,,
cache-off-warm100,110,2,2.3636,4243.181,166.258,4409.439,was,the-romance-of-lust-a-classic-victorian-erotic-novel,1,,server-1,166,0,0,,,
cache-off-warm100,110,2,2.3727,4271.841,283.733,4555.574,you,persuasion,1,,server-1,166,0,0,,,
cache-off-warm100,110,2,2.3818,4292.010,100.327,4392.337,letter,the-first-men-in-the-moon,1,,server-1,167,0,0,,,
cache-off-warm100,110,2,2.3909,4282.156,141.885,4424.041,house,the-house-of-mirth,1,,server-1,168,0,0,,,
cache-off-warm100,110,2,2.4000,4319.838,182.166,4502.004,horse,leaves-of-grass,1,,server-1,169,0,0,,,
cache-off-warm100,110,2,2.4091,4406.651,139.823,4546.474,king,frankenstein-or-the-modern-prometheus-41445,1,,server-1,170,0,0,,,
cache-off-warm100,110,2,2.4182,4416.988,47.110,4464.098,she,persuasion,1,,server-1,171,0,0,,,
cache-off-warm100,110,2,2.4273,4408.673,234.248,4642.921,you,dubliners,1,,server-1,172,0,0,,,
cache-off-warm100,110,2,2.4364,4444.577,167.739,4612.317,london,desert-gold,1,,server-1,173,0,0,,,
cache-off-warm100,110,2,2.4455,4401.141,241.320,4642.461,house,the-mystery-of-edwin-drood,1,,server-1,174,0,0,,,
cache-off-warm100,110,2,2.4545,4409.433,182.095,4591.528,of,dracula,1,,server-1,173,0,0,,,
cache-off-warm100,110,2,2.4636,4443.710,177.151,4620.861,letter,the-scarlet-letter-33,1,,server-1,174,0,0,,,
cache-off-warm100,110,2,2.4727,4483.693,261.502,4745.195,london,the-last-of-the-mohicans-a-narrative-of-1757,1,,server-1,175,0,0,,,
cache-off-warm100,110,2,2.4818,4601.012,59.484,4660.496,the,the-hound-of-the-baskervilles-3070,1,,server-1,175,0,0,,,
cache-off-warm100,110,2,2.4909,4557.918,165.214,4723.132,whale,the-warden,1,,server-1,176,0,0,,,
cache-off-warm100,110,2,2.5000,4589.101,52.220,4641.321,death,the-last-of-the-mohicans-a-narrative-of-1757,1,,server-1,177,0,0,,,
cache-off-warm100,110,2,2.5091,4624.050,69.679,4693.728,money,a-connecticut-yankee-in-king-arthur-s-court,1,,server-1,177,0,0,,,
cache-off-warm100,110,2,2.5182,4588.578,81.099,4669.677,letter,agnes-grey,1,,server-1,178,0,0,,,
cache-off-warm100,110,2,2.5273,4691.275,95.039,4786.313,of,the-moonstone,1,,server-1,179,0,0,,,
cache-off-warm100,110,2,2.5364,4676.263,61.698,4737.962,you,meditations,1,,server-1,180,0,0,,,
cache-off-warm100,110,2,2.5455,4672.800,90.591,4763.391,love,his-last-bow,1,,server-1,181,0,0,,,
cache-off-warm100,110,2,2.5545,4672.245,120.893,4793.138,he,the-hound-of-the-baskervilles-3070,1,,server-1,181,0,0,,,
cache-off-warm100,110,2,2.5636,4672.258,125.360,4797.619,sea,northanger-abbey,1,,server-1,182,0,0,,,
cache-off-warm100,110,2,2.5727,4670.139,103.798,4773.937,london,the-adventures-of-ferdinand-count-fathom-complete,1,,server-1,182,0,0,,,
cache-off-warm100,110,2,2.5818,4732.553,103.203,4835.756,she,the-divine-comedy,1,,server-1,183,0,0,,,
cache-off-warm100,110,2,2.5909,4722.977,87.826,4810.803,he,the-war-of-the-worlds,1,,server-1,183,0,0,,,
cache-off-warm100,110,2,2.6000,4747.783,54.106,4801.888,you,the-mysterious-island,1,,server-1,182,0,0,,,
cache-off-warm100,110,2,2.6091,4752.903,97.573,4850.476,was,the-secret-garden,1,,server-1,183,0,0,,,
cache-off-warm100,110,2,2.6182,4800.346,41.981,4842.327,sea,the-war-of-the-worlds,1,,server-1,184,0,0,,,
cache-off-warm100,110,2,2.6273,4792.604,40.292,4832.895,night,the-works-of-edgar-allan-poe-volume-2,1,,server-1,185,0,0,,,
cache-off-warm100,110,2,2.6364,4785.611,80.278,4865.889,sea,little-women,1,,server-1,186,0,0,,,
cache-off-warm100,110,2,2.6455,4776.775,101.185,4877.960,money,life-on-the-mississippi,1,,server-1,185,0,0,,,
cache-off-warm100,110,2,2.6545,4807.071,63.634,4870.704,and,white-fang,1,,server-1,186,0,0,,,
cache-off-warm100,110,2,2.6636,4800.666,173.363,4974.029,of,autobiography-of-benjamin-franklin,1,,server-1,186,0,0,,,
cache-off-warm100,110,2,2.6727,4848.174,113.376,4961.550,king,little-women,1,,server-1,187,0,0,,,
cache-off-warm100,110,2,2.6818,4845.025,103.336,4948.361,you,the-iliad-2199,1,,server-1,188,0,0,,,
cache-off-warm100,110,2,2.6909,4837.722,215.985,5053.706,whale,sense-and-sensibility,1,,server-1,188,0,0,,,
cache-off-warm100,110,2,2.7000,4827.420,29.183,4856.603,you,the-secret-garden,1,,server-1,189,0,0,,,
cache-off-warm100,110,2,2.7091,4819.887,97.565,4917.452,sea,the-secret-adversary,1,,server-1,190,0,0,,,
cache-off-warm100,110,2,2.7182,4811.540,125.248,4936.788,horse,around-the-world-in-eighty-days,1,,server-1,191,0,0,,,
cache-off-warm100,110,2,2.7273,4804.265,250.735,5055.000,he,the-iliad-2199,1,,server-1,192,0,0,,,
cache-off-warm100,110,2,2.7364,4822.439,220.685,5043.125,night,washington-square,1,,server-1,193,0,0,,,
cache-off-warm100,110,2,2.7455,4812.959,371.593,5184.553,london,the-iliad,1,,server-1,194,0,0,,,
cache-off-warm100,110,2,2.7545,4880.679,157.539,5038.218,horse,the-first-men-in-the-moon,1,,server-1,195,0,0,,,
cache-off-warm100,110,2,2.7636,4874.393,176.731,5051.124,whale,the-lost-world,1,,server-1,195,0,0,,,
cache-off-warm100,110,2,2.7727,4884.434,194.615,5079.049,was,the-adventures-of-ferdinand-count-fathom-complete,1,,server-1,195,0,0,,,
cache-off-warm100,110,2,2.7818,4939.218,107.702,5046.920,and,the-kama-sutra-of-vatsyayana,1,,server-1,196,0,0,,,
cache-off-warm100,110,2,2.7909,4938.006,188.974,5126.980,you,the-warden,1,,server-1,197,0,0,,,
cache-off-warm100,110,2,2.8000,5012.542,55.301,5067.843,letter,frankenstein-or-the-modern-prometheus-41445,1,,server-1,198,0,0,,,
cache-off-warm100,110,2,2.8091,5043.259,160.186,5203.444,sea,madame-bovary,1,,server-1,199,0,0,,,
cache-off-warm100,110,2,2.8182,5034.459,181.338,5215.797,he,the-adventures-of-ferdinand-count-fathom-complete,1,,server-1,200,0,0,,,
cache-off-warm100,110,2,2.8273,5085.255,100.416,5185.671,castle,desert-gold,1,,server-1,201,0,0,,,
cache-off-warm100,110,2,2.8364,5074.724,113.720,5188.443,death,the-king-in-yellow,1,,server-1,202,0,0,,,
cache-off-warm100,110,2,2.8455,5092.682,97.365,5190.047,heart,herland,1,,server-1,203,0,0,,,
cache-off-warm100,110,2,2.8545,5094.762,86.114,5180.875,she,the-hound-of-the-baskervilles,1,,server-1,203,0,0,,,
cache-off-warm100,110,2,2.8636,5149.008,51.834,5200.841,he,the-innocents-abroad,1,,server-1,204,0,0,,,
cache-off-warm100,110,2,2.8727,5192.429,39.967,5232.396,london,cranford,1,,server-1,205,0,0,,,
cache-off-warm100,110,2,2.8818,5154.933,51.792,5206.725,of,the-adventures-of-sherlock-holmes,1,,server-1,206,0,0,,,
cache-off-warm100,110,2,2.8909,5146.223,119.639,5265.862,the,the-moonstone,1,,server-1,207,0,0,,,
cache-off-warm100,110,2,2.9000,5167.425,58.988,5226.413,love,the-secret-garden-17396,1,,server-1,208,0,0,,,
cache-off-warm100,110,2,2.9091,5240.194,69.784,5309.978,whale,the-jungle,1,,server-1,208,0,0,,,
cache-off-warm100,110,2,2.9182,5171.828,78.388,5250.217,was,the-wind-in-the-willows,1,,server-1,205,0,0,,,
cache-off-warm100,110,2,2.9273,5228.282,123.602,5351.883,you,tess-of-the-d-urbervilles-a-pure-woman,1,,server-1,206,0,0,,,
cache-off-warm100,110,2,2.9364,5233.321,141.184,5374.505,london,the-first-men-in-the-moon,1,,server-1,207,0,0,,,
cache-off-warm100,110,2,2.9455,5222.599,114.021,5336.620,horse,desert-gold,1,,server-1,208,0,0,,,
cache-off-warm100,110,2,2.9545,5213.300,108.408,5321.708,horse,far-from-the-madding-crowd,1,,server-1,209,0,0,,,
cache-off-warm100,110,2,2.9636,5213.315,121.040,5334.355,death,the-return-of-sherlock-holmes,1,,server-1,210,0,0,,,
cache-off-warm100,110,2,2.9727,5204.755,315.772,5520.528,was,the-portrait-of-a-lady-volume-1,1,,server-1,211,0,0,,,
cache-off-warm100,110,2,2.9818,5202.414,175.867,5378.280,horse,the-memoirs-of-sherlock-holmes,1,,server-1,212,0,0,,,
cache-off-warm100,110,2,2.9909,5225.785,115.949,5341.734,she,the-mysterious-affair-at-styles,1,,server-1,213,0,0,,,
cache-off-warm100,110,2,3.0000,5251.885,185.509,5437.394,you,walden-and-on-the-duty-of-civil-disobedience,1,,server-1,214,0,0,,,
cache-off-warm100,110,2,3.0091,5290.888,142.134,5433.022,london,the-great-gatsby,1,,server-1,214,0,0,,,
cache-off-warm100,110,2,3.0182,5254.610,202.166,5456.776,london,villette,1,,server-1,215,0,0,,,
cache-off-warm100,110,2,3.0273,5517.950,153.002,5670.952,sea,dracula,1,,server-1,216,0,0,,,
cache-off-warm100,110,2,3.0364,5320.063,192.560,5512.623,and,the-portrait-of-a-lady-volume-1,1,,server-1,217,0,0,,,
cache-off-warm100,110,2,3.0455,5358.238,87.589,5445.827,london,the-divine-comedy,1,,server-1,218,0,0,,,
cache-off-warm100,110,2,3.0545,5349.594,150.030,5499.624,king,the-memoirs-of-sherlock-holmes,1,,server-1,219,0,0,,,
cache-off-warm100,110,2,3.0636,5370.766,116.156,5486.922,house,around-the-world-in-eighty-days,1,,server-1,220,0,0,,,
cache-off-warm100,110,2,3.0727,5420.997,127.679,5548.676,king,around-the-world-in-eighty-days,1,,server-1,220,0,0,,,
cache-off-warm100,110,2,3.0818,5473.263,221.491,5694.754,of,the-last-of-the-mohicans-a-narrative-of-1757,1,,server-1,218,0,0,,,
cache-off-warm100,110,2,3.0909,5470.081,115.200,5585.282,night,the-jungle-book,1,,server-1,219,0,0,,,
cache-off-warm100,110,2,3.1000,5470.494,221.912,5692.406,she,washington-square,1,,server-1,220,0,0,,,
cache-off-warm100,110,2,3.1091,5453.801,210.322,5664.123,love,the-jungle,1,,server-1,221,0,0,,,
cache-off-warm100,110,2,3.1182,5451.623,201.747,5653.370,london,jane-eyre-an-autobiography,1,,server-1,222,0,0,,,
cache-off-warm100,110,2,3.1273,5605.747,82.383,5688.130,horse,persuasion,1,,server-1,223,0,0,,,
cache-off-warm100,110,2,3.1364,5635.464,131.183,5766.647,she,the-hound-of-the-baskervilles-3070,1,,server-1,224,0,0,,,
cache-off-warm100,110,2,3.1455,5648.589,130.297,5778.886,heart,the-divine-comedy,1,,server-1,225,0,0,,,
cache-off-warm100,110,2,3.1545,5623.208,151.069,5774.276,house,beyond-good-and-evil,1,,server-1,226,0,0,,,
cache-off-warm100,110,2,3.1636,5614.978,85.159,5700.137,king,white-fang,1,,server-1,227,0,0,,,
cache-off-warm100,110,2,3.1727,5616.938,37.196,5654.134,night,the-great-gatsby,1,,server-1,228,0,0,,,
cache-off-warm100,110,2,3.1818,5632.522,112.021,5744.543,she,twenty-thousand-leagues-under-the-sea,1,,server-1,226,0,0,,,
cache-off-warm100,110,2,3.1909,5635.203,164.536,5799.739,night,the-iliad-2199,1,,server-1,227,0,0,,,
cache-off-warm100,110,2,3.2000,5625.880,117.228,5743.107,death,the-kama-sutra-of-vatsyayana,1,,server-1,227,0,0,,,
cache-off-warm100,110,2,3.2091,5664.545,129.104,5793.649,night,northanger-abbey,1,,server-1,228,0,0,,,
cache-off-warm100,110,2,3.2182,5654.978,94.571,5749.548,the,the-mystery-of-edwin-drood,1,,server-1,229,0,0,,,
cache-off-warm100,110,2,3.2273,5695.569,247.601,5943.171,castle,the-song-of-the-lark,1,,server-1,230,0,0,,,
cache-off-warm100,110,2,3.2364,5694.425,198.655,5893.080,night,the-adventures-of-ferdinand-count-fathom-complete,1,,server-1,231,0,0,,,
cache-off-warm100,110,2,3.2455,5722.951,164.641,5887.592,was,frankenstein-or-the-modern-prometheus-41445,1,,server-1,232,0,0,,,
cache-off-warm100,110,2,3.2545,5736.273,116.619,5852.892,he,autobiography-of-benjamin-franklin,1,,server-1,233,0,0,,,
cache-off-warm100,110,2,3.2636,5741.122,62.374,5803.496,the,beyond-good-and-evil,1,,server-1,234,0,0,,,
cache-off-warm100,110,2,3.2727,5734.876,209.194,5944.070,heart,the-return-of-sherlock-holmes,1,,server-1,234,0,0,,,
cache-off-warm100,110,2,3.2818,5729.937,202.735,5932.673,whale,madame-bovary,1,,server-1,235,0,0,,,
cache-off-warm100,110,2,3.2909,5720.957,185.524,5906.481,horse,agnes-grey,1,,server-1,236,0,0,,,
cache-off-warm100,110,2,3.3000,5786.230,110.084,5896.315,castle,a-princess-of-mars,1,,server-1,237,0,0,,,
cache-off-warm100,110,2,3.3091,5776.123,200.590,5976.713,king,the-portrait-of-a-lady-volume-1,1,,server-1,238,0,0,,,
cache-off-warm100,110,2,3.3182,5899.195,81.881,5981.076,love,silas-marner,1,,server-1,239,0,0,,,
cache-off-warm100,110,2,3.3273,5889.905,35.617,5925.522,night,the-warden,1,,server-1,239,0,0,,,
cache-off-warm100,110,2,3.3364,5899.983,109.468,6009.451,death,silas-marner,1,,server-1,240,0,0,,,
cache-off-warm100,110,2,3.3455,5891.245,171.169,6062.413,whale,tess-of-the-d-urbervilles-a-pure-woman,1,,server-1,241,0,0,,,
cache-off-warm100,110,2,3.3545,5945.576,106.743,6052.319,castle,wuthering-heights,1,,server-1,242,0,0,,,
cache-off-warm100,110,2,3.3636,5963.476,150.478,6113.953,money,the-memoirs-of-sherlock-holmes,1,,server-1,242,0,0,,,
cache-off-warm100,110,2,3.3727,6023.194,105.143,6128.337,he,the-hound-of-the-baskervilles,1,,server-1,243,0,0,,,
cache-off-warm100,110,2,3.3818,6026.967,66.166,6093.134,the,the-last-of-the-mohicans-a-narrative-of-1757-27681,1,,server-1,243,0,0,,,
cache-off-warm100,110,2,3.3909,6032.627,316.346,6348.973,letter,jude-the-obscure,1,,server-1,243,0,0,,,
cache-off-warm100,110,2,3.4000,6098.633,170.897,6269.529,heart,memoirs-of-fanny-hill,1,,server-1,244,0,0,,,
cache-off-warm100,110,2,3.4091,6093.600,233.719,6327.319,horse,desperate-remedies,1,,server-1,245,0,0,,,
cache-off-warm100,110,2,3.4182,6083.670,168.611,6252.281,letter,pride-and-prejudice,1,,server-1,246,0,0,,,
cache-off-warm100,110,2,3.4273,6078.769,353.605,6432.374,sea,the-house-of-the-seven-gables,1,,server-1,247,0,0,,,
cache-off-warm100,110,2,3.4364,6066.044,248.405,6314.449,letter,madame-bovary,1,,server-1,248,0,0,,,
cache-off-warm100,110,2,3.4455,6057.996,293.305,6351.301,love,the-jungle-book,1,,server-1,249,0,0,,,
cache-off-warm100,110,2,3.4545,6057.165,302.518,6359.683,whale,the-mystery-of-edwin-drood,1,,server-1,247,0,0,,,
cache-off-warm100,110,2,3.4636,6044.965,256.598,6301.563,she,the-works-of-edgar-allan-poe-volume-2,1,,server-1,248,0,0,,,
cache-off-warm100,110,2,3.4727,6039.229,347.507,6386.736,death,desperate-remedies,1,,server-1,249,0,0,,,
cache-off-warm100,110,2,3.4818,6128.178,185.558,6313.736,you,white-fang,1,,server-1,250,0,0,,,
cache-off-warm100,110,2,3.4909,6173.643,192.030,6365.673,castle,hard-times,1,,server-1,251,0,0,,,
cache-off-warm100,110,2,3.5000,6122.667,176.292,6298.959,he,the-last-of-the-mohicans-a-narrative-of-1757,1,,server-1,251,0,0,,,
cache-off-warm100,110,2,3.5091,6302.367,205.692,6508.060,horse,the-king-in-yellow,1,,server-1,252,0,0,,,
cache-off-warm100,110,2,3.5182,6338.298,65.315,6403.613,and,oliver-twist,1,,server-1,253,0,0,,,
cache-off-warm100,110,2,3.5273,6331.895,26.922,6358.816,horse,the-house-of-the-seven-gables,1,,server-1,254,0,0,,,
cache-off-warm100,110,2,3.5364,6326.163,124.710,6450.873,king,agnes-grey,1,,server-1,255,0,0,,,
cache-off-warm100,110,2,3.5455,6318.936,53.822,6372.758,whale,the-war-of-the-worlds,1,,server-1,254,0,0,,,
cache-off-warm100,110,2,3.5545,6329.103,205.580,6534.683,she,the-vicomte-de-bragelonne,1,,server-1,255,0,0,,,
cache-off-warm100,110,2,3.5636,6322.273,246.537,6568.810,of,tess-of-the-d-urbervilles-a-pure-woman,1,,server-1,256,0,0,,,
cache-off-warm100,110,2,3.5727,6351.557,159.792,6511.349,london,the-iliad-2199,1,,server-1,257,0,0,,,
cache-off-warm100,110,2,3.5818,6327.756,105.474,6433.230,she,a-connecticut-yankee-in-king-arthur-s-court,1,,server-1,255,0,0,,,
cache-off-warm100,110,2,3.5909,6319.323,79.590,6398.912,the,thus-spake-zarathustra-a-book-for-all-and-none,1,,server-1,256,0,0,,,
cache-off-warm100,110,2,3.6000,6316.310,268.156,6584.466,the,the-mysterious-island,1,,server-1,256,0,0,,,
cache-off-warm100,110,2,3.6091,6315.478,289.287,6604.765,castle,the-american,1,,server-1,257,0,0,,,
cache-off-warm100,110,2,3.6182,6471.852,184.015,6655.866,london,silas-marner,1,,server-1,258,0,0,,,
cache-off-warm100,110,2,3.6273,6384.130,131.655,6515.785,money,great-expectations,1,,server-1,259,0,0,,,
cache-off-warm100,110,2,3.6364,6378.881,171.244,6550.125,love,the-age-of-innocence,1,,server-1,259,0,0,,,
cache-off-warm100,110,2,3.6455,6369.925,217.549,6587.474,castle,thus-spake-zarathustra-a-book-for-all-and-none,1,,server-1,260,0,0,,,
cache-off-warm100,110,2,3.6545,6372.481,249.343,6621.824,he,anne-of-green-gables,1,,server-1,260,0,0,,,
cache-off-warm100,110,2,3.6636,6524.269,137.414,6661.683,castle,myths-and-legends-of-ancient-greece-and-rome,1,,server-1,261,0,0,,,
cache-off-warm100,110,2,3.6727,6558.559,144.309,6702.868,castle,beyond-good-and-evil,1,,server-1,262,0,0,,,
cache-off-warm100,110,2,3.6818,6551.369,91.735,6643.104,castle,pride-and-prejudice,1,,server-1,261,0,0,,,
cache-off-warm100,110,2,3.6909,6545.086,117.985,6663.071,night,the-scarlet-letter,1,,server-1,262,0,0,,,
cache-off-warm100,110,2,3.7000,6574.669,237.584,6812.253,death,the-scarlet-letter-33,1,,server-1,262,0,0,,,
cache-off-warm100,110,2,3.7091,6590.187,71.640,6661.827,and,a-journey-to-the-centre-of-the-earth,1,,server-1,263,0,0,,,
cache-off-warm100,110,2,3.7182,6606.971,136.907,6743.878,the,jude-the-obscure,1,,server-1,264,0,0,,,
cache-off-warm100,110,2,3.7273,6644.492,161.110,6805.601,heart,the-song-of-the-lark,1,,server-1,265,0,0,,,
cache-off-warm100,110,2,3.7364,6618.813,224.244,6843.057,letter,jude-the-obscure,1,,server-1,266,0,0,,,
cache-off-warm100,110,2,3.7455,6609.786,205.340,6815.126,of,the-adventures-of-sherlock-holmes,1,,server-1,267,0,0,,,
cache-off-warm100,110,2,3.7545,6618.795,186.968,6805.763,was,the-divine-comedy,1,,server-1,266,0,0,,,
cache-off-warm100,110,2,3.7636,6621.589,280.096,6901.684,love,little-women,1,,server-1,267,0,0,,,
cache-off-warm100,110,2,3.7727,6614.366,270.536,6884.903,you,dracula,1,,server-1,268,0,0,,,
cache-off-warm100,110,2,3.7818,6613.581,269.800,6883.381,he,the-warden,1,,server-1,269,0,0,,,
cache-off-warm100,110,2,3.7909,6740.119,153.767,6893.886,sea,the-house-of-the-seven-gables,1,,server-1,270,0,0,,,
cache-off-warm100,110,2,3.8000,6730.576,134.316,6864.892,the,persuasion,1,,server-1,270,0,0,,,
cache-off-warm100,110,2,3.8091,6848.190,111.321,6959.511,love,the-portrait-of-a-lady-volume-1,1,,server-1,271,0,0,,,
cache-off-warm100,110,2,3.8182,6844.687,296.615,7141.302,love,wuthering-heights,1,,server-1,272,0,0,,,
cache-off-warm100,110,2,3.8273,6835.371,47.331,6882.702,night,the-adventures-of-sherlock-holmes,1,,server-1,273,0,0,,,
cache-off-warm100,110,2,3.8364,6830.459,66.060,6896.519,and,beyond-good-and-evil,1,,server-1,273,0,0,,,
cache-off-warm100,110,2,3.8455,6819.525,101.180,6920.705,whale,herland,1,,server-1,274,0,0,,,
cache-off-warm100,110,2,3.8545,6855.712,90.278,6945.989,castle,the-moonstone,1,,server-1,275,0,0,,,
cache-off-warm100,110,2,3.8636,6864.393,110.044,6974.436,king,the-great-gatsby,1,,server-1,275,0,0,,,
cache-off-warm100,110,2,3.8727,6855.787,97.971,6953.758,of,mansfield-park,1,,server-1,275,0,0,,,
cache-off-warm100,110,2,3.8818,6888.475,239.207,7127.681,you,wuthering-heights,1,,server-1,276,0,0,,,
cache-off-warm100,110,2,3.8909,6943.344,173.174,7116.518,of,the-house-of-mirth,1,,server-1,275,0,0,,,
cache-off-warm100,110,2,3.9000,6869.861,147.436,7017.297,she,far-from-the-madding-crowd,1,,server-1,276,0,0,,,
cache-off-warm100,110,2,3.9091,6887.438,82.145,6969.583,whale,the-wind-in-the-willows,1,,server-1,277,0,0,,,
cache-off-warm100,110,2,3.9182,6882.482,72.532,6955.014,horse,the-king-in-yellow,1,,server-1,278,0,0,,,
cache-off-warm100,110,2,3.9273,6907.820,154.855,7062.674,death,around-the-world-in-eighty-days,1,,server-1,279,0,0,,,
cache-off-warm100,110,2,3.9364,6942.776,109.794,7052.570,heart,the-return-of-sherlock-holmes,1,,server-1,280,0,0,,,
cache-off-warm100,110,2,3.9455,7065.769,152.330,7218.099,london,the-jungle-book,1,,server-1,281,0,0,,,
cache-off-warm100,110,2,3.9545,7005.615,100.218,7105.833,london,a-princess-of-mars,1,,server-1,282,0,0,,,
cache-off-warm100,110,2,3.9636,7023.592,58.289,7081.881,and,jane-eyre-an-autobiography,1,,server-1,283,0,0,,,
cache-off-warm100,110,2,3.9727,7069.650,120.260,7189.910,house,great-expectations,1,,server-1,284,0,0,,,
cache-off-warm100,110,2,3.9818,7060.398,67.294,7127.692,he,the-first-men-in-the-moon,1,,server-1,284,0,0,,,
cache-off-warm100,110,2,3.9909,7069.736,98.190,7167.927,he,adventures-of-huckleberry-finn,1,,server-1,284,0,0,,,
cache-off-warm100,110,2,4.0000,7163.929,83.694,7247.623,of,the-american,1,,server-1,285,0,0,,,
cache-off-warm100,110,2,4.0091,7155.224,102.115,7257.339,love,twenty-thousand-leagues-under-the-sea,1,,server-1,285,0,0,,,
cache-off-warm100,110,2,4.0182,7146.325,78.773,7225.098,castle,far-from-the-madding-crowd,1,,server-1,286,0,0,,,
cache-off-warm100,110,2,4.0273,7137.608,58.976,7196.584,london,the-mystery-of-edwin-drood,1,,server-1,287,0,0,,,
cache-off-warm100,110,2,4.0364,7129.504,83.678,7213.182,of,silas-marner,1,,server-1,287,0,0,,,
cache-off-warm100,110,2,4.0455,7120.638,250.129,7370.766,was,the-american,1,,server-1,288,0,0,,,
cache-off-warm100,110,2,4.0545,7114.134,117.065,7231.199,he,the-wind-in-the-willows,1,,server-1,286,0,0,,,
cache-off-warm100,110,2,4.0636,7218.725,211.167,7429.892,london,grimms-fairy-tales,1,,server-1,287,0,0,,,
cache-off-warm100,110,2,4.0727,7172.265,114.052,7286.317,she,the-innocents-abroad,1,,server-1,288,0,0,,,
cache-off-warm100,110,2,4.0818,7185.447,166.181,7351.628,castle,the-vicomte-de-bragelonne,1,,server-1,289,0,0,,,
cache-off-warm100,110,2,4.0909,7196.727,72.713,7269.440,castle,grimms-fairy-tales,1,,server-1,290,0,0,,,
cache-off-warm100,110,2,4.1000,7190.777,271.546,7462.323,london,the-american,1,,server-1,291,0,0,,,
cache-off-warm100,110,2,4.1091,7196.093,139.096,7335.189,of,the-kama-sutra-of-vatsyayana,1,,server-1,291,0,0,,,
cache-off-warm100,110,2,4.1182,7236.793,180.305,7417.098,london,the-tenant-of-wildfell-hall,1,,server-1,292,0,0,,,
cache-off-warm100,110,2,4.1273,7216.279,221.575,7437.855,castle,the-song-of-the-lark,1,,server-1,293,0,0,,,
cache-off-warm100,110,2,4.1364,7308.593,217.029,7525.622,the,dubliners,1,,server-1,294,0,0,,,
cache-off-warm100,110,2,4.1455,7283.235,153.110,7436.345,heart,white-fang,1,,server-1,295,0,0,,,
cache-off-warm100,110,2,4.1545,7292.114,113.346,7405.460,king,the-vicomte-de-bragelonne,1,,server-1,296,0,0,,,
cache-off-warm100,110,2,4.1636,7398.873,171.379,7570.252,death,the-moonstone,1,,server-1,296,0,0,,,
cache-off-warm100,110,2,4.1727,7390.065,170.455,7560.520,horse,the-last-of-the-mohicans-a-narrative-of-1757-27681,1,,server-1,297,0,0,,,
cache-off-warm100,110,2,4.1818,7383.817,83.161,7466.978,night,frankenstein-or-the-modern-prometheus-41445,1,,server-1,298,0,0,,,
cache-off-warm100,110,2,4.1909,7378.528,164.321,7542.849,and,a-princess-of-mars,1,,server-1,298,0,0,,,
cache-off-warm100,110,2,4.2000,7383.132,153.882,7537.014,letter,the-age-of-innocence,1,,server-1,298,0,0,,,
cache-off-warm100,110,2,4.2091,7442.211,84.841,7527.052,she,the-hound-of-the-baskervilles-3070,1,,server-1,299,0,0,,,
cache-off-warm100,110,2,4.2182,7469.249,80.987,7550.235,she,autobiography-of-benjamin-franklin,1,,server-1,300,0,0,,,
cache-off-warm100,110,2,4.2273,7465.236,104.645,7569.881,she,the-american,1,,server-1,301,0,0,,,
cache-off-warm100,110,2,4.2364,7497.852,176.385,7674.237,king,the-last-of-the-mohicans-a-narrative-of-1757,1,,server-1,302,0,0,,,
cache-off-warm100,110,2,4.2455,7487.522,111.387,7598.909,love,the-romance-of-lust-a-classic-victorian-erotic-novel,1,,server-1,301,0,0,,,
cache-off-warm100,110,2,4.2545,7479.031,107.413,7586.443,love,the-king-in-yellow,1,,server-1,302,0,0,,,
cache-off-warm100,110,2,4.2636,7502.651,148.223,7650.874,night,the-last-of-the-mohicans-a-narrative-of-1757-27681,1,,server-1,302,0,0,,,
cache-off-warm100,110,2,4.2727,7573.086,89.889,7662.975,and,adventures-of-huckleberry-finn,1,,server-1,303,0,0,,,
cache-off-warm100,110,2,4.2818,7562.726,62.003,7624.729,heart,the-memoirs-of-sherlock-holmes,1,,server-1,304,0,0,,,
cache-off-warm100,110,2,4.2909,7579.983,83.732,7663.714,you,the-jungle,1,,server-1,305,0,0,,,
cache-off-warm100,110,2,4.3000,7616.062,57.301,7673.364,letter,the-wind-in-the-willows,1,,server-1,306,0,0,,,
cache-off-warm100,110,2,4.3091,7607.208,185.803,7793.011,london,the-return-of-sherlock-holmes-108,1,,server-1,304,0,0,,,
cache-off-warm100,110,2,4.3182,7599.538,133.497,7733.034,the,a-tale-of-two-cities,1,,server-1,305,0,0,,,
cache-off-warm100,110,2,4.3273,7590.603,57.061,7647.664,horse,the-hound-of-the-baskervilles-3070,1,,server-1,306,0,0,,,
cache-off-warm100,110,2,4.3364,7599.634,120.554,7720.188,and,desert-gold,1,,server-1,307,0,0,,,
cache-off-warm100,110,2,4.3455,7617.076,186.540,7803.615,letter,the-vicomte-de-bragelonne,1,,server-1,308,0,0,,,
cache-off-warm100,110,2,4.3545,7621.665,124.370,7746.035,of,the-iliad-2199,1,,server-1,309,0,0,,,
cache-off-warm100,110,2,4.3636,7742.600,147.460,7890.059,the,twenty-thousand-leagues-under-the-sea,1,,server-1,310,0,0,,,
cache-off-warm100,110,2,4.3727,7729.902,55.246,7785.147,of,the-hound-of-the-baskervilles-3070,1,,server-1,311,0,0,,,
cache-off-warm100,110,2,4.3818,7722.366,66.483,7788.849,and,a-princess-of-mars,1,,server-1,311,0,0,,,
cache-off-warm100,110,2,4.3909,7712.583,112.602,7825.185,and,persuasion,1,,server-1,312,0,0,,,
cache-off-warm100,110,2,4.4000,7707.719,109.945,7817.664,heart,the-war-of-the-worlds,1,,server-1,313,0,0,,,
cache-off-warm100,110,2,4.4091,7696.859,89.935,7786.794,whale,walden-and-on-the-duty-of-civil-disobedience,1,,server-1,310,0,0,,,
cache-off-warm100,110,2,4.4182,7696.543,170.986,7867.530,the,the-lost-world,1,,server-1,311,0,0,,,
cache-off-warm100,110,2,4.4273,7729.642,79.198,7808.840,horse,the-age-of-innocence,1,,server-1,312,0,0,,,
cache-off-warm100,110,2,4.4364,7733.307,206.574,7939.881,money,the-iliad-2199,1,,server-1,313,0,0,,,
cache-off-warm100,110,2,4.4455,7771.120,72.720,7843.840,and,the-prince,1,,server-1,314,0,0,,,
cache-off-warm100,110,2,4.4545,7763.573,83.776,7847.349,love,the-hound-of-the-baskervilles-3070,1,,server-1,315,0,0,,,
cache-off-warm100,110,2,4.4636,7754.985,110.225,7865.210,love,leaves-of-grass,1,,server-1,316,0,0,,,
cache-off-warm100,110,2,4.4727,7777.863,97.886,7875.749,love,a-tale-of-two-cities,1,,server-1,317,0,0,,,
cache-off-warm100,110,2,4.4818,7821.763,192.614,8014.377,you,the-adventures-of-ferdinand-count-fathom-complete,1,,server-1,318,0,0,,,
cache-off-warm100,110,2,4.4909,7812.906,91.915,7904.821,was,grimms-fairy-tales,1,,server-1,319,0,0,,,
cache-off-warm100,110,2,4.5000,7877.890,40.054,7917.944,you,silas-marner,1,,server-1,317,0,0,,,
cache-off-warm100,110,2,4.5091,7889.134,156.045,8045.180,and,the-adventures-of-ferdinand-count-fathom-complete,1,,server-1,318,0,0,,,
cache-off-warm100,110,2,4.5182,7879.411,225.312,8104.723,house,frankenstein-or-the-modern-prometheus-41445,1,,server-1,319,0,0,,,
cache-off-warm100,110,2,4.5273,7865.911,43.598,7909.509,house,the-wind-in-the-willows,1,,server-1,319,0,0,,,
cache-off-warm100,110,2,4.5364,7876.752,133.371,8010.123,sea,his-last-bow,1,,server-1,320,0,0,,,
cache-off-warm100,110,2,4.5455,7873.143,129.709,8002.852,house,washington-square,1,,server-1,321,0,0,,,
cache-off-warm100,110,2,4.5545,7922.122,110.782,8032.904,king,a-journey-to-the-centre-of-the-earth,1,,server-1,322,0,0,,,
cache-off-warm100,110,2,4.5636,7871.676,57.417,7929.093,you,hard-times,1,,server-1,321,0,0,,,
cache-off-warm100,110,2,4.5727,7981.806,66.098,8047.904,house,northanger-abbey,1,,server-1,322,0,0,,,
cache-off-warm100,110,2,4.5818,8001.587,177.506,8179.093,she,pride-and-prejudice,1,,server-1,323,0,0,,,
cache-off-warm100,110,2,4.5909,7993.975,85.777,8079.752,was,the-works-of-edgar-allan-poe-volume-2,1,,server-1,324,0,0,,,
cache-off-warm100,110,2,4.6000,8018.428,145.573,8164.001,you,the-odyssey,1,,server-1,325,0,0,,,
cache-off-warm100,110,2,4.6091,8011.726,101.376,8113.102,night,the-return-of-sherlock-holmes,1,,server-1,326,0,0,,,
cache-off-warm100,110,2,4.6182,8005.934,171.589,8177.523,of,the-great-gatsby,1,,server-1,327,0,0,,,
cache-off-warm100,110,2,4.6273,8011.537,161.895,8173.432,of,the-jungle,1,,server-1,328,0,0,,,
cache-off-warm100,110,2,4.6364,8128.199,111.498,8239.697,death,north-and-south,1,,server-1,329,0,0,,,
cache-off-warm100,110,2,4.6455,8151.071,38.330,8189.401,the,around-the-world-in-eighty-days,1,,server-1,328,0,0,,,
cache-off-warm100,110,2,4.6545,8133.751,34.507,8168.258,money,the-last-of-the-mohicans-a-narrative-of-1757-27681,1,,server-1,329,0,0,,,
cache-off-warm100,110,2,4.6636,8171.968,79.207,8251.174,money,the-scarlet-letter,1,,server-1,330,0,0,,,
cache-off-warm100,110,2,4.6727,8166.959,147.701,8314.660,house,the-return-of-sherlock-holmes-108,1,,server-1,330,0,0,,,
cache-off-warm100,110,2,4.6818,8156.796,94.699,8251.495,london,leaves-of-grass,1,,server-1,331,0,0,,,
cache-off-warm100,110,2,4.6909,8187.428,92.832,8280.260,and,the-kama-sutra-of-vatsyayana,1,,server-1,331,0,0,,,
cache-off-warm100,110,2,4.7000,8177.990,83.193,8261.183,death,the-innocents-abroad,1,,server-1,332,0,0,,,
cache-off-warm100,110,2,4.7091,8170.078,129.081,8299.158,was,the-last-of-the-mohicans-a-narrative-of-1757,1,,server-1,332,0,0,,,
cache-off-warm100,110,2,4.7182,8244.354,167.042,8411.396,the,the-vicomte-de-bragelonne,1,,server-1,333,0,0,,,
cache-off-warm100,110,2,4.7273,8161.067,130.453,8291.520,house,the-king-in-yellow,1,,server-1,334,0,0,,,
cache-off-warm100,110,2,4.7364,8227.513,315.642,8543.154,heart,sense-and-sensibility,1,,server-1,335,0,0,,,
cache-off-warm100,110,2,4.7455,8224.419,100.051,8324.470,king,north-and-south,1,,server-1,336,0,0,,,
cache-off-warm100,110,2,4.7545,8269.430,98.529,8367.959,sea,madame-bovary,1,,server-1,337,0,0,,,
cache-off-warm100,110,2,4.7636,8260.418,143.537,8403.956,london,a-princess-of-mars,1,,server-1,338,0,0,,,
cache-off-warm100,110,2,4.7727,8251.672,95.921,8347.593,death,autobiography-of-benjamin-franklin,1,,server-1,338,0,0,,,
cache-off-warm100,110,2,4.7818,8313.758,188.934,8502.692,house,the-return-of-sherlock-holmes-108,1,,server-1,339,0,0,,,
cache-off-warm100,110,2,4.7909,8281.098,188.117,8469.215,sea,a-tale-of-two-cities,1,,server-1,340,0,0,,,
cache-off-warm100,110,2,4.8000,8271.523,204.186,8475.709,london,persuasion,1,,server-1,341,0,0,,,
cache-off-warm100,110,2,4.8091,8285.671,45.304,8330.975,the,the-war-of-the-worlds,1,,server-1,340,0,0,,,
cache-off-warm100,110,2,4.8182,8342.466,192.703,8535.168,king,the-portrait-of-a-lady-volume-1,1,,server-1,341,0,0,,,
cache-off-warm100,110,2,4.8273,8334.362,188.031,8522.393,castle,dubliners,1,,server-1,342,0,0,,,
cache-off-warm100,110,2,4.8364,8325.699,139.362,8465.061,night,the-secret-garden,1,,server-1,343,0,0,,,
cache-off-warm100,110,2,4.8455,8350.806,168.241,8519.047,and,autobiography-of-benjamin-franklin,1,,server-1,341,0,0,,,
cache-off-warm100,110,2,4.8545,8427.417,82.920,8510.337,house,the-jungle-book,1,,server-1,342,0,0,,,
cache-off-warm100,110,2,4.8636,8467.159,135.063,8602.221,king,the-song-of-the-lark,1,,server-1,343,0,0,,,
cache-off-warm100,110,2,4.8727,8457.759,132.790,8590.549,love,emma,1,,server-1,343,0,0,,,
cache-off-warm100,110,2,4.8818,8471.967,88.488,8560.455,letter,the-house-of-mirth,1,,server-1,344,0,0,,,
cache-off-warm100,110,2,4.8909,8481.050,120.021,8601.072,money,oliver-twist,1,,server-1,344,0,0,,,
cache-off-warm100,110,2,4.9000,8523.320,238.825,8762.145,you,tess-of-the-d-urbervilles-a-pure-woman,1,,server-1,345,0,0,,,
cache-off-warm100,110,2,4.9091,8557.875,43.782,8601.658,night,the-jungle,1,,server-1,346,0,0,,,
cache-off-warm100,110,2,4.9182,8551.680,240.661,8792.341,whale,the-adventures-of-ferdinand-count-fathom-complete,1,,server-1,345,0,0,,,
cache-off-warm100,110,2,4.9273,8562.143,336.997,8899.139,money,grimms-fairy-tales,1,,server-1,346,0,0,,,
cache-off-warm100,110,2,4.9364,8551.852,60.065,8611.917,night,the-house-of-mirth,1,,server-1,347,0,0,,,
cache-off-warm100,110,2,4.9455,8543.685,103.465,8647.150,heart,sense-and-sensibility,1,,server-1,348,0,0,,,
cache-off-warm100,110,2,4.9545,8557.971,97.919,8655.891,the,myths-and-legends-of-ancient-greece-and-rome,1,,server-1,348,0,0,,,
cache-off-warm100,110,2,4.9636,8548.185,193.534,8741.718,she,a-journey-to-the-centre-of-the-earth,1,,server-1,349,0,0,,,
cache-off-warm100,110,2,4.9727,8555.599,200.701,8756.300,he,the-adventures-of-sherlock-holmes,1,,server-1,350,0,0,,,
cache-off-warm100,110,2,4.9818,8547.497,264.801,8812.298,love,washington-square,1,,server-1,351,0,0,,,
cache-off-warm100,110,2,4.9909,8631.817,206.156,8837.973,she,the-great-gatsby,1,,server-1,352,0,0,,,
cache-off-warm100,110,2,5.0000,8729.654,168.232,8897.885,money,herland,1,,server-1,353,0,0,,,
cache-off-warm100,110,2,5.0091,8737.193,291.127,9028.320,king,autobiography-of-benjamin-franklin,1,,server-1,354,0,0,,,
cache-off-warm100,110,2,5.0182,8716.300,179.171,8895.471,and,the-adventures-of-ferdinand-count-fathom-complete,1,,server-1,354,0,0,,,
cache-off-warm100,110,2,5.0273,8745.488,143.371,8888.859,london,silas-marner,1,,server-1,355,0,0,,,
cache-off-warm100,110,2,5.0364,8882.561,47.824,8930.386,night,the-mysterious-affair-at-styles,1,,server-1,356,0,0,,,
cache-off-warm100,110,2,5.0455,8875.942,181.811,9057.753,he,the-iliad-2199,1,,server-1,357,0,0,,,
cache-off-warm100,110,2,5.0545,8864.005,75.840,8939.846,night,the-mystery-of-edwin-drood,1,,server-1,358,0,0,,,
cache-off-warm100,110,2,5.0636,8854.392,39.716,8894.108,of,the-last-of-the-mohicans-a-narrative-of-1757-27681,1,,server-1,359,0,0,,,
cache-off-warm100,110,2,5.0727,8859.040,172.594,9031.634,castle,a-journey-to-the-centre-of-the-earth,1,,server-1,360,0,0,,,
cache-off-warm100,110,2,5.0818,8839.395,227.885,9067.280,the,the-house-of-the-seven-gables,1,,server-1,359,0,0,,,
cache-off-warm100,110,2,5.0909,8834.629,120.669,8955.298,whale,far-from-the-madding-crowd,1,,server-1,360,0,0,,,
cache-off-warm100,110,2,5.1000,8839.566,185.955,9025.521,you,the-last-of-the-mohicans-a-narrative-of-1757-27681,1,,server-1,361,0,0,,,
cache-off-warm100,110,2,5.1091,9008.646,67.890,9076.536,house,the-last-of-the-mohicans-a-narrative-of-1757-27681,1,,server-1,362,0,0,,,
cache-off-warm100,110,2,5.1182,9002.300,119.140,9121.440,whale,the-secret-garden-17396,1,,server-1,363,0,0,,,
cache-off-warm100,110,2,5.1273,8997.758,113.094,9110.852,castle,northanger-abbey,1,,server-1,363,0,0,,,
cache-off-warm100,110,2,5.1364,8989.003,116.496,9105.500,death,silas-marner,1,,server-1,364,0,0,,,
cache-off-warm100,110,2,5.1455,9001.957,113.292,9115.248,london,frankenstein-or-the-modern-prometheus-41445,1,,server-1,365,0,0,,,
cache-off-warm100,110,2,5.1545,8998.034,127.840,9125.874,horse,the-secret-adversary,1,,server-1,366,0,0,,,
cache-off-warm100,110,2,5.1636,9080.986,194.660,9275.646,she,myths-and-legends-of-ancient-greece-and-rome,1,,server-1,366,0,0,,,
cache-off-warm100,110,2,5.1727,9086.053,46.860,9132.913,of,the-adventures-of-tom-sawyer-complete,1,,server-1,367,0,0,,,
cache-off-warm100,110,2,5.1818,9063.795,105.706,9169.501,heart,the-american,1,,server-1,368,0,0,,,
cache-off-warm100,110,2,5.1909,9054.301,104.116,9158.417,money,dracula,1,,server-1,369,0,0,,,
cache-off-warm100,110,2,5.2000,9080.828,128.673,9209.501,of,the-first-men-in-the-moon,1,,server-1,370,0,0,,,
cache-off-warm100,110,2,5.2091,9073.235,83.487,9156.721,whale,herland,1,,server-1,371,0,0,,,
cache-off-warm100,110,2,5.2182,9068.098,314.227,9382.325,london,the-last-of-the-mohicans-a-narrative-of-1757,1,,server-1,372,0,0,,,
cache-off-warm100,110,2,5.2273,9062.236,258.253,9320.489,money,white-fang,1,,server-1,373,0,0,,,
cache-off-warm100,110,2,5.2364,9067.741,86.846,9154.587,sea,the-house-of-mirth,1,,server-1,374,0,0,,,
cache-off-warm100,110,2,5.2455,9118.657,186.332,9304.990,horse,persuasion,1,,server-1,375,0,0,,,
cache-off-warm100,110,2,5.2545,9155.614,193.033,9348.647,castle,far-from-the-madding-crowd,1,,server-1,376,0,0,,,
cache-off-warm100,110,2,5.2636,9128.444,142.096,9270.541,love,the-song-of-the-lark,1,,server-1,377,0,0,,,
cache-off-warm100,110,2,5.2727,9119.604,67.660,9187.265,london,hard-times,1,,server-1,378,0,0,,,
cache-off-warm100,110,2,5.2818,9112.172,247.914,9360.086,house,the-mysterious-affair-at-styles,1,,server-1,379,0,0,,,
cache-off-warm100,110,2,5.2909,9118.423,217.260,9335.683,sea,the-lost-world,1,,server-1,379,0,0,,,
cache-off-warm100,110,2,5.3000,9251.626,322.018,9573.644,of,hard-times,1,,server-1,380,0,0,,,
cache-off-warm100,110,2,5.3091,9241.818,240.314,9482.132,letter,a-princess-of-mars,1,,server-1,381,0,0,,,
cache-off-warm100,110,2,5.3182,9285.662,82.772,9368.433,you,the-first-men-in-the-moon,1,,server-1,382,0,0,,,
cache-off-warm100,110,2,5.3273,9277.610,150.337,9427.947,death,the-hound-of-the-baskervilles,1,,server-1,382,0,0,,,
cache-off-warm100,110,2,5.3364,9271.930,119.482,9391.413,love,the-warden,1,,server-1,383,0,0,,,
cache-off-warm100,110,2,5.3455,9282.323,274.845,9557.168,of,cranford,1,,server-1,384,0,0,,,
cache-off-warm100,110,2,5.3545,9272.875,102.404,9375.279,london,the-jungle-book,1,,server-1,385,0,0,,,
cache-off-warm100,110,2,5.3636,9284.776,193.614,9478.391,king,a-tale-of-two-cities,1,,server-1,385,0,0,,,
cache-off-warm100,110,2,5.3727,9388.584,222.181,9610.765,money,the-lost-world,1,,server-1,386,0,0,,,
cache-off-warm100,110,2,5.3818,9383.125,214.830,9597.955,the,black-beauty,1,,server-1,387,0,0,,,
cache-off-warm100,110,2,5.3909,9446.967,181.141,9628.108,heart,the-moonstone,1,,server-1,388,0,0,,,
cache-off-warm100,110,2,5.4000,9459.225,123.119,9582.344,of,treasure-island,1,,server-1,389,0,0,,,
cache-off-warm100,110,2,5.4091,9433.526,190.490,9624.016,he,the-secret-garden,1,,server-1,390,0,0,,,
cache-off-warm100,110,2,5.4182,9480.907,79.386,9560.293,letter,the-song-of-the-lark,1,,server-1,391,0,0,,,
cache-off-warm100,110,2,5.4273,9557.948,225.924,9783.871,house,walden-and-on-the-duty-of-civil-disobedience,1,,server-1,392,0,0,,,
cache-off-warm100,110,2,5.4364,9545.511,98.764,9644.275,the,the-wind-in-the-willows,1,,server-1,393,0,0,,,
cache-off-warm100,110,2,5.4455,9538.471,137.602,9676.072,love,the-romance-of-lust-a-classic-victorian-erotic-novel,1,,server-1,394,0,0,,,
cache-off-warm100,110,2,5.4545,9530.177,68.660,9598.837,and,the-war-of-the-worlds,1,,server-1,395,0,0,,,
cache-off-warm100,110,2,5.4636,9555.486,99.482,9654.968,death,the-hound-of-the-baskervilles-3070,1,,server-1,396,0,0,,,
cache-off-warm100,110,2,5.4727,9557.093,154.619,9711.711,of,a-tale-of-two-cities,1,,server-1,394,0,0,,,
cache-off-warm100,110,2,5.4818,9549.756,144.680,9694.436,sea,the-american,1,,server-1,395,0,0,,,
cache-off-warm100,110,2,5.4909,9632.377,118.341,9750.719,castle,a-tale-of-two-cities,1,,server-1,396,0,0,,,
cache-off-warm100,110,2,5.5000,9669.965,101.185,9771.150,house,the-moonstone,1,,server-1,397,0,0,,,
cache-off-warm100,110,2,5.5091,9704.585,90.740,9795.324,was,the-last-of-the-mohicans-a-narrative-of-1757-27681,1,,server-1,398,0,0,,,
cache-off-warm100,110,2,5.5182,9695.777,73.813,9769.590,london,the-return-of-sherlock-holmes-108,1,,server-1,399,0,0,,,
cache-off-warm100,110,2,5.5273,9745.001,84.635,9829.636,the,the-adventures-of-tom-sawyer-complete,1,,server-1,400,0,0,,,
cache-off-warm100,110,2,5.5364,9735.684,50.945,9786.630,you,wuthering-heights,1,,server-1,401,0,0,,,
cache-off-warm100,110,2,5.5455,9814.866,339.875,10154.741,horse,herland,1,,server-1,402,0,0,,,
cache-off-warm100,110,2,5.5545,9750.098,189.029,9939.128,horse,tess-of-the-d-urbervilles-a-pure-woman,1,,server-1,403,0,0,,,
cache-off-warm100,110,2,5.5636,9741.669,29.463,9771.132,of,the-adventures-of-tom-sawyer-complete,1,,server-1,404,0,0,,,
cache-off-warm100,110,2,5.5727,9732.554,124.543,9857.097,the,the-first-men-in-the-moon,1,,server-1,405,0,0,,,
cache-off-warm100,110,2,5.5818,9724.898,304.072,10028.970,horse,leaves-of-grass,1,,server-1,406,0,0,,,
cache-off-warm100,110,2,5.5909,9715.849,202.089,9917.938,of,memoirs-of-fanny-hill,1,,server-1,407,0,0,,,
cache-off-warm100,110,2,5.6000,9720.477,242.120,9962.597,sea,the-romance-of-lust-a-classic-victorian-erotic-novel,1,,server-1,407,0,0,,,
cache-off-warm100,110,2,5.6091,9713.914,327.618,10041.532,heart,the-tenant-of-wildfell-hall,1,,server-1,408,0,0,,,
cache-off-warm100,110,2,5.6182,9714.663,158.073,9872.736,horse,desert-gold,1,,server-1,409,0,0,,,
cache-off-warm100,110,2,5.6273,9708.164,239.630,9947.794,money,jude-the-obscure,1,,server-1,410,0,0,,,
cache-off-warm100,110,2,5.6364,9735.350,312.496,10047.846,whale,the-american,1,,server-1,411,0,0,,,
cache-off-warm100,110,2,5.6455,9848.137,186.867,10035.005,she,the-secret-adversary,1,,server-1,410,0,0,,,
cache-off-warm100,110,2,5.6545,9921.047,282.316,10203.363,death,the-song-of-the-lark,1,,server-1,409,0,0,,,
cache-off-warm100,110,2,5.6636,9948.272,275.912,10224.184,you,desperate-remedies,1,,server-1,410,0,0,,,
cache-off-warm100,110,2,5.6727,10014.728,264.225,10278.952,london,memoirs-of-fanny-hill,1,,server-1,409,0,0,,,
cache-off-warm100,110,2,5.6818,10003.557,264.308,10267.865,and,the-scarlet-letter-33,1,,server-1,410,0,0,,,
cache-off-warm100,110,2,5.6909,9994.862,87.145,10082.007,the,the-picture-of-dorian-gray,1,,server-1,409,0,0,,,
cache-off-warm100,110,2,5.7000,9987.140,224.224,10211.364,letter,the-mysterious-island,1,,server-1,410,0,0,,,
cache-off-warm100,110,2,5.7091,9978.825,141.672,10120.498,death,the-hound-of-the-baskervilles,1,,server-1,411,0,0,,,
cache-off-warm100,110,2,5.7182,10035.615,222.700,10258.315,love,the-adventures-of-sherlock-holmes,1,,server-1,412,0,0,,,
cache-off-warm100,110,2,5.7273,10041.431,132.698,10174.129,love,the-secret-garden,1,,server-1,413,0,0,,,
cache-off-warm100,110,2,5.7364,10211.573,62.481,10274.054,money,the-king-in-yellow,1,,server-1,414,0,0,,,
cache-off-warm100,110,2,5.7455,10192.127,49.864,10241.991,he,the-war-of-the-worlds,1,,server-1,413,0,0,,,
cache-off-warm100,110,2,5.7545,10195.647,123.478,10319.126,of,frankenstein-or-the-modern-prometheus,1,,server-1,414,0,0,,,
cache-off-warm100,110,2,5.7636,10221.766,48.721,10270.487,death,memoirs-of-fanny-hill,1,,server-1,415,0,0,,,
cache-off-warm100,110,2,5.7727,10212.976,130.477,10343.453,letter,mary-barton,1,,server-1,416,0,0,,,
cache-off-warm100,110,2,5.7818,10227.102,67.879,10294.981,of,adventures-of-huckleberry-finn,1,,server-1,416,0,0,,,
cache-off-warm100,110,2,5.7909,10286.798,68.713,10355.511,whale,desperate-remedies,1,,server-1,417,0,0,,,
cache-off-warm100,110,2,5.8000,10318.792,56.333,10375.125,death,mary-barton,1,,server-1,417,0,0,,,
cache-off-warm100,110,2,5.8091,10310.118,84.189,10394.308,and,jane-eyre-an-autobiography,1,,server-1,418,0,0,,,
cache-off-warm100,110,2,5.8182,10323.015,172.699,10495.714,death,jude-the-obscure,1,,server-1,419,0,0,,,
cache-off-warm100,110,2,5.8273,10318.887,175.365,10494.252,you,the-king-in-yellow,1,,server-1,419,0,0,,,
cache-off-warm100,110,2,5.8364,10367.472,205.577,10573.049,horse,the-scarlet-letter,1,,server-1,420,0,0,,,
cache-off-warm100,110,2,5.8455,10361.690,198.325,10560.015,death,the-hound-of-the-baskervilles-3070,1,,server-1,421,0,0,,,
cache-off-warm100,110,2,5.8545,10320.833,207.873,10528.705,was,the-moonstone,1,,server-1,422,0,0,,,
cache-off-warm100,110,2,5.8636,10344.549,243.159,10587.707,london,villette,1,,server-1,423,0,0,,,
cache-off-warm100,110,2,5.8727,10336.451,305.484,10641.936,and,the-iliad,1,,server-1,423,0,0,,,
cache-off-warm100,110,2,5.8818,10401.219,247.829,10649.048,he,villette,1,,server-1,424,0,0,,,
cache-off-warm100,110,2,5.8909,10393.917,228.047,10621.963,was,the-memoirs-of-sherlock-holmes,1,,server-1,425,0,0,,,
cache-off-warm100,110,2,5.9000,10419.840,229.285,10649.126,sea,hard-times,1,,server-1,425,0,0,,,
cache-off-warm100,110,2,5.9091,10419.431,201.772,10621.203,she,cranford,1,,server-1,426,0,0,,,
cache-off-warm100,110,2,5.9182,10486.674,143.865,10630.538,heart,little-women,1,,server-1,427,0,0,,,
cache-off-warm100,110,2,5.9273,10571.343,51.258,10622.602,king,the-jungle,1,,server-1,428,0,0,,,
cache-off-warm100,110,2,5.9364,10563.236,157.788,10721.024,money,mary-barton,1,,server-1,429,0,0,,,
cache-off-warm100,110,2,5.9455,10565.305,39.622,10604.927,letter,sense-and-sensibility,1,,server-1,430,0,0,,,
cache-off-warm100,110,2,5.9545,10556.652,213.949,10770.601,whale,little-women,1,,server-1,431,0,0,,,
cache-off-warm100,110,2,5.9636,10551.320,113.354,10664.674,night,anne-of-green-gables,1,,server-1,432,0,0,,,
cache-off-warm100,110,2,5.9727,10561.161,48.640,10609.801,she,far-from-the-madding-crowd,1,,server-1,433,0,0,,,
cache-off-warm100,110,2,5.9818,10567.265,65.763,10633.028,house,the-first-men-in-the-moon,1,,server-1,433,0,0,,,
cache-off-warm100,110,2,5.9909,10562.286,174.290,10736.576,king,kidnapped,1,,server-1,434,0,0,,,
cache-off-warm100,110,2,6.0000,10552.641,73.915,10626.556,night,desert-gold,1,,server-1,435,0,0,,,
cache-off-warm100,110,2,6.0091,10545.596,208.043,10753.639,whale,hard-times,1,,server-1,435,0,0,,,
cache-off-warm100,110,2,6.0182,10561.271,240.126,10801.397,house,far-from-the-madding-crowd,1,,server-1,435,0,0,,,
cache-off-warm100,110,2,6.0273,10565.059,167.228,10732.287,death,oliver-twist,1,,server-1,436,0,0,,,
cache-off-warm100,110,2,6.0364,10588.664,234.818,10823.481,night,the-house-of-mirth,1,,server-1,437,0,0,,,
cache-off-warm100,110,2,6.0455,10624.324,155.284,10779.609,whale,the-romance-of-lust-a-classic-victorian-erotic-novel,1,,server-1,435,0,0,,,
cache-off-warm100,110,2,6.0545,10673.871,106.927,10780.799,and,the-mysterious-affair-at-styles,1,,server-1,436,0,0,,,
cache-off-warm100,110,2,6.0636,10701.463,275.039,10976.502,house,the-memoirs-of-sherlock-holmes,1,,server-1,436,0,0,,,
cache-off-warm100,110,2,6.0727,10752.681,81.302,10833.982,love,his-last-bow,1,,server-1,436,0,0,,,
cache-off-warm100,110,2,6.0818,10753.713,36.545,10790.258,he,the-scarlet-letter-33,1,,server-1,437,0,0,,,
cache-off-warm100,110,2,6.0909,10783.618,116.104,10899.721,whale,thus-spake-zarathustra-a-book-for-all-and-none,1,,server-1,438,0,0,,,
cache-off-warm100,110,2,6.1000,10772.757,22.573,10795.331,whale,a-tale-of-two-cities,1,,server-1,439,0,0,,,
cache-off-warm100,110,2,6.1091,10763.970,148.529,10912.500,night,tess-of-the-d-urbervilles-a-pure-woman,1,,server-1,439,0,0,,,
cache-off-warm100,110,2,6.1182,10756.444,72.796,10829.240,horse,kidnapped,1,,server-1,440,0,0,,,
cache-off-warm100,110,2,6.1273,10746.924,120.738,10867.662,letter,little-women,1,,server-1,441,0,0,,,
cache-off-warm100,110,2,6.1364,10769.437,167.639,10937.077,whale,the-scarlet-letter,1,,server-1,442,0,0,,,
cache-off-warm100,110,2,6.1455,10874.155,83.867,10958.023,was,leaves-of-grass,1,,server-1,443,0,0,,,
cache-off-warm100,110,2,6.1545,10867.324,101.687,10969.011,night,the-american,1,,server-1,442,0,0,,,
cache-off-warm100,110,2,6.1636,10878.717,104.514,10983.232,money,dracula,1,,server-1,443,0,0,,,
cache-off-warm100,110,2,6.1727,10895.932,208.564,11104.497,death,the-king-in-yellow,1,,server-1,444,0,0,,,
cache-off-warm100,110,2,6.1818,10966.041,94.418,11060.459,letter,the-adventures-of-tom-sawyer-complete,1,,server-1,445,0,0,,,
cache-off-warm100,110,2,6.1909,10958.001,204.899,11162.901,death,the-vicomte-de-bragelonne,1,,server-1,446,0,0,,,
cache-off-warm100,110,2,6.2000,10948.586,77.561,11026.147,sea,the-scarlet-letter,1,,server-1,447,0,0,,,
cache-off-warm100,110,2,6.2091,10944.347,137.620,11081.967,castle,thus-spake-zarathustra-a-book-for-all-and-none,1,,server-1,448,0,0,,,
cache-off-warm100,110,2,6.2182,10931.171,144.556,11075.727,love,the-iliad-2199,1,,server-1,449,0,0,,,
cache-off-warm100,110,2,6.2273,10928.404,156.420,11084.824,money,adventures-of-huckleberry-finn,1,,server-1,447,0,0,,,
cache-off-warm100,110,2,6.2364,11058.172,27.930,11086.101,heart,the-wind-in-the-willows,1,,server-1,448,0,0,,,
cache-off-warm100,110,2,6.2455,11043.921,103.950,11147.871,was,frankenstein-or-the-modern-prometheus-41445,1,,server-1,449,0,0,,,
cache-off-warm100,110,2,6.2545,11043.369,99.079,11142.448,sea,emma,1,,server-1,450,0,0,,,
cache-off-warm100,110,2,6.2636,11032.644,148.134,11180.777,night,grimms-fairy-tales,1,,server-1,450,0,0,,,
cache-off-warm100,110,2,6.2727,11047.876,135.922,11183.798,castle,north-and-south,1,,server-1,451,0,0,,,
cache-off-warm100,110,2,6.2818,11039.281,157.667,11196.948,castle,far-from-the-madding-crowd,1,,server-1,452,0,0,,,
cache-off-warm100,110,2,6.2909,11106.671,60.996,11167.667,was,agnes-grey,1,,server-1,453,0,0,,,
cache-off-warm100,110,2,6.3000,11117.108,88.733,11205.842,was,mansfield-park,1,,server-1,454,0,0,,,
cache-off-warm100,110,2,6.3091,11170.964,75.897,11246.861,and,walden-and-on-the-duty-of-civil-disobedience,1,,server-1,455,0,0,,,
cache-off-warm100,110,2,6.3182,11162.282,86.208,11248.490,love,frankenstein-or-the-modern-prometheus-41445,1,,server-1,456,0,0,,,
cache-off-warm100,110,2,6.3273,11153.790,52.387,11206.177,letter,mansfield-park,1,,server-1,457,0,0,,,
cache-off-warm100,110,2,6.3364,11197.476,113.507,11310.983,heart,the-wind-in-the-willows,1,,server-1,457,0,0,,,
cache-off-warm100,110,2,6.3455,11220.299,120.620,11340.919,castle,the-return-of-sherlock-holmes,1,,server-1,457,0,0,,,
cache-off-warm100,110,2,6.3545,11213.472,242.129,11455.601,money,little-women,1,,server-1,458,0,0,,,
cache-off-warm100,110,2,6.3636,11204.984,249.842,11454.825,love,the-iliad-2199,1,,server-1,459,0,0,,,
cache-off-warm100,110,2,6.3727,11196.265,317.389,11513.654,whale,the-adventures-of-sherlock-holmes,1,,server-1,459,0,0,,,
cache-off-warm100,110,2,6.3818,11189.164,118.160,11307.324,heart,around-the-world-in-eighty-days,1,,server-1,459,0,0,,,
cache-off-warm100,110,2,6.3909,11180.903,96.453,11277.356,king,a-journey-to-the-centre-of-the-earth,1,,server-1,459,0,0,,,
cache-off-warm100,110,2,6.4000,11179.669,134.589,11314.258,money,the-mystery-of-edwin-drood,1,,server-1,459,0,0,,,
cache-off-warm100,110,2,6.4091,11236.697,237.896,11474.594,horse,the-house-of-the-seven-gables,1,,server-1,460,0,0,,,
cache-off-warm100,110,2,6.4182,11248.180,303.792,11551.972,was,the-scarlet-letter-33,1,,server-1,461,0,0,,,
cache-off-warm100,110,2,6.4273,11220.919,178.424,11399.343,of,the-romance-of-lust-a-classic-victorian-erotic-novel,1,,server-1,462,0,0,,,
cache-off-warm100,110,2,6.4364,11247.552,246.380,11493.932,she,the-adventures-of-sherlock-holmes,1,,server-1,463,0,0,,,
cache-off-warm100,110,2,6.4455,11269.413,190.706,11460.119,letter,persuasion,1,,server-1,464,0,0,,,
cache-off-warm100,110,2,6.4545,11371.551,141.224,11512.775,he,around-the-world-in-eighty-days,1,,server-1,465,0,0,,,
cache-off-warm100,110,2,6.4636,11442.003,213.786,11655.789,was,a-connecticut-yankee-in-king-arthur-s-court,1,,server-1,466,0,0,,,
cache-off-warm100,110,2,6.4727,11453.951,120.052,11574.003,death,wuthering-heights,1,,server-1,467,0,0,,,
cache-off-warm100,110,2,6.4818,11400.079,316.486,11716.565,love,the-hound-of-the-baskervilles-3070,1,,server-1,468,0,0,,,
cache-off-warm100,110,2,6.4909,11480.963,182.641,11663.604,you,silas-marner,1,,server-1,469,0,0,,,
cache-off-warm100,110,2,6.5000,11426.334,75.114,11501.448,whale,dracula,1,,server-1,470,0,0,,,
cache-off-warm100,110,2,6.5091,11421.509,253.866,11675.375,he,the-portrait-of-a-lady-volume-1,1,,server-1,467,0,0,,,
cache-off-warm100,110,2,6.5182,11412.624,144.042,11556.667,horse,sense-and-sensibility,1,,server-1,468,0,0,,,
cache-off-warm100,110,2,6.5273,11424.410,92.052,11516.462,money,dubliners,1,,server-1,469,0,0,,,
cache-off-warm100,110,2,6.5364,11458.223,128.038,11586.261,death,a-journey-to-the-centre-of-the-earth,1,,server-1,470,0,0,,,
cache-off-warm100,110,2,6.5455,11578.604,106.285,11684.889,whale,the-first-men-in-the-moon,1,,server-1,471,0,0,,,
cache-off-warm100,110,2,6.5545,11600.473,95.359,11695.832,letter,walden-and-on-the-duty-of-civil-disobedience,1,,server-1,472,0,0,,,
cache-off-warm100,110,2,6.5636,11621.774,174.993,11796.767,you,agnes-grey,1,,server-1,473,0,0,,,
cache-off-warm100,110,2,6.5727,11621.864,88.735,11710.599,sea,the-picture-of-dorian-gray,1,,server-1,474,0,0,,,
cache-off-warm100,110,2,6.5818,11669.909,213.088,11882.996,money,silas-marner,1,,server-1,475,0,0,,,
cache-off-warm100,110,2,6.5909,11663.135,259.947,11923.082,horse,the-divine-comedy,1,,server-1,476,0,0,,,
cache-off-warm100,110,2,6.6000,11654.162,90.755,11744.917,night,the-adventures-of-ferdinand-count-fathom-complete,1,,server-1,477,0,0,,,
cache-off-warm100,110,2,6.6091,11675.109,229.249,11904.358,king,frankenstein-or-the-modern-prometheus-41445,1,,server-1,476,0,0,,,
cache-off-warm100,110,2,6.6182,11666.752,176.388,11843.139,horse,the-adventures-of-tom-sawyer-complete,1,,server-1,477,0,0,,,
cache-off-warm100,110,2,6.6273,11661.592,309.573,11971.165,death,washington-square,1,,server-1,478,0,0,,,
cache-off-warm100,110,2,6.6364,11711.208,197.057,11908.265,death,washington-square,1,,server-1,479,0,0,,,
cache-off-warm100,110,2,6.6455,11642.820,249.265,11892.085,she,the-adventures-of-sherlock-holmes,1,,server-1,479,0,0,,,
cache-off-warm100,110,2,6.6545,11691.982,300.242,11992.223,castle,grimms-fairy-tales,1,,server-1,480,0,0,,,
cache-off-warm100,110,2,6.6636,11705.566,227.610,11933.176,he,tess-of-the-d-urbervilles-a-pure-woman,1,,server-1,481,0,0,,,
cache-off-warm100,110,2,6.6727,11926.698,91.496,12018.194,you,life-on-the-mississippi,1,,server-1,482,0,0,,,
cache-off-warm100,110,2,6.6818,11852.774,88.782,11941.556,the,the-adventures-of-sherlock-holmes,1,,server-1,482,0,0,,,
cache-off-warm100,110,2,6.6909,11908.189,89.248,11997.437,she,the-age-of-innocence,1,,server-1,483,0,0,,,
cache-off-warm100,110,2,6.7000,11943.893,62.649,12006.542,heart,the-scarlet-letter-33,1,,server-1,484,0,0,,,
cache-off-warm100,110,2,6.7091,11982.103,290.226,12272.329,london,the-adventures-of-ferdinand-count-fathom-complete,1,,server-1,485,0,0,,,
cache-off-warm100,110,2,6.7182,11989.630,122.825,12112.455,house,the-secret-garden,1,,server-1,486,0,0,,,
cache-off-warm100,110,2,6.7273,11965.120,30.208,11995.328,he,black-beauty,1,,server-1,486,0,0,,,
cache-off-warm100,110,2,6.7364,11956.419,139.336,12095.755,was,the-first-men-in-the-moon,1,,server-1,487,0,0,,,
cache-off-warm100,110,2,6.7455,11947.466,86.923,12034.389,death,the-lost-world,1,,server-1,488,0,0,,,
cache-off-warm100,110,2,6.7545,11953.702,150.602,12104.304,house,northanger-abbey,1,,server-1,489,0,0,,,
cache-off-warm100,110,2,6.7636,11944.819,125.151,12069.969,he,the-warden,1,,server-1,490,0,0,,,
cache-off-warm100,110,2,6.7727,11935.701,73.739,12009.440,you,the-iliad-2199,1,,server-1,491,0,0,,,
cache-off-warm100,110,2,6.7818,11942.419,236.981,12179.399,heart,the-war-of-the-worlds,1,,server-1,491,0,0,,,
cache-off-warm100,110,2,6.7909,12042.966,96.733,12139.699,letter,the-song-of-the-lark,1,,server-1,492,0,0,,,
cache-off-warm100,110,2,6.8000,12054.174,136.056,12190.230,horse,the-moonstone,1,,server-1,493,0,0,,,
cache-off-warm100,110,2,6.8091,12070.319,191.708,12262.027,of,twenty-thousand-leagues-under-the-sea,1,,server-1,494,0,0,,,
cache-off-warm100,110,2,6.8182,12063.897,101.305,12165.202,night,the-house-of-mirth,1,,server-1,494,0,0,,,
cache-off-warm100,110,2,6.8273,12111.311,128.726,12240.037,money,leaves-of-grass,1,,server-1,495,0,0,,,
cache-off-warm100,110,2,6.8364,12125.625,112.397,12238.021,heart,the-secret-adversary,1,,server-1,492,0,0,,,
cache-off-warm100,110,2,6.8455,12230.133,212.127,12442.260,money,myths-and-legends-of-ancient-greece-and-rome,1,,server-1,492,0,0,,,
cache-off-warm100,110,2,6.8545,12221.797,83.813,12305.609,king,jude-the-obscure,1,,server-1,493,0,0,,,
cache-off-warm100,110,2,6.8636,12214.088,99.669,12313.757,he,grimms-fairy-tales,1,,server-1,494,0,0,,,
cache-off-warm100,110,2,6.8727,12204.681,196.309,12400.990,heart,the-iliad,1,,server-1,495,0,0,,,
cache-off-warm100,110,2,6.8818,12197.167,91.793,12288.960,death,the-war-of-the-worlds,1,,server-1,496,0,0,,,
cache-off-warm100,110,2,6.8909,12187.664,210.822,12398.486,horse,beyond-good-and-evil,1,,server-1,497,0,0,,,
cache-off-warm100,110,2,6.9000,12202.891,173.298,12376.189,castle,the-adventures-of-ferdinand-count-fathom-complete,1,,server-1,498,0,0,,,
cache-off-warm100,110,2,6.9091,12261.550,169.618,12431.169,london,the-secret-adversary,1,,server-1,498,0,0,,,
cache-off-warm100,110,2,6.9182,12254.962,197.701,12452.662,sea,myths-and-legends-of-ancient-greece-and-rome,1,,server-1,498,0,0,,,
cache-off-warm100,110,2,6.9273,12284.112,117.353,12401.465,death,persuasion,1,,server-1,499,0,0,,,
cache-off-warm100,110,2,6.9364,12339.687,125.485,12465.172,the,the-house-of-mirth,1,,server-1,500,0,0,,,
cache-off-warm100,110,2,6.9455,12346.033,81.869,12427.902,heart,the-song-of-the-lark,1,,server-1,501,0,0,,,
cache-off-warm100,110,2,6.9545,12339.952,117.256,12457.208,money,the-prince,1,,server-1,501,0,0,,,
cache-off-warm100,110,2,6.9636,12411.523,92.336,12503.859,and,the-adventures-of-tom-sawyer-complete,1,,server-1,502,0,0,,,
cache-off-warm100,110,2,6.9727,12426.481,70.416,12496.897,horse,the-hound-of-the-baskervilles,1,,server-1,503,0,0,,,
cache-off-warm100,110,2,6.9818,12451.217,162.130,12613.347,whale,persuasion,1,,server-1,504,0,0,,,
cache-off-warm100,110,2,6.9909,12587.567,98.573,12686.140,night,frankenstein-or-the-modern-prometheus-41445,1,,server-1,505,0,0,,,
cache-off-warm100,110,2,7.0000,12477.833,140.021,12617.853,london,a-tale-of-two-cities,1,,server-1,506,0,0,,,
cache-off-warm100,110,2,7.0091,12467.902,46.334,12514.236,letter,a-princess-of-mars,1,,server-1,507,0,0,,,
cache-off-warm100,110,2,7.0182,12465.748,265.981,12731.729,castle,anne-of-green-gables,1,,server-1,508,0,0,,,
cache-off-warm100,110,2,7.0273,12465.361,121.442,12586.803,whale,the-last-of-the-mohicans-a-narrative-of-1757-27681,1,,server-1,509,0,0,,,
cache-off-warm100,110,2,7.0364,12483.029,115.854,12598.883,the,treasure-island,1,,server-1,510,0,0,,,
cache-off-warm100,110,2,7.0455,12573.017,53.234,12626.251,heart,the-house-of-the-seven-gables,1,,server-1,511,0,0,,,
cache-off-warm100,110,2,7.0545,12577.503,118.128,12695.631,castle,the-last-of-the-mohicans-a-narrative-of-1757,1,,server-1,510,0,0,,,
cache-off-warm100,110,2,7.0636,12572.144,108.970,12681.114,he,the-mysterious-affair-at-styles,1,,server-1,511,0,0,,,
cache-off-warm100,110,2,7.0727,12611.125,188.364,12799.489,castle,his-last-bow,1,,server-1,512,0,0,,,
cache-off-warm100,110,2,7.0818,12590.606,103.973,12694.579,he,the-scarlet-letter,1,,server-1,513,0,0,,,
cache-off-warm100,110,2,7.0909,12591.936,135.632,12727.568,sea,kidnapped,1,,server-1,510,0,0,,,
cache-off-warm100,110,2,7.1000,12584.192,192.119,12776.310,money,the-moonstone,1,,server-1,510,0,0,,,
cache-off-warm100,110,2,7.1091,12592.636,103.784,12696.419,letter,the-works-of-edgar-allan-poe-volume-2,1,,server-1,511,0,0,,,
cache-off-warm100,110,2,7.1182,12583.070,115.963,12699.033,sea,the-secret-garden,1,,server-1,512,0,0,,,
cache-off-warm100,110,2,7.1273,12618.117,95.966,12714.083,and,poirot-investigates,1,,server-1,513,0,0,,,
cache-off-warm100,110,2,7.1364,12680.832,93.101,12773.933,whale,the-kama-sutra-of-vatsyayana,1,,server-1,514,0,0,,,
cache-off-warm100,110,2,7.1455,12661.006,96.697,12757.703,he,tess-of-the-d-urbervilles-a-pure-woman,1,,server-1,513,0,0,,,
cache-off-warm100,110,2,7.1545,12723.540,81.767,12805.307,horse,the-adventures-of-tom-sawyer-complete,1,,server-1,514,0,0,,,
cache-off-warm100,110,2,7.1636,12714.244,63.448,12777.692,she,great-expectations,1,,server-1,515,0,0,,,
cache-off-warm100,110,2,7.1727,12731.100,86.461,12817.560,he,villette,1,,server-1,516,0,0,,,
cache-off-warm100,110,2,7.1818,12755.446,85.014,12840.460,castle,herland,1,,server-1,517,0,0,,,
cache-off-warm100,110,2,7.1909,12750.027,73.114,12823.141,was,the-war-of-the-worlds,1,,server-1,518,0,0,,,
cache-off-warm100,110,2,7.2000,12741.602,63.888,12805.490,letter,the-war-of-the-worlds,1,,server-1,519,0,0,,,
cache-off-warm100,110,2,7.2091,12749.708,88.322,12838.030,she,life-on-the-mississippi,1,,server-1,519,0,0,,,
cache-off-warm100,110,2,7.2182,12776.742,97.904,12874.646,of,the-scarlet-letter-33,1,,server-1,520,0,0,,,
cache-off-warm100,110,2,7.2273,12766.539,227.795,12994.334,was,the-secret-garden,1,,server-1,518,0,0,,,
cache-off-warm100,110,2,7.2364,12768.312,192.786,12961.098,king,the-odyssey,1,,server-1,519,0,0,,,
cache-off-warm100,110,2,7.2455,12767.272,231.406,12998.678,money,sense-and-sensibility,1,,server-1,520,0,0,,,
cache-off-warm100,110,2,7.2545,12836.726,255.556,13092.282,sea,the-secret-adversary,1,,server-1,521,0,0,,,
cache-off-warm100,110,2,7.2636,12790.813,188.348,12979.161,horse,the-iliad,1,,server-1,522,0,0,,,
cache-off-warm100,110,2,7.2727,12789.173,220.303,13009.477,the,the-portrait-of-a-lady-volume-1,1,,server-1,523,0,0,,,
cache-off-warm100,110,2,7.2818,12809.780,154.642,12964.421,castle,pride-and-prejudice,1,,server-1,524,0,0,,,
cache-off-warm100,110,2,7.2909,12857.358,149.222,13006.580,whale,desert-gold,1,,server-1,525,0,0,,,
cache-off-warm100,110,2,7.3000,12898.273,124.745,13023.019,she,hard-times,1,,server-1,526,0,0,,,
cache-off-warm100,110,2,7.3091,12936.815,266.589,13203.403,was,the-adventures-of-sherlock-holmes,1,,server-1,526,0,0,,,
cache-off-warm100,110,2,7.3182,12928.152,161.934,13090.086,horse,the-mysterious-island,1,,server-1,525,0,0,,,
cache-off-warm100,110,2,7.3273,12931.726,148.427,13080.153,the,thus-spake-zarathustra-a-book-for-all-and-none,1,,server-1,526,0,0,,,
cache-off-warm100,110,2,7.3364,12961.455,110.905,13072.360,you,poirot-investigates,1,,server-1,527,0,0,,,
cache-off-warm100,110,2,7.3455,13001.927,86.430,13088.357,was,the-portrait-of-a-lady-volume-1,1,,server-1,528,0,0,,,
cache-off-warm100,110,2,7.3545,13053.157,98.084,13151.241,night,the-last-of-the-mohicans-a-narrative-of-1757-27681,1,,server-1,527,0,0,,,
cache-off-warm100,110,2,7.3636,13072.428,244.546,13316.974,and,the-tenant-of-wildfell-hall,1,,server-1,527,0,0,,,
cache-off-warm100,110,2,7.3727,13071.555,154.752,13226.308,money,thus-spake-zarathustra-a-book-for-all-and-none,1,,server-1,528,0,0,,,
cache-off-warm100,110,2,7.3818,13131.727,65.195,13196.922,london,myths-and-legends-of-ancient-greece-and-rome,1,,server-1,529,0,0,,,
cache-off-warm100,110,2,7.3909,13125.046,97.772,13222.818,and,the-portrait-of-a-lady-volume-1,1,,server-1,530,0,0,,,
cache-off-warm100,110,2,7.4000,13121.575,174.718,13296.293,of,poirot-investigates,1,,server-1,531,0,0,,,
cache-off-warm100,110,2,7.4091,13113.698,108.969,13222.667,and,the-warden,1,,server-1,532,0,0,,,
cache-off-warm100,110,2,7.4182,13195.938,83.732,13279.670,she,poirot-investigates,1,,server-1,531,0,0,,,
cache-off-warm100,110,2,7.4273,13250.026,102.539,13352.564,horse,around-the-world-in-eighty-days,1,,server-1,531,0,0,,,
cache-off-warm100,110,2,7.4364,13241.228,76.271,13317.500,castle,the-mysterious-island,1,,server-1,532,0,0,,,
cache-off-warm100,110,2,7.4455,13256.002,151.073,13407.075,she,washington-square,1,,server-1,533,0,0,,,
cache-off-warm100,110,2,7.4545,13233.865,89.507,13323.372,the,the-odyssey,1,,server-1,534,0,0,,,
cache-off-warm100,110,2,7.4636,13319.350,146.273,13465.622,house,little-women,1,,server-1,532,0,0,,,
cache-off-warm100,110,2,7.4727,13307.628,76.096,13383.725,heart,jude-the-obscure,1,,server-1,533,0,0,,,
cache-off-warm100,110,2,7.4818,13301.835,115.345,13417.180,death,the-war-of-the-worlds,1,,server-1,534,0,0,,,
cache-off-warm100,110,2,7.4909,13300.006,106.637,13406.643,letter,a-tale-of-two-cities,1,,server-1,535,0,0,,,
cache-off-warm100,110,2,7.5000,13297.831,213.876,13511.707,sea,the-secret-garden,1,,server-1,536,0,0,,,
cache-off-warm100,110,2,7.5091,13314.447,165.878,13480.325,you,the-warden,1,,server-1,537,0,0,,,
cache-off-warm100,110,2,7.5182,13383.795,78.274,13462.068,the,dracula,1,,server-1,538,0,0,,,
cache-off-warm100,110,2,7.5273,13324.021,108.550,13432.571,the,the-innocents-abroad,1,,server-1,536,0,0,,,
cache-off-warm100,110,2,7.5364,13395.206,111.161,13506.367,you,the-song-of-the-lark,1,,server-1,537,0,0,,,
cache-off-warm100,110,2,7.5455,13387.022,152.853,13539.875,you,the-return-of-sherlock-holmes-108,1,,server-1,538,0,0,,,
cache-off-warm100,110,2,7.5545,13405.965,106.314,13512.279,night,treasure-island,1,,server-1,539,0,0,,,
cache-off-warm100,110,2,7.5636,13426.388,75.404,13501.792,house,the-return-of-sherlock-holmes,1,,server-1,540,0,0,,,
cache-off-warm100,110,2,7.5727,13467.328,87.543,13554.871,heart,villette,1,,server-1,541,0,0,,,
cache-off-warm100,110,2,7.5818,13484.714,63.760,13548.473,and,the-iliad-2199,1,,server-1,542,0,0,,,
cache-off-warm100,110,2,7.5909,13539.488,37.204,13576.692,he,little-women,1,,server-1,543,0,0,,,
cache-off-warm100,110,2,7.6000,13531.643,51.875,13583.518,sea,frankenstein-or-the-modern-prometheus-41445,1,,server-1,544,0,0,,,
cache-off-warm100,110,2,7.6091,13522.701,67.260,13589.960,death,white-fang,1,,server-1,545,0,0,,,
cache-off-warm100,110,2,7.6182,13517.117,114.845,13631.962,letter,great-expectations,1,,server-1,546,0,0,,,
cache-off-warm100,110,2,7.6273,13506.267,149.437,13655.704,whale,the-house-of-mirth,1,,server-1,547,0,0,,,
cache-off-warm100,110,2,7.6364,13533.212,142.248,13675.459,love,a-tale-of-two-cities,1,,server-1,546,0,0,,,
cache-off-warm100,110,2,7.6455,13538.630,96.075,13634.706,night,a-connecticut-yankee-in-king-arthur-s-court,1,,server-1,546,0,0,,,
cache-off-warm100,110,2,7.6545,13545.057,218.647,13763.703,of,the-house-of-mirth,1,,server-1,546,0,0,,,
cache-off-warm100,110,2,7.6636,13613.715,72.701,13686.416,death,dracula,1,,server-1,545,0,0,,,
cache-off-warm100,110,2,7.6727,13611.236,97.161,13708.396,you,the-first-men-in-the-moon,1,,server-1,546,0,0,,,
cache-off-warm100,110,2,7.6818,13598.858,80.611,13679.468,of,silas-marner,1,,server-1,547,0,0,,,
cache-off-warm100,110,2,7.6909,13597.500,161.944,13759.444,castle,beyond-good-and-evil,1,,server-1,548,0,0,,,
cache-off-warm100,110,2,7.7000,13584.125,79.392,13663.517,she,the-jungle-book,1,,server-1,549,0,0,,,
cache-off-warm100,110,2,7.7091,13579.341,132.572,13711.914,and,the-house-of-mirth,1,,server-1,550,0,0,,,
cache-off-warm100,110,2,7.7182,13591.273,174.814,13766.087,sea,the-jungle-book,1,,server-1,551,0,0,,,
cache-off-warm100,110,2,7.7273,13632.425,88.434,13720.860,night,the-song-of-the-lark,1,,server-1,552,0,0,,,
cache-off-warm100,110,2,7.7364,13679.850,58.763,13738.613,of,little-women,1,,server-1,553,0,0,,,
cache-off-warm100,110,2,7.7455,13702.697,126.801,13829.498,night,washington-square,1,,server-1,554,0,0,,,
cache-off-warm100,110,2,7.7545,13717.748,54.320,13772.068,castle,emma,1,,server-1,555,0,0,,,
cache-off-warm100,110,2,7.7636,13712.664,113.985,13826.649,love,the-scarlet-letter,1,,server-1,556,0,0,,,
cache-off-warm100,110,2,7.7727,13755.192,224.088,13979.280,castle,the-jungle,1,,server-1,557,0,0,,,
cache-off-warm100,110,2,7.7818,13701.657,82.490,13784.147,she,desperate-remedies,1,,server-1,558,0,0,,,
cache-off-warm100,110,2,7.7909,13738.306,344.428,14082.734,and,white-fang,1,,server-1,558,0,0,,,
cache-off-warm100,110,2,7.8000,13766.888,179.575,13946.462,love,the-scarlet-letter,1,,server-1,558,0,0,,,
cache-off-warm100,110,2,7.8091,13754.771,56.794,13811.565,whale,kidnapped,1,,server-1,559,0,0,,,
cache-off-warm100,110,2,7.8182,13772.459,36.874,13809.332,money,memoirs-of-fanny-hill,1,,server-1,558,0,0,,,
cache-off-warm100,110,2,7.8273,13790.835,186.300,13977.135,house,the-last-of-the-mohicans-a-narrative-of-1757-27681,1,,server-1,559,0,0,,,
cache-off-warm100,110,2,7.8364,13755.618,84.085,13839.703,sea,the-warden,1,,server-1,559,0,0,,,
cache-off-warm100,110,2,7.8455,13826.658,204.285,14030.942,letter,the-scarlet-letter-33,1,,server-1,560,0,0,,,
cache-off-warm100,110,2,7.8545,13897.314,178.848,14076.162,house,the-hound-of-the-baskervilles,1,,server-1,559,0,0,,,
cache-off-warm100,110,2,7.8636,13874.473,135.232,14009.705,letter,the-american,1,,server-1,560,0,0,,,
cache-off-warm100,110,2,7.8727,13914.962,142.144,14057.106,heart,hard-times,1,,server-1,561,0,0,,,
cache-off-warm100,110,2,7.8818,13870.595,217.113,14087.708,you,agnes-grey,1,,server-1,562,0,0,,,
cache-off-warm100,110,2,7.8909,13896.314,286.782,14183.096,sea,the-house-of-the-seven-gables,1,,server-1,563,0,0,,,
cache-off-warm100,110,2,7.9000,13914.226,259.786,14174.012,sea,the-secret-garden-17396,1,,server-1,564,0,0,,,
cache-off-warm100,110,2,7.9091,13896.509,161.778,14058.287,sea,the-mystery-of-edwin-drood,1,,server-1,565,0,0,,,
cache-off-warm100,110,2,7.9182,13886.828,130.493,14017.321,sea,oliver-twist,1,,server-1,566,0,0,,,
cache-off-warm100,110,2,7.9273,13946.602,176.501,14123.104,whale,mary-barton,1,,server-1,567,0,0,,,
cache-off-warm100,110,2,7.9364,13958.195,204.079,14162.274,london,the-american,1,,server-1,565,0,0,,,
cache-off-warm100,110,2,7.9455,13990.450,136.569,14127.020,london,the-odyssey,1,,server-1,566,0,0,,,
cache-off-warm100,110,2,7.9545,13964.931,101.263,14066.194,she,sense-and-sensibility,1,,server-1,567,0,0,,,
cache-off-warm100,110,2,7.9636,14077.733,123.931,14201.664,of,frankenstein-or-the-modern-prometheus-41445,1,,server-1,568,0,0,,,
cache-off-warm100,110,2,7.9727,14048.304,142.694,14190.998,letter,silas-marner,1,,server-1,569,0,0,,,
cache-off-warm100,110,2,7.9818,14091.464,97.849,14189.313,whale,meditations,1,,server-1,570,0,0,,,
cache-off-warm100,110,2,7.9909,14108.309,97.183,14205.492,whale,the-memoirs-of-sherlock-holmes,1,,server-1,571,0,0,,,
cache-off-warm100,110,2,8.0000,14167.965,44.528,14212.493,you,treasure-island,1,,server-1,572,0,0,,,
cache-off-warm100,110,2,8.0091,14109.723,122.419,14232.142,sea,the-return-of-sherlock-holmes,1,,server-1,573,0,0,,,
cache-off-warm100,110,2,8.0182,14143.617,129.756,14273.374,death,the-iliad-2199,1,,server-1,572,0,0,,,
cache-off-warm100,110,2,8.0273,14140.903,126.762,14267.665,love,white-fang,1,,server-1,573,0,0,,,
cache-off-warm100,110,2,8.0364,14161.241,104.630,14265.871,love,the-prince,1,,server-1,572,0,0,,,
cache-off-warm100,110,2,8.0455,14192.038,127.833,14319.871,of,mansfield-park,1,,server-1,571,0,0,,,
cache-off-warm100,110,2,8.0545,14250.451,118.564,14369.015,sea,the-last-of-the-mohicans-a-narrative-of-1757,1,,server-1,572,0,0,,,
cache-off-warm100,110,2,8.0636,14228.973,145.949,14374.922,love,cranford,1,,server-1,573,0,0,,,
cache-off-warm100,110,2,8.0727,14222.777,92.488,14315.265,love,poirot-investigates,1,,server-1,573,0,0,,,
cache-off-warm100,110,2,8.0818,14221.588,106.401,14327.989,house,grimms-fairy-tales,1,,server-1,574,0,0,,,
cache-off-warm100,110,2,8.0909,14219.609,115.187,14334.796,and,grimms-fairy-tales,1,,server-1,575,0,0,,,
cache-off-warm100,110,2,8.1000,14309.791,107.645,14417.437,money,the-mysterious-affair-at-styles,1,,server-1,576,0,0,,,
cache-off-warm100,110,2,8.1091,14314.844,95.422,14410.265,you,a-princess-of-mars,1,,server-1,576,0,0,,,
cache-off-warm100,110,2,8.1182,14321.976,82.814,14404.790,sea,the-warden,1,,server-1,577,0,0,,,
cache-off-warm100,110,2,8.1273,14312.621,24.592,14337.213,money,the-wind-in-the-willows,1,,server-1,577,0,0,,,
cache-off-warm100,110,2,8.1364,14304.127,61.891,14366.017,death,the-iliad-2199,1,,server-1,578,0,0,,,
cache-off-warm100,110,2,8.1455,14304.019,300.218,14604.237,letter,great-expectations,1,,server-1,579,0,0,,,
cache-off-warm100,110,2,8.1545,14369.646,225.282,14594.927,was,the-mystery-of-edwin-drood,1,,server-1,580,0,0,,,
cache-off-warm100,110,2,8.1636,14354.281,39.077,14393.357,sea,hard-times,1,,server-1,579,0,0,,,
cache-off-warm100,110,2,8.1727,14347.260,46.739,14393.998,sea,hard-times,1,,server-1,580,0,0,,,
cache-off-warm100,110,2,8.1818,14347.355,217.224,14564.580,money,villette,1,,server-1,580,0,0,,,
cache-off-warm100,110,2,8.1909,14339.160,59.374,14398.534,king,thus-spake-zarathustra-a-book-for-all-and-none,1,,server-1,581,0,0,,,
cache-off-warm100,110,2,8.2000,14338.297,167.412,14505.710,was,anne-of-green-gables,1,,server-1,582,0,0,,,
cache-off-warm100,110,2,8.2091,14348.956,193.191,14542.147,was,the-last-of-the-mohicans-a-narrative-of-1757-27681,1,,server-1,583,0,0,,,
cache-off-warm100,110,2,8.2182,14353.775,176.925,14530.700,house,the-iliad-2199,1,,server-1,584,0,0,,,
cache-off-warm100,110,2,8.2273,14522.844,96.818,14619.662,castle,hard-times,1,,server-1,584,0,0,,,
cache-off-warm100,110,2,8.2364,14513.924,94.710,14608.634,castle,the-secret-garden-17396,1,,server-1,585,0,0,,,
cache-off-warm100,110,2,8.2455,14505.119,100.641,14605.760,sea,pride-and-prejudice,1,,server-1,586,0,0,,,
cache-off-warm100,110,2,8.2545,14496.819,226.316,14723.135,heart,little-women,1,,server-1,587,0,0,,,
cache-off-warm100,110,2,8.2636,14490.065,95.289,14585.354,of,the-first-men-in-the-moon,1,,server-1,588,0,0,,,
cache-off-warm100,110,2,8.2727,14480.877,71.168,14552.045,of,grimms-fairy-tales,1,,server-1,589,0,0,,,
cache-off-warm100,110,2,8.2818,14573.988,134.838,14708.826,whale,autobiography-of-benjamin-franklin,1,,server-1,590,0,0,,,
cache-off-warm100,110,2,8.2909,14500.262,138.364,14638.626,death,the-adventures-of-ferdinand-count-fathom-complete,1,,server-1,590,0,0,,,
cache-off-warm100,110,2,8.3000,14521.545,81.003,14602.547,of,the-warden,1,,server-1,591,0,0,,,
cache-off-warm100,110,2,8.3091,14536.140,86.978,14623.119,castle,the-song-of-the-lark,1,,server-1,592,0,0,,,
cache-off-warm100,110,2,8.3182,14547.882,203.115,14750.996,you,the-return-of-sherlock-holmes-108,1,,server-1,589,0,0,,,
cache-off-warm100,110,2,8.3273,14605.626,89.915,14695.541,sea,great-expectations,1,,server-1,590,0,0,,,
cache-off-warm100,110,2,8.3364,14566.624,136.422,14703.046,money,the-portrait-of-a-lady-volume-1,1,,server-1,591,0,0,,,
cache-off-warm100,110,2,8.3455,14634.168,153.703,14787.871,sea,little-women,1,,server-1,592,0,0,,,
cache-off-warm100,110,2,8.3545,14686.064,143.993,14830.057,king,herland,1,,server-1,593,0,0,,,
cache-off-warm100,110,2,8.3636,14683.296,80.350,14763.646,night,the-innocents-abroad,1,,server-1,593,0,0,,,
cache-off-warm100,110,2,8.3727,14699.184,83.896,14783.080,death,myths-and-legends-of-ancient-greece-and-rome,1,,server-1,594,0,0,,,
cache-off-warm100,110,2,8.3818,14690.946,196.242,14887.188,you,dubliners,1,,server-1,595,0,0,,,
cache-off-warm100,110,2,8.3909,14683.319,165.425,14848.744,sea,jude-the-obscure,1,,server-1,596,0,0,,,
cache-off-warm100,110,2,8.4000,14723.691,118.465,14842.156,was,the-secret-adversary,1,,server-1,597,0,0,,,
cache-off-warm100,110,2,8.4091,14726.001,194.181,14920.182,heart,north-and-south,1,,server-1,598,0,0,,,
cache-off-warm100,110,2,8.4182,14716.943,159.674,14876.617,heart,the-vicomte-de-bragelonne,1,,server-1,599,0,0,,,
cache-off-warm100,110,2,8.4273,14724.850,115.207,14840.057,you,oliver-twist,1,,server-1,600,0,0,,,
cache-off-warm100,110,2,8.4364,14775.071,168.131,14943.202,london,a-journey-to-the-centre-of-the-earth,1,,server-1,601,0,0,,,
cache-off-warm100,110,2,8.4455,14850.251,81.931,14932.181,was,the-jungle,1,,server-1,601,0,0,,,
cache-off-warm100,110,2,8.4545,14840.147,257.908,15098.055,money,silas-marner,1,,server-1,602,0,0,,,
cache-off-warm100,110,2,8.4636,14830.967,50.057,14881.025,and,persuasion,1,,server-1,603,0,0,,,
cache-off-warm100,110,2,8.4727,14822.689,168.702,14991.391,of,frankenstein-or-the-modern-prometheus-41445,1,,server-1,604,0,0,,,
cache-off-warm100,110,2,8.4818,14813.926,141.190,14955.117,money,the-last-of-the-mohicans-a-narrative-of-1757-27681,1,,server-1,605,0,0,,,
cache-off-warm100,110,2,8.4909,14804.634,137.536,14942.170,was,the-mysterious-island,1,,server-1,606,0,0,,,
cache-off-warm100,110,2,8.5000,14796.052,217.512,15013.563,letter,tess-of-the-d-urbervilles-a-pure-woman,1,,server-1,606,0,0,,,
cache-off-warm100,110,2,8.5091,14819.732,188.001,15007.733,death,meditations,1,,server-1,607,0,0,,,
cache-off-warm100,110,2,8.5182,14824.316,214.159,15038.475,death,desert-gold,1,,server-1,608,0,0,,,
cache-off-warm100,110,2,8.5273,14836.118,146.658,14982.777,death,the-romance-of-lust-a-classic-victorian-erotic-novel,1,,server-1,608,0,0,,,
cache-off-warm100,110,2,8.5364,14897.338,174.624,15071.962,letter,dracula,1,,server-1,609,0,0,,,
cache-off-warm100,110,2,8.5455,14965.249,110.010,15075.259,night,a-princess-of-mars,1,,server-1,609,0,0,,,
cache-off-warm100,110,2,8.5545,15002.955,183.100,15186.055,house,memoirs-of-fanny-hill,1,,server-1,609,0,0,,,
cache-off-warm100,110,2,8.5636,14999.379,165.079,15164.457,of,adventures-of-huckleberry-finn,1,,server-1,608,0,0,,,
cache-off-warm100,110,2,8.5727,14993.527,197.372,15190.899,she,silas-marner,1,,server-1,609,0,0,,,
cache-off-warm100,110,2,8.5818,14999.642,179.783,15179.425,she,the-hound-of-the-baskervilles,1,,server-1,608,0,0,,,
cache-off-warm100,110,2,8.5909,15027.295,112.246,15139.541,house,the-song-of-the-lark,1,,server-1,609,0,0,,,
cache-off-warm100,110,2,8.6000,15021.663,167.079,15188.742,and,beyond-good-and-evil,1,,server-1,610,0,0,,,
cache-off-warm100,110,2,8.6091,15158.064,110.204,15268.269,horse,the-tenant-of-wildfell-hall,1,,server-1,611,0,0,,,
cache-off-warm100,110,2,8.6182,15168.574,87.482,15256.056,of,the-romance-of-lust-a-classic-victorian-erotic-novel,1,,server-1,612,0,0,,,
cache-off-warm100,110,2,8.6273,15161.591,129.531,15291.122,the,the-tenant-of-wildfell-hall,1,,server-1,613,0,0,,,
cache-off-warm100,110,2,8.6364,15153.814,122.624,15276.438,heart,the-scarlet-letter,1,,server-1,614,0,0,,,
cache-off-warm100,110,2,8.6455,15151.595,162.651,15314.246,love,mary-barton,1,,server-1,615,0,0,,,
cache-off-warm100,110,2,8.6545,15162.057,176.372,15338.429,she,the-hound-of-the-baskervilles-3070,1,,server-1,616,0,0,,,
cache-off-warm100,110,2,8.6636,15256.229,76.915,15333.143,she,anne-of-green-gables,1,,server-1,617,0,0,,,
cache-off-warm100,110,2,8.6727,15249.353,111.402,15360.755,money,his-last-bow,1,,server-1,618,0,0,,,
cache-off-warm100,110,2,8.6818,15274.866,103.222,15378.088,letter,the-picture-of-dorian-gray,1,,server-1,619,0,0,,,
cache-off-warm100,110,2,8.6909,15279.358,100.488,15379.846,love,the-hound-of-the-baskervilles,1,,server-1,620,0,0,,,
cache-off-warm100,110,2,8.7000,15291.960,161.121,15453.081,house,jane-eyre-an-autobiography,1,,server-1,621,0,0,,,
cache-off-warm100,110,2,8.7091,15282.979,95.512,15378.491,horse,thus-spake-zarathustra-a-book-for-all-and-none,1,,server-1,622,0,0,,,
cache-off-warm100,110,2,8.7182,15290.520,116.494,15407.014,you,the-scarlet-letter-33,1,,server-1,623,0,0,,,
cache-off-warm100,110,2,8.7273,15303.934,120.708,15424.642,whale,memoirs-of-fanny-hill,1,,server-1,624,0,0,,,
cache-off-warm100,110,2,8.7364,15271.260,183.185,15454.444,night,jude-the-obscure,1,,server-1,625,0,0,,,
cache-off-warm100,110,2,8.7455,15287.351,156.295,15443.646,heart,far-from-the-madding-crowd,1,,server-1,626,0,0,,,
cache-off-warm100,110,2,8.7545,15398.377,61.424,15459.800,death,autobiography-of-benjamin-franklin,1,,server-1,627,0,0,,,
cache-off-warm100,110,2,8.7636,15428.795,47.135,15475.930,london,the-house-of-the-seven-gables,1,,server-1,628,0,0,,,
cache-off-warm100,110,2,8.7727,15420.442,63.487,15483.929,letter,the-scarlet-letter,1,,server-1,627,0,0,,,
cache-off-warm100,110,2,8.7818,15428.069,62.664,15490.733,and,poirot-investigates,1,,server-1,625,0,0,,,
cache-off-warm100,110,2,8.7909,15450.360,49.724,15500.084,house,hard-times,1,,server-1,625,0,0,,,
cache-off-warm100,110,2,8.8000,15457.499,162.820,15620.320,love,frankenstein-or-the-modern-prometheus-41445,1,,server-1,626,0,0,,,
cache-off-warm100,110,2,8.8091,15448.644,145.214,15593.858,horse,meditations,1,,server-1,627,0,0,,,
cache-off-warm100,110,2,8.8182,15454.397,108.249,15562.646,of,life-on-the-mississippi,1,,server-1,627,0,0,,,
cache-off-warm100,110,2,8.8273,15469.743,219.138,15688.881,was,black-beauty,1,,server-1,628,0,0,,,
cache-off-warm100,110,2,8.8364,15421.986,60.368,15482.354,she,the-great-gatsby,1,,server-1,629,0,0,,,
cache-off-warm100,110,2,8.8455,15427.548,127.176,15554.723,king,autobiography-of-benjamin-franklin,1,,server-1,630,0,0,,,
cache-off-warm100,110,2,8.8545,15433.186,88.426,15521.612,of,adventures-of-huckleberry-finn,1,,server-1,631,0,0,,,
cache-off-warm100,110,2,8.8636,15436.254,154.572,15590.826,sea,villette,1,,server-1,630,0,0,,,
cache-off-warm100,110,2,8.8727,15428.229,186.455,15614.684,of,little-women,1,,server-1,631,0,0,,,
cache-off-warm100,110,2,8.8818,15540.354,172.841,15713.195,death,the-hound-of-the-baskervilles-3070,1,,server-1,632,0,0,,,
cache-off-warm100,110,2,8.8909,15530.411,247.934,15778.345,letter,villette,1,,server-1,633,0,0,,,
cache-off-warm100,110,2,8.9000,15551.666,100.757,15652.423,castle,the-kama-sutra-of-vatsyayana,1,,server-1,634,0,0,,,
cache-off-warm100,110,2,8.9091,15546.293,138.000,15684.293,money,the-warden,1,,server-1,634,0,0,,,
cache-off-warm100,110,2,8.9182,15568.997,157.463,15726.461,of,life-on-the-mississippi,1,,server-1,635,0,0,,,
cache-off-warm100,110,2,8.9273,15594.388,98.322,15692.710,was,the-return-of-sherlock-holmes-108,1,,server-1,636,0,0,,,
cache-off-warm100,110,2,8.9364,15613.467,145.258,15758.725,money,life-on-the-mississippi,1,,server-1,636,0,0,,,
cache-off-warm100,110,2,8.9455,15724.779,59.178,15783.957,was,the-vicomte-de-bragelonne,1,,server-1,637,0,0,,,
cache-off-warm100,110,2,8.9545,15717.343,76.187,15793.529,death,the-jungle,1,,server-1,638,0,0,,,
cache-off-warm100,110,2,8.9636,15708.840,120.072,15828.913,night,the-great-gatsby,1,,server-1,639,0,0,,,
cache-off-warm100,110,2,8.9727,15718.462,71.223,15789.685,sea,the-mystery-of-edwin-drood,1,,server-1,639,0,0,,,
cache-off-warm100,110,2,8.9818,15708.498,105.305,15813.803,letter,hard-times,1,,server-1,640,0,0,,,
cache-off-warm100,110,2,8.9909,15734.773,127.069,15861.843,night,a-journey-to-the-centre-of-the-earth,1,,server-1,640,0,0,,,
cache-off-warm100,110,2,9.0000,15796.336,54.174,15850.510,london,the-mysterious-affair-at-styles,1,,server-1,641,0,0,,,
cache-off-warm100,110,2,9.0091,15788.870,140.033,15928.903,letter,mary-barton,1,,server-1,638,0,0,,,
cache-off-warm100,110,2,9.0182,15782.911,180.742,15963.653,of,the-kama-sutra-of-vatsyayana,1,,server-1,638,0,0,,,
cache-off-warm100,110,2,9.0273,15772.619,122.785,15895.404,king,desert-gold,1,,server-1,639,0,0,,,
cache-off-warm100,110,2,9.0364,15789.571,150.276,15939.847,king,silas-marner,1,,server-1,640,0,0,,,
cache-off-warm100,110,2,9.0455,15768.651,108.464,15877.114,of,wuthering-heights,1,,server-1,641,0,0,,,
cache-off-warm100,110,2,9.0545,15793.638,240.256,16033.894,horse,the-innocents-abroad,1,,server-1,642,0,0,,,
cache-off-warm100,110,2,9.0636,15762.741,186.160,15948.901,night,dubliners,1,,server-1,643,0,0,,,
cache-off-warm100,110,2,9.0727,15773.700,191.823,15965.523,london,meditations,1,,server-1,644,0,0,,,
cache-off-warm100,110,2,9.0818,15769.497,186.862,15956.359,was,walden-and-on-the-duty-of-civil-disobedience,1,,server-1,645,0,0,,,
cache-off-warm100,110,2,9.0909,15815.065,274.475,16089.540,death,dubliners,1,,server-1,645,0,0,,,
cache-off-warm100,110,2,9.1000,15811.950,139.234,15951.184,love,the-scarlet-letter,1,,server-1,646,0,0,,,
cache-off-warm100,110,2,9.1091,15872.274,233.996,16106.269,was,the-adventures-of-tom-sawyer-complete,1,,server-1,647,0,0,,,
cache-off-warm100,110,2,9.1182,15857.186,266.839,16124.025,death,the-king-in-yellow,1,,server-1,648,0,0,,,
cache-off-warm100,110,2,9.1273,15848.975,109.301,15958.276,was,the-last-of-the-mohicans-a-narrative-of-1757-27681,1,,server-1,649,0,0,,,
cache-off-warm100,110,2,9.1364,15902.343,180.153,16082.496,he,desperate-remedies,1,,server-1,649,0,0,,,
cache-off-warm100,110,2,9.1455,15904.363,176.632,16080.995,horse,the-return-of-sherlock-holmes-108,1,,server-1,650,0,0,,,
cache-off-warm100,110,2,9.1545,15896.736,178.440,16075.177,she,desert-gold,1,,server-1,651,0,0,,,
cache-off-warm100,110,2,9.1636,15926.693,226.160,16152.853,house,the-house-of-mirth,1,,server-1,652,0,0,,,
cache-off-warm100,110,2,9.1727,15934.795,550.731,16485.526,london,a-connecticut-yankee-in-king-arthur-s-court,1,,server-1,653,0,0,,,
cache-off-warm100,110,2,9.1818,16033.773,131.346,16165.119,you,a-connecticut-yankee-in-king-arthur-s-court,1,,server-1,654,0,0,,,
cache-off-warm100,110,2,9.1909,15989.947,114.178,16104.124,the,the-jungle,1,,server-1,655,0,0,,,
cache-off-warm100,110,2,9.2000,16045.719,139.172,16184.891,horse,jane-eyre-an-autobiography,1,,server-1,654,0,0,,,
cache-off-warm100,110,2,9.2091,16105.373,246.422,16351.794,london,silas-marner,1,,server-1,655,0,0,,,
cache-off-warm100,110,2,9.2182,16098.954,98.074,16197.028,heart,cranford,1,,server-1,651,0,0,,,
cache-off-warm100,110,2,9.2273,16154.766,122.330,16277.096,castle,jane-eyre-an-autobiography,1,,server-1,652,0,0,,,
cache-off-warm100,110,2,9.2364,16105.759,122.342,16228.100,night,meditations,1,,server-1,653,0,0,,,
cache-off-warm100,110,2,9.2455,16097.103,74.833,16171.935,whale,silas-marner,1,,server-1,654,0,0,,,
cache-off-warm100,110,2,9.2545,16126.132,82.625,16208.758,london,the-memoirs-of-sherlock-holmes,1,,server-1,655,0,0,,,
cache-off-warm100,110,2,9.2636,16091.552,122.009,16213.561,house,the-secret-garden-17396,1,,server-1,656,0,0,,,
cache-off-warm100,110,2,9.2727,16114.110,53.020,16167.130,you,the-adventures-of-sherlock-holmes,1,,server-1,657,0,0,,,
cache-off-warm100,110,2,9.2818,16111.700,265.055,16376.754,death,madame-bovary,1,,server-1,658,0,0,,,
cache-off-warm100,110,2,9.2909,16247.049,307.870,16554.919,castle,the-hound-of-the-baskervilles-3070,1,,server-1,659,0,0,,,
cache-off-warm100,110,2,9.3000,16175.723,88.906,16264.628,death,twenty-thousand-leagues-under-the-sea,1,,server-1,659,0,0,,,
cache-off-warm100,110,2,9.3091,16167.832,191.776,16359.608,you,meditations,1,,server-1,658,0,0,,,
cache-off-warm100,110,2,9.3182,16183.247,39.285,16222.533,king,washington-square,1,,server-1,659,0,0,,,
cache-off-warm100,110,2,9.3273,16179.208,151.353,16330.561,love,frankenstein-or-the-modern-prometheus-41445,1,,server-1,660,0,0,,,
cache-off-warm100,110,2,9.3364,16171.592,150.600,16322.192,love,the-secret-garden,1,,server-1,661,0,0,,,
cache-off-warm100,110,2,9.3455,16242.924,251.807,16494.731,money,anne-of-green-gables,1,,server-1,662,0,0,,,
cache-off-warm100,110,2,9.3545,16280.368,68.647,16349.015,money,the-adventures-of-sherlock-holmes,1,,server-1,663,0,0,,,
cache-off-warm100,110,2,9.3636,16295.399,95.811,16391.210,you,desperate-remedies,1,,server-1,664,0,0,,,
cache-off-warm100,110,2,9.3727,16286.004,91.922,16377.925,castle,meditations,1,,server-1,665,0,0,,,
cache-off-warm100,110,2,9.3818,16285.950,137.874,16423.825,horse,the-jungle,1,,server-1,666,0,0,,,
cache-off-warm100,110,2,9.3909,16282.144,91.556,16373.700,sea,the-lost-world,1,,server-1,667,0,0,,,
cache-off-warm100,110,2,9.4000,16350.973,92.203,16443.176,heart,the-works-of-edgar-allan-poe-volume-2,1,,server-1,668,0,0,,,
cache-off-warm100,110,2,9.4091,16357.311,123.830,16481.141,the,the-jungle,1,,server-1,666,0,0,,,
cache-off-warm100,110,2,9.4182,16348.573,139.675,16488.248,king,madame-bovary,1,,server-1,667,0,0,,,
cache-off-warm100,110,2,9.4273,16339.194,82.500,16421.695,was,the-wind-in-the-willows,1,,server-1,668,0,0,,,
cache-off-warm100,110,2,9.4364,16392.470,159.298,16551.768,money,the-war-of-the-worlds,1,,server-1,669,0,0,,,
cache-off-warm100,110,2,9.4455,16445.887,28.355,16474.242,king,white-fang,1,,server-1,670,0,0,,,
cache-off-warm100,110,2,9.4545,16452.124,78.105,16530.228,the,adventures-of-huckleberry-finn,1,,server-1,671,0,0,,,
cache-off-warm100,110,2,9.4636,16442.978,111.401,16554.379,of,great-expectations,1,,server-1,672,0,0,,,
cache-off-warm100,110,2,9.4727,16435.361,154.555,16589.916,letter,the-return-of-sherlock-holmes,1,,server-1,673,0,0,,,
cache-off-warm100,110,2,9.4818,16444.959,132.588,16577.547,letter,the-adventures-of-tom-sawyer-complete,1,,server-1,673,0,0,,,
cache-off-warm100,110,2,9.4909,16490.717,45.661,16536.377,sea,the-hound-of-the-baskervilles-3070,1,,server-1,674,0,0,,,
cache-off-warm100,110,2,9.5000,16517.761,104.489,16622.250,he,the-return-of-sherlock-holmes-108,1,,server-1,675,0,0,,,
cache-off-warm100,110,2,9.5091,16536.661,87.697,16624.358,love,around-the-world-in-eighty-days,1,,server-1,675,0,0,,,
cache-off-warm100,110,2,9.5182,16494.443,84.792,16579.234,was,the-hound-of-the-baskervilles,1,,server-1,676,0,0,,,
cache-off-warm100,110,2,9.5273,16537.864,90.687,16628.551,love,the-mystery-of-edwin-drood,1,,server-1,677,0,0,,,
cache-off-warm100,110,2,9.5364,16586.780,52.722,16639.502,king,the-scarlet-letter,1,,server-1,678,0,0,,,
cache-off-warm100,110,2,9.5455,16609.137,49.275,16658.412,heart,sense-and-sensibility,1,,server-1,679,0,0,,,
cache-off-warm100,110,2,9.5545,16603.788,100.159,16703.947,he,around-the-world-in-eighty-days,1,,server-1,680,0,0,,,
cache-off-warm100,110,2,9.5636,16593.921,84.156,16678.077,was,walden-and-on-the-duty-of-civil-disobedience,1,,server-1,681,0,0,,,
cache-off-warm100,110,2,9.5727,16629.485,36.818,16666.303,london,a-journey-to-the-centre-of-the-earth,1,,server-1,682,0,0,,,
cache-off-warm100,110,2,9.5818,16625.258,76.526,16701.784,love,the-secret-garden-17396,1,,server-1,683,0,0,,,
cache-off-warm100,110,2,9.5909,16637.410,207.931,16845.342,he,mary-barton,1,,server-1,684,0,0,,,
cache-off-warm100,110,2,9.6000,16659.053,78.978,16738.032,the,the-portrait-of-a-lady-volume-1,1,,server-1,685,0,0,,,
cache-off-warm100,110,2,9.6091,16647.103,40.925,16688.028,london,the-king-in-yellow,1,,server-1,686,0,0,,,
cache-off-warm100,110,2,9.6182,16640.541,83.216,16723.757,love,his-last-bow,1,,server-1,687,0,0,,,
cache-off-warm100,110,2,9.6273,16632.156,81.289,16713.445,castle,walden-and-on-the-duty-of-civil-disobedience,1,,server-1,688,0,0,,,
cache-off-warm100,110,2,9.6364,16625.215,122.851,16748.065,sea,hard-times,1,,server-1,689,0,0,,,
cache-off-warm100,110,2,9.6455,16690.030,107.540,16797.570,whale,northanger-abbey,1,,server-1,690,0,0,,,
cache-off-warm100,110,2,9.6545,16687.031,92.685,16779.715,heart,beyond-good-and-evil,1,,server-1,690,0,0,,,
cache-off-warm100,110,2,9.6636,16723.553,143.437,16866.990,of,leaves-of-grass,1,,server-1,691,0,0,,,
cache-off-warm100,110,2,9.6727,16734.550,120.115,16854.664,death,the-iliad-2199,1,,server-1,692,0,0,,,
cache-off-warm100,110,2,9.6818,16753.421,55.203,16808.624,she,the-scarlet-letter,1,,server-1,693,0,0,,,
cache-off-warm100,110,2,9.6909,16739.703,180.193,16919.895,whale,the-king-in-yellow,1,,server-1,694,0,0,,,
cache-off-warm100,110,2,9.7000,16746.847,161.761,16908.607,sea,the-adventures-of-ferdinand-count-fathom-complete,1,,server-1,695,0,0,,,
cache-off-warm100,110,2,9.7091,16756.878,199.706,16956.584,castle,jude-the-obscure,1,,server-1,695,0,0,,,
cache-off-warm100,110,2,9.7182,16735.357,151.996,16887.352,was,desert-gold,1,,server-1,696,0,0,,,
cache-off-warm100,110,2,9.7273,16760.139,146.000,16906.139,of,the-return-of-sherlock-holmes,1,,server-1,696,0,0,,,
cache-off-warm100,110,2,9.7364,16857.189,130.606,16987.795,heart,the-house-of-mirth,1,,server-1,697,0,0,,,
cache-off-warm100,110,2,9.7455,16814.219,164.259,16978.478,london,hard-times,1,,server-1,697,0,0,,,
cache-off-warm100,110,2,9.7545,16972.382,114.505,17086.887,and,the-scarlet-letter-33,1,,server-1,697,0,0,,,
cache-off-warm100,110,2,9.7636,16988.093,143.512,17131.605,king,the-prince,1,,server-1,698,0,0,,,
cache-off-warm100,110,2,9.7727,16953.506,101.408,17054.914,castle,the-works-of-edgar-allan-poe-volume-2,1,,server-1,698,0,0,,,
cache-off-warm100,110,2,9.7818,16945.267,116.131,17061.398,and,a-tale-of-two-cities,1,,server-1,699,0,0,,,
cache-off-warm100,110,2,9.7909,16938.853,100.360,17039.213,the,the-first-men-in-the-moon,1,,server-1,700,0,0,,,
cache-off-warm100,110,2,9.8000,16932.252,165.616,17097.868,house,north-and-south,1,,server-1,701,0,0,,,
cache-off-warm100,110,2,9.8091,16930.249,356.751,17286.999,king,the-last-of-the-mohicans-a-narrative-of-1757-27681,1,,server-1,702,0,0,,,
cache-off-warm100,110,2,9.8182,17005.454,95.505,17100.959,he,the-return-of-sherlock-holmes-108,1,,server-1,701,0,0,,,
cache-off-warm100,110,2,9.8273,17016.431,173.992,17190.423,love,myths-and-legends-of-ancient-greece-and-rome,1,,server-1,702,0,0,,,
cache-off-warm100,110,2,9.8364,17061.671,138.319,17199.990,and,the-iliad-2199,1,,server-1,703,0,0,,,
cache-off-warm100,110,2,9.8455,17054.703,163.825,17218.528,love,grimms-fairy-tales,1,,server-1,704,0,0,,,
cache-off-warm100,110,2,9.8545,17044.637,52.257,17096.894,death,a-tale-of-two-cities,1,,server-1,705,0,0,,,
cache-off-warm100,110,2,9.8636,17159.548,85.148,17244.696,the,northanger-abbey,1,,server-1,700,0,0,,,
cache-off-warm100,110,2,9.8727,17164.541,86.070,17250.611,whale,adventures-of-huckleberry-finn,1,,server-1,701,0,0,,,
cache-off-warm100,110,2,9.8818,17241.545,71.670,17313.214,you,villette,1,,server-1,702,0,0,,,
cache-off-warm100,110,2,9.8909,17232.652,65.088,17297.740,you,the-jungle,1,,server-1,703,0,0,,,
cache-off-warm100,110,2,9.9000,17224.953,120.972,17345.925,you,the-mystery-of-edwin-drood,1,,server-1,704,0,0,,,
cache-off-warm100,110,2,9.9091,17216.763,179.962,17396.725,horse,the-secret-adversary,1,,server-1,705,0,0,,,
cache-off-warm100,110,2,9.9182,17209.713,96.622,17306.336,house,adventures-of-huckleberry-finn,1,,server-1,705,0,0,,,
cache-off-warm100,110,2,9.9273,17262.502,115.727,17378.229,money,hard-times,1,,server-1,705,0,0,,,
cache-off-warm100,110,2,9.9364,17288.429,85.154,17373.583,money,great-expectations,1,,server-1,706,0,0,,,
cache-off-warm100,110,2,9.9455,17302.311,187.573,17489.885,of,the-portrait-of-a-lady-volume-1,1,,server-1,706,0,0,,,
cache-off-warm100,110,2,9.9545,17336.867,86.227,17423.094,and,the-king-in-yellow,1,,server-1,707,0,0,,,
cache-off-warm100,110,2,9.9636,17282.543,143.033,17425.575,horse,the-house-of-the-seven-gables,1,,server-1,708,0,0,,,
cache-off-warm100,110,2,9.9727,17295.204,180.805,17476.008,horse,frankenstein-or-the-modern-prometheus,1,,server-1,709,0,0,,,
cache-off-warm100,110,2,9.9818,17283.285,71.622,17354.907,king,madame-bovary,1,,server-1,710,0,0,,,
cache-off-warm100,110,2,9.9909,17387.056,108.575,17495.631,letter,the-vicomte-de-bragelonne,1,,server-1,710,0,0,,,
cache-off-warm100,110,2,10.0000,17436.000,76.121,17512.121,castle,white-fang,1,,server-1,711,0,0,,,
cache-off-warm100,110,2,10.0091,17398.884,261.586,17660.470,the,the-moonstone,1,,server-1,712,0,0,,,
cache-off-warm100,110,2,10.0182,17437.885,76.019,17513.905,money,the-last-of-the-mohicans-a-narrative-of-1757-27681,1,,server-1,713,0,0,,,
cache-off-warm100,110,2,10.0273,17405.850,63.821,17469.671,and,the-kama-sutra-of-vatsyayana,1,,server-1,714,0,0,,,
cache-off-warm100,110,2,10.0364,17399.299,149.325,17548.624,letter,dracula,1,,server-1,715,0,0,,,
cache-off-warm100,110,2,10.0455,17437.825,143.545,17581.369,house,a-tale-of-two-cities,1,,server-1,716,0,0,,,
cache-off-warm100,110,2,10.0545,17401.912,125.374,17527.286,london,the-first-men-in-the-moon,1,,server-1,717,0,0,,,
cache-off-warm100,110,2,10.0636,17517.152,84.525,17601.677,he,great-expectations,1,,server-1,717,0,0,,,
cache-off-warm100,110,2,10.0727,17547.344,242.382,17789.726,whale,autobiography-of-benjamin-franklin,1,,server-1,718,0,0,,,
cache-off-warm100,110,2,10.0818,17537.990,121.330,17659.319,and,life-on-the-mississippi,1,,server-1,718,0,0,,,
cache-off-warm100,110,2,10.0909,17528.592,99.681,17628.273,horse,the-king-in-yellow,1,,server-1,717,0,0,,,
cache-off-warm100,110,2,10.1000,17565.885,50.110,17615.995,he,beyond-good-and-evil,1,,server-1,718,0,0,,,
cache-off-warm100,110,2,10.1091,17562.049,150.626,17712.676,night,villette,1,,server-1,719,0,0,,,
cache-off-warm100,110,2,10.1182,17556.099,150.778,17706.876,money,madame-bovary,1,,server-1,720,0,0,,,
cache-off-warm100,110,2,10.1273,17547.709,184.932,17732.641,letter,the-american,1,,server-1,721,0,0,,,
cache-off-warm100,110,2,10.1364,17539.551,247.270,17786.822,he,the-first-men-in-the-moon,1,,server-1,722,0,0,,,
cache-off-warm100,110,2,10.1455,17552.545,206.137,17758.682,heart,treasure-island,1,,server-1,723,0,0,,,
cache-off-warm100,110,2,10.1545,17583.023,155.740,17738.764,you,the-adventures-of-ferdinand-count-fathom-complete,1,,server-1,724,0,0,,,
cache-off-warm100,110,2,10.1636,17680.004,145.549,17825.553,of,herland,1,,server-1,725,0,0,,,
cache-off-warm100,110,2,10.1727,17685.114,241.679,17926.793,london,cranford,1,,server-1,726,0,0,,,
cache-off-warm100,110,2,10.1818,17675.801,238.988,17914.789,the,the-vicomte-de-bragelonne,1,,server-1,727,0,0,,,
cache-off-warm100,110,2,10.1909,17727.480,225.392,17952.871,night,myths-and-legends-of-ancient-greece-and-rome,1,,server-1,728,0,0,,,
cache-off-warm100,110,2,10.2000,17693.518,151.449,17844.966,and,the-iliad-2199,1,,server-1,729,0,0,,,
cache-off-warm100,110,2,10.2091,17685.218,96.874,17782.093,horse,madame-bovary,1,,server-1,730,0,0,,,
cache-off-warm100,110,2,10.2182,17699.886,285.660,17985.546,he,black-beauty,1,,server-1,728,0,0,,,
cache-off-warm100,110,2,10.2273,17698.831,331.448,18030.279,money,tess-of-the-d-urbervilles-a-pure-woman,1,,server-1,729,0,0,,,
cache-off-warm100,110,2,10.2364,17687.282,243.139,17930.421,was,life-on-the-mississippi,1,,server-1,726,0,0,,,
cache-off-warm100,110,2,10.2455,17678.615,221.352,17899.967,night,a-journey-to-the-centre-of-the-earth,1,,server-1,727,0,0,,,
cache-off-warm100,110,2,10.2545,17719.684,169.837,17889.521,love,frankenstein-or-the-modern-prometheus,1,,server-1,728,0,0,,,
cache-off-warm100,110,2,10.2636,17774.039,219.696,17993.735,heart,the-moonstone,1,,server-1,729,0,0,,,
cache-off-warm100,110,2,10.2727,17796.774,219.809,18016.584,money,mansfield-park,1,,server-1,730,0,0,,,
cache-off-warm100,110,2,10.2818,17862.125,116.358,17978.483,and,oliver-twist,1,,server-1,729,0,0,,,
cache-off-warm100,110,2,10.2909,17876.424,153.400,18029.824,death,a-connecticut-yankee-in-king-arthur-s-court,1,,server-1,730,0,0,,,
cache-off-warm100,110,2,10.3000,17984.836,191.868,18176.704,horse,silas-marner,1,,server-1,731,0,0,,,
cache-off-warm100,110,2,10.3091,17975.868,96.540,18072.408,night,the-king-in-yellow,1,,server-1,732,0,0,,,
cache-off-warm100,110,2,10.3182,17974.488,79.850,18054.338,he,jude-the-obscure,1,,server-1,733,0,0,,,
cache-off-warm100,110,2,10.3273,17965.036,49.208,18014.245,sea,life-on-the-mississippi,1,,server-1,733,0,0,,,
cache-off-warm100,110,2,10.3364,17982.608,35.467,18018.075,love,a-journey-to-the-centre-of-the-earth,1,,server-1,734,0,0,,,
cache-off-warm100,110,2,10.3455,18008.611,160.467,18169.078,you,herland,1,,server-1,735,0,0,,,
cache-off-warm100,110,2,10.3545,17999.403,158.006,18157.409,the,the-adventures-of-sherlock-holmes,1,,server-1,735,0,0,,,
cache-off-warm100,110,2,10.3636,17989.934,45.772,18035.706,heart,the-divine-comedy,1,,server-1,736,0,0,,,
cache-off-warm100,110,2,10.3727,17981.348,127.457,18108.805,heart,north-and-south,1,,server-1,735,0,0,,,
cache-off-warm100,110,2,10.3818,18001.468,41.734,18043.203,letter,the-american,1,,server-1,736,0,0,,,
cache-off-warm100,110,2,10.3909,18086.028,53.221,18139.250,money,dubliners,1,,server-1,736,0,0,,,
cache-off-warm100,110,2,10.4000,18082.258,160.385,18242.643,night,hard-times,1,,server-1,737,0,0,,,
cache-off-warm100,110,2,10.4091,18106.493,167.370,18273.863,night,washington-square,1,,server-1,738,0,0,,,
cache-off-warm100,110,2,10.4182,18088.485,128.558,18217.043,was,the-moonstone,1,,server-1,739,0,0,,,
cache-off-warm100,110,2,10.4273,18088.872,123.738,18212.610,heart,mansfield-park,1,,server-1,740,0,0,,,
cache-off-warm100,110,2,10.4364,18092.864,127.614,18220.478,castle,poirot-investigates,1,,server-1,741,0,0,,,
cache-off-warm100,110,2,10.4455,18090.498,145.626,18236.123,the,the-prince,1,,server-1,742,0,0,,,
cache-off-warm100,110,2,10.4545,18159.393,85.343,18244.736,money,the-odyssey,1,,server-1,743,0,0,,,
cache-off-warm100,110,2,10.4636,18219.563,84.187,18303.750,she,jane-eyre-an-autobiography,1,,server-1,744,0,0,,,
cache-off-warm100,110,2,10.4727,18210.819,34.699,18245.518,house,the-divine-comedy,1,,server-1,745,0,0,,,
cache-off-warm100,110,2,10.4818,18176.171,76.368,18252.538,horse,northanger-abbey,1,,server-1,745,0,0,,,
cache-off-warm100,110,2,10.4909,18228.882,116.115,18344.998,house,the-iliad-2199,1,,server-1,746,0,0,,,
cache-off-warm100,110,2,10.5000,18234.974,78.525,18313.499,heart,emma,1,,server-1,747,0,0,,,
cache-off-warm100,110,2,10.5091,18226.030,47.770,18273.800,love,the-secret-garden-17396,1,,server-1,748,0,0,,,
cache-off-warm100,110,2,10.5182,18252.057,78.598,18330.655,house,persuasion,1,,server-1,749,0,0,,,
cache-off-warm100,110,2,10.5273,18243.646,122.005,18365.651,king,grimms-fairy-tales,1,,server-1,750,0,0,,,
cache-off-warm100,110,2,10.5364,18248.770,106.696,18355.466,night,hard-times,1,,server-1,750,0,0,,,
cache-off-warm100,110,2,10.5455,18239.825,164.784,18404.609,he,the-iliad,1,,server-1,751,0,0,,,
cache-off-warm100,110,2,10.5545,18278.738,112.862,18391.600,whale,the-tenant-of-wildfell-hall,1,,server-1,752,0,0,,,
cache-off-warm100,110,2,10.5636,18273.031,232.022,18505.053,the,agnes-grey,1,,server-1,750,0,0,,,
cache-off-warm100,110,2,10.5727,18290.631,111.054,18401.685,london,the-adventures-of-ferdinand-count-fathom-complete,1,,server-1,751,0,0,,,
cache-off-warm100,110,2,10.5818,18368.748,41.704,18410.452,he,leaves-of-grass,1,,server-1,752,0,0,,,
cache-off-warm100,110,2,10.5909,18384.558,113.529,18498.087,she,life-on-the-mississippi,1,,server-1,753,0,0,,,
cache-off-warm100,110,2,10.6000,18392.654,168.184,18560.839,london,a-tale-of-two-cities,1,,server-1,754,0,0,,,
cache-off-warm100,110,2,10.6091,18384.498,91.959,18476.457,house,the-house-of-the-seven-gables,1,,server-1,755,0,0,,,
cache-off-warm100,110,2,10.6182,18376.829,108.987,18485.816,of,treasure-island,1,,server-1,755,0,0,,,
cache-off-warm100,110,2,10.6273,18368.800,210.654,18579.454,horse,the-divine-comedy,1,,server-1,756,0,0,,,
cache-off-warm100,110,2,10.6364,18398.509,102.026,18500.535,heart,pride-and-prejudice,1,,server-1,757,0,0,,,
cache-off-warm100,110,2,10.6455,18517.029,74.841,18591.871,love,treasure-island,1,,server-1,758,0,0,,,
cache-off-warm100,110,2,10.6545,18447.051,101.140,18548.191,was,wuthering-heights,1,,server-1,759,0,0,,,
cache-off-warm100,110,2,10.6636,18494.218,125.363,18619.581,was,jane-eyre-an-autobiography,1,,server-1,760,0,0,,,
cache-off-warm100,110,2,10.6727,18537.539,250.307,18787.846,he,leaves-of-grass,1,,server-1,759,0,0,,,
cache-off-warm100,110,2,10.6818,18526.169,186.986,18713.155,the,tess-of-the-d-urbervilles-a-pure-woman,1,,server-1,760,0,0,,,
cache-off-warm100,110,2,10.6909,18547.888,109.438,18657.326,was,the-age-of-innocence,1,,server-1,759,0,0,,,
cache-off-warm100,110,2,10.7000,18584.596,45.095,18629.690,death,washington-square,1,,server-1,760,0,0,,,
cache-off-warm100,110,2,10.7091,18576.991,472.141,19049.132,night,jude-the-obscure,1,,server-1,761,0,0,,,
cache-off-warm100,110,2,10.7182,18565.944,22.062,18588.006,love,madame-bovary,1,,server-1,761,0,0,,,
cache-off-warm100,110,2,10.7273,18559.628,61.323,18620.951,was,silas-marner,1,,server-1,762,0,0,,,
cache-off-warm100,110,2,10.7364,18567.871,150.539,18718.409,sea,a-tale-of-two-cities,1,,server-1,762,0,0,,,
cache-off-warm100,110,2,10.7455,18583.656,129.175,18712.831,the,the-house-of-mirth,1,,server-1,763,0,0,,,
cache-off-warm100,110,2,10.7545,18640.624,92.179,18732.803,of,the-song-of-the-lark,1,,server-1,764,0,0,,,
cache-off-warm100,110,2,10.7636,18698.613,53.167,18751.780,of,jane-eyre-an-autobiography,1,,server-1,765,0,0,,,
cache-off-warm100,110,2,10.7727,18689.128,192.216,18881.343,king,the-adventures-of-ferdinand-count-fathom-complete,1,,server-1,764,0,0,,,
cache-off-warm100,110,2,10.7818,18688.042,57.855,18745.897,was,silas-marner,1,,server-1,765,0,0,,,
cache-off-warm100,110,2,10.7909,18676.008,286.391,18962.399,heart,anne-of-green-gables,1,,server-1,766,0,0,,,
cache-off-warm100,110,2,10.8000,18665.978,103.084,18769.063,love,adventures-of-huckleberry-finn,1,,server-1,766,0,0,,,
cache-off-warm100,110,2,10.8091,18657.889,112.881,18770.769,was,the-return-of-sherlock-holmes-108,1,,server-1,767,0,0,,,
cache-off-warm100,110,2,10.8182,18670.628,272.802,18943.431,and,hard-times,1,,server-1,768,0,0,,,
cache-off-warm100,110,2,10.8273,18661.639,87.654,18749.293,horse,herland,1,,server-1,768,0,0,,,
cache-off-warm100,110,2,10.8364,18679.426,234.849,18914.275,the,tess-of-the-d-urbervilles-a-pure-woman,1,,server-1,768,0,0,,,
cache-off-warm100,110,2,10.8455,18672.648,109.786,18782.434,night,jane-eyre-an-autobiography,1,,server-1,769,0,0,,,
cache-off-warm100,110,2,10.8545,18732.140,210.981,18943.121,heart,far-from-the-madding-crowd,1,,server-1,770,0,0,,,
cache-off-warm100,110,2,10.8636,18902.180,61.228,18963.407,you,the-american,1,,server-1,770,0,0,,,
cache-off-warm100,110,2,10.8727,18922.440,48.718,18971.158,night,memoirs-of-fanny-hill,1,,server-1,771,0,0,,,
cache-off-warm100,110,2,10.8818,18893.507,53.112,18946.619,the,the-lost-world,1,,server-1,771,0,0,,,
cache-off-warm100,110,2,10.8909,18950.285,21.536,18971.821,money,persuasion,1,,server-1,772,0,0,,,
cache-off-warm100,110,2,10.9000,18945.140,294.543,19239.683,money,the-jungle-book,1,,server-1,773,0,0,,,
cache-off-warm100,110,2,10.9091,18936.770,172.353,19109.123,and,adventures-of-huckleberry-finn,1,,server-1,774,0,0,,,
cache-off-warm100,110,2,10.9182,18951.652,141.775,19093.427,he,the-warden,1,,server-1,775,0,0,,,
cache-off-warm100,110,2,10.9273,18919.005,88.820,19007.825,night,jane-eyre-an-autobiography,1,,server-1,774,0,0,,,
cache-off-warm100,110,2,10.9364,18928.459,75.495,19003.954,the,the-scarlet-letter,1,,server-1,775,0,0,,,
cache-off-warm100,110,2,10.9455,18917.987,150.865,19068.853,night,desert-gold,1,,server-1,776,0,0,,,
cache-off-warm100,110,2,10.9545,18914.001,232.890,19146.891,love,black-beauty,1,,server-1,777,0,0,,,
cache-off-warm100,110,2,10.9636,18971.447,153.873,19125.320,the,the-hound-of-the-baskervilles,1,,server-1,778,0,0,,,
cache-off-warm100,110,2,10.9727,18967.813,197.814,19165.627,castle,the-jungle,1,,server-1,779,0,0,,,
cache-off-warm100,110,2,10.9818,19065.483,204.583,19270.066,whale,the-return-of-sherlock-holmes,1,,server-1,780,0,0,,,
cache-off-warm100,110,2,10.9909,19098.594,138.786,19237.379,castle,autobiography-of-benjamin-franklin,1,,server-1,780,0,0,,,
cache-off-warm100,110,2,11.0000,19047.087,96.947,19144.035,he,the-adventures-of-tom-sawyer-complete,1,,server-1,781,0,0,,,
cache-off-warm100,110,2,11.0091,19080.701,86.366,19167.067,he,twenty-thousand-leagues-under-the-sea,1,,server-1,782,0,0,,,
cache-off-warm100,110,2,11.0182,19129.913,205.063,19334.976,and,treasure-island,1,,server-1,779,0,0,,,
cache-off-warm100,110,2,11.0273,19102.974,67.136,19170.110,house,walden-and-on-the-duty-of-civil-disobedience,1,,server-1,780,0,0,,,
cache-off-warm100,110,2,11.0364,19113.013,172.375,19285.388,heart,the-mysterious-island,1,,server-1,781,0,0,,,
cache-off-warm100,110,2,11.0455,19130.617,50.379,19180.997,was,the-wind-in-the-willows,1,,server-1,782,0,0,,,
cache-off-warm100,110,2,11.0545,19122.922,186.611,19309.533,was,north-and-south,1,,server-1,783,0,0,,,
cache-off-warm100,110,2,11.0636,19136.100,187.587,19323.688,you,the-scarlet-letter-33,1,,server-1,782,0,0,,,
cache-off-warm100,110,2,11.0727,19176.033,169.180,19345.212,king,the-picture-of-dorian-gray,1,,server-1,783,0,0,,,
cache-off-warm100,110,2,11.0818,19179.132,322.701,19501.833,of,north-and-south,1,,server-1,784,0,0,,,
cache-off-warm100,110,2,11.0909,19263.621,68.953,19332.574,house,beyond-good-and-evil,1,,server-1,785,0,0,,,
cache-off-warm100,110,2,11.1000,19324.493,161.966,19486.459,castle,the-moonstone,1,,server-1,786,0,0,,,
cache-off-warm100,110,2,11.1091,19276.315,78.108,19354.423,of,the-great-gatsby,1,,server-1,787,0,0,,,
cache-off-warm100,110,2,11.1182,19306.353,82.089,19388.442,king,far-from-the-madding-crowd,1,,server-1,788,0,0,,,
cache-off-warm100,110,2,11.1273,19299.320,187.655,19486.975,and,anne-of-green-gables,1,,server-1,789,0,0,,,
cache-off-warm100,110,2,11.1364,19290.986,89.365,19380.351,london,the-great-gatsby,1,,server-1,790,0,0,,,
cache-off-warm100,110,2,11.1455,19284.067,86.268,19370.335,money,the-wind-in-the-willows,1,,server-1,791,0,0,,,
cache-off-warm100,110,2,11.1545,19363.130,171.705,19534.836,she,villette,1,,server-1,792,0,0,,,
cache-off-warm100,110,2,11.1636,19366.102,96.959,19463.062,she,the-kama-sutra-of-vatsyayana,1,,server-1,791,0,0,,,
cache-off-warm100,110,2,11.1727,19365.708,152.761,19518.469,london,desperate-remedies,1,,server-1,790,0,0,,,
cache-off-warm100,110,2,11.1818,19432.865,122.783,19555.648,whale,life-on-the-mississippi,1,,server-1,791,0,0,,,
cache-off-warm100,110,2,11.1909,19497.956,45.527,19543.483,heart,the-great-gatsby,1,,server-1,792,0,0,,,
cache-off-warm100,110,2,11.2000,19492.177,97.402,19589.579,london,emma,1,,server-1,793,0,0,,,
cache-off-warm100,110,2,11.2091,19517.880,64.102,19581.983,whale,black-beauty,1,,server-1,794,0,0,,,
cache-off-warm100,110,2,11.2182,19476.452,232.177,19708.629,whale,the-moonstone,1,,server-1,795,0,0,,,
cache-off-warm100,110,2,11.2273,19510.627,120.088,19630.716,you,dubliners,1,,server-1,796,0,0,,,
cache-off-warm100,110,2,11.2364,19502.767,100.424,19603.191,love,a-connecticut-yankee-in-king-arthur-s-court,1,,server-1,797,0,0,,,
cache-off-warm100,110,2,11.2455,19589.980,138.193,19728.173,she,cranford,1,,server-1,797,0,0,,,
cache-off-warm100,110,2,11.2545,19536.814,92.073,19628.887,death,the-age-of-innocence,1,,server-1,798,0,0,,,
cache-off-warm100,110,2,11.2636,19534.036,62.408,19596.443,she,silas-marner,1,,server-1,799,0,0,,,
cache-off-warm100,110,2,11.2727,19609.118,91.389,19700.506,the,the-jungle,1,,server-1,797,0,0,,,
cache-off-warm100,110,2,11.2818,19607.671,86.957,19694.628,london,the-memoirs-of-sherlock-holmes,1,,server-1,798,0,0,,,
cache-off-warm100,110,2,11.2909,19637.228,67.297,19704.524,you,the-wind-in-the-willows,1,,server-1,797,0,0,,,
cache-off-warm100,110,2,11.3000,19647.918,48.784,19696.702,king,the-war-of-the-worlds,1,,server-1,798,0,0,,,
cache-off-warm100,110,2,11.3091,19639.026,65.769,19704.795,house,anne-of-green-gables,1,,server-1,799,0,0,,,
cache-off-warm100,110,2,11.3182,19696.012,108.703,19804.715,you,the-age-of-innocence,1,,server-1,800,0,0,,,
cache-off-warm100,110,2,11.3273,19670.497,73.118,19743.614,and,the-works-of-edgar-allan-poe-volume-2,1,,server-1,801,0,0,,,
cache-off-warm100,110,2,11.3364,19661.322,78.869,19740.191,and,emma,1,,server-1,802,0,0,,,
cache-off-warm100,110,2,11.3455,19652.642,117.487,19770.129,sea,washington-square,1,,server-1,803,0,0,,,
cache-off-warm100,110,2,11.3545,19665.415,151.598,19817.013,night,the-works-of-edgar-allan-poe-volume-2,1,,server-1,804,0,0,,,
cache-off-warm100,110,2,11.3636,19707.561,132.606,19840.166,whale,the-song-of-the-lark,1,,server-1,805,0,0,,,
cache-off-warm100,110,2,11.3727,19717.937,262.858,19980.794,and,the-secret-garden,1,,server-1,806,0,0,,,
cache-off-warm100,110,2,11.3818,19731.333,188.036,19919.369,king,desert-gold,1,,server-1,806,0,0,,,
cache-off-warm100,110,2,11.3909,19780.894,321.955,20102.849,king,the-king-in-yellow,1,,server-1,807,0,0,,,
cache-off-warm100,110,2,11.4000,19771.811,195.588,19967.399,the,around-the-world-in-eighty-days,1,,server-1,808,0,0,,,
cache-off-warm100,110,2,11.4091,19763.004,129.875,19892.880,of,dracula,1,,server-1,809,0,0,,,
cache-off-warm100,110,2,11.4182,19780.721,101.982,19882.703,the,the-jungle-book,1,,server-1,810,0,0,,,
cache-off-warm100,110,2,11.4273,19746.262,99.761,19846.023,sea,twenty-thousand-leagues-under-the-sea,1,,server-1,811,0,0,,,
cache-off-warm100,110,2,11.4364,19864.447,270.671,20135.118,and,the-song-of-the-lark,1,,server-1,812,0,0,,,
cache-off-warm100,110,2,11.4455,19874.444,248.985,20123.429,the,oliver-twist,1,,server-1,811,0,0,,,
cache-off-warm100,110,2,11.4545,19866.317,121.432,19987.749,was,the-adventures-of-tom-sawyer-complete,1,,server-1,811,0,0,,,
cache-off-warm100,110,2,11.4636,19903.966,64.351,19968.317,love,little-women,1,,server-1,812,0,0,,,
cache-off-warm100,110,2,11.4727,19897.379,184.218,20081.596,the,the-picture-of-dorian-gray,1,,server-1,813,0,0,,,
cache-off-warm100,110,2,11.4818,19887.167,121.785,20008.952,heart,the-tenant-of-wildfell-hall,1,,server-1,814,0,0,,,
cache-off-warm100,110,2,11.4909,19879.439,149.151,20028.590,and,black-beauty,1,,server-1,815,0,0,,,
cache-off-warm100,110,2,11.5000,19970.758,201.282,20172.040,was,the-vicomte-de-bragelonne,1,,server-1,816,0,0,,,
cache-off-warm100,110,2,11.5091,20032.373,92.387,20124.760,sea,persuasion,1,,server-1,817,0,0,,,
cache-off-warm100,110,2,11.5182,20050.875,64.452,20115.327,love,sense-and-sensibility,1,,server-1,818,0,0,,,
cache-off-warm100,110,2,11.5273,20094.037,87.978,20182.015,castle,sense-and-sensibility,1,,server-1,819,0,0,,,
cache-off-warm100,110,2,11.5364,20051.892,137.723,20189.616,you,the-return-of-sherlock-holmes-108,1,,server-1,819,0,0,,,
cache-off-warm100,110,2,11.5455,20091.846,89.581,20181.427,he,cranford,1,,server-1,820,0,0,,,
cache-off-warm100,110,2,11.5545,20082.404,111.904,20194.307,castle,pride-and-prejudice,1,,server-1,821,0,0,,,
cache-off-warm100,110,2,11.5636,20107.991,94.211,20202.202,whale,twenty-thousand-leagues-under-the-sea,1,,server-1,821,0,0,,,
cache-off-warm100,110,2,11.5727,20104.192,108.530,20212.721,letter,the-divine-comedy,1,,server-1,818,0,0,,,
cache-off-warm100,110,2,11.5818,20128.023,81.756,20209.779,heart,the-prince,1,,server-1,819,0,0,,,
cache-off-warm100,110,2,11.5909,20201.547,101.379,20302.926,you,walden-and-on-the-duty-of-civil-disobedience,1,,server-1,819,0,0,,,
cache-off-warm100,110,2,11.6000,20194.202,147.633,20341.836,london,tess-of-the-d-urbervilles-a-pure-woman,1,,server-1,820,0,0,,,
cache-off-warm100,110,2,11.6091,20184.217,34.022,20218.240,heart,the-scarlet-letter,1,,server-1,821,0,0,,,
cache-off-warm100,110,2,11.6182,20174.908,170.007,20344.914,castle,the-return-of-sherlock-holmes-108,1,,server-1,822,0,0,,,
cache-off-warm100,110,2,11.6273,20166.175,101.727,20267.902,house,frankenstein-or-the-modern-prometheus-41445,1,,server-1,823,0,0,,,
cache-off-warm100,110,2,11.6364,20160.104,122.949,20283.053,whale,jane-eyre-an-autobiography,1,,server-1,824,0,0,,,
cache-off-warm100,110,2,11.6455,20224.945,127.139,20352.084,sea,the-adventures-of-tom-sawyer-complete,1,,server-1,825,0,0,,,
cache-off-warm100,110,2,11.6545,20285.135,115.003,20400.139,the,the-mysterious-affair-at-styles,1,,server-1,826,0,0,,,
cache-off-warm100,110,2,11.6636,20253.253,82.192,20335.444,house,the-secret-adversary,1,,server-1,826,0,0,,,
cache-off-warm100,110,2,11.6727,20294.950,60.311,20355.261,you,his-last-bow,1,,server-1,827,0,0,,,
cache-off-warm100,110,2,11.6818,20284.186,139.677,20423.863,letter,oliver-twist,1,,server-1,828,0,0,,,
cache-off-warm100,110,2,11.6909,20277.308,138.066,20415.374,king,pride-and-prejudice,1,,server-1,828,0,0,,,
cache-off-warm100,110,2,11.7000,20301.543,129.308,20430.851,king,treasure-island,1,,server-1,829,0,0,,,
cache-off-warm100,110,2,11.7091,20348.551,158.597,20507.148,whale,northanger-abbey,1,,server-1,830,0,0,,,
cache-off-warm100,110,2,11.7182,20326.764,88.803,20415.567,night,around-the-world-in-eighty-days,1,,server-1,831,0,0,,,
cache-off-warm100,110,2,11.7273,20330.112,138.135,20468.247,and,the-romance-of-lust-a-classic-victorian-erotic-novel,1,,server-1,832,0,0,,,
cache-off-warm100,110,2,11.7364,20369.054,139.934,20508.988,whale,persuasion,1,,server-1,832,0,0,,,
cache-off-warm100,110,2,11.7455,20391.568,140.738,20532.307,you,a-connecticut-yankee-in-king-arthur-s-court,1,,server-1,833,0,0,,,
cache-off-warm100,110,2,11.7545,20363.563,129.912,20493.475,was,the-return-of-sherlock-holmes,1,,server-1,834,0,0,,,
cache-off-warm100,110,2,11.7636,20372.415,76.339,20448.754,horse,persuasion,1,,server-1,833,0,0,,,
cache-off-warm100,110,2,11.7727,20364.938,205.186,20570.124,night,tess-of-the-d-urbervilles-a-pure-woman,1,,server-1,833,0,0,,,
cache-off-warm100,110,2,11.7818,20360.289,117.534,20477.824,of,meditations,1,,server-1,834,0,0,,,
cache-off-warm100,110,2,11.7909,20425.654,185.449,20611.103,love,oliver-twist,1,,server-1,835,0,0,,,
cache-off-warm100,110,2,11.8000,20443.517,46.732,20490.249,house,white-fang,1,,server-1,834,0,0,,,
cache-off-warm100,110,2,11.8091,20451.479,78.997,20530.476,death,great-expectations,1,,server-1,835,0,0,,,
cache-off-warm100,110,2,11.8182,20460.682,81.665,20542.346,you,the-secret-garden-17396,1,,server-1,836,0,0,,,
cache-off-warm100,110,2,11.8273,20463.381,88.535,20551.917,love,white-fang,1,,server-1,837,0,0,,,
cache-off-warm100,110,2,11.8364,20454.342,130.490,20584.832,sea,thus-spake-zarathustra-a-book-for-all-and-none,1,,server-1,838,0,0,,,
cache-off-warm100,110,2,11.8455,20498.086,96.192,20594.278,letter,twenty-thousand-leagues-under-the-sea,1,,server-1,837,0,0,,,
cache-off-warm100,110,2,11.8545,20488.634,119.652,20608.286,whale,a-journey-to-the-centre-of-the-earth,1,,server-1,837,0,0,,,
cache-off-warm100,110,2,11.8636,20481.240,130.543,20611.783,night,his-last-bow,1,,server-1,838,0,0,,,
cache-off-warm100,110,2,11.8727,20490.341,148.689,20639.030,was,the-house-of-the-seven-gables,1,,server-1,839,0,0,,,
cache-off-warm100,110,2,11.8818,20556.421,71.328,20627.749,horse,dubliners,1,,server-1,840,0,0,,,
cache-off-warm100,110,2,11.8909,20572.702,95.726,20668.428,letter,dubliners,1,,server-1,841,0,0,,,
cache-off-warm100,110,2,11.9000,20614.747,107.642,20722.389,horse,the-mysterious-affair-at-styles,1,,server-1,842,0,0,,,
cache-off-warm100,110,2,11.9091,20605.095,209.265,20814.360,letter,a-tale-of-two-cities,1,,server-1,843,0,0,,,
cache-off-warm100,110,2,11.9182,20595.941,70.681,20666.622,house,the-wind-in-the-willows,1,,server-1,841,0,0,,,
cache-off-warm100,110,2,11.9273,20586.639,185.465,20772.104,horse,cranford,1,,server-1,842,0,0,,,
cache-off-warm100,110,2,11.9364,20579.071,278.237,20857.309,whale,great-expectations,1,,server-1,843,0,0,,,
cache-off-warm100,110,2,11.9455,20570.609,141.986,20712.595,death,mary-barton,1,,server-1,844,0,0,,,
cache-off-warm100,110,2,11.9545,20579.518,157.439,20736.958,house,memoirs-of-fanny-hill,1,,server-1,845,0,0,,,
cache-off-warm100,110,2,11.9636,20570.743,210.576,20781.319,castle,the-works-of-edgar-allan-poe-volume-2,1,,server-1,844,0,0,,,
cache-off-warm100,110,2,11.9727,20772.609,66.302,20838.911,was,the-prince,1,,server-1,845,0,0,,,
cache-off-warm100,110,2,11.9818,20669.885,156.945,20826.830,house,sense-and-sensibility,1,,server-1,845,0,0,,,
cache-off-warm100,110,2,11.9909,20754.276,98.801,20853.077,london,poirot-investigates,1,,server-1,846,0,0,,,
cache-off-warm100,110,2,12.0000,20789.728,193.218,20982.947,night,the-age-of-innocence,1,,server-1,847,0,0,,,
cache-off-warm100,110,2,12.0091,20784.858,81.695,20866.552,night,washington-square,1,,server-1,848,0,0,,,
cache-off-warm100,110,2,12.0182,20802.849,115.790,20918.639,he,the-moonstone,1,,server-1,849,0,0,,,
cache-off-warm100,110,2,12.0273,20794.460,179.794,20974.255,heart,black-beauty,1,,server-1,850,0,0,,,
cache-off-warm100,110,2,12.0364,20785.479,140.938,20926.416,letter,walden-and-on-the-duty-of-civil-disobedience,1,,server-1,850,0,0,,,
cache-off-warm100,110,2,12.0455,20935.443,128.779,21064.222,money,oliver-twist,1,,server-1,851,0,0,,,
cache-off-warm100,110,2,12.0545,20853.293,84.868,20938.162,heart,the-secret-garden-17396,1,,server-1,852,0,0,,,
cache-off-warm100,110,2,12.0636,20937.399,32.558,20969.957,house,anne-of-green-gables,1,,server-1,852,0,0,,,
cache-off-warm100,110,2,12.0727,20920.607,113.872,21034.480,she,the-divine-comedy,1,,server-1,853,0,0,,,
cache-off-warm100,110,2,12.0818,20918.437,136.029,21054.466,london,the-scarlet-letter-33,1,,server-1,854,0,0,,,
cache-off-warm100,110,2,12.0909,20912.422,187.413,21099.835,was,the-adventures-of-sherlock-holmes,1,,server-1,855,0,0,,,
cache-off-warm100,110,2,12.1000,20904.487,68.997,20973.485,love,northanger-abbey,1,,server-1,856,0,0,,,
cache-off-warm100,110,2,12.1091,20925.702,90.432,21016.134,money,the-portrait-of-a-lady-volume-1,1,,server-1,855,0,0,,,
cache-off-warm100,110,2,12.1182,21016.708,71.770,21088.478,letter,poirot-investigates,1,,server-1,856,0,0,,,
cache-off-warm100,110,2,12.1273,20983.306,45.508,21028.814,king,persuasion,1,,server-1,857,0,0,,,
cache-off-warm100,110,2,12.1364,20998.362,98.864,21097.226,castle,the-picture-of-dorian-gray,1,,server-1,858,0,0,,,
cache-off-warm100,110,2,12.1455,21012.321,80.268,21092.589,money,the-hound-of-the-baskervilles-3070,1,,server-1,859,0,0,,,
cache-off-warm100,110,2,12.1545,21003.432,184.064,21187.496,money,kidnapped,1,,server-1,860,0,0,,,
cache-off-warm100,110,2,12.1636,21027.694,219.825,21247.519,house,thus-spake-zarathustra-a-book-for-all-and-none,1,,server-1,858,0,0,,,
cache-off-warm100,110,2,12.1727,21024.295,210.899,21235.194,whale,silas-marner,1,,server-1,859,0,0,,,
cache-off-warm100,110,2,12.1818,21012.544,69.229,21081.773,heart,washington-square,1,,server-1,860,0,0,,,
cache-off-warm100,110,2,12.1909,21005.998,194.921,21200.919,the,the-vicomte-de-bragelonne,1,,server-1,861,0,0,,,
cache-off-warm100,110,2,12.2000,21022.396,65.738,21088.133,was,dubliners,1,,server-1,861,0,0,,,
cache-off-warm100,110,2,12.2091,21051.838,126.159,21177.997,was,the-divine-comedy,1,,server-1,862,0,0,,,
cache-off-warm100,110,2,12.2182,21005.933,66.519,21072.452,money,the-hound-of-the-baskervilles-3070,1,,server-1,862,0,0,,,
cache-off-warm100,110,2,12.2273,21061.809,371.371,21433.180,letter,oliver-twist,1,,server-1,863,0,0,,,
cache-off-warm100,110,2,12.2364,21027.853,223.720,21251.573,the,the-adventures-of-sherlock-holmes,1,,server-1,862,0,0,,,
cache-off-warm100,110,2,12.2455,21015.747,327.714,21343.462,london,the-song-of-the-lark,1,,server-1,863,0,0,,,
cache-off-warm100,110,2,12.2545,21034.905,396.031,21430.936,heart,the-house-of-mirth,1,,server-1,863,0,0,,,
cache-off-warm100,110,2,12.2636,21095.830,104.431,21200.261,and,the-war-of-the-worlds,1,,server-1,864,0,0,,,
cache-off-warm100,110,2,12.2727,21119.274,99.348,21218.621,letter,the-great-gatsby,1,,server-1,865,0,0,,,
cache-off-warm100,110,2,12.2818,21131.203,251.582,21382.785,money,emma,1,,server-1,866,0,0,,,
cache-off-warm100,110,2,12.2909,21120.612,307.175,21427.787,sea,the-vicomte-de-bragelonne,1,,server-1,867,0,0,,,
cache-off-warm100,110,2,12.3000,21115.845,250.496,21366.342,sea,the-first-men-in-the-moon,1,,server-1,868,0,0,,,
cache-off-warm100,110,2,12.3091,21180.289,322.596,21502.885,and,white-fang,1,,server-1,865,0,0,,,
cache-off-warm100,110,2,12.3182,21182.409,99.327,21281.736,you,the-hound-of-the-baskervilles-3070,1,,server-1,866,0,0,,,
cache-off-warm100,110,2,12.3273,21187.495,239.249,21426.744,he,the-song-of-the-lark,1,,server-1,867,0,0,,,
cache-off-warm100,110,2,12.3364,21331.322,147.562,21478.884,king,little-women,1,,server-1,868,0,0,,,
cache-off-warm100,110,2,12.3455,21319.741,144.757,21464.498,horse,kidnapped,1,,server-1,869,0,0,,,
cache-off-warm100,110,2,12.3545,21245.759,227.412,21473.172,london,poirot-investigates,1,,server-1,869,0,0,,,
cache-off-warm100,110,2,12.3636,21407.576,92.048,21499.624,sea,dubliners,1,,server-1,870,0,0,,,
cache-off-warm100,110,2,12.3727,21446.535,58.299,21504.833,and,dubliners,1,,server-1,871,0,0,,,
cache-off-warm100,110,2,12.3818,21437.280,87.698,21524.978,horse,wuthering-heights,1,,server-1,870,0,0,,,
cache-off-warm100,110,2,12.3909,21427.601,80.256,21507.857,king,the-great-gatsby,1,,server-1,871,0,0,,,
cache-off-warm100,110,2,12.4000,21426.984,187.112,21614.096,horse,the-tenant-of-wildfell-hall,1,,server-1,871,0,0,,,
cache-off-warm100,110,2,12.4091,21434.636,170.090,21604.726,the,white-fang,1,,server-1,872,0,0,,,
cache-off-warm100,110,2,12.4182,21445.757,87.550,21533.307,heart,grimms-fairy-tales,1,,server-1,873,0,0,,,
cache-off-warm100,110,2,12.4273,21471.309,48.813,21520.121,heart,the-hound-of-the-baskervilles-3070,1,,server-1,874,0,0,,,
cache-off-warm100,110,2,12.4364,21516.723,73.730,21590.453,castle,myths-and-legends-of-ancient-greece-and-rome,1,,server-1,874,0,0,,,
cache-off-warm100,110,2,12.4455,21508.237,282.889,21791.127,horse,the-romance-of-lust-a-classic-victorian-erotic-novel,1,,server-1,875,0,0,,,
cache-off-warm100,110,2,12.4545,21557.676,138.041,21695.717,letter,a-connecticut-yankee-in-king-arthur-s-court,1,,server-1,875,0,0,,,
cache-off-warm100,110,2,12.4636,21549.971,141.671,21691.642,sea,his-last-bow,1,,server-1,876,0,0,,,
cache-off-warm100,110,2,12.4727,21555.618,111.597,21667.215,you,the-secret-garden,1,,server-1,877,0,0,,,
cache-off-warm100,110,2,12.4818,21547.744,134.596,21682.340,house,the-house-of-the-seven-gables,1,,server-1,878,0,0,,,
cache-off-warm100,110,2,12.4909,21548.082,270.953,21819.034,the,a-tale-of-two-cities,1,,server-1,879,0,0,,,
cache-off-warm100,110,2,12.5000,21589.672,200.804,21790.477,and,the-adventures-of-sherlock-holmes,1,,server-1,880,0,0,,,
cache-off-warm100,110,2,12.5091,21601.096,202.036,21803.132,was,wuthering-heights,1,,server-1,881,0,0,,,
cache-off-warm100,110,2,12.5182,21621.492,100.728,21722.221,night,far-from-the-madding-crowd,1,,server-1,882,0,0,,,
cache-off-warm100,110,2,12.5273,21627.585,171.163,21798.747,london,cranford,1,,server-1,882,0,0,,,
cache-off-warm100,110,2,12.5364,21776.521,148.699,21925.220,whale,the-house-of-the-seven-gables,1,,server-1,883,0,0,,,
cache-off-warm100,110,2,12.5455,21769.291,33.835,21803.126,castle,the-portrait-of-a-lady-volume-1,1,,server-1,883,0,0,,,
cache-off-warm100,110,2,12.5545,21759.677,47.250,21806.927,of,dubliners,1,,server-1,883,0,0,,,
cache-off-warm100,110,2,12.5636,21762.383,61.621,21824.004,you,treasure-island,1,,server-1,883,0,0,,,
cache-off-warm100,110,2,12.5727,21775.988,62.252,21838.240,death,the-last-of-the-mohicans-a-narrative-of-1757,1,,server-1,884,0,0,,,
cache-off-warm100,110,2,12.5818,21806.788,184.327,21991.115,you,north-and-south,1,,server-1,885,0,0,,,
cache-off-warm100,110,2,12.5909,21770.456,162.995,21933.451,of,jane-eyre-an-autobiography,1,,server-1,885,0,0,,,
cache-off-warm100,110,2,12.6000,21763.752,108.889,21872.641,heart,hard-times,1,,server-1,886,0,0,,,
cache-off-warm100,110,2,12.6091,21779.124,224.796,22003.920,and,the-last-of-the-mohicans-a-narrative-of-1757,1,,server-1,887,0,0,,,
cache-off-warm100,110,2,12.6182,21793.573,204.506,21998.078,london,the-secret-garden,1,,server-1,887,0,0,,,
cache-off-warm100,110,2,12.6273,21897.459,305.907,22203.366,sea,life-on-the-mississippi,1,,server-1,887,0,0,,,
cache-off-warm100,110,2,12.6364,21825.513,369.400,22194.914,he,little-women,1,,server-1,888,0,0,,,
cache-off-warm100,110,2,12.6455,21785.056,145.470,21930.526,he,thus-spake-zarathustra-a-book-for-all-and-none,1,,server-1,889,0,0,,,
cache-off-warm100,110,2,12.6545,21900.831,213.341,22114.171,money,beyond-good-and-evil,1,,server-1,890,0,0,,,
cache-off-warm100,110,2,12.6636,21861.396,128.045,21989.441,the,wuthering-heights,1,,server-1,891,0,0,,,
cache-off-warm100,110,2,12.6727,21880.900,102.677,21983.576,was,desert-gold,1,,server-1,891,0,0,,,
cache-off-warm100,110,2,12.6818,21956.718,58.720,22015.438,whale,dubliners,1,,server-1,891,0,0,,,
cache-off-warm100,110,2,12.6909,21969.158,187.033,22156.191,sea,great-expectations,1,,server-1,892,0,0,,,
cache-off-warm100,110,2,12.7000,21960.124,190.446,22150.570,of,treasure-island,1,,server-1,893,0,0,,,
cache-off-warm100,110,2,12.7091,21997.125,232.760,22229.885,death,wuthering-heights,1,,server-1,894,0,0,,,
cache-off-warm100,110,2,12.7182,22051.355,168.077,22219.432,the,herland,1,,server-1,895,0,0,,,
cache-off-warm100,110,2,12.7273,22034.607,90.335,22124.942,of,life-on-the-mississippi,1,,server-1,896,0,0,,,
cache-off-warm100,110,2,12.7364,22031.404,150.299,22181.703,he,the-mysterious-affair-at-styles,1,,server-1,897,0,0,,,
cache-off-warm100,110,2,12.7455,22107.108,137.452,22244.560,she,the-war-of-the-worlds,1,,server-1,898,0,0,,,
cache-off-warm100,110,2,12.7545,22015.497,217.669,22233.165,whale,the-scarlet-letter,1,,server-1,899,0,0,,,
cache-off-warm100,110,2,12.7636,22067.268,106.495,22173.763,he,kidnapped,1,,server-1,900,0,0,,,
cache-off-warm100,110,2,12.7727,22072.942,115.154,22188.095,he,the-american,1,,server-1,900,0,0,,,
cache-off-warm100,110,2,12.7818,22068.489,107.752,22176.241,horse,pride-and-prejudice,1,,server-1,901,0,0,,,
cache-off-warm100,110,2,12.7909,22167.734,99.926,22267.661,death,the-divine-comedy,1,,server-1,901,0,0,,,
cache-off-warm100,110,2,12.8000,22192.099,152.791,22344.890,love,the-hound-of-the-baskervilles-3070,1,,server-1,902,0,0,,,
cache-off-warm100,110,2,12.8091,22182.121,107.615,22289.736,night,the-iliad-2199,1,,server-1,902,0,0,,,
cache-off-warm100,110,2,12.8182,22175.656,66.837,22242.493,love,meditations,1,,server-1,903,0,0,,,
cache-off-warm100,110,2,12.8273,22168.165,106.303,22274.468,letter,wuthering-heights,1,,server-1,903,0,0,,,
cache-off-warm100,110,2,12.8364,22160.212,180.674,22340.886,castle,the-house-of-the-seven-gables,1,,server-1,903,0,0,,,
cache-off-warm100,110,2,12.8455,22164.195,212.374,22376.570,king,north-and-south,1,,server-1,902,0,0,,,
cache-off-warm100,110,2,12.8545,22204.170,180.014,22384.184,you,the-great-gatsby,1,,server-1,903,0,0,,,
cache-off-warm100,110,2,12.8636,22190.690,97.410,22288.100,london,dubliners,1,,server-1,904,0,0,,,
cache-off-warm100,110,2,12.8727,22349.930,91.084,22441.014,castle,autobiography-of-benjamin-franklin,1,,server-1,905,0,0,,,
cache-off-warm100,110,2,12.8818,22222.239,163.368,22385.608,love,walden-and-on-the-duty-of-civil-disobedience,1,,server-1,905,0,0,,,
cache-off-warm100,110,2,12.8909,22250.482,127.140,22377.622,london,a-journey-to-the-centre-of-the-earth,1,,server-1,906,0,0,,,
cache-off-warm100,110,2,12.9000,22204.635,120.820,22325.455,was,the-song-of-the-lark,1,,server-1,907,0,0,,,
cache-off-warm100,110,2,12.9091,22269.715,117.002,22386.717,heart,the-house-of-the-seven-gables,1,,server-1,908,0,0,,,
cache-off-warm100,110,2,12.9182,22309.210,49.989,22359.199,was,the-kama-sutra-of-vatsyayana,1,,server-1,909,0,0,,,
cache-off-warm100,110,2,12.9273,22301.167,109.222,22410.389,king,the-picture-of-dorian-gray,1,,server-1,910,0,0,,,
cache-off-warm100,110,2,12.9364,22303.606,62.571,22366.177,and,the-jungle-book,1,,server-1,911,0,0,,,
cache-off-warm100,110,2,12.9455,22324.443,150.341,22474.784,the,the-secret-garden-17396,1,,server-1,912,0,0,,,
cache-off-warm100,110,2,12.9545,22359.472,12.926,22372.398,london,the-wind-in-the-willows,1,,server-1,913,0,0,,,
cache-off-warm100,110,2,12.9636,22350.701,65.899,22416.600,london,the-divine-comedy,1,,server-1,912,0,0,,,
cache-off-warm100,110,2,12.9727,22342.348,59.192,22401.540,of,little-women,1,,server-1,913,0,0,,,
cache-off-warm100,110,2,12.9818,22353.880,72.574,22426.453,king,jane-eyre-an-autobiography,1,,server-1,914,0,0,,,
cache-off-warm100,110,2,12.9909,22390.287,130.661,22520.947,the,the-age-of-innocence,1,,server-1,914,0,0,,,
cache-off-warm100,110,2,13.0000,22421.064,98.329,22519.393,horse,the-iliad,1,,server-1,915,0,0,,,
cache-off-warm100,110,2,13.0091,22367.369,79.787,22447.156,whale,the-romance-of-lust-a-classic-victorian-erotic-novel,1,,server-1,916,0,0,,,
cache-off-warm100,110,2,13.0182,22362.228,76.845,22439.073,of,around-the-world-in-eighty-days,1,,server-1,916,0,0,,,
cache-off-warm100,110,2,13.0273,22394.263,48.889,22443.151,he,autobiography-of-benjamin-franklin,1,,server-1,915,0,0,,,
cache-off-warm100,110,2,13.0364,22423.111,79.554,22502.665,whale,madame-bovary,1,,server-1,916,0,0,,,
cache-off-warm100,110,2,13.0455,22463.962,89.438,22553.400,castle,life-on-the-mississippi,1,,server-1,917,0,0,,,
cache-off-warm100,110,2,13.0545,22489.875,193.338,22683.214,she,hard-times,1,,server-1,918,0,0,,,
cache-off-warm100,110,2,13.0636,22475.690,63.638,22539.328,and,the-portrait-of-a-lady-volume-1,1,,server-1,919,0,0,,,
cache-off-warm100,110,2,13.0727,22468.774,11.938,22480.711,of,herland,1,,server-1,918,0,0,,,
cache-off-warm100,110,2,13.0818,22459.298,74.287,22533.585,heart,the-first-men-in-the-moon,1,,server-1,919,0,0,,,
cache-off-warm100,110,2,13.0909,22452.446,93.209,22545.655,night,far-from-the-madding-crowd,1,,server-1,920,0,0,,,
cache-off-warm100,110,2,13.1000,22444.151,268.477,22712.628,he,the-house-of-mirth,1,,server-1,921,0,0,,,
cache-off-warm100,110,2,13.1091,22434.260,52.876,22487.135,london,the-wind-in-the-willows,1,,server-1,922,0,0,,,
cache-off-warm100,110,2,13.1182,22437.370,105.827,22543.197,london,white-fang,1,,server-1,923,0,0,,,
cache-off-warm100,110,2,13.1273,22466.475,64.958,22531.433,sea,treasure-island,1,,server-1,922,0,0,,,
cache-off-warm100,110,2,13.1364,22477.911,198.502,22676.413,king,the-innocents-abroad,1,,server-1,923,0,0,,,
cache-off-warm100,110,2,13.1455,22471.432,73.046,22544.478,of,hard-times,1,,server-1,922,0,0,,,
cache-off-warm100,110,2,13.1545,22462.848,204.580,22667.428,sea,dracula,1,,server-1,923,0,0,,,
cache-off-warm100,110,2,13.1636,22473.563,93.807,22567.370,heart,twenty-thousand-leagues-under-the-sea,1,,server-1,924,0,0,,,
cache-off-warm100,110,2,13.1727,22463.834,80.413,22544.248,letter,the-iliad-2199,1,,server-1,925,0,0,,,
cache-off-warm100,110,2,13.1818,22506.061,216.870,22722.930,sea,the-moonstone,1,,server-1,925,0,0,,,
cache-off-warm100,110,2,13.1909,22566.633,181.074,22747.706,horse,the-song-of-the-lark,1,,server-1,926,0,0,,,
cache-off-warm100,110,2,13.2000,22553.987,150.029,22704.016,money,mansfield-park,1,,server-1,927,0,0,,,
cache-off-warm100,110,2,13.2091,22528.713,80.864,22609.577,house,autobiography-of-benjamin-franklin,1,,server-1,928,0,0,,,
cache-off-warm100,110,2,13.2182,22562.337,113.723,22676.061,night,jane-eyre-an-autobiography,1,,server-1,929,0,0,,,
cache-off-warm100,110,2,13.2273,22594.185,117.475,22711.660,king,memoirs-of-fanny-hill,1,,server-1,930,0,0,,,
cache-off-warm100,110,2,13.2364,22586.406,154.703,22741.109,sea,the-great-gatsby,1,,server-1,931,0,0,,,
cache-off-warm100,110,2,13.2455,22576.958,130.822,22707.780,heart,desert-gold,1,,server-1,932,0,0,,,
cache-off-warm100,110,2,13.2545,22646.655,69.130,22715.786,letter,thus-spake-zarathustra-a-book-for-all-and-none,1,,server-1,933,0,0,,,
cache-off-warm100,110,2,13.2636,22641.115,228.240,22869.355,of,kidnapped,1,,server-1,934,0,0,,,
cache-off-warm100,110,2,13.2727,22680.640,93.199,22773.840,she,washington-square,1,,server-1,935,0,0,,,
cache-off-warm100,110,2,13.2818,22694.428,36.236,22730.664,horse,black-beauty,1,,server-1,935,0,0,,,
cache-off-warm100,110,2,13.2909,22690.142,176.571,22866.713,whale,memoirs-of-fanny-hill,1,,server-1,936,0,0,,,
cache-off-warm100,110,2,13.3000,22681.315,182.261,22863.575,king,far-from-the-madding-crowd,1,,server-1,937,0,0,,,
cache-off-warm100,110,2,13.3091,22675.058,210.169,22885.227,heart,autobiography-of-benjamin-franklin,1,,server-1,937,0,0,,,
cache-off-warm100,110,2,13.3182,22689.094,190.285,22879.379,london,the-memoirs-of-sherlock-holmes,1,,server-1,938,0,0,,,
cache-off-warm100,110,2,13.3273,22720.448,289.255,23009.704,house,the-return-of-sherlock-holmes,1,,server-1,939,0,0,,,
cache-off-warm100,110,2,13.3364,22711.932,167.551,22879.483,he,grimms-fairy-tales,1,,server-1,940,0,0,,,
cache-off-warm100,110,2,13.3455,22701.810,112.958,22814.768,of,oliver-twist,1,,server-1,941,0,0,,,
cache-off-warm100,110,2,13.3545,22726.639,176.012,22902.651,death,adventures-of-huckleberry-finn,1,,server-1,941,0,0,,,
cache-off-warm100,110,2,13.3636,22834.239,62.060,22896.298,the,dubliners,1,,server-1,942,0,0,,,
cache-off-warm100,110,2,13.3727,22825.840,178.589,23004.429,heart,the-american,1,,server-1,937,0,0,,,
cache-off-warm100,110,2,13.3818,22816.209,141.275,22957.484,you,desert-gold,1,,server-1,938,0,0,,,
cache-off-warm100,110,2,13.3909,22829.292,134.004,22963.295,money,the-wind-in-the-willows,1,,server-1,939,0,0,,,
cache-off-warm100,110,2,13.4000,22817.643,125.558,22943.200,sea,emma,1,,server-1,940,0,0,,,
cache-off-warm100,110,2,13.4091,22845.810,167.587,23013.397,and,the-iliad,1,,server-1,941,0,0,,,
cache-off-warm100,110,2,13.4182,22885.583,139.478,23025.061,you,wuthering-heights,1,,server-1,942,0,0,,,
cache-off-warm100,110,2,13.4273,22916.175,49.634,22965.809,house,autobiography-of-benjamin-franklin,1,,server-1,943,0,0,,,
cache-off-warm100,110,2,13.4364,22955.151,127.023,23082.174,was,treasure-island,1,,server-1,944,0,0,,,
cache-off-warm100,110,2,13.4455,22949.428,172.440,23121.868,heart,thus-spake-zarathustra-a-book-for-all-and-none,1,,server-1,945,0,0,,,
cache-off-warm100,110,2,13.4545,22968.558,229.400,23197.958,letter,sense-and-sensibility,1,,server-1,946,0,0,,,
cache-off-warm100,110,2,13.4636,22959.760,200.276,23160.036,and,the-adventures-of-ferdinand-count-fathom-complete,1,,server-1,947,0,0,,,
cache-off-warm100,110,2,13.4727,22951.322,76.521,23027.844,castle,thus-spake-zarathustra-a-book-for-all-and-none,1,,server-1,945,0,0,,,
cache-off-warm100,110,2,13.4818,22942.983,230.035,23173.018,death,madame-bovary,1,,server-1,946,0,0,,,
cache-off-warm100,110,2,13.4909,22956.229,236.356,23192.585,money,agnes-grey,1,,server-1,947,0,0,,,
cache-off-warm100,110,2,13.5000,22944.257,148.998,23093.255,letter,agnes-grey,1,,server-1,948,0,0,,,
cache-off-warm100,110,2,13.5091,22937.538,120.920,23058.459,house,the-adventures-of-ferdinand-count-fathom-complete,1,,server-1,949,0,0,,,
cache-off-warm100,110,2,13.5182,23000.927,153.220,23154.147,night,the-last-of-the-mohicans-a-narrative-of-1757-27681,1,,server-1,949,0,0,,,
cache-off-warm100,110,2,13.5273,22991.334,253.534,23244.868,london,agnes-grey,1,,server-1,950,0,0,,,
cache-off-warm100,110,2,13.5364,23024.658,212.644,23237.302,sea,kidnapped,1,,server-1,951,0,0,,,
cache-off-warm100,110,2,13.5455,23110.622,107.043,23217.665,and,north-and-south,1,,server-1,952,0,0,,,
cache-off-warm100,110,2,13.5545,23100.591,207.011,23307.602,king,persuasion,1,,server-1,953,0,0,,,
cache-off-warm100,110,2,13.5636,23092.528,235.236,23327.763,love,the-jungle-book,1,,server-1,954,0,0,,,
cache-off-warm100,110,2,13.5727,23099.879,187.329,23287.208,he,northanger-abbey,1,,server-1,955,0,0,,,
cache-off-warm100,110,2,13.5818,23147.394,155.933,23303.327,she,cranford,1,,server-1,956,0,0,,,
cache-off-warm100,110,2,13.5909,23173.156,275.647,23448.803,house,far-from-the-madding-crowd,1,,server-1,957,0,0,,,
cache-off-warm100,110,2,13.6000,23175.411,292.382,23467.793,horse,emma,1,,server-1,955,0,0,,,
cache-off-warm100,110,2,13.6091,23167.753,267.705,23435.458,and,kidnapped,1,,server-1,956,0,0,,,
cache-off-warm100,110,2,13.6182,23245.131,179.554,23424.685,you,the-tenant-of-wildfell-hall,1,,server-1,957,0,0,,,
cache-off-warm100,110,2,13.6273,23438.107,78.242,23516.350,he,the-secret-garden,1,,server-1,957,0,0,,,
cache-off-warm100,110,2,13.6364,23432.735,89.193,23521.928,night,the-secret-adversary,1,,server-1,958,0,0,,,
cache-off-warm100,110,2,13.6455,23423.230,121.109,23544.339,night,wuthering-heights,1,,server-1,959,0,0,,,
cache-off-warm100,110,2,13.6545,23414.007,24.966,23438.973,and,the-mystery-of-edwin-drood,1,,server-1,960,0,0,,,
cache-off-warm100,110,2,13.6636,23405.676,72.950,23478.625,she,desperate-remedies,1,,server-1,961,0,0,,,
cache-off-warm100,110,2,13.6727,23471.654,193.150,23664.804,he,the-adventures-of-ferdinand-count-fathom-complete,1,,server-1,962,0,0,,,
cache-off-warm100,110,2,13.6818,23473.423,178.687,23652.109,you,the-jungle,1,,server-1,963,0,0,,,
cache-off-warm100,110,2,13.6909,23496.771,25.583,23522.354,was,northanger-abbey,1,,server-1,964,0,0,,,
cache-off-warm100,110,2,13.7000,23490.019,97.357,23587.376,letter,memoirs-of-fanny-hill,1,,server-1,965,0,0,,,
cache-off-warm100,110,2,13.7091,23483.132,165.585,23648.717,whale,anne-of-green-gables,1,,server-1,966,0,0,,,
cache-off-warm100,110,2,13.7182,23474.361,27.762,23502.123,he,herland,1,,server-1,966,0,0,,,
cache-off-warm100,110,2,13.7273,23466.901,89.244,23556.145,money,the-vicomte-de-bragelonne,1,,server-1,967,0,0,,,
cache-off-warm100,110,2,13.7364,23597.770,38.866,23636.636,he,the-adventures-of-sherlock-holmes,1,,server-1,967,0,0,,,
cache-off-warm100,110,2,13.7455,23613.647,30.204,23643.851,horse,the-works-of-edgar-allan-poe-volume-2,1,,server-1,968,0,0,,,
cache-off-warm100,110,2,13.7545,23633.415,125.078,23758.493,horse,treasure-island,1,,server-1,969,0,0,,,
cache-off-warm100,110,2,13.7636,23596.576,59.033,23655.609,letter,agnes-grey,1,,server-1,970,0,0,,,
cache-off-warm100,110,2,13.7727,23603.187,85.539,23688.726,king,the-great-gatsby,1,,server-1,971,0,0,,,
cache-off-warm100,110,2,13.7818,23593.302,28.137,23621.439,heart,the-age-of-innocence,1,,server-1,971,0,0,,,
cache-off-warm100,110,2,13.7909,23633.846,106.135,23739.980,whale,around-the-world-in-eighty-days,1,,server-1,972,0,0,,,
cache-off-warm100,110,2,13.8000,23625.203,90.508,23715.712,money,the-house-of-mirth,1,,server-1,972,0,0,,,
cache-off-warm100,110,2,13.8091,23653.424,112.864,23766.288,love,washington-square,1,,server-1,973,0,0,,,
cache-off-warm100,110,2,13.8182,23711.699,31.758,23743.457,horse,the-adventures-of-ferdinand-count-fathom-complete,1,,server-1,974,0,0,,,
cache-off-warm100,110,2,13.8273,23708.386,84.276,23792.663,night,the-house-of-the-seven-gables,1,,server-1,975,0,0,,,
cache-off-warm100,110,2,13.8364,23697.479,122.856,23820.335,house,the-great-gatsby,1,,server-1,976,0,0,,,
cache-off-warm100,110,2,13.8455,23688.896,115.401,23804.297,whale,poirot-investigates,1,,server-1,976,0,0,,,
cache-off-warm100,110,2,13.8545,23707.535,218.383,23925.918,was,the-works-of-edgar-allan-poe-volume-2,1,,server-1,977,0,0,,,
cache-off-warm100,110,2,13.8636,23710.012,64.742,23774.754,castle,the-age-of-innocence,1,,server-1,978,0,0,,,
cache-off-warm100,110,2,13.8727,23702.432,46.411,23748.843,king,the-return-of-sherlock-holmes,1,,server-1,979,0,0,,,
cache-off-warm100,110,2,13.8818,23758.662,33.282,23791.944,whale,silas-marner,1,,server-1,980,0,0,,,
cache-off-warm100,110,2,13.8909,23748.592,139.324,23887.915,night,northanger-abbey,1,,server-1,981,0,0,,,
cache-off-warm100,110,2,13.9000,23747.243,146.880,23894.123,heart,the-works-of-edgar-allan-poe-volume-2,1,,server-1,981,0,0,,,
cache-off-warm100,110,2,13.9091,23750.322,195.136,23945.458,castle,little-women,1,,server-1,982,0,0,,,
cache-off-warm100,110,2,13.9182,23753.020,122.810,23875.830,letter,the-secret-garden-17396,1,,server-1,980,0,0,,,
cache-off-warm100,110,2,13.9273,23823.530,152.343,23975.872,night,mary-barton,1,,server-1,980,0,0,,,
cache-off-warm100,110,2,13.9364,23813.678,107.620,23921.297,heart,the-jungle,1,,server-1,981,0,0,,,
cache-off-warm100,110,2,13.9455,23832.483,127.164,23959.646,king,a-tale-of-two-cities,1,,server-1,982,0,0,,,
cache-off-warm100,110,2,13.9545,23951.303,13.957,23965.260,castle,the-secret-garden-17396,1,,server-1,983,0,0,,,
cache-off-warm100,110,2,13.9636,23942.841,94.036,24036.877,the,the-mysterious-island,1,,server-1,984,0,0,,,
cache-off-warm100,110,2,13.9727,23934.805,111.345,24046.150,she,white-fang,1,,server-1,985,0,0,,,
cache-off-warm100,110,2,13.9818,23924.352,50.163,23974.516,whale,the-innocents-abroad,1,,server-1,986,0,0,,,
cache-off-warm100,110,2,13.9909,23927.516,78.444,24005.959,whale,desperate-remedies,1,,server-1,987,0,0,,,
cache-off-warm100,110,2,14.0000,23922.797,141.160,24063.957,the,north-and-south,1,,server-1,986,0,0,,,
cache-off-warm100,110,2,14.0091,24058.784,241.320,24300.105,was,the-return-of-sherlock-holmes-108,1,,server-1,987,0,0,,,
cache-off-warm100,110,2,14.0182,23983.611,64.740,24048.351,castle,kidnapped,1,,server-1,988,0,0,,,
cache-off-warm100,110,2,14.0273,23988.368,69.585,24057.954,and,walden-and-on-the-duty-of-civil-disobedience,1,,server-1,989,0,0,,,
cache-off-warm100,110,2,14.0364,23966.887,96.293,24063.179,the,the-house-of-the-seven-gables,1,,server-1,990,0,0,,,
cache-off-warm100,110,2,14.0455,23970.174,152.749,24122.923,money,the-romance-of-lust-a-classic-victorian-erotic-novel,1,,server-1,991,0,0,,,
cache-off-warm100,110,2,14.0545,24011.834,54.469,24066.303,was,autobiography-of-benjamin-franklin,1,,server-1,992,0,0,,,
cache-off-warm100,110,2,14.0636,24021.474,102.799,24124.273,you,a-princess-of-mars,1,,server-1,993,0,0,,,
cache-off-warm100,110,2,14.0727,23996.971,93.412,24090.383,love,madame-bovary,1,,server-1,994,0,0,,,
cache-off-warm100,110,2,14.0818,24001.505,184.796,24186.301,love,the-kama-sutra-of-vatsyayana,1,,server-1,995,0,0,,,
cache-off-warm100,110,2,14.0909,24029.538,108.739,24138.277,and,jane-eyre-an-autobiography,1,,server-1,996,0,0,,,
cache-off-warm100,110,2,14.1000,24059.078,283.596,24342.674,sea,beyond-good-and-evil,1,,server-1,997,0,0,,,
cache-off-warm100,110,2,14.1091,24010.338,252.229,24262.567,heart,the-last-of-the-mohicans-a-narrative-of-1757-27681,1,,server-1,997,0,0,,,
cache-off-warm100,110,2,14.1182,24001.741,121.897,24123.639,the,the-secret-garden,1,,server-1,998,0,0,,,
cache-off-warm100,110,2,14.1273,24033.717,135.272,24168.990,was,white-fang,1,,server-1,995,0,0,,,
cache-off-warm100,110,2,14.1364,24033.721,101.681,24135.402,letter,jude-the-obscure,1,,server-1,996,0,0,,,
cache-off-warm100,110,2,14.1455,24079.153,87.696,24166.848,he,his-last-bow,1,,server-1,997,0,0,,,
cache-off-warm100,110,2,14.1545,24075.989,206.634,24282.622,she,the-last-of-the-mohicans-a-narrative-of-1757,1,,server-1,996,0,0,,,
cache-off-warm100,110,2,14.1636,24189.282,155.475,24344.757,love,around-the-world-in-eighty-days,1,,server-1,997,0,0,,,
cache-off-warm100,110,2,14.1727,24137.222,108.490,24245.712,night,the-song-of-the-lark,1,,server-1,998,0,0,,,
cache-off-warm100,110,2,14.1818,24130.690,108.038,24238.728,the,the-return-of-sherlock-holmes,1,,server-1,999,0,0,,,
cache-off-warm100,110,2,14.1909,24181.518,284.068,24465.586,house,anne-of-green-gables,1,,server-1,999,0,0,,,
cache-off-warm100,110,2,14.2000,24151.665,140.413,24292.078,heart,the-iliad,1,,server-1,1000,0,0,,,
cache-off-warm100,110,2,14.2091,24162.431,57.810,24220.241,letter,frankenstein-or-the-modern-prometheus-41445,1,,server-1,1001,0,0,,,
cache-off-warm100,110,2,14.2182,24202.714,146.256,24348.970,he,a-princess-of-mars,1,,server-1,1002,0,0,,,
cache-off-warm100,110,2,14.2273,24203.405,119.168,24322.574,letter,life-on-the-mississippi,1,,server-1,1003,0,0,,,
cache-off-warm100,110,2,14.2364,24251.531,215.323,24466.854,london,a-journey-to-the-centre-of-the-earth,1,,server-1,1004,0,0,,,
cache-off-warm100,110,2,14.2455,24247.627,110.532,24358.159,she,the-war-of-the-worlds,1,,server-1,1002,0,0,,,
cache-off-warm100,110,2,14.2545,24295.703,117.687,24413.390,of,thus-spake-zarathustra-a-book-for-all-and-none,1,,server-1,1003,0,0,,,
cache-off-warm100,110,2,14.2636,24304.564,102.674,24407.238,of,cranford,1,,server-1,1004,0,0,,,
cache-off-warm100,110,2,14.2727,24298.008,130.049,24428.057,heart,beyond-good-and-evil,1,,server-1,1005,0,0,,,
cache-off-warm100,110,2,14.2818,24375.113,77.471,24452.584,you,desperate-remedies,1,,server-1,1005,0,0,,,
cache-off-warm100,110,2,14.2909,24374.277,147.233,24521.510,castle,the-innocents-abroad,1,,server-1,1005,0,0,,,
cache-off-warm100,110,2,14.3000,24392.091,74.567,24466.658,night,poirot-investigates,1,,server-1,1006,0,0,,,
cache-off-warm100,110,2,14.3091,24365.424,74.123,24439.547,heart,autobiography-of-benjamin-franklin,1,,server-1,1007,0,0,,,
cache-off-warm100,110,2,14.3182,24431.502,243.925,24675.427,and,the-iliad,1,,server-1,1008,0,0,,,
cache-off-warm100,110,2,14.3273,24404.695,164.399,24569.095,he,grimms-fairy-tales,1,,server-1,1009,0,0,,,
cache-off-warm100,110,2,14.3364,24415.001,242.060,24657.062,was,desperate-remedies,1,,server-1,1010,0,0,,,
cache-off-warm100,110,2,14.3455,24464.443,136.849,24601.292,heart,white-fang,1,,server-1,1011,0,0,,,
cache-off-warm100,110,2,14.3545,24412.408,247.633,24660.040,letter,the-jungle-book,1,,server-1,1009,0,0,,,
cache-off-warm100,110,2,14.3636,24411.444,259.197,24670.641,london,the-iliad,1,,server-1,1010,0,0,,,
cache-off-warm100,110,2,14.3727,24439.636,12.837,24452.473,money,meditations,1,,server-1,1011,0,0,,,
cache-off-warm100,110,2,14.3818,24444.978,210.811,24655.789,she,the-secret-adversary,1,,server-1,1012,0,0,,,
cache-off-warm100,110,2,14.3909,24436.167,295.590,24731.756,whale,wuthering-heights,1,,server-1,1013,0,0,,,
cache-off-warm100,110,2,14.4000,24431.794,185.864,24617.658,house,the-memoirs-of-sherlock-holmes,1,,server-1,1013,0,0,,,
cache-off-warm100,110,2,14.4091,24536.278,128.828,24665.106,london,the-american,1,,server-1,1014,0,0,,,
cache-off-warm100,110,2,14.4182,24620.684,102.792,24723.476,horse,twenty-thousand-leagues-under-the-sea,1,,server-1,1014,0,0,,,
cache-off-warm100,110,2,14.4273,24613.478,129.187,24742.665,king,white-fang,1,,server-1,1014,0,0,,,
cache-off-warm100,110,2,14.4364,24632.414,166.352,24798.766,house,the-kama-sutra-of-vatsyayana,1,,server-1,1015,0,0,,,
cache-off-warm100,110,2,14.4455,24640.233,152.652,24792.886,whale,little-women,1,,server-1,1016,0,0,,,
cache-off-warm100,110,2,14.4545,24718.397,279.092,24997.489,was,little-women,1,,server-1,1017,0,0,,,
cache-off-warm100,110,2,14.4636,24709.625,176.355,24885.980,night,the-secret-garden,1,,server-1,1018,0,0,,,
cache-off-warm100,110,2,14.4727,24700.185,311.196,25011.380,you,northanger-abbey,1,,server-1,1019,0,0,,,
cache-off-warm100,110,2,14.4818,24757.997,131.511,24889.507,whale,jane-eyre-an-autobiography,1,,server-1,1019,0,0,,,
cache-off-warm100,110,2,14.4909,24748.219,18.672,24766.891,heart,the-adventures-of-tom-sawyer-complete,1,,server-1,1020,0,0,,,
cache-off-warm100,110,2,14.5000,24739.758,216.888,24956.646,heart,the-mysterious-affair-at-styles,1,,server-1,1021,0,0,,,
cache-off-warm100,110,2,14.5091,24731.481,214.453,24945.934,love,the-return-of-sherlock-holmes,1,,server-1,1022,0,0,,,
cache-off-warm100,110,2,14.5182,24722.566,105.967,24828.533,death,black-beauty,1,,server-1,1023,0,0,,,
cache-off-warm100,110,2,14.5273,24716.873,207.368,24924.241,he,the-hound-of-the-baskervilles-3070,1,,server-1,1024,0,0,,,
cache-off-warm100,110,2,14.5364,24720.418,282.211,25002.628,house,myths-and-legends-of-ancient-greece-and-rome,1,,server-1,1024,0,0,,,
cache-off-warm100,110,2,14.5455,24861.075,237.843,25098.918,whale,the-iliad,1,,server-1,1025,0,0,,,
cache-off-warm100,110,2,14.5545,24868.177,133.645,25001.822,horse,the-adventures-of-ferdinand-count-fathom-complete,1,,server-1,1025,0,0,,,
cache-off-warm100,110,2,14.5636,24917.891,113.162,25031.053,she,the-wind-in-the-willows,1,,server-1,1026,0,0,,,
cache-off-warm100,110,2,14.5727,24977.168,86.377,25063.544,she,the-secret-garden-17396,1,,server-1,1027,0,0,,,
cache-off-warm100,110,2,14.5818,24962.048,198.295,25160.343,the,the-innocents-abroad,1,,server-1,1028,0,0,,,
cache-off-warm100,110,2,14.5909,25045.821,32.695,25078.516,heart,the-adventures-of-tom-sawyer-complete,1,,server-1,1029,0,0,,,
cache-off-warm100,110,2,14.6000,25036.415,95.610,25132.025,house,the-king-in-yellow,1,,server-1,1029,0,0,,,
cache-off-warm100,110,2,14.6091,25037.995,87.899,25125.894,castle,emma,1,,server-1,1027,0,0,,,
cache-off-warm100,110,2,14.6182,25114.355,50.167,25164.522,house,memoirs-of-fanny-hill,1,,server-1,1028,0,0,,,
cache-off-warm100,110,2,14.6273,25051.633,177.701,25229.334,london,the-great-gatsby,1,,server-1,1029,0,0,,,
cache-off-warm100,110,2,14.6364,25099.215,136.277,25235.492,horse,a-journey-to-the-centre-of-the-earth,1,,server-1,1030,0,0,,,
cache-off-warm100,110,2,14.6455,25089.715,144.831,25234.546,you,beyond-good-and-evil,1,,server-1,1031,0,0,,,
cache-off-warm100,110,2,14.6545,25086.912,79.142,25166.054,letter,little-women,1,,server-1,1031,0,0,,,
cache-off-warm100,110,2,14.6636,25080.825,109.329,25190.153,he,walden-and-on-the-duty-of-civil-disobedience,1,,server-1,1032,0,0,,,
cache-off-warm100,110,2,14.6727,25157.216,135.743,25292.959,whale,adventures-of-huckleberry-finn,1,,server-1,1033,0,0,,,
cache-off-warm100,110,2,14.6818,25190.978,56.754,25247.732,london,the-first-men-in-the-moon,1,,server-1,1034,0,0,,,
cache-off-warm100,110,2,14.6909,25182.817,60.103,25242.920,love,the-king-in-yellow,1,,server-1,1035,0,0,,,
cache-off-warm100,110,2,14.7000,25179.676,214.509,25394.185,the,great-expectations,1,,server-1,1036,0,0,,,
cache-off-warm100,110,2,14.7091,25174.658,117.041,25291.699,the,life-on-the-mississippi,1,,server-1,1037,0,0,,,
cache-off-warm100,110,2,14.7182,25245.626,389.007,25634.632,of,the-moonstone,1,,server-1,1036,0,0,,,
cache-off-warm100,110,2,14.7273,25208.326,196.437,25404.763,king,the-war-of-the-worlds,1,,server-1,1037,0,0,,,
cache-off-warm100,110,2,14.7364,25193.792,128.625,25322.417,love,the-vicomte-de-bragelonne,1,,server-1,1038,0,0,,,
cache-off-warm100,110,2,14.7455,25188.502,60.358,25248.860,was,agnes-grey,1,,server-1,1039,0,0,,,
cache-off-warm100,110,2,14.7545,25207.822,49.882,25257.704,love,washington-square,1,,server-1,1039,0,0,,,
cache-off-warm100,110,2,14.7636,25231.520,197.618,25429.139,the,pride-and-prejudice,1,,server-1,1038,0,0,,,
cache-off-warm100,110,2,14.7727,25239.774,123.465,25363.238,was,oliver-twist,1,,server-1,1039,0,0,,,
cache-off-warm100,110,2,14.7818,25272.906,192.042,25464.948,whale,tess-of-the-d-urbervilles-a-pure-woman,1,,server-1,1040,0,0,,,
cache-off-warm100,110,2,14.7909,25264.401,193.516,25457.917,and,a-princess-of-mars,1,,server-1,1041,0,0,,,
cache-off-warm100,110,2,14.8000,25288.301,362.831,25651.132,the,a-tale-of-two-cities,1,,server-1,1042,0,0,,,
cache-off-warm100,110,2,14.8091,25284.904,133.721,25418.625,he,far-from-the-madding-crowd,1,,server-1,1043,0,0,,,
cache-off-warm100,110,2,14.8182,25321.397,463.702,25785.099,letter,the-prince,1,,server-1,1044,0,0,,,
cache-off-warm100,110,2,14.8273,25309.640,93.600,25403.240,london,his-last-bow,1,,server-1,1045,0,0,,,
cache-off-warm100,110,2,14.8364,25304.550,294.191,25598.741,heart,the-great-gatsby,1,,server-1,1046,0,0,,,
cache-off-warm100,110,2,14.8455,25292.782,302.550,25595.332,house,jude-the-obscure,1,,server-1,1046,0,0,,,
cache-off-warm100,110,2,14.8545,25286.980,254.720,25541.700,whale,the-return-of-sherlock-holmes,1,,server-1,1047,0,0,,,
cache-off-warm100,110,2,14.8636,25330.074,285.624,25615.698,london,autobiography-of-benjamin-franklin,1,,server-1,1048,0,0,,,
cache-off-warm100,110,2,14.8727,25376.234,368.816,25745.050,house,sense-and-sensibility,1,,server-1,1049,0,0,,,
cache-off-warm100,110,2,14.8818,25381.521,217.641,25599.162,death,madame-bovary,1,,server-1,1049,0,0,,,
cache-off-warm100,110,2,14.8909,25445.999,216.949,25662.947,the,the-mysterious-island,1,,server-1,1050,0,0,,,
cache-off-warm100,110,2,14.9000,25474.780,224.775,25699.555,love,a-tale-of-two-cities,1,,server-1,1050,0,0,,,
cache-off-warm100,110,2,14.9091,25444.341,242.733,25687.074,was,the-return-of-sherlock-holmes-108,1,,server-1,1050,0,0,,,
cache-off-warm100,110,2,14.9182,25608.435,124.357,25732.792,he,the-war-of-the-worlds,1,,server-1,1051,0,0,,,
cache-off-warm100,110,2,14.9273,25622.270,174.263,25796.533,the,kidnapped,1,,server-1,1052,0,0,,,
cache-off-warm100,110,2,14.9364,25663.586,162.651,25826.237,she,the-last-of-the-mohicans-a-narrative-of-1757-27681,1,,server-1,1053,0,0,,,
cache-off-warm100,110,2,14.9455,25669.583,154.029,25823.612,night,the-song-of-the-lark,1,,server-1,1054,0,0,,,
cache-off-warm100,110,2,14.9545,25662.884,200.958,25863.843,castle,the-first-men-in-the-moon,1,,server-1,1055,0,0,,,
cache-off-warm100,110,2,14.9636,25661.954,191.297,25853.250,you,thus-spake-zarathustra-a-book-for-all-and-none,1,,server-1,1056,0,0,,,
cache-off-warm100,110,2,14.9727,25677.464,202.830,25880.294,horse,cranford,1,,server-1,1057,0,0,,,
cache-off-warm100,110,2,14.9818,25672.489,149.947,25822.436,and,adventures-of-huckleberry-finn,1,,server-1,1057,0,0,,,
cache-off-warm100,110,2,14.9909,25768.479,95.132,25863.611,king,memoirs-of-fanny-hill,1,,server-1,1055,0,0,,,
