label,rate,run,t_s,conn_ms,rpc_ms,total_ms,keyword,reference,ok,error_type,selected_server,server_1_connections,server_2_connections,server_3_connections,server_1_response_ewma_ms,server_2_response_ewma_ms,server_3_response_ewma_ms
cache-off-warm100,90,3,0.0000,1.328,21.637,22.965,he,the-secret-garden,1,,server-1,1,0,0,,,
cache-off-warm100,90,3,0.0111,12.548,51.573,64.121,you,grimms-fairy-tales,1,,server-1,2,0,0,,,
cache-off-warm100,90,3,0.0222,1.867,27.618,29.485,of,cranford,1,,server-1,3,0,0,,,
cache-off-warm100,90,3,0.0333,18.700,50.597,69.297,money,the-return-of-sherlock-holmes,1,,server-1,3,0,0,,,
cache-off-warm100,90,3,0.0444,56.135,58.756,114.891,night,cranford,1,,server-1,4,0,0,,,
cache-off-warm100,90,3,0.0556,20.040,60.075,80.115,heart,the-scarlet-letter,1,,server-1,4,0,0,,,
cache-off-warm100,90,3,0.0667,38.419,77.472,115.890,was,far-from-the-madding-crowd,1,,server-1,5,0,0,,,
cache-off-warm100,90,3,0.0778,25.491,57.862,83.354,and,the-secret-garden-17396,1,,server-1,6,0,0,,,
cache-off-warm100,90,3,0.0889,43.993,116.691,160.684,and,myths-and-legends-of-ancient-greece-and-rome,1,,server-1,7,0,0,,,
cache-off-warm100,90,3,0.1000,4.736,107.279,112.015,the,persuasion,1,,server-1,8,0,0,,,
cache-off-warm100,90,3,0.1111,22.876,64.268,87.143,night,hard-times,1,,server-1,7,0,0,,,
cache-off-warm100,90,3,0.1222,76.280,178.059,254.340,death,jane-eyre-an-autobiography,1,,server-1,8,0,0,,,
cache-off-warm100,90,3,0.1333,47.021,64.618,111.639,castle,the-romance-of-lust-a-classic-victorian-erotic-novel,1,,server-1,9,0,0,,,
cache-off-warm100,90,3,0.1444,67.252,82.139,149.391,she,thus-spake-zarathustra-a-book-for-all-and-none,1,,server-1,10,0,0,,,
cache-off-warm100,90,3,0.1556,57.537,84.495,142.032,london,oliver-twist,1,,server-1,11,0,0,,,
cache-off-warm100,90,3,0.1667,83.467,171.713,255.180,letter,the-lost-world,1,,server-1,12,0,0,,,
cache-off-warm100,90,3,0.1778,72.015,176.780,248.794,and,great-expectations,1,,server-1,13,0,0,,,
cache-off-warm100,90,3,0.1889,110.480,198.079,308.558,he,the-hound-of-the-baskervilles,1,,server-1,12,0,0,,,
cache-off-warm100,90,3,0.2000,72.008,223.082,295.089,love,the-last-of-the-mohicans-a-narrative-of-1757,1,,server-1,11,0,0,,,
cache-off-warm100,90,3,0.2111,86.612,201.563,288.175,love,wuthering-heights,1,,server-1,12,0,0,,,
cache-off-warm100,90,3,0.2222,91.462,271.972,363.434,house,north-and-south,1,,server-1,11,0,0,,,
cache-off-warm100,90,3,0.2333,69.092,92.768,161.860,she,the-last-of-the-mohicans-a-narrative-of-1757-27681,1,,server-1,12,0,0,,,
cache-off-warm100,90,3,0.2444,175.425,169.994,345.420,letter,walden-and-on-the-duty-of-civil-disobedience,1,,server-1,13,0,0,,,
cache-off-warm100,90,3,0.2556,166.530,94.283,260.813,was,the-great-gatsby,1,,server-1,12,0,0,,,
cache-off-warm100,90,3,0.2667,229.042,156.300,385.342,london,treasure-island,1,,server-1,13,0,0,,,
cache-off-warm100,90,3,0.2778,199.106,194.591,393.697,of,far-from-the-madding-crowd,1,,server-1,14,0,0,,,
cache-off-warm100,90,3,0.2889,210.508,148.970,359.478,she,myths-and-legends-of-ancient-greece-and-rome,1,,server-1,15,0,0,,,
cache-off-warm100,90,3,0.3000,231.085,144.230,375.316,he,oliver-twist,1,,server-1,14,0,0,,,
cache-off-warm100,90,3,0.3111,222.165,118.388,340.553,whale,madame-bovary,1,,server-1,15,0,0,,,
cache-off-warm100,90,3,0.3222,264.937,183.561,448.498,castle,wuthering-heights,1,,server-1,16,0,0,,,
cache-off-warm100,90,3,0.3333,277.630,230.449,508.079,the,the-first-men-in-the-moon,1,,server-1,17,0,0,,,
cache-off-warm100,90,3,0.3444,306.405,136.329,442.734,london,washington-square,1,,server-1,18,0,0,,,
cache-off-warm100,90,3,0.3556,319.395,114.656,434.051,sea,desert-gold,1,,server-1,19,0,0,,,
cache-off-warm100,90,3,0.3667,346.381,203.883,550.264,london,the-first-men-in-the-moon,1,,server-1,20,0,0,,,
cache-off-warm100,90,3,0.3778,302.724,217.972,520.696,she,mary-barton,1,,server-1,21,0,0,,,
cache-off-warm100,90,3,0.3889,323.754,273.021,596.774,london,oliver-twist,1,,server-1,22,0,0,,,
cache-off-warm100,90,3,0.4000,384.070,176.524,560.594,she,the-house-of-mirth,1,,server-1,22,0,0,,,
cache-off-warm100,90,3,0.4111,371.968,111.720,483.688,was,walden-and-on-the-duty-of-civil-disobedience,1,,server-1,23,0,0,,,
cache-off-warm100,90,3,0.4222,372.173,255.034,627.206,was,north-and-south,1,,server-1,24,0,0,,,
cache-off-warm100,90,3,0.4333,361.602,193.825,555.427,you,meditations,1,,server-1,24,0,0,,,
cache-off-warm100,90,3,0.4444,538.127,106.981,645.109,she,treasure-island,1,,server-1,25,0,0,,,
cache-off-warm100,90,3,0.4556,594.086,17.129,611.215,king,the-secret-garden-17396,1,,server-1,26,0,0,,,
cache-off-warm100,90,3,0.4667,584.435,68.866,653.301,horse,the-prince,1,,server-1,27,0,0,,,
cache-off-warm100,90,3,0.4778,572.781,37.919,610.699,money,white-fang,1,,server-1,27,0,0,,,
cache-off-warm100,90,3,0.4889,562.590,92.970,655.560,whale,the-lost-world,1,,server-1,28,0,0,,,
cache-off-warm100,90,3,0.5000,553.602,71.098,624.699,horse,the-american,1,,server-1,28,0,0,,,
cache-off-warm100,90,3,0.5111,613.316,53.267,666.583,horse,north-and-south,1,,server-1,27,0,0,,,
cache-off-warm100,90,3,0.5222,619.189,44.364,663.553,castle,a-princess-of-mars,1,,server-1,28,0,0,,,
cache-off-warm100,90,3,0.5333,652.367,31.516,683.883,house,the-jungle-book,1,,server-1,27,0,0,,,
cache-off-warm100,90,3,0.5444,641.735,30.630,672.364,and,the-return-of-sherlock-holmes,1,,server-1,28,0,0,,,
cache-off-warm100,90,3,0.5556,630.912,56.730,687.643,horse,little-women,1,,server-1,29,0,0,,,
cache-off-warm100,90,3,0.5667,622.330,121.882,744.212,king,persuasion,1,,server-1,30,0,0,,,
cache-off-warm100,90,3,0.5778,668.486,119.247,787.733,you,the-works-of-edgar-allan-poe-volume-2,1,,server-1,31,0,0,,,
cache-off-warm100,90,3,0.5889,620.367,57.586,677.953,sea,the-portrait-of-a-lady-volume-1,1,,server-1,31,0,0,,,
cache-off-warm100,90,3,0.6000,618.167,117.107,735.274,house,twenty-thousand-leagues-under-the-sea,1,,server-1,32,0,0,,,
cache-off-warm100,90,3,0.6111,652.661,69.911,722.571,love,myths-and-legends-of-ancient-greece-and-rome,1,,server-1,33,0,0,,,
cache-off-warm100,90,3,0.6222,645.746,131.195,776.940,she,beyond-good-and-evil,1,,server-1,34,0,0,,,
cache-off-warm100,90,3,0.6333,636.073,113.254,749.327,was,the-king-in-yellow,1,,server-1,35,0,0,,,
cache-off-warm100,90,3,0.6444,685.145,139.326,824.471,she,anne-of-green-gables,1,,server-1,36,0,0,,,
cache-off-warm100,90,3,0.6556,676.745,134.757,811.502,heart,the-moonstone,1,,server-1,35,0,0,,,
cache-off-warm100,90,3,0.6667,665.631,167.039,832.670,she,the-odyssey,1,,server-1,36,0,0,,,
cache-off-warm100,90,3,0.6778,658.167,160.837,819.004,and,the-secret-adversary,1,,server-1,33,0,0,,,
cache-off-warm100,90,3,0.6889,710.594,108.803,819.397,whale,meditations,1,,server-1,34,0,0,,,
cache-off-warm100,90,3,0.7000,800.200,182.358,982.559,whale,dracula,1,,server-1,35,0,0,,,
cache-off-warm100,90,3,0.7111,789.506,124.325,913.831,london,the-portrait-of-a-lady-volume-1,1,,server-1,36,0,0,,,
cache-off-warm100,90,3,0.7222,786.384,102.367,888.752,horse,the-mystery-of-edwin-drood,1,,server-1,37,0,0,,,
cache-off-warm100,90,3,0.7333,779.537,170.729,950.266,whale,life-on-the-mississippi,1,,server-1,38,0,0,,,
cache-off-warm100,90,3,0.7444,767.717,171.939,939.656,death,grimms-fairy-tales,1,,server-1,39,0,0,,,
cache-off-warm100,90,3,0.7556,760.025,168.332,928.357,horse,grimms-fairy-tales,1,,server-1,40,0,0,,,
cache-off-warm100,90,3,0.7667,814.584,128.221,942.805,you,dracula,1,,server-1,41,0,0,,,
cache-off-warm100,90,3,0.7778,847.346,161.538,1008.884,the,dracula,1,,server-1,42,0,0,,,
cache-off-warm100,90,3,0.7889,802.248,169.928,972.176,castle,the-jungle,1,,server-1,42,0,0,,,
cache-off-warm100,90,3,0.8000,827.410,143.516,970.927,she,washington-square,1,,server-1,42,0,0,,,
cache-off-warm100,90,3,0.8111,815.995,229.372,1045.368,death,the-mystery-of-edwin-drood,1,,server-1,43,0,0,,,
cache-off-warm100,90,3,0.8222,859.854,181.078,1040.932,money,sense-and-sensibility,1,,server-1,43,0,0,,,
cache-off-warm100,90,3,0.8333,849.224,177.983,1027.206,castle,anne-of-green-gables,1,,server-1,44,0,0,,,
cache-off-warm100,90,3,0.8444,864.343,312.991,1177.334,you,northanger-abbey,1,,server-1,45,0,0,,,
cache-off-warm100,90,3,0.8556,856.822,188.766,1045.588,horse,myths-and-legends-of-ancient-greece-and-rome,1,,server-1,46,0,0,,,
cache-off-warm100,90,3,0.8667,890.483,199.616,1090.100,letter,the-lost-world,1,,server-1,47,0,0,,,
cache-off-warm100,90,3,0.8778,903.822,252.731,1156.553,love,poirot-investigates,1,,server-1,48,0,0,,,
cache-off-warm100,90,3,0.8889,962.752,109.296,1072.048,was,wuthering-heights,1,,server-1,48,0,0,,,
cache-off-warm100,90,3,0.9000,953.763,143.343,1097.106,night,the-adventures-of-sherlock-holmes,1,,server-1,48,0,0,,,
cache-off-warm100,90,3,0.9111,953.066,136.799,1089.866,night,the-lost-world,1,,server-1,49,0,0,,,
cache-off-warm100,90,3,0.9222,1100.822,150.371,1251.193,king,jude-the-obscure,1,,server-1,49,0,0,,,
cache-off-warm100,90,3,0.9333,1089.227,48.047,1137.274,she,the-wind-in-the-willows,1,,server-1,50,0,0,,,
cache-off-warm100,90,3,0.9444,1076.487,129.564,1206.051,night,the-secret-adversary,1,,server-1,51,0,0,,,
cache-off-warm100,90,3,0.9556,1079.062,66.300,1145.362,heart,his-last-bow,1,,server-1,52,0,0,,,
cache-off-warm100,90,3,0.9667,1073.115,133.245,1206.361,was,little-women,1,,server-1,53,0,0,,,
cache-off-warm100,90,3,0.9778,1099.087,211.634,1310.721,he,the-return-of-sherlock-holmes,1,,server-1,54,0,0,,,
cache-off-warm100,90,3,0.9889,1085.582,106.841,1192.422,you,his-last-bow,1,,server-1,53,0,0,,,
cache-off-warm100,90,3,1.0000,1150.507,56.079,1206.586,she,madame-bovary,1,,server-1,54,0,0,,,
cache-off-warm100,90,3,1.0111,1158.756,50.765,1209.522,london,the-king-in-yellow,1,,server-1,55,0,0,,,
cache-off-warm100,90,3,1.0222,1160.671,108.252,1268.922,london,mary-barton,1,,server-1,56,0,0,,,
cache-off-warm100,90,3,1.0333,1252.805,19.144,1271.949,the,the-war-of-the-worlds,1,,server-1,57,0,0,,,
cache-off-warm100,90,3,1.0444,1247.314,47.623,1294.937,and,the-last-of-the-mohicans-a-narrative-of-1757-27681,1,,server-1,58,0,0,,,
cache-off-warm100,90,3,1.0556,1237.959,120.153,1358.112,the,twenty-thousand-leagues-under-the-sea,1,,server-1,56,0,0,,,
cache-off-warm100,90,3,1.0667,1226.806,83.366,1310.173,heart,the-adventures-of-sherlock-holmes,1,,server-1,57,0,0,,,
cache-off-warm100,90,3,1.0778,1259.085,117.477,1376.562,king,the-secret-adversary,1,,server-1,58,0,0,,,
cache-off-warm100,90,3,1.0889,1251.818,53.290,1305.108,she,the-picture-of-dorian-gray,1,,server-1,59,0,0,,,
cache-off-warm100,90,3,1.1000,1240.497,117.799,1358.296,love,the-jungle-book,1,,server-1,59,0,0,,,
cache-off-warm100,90,3,1.1111,1230.884,339.128,1570.012,love,twenty-thousand-leagues-under-the-sea,1,,server-1,60,0,0,,,
cache-off-warm100,90,3,1.1222,1271.848,258.440,1530.288,sea,kidnapped,1,,server-1,59,0,0,,,
cache-off-warm100,90,3,1.1333,1329.734,222.138,1551.872,heart,the-last-of-the-mohicans-a-narrative-of-1757,1,,server-1,59,0,0,,,
cache-off-warm100,90,3,1.1444,1316.813,224.049,1540.862,money,memoirs-of-fanny-hill,1,,server-1,60,0,0,,,
cache-off-warm100,90,3,1.1556,1306.581,113.713,1420.294,house,a-princess-of-mars,1,,server-1,59,0,0,,,
cache-off-warm100,90,3,1.1667,1296.855,107.000,1403.855,of,washington-square,1,,server-1,60,0,0,,,
cache-off-warm100,90,3,1.1778,1505.347,57.512,1562.859,sea,the-romance-of-lust-a-classic-victorian-erotic-novel,1,,server-1,61,0,0,,,
cache-off-warm100,90,3,1.1889,1457.302,102.360,1559.662,he,a-connecticut-yankee-in-king-arthur-s-court,1,,server-1,60,0,0,,,
cache-off-warm100,90,3,1.2000,1485.567,158.933,1644.500,and,myths-and-legends-of-ancient-greece-and-rome,1,,server-1,61,0,0,,,
cache-off-warm100,90,3,1.2111,1476.338,246.249,1722.586,night,tess-of-the-d-urbervilles-a-pure-woman,1,,server-1,62,0,0,,,
cache-off-warm100,90,3,1.2222,1518.671,113.768,1632.439,castle,the-mysterious-affair-at-styles,1,,server-1,63,0,0,,,
cache-off-warm100,90,3,1.2333,1454.637,123.541,1578.178,he,dubliners,1,,server-1,64,0,0,,,
cache-off-warm100,90,3,1.2444,1476.459,125.523,1601.982,sea,a-connecticut-yankee-in-king-arthur-s-court,1,,server-1,65,0,0,,,
cache-off-warm100,90,3,1.2556,1487.588,269.450,1757.037,king,villette,1,,server-1,64,0,0,,,
cache-off-warm100,90,3,1.2667,1475.899,142.522,1618.421,heart,a-tale-of-two-cities,1,,server-1,65,0,0,,,
cache-off-warm100,90,3,1.2778,1473.113,210.581,1683.695,she,the-last-of-the-mohicans-a-narrative-of-1757,1,,server-1,64,0,0,,,
cache-off-warm100,90,3,1.2889,1461.198,58.126,1519.324,was,the-prince,1,,server-1,65,0,0,,,
cache-off-warm100,90,3,1.3000,1553.490,75.472,1628.962,house,leaves-of-grass,1,,server-1,66,0,0,,,
cache-off-warm100,90,3,1.3111,1575.837,102.379,1678.215,night,thus-spake-zarathustra-a-book-for-all-and-none,1,,server-1,67,0,0,,,
cache-off-warm100,90,3,1.3222,1606.828,295.645,1902.473,letter,life-on-the-mississippi,1,,server-1,68,0,0,,,
cache-off-warm100,90,3,1.3333,1595.987,93.327,1689.314,king,agnes-grey,1,,server-1,68,0,0,,,
cache-off-warm100,90,3,1.3444,1679.572,63.753,1743.325,you,the-house-of-mirth,1,,server-1,68,0,0,,,
cache-off-warm100,90,3,1.3556,1653.756,75.466,1729.222,king,wuthering-heights,1,,server-1,69,0,0,,,
cache-off-warm100,90,3,1.3667,1657.839,221.844,1879.683,death,sense-and-sensibility,1,,server-1,68,0,0,,,
cache-off-warm100,90,3,1.3778,1645.040,29.108,1674.148,he,anne-of-green-gables,1,,server-1,69,0,0,,,
cache-off-warm100,90,3,1.3889,1637.862,200.147,1838.008,castle,the-first-men-in-the-moon,1,,server-1,70,0,0,,,
cache-off-warm100,90,3,1.4000,1627.950,270.101,1898.050,you,the-jungle-book,1,,server-1,70,0,0,,,
cache-off-warm100,90,3,1.4111,1618.572,162.492,1781.064,of,anne-of-green-gables,1,,server-1,70,0,0,,,
cache-off-warm100,90,3,1.4222,1604.361,96.178,1700.540,horse,frankenstein-or-the-modern-prometheus-41445,1,,server-1,71,0,0,,,
cache-off-warm100,90,3,1.4333,1652.469,288.906,1941.375,and,jude-the-obscure,1,,server-1,72,0,0,,,
cache-off-warm100,90,3,1.4444,1587.487,195.225,1782.711,money,the-american,1,,server-1,73,0,0,,,
cache-off-warm100,90,3,1.4556,1632.761,186.046,1818.807,he,the-memoirs-of-sherlock-holmes,1,,server-1,74,0,0,,,
cache-off-warm100,90,3,1.4667,1621.548,327.221,1948.768,she,the-memoirs-of-sherlock-holmes,1,,server-1,75,0,0,,,
cache-off-warm100,90,3,1.4778,1769.493,81.947,1851.440,letter,the-lost-world,1,,server-1,76,0,0,,,
cache-off-warm100,90,3,1.4889,1841.709,103.324,1945.033,death,thus-spake-zarathustra-a-book-for-all-and-none,1,,server-1,77,0,0,,,
cache-off-warm100,90,3,1.5000,1803.343,134.463,1937.806,king,the-innocents-abroad,1,,server-1,74,0,0,,,
cache-off-warm100,90,3,1.5111,1878.027,102.723,1980.750,horse,the-last-of-the-mohicans-a-narrative-of-1757,1,,server-1,75,0,0,,,
cache-off-warm100,90,3,1.5222,1916.514,132.565,2049.079,he,the-tenant-of-wildfell-hall,1,,server-1,75,0,0,,,
cache-off-warm100,90,3,1.5333,1904.746,56.899,1961.645,of,the-american,1,,server-1,76,0,0,,,
cache-off-warm100,90,3,1.5444,1893.811,73.658,1967.469,you,the-return-of-sherlock-holmes-108,1,,server-1,77,0,0,,,
cache-off-warm100,90,3,1.5556,1888.625,131.742,2020.367,whale,dracula,1,,server-1,78,0,0,,,
cache-off-warm100,90,3,1.5667,1928.404,78.319,2006.723,was,the-kama-sutra-of-vatsyayana,1,,server-1,79,0,0,,,
cache-off-warm100,90,3,1.5778,1936.714,102.445,2039.159,she,villette,1,,server-1,80,0,0,,,
cache-off-warm100,90,3,1.5889,1954.609,110.517,2065.126,heart,persuasion,1,,server-1,81,0,0,,,
cache-off-warm100,90,3,1.6000,1976.130,138.730,2114.860,the,the-first-men-in-the-moon,1,,server-1,82,0,0,,,
cache-off-warm100,90,3,1.6111,1967.314,132.211,2099.525,the,the-vicomte-de-bragelonne,1,,server-1,83,0,0,,,
cache-off-warm100,90,3,1.6222,1966.601,67.520,2034.121,house,madame-bovary,1,,server-1,84,0,0,,,
cache-off-warm100,90,3,1.6333,1955.914,117.635,2073.549,money,leaves-of-grass,1,,server-1,83,0,0,,,
cache-off-warm100,90,3,1.6444,1973.646,134.084,2107.730,and,the-moonstone,1,,server-1,84,0,0,,,
cache-off-warm100,90,3,1.6556,2036.834,69.370,2106.204,castle,meditations,1,,server-1,85,0,0,,,
cache-off-warm100,90,3,1.6667,1989.820,124.987,2114.807,whale,the-portrait-of-a-lady-volume-1,1,,server-1,86,0,0,,,
cache-off-warm100,90,3,1.6778,2037.435,91.982,2129.416,whale,the-hound-of-the-baskervilles-3070,1,,server-1,87,0,0,,,
cache-off-warm100,90,3,1.6889,2093.325,173.003,2266.328,she,the-song-of-the-lark,1,,server-1,88,0,0,,,
cache-off-warm100,90,3,1.7000,2063.485,33.045,2096.530,letter,agnes-grey,1,,server-1,88,0,0,,,
cache-off-warm100,90,3,1.7111,2070.141,57.966,2128.108,sea,the-secret-adversary,1,,server-1,89,0,0,,,
cache-off-warm100,90,3,1.7222,2072.518,167.078,2239.596,whale,the-last-of-the-mohicans-a-narrative-of-1757,1,,server-1,89,0,0,,,
cache-off-warm100,90,3,1.7333,2063.528,222.303,2285.832,you,the-moonstone,1,,server-1,90,0,0,,,
cache-off-warm100,90,3,1.7444,2060.966,153.977,2214.943,the,north-and-south,1,,server-1,90,0,0,,,
cache-off-warm100,90,3,1.7556,2052.937,206.863,2259.800,you,the-jungle,1,,server-1,90,0,0,,,
cache-off-warm100,90,3,1.7667,2075.518,337.902,2413.420,she,the-works-of-edgar-allan-poe-volume-2,1,,server-1,90,0,0,,,
cache-off-warm100,90,3,1.7778,2057.604,189.143,2246.748,you,the-iliad,1,,server-1,91,0,0,,,
cache-off-warm100,90,3,1.7889,2074.250,280.765,2355.015,whale,the-return-of-sherlock-holmes-108,1,,server-1,91,0,0,,,
cache-off-warm100,90,3,1.8000,2184.851,67.881,2252.732,was,desperate-remedies,1,,server-1,92,0,0,,,
cache-off-warm100,90,3,1.8111,2173.944,123.041,2296.985,letter,the-vicomte-de-bragelonne,1,,server-1,93,0,0,,,
cache-off-warm100,90,3,1.8222,2203.455,41.045,2244.500,sea,memoirs-of-fanny-hill,1,,server-1,94,0,0,,,
cache-off-warm100,90,3,1.8333,2216.886,91.511,2308.397,night,persuasion,1,,server-1,95,0,0,,,
cache-off-warm100,90,3,1.8444,2209.884,199.208,2409.092,horse,the-king-in-yellow,1,,server-1,96,0,0,,,
cache-off-warm100,90,3,1.8556,2198.839,127.532,2326.372,whale,madame-bovary,1,,server-1,96,0,0,,,
cache-off-warm100,90,3,1.8667,2207.540,133.816,2341.356,horse,the-scarlet-letter,1,,server-1,95,0,0,,,
cache-off-warm100,90,3,1.8778,2266.311,90.653,2356.964,king,the-mysterious-affair-at-styles,1,,server-1,96,0,0,,,
cache-off-warm100,90,3,1.8889,2294.044,55.087,2349.130,sea,thus-spake-zarathustra-a-book-for-all-and-none,1,,server-1,97,0,0,,,
cache-off-warm100,90,3,1.9000,2282.260,140.916,2423.176,london,the-portrait-of-a-lady-volume-1,1,,server-1,98,0,0,,,
cache-off-warm100,90,3,1.9111,2314.396,181.452,2495.848,and,the-iliad-2199,1,,server-1,98,0,0,,,
cache-off-warm100,90,3,1.9222,2310.836,68.759,2379.594,you,a-connecticut-yankee-in-king-arthur-s-court,1,,server-1,97,0,0,,,
cache-off-warm100,90,3,1.9333,2321.679,192.570,2514.249,king,the-last-of-the-mohicans-a-narrative-of-1757,1,,server-1,98,0,0,,,
cache-off-warm100,90,3,1.9444,2307.904,98.199,2406.103,was,thus-spake-zarathustra-a-book-for-all-and-none,1,,server-1,99,0,0,,,
cache-off-warm100,90,3,1.9556,2300.057,145.098,2445.155,castle,madame-bovary,1,,server-1,100,0,0,,,
cache-off-warm100,90,3,1.9667,2381.865,77.436,2459.300,heart,beyond-good-and-evil,1,,server-1,101,0,0,,,
cache-off-warm100,90,3,1.9778,2374.926,112.263,2487.189,she,white-fang,1,,server-1,102,0,0,,,
cache-off-warm100,90,3,1.9889,2478.045,139.633,2617.678,of,the-romance-of-lust-a-classic-victorian-erotic-novel,1,,server-1,103,0,0,,,
cache-off-warm100,90,3,2.0000,2467.798,54.747,2522.545,she,desert-gold,1,,server-1,102,0,0,,,
cache-off-warm100,90,3,2.0111,2459.306,129.907,2589.213,house,the-scarlet-letter-33,1,,server-1,103,0,0,,,
cache-off-warm100,90,3,2.0222,2447.837,218.998,2666.835,king,jude-the-obscure,1,,server-1,103,0,0,,,
cache-off-warm100,90,3,2.0333,2438.859,94.738,2533.597,whale,the-moonstone,1,,server-1,103,0,0,,,
cache-off-warm100,90,3,2.0444,2430.374,194.548,2624.921,was,jane-eyre-an-autobiography,1,,server-1,102,0,0,,,
cache-off-warm100,90,3,2.0556,2613.936,70.033,2683.969,you,the-return-of-sherlock-holmes-108,1,,server-1,103,0,0,,,
cache-off-warm100,90,3,2.0667,2624.142,49.795,2673.937,death,the-odyssey,1,,server-1,104,0,0,,,
cache-off-warm100,90,3,2.0778,2614.403,97.825,2712.229,the,frankenstein-or-the-modern-prometheus-41445,1,,server-1,104,0,0,,,
cache-off-warm100,90,3,2.0889,2603.974,67.312,2671.285,house,silas-marner,1,,server-1,105,0,0,,,
cache-off-warm100,90,3,2.1000,2611.341,80.789,2692.130,the,the-works-of-edgar-allan-poe-volume-2,1,,server-1,106,0,0,,,
cache-off-warm100,90,3,2.1111,2599.884,189.798,2789.682,heart,madame-bovary,1,,server-1,107,0,0,,,
cache-off-warm100,90,3,2.1222,2636.668,56.885,2693.553,was,the-adventures-of-sherlock-holmes,1,,server-1,108,0,0,,,
cache-off-warm100,90,3,2.1333,2659.737,111.681,2771.419,house,the-adventures-of-sherlock-holmes,1,,server-1,108,0,0,,,
cache-off-warm100,90,3,2.1444,2642.960,113.456,2756.416,london,agnes-grey,1,,server-1,109,0,0,,,
cache-off-warm100,90,3,2.1556,2605.839,146.985,2752.824,london,the-adventures-of-sherlock-holmes,1,,server-1,110,0,0,,,
cache-off-warm100,90,3,2.1667,2626.303,164.950,2791.253,house,pride-and-prejudice,1,,server-1,111,0,0,,,
cache-off-warm100,90,3,2.1778,2615.648,157.044,2772.692,she,twenty-thousand-leagues-under-the-sea,1,,server-1,112,0,0,,,
cache-off-warm100,90,3,2.1889,2709.173,102.046,2811.220,death,the-mysterious-affair-at-styles,1,,server-1,109,0,0,,,
cache-off-warm100,90,3,2.2000,2730.228,180.700,2910.929,and,white-fang,1,,server-1,110,0,0,,,
cache-off-warm100,90,3,2.2111,2739.617,107.912,2847.529,night,wuthering-heights,1,,server-1,111,0,0,,,
cache-off-warm100,90,3,2.2222,2733.338,99.689,2833.027,he,his-last-bow,1,,server-1,110,0,0,,,
cache-off-warm100,90,3,2.2333,2722.393,72.728,2795.121,night,the-memoirs-of-sherlock-holmes,1,,server-1,111,0,0,,,
cache-off-warm100,90,3,2.2444,2722.865,213.580,2936.445,castle,the-return-of-sherlock-holmes,1,,server-1,112,0,0,,,
cache-off-warm100,90,3,2.2556,2708.267,130.938,2839.205,he,jane-eyre-an-autobiography,1,,server-1,113,0,0,,,
cache-off-warm100,90,3,2.2667,2762.905,108.634,2871.539,of,mansfield-park,1,,server-1,114,0,0,,,
cache-off-warm100,90,3,2.2778,2767.068,110.940,2878.008,and,grimms-fairy-tales,1,,server-1,115,0,0,,,
cache-off-warm100,90,3,2.2889,2805.829,102.455,2908.283,and,kidnapped,1,,server-1,116,0,0,,,
cache-off-warm100,90,3,2.3000,2881.403,112.975,2994.378,and,desperate-remedies,1,,server-1,115,0,0,,,
cache-off-warm100,90,3,2.3111,2867.748,37.315,2905.063,letter,beyond-good-and-evil,1,,server-1,115,0,0,,,
cache-off-warm100,90,3,2.3222,2856.773,188.153,3044.926,was,tess-of-the-d-urbervilles-a-pure-woman,1,,server-1,116,0,0,,,
cache-off-warm100,90,3,2.3333,2847.507,73.446,2920.953,king,frankenstein-or-the-modern-prometheus-41445,1,,server-1,117,0,0,,,
cache-off-warm100,90,3,2.3444,2870.143,129.261,2999.403,sea,the-tenant-of-wildfell-hall,1,,server-1,117,0,0,,,
cache-off-warm100,90,3,2.3556,2870.248,172.105,3042.353,whale,the-vicomte-de-bragelonne,1,,server-1,118,0,0,,,
cache-off-warm100,90,3,2.3667,2885.726,85.981,2971.707,was,anne-of-green-gables,1,,server-1,119,0,0,,,
cache-off-warm100,90,3,2.3778,2875.009,203.690,3078.699,king,pride-and-prejudice,1,,server-1,120,0,0,,,
cache-off-warm100,90,3,2.3889,2905.798,189.072,3094.870,the,the-secret-garden,1,,server-1,121,0,0,,,
cache-off-warm100,90,3,2.4000,2869.157,227.303,3096.460,death,frankenstein-or-the-modern-prometheus,1,,server-1,122,0,0,,,
cache-off-warm100,90,3,2.4111,2884.590,189.954,3074.545,love,adventures-of-huckleberry-finn,1,,server-1,123,0,0,,,
cache-off-warm100,90,3,2.4222,2922.146,84.315,3006.461,death,treasure-island,1,,server-1,124,0,0,,,
cache-off-warm100,90,3,2.4333,2960.383,122.490,3082.874,she,black-beauty,1,,server-1,123,0,0,,,
cache-off-warm100,90,3,2.4444,3050.598,79.418,3130.016,you,the-iliad,1,,server-1,124,0,0,,,
cache-off-warm100,90,3,2.4556,3030.068,121.725,3151.793,the,the-mystery-of-edwin-drood,1,,server-1,124,0,0,,,
cache-off-warm100,90,3,2.4667,3031.187,105.362,3136.549,of,the-american,1,,server-1,124,0,0,,,
cache-off-warm100,90,3,2.4778,3039.110,101.330,3140.440,horse,beyond-good-and-evil,1,,server-1,124,0,0,,,
cache-off-warm100,90,3,2.4889,3036.881,114.233,3151.114,love,the-secret-garden,1,,server-1,125,0,0,,,
cache-off-warm100,90,3,2.5000,3042.576,131.884,3174.460,she,wuthering-heights,1,,server-1,126,0,0,,,
cache-off-warm100,90,3,2.5111,3108.125,91.363,3199.488,letter,the-secret-garden-17396,1,,server-1,127,0,0,,,
cache-off-warm100,90,3,2.5222,3096.269,70.254,3166.523,night,northanger-abbey,1,,server-1,128,0,0,,,
cache-off-warm100,90,3,2.5333,3084.980,69.225,3154.205,sea,meditations,1,,server-1,129,0,0,,,
cache-off-warm100,90,3,2.5444,3093.785,160.548,3254.333,he,black-beauty,1,,server-1,130,0,0,,,
cache-off-warm100,90,3,2.5556,3136.485,175.298,3311.783,heart,the-return-of-sherlock-holmes-108,1,,server-1,131,0,0,,,
cache-off-warm100,90,3,2.5667,3123.209,71.288,3194.496,he,desperate-remedies,1,,server-1,132,0,0,,,
cache-off-warm100,90,3,2.5778,3113.313,179.353,3292.665,he,villette,1,,server-1,133,0,0,,,
cache-off-warm100,90,3,2.5889,3102.875,67.860,3170.735,night,white-fang,1,,server-1,134,0,0,,,
cache-off-warm100,90,3,2.6000,3110.640,119.242,3229.882,night,persuasion,1,,server-1,135,0,0,,,
cache-off-warm100,90,3,2.6111,3150.576,159.925,3310.501,love,around-the-world-in-eighty-days,1,,server-1,136,0,0,,,
cache-off-warm100,90,3,2.6222,3175.703,94.513,3270.215,the,the-portrait-of-a-lady-volume-1,1,,server-1,137,0,0,,,
cache-off-warm100,90,3,2.6333,3197.312,87.016,3284.328,he,the-adventures-of-tom-sawyer-complete,1,,server-1,137,0,0,,,
cache-off-warm100,90,3,2.6444,3220.862,103.911,3324.774,night,the-jungle-book,1,,server-1,138,0,0,,,
cache-off-warm100,90,3,2.6556,3217.383,87.499,3304.882,heart,autobiography-of-benjamin-franklin,1,,server-1,138,0,0,,,
cache-off-warm100,90,3,2.6667,3286.866,144.809,3431.675,she,beyond-good-and-evil,1,,server-1,139,0,0,,,
cache-off-warm100,90,3,2.6778,3264.800,245.726,3510.526,sea,jane-eyre-an-autobiography,1,,server-1,140,0,0,,,
cache-off-warm100,90,3,2.6889,3229.275,77.914,3307.189,castle,grimms-fairy-tales,1,,server-1,137,0,0,,,
cache-off-warm100,90,3,2.7000,3257.143,92.984,3350.126,night,the-prince,1,,server-1,138,0,0,,,
cache-off-warm100,90,3,2.7111,3247.001,53.437,3300.437,horse,a-journey-to-the-centre-of-the-earth,1,,server-1,139,0,0,,,
cache-off-warm100,90,3,2.7222,3237.376,176.978,3414.354,he,poirot-investigates,1,,server-1,140,0,0,,,
cache-off-warm100,90,3,2.7333,3226.553,95.889,3322.442,love,grimms-fairy-tales,1,,server-1,141,0,0,,,
cache-off-warm100,90,3,2.7444,3315.266,90.040,3405.306,was,the-secret-garden-17396,1,,server-1,142,0,0,,,
cache-off-warm100,90,3,2.7556,3309.686,126.893,3436.578,the,the-king-in-yellow,1,,server-1,141,0,0,,,
cache-off-warm100,90,3,2.7667,3329.242,113.995,3443.237,the,the-portrait-of-a-lady-volume-1,1,,server-1,142,0,0,,,
cache-off-warm100,90,3,2.7778,3410.841,54.276,3465.117,she,great-expectations,1,,server-1,143,0,0,,,
cache-off-warm100,90,3,2.7889,3403.440,64.796,3468.236,she,frankenstein-or-the-modern-prometheus,1,,server-1,144,0,0,,,
cache-off-warm100,90,3,2.8000,3392.342,143.376,3535.718,he,walden-and-on-the-duty-of-civil-disobedience,1,,server-1,145,0,0,,,
cache-off-warm100,90,3,2.8111,3381.952,73.778,3455.729,love,the-prince,1,,server-1,146,0,0,,,
cache-off-warm100,90,3,2.8222,3389.059,122.220,3511.279,he,jude-the-obscure,1,,server-1,147,0,0,,,
cache-off-warm100,90,3,2.8333,3433.614,180.157,3613.771,letter,the-scarlet-letter-33,1,,server-1,148,0,0,,,
cache-off-warm100,90,3,2.8444,3413.362,54.116,3467.477,he,the-picture-of-dorian-gray,1,,server-1,149,0,0,,,
cache-off-warm100,90,3,2.8556,3402.366,93.352,3495.718,night,the-hound-of-the-baskervilles,1,,server-1,148,0,0,,,
cache-off-warm100,90,3,2.8667,3531.581,126.230,3657.810,horse,the-scarlet-letter-33,1,,server-1,149,0,0,,,
cache-off-warm100,90,3,2.8778,3459.887,78.570,3538.457,she,memoirs-of-fanny-hill,1,,server-1,150,0,0,,,
cache-off-warm100,90,3,2.8889,3449.448,147.312,3596.761,of,the-wind-in-the-willows,1,,server-1,149,0,0,,,
cache-off-warm100,90,3,2.9000,3452.446,168.591,3621.038,you,the-last-of-the-mohicans-a-narrative-of-1757,1,,server-1,150,0,0,,,
cache-off-warm100,90,3,2.9111,3441.418,176.148,3617.566,and,agnes-grey,1,,server-1,151,0,0,,,
cache-off-warm100,90,3,2.9222,3437.504,305.991,3743.495,castle,his-last-bow,1,,server-1,152,0,0,,,
cache-off-warm100,90,3,2.9333,3465.312,142.757,3608.069,whale,a-connecticut-yankee-in-king-arthur-s-court,1,,server-1,152,0,0,,,
cache-off-warm100,90,3,2.9444,3480.936,193.766,3674.702,you,silas-marner,1,,server-1,152,0,0,,,
cache-off-warm100,90,3,2.9556,3530.421,154.788,3685.209,death,the-house-of-the-seven-gables,1,,server-1,153,0,0,,,
cache-off-warm100,90,3,2.9667,3550.123,153.142,3703.265,of,oliver-twist,1,,server-1,153,0,0,,,
cache-off-warm100,90,3,2.9778,3547.421,121.840,3669.261,death,the-last-of-the-mohicans-a-narrative-of-1757-27681,1,,server-1,152,0,0,,,
cache-off-warm100,90,3,2.9889,3637.737,196.880,3834.617,night,jane-eyre-an-autobiography,1,,server-1,153,0,0,,,
cache-off-warm100,90,3,3.0000,3626.229,72.495,3698.724,whale,the-mysterious-island,1,,server-1,154,0,0,,,
cache-off-warm100,90,3,3.0111,3628.676,85.806,3714.482,castle,tess-of-the-d-urbervilles-a-pure-woman,1,,server-1,154,0,0,,,
cache-off-warm100,90,3,3.0222,3624.712,124.682,3749.394,sea,north-and-south,1,,server-1,155,0,0,,,
cache-off-warm100,90,3,3.0333,3668.250,73.036,3741.287,sea,oliver-twist,1,,server-1,154,0,0,,,
cache-off-warm100,90,3,3.0444,3656.246,111.169,3767.414,horse,the-secret-garden,1,,server-1,155,0,0,,,
cache-off-warm100,90,3,3.0556,3716.815,162.171,3878.986,london,frankenstein-or-the-modern-prometheus-41445,1,,server-1,156,0,0,,,
cache-off-warm100,90,3,3.0667,3680.525,124.283,3804.809,money,the-moonstone,1,,server-1,157,0,0,,,
cache-off-warm100,90,3,3.0778,3670.522,162.985,3833.507,letter,jane-eyre-an-autobiography,1,,server-1,158,0,0,,,
cache-off-warm100,90,3,3.0889,3683.392,111.450,3794.842,the,the-secret-adversary,1,,server-1,159,0,0,,,
cache-off-warm100,90,3,3.1000,3672.451,100.621,3773.072,love,desert-gold,1,,server-1,159,0,0,,,
cache-off-warm100,90,3,3.1111,3714.813,96.731,3811.544,house,treasure-island,1,,server-1,159,0,0,,,
cache-off-warm100,90,3,3.1222,3789.083,64.180,3853.263,and,the-wind-in-the-willows,1,,server-1,160,0,0,,,
cache-off-warm100,90,3,3.1333,3841.775,120.283,3962.058,night,the-scarlet-letter,1,,server-1,160,0,0,,,
cache-off-warm100,90,3,3.1444,3769.201,63.314,3832.516,he,madame-bovary,1,,server-1,161,0,0,,,
cache-off-warm100,90,3,3.1556,3779.304,63.170,3842.474,whale,adventures-of-huckleberry-finn,1,,server-1,162,0,0,,,
cache-off-warm100,90,3,3.1667,3811.070,31.028,3842.098,horse,the-warden,1,,server-1,163,0,0,,,
cache-off-warm100,90,3,3.1778,3800.674,93.051,3893.725,death,the-mystery-of-edwin-drood,1,,server-1,163,0,0,,,
cache-off-warm100,90,3,3.1889,3791.472,90.947,3882.419,castle,pride-and-prejudice,1,,server-1,164,0,0,,,
cache-off-warm100,90,3,3.2000,3779.772,93.274,3873.047,whale,mary-barton,1,,server-1,165,0,0,,,
cache-off-warm100,90,3,3.2111,3788.103,93.684,3881.787,castle,treasure-island,1,,server-1,166,0,0,,,
cache-off-warm100,90,3,3.2222,3786.711,152.421,3939.132,was,northanger-abbey,1,,server-1,167,0,0,,,
cache-off-warm100,90,3,3.2333,3862.513,67.890,3930.403,you,the-warden,1,,server-1,168,0,0,,,
cache-off-warm100,90,3,3.2444,3853.153,71.755,3924.907,you,anne-of-green-gables,1,,server-1,169,0,0,,,
cache-off-warm100,90,3,3.2556,3861.129,230.940,4092.069,sea,tess-of-the-d-urbervilles-a-pure-woman,1,,server-1,168,0,0,,,
cache-off-warm100,90,3,3.2667,3897.896,106.372,4004.269,heart,the-last-of-the-mohicans-a-narrative-of-1757,1,,server-1,169,0,0,,,
cache-off-warm100,90,3,3.2778,3891.880,90.246,3982.126,london,north-and-south,1,,server-1,168,0,0,,,
cache-off-warm100,90,3,3.2889,3886.788,161.792,4048.580,castle,silas-marner,1,,server-1,169,0,0,,,
cache-off-warm100,90,3,3.3000,3876.130,106.052,3982.183,sea,dubliners,1,,server-1,169,0,0,,,
cache-off-warm100,90,3,3.3111,3867.523,169.437,4036.960,you,tess-of-the-d-urbervilles-a-pure-woman,1,,server-1,168,0,0,,,
cache-off-warm100,90,3,3.3222,3931.983,225.759,4157.742,london,the-memoirs-of-sherlock-holmes,1,,server-1,169,0,0,,,
cache-off-warm100,90,3,3.3333,3854.452,295.637,4150.089,night,the-innocents-abroad,1,,server-1,169,0,0,,,
cache-off-warm100,90,3,3.3444,3909.748,168.840,4078.589,love,the-scarlet-letter-33,1,,server-1,170,0,0,,,
cache-off-warm100,90,3,3.3556,3992.425,262.659,4255.084,he,persuasion,1,,server-1,171,0,0,,,
cache-off-warm100,90,3,3.3667,3939.420,66.725,4006.146,sea,persuasion,1,,server-1,172,0,0,,,
cache-off-warm100,90,3,3.3778,3968.087,76.238,4044.325,london,poirot-investigates,1,,server-1,173,0,0,,,
cache-off-warm100,90,3,3.3889,3990.146,120.194,4110.341,money,adventures-of-huckleberry-finn,1,,server-1,174,0,0,,,
cache-off-warm100,90,3,3.4000,4023.759,183.961,4207.720,london,persuasion,1,,server-1,175,0,0,,,
cache-off-warm100,90,3,3.4111,3971.662,138.105,4109.767,she,the-age-of-innocence,1,,server-1,176,0,0,,,
cache-off-warm100,90,3,3.4222,4061.565,89.140,4150.705,you,treasure-island,1,,server-1,176,0,0,,,
cache-off-warm100,90,3,3.4333,4066.211,133.400,4199.612,castle,the-warden,1,,server-1,177,0,0,,,
cache-off-warm100,90,3,3.4444,4078.158,112.985,4191.142,night,a-tale-of-two-cities,1,,server-1,175,0,0,,,
cache-off-warm100,90,3,3.4556,4084.690,136.525,4221.215,whale,the-iliad,1,,server-1,176,0,0,,,
cache-off-warm100,90,3,3.4667,4139.307,94.426,4233.733,love,emma,1,,server-1,177,0,0,,,
cache-off-warm100,90,3,3.4778,4155.323,86.637,4241.960,and,the-first-men-in-the-moon,1,,server-1,178,0,0,,,
cache-off-warm100,90,3,3.4889,4149.396,165.020,4314.417,horse,the-iliad,1,,server-1,179,0,0,,,
cache-off-warm100,90,3,3.5000,4173.745,95.575,4269.320,whale,the-war-of-the-worlds,1,,server-1,178,0,0,,,
cache-off-warm100,90,3,3.5111,4166.995,168.773,4335.768,she,the-odyssey,1,,server-1,179,0,0,,,
cache-off-warm100,90,3,3.5222,4156.488,193.886,4350.374,whale,the-moonstone,1,,server-1,179,0,0,,,
cache-off-warm100,90,3,3.5333,4167.461,99.334,4266.795,king,the-song-of-the-lark,1,,server-1,180,0,0,,,
cache-off-warm100,90,3,3.5444,4184.246,292.113,4476.359,sea,the-memoirs-of-sherlock-holmes,1,,server-1,181,0,0,,,
cache-off-warm100,90,3,3.5556,4215.860,162.532,4378.391,was,the-works-of-edgar-allan-poe-volume-2,1,,server-1,182,0,0,,,
cache-off-warm100,90,3,3.5667,4156.424,144.597,4301.021,the,the-works-of-edgar-allan-poe-volume-2,1,,server-1,183,0,0,,,
cache-off-warm100,90,3,3.5778,4193.121,165.390,4358.511,night,autobiography-of-benjamin-franklin,1,,server-1,181,0,0,,,
cache-off-warm100,90,3,3.5889,4152.242,107.605,4259.847,castle,poirot-investigates,1,,server-1,182,0,0,,,
cache-off-warm100,90,3,3.6000,4169.657,121.042,4290.699,king,the-memoirs-of-sherlock-holmes,1,,server-1,183,0,0,,,
cache-off-warm100,90,3,3.6111,4163.833,307.076,4470.908,of,the-jungle,1,,server-1,184,0,0,,,
cache-off-warm100,90,3,3.6222,4181.795,153.367,4335.163,letter,the-mysterious-affair-at-styles,1,,server-1,184,0,0,,,
cache-off-warm100,90,3,3.6333,4241.075,168.951,4410.026,whale,the-secret-garden,1,,server-1,185,0,0,,,
cache-off-warm100,90,3,3.6444,4246.471,93.543,4340.014,she,the-divine-comedy,1,,server-1,186,0,0,,,
cache-off-warm100,90,3,3.6556,4235.527,127.487,4363.015,sea,the-last-of-the-mohicans-a-narrative-of-1757-27681,1,,server-1,187,0,0,,,
cache-off-warm100,90,3,3.6667,4410.987,304.532,4715.519,horse,the-great-gatsby,1,,server-1,188,0,0,,,
cache-off-warm100,90,3,3.6778,4406.972,217.029,4624.001,and,herland,1,,server-1,189,0,0,,,
cache-off-warm100,90,3,3.6889,4332.165,90.005,4422.169,horse,the-scarlet-letter-33,1,,server-1,190,0,0,,,
cache-off-warm100,90,3,3.7000,4345.051,182.281,4527.332,was,pride-and-prejudice,1,,server-1,191,0,0,,,
cache-off-warm100,90,3,3.7111,4371.122,247.988,4619.110,money,autobiography-of-benjamin-franklin,1,,server-1,189,0,0,,,
cache-off-warm100,90,3,3.7222,4360.481,139.715,4500.197,sea,a-connecticut-yankee-in-king-arthur-s-court,1,,server-1,189,0,0,,,
cache-off-warm100,90,3,3.7333,4343.307,295.450,4638.757,heart,the-divine-comedy,1,,server-1,189,0,0,,,
cache-off-warm100,90,3,3.7444,4338.530,141.579,4480.109,death,the-last-of-the-mohicans-a-narrative-of-1757,1,,server-1,190,0,0,,,
cache-off-warm100,90,3,3.7556,4358.925,180.896,4539.821,heart,the-lost-world,1,,server-1,191,0,0,,,
cache-off-warm100,90,3,3.7667,4319.603,165.019,4484.621,letter,leaves-of-grass,1,,server-1,190,0,0,,,
cache-off-warm100,90,3,3.7778,4309.003,207.415,4516.418,night,jude-the-obscure,1,,server-1,191,0,0,,,
cache-off-warm100,90,3,3.7889,4355.667,172.484,4528.152,castle,wuthering-heights,1,,server-1,191,0,0,,,
cache-off-warm100,90,3,3.8000,4343.770,233.652,4577.422,house,wuthering-heights,1,,server-1,192,0,0,,,
cache-off-warm100,90,3,3.8111,4414.146,227.930,4642.075,he,the-adventures-of-sherlock-holmes,1,,server-1,191,0,0,,,
cache-off-warm100,90,3,3.8222,4556.781,183.943,4740.725,london,meditations,1,,server-1,192,0,0,,,
cache-off-warm100,90,3,3.8333,4539.564,77.911,4617.475,the,anne-of-green-gables,1,,server-1,193,0,0,,,
cache-off-warm100,90,3,3.8444,4528.148,118.696,4646.844,he,mansfield-park,1,,server-1,194,0,0,,,
cache-off-warm100,90,3,3.8556,4531.888,266.358,4798.246,castle,the-war-of-the-worlds,1,,server-1,195,0,0,,,
cache-off-warm100,90,3,3.8667,4645.030,145.062,4790.092,was,grimms-fairy-tales,1,,server-1,195,0,0,,,
cache-off-warm100,90,3,3.8778,4560.190,79.135,4639.325,the,jude-the-obscure,1,,server-1,196,0,0,,,
cache-off-warm100,90,3,3.8889,4565.463,89.636,4655.100,king,the-age-of-innocence,1,,server-1,197,0,0,,,
cache-off-warm100,90,3,3.9000,4644.387,67.176,4711.562,horse,twenty-thousand-leagues-under-the-sea,1,,server-1,198,0,0,,,
cache-off-warm100,90,3,3.9111,4633.673,115.955,4749.628,she,kidnapped,1,,server-1,199,0,0,,,
cache-off-warm100,90,3,3.9222,4642.943,134.474,4777.417,of,north-and-south,1,,server-1,200,0,0,,,
cache-off-warm100,90,3,3.9333,4634.219,103.579,4737.798,night,black-beauty,1,,server-1,201,0,0,,,
cache-off-warm100,90,3,3.9444,4664.340,186.685,4851.025,london,the-iliad,1,,server-1,202,0,0,,,
cache-off-warm100,90,3,3.9556,4707.312,152.970,4860.282,letter,the-prince,1,,server-1,203,0,0,,,
cache-off-warm100,90,3,3.9667,4703.673,111.535,4815.208,london,a-tale-of-two-cities,1,,server-1,204,0,0,,,
cache-off-warm100,90,3,3.9778,4694.631,145.509,4840.140,house,the-scarlet-letter,1,,server-1,205,0,0,,,
cache-off-warm100,90,3,3.9889,4714.345,150.638,4864.984,horse,washington-square,1,,server-1,205,0,0,,,
cache-off-warm100,90,3,4.0000,4697.055,206.679,4903.734,he,the-hound-of-the-baskervilles-3070,1,,server-1,206,0,0,,,
cache-off-warm100,90,3,4.0111,4690.260,131.419,4821.678,death,kidnapped,1,,server-1,207,0,0,,,
cache-off-warm100,90,3,4.0222,4679.345,60.345,4739.690,and,beyond-good-and-evil,1,,server-1,208,0,0,,,
cache-off-warm100,90,3,4.0333,4746.847,111.248,4858.095,horse,wuthering-heights,1,,server-1,204,0,0,,,
cache-off-warm100,90,3,4.0444,4789.790,118.322,4908.112,whale,the-adventures-of-sherlock-holmes,1,,server-1,205,0,0,,,
cache-off-warm100,90,3,4.0556,4778.783,101.587,4880.371,he,desperate-remedies,1,,server-1,206,0,0,,,
cache-off-warm100,90,3,4.0667,4787.602,201.701,4989.304,was,madame-bovary,1,,server-1,206,0,0,,,
cache-off-warm100,90,3,4.0778,4815.028,188.222,5003.250,sea,the-portrait-of-a-lady-volume-1,1,,server-1,207,0,0,,,
cache-off-warm100,90,3,4.0889,4863.221,106.874,4970.096,king,tess-of-the-d-urbervilles-a-pure-woman,1,,server-1,208,0,0,,,
cache-off-warm100,90,3,4.1000,4852.747,101.077,4953.823,you,the-return-of-sherlock-holmes,1,,server-1,209,0,0,,,
cache-off-warm100,90,3,4.1111,4842.702,153.513,4996.215,london,the-prince,1,,server-1,208,0,0,,,
cache-off-warm100,90,3,4.1222,4832.029,108.842,4940.871,castle,jude-the-obscure,1,,server-1,209,0,0,,,
cache-off-warm100,90,3,4.1333,4832.156,144.871,4977.027,death,the-divine-comedy,1,,server-1,210,0,0,,,
cache-off-warm100,90,3,4.1444,4885.536,94.496,4980.032,letter,the-secret-garden-17396,1,,server-1,211,0,0,,,
cache-off-warm100,90,3,4.1556,4903.931,157.175,5061.105,london,anne-of-green-gables,1,,server-1,212,0,0,,,
cache-off-warm100,90,3,4.1667,4944.907,49.584,4994.490,heart,the-last-of-the-mohicans-a-narrative-of-1757,1,,server-1,213,0,0,,,
cache-off-warm100,90,3,4.1778,4949.657,84.359,5034.015,castle,the-picture-of-dorian-gray,1,,server-1,214,0,0,,,
cache-off-warm100,90,3,4.1889,5020.674,178.075,5198.749,love,the-return-of-sherlock-holmes-108,1,,server-1,211,0,0,,,
cache-off-warm100,90,3,4.2000,4928.529,166.443,5094.973,heart,a-connecticut-yankee-in-king-arthur-s-court,1,,server-1,212,0,0,,,
cache-off-warm100,90,3,4.2111,4918.073,150.282,5068.355,the,the-hound-of-the-baskervilles,1,,server-1,213,0,0,,,
cache-off-warm100,90,3,4.2222,4936.644,133.422,5070.067,and,the-jungle,1,,server-1,214,0,0,,,
cache-off-warm100,90,3,4.2333,4986.011,85.368,5071.379,the,the-mysterious-affair-at-styles,1,,server-1,215,0,0,,,
cache-off-warm100,90,3,4.2444,5047.577,26.628,5074.205,money,his-last-bow,1,,server-1,214,0,0,,,
cache-off-warm100,90,3,4.2556,5039.299,62.092,5101.391,king,far-from-the-madding-crowd,1,,server-1,213,0,0,,,
cache-off-warm100,90,3,4.2667,5040.952,84.977,5125.930,of,madame-bovary,1,,server-1,214,0,0,,,
cache-off-warm100,90,3,4.2778,5041.248,247.242,5288.490,love,a-journey-to-the-centre-of-the-earth,1,,server-1,215,0,0,,,
cache-off-warm100,90,3,4.2889,5065.578,168.230,5233.808,death,the-adventures-of-tom-sawyer-complete,1,,server-1,216,0,0,,,
cache-off-warm100,90,3,4.3000,5058.250,175.539,5233.789,horse,the-mysterious-affair-at-styles,1,,server-1,217,0,0,,,
cache-off-warm100,90,3,4.3111,5047.550,159.743,5207.293,she,jude-the-obscure,1,,server-1,218,0,0,,,
cache-off-warm100,90,3,4.3222,5036.557,162.256,5198.814,king,tess-of-the-d-urbervilles-a-pure-woman,1,,server-1,219,0,0,,,
cache-off-warm100,90,3,4.3333,5039.095,143.072,5182.167,letter,the-song-of-the-lark,1,,server-1,219,0,0,,,
cache-off-warm100,90,3,4.3444,5045.291,76.218,5121.509,of,the-secret-garden-17396,1,,server-1,220,0,0,,,
cache-off-warm100,90,3,4.3556,5039.292,236.344,5275.636,the,the-secret-garden-17396,1,,server-1,219,0,0,,,
cache-off-warm100,90,3,4.3667,5156.427,65.931,5222.358,house,pride-and-prejudice,1,,server-1,220,0,0,,,
cache-off-warm100,90,3,4.3778,5145.702,76.085,5221.787,and,the-kama-sutra-of-vatsyayana,1,,server-1,221,0,0,,,
cache-off-warm100,90,3,4.3889,5200.539,233.582,5434.121,letter,the-mystery-of-edwin-drood,1,,server-1,222,0,0,,,
cache-off-warm100,90,3,4.4000,5187.554,142.922,5330.476,castle,a-connecticut-yankee-in-king-arthur-s-court,1,,server-1,223,0,0,,,
cache-off-warm100,90,3,4.4111,5178.450,268.811,5447.261,love,the-mysterious-island,1,,server-1,223,0,0,,,
cache-off-warm100,90,3,4.4222,5167.605,43.856,5211.461,castle,the-great-gatsby,1,,server-1,224,0,0,,,
cache-off-warm100,90,3,4.4333,5156.691,119.706,5276.397,the,grimms-fairy-tales,1,,server-1,224,0,0,,,
cache-off-warm100,90,3,4.4444,5156.912,132.276,5289.188,you,autobiography-of-benjamin-franklin,1,,server-1,225,0,0,,,
cache-off-warm100,90,3,4.4556,5145.891,222.638,5368.529,horse,dubliners,1,,server-1,226,0,0,,,
cache-off-warm100,90,3,4.4667,5173.627,232.562,5406.189,house,black-beauty,1,,server-1,226,0,0,,,
cache-off-warm100,90,3,4.4778,5160.081,123.590,5283.671,london,twenty-thousand-leagues-under-the-sea,1,,server-1,225,0,0,,,
cache-off-warm100,90,3,4.4889,5245.239,140.086,5385.325,and,the-great-gatsby,1,,server-1,226,0,0,,,
cache-off-warm100,90,3,4.5000,5260.912,126.434,5387.346,and,the-picture-of-dorian-gray,1,,server-1,227,0,0,,,
cache-off-warm100,90,3,4.5111,5250.099,202.605,5452.704,whale,the-last-of-the-mohicans-a-narrative-of-1757,1,,server-1,228,0,0,,,
cache-off-warm100,90,3,4.5222,5335.177,113.908,5449.086,death,desert-gold,1,,server-1,229,0,0,,,
cache-off-warm100,90,3,4.5333,5351.366,109.972,5461.338,heart,life-on-the-mississippi,1,,server-1,230,0,0,,,
cache-off-warm100,90,3,4.5444,5344.968,149.029,5493.997,house,the-scarlet-letter,1,,server-1,231,0,0,,,
cache-off-warm100,90,3,4.5556,5334.154,80.055,5414.209,he,great-expectations,1,,server-1,232,0,0,,,
cache-off-warm100,90,3,4.5667,5369.973,125.165,5495.138,london,desert-gold,1,,server-1,233,0,0,,,
cache-off-warm100,90,3,4.5778,5347.957,116.543,5464.500,you,north-and-south,1,,server-1,234,0,0,,,
cache-off-warm100,90,3,4.5889,5334.394,268.551,5602.945,house,villette,1,,server-1,234,0,0,,,
cache-off-warm100,90,3,4.6000,5392.775,153.643,5546.418,he,the-return-of-sherlock-holmes-108,1,,server-1,235,0,0,,,
cache-off-warm100,90,3,4.6111,5448.330,127.666,5575.996,letter,the-great-gatsby,1,,server-1,233,0,0,,,
cache-off-warm100,90,3,4.6222,5417.030,46.385,5463.415,heart,walden-and-on-the-duty-of-civil-disobedience,1,,server-1,234,0,0,,,
cache-off-warm100,90,3,4.6333,5423.638,156.942,5580.580,horse,the-first-men-in-the-moon,1,,server-1,235,0,0,,,
cache-off-warm100,90,3,4.6444,5413.107,233.146,5646.253,whale,the-return-of-sherlock-holmes-108,1,,server-1,236,0,0,,,
cache-off-warm100,90,3,4.6556,5427.300,119.144,5546.444,night,frankenstein-or-the-modern-prometheus-41445,1,,server-1,237,0,0,,,
cache-off-warm100,90,3,4.6667,5420.792,156.294,5577.086,and,twenty-thousand-leagues-under-the-sea,1,,server-1,238,0,0,,,
cache-off-warm100,90,3,4.6778,5410.813,183.380,5594.193,and,the-iliad,1,,server-1,239,0,0,,,
cache-off-warm100,90,3,4.6889,5527.454,240.374,5767.828,of,meditations,1,,server-1,239,0,0,,,
cache-off-warm100,90,3,4.7000,5567.835,130.452,5698.287,castle,the-portrait-of-a-lady-volume-1,1,,server-1,239,0,0,,,
cache-off-warm100,90,3,4.7111,5557.136,276.890,5834.026,king,the-mysterious-island,1,,server-1,240,0,0,,,
cache-off-warm100,90,3,4.7222,5550.241,178.159,5728.399,london,memoirs-of-fanny-hill,1,,server-1,241,0,0,,,
cache-off-warm100,90,3,4.7333,5534.865,97.545,5632.411,castle,desperate-remedies,1,,server-1,242,0,0,,,
cache-off-warm100,90,3,4.7444,5527.791,143.335,5671.126,house,the-age-of-innocence,1,,server-1,241,0,0,,,
cache-off-warm100,90,3,4.7556,5539.776,150.229,5690.005,love,the-age-of-innocence,1,,server-1,242,0,0,,,
cache-off-warm100,90,3,4.7667,5527.969,264.145,5792.114,night,the-war-of-the-worlds,1,,server-1,242,0,0,,,
cache-off-warm100,90,3,4.7778,5519.933,195.948,5715.881,night,the-divine-comedy,1,,server-1,243,0,0,,,
cache-off-warm100,90,3,4.7889,5609.429,142.882,5752.311,horse,the-house-of-mirth,1,,server-1,244,0,0,,,
cache-off-warm100,90,3,4.8000,5672.419,127.601,5800.021,money,the-house-of-mirth,1,,server-1,244,0,0,,,
cache-off-warm100,90,3,4.8111,5659.647,110.965,5770.612,letter,the-wind-in-the-willows,1,,server-1,244,0,0,,,
cache-off-warm100,90,3,4.8222,5739.039,86.919,5825.959,heart,beyond-good-and-evil,1,,server-1,245,0,0,,,
cache-off-warm100,90,3,4.8333,5728.357,91.482,5819.838,and,north-and-south,1,,server-1,246,0,0,,,
cache-off-warm100,90,3,4.8444,5753.241,145.908,5899.150,king,the-vicomte-de-bragelonne,1,,server-1,247,0,0,,,
cache-off-warm100,90,3,4.8556,5746.061,138.856,5884.917,castle,adventures-of-huckleberry-finn,1,,server-1,248,0,0,,,
cache-off-warm100,90,3,4.8667,5744.502,91.677,5836.178,whale,jude-the-obscure,1,,server-1,249,0,0,,,
cache-off-warm100,90,3,4.8778,5786.566,113.226,5899.792,he,a-journey-to-the-centre-of-the-earth,1,,server-1,250,0,0,,,
cache-off-warm100,90,3,4.8889,5776.108,92.932,5869.040,sea,adventures-of-huckleberry-finn,1,,server-1,251,0,0,,,
cache-off-warm100,90,3,4.9000,5838.967,85.188,5924.156,you,frankenstein-or-the-modern-prometheus-41445,1,,server-1,252,0,0,,,
cache-off-warm100,90,3,4.9111,5826.913,56.718,5883.631,whale,adventures-of-huckleberry-finn,1,,server-1,251,0,0,,,
cache-off-warm100,90,3,4.9222,5875.353,170.714,6046.068,horse,desperate-remedies,1,,server-1,251,0,0,,,
cache-off-warm100,90,3,4.9333,5863.265,79.418,5942.683,heart,the-scarlet-letter,1,,server-1,252,0,0,,,
cache-off-warm100,90,3,4.9444,5852.394,58.983,5911.377,night,the-last-of-the-mohicans-a-narrative-of-1757,1,,server-1,253,0,0,,,
cache-off-warm100,90,3,4.9556,5866.382,85.994,5952.375,of,pride-and-prejudice,1,,server-1,253,0,0,,,
cache-off-warm100,90,3,4.9667,5909.517,103.846,6013.363,london,memoirs-of-fanny-hill,1,,server-1,251,0,0,,,
cache-off-warm100,90,3,4.9778,5887.955,65.641,5953.595,death,sense-and-sensibility,1,,server-1,252,0,0,,,
cache-off-warm100,90,3,4.9889,5884.330,76.181,5960.511,was,pride-and-prejudice,1,,server-1,253,0,0,,,
cache-off-warm100,90,3,5.0000,5913.145,202.176,6115.321,house,the-jungle,1,,server-1,254,0,0,,,
cache-off-warm100,90,3,5.0111,5938.531,92.125,6030.656,horse,the-wind-in-the-willows,1,,server-1,255,0,0,,,
cache-off-warm100,90,3,5.0222,5956.633,49.828,6006.461,was,mary-barton,1,,server-1,256,0,0,,,
cache-off-warm100,90,3,5.0333,5945.380,66.782,6012.162,was,the-jungle,1,,server-1,256,0,0,,,
cache-off-warm100,90,3,5.0444,5941.283,172.949,6114.232,money,the-adventures-of-sherlock-holmes,1,,server-1,257,0,0,,,
cache-off-warm100,90,3,5.0556,5928.135,135.384,6063.519,was,agnes-grey,1,,server-1,257,0,0,,,
cache-off-warm100,90,3,5.0667,5919.585,129.692,6049.278,you,the-memoirs-of-sherlock-holmes,1,,server-1,257,0,0,,,
cache-off-warm100,90,3,5.0778,5962.134,116.530,6078.663,love,desert-gold,1,,server-1,258,0,0,,,
cache-off-warm100,90,3,5.0889,6009.818,115.184,6125.002,horse,the-innocents-abroad,1,,server-1,259,0,0,,,
cache-off-warm100,90,3,5.1000,6013.199,66.201,6079.400,you,treasure-island,1,,server-1,260,0,0,,,
cache-off-warm100,90,3,5.1111,6066.693,70.493,6137.186,she,life-on-the-mississippi,1,,server-1,261,0,0,,,
cache-off-warm100,90,3,5.1222,5997.065,181.454,6178.520,death,beyond-good-and-evil,1,,server-1,262,0,0,,,
cache-off-warm100,90,3,5.1333,5985.579,150.008,6135.587,whale,twenty-thousand-leagues-under-the-sea,1,,server-1,263,0,0,,,
cache-off-warm100,90,3,5.1444,6064.932,171.301,6236.233,castle,the-divine-comedy,1,,server-1,260,0,0,,,
cache-off-warm100,90,3,5.1556,6059.609,150.387,6209.997,the,beyond-good-and-evil,1,,server-1,261,0,0,,,
cache-off-warm100,90,3,5.1667,6051.338,63.844,6115.182,money,the-hound-of-the-baskervilles-3070,1,,server-1,261,0,0,,,
cache-off-warm100,90,3,5.1778,6064.537,270.138,6334.674,was,tess-of-the-d-urbervilles-a-pure-woman,1,,server-1,262,0,0,,,
cache-off-warm100,90,3,5.1889,6093.505,181.077,6274.582,the,cranford,1,,server-1,263,0,0,,,
cache-off-warm100,90,3,5.2000,6097.916,246.562,6344.477,sea,kidnapped,1,,server-1,263,0,0,,,
cache-off-warm100,90,3,5.2111,6071.495,208.193,6279.688,you,northanger-abbey,1,,server-1,264,0,0,,,
cache-off-warm100,90,3,5.2222,6060.607,142.235,6202.842,of,the-adventures-of-sherlock-holmes,1,,server-1,264,0,0,,,
cache-off-warm100,90,3,5.2333,6063.879,161.672,6225.551,death,emma,1,,server-1,264,0,0,,,
cache-off-warm100,90,3,5.2444,6080.734,241.735,6322.469,of,jude-the-obscure,1,,server-1,265,0,0,,,
cache-off-warm100,90,3,5.2556,6194.712,77.259,6271.970,heart,walden-and-on-the-duty-of-civil-disobedience,1,,server-1,266,0,0,,,
cache-off-warm100,90,3,5.2667,6193.845,182.623,6376.468,london,black-beauty,1,,server-1,267,0,0,,,
cache-off-warm100,90,3,5.2778,6181.970,134.030,6316.000,money,the-last-of-the-mohicans-a-narrative-of-1757,1,,server-1,268,0,0,,,
cache-off-warm100,90,3,5.2889,6199.523,133.969,6333.492,king,little-women,1,,server-1,269,0,0,,,
cache-off-warm100,90,3,5.3000,6225.905,158.696,6384.601,heart,the-works-of-edgar-allan-poe-volume-2,1,,server-1,269,0,0,,,
cache-off-warm100,90,3,5.3111,6257.029,291.099,6548.128,love,the-return-of-sherlock-holmes,1,,server-1,270,0,0,,,
cache-off-warm100,90,3,5.3222,6272.297,36.877,6309.174,and,the-hound-of-the-baskervilles-3070,1,,server-1,271,0,0,,,
cache-off-warm100,90,3,5.3333,6261.028,91.887,6352.915,love,the-last-of-the-mohicans-a-narrative-of-1757-27681,1,,server-1,272,0,0,,,
cache-off-warm100,90,3,5.3444,6284.975,70.887,6355.863,she,a-princess-of-mars,1,,server-1,273,0,0,,,
cache-off-warm100,90,3,5.3556,6286.639,184.330,6470.969,night,pride-and-prejudice,1,,server-1,274,0,0,,,
cache-off-warm100,90,3,5.3667,6321.704,187.259,6508.962,horse,memoirs-of-fanny-hill,1,,server-1,273,0,0,,,
cache-off-warm100,90,3,5.3778,6287.519,92.860,6380.379,you,a-connecticut-yankee-in-king-arthur-s-court,1,,server-1,274,0,0,,,
cache-off-warm100,90,3,5.3889,6293.470,153.082,6446.552,house,little-women,1,,server-1,275,0,0,,,
cache-off-warm100,90,3,5.4000,6301.438,129.334,6430.772,he,the-moonstone,1,,server-1,273,0,0,,,
cache-off-warm100,90,3,5.4111,6318.616,147.398,6466.014,letter,the-mysterious-affair-at-styles,1,,server-1,274,0,0,,,
cache-off-warm100,90,3,5.4222,6332.429,216.935,6549.364,was,the-moonstone,1,,server-1,275,0,0,,,
cache-off-warm100,90,3,5.4333,6346.971,324.353,6671.324,horse,the-moonstone,1,,server-1,276,0,0,,,
cache-off-warm100,90,3,5.4444,6313.932,217.401,6531.333,king,the-secret-garden,1,,server-1,277,0,0,,,
cache-off-warm100,90,3,5.4556,6343.071,109.915,6452.985,the,a-tale-of-two-cities,1,,server-1,278,0,0,,,
cache-off-warm100,90,3,5.4667,6375.030,159.065,6534.095,sea,the-song-of-the-lark,1,,server-1,279,0,0,,,
cache-off-warm100,90,3,5.4778,6362.688,132.863,6495.551,and,autobiography-of-benjamin-franklin,1,,server-1,280,0,0,,,
cache-off-warm100,90,3,5.4889,6451.351,119.681,6571.032,king,the-adventures-of-tom-sawyer-complete,1,,server-1,279,0,0,,,
cache-off-warm100,90,3,5.5000,6360.435,354.883,6715.319,castle,the-iliad,1,,server-1,277,0,0,,,
cache-off-warm100,90,3,5.5111,6421.766,77.315,6499.081,you,poirot-investigates,1,,server-1,278,0,0,,,
cache-off-warm100,90,3,5.5222,6383.589,311.784,6695.373,death,dracula,1,,server-1,279,0,0,,,
cache-off-warm100,90,3,5.5333,6405.854,253.362,6659.216,castle,the-moonstone,1,,server-1,280,0,0,,,
cache-off-warm100,90,3,5.5444,6409.003,154.104,6563.107,castle,the-jungle,1,,server-1,281,0,0,,,
cache-off-warm100,90,3,5.5556,6501.502,132.727,6634.229,heart,the-house-of-mirth,1,,server-1,282,0,0,,,
cache-off-warm100,90,3,5.5667,6534.504,129.109,6663.614,london,a-princess-of-mars,1,,server-1,283,0,0,,,
cache-off-warm100,90,3,5.5778,6615.276,75.961,6691.237,castle,the-last-of-the-mohicans-a-narrative-of-1757-27681,1,,server-1,284,0,0,,,
cache-off-warm100,90,3,5.5889,6630.878,24.963,6655.841,death,the-kama-sutra-of-vatsyayana,1,,server-1,285,0,0,,,
cache-off-warm100,90,3,5.6000,6631.845,88.331,6720.175,you,jane-eyre-an-autobiography,1,,server-1,286,0,0,,,
cache-off-warm100,90,3,5.6111,6620.983,136.003,6756.986,whale,frankenstein-or-the-modern-prometheus,1,,server-1,284,0,0,,,
cache-off-warm100,90,3,5.6222,6619.108,98.921,6718.030,horse,the-prince,1,,server-1,283,0,0,,,
cache-off-warm100,90,3,5.6333,6636.983,52.718,6689.702,love,north-and-south,1,,server-1,284,0,0,,,
cache-off-warm100,90,3,5.6444,6652.261,55.996,6708.257,london,cranford,1,,server-1,285,0,0,,,
cache-off-warm100,90,3,5.6556,6641.053,55.148,6696.201,heart,a-princess-of-mars,1,,server-1,286,0,0,,,
cache-off-warm100,90,3,5.6667,6701.695,23.939,6725.634,king,the-hound-of-the-baskervilles-3070,1,,server-1,287,0,0,,,
cache-off-warm100,90,3,5.6778,6691.251,100.028,6791.280,king,the-king-in-yellow,1,,server-1,287,0,0,,,
cache-off-warm100,90,3,5.6889,6683.556,80.921,6764.477,heart,agnes-grey,1,,server-1,288,0,0,,,
cache-off-warm100,90,3,5.7000,6670.306,39.314,6709.620,night,a-princess-of-mars,1,,server-1,287,0,0,,,
cache-off-warm100,90,3,5.7111,6660.470,56.980,6717.451,of,the-war-of-the-worlds,1,,server-1,288,0,0,,,
cache-off-warm100,90,3,5.7222,6653.146,106.576,6759.722,she,dubliners,1,,server-1,287,0,0,,,
cache-off-warm100,90,3,5.7333,6658.053,130.064,6788.117,letter,the-romance-of-lust-a-classic-victorian-erotic-novel,1,,server-1,288,0,0,,,
cache-off-warm100,90,3,5.7444,6777.067,35.569,6812.636,king,hard-times,1,,server-1,289,0,0,,,
cache-off-warm100,90,3,5.7556,6767.177,51.032,6818.209,house,poirot-investigates,1,,server-1,290,0,0,,,
cache-off-warm100,90,3,5.7667,6755.119,154.736,6909.855,sea,the-hound-of-the-baskervilles-3070,1,,server-1,291,0,0,,,
cache-off-warm100,90,3,5.7778,6744.163,215.936,6960.099,you,walden-and-on-the-duty-of-civil-disobedience,1,,server-1,290,0,0,,,
cache-off-warm100,90,3,5.7889,6735.259,106.114,6841.373,of,the-mystery-of-edwin-drood,1,,server-1,291,0,0,,,
cache-off-warm100,90,3,5.8000,6724.016,211.918,6935.934,night,the-vicomte-de-bragelonne,1,,server-1,292,0,0,,,
cache-off-warm100,90,3,5.8111,6715.540,237.304,6952.844,and,the-moonstone,1,,server-1,293,0,0,,,
cache-off-warm100,90,3,5.8222,6704.909,214.011,6918.920,king,persuasion,1,,server-1,294,0,0,,,
cache-off-warm100,90,3,5.8333,6769.732,185.986,6955.718,of,twenty-thousand-leagues-under-the-sea,1,,server-1,293,0,0,,,
cache-off-warm100,90,3,5.8444,6725.769,304.417,7030.186,sea,the-secret-garden,1,,server-1,294,0,0,,,
cache-off-warm100,90,3,5.8556,6776.130,159.255,6935.386,london,the-house-of-mirth,1,,server-1,295,0,0,,,
cache-off-warm100,90,3,5.8667,6877.036,79.090,6956.126,king,the-picture-of-dorian-gray,1,,server-1,296,0,0,,,
cache-off-warm100,90,3,5.8778,6914.074,26.170,6940.244,was,the-kama-sutra-of-vatsyayana,1,,server-1,296,0,0,,,
cache-off-warm100,90,3,5.8889,6903.113,80.476,6983.589,she,the-secret-garden-17396,1,,server-1,297,0,0,,,
cache-off-warm100,90,3,5.9000,6895.342,239.942,7135.284,castle,the-adventures-of-sherlock-holmes,1,,server-1,298,0,0,,,
cache-off-warm100,90,3,5.9111,6884.033,111.853,6995.886,whale,his-last-bow,1,,server-1,299,0,0,,,
cache-off-warm100,90,3,5.9222,6873.211,149.330,7022.540,house,the-jungle,1,,server-1,299,0,0,,,
cache-off-warm100,90,3,5.9333,6876.162,172.283,7048.446,he,adventures-of-huckleberry-finn,1,,server-1,300,0,0,,,
cache-off-warm100,90,3,5.9444,6873.876,123.299,6997.174,death,the-romance-of-lust-a-classic-victorian-erotic-novel,1,,server-1,298,0,0,,,
cache-off-warm100,90,3,5.9556,6878.587,203.699,7082.286,london,jane-eyre-an-autobiography,1,,server-1,299,0,0,,,
cache-off-warm100,90,3,5.9667,6902.453,175.492,7077.945,house,far-from-the-madding-crowd,1,,server-1,300,0,0,,,
cache-off-warm100,90,3,5.9778,6964.140,91.711,7055.852,sea,the-secret-adversary,1,,server-1,300,0,0,,,
cache-off-warm100,90,3,5.9889,6986.948,150.040,7136.987,king,the-mysterious-island,1,,server-1,301,0,0,,,
cache-off-warm100,90,3,6.0000,6976.016,152.422,7128.438,castle,autobiography-of-benjamin-franklin,1,,server-1,301,0,0,,,
cache-off-warm100,90,3,6.0111,6970.468,81.383,7051.851,and,the-works-of-edgar-allan-poe-volume-2,1,,server-1,301,0,0,,,
cache-off-warm100,90,3,6.0222,7017.155,64.091,7081.246,and,the-house-of-the-seven-gables,1,,server-1,302,0,0,,,
cache-off-warm100,90,3,6.0333,7005.058,99.919,7104.977,night,his-last-bow,1,,server-1,303,0,0,,,
cache-off-warm100,90,3,6.0444,7017.180,95.420,7112.599,sea,hard-times,1,,server-1,303,0,0,,,
cache-off-warm100,90,3,6.0556,7008.890,235.775,7244.665,whale,far-from-the-madding-crowd,1,,server-1,304,0,0,,,
cache-off-warm100,90,3,6.0667,7037.796,112.824,7150.620,castle,the-divine-comedy,1,,server-1,303,0,0,,,
cache-off-warm100,90,3,6.0778,7050.782,90.548,7141.330,was,the-lost-world,1,,server-1,304,0,0,,,
cache-off-warm100,90,3,6.0889,7065.563,126.366,7191.929,you,the-portrait-of-a-lady-volume-1,1,,server-1,305,0,0,,,
cache-off-warm100,90,3,6.1000,7054.963,59.578,7114.541,sea,oliver-twist,1,,server-1,306,0,0,,,
cache-off-warm100,90,3,6.1111,7043.387,87.288,7130.675,house,the-jungle,1,,server-1,307,0,0,,,
cache-off-warm100,90,3,6.1222,7035.035,208.182,7243.216,you,the-moonstone,1,,server-1,307,0,0,,,
cache-off-warm100,90,3,6.1333,7025.941,161.148,7187.089,was,the-house-of-the-seven-gables,1,,server-1,308,0,0,,,
cache-off-warm100,90,3,6.1444,7040.538,112.549,7153.087,you,dubliners,1,,server-1,309,0,0,,,
cache-off-warm100,90,3,6.1556,7118.837,86.752,7205.589,castle,autobiography-of-benjamin-franklin,1,,server-1,309,0,0,,,
cache-off-warm100,90,3,6.1667,7184.386,86.448,7270.834,the,the-adventures-of-sherlock-holmes,1,,server-1,310,0,0,,,
cache-off-warm100,90,3,6.1778,7122.714,220.175,7342.889,king,myths-and-legends-of-ancient-greece-and-rome,1,,server-1,311,0,0,,,
cache-off-warm100,90,3,6.1889,7129.675,130.190,7259.865,the,poirot-investigates,1,,server-1,311,0,0,,,
cache-off-warm100,90,3,6.2000,7151.540,88.092,7239.631,love,the-odyssey,1,,server-1,311,0,0,,,
cache-off-warm100,90,3,6.2111,7158.905,115.263,7274.168,whale,silas-marner,1,,server-1,311,0,0,,,
cache-off-warm100,90,3,6.2222,7183.615,144.320,7327.936,letter,tess-of-the-d-urbervilles-a-pure-woman,1,,server-1,311,0,0,,,
cache-off-warm100,90,3,6.2333,7206.606,73.413,7280.019,london,wuthering-heights,1,,server-1,312,0,0,,,
cache-off-warm100,90,3,6.2444,7195.910,76.593,7272.503,and,the-scarlet-letter-33,1,,server-1,313,0,0,,,
cache-off-warm100,90,3,6.2556,7267.741,52.926,7320.667,london,persuasion,1,,server-1,314,0,0,,,
cache-off-warm100,90,3,6.2667,7255.633,78.468,7334.102,house,memoirs-of-fanny-hill,1,,server-1,313,0,0,,,
cache-off-warm100,90,3,6.2778,7245.044,52.011,7297.055,london,the-great-gatsby,1,,server-1,313,0,0,,,
cache-off-warm100,90,3,6.2889,7263.562,142.732,7406.294,london,the-king-in-yellow,1,,server-1,314,0,0,,,
cache-off-warm100,90,3,6.3000,7252.913,86.975,7339.888,whale,the-first-men-in-the-moon,1,,server-1,315,0,0,,,
cache-off-warm100,90,3,6.3111,7242.452,140.465,7382.918,of,a-journey-to-the-centre-of-the-earth,1,,server-1,316,0,0,,,
cache-off-warm100,90,3,6.3222,7370.583,21.303,7391.886,was,his-last-bow,1,,server-1,317,0,0,,,
cache-off-warm100,90,3,6.3333,7418.446,82.060,7500.506,was,the-odyssey,1,,server-1,318,0,0,,,
cache-off-warm100,90,3,6.3444,7352.534,83.220,7435.754,death,walden-and-on-the-duty-of-civil-disobedience,1,,server-1,317,0,0,,,
cache-off-warm100,90,3,6.3556,7341.720,54.236,7395.957,love,dracula,1,,server-1,318,0,0,,,
cache-off-warm100,90,3,6.3667,7330.966,62.787,7393.753,sea,the-great-gatsby,1,,server-1,317,0,0,,,
cache-off-warm100,90,3,6.3778,7346.382,143.609,7489.991,death,the-portrait-of-a-lady-volume-1,1,,server-1,318,0,0,,,
cache-off-warm100,90,3,6.3889,7371.483,68.614,7440.097,whale,great-expectations,1,,server-1,319,0,0,,,
cache-off-warm100,90,3,6.4000,7380.200,85.772,7465.972,and,the-house-of-the-seven-gables,1,,server-1,320,0,0,,,
cache-off-warm100,90,3,6.4111,7423.372,127.275,7550.647,letter,the-house-of-mirth,1,,server-1,321,0,0,,,
cache-off-warm100,90,3,6.4222,7358.759,179.363,7538.122,castle,villette,1,,server-1,322,0,0,,,
cache-off-warm100,90,3,6.4333,7401.634,54.978,7456.613,whale,the-secret-garden,1,,server-1,323,0,0,,,
cache-off-warm100,90,3,6.4444,7423.697,93.257,7516.954,of,oliver-twist,1,,server-1,324,0,0,,,
cache-off-warm100,90,3,6.4556,7415.622,127.408,7543.030,was,the-first-men-in-the-moon,1,,server-1,325,0,0,,,
cache-off-warm100,90,3,6.4667,7406.586,101.377,7507.963,sea,meditations,1,,server-1,325,0,0,,,
cache-off-warm100,90,3,6.4778,7483.357,70.985,7554.342,heart,the-scarlet-letter-33,1,,server-1,326,0,0,,,
cache-off-warm100,90,3,6.4889,7473.115,93.999,7567.114,sea,the-secret-garden,1,,server-1,326,0,0,,,
cache-off-warm100,90,3,6.5000,7500.690,85.482,7586.172,castle,dubliners,1,,server-1,327,0,0,,,
cache-off-warm100,90,3,6.5111,7521.453,124.838,7646.291,letter,jude-the-obscure,1,,server-1,328,0,0,,,
cache-off-warm100,90,3,6.5222,7487.972,54.511,7542.483,he,the-hound-of-the-baskervilles-3070,1,,server-1,329,0,0,,,
cache-off-warm100,90,3,6.5333,7556.051,98.349,7654.400,king,the-last-of-the-mohicans-a-narrative-of-1757,1,,server-1,327,0,0,,,
cache-off-warm100,90,3,6.5444,7521.232,56.926,7578.157,london,cranford,1,,server-1,327,0,0,,,
cache-off-warm100,90,3,6.5556,7510.190,45.370,7555.560,horse,a-princess-of-mars,1,,server-1,328,0,0,,,
cache-off-warm100,90,3,6.5667,7517.119,74.829,7591.948,sea,the-first-men-in-the-moon,1,,server-1,329,0,0,,,
cache-off-warm100,90,3,6.5778,7514.342,122.599,7636.942,you,great-expectations,1,,server-1,330,0,0,,,
cache-off-warm100,90,3,6.5889,7572.291,175.774,7748.065,horse,the-adventures-of-ferdinand-count-fathom-complete,1,,server-1,331,0,0,,,
cache-off-warm100,90,3,6.6000,7560.345,111.693,7672.039,whale,a-connecticut-yankee-in-king-arthur-s-court,1,,server-1,332,0,0,,,
cache-off-warm100,90,3,6.6111,7550.077,150.580,7700.657,money,autobiography-of-benjamin-franklin,1,,server-1,333,0,0,,,
cache-off-warm100,90,3,6.6222,7538.579,112.739,7651.318,night,madame-bovary,1,,server-1,334,0,0,,,
cache-off-warm100,90,3,6.6333,7527.414,116.714,7644.129,castle,adventures-of-huckleberry-finn,1,,server-1,333,0,0,,,
cache-off-warm100,90,3,6.6444,7629.961,141.663,7771.624,king,jude-the-obscure,1,,server-1,334,0,0,,,
cache-off-warm100,90,3,6.6556,7624.674,93.612,7718.287,he,the-tenant-of-wildfell-hall,1,,server-1,335,0,0,,,
cache-off-warm100,90,3,6.6667,7615.118,70.356,7685.475,castle,myths-and-legends-of-ancient-greece-and-rome,1,,server-1,336,0,0,,,
cache-off-warm100,90,3,6.6778,7632.091,132.782,7764.874,love,a-tale-of-two-cities,1,,server-1,334,0,0,,,
cache-off-warm100,90,3,6.6889,7645.879,132.940,7778.819,money,persuasion,1,,server-1,335,0,0,,,
cache-off-warm100,90,3,6.7000,7674.325,91.763,7766.088,he,the-first-men-in-the-moon,1,,server-1,335,0,0,,,
cache-off-warm100,90,3,6.7111,7705.657,82.981,7788.638,you,meditations,1,,server-1,335,0,0,,,
cache-off-warm100,90,3,6.7222,7741.990,60.764,7802.755,house,the-first-men-in-the-moon,1,,server-1,336,0,0,,,
cache-off-warm100,90,3,6.7333,7735.305,142.029,7877.335,he,the-mysterious-island,1,,server-1,336,0,0,,,
cache-off-warm100,90,3,6.7444,7726.066,217.593,7943.660,letter,kidnapped,1,,server-1,337,0,0,,,
cache-off-warm100,90,3,6.7556,7716.539,142.737,7859.276,you,the-memoirs-of-sherlock-holmes,1,,server-1,338,0,0,,,
cache-off-warm100,90,3,6.7667,7710.961,165.811,7876.771,death,a-connecticut-yankee-in-king-arthur-s-court,1,,server-1,339,0,0,,,
cache-off-warm100,90,3,6.7778,7722.268,193.391,7915.658,king,the-secret-garden,1,,server-1,340,0,0,,,
cache-off-warm100,90,3,6.7889,7728.910,172.454,7901.364,love,the-secret-garden-17396,1,,server-1,341,0,0,,,
cache-off-warm100,90,3,6.8000,7732.027,233.923,7965.950,heart,jane-eyre-an-autobiography,1,,server-1,341,0,0,,,
cache-off-warm100,90,3,6.8111,7805.217,218.840,8024.056,castle,poirot-investigates,1,,server-1,342,0,0,,,
cache-off-warm100,90,3,6.8222,7871.669,286.415,8158.084,london,silas-marner,1,,server-1,343,0,0,,,
cache-off-warm100,90,3,6.8333,7823.228,98.443,7921.671,night,frankenstein-or-the-modern-prometheus-41445,1,,server-1,343,0,0,,,
cache-off-warm100,90,3,6.8444,7851.079,105.791,7956.870,love,myths-and-legends-of-ancient-greece-and-rome,1,,server-1,343,0,0,,,
cache-off-warm100,90,3,6.8556,7908.865,383.273,8292.138,night,great-expectations,1,,server-1,344,0,0,,,
cache-off-warm100,90,3,6.8667,7874.297,195.917,8070.214,whale,the-song-of-the-lark,1,,server-1,345,0,0,,,
cache-off-warm100,90,3,6.8778,7887.201,183.366,8070.567,london,the-picture-of-dorian-gray,1,,server-1,345,0,0,,,
cache-off-warm100,90,3,6.8889,7912.947,63.577,7976.524,you,poirot-investigates,1,,server-1,345,0,0,,,
cache-off-warm100,90,3,6.9000,7933.753,70.273,8004.026,she,the-scarlet-letter-33,1,,server-1,346,0,0,,,
cache-off-warm100,90,3,6.9111,7930.612,204.495,8135.107,night,washington-square,1,,server-1,346,0,0,,,
cache-off-warm100,90,3,6.9222,7979.038,135.232,8114.270,night,pride-and-prejudice,1,,server-1,345,0,0,,,
cache-off-warm100,90,3,6.9333,8016.293,254.226,8270.519,king,adventures-of-huckleberry-finn,1,,server-1,345,0,0,,,
cache-off-warm100,90,3,6.9444,8029.273,282.323,8311.597,the,jude-the-obscure,1,,server-1,345,0,0,,,
cache-off-warm100,90,3,6.9556,8053.954,171.070,8225.024,she,dracula,1,,server-1,346,0,0,,,
cache-off-warm100,90,3,6.9667,8007.795,98.378,8106.173,was,the-prince,1,,server-1,347,0,0,,,
cache-off-warm100,90,3,6.9778,8029.396,200.763,8230.159,castle,north-and-south,1,,server-1,347,0,0,,,
cache-off-warm100,90,3,6.9889,8058.379,102.628,8161.007,death,anne-of-green-gables,1,,server-1,347,0,0,,,
cache-off-warm100,90,3,7.0000,8124.164,135.390,8259.555,heart,oliver-twist,1,,server-1,348,0,0,,,
cache-off-warm100,90,3,7.0111,8169.303,152.706,8322.009,money,frankenstein-or-the-modern-prometheus-41445,1,,server-1,349,0,0,,,
cache-off-warm100,90,3,7.0222,8188.672,181.432,8370.104,death,the-age-of-innocence,1,,server-1,350,0,0,,,
cache-off-warm100,90,3,7.0333,8176.603,125.318,8301.921,king,the-iliad-2199,1,,server-1,349,0,0,,,
cache-off-warm100,90,3,7.0444,8166.055,120.832,8286.886,london,the-works-of-edgar-allan-poe-volume-2,1,,server-1,350,0,0,,,
cache-off-warm100,90,3,7.0556,8156.365,158.897,8315.262,house,the-adventures-of-ferdinand-count-fathom-complete,1,,server-1,351,0,0,,,
cache-off-warm100,90,3,7.0667,8193.002,324.068,8517.070,night,kidnapped,1,,server-1,352,0,0,,,
cache-off-warm100,90,3,7.0778,8182.017,169.412,8351.429,whale,the-adventures-of-sherlock-holmes,1,,server-1,353,0,0,,,
cache-off-warm100,90,3,7.0889,8213.361,228.127,8441.488,house,villette,1,,server-1,354,0,0,,,
cache-off-warm100,90,3,7.1000,8179.538,63.154,8242.692,king,the-prince,1,,server-1,350,0,0,,,
cache-off-warm100,90,3,7.1111,8183.642,193.943,8377.585,the,the-house-of-the-seven-gables,1,,server-1,351,0,0,,,
cache-off-warm100,90,3,7.1222,8210.454,266.476,8476.930,was,frankenstein-or-the-modern-prometheus-41445,1,,server-1,352,0,0,,,
cache-off-warm100,90,3,7.1333,8233.713,186.652,8420.366,love,the-adventures-of-sherlock-holmes,1,,server-1,353,0,0,,,
cache-off-warm100,90,3,7.1444,8200.796,204.289,8405.086,and,northanger-abbey,1,,server-1,354,0,0,,,
cache-off-warm100,90,3,7.1556,8307.616,170.552,8478.169,heart,northanger-abbey,1,,server-1,355,0,0,,,
cache-off-warm100,90,3,7.1667,8435.947,134.034,8569.981,whale,twenty-thousand-leagues-under-the-sea,1,,server-1,355,0,0,,,
cache-off-warm100,90,3,7.1778,8423.037,69.642,8492.678,whale,the-prince,1,,server-1,354,0,0,,,
cache-off-warm100,90,3,7.1889,8454.933,176.724,8631.657,king,the-works-of-edgar-allan-poe-volume-2,1,,server-1,355,0,0,,,
cache-off-warm100,90,3,7.2000,8406.016,57.053,8463.069,castle,the-secret-garden-17396,1,,server-1,356,0,0,,,
cache-off-warm100,90,3,7.2111,8433.110,94.072,8527.181,house,cranford,1,,server-1,357,0,0,,,
cache-off-warm100,90,3,7.2222,8445.682,91.821,8537.503,king,myths-and-legends-of-ancient-greece-and-rome,1,,server-1,358,0,0,,,
cache-off-warm100,90,3,7.2333,8437.508,148.307,8585.814,london,little-women,1,,server-1,359,0,0,,,
cache-off-warm100,90,3,7.2444,8575.134,50.716,8625.849,you,oliver-twist,1,,server-1,360,0,0,,,
cache-off-warm100,90,3,7.2556,8566.074,130.081,8696.155,castle,the-king-in-yellow,1,,server-1,361,0,0,,,
cache-off-warm100,90,3,7.2667,8555.765,91.988,8647.753,and,the-vicomte-de-bragelonne,1,,server-1,362,0,0,,,
cache-off-warm100,90,3,7.2778,8544.965,49.085,8594.049,letter,the-adventures-of-sherlock-holmes,1,,server-1,363,0,0,,,
cache-off-warm100,90,3,7.2889,8535.296,130.649,8665.945,she,leaves-of-grass,1,,server-1,363,0,0,,,
cache-off-warm100,90,3,7.3000,8567.402,48.216,8615.618,heart,the-wind-in-the-willows,1,,server-1,364,0,0,,,
cache-off-warm100,90,3,7.3111,8560.860,99.022,8659.882,he,the-hound-of-the-baskervilles,1,,server-1,365,0,0,,,
cache-off-warm100,90,3,7.3222,8550.180,107.211,8657.391,sea,black-beauty,1,,server-1,366,0,0,,,
cache-off-warm100,90,3,7.3333,8577.542,109.467,8687.010,whale,a-journey-to-the-centre-of-the-earth,1,,server-1,367,0,0,,,
cache-off-warm100,90,3,7.3444,8610.542,80.006,8690.548,heart,the-prince,1,,server-1,366,0,0,,,
cache-off-warm100,90,3,7.3556,8600.451,60.818,8661.269,castle,kidnapped,1,,server-1,366,0,0,,,
cache-off-warm100,90,3,7.3667,8604.255,88.429,8692.684,king,myths-and-legends-of-ancient-greece-and-rome,1,,server-1,367,0,0,,,
cache-off-warm100,90,3,7.3778,8604.311,176.298,8780.609,letter,treasure-island,1,,server-1,365,0,0,,,
cache-off-warm100,90,3,7.3889,8591.463,98.345,8689.808,and,memoirs-of-fanny-hill,1,,server-1,366,0,0,,,
cache-off-warm100,90,3,7.4000,8583.420,208.751,8792.171,was,adventures-of-huckleberry-finn,1,,server-1,367,0,0,,,
cache-off-warm100,90,3,7.4111,8624.322,128.630,8752.952,castle,thus-spake-zarathustra-a-book-for-all-and-none,1,,server-1,368,0,0,,,
cache-off-warm100,90,3,7.4222,8598.613,79.676,8678.289,he,the-war-of-the-worlds,1,,server-1,369,0,0,,,
cache-off-warm100,90,3,7.4333,8590.079,94.167,8684.245,and,poirot-investigates,1,,server-1,369,0,0,,,
cache-off-warm100,90,3,7.4444,8745.490,110.935,8856.425,you,desert-gold,1,,server-1,370,0,0,,,
cache-off-warm100,90,3,7.4556,8734.651,115.440,8850.090,of,the-mysterious-island,1,,server-1,371,0,0,,,
cache-off-warm100,90,3,7.4667,8726.599,17.775,8744.374,whale,poirot-investigates,1,,server-1,372,0,0,,,
cache-off-warm100,90,3,7.4778,8715.681,105.831,8821.512,the,walden-and-on-the-duty-of-civil-disobedience,1,,server-1,373,0,0,,,
cache-off-warm100,90,3,7.4889,8708.562,161.672,8870.234,was,meditations,1,,server-1,373,0,0,,,
cache-off-warm100,90,3,7.5000,8694.347,146.172,8840.519,night,dracula,1,,server-1,374,0,0,,,
cache-off-warm100,90,3,7.5111,8701.944,129.609,8831.553,london,frankenstein-or-the-modern-prometheus,1,,server-1,372,0,0,,,
cache-off-warm100,90,3,7.5222,8805.015,61.551,8866.566,death,the-works-of-edgar-allan-poe-volume-2,1,,server-1,373,0,0,,,
cache-off-warm100,90,3,7.5333,8768.441,155.954,8924.395,sea,twenty-thousand-leagues-under-the-sea,1,,server-1,374,0,0,,,
cache-off-warm100,90,3,7.5444,8798.222,77.825,8876.047,king,the-mysterious-island,1,,server-1,374,0,0,,,
cache-off-warm100,90,3,7.5556,8789.514,196.779,8986.293,death,great-expectations,1,,server-1,375,0,0,,,
cache-off-warm100,90,3,7.5667,8792.618,144.996,8937.614,money,the-innocents-abroad,1,,server-1,376,0,0,,,
cache-off-warm100,90,3,7.5778,8843.167,70.740,8913.907,whale,the-king-in-yellow,1,,server-1,377,0,0,,,
cache-off-warm100,90,3,7.5889,8865.571,49.671,8915.242,death,a-princess-of-mars,1,,server-1,378,0,0,,,
cache-off-warm100,90,3,7.6000,8866.948,148.060,9015.008,she,north-and-south,1,,server-1,379,0,0,,,
cache-off-warm100,90,3,7.6111,8894.490,84.630,8979.120,the,north-and-south,1,,server-1,379,0,0,,,
cache-off-warm100,90,3,7.6222,8891.742,71.977,8963.719,love,the-odyssey,1,,server-1,379,0,0,,,
cache-off-warm100,90,3,7.6333,8910.000,98.876,9008.876,she,a-princess-of-mars,1,,server-1,380,0,0,,,
cache-off-warm100,90,3,7.6444,8900.195,94.450,8994.645,was,hard-times,1,,server-1,378,0,0,,,
cache-off-warm100,90,3,7.6556,8957.337,162.350,9119.687,letter,northanger-abbey,1,,server-1,379,0,0,,,
cache-off-warm100,90,3,7.6667,8924.980,202.391,9127.371,and,white-fang,1,,server-1,380,0,0,,,
cache-off-warm100,90,3,7.6778,8961.748,109.433,9071.181,he,great-expectations,1,,server-1,380,0,0,,,
cache-off-warm100,90,3,7.6889,8927.009,77.661,9004.670,the,the-last-of-the-mohicans-a-narrative-of-1757,1,,server-1,381,0,0,,,
cache-off-warm100,90,3,7.7000,8945.853,245.974,9191.827,whale,silas-marner,1,,server-1,382,0,0,,,
cache-off-warm100,90,3,7.7111,8977.714,134.931,9112.645,you,the-adventures-of-tom-sawyer-complete,1,,server-1,383,0,0,,,
cache-off-warm100,90,3,7.7222,8972.368,136.667,9109.035,and,the-lost-world,1,,server-1,382,0,0,,,
cache-off-warm100,90,3,7.7333,8961.562,195.296,9156.858,of,the-age-of-innocence,1,,server-1,383,0,0,,,
cache-off-warm100,90,3,7.7444,9063.130,126.866,9189.996,she,the-hound-of-the-baskervilles,1,,server-1,384,0,0,,,
cache-off-warm100,90,3,7.7556,9051.308,118.071,9169.379,and,jane-eyre-an-autobiography,1,,server-1,385,0,0,,,
cache-off-warm100,90,3,7.7667,9126.387,114.116,9240.504,horse,wuthering-heights,1,,server-1,386,0,0,,,
cache-off-warm100,90,3,7.7778,9147.511,87.677,9235.187,sea,far-from-the-madding-crowd,1,,server-1,386,0,0,,,
cache-off-warm100,90,3,7.7889,9146.688,197.789,9344.476,she,the-works-of-edgar-allan-poe-volume-2,1,,server-1,387,0,0,,,
cache-off-warm100,90,3,7.8000,9139.092,69.555,9208.647,king,the-adventures-of-tom-sawyer-complete,1,,server-1,388,0,0,,,
cache-off-warm100,90,3,7.8111,9131.108,207.366,9338.474,castle,herland,1,,server-1,389,0,0,,,
cache-off-warm100,90,3,7.8222,9120.399,158.485,9278.885,king,treasure-island,1,,server-1,389,0,0,,,
cache-off-warm100,90,3,7.8333,9176.555,208.053,9384.608,money,north-and-south,1,,server-1,390,0,0,,,
cache-off-warm100,90,3,7.8444,9169.904,128.597,9298.501,was,the-first-men-in-the-moon,1,,server-1,391,0,0,,,
cache-off-warm100,90,3,7.8556,9170.283,127.607,9297.890,money,washington-square,1,,server-1,392,0,0,,,
cache-off-warm100,90,3,7.8667,9163.799,186.487,9350.286,was,agnes-grey,1,,server-1,392,0,0,,,
cache-off-warm100,90,3,7.8778,9202.779,139.865,9342.644,sea,poirot-investigates,1,,server-1,391,0,0,,,
cache-off-warm100,90,3,7.8889,9226.806,168.650,9395.455,night,the-age-of-innocence,1,,server-1,391,0,0,,,
cache-off-warm100,90,3,7.9000,9215.250,236.615,9451.865,whale,the-american,1,,server-1,392,0,0,,,
cache-off-warm100,90,3,7.9111,9235.025,166.565,9401.590,of,the-last-of-the-mohicans-a-narrative-of-1757-27681,1,,server-1,393,0,0,,,
cache-off-warm100,90,3,7.9222,9294.930,209.525,9504.455,horse,wuthering-heights,1,,server-1,394,0,0,,,
cache-off-warm100,90,3,7.9333,9269.220,225.862,9495.081,money,the-first-men-in-the-moon,1,,server-1,395,0,0,,,
cache-off-warm100,90,3,7.9444,9276.350,212.244,9488.594,money,the-odyssey,1,,server-1,393,0,0,,,
cache-off-warm100,90,3,7.9556,9268.896,236.253,9505.149,and,the-last-of-the-mohicans-a-narrative-of-1757-27681,1,,server-1,394,0,0,,,
cache-off-warm100,90,3,7.9667,9318.064,98.725,9416.788,death,the-adventures-of-ferdinand-count-fathom-complete,1,,server-1,395,0,0,,,
cache-off-warm100,90,3,7.9778,9335.927,178.333,9514.260,house,the-adventures-of-ferdinand-count-fathom-complete,1,,server-1,396,0,0,,,
cache-off-warm100,90,3,7.9889,9472.268,88.951,9561.219,money,great-expectations,1,,server-1,396,0,0,,,
cache-off-warm100,90,3,8.0000,9466.867,37.962,9504.829,the,agnes-grey,1,,server-1,397,0,0,,,
cache-off-warm100,90,3,8.0111,9482.571,94.245,9576.816,money,the-secret-adversary,1,,server-1,396,0,0,,,
cache-off-warm100,90,3,8.0222,9471.940,32.135,9504.075,castle,a-tale-of-two-cities,1,,server-1,397,0,0,,,
cache-off-warm100,90,3,8.0333,9516.522,35.642,9552.164,death,madame-bovary,1,,server-1,398,0,0,,,
cache-off-warm100,90,3,8.0444,9462.688,226.290,9688.978,was,frankenstein-or-the-modern-prometheus-41445,1,,server-1,397,0,0,,,
cache-off-warm100,90,3,8.0556,9491.721,65.607,9557.328,love,life-on-the-mississippi,1,,server-1,398,0,0,,,
cache-off-warm100,90,3,8.0667,9485.522,85.592,9571.114,night,sense-and-sensibility,1,,server-1,399,0,0,,,
cache-off-warm100,90,3,8.0778,9488.309,87.795,9576.104,was,dubliners,1,,server-1,400,0,0,,,
cache-off-warm100,90,3,8.0889,9551.364,138.326,9689.691,he,persuasion,1,,server-1,399,0,0,,,
cache-off-warm100,90,3,8.1000,9514.763,116.606,9631.369,horse,life-on-the-mississippi,1,,server-1,400,0,0,,,
cache-off-warm100,90,3,8.1111,9524.979,79.721,9604.700,you,black-beauty,1,,server-1,401,0,0,,,
cache-off-warm100,90,3,8.1222,9529.333,83.458,9612.791,heart,the-works-of-edgar-allan-poe-volume-2,1,,server-1,402,0,0,,,
cache-off-warm100,90,3,8.1333,9603.226,47.174,9650.400,love,oliver-twist,1,,server-1,403,0,0,,,
cache-off-warm100,90,3,8.1444,9591.336,106.175,9697.511,and,northanger-abbey,1,,server-1,403,0,0,,,
cache-off-warm100,90,3,8.1556,9559.654,131.732,9691.386,house,the-moonstone,1,,server-1,404,0,0,,,
cache-off-warm100,90,3,8.1667,9569.591,84.665,9654.256,was,silas-marner,1,,server-1,405,0,0,,,
cache-off-warm100,90,3,8.1778,9573.289,79.950,9653.239,was,meditations,1,,server-1,406,0,0,,,
cache-off-warm100,90,3,8.1889,9590.619,87.595,9678.214,horse,the-works-of-edgar-allan-poe-volume-2,1,,server-1,407,0,0,,,
cache-off-warm100,90,3,8.2000,9642.550,90.143,9732.693,castle,hard-times,1,,server-1,408,0,0,,,
cache-off-warm100,90,3,8.2111,9637.246,85.765,9723.011,she,his-last-bow,1,,server-1,409,0,0,,,
cache-off-warm100,90,3,8.2222,9645.276,49.727,9695.003,love,the-hound-of-the-baskervilles,1,,server-1,410,0,0,,,
cache-off-warm100,90,3,8.2333,9633.919,21.617,9655.537,night,a-journey-to-the-centre-of-the-earth,1,,server-1,411,0,0,,,
cache-off-warm100,90,3,8.2444,9645.025,139.619,9784.644,death,a-connecticut-yankee-in-king-arthur-s-court,1,,server-1,412,0,0,,,
cache-off-warm100,90,3,8.2556,9678.696,116.535,9795.231,sea,washington-square,1,,server-1,411,0,0,,,
cache-off-warm100,90,3,8.2667,9623.382,135.896,9759.278,you,great-expectations,1,,server-1,412,0,0,,,
cache-off-warm100,90,3,8.2778,9612.826,127.411,9740.237,horse,the-king-in-yellow,1,,server-1,413,0,0,,,
cache-off-warm100,90,3,8.2889,9629.182,311.914,9941.096,night,great-expectations,1,,server-1,414,0,0,,,
cache-off-warm100,90,3,8.3000,9617.904,106.895,9724.799,you,the-mystery-of-edwin-drood,1,,server-1,414,0,0,,,
cache-off-warm100,90,3,8.3111,9623.673,266.350,9890.023,was,the-adventures-of-tom-sawyer-complete,1,,server-1,415,0,0,,,
cache-off-warm100,90,3,8.3222,9706.782,174.034,9880.816,house,thus-spake-zarathustra-a-book-for-all-and-none,1,,server-1,415,0,0,,,
cache-off-warm100,90,3,8.3333,9606.721,294.354,9901.075,and,jude-the-obscure,1,,server-1,414,0,0,,,
cache-off-warm100,90,3,8.3444,9595.214,186.787,9782.001,night,the-last-of-the-mohicans-a-narrative-of-1757-27681,1,,server-1,414,0,0,,,
cache-off-warm100,90,3,8.3556,9672.235,293.321,9965.556,the,the-house-of-the-seven-gables,1,,server-1,415,0,0,,,
cache-off-warm100,90,3,8.3667,9662.750,213.963,9876.713,she,the-mysterious-affair-at-styles,1,,server-1,416,0,0,,,
cache-off-warm100,90,3,8.3778,9650.481,360.496,10010.977,horse,villette,1,,server-1,415,0,0,,,
cache-off-warm100,90,3,8.3889,9667.308,352.614,10019.921,sea,the-secret-garden-17396,1,,server-1,413,0,0,,,
cache-off-warm100,90,3,8.4000,9726.441,200.513,9926.954,the,northanger-abbey,1,,server-1,414,0,0,,,
cache-off-warm100,90,3,8.4111,9832.671,203.144,10035.815,you,hard-times,1,,server-1,415,0,0,,,
cache-off-warm100,90,3,8.4222,9778.980,184.343,9963.324,whale,the-last-of-the-mohicans-a-narrative-of-1757-27681,1,,server-1,416,0,0,,,
cache-off-warm100,90,3,8.4333,9797.462,258.400,10055.862,london,emma,1,,server-1,417,0,0,,,
cache-off-warm100,90,3,8.4444,9860.369,219.008,10079.377,was,desert-gold,1,,server-1,418,0,0,,,
cache-off-warm100,90,3,8.4556,9872.770,158.106,10030.876,and,the-portrait-of-a-lady-volume-1,1,,server-1,419,0,0,,,
cache-off-warm100,90,3,8.4667,9925.247,137.593,10062.840,was,great-expectations,1,,server-1,420,0,0,,,
cache-off-warm100,90,3,8.4778,9886.207,222.368,10108.575,of,north-and-south,1,,server-1,421,0,0,,,
cache-off-warm100,90,3,8.4889,9956.262,114.329,10070.591,horse,north-and-south,1,,server-1,422,0,0,,,
cache-off-warm100,90,3,8.5000,9892.648,225.738,10118.386,king,the-adventures-of-sherlock-holmes,1,,server-1,422,0,0,,,
cache-off-warm100,90,3,8.5111,10045.091,155.071,10200.163,london,the-tenant-of-wildfell-hall,1,,server-1,423,0,0,,,
cache-off-warm100,90,3,8.5222,10008.114,114.932,10123.046,the,madame-bovary,1,,server-1,422,0,0,,,
cache-off-warm100,90,3,8.5333,9997.341,214.126,10211.466,he,the-portrait-of-a-lady-volume-1,1,,server-1,423,0,0,,,
cache-off-warm100,90,3,8.5444,10042.058,95.189,10137.246,he,the-odyssey,1,,server-1,423,0,0,,,
cache-off-warm100,90,3,8.5556,10122.913,314.996,10437.909,death,mary-barton,1,,server-1,423,0,0,,,
cache-off-warm100,90,3,8.5667,10053.524,201.771,10255.295,the,far-from-the-madding-crowd,1,,server-1,423,0,0,,,
cache-off-warm100,90,3,8.5778,10042.652,98.223,10140.875,heart,the-prince,1,,server-1,424,0,0,,,
cache-off-warm100,90,3,8.5889,10129.002,246.339,10375.341,castle,the-last-of-the-mohicans-a-narrative-of-1757,1,,server-1,425,0,0,,,
cache-off-warm100,90,3,8.6000,10022.337,178.092,10200.429,money,the-mysterious-island,1,,server-1,426,0,0,,,
cache-off-warm100,90,3,8.6111,10071.868,112.762,10184.631,love,the-wind-in-the-willows,1,,server-1,427,0,0,,,
cache-off-warm100,90,3,8.6222,10086.254,143.027,10229.281,was,the-romance-of-lust-a-classic-victorian-erotic-novel,1,,server-1,428,0,0,,,
cache-off-warm100,90,3,8.6333,10213.914,150.300,10364.214,castle,desperate-remedies,1,,server-1,429,0,0,,,
cache-off-warm100,90,3,8.6444,10203.078,144.448,10347.526,london,the-wind-in-the-willows,1,,server-1,429,0,0,,,
cache-off-warm100,90,3,8.6556,10192.036,145.064,10337.100,heart,jude-the-obscure,1,,server-1,430,0,0,,,
cache-off-warm100,90,3,8.6667,10276.123,69.163,10345.286,money,white-fang,1,,server-1,429,0,0,,,
cache-off-warm100,90,3,8.6778,10315.269,99.027,10414.296,money,the-adventures-of-ferdinand-count-fathom-complete,1,,server-1,430,0,0,,,
cache-off-warm100,90,3,8.6889,10304.981,144.242,10449.223,horse,the-scarlet-letter,1,,server-1,431,0,0,,,
cache-off-warm100,90,3,8.7000,10298.087,55.574,10353.661,castle,the-tenant-of-wildfell-hall,1,,server-1,432,0,0,,,
cache-off-warm100,90,3,8.7111,10289.680,49.712,10339.392,sea,wuthering-heights,1,,server-1,430,0,0,,,
cache-off-warm100,90,3,8.7222,10289.567,151.965,10441.532,whale,frankenstein-or-the-modern-prometheus-41445,1,,server-1,431,0,0,,,
cache-off-warm100,90,3,8.7333,10278.794,245.464,10524.258,money,leaves-of-grass,1,,server-1,432,0,0,,,
cache-off-warm100,90,3,8.7444,10305.981,59.244,10365.225,house,the-return-of-sherlock-holmes,1,,server-1,433,0,0,,,
cache-off-warm100,90,3,8.7556,10298.193,246.532,10544.725,you,the-war-of-the-worlds,1,,server-1,434,0,0,,,
cache-off-warm100,90,3,8.7667,10293.601,97.566,10391.167,horse,memoirs-of-fanny-hill,1,,server-1,435,0,0,,,
cache-off-warm100,90,3,8.7778,10344.499,223.272,10567.771,was,the-great-gatsby,1,,server-1,436,0,0,,,
cache-off-warm100,90,3,8.7889,10375.831,281.520,10657.351,horse,around-the-world-in-eighty-days,1,,server-1,437,0,0,,,
cache-off-warm100,90,3,8.8000,10310.098,407.401,10717.499,love,the-tenant-of-wildfell-hall,1,,server-1,438,0,0,,,
cache-off-warm100,90,3,8.8111,10297.179,187.002,10484.181,king,a-princess-of-mars,1,,server-1,439,0,0,,,
cache-off-warm100,90,3,8.8222,10289.169,131.615,10420.784,was,the-secret-garden-17396,1,,server-1,438,0,0,,,
cache-off-warm100,90,3,8.8333,10330.070,220.202,10550.271,of,frankenstein-or-the-modern-prometheus-41445,1,,server-1,437,0,0,,,
cache-off-warm100,90,3,8.8444,10415.165,155.670,10570.835,heart,the-mystery-of-edwin-drood,1,,server-1,436,0,0,,,
cache-off-warm100,90,3,8.8556,10435.491,216.090,10651.581,king,the-memoirs-of-sherlock-holmes,1,,server-1,437,0,0,,,
cache-off-warm100,90,3,8.8667,10393.350,184.848,10578.198,castle,the-age-of-innocence,1,,server-1,438,0,0,,,
cache-off-warm100,90,3,8.8778,10423.085,208.735,10631.820,castle,the-lost-world,1,,server-1,439,0,0,,,
cache-off-warm100,90,3,8.8889,10628.342,102.202,10730.544,house,little-women,1,,server-1,439,0,0,,,
cache-off-warm100,90,3,8.9000,10448.308,319.432,10767.739,you,his-last-bow,1,,server-1,440,0,0,,,
cache-off-warm100,90,3,8.9111,10412.205,208.905,10621.110,whale,agnes-grey,1,,server-1,440,0,0,,,
cache-off-warm100,90,3,8.9222,10526.281,337.645,10863.926,sea,his-last-bow,1,,server-1,441,0,0,,,
cache-off-warm100,90,3,8.9333,10602.780,190.139,10792.918,horse,a-tale-of-two-cities,1,,server-1,442,0,0,,,
cache-off-warm100,90,3,8.9444,10534.167,122.059,10656.226,castle,north-and-south,1,,server-1,442,0,0,,,
cache-off-warm100,90,3,8.9556,10609.802,106.729,10716.531,night,the-adventures-of-ferdinand-count-fathom-complete,1,,server-1,441,0,0,,,
cache-off-warm100,90,3,8.9667,10569.603,139.774,10709.378,king,life-on-the-mississippi,1,,server-1,442,0,0,,,
cache-off-warm100,90,3,8.9778,10558.398,289.089,10847.487,letter,cranford,1,,server-1,443,0,0,,,
cache-off-warm100,90,3,8.9889,10617.283,236.985,10854.268,the,the-prince,1,,server-1,444,0,0,,,
cache-off-warm100,90,3,9.0000,10619.903,163.952,10783.855,london,the-scarlet-letter,1,,server-1,445,0,0,,,
cache-off-warm100,90,3,9.0111,10669.635,109.166,10778.801,king,twenty-thousand-leagues-under-the-sea,1,,server-1,446,0,0,,,
cache-off-warm100,90,3,9.0222,10801.716,146.095,10947.811,he,meditations,1,,server-1,447,0,0,,,
cache-off-warm100,90,3,9.0333,10705.807,84.422,10790.230,she,herland,1,,server-1,448,0,0,,,
cache-off-warm100,90,3,9.0444,10778.899,63.308,10842.207,death,the-song-of-the-lark,1,,server-1,449,0,0,,,
cache-off-warm100,90,3,9.0556,10735.989,114.187,10850.176,horse,the-house-of-the-seven-gables,1,,server-1,450,0,0,,,
cache-off-warm100,90,3,9.0667,10757.090,102.301,10859.391,london,sense-and-sensibility,1,,server-1,450,0,0,,,
cache-off-warm100,90,3,9.0778,10750.109,146.137,10896.245,sea,the-hound-of-the-baskervilles-3070,1,,server-1,451,0,0,,,
cache-off-warm100,90,3,9.0889,10799.898,252.016,11051.914,king,black-beauty,1,,server-1,449,0,0,,,
cache-off-warm100,90,3,9.1000,10788.577,153.055,10941.632,you,life-on-the-mississippi,1,,server-1,450,0,0,,,
cache-off-warm100,90,3,9.1111,10776.199,112.894,10889.092,london,anne-of-green-gables,1,,server-1,449,0,0,,,
cache-off-warm100,90,3,9.1222,10766.973,68.642,10835.615,castle,meditations,1,,server-1,450,0,0,,,
cache-off-warm100,90,3,9.1333,10904.601,80.927,10985.528,heart,the-return-of-sherlock-holmes,1,,server-1,449,0,0,,,
cache-off-warm100,90,3,9.1444,10784.581,140.546,10925.127,king,the-scarlet-letter,1,,server-1,450,0,0,,,
cache-off-warm100,90,3,9.1556,10845.037,115.325,10960.363,horse,around-the-world-in-eighty-days,1,,server-1,451,0,0,,,
cache-off-warm100,90,3,9.1667,10859.396,95.502,10954.898,you,twenty-thousand-leagues-under-the-sea,1,,server-1,451,0,0,,,
cache-off-warm100,90,3,9.1778,10868.029,108.616,10976.646,london,the-great-gatsby,1,,server-1,452,0,0,,,
cache-off-warm100,90,3,9.1889,10882.499,81.988,10964.487,horse,autobiography-of-benjamin-franklin,1,,server-1,453,0,0,,,
cache-off-warm100,90,3,9.2000,10941.216,55.302,10996.519,and,the-mysterious-affair-at-styles,1,,server-1,454,0,0,,,
cache-off-warm100,90,3,9.2111,10948.091,161.440,11109.531,castle,jude-the-obscure,1,,server-1,455,0,0,,,
cache-off-warm100,90,3,9.2222,10936.447,105.283,11041.731,he,the-secret-garden,1,,server-1,455,0,0,,,
cache-off-warm100,90,3,9.2333,10959.943,124.986,11084.929,castle,life-on-the-mississippi,1,,server-1,455,0,0,,,
cache-off-warm100,90,3,9.2444,10958.916,151.649,11110.565,you,the-adventures-of-sherlock-holmes,1,,server-1,456,0,0,,,
cache-off-warm100,90,3,9.2556,11040.596,99.737,11140.333,castle,autobiography-of-benjamin-franklin,1,,server-1,457,0,0,,,
cache-off-warm100,90,3,9.2667,11030.838,123.527,11154.365,of,desert-gold,1,,server-1,458,0,0,,,
cache-off-warm100,90,3,9.2778,11078.662,110.902,11189.564,sea,the-adventures-of-tom-sawyer-complete,1,,server-1,459,0,0,,,
cache-off-warm100,90,3,9.2889,11034.166,94.325,11128.491,whale,washington-square,1,,server-1,460,0,0,,,
cache-off-warm100,90,3,9.3000,11120.872,119.214,11240.086,money,little-women,1,,server-1,461,0,0,,,
cache-off-warm100,90,3,9.3111,11106.703,52.488,11159.192,the,the-return-of-sherlock-holmes-108,1,,server-1,459,0,0,,,
cache-off-warm100,90,3,9.3222,11150.474,84.751,11235.225,king,northanger-abbey,1,,server-1,459,0,0,,,
cache-off-warm100,90,3,9.3333,11137.355,93.162,11230.517,you,the-innocents-abroad,1,,server-1,460,0,0,,,
cache-off-warm100,90,3,9.3444,11127.311,175.590,11302.902,love,the-romance-of-lust-a-classic-victorian-erotic-novel,1,,server-1,461,0,0,,,
cache-off-warm100,90,3,9.3556,11184.996,111.356,11296.352,heart,the-portrait-of-a-lady-volume-1,1,,server-1,462,0,0,,,
cache-off-warm100,90,3,9.3667,11173.498,88.573,11262.071,whale,the-house-of-mirth,1,,server-1,462,0,0,,,
cache-off-warm100,90,3,9.3778,11162.569,39.005,11201.574,house,herland,1,,server-1,463,0,0,,,
cache-off-warm100,90,3,9.3889,11190.679,114.755,11305.434,whale,a-journey-to-the-centre-of-the-earth,1,,server-1,464,0,0,,,
cache-off-warm100,90,3,9.4000,11181.143,116.485,11297.628,and,the-last-of-the-mohicans-a-narrative-of-1757-27681,1,,server-1,464,0,0,,,
cache-off-warm100,90,3,9.4111,11170.108,155.736,11325.843,was,the-jungle-book,1,,server-1,465,0,0,,,
cache-off-warm100,90,3,9.4222,11276.458,38.001,11314.459,money,the-jungle,1,,server-1,466,0,0,,,
cache-off-warm100,90,3,9.4333,11264.452,76.074,11340.526,the,the-war-of-the-worlds,1,,server-1,467,0,0,,,
cache-off-warm100,90,3,9.4444,11255.872,63.812,11319.683,love,great-expectations,1,,server-1,468,0,0,,,
cache-off-warm100,90,3,9.4556,11245.323,101.337,11346.660,love,the-kama-sutra-of-vatsyayana,1,,server-1,467,0,0,,,
cache-off-warm100,90,3,9.4667,11270.324,93.585,11363.909,death,far-from-the-madding-crowd,1,,server-1,468,0,0,,,
cache-off-warm100,90,3,9.4778,11293.805,149.225,11443.030,london,twenty-thousand-leagues-under-the-sea,1,,server-1,469,0,0,,,
cache-off-warm100,90,3,9.4889,11285.642,52.198,11337.840,king,his-last-bow,1,,server-1,470,0,0,,,
cache-off-warm100,90,3,9.5000,11274.867,85.281,11360.148,money,the-house-of-mirth,1,,server-1,471,0,0,,,
cache-off-warm100,90,3,9.5111,11266.064,79.513,11345.577,she,cranford,1,,server-1,472,0,0,,,
cache-off-warm100,90,3,9.5222,11309.578,158.077,11467.655,the,the-romance-of-lust-a-classic-victorian-erotic-novel,1,,server-1,472,0,0,,,
cache-off-warm100,90,3,9.5333,11298.984,153.896,11452.880,he,cranford,1,,server-1,472,0,0,,,
cache-off-warm100,90,3,9.5444,11445.568,164.427,11609.995,sea,the-secret-garden-17396,1,,server-1,470,0,0,,,
cache-off-warm100,90,3,9.5556,11301.736,175.491,11477.227,and,the-adventures-of-ferdinand-count-fathom-complete,1,,server-1,471,0,0,,,
cache-off-warm100,90,3,9.5667,11316.907,145.457,11462.364,you,the-war-of-the-worlds,1,,server-1,471,0,0,,,
cache-off-warm100,90,3,9.5778,11304.360,149.985,11454.345,london,a-connecticut-yankee-in-king-arthur-s-court,1,,server-1,472,0,0,,,
cache-off-warm100,90,3,9.5889,11294.183,255.810,11549.993,king,mansfield-park,1,,server-1,473,0,0,,,
cache-off-warm100,90,3,9.6000,11384.165,168.125,11552.290,castle,the-innocents-abroad,1,,server-1,472,0,0,,,
cache-off-warm100,90,3,9.6111,11373.181,88.322,11461.503,of,the-secret-adversary,1,,server-1,473,0,0,,,
cache-off-warm100,90,3,9.6222,11405.076,49.157,11454.234,money,jude-the-obscure,1,,server-1,473,0,0,,,
cache-off-warm100,90,3,9.6333,11402.170,352.791,11754.962,you,madame-bovary,1,,server-1,474,0,0,,,
cache-off-warm100,90,3,9.6444,11390.062,310.079,11700.141,of,oliver-twist,1,,server-1,473,0,0,,,
cache-off-warm100,90,3,9.6556,11414.308,250.372,11664.680,love,oliver-twist,1,,server-1,474,0,0,,,
cache-off-warm100,90,3,9.6667,11369.519,212.399,11581.918,castle,great-expectations,1,,server-1,475,0,0,,,
cache-off-warm100,90,3,9.6778,11458.543,114.719,11573.263,london,treasure-island,1,,server-1,476,0,0,,,
cache-off-warm100,90,3,9.6889,11473.428,126.630,11600.057,london,the-warden,1,,server-1,477,0,0,,,
cache-off-warm100,90,3,9.7000,11458.400,214.918,11673.317,love,sense-and-sensibility,1,,server-1,478,0,0,,,
cache-off-warm100,90,3,9.7111,11462.877,171.613,11634.490,horse,frankenstein-or-the-modern-prometheus,1,,server-1,479,0,0,,,
cache-off-warm100,90,3,9.7222,11451.129,175.437,11626.566,the,a-journey-to-the-centre-of-the-earth,1,,server-1,480,0,0,,,
cache-off-warm100,90,3,9.7333,11617.738,59.554,11677.291,and,the-adventures-of-ferdinand-count-fathom-complete,1,,server-1,481,0,0,,,
cache-off-warm100,90,3,9.7444,11609.452,82.158,11691.610,horse,leaves-of-grass,1,,server-1,479,0,0,,,
cache-off-warm100,90,3,9.7556,11633.580,127.128,11760.708,he,the-kama-sutra-of-vatsyayana,1,,server-1,480,0,0,,,
cache-off-warm100,90,3,9.7667,11622.169,30.742,11652.910,king,the-prince,1,,server-1,481,0,0,,,
cache-off-warm100,90,3,9.7778,11612.434,180.699,11793.133,she,the-jungle,1,,server-1,482,0,0,,,
cache-off-warm100,90,3,9.7889,11601.604,109.264,11710.869,king,the-picture-of-dorian-gray,1,,server-1,483,0,0,,,
cache-off-warm100,90,3,9.8000,11613.220,31.395,11644.615,whale,the-hound-of-the-baskervilles,1,,server-1,484,0,0,,,
cache-off-warm100,90,3,9.8111,11625.216,60.082,11685.298,the,north-and-south,1,,server-1,485,0,0,,,
cache-off-warm100,90,3,9.8222,11625.974,174.564,11800.538,castle,herland,1,,server-1,486,0,0,,,
cache-off-warm100,90,3,9.8333,11698.090,194.200,11892.290,letter,a-journey-to-the-centre-of-the-earth,1,,server-1,487,0,0,,,
cache-off-warm100,90,3,9.8444,11726.312,131.891,11858.203,whale,treasure-island,1,,server-1,488,0,0,,,
cache-off-warm100,90,3,9.8556,11711.992,85.092,11797.083,the,the-mysterious-affair-at-styles,1,,server-1,489,0,0,,,
cache-off-warm100,90,3,9.8667,11706.248,159.606,11865.854,the,grimms-fairy-tales,1,,server-1,487,0,0,,,
cache-off-warm100,90,3,9.8778,11695.754,159.167,11854.921,heart,the-romance-of-lust-a-classic-victorian-erotic-novel,1,,server-1,488,0,0,,,
cache-off-warm100,90,3,9.8889,11699.370,146.949,11846.318,money,leaves-of-grass,1,,server-1,488,0,0,,,
cache-off-warm100,90,3,9.9000,11751.923,125.778,11877.701,of,walden-and-on-the-duty-of-civil-disobedience,1,,server-1,487,0,0,,,
cache-off-warm100,90,3,9.9111,11819.156,76.911,11896.067,he,myths-and-legends-of-ancient-greece-and-rome,1,,server-1,488,0,0,,,
cache-off-warm100,90,3,9.9222,11803.925,56.048,11859.973,house,myths-and-legends-of-ancient-greece-and-rome,1,,server-1,488,0,0,,,
cache-off-warm100,90,3,9.9333,11799.028,135.159,11934.186,she,black-beauty,1,,server-1,489,0,0,,,
cache-off-warm100,90,3,9.9444,11821.107,240.696,12061.802,castle,herland,1,,server-1,490,0,0,,,
cache-off-warm100,90,3,9.9556,11852.119,67.541,11919.660,letter,desert-gold,1,,server-1,491,0,0,,,
cache-off-warm100,90,3,9.9667,11842.402,177.346,12019.748,letter,mansfield-park,1,,server-1,492,0,0,,,
cache-off-warm100,90,3,9.9778,11832.928,123.572,11956.500,house,anne-of-green-gables,1,,server-1,492,0,0,,,
cache-off-warm100,90,3,9.9889,11824.688,100.104,11924.792,london,the-mysterious-affair-at-styles,1,,server-1,493,0,0,,,
cache-off-warm100,90,3,10.0000,11821.382,181.995,12003.377,you,black-beauty,1,,server-1,491,0,0,,,
cache-off-warm100,90,3,10.0111,11864.066,179.949,12044.015,horse,the-house-of-mirth,1,,server-1,492,0,0,,,
cache-off-warm100,90,3,10.0222,11971.579,142.425,12114.004,house,villette,1,,server-1,493,0,0,,,
cache-off-warm100,90,3,10.0333,11952.653,72.886,12025.539,king,twenty-thousand-leagues-under-the-sea,1,,server-1,494,0,0,,,
cache-off-warm100,90,3,10.0444,11901.119,75.645,11976.764,king,northanger-abbey,1,,server-1,494,0,0,,,
cache-off-warm100,90,3,10.0556,11948.510,72.322,12020.832,night,his-last-bow,1,,server-1,495,0,0,,,
cache-off-warm100,90,3,10.0667,11926.925,161.710,12088.635,the,the-moonstone,1,,server-1,495,0,0,,,
cache-off-warm100,90,3,10.0778,11943.503,182.336,12125.840,was,the-hound-of-the-baskervilles,1,,server-1,496,0,0,,,
cache-off-warm100,90,3,10.0889,11932.802,165.500,12098.302,night,silas-marner,1,,server-1,496,0,0,,,
cache-off-warm100,90,3,10.1000,11962.381,107.072,12069.453,love,cranford,1,,server-1,497,0,0,,,
cache-off-warm100,90,3,10.1111,11952.738,103.874,12056.612,whale,walden-and-on-the-duty-of-civil-disobedience,1,,server-1,498,0,0,,,
cache-off-warm100,90,3,10.1222,11952.910,242.989,12195.899,and,little-women,1,,server-1,498,0,0,,,
cache-off-warm100,90,3,10.1333,11932.290,206.943,12139.233,letter,silas-marner,1,,server-1,499,0,0,,,
cache-off-warm100,90,3,10.1444,12060.392,70.643,12131.034,love,tess-of-the-d-urbervilles-a-pure-woman,1,,server-1,500,0,0,,,
cache-off-warm100,90,3,10.1556,12050.735,116.113,12166.848,horse,the-last-of-the-mohicans-a-narrative-of-1757-27681,1,,server-1,501,0,0,,,
cache-off-warm100,90,3,10.1667,12109.069,135.703,12244.772,love,pride-and-prejudice,1,,server-1,502,0,0,,,
cache-off-warm100,90,3,10.1778,12145.225,121.066,12266.291,you,cranford,1,,server-1,503,0,0,,,
cache-off-warm100,90,3,10.1889,12108.031,112.639,12220.670,death,the-adventures-of-ferdinand-count-fathom-complete,1,,server-1,503,0,0,,,
cache-off-warm100,90,3,10.2000,12125.450,184.603,12310.053,money,dracula,1,,server-1,504,0,0,,,
cache-off-warm100,90,3,10.2111,12117.358,221.242,12338.600,she,the-romance-of-lust-a-classic-victorian-erotic-novel,1,,server-1,503,0,0,,,
cache-off-warm100,90,3,10.2222,12103.800,179.545,12283.345,london,dubliners,1,,server-1,502,0,0,,,
cache-off-warm100,90,3,10.2333,12107.321,313.153,12420.474,he,jane-eyre-an-autobiography,1,,server-1,503,0,0,,,
cache-off-warm100,90,3,10.2444,12134.443,156.902,12291.345,money,pride-and-prejudice,1,,server-1,504,0,0,,,
cache-off-warm100,90,3,10.2556,12150.355,171.714,12322.069,money,persuasion,1,,server-1,505,0,0,,,
cache-off-warm100,90,3,10.2667,12201.874,232.561,12434.435,night,villette,1,,server-1,506,0,0,,,
cache-off-warm100,90,3,10.2778,12233.113,196.889,12430.002,you,the-iliad-2199,1,,server-1,505,0,0,,,
cache-off-warm100,90,3,10.2889,12241.662,173.906,12415.568,was,the-iliad,1,,server-1,506,0,0,,,
cache-off-warm100,90,3,10.3000,12350.262,238.200,12588.462,he,oliver-twist,1,,server-1,506,0,0,,,
cache-off-warm100,90,3,10.3111,12396.075,287.994,12684.069,the,myths-and-legends-of-ancient-greece-and-rome,1,,server-1,507,0,0,,,
cache-off-warm100,90,3,10.3222,12387.084,17.250,12404.334,heart,the-scarlet-letter,1,,server-1,508,0,0,,,
cache-off-warm100,90,3,10.3333,12379.008,180.839,12559.847,castle,emma,1,,server-1,509,0,0,,,
cache-off-warm100,90,3,10.3444,12368.347,140.520,12508.867,night,villette,1,,server-1,510,0,0,,,
cache-off-warm100,90,3,10.3556,12375.903,273.036,12648.939,whale,autobiography-of-benjamin-franklin,1,,server-1,511,0,0,,,
cache-off-warm100,90,3,10.3667,12377.421,286.672,12664.093,whale,the-wind-in-the-willows,1,,server-1,512,0,0,,,
cache-off-warm100,90,3,10.3778,12475.697,242.056,12717.753,she,the-last-of-the-mohicans-a-narrative-of-1757,1,,server-1,513,0,0,,,
cache-off-warm100,90,3,10.3889,12492.882,242.017,12734.899,you,the-return-of-sherlock-holmes-108,1,,server-1,514,0,0,,,
cache-off-warm100,90,3,10.4000,12486.227,119.172,12605.399,letter,the-adventures-of-sherlock-holmes,1,,server-1,515,0,0,,,
cache-off-warm100,90,3,10.4111,12477.975,203.441,12681.416,castle,the-innocents-abroad,1,,server-1,516,0,0,,,
cache-off-warm100,90,3,10.4222,12513.252,185.947,12699.198,night,mary-barton,1,,server-1,517,0,0,,,
cache-off-warm100,90,3,10.4333,12691.258,295.701,12986.959,whale,tess-of-the-d-urbervilles-a-pure-woman,1,,server-1,518,0,0,,,
cache-off-warm100,90,3,10.4444,12560.313,180.087,12740.400,king,the-song-of-the-lark,1,,server-1,518,0,0,,,
cache-off-warm100,90,3,10.4556,12563.400,242.781,12806.180,castle,wuthering-heights,1,,server-1,518,0,0,,,
cache-off-warm100,90,3,10.4667,12654.405,39.158,12693.563,horse,his-last-bow,1,,server-1,517,0,0,,,
cache-off-warm100,90,3,10.4778,12640.800,299.573,12940.373,night,northanger-abbey,1,,server-1,518,0,0,,,
cache-off-warm100,90,3,10.4889,12632.213,26.620,12658.833,you,the-house-of-the-seven-gables,1,,server-1,519,0,0,,,
cache-off-warm100,90,3,10.5000,12627.887,113.379,12741.266,letter,myths-and-legends-of-ancient-greece-and-rome,1,,server-1,518,0,0,,,
cache-off-warm100,90,3,10.5111,12637.265,272.814,12910.079,king,the-moonstone,1,,server-1,519,0,0,,,
cache-off-warm100,90,3,10.5222,12628.313,270.709,12899.023,he,little-women,1,,server-1,520,0,0,,,
cache-off-warm100,90,3,10.5333,12718.994,176.801,12895.795,she,his-last-bow,1,,server-1,521,0,0,,,
cache-off-warm100,90,3,10.5444,12722.963,201.386,12924.349,she,the-mystery-of-edwin-drood,1,,server-1,522,0,0,,,
cache-off-warm100,90,3,10.5556,12712.868,327.308,13040.176,love,the-adventures-of-ferdinand-count-fathom-complete,1,,server-1,520,0,0,,,
cache-off-warm100,90,3,10.5667,12853.832,188.303,13042.135,and,the-return-of-sherlock-holmes,1,,server-1,520,0,0,,,
cache-off-warm100,90,3,10.5778,12807.202,87.093,12894.295,the,the-jungle,1,,server-1,521,0,0,,,
cache-off-warm100,90,3,10.5889,12831.376,286.534,13117.910,night,jane-eyre-an-autobiography,1,,server-1,522,0,0,,,
cache-off-warm100,90,3,10.6000,12831.801,457.140,13288.941,she,oliver-twist,1,,server-1,522,0,0,,,
cache-off-warm100,90,3,10.6111,12822.217,238.994,13061.211,king,the-adventures-of-sherlock-holmes,1,,server-1,522,0,0,,,
cache-off-warm100,90,3,10.6222,12811.504,94.171,12905.675,she,the-war-of-the-worlds,1,,server-1,523,0,0,,,
cache-off-warm100,90,3,10.6333,12835.772,124.002,12959.775,sea,the-secret-garden,1,,server-1,524,0,0,,,
cache-off-warm100,90,3,10.6444,12828.272,253.104,13081.375,castle,the-mystery-of-edwin-drood,1,,server-1,525,0,0,,,
cache-off-warm100,90,3,10.6556,12844.767,206.229,13050.997,sea,desperate-remedies,1,,server-1,526,0,0,,,
cache-off-warm100,90,3,10.6667,12884.525,158.783,13043.307,of,the-mysterious-island,1,,server-1,525,0,0,,,
cache-off-warm100,90,3,10.6778,12993.777,160.913,13154.690,king,the-hound-of-the-baskervilles-3070,1,,server-1,526,0,0,,,
cache-off-warm100,90,3,10.6889,12961.920,166.532,13128.453,letter,the-first-men-in-the-moon,1,,server-1,527,0,0,,,
cache-off-warm100,90,3,10.7000,12975.983,145.825,13121.807,you,persuasion,1,,server-1,528,0,0,,,
cache-off-warm100,90,3,10.7111,12995.152,113.095,13108.247,and,the-return-of-sherlock-holmes,1,,server-1,529,0,0,,,
cache-off-warm100,90,3,10.7222,13001.795,47.116,13048.912,whale,dubliners,1,,server-1,530,0,0,,,
cache-off-warm100,90,3,10.7333,13084.183,145.575,13229.759,london,a-princess-of-mars,1,,server-1,530,0,0,,,
cache-off-warm100,90,3,10.7444,13071.888,79.210,13151.098,was,oliver-twist,1,,server-1,531,0,0,,,
cache-off-warm100,90,3,10.7556,13094.906,112.268,13207.174,king,the-mysterious-affair-at-styles,1,,server-1,531,0,0,,,
cache-off-warm100,90,3,10.7667,13121.680,140.479,13262.160,and,the-war-of-the-worlds,1,,server-1,530,0,0,,,
cache-off-warm100,90,3,10.7778,13110.852,57.088,13167.940,money,memoirs-of-fanny-hill,1,,server-1,531,0,0,,,
cache-off-warm100,90,3,10.7889,13101.318,145.728,13247.046,he,mary-barton,1,,server-1,532,0,0,,,
cache-off-warm100,90,3,10.8000,13124.686,107.426,13232.112,whale,desperate-remedies,1,,server-1,531,0,0,,,
cache-off-warm100,90,3,10.8111,13165.678,74.162,13239.840,whale,black-beauty,1,,server-1,532,0,0,,,
cache-off-warm100,90,3,10.8222,13206.800,108.043,13314.843,she,frankenstein-or-the-modern-prometheus-41445,1,,server-1,533,0,0,,,
cache-off-warm100,90,3,10.8333,13195.840,147.872,13343.711,sea,the-moonstone,1,,server-1,533,0,0,,,
cache-off-warm100,90,3,10.8444,13194.726,159.346,13354.072,he,pride-and-prejudice,1,,server-1,534,0,0,,,
cache-off-warm100,90,3,10.8556,13194.041,68.810,13262.852,castle,herland,1,,server-1,535,0,0,,,
cache-off-warm100,90,3,10.8667,13186.544,142.532,13329.076,sea,dubliners,1,,server-1,536,0,0,,,
cache-off-warm100,90,3,10.8778,13266.329,81.688,13348.017,love,hard-times,1,,server-1,537,0,0,,,
cache-off-warm100,90,3,10.8889,13288.414,152.303,13440.717,letter,the-last-of-the-mohicans-a-narrative-of-1757,1,,server-1,538,0,0,,,
cache-off-warm100,90,3,10.9000,13298.625,48.377,13347.002,of,mary-barton,1,,server-1,539,0,0,,,
cache-off-warm100,90,3,10.9111,13288.081,82.275,13370.355,sea,grimms-fairy-tales,1,,server-1,539,0,0,,,
cache-off-warm100,90,3,10.9222,13277.120,58.663,13335.783,you,washington-square,1,,server-1,539,0,0,,,
cache-off-warm100,90,3,10.9333,13268.983,108.680,13377.663,the,emma,1,,server-1,540,0,0,,,
cache-off-warm100,90,3,10.9444,13338.098,103.061,13441.159,heart,mary-barton,1,,server-1,541,0,0,,,
cache-off-warm100,90,3,10.9556,13271.022,63.323,13334.345,death,the-lost-world,1,,server-1,541,0,0,,,
cache-off-warm100,90,3,10.9667,13345.363,82.996,13428.359,he,far-from-the-madding-crowd,1,,server-1,541,0,0,,,
cache-off-warm100,90,3,10.9778,13355.187,79.046,13434.233,was,persuasion,1,,server-1,542,0,0,,,
cache-off-warm100,90,3,10.9889,13364.789,71.674,13436.463,and,the-works-of-edgar-allan-poe-volume-2,1,,server-1,540,0,0,,,
cache-off-warm100,90,3,11.0000,13394.730,49.030,13443.760,she,a-connecticut-yankee-in-king-arthur-s-court,1,,server-1,541,0,0,,,
cache-off-warm100,90,3,11.0111,13414.478,28.421,13442.899,love,the-kama-sutra-of-vatsyayana,1,,server-1,542,0,0,,,
cache-off-warm100,90,3,11.0222,13406.117,111.049,13517.165,horse,jude-the-obscure,1,,server-1,543,0,0,,,
cache-off-warm100,90,3,11.0333,13410.654,202.215,13612.869,and,villette,1,,server-1,544,0,0,,,
cache-off-warm100,90,3,11.0444,13399.635,34.164,13433.799,of,mary-barton,1,,server-1,545,0,0,,,
cache-off-warm100,90,3,11.0556,13389.604,113.016,13502.621,london,mary-barton,1,,server-1,545,0,0,,,
cache-off-warm100,90,3,11.0667,13408.119,102.099,13510.217,whale,the-warden,1,,server-1,546,0,0,,,
cache-off-warm100,90,3,11.0778,13402.483,176.314,13578.797,you,the-adventures-of-sherlock-holmes,1,,server-1,547,0,0,,,
cache-off-warm100,90,3,11.0889,13464.344,183.365,13647.708,you,around-the-world-in-eighty-days,1,,server-1,547,0,0,,,
cache-off-warm100,90,3,11.1000,13470.088,135.653,13605.741,horse,the-scarlet-letter,1,,server-1,548,0,0,,,
cache-off-warm100,90,3,11.1111,13550.824,306.920,13857.744,death,the-jungle,1,,server-1,549,0,0,,,
cache-off-warm100,90,3,11.1222,13491.894,125.494,13617.388,death,the-works-of-edgar-allan-poe-volume-2,1,,server-1,547,0,0,,,
cache-off-warm100,90,3,11.1333,13527.729,186.546,13714.274,sea,the-first-men-in-the-moon,1,,server-1,548,0,0,,,
cache-off-warm100,90,3,11.1444,13508.377,119.849,13628.226,was,autobiography-of-benjamin-franklin,1,,server-1,549,0,0,,,
cache-off-warm100,90,3,11.1556,13514.204,140.142,13654.346,castle,the-house-of-the-seven-gables,1,,server-1,550,0,0,,,
cache-off-warm100,90,3,11.1667,13574.926,198.184,13773.110,letter,leaves-of-grass,1,,server-1,550,0,0,,,
cache-off-warm100,90,3,11.1778,13567.512,226.268,13793.780,and,the-hound-of-the-baskervilles-3070,1,,server-1,551,0,0,,,
cache-off-warm100,90,3,11.1889,13579.168,165.780,13744.948,sea,the-hound-of-the-baskervilles-3070,1,,server-1,552,0,0,,,
cache-off-warm100,90,3,11.2000,13588.285,181.243,13769.528,horse,meditations,1,,server-1,553,0,0,,,
cache-off-warm100,90,3,11.2111,13557.120,252.218,13809.338,was,the-lost-world,1,,server-1,552,0,0,,,
cache-off-warm100,90,3,11.2222,13550.750,167.102,13717.852,castle,poirot-investigates,1,,server-1,551,0,0,,,
cache-off-warm100,90,3,11.2333,13633.798,264.225,13898.023,money,the-mysterious-island,1,,server-1,552,0,0,,,
cache-off-warm100,90,3,11.2444,13625.226,217.697,13842.923,letter,life-on-the-mississippi,1,,server-1,553,0,0,,,
cache-off-warm100,90,3,11.2556,13638.053,134.026,13772.078,the,the-hound-of-the-baskervilles-3070,1,,server-1,553,0,0,,,
cache-off-warm100,90,3,11.2667,13673.093,187.182,13860.275,letter,the-adventures-of-tom-sawyer-complete,1,,server-1,554,0,0,,,
cache-off-warm100,90,3,11.2778,13694.324,175.865,13870.190,letter,the-mysterious-affair-at-styles,1,,server-1,555,0,0,,,
cache-off-warm100,90,3,11.2889,13684.862,85.305,13770.167,london,persuasion,1,,server-1,554,0,0,,,
cache-off-warm100,90,3,11.3000,13831.724,35.981,13867.706,was,the-mysterious-affair-at-styles,1,,server-1,555,0,0,,,
cache-off-warm100,90,3,11.3111,13821.028,94.607,13915.635,sea,the-song-of-the-lark,1,,server-1,556,0,0,,,
cache-off-warm100,90,3,11.3222,13811.121,132.928,13944.050,he,hard-times,1,,server-1,556,0,0,,,
cache-off-warm100,90,3,11.3333,13788.806,109.123,13897.929,she,northanger-abbey,1,,server-1,557,0,0,,,
cache-off-warm100,90,3,11.3444,13802.571,166.102,13968.673,the,the-mysterious-island,1,,server-1,558,0,0,,,
cache-off-warm100,90,3,11.3556,13792.569,51.687,13844.256,king,dubliners,1,,server-1,559,0,0,,,
cache-off-warm100,90,3,11.3667,13897.887,61.402,13959.289,you,the-king-in-yellow,1,,server-1,560,0,0,,,
cache-off-warm100,90,3,11.3778,13888.914,87.165,13976.079,king,treasure-island,1,,server-1,561,0,0,,,
cache-off-warm100,90,3,11.3889,13875.846,161.574,14037.420,you,the-mystery-of-edwin-drood,1,,server-1,562,0,0,,,
cache-off-warm100,90,3,11.4000,13926.263,113.963,14040.226,letter,around-the-world-in-eighty-days,1,,server-1,563,0,0,,,
cache-off-warm100,90,3,11.4111,13914.968,66.437,13981.405,letter,the-return-of-sherlock-holmes,1,,server-1,564,0,0,,,
cache-off-warm100,90,3,11.4222,13967.834,166.536,14134.370,king,pride-and-prejudice,1,,server-1,565,0,0,,,
cache-off-warm100,90,3,11.4333,13962.631,183.093,14145.724,horse,leaves-of-grass,1,,server-1,566,0,0,,,
cache-off-warm100,90,3,11.4444,13948.706,122.936,14071.642,house,the-adventures-of-ferdinand-count-fathom-complete,1,,server-1,567,0,0,,,
cache-off-warm100,90,3,11.4556,13968.618,88.781,14057.398,was,mansfield-park,1,,server-1,568,0,0,,,
cache-off-warm100,90,3,11.4667,13971.134,97.875,14069.010,was,the-divine-comedy,1,,server-1,566,0,0,,,
cache-off-warm100,90,3,11.4778,14058.363,124.873,14183.236,letter,the-adventures-of-sherlock-holmes,1,,server-1,567,0,0,,,
cache-off-warm100,90,3,11.4889,14088.100,35.006,14123.106,he,persuasion,1,,server-1,568,0,0,,,
cache-off-warm100,90,3,11.5000,14079.222,155.513,14234.735,and,a-journey-to-the-centre-of-the-earth,1,,server-1,567,0,0,,,
cache-off-warm100,90,3,11.5111,14069.237,183.638,14252.875,whale,the-iliad,1,,server-1,567,0,0,,,
cache-off-warm100,90,3,11.5222,14058.904,25.118,14084.022,and,beyond-good-and-evil,1,,server-1,568,0,0,,,
cache-off-warm100,90,3,11.5333,14048.543,178.821,14227.364,whale,the-adventures-of-tom-sawyer-complete,1,,server-1,568,0,0,,,
cache-off-warm100,90,3,11.5444,14037.169,204.469,14241.637,was,leaves-of-grass,1,,server-1,569,0,0,,,
cache-off-warm100,90,3,11.5556,14042.054,186.923,14228.977,money,a-journey-to-the-centre-of-the-earth,1,,server-1,568,0,0,,,
cache-off-warm100,90,3,11.5667,14037.819,62.322,14100.141,whale,his-last-bow,1,,server-1,569,0,0,,,
cache-off-warm100,90,3,11.5778,14034.480,214.140,14248.620,whale,a-princess-of-mars,1,,server-1,570,0,0,,,
cache-off-warm100,90,3,11.5889,14186.137,296.723,14482.860,and,far-from-the-madding-crowd,1,,server-1,571,0,0,,,
cache-off-warm100,90,3,11.6000,14175.918,73.278,14249.196,sea,the-return-of-sherlock-holmes-108,1,,server-1,572,0,0,,,
cache-off-warm100,90,3,11.6111,14174.546,131.902,14306.448,castle,the-american,1,,server-1,573,0,0,,,
cache-off-warm100,90,3,11.6222,14162.426,76.276,14238.702,she,myths-and-legends-of-ancient-greece-and-rome,1,,server-1,573,0,0,,,
cache-off-warm100,90,3,11.6333,14157.147,97.138,14254.285,money,pride-and-prejudice,1,,server-1,572,0,0,,,
cache-off-warm100,90,3,11.6444,14148.296,146.896,14295.191,castle,the-tenant-of-wildfell-hall,1,,server-1,572,0,0,,,
cache-off-warm100,90,3,11.6556,14259.659,48.663,14308.322,sea,the-memoirs-of-sherlock-holmes,1,,server-1,573,0,0,,,
cache-off-warm100,90,3,11.6667,14278.878,122.513,14401.391,sea,the-mystery-of-edwin-drood,1,,server-1,573,0,0,,,
cache-off-warm100,90,3,11.6778,14237.736,109.814,14347.550,horse,jude-the-obscure,1,,server-1,574,0,0,,,
cache-off-warm100,90,3,11.6889,14247.158,38.555,14285.712,love,cranford,1,,server-1,573,0,0,,,
cache-off-warm100,90,3,11.7000,14240.859,87.205,14328.064,of,desperate-remedies,1,,server-1,574,0,0,,,
cache-off-warm100,90,3,11.7111,14264.098,136.669,14400.767,horse,meditations,1,,server-1,575,0,0,,,
cache-off-warm100,90,3,11.7222,14279.353,106.531,14385.883,he,autobiography-of-benjamin-franklin,1,,server-1,576,0,0,,,
cache-off-warm100,90,3,11.7333,14335.585,76.987,14412.571,london,mary-barton,1,,server-1,576,0,0,,,
cache-off-warm100,90,3,11.7444,14329.297,108.736,14438.033,of,the-secret-adversary,1,,server-1,577,0,0,,,
cache-off-warm100,90,3,11.7556,14333.223,90.923,14424.146,night,a-tale-of-two-cities,1,,server-1,578,0,0,,,
cache-off-warm100,90,3,11.7667,14342.419,120.605,14463.024,heart,the-scarlet-letter,1,,server-1,579,0,0,,,
cache-off-warm100,90,3,11.7778,14335.200,91.667,14426.866,king,madame-bovary,1,,server-1,580,0,0,,,
cache-off-warm100,90,3,11.7889,14380.755,87.800,14468.555,death,frankenstein-or-the-modern-prometheus,1,,server-1,581,0,0,,,
cache-off-warm100,90,3,11.8000,14441.579,58.720,14500.300,love,dubliners,1,,server-1,582,0,0,,,
cache-off-warm100,90,3,11.8111,14369.907,60.393,14430.300,death,around-the-world-in-eighty-days,1,,server-1,583,0,0,,,
cache-off-warm100,90,3,11.8222,14382.846,70.433,14453.279,you,the-jungle-book,1,,server-1,584,0,0,,,
cache-off-warm100,90,3,11.8333,14425.689,79.691,14505.380,house,poirot-investigates,1,,server-1,585,0,0,,,
cache-off-warm100,90,3,11.8444,14414.792,65.022,14479.814,night,the-scarlet-letter,1,,server-1,583,0,0,,,
cache-off-warm100,90,3,11.8556,14420.824,107.348,14528.172,letter,herland,1,,server-1,584,0,0,,,
cache-off-warm100,90,3,11.8667,14434.704,76.658,14511.362,night,madame-bovary,1,,server-1,584,0,0,,,
cache-off-warm100,90,3,11.8778,14427.115,153.180,14580.295,horse,far-from-the-madding-crowd,1,,server-1,585,0,0,,,
cache-off-warm100,90,3,11.8889,14493.285,102.643,14595.928,the,the-picture-of-dorian-gray,1,,server-1,586,0,0,,,
cache-off-warm100,90,3,11.9000,14480.798,77.967,14558.765,letter,the-great-gatsby,1,,server-1,587,0,0,,,
cache-off-warm100,90,3,11.9111,14471.009,107.197,14578.206,castle,the-scarlet-letter-33,1,,server-1,587,0,0,,,
cache-off-warm100,90,3,11.9222,14464.063,87.731,14551.794,the,the-return-of-sherlock-holmes,1,,server-1,588,0,0,,,
cache-off-warm100,90,3,11.9333,14526.930,90.208,14617.139,was,the-mysterious-island,1,,server-1,587,0,0,,,
cache-off-warm100,90,3,11.9444,14540.994,84.180,14625.173,was,desperate-remedies,1,,server-1,588,0,0,,,
cache-off-warm100,90,3,11.9556,14591.466,47.018,14638.484,house,mary-barton,1,,server-1,589,0,0,,,
cache-off-warm100,90,3,11.9667,14604.246,46.116,14650.361,he,the-age-of-innocence,1,,server-1,590,0,0,,,
cache-off-warm100,90,3,11.9778,14593.848,118.797,14712.645,you,around-the-world-in-eighty-days,1,,server-1,589,0,0,,,
cache-off-warm100,90,3,11.9889,14583.444,228.561,14812.005,he,the-vicomte-de-bragelonne,1,,server-1,590,0,0,,,
cache-off-warm100,90,3,12.0000,14590.854,66.440,14657.293,house,silas-marner,1,,server-1,591,0,0,,,
cache-off-warm100,90,3,12.0111,14605.470,77.665,14683.134,death,the-portrait-of-a-lady-volume-1,1,,server-1,590,0,0,,,
cache-off-warm100,90,3,12.0222,14594.347,294.287,14888.634,horse,the-mystery-of-edwin-drood,1,,server-1,590,0,0,,,
cache-off-warm100,90,3,12.0333,14583.798,312.753,14896.552,was,white-fang,1,,server-1,591,0,0,,,
cache-off-warm100,90,3,12.0444,14641.928,125.418,14767.345,whale,herland,1,,server-1,592,0,0,,,
cache-off-warm100,90,3,12.0556,14568.137,172.947,14741.084,king,the-romance-of-lust-a-classic-victorian-erotic-novel,1,,server-1,593,0,0,,,
cache-off-warm100,90,3,12.0667,14591.002,253.785,14844.787,sea,the-vicomte-de-bragelonne,1,,server-1,594,0,0,,,
cache-off-warm100,90,3,12.0778,14580.131,260.519,14840.650,house,adventures-of-huckleberry-finn,1,,server-1,595,0,0,,,
cache-off-warm100,90,3,12.0889,14599.277,316.726,14916.002,house,the-song-of-the-lark,1,,server-1,596,0,0,,,
cache-off-warm100,90,3,12.1000,14595.460,357.465,14952.925,house,silas-marner,1,,server-1,597,0,0,,,
cache-off-warm100,90,3,12.1111,14660.297,221.215,14881.512,love,walden-and-on-the-duty-of-civil-disobedience,1,,server-1,596,0,0,,,
cache-off-warm100,90,3,12.1222,14765.997,196.789,14962.786,money,the-american,1,,server-1,595,0,0,,,
cache-off-warm100,90,3,12.1333,14880.641,196.974,15077.615,of,life-on-the-mississippi,1,,server-1,596,0,0,,,
cache-off-warm100,90,3,12.1444,14937.868,81.614,15019.483,whale,meditations,1,,server-1,597,0,0,,,
cache-off-warm100,90,3,12.1556,14875.333,101.114,14976.447,he,the-iliad-2199,1,,server-1,598,0,0,,,
cache-off-warm100,90,3,12.1667,14922.135,253.851,15175.987,was,the-wind-in-the-willows,1,,server-1,599,0,0,,,
cache-off-warm100,90,3,12.1778,14910.836,172.595,15083.431,house,desperate-remedies,1,,server-1,600,0,0,,,
cache-off-warm100,90,3,12.1889,14897.979,61.788,14959.767,was,the-return-of-sherlock-holmes-108,1,,server-1,601,0,0,,,
cache-off-warm100,90,3,12.2000,14950.532,152.605,15103.138,love,twenty-thousand-leagues-under-the-sea,1,,server-1,602,0,0,,,
cache-off-warm100,90,3,12.2111,14935.476,62.142,14997.618,he,memoirs-of-fanny-hill,1,,server-1,603,0,0,,,
cache-off-warm100,90,3,12.2222,14926.638,149.235,15075.873,the,sense-and-sensibility,1,,server-1,600,0,0,,,
cache-off-warm100,90,3,12.2333,14916.029,236.437,15152.466,the,the-hound-of-the-baskervilles-3070,1,,server-1,600,0,0,,,
cache-off-warm100,90,3,12.2444,14904.509,244.046,15148.555,of,poirot-investigates,1,,server-1,601,0,0,,,
cache-off-warm100,90,3,12.2556,14896.124,187.048,15083.172,was,the-works-of-edgar-allan-poe-volume-2,1,,server-1,602,0,0,,,
cache-off-warm100,90,3,12.2667,14938.806,89.636,15028.441,you,around-the-world-in-eighty-days,1,,server-1,603,0,0,,,
cache-off-warm100,90,3,12.2778,15047.689,197.557,15245.246,london,the-wind-in-the-willows,1,,server-1,602,0,0,,,
cache-off-warm100,90,3,12.2889,15088.963,110.456,15199.419,money,desperate-remedies,1,,server-1,603,0,0,,,
cache-off-warm100,90,3,12.3000,15003.119,186.641,15189.761,money,washington-square,1,,server-1,604,0,0,,,
cache-off-warm100,90,3,12.3111,15052.227,100.528,15152.755,you,the-iliad,1,,server-1,605,0,0,,,
cache-off-warm100,90,3,12.3222,15073.130,107.987,15181.117,whale,grimms-fairy-tales,1,,server-1,606,0,0,,,
cache-off-warm100,90,3,12.3333,15154.998,46.024,15201.022,death,autobiography-of-benjamin-franklin,1,,server-1,605,0,0,,,
cache-off-warm100,90,3,12.3444,15146.819,106.523,15253.343,love,frankenstein-or-the-modern-prometheus,1,,server-1,606,0,0,,,
cache-off-warm100,90,3,12.3556,15135.360,45.447,15180.807,whale,kidnapped,1,,server-1,607,0,0,,,
cache-off-warm100,90,3,12.3667,15138.310,113.822,15252.132,the,the-secret-garden-17396,1,,server-1,606,0,0,,,
cache-off-warm100,90,3,12.3778,15133.521,88.732,15222.254,whale,the-adventures-of-ferdinand-count-fathom-complete,1,,server-1,605,0,0,,,
cache-off-warm100,90,3,12.3889,15144.338,63.346,15207.685,you,kidnapped,1,,server-1,606,0,0,,,
cache-off-warm100,90,3,12.4000,15138.190,134.486,15272.676,london,oliver-twist,1,,server-1,607,0,0,,,
cache-off-warm100,90,3,12.4111,15190.861,72.940,15263.802,money,the-mystery-of-edwin-drood,1,,server-1,608,0,0,,,
cache-off-warm100,90,3,12.4222,15193.571,105.388,15298.959,london,pride-and-prejudice,1,,server-1,609,0,0,,,
cache-off-warm100,90,3,12.4333,15243.445,119.540,15362.985,night,adventures-of-huckleberry-finn,1,,server-1,609,0,0,,,
cache-off-warm100,90,3,12.4444,15232.092,115.878,15347.969,was,memoirs-of-fanny-hill,1,,server-1,610,0,0,,,
cache-off-warm100,90,3,12.4556,15222.639,81.727,15304.365,of,the-song-of-the-lark,1,,server-1,610,0,0,,,
cache-off-warm100,90,3,12.4667,15294.717,287.330,15582.047,house,the-moonstone,1,,server-1,611,0,0,,,
cache-off-warm100,90,3,12.4778,15284.058,166.933,15450.991,king,the-king-in-yellow,1,,server-1,609,0,0,,,
cache-off-warm100,90,3,12.4889,15273.273,139.798,15413.071,heart,the-age-of-innocence,1,,server-1,610,0,0,,,
cache-off-warm100,90,3,12.5000,15261.977,80.310,15342.287,house,frankenstein-or-the-modern-prometheus,1,,server-1,611,0,0,,,
cache-off-warm100,90,3,12.5111,15287.873,257.667,15545.541,house,leaves-of-grass,1,,server-1,612,0,0,,,
cache-off-warm100,90,3,12.5222,15268.236,142.557,15410.794,the,cranford,1,,server-1,612,0,0,,,
cache-off-warm100,90,3,12.5333,15263.441,206.458,15469.899,heart,dracula,1,,server-1,612,0,0,,,
cache-off-warm100,90,3,12.5444,15257.625,250.371,15507.996,money,life-on-the-mississippi,1,,server-1,613,0,0,,,
cache-off-warm100,90,3,12.5556,15279.845,172.251,15452.095,of,the-romance-of-lust-a-classic-victorian-erotic-novel,1,,server-1,614,0,0,,,
cache-off-warm100,90,3,12.5667,15479.028,121.455,15600.483,heart,emma,1,,server-1,615,0,0,,,
cache-off-warm100,90,3,12.5778,15335.101,180.526,15515.626,the,the-innocents-abroad,1,,server-1,616,0,0,,,
cache-off-warm100,90,3,12.5889,15468.168,328.798,15796.965,letter,hard-times,1,,server-1,617,0,0,,,
cache-off-warm100,90,3,12.6000,15487.899,219.246,15707.146,london,agnes-grey,1,,server-1,618,0,0,,,
cache-off-warm100,90,3,12.6111,15389.212,343.129,15732.341,castle,the-warden,1,,server-1,619,0,0,,,
cache-off-warm100,90,3,12.6222,15466.876,301.441,15768.317,money,wuthering-heights,1,,server-1,620,0,0,,,
cache-off-warm100,90,3,12.6333,15454.547,299.487,15754.034,money,the-last-of-the-mohicans-a-narrative-of-1757-27681,1,,server-1,618,0,0,,,
cache-off-warm100,90,3,12.6444,15445.186,296.703,15741.888,night,the-house-of-mirth,1,,server-1,619,0,0,,,
cache-off-warm100,90,3,12.6556,15433.283,225.823,15659.106,he,mary-barton,1,,server-1,620,0,0,,,
cache-off-warm100,90,3,12.6667,15451.445,225.516,15676.962,of,memoirs-of-fanny-hill,1,,server-1,621,0,0,,,
cache-off-warm100,90,3,12.6778,15472.451,235.693,15708.144,you,the-prince,1,,server-1,622,0,0,,,
cache-off-warm100,90,3,12.6889,15466.385,233.594,15699.979,you,agnes-grey,1,,server-1,623,0,0,,,
cache-off-warm100,90,3,12.7000,15466.819,221.809,15688.629,king,herland,1,,server-1,624,0,0,,,
cache-off-warm100,90,3,12.7111,15477.239,199.247,15676.486,death,sense-and-sensibility,1,,server-1,625,0,0,,,
cache-off-warm100,90,3,12.7222,15512.138,156.558,15668.696,and,cranford,1,,server-1,626,0,0,,,
cache-off-warm100,90,3,12.7333,15489.303,170.019,15659.323,castle,mansfield-park,1,,server-1,627,0,0,,,
cache-off-warm100,90,3,12.7444,15547.293,335.809,15883.102,and,the-innocents-abroad,1,,server-1,625,0,0,,,
cache-off-warm100,90,3,12.7556,15580.072,265.456,15845.529,heart,the-tenant-of-wildfell-hall,1,,server-1,626,0,0,,,
cache-off-warm100,90,3,12.7667,15619.038,146.967,15766.005,was,little-women,1,,server-1,626,0,0,,,
cache-off-warm100,90,3,12.7778,15611.540,188.252,15799.792,whale,twenty-thousand-leagues-under-the-sea,1,,server-1,627,0,0,,,
cache-off-warm100,90,3,12.7889,15606.923,139.029,15745.953,sea,the-secret-garden,1,,server-1,627,0,0,,,
cache-off-warm100,90,3,12.8000,15647.879,183.519,15831.398,love,the-romance-of-lust-a-classic-victorian-erotic-novel,1,,server-1,626,0,0,,,
cache-off-warm100,90,3,12.8111,15587.817,233.045,15820.862,and,jane-eyre-an-autobiography,1,,server-1,627,0,0,,,
cache-off-warm100,90,3,12.8222,15624.973,195.834,15820.807,was,the-mysterious-affair-at-styles,1,,server-1,628,0,0,,,
cache-off-warm100,90,3,12.8333,15797.565,25.442,15823.008,horse,black-beauty,1,,server-1,627,0,0,,,
cache-off-warm100,90,3,12.8444,15813.334,126.079,15939.413,king,the-iliad-2199,1,,server-1,628,0,0,,,
cache-off-warm100,90,3,12.8556,15778.682,39.904,15818.586,he,treasure-island,1,,server-1,629,0,0,,,
cache-off-warm100,90,3,12.8667,15790.559,67.913,15858.473,king,leaves-of-grass,1,,server-1,630,0,0,,,
cache-off-warm100,90,3,12.8778,15779.667,65.410,15845.077,you,the-scarlet-letter-33,1,,server-1,630,0,0,,,
cache-off-warm100,90,3,12.8889,15808.166,84.797,15892.963,king,kidnapped,1,,server-1,631,0,0,,,
cache-off-warm100,90,3,12.9000,15825.466,97.598,15923.063,the,persuasion,1,,server-1,632,0,0,,,
cache-off-warm100,90,3,12.9111,15817.310,67.403,15884.712,money,the-secret-garden-17396,1,,server-1,633,0,0,,,
cache-off-warm100,90,3,12.9222,15875.392,113.236,15988.628,sea,the-great-gatsby,1,,server-1,634,0,0,,,
cache-off-warm100,90,3,12.9333,15870.889,66.324,15937.213,the,the-adventures-of-ferdinand-count-fathom-complete,1,,server-1,635,0,0,,,
cache-off-warm100,90,3,12.9444,15852.645,96.103,15948.748,house,the-secret-garden,1,,server-1,633,0,0,,,
cache-off-warm100,90,3,12.9556,15868.964,215.775,16084.739,night,twenty-thousand-leagues-under-the-sea,1,,server-1,634,0,0,,,
cache-off-warm100,90,3,12.9667,15857.564,122.470,15980.034,he,the-odyssey,1,,server-1,635,0,0,,,
cache-off-warm100,90,3,12.9778,15848.512,155.464,16003.977,london,oliver-twist,1,,server-1,635,0,0,,,
cache-off-warm100,90,3,12.9889,15839.690,154.335,15994.024,death,white-fang,1,,server-1,636,0,0,,,
cache-off-warm100,90,3,13.0000,15840.591,154.714,15995.305,of,the-secret-garden,1,,server-1,637,0,0,,,
cache-off-warm100,90,3,13.0111,15984.756,105.741,16090.497,king,the-odyssey,1,,server-1,638,0,0,,,
cache-off-warm100,90,3,13.0222,15961.430,186.221,16147.651,the,the-vicomte-de-bragelonne,1,,server-1,639,0,0,,,
cache-off-warm100,90,3,13.0333,15963.316,79.571,16042.887,of,the-picture-of-dorian-gray,1,,server-1,640,0,0,,,
cache-off-warm100,90,3,13.0444,15952.910,221.820,16174.731,was,the-picture-of-dorian-gray,1,,server-1,638,0,0,,,
cache-off-warm100,90,3,13.0556,15978.241,162.838,16141.079,king,oliver-twist,1,,server-1,639,0,0,,,
cache-off-warm100,90,3,13.0667,15978.690,123.604,16102.293,she,the-secret-garden-17396,1,,server-1,638,0,0,,,
cache-off-warm100,90,3,13.0778,15958.443,81.989,16040.432,he,the-return-of-sherlock-holmes-108,1,,server-1,639,0,0,,,
cache-off-warm100,90,3,13.0889,15956.882,294.992,16251.874,night,the-works-of-edgar-allan-poe-volume-2,1,,server-1,640,0,0,,,
cache-off-warm100,90,3,13.1000,16018.742,98.664,16117.406,letter,dubliners,1,,server-1,641,0,0,,,
cache-off-warm100,90,3,13.1111,15990.699,248.309,16239.008,you,sense-and-sensibility,1,,server-1,640,0,0,,,
cache-off-warm100,90,3,13.1222,16072.018,158.403,16230.421,death,around-the-world-in-eighty-days,1,,server-1,641,0,0,,,
cache-off-warm100,90,3,13.1333,16064.034,41.119,16105.153,king,wuthering-heights,1,,server-1,641,0,0,,,
cache-off-warm100,90,3,13.1444,16091.171,186.526,16277.697,house,the-jungle,1,,server-1,642,0,0,,,
cache-off-warm100,90,3,13.1556,16084.410,92.252,16176.662,was,the-adventures-of-tom-sawyer-complete,1,,server-1,642,0,0,,,
cache-off-warm100,90,3,13.1667,16087.529,171.066,16258.595,money,twenty-thousand-leagues-under-the-sea,1,,server-1,642,0,0,,,
cache-off-warm100,90,3,13.1778,16064.760,206.119,16270.879,house,around-the-world-in-eighty-days,1,,server-1,643,0,0,,,
cache-off-warm100,90,3,13.1889,16075.633,291.621,16367.254,whale,a-journey-to-the-centre-of-the-earth,1,,server-1,644,0,0,,,
cache-off-warm100,90,3,13.2000,16118.616,212.734,16331.351,sea,the-secret-garden,1,,server-1,645,0,0,,,
cache-off-warm100,90,3,13.2111,16190.613,94.783,16285.395,horse,desperate-remedies,1,,server-1,646,0,0,,,
cache-off-warm100,90,3,13.2222,16203.412,168.418,16371.830,death,dracula,1,,server-1,646,0,0,,,
cache-off-warm100,90,3,13.2333,16192.675,103.716,16296.390,sea,the-american,1,,server-1,647,0,0,,,
cache-off-warm100,90,3,13.2444,16288.167,86.440,16374.607,whale,the-kama-sutra-of-vatsyayana,1,,server-1,646,0,0,,,
cache-off-warm100,90,3,13.2556,16277.247,82.975,16360.222,death,the-mystery-of-edwin-drood,1,,server-1,647,0,0,,,
cache-off-warm100,90,3,13.2667,16322.859,181.919,16504.778,whale,far-from-the-madding-crowd,1,,server-1,648,0,0,,,
cache-off-warm100,90,3,13.2778,16311.446,173.518,16484.964,house,anne-of-green-gables,1,,server-1,649,0,0,,,
cache-off-warm100,90,3,13.2889,16327.463,186.296,16513.759,she,leaves-of-grass,1,,server-1,650,0,0,,,
cache-off-warm100,90,3,13.3000,16326.124,143.069,16469.193,king,hard-times,1,,server-1,649,0,0,,,
cache-off-warm100,90,3,13.3111,16315.572,139.690,16455.261,you,the-tenant-of-wildfell-hall,1,,server-1,649,0,0,,,
cache-off-warm100,90,3,13.3222,16300.917,136.137,16437.055,whale,the-prince,1,,server-1,648,0,0,,,
cache-off-warm100,90,3,13.3333,16303.007,149.216,16452.223,death,a-journey-to-the-centre-of-the-earth,1,,server-1,649,0,0,,,
cache-off-warm100,90,3,13.3444,16309.489,197.372,16506.861,the,the-last-of-the-mohicans-a-narrative-of-1757,1,,server-1,650,0,0,,,
cache-off-warm100,90,3,13.3556,16430.249,69.570,16499.820,death,dracula,1,,server-1,651,0,0,,,
cache-off-warm100,90,3,13.3667,16436.164,95.572,16531.736,was,cranford,1,,server-1,651,0,0,,,
cache-off-warm100,90,3,13.3778,16427.160,137.097,16564.257,house,the-age-of-innocence,1,,server-1,650,0,0,,,
cache-off-warm100,90,3,13.3889,16415.710,95.980,16511.689,death,the-memoirs-of-sherlock-holmes,1,,server-1,651,0,0,,,
cache-off-warm100,90,3,13.4000,16407.548,118.096,16525.643,horse,the-last-of-the-mohicans-a-narrative-of-1757-27681,1,,server-1,652,0,0,,,
cache-off-warm100,90,3,13.4111,16485.595,76.383,16561.977,horse,the-adventures-of-sherlock-holmes,1,,server-1,653,0,0,,,
cache-off-warm100,90,3,13.4222,16534.911,82.457,16617.368,he,a-tale-of-two-cities,1,,server-1,654,0,0,,,
cache-off-warm100,90,3,13.4333,16494.203,114.124,16608.327,love,desert-gold,1,,server-1,655,0,0,,,
cache-off-warm100,90,3,13.4444,16498.872,25.600,16524.472,heart,the-king-in-yellow,1,,server-1,654,0,0,,,
cache-off-warm100,90,3,13.4556,16501.075,34.013,16535.088,london,washington-square,1,,server-1,655,0,0,,,
cache-off-warm100,90,3,13.4667,16509.593,107.767,16617.359,of,silas-marner,1,,server-1,656,0,0,,,
cache-off-warm100,90,3,13.4778,16530.584,115.439,16646.023,and,the-divine-comedy,1,,server-1,656,0,0,,,
cache-off-warm100,90,3,13.4889,16530.436,84.415,16614.851,castle,autobiography-of-benjamin-franklin,1,,server-1,657,0,0,,,
cache-off-warm100,90,3,13.5000,16537.637,52.471,16590.108,king,the-song-of-the-lark,1,,server-1,658,0,0,,,
cache-off-warm100,90,3,13.5111,16533.424,102.556,16635.980,king,frankenstein-or-the-modern-prometheus-41445,1,,server-1,659,0,0,,,
cache-off-warm100,90,3,13.5222,16581.787,116.954,16698.741,he,a-journey-to-the-centre-of-the-earth,1,,server-1,657,0,0,,,
cache-off-warm100,90,3,13.5333,16572.026,113.539,16685.565,was,jane-eyre-an-autobiography,1,,server-1,657,0,0,,,
cache-off-warm100,90,3,13.5444,16579.394,117.924,16697.318,of,treasure-island,1,,server-1,658,0,0,,,
cache-off-warm100,90,3,13.5556,16570.354,143.763,16714.117,death,leaves-of-grass,1,,server-1,658,0,0,,,
cache-off-warm100,90,3,13.5667,16593.861,153.115,16746.975,money,the-house-of-mirth,1,,server-1,659,0,0,,,
cache-off-warm100,90,3,13.5778,16638.731,77.369,16716.100,of,the-tenant-of-wildfell-hall,1,,server-1,658,0,0,,,
cache-off-warm100,90,3,13.5889,16633.215,133.359,16766.574,king,hard-times,1,,server-1,659,0,0,,,
cache-off-warm100,90,3,13.6000,16667.702,72.840,16740.541,horse,emma,1,,server-1,660,0,0,,,
cache-off-warm100,90,3,13.6111,16702.872,118.605,16821.477,and,agnes-grey,1,,server-1,660,0,0,,,
cache-off-warm100,90,3,13.6222,16736.667,180.246,16916.913,death,a-tale-of-two-cities,1,,server-1,661,0,0,,,
cache-off-warm100,90,3,13.6333,16726.146,141.742,16867.888,london,the-romance-of-lust-a-classic-victorian-erotic-novel,1,,server-1,662,0,0,,,
cache-off-warm100,90,3,13.6444,16717.693,67.109,16784.802,house,beyond-good-and-evil,1,,server-1,663,0,0,,,
cache-off-warm100,90,3,13.6556,16701.174,48.675,16749.849,horse,the-wind-in-the-willows,1,,server-1,664,0,0,,,
cache-off-warm100,90,3,13.6667,16690.424,144.469,16834.893,whale,hard-times,1,,server-1,664,0,0,,,
cache-off-warm100,90,3,13.6778,16688.121,145.637,16833.758,and,the-king-in-yellow,1,,server-1,665,0,0,,,
cache-off-warm100,90,3,13.6889,16823.302,60.943,16884.244,money,the-first-men-in-the-moon,1,,server-1,666,0,0,,,
cache-off-warm100,90,3,13.7000,16733.621,126.406,16860.027,whale,leaves-of-grass,1,,server-1,665,0,0,,,
cache-off-warm100,90,3,13.7111,16826.332,106.409,16932.741,the,walden-and-on-the-duty-of-civil-disobedience,1,,server-1,666,0,0,,,
cache-off-warm100,90,3,13.7222,16835.722,115.940,16951.663,london,around-the-world-in-eighty-days,1,,server-1,667,0,0,,,
cache-off-warm100,90,3,13.7333,16824.879,67.388,16892.267,horse,desperate-remedies,1,,server-1,667,0,0,,,
cache-off-warm100,90,3,13.7444,16796.457,98.425,16894.882,king,northanger-abbey,1,,server-1,668,0,0,,,
cache-off-warm100,90,3,13.7556,16802.440,27.816,16830.257,was,agnes-grey,1,,server-1,669,0,0,,,
cache-off-warm100,90,3,13.7667,16820.245,124.721,16944.966,death,desperate-remedies,1,,server-1,668,0,0,,,
cache-off-warm100,90,3,13.7778,16862.281,112.693,16974.974,was,the-innocents-abroad,1,,server-1,669,0,0,,,
cache-off-warm100,90,3,13.7889,16858.719,119.065,16977.783,she,northanger-abbey,1,,server-1,670,0,0,,,
cache-off-warm100,90,3,13.8000,16913.389,132.420,17045.808,king,the-romance-of-lust-a-classic-victorian-erotic-novel,1,,server-1,671,0,0,,,
cache-off-warm100,90,3,13.8111,16911.121,157.682,17068.803,and,far-from-the-madding-crowd,1,,server-1,672,0,0,,,
cache-off-warm100,90,3,13.8222,16899.113,129.023,17028.136,you,adventures-of-huckleberry-finn,1,,server-1,673,0,0,,,
cache-off-warm100,90,3,13.8333,16888.162,128.156,17016.318,heart,the-odyssey,1,,server-1,674,0,0,,,
cache-off-warm100,90,3,13.8444,16969.599,74.385,17043.984,castle,around-the-world-in-eighty-days,1,,server-1,673,0,0,,,
cache-off-warm100,90,3,13.8556,16994.984,61.309,17056.293,horse,the-odyssey,1,,server-1,674,0,0,,,
cache-off-warm100,90,3,13.8667,17010.447,55.559,17066.006,she,the-portrait-of-a-lady-volume-1,1,,server-1,675,0,0,,,
cache-off-warm100,90,3,13.8778,17051.907,31.384,17083.291,he,leaves-of-grass,1,,server-1,673,0,0,,,
cache-off-warm100,90,3,13.8889,17045.191,50.203,17095.394,sea,emma,1,,server-1,674,0,0,,,
cache-off-warm100,90,3,13.9000,17033.762,63.952,17097.713,heart,the-lost-world,1,,server-1,675,0,0,,,
cache-off-warm100,90,3,13.9111,17025.036,90.996,17116.033,letter,the-house-of-the-seven-gables,1,,server-1,676,0,0,,,
cache-off-warm100,90,3,13.9222,17034.101,111.066,17145.167,she,the-return-of-sherlock-holmes-108,1,,server-1,676,0,0,,,
cache-off-warm100,90,3,13.9333,17064.889,90.092,17154.981,love,the-secret-garden-17396,1,,server-1,677,0,0,,,
cache-off-warm100,90,3,13.9444,17090.685,157.771,17248.457,money,dubliners,1,,server-1,678,0,0,,,
cache-off-warm100,90,3,13.9556,17113.277,36.296,17149.573,letter,sense-and-sensibility,1,,server-1,679,0,0,,,
cache-off-warm100,90,3,13.9667,17098.812,132.506,17231.319,whale,the-last-of-the-mohicans-a-narrative-of-1757,1,,server-1,679,0,0,,,
cache-off-warm100,90,3,13.9778,17091.567,52.144,17143.711,and,kidnapped,1,,server-1,677,0,0,,,
cache-off-warm100,90,3,13.9889,17178.464,168.409,17346.872,castle,frankenstein-or-the-modern-prometheus,1,,server-1,678,0,0,,,
cache-off-warm100,90,3,14.0000,17069.611,265.088,17334.699,of,the-vicomte-de-bragelonne,1,,server-1,679,0,0,,,
cache-off-warm100,90,3,14.0111,17061.909,92.910,17154.820,she,the-warden,1,,server-1,680,0,0,,,
cache-off-warm100,90,3,14.0222,17064.564,208.067,17272.630,castle,the-scarlet-letter-33,1,,server-1,681,0,0,,,
cache-off-warm100,90,3,14.0333,17074.249,230.169,17304.418,night,the-great-gatsby,1,,server-1,680,0,0,,,
cache-off-warm100,90,3,14.0444,17062.474,227.241,17289.715,the,thus-spake-zarathustra-a-book-for-all-and-none,1,,server-1,681,0,0,,,
cache-off-warm100,90,3,14.0556,17118.316,197.457,17315.773,the,agnes-grey,1,,server-1,682,0,0,,,
cache-off-warm100,90,3,14.0667,17126.555,179.505,17306.060,house,beyond-good-and-evil,1,,server-1,681,0,0,,,
cache-off-warm100,90,3,14.0778,17155.327,256.762,17412.089,love,the-secret-garden-17396,1,,server-1,682,0,0,,,
cache-off-warm100,90,3,14.0889,17245.654,56.660,17302.314,king,memoirs-of-fanny-hill,1,,server-1,683,0,0,,,
cache-off-warm100,90,3,14.1000,17239.096,70.955,17310.051,horse,the-adventures-of-tom-sawyer-complete,1,,server-1,684,0,0,,,
cache-off-warm100,90,3,14.1111,17231.031,146.131,17377.162,castle,the-return-of-sherlock-holmes-108,1,,server-1,685,0,0,,,
cache-off-warm100,90,3,14.1222,17220.223,163.257,17383.480,horse,little-women,1,,server-1,686,0,0,,,
cache-off-warm100,90,3,14.1333,17239.356,179.427,17418.783,house,north-and-south,1,,server-1,685,0,0,,,
cache-off-warm100,90,3,14.1444,17341.341,120.231,17461.572,and,the-adventures-of-sherlock-holmes,1,,server-1,686,0,0,,,
cache-off-warm100,90,3,14.1556,17341.997,99.710,17441.707,he,black-beauty,1,,server-1,686,0,0,,,
cache-off-warm100,90,3,14.1667,17331.505,109.261,17440.766,night,the-vicomte-de-bragelonne,1,,server-1,685,0,0,,,
cache-off-warm100,90,3,14.1778,17333.402,142.514,17475.916,sea,the-tenant-of-wildfell-hall,1,,server-1,686,0,0,,,
cache-off-warm100,90,3,14.1889,17337.149,119.854,17457.003,and,the-kama-sutra-of-vatsyayana,1,,server-1,687,0,0,,,
cache-off-warm100,90,3,14.2000,17396.232,90.638,17486.869,london,oliver-twist,1,,server-1,688,0,0,,,
cache-off-warm100,90,3,14.2111,17365.210,138.546,17503.756,night,the-moonstone,1,,server-1,689,0,0,,,
cache-off-warm100,90,3,14.2222,17434.139,115.786,17549.926,london,dubliners,1,,server-1,689,0,0,,,
cache-off-warm100,90,3,14.2333,17423.653,239.845,17663.498,castle,the-moonstone,1,,server-1,690,0,0,,,
cache-off-warm100,90,3,14.2444,17442.677,59.251,17501.928,the,the-last-of-the-mohicans-a-narrative-of-1757-27681,1,,server-1,691,0,0,,,
cache-off-warm100,90,3,14.2556,17431.604,87.181,17518.785,she,the-scarlet-letter,1,,server-1,692,0,0,,,
cache-off-warm100,90,3,14.2667,17422.110,147.154,17569.265,he,around-the-world-in-eighty-days,1,,server-1,693,0,0,,,
cache-off-warm100,90,3,14.2778,17439.162,116.992,17556.154,horse,mansfield-park,1,,server-1,692,0,0,,,
cache-off-warm100,90,3,14.2889,17428.189,84.726,17512.915,sea,the-vicomte-de-bragelonne,1,,server-1,691,0,0,,,
cache-off-warm100,90,3,14.3000,17420.243,139.679,17559.922,whale,the-house-of-mirth,1,,server-1,692,0,0,,,
cache-off-warm100,90,3,14.3111,17412.508,176.591,17589.099,he,a-journey-to-the-centre-of-the-earth,1,,server-1,693,0,0,,,
cache-off-warm100,90,3,14.3222,17424.584,231.427,17656.011,london,the-prince,1,,server-1,694,0,0,,,
cache-off-warm100,90,3,14.3333,17463.983,119.783,17583.766,was,the-first-men-in-the-moon,1,,server-1,695,0,0,,,
cache-off-warm100,90,3,14.3444,17509.761,118.477,17628.238,he,desperate-remedies,1,,server-1,695,0,0,,,
cache-off-warm100,90,3,14.3556,17498.812,120.488,17619.300,money,the-king-in-yellow,1,,server-1,696,0,0,,,
cache-off-warm100,90,3,14.3667,17493.521,152.803,17646.324,castle,the-scarlet-letter,1,,server-1,697,0,0,,,
cache-off-warm100,90,3,14.3778,17604.869,97.219,17702.088,letter,leaves-of-grass,1,,server-1,695,0,0,,,
cache-off-warm100,90,3,14.3889,17624.432,30.190,17654.622,castle,the-wind-in-the-willows,1,,server-1,696,0,0,,,
cache-off-warm100,90,3,14.4000,17614.825,127.873,17742.698,and,the-last-of-the-mohicans-a-narrative-of-1757,1,,server-1,697,0,0,,,
cache-off-warm100,90,3,14.4111,17603.389,30.717,17634.107,and,the-wind-in-the-willows,1,,server-1,698,0,0,,,
cache-off-warm100,90,3,14.4222,17593.429,80.114,17673.542,the,grimms-fairy-tales,1,,server-1,698,0,0,,,
cache-off-warm100,90,3,14.4333,17647.331,30.203,17677.534,castle,frankenstein-or-the-modern-prometheus-41445,1,,server-1,699,0,0,,,
cache-off-warm100,90,3,14.4444,17649.081,29.381,17678.462,the,around-the-world-in-eighty-days,1,,server-1,700,0,0,,,
cache-off-warm100,90,3,14.4556,17667.514,40.536,17708.050,whale,the-house-of-the-seven-gables,1,,server-1,701,0,0,,,
cache-off-warm100,90,3,14.4667,17676.652,89.397,17766.049,she,walden-and-on-the-duty-of-civil-disobedience,1,,server-1,702,0,0,,,
cache-off-warm100,90,3,14.4778,17665.842,58.179,17724.021,love,the-king-in-yellow,1,,server-1,700,0,0,,,
cache-off-warm100,90,3,14.4889,17654.589,91.821,17746.409,love,the-innocents-abroad,1,,server-1,701,0,0,,,
cache-off-warm100,90,3,14.5000,17644.782,118.894,17763.676,love,the-portrait-of-a-lady-volume-1,1,,server-1,702,0,0,,,
cache-off-warm100,90,3,14.5111,17724.587,45.669,17770.256,night,the-memoirs-of-sherlock-holmes,1,,server-1,703,0,0,,,
cache-off-warm100,90,3,14.5222,17658.047,242.156,17900.203,and,mansfield-park,1,,server-1,704,0,0,,,
cache-off-warm100,90,3,14.5333,17702.896,59.467,17762.363,and,the-warden,1,,server-1,704,0,0,,,
cache-off-warm100,90,3,14.5444,17719.345,79.656,17799.001,love,the-mysterious-island,1,,server-1,705,0,0,,,
cache-off-warm100,90,3,14.5556,17725.330,139.137,17864.467,sea,cranford,1,,server-1,706,0,0,,,
cache-off-warm100,90,3,14.5667,17727.275,97.953,17825.227,you,treasure-island,1,,server-1,707,0,0,,,
cache-off-warm100,90,3,14.5778,17719.130,80.479,17799.609,sea,the-lost-world,1,,server-1,708,0,0,,,
cache-off-warm100,90,3,14.5889,17708.667,185.808,17894.476,was,tess-of-the-d-urbervilles-a-pure-woman,1,,server-1,709,0,0,,,
cache-off-warm100,90,3,14.6000,17698.429,56.595,17755.024,king,the-wind-in-the-willows,1,,server-1,710,0,0,,,
cache-off-warm100,90,3,14.6111,17732.042,93.388,17825.430,he,beyond-good-and-evil,1,,server-1,711,0,0,,,
cache-off-warm100,90,3,14.6222,17801.392,104.213,17905.605,love,tess-of-the-d-urbervilles-a-pure-woman,1,,server-1,712,0,0,,,
cache-off-warm100,90,3,14.6333,17800.729,114.576,17915.305,money,far-from-the-madding-crowd,1,,server-1,713,0,0,,,
cache-off-warm100,90,3,14.6444,17790.247,50.032,17840.279,death,his-last-bow,1,,server-1,713,0,0,,,
cache-off-warm100,90,3,14.6556,17807.042,107.423,17914.465,and,jude-the-obscure,1,,server-1,713,0,0,,,
cache-off-warm100,90,3,14.6667,17819.351,139.284,17958.635,money,desert-gold,1,,server-1,713,0,0,,,
cache-off-warm100,90,3,14.6778,17872.195,62.448,17934.643,and,kidnapped,1,,server-1,713,0,0,,,
cache-off-warm100,90,3,14.6889,17861.529,79.477,17941.006,and,mansfield-park,1,,server-1,714,0,0,,,
cache-off-warm100,90,3,14.7000,17872.177,100.198,17972.375,of,the-song-of-the-lark,1,,server-1,713,0,0,,,
cache-off-warm100,90,3,14.7111,17859.047,114.841,17973.888,night,treasure-island,1,,server-1,714,0,0,,,
cache-off-warm100,90,3,14.7222,17875.988,49.692,17925.680,whale,the-picture-of-dorian-gray,1,,server-1,715,0,0,,,
cache-off-warm100,90,3,14.7333,17952.824,38.828,17991.652,of,the-return-of-sherlock-holmes,1,,server-1,716,0,0,,,
cache-off-warm100,90,3,14.7444,17942.681,87.628,18030.309,castle,jane-eyre-an-autobiography,1,,server-1,717,0,0,,,
cache-off-warm100,90,3,14.7556,17934.168,123.296,18057.465,of,desperate-remedies,1,,server-1,718,0,0,,,
cache-off-warm100,90,3,14.7667,17921.827,78.583,18000.410,whale,the-prince,1,,server-1,717,0,0,,,
cache-off-warm100,90,3,14.7778,17912.197,197.885,18110.082,letter,the-innocents-abroad,1,,server-1,718,0,0,,,
cache-off-warm100,90,3,14.7889,17913.577,206.621,18120.198,love,the-iliad-2199,1,,server-1,719,0,0,,,
cache-off-warm100,90,3,14.8000,17973.631,179.992,18153.623,you,the-king-in-yellow,1,,server-1,720,0,0,,,
cache-off-warm100,90,3,14.8111,18002.007,218.643,18220.650,love,the-divine-comedy,1,,server-1,720,0,0,,,
cache-off-warm100,90,3,14.8222,17959.058,101.900,18060.958,you,villette,1,,server-1,721,0,0,,,
cache-off-warm100,90,3,14.8333,17947.615,151.997,18099.612,sea,the-jungle,1,,server-1,722,0,0,,,
cache-off-warm100,90,3,14.8444,17969.057,144.038,18113.095,she,the-lost-world,1,,server-1,722,0,0,,,
cache-off-warm100,90,3,14.8556,18028.003,150.843,18178.846,of,the-mystery-of-edwin-drood,1,,server-1,723,0,0,,,
cache-off-warm100,90,3,14.8667,18087.455,118.085,18205.540,king,a-princess-of-mars,1,,server-1,723,0,0,,,
cache-off-warm100,90,3,14.8778,18076.439,46.424,18122.863,death,white-fang,1,,server-1,724,0,0,,,
cache-off-warm100,90,3,14.8889,18075.436,105.366,18180.803,of,pride-and-prejudice,1,,server-1,725,0,0,,,
cache-off-warm100,90,3,14.9000,18071.424,128.368,18199.792,death,the-vicomte-de-bragelonne,1,,server-1,726,0,0,,,
cache-off-warm100,90,3,14.9111,18089.627,123.051,18212.678,sea,desperate-remedies,1,,server-1,727,0,0,,,
cache-off-warm100,90,3,14.9222,18114.822,112.895,18227.717,king,the-prince,1,,server-1,728,0,0,,,
cache-off-warm100,90,3,14.9333,18139.430,184.232,18323.663,and,silas-marner,1,,server-1,729,0,0,,,
cache-off-warm100,90,3,14.9444,18126.459,169.903,18296.361,king,mansfield-park,1,,server-1,728,0,0,,,
cache-off-warm100,90,3,14.9556,18141.437,71.384,18212.820,whale,the-house-of-mirth,1,,server-1,728,0,0,,,
cache-off-warm100,90,3,14.9667,18133.696,90.278,18223.974,the,black-beauty,1,,server-1,729,0,0,,,
cache-off-warm100,90,3,14.9778,18123.109,92.681,18215.790,was,grimms-fairy-tales,1,,server-1,729,0,0,,,
cache-off-warm100,90,3,14.9889,18150.687,98.365,18249.052,the,the-war-of-the-worlds,1,,server-1,730,0,0,,,
