label,rate,run,t_s,conn_ms,rpc_ms,total_ms,keyword,reference,ok,error_type,selected_server,server_1_connections,server_2_connections,server_3_connections,server_1_response_ewma_ms,server_2_response_ewma_ms,server_3_response_ewma_ms
least-connections-cache-on-warm0,110,1,0.0000,13.048,27.924,40.972,whale,the-house-of-the-seven-gables,1,,server-1,1,0,0,,,
least-connections-cache-on-warm0,110,1,0.0091,3.766,18.836,22.603,horse,the-lost-world,1,,server-2,1,1,0,,,
least-connections-cache-on-warm0,110,1,0.0182,1.779,16.852,18.631,whale,poirot-investigates,1,,server-3,1,1,1,0.265,0.191,
least-connections-cache-on-warm0,110,1,0.0273,13.756,13.735,27.491,horse,northanger-abbey,1,,server-1,2,1,1,0.265,0.191,0.336
least-connections-cache-on-warm0,110,1,0.0364,1.325,13.433,14.758,and,dubliners,1,,server-2,2,1,1,0.265,3.089,3.543
least-connections-cache-on-warm0,110,1,0.0455,1.303,38.935,40.238,and,the-vicomte-de-bragelonne,1,,server-3,1,1,1,3.981,1.647,2.865
least-connections-cache-on-warm0,110,1,0.0545,1.277,22.855,24.133,and,the-odyssey,1,,server-2,1,1,1,5.845,3.157,1.532
least-connections-cache-on-warm0,110,1,0.0636,1.420,28.103,29.523,house,oliver-twist,1,,server-1,1,1,1,4.705,1.667,1.532
least-connections-cache-on-warm0,110,1,0.0727,6.129,14.026,20.155,horse,cranford,1,,server-2,1,2,1,2.477,1.667,1.532
least-connections-cache-on-warm0,110,1,0.0818,4.461,29.832,34.292,was,the-adventures-of-ferdinand-count-fathom-complete,1,,server-3,1,1,2,2.477,3.287,1.532
least-connections-cache-on-warm0,110,1,0.0909,2.930,13.128,16.058,letter,around-the-world-in-eighty-days,1,,server-1,2,1,1,2.477,3.287,4.046
least-connections-cache-on-warm0,110,1,0.1000,1.441,23.542,24.984,london,the-house-of-mirth,1,,server-2,1,1,1,3.294,4.265,4.046
least-connections-cache-on-warm0,110,1,0.1091,1.282,31.550,32.832,sea,the-mysterious-island,1,,server-1,1,1,1,4.142,2.248,4.046
least-connections-cache-on-warm0,110,1,0.1182,1.299,18.206,19.505,horse,the-adventures-of-tom-sawyer-complete,1,,server-3,1,1,1,2.169,2.248,7.325
least-connections-cache-on-warm0,110,1,0.1273,1.406,23.223,24.630,you,madame-bovary,1,,server-2,1,1,1,2.169,5.172,3.812
least-connections-cache-on-warm0,110,1,0.1364,1.593,16.763,18.355,she,dubliners,1,,server-3,1,1,2,2.169,2.714,3.812
least-connections-cache-on-warm0,110,1,0.1455,1.363,14.410,15.773,king,persuasion,1,,server-1,1,1,1,6.372,2.714,3.180
least-connections-cache-on-warm0,110,1,0.1545,1.531,14.446,15.978,he,meditations,1,,server-2,1,1,1,3.333,5.403,5.800
least-connections-cache-on-warm0,110,1,0.1636,1.349,19.946,21.295,king,pride-and-prejudice,1,,server-3,0,1,1,4.367,2.831,4.667
least-connections-cache-on-warm0,110,1,0.1727,1.072,28.147,29.219,the,the-odyssey,1,,server-1,1,0,1,4.367,4.076,2.453
least-connections-cache-on-warm0,110,1,0.1818,1.464,11.093,12.557,death,the-wind-in-the-willows,1,,server-2,1,1,1,2.302,4.076,2.453
least-connections-cache-on-warm0,110,1,0.1909,1.261,33.176,34.437,sea,villette,1,,server-3,1,1,1,2.302,2.173,4.721
least-connections-cache-on-warm0,110,1,0.2000,1.832,15.993,17.825,was,his-last-bow,1,,server-2,1,1,1,2.302,3.111,2.484
least-connections-cache-on-warm0,110,1,0.2091,1.648,15.854,17.502,night,the-secret-adversary,1,,server-1,1,1,1,5.895,1.667,2.484
least-connections-cache-on-warm0,110,1,0.2182,1.817,13.026,14.842,sea,around-the-world-in-eighty-days,1,,server-2,1,2,1,3.103,3.580,2.484
least-connections-cache-on-warm0,110,1,0.2273,1.618,12.906,14.524,night,agnes-grey,1,,server-3,0,1,1,4.447,1.897,6.856
least-connections-cache-on-warm0,110,1,0.2364,1.378,33.488,34.866,london,tess-of-the-d-urbervilles-a-pure-woman,1,,server-1,1,0,1,4.447,3.248,3.575
least-connections-cache-on-warm0,110,1,0.2455,1.606,16.774,18.380,money,the-scarlet-letter,1,,server-2,1,1,0,2.340,3.248,4.279
least-connections-cache-on-warm0,110,1,0.2545,1.500,25.856,27.356,horse,the-jungle,1,,server-3,1,1,1,2.340,1.738,4.279
least-connections-cache-on-warm0,110,1,0.2636,8.660,22.461,31.121,love,pride-and-prejudice,1,,server-1,2,1,1,2.340,3.702,2.264
least-connections-cache-on-warm0,110,1,0.2727,1.501,16.047,17.547,whale,silas-marner,1,,server-2,1,1,1,4.703,3.702,2.264
least-connections-cache-on-warm0,110,1,0.2818,1.515,26.279,27.794,house,the-jungle,1,,server-3,1,1,2,4.703,1.968,5.533
least-connections-cache-on-warm0,110,1,0.2909,1.142,28.924,30.067,death,dracula,1,,server-2,1,1,1,4.703,3.776,2.899
least-connections-cache-on-warm0,110,1,0.3000,1.358,31.612,32.970,whale,emma,1,,server-1,1,1,1,6.549,1.994,2.899
least-connections-cache-on-warm0,110,1,0.3091,12.053,18.103,30.156,heart,cranford,1,,server-2,1,2,1,3.423,1.994,2.899
least-connections-cache-on-warm0,110,1,0.3182,1.429,22.385,23.814,love,leaves-of-grass,1,,server-3,1,2,1,3.423,1.994,6.017
least-connections-cache-on-warm0,110,1,0.3273,6.112,25.963,32.075,she,the-age-of-innocence,1,,server-1,2,1,1,3.423,4.538,3.159
least-connections-cache-on-warm0,110,1,0.3364,2.853,29.771,32.624,castle,tess-of-the-d-urbervilles-a-pure-woman,1,,server-2,1,2,1,4.788,4.538,3.159
least-connections-cache-on-warm0,110,1,0.3455,2.361,1.031,3.391,the,the-odyssey,1,,server-3,1,1,1,4.788,3.908,5.528
least-connections-cache-on-warm0,110,1,0.3545,2.071,15.335,17.406,horse,the-secret-garden,1,,server-3,1,1,1,4.788,3.908,2.018
least-connections-cache-on-warm0,110,1,0.3636,1.719,23.554,25.273,the,the-house-of-mirth,1,,server-1,1,1,1,7.162,3.908,1.103
least-connections-cache-on-warm0,110,1,0.3727,1.243,26.505,27.748,house,tess-of-the-d-urbervilles-a-pure-woman,1,,server-2,1,1,0,3.766,7.216,3.112
least-connections-cache-on-warm0,110,1,0.3818,1.336,14.330,15.665,heart,the-first-men-in-the-moon,1,,server-3,1,1,1,3.766,3.758,3.112
least-connections-cache-on-warm0,110,1,0.3909,1.572,15.750,17.322,whale,autobiography-of-benjamin-franklin,1,,server-1,1,1,1,6.132,3.758,1.658
least-connections-cache-on-warm0,110,1,0.4000,1.426,16.344,17.770,you,the-first-men-in-the-moon,1,,server-3,1,1,1,3.248,8.227,3.307
least-connections-cache-on-warm0,110,1,0.4091,1.205,28.802,30.007,castle,the-iliad-2199,1,,server-1,1,0,1,4.553,6.621,1.750
least-connections-cache-on-warm0,110,1,0.4182,2.534,25.726,28.260,house,the-return-of-sherlock-holmes-108,1,,server-2,1,1,1,2.403,6.621,3.678
least-connections-cache-on-warm0,110,1,0.4273,1.359,12.321,13.681,night,the-lost-world,1,,server-3,1,1,1,2.403,3.527,3.678
least-connections-cache-on-warm0,110,1,0.4364,3.045,23.429,26.474,castle,jude-the-obscure,1,,server-1,2,1,1,2.403,3.527,1.967
least-connections-cache-on-warm0,110,1,0.4455,1.250,13.847,15.097,castle,black-beauty,1,,server-3,1,1,1,3.362,3.527,3.192
least-connections-cache-on-warm0,110,1,0.4545,1.331,12.035,13.366,love,the-prince,1,,server-2,1,1,1,3.362,6.306,1.710
least-connections-cache-on-warm0,110,1,0.4636,1.433,16.443,17.875,was,myths-and-legends-of-ancient-greece-and-rome,1,,server-3,0,1,1,5.881,3.297,3.265
least-connections-cache-on-warm0,110,1,0.4727,1.689,18.312,20.001,death,the-adventures-of-sherlock-holmes,1,,server-1,1,0,1,5.881,3.952,1.744
least-connections-cache-on-warm0,110,1,0.4818,1.311,10.435,11.745,was,the-kama-sutra-of-vatsyayana,1,,server-2,1,1,0,3.112,3.952,3.692
least-connections-cache-on-warm0,110,1,0.4909,1.134,15.016,16.151,he,the-secret-garden,1,,server-3,1,1,1,3.112,2.084,3.692
least-connections-cache-on-warm0,110,1,0.5000,1.433,16.586,18.019,he,the-mystery-of-edwin-drood,1,,server-1,1,0,1,4.857,2.966,1.953
least-connections-cache-on-warm0,110,1,0.5091,1.304,14.486,15.790,the,the-adventures-of-tom-sawyer-complete,1,,server-2,1,1,0,2.566,2.966,3.615
least-connections-cache-on-warm0,110,1,0.5182,1.296,31.159,32.455,was,the-jungle,1,,server-3,0,1,1,4.237,1.587,3.615
least-connections-cache-on-warm0,110,1,0.5273,1.419,28.166,29.585,you,the-last-of-the-mohicans-a-narrative-of-1757,1,,server-1,1,0,1,4.237,3.314,1.918
least-connections-cache-on-warm0,110,1,0.5364,1.348,10.723,12.071,was,the-hound-of-the-baskervilles-3070,1,,server-2,1,1,1,2.250,3.314,1.918
least-connections-cache-on-warm0,110,1,0.5455,5.638,32.793,38.431,of,the-romance-of-lust-a-classic-victorian-erotic-novel,1,,server-3,1,1,2,2.250,1.764,1.918
least-connections-cache-on-warm0,110,1,0.5545,1.273,17.715,18.988,love,silas-marner,1,,server-2,1,1,1,2.250,2.770,3.458
least-connections-cache-on-warm0,110,1,0.5636,1.553,13.146,14.698,love,silas-marner,1,,server-1,1,1,1,5.901,1.494,3.458
least-connections-cache-on-warm0,110,1,0.5727,1.828,17.995,19.823,house,myths-and-legends-of-ancient-greece-and-rome,1,,server-2,1,2,1,3.082,1.494,3.458
least-connections-cache-on-warm0,110,1,0.5818,1.438,14.757,16.195,love,the-first-men-in-the-moon,1,,server-1,1,1,1,4.062,1.990,3.458
least-connections-cache-on-warm0,110,1,0.5909,1.405,16.462,17.866,sea,the-scarlet-letter-33,1,,server-3,1,1,1,2.135,1.990,7.425
least-connections-cache-on-warm0,110,1,0.6000,1.119,28.728,29.847,death,the-adventures-of-ferdinand-count-fathom-complete,1,,server-1,1,0,1,3.674,4.109,3.891
least-connections-cache-on-warm0,110,1,0.6091,1.094,20.060,21.155,was,the-mystery-of-edwin-drood,1,,server-2,1,1,0,1.944,4.109,5.083
least-connections-cache-on-warm0,110,1,0.6182,1.367,29.820,31.187,castle,little-women,1,,server-3,1,1,1,1.944,2.184,5.083
least-connections-cache-on-warm0,110,1,0.6273,2.594,14.236,16.830,heart,desert-gold,1,,server-1,2,1,1,1.944,2.184,2.670
least-connections-cache-on-warm0,110,1,0.6364,1.440,20.861,22.301,london,madame-bovary,1,,server-2,1,1,1,3.770,4.604,2.670
least-connections-cache-on-warm0,110,1,0.6455,1.202,18.781,19.982,night,the-age-of-innocence,1,,server-1,1,1,1,4.649,2.423,2.670
least-connections-cache-on-warm0,110,1,0.6545,1.616,22.392,24.008,letter,adventures-of-huckleberry-finn,1,,server-3,1,1,1,2.450,2.423,6.431
least-connections-cache-on-warm0,110,1,0.6636,1.338,22.178,23.516,love,the-portrait-of-a-lady-volume-1,1,,server-2,1,1,1,2.450,4.792,3.398
least-connections-cache-on-warm0,110,1,0.6727,1.074,23.053,24.128,castle,the-house-of-mirth,1,,server-1,1,1,1,4.540,2.524,3.398
least-connections-cache-on-warm0,110,1,0.6818,1.126,31.833,32.959,castle,the-innocents-abroad,1,,server-3,1,1,1,2.383,2.524,5.664
least-connections-cache-on-warm0,110,1,0.6909,1.302,9.584,10.886,letter,the-jungle-book,1,,server-2,1,1,1,2.383,5.126,2.968
least-connections-cache-on-warm0,110,1,0.7000,1.163,0.680,1.842,house,tess-of-the-d-urbervilles-a-pure-woman,1,,server-1,1,1,1,5.196,2.712,2.968
least-connections-cache-on-warm0,110,1,0.7091,1.120,20.912,22.033,london,far-from-the-madding-crowd,1,,server-2,0,1,1,1.802,3.218,2.968
least-connections-cache-on-warm0,110,1,0.7182,1.460,14.103,15.562,king,dubliners,1,,server-3,0,1,1,1.802,1.709,6.959
least-connections-cache-on-warm0,110,1,0.7273,1.252,11.198,12.450,house,his-last-bow,1,,server-1,1,1,1,1.802,1.709,3.629
least-connections-cache-on-warm0,110,1,0.7364,1.131,11.345,12.477,house,poirot-investigates,1,,server-2,1,1,0,0.994,4.422,4.524
least-connections-cache-on-warm0,110,1,0.7455,1.131,27.014,28.145,horse,the-iliad-2199,1,,server-3,0,1,1,2.376,2.328,4.524
least-connections-cache-on-warm0,110,1,0.7545,1.423,34.138,35.561,whale,the-moonstone,1,,server-1,1,0,1,2.376,3.275,2.387
least-connections-cache-on-warm0,110,1,0.7636,1.149,0.611,1.760,heart,desert-gold,1,,server-2,1,1,1,1.293,3.275,2.387
least-connections-cache-on-warm0,110,1,0.7727,1.529,30.878,32.407,was,little-women,1,,server-2,1,1,1,1.293,1.185,2.387
least-connections-cache-on-warm0,110,1,0.7818,1.503,9.337,10.840,whale,the-hound-of-the-baskervilles-3070,1,,server-3,1,1,1,1.293,0.665,5.831
least-connections-cache-on-warm0,110,1,0.7909,1.409,12.765,14.174,letter,silas-marner,1,,server-1,1,1,1,6.264,0.665,3.054
least-connections-cache-on-warm0,110,1,0.8000,1.088,12.761,13.849,night,frankenstein-or-the-modern-prometheus,1,,server-3,1,1,1,3.277,0.665,3.360
least-connections-cache-on-warm0,110,1,0.8091,1.438,12.978,14.416,money,the-king-in-yellow,1,,server-1,1,0,1,4.046,5.312,1.783
least-connections-cache-on-warm0,110,1,0.8182,1.162,14.488,15.650,letter,desert-gold,1,,server-2,1,1,0,2.152,5.312,3.145
least-connections-cache-on-warm0,110,1,0.8273,1.312,17.586,18.897,heart,silas-marner,1,,server-3,0,1,1,3.444,2.783,3.145
least-connections-cache-on-warm0,110,1,0.8364,1.267,17.416,18.683,sea,poirot-investigates,1,,server-1,1,0,1,3.444,4.058,1.673
least-connections-cache-on-warm0,110,1,0.8455,1.146,33.235,34.382,love,the-tenant-of-wildfell-hall,1,,server-2,1,1,1,1.835,4.058,1.673
least-connections-cache-on-warm0,110,1,0.8545,2.513,14.734,17.248,she,cranford,1,,server-3,1,1,1,4.683,2.150,3.856
least-connections-cache-on-warm0,110,1,0.8636,1.161,24.647,25.808,love,a-tale-of-two-cities,1,,server-1,1,1,1,3.769,2.150,2.115
least-connections-cache-on-warm0,110,1,0.8727,1.563,30.723,32.287,she,the-mysterious-island,1,,server-3,1,1,1,1.996,2.150,3.624
least-connections-cache-on-warm0,110,1,0.8818,1.398,18.841,20.239,castle,twenty-thousand-leagues-under-the-sea,1,,server-2,1,1,1,1.996,6.629,1.941
least-connections-cache-on-warm0,110,1,0.8909,1.238,30.692,31.930,love,great-expectations,1,,server-1,1,1,1,5.211,3.497,1.941
least-connections-cache-on-warm0,110,1,0.9000,2.768,30.262,33.030,love,jane-eyre-an-autobiography,1,,server-2,1,2,1,2.735,3.497,1.941
least-connections-cache-on-warm0,110,1,0.9091,1.453,10.721,12.174,love,the-hound-of-the-baskervilles-3070,1,,server-3,1,1,1,2.735,2.896,6.108
least-connections-cache-on-warm0,110,1,0.9182,4.985,12.106,17.091,horse,a-princess-of-mars,1,,server-1,2,1,1,2.735,2.896,3.194
least-connections-cache-on-warm0,110,1,0.9273,1.210,30.989,32.199,london,little-women,1,,server-3,1,1,1,3.843,2.896,3.715
least-connections-cache-on-warm0,110,1,0.9364,1.311,0.691,2.002,house,his-last-bow,1,,server-1,1,0,1,4.354,6.633,1.964
least-connections-cache-on-warm0,110,1,0.9455,1.275,10.072,11.348,sea,the-hound-of-the-baskervilles-3070,1,,server-2,0,1,1,1.522,6.633,1.964
least-connections-cache-on-warm0,110,1,0.9545,1.479,15.050,16.529,castle,autobiography-of-benjamin-franklin,1,,server-1,1,1,1,1.522,3.466,1.964
least-connections-cache-on-warm0,110,1,0.9636,1.170,25.675,26.844,heart,madame-bovary,1,,server-2,1,1,0,0.849,3.778,6.184
least-connections-cache-on-warm0,110,1,0.9727,1.202,21.787,22.989,castle,pride-and-prejudice,1,,server-3,0,1,1,2.864,2.006,6.184
least-connections-cache-on-warm0,110,1,0.9818,1.431,21.003,22.434,castle,the-age-of-innocence,1,,server-1,1,1,1,2.864,2.006,3.236
least-connections-cache-on-warm0,110,1,0.9909,1.094,0.560,1.653,heart,silas-marner,1,,server-2,1,1,1,1.571,5.322,3.236
least-connections-cache-on-warm0,110,1,1.0000,1.090,15.869,16.959,house,frankenstein-or-the-modern-prometheus,1,,server-3,1,0,1,1.571,1.837,5.518
least-connections-cache-on-warm0,110,1,1.0091,1.818,10.726,12.544,death,the-jungle-book,1,,server-1,1,0,1,4.273,1.837,2.894
least-connections-cache-on-warm0,110,1,1.0182,1.268,29.498,30.766,money,the-tenant-of-wildfell-hall,1,,server-2,1,1,0,2.297,1.837,4.331
least-connections-cache-on-warm0,110,1,1.0273,2.004,17.520,19.525,castle,the-secret-garden-17396,1,,server-3,0,1,1,3.110,1.009,4.331
least-connections-cache-on-warm0,110,1,1.0364,1.300,9.599,10.899,death,poirot-investigates,1,,server-1,1,1,1,3.110,1.009,2.340
least-connections-cache-on-warm0,110,1,1.0455,3.882,14.591,18.472,money,the-secret-adversary,1,,server-2,1,2,1,1.635,1.009,2.340
least-connections-cache-on-warm0,110,1,1.0545,1.416,17.073,18.489,heart,memoirs-of-fanny-hill,1,,server-3,0,1,1,2.551,3.049,4.195
least-connections-cache-on-warm0,110,1,1.0636,1.250,22.637,23.886,heart,walden-and-on-the-duty-of-civil-disobedience,1,,server-1,1,1,1,2.551,5.257,2.214
least-connections-cache-on-warm0,110,1,1.0727,1.708,18.800,20.508,sea,the-age-of-innocence,1,,server-2,1,1,1,1.372,4.214,5.057
least-connections-cache-on-warm0,110,1,1.0818,1.467,12.007,13.475,he,the-hound-of-the-baskervilles,1,,server-3,1,1,1,1.372,2.285,4.085
least-connections-cache-on-warm0,110,1,1.0909,1.275,23.674,24.949,whale,jude-the-obscure,1,,server-1,1,1,1,4.458,2.285,2.161
least-connections-cache-on-warm0,110,1,1.1000,1.306,14.144,15.450,you,the-king-in-yellow,1,,server-2,1,1,0,2.348,4.435,3.246
least-connections-cache-on-warm0,110,1,1.1091,1.381,18.797,20.178,london,the-memoirs-of-sherlock-holmes,1,,server-3,1,1,1,2.348,2.335,3.246
least-connections-cache-on-warm0,110,1,1.1182,1.508,26.813,28.321,money,mansfield-park,1,,server-1,1,0,1,5.239,3.700,1.723
least-connections-cache-on-warm0,110,1,1.1273,2.032,10.432,12.464,horse,black-beauty,1,,server-2,1,1,1,2.770,3.700,1.723
least-connections-cache-on-warm0,110,1,1.1364,1.312,13.287,14.599,was,persuasion,1,,server-3,1,1,1,2.770,1.966,3.934
least-connections-cache-on-warm0,110,1,1.1455,1.522,35.830,37.352,horse,villette,1,,server-2,1,1,1,2.770,2.886,2.080
least-connections-cache-on-warm0,110,1,1.1545,1.213,0.631,1.844,castle,the-iliad-2199,1,,server-3,0,1,1,6.023,1.580,3.410
least-connections-cache-on-warm0,110,1,1.1636,1.277,10.208,11.485,king,the-jungle-book,1,,server-1,1,1,0,6.023,1.580,1.257
least-connections-cache-on-warm0,110,1,1.1727,1.328,0.744,2.072,she,the-age-of-innocence,1,,server-3,1,1,1,3.152,1.580,1.257
least-connections-cache-on-warm0,110,1,1.1818,1.388,12.703,14.091,letter,the-secret-garden,1,,server-1,1,1,0,3.595,1.580,0.510
least-connections-cache-on-warm0,110,1,1.1909,1.201,26.430,27.631,castle,the-last-of-the-mohicans-a-narrative-of-1757-27681,1,,server-2,1,1,0,1.929,6.673,0.510
least-connections-cache-on-warm0,110,1,1.2000,1.347,15.825,17.172,heart,the-secret-adversary,1,,server-3,0,1,1,3.210,3.486,0.510
least-connections-cache-on-warm0,110,1,1.2091,1.291,28.842,30.133,you,mary-barton,1,,server-1,1,1,1,3.210,3.486,0.334
least-connections-cache-on-warm0,110,1,1.2182,1.560,15.958,17.517,you,grimms-fairy-tales,1,,server-3,1,1,1,1.719,8.005,2.714
least-connections-cache-on-warm0,110,1,1.2273,1.484,30.738,32.222,whale,the-innocents-abroad,1,,server-2,1,1,1,1.719,6.419,1.450
least-connections-cache-on-warm0,110,1,1.2364,1.280,14.647,15.927,london,myths-and-legends-of-ancient-greece-and-rome,1,,server-3,1,1,1,1.719,3.352,3.395
least-connections-cache-on-warm0,110,1,1.2455,1.448,27.428,28.876,money,the-adventures-of-ferdinand-count-fathom-complete,1,,server-1,1,1,1,5.663,3.352,1.797
least-connections-cache-on-warm0,110,1,1.2545,1.493,0.615,2.108,horse,a-princess-of-mars,1,,server-3,1,1,1,2.964,3.352,3.443
least-connections-cache-on-warm0,110,1,1.2636,1.366,28.485,29.851,love,mansfield-park,1,,server-2,1,1,0,2.964,7.014,1.217
least-connections-cache-on-warm0,110,1,1.2727,1.575,17.777,19.352,death,the-divine-comedy,1,,server-3,1,1,1,2.964,3.657,1.217
least-connections-cache-on-warm0,110,1,1.2818,1.437,31.668,33.105,love,the-innocents-abroad,1,,server-1,1,1,1,6.220,3.657,0.694
least-connections-cache-on-warm0,110,1,1.2909,2.825,27.868,30.693,love,oliver-twist,1,,server-2,1,2,1,3.253,3.657,0.694
least-connections-cache-on-warm0,110,1,1.3000,1.552,12.210,13.762,sea,meditations,1,,server-3,1,1,1,3.253,4.255,3.234
least-connections-cache-on-warm0,110,1,1.3091,6.385,23.560,29.945,king,the-jungle,1,,server-1,2,1,1,3.253,4.255,1.735
least-connections-cache-on-warm0,110,1,1.3182,1.501,20.000,21.502,king,adventures-of-huckleberry-finn,1,,server-3,1,1,1,4.194,4.255,3.006
least-connections-cache-on-warm0,110,1,1.3273,1.238,24.047,25.284,night,mansfield-park,1,,server-2,1,1,1,4.194,7.145,1.637
least-connections-cache-on-warm0,110,1,1.3364,3.070,14.588,17.658,you,northanger-abbey,1,,server-3,1,1,2,4.194,3.723,1.637
least-connections-cache-on-warm0,110,1,1.3455,1.337,18.522,19.859,money,walden-and-on-the-duty-of-civil-disobedience,1,,server-1,1,1,1,6.405,3.723,2.307
least-connections-cache-on-warm0,110,1,1.3545,1.385,34.011,35.396,he,jane-eyre-an-autobiography,1,,server-2,1,1,0,3.353,6.164,3.777
least-connections-cache-on-warm0,110,1,1.3636,1.446,15.715,17.161,love,a-journey-to-the-centre-of-the-earth,1,,server-3,1,1,1,3.353,3.231,3.777
least-connections-cache-on-warm0,110,1,1.3727,1.562,13.167,14.728,love,the-adventures-of-tom-sawyer-complete,1,,server-1,1,1,1,5.103,3.231,2.009
least-connections-cache-on-warm0,110,1,1.3818,1.017,20.621,21.638,house,the-american,1,,server-3,1,1,1,2.700,3.231,3.742
least-connections-cache-on-warm0,110,1,1.3909,1.180,23.919,25.099,whale,desperate-remedies,1,,server-1,1,0,1,3.742,7.463,1.976
least-connections-cache-on-warm0,110,1,1.4000,1.444,14.946,16.391,money,a-journey-to-the-centre-of-the-earth,1,,server-2,1,1,1,1.978,7.463,1.976
least-connections-cache-on-warm0,110,1,1.4091,1.323,9.872,11.195,king,the-prince,1,,server-3,1,1,1,1.978,3.887,4.526
least-connections-cache-on-warm0,110,1,1.4182,1.566,16.082,17.647,castle,anne-of-green-gables,1,,server-1,1,0,1,5.047,4.834,2.388
least-connections-cache-on-warm0,110,1,1.4273,1.770,15.916,17.685,and,the-hound-of-the-baskervilles,1,,server-2,1,1,0,2.668,4.834,3.054
least-connections-cache-on-warm0,110,1,1.4364,0.962,20.510,21.472,london,anne-of-green-gables,1,,server-3,0,1,1,4.241,2.540,3.054
least-connections-cache-on-warm0,110,1,1.4455,1.239,17.187,18.426,london,the-scarlet-letter,1,,server-1,1,0,1,4.241,4.134,1.629
least-connections-cache-on-warm0,110,1,1.4545,1.402,24.721,26.123,you,wuthering-heights,1,,server-2,1,1,1,2.232,4.134,1.629
least-connections-cache-on-warm0,110,1,1.4636,1.501,0.630,2.131,money,the-tenant-of-wildfell-hall,1,,server-3,1,1,1,5.145,2.213,4.293
least-connections-cache-on-warm0,110,1,1.4727,1.356,23.798,25.153,the,far-from-the-madding-crowd,1,,server-1,1,1,0,4.139,2.213,1.525
least-connections-cache-on-warm0,110,1,1.4818,1.385,34.263,35.648,castle,the-iliad,1,,server-2,1,1,0,2.200,5.333,1.525
least-connections-cache-on-warm0,110,1,1.4909,1.443,31.249,32.692,london,the-moonstone,1,,server-3,1,1,1,2.200,2.792,1.525
least-connections-cache-on-warm0,110,1,1.5000,1.365,19.599,20.964,was,the-works-of-edgar-allan-poe-volume-2,1,,server-1,1,1,1,5.157,2.792,0.856
least-connections-cache-on-warm0,110,1,1.5091,8.263,31.858,40.121,letter,jane-eyre-an-autobiography,1,,server-2,1,2,1,2.743,2.792,0.856
least-connections-cache-on-warm0,110,1,1.5182,6.012,20.768,26.780,of,far-from-the-madding-crowd,1,,server-3,1,2,2,2.743,4.970,0.856
least-connections-cache-on-warm0,110,1,1.5273,1.354,27.252,28.605,and,great-expectations,1,,server-1,1,1,1,4.824,4.970,3.474
least-connections-cache-on-warm0,110,1,1.5364,12.910,9.536,22.446,death,the-prince,1,,server-2,1,2,1,2.580,4.970,3.474
least-connections-cache-on-warm0,110,1,1.5455,1.307,27.205,28.512,sea,north-and-south,1,,server-3,1,2,1,2.580,4.970,5.510
least-connections-cache-on-warm0,110,1,1.5545,1.851,25.045,26.896,and,a-connecticut-yankee-in-king-arthur-s-court,1,,server-1,2,1,1,2.580,5.472,2.908
least-connections-cache-on-warm0,110,1,1.5636,1.030,30.396,31.426,she,the-iliad-2199,1,,server-2,1,1,1,3.186,4.956,2.908
least-connections-cache-on-warm0,110,1,1.5727,2.041,13.379,15.420,king,cranford,1,,server-3,1,1,2,3.186,2.601,2.908
least-connections-cache-on-warm0,110,1,1.5818,1.391,14.446,15.837,he,the-king-in-yellow,1,,server-1,2,1,1,6.039,2.601,3.310
least-connections-cache-on-warm0,110,1,1.5909,1.410,13.691,15.101,sea,washington-square,1,,server-3,1,1,1,3.158,2.601,4.136
least-connections-cache-on-warm0,110,1,1.6000,1.299,14.737,16.036,horse,treasure-island,1,,server-1,1,0,1,4.283,6.489,2.184
least-connections-cache-on-warm0,110,1,1.6091,1.319,20.879,22.198,castle,the-portrait-of-a-lady-volume-1,1,,server-2,1,1,0,2.248,6.489,3.530
least-connections-cache-on-warm0,110,1,1.6182,1.260,0.552,1.813,of,far-from-the-madding-crowd,1,,server-3,0,1,1,3.752,3.414,3.530
least-connections-cache-on-warm0,110,1,1.6273,1.105,0.524,1.628,letter,silas-marner,1,,server-1,1,1,0,3.752,3.414,1.250
least-connections-cache-on-warm0,110,1,1.6364,1.159,35.440,36.599,love,the-moonstone,1,,server-2,0,1,0,1.321,5.473,1.250
least-connections-cache-on-warm0,110,1,1.6455,1.479,0.813,2.292,of,the-romance-of-lust-a-classic-victorian-erotic-novel,1,,server-3,0,1,1,1.321,2.868,1.250
least-connections-cache-on-warm0,110,1,1.6545,1.111,0.592,1.703,horse,the-adventures-of-tom-sawyer-complete,1,,server-1,1,1,0,1.321,2.868,0.553
least-connections-cache-on-warm0,110,1,1.6636,0.957,14.420,15.376,she,silas-marner,1,,server-3,0,1,1,0.529,2.868,0.553
least-connections-cache-on-warm0,110,1,1.6727,1.470,14.955,16.425,she,a-journey-to-the-centre-of-the-earth,1,,server-1,1,1,1,0.529,9.276,0.343
least-connections-cache-on-warm0,110,1,1.6818,1.224,13.954,15.178,london,the-warden,1,,server-2,1,1,0,0.372,7.463,2.522
least-connections-cache-on-warm0,110,1,1.6909,1.414,20.927,22.341,he,madame-bovary,1,,server-3,0,1,1,2.533,3.889,2.522
least-connections-cache-on-warm0,110,1,1.7000,1.389,27.958,29.346,whale,mansfield-park,1,,server-1,1,0,1,2.533,4.679,1.357
least-connections-cache-on-warm0,110,1,1.7091,1.201,23.263,24.464,castle,a-tale-of-two-cities,1,,server-2,1,1,1,1.382,4.679,1.357
least-connections-cache-on-warm0,110,1,1.7182,1.664,12.532,14.196,and,herland,1,,server-3,1,1,1,1.382,2.464,4.171
least-connections-cache-on-warm0,110,1,1.7273,2.580,19.254,21.833,night,the-last-of-the-mohicans-a-narrative-of-1757-27681,1,,server-1,2,1,1,1.382,2.464,2.216
least-connections-cache-on-warm0,110,1,1.7364,1.173,29.424,30.597,castle,oliver-twist,1,,server-2,1,1,0,2.907,5.173,3.371
least-connections-cache-on-warm0,110,1,1.7455,1.469,19.948,21.417,money,the-memoirs-of-sherlock-holmes,1,,server-3,1,1,1,2.907,2.721,3.371
least-connections-cache-on-warm0,110,1,1.7545,2.177,10.182,12.359,letter,the-hound-of-the-baskervilles-3070,1,,server-1,1,1,1,4.891,2.721,1.795
least-connections-cache-on-warm0,110,1,1.7636,4.017,31.884,35.902,the,the-last-of-the-mohicans-a-narrative-of-1757,1,,server-2,1,2,1,2.607,2.721,1.795
least-connections-cache-on-warm0,110,1,1.7727,1.279,32.013,33.292,and,emma,1,,server-3,0,1,1,3.229,3.655,4.306
least-connections-cache-on-warm0,110,1,1.7818,1.286,18.853,20.138,house,pride-and-prejudice,1,,server-1,1,1,1,3.229,3.655,2.266
least-connections-cache-on-warm0,110,1,1.7909,9.236,32.558,41.794,house,north-and-south,1,,server-2,1,2,1,1.712,3.655,2.266
least-connections-cache-on-warm0,110,1,1.8000,6.467,15.626,22.093,was,the-first-men-in-the-moon,1,,server-3,1,2,2,1.712,5.843,2.266
least-connections-cache-on-warm0,110,1,1.8091,1.283,9.614,10.897,she,black-beauty,1,,server-1,1,1,1,4.096,4.718,3.912
least-connections-cache-on-warm0,110,1,1.8182,15.037,24.689,39.726,sea,the-return-of-sherlock-holmes,1,,server-2,1,2,1,2.152,4.718,3.912
least-connections-cache-on-warm0,110,1,1.8273,1.243,0.615,1.858,the,the-adventures-of-tom-sawyer-complete,1,,server-3,0,2,1,2.869,4.718,4.947
least-connections-cache-on-warm0,110,1,1.8364,1.123,30.401,31.524,and,the-moonstone,1,,server-1,1,1,0,2.869,5.632,1.711
least-connections-cache-on-warm0,110,1,1.8455,1.117,16.735,17.851,of,memoirs-of-fanny-hill,1,,server-3,1,1,1,1.523,5.632,1.711
least-connections-cache-on-warm0,110,1,1.8545,13.865,16.100,29.966,whale,the-hound-of-the-baskervilles,1,,server-1,2,1,1,1.523,5.632,0.959
least-connections-cache-on-warm0,110,1,1.8636,1.169,18.603,19.771,and,northanger-abbey,1,,server-2,2,1,1,1.523,7.479,3.220
least-connections-cache-on-warm0,110,1,1.8727,0.957,18.932,19.888,the,the-divine-comedy,1,,server-3,1,1,1,4.650,3.897,3.220
least-connections-cache-on-warm0,110,1,1.8818,3.084,13.201,16.285,the,the-secret-garden,1,,server-1,2,1,1,4.650,3.897,1.699
least-connections-cache-on-warm0,110,1,1.8909,1.089,12.543,13.633,money,treasure-island,1,,server-2,1,1,1,3.396,5.373,1.699
least-connections-cache-on-warm0,110,1,1.9000,1.131,21.475,22.607,castle,the-scarlet-letter-33,1,,server-3,0,1,1,4.239,2.819,4.102
least-connections-cache-on-warm0,110,1,1.9091,1.214,25.335,26.549,the,sense-and-sensibility,1,,server-1,1,0,1,4.239,3.759,2.189
least-connections-cache-on-warm0,110,1,1.9182,1.485,14.673,16.158,house,the-king-in-yellow,1,,server-2,1,1,1,2.246,3.759,2.189
least-connections-cache-on-warm0,110,1,1.9273,1.350,10.447,11.796,she,herland,1,,server-3,1,1,1,2.246,2.011,4.812
least-connections-cache-on-warm0,110,1,1.9364,1.113,27.730,28.843,of,the-jungle,1,,server-1,1,0,1,5.455,3.585,2.538
least-connections-cache-on-warm0,110,1,1.9455,1.495,23.127,24.621,london,the-last-of-the-mohicans-a-narrative-of-1757,1,,server-2,1,1,0,2.866,3.585,3.238
least-connections-cache-on-warm0,110,1,1.9545,1.340,0.891,2.230,whale,emma,1,,server-3,1,1,1,2.866,1.920,3.238
least-connections-cache-on-warm0,110,1,1.9636,1.081,21.937,23.018,was,grimms-fairy-tales,1,,server-3,1,1,1,2.866,1.920,1.191
least-connections-cache-on-warm0,110,1,1.9727,1.309,0.542,1.851,letter,adventures-of-huckleberry-finn,1,,server-1,1,0,1,6.235,4.866,0.663
least-connections-cache-on-warm0,110,1,1.9818,1.419,19.128,20.547,was,the-prince,1,,server-2,0,1,1,2.140,4.866,0.663
least-connections-cache-on-warm0,110,1,1.9909,1.900,36.144,38.044,love,the-mysterious-island,1,,server-3,0,1,1,2.140,2.543,3.889
least-connections-cache-on-warm0,110,1,2.0000,2.235,31.474,33.709,money,emma,1,,server-1,1,1,1,2.140,2.543,2.075
least-connections-cache-on-warm0,110,1,2.0091,1.273,24.141,25.413,the,a-tale-of-two-cities,1,,server-2,1,1,1,1.168,4.655,2.075
least-connections-cache-on-warm0,110,1,2.0182,11.317,14.765,26.081,house,the-warden,1,,server-3,1,1,2,1.168,2.436,2.075
least-connections-cache-on-warm0,110,1,2.0273,6.738,12.455,19.194,king,around-the-world-in-eighty-days,1,,server-1,2,1,2,1.168,2.436,2.075
least-connections-cache-on-warm0,110,1,2.0364,1.450,11.098,12.548,the,the-war-of-the-worlds,1,,server-2,1,1,1,3.497,5.410,4.645
least-connections-cache-on-warm0,110,1,2.0455,1.582,26.866,28.448,london,jude-the-obscure,1,,server-3,1,1,1,3.497,2.825,5.261
least-connections-cache-on-warm0,110,1,2.0545,1.408,12.783,14.191,she,around-the-world-in-eighty-days,1,,server-1,1,0,1,4.160,3.529,2.767
least-connections-cache-on-warm0,110,1,2.0636,1.438,11.045,12.483,was,black-beauty,1,,server-2,1,1,1,2.192,3.529,2.767
least-connections-cache-on-warm0,110,1,2.0727,1.278,10.697,11.976,whale,the-war-of-the-worlds,1,,server-1,1,1,1,3.405,1.856,2.767
least-connections-cache-on-warm0,110,1,2.0818,1.225,22.318,23.543,the,the-picture-of-dorian-gray,1,,server-2,1,1,0,1.782,2.904,6.021
least-connections-cache-on-warm0,110,1,2.0909,2.176,21.814,23.989,the,autobiography-of-benjamin-franklin,1,,server-3,0,1,1,2.809,1.556,6.021
least-connections-cache-on-warm0,110,1,2.1000,1.204,21.480,22.685,house,adventures-of-huckleberry-finn,1,,server-1,1,1,1,2.809,1.556,3.209
least-connections-cache-on-warm0,110,1,2.1091,1.418,19.047,20.465,whale,grimms-fairy-tales,1,,server-2,1,1,1,1.517,4.513,3.209
least-connections-cache-on-warm0,110,1,2.1182,1.177,31.574,32.751,king,the-innocents-abroad,1,,server-3,1,1,1,1.517,2.384,5.472
least-connections-cache-on-warm0,110,1,2.1273,1.500,28.414,29.914,king,the-song-of-the-lark,1,,server-1,1,1,1,4.223,2.384,2.862
least-connections-cache-on-warm0,110,1,2.1364,1.494,28.855,30.349,letter,great-expectations,1,,server-2,1,1,1,2.221,4.535,2.862
least-connections-cache-on-warm0,110,1,2.1455,5.682,19.824,25.507,letter,madame-bovary,1,,server-3,1,1,2,2.221,2.395,2.862
least-connections-cache-on-warm0,110,1,2.1545,3.076,20.923,23.999,of,madame-bovary,1,,server-1,2,1,1,2.221,2.395,4.570
least-connections-cache-on-warm0,110,1,2.1636,4.088,24.967,29.055,she,the-song-of-the-lark,1,,server-2,1,2,1,3.243,2.395,4.570
least-connections-cache-on-warm0,110,1,2.1727,1.494,11.281,12.775,you,the-wind-in-the-willows,1,,server-3,1,1,1,3.243,3.488,6.046
least-connections-cache-on-warm0,110,1,2.1818,1.327,19.286,20.614,love,a-connecticut-yankee-in-king-arthur-s-court,1,,server-1,1,1,1,5.385,3.488,3.162
least-connections-cache-on-warm0,110,1,2.1909,1.128,11.739,12.866,the,the-kama-sutra-of-vatsyayana,1,,server-3,1,1,1,2.828,3.488,3.783
least-connections-cache-on-warm0,110,1,2.2000,1.333,0.853,2.187,you,madame-bovary,1,,server-2,1,1,1,2.828,6.185,2.003
least-connections-cache-on-warm0,110,1,2.2091,1.095,22.426,23.520,heart,frankenstein-or-the-modern-prometheus,1,,server-3,0,0,1,4.869,2.157,3.123
least-connections-cache-on-warm0,110,1,2.2182,1.818,37.781,39.598,death,life-on-the-mississippi,1,,server-1,1,0,1,4.869,2.157,1.670
least-connections-cache-on-warm0,110,1,2.2273,1.535,24.129,25.664,letter,the-memoirs-of-sherlock-holmes,1,,server-2,1,1,1,2.573,2.157,1.670
least-connections-cache-on-warm0,110,1,2.2364,2.737,32.308,35.045,king,oliver-twist,1,,server-3,1,1,1,2.573,1.193,4.600
least-connections-cache-on-warm0,110,1,2.2455,12.172,12.482,24.654,letter,dubliners,1,,server-1,2,1,1,2.573,1.193,2.522
least-connections-cache-on-warm0,110,1,2.2545,1.337,14.801,16.139,the,treasure-island,1,,server-2,2,1,1,2.573,4.547,2.522
least-connections-cache-on-warm0,110,1,2.2636,7.690,26.437,34.126,castle,the-adventures-of-sherlock-holmes,1,,server-3,1,1,2,6.751,2.396,2.522
least-connections-cache-on-warm0,110,1,2.2727,1.397,17.982,19.379,she,persuasion,1,,server-1,1,0,1,6.260,3.834,5.451
least-connections-cache-on-warm0,110,1,2.2818,1.614,19.140,20.754,letter,the-adventures-of-sherlock-holmes,1,,server-2,1,1,1,3.273,3.834,5.451
least-connections-cache-on-warm0,110,1,2.2909,7.637,20.451,28.088,night,hard-times,1,,server-3,1,1,2,3.273,2.042,5.451
least-connections-cache-on-warm0,110,1,2.3000,1.291,21.548,22.840,horse,the-last-of-the-mohicans-a-narrative-of-1757-27681,1,,server-1,1,1,1,4.926,2.042,4.656
least-connections-cache-on-warm0,110,1,2.3091,1.376,24.395,25.771,king,the-odyssey,1,,server-2,1,1,1,2.589,4.312,4.656
least-connections-cache-on-warm0,110,1,2.3182,1.448,13.242,14.690,money,silas-marner,1,,server-3,1,1,2,2.589,2.272,4.656
least-connections-cache-on-warm0,110,1,2.3273,1.447,24.208,25.655,was,dracula,1,,server-1,1,1,1,5.055,2.272,3.242
least-connections-cache-on-warm0,110,1,2.3364,1.364,20.293,21.657,heart,the-memoirs-of-sherlock-holmes,1,,server-2,1,1,0,2.657,5.298,4.145
least-connections-cache-on-warm0,110,1,2.3455,1.471,10.620,12.091,whale,the-kama-sutra-of-vatsyayana,1,,server-3,1,1,1,2.657,2.770,4.145
least-connections-cache-on-warm0,110,1,2.3545,1.368,23.929,25.297,he,the-jungle,1,,server-1,1,1,1,5.522,2.770,2.197
least-connections-cache-on-warm0,110,1,2.3636,1.251,24.680,25.932,and,the-works-of-edgar-allan-poe-volume-2,1,,server-2,1,1,0,2.892,4.996,3.072
least-connections-cache-on-warm0,110,1,2.3727,1.357,12.540,13.897,sea,the-great-gatsby,1,,server-3,1,1,1,2.892,2.615,3.072
least-connections-cache-on-warm0,110,1,2.3818,1.179,15.647,16.825,money,around-the-world-in-eighty-days,1,,server-1,1,1,1,5.672,2.615,1.666
least-connections-cache-on-warm0,110,1,2.3909,1.255,17.991,19.246,you,the-adventures-of-sherlock-holmes,1,,server-2,1,1,0,2.964,5.579,3.024
least-connections-cache-on-warm0,110,1,2.4000,1.438,31.695,33.133,horse,far-from-the-madding-crowd,1,,server-3,0,1,1,4.362,2.912,3.024
least-connections-cache-on-warm0,110,1,2.4091,1.264,14.601,15.865,of,autobiography-of-benjamin-franklin,1,,server-1,1,1,1,4.362,2.912,1.634
least-connections-cache-on-warm0,110,1,2.4182,1.079,18.412,19.491,the,the-age-of-innocence,1,,server-2,1,1,1,2.311,4.696,1.634
least-connections-cache-on-warm0,110,1,2.4273,1.094,31.509,32.603,heart,far-from-the-madding-crowd,1,,server-1,1,1,1,3.775,2.463,1.634
least-connections-cache-on-warm0,110,1,2.4364,1.364,32.318,33.681,london,dracula,1,,server-3,1,1,1,1.991,2.463,6.089
least-connections-cache-on-warm0,110,1,2.4455,1.071,18.311,19.383,horse,the-works-of-edgar-allan-poe-volume-2,1,,server-2,1,1,1,1.991,4.501,3.192
least-connections-cache-on-warm0,110,1,2.4545,16.161,0.615,16.777,whale,poirot-investigates,1,,server-3,1,1,2,1.991,2.363,3.192
least-connections-cache-on-warm0,110,1,2.4636,1.248,0.641,1.890,of,the-jungle,1,,server-1,1,1,2,6.274,2.363,3.192
least-connections-cache-on-warm0,110,1,2.4727,1.413,36.551,37.965,love,the-jungle,1,,server-2,0,1,0,2.185,4.393,3.446
least-connections-cache-on-warm0,110,1,2.4818,2.791,18.889,21.680,death,washington-square,1,,server-3,0,1,1,2.185,2.336,3.446
least-connections-cache-on-warm0,110,1,2.4909,2.495,20.346,22.841,letter,wuthering-heights,1,,server-1,1,1,1,2.185,2.336,1.931
least-connections-cache-on-warm0,110,1,2.5000,10.461,16.968,27.429,night,adventures-of-huckleberry-finn,1,,server-2,1,2,1,1.221,2.336,1.931
least-connections-cache-on-warm0,110,1,2.5091,1.597,11.206,12.803,heart,washington-square,1,,server-3,1,2,1,1.221,3.161,4.117
least-connections-cache-on-warm0,110,1,2.5182,1.660,11.575,13.235,love,the-hound-of-the-baskervilles,1,,server-1,1,1,1,3.957,6.205,2.180
least-connections-cache-on-warm0,110,1,2.5273,1.666,35.385,37.052,you,the-mysterious-island,1,,server-3,1,1,1,2.125,8.246,3.113
least-connections-cache-on-warm0,110,1,2.5364,1.278,19.255,20.534,of,twenty-thousand-leagues-under-the-sea,1,,server-1,1,0,1,3.178,6.628,1.693
least-connections-cache-on-warm0,110,1,2.5455,1.404,10.404,11.809,horse,the-wind-in-the-willows,1,,server-2,1,1,1,1.685,6.628,1.693
least-connections-cache-on-warm0,110,1,2.5545,10.042,32.332,42.374,whale,the-last-of-the-mohicans-a-narrative-of-1757,1,,server-3,1,1,2,1.685,3.467,1.693
least-connections-cache-on-warm0,110,1,2.5636,1.583,13.910,15.493,you,white-fang,1,,server-1,1,0,2,4.148,3.850,1.693
least-connections-cache-on-warm0,110,1,2.5727,1.520,33.390,34.910,she,little-women,1,,server-2,1,1,1,2.213,3.850,4.890
least-connections-cache-on-warm0,110,1,2.5818,1.715,16.667,18.382,she,myths-and-legends-of-ancient-greece-and-rome,1,,server-1,1,1,1,3.599,2.045,4.890
least-connections-cache-on-warm0,110,1,2.5909,17.291,10.625,27.917,king,poirot-investigates,1,,server-2,1,2,1,1.927,2.045,4.890
least-connections-cache-on-warm0,110,1,2.6000,1.654,33.009,34.663,whale,the-vicomte-de-bragelonne,1,,server-3,1,2,1,4.750,2.045,8.229
least-connections-cache-on-warm0,110,1,2.6091,1.337,27.349,28.685,night,the-iliad-2199,1,,server-1,1,1,1,3.817,5.074,4.275
least-connections-cache-on-warm0,110,1,2.6182,1.764,0.660,2.424,sea,north-and-south,1,,server-2,1,2,1,2.023,6.084,4.275
least-connections-cache-on-warm0,110,1,2.6273,1.251,17.345,18.596,the,myths-and-legends-of-ancient-greece-and-rome,1,,server-2,1,1,1,2.023,1.704,4.275
least-connections-cache-on-warm0,110,1,2.6364,1.825,0.775,2.601,money,mansfield-park,1,,server-3,1,1,1,2.023,0.926,7.949
least-connections-cache-on-warm0,110,1,2.6455,1.497,24.896,26.392,death,pride-and-prejudice,1,,server-1,1,1,0,5.621,0.926,2.705
least-connections-cache-on-warm0,110,1,2.6545,1.985,13.062,15.047,whale,the-king-in-yellow,1,,server-2,1,1,0,2.968,3.324,2.705
least-connections-cache-on-warm0,110,1,2.6636,1.751,33.859,35.610,of,the-vicomte-de-bragelonne,1,,server-3,1,1,1,2.968,1.783,2.705
least-connections-cache-on-warm0,110,1,2.6727,1.465,22.857,24.321,sea,the-odyssey,1,,server-1,1,0,1,5.838,3.167,1.482
least-connections-cache-on-warm0,110,1,2.6818,1.684,0.714,2.398,and,emma,1,,server-2,1,1,1,3.062,3.167,1.482
least-connections-cache-on-warm0,110,1,2.6909,1.188,14.947,16.135,she,frankenstein-or-the-modern-prometheus,1,,server-2,1,1,1,3.062,1.155,1.482
least-connections-cache-on-warm0,110,1,2.7000,1.296,17.316,18.612,the,the-memoirs-of-sherlock-holmes,1,,server-3,0,1,1,5.562,0.648,6.295
least-connections-cache-on-warm0,110,1,2.7091,1.360,33.941,35.300,of,the-moonstone,1,,server-1,1,0,1,5.562,2.754,3.276
least-connections-cache-on-warm0,110,1,2.7182,1.446,0.980,2.426,was,little-women,1,,server-2,1,1,1,2.924,2.754,5.968
least-connections-cache-on-warm0,110,1,2.7273,1.426,21.858,23.285,was,the-age-of-innocence,1,,server-3,1,0,1,2.924,1.040,4.823
least-connections-cache-on-warm0,110,1,2.7364,1.276,23.235,24.511,and,walden-and-on-the-duty-of-civil-disobedience,1,,server-2,1,1,1,2.924,1.040,2.530
least-connections-cache-on-warm0,110,1,2.7455,1.488,23.590,25.078,heart,leaves-of-grass,1,,server-1,1,1,1,7.268,0.592,2.530
least-connections-cache-on-warm0,110,1,2.7545,2.167,21.964,24.131,sea,a-connecticut-yankee-in-king-arthur-s-court,1,,server-3,1,1,1,3.791,0.592,5.013
least-connections-cache-on-warm0,110,1,2.7636,1.697,14.366,16.062,he,the-picture-of-dorian-gray,1,,server-2,1,1,1,3.791,4.045,2.657
least-connections-cache-on-warm0,110,1,2.7727,1.281,14.470,15.751,love,persuasion,1,,server-1,1,1,1,6.149,2.186,2.657
least-connections-cache-on-warm0,110,1,2.7818,1.592,13.506,15.098,castle,the-prince,1,,server-2,1,1,0,3.224,3.626,5.131
least-connections-cache-on-warm0,110,1,2.7909,1.327,29.928,31.254,money,the-american,1,,server-3,0,1,1,4.332,1.935,5.131
least-connections-cache-on-warm0,110,1,2.8000,1.381,0.632,2.012,whale,desperate-remedies,1,,server-1,1,0,1,4.332,3.360,2.696
least-connections-cache-on-warm0,110,1,2.8091,1.912,16.694,18.606,the,the-king-in-yellow,1,,server-2,0,1,1,1.545,3.360,2.696
least-connections-cache-on-warm0,110,1,2.8182,1.308,12.590,13.898,she,agnes-grey,1,,server-1,1,1,1,1.545,1.829,2.696
least-connections-cache-on-warm0,110,1,2.8273,1.403,9.467,10.870,he,the-prince,1,,server-3,1,1,1,0.866,1.829,6.469
least-connections-cache-on-warm0,110,1,2.8364,1.097,12.364,13.462,money,the-jungle-book,1,,server-1,1,0,1,2.527,3.773,3.434
least-connections-cache-on-warm0,110,1,2.8455,1.447,21.071,22.518,heart,black-beauty,1,,server-2,1,1,0,1.354,3.773,3.679
least-connections-cache-on-warm0,110,1,2.8545,3.291,27.677,30.968,and,the-american,1,,server-3,0,1,1,2.813,2.035,3.679
least-connections-cache-on-warm0,110,1,2.8636,1.662,26.077,27.739,she,desperate-remedies,1,,server-1,1,1,1,2.813,2.035,2.026
least-connections-cache-on-warm0,110,1,2.8727,1.227,13.897,15.124,and,the-king-in-yellow,1,,server-2,1,1,1,1.540,4.610,2.026
least-connections-cache-on-warm0,110,1,2.8818,4.284,11.963,16.247,king,black-beauty,1,,server-3,1,1,2,1.540,2.424,2.026
least-connections-cache-on-warm0,110,1,2.8909,1.250,11.739,12.989,he,the-lost-world,1,,server-2,1,1,1,6.328,3.740,3.260
least-connections-cache-on-warm0,110,1,2.9000,1.250,20.531,21.780,king,the-return-of-sherlock-holmes-108,1,,server-3,0,1,1,5.099,1.967,3.940
least-connections-cache-on-warm0,110,1,2.9091,1.426,22.876,24.302,london,grimms-fairy-tales,1,,server-1,1,0,1,5.099,3.086,2.077
least-connections-cache-on-warm0,110,1,2.9182,1.565,13.860,15.425,london,northanger-abbey,1,,server-2,1,1,1,2.682,3.086,2.077
least-connections-cache-on-warm0,110,1,2.9273,1.283,21.212,22.495,king,the-return-of-sherlock-holmes,1,,server-3,1,1,1,2.682,1.648,4.593
least-connections-cache-on-warm0,110,1,2.9364,1.423,10.013,11.436,money,the-great-gatsby,1,,server-1,1,0,1,5.315,3.247,2.421
least-connections-cache-on-warm0,110,1,2.9455,1.335,0.864,2.199,house,myths-and-legends-of-ancient-greece-and-rome,1,,server-2,1,1,1,2.797,3.247,2.421
least-connections-cache-on-warm0,110,1,2.9545,1.237,33.185,34.422,she,jane-eyre-an-autobiography,1,,server-3,0,0,1,3.350,1.196,4.918
least-connections-cache-on-warm0,110,1,2.9636,1.728,0.721,2.449,money,a-journey-to-the-centre-of-the-earth,1,,server-1,1,0,1,3.350,1.196,2.577
least-connections-cache-on-warm0,110,1,2.9727,1.535,0.693,2.228,night,the-last-of-the-mohicans-a-narrative-of-1757-27681,1,,server-2,0,1,1,1.212,1.196,2.577
least-connections-cache-on-warm0,110,1,2.9818,1.219,13.752,14.972,she,the-mysterious-affair-at-styles,1,,server-1,1,0,1,1.212,0.516,2.577
least-connections-cache-on-warm0,110,1,2.9909,1.287,18.851,20.138,love,the-return-of-sherlock-holmes,1,,server-2,1,1,0,0.690,0.516,6.905
least-connections-cache-on-warm0,110,1,3.0000,1.651,37.280,38.931,letter,north-and-south,1,,server-3,0,1,1,2.557,0.327,6.905
least-connections-cache-on-warm0,110,1,3.0091,1.476,14.146,15.622,the,beyond-good-and-evil,1,,server-1,1,1,1,2.557,0.327,3.606
least-connections-cache-on-warm0,110,1,3.0182,1.535,12.805,14.341,was,beyond-good-and-evil,1,,server-2,1,1,1,1.403,3.198,3.606
least-connections-cache-on-warm0,110,1,3.0273,1.647,17.694,19.341,the,the-mystery-of-edwin-drood,1,,server-1,1,1,1,3.080,1.708,3.606
least-connections-cache-on-warm0,110,1,3.0364,1.325,33.994,35.319,house,the-vicomte-de-bragelonne,1,,server-2,1,1,1,1.662,3.091,3.606
least-connections-cache-on-warm0,110,1,3.0455,1.319,30.299,31.619,night,north-and-south,1,,server-3,1,1,1,1.662,1.646,8.250
least-connections-cache-on-warm0,110,1,3.0545,1.437,22.130,23.567,was,leaves-of-grass,1,,server-1,1,1,1,3.855,1.646,4.295
least-connections-cache-on-warm0,110,1,3.0636,8.427,18.738,27.165,of,kidnapped,1,,server-2,1,2,1,2.080,1.646,4.295
least-connections-cache-on-warm0,110,1,3.0727,4.697,0.844,5.541,love,the-adventures-of-tom-sawyer-complete,1,,server-3,1,1,2,2.080,4.685,4.295
least-connections-cache-on-warm0,110,1,3.0818,1.298,0.701,2.000,money,the-secret-adversary,1,,server-1,1,1,0,4.837,4.685,3.157
least-connections-cache-on-warm0,110,1,3.0909,1.265,32.521,33.786,and,the-romance-of-lust-a-classic-victorian-erotic-novel,1,,server-2,0,1,0,1.687,5.960,3.157
least-connections-cache-on-warm0,110,1,3.1000,1.999,16.746,18.745,he,treasure-island,1,,server-3,0,1,1,1.687,3.109,3.157
least-connections-cache-on-warm0,110,1,3.1091,1.173,0.622,1.795,of,autobiography-of-benjamin-franklin,1,,server-1,1,1,1,1.687,3.109,1.743
least-connections-cache-on-warm0,110,1,3.1182,1.550,19.173,20.724,of,adventures-of-huckleberry-finn,1,,server-1,1,1,1,0.654,3.109,4.622
least-connections-cache-on-warm0,110,1,3.1273,1.481,21.005,22.486,the,persuasion,1,,server-2,1,1,0,0.399,7.149,3.711
least-connections-cache-on-warm0,110,1,3.1364,2.220,0.792,3.012,was,the-mystery-of-edwin-drood,1,,server-3,1,1,1,0.399,3.729,3.711
least-connections-cache-on-warm0,110,1,3.1455,1.315,0.743,2.058,letter,north-and-south,1,,server-1,1,1,0,3.287,3.729,1.342
least-connections-cache-on-warm0,110,1,3.1545,1.344,0.967,2.311,he,the-picture-of-dorian-gray,1,,server-2,0,1,0,1.177,5.697,1.342
least-connections-cache-on-warm0,110,1,3.1636,1.734,27.702,29.437,of,dubliners,1,,server-3,0,0,1,1.177,2.026,1.342
least-connections-cache-on-warm0,110,1,3.1727,3.888,37.782,41.670,he,tess-of-the-d-urbervilles-a-pure-woman,1,,server-1,1,0,1,1.177,2.026,0.791
least-connections-cache-on-warm0,110,1,3.1818,5.004,23.224,28.228,the,the-american,1,,server-2,1,1,1,0.822,2.026,0.791
least-connections-cache-on-warm0,110,1,3.1909,2.472,28.724,31.196,love,the-last-of-the-mohicans-a-narrative-of-1757-27681,1,,server-3,1,1,2,0.822,1.258,0.791
least-connections-cache-on-warm0,110,1,3.2000,15.091,0.923,16.013,sea,the-mysterious-island,1,,server-1,2,1,1,0.822,1.258,3.227
least-connections-cache-on-warm0,110,1,3.2091,1.941,24.170,26.111,heart,the-divine-comedy,1,,server-2,2,2,1,0.822,1.258,3.227
least-connections-cache-on-warm0,110,1,3.2182,1.325,22.905,24.230,heart,life-on-the-mississippi,1,,server-1,1,1,1,3.111,2.343,3.227
least-connections-cache-on-warm0,110,1,3.2273,1.480,13.584,15.064,you,meditations,1,,server-3,1,1,1,1.646,2.343,6.581
least-connections-cache-on-warm0,110,1,3.2364,1.245,24.230,25.475,love,walden-and-on-the-duty-of-civil-disobedience,1,,server-2,1,1,1,1.646,5.285,3.427
least-connections-cache-on-warm0,110,1,3.2455,1.295,28.808,30.103,sea,dracula,1,,server-3,0,1,1,4.686,2.763,4.316
least-connections-cache-on-warm0,110,1,3.2545,1.753,0.946,2.699,house,the-return-of-sherlock-holmes-108,1,,server-1,1,1,1,4.686,2.763,2.279
least-connections-cache-on-warm0,110,1,3.2636,1.326,16.566,17.891,he,memoirs-of-fanny-hill,1,,server-2,0,1,1,1.682,5.603,2.279
least-connections-cache-on-warm0,110,1,3.2727,1.572,12.324,13.896,money,a-princess-of-mars,1,,server-1,1,1,1,1.682,2.925,2.279
least-connections-cache-on-warm0,110,1,3.2818,1.404,0.682,2.086,castle,the-house-of-mirth,1,,server-3,1,1,1,0.935,4.353,6.037
least-connections-cache-on-warm0,110,1,3.2909,1.642,34.028,35.670,letter,the-house-of-the-seven-gables,1,,server-1,1,0,0,2.527,4.353,2.075
least-connections-cache-on-warm0,110,1,3.3000,3.154,25.431,28.586,whale,the-mystery-of-edwin-drood,1,,server-2,1,1,0,1.387,4.353,2.075
least-connections-cache-on-warm0,110,1,3.3091,1.750,36.558,38.308,he,little-women,1,,server-3,1,1,1,1.387,2.398,2.075
least-connections-cache-on-warm0,110,1,3.3182,8.649,19.881,28.531,money,thus-spake-zarathustra-a-book-for-all-and-none,1,,server-1,2,1,1,1.387,2.398,1.167
least-connections-cache-on-warm0,110,1,3.3273,1.901,22.330,24.231,london,the-american,1,,server-2,1,2,1,3.967,2.398,1.167
least-connections-cache-on-warm0,110,1,3.3364,11.870,12.356,24.226,night,the-war-of-the-worlds,1,,server-3,1,1,2,3.967,2.944,1.167
least-connections-cache-on-warm0,110,1,3.3455,2.053,29.645,31.698,night,the-mysterious-island,1,,server-1,2,1,2,3.967,2.944,1.167
least-connections-cache-on-warm0,110,1,3.3545,1.271,18.362,19.633,love,the-adventures-of-sherlock-holmes,1,,server-2,1,1,1,3.012,5.392,4.379
least-connections-cache-on-warm0,110,1,3.3636,1.125,0.562,1.688,the,sense-and-sensibility,1,,server-3,1,1,1,3.012,2.819,4.741
least-connections-cache-on-warm0,110,1,3.3727,1.392,0.699,2.091,death,the-wind-in-the-willows,1,,server-3,1,1,1,3.012,2.819,1.650
least-connections-cache-on-warm0,110,1,3.3818,1.220,0.643,1.864,king,cranford,1,,server-1,1,0,0,6.624,4.675,0.631
least-connections-cache-on-warm0,110,1,3.3909,1.169,35.064,36.233,and,adventures-of-huckleberry-finn,1,,server-2,0,1,0,2.292,4.675,0.631
least-connections-cache-on-warm0,110,1,3.4000,2.727,18.866,21.593,castle,agnes-grey,1,,server-3,0,1,1,2.292,2.468,0.631
least-connections-cache-on-warm0,110,1,3.4091,1.533,23.436,24.969,night,the-house-of-mirth,1,,server-1,1,1,1,2.292,2.468,0.501
least-connections-cache-on-warm0,110,1,3.4182,9.021,16.616,25.637,whale,a-princess-of-mars,1,,server-2,1,2,1,1.273,2.468,0.501
least-connections-cache-on-warm0,110,1,3.4273,1.343,0.639,1.982,love,the-portrait-of-a-lady-volume-1,1,,server-3,1,2,1,1.273,6.324,3.267
least-connections-cache-on-warm0,110,1,3.4364,1.024,0.545,1.569,death,the-wind-in-the-willows,1,,server-1,1,1,0,4.531,5.083,1.184
least-connections-cache-on-warm0,110,1,3.4455,0.999,45.319,46.318,was,the-mysterious-island,1,,server-2,0,1,0,1.581,5.831,1.184
least-connections-cache-on-warm0,110,1,3.4545,1.845,33.551,35.397,castle,the-song-of-the-lark,1,,server-3,0,1,1,1.581,3.043,1.184
least-connections-cache-on-warm0,110,1,3.4636,1.364,21.509,22.873,and,thus-spake-zarathustra-a-book-for-all-and-none,1,,server-1,1,1,1,1.581,3.043,0.721
least-connections-cache-on-warm0,110,1,3.4727,19.592,37.390,56.982,sea,the-iliad,1,,server-2,1,2,1,0.892,3.043,0.721
least-connections-cache-on-warm0,110,1,3.4818,8.263,27.246,35.509,london,sense-and-sensibility,1,,server-3,1,2,2,0.892,3.043,0.721
least-connections-cache-on-warm0,110,1,3.4909,1.285,0.753,2.038,heart,the-secret-adversary,1,,server-1,1,2,1,3.955,3.043,4.282
least-connections-cache-on-warm0,110,1,3.5000,1.887,19.718,21.605,house,the-age-of-innocence,1,,server-1,1,1,1,1.410,6.635,4.282
least-connections-cache-on-warm0,110,1,3.5091,21.559,28.988,50.547,the,oliver-twist,1,,server-2,1,2,1,0.803,6.635,4.282
least-connections-cache-on-warm0,110,1,3.5182,1.764,13.299,15.063,love,the-kama-sutra-of-vatsyayana,1,,server-3,1,2,1,0.803,6.635,7.025
least-connections-cache-on-warm0,110,1,3.5273,1.432,14.786,16.218,whale,the-lost-world,1,,server-1,1,2,1,3.572,6.635,3.674
least-connections-cache-on-warm0,110,1,3.5364,1.217,32.543,33.761,castle,the-vicomte-de-bragelonne,1,,server-3,1,1,1,1.888,7.341,4.398
least-connections-cache-on-warm0,110,1,3.5455,1.187,19.562,20.749,of,pride-and-prejudice,1,,server-1,1,1,1,3.505,7.341,2.311
least-connections-cache-on-warm0,110,1,3.5545,5.646,22.765,28.411,king,the-american,1,,server-2,1,2,1,1.862,7.341,2.311
least-connections-cache-on-warm0,110,1,3.5636,6.720,0.718,7.438,house,the-american,1,,server-3,1,1,2,1.862,5.280,2.311
least-connections-cache-on-warm0,110,1,3.5727,1.470,12.558,14.028,she,treasure-island,1,,server-1,1,1,0,4.245,5.280,2.987
least-connections-cache-on-warm0,110,1,3.5818,1.457,22.451,23.908,money,desperate-remedies,1,,server-3,1,1,1,2.239,5.280,2.987
least-connections-cache-on-warm0,110,1,3.5909,1.302,9.499,10.800,whale,beyond-good-and-evil,1,,server-1,1,0,1,3.370,6.943,1.597
least-connections-cache-on-warm0,110,1,3.6000,1.388,12.263,13.650,house,the-jungle-book,1,,server-2,1,1,1,1.783,6.943,1.597
least-connections-cache-on-warm0,110,1,3.6091,1.236,0.658,1.894,you,madame-bovary,1,,server-3,0,1,1,2.610,3.627,4.565
least-connections-cache-on-warm0,110,1,3.6182,1.831,1.083,2.914,the,oliver-twist,1,,server-1,1,0,0,2.610,4.232,1.591
least-connections-cache-on-warm0,110,1,3.6273,3.224,2.289,5.513,horse,the-wind-in-the-willows,1,,server-2,0,1,0,1.042,4.232,1.591
least-connections-cache-on-warm0,110,1,3.6364,5.286,47.674,52.960,money,a-tale-of-two-cities,1,,server-3,0,0,1,1.042,1.764,1.591
least-connections-cache-on-warm0,110,1,3.6455,4.545,31.991,36.537,night,silas-marner,1,,server-1,1,0,1,1.042,1.764,1.144
least-connections-cache-on-warm0,110,1,3.6545,4.965,21.019,25.985,of,around-the-world-in-eighty-days,1,,server-2,1,1,1,0.822,1.764,1.144
least-connections-cache-on-warm0,110,1,3.6636,25.867,0.630,26.496,of,dubliners,1,,server-3,1,1,2,0.822,1.202,1.144
least-connections-cache-on-warm0,110,1,3.6727,9.681,22.277,31.958,you,jude-the-obscure,1,,server-1,2,1,2,0.822,1.202,1.144
least-connections-cache-on-warm0,110,1,3.6818,1.334,17.779,19.113,he,anne-of-green-gables,1,,server-2,2,1,2,2.287,3.949,1.144
least-connections-cache-on-warm0,110,1,3.6909,1.659,17.069,18.728,horse,grimms-fairy-tales,1,,server-3,1,1,1,4.189,2.071,4.600
least-connections-cache-on-warm0,110,1,3.7000,5.768,29.035,34.802,letter,the-vicomte-de-bragelonne,1,,server-1,2,1,1,4.189,2.071,2.414
least-connections-cache-on-warm0,110,1,3.7091,1.816,0.665,2.481,sea,the-return-of-sherlock-holmes,1,,server-2,1,1,1,3.774,4.089,2.414
least-connections-cache-on-warm0,110,1,3.7182,1.095,12.200,13.295,london,the-wind-in-the-willows,1,,server-3,1,0,1,3.774,1.434,4.213
least-connections-cache-on-warm0,110,1,3.7273,1.144,26.461,27.605,the,mansfield-park,1,,server-2,1,1,1,3.774,1.434,2.219
least-connections-cache-on-warm0,110,1,3.7364,1.421,11.832,13.253,london,the-kama-sutra-of-vatsyayana,1,,server-3,0,1,1,7.014,0.794,3.298
least-connections-cache-on-warm0,110,1,3.7455,1.184,10.216,11.399,heart,his-last-bow,1,,server-1,1,1,1,7.014,0.794,1.761
least-connections-cache-on-warm0,110,1,3.7545,1.636,20.670,22.306,and,hard-times,1,,server-3,1,1,1,3.685,5.852,2.949
least-connections-cache-on-warm0,110,1,3.7636,1.269,11.245,12.514,night,poirot-investigates,1,,server-1,1,0,1,3.937,4.717,1.590
least-connections-cache-on-warm0,110,1,3.7727,1.283,12.251,13.534,sea,agnes-grey,1,,server-2,1,1,1,2.075,4.717,1.590
least-connections-cache-on-warm0,110,1,3.7818,1.313,35.950,37.264,heart,villette,1,,server-3,0,1,1,3.080,2.485,4.296
least-connections-cache-on-warm0,110,1,3.7909,1.272,17.978,19.249,heart,the-adventures-of-tom-sawyer-complete,1,,server-1,1,0,1,3.080,3.502,2.293
least-connections-cache-on-warm0,110,1,3.8000,1.644,25.002,26.645,he,jude-the-obscure,1,,server-2,1,1,1,1.642,3.502,2.293
least-connections-cache-on-warm0,110,1,3.8091,10.663,21.132,31.796,castle,grimms-fairy-tales,1,,server-3,1,1,2,1.642,1.880,2.293
least-connections-cache-on-warm0,110,1,3.8182,1.479,14.563,16.041,king,agnes-grey,1,,server-1,1,1,2,3.884,1.880,2.293
least-connections-cache-on-warm0,110,1,3.8273,1.312,22.374,23.686,king,the-house-of-mirth,1,,server-2,1,1,1,2.057,5.152,4.659
least-connections-cache-on-warm0,110,1,3.8364,1.264,20.007,21.271,and,the-divine-comedy,1,,server-1,1,1,1,3.586,2.703,4.659
least-connections-cache-on-warm0,110,1,3.8455,1.314,12.205,13.518,the,black-beauty,1,,server-3,1,1,1,1.900,2.703,6.311
least-connections-cache-on-warm0,110,1,3.8545,1.566,18.355,19.922,she,the-secret-adversary,1,,server-2,1,1,1,1.900,5.280,3.290
least-connections-cache-on-warm0,110,1,3.8636,1.375,0.691,2.066,the,the-age-of-innocence,1,,server-3,0,1,1,4.376,2.792,4.018
least-connections-cache-on-warm0,110,1,3.8727,2.961,19.269,22.230,house,the-kama-sutra-of-vatsyayana,1,,server-1,1,1,0,4.376,2.792,1.421
least-connections-cache-on-warm0,110,1,3.8818,3.786,1.755,5.541,you,jude-the-obscure,1,,server-2,1,1,0,2.390,4.674,1.421
least-connections-cache-on-warm0,110,1,3.8909,1.758,19.172,20.930,whale,dubliners,1,,server-3,1,0,1,2.390,1.825,1.421
least-connections-cache-on-warm0,110,1,3.9000,1.785,25.457,27.242,money,the-scarlet-letter-33,1,,server-1,1,0,1,4.491,1.825,0.805
least-connections-cache-on-warm0,110,1,3.9091,2.443,34.563,37.006,and,the-house-of-mirth,1,,server-2,1,1,1,2.392,1.825,0.805
least-connections-cache-on-warm0,110,1,3.9182,2.431,16.142,18.572,he,the-adventures-of-tom-sawyer-complete,1,,server-3,1,1,1,2.392,1.074,3.514
least-connections-cache-on-warm0,110,1,3.9273,1.619,31.991,33.611,letter,the-adventures-of-ferdinand-count-fathom-complete,1,,server-1,2,1,1,5.487,1.074,1.915
least-connections-cache-on-warm0,110,1,3.9364,10.766,22.546,33.313,love,adventures-of-huckleberry-finn,1,,server-2,1,2,1,2.893,1.074,4.633
least-connections-cache-on-warm0,110,1,3.9455,2.004,11.995,13.999,was,treasure-island,1,,server-3,1,2,1,2.893,1.074,3.744
least-connections-cache-on-warm0,110,1,3.9545,6.879,31.060,37.939,of,north-and-south,1,,server-1,2,1,1,2.893,4.116,1.993
least-connections-cache-on-warm0,110,1,3.9636,1.343,13.439,14.783,death,the-mysterious-affair-at-styles,1,,server-3,1,1,1,4.199,4.116,3.107
least-connections-cache-on-warm0,110,1,3.9727,3.278,0.904,4.182,house,the-king-in-yellow,1,,server-2,1,1,1,4.199,6.138,1.649
least-connections-cache-on-warm0,110,1,3.9818,1.621,14.340,15.961,night,a-princess-of-mars,1,,server-3,1,0,1,4.199,2.163,3.171
least-connections-cache-on-warm0,110,1,3.9909,1.614,25.761,27.375,money,the-last-of-the-mohicans-a-narrative-of-1757-27681,1,,server-2,1,1,1,4.199,2.163,1.691
least-connections-cache-on-warm0,110,1,4.0000,1.270,0.626,1.896,heart,the-adventures-of-tom-sawyer-complete,1,,server-3,0,1,1,7.601,1.198,3.312
least-connections-cache-on-warm0,110,1,4.0091,1.419,32.836,34.255,of,the-tenant-of-wildfell-hall,1,,server-1,1,1,0,7.601,1.198,1.169
least-connections-cache-on-warm0,110,1,4.0182,1.432,23.690,25.122,letter,sense-and-sensibility,1,,server-3,1,1,1,3.979,6.028,1.169
least-connections-cache-on-warm0,110,1,4.0273,1.492,22.315,23.807,house,anne-of-green-gables,1,,server-2,1,1,1,3.979,4.853,0.660
least-connections-cache-on-warm0,110,1,4.0364,7.584,14.315,21.899,night,beyond-good-and-evil,1,,server-3,1,1,2,3.979,2.570,0.660
least-connections-cache-on-warm0,110,1,4.0455,1.417,27.965,29.383,castle,far-from-the-madding-crowd,1,,server-1,1,1,1,7.719,2.570,2.767
least-connections-cache-on-warm0,110,1,4.0545,1.410,18.287,19.698,of,the-age-of-innocence,1,,server-2,1,1,1,4.015,5.159,2.767
least-connections-cache-on-warm0,110,1,4.0636,1.467,31.831,33.298,she,great-expectations,1,,server-3,1,1,1,4.015,2.709,4.023
least-connections-cache-on-warm0,110,1,4.0727,2.320,0.698,3.018,of,the-age-of-innocence,1,,server-1,2,1,1,4.015,2.709,2.130
least-connections-cache-on-warm0,110,1,4.0818,1.382,20.914,22.296,of,the-divine-comedy,1,,server-2,0,1,1,2.781,4.609,2.130
least-connections-cache-on-warm0,110,1,4.0909,1.108,0.484,1.593,and,the-king-in-yellow,1,,server-1,1,1,1,2.781,2.429,2.130
least-connections-cache-on-warm0,110,1,4.1000,1.137,0.695,1.831,king,the-jungle-book,1,,server-3,0,1,1,0.985,2.429,6.402
least-connections-cache-on-warm0,110,1,4.1091,1.051,16.946,17.997,horse,persuasion,1,,server-1,1,0,0,0.985,4.858,2.217
least-connections-cache-on-warm0,110,1,4.1182,1.583,28.763,30.346,you,the-song-of-the-lark,1,,server-2,1,1,0,0.572,4.858,2.217
least-connections-cache-on-warm0,110,1,4.1273,1.313,19.983,21.296,sea,desert-gold,1,,server-3,1,1,1,3.033,2.572,2.217
least-connections-cache-on-warm0,110,1,4.1364,1.310,18.626,19.935,night,a-connecticut-yankee-in-king-arthur-s-court,1,,server-1,1,1,1,3.033,2.572,1.200
least-connections-cache-on-warm0,110,1,4.1455,3.525,0.805,4.330,whale,the-last-of-the-mohicans-a-narrative-of-1757,1,,server-2,1,2,1,1.621,2.572,1.200
least-connections-cache-on-warm0,110,1,4.1545,1.539,0.745,2.284,he,meditations,1,,server-3,1,0,1,1.621,2.259,3.915
least-connections-cache-on-warm0,110,1,4.1636,1.278,20.366,21.644,money,frankenstein-or-the-modern-prometheus,1,,server-1,1,0,0,3.966,2.259,1.385
least-connections-cache-on-warm0,110,1,4.1727,2.570,1.765,4.336,of,dubliners,1,,server-2,1,1,0,2.095,2.259,1.385
least-connections-cache-on-warm0,110,1,4.1818,1.484,0.863,2.347,the,the-american,1,,server-3,1,0,1,2.095,1.004,1.385
least-connections-cache-on-warm0,110,1,4.1909,1.812,33.803,35.615,king,the-last-of-the-mohicans-a-narrative-of-1757-27681,1,,server-1,1,0,0,4.553,1.004,0.597
least-connections-cache-on-warm0,110,1,4.2000,4.582,2.695,7.277,sea,the-age-of-innocence,1,,server-2,1,1,0,2.425,1.004,0.597
least-connections-cache-on-warm0,110,1,4.2091,3.115,12.350,15.465,heart,the-kama-sutra-of-vatsyayana,1,,server-3,1,0,1,2.425,0.718,0.597
least-connections-cache-on-warm0,110,1,4.2182,1.332,20.586,21.918,letter,the-works-of-edgar-allan-poe-volume-2,1,,server-2,1,1,1,2.425,0.718,0.472
least-connections-cache-on-warm0,110,1,4.2273,1.195,0.593,1.788,the,the-war-of-the-worlds,1,,server-3,0,1,1,6.898,0.432,2.208
least-connections-cache-on-warm0,110,1,4.2364,1.482,0.889,2.371,money,the-scarlet-letter-33,1,,server-1,1,1,0,6.898,0.432,0.833
least-connections-cache-on-warm0,110,1,4.2455,1.542,37.638,39.180,money,tess-of-the-d-urbervilles-a-pure-woman,1,,server-2,0,1,0,2.422,3.521,0.833
least-connections-cache-on-warm0,110,1,4.2545,3.470,13.922,17.393,love,frankenstein-or-the-modern-prometheus-41445,1,,server-3,0,1,1,2.422,1.906,0.833
least-connections-cache-on-warm0,110,1,4.2636,1.211,30.821,32.032,she,villette,1,,server-1,1,1,1,2.422,1.906,0.682
least-connections-cache-on-warm0,110,1,4.2727,1.231,24.423,25.654,house,mansfield-park,1,,server-3,1,1,1,1.289,1.906,2.528
least-connections-cache-on-warm0,110,1,4.2818,14.771,0.780,15.551,whale,the-last-of-the-mohicans-a-narrative-of-1757,1,,server-1,2,1,1,1.289,1.906,1.355
least-connections-cache-on-warm0,110,1,4.2909,1.555,16.346,17.900,heart,myths-and-legends-of-ancient-greece-and-rome,1,,server-2,2,1,1,1.289,7.178,1.355
least-connections-cache-on-warm0,110,1,4.3000,1.383,13.865,15.248,of,the-warden,1,,server-3,0,1,1,2.880,3.758,4.737
least-connections-cache-on-warm0,110,1,4.3091,1.651,19.929,21.580,london,memoirs-of-fanny-hill,1,,server-1,1,0,1,2.880,4.966,2.487
least-connections-cache-on-warm0,110,1,4.3182,1.696,18.626,20.322,house,the-lost-world,1,,server-2,1,1,0,1.541,4.966,3.756
least-connections-cache-on-warm0,110,1,4.3273,1.837,23.903,25.740,she,the-american,1,,server-3,1,1,1,1.541,2.656,3.756
least-connections-cache-on-warm0,110,1,4.3364,1.304,18.415,19.718,heart,the-works-of-edgar-allan-poe-volume-2,1,,server-1,1,1,1,4.119,2.656,2.026
least-connections-cache-on-warm0,110,1,4.3455,1.868,0.586,2.454,love,the-return-of-sherlock-holmes,1,,server-2,1,1,1,2.182,4.614,2.026
least-connections-cache-on-warm0,110,1,4.3545,1.120,25.431,26.551,horse,the-odyssey,1,,server-3,1,0,1,2.182,1.629,5.079
least-connections-cache-on-warm0,110,1,4.3636,1.176,22.453,23.629,heart,the-return-of-sherlock-holmes-108,1,,server-1,1,0,1,4.311,1.629,2.678
least-connections-cache-on-warm0,110,1,4.3727,1.323,20.676,21.999,money,the-odyssey,1,,server-2,1,1,1,2.277,1.629,2.678
least-connections-cache-on-warm0,110,1,4.3818,1.204,0.702,1.907,whale,the-hound-of-the-baskervilles-3070,1,,server-3,1,1,1,2.277,0.911,5.757
least-connections-cache-on-warm0,110,1,4.3909,1.148,11.340,12.488,money,the-wind-in-the-willows,1,,server-1,1,1,0,5.008,0.911,1.994
least-connections-cache-on-warm0,110,1,4.4000,1.174,19.138,20.312,london,the-adventures-of-sherlock-holmes,1,,server-2,1,1,0,2.633,3.862,1.994
least-connections-cache-on-warm0,110,1,4.4091,1.156,39.502,40.658,night,the-iliad,1,,server-3,0,1,1,3.476,2.041,1.994
least-connections-cache-on-warm0,110,1,4.4182,1.501,0.582,2.083,whale,autobiography-of-benjamin-franklin,1,,server-1,1,1,1,3.476,2.041,1.089
least-connections-cache-on-warm0,110,1,4.4273,1.093,14.549,15.641,love,around-the-world-in-eighty-days,1,,server-2,0,1,1,1.242,4.325,1.089
least-connections-cache-on-warm0,110,1,4.4364,2.047,19.095,21.142,horse,desert-gold,1,,server-1,1,1,1,1.242,2.280,1.089
least-connections-cache-on-warm0,110,1,4.4455,1.435,14.075,15.511,sea,treasure-island,1,,server-2,1,1,1,0.742,3.721,1.089
least-connections-cache-on-warm0,110,1,4.4545,1.532,13.113,14.645,you,around-the-world-in-eighty-days,1,,server-3,1,1,1,0.742,1.981,6.975
least-connections-cache-on-warm0,110,1,4.4636,1.534,20.174,21.708,night,autobiography-of-benjamin-franklin,1,,server-1,1,0,1,3.456,3.452,3.672
least-connections-cache-on-warm0,110,1,4.4727,1.827,0.995,2.822,he,the-picture-of-dorian-gray,1,,server-2,1,1,0,1.862,3.452,4.394
least-connections-cache-on-warm0,110,1,4.4818,1.334,43.802,45.136,was,great-expectations,1,,server-3,1,0,1,1.862,1.296,4.394
least-connections-cache-on-warm0,110,1,4.4909,1.957,0.902,2.858,love,a-journey-to-the-centre-of-the-earth,1,,server-1,1,0,1,4.371,1.296,2.328
least-connections-cache-on-warm0,110,1,4.5000,2.681,22.152,24.833,king,grimms-fairy-tales,1,,server-2,0,1,1,1.575,1.296,2.328
least-connections-cache-on-warm0,110,1,4.5091,3.306,18.616,21.922,she,madame-bovary,1,,server-1,1,1,1,1.575,0.808,2.328
least-connections-cache-on-warm0,110,1,4.5182,6.976,10.039,17.015,death,herland,1,,server-2,1,2,1,0.927,0.808,2.328
least-connections-cache-on-warm0,110,1,4.5273,1.365,19.288,20.653,night,the-portrait-of-a-lady-volume-1,1,,server-3,1,1,1,0.927,2.988,8.423
least-connections-cache-on-warm0,110,1,4.5364,1.450,10.422,11.872,money,his-last-bow,1,,server-1,1,0,1,3.513,3.422,4.388
least-connections-cache-on-warm0,110,1,4.5455,1.966,16.403,18.369,sea,the-wind-in-the-willows,1,,server-2,1,1,1,1.874,3.422,4.388
least-connections-cache-on-warm0,110,1,4.5545,1.204,20.119,21.323,money,madame-bovary,1,,server-3,0,1,1,2.830,1.858,5.850
least-connections-cache-on-warm0,110,1,4.5636,1.452,0.794,2.246,castle,the-scarlet-letter-33,1,,server-1,1,1,1,2.830,4.674,3.056
least-connections-cache-on-warm0,110,1,4.5727,1.093,19.572,20.666,and,the-mystery-of-edwin-drood,1,,server-2,0,1,1,1.063,3.770,3.056
least-connections-cache-on-warm0,110,1,4.5818,1.317,21.734,23.052,death,wuthering-heights,1,,server-3,0,1,1,1.063,1.991,5.132
least-connections-cache-on-warm0,110,1,4.5909,1.864,0.937,2.801,money,the-wind-in-the-willows,1,,server-1,1,1,1,1.063,1.991,2.698
least-connections-cache-on-warm0,110,1,4.6000,1.313,13.823,15.136,london,the-picture-of-dorian-gray,1,,server-2,0,1,1,0.514,4.359,2.698
least-connections-cache-on-warm0,110,1,4.6091,1.407,34.326,35.733,death,the-romance-of-lust-a-classic-victorian-erotic-novel,1,,server-3,0,1,1,0.514,2.323,5.146
least-connections-cache-on-warm0,110,1,4.6182,1.734,0.949,2.683,and,walden-and-on-the-duty-of-civil-disobedience,1,,server-1,1,0,1,0.514,3.636,2.737
least-connections-cache-on-warm0,110,1,4.6273,1.636,26.577,28.213,and,tess-of-the-d-urbervilles-a-pure-woman,1,,server-2,0,1,1,0.332,3.636,2.737
least-connections-cache-on-warm0,110,1,4.6364,1.642,26.826,28.468,house,life-on-the-mississippi,1,,server-1,1,1,1,0.332,1.952,2.737
least-connections-cache-on-warm0,110,1,4.6455,1.132,29.915,31.047,was,the-innocents-abroad,1,,server-3,1,1,1,0.245,1.952,7.176
least-connections-cache-on-warm0,110,1,4.6545,10.713,35.501,46.214,death,emma,1,,server-1,2,1,1,0.245,1.952,3.744
least-connections-cache-on-warm0,110,1,4.6636,1.370,24.278,25.648,was,a-connecticut-yankee-in-king-arthur-s-court,1,,server-2,2,1,1,0.245,5.412,3.744
least-connections-cache-on-warm0,110,1,4.6727,4.083,20.692,24.775,london,the-divine-comedy,1,,server-3,1,1,2,3.239,2.873,3.744
least-connections-cache-on-warm0,110,1,4.6818,19.343,9.873,29.215,night,the-great-gatsby,1,,server-1,2,1,1,3.239,2.873,3.930
least-connections-cache-on-warm0,110,1,4.6909,1.442,0.961,2.403,castle,oliver-twist,1,,server-2,2,1,1,3.239,5.631,3.930
least-connections-cache-on-warm0,110,1,4.7000,1.412,17.756,19.168,and,myths-and-legends-of-ancient-greece-and-rome,1,,server-3,2,0,1,3.239,2.003,5.771
least-connections-cache-on-warm0,110,1,4.7091,1.354,0.763,2.117,london,memoirs-of-fanny-hill,1,,server-2,1,1,1,5.804,2.003,3.026
least-connections-cache-on-warm0,110,1,4.7182,1.191,9.199,10.390,and,the-prince,1,,server-1,1,0,1,5.226,0.769,3.026
least-connections-cache-on-warm0,110,1,4.7273,1.487,0.829,2.316,castle,the-last-of-the-mohicans-a-narrative-of-1757-27681,1,,server-2,1,1,0,2.725,0.769,4.719
least-connections-cache-on-warm0,110,1,4.7364,2.346,34.047,36.393,castle,mary-barton,1,,server-3,0,0,1,3.159,0.366,4.719
least-connections-cache-on-warm0,110,1,4.7455,3.170,1.551,4.720,sea,villette,1,,server-1,1,0,1,3.159,0.366,2.566
least-connections-cache-on-warm0,110,1,4.7545,1.570,37.647,39.217,london,the-iliad,1,,server-2,0,1,1,1.243,0.366,2.566
least-connections-cache-on-warm0,110,1,4.7636,1.609,16.256,17.865,sea,kidnapped,1,,server-1,1,1,1,1.243,0.273,2.566
least-connections-cache-on-warm0,110,1,4.7727,21.637,12.745,34.382,the,the-prince,1,,server-2,1,2,1,0.729,0.273,6.978
least-connections-cache-on-warm0,110,1,4.7818,1.347,9.901,11.248,of,the-kama-sutra-of-vatsyayana,1,,server-3,1,2,1,3.013,0.273,6.978
least-connections-cache-on-warm0,110,1,4.7909,1.529,20.405,21.934,whale,twenty-thousand-leagues-under-the-sea,1,,server-1,1,2,1,3.013,0.273,3.666
least-connections-cache-on-warm0,110,1,4.8000,2.196,18.881,21.077,you,anne-of-green-gables,1,,server-3,1,1,1,1.612,5.266,3.885
least-connections-cache-on-warm0,110,1,4.8091,1.210,18.739,19.949,house,wuthering-heights,1,,server-2,1,1,1,1.612,5.358,2.090
least-connections-cache-on-warm0,110,1,4.8182,1.376,0.549,1.926,he,the-picture-of-dorian-gray,1,,server-1,1,1,1,4.244,2.806,2.090
least-connections-cache-on-warm0,110,1,4.8273,1.392,0.815,2.208,money,the-american,1,,server-3,0,1,1,1.487,2.806,4.295
least-connections-cache-on-warm0,110,1,4.8364,1.609,0.590,2.199,sea,the-odyssey,1,,server-1,1,0,0,1.487,4.747,1.533
least-connections-cache-on-warm0,110,1,4.8455,2.191,28.981,31.172,castle,desert-gold,1,,server-2,0,1,0,0.583,4.747,1.533
least-connections-cache-on-warm0,110,1,4.8545,3.881,24.171,28.052,sea,twenty-thousand-leagues-under-the-sea,1,,server-3,0,1,1,0.583,2.561,1.533
least-connections-cache-on-warm0,110,1,4.8636,3.201,20.231,23.433,you,the-picture-of-dorian-gray,1,,server-1,1,1,1,0.583,2.561,1.001
least-connections-cache-on-warm0,110,1,4.8727,4.618,17.306,21.923,night,white-fang,1,,server-2,1,2,1,0.444,2.561,1.001
least-connections-cache-on-warm0,110,1,4.8818,1.567,10.362,11.929,was,the-great-gatsby,1,,server-3,1,1,2,0.444,3.531,1.001
least-connections-cache-on-warm0,110,1,4.8909,1.350,26.855,28.205,love,the-odyssey,1,,server-1,1,1,1,3.418,3.531,2.345
least-connections-cache-on-warm0,110,1,4.9000,1.392,32.856,34.249,she,the-vicomte-de-bragelonne,1,,server-2,1,1,0,1.813,4.998,3.105
least-connections-cache-on-warm0,110,1,4.9091,1.723,23.613,25.336,of,life-on-the-mississippi,1,,server-3,1,1,1,1.813,2.623,3.105
least-connections-cache-on-warm0,110,1,4.9182,1.720,14.199,15.918,was,frankenstein-or-the-modern-prometheus-41445,1,,server-1,2,1,1,1.813,2.623,1.671
least-connections-cache-on-warm0,110,1,4.9273,7.938,14.097,22.035,death,around-the-world-in-eighty-days,1,,server-2,1,2,1,2.816,2.623,1.671
least-connections-cache-on-warm0,110,1,4.9364,1.292,27.456,28.748,whale,tess-of-the-d-urbervilles-a-pure-woman,1,,server-3,0,1,1,3.993,4.233,4.827
least-connections-cache-on-warm0,110,1,4.9455,2.083,15.457,17.541,whale,the-secret-garden-17396,1,,server-1,1,1,1,3.993,4.233,2.544
least-connections-cache-on-warm0,110,1,4.9545,1.099,0.527,1.626,letter,the-adventures-of-sherlock-holmes,1,,server-2,1,1,1,2.123,4.888,2.544
least-connections-cache-on-warm0,110,1,4.9636,1.241,0.765,2.006,night,the-lost-world,1,,server-1,1,0,1,3.789,1.695,2.544
least-connections-cache-on-warm0,110,1,4.9727,1.567,0.993,2.561,and,walden-and-on-the-duty-of-civil-disobedience,1,,server-2,0,1,0,1.345,1.695,5.938
least-connections-cache-on-warm0,110,1,4.9818,2.399,39.837,42.236,you,the-odyssey,1,,server-3,0,0,1,1.345,0.715,5.938
least-connections-cache-on-warm0,110,1,4.9909,4.258,27.602,31.860,love,the-house-of-the-seven-gables,1,,server-1,1,0,1,1.345,0.715,3.170
least-connections-cache-on-warm0,110,1,5.0000,3.736,17.568,21.304,she,beyond-good-and-evil,1,,server-2,1,1,1,0.957,0.715,3.170
least-connections-cache-on-warm0,110,1,5.0091,15.385,24.221,39.607,money,the-last-of-the-mohicans-a-narrative-of-1757,1,,server-3,1,1,2,0.957,0.583,3.170
least-connections-cache-on-warm0,110,1,5.0182,5.441,11.432,16.873,love,the-great-gatsby,1,,server-1,2,1,2,0.957,0.583,3.170
least-connections-cache-on-warm0,110,1,5.0273,1.283,29.632,30.915,she,jude-the-obscure,1,,server-2,1,1,1,2.971,3.071,5.698
least-connections-cache-on-warm0,110,1,5.0364,1.470,17.423,18.893,was,the-adventures-of-sherlock-holmes,1,,server-1,1,1,1,3.653,1.642,5.698
least-connections-cache-on-warm0,110,1,5.0455,13.182,26.432,39.613,castle,mansfield-park,1,,server-2,1,2,1,1.973,1.642,5.698
least-connections-cache-on-warm0,110,1,5.0545,1.470,23.824,25.294,was,hard-times,1,,server-3,1,2,1,1.973,1.642,7.489
least-connections-cache-on-warm0,110,1,5.0636,1.492,0.859,2.351,heart,silas-marner,1,,server-1,1,1,1,3.979,4.240,3.907
least-connections-cache-on-warm0,110,1,5.0727,1.188,16.310,17.498,whale,persuasion,1,,server-1,1,1,1,1.421,4.240,3.907
least-connections-cache-on-warm0,110,1,5.0818,1.878,15.824,17.703,money,persuasion,1,,server-3,1,1,1,0.803,4.240,6.271
least-connections-cache-on-warm0,110,1,5.0909,1.469,23.950,25.419,he,the-scarlet-letter,1,,server-1,1,0,1,3.068,6.902,3.304
least-connections-cache-on-warm0,110,1,5.1000,1.614,18.277,19.890,night,kidnapped,1,,server-2,1,1,0,1.644,6.902,4.590
least-connections-cache-on-warm0,110,1,5.1091,2.037,0.893,2.930,horse,the-wind-in-the-willows,1,,server-3,1,1,1,1.644,3.629,4.590
least-connections-cache-on-warm0,110,1,5.1182,1.718,16.686,18.404,house,meditations,1,,server-1,1,1,0,4.832,3.629,1.664
least-connections-cache-on-warm0,110,1,5.1273,1.809,25.455,27.264,london,a-tale-of-two-cities,1,,server-2,1,1,0,2.536,5.105,1.664
least-connections-cache-on-warm0,110,1,5.1364,1.285,27.797,29.082,letter,the-last-of-the-mohicans-a-narrative-of-1757,1,,server-3,1,1,1,5.248,2.726,1.664
least-connections-cache-on-warm0,110,1,5.1455,1.602,13.764,15.366,death,the-picture-of-dorian-gray,1,,server-1,1,1,1,4.220,2.726,0.921
least-connections-cache-on-warm0,110,1,5.1545,1.316,0.532,1.848,money,thus-spake-zarathustra-a-book-for-all-and-none,1,,server-2,1,1,1,2.249,5.748,0.921
least-connections-cache-on-warm0,110,1,5.1636,1.289,20.746,22.035,of,walden-and-on-the-duty-of-civil-disobedience,1,,server-1,1,0,1,3.606,1.976,0.921
least-connections-cache-on-warm0,110,1,5.1727,1.162,9.307,10.469,heart,the-hound-of-the-baskervilles-3070,1,,server-2,1,1,0,1.905,1.976,4.978
least-connections-cache-on-warm0,110,1,5.1818,1.732,22.429,24.161,heart,a-tale-of-two-cities,1,,server-3,1,1,1,1.905,1.080,4.978
least-connections-cache-on-warm0,110,1,5.1909,1.454,19.022,20.476,money,the-mystery-of-edwin-drood,1,,server-1,1,0,1,4.468,2.099,2.635
least-connections-cache-on-warm0,110,1,5.2000,1.306,34.673,35.979,the,the-innocents-abroad,1,,server-2,1,1,1,2.351,2.099,2.635
least-connections-cache-on-warm0,110,1,5.2091,1.586,0.840,2.426,london,the-iliad,1,,server-3,1,1,1,2.351,1.151,5.215
least-connections-cache-on-warm0,110,1,5.2182,1.495,16.365,17.860,king,frankenstein-or-the-modern-prometheus,1,,server-1,1,1,0,4.545,1.151,1.862
least-connections-cache-on-warm0,110,1,5.2273,1.361,19.458,20.819,house,the-secret-garden-17396,1,,server-3,1,1,1,2.419,1.151,1.862
least-connections-cache-on-warm0,110,1,5.2364,1.240,0.636,1.876,castle,agnes-grey,1,,server-1,1,0,1,4.152,6.233,1.022
least-connections-cache-on-warm0,110,1,5.2455,1.145,15.277,16.423,letter,autobiography-of-benjamin-franklin,1,,server-2,0,1,1,1.482,6.233,1.022
least-connections-cache-on-warm0,110,1,5.2545,1.303,35.701,37.004,was,the-moonstone,1,,server-3,0,1,1,1.482,3.272,3.743
least-connections-cache-on-warm0,110,1,5.2636,1.392,0.881,2.273,night,adventures-of-huckleberry-finn,1,,server-1,1,0,1,1.482,4.480,2.006
least-connections-cache-on-warm0,110,1,5.2727,1.252,0.780,2.032,love,silas-marner,1,,server-2,0,1,1,0.658,4.480,2.006
least-connections-cache-on-warm0,110,1,5.2818,1.058,12.134,13.191,and,beyond-good-and-evil,1,,server-1,1,0,1,0.658,1.627,2.006
least-connections-cache-on-warm0,110,1,5.2909,1.566,15.035,16.600,heart,the-war-of-the-worlds,1,,server-2,1,1,1,0.394,1.627,2.006
least-connections-cache-on-warm0,110,1,5.3000,1.217,30.242,31.459,she,the-jungle,1,,server-3,0,1,1,2.156,0.885,6.961
least-connections-cache-on-warm0,110,1,5.3091,1.240,25.259,26.499,night,life-on-the-mississippi,1,,server-1,1,0,1,2.156,2.918,3.637
least-connections-cache-on-warm0,110,1,5.3182,1.278,13.705,14.984,she,frankenstein-or-the-modern-prometheus-41445,1,,server-2,1,1,1,1.191,2.918,3.637
least-connections-cache-on-warm0,110,1,5.3273,4.767,13.779,18.547,money,the-hound-of-the-baskervilles-3070,1,,server-3,1,1,2,1.191,1.556,3.637
least-connections-cache-on-warm0,110,1,5.3364,1.398,16.682,18.080,money,washington-square,1,,server-1,1,0,1,4.756,3.127,4.145
least-connections-cache-on-warm0,110,1,5.3455,2.126,16.169,18.294,whale,frankenstein-or-the-modern-prometheus,1,,server-2,1,1,1,2.529,3.127,4.735
least-connections-cache-on-warm0,110,1,5.3545,1.623,0.856,2.479,night,silas-marner,1,,server-3,0,1,1,4.205,1.690,4.735
least-connections-cache-on-warm0,110,1,5.3636,1.208,0.609,1.817,money,silas-marner,1,,server-1,1,1,0,4.205,4.489,1.684
least-connections-cache-on-warm0,110,1,5.3727,1.669,33.736,35.405,sea,jude-the-obscure,1,,server-2,0,1,0,1.487,3.606,1.684
least-connections-cache-on-warm0,110,1,5.3818,3.335,15.816,19.151,heart,the-lost-world,1,,server-3,0,1,1,1.487,1.950,1.684
least-connections-cache-on-warm0,110,1,5.3909,1.959,1.107,3.066,house,north-and-south,1,,server-1,1,1,1,1.487,1.950,1.053
least-connections-cache-on-warm0,110,1,5.4000,1.786,13.745,15.531,whale,the-mysterious-affair-at-styles,1,,server-1,1,1,1,0.693,1.950,1.053
least-connections-cache-on-warm0,110,1,5.4091,1.088,16.830,17.919,death,grimms-fairy-tales,1,,server-2,1,1,0,0.468,6.579,3.064
least-connections-cache-on-warm0,110,1,5.4182,1.154,19.273,20.427,you,the-return-of-sherlock-holmes,1,,server-3,0,1,1,2.444,3.430,3.064
least-connections-cache-on-warm0,110,1,5.4273,1.079,37.235,38.314,money,the-innocents-abroad,1,,server-1,1,0,1,2.444,4.856,1.638
least-connections-cache-on-warm0,110,1,5.4364,1.484,15.288,16.772,letter,kidnapped,1,,server-2,1,1,1,1.320,4.856,1.638
least-connections-cache-on-warm0,110,1,5.4455,1.397,13.150,14.547,castle,the-lost-world,1,,server-3,1,1,1,1.320,2.549,4.111
least-connections-cache-on-warm0,110,1,5.4545,1.319,13.316,14.634,sea,the-adventures-of-tom-sawyer-complete,1,,server-2,1,1,1,1.320,4.028,2.171
least-connections-cache-on-warm0,110,1,5.4636,1.429,20.747,22.176,and,the-last-of-the-mohicans-a-narrative-of-1757-27681,1,,server-3,1,1,1,1.320,2.121,3.458
least-connections-cache-on-warm0,110,1,5.4727,1.558,25.503,27.061,letter,the-iliad-2199,1,,server-1,1,0,1,6.771,3.427,1.834
least-connections-cache-on-warm0,110,1,5.4818,1.675,23.464,25.139,london,the-return-of-sherlock-holmes-108,1,,server-2,1,1,1,3.541,3.427,1.834
least-connections-cache-on-warm0,110,1,5.4909,1.243,22.845,24.088,horse,tess-of-the-d-urbervilles-a-pure-woman,1,,server-3,1,1,1,3.541,1.867,4.447
least-connections-cache-on-warm0,110,1,5.5000,1.363,0.648,2.011,money,the-tenant-of-wildfell-hall,1,,server-1,2,1,1,6.311,1.867,2.342
least-connections-cache-on-warm0,110,1,5.5091,1.431,31.289,32.721,he,the-innocents-abroad,1,,server-2,0,1,1,2.181,4.864,2.342
least-connections-cache-on-warm0,110,1,5.5182,1.318,18.484,19.802,love,the-works-of-edgar-allan-poe-volume-2,1,,server-3,0,1,1,2.181,2.583,5.111
least-connections-cache-on-warm0,110,1,5.5273,1.453,14.925,16.378,king,the-mystery-of-edwin-drood,1,,server-1,1,1,1,2.181,2.583,2.688
least-connections-cache-on-warm0,110,1,5.5364,5.927,14.867,20.794,was,the-secret-garden-17396,1,,server-2,1,2,1,1.211,2.583,2.688
least-connections-cache-on-warm0,110,1,5.5455,1.421,10.943,12.364,night,his-last-bow,1,,server-3,0,1,1,3.123,3.872,4.632
least-connections-cache-on-warm0,110,1,5.5545,1.227,35.693,36.920,london,the-mysterious-island,1,,server-1,1,1,1,3.123,3.872,2.442
least-connections-cache-on-warm0,110,1,5.5636,1.271,24.461,25.732,sea,the-last-of-the-mohicans-a-narrative-of-1757,1,,server-2,1,1,0,1.662,4.800,3.280
least-connections-cache-on-warm0,110,1,5.5727,1.448,13.721,15.169,house,the-secret-garden,1,,server-3,1,1,1,1.662,2.526,3.280
least-connections-cache-on-warm0,110,1,5.5818,10.222,26.943,37.165,castle,adventures-of-huckleberry-finn,1,,server-1,2,1,1,1.662,2.526,1.751
least-connections-cache-on-warm0,110,1,5.5909,1.509,0.632,2.141,sea,a-connecticut-yankee-in-king-arthur-s-court,1,,server-2,2,1,0,1.662,5.484,3.272
least-connections-cache-on-warm0,110,1,5.6000,2.379,25.334,27.713,castle,the-odyssey,1,,server-3,1,0,1,4.442,1.926,3.272
least-connections-cache-on-warm0,110,1,5.6091,2.253,13.942,16.195,the,herland,1,,server-2,1,1,1,4.442,1.926,1.803
least-connections-cache-on-warm0,110,1,5.6182,10.241,14.533,24.774,you,persuasion,1,,server-3,1,1,2,4.442,1.093,1.803
least-connections-cache-on-warm0,110,1,5.6273,1.387,0.671,2.058,heart,the-divine-comedy,1,,server-1,1,0,2,7.116,2.867,1.803
least-connections-cache-on-warm0,110,1,5.6364,1.365,16.043,17.408,love,the-mystery-of-edwin-drood,1,,server-2,0,1,1,2.448,2.867,3.518
least-connections-cache-on-warm0,110,1,5.6455,1.055,18.894,19.949,money,the-house-of-the-seven-gables,1,,server-3,0,1,1,2.448,1.554,4.504
least-connections-cache-on-warm0,110,1,5.6545,1.199,0.657,1.856,castle,the-house-of-mirth,1,,server-1,1,0,1,2.448,3.518,2.364
least-connections-cache-on-warm0,110,1,5.6636,1.273,0.670,1.943,castle,autobiography-of-benjamin-franklin,1,,server-2,0,1,1,0.912,3.518,2.364
least-connections-cache-on-warm0,110,1,5.6727,1.417,14.937,16.353,heart,the-hound-of-the-baskervilles,1,,server-3,0,0,1,0.912,1.259,4.521
least-connections-cache-on-warm0,110,1,5.6818,1.829,18.917,20.746,sea,madame-bovary,1,,server-1,1,0,1,0.912,1.259,2.390
least-connections-cache-on-warm0,110,1,5.6909,1.821,0.713,2.534,was,the-kama-sutra-of-vatsyayana,1,,server-2,1,1,0,0.552,1.259,3.862
least-connections-cache-on-warm0,110,1,5.7000,1.213,0.620,1.833,london,the-mysterious-island,1,,server-3,1,0,1,0.552,0.524,3.862
least-connections-cache-on-warm0,110,1,5.7091,1.311,25.683,26.994,and,treasure-island,1,,server-1,1,0,0,3.336,0.524,1.359
least-connections-cache-on-warm0,110,1,5.7182,2.386,20.310,22.697,the,memoirs-of-fanny-hill,1,,server-2,1,1,0,1.789,0.524,1.359
least-connections-cache-on-warm0,110,1,5.7273,3.178,30.314,33.492,night,jane-eyre-an-autobiography,1,,server-3,1,1,1,1.789,0.414,1.359
least-connections-cache-on-warm0,110,1,5.7364,1.288,19.921,21.209,whale,madame-bovary,1,,server-1,1,1,1,5.201,0.414,0.874
least-connections-cache-on-warm0,110,1,5.7455,1.304,21.100,22.404,he,sense-and-sensibility,1,,server-2,1,1,1,2.738,3.427,0.874
least-connections-cache-on-warm0,110,1,5.7545,6.611,0.597,7.208,money,treasure-island,1,,server-3,1,1,2,2.738,1.821,0.874
least-connections-cache-on-warm0,110,1,5.7636,1.065,25.453,26.518,death,the-last-of-the-mohicans-a-narrative-of-1757,1,,server-1,1,1,0,4.899,1.821,2.447
least-connections-cache-on-warm0,110,1,5.7727,1.407,0.591,1.999,king,poirot-investigates,1,,server-2,1,1,0,2.572,4.517,2.447
least-connections-cache-on-warm0,110,1,5.7818,1.097,11.235,12.331,house,the-wind-in-the-willows,1,,server-3,1,0,1,2.572,1.596,2.447
least-connections-cache-on-warm0,110,1,5.7909,1.038,13.435,14.473,castle,the-hound-of-the-baskervilles,1,,server-1,1,0,1,5.681,1.596,1.322
least-connections-cache-on-warm0,110,1,5.8000,1.245,17.029,18.274,he,poirot-investigates,1,,server-2,1,1,0,2.970,1.596,2.601
least-connections-cache-on-warm0,110,1,5.8091,2.616,23.477,26.092,castle,cranford,1,,server-3,0,1,1,4.007,0.891,2.601
least-connections-cache-on-warm0,110,1,5.8182,1.477,27.002,28.480,whale,the-works-of-edgar-allan-poe-volume-2,1,,server-1,1,1,1,4.007,3.266,1.478
least-connections-cache-on-warm0,110,1,5.8273,1.153,11.760,12.913,of,agnes-grey,1,,server-2,1,1,1,2.134,3.266,1.478
least-connections-cache-on-warm0,110,1,5.8364,1.129,14.908,16.037,house,white-fang,1,,server-3,1,1,1,2.134,1.735,4.607
least-connections-cache-on-warm0,110,1,5.8455,1.127,11.177,12.305,london,the-mysterious-affair-at-styles,1,,server-2,1,1,1,2.134,2.955,2.421
least-connections-cache-on-warm0,110,1,5.8545,1.695,0.914,2.609,death,pride-and-prejudice,1,,server-3,0,1,1,5.629,1.578,3.894
least-connections-cache-on-warm0,110,1,5.8636,1.730,23.810,25.540,letter,the-mysterious-affair-at-styles,1,,server-1,1,0,0,5.629,2.773,1.440
least-connections-cache-on-warm0,110,1,5.8727,2.833,20.003,22.836,london,poirot-investigates,1,,server-2,1,1,0,2.994,2.773,1.440
least-connections-cache-on-warm0,110,1,5.8818,2.998,20.152,23.151,he,autobiography-of-benjamin-franklin,1,,server-3,1,1,1,2.994,1.542,1.440
least-connections-cache-on-warm0,110,1,5.8909,1.420,0.760,2.180,she,the-jungle,1,,server-1,1,1,1,5.654,1.542,0.907
least-connections-cache-on-warm0,110,1,5.9000,1.756,14.436,16.192,letter,his-last-bow,1,,server-2,0,1,1,1.985,4.092,0.907
least-connections-cache-on-warm0,110,1,5.9091,1.341,0.819,2.161,castle,the-vicomte-de-bragelonne,1,,server-3,0,1,1,1.985,2.195,3.725
least-connections-cache-on-warm0,110,1,5.9182,1.987,41.064,43.051,king,a-connecticut-yankee-in-king-arthur-s-court,1,,server-1,1,0,0,1.985,3.636,1.346
least-connections-cache-on-warm0,110,1,5.9273,3.283,27.506,30.789,death,the-war-of-the-worlds,1,,server-2,1,1,0,1.119,3.636,1.346
least-connections-cache-on-warm0,110,1,5.9364,4.954,28.519,33.474,was,thus-spake-zarathustra-a-book-for-all-and-none,1,,server-3,1,1,1,1.119,2.117,1.346
least-connections-cache-on-warm0,110,1,5.9455,16.291,0.557,16.848,love,a-tale-of-two-cities,1,,server-1,2,1,1,1.119,2.117,0.931
least-connections-cache-on-warm0,110,1,5.9545,4.612,26.006,30.618,london,the-adventures-of-ferdinand-count-fathom-complete,1,,server-2,2,2,1,1.119,2.117,0.931
least-connections-cache-on-warm0,110,1,5.9636,1.174,9.281,10.455,king,the-great-gatsby,1,,server-1,1,1,1,3.385,3.393,0.931
least-connections-cache-on-warm0,110,1,5.9727,1.824,13.174,14.997,of,the-secret-adversary,1,,server-3,1,1,1,1.789,3.393,4.987
least-connections-cache-on-warm0,110,1,5.9818,1.165,0.551,1.716,the,far-from-the-madding-crowd,1,,server-1,1,1,1,2.600,3.393,2.627
least-connections-cache-on-warm0,110,1,5.9909,0.978,11.586,12.564,king,the-hound-of-the-baskervilles,1,,server-2,0,1,0,0.953,6.279,3.725
least-connections-cache-on-warm0,110,1,6.0000,1.394,20.811,22.205,sea,the-warden,1,,server-3,0,1,1,0.953,3.269,3.725
least-connections-cache-on-warm0,110,1,6.0091,1.896,13.446,15.341,night,the-warden,1,,server-1,1,0,1,0.953,3.907,1.986
least-connections-cache-on-warm0,110,1,6.0182,1.089,30.145,31.234,heart,the-vicomte-de-bragelonne,1,,server-2,1,1,1,0.599,3.907,1.986
least-connections-cache-on-warm0,110,1,6.0273,1.668,0.952,2.620,she,frankenstein-or-the-modern-prometheus-41445,1,,server-3,0,1,1,2.476,2.079,4.593
least-connections-cache-on-warm0,110,1,6.0364,1.224,17.629,18.853,love,the-divine-comedy,1,,server-1,1,1,0,2.476,2.079,1.666
least-connections-cache-on-warm0,110,1,6.0455,1.583,25.609,27.192,death,the-iliad-2199,1,,server-3,1,1,1,1.321,2.079,1.666
least-connections-cache-on-warm0,110,1,6.0545,1.719,0.845,2.564,was,the-hound-of-the-baskervilles-3070,1,,server-2,1,1,1,1.321,6.096,0.917
least-connections-cache-on-warm0,110,1,6.0636,1.170,30.925,32.095,heart,the-house-of-mirth,1,,server-1,1,0,1,3.595,2.141,0.917
least-connections-cache-on-warm0,110,1,6.0727,1.380,32.179,33.559,money,the-iliad-2199,1,,server-2,1,1,1,1.900,2.141,4.634
least-connections-cache-on-warm0,110,1,6.0818,2.490,19.401,21.891,he,frankenstein-or-the-modern-prometheus-41445,1,,server-3,1,1,1,1.900,1.170,4.634
least-connections-cache-on-warm0,110,1,6.0909,5.149,0.729,5.878,whale,the-works-of-edgar-allan-poe-volume-2,1,,server-1,2,1,1,1.900,1.170,2.511
least-connections-cache-on-warm0,110,1,6.1000,1.101,32.111,33.212,whale,the-romance-of-lust-a-classic-victorian-erotic-novel,1,,server-1,1,1,1,2.370,1.170,2.511
least-connections-cache-on-warm0,110,1,6.1091,1.499,20.623,22.122,letter,the-house-of-mirth,1,,server-2,1,1,0,1.270,5.858,4.662
least-connections-cache-on-warm0,110,1,6.1182,1.375,21.102,22.477,and,the-age-of-innocence,1,,server-3,1,1,1,1.270,3.070,4.662
least-connections-cache-on-warm0,110,1,6.1273,6.107,24.152,30.259,house,far-from-the-madding-crowd,1,,server-1,2,1,1,1.270,3.070,2.466
least-connections-cache-on-warm0,110,1,6.1364,1.468,18.944,20.412,the,anne-of-green-gables,1,,server-2,1,1,1,4.142,5.214,2.466
least-connections-cache-on-warm0,110,1,6.1455,1.170,0.599,1.769,castle,the-hound-of-the-baskervilles,1,,server-3,1,1,1,4.142,2.750,4.904
least-connections-cache-on-warm0,110,1,6.1545,1.089,18.082,19.171,heart,twenty-thousand-leagues-under-the-sea,1,,server-3,1,1,1,4.142,2.750,1.708
least-connections-cache-on-warm0,110,1,6.1636,1.230,0.542,1.772,love,the-works-of-edgar-allan-poe-volume-2,1,,server-1,1,0,1,6.449,4.747,0.935
least-connections-cache-on-warm0,110,1,6.1727,1.205,31.300,32.505,horse,dracula,1,,server-2,0,1,1,2.206,4.747,0.935
least-connections-cache-on-warm0,110,1,6.1818,1.190,13.212,14.402,sea,the-mysterious-affair-at-styles,1,,server-3,0,1,1,2.206,2.500,3.460
least-connections-cache-on-warm0,110,1,6.1909,1.066,0.555,1.621,sea,the-adventures-of-tom-sawyer-complete,1,,server-1,1,1,1,2.206,2.500,1.836
least-connections-cache-on-warm0,110,1,6.2000,1.071,12.572,13.643,and,meditations,1,,server-3,0,1,1,0.829,2.500,3.248
least-connections-cache-on-warm0,110,1,6.2091,1.020,35.006,36.026,letter,tess-of-the-d-urbervilles-a-pure-woman,1,,server-1,1,0,1,0.829,6.559,1.722
least-connections-cache-on-warm0,110,1,6.2182,2.906,1.833,4.739,king,cranford,1,,server-2,1,1,0,0.484,6.559,3.073
least-connections-cache-on-warm0,110,1,6.2273,2.859,15.804,18.663,heart,treasure-island,1,,server-3,1,0,1,0.484,2.447,3.073
least-connections-cache-on-warm0,110,1,6.2364,1.564,0.867,2.430,castle,twenty-thousand-leagues-under-the-sea,1,,server-2,1,1,1,0.484,2.447,1.731
least-connections-cache-on-warm0,110,1,6.2455,1.453,0.520,1.973,sea,the-scarlet-letter-33,1,,server-2,1,1,1,5.900,0.929,1.731
least-connections-cache-on-warm0,110,1,6.2545,1.475,22.637,24.111,castle,the-war-of-the-worlds,1,,server-3,0,0,1,5.900,0.402,3.566
least-connections-cache-on-warm0,110,1,6.2636,3.728,1.800,5.528,you,the-song-of-the-lark,1,,server-1,1,0,1,5.900,0.402,1.886
least-connections-cache-on-warm0,110,1,6.2727,1.991,30.304,32.295,heart,persuasion,1,,server-2,0,1,1,2.235,0.402,1.886
least-connections-cache-on-warm0,110,1,6.2818,2.350,35.253,37.603,she,the-adventures-of-ferdinand-count-fathom-complete,1,,server-3,0,1,1,2.235,0.345,4.773
least-connections-cache-on-warm0,110,1,6.2909,2.918,14.834,17.752,horse,washington-square,1,,server-1,1,1,1,2.235,0.345,2.570
least-connections-cache-on-warm0,110,1,6.3000,5.610,24.153,29.762,love,life-on-the-mississippi,1,,server-2,1,2,1,1.323,0.345,2.570
least-connections-cache-on-warm0,110,1,6.3091,1.031,20.399,21.430,heart,pride-and-prejudice,1,,server-1,1,1,1,3.125,3.156,2.570
least-connections-cache-on-warm0,110,1,6.3182,12.224,1.003,13.227,the,the-house-of-mirth,1,,server-2,1,2,1,1.661,3.156,2.570
least-connections-cache-on-warm0,110,1,6.3273,1.658,9.862,11.520,and,the-kama-sutra-of-vatsyayana,1,,server-3,1,2,1,1.661,3.156,7.201
least-connections-cache-on-warm0,110,1,6.3364,1.313,0.574,1.887,king,the-house-of-mirth,1,,server-1,1,0,1,4.300,2.747,3.759
least-connections-cache-on-warm0,110,1,6.3455,1.701,0.989,2.690,letter,silas-marner,1,,server-2,0,1,0,1.513,2.747,3.934
least-connections-cache-on-warm0,110,1,6.3545,2.794,27.699,30.493,house,cranford,1,,server-3,0,0,1,1.513,1.049,3.934
least-connections-cache-on-warm0,110,1,6.3636,4.184,2.332,6.516,was,the-hound-of-the-baskervilles-3070,1,,server-1,1,0,1,1.513,1.049,2.192
least-connections-cache-on-warm0,110,1,6.3727,0.858,0.492,1.350,letter,the-hound-of-the-baskervilles-3070,1,,server-2,0,1,1,0.907,1.049,2.192
least-connections-cache-on-warm0,110,1,6.3818,1.755,35.391,37.146,letter,myths-and-legends-of-ancient-greece-and-rome,1,,server-1,1,0,1,0.907,0.431,2.192
least-connections-cache-on-warm0,110,1,6.3909,3.930,30.680,34.610,whale,hard-times,1,,server-2,1,1,0,0.556,0.431,5.708
least-connections-cache-on-warm0,110,1,6.4000,5.122,1.907,7.029,london,anne-of-green-gables,1,,server-3,1,1,1,0.556,0.500,5.708
least-connections-cache-on-warm0,110,1,6.4091,2.359,23.841,26.200,night,leaves-of-grass,1,,server-3,1,1,1,0.556,0.500,2.233
least-connections-cache-on-warm0,110,1,6.4182,1.454,19.940,21.395,she,hard-times,1,,server-1,2,1,1,0.556,0.500,1.251
least-connections-cache-on-warm0,110,1,6.4273,1.389,13.457,14.846,sea,the-secret-adversary,1,,server-2,1,1,1,3.126,5.040,1.251
least-connections-cache-on-warm0,110,1,6.4364,1.076,16.663,17.739,king,the-scarlet-letter,1,,server-3,1,1,1,3.126,2.676,4.563
least-connections-cache-on-warm0,110,1,6.4455,1.478,24.292,25.770,london,desert-gold,1,,server-1,1,0,1,5.170,3.825,2.401
least-connections-cache-on-warm0,110,1,6.4545,1.114,18.124,19.238,horse,anne-of-green-gables,1,,server-2,1,1,0,2.725,3.825,4.159
least-connections-cache-on-warm0,110,1,6.4636,1.440,37.587,39.027,horse,the-moonstone,1,,server-3,1,1,1,2.725,2.042,4.159
least-connections-cache-on-warm0,110,1,6.4727,1.759,1.203,2.962,money,the-odyssey,1,,server-1,1,1,1,5.550,2.042,2.215
least-connections-cache-on-warm0,110,1,6.4818,1.194,14.965,16.159,of,the-prince,1,,server-2,0,1,1,2.046,4.193,2.215
least-connections-cache-on-warm0,110,1,6.4909,1.393,12.810,14.203,and,black-beauty,1,,server-1,1,1,1,2.046,2.233,2.215
least-connections-cache-on-warm0,110,1,6.5000,1.093,27.736,28.829,was,mansfield-park,1,,server-2,1,1,1,1.127,3.791,2.215
least-connections-cache-on-warm0,110,1,6.5091,1.325,17.082,18.407,love,hard-times,1,,server-3,0,1,1,2.717,2.002,7.413
least-connections-cache-on-warm0,110,1,6.5182,1.443,16.262,17.705,house,the-scarlet-letter-33,1,,server-1,1,1,1,2.717,2.002,3.862
least-connections-cache-on-warm0,110,1,6.5273,1.963,0.729,2.691,heart,the-divine-comedy,1,,server-2,1,2,1,1.460,2.002,6.426
least-connections-cache-on-warm0,110,1,6.5364,1.210,20.280,21.490,sea,the-secret-garden,1,,server-3,0,0,1,3.457,2.020,5.177
least-connections-cache-on-warm0,110,1,6.5455,2.078,29.009,31.087,you,a-tale-of-two-cities,1,,server-1,1,0,1,3.457,2.020,2.715
least-connections-cache-on-warm0,110,1,6.5545,1.645,0.955,2.600,was,frankenstein-or-the-modern-prometheus-41445,1,,server-2,1,1,1,1.879,2.020,2.715
least-connections-cache-on-warm0,110,1,6.5636,1.411,16.962,18.372,the,grimms-fairy-tales,1,,server-3,1,0,1,1.879,0.814,4.947
least-connections-cache-on-warm0,110,1,6.5727,1.377,18.730,20.107,she,the-return-of-sherlock-holmes-108,1,,server-2,1,1,1,1.879,0.814,2.603
least-connections-cache-on-warm0,110,1,6.5818,1.460,0.821,2.280,death,poirot-investigates,1,,server-1,1,1,1,5.777,0.479,4.346
least-connections-cache-on-warm0,110,1,6.5909,1.176,21.059,22.235,heart,the-house-of-the-seven-gables,1,,server-3,0,1,1,2.037,0.479,4.346
least-connections-cache-on-warm0,110,1,6.6000,1.613,17.488,19.101,whale,the-scarlet-letter,1,,server-1,1,0,1,2.037,3.205,2.285
least-connections-cache-on-warm0,110,1,6.6091,1.199,0.635,1.835,the,a-tale-of-two-cities,1,,server-2,1,1,1,1.123,3.205,2.285
least-connections-cache-on-warm0,110,1,6.6182,1.203,0.649,1.852,house,the-american,1,,server-3,1,0,1,1.123,1.151,4.806
least-connections-cache-on-warm0,110,1,6.6273,2.031,43.526,45.557,the,the-moonstone,1,,server-1,1,0,0,3.446,1.151,1.678
least-connections-cache-on-warm0,110,1,6.6364,4.032,24.654,28.686,death,a-journey-to-the-centre-of-the-earth,1,,server-2,1,1,0,1.887,1.151,1.678
least-connections-cache-on-warm0,110,1,6.6455,2.615,1.893,4.508,horse,persuasion,1,,server-3,1,1,1,1.887,0.790,1.678
least-connections-cache-on-warm0,110,1,6.6545,1.133,0.767,1.899,house,the-secret-garden,1,,server-3,1,1,1,1.887,0.790,0.818
least-connections-cache-on-warm0,110,1,6.6636,1.305,9.882,11.187,death,the-hound-of-the-baskervilles-3070,1,,server-3,1,1,1,1.887,0.790,0.370
least-connections-cache-on-warm0,110,1,6.6727,1.631,17.222,18.853,heart,anne-of-green-gables,1,,server-2,1,1,1,8.073,4.292,0.275
least-connections-cache-on-warm0,110,1,6.6818,1.276,15.884,17.160,he,frankenstein-or-the-modern-prometheus,1,,server-3,0,1,1,8.073,2.304,1.713
least-connections-cache-on-warm0,110,1,6.6909,1.284,21.349,22.633,horse,the-secret-adversary,1,,server-1,1,1,1,8.073,2.304,0.937
least-connections-cache-on-warm0,110,1,6.7000,1.690,24.110,25.800,sea,the-song-of-the-lark,1,,server-2,1,1,0,4.235,4.185,3.092
least-connections-cache-on-warm0,110,1,6.7091,1.108,0.680,1.788,you,madame-bovary,1,,server-3,1,1,1,4.235,2.232,3.092
least-connections-cache-on-warm0,110,1,6.7182,1.120,0.691,1.811,love,great-expectations,1,,server-1,1,1,0,6.071,2.232,1.136
least-connections-cache-on-warm0,110,1,6.7273,1.159,26.635,27.794,sea,life-on-the-mississippi,1,,server-2,0,1,0,2.114,5.267,1.136
least-connections-cache-on-warm0,110,1,6.7364,1.676,22.420,24.096,of,the-odyssey,1,,server-3,0,1,1,2.114,2.761,1.136
least-connections-cache-on-warm0,110,1,6.7455,1.828,15.224,17.052,heart,the-wind-in-the-willows,1,,server-1,1,1,1,2.114,2.761,0.691
least-connections-cache-on-warm0,110,1,6.7545,1.570,15.191,16.762,money,desert-gold,1,,server-2,1,2,1,1.218,7.460,0.691
least-connections-cache-on-warm0,110,1,6.7636,1.468,11.558,13.027,death,a-princess-of-mars,1,,server-3,0,1,1,3.144,3.145,3.970
least-connections-cache-on-warm0,110,1,6.7727,1.477,35.080,36.557,money,the-house-of-mirth,1,,server-1,1,0,1,3.144,4.396,2.101
least-connections-cache-on-warm0,110,1,6.7818,2.429,1.539,3.968,castle,the-odyssey,1,,server-2,1,1,0,1.694,4.396,3.156
least-connections-cache-on-warm0,110,1,6.7909,2.315,18.194,20.509,you,frankenstein-or-the-modern-prometheus-41445,1,,server-3,1,0,1,1.694,1.689,3.156
least-connections-cache-on-warm0,110,1,6.8000,1.213,20.516,21.729,and,the-house-of-the-seven-gables,1,,server-2,1,1,1,1.694,1.689,1.743
least-connections-cache-on-warm0,110,1,6.8091,2.573,25.111,27.684,she,leaves-of-grass,1,,server-3,1,1,2,8.274,0.921,1.743
least-connections-cache-on-warm0,110,1,6.8182,1.460,11.387,12.847,london,the-war-of-the-worlds,1,,server-1,1,1,1,6.644,0.921,2.525
least-connections-cache-on-warm0,110,1,6.8273,1.371,11.438,12.809,you,poirot-investigates,1,,server-2,1,1,1,3.474,3.831,2.525
least-connections-cache-on-warm0,110,1,6.8364,1.256,23.083,24.339,you,hard-times,1,,server-1,1,1,1,3.973,2.034,6.965
least-connections-cache-on-warm0,110,1,6.8455,1.620,17.697,19.316,you,the-secret-garden,1,,server-2,1,1,0,2.088,3.077,5.619
least-connections-cache-on-warm0,110,1,6.8545,1.258,10.542,11.800,sea,herland,1,,server-3,1,1,1,2.088,1.672,5.619
least-connections-cache-on-warm0,110,1,6.8636,1.602,22.510,24.112,whale,pride-and-prejudice,1,,server-1,1,1,1,4.914,1.672,2.942
least-connections-cache-on-warm0,110,1,6.8727,1.401,28.206,29.608,london,life-on-the-mississippi,1,,server-2,1,1,0,2.584,3.845,3.526
least-connections-cache-on-warm0,110,1,6.8818,1.186,27.759,28.945,you,oliver-twist,1,,server-3,1,1,1,2.584,2.039,3.526
least-connections-cache-on-warm0,110,1,6.8909,1.382,13.409,14.792,sea,northanger-abbey,1,,server-1,1,1,1,5.222,2.039,1.882
least-connections-cache-on-warm0,110,1,6.9000,2.607,29.170,31.777,sea,emma,1,,server-2,1,2,1,2.738,2.039,1.882
least-connections-cache-on-warm0,110,1,6.9091,1.303,0.705,2.008,night,adventures-of-huckleberry-finn,1,,server-1,1,1,1,3.845,3.686,1.882
least-connections-cache-on-warm0,110,1,6.9182,1.380,0.739,2.119,love,the-jungle,1,,server-3,0,1,1,1.378,3.686,5.625
least-connections-cache-on-warm0,110,1,6.9273,1.137,0.511,1.648,horse,grimms-fairy-tales,1,,server-1,1,1,0,1.378,3.686,1.972
least-connections-cache-on-warm0,110,1,6.9364,1.314,0.629,1.943,castle,the-song-of-the-lark,1,,server-2,0,1,0,0.546,6.971,1.972
least-connections-cache-on-warm0,110,1,6.9455,1.763,25.791,27.554,and,the-wind-in-the-willows,1,,server-3,0,0,1,0.546,2.440,1.972
least-connections-cache-on-warm0,110,1,6.9545,3.530,16.756,20.285,love,poirot-investigates,1,,server-1,1,0,1,0.546,2.440,1.132
least-connections-cache-on-warm0,110,1,6.9636,2.714,19.289,22.003,king,washington-square,1,,server-2,1,1,1,0.513,2.440,1.132
least-connections-cache-on-warm0,110,1,6.9727,1.296,0.525,1.821,he,madame-bovary,1,,server-3,1,1,2,0.513,1.394,5.945
least-connections-cache-on-warm0,110,1,6.9818,1.287,15.361,16.648,night,a-journey-to-the-centre-of-the-earth,1,,server-1,1,1,0,2.878,1.394,1.651
least-connections-cache-on-warm0,110,1,6.9909,1.294,0.669,1.963,king,grimms-fairy-tales,1,,server-2,1,1,0,1.546,3.895,1.651
least-connections-cache-on-warm0,110,1,7.0000,1.595,1.122,2.717,love,the-tenant-of-wildfell-hall,1,,server-3,0,0,1,3.374,1.375,1.651
least-connections-cache-on-warm0,110,1,7.0091,3.093,50.194,53.287,horse,north-and-south,1,,server-1,1,0,0,3.374,1.375,0.676
least-connections-cache-on-warm0,110,1,7.0182,4.620,32.389,37.008,horse,pride-and-prejudice,1,,server-2,1,1,0,1.919,1.375,0.676
least-connections-cache-on-warm0,110,1,7.0273,4.684,23.907,28.591,was,anne-of-green-gables,1,,server-3,1,1,1,1.919,0.999,0.676
least-connections-cache-on-warm0,110,1,7.0364,26.687,13.587,40.274,london,meditations,1,,server-1,2,1,1,1.919,0.999,0.614
least-connections-cache-on-warm0,110,1,7.0455,9.802,27.606,37.408,love,mary-barton,1,,server-2,2,2,1,1.919,0.999,0.614
least-connections-cache-on-warm0,110,1,7.0545,1.781,31.228,33.010,king,the-vicomte-de-bragelonne,1,,server-3,2,2,2,1.919,2.118,0.614
least-connections-cache-on-warm0,110,1,7.0636,1.687,30.849,32.536,and,the-secret-adversary,1,,server-1,2,1,1,7.760,5.131,2.720
least-connections-cache-on-warm0,110,1,7.0727,10.734,29.422,40.156,you,little-women,1,,server-2,2,2,1,4.178,5.131,2.720
least-connections-cache-on-warm0,110,1,7.0818,6.486,0.872,7.358,the,the-secret-garden,1,,server-3,1,2,2,4.855,5.131,2.720
least-connections-cache-on-warm0,110,1,7.0909,1.364,21.607,22.971,he,the-return-of-sherlock-holmes,1,,server-3,1,1,1,4.855,4.921,2.640
least-connections-cache-on-warm0,110,1,7.1000,1.266,0.695,1.961,whale,silas-marner,1,,server-1,1,1,1,7.924,4.921,1.403
least-connections-cache-on-warm0,110,1,7.1091,1.144,32.972,34.115,heart,north-and-south,1,,server-1,1,1,1,2.744,4.921,1.403
least-connections-cache-on-warm0,110,1,7.1182,1.390,17.286,18.676,death,the-age-of-innocence,1,,server-2,1,1,0,1.489,7.823,4.312
least-connections-cache-on-warm0,110,1,7.1273,1.194,19.487,20.682,he,the-portrait-of-a-lady-volume-1,1,,server-3,1,1,1,1.489,4.073,4.312
least-connections-cache-on-warm0,110,1,7.1364,6.998,14.973,21.971,love,the-mysterious-affair-at-styles,1,,server-1,2,1,1,1.489,6.599,2.277
least-connections-cache-on-warm0,110,1,7.1455,1.143,20.155,21.298,she,the-memoirs-of-sherlock-holmes,1,,server-2,1,1,1,4.379,5.310,2.277
least-connections-cache-on-warm0,110,1,7.1545,1.335,32.096,33.430,and,jane-eyre-an-autobiography,1,,server-3,1,1,1,4.379,2.788,4.516
least-connections-cache-on-warm0,110,1,7.1636,1.672,27.108,28.780,whale,the-jungle,1,,server-1,1,1,1,5.130,2.788,2.391
least-connections-cache-on-warm0,110,1,7.1727,1.305,0.906,2.211,of,life-on-the-mississippi,1,,server-2,1,1,1,2.710,4.969,2.391
least-connections-cache-on-warm0,110,1,7.1818,2.146,0.718,2.864,of,life-on-the-mississippi,1,,server-2,1,1,1,2.710,1.804,2.391
least-connections-cache-on-warm0,110,1,7.1909,1.481,0.767,2.248,sea,the-secret-garden,1,,server-3,1,0,1,2.710,0.713,6.611
least-connections-cache-on-warm0,110,1,7.2000,1.070,13.135,14.205,london,the-prince,1,,server-1,1,0,0,6.045,0.713,2.271
least-connections-cache-on-warm0,110,1,7.2091,1.681,0.888,2.569,london,desert-gold,1,,server-2,1,1,0,3.168,0.713,2.271
least-connections-cache-on-warm0,110,1,7.2182,1.620,17.803,19.424,house,the-prince,1,,server-3,0,0,1,4.088,0.383,2.271
least-connections-cache-on-warm0,110,1,7.2273,3.053,17.386,20.439,horse,the-hound-of-the-baskervilles,1,,server-1,1,0,1,4.088,0.383,1.262
least-connections-cache-on-warm0,110,1,7.2364,1.319,34.563,35.882,house,the-adventures-of-ferdinand-count-fathom-complete,1,,server-2,1,1,1,2.233,0.383,1.262
least-connections-cache-on-warm0,110,1,7.2455,1.853,34.359,36.212,he,north-and-south,1,,server-3,1,1,1,2.233,0.292,3.606
least-connections-cache-on-warm0,110,1,7.2545,2.629,1.205,3.834,you,the-first-men-in-the-moon,1,,server-1,1,1,1,4.121,0.292,1.953
least-connections-cache-on-warm0,110,1,7.2636,1.667,0.958,2.625,house,life-on-the-mississippi,1,,server-1,1,1,1,1.549,0.292,1.953
least-connections-cache-on-warm0,110,1,7.2727,1.097,30.381,31.478,and,the-iliad,1,,server-2,0,1,1,0.657,5.670,1.953
least-connections-cache-on-warm0,110,1,7.2818,1.474,0.680,2.153,you,the-song-of-the-lark,1,,server-1,1,1,1,0.657,2.970,6.673
least-connections-cache-on-warm0,110,1,7.2909,1.198,0.806,2.004,heart,myths-and-legends-of-ancient-greece-and-rome,1,,server-3,0,1,1,0.321,2.970,6.673
least-connections-cache-on-warm0,110,1,7.3000,1.419,0.794,2.213,house,pride-and-prejudice,1,,server-1,1,1,0,0.321,2.970,2.339
least-connections-cache-on-warm0,110,1,7.3091,1.142,0.520,1.662,was,persuasion,1,,server-2,0,1,0,0.216,6.732,2.339
least-connections-cache-on-warm0,110,1,7.3182,1.107,0.576,1.684,love,frankenstein-or-the-modern-prometheus-41445,1,,server-3,0,0,1,0.216,2.307,2.339
least-connections-cache-on-warm0,110,1,7.3273,2.095,19.497,21.592,heart,agnes-grey,1,,server-1,1,0,0,0.216,2.307,0.871
least-connections-cache-on-warm0,110,1,7.3364,4.200,16.748,20.948,horse,the-scarlet-letter,1,,server-2,1,1,0,0.237,2.307,0.871
least-connections-cache-on-warm0,110,1,7.3455,1.431,17.269,18.700,she,washington-square,1,,server-3,1,1,1,0.237,1.441,0.871
least-connections-cache-on-warm0,110,1,7.3545,1.369,0.602,1.970,heart,silas-marner,1,,server-1,1,1,1,3.209,1.441,0.521
least-connections-cache-on-warm0,110,1,7.3636,1.093,0.631,1.725,castle,mansfield-park,1,,server-2,0,1,1,1.152,3.495,0.521
least-connections-cache-on-warm0,110,1,7.3727,1.247,31.329,32.576,of,the-picture-of-dorian-gray,1,,server-3,0,0,1,1.152,1.274,3.057
least-connections-cache-on-warm0,110,1,7.3818,2.953,1.871,4.824,castle,the-vicomte-de-bragelonne,1,,server-1,1,0,1,1.152,1.274,1.640
least-connections-cache-on-warm0,110,1,7.3909,3.670,41.147,44.817,money,the-mysterious-island,1,,server-2,0,1,1,0.690,1.274,1.640
least-connections-cache-on-warm0,110,1,7.4000,1.669,0.706,2.376,heart,agnes-grey,1,,server-1,1,1,1,0.690,0.852,1.640
least-connections-cache-on-warm0,110,1,7.4091,0.935,13.807,14.742,sea,beyond-good-and-evil,1,,server-3,0,1,1,0.354,0.852,6.025
least-connections-cache-on-warm0,110,1,7.4182,1.647,23.835,25.482,he,pride-and-prejudice,1,,server-1,1,1,1,0.354,0.852,3.141
least-connections-cache-on-warm0,110,1,7.4273,1.905,23.620,25.525,whale,a-tale-of-two-cities,1,,server-3,1,1,1,0.282,0.852,3.953
least-connections-cache-on-warm0,110,1,7.4364,7.207,1.115,8.323,she,the-iliad-2199,1,,server-1,2,1,1,0.282,7.005,2.106
least-connections-cache-on-warm0,110,1,7.4455,1.394,17.256,18.650,you,the-memoirs-of-sherlock-holmes,1,,server-2,0,1,1,2.400,7.005,2.106
least-connections-cache-on-warm0,110,1,7.4545,1.178,32.461,33.639,was,jane-eyre-an-autobiography,1,,server-3,0,1,1,2.400,3.686,5.076
least-connections-cache-on-warm0,110,1,7.4636,1.370,28.572,29.942,of,a-tale-of-two-cities,1,,server-1,1,1,1,2.400,3.686,2.661
least-connections-cache-on-warm0,110,1,7.4727,1.441,13.600,15.042,castle,frankenstein-or-the-modern-prometheus,1,,server-2,1,1,1,1.296,5.095,2.661
least-connections-cache-on-warm0,110,1,7.4818,6.610,33.065,39.675,he,the-vicomte-de-bragelonne,1,,server-3,1,1,2,1.296,2.680,2.661
least-connections-cache-on-warm0,110,1,7.4909,1.539,28.824,30.364,heart,the-innocents-abroad,1,,server-2,1,1,1,1.296,3.845,4.667
least-connections-cache-on-warm0,110,1,7.5000,1.442,13.178,14.620,was,the-war-of-the-worlds,1,,server-1,1,1,1,5.356,2.033,4.667
least-connections-cache-on-warm0,110,1,7.5091,12.489,15.258,27.748,letter,persuasion,1,,server-2,1,2,1,2.832,2.033,4.667
least-connections-cache-on-warm0,110,1,7.5182,1.352,0.878,2.230,sea,the-warden,1,,server-1,1,2,1,3.893,2.033,4.667
least-connections-cache-on-warm0,110,1,7.5273,1.228,29.561,30.789,horse,mary-barton,1,,server-3,0,1,1,1.438,4.215,8.262
least-connections-cache-on-warm0,110,1,7.5364,1.483,29.216,30.699,house,the-last-of-the-mohicans-a-narrative-of-1757,1,,server-1,1,1,1,1.438,6.341,4.306
least-connections-cache-on-warm0,110,1,7.5455,1.378,27.494,28.872,was,the-romance-of-lust-a-classic-victorian-erotic-novel,1,,server-2,1,1,1,0.812,5.082,4.306
least-connections-cache-on-warm0,110,1,7.5545,4.195,0.691,4.886,house,life-on-the-mississippi,1,,server-3,1,1,2,0.812,2.686,4.306
least-connections-cache-on-warm0,110,1,7.5636,1.427,1.016,2.442,of,the-vicomte-de-bragelonne,1,,server-3,1,1,1,0.812,2.686,2.684
least-connections-cache-on-warm0,110,1,7.5727,1.141,23.911,25.052,london,leaves-of-grass,1,,server-1,1,1,0,5.169,2.686,0.969
least-connections-cache-on-warm0,110,1,7.5818,1.287,19.904,21.192,of,the-return-of-sherlock-holmes,1,,server-2,1,1,0,2.713,6.074,0.969
least-connections-cache-on-warm0,110,1,7.5909,1.075,0.620,1.695,he,the-return-of-sherlock-holmes,1,,server-3,1,1,1,2.713,3.199,0.969
least-connections-cache-on-warm0,110,1,7.6000,0.995,0.538,1.533,she,the-american,1,,server-1,1,1,0,5.523,3.199,0.430
least-connections-cache-on-warm0,110,1,7.6091,1.076,10.883,11.958,london,the-hound-of-the-baskervilles-3070,1,,server-2,0,1,0,1.901,5.208,0.430
least-connections-cache-on-warm0,110,1,7.6182,1.308,21.058,22.366,death,kidnapped,1,,server-3,0,1,1,1.901,2.742,0.430
least-connections-cache-on-warm0,110,1,7.6273,1.930,24.777,26.707,king,walden-and-on-the-duty-of-civil-disobedience,1,,server-1,1,0,1,1.901,3.454,0.299
least-connections-cache-on-warm0,110,1,7.6364,1.335,16.054,17.390,house,the-picture-of-dorian-gray,1,,server-2,1,1,1,1.092,3.454,0.299
least-connections-cache-on-warm0,110,1,7.6455,1.648,13.196,14.845,night,frankenstein-or-the-modern-prometheus-41445,1,,server-3,1,1,1,1.092,1.840,3.547
least-connections-cache-on-warm0,110,1,7.6545,1.067,0.578,1.645,london,the-hound-of-the-baskervilles-3070,1,,server-1,1,0,1,4.571,3.687,1.926
least-connections-cache-on-warm0,110,1,7.6636,1.314,37.391,38.704,london,the-tenant-of-wildfell-hall,1,,server-2,0,1,0,1.600,3.687,3.305
least-connections-cache-on-warm0,110,1,7.6727,2.787,17.528,20.315,letter,meditations,1,,server-3,0,1,1,1.600,1.955,3.305
least-connections-cache-on-warm0,110,1,7.6818,2.035,19.676,21.711,house,a-connecticut-yankee-in-king-arthur-s-court,1,,server-1,1,1,1,1.600,1.955,1.862
least-connections-cache-on-warm0,110,1,7.6909,11.632,15.077,26.709,she,the-picture-of-dorian-gray,1,,server-2,1,2,1,0.929,1.955,1.862
least-connections-cache-on-warm0,110,1,7.7000,2.006,27.583,29.589,horse,wuthering-heights,1,,server-3,1,2,1,0.929,1.955,3.895
least-connections-cache-on-warm0,110,1,7.7091,1.185,16.056,17.242,money,the-picture-of-dorian-gray,1,,server-1,1,1,1,3.706,4.736,2.071
least-connections-cache-on-warm0,110,1,7.7182,1.124,18.060,19.184,castle,walden-and-on-the-duty-of-civil-disobedience,1,,server-2,1,2,1,1.958,5.407,2.071
least-connections-cache-on-warm0,110,1,7.7273,1.531,0.770,2.300,king,frankenstein-or-the-modern-prometheus,1,,server-1,1,1,1,3.826,2.840,2.071
least-connections-cache-on-warm0,110,1,7.7364,1.417,0.806,2.223,love,life-on-the-mississippi,1,,server-3,0,1,1,1.365,2.840,5.701
least-connections-cache-on-warm0,110,1,7.7455,2.064,29.088,31.152,death,the-warden,1,,server-1,1,0,0,1.365,4.670,2.006
least-connections-cache-on-warm0,110,1,7.7545,4.437,2.516,6.953,money,desperate-remedies,1,,server-2,1,1,0,0.848,4.670,2.006
least-connections-cache-on-warm0,110,1,7.7636,3.069,27.799,30.868,money,wuthering-heights,1,,server-3,1,0,1,0.848,1.934,2.006
least-connections-cache-on-warm0,110,1,7.7727,1.190,20.936,22.126,whale,sense-and-sensibility,1,,server-2,1,1,1,0.848,1.934,1.190
least-connections-cache-on-warm0,110,1,7.7818,1.070,21.633,22.703,you,the-house-of-mirth,1,,server-1,1,1,1,5.095,1.057,1.190
least-connections-cache-on-warm0,110,1,7.7909,4.699,0.587,5.286,letter,great-expectations,1,,server-2,1,2,1,2.666,1.057,1.190
least-connections-cache-on-warm0,110,1,7.8000,1.935,0.740,2.675,night,frankenstein-or-the-modern-prometheus,1,,server-3,1,0,1,2.666,1.674,5.071
least-connections-cache-on-warm0,110,1,7.8091,1.529,19.654,21.183,letter,northanger-abbey,1,,server-1,1,0,0,5.097,1.674,1.823
least-connections-cache-on-warm0,110,1,7.8182,1.682,35.890,37.572,money,the-jungle,1,,server-2,1,1,0,2.681,1.674,1.823
least-connections-cache-on-warm0,110,1,7.8273,1.841,1.130,2.971,horse,the-scarlet-letter,1,,server-3,1,1,1,2.681,0.947,1.823
least-connections-cache-on-warm0,110,1,7.8364,1.544,28.085,29.629,money,pride-and-prejudice,1,,server-1,1,1,0,4.814,0.947,0.761
least-connections-cache-on-warm0,110,1,7.8455,2.045,0.990,3.035,whale,emma,1,,server-3,1,1,1,2.531,0.947,0.761
least-connections-cache-on-warm0,110,1,7.8545,1.175,16.606,17.781,king,twenty-thousand-leagues-under-the-sea,1,,server-3,1,1,1,2.531,0.947,0.398
least-connections-cache-on-warm0,110,1,7.8636,1.743,0.711,2.455,letter,sense-and-sensibility,1,,server-2,1,1,1,2.531,6.284,0.257
least-connections-cache-on-warm0,110,1,7.8727,1.144,27.450,28.594,whale,the-song-of-the-lark,1,,server-3,0,0,1,6.053,2.161,2.789
least-connections-cache-on-warm0,110,1,7.8818,1.578,13.868,15.446,money,the-lost-world,1,,server-1,1,0,1,6.053,2.161,1.484
least-connections-cache-on-warm0,110,1,7.8909,1.079,0.582,1.661,she,washington-square,1,,server-2,1,1,1,3.214,2.161,1.484
least-connections-cache-on-warm0,110,1,7.9000,1.510,16.762,18.271,love,the-warden,1,,server-1,1,0,1,4.248,0.814,1.484
least-connections-cache-on-warm0,110,1,7.9091,1.016,20.468,21.484,king,the-picture-of-dorian-gray,1,,server-2,1,1,0,2.292,0.814,5.297
least-connections-cache-on-warm0,110,1,7.9182,1.552,32.758,34.310,sea,adventures-of-huckleberry-finn,1,,server-3,1,1,1,4.090,0.476,5.297
least-connections-cache-on-warm0,110,1,7.9273,1.213,0.534,1.747,sea,the-odyssey,1,,server-1,1,1,1,4.090,0.476,2.805
least-connections-cache-on-warm0,110,1,7.9364,2.714,22.044,24.757,and,the-adventures-of-tom-sawyer-complete,1,,server-2,0,1,1,1.442,3.541,2.805
least-connections-cache-on-warm0,110,1,7.9455,2.635,19.038,21.673,house,the-first-men-in-the-moon,1,,server-1,1,1,1,1.442,2.015,2.805
least-connections-cache-on-warm0,110,1,7.9545,1.329,0.799,2.128,you,madame-bovary,1,,server-3,1,1,1,0.843,2.015,6.966
least-connections-cache-on-warm0,110,1,7.9636,1.473,0.768,2.241,night,beyond-good-and-evil,1,,server-2,1,1,0,0.843,4.659,2.407
least-connections-cache-on-warm0,110,1,7.9727,2.896,1.898,4.794,heart,the-works-of-edgar-allan-poe-volume-2,1,,server-3,0,0,1,3.487,1.673,2.407
least-connections-cache-on-warm0,110,1,7.9818,4.269,40.462,44.731,was,the-house-of-the-seven-gables,1,,server-1,1,0,0,3.487,1.673,1.073
least-connections-cache-on-warm0,110,1,7.9909,5.686,2.762,8.448,she,leaves-of-grass,1,,server-2,1,1,0,2.065,1.673,1.073
least-connections-cache-on-warm0,110,1,8.0000,4.682,2.701,7.383,whale,the-jungle,1,,server-3,1,0,1,2.065,0.983,1.073
least-connections-cache-on-warm0,110,1,8.0091,2.822,1.459,4.281,castle,tess-of-the-d-urbervilles-a-pure-woman,1,,server-2,1,1,0,2.065,0.983,0.773
least-connections-cache-on-warm0,110,1,8.0182,1.168,0.637,1.805,house,his-last-bow,1,,server-3,1,0,1,2.065,0.558,0.773
least-connections-cache-on-warm0,110,1,8.0273,0.928,16.566,17.493,heart,a-princess-of-mars,1,,server-1,1,0,0,7.645,0.558,0.367
least-connections-cache-on-warm0,110,1,8.0364,1.139,14.249,15.388,heart,the-prince,1,,server-2,1,1,0,3.973,0.558,0.367
least-connections-cache-on-warm0,110,1,8.0455,1.384,0.943,2.327,and,the-romance-of-lust-a-classic-victorian-erotic-novel,1,,server-3,0,1,1,5.171,0.352,0.367
least-connections-cache-on-warm0,110,1,8.0545,2.407,1.717,4.124,castle,little-women,1,,server-1,1,0,0,5.171,2.467,0.273
least-connections-cache-on-warm0,110,1,8.0636,3.885,38.285,42.170,castle,the-works-of-edgar-allan-poe-volume-2,1,,server-2,0,1,0,1.953,2.467,0.273
least-connections-cache-on-warm0,110,1,8.0727,4.795,29.838,34.633,was,the-scarlet-letter-33,1,,server-3,0,1,1,1.953,1.489,0.273
least-connections-cache-on-warm0,110,1,8.0818,4.873,20.047,24.920,you,silas-marner,1,,server-1,1,1,1,1.953,1.489,0.447
least-connections-cache-on-warm0,110,1,8.0909,15.311,0.981,16.292,whale,the-lost-world,1,,server-2,1,2,1,1.279,1.489,0.447
least-connections-cache-on-warm0,110,1,8.1000,8.316,0.472,8.788,house,the-prince,1,,server-3,1,2,2,1.279,1.489,0.447
least-connections-cache-on-warm0,110,1,8.1091,1.660,37.941,39.601,of,the-innocents-abroad,1,,server-1,1,0,0,3.868,3.235,2.137
least-connections-cache-on-warm0,110,1,8.1182,1.492,15.886,17.378,whale,the-secret-adversary,1,,server-2,1,1,0,2.047,3.235,2.137
least-connections-cache-on-warm0,110,1,8.1273,1.690,23.802,25.493,the,the-house-of-the-seven-gables,1,,server-3,1,1,1,2.047,1.736,2.137
least-connections-cache-on-warm0,110,1,8.1364,1.196,23.546,24.742,of,desperate-remedies,1,,server-2,1,1,1,2.047,3.608,1.176
least-connections-cache-on-warm0,110,1,8.1455,8.055,0.748,8.803,house,frankenstein-or-the-modern-prometheus,1,,server-3,1,1,2,2.047,1.915,1.176
least-connections-cache-on-warm0,110,1,8.1545,2.065,25.478,27.543,was,pride-and-prejudice,1,,server-1,1,1,0,7.288,1.915,2.008
least-connections-cache-on-warm0,110,1,8.1636,1.276,15.015,16.291,house,memoirs-of-fanny-hill,1,,server-2,1,1,0,3.807,4.947,2.008
least-connections-cache-on-warm0,110,1,8.1727,1.157,0.617,1.774,and,the-house-of-the-seven-gables,1,,server-3,1,1,1,3.807,2.604,2.008
least-connections-cache-on-warm0,110,1,8.1818,1.073,26.774,27.847,castle,the-romance-of-lust-a-classic-victorian-erotic-novel,1,,server-2,1,1,0,8.067,4.026,0.769
least-connections-cache-on-warm0,110,1,8.1909,1.200,15.867,17.067,horse,white-fang,1,,server-3,0,1,1,6.464,2.114,0.769
least-connections-cache-on-warm0,110,1,8.2000,1.309,0.609,1.918,castle,autobiography-of-benjamin-franklin,1,,server-1,1,1,1,6.464,2.114,0.463
least-connections-cache-on-warm0,110,1,8.2091,1.062,0.464,1.526,money,wuthering-heights,1,,server-3,0,1,1,2.225,2.114,2.780
least-connections-cache-on-warm0,110,1,8.2182,0.988,0.576,1.564,letter,the-iliad-2199,1,,server-1,1,0,0,2.225,5.620,1.003
least-connections-cache-on-warm0,110,1,8.2273,1.303,0.770,2.073,sea,meditations,1,,server-2,0,1,0,0.826,5.620,1.003
least-connections-cache-on-warm0,110,1,8.2364,2.769,28.735,31.504,night,treasure-island,1,,server-3,0,0,1,0.826,1.973,1.003
least-connections-cache-on-warm0,110,1,8.2455,4.585,2.965,7.550,the,far-from-the-madding-crowd,1,,server-1,1,0,1,0.826,1.973,0.643
least-connections-cache-on-warm0,110,1,8.2545,3.329,18.285,21.614,death,cranford,1,,server-2,0,1,1,0.740,1.973,0.643
least-connections-cache-on-warm0,110,1,8.2636,1.337,0.673,2.010,you,the-house-of-mirth,1,,server-1,1,1,1,0.740,1.214,0.643
least-connections-cache-on-warm0,110,1,8.2727,1.518,28.528,30.045,he,the-secret-garden-17396,1,,server-3,0,1,1,0.350,1.214,4.907
least-connections-cache-on-warm0,110,1,8.2818,4.485,2.445,6.930,london,the-warden,1,,server-1,1,0,1,0.350,3.582,2.604
least-connections-cache-on-warm0,110,1,8.2909,2.583,14.056,16.638,horse,around-the-world-in-eighty-days,1,,server-2,0,1,1,0.446,3.582,2.604
least-connections-cache-on-warm0,110,1,8.3000,1.031,30.501,31.532,king,far-from-the-madding-crowd,1,,server-1,1,1,1,0.446,2.003,2.604
least-connections-cache-on-warm0,110,1,8.3091,1.154,0.885,2.039,house,white-fang,1,,server-2,1,1,0,0.285,3.461,6.190
least-connections-cache-on-warm0,110,1,8.3182,2.035,17.324,19.358,death,autobiography-of-benjamin-franklin,1,,server-3,1,0,1,0.285,1.257,6.190
least-connections-cache-on-warm0,110,1,8.3273,1.065,0.549,1.613,she,the-secret-adversary,1,,server-2,1,1,1,0.285,1.257,3.288
least-connections-cache-on-warm0,110,1,8.3364,1.358,0.914,2.273,heart,the-innocents-abroad,1,,server-1,1,0,1,5.029,0.515,3.288
least-connections-cache-on-warm0,110,1,8.3455,1.813,43.461,45.273,sea,anne-of-green-gables,1,,server-2,0,1,0,1.812,0.515,4.821
least-connections-cache-on-warm0,110,1,8.3545,4.108,28.344,32.452,castle,silas-marner,1,,server-3,0,1,1,1.812,0.377,4.821
least-connections-cache-on-warm0,110,1,8.3636,2.399,29.469,31.868,was,autobiography-of-benjamin-franklin,1,,server-1,1,1,1,1.812,0.377,2.718
least-connections-cache-on-warm0,110,1,8.3727,17.928,1.016,18.944,house,myths-and-legends-of-ancient-greece-and-rome,1,,server-2,1,2,1,1.074,0.377,2.718
least-connections-cache-on-warm0,110,1,8.3818,5.529,0.645,6.174,you,the-adventures-of-sherlock-holmes,1,,server-3,1,2,2,1.074,0.377,2.718
least-connections-cache-on-warm0,110,1,8.3909,1.267,24.647,25.914,he,desperate-remedies,1,,server-3,1,2,1,1.074,7.330,2.354
least-connections-cache-on-warm0,110,1,8.4000,1.062,0.601,1.664,castle,walden-and-on-the-duty-of-civil-disobedience,1,,server-1,1,0,1,5.304,3.862,1.251
least-connections-cache-on-warm0,110,1,8.4091,1.455,0.796,2.252,love,great-expectations,1,,server-2,0,1,1,1.844,3.862,1.251
least-connections-cache-on-warm0,110,1,8.4182,0.957,30.517,31.474,and,twenty-thousand-leagues-under-the-sea,1,,server-3,0,0,1,1.844,1.405,4.708
least-connections-cache-on-warm0,110,1,8.4273,1.663,0.924,2.587,whale,the-war-of-the-worlds,1,,server-1,1,0,1,1.844,1.405,2.470
least-connections-cache-on-warm0,110,1,8.4364,2.585,26.978,29.563,of,the-works-of-edgar-allan-poe-volume-2,1,,server-2,0,1,1,0.756,1.405,2.470
least-connections-cache-on-warm0,110,1,8.4455,1.498,16.002,17.500,london,agnes-grey,1,,server-1,1,1,1,0.756,0.903,2.470
least-connections-cache-on-warm0,110,1,8.4545,1.137,0.739,1.876,he,frankenstein-or-the-modern-prometheus,1,,server-3,1,1,1,0.459,0.903,6.441
least-connections-cache-on-warm0,110,1,8.4636,0.978,24.352,25.330,you,the-return-of-sherlock-holmes-108,1,,server-1,1,1,0,2.805,0.903,2.204
least-connections-cache-on-warm0,110,1,8.4727,2.443,31.672,34.115,she,dracula,1,,server-2,1,1,0,1.491,4.814,2.204
least-connections-cache-on-warm0,110,1,8.4818,1.283,0.665,1.948,of,the-warden,1,,server-3,1,1,1,1.491,2.610,2.204
least-connections-cache-on-warm0,110,1,8.4909,1.390,33.034,34.424,night,the-innocents-abroad,1,,server-1,1,1,0,4.835,2.610,0.841
least-connections-cache-on-warm0,110,1,8.5000,1.510,16.959,18.469,house,northanger-abbey,1,,server-3,1,1,1,2.565,2.610,0.841
least-connections-cache-on-warm0,110,1,8.5091,1.455,19.025,20.479,she,desert-gold,1,,server-2,1,1,1,2.565,6.635,0.527
least-connections-cache-on-warm0,110,1,8.5182,2.058,1.390,3.447,and,the-secret-adversary,1,,server-3,1,1,2,2.565,3.499,2.972
least-connections-cache-on-warm0,110,1,8.5273,1.226,17.215,18.442,house,a-journey-to-the-centre-of-the-earth,1,,server-1,1,1,0,6.886,3.499,1.177
least-connections-cache-on-warm0,110,1,8.5364,1.429,0.667,2.096,was,the-secret-garden-17396,1,,server-2,1,1,0,3.598,5.244,1.177
least-connections-cache-on-warm0,110,1,8.5455,1.527,35.183,36.709,she,adventures-of-huckleberry-finn,1,,server-3,1,0,1,6.240,1.823,1.177
least-connections-cache-on-warm0,110,1,8.5545,2.690,15.498,18.187,money,the-adventures-of-tom-sawyer-complete,1,,server-1,1,0,1,5.025,1.823,0.706
least-connections-cache-on-warm0,110,1,8.5636,2.076,24.267,26.343,he,the-works-of-edgar-allan-poe-volume-2,1,,server-2,1,1,1,2.706,1.823,0.706
least-connections-cache-on-warm0,110,1,8.5727,9.815,19.592,29.408,money,the-works-of-edgar-allan-poe-volume-2,1,,server-3,1,1,2,4.143,1.014,0.706
least-connections-cache-on-warm0,110,1,8.5818,1.360,0.549,1.909,king,the-american,1,,server-1,1,1,2,4.143,1.014,2.211
least-connections-cache-on-warm0,110,1,8.5909,1.155,33.314,34.469,the,villette,1,,server-2,0,1,1,1.459,4.480,4.586
least-connections-cache-on-warm0,110,1,8.6000,1.297,15.592,16.889,you,the-warden,1,,server-1,1,1,1,1.459,2.349,4.586
least-connections-cache-on-warm0,110,1,8.6091,1.535,28.961,30.496,whale,jane-eyre-an-autobiography,1,,server-3,1,1,1,0.833,2.349,6.013
least-connections-cache-on-warm0,110,1,8.6182,1.671,0.904,2.575,house,the-kama-sutra-of-vatsyayana,1,,server-1,1,1,1,2.974,2.349,3.154
least-connections-cache-on-warm0,110,1,8.6273,1.215,0.566,1.782,sea,kidnapped,1,,server-2,0,1,1,1.077,6.788,3.154
least-connections-cache-on-warm0,110,1,8.6364,1.425,16.467,17.892,letter,the-mystery-of-edwin-drood,1,,server-1,1,0,1,1.077,2.326,3.154
least-connections-cache-on-warm0,110,1,8.6455,1.088,12.974,14.062,king,the-first-men-in-the-moon,1,,server-2,1,1,0,0.630,2.326,6.625
least-connections-cache-on-warm0,110,1,8.6545,1.338,28.667,30.005,and,jude-the-obscure,1,,server-3,0,1,1,2.985,1.271,6.625
least-connections-cache-on-warm0,110,1,8.6636,1.395,26.808,28.202,horse,the-last-of-the-mohicans-a-narrative-of-1757,1,,server-1,1,0,1,2.985,2.836,3.460
least-connections-cache-on-warm0,110,1,8.6727,1.274,0.979,2.253,of,twenty-thousand-leagues-under-the-sea,1,,server-2,1,1,1,1.620,2.836,3.460
least-connections-cache-on-warm0,110,1,8.6818,1.691,0.702,2.392,was,the-kama-sutra-of-vatsyayana,1,,server-2,1,1,1,1.620,1.110,3.460
least-connections-cache-on-warm0,110,1,8.6909,1.141,0.498,1.639,horse,pride-and-prejudice,1,,server-3,1,0,1,1.620,0.460,6.759
least-connections-cache-on-warm0,110,1,8.7000,1.174,24.077,25.252,and,life-on-the-mississippi,1,,server-1,1,0,0,5.293,0.460,2.315
least-connections-cache-on-warm0,110,1,8.7091,1.068,13.478,14.546,night,the-scarlet-letter,1,,server-2,1,1,0,2.793,0.460,2.315
least-connections-cache-on-warm0,110,1,8.7182,1.237,14.404,15.641,heart,autobiography-of-benjamin-franklin,1,,server-3,1,1,1,2.793,0.299,2.315
least-connections-cache-on-warm0,110,1,8.7273,1.201,19.734,20.934,letter,twenty-thousand-leagues-under-the-sea,1,,server-1,1,0,1,5.601,2.279,1.270
least-connections-cache-on-warm0,110,1,8.7364,1.378,23.014,24.392,she,the-house-of-mirth,1,,server-2,1,1,0,2.941,2.279,3.111
least-connections-cache-on-warm0,110,1,8.7455,1.448,32.285,33.733,of,the-mysterious-island,1,,server-3,1,1,1,2.941,1.247,3.111
least-connections-cache-on-warm0,110,1,8.7545,1.884,19.921,21.805,you,the-house-of-the-seven-gables,1,,server-1,1,1,1,5.024,1.247,1.717
least-connections-cache-on-warm0,110,1,8.7636,1.455,0.892,2.347,love,the-mysterious-island,1,,server-2,1,1,1,2.672,4.403,1.717
least-connections-cache-on-warm0,110,1,8.7727,1.244,14.055,15.298,death,the-scarlet-letter-33,1,,server-2,1,1,1,2.672,1.578,1.717
least-connections-cache-on-warm0,110,1,8.7818,1.384,26.248,27.633,horse,madame-bovary,1,,server-3,0,1,1,4.814,0.854,6.150
least-connections-cache-on-warm0,110,1,8.7909,1.326,15.829,17.156,of,northanger-abbey,1,,server-1,1,0,1,4.814,2.759,3.241
least-connections-cache-on-warm0,110,1,8.8000,1.554,18.120,19.674,you,thus-spake-zarathustra-a-book-for-all-and-none,1,,server-2,1,1,1,2.550,2.759,3.241
least-connections-cache-on-warm0,110,1,8.8091,1.238,0.650,1.888,sea,kidnapped,1,,server-1,1,1,1,4.099,1.471,7.755
least-connections-cache-on-warm0,110,1,8.8182,1.661,20.511,22.173,letter,the-odyssey,1,,server-3,0,1,1,1.444,1.471,6.248
least-connections-cache-on-warm0,110,1,8.8273,1.323,0.653,1.976,money,the-hound-of-the-baskervilles-3070,1,,server-1,1,0,1,1.444,3.782,3.294
least-connections-cache-on-warm0,110,1,8.8364,1.254,0.575,1.830,king,the-american,1,,server-2,0,1,1,0.576,3.782,3.294
least-connections-cache-on-warm0,110,1,8.8455,1.238,0.576,1.815,whale,the-innocents-abroad,1,,server-3,0,0,1,0.576,1.333,5.319
least-connections-cache-on-warm0,110,1,8.8545,1.422,0.844,2.266,night,autobiography-of-benjamin-franklin,1,,server-1,1,0,0,0.576,1.333,1.839
least-connections-cache-on-warm0,110,1,8.8636,4.201,46.093,50.294,he,the-last-of-the-mohicans-a-narrative-of-1757-27681,1,,server-2,0,1,0,0.323,1.333,1.839
least-connections-cache-on-warm0,110,1,8.8727,4.855,3.005,7.860,and,black-beauty,1,,server-3,0,1,1,0.323,0.820,1.839
least-connections-cache-on-warm0,110,1,8.8818,5.148,36.501,41.649,night,a-tale-of-two-cities,1,,server-1,1,1,0,0.323,0.820,1.047
least-connections-cache-on-warm0,110,1,8.8909,2.816,33.889,36.705,letter,the-moonstone,1,,server-3,1,1,1,0.462,0.820,1.047
least-connections-cache-on-warm0,110,1,8.9000,23.801,10.840,34.641,heart,the-mysterious-affair-at-styles,1,,server-1,2,1,1,0.462,0.820,0.670
least-connections-cache-on-warm0,110,1,8.9091,4.922,1.070,5.991,love,a-tale-of-two-cities,1,,server-2,2,2,1,0.462,0.820,0.670
least-connections-cache-on-warm0,110,1,8.9182,1.589,16.969,18.558,king,the-memoirs-of-sherlock-holmes,1,,server-2,2,1,1,0.462,2.913,0.670
least-connections-cache-on-warm0,110,1,8.9273,1.752,18.603,20.355,horse,the-secret-garden-17396,1,,server-3,1,1,2,5.699,1.547,7.178
least-connections-cache-on-warm0,110,1,8.9364,1.515,18.629,20.144,you,the-adventures-of-tom-sawyer-complete,1,,server-1,1,1,1,5.307,4.536,3.076
least-connections-cache-on-warm0,110,1,8.9455,1.655,21.841,23.495,death,dubliners,1,,server-2,1,1,1,2.769,3.644,3.076
least-connections-cache-on-warm0,110,1,8.9545,3.201,19.441,22.641,horse,dubliners,1,,server-3,1,1,1,2.769,1.947,4.898
least-connections-cache-on-warm0,110,1,8.9636,2.950,1.483,4.433,king,the-mystery-of-edwin-drood,1,,server-1,1,1,1,4.677,1.947,2.655
least-connections-cache-on-warm0,110,1,8.9727,1.744,13.686,15.430,king,herland,1,,server-2,0,1,1,1.775,4.677,2.655
least-connections-cache-on-warm0,110,1,8.9818,1.248,38.341,39.589,and,the-song-of-the-lark,1,,server-3,0,1,1,1.775,2.495,4.703
least-connections-cache-on-warm0,110,1,8.9909,1.733,0.949,2.681,king,adventures-of-huckleberry-finn,1,,server-1,1,0,1,1.775,3.721,2.484
least-connections-cache-on-warm0,110,1,9.0000,2.517,26.375,28.893,love,tess-of-the-d-urbervilles-a-pure-woman,1,,server-2,0,1,1,0.737,3.721,2.484
least-connections-cache-on-warm0,110,1,9.0091,1.173,21.277,22.450,death,a-tale-of-two-cities,1,,server-1,1,1,1,0.737,2.041,2.484
least-connections-cache-on-warm0,110,1,9.0182,10.493,24.048,34.541,sea,the-jungle,1,,server-2,1,2,1,0.428,2.041,2.484
least-connections-cache-on-warm0,110,1,9.0273,1.473,15.027,16.500,love,dubliners,1,,server-3,1,2,1,0.428,2.041,7.646
least-connections-cache-on-warm0,110,1,9.0364,1.599,18.645,20.245,night,grimms-fairy-tales,1,,server-1,1,1,1,3.646,4.048,3.985
least-connections-cache-on-warm0,110,1,9.0455,1.360,0.662,2.021,horse,grimms-fairy-tales,1,,server-3,1,1,1,1.924,4.048,4.912
least-connections-cache-on-warm0,110,1,9.0545,1.120,0.518,1.639,money,emma,1,,server-2,1,1,0,1.924,6.388,1.735
least-connections-cache-on-warm0,110,1,9.0636,1.273,43.732,45.005,heart,little-women,1,,server-3,0,0,1,4.195,2.192,1.735
least-connections-cache-on-warm0,110,1,9.0727,3.729,2.303,6.033,was,the-adventures-of-ferdinand-count-fathom-complete,1,,server-1,1,0,1,4.195,2.192,0.974
least-connections-cache-on-warm0,110,1,9.0818,3.146,21.679,24.825,night,sense-and-sensibility,1,,server-2,0,1,1,1.714,2.192,0.974
least-connections-cache-on-warm0,110,1,9.0909,1.295,0.790,2.085,house,the-wind-in-the-willows,1,,server-1,1,1,1,1.714,1.258,0.974
least-connections-cache-on-warm0,110,1,9.1000,1.551,12.762,14.313,love,the-picture-of-dorian-gray,1,,server-1,1,1,1,0.679,1.258,0.974
least-connections-cache-on-warm0,110,1,9.1091,1.283,15.492,16.775,heart,kidnapped,1,,server-2,1,1,0,0.416,4.192,7.590
least-connections-cache-on-warm0,110,1,9.1182,1.487,21.278,22.765,the,twenty-thousand-leagues-under-the-sea,1,,server-3,0,1,1,2.188,2.213,7.590
least-connections-cache-on-warm0,110,1,9.1273,1.459,0.709,2.167,horse,wuthering-heights,1,,server-1,1,0,1,2.188,3.866,3.977
least-connections-cache-on-warm0,110,1,9.1364,1.278,22.677,23.955,of,grimms-fairy-tales,1,,server-2,0,1,1,0.847,3.866,3.977
least-connections-cache-on-warm0,110,1,9.1455,2.324,0.990,3.314,heart,his-last-bow,1,,server-3,0,1,1,0.847,2.057,5.909
least-connections-cache-on-warm0,110,1,9.1545,1.094,0.585,1.679,king,cranford,1,,server-1,1,1,0,0.847,2.057,2.098
least-connections-cache-on-warm0,110,1,9.1636,1.294,15.402,16.696,of,the-jungle-book,1,,server-2,0,1,0,0.376,4.894,2.098
least-connections-cache-on-warm0,110,1,9.1727,2.782,1.545,4.327,of,pride-and-prejudice,1,,server-3,0,1,1,0.376,2.594,2.098
least-connections-cache-on-warm0,110,1,9.1818,1.698,33.584,35.281,whale,frankenstein-or-the-modern-prometheus-41445,1,,server-1,1,0,0,0.376,4.068,0.947
least-connections-cache-on-warm0,110,1,9.1909,2.877,40.128,43.005,castle,the-tenant-of-wildfell-hall,1,,server-2,1,1,0,0.303,4.068,0.947
least-connections-cache-on-warm0,110,1,9.2000,4.547,22.692,27.239,sea,thus-spake-zarathustra-a-book-for-all-and-none,1,,server-3,1,1,1,0.303,2.252,0.947
least-connections-cache-on-warm0,110,1,9.2091,8.178,10.341,18.519,love,his-last-bow,1,,server-1,2,1,1,0.303,2.252,0.753
least-connections-cache-on-warm0,110,1,9.2182,15.981,13.497,29.478,castle,the-picture-of-dorian-gray,1,,server-2,1,2,1,4.055,2.252,0.753
least-connections-cache-on-warm0,110,1,9.2273,1.261,29.947,31.208,was,the-iliad,1,,server-3,1,2,2,5.257,2.252,4.961
least-connections-cache-on-warm0,110,1,9.2364,1.340,0.742,2.082,and,the-iliad,1,,server-1,1,1,1,4.227,5.513,2.148
least-connections-cache-on-warm0,110,1,9.2455,1.201,0.653,1.853,night,adventures-of-huckleberry-finn,1,,server-1,1,1,1,1.500,5.513,2.148
least-connections-cache-on-warm0,110,1,9.2545,1.365,0.804,2.168,you,jude-the-obscure,1,,server-2,0,1,1,0.592,5.605,2.148
least-connections-cache-on-warm0,110,1,9.2636,1.174,0.880,2.054,heart,north-and-south,1,,server-3,0,0,1,0.592,1.992,6.101
least-connections-cache-on-warm0,110,1,9.2727,2.533,1.720,4.254,london,meditations,1,,server-1,1,0,0,0.592,1.992,2.140
least-connections-cache-on-warm0,110,1,9.2818,4.352,2.829,7.181,money,the-adventures-of-tom-sawyer-complete,1,,server-2,0,1,0,0.490,1.992,2.140
least-connections-cache-on-warm0,110,1,9.2909,4.097,40.323,44.420,the,frankenstein-or-the-modern-prometheus,1,,server-3,0,0,1,0.490,1.126,2.140
least-connections-cache-on-warm0,110,1,9.3000,5.651,3.124,8.775,she,frankenstein-or-the-modern-prometheus,1,,server-1,1,0,1,0.490,1.126,1.394
least-connections-cache-on-warm0,110,1,9.3091,5.709,2.697,8.406,of,far-from-the-madding-crowd,1,,server-2,1,1,1,0.637,1.126,1.394
least-connections-cache-on-warm0,110,1,9.3182,4.284,35.567,39.851,sea,the-moonstone,1,,server-1,1,1,1,0.637,0.801,1.394
least-connections-cache-on-warm0,110,1,9.3273,1.998,0.941,2.938,house,frankenstein-or-the-modern-prometheus,1,,server-2,1,1,1,0.478,0.801,1.394
least-connections-cache-on-warm0,110,1,9.3364,1.375,19.057,20.431,he,the-divine-comedy,1,,server-3,1,0,1,0.478,0.403,7.142
least-connections-cache-on-warm0,110,1,9.3455,1.466,13.629,15.095,was,the-hound-of-the-baskervilles,1,,server-2,1,1,1,0.478,0.403,3.724
least-connections-cache-on-warm0,110,1,9.3545,2.428,0.790,3.218,the,the-divine-comedy,1,,server-3,1,1,2,0.478,0.279,3.724
least-connections-cache-on-warm0,110,1,9.3636,1.256,0.567,1.823,was,a-connecticut-yankee-in-king-arthur-s-court,1,,server-1,1,0,0,5.856,2.339,2.199
least-connections-cache-on-warm0,110,1,9.3727,1.822,1.214,3.037,night,the-portrait-of-a-lady-volume-1,1,,server-2,0,1,0,2.004,2.339,2.199
least-connections-cache-on-warm0,110,1,9.3818,4.072,2.676,6.748,sea,the-mysterious-island,1,,server-3,0,0,1,2.004,0.961,2.199
least-connections-cache-on-warm0,110,1,9.3909,4.835,41.854,46.689,and,the-war-of-the-worlds,1,,server-1,1,0,0,2.004,0.961,1.127
least-connections-cache-on-warm0,110,1,9.4000,4.815,35.589,40.404,you,the-war-of-the-worlds,1,,server-2,1,1,0,1.356,0.961,1.127
least-connections-cache-on-warm0,110,1,9.4091,4.507,30.788,35.295,whale,the-warden,1,,server-3,1,1,1,1.356,0.772,1.127
least-connections-cache-on-warm0,110,1,9.4182,20.166,1.092,21.257,london,the-return-of-sherlock-holmes-108,1,,server-1,2,1,1,1.356,0.772,0.873
least-connections-cache-on-warm0,110,1,9.4273,13.321,0.937,14.257,sea,life-on-the-mississippi,1,,server-2,2,2,1,1.356,0.772,0.873
least-connections-cache-on-warm0,110,1,9.4364,8.709,11.049,19.757,heart,the-great-gatsby,1,,server-3,2,2,2,1.356,0.772,0.873
least-connections-cache-on-warm0,110,1,9.4455,0.863,15.720,16.583,and,a-journey-to-the-centre-of-the-earth,1,,server-1,1,0,1,3.745,3.087,3.670
least-connections-cache-on-warm0,110,1,9.4545,1.261,25.966,27.227,horse,the-house-of-the-seven-gables,1,,server-2,1,1,1,1.963,3.087,3.670
least-connections-cache-on-warm0,110,1,9.4636,1.014,17.695,18.708,castle,persuasion,1,,server-3,0,1,1,3.717,1.646,4.072
least-connections-cache-on-warm0,110,1,9.4727,1.474,15.944,17.418,heart,the-mystery-of-edwin-drood,1,,server-1,1,1,1,3.717,1.646,2.140
least-connections-cache-on-warm0,110,1,9.4818,1.173,21.670,22.843,he,twenty-thousand-leagues-under-the-sea,1,,server-2,1,2,1,1.986,5.174,5.177
least-connections-cache-on-warm0,110,1,9.4909,1.240,27.811,29.051,and,mansfield-park,1,,server-3,0,1,1,3.785,2.714,4.153
least-connections-cache-on-warm0,110,1,9.5000,1.117,26.955,28.073,heart,the-tenant-of-wildfell-hall,1,,server-1,1,1,1,3.785,2.714,2.194
least-connections-cache-on-warm0,110,1,9.5091,1.374,27.189,28.563,of,the-song-of-the-lark,1,,server-2,1,1,1,2.007,5.181,2.194
least-connections-cache-on-warm0,110,1,9.5182,2.070,12.560,14.630,death,silas-marner,1,,server-3,1,1,2,2.007,2.713,2.194
least-connections-cache-on-warm0,110,1,9.5273,1.303,11.223,12.526,the,the-jungle-book,1,,server-1,2,1,1,2.007,2.713,3.639
least-connections-cache-on-warm0,110,1,9.5364,1.203,16.286,17.488,of,the-secret-garden,1,,server-3,1,1,1,2.930,2.713,4.283
least-connections-cache-on-warm0,110,1,9.5455,1.147,0.716,1.863,money,his-last-bow,1,,server-1,1,0,1,3.625,6.036,2.254
least-connections-cache-on-warm0,110,1,9.5545,1.033,0.692,1.725,love,leaves-of-grass,1,,server-2,0,1,0,1.323,6.036,4.029
least-connections-cache-on-warm0,110,1,9.5636,1.493,31.888,33.381,death,black-beauty,1,,server-3,0,0,1,1.323,2.096,4.029
least-connections-cache-on-warm0,110,1,9.5727,3.464,2.847,6.312,and,herland,1,,server-1,1,0,1,1.323,2.096,2.156
least-connections-cache-on-warm0,110,1,9.5818,4.644,25.413,30.056,the,wuthering-heights,1,,server-2,0,1,1,0.898,2.096,2.156
least-connections-cache-on-warm0,110,1,9.5909,2.335,1.070,3.404,he,autobiography-of-benjamin-franklin,1,,server-1,1,1,1,0.898,1.326,2.156
least-connections-cache-on-warm0,110,1,9.6000,1.105,18.251,19.355,death,frankenstein-or-the-modern-prometheus,1,,server-3,0,1,1,0.487,1.326,6.410
least-connections-cache-on-warm0,110,1,9.6091,1.166,0.673,1.839,castle,the-scarlet-letter-33,1,,server-1,1,1,1,0.487,1.326,3.332
least-connections-cache-on-warm0,110,1,9.6182,1.093,14.506,15.599,the,desert-gold,1,,server-2,0,1,1,0.243,4.745,3.332
least-connections-cache-on-warm0,110,1,9.6273,1.305,13.997,15.302,london,the-secret-garden,1,,server-3,0,1,1,0.243,2.487,5.041
least-connections-cache-on-warm0,110,1,9.6364,1.140,17.009,18.149,london,the-lost-world,1,,server-1,1,0,1,0.243,3.881,2.677
least-connections-cache-on-warm0,110,1,9.6455,1.618,1.005,2.622,love,the-mysterious-affair-at-styles,1,,server-2,1,1,0,0.191,3.881,3.912
least-connections-cache-on-warm0,110,1,9.6545,1.512,37.594,39.106,you,the-works-of-edgar-allan-poe-volume-2,1,,server-3,1,0,1,2.816,1.418,3.912
least-connections-cache-on-warm0,110,1,9.6636,5.739,32.644,38.384,sea,walden-and-on-the-duty-of-civil-disobedience,1,,server-1,1,0,1,2.816,1.418,2.089
least-connections-cache-on-warm0,110,1,9.6727,5.113,22.047,27.160,love,the-secret-adversary,1,,server-2,1,1,1,1.749,1.418,2.089
least-connections-cache-on-warm0,110,1,9.6818,11.791,0.575,12.365,horse,treasure-island,1,,server-3,1,1,2,1.749,0.925,2.089
least-connections-cache-on-warm0,110,1,9.6909,12.125,19.863,31.987,he,the-war-of-the-worlds,1,,server-1,2,1,2,1.749,0.925,2.089
least-connections-cache-on-warm0,110,1,9.7000,1.403,0.748,2.151,of,the-tenant-of-wildfell-hall,1,,server-3,2,1,1,1.749,4.997,3.500
least-connections-cache-on-warm0,110,1,9.7091,1.713,42.434,44.148,house,the-innocents-abroad,1,,server-2,1,1,0,4.352,4.018,1.225
least-connections-cache-on-warm0,110,1,9.7182,2.429,1.212,3.641,love,around-the-world-in-eighty-days,1,,server-3,1,1,1,4.352,2.147,1.225
least-connections-cache-on-warm0,110,1,9.7273,1.993,0.994,2.987,the,a-tale-of-two-cities,1,,server-1,1,1,0,5.911,2.147,0.569
least-connections-cache-on-warm0,110,1,9.7364,0.946,0.430,1.375,of,the-moonstone,1,,server-3,0,1,1,2.108,2.147,0.569
least-connections-cache-on-warm0,110,1,9.7455,0.962,19.664,20.626,death,anne-of-green-gables,1,,server-1,1,1,0,2.108,2.147,0.263
least-connections-cache-on-warm0,110,1,9.7545,1.095,0.532,1.627,of,northanger-abbey,1,,server-2,1,1,0,1.138,8.074,0.263
least-connections-cache-on-warm0,110,1,9.7636,1.018,0.797,1.815,she,agnes-grey,1,,server-3,1,0,1,1.138,2.736,0.263
least-connections-cache-on-warm0,110,1,9.7727,2.148,1.116,3.264,of,grimms-fairy-tales,1,,server-1,1,0,0,3.837,2.736,0.236
least-connections-cache-on-warm0,110,1,9.7818,3.401,2.196,5.597,heart,the-hound-of-the-baskervilles-3070,1,,server-2,0,1,0,1.457,2.736,0.236
least-connections-cache-on-warm0,110,1,9.7909,4.069,41.652,45.720,he,mary-barton,1,,server-3,0,0,1,1.457,1.250,0.236
least-connections-cache-on-warm0,110,1,9.8000,4.423,2.332,6.755,london,meditations,1,,server-1,1,0,1,1.457,1.250,0.332
least-connections-cache-on-warm0,110,1,9.8091,4.780,16.689,21.468,and,autobiography-of-benjamin-franklin,1,,server-2,0,1,1,0.870,1.250,0.332
least-connections-cache-on-warm0,110,1,9.8182,1.596,0.619,2.216,king,the-jungle,1,,server-1,1,1,1,0.870,0.954,0.332
least-connections-cache-on-warm0,110,1,9.8273,1.074,15.902,16.976,he,persuasion,1,,server-1,1,1,1,0.427,0.954,0.332
least-connections-cache-on-warm0,110,1,9.8364,1.200,12.455,13.655,king,the-secret-adversary,1,,server-2,1,1,1,0.275,3.097,8.399
least-connections-cache-on-warm0,110,1,9.8455,1.166,0.703,1.869,house,the-prince,1,,server-3,0,1,1,2.665,1.642,6.730
least-connections-cache-on-warm0,110,1,9.8545,1.212,0.750,1.962,you,the-warden,1,,server-1,1,0,0,2.665,3.008,2.318
least-connections-cache-on-warm0,110,1,9.8636,1.082,27.169,28.251,king,the-portrait-of-a-lady-volume-1,1,,server-2,0,1,0,1.014,3.008,2.318
least-connections-cache-on-warm0,110,1,9.8727,2.169,1.356,3.525,sea,jude-the-obscure,1,,server-3,0,1,1,1.014,1.605,2.318
least-connections-cache-on-warm0,110,1,9.8818,1.340,31.917,33.257,horse,the-iliad,1,,server-1,1,1,0,1.014,1.605,0.985
least-connections-cache-on-warm0,110,1,9.8909,1.152,19.859,21.010,night,anne-of-green-gables,1,,server-3,1,1,1,0.621,1.605,0.985
least-connections-cache-on-warm0,110,1,9.9000,1.175,20.048,21.222,castle,the-divine-comedy,1,,server-2,1,1,1,0.621,5.350,0.572
least-connections-cache-on-warm0,110,1,9.9091,3.055,26.616,29.671,whale,dracula,1,,server-3,1,1,2,0.621,2.793,0.572
least-connections-cache-on-warm0,110,1,9.9182,1.292,28.983,30.275,money,the-moonstone,1,,server-1,1,1,1,5.460,2.793,2.415
least-connections-cache-on-warm0,110,1,9.9273,1.246,0.621,1.868,love,the-picture-of-dorian-gray,1,,server-2,1,1,1,2.901,4.943,2.415
least-connections-cache-on-warm0,110,1,9.9364,0.878,15.177,16.055,love,northanger-abbey,1,,server-2,1,1,1,2.901,1.711,2.415
least-connections-cache-on-warm0,110,1,9.9455,1.165,1.239,2.404,letter,wuthering-heights,1,,server-3,1,1,1,2.901,0.922,5.741
least-connections-cache-on-warm0,110,1,9.9545,1.121,26.547,27.668,castle,the-return-of-sherlock-holmes,1,,server-1,1,0,0,6.458,2.990,2.101
least-connections-cache-on-warm0,110,1,9.9636,2.027,1.141,3.168,sea,the-secret-garden,1,,server-2,1,1,0,3.377,2.990,2.101
least-connections-cache-on-warm0,110,1,9.9727,1.538,28.696,30.234,was,mary-barton,1,,server-3,1,0,1,3.377,1.180,2.101
least-connections-cache-on-warm0,110,1,9.9818,1.463,25.730,27.193,love,the-adventures-of-ferdinand-count-fathom-complete,1,,server-2,1,1,1,7.930,1.180,1.141
least-connections-cache-on-warm0,110,1,9.9909,1.524,0.743,2.268,of,dubliners,1,,server-1,1,1,1,6.409,0.677,1.141
least-connections-cache-on-warm0,110,1,10.0000,1.975,0.856,2.831,horse,anne-of-green-gables,1,,server-1,1,1,1,2.213,0.677,1.141
least-connections-cache-on-warm0,110,1,10.0091,1.700,0.785,2.485,london,the-picture-of-dorian-gray,1,,server-3,0,1,1,0.859,4.470,5.258
least-connections-cache-on-warm0,110,1,10.0182,2.367,1.624,3.991,was,black-beauty,1,,server-1,1,0,0,0.859,4.470,1.841
least-connections-cache-on-warm0,110,1,10.0273,5.011,42.740,47.751,king,the-secret-garden-17396,1,,server-2,0,1,0,0.523,4.470,1.841
least-connections-cache-on-warm0,110,1,10.0364,4.162,2.607,6.768,whale,the-innocents-abroad,1,,server-3,0,1,1,0.523,2.589,1.841
least-connections-cache-on-warm0,110,1,10.0455,3.751,2.268,6.019,he,little-women,1,,server-1,1,1,0,0.523,2.589,0.977
least-connections-cache-on-warm0,110,1,10.0545,4.916,2.325,7.241,was,the-hound-of-the-baskervilles-3070,1,,server-3,0,1,1,0.541,2.589,0.977
least-connections-cache-on-warm0,110,1,10.0636,2.465,21.116,23.581,house,the-mystery-of-edwin-drood,1,,server-1,1,1,0,0.541,2.589,0.687
least-connections-cache-on-warm0,110,1,10.0727,0.939,0.567,1.506,he,desperate-remedies,1,,server-3,1,1,1,0.403,2.589,0.687
least-connections-cache-on-warm0,110,1,10.0818,1.443,20.398,21.841,you,beyond-good-and-evil,1,,server-2,1,1,0,0.403,8.328,0.319
least-connections-cache-on-warm0,110,1,10.0909,1.561,37.553,39.113,you,washington-square,1,,server-3,0,1,1,3.574,4.352,0.319
least-connections-cache-on-warm0,110,1,10.1000,2.992,1.569,4.562,night,the-secret-adversary,1,,server-1,1,1,1,3.574,4.352,0.266
least-connections-cache-on-warm0,110,1,10.1091,2.912,2.687,5.599,of,twenty-thousand-leagues-under-the-sea,1,,server-2,0,1,1,1.434,5.991,0.266
least-connections-cache-on-warm0,110,1,10.1182,4.643,2.289,6.931,night,the-portrait-of-a-lady-volume-1,1,,server-1,1,0,1,1.434,2.394,0.266
least-connections-cache-on-warm0,110,1,10.1273,2.763,18.297,21.060,of,the-lost-world,1,,server-2,0,1,1,0.841,2.394,0.266
least-connections-cache-on-warm0,110,1,10.1364,3.116,18.133,21.249,night,dubliners,1,,server-3,0,1,1,0.841,1.417,6.081
least-connections-cache-on-warm0,110,1,10.1455,1.310,25.467,26.777,you,pride-and-prejudice,1,,server-1,1,1,1,0.841,1.417,3.265
least-connections-cache-on-warm0,110,1,10.1545,1.587,28.083,29.670,london,mary-barton,1,,server-2,1,1,1,0.502,3.720,3.265
least-connections-cache-on-warm0,110,1,10.1636,1.563,17.796,19.359,you,desert-gold,1,,server-3,1,1,1,0.502,1.988,4.913
least-connections-cache-on-warm0,110,1,10.1727,1.556,27.316,28.872,london,the-jungle,1,,server-1,1,1,1,4.349,1.988,2.586
least-connections-cache-on-warm0,110,1,10.1818,2.923,0.681,3.604,of,a-tale-of-two-cities,1,,server-2,1,2,1,2.304,1.988,2.586
least-connections-cache-on-warm0,110,1,10.1909,1.141,0.604,1.745,death,the-divine-comedy,1,,server-3,1,0,1,2.304,2.070,4.434
least-connections-cache-on-warm0,110,1,10.2000,1.163,0.576,1.739,of,adventures-of-huckleberry-finn,1,,server-2,1,1,0,2.304,2.070,1.553
least-connections-cache-on-warm0,110,1,10.2091,0.914,0.496,1.411,heart,the-memoirs-of-sherlock-holmes,1,,server-3,0,0,1,5.816,0.784,1.553
least-connections-cache-on-warm0,110,1,10.2182,2.038,36.836,38.874,she,the-house-of-the-seven-gables,1,,server-1,1,0,0,5.816,0.784,0.589
least-connections-cache-on-warm0,110,1,10.2273,3.978,2.799,6.776,she,the-secret-adversary,1,,server-2,1,1,0,3.115,0.784,0.589
least-connections-cache-on-warm0,110,1,10.2364,3.528,22.047,25.575,love,the-scarlet-letter,1,,server-3,1,0,1,3.115,0.716,0.589
least-connections-cache-on-warm0,110,1,10.2455,1.037,12.656,13.692,letter,the-lost-world,1,,server-2,1,1,1,3.115,0.716,0.511
least-connections-cache-on-warm0,110,1,10.2545,7.751,0.498,8.249,love,a-journey-to-the-centre-of-the-earth,1,,server-3,1,1,2,3.115,0.431,0.511
least-connections-cache-on-warm0,110,1,10.2636,1.018,24.573,25.591,she,the-odyssey,1,,server-1,1,0,0,7.803,2.264,2.282
least-connections-cache-on-warm0,110,1,10.2727,1.435,33.389,34.825,he,the-moonstone,1,,server-2,1,1,0,4.057,2.264,2.282
least-connections-cache-on-warm0,110,1,10.2818,1.906,22.129,24.035,night,the-jungle,1,,server-3,1,1,1,4.057,1.254,2.282
least-connections-cache-on-warm0,110,1,10.2909,1.711,24.859,26.570,money,oliver-twist,1,,server-1,1,1,1,6.477,1.254,1.232
least-connections-cache-on-warm0,110,1,10.3000,7.638,14.167,21.804,of,the-scarlet-letter-33,1,,server-2,1,2,1,3.408,1.254,1.232
least-connections-cache-on-warm0,110,1,10.3091,1.261,0.573,1.834,money,madame-bovary,1,,server-3,1,1,1,3.408,4.366,4.302
least-connections-cache-on-warm0,110,1,10.3182,1.291,27.384,28.675,death,great-expectations,1,,server-1,1,1,0,6.109,4.366,1.497
least-connections-cache-on-warm0,110,1,10.3273,1.186,0.541,1.727,sea,the-adventures-of-tom-sawyer-complete,1,,server-2,1,1,0,3.211,5.008,1.497
least-connections-cache-on-warm0,110,1,10.3364,1.481,16.037,17.518,of,desert-gold,1,,server-3,1,0,1,3.211,1.735,1.497
least-connections-cache-on-warm0,110,1,10.3455,2.002,1.124,3.127,the,the-jungle-book,1,,server-2,1,1,1,3.211,1.735,0.817
least-connections-cache-on-warm0,110,1,10.3545,1.360,29.845,31.206,king,mansfield-park,1,,server-3,0,0,1,6.408,0.681,3.042
least-connections-cache-on-warm0,110,1,10.3636,1.510,0.716,2.226,death,life-on-the-mississippi,1,,server-1,1,0,1,6.408,0.681,1.614
least-connections-cache-on-warm0,110,1,10.3727,1.651,26.597,28.248,letter,oliver-twist,1,,server-2,0,1,1,2.229,0.681,1.614
least-connections-cache-on-warm0,110,1,10.3818,1.554,1.283,2.838,he,desperate-remedies,1,,server-1,1,1,1,2.229,0.438,1.614
least-connections-cache-on-warm0,110,1,10.3909,1.156,0.564,1.720,he,meditations,1,,server-3,0,1,1,0.849,0.438,5.778
least-connections-cache-on-warm0,110,1,10.4000,1.170,13.611,14.781,was,white-fang,1,,server-1,1,1,0,0.849,0.438,1.981
least-connections-cache-on-warm0,110,1,10.4091,1.240,0.699,1.939,night,a-journey-to-the-centre-of-the-earth,1,,server-2,1,1,0,0.497,4.437,1.981
least-connections-cache-on-warm0,110,1,10.4182,1.141,41.793,42.934,death,the-vicomte-de-bragelonne,1,,server-3,0,0,1,2.441,1.567,1.981
least-connections-cache-on-warm0,110,1,10.4273,1.747,17.087,18.834,the,the-scarlet-letter,1,,server-1,1,0,1,2.441,1.567,1.074
least-connections-cache-on-warm0,110,1,10.4364,1.343,20.932,22.274,sea,grimms-fairy-tales,1,,server-2,1,1,1,1.343,1.567,1.074
least-connections-cache-on-warm0,110,1,10.4455,16.377,0.502,16.879,of,the-secret-adversary,1,,server-3,1,1,2,1.343,0.865,1.074
least-connections-cache-on-warm0,110,1,10.4545,1.502,0.815,2.318,king,the-scarlet-letter,1,,server-1,1,1,2,3.503,0.865,1.074
least-connections-cache-on-warm0,110,1,10.4636,1.388,0.802,2.190,the,the-adventures-of-tom-sawyer-complete,1,,server-2,0,1,0,1.254,3.839,3.422
least-connections-cache-on-warm0,110,1,10.4727,2.739,1.615,4.354,letter,great-expectations,1,,server-3,0,0,1,1.254,1.372,3.422
least-connections-cache-on-warm0,110,1,10.4818,5.998,52.542,58.540,she,north-and-south,1,,server-1,1,0,0,1.254,1.372,1.324
least-connections-cache-on-warm0,110,1,10.4909,5.494,3.898,9.391,money,oliver-twist,1,,server-2,1,1,0,0.980,1.372,1.324
least-connections-cache-on-warm0,110,1,10.5000,6.505,27.868,34.373,money,the-return-of-sherlock-holmes-108,1,,server-3,1,1,1,0.980,0.956,1.324
least-connections-cache-on-warm0,110,1,10.5091,4.336,24.386,28.722,heart,the-odyssey,1,,server-2,1,1,1,0.980,0.956,1.043
least-connections-cache-on-warm0,110,1,10.5182,17.028,17.783,34.810,death,agnes-grey,1,,server-3,1,1,2,0.980,0.693,1.043
least-connections-cache-on-warm0,110,1,10.5273,13.931,12.974,26.905,the,washington-square,1,,server-1,2,1,2,0.980,0.693,1.043
least-connections-cache-on-warm0,110,1,10.5364,2.406,1.133,3.539,letter,autobiography-of-benjamin-franklin,1,,server-2,2,2,1,0.980,0.693,4.368
least-connections-cache-on-warm0,110,1,10.5455,1.492,14.341,15.833,letter,the-scarlet-letter-33,1,,server-2,1,1,1,5.862,1.880,4.368
least-connections-cache-on-warm0,110,1,10.5545,1.455,12.100,13.555,horse,the-kama-sutra-of-vatsyayana,1,,server-3,0,1,1,5.781,1.060,5.555
least-connections-cache-on-warm0,110,1,10.5636,1.223,32.142,33.365,london,the-song-of-the-lark,1,,server-1,1,0,1,5.781,2.915,2.929
least-connections-cache-on-warm0,110,1,10.5727,2.471,26.029,28.500,he,the-iliad-2199,1,,server-2,1,1,0,3.024,2.915,3.768
least-connections-cache-on-warm0,110,1,10.5818,1.693,1.216,2.908,horse,cranford,1,,server-3,1,1,1,3.024,1.606,3.768
least-connections-cache-on-warm0,110,1,10.5909,1.283,32.689,33.972,of,villette,1,,server-3,1,1,1,3.024,1.606,1.408
least-connections-cache-on-warm0,110,1,10.6000,1.499,13.661,15.160,king,his-last-bow,1,,server-1,1,1,1,7.040,1.606,0.776
least-connections-cache-on-warm0,110,1,10.6091,1.543,0.620,2.163,you,persuasion,1,,server-2,1,1,1,3.664,5.099,0.776
least-connections-cache-on-warm0,110,1,10.6182,1.223,19.407,20.631,the,the-return-of-sherlock-holmes-108,1,,server-1,1,0,1,4.487,1.785,0.776
least-connections-cache-on-warm0,110,1,10.6273,1.362,11.497,12.859,money,cranford,1,,server-2,1,1,0,2.390,1.785,5.699
least-connections-cache-on-warm0,110,1,10.6364,1.475,17.741,19.217,he,a-journey-to-the-centre-of-the-earth,1,,server-3,1,1,1,2.390,0.977,5.699
least-connections-cache-on-warm0,110,1,10.6455,1.122,0.615,1.737,of,grimms-fairy-tales,1,,server-1,1,0,1,4.557,2.430,2.987
least-connections-cache-on-warm0,110,1,10.6545,1.513,0.680,2.193,of,the-vicomte-de-bragelonne,1,,server-2,0,1,1,1.601,2.430,2.987
least-connections-cache-on-warm0,110,1,10.6636,1.946,36.980,38.925,sea,a-princess-of-mars,1,,server-3,0,0,1,1.601,0.917,4.665
least-connections-cache-on-warm0,110,1,10.6727,3.873,33.774,37.647,money,grimms-fairy-tales,1,,server-1,1,0,1,1.601,0.917,2.530
least-connections-cache-on-warm0,110,1,10.6818,4.951,2.827,7.777,death,dracula,1,,server-2,1,1,1,1.060,0.917,2.530
least-connections-cache-on-warm0,110,1,10.6909,3.297,1.516,4.813,castle,the-return-of-sherlock-holmes,1,,server-2,1,1,1,1.060,0.727,2.530
least-connections-cache-on-warm0,110,1,10.7000,2.001,0.961,2.962,was,the-scarlet-letter-33,1,,server-2,1,1,1,1.060,0.523,2.530
least-connections-cache-on-warm0,110,1,10.7091,1.105,0.576,1.681,letter,the-jungle-book,1,,server-3,1,0,1,1.060,0.322,7.452
least-connections-cache-on-warm0,110,1,10.7182,1.310,0.712,2.022,whale,the-house-of-the-seven-gables,1,,server-1,1,0,0,5.942,0.322,2.540
least-connections-cache-on-warm0,110,1,10.7273,2.884,2.581,5.465,and,the-war-of-the-worlds,1,,server-2,0,1,0,2.071,0.322,2.540
least-connections-cache-on-warm0,110,1,10.7364,5.676,37.847,43.524,money,anne-of-green-gables,1,,server-3,0,0,1,2.071,0.508,2.540
least-connections-cache-on-warm0,110,1,10.7455,3.871,26.420,30.291,castle,poirot-investigates,1,,server-1,1,0,1,2.071,0.508,1.583
least-connections-cache-on-warm0,110,1,10.7545,4.722,28.442,33.164,horse,the-return-of-sherlock-holmes-108,1,,server-2,1,1,1,1.261,0.508,1.583
least-connections-cache-on-warm0,110,1,10.7636,16.220,22.024,38.244,heart,the-american,1,,server-3,1,1,2,1.261,0.559,1.583
least-connections-cache-on-warm0,110,1,10.7727,4.090,17.822,21.912,king,the-warden,1,,server-1,2,1,2,1.261,0.559,1.583
least-connections-cache-on-warm0,110,1,10.7818,6.420,0.542,6.962,she,washington-square,1,,server-2,1,2,1,2.869,0.559,6.464
least-connections-cache-on-warm0,110,1,10.7909,1.170,0.511,1.681,whale,the-mystery-of-edwin-drood,1,,server-2,1,1,1,2.869,2.251,6.464
least-connections-cache-on-warm0,110,1,10.8000,1.134,19.401,20.535,he,kidnapped,1,,server-1,1,0,1,4.645,0.814,6.464
least-connections-cache-on-warm0,110,1,10.8091,2.509,1.140,3.649,was,hard-times,1,,server-2,1,1,0,2.449,0.814,7.602
least-connections-cache-on-warm0,110,1,10.8182,2.070,46.778,48.848,london,the-vicomte-de-bragelonne,1,,server-3,1,0,1,2.449,0.437,7.602
least-connections-cache-on-warm0,110,1,10.8273,4.317,2.744,7.061,you,the-king-in-yellow,1,,server-1,1,0,1,4.619,0.437,4.005
least-connections-cache-on-warm0,110,1,10.8364,2.931,15.570,18.501,money,memoirs-of-fanny-hill,1,,server-2,0,1,1,1.850,0.437,4.005
least-connections-cache-on-warm0,110,1,10.8455,1.229,29.082,30.311,london,the-romance-of-lust-a-classic-victorian-erotic-novel,1,,server-1,1,1,1,1.850,0.353,4.005
least-connections-cache-on-warm0,110,1,10.8545,1.630,15.156,16.786,she,the-lost-world,1,,server-2,1,2,1,0.994,3.235,4.005
least-connections-cache-on-warm0,110,1,10.8636,3.663,0.669,4.332,horse,persuasion,1,,server-3,1,1,2,0.994,1.402,4.005
least-connections-cache-on-warm0,110,1,10.8727,1.325,12.786,14.111,castle,the-adventures-of-tom-sawyer-complete,1,,server-2,1,1,0,0.994,3.019,3.509
least-connections-cache-on-warm0,110,1,10.8818,1.438,0.673,2.111,love,the-jungle,1,,server-3,0,1,1,5.246,1.618,3.509
least-connections-cache-on-warm0,110,1,10.8909,1.274,0.610,1.884,death,the-last-of-the-mohicans-a-narrative-of-1757,1,,server-1,1,0,0,5.246,3.036,1.264
least-connections-cache-on-warm0,110,1,10.9000,1.584,0.930,2.513,and,northanger-abbey,1,,server-2,0,1,0,1.818,3.036,1.264
least-connections-cache-on-warm0,110,1,10.9091,2.929,43.940,46.869,night,tess-of-the-d-urbervilles-a-pure-woman,1,,server-3,0,0,1,1.818,1.145,1.264
least-connections-cache-on-warm0,110,1,10.9182,6.345,3.632,9.978,castle,oliver-twist,1,,server-1,1,0,1,1.818,1.145,0.843
least-connections-cache-on-warm0,110,1,10.9273,4.919,25.958,30.877,night,the-american,1,,server-2,1,1,1,1.308,1.145,0.843
least-connections-cache-on-warm0,110,1,10.9364,1.972,13.216,15.188,sea,the-lost-world,1,,server-1,1,1,1,1.144,0.758,0.843
least-connections-cache-on-warm0,110,1,10.9455,13.435,19.984,33.419,money,the-portrait-of-a-lady-volume-1,1,,server-2,1,2,1,0.686,0.758,0.843
least-connections-cache-on-warm0,110,1,10.9545,1.025,0.533,1.558,the,the-moonstone,1,,server-1,1,2,1,2.489,0.758,0.843
least-connections-cache-on-warm0,110,1,10.9636,1.492,24.790,26.283,heart,mansfield-park,1,,server-3,0,1,1,0.907,3.588,7.443
least-connections-cache-on-warm0,110,1,10.9727,1.752,1.243,2.994,you,beyond-good-and-evil,1,,server-1,1,1,1,0.907,3.588,3.890
least-connections-cache-on-warm0,110,1,10.9818,1.274,21.794,23.067,sea,the-american,1,,server-2,0,1,1,0.425,5.455,3.890
least-connections-cache-on-warm0,110,1,10.9909,1.192,0.655,1.847,horse,the-last-of-the-mohicans-a-narrative-of-1757,1,,server-3,0,1,1,0.425,2.855,6.431
least-connections-cache-on-warm0,110,1,11.0000,1.552,0.781,2.333,of,the-age-of-innocence,1,,server-1,1,1,0,0.425,2.855,2.217
least-connections-cache-on-warm0,110,1,11.0091,1.024,26.443,27.467,sea,a-tale-of-two-cities,1,,server-2,0,1,0,0.256,5.279,2.217
least-connections-cache-on-warm0,110,1,11.0182,1.784,17.836,19.621,money,northanger-abbey,1,,server-3,0,1,1,0.256,2.761,2.217
least-connections-cache-on-warm0,110,1,11.0273,1.154,21.517,22.671,letter,a-tale-of-two-cities,1,,server-1,1,1,1,0.256,2.761,1.230
least-connections-cache-on-warm0,110,1,11.0364,1.603,0.985,2.589,she,the-house-of-the-seven-gables,1,,server-2,1,2,1,0.195,7.421,1.230
least-connections-cache-on-warm0,110,1,11.0455,1.327,24.826,26.153,whale,mary-barton,1,,server-3,1,0,1,0.195,2.128,3.584
least-connections-cache-on-warm0,110,1,11.0545,1.382,13.488,14.870,castle,the-king-in-yellow,1,,server-1,1,0,1,3.515,2.128,1.908
least-connections-cache-on-warm0,110,1,11.0636,1.349,0.686,2.034,the,mansfield-park,1,,server-2,1,1,1,1.870,2.128,1.908
least-connections-cache-on-warm0,110,1,11.0727,1.085,28.380,29.465,he,oliver-twist,1,,server-3,0,0,1,3.289,0.803,5.171
least-connections-cache-on-warm0,110,1,11.0818,1.210,16.428,17.637,night,the-house-of-the-seven-gables,1,,server-1,1,0,1,3.289,0.803,2.707
least-connections-cache-on-warm0,110,1,11.0909,1.292,13.948,15.240,you,the-secret-adversary,1,,server-2,1,1,1,1.750,0.803,2.707
least-connections-cache-on-warm0,110,1,11.1000,1.302,15.897,17.199,she,memoirs-of-fanny-hill,1,,server-1,1,1,1,3.692,0.484,2.707
least-connections-cache-on-warm0,110,1,11.1091,1.277,0.675,1.953,death,a-journey-to-the-centre-of-the-earth,1,,server-2,1,1,0,1.949,2.493,6.223
least-connections-cache-on-warm0,110,1,11.1182,1.433,0.979,2.412,money,the-wind-in-the-willows,1,,server-3,0,0,1,3.744,0.928,6.223
least-connections-cache-on-warm0,110,1,11.1273,2.784,1.913,4.698,night,a-tale-of-two-cities,1,,server-1,1,0,0,3.744,0.928,2.191
least-connections-cache-on-warm0,110,1,11.1364,4.685,2.972,7.657,king,dubliners,1,,server-2,0,1,0,1.503,0.928,2.191
least-connections-cache-on-warm0,110,1,11.1455,4.394,3.094,7.488,love,the-prince,1,,server-3,0,0,1,1.503,0.822,2.191
least-connections-cache-on-warm0,110,1,11.1545,6.695,3.194,9.889,letter,madame-bovary,1,,server-1,1,0,0,1.503,0.822,1.271
least-connections-cache-on-warm0,110,1,11.1636,5.220,3.165,8.385,castle,the-works-of-edgar-allan-poe-volume-2,1,,server-2,1,1,0,1.018,0.822,1.271
least-connections-cache-on-warm0,110,1,11.1727,5.545,2.748,8.293,castle,jude-the-obscure,1,,server-3,0,0,1,1.018,0.745,1.271
least-connections-cache-on-warm0,110,1,11.1818,4.889,34.067,38.957,he,cranford,1,,server-1,1,0,0,1.018,0.745,0.892
least-connections-cache-on-warm0,110,1,11.1909,5.067,3.535,8.602,night,the-scarlet-letter,1,,server-2,1,1,0,0.826,0.745,0.892
least-connections-cache-on-warm0,110,1,11.2000,6.894,3.749,10.643,letter,the-scarlet-letter-33,1,,server-3,1,1,1,0.826,0.793,0.892
least-connections-cache-on-warm0,110,1,11.2091,3.197,0.970,4.167,of,the-kama-sutra-of-vatsyayana,1,,server-2,1,1,1,0.826,0.793,1.034
least-connections-cache-on-warm0,110,1,11.2182,1.108,13.590,14.698,money,frankenstein-or-the-modern-prometheus-41445,1,,server-3,1,0,1,0.826,0.440,0.893
least-connections-cache-on-warm0,110,1,11.2273,1.159,0.519,1.677,was,the-age-of-innocence,1,,server-1,1,0,1,5.802,0.440,0.519
least-connections-cache-on-warm0,110,1,11.2364,1.057,12.802,13.859,london,black-beauty,1,,server-2,0,1,0,1.991,0.440,2.482
least-connections-cache-on-warm0,110,1,11.2455,1.500,0.875,2.375,horse,the-wind-in-the-willows,1,,server-3,0,1,1,1.991,0.280,2.482
least-connections-cache-on-warm0,110,1,11.2545,1.684,41.263,42.947,heart,emma,1,,server-1,1,0,0,1.991,2.194,0.959
least-connections-cache-on-warm0,110,1,11.2636,3.405,0.747,4.152,horse,the-secret-garden-17396,1,,server-2,1,1,0,1.141,2.194,0.959
least-connections-cache-on-warm0,110,1,11.2727,3.540,1.528,5.068,heart,little-women,1,,server-3,1,0,1,1.141,0.933,0.959
least-connections-cache-on-warm0,110,1,11.2818,1.526,0.807,2.333,whale,the-vicomte-de-bragelonne,1,,server-2,1,1,0,1.141,0.933,0.591
least-connections-cache-on-warm0,110,1,11.2909,0.982,14.503,15.485,house,autobiography-of-benjamin-franklin,1,,server-3,1,0,1,1.141,0.445,0.591
least-connections-cache-on-warm0,110,1,11.3000,1.223,0.668,1.891,house,the-secret-garden-17396,1,,server-1,1,0,1,7.288,0.445,0.361
least-connections-cache-on-warm0,110,1,11.3091,1.237,51.689,52.926,heart,the-moonstone,1,,server-2,0,1,0,2.525,0.445,2.513
least-connections-cache-on-warm0,110,1,11.3182,2.996,2.093,5.089,king,the-hound-of-the-baskervilles,1,,server-3,0,1,1,2.525,0.309,2.513
least-connections-cache-on-warm0,110,1,11.3273,2.790,31.259,34.048,she,grimms-fairy-tales,1,,server-1,1,1,0,2.525,0.309,1.108
least-connections-cache-on-warm0,110,1,11.3364,2.236,33.237,35.472,king,the-iliad-2199,1,,server-3,1,1,1,1.485,0.309,1.108
least-connections-cache-on-warm0,110,1,11.3455,16.271,11.112,27.383,was,the-wind-in-the-willows,1,,server-1,2,1,1,1.485,0.309,0.693
least-connections-cache-on-warm0,110,1,11.3545,7.414,0.697,8.111,death,the-warden,1,,server-2,2,2,1,1.485,0.309,0.693
least-connections-cache-on-warm0,110,1,11.3636,1.632,21.362,22.994,heart,the-portrait-of-a-lady-volume-1,1,,server-2,1,1,1,4.523,3.779,0.693
least-connections-cache-on-warm0,110,1,11.3727,1.407,0.602,2.008,heart,cranford,1,,server-3,1,1,1,5.726,2.036,5.685
least-connections-cache-on-warm0,110,1,11.3818,1.172,0.620,1.792,was,treasure-island,1,,server-1,1,1,0,4.605,2.036,1.958
least-connections-cache-on-warm0,110,1,11.3909,1.205,0.625,1.830,letter,the-adventures-of-ferdinand-count-fathom-complete,1,,server-2,0,1,0,1.615,4.690,1.958
least-connections-cache-on-warm0,110,1,11.4000,2.584,39.233,41.817,heart,the-jungle,1,,server-3,0,0,1,1.615,1.610,1.958
least-connections-cache-on-warm0,110,1,11.4091,3.925,1.693,5.618,horse,persuasion,1,,server-1,1,0,1,1.615,1.610,1.140
least-connections-cache-on-warm0,110,1,11.4182,0.932,0.614,1.546,death,the-picture-of-dorian-gray,1,,server-2,0,1,1,0.828,1.610,1.140
least-connections-cache-on-warm0,110,1,11.4273,1.973,1.139,3.112,you,the-works-of-edgar-allan-poe-volume-2,1,,server-1,1,0,1,0.828,0.642,1.140
least-connections-cache-on-warm0,110,1,11.4364,1.031,0.543,1.574,you,mary-barton,1,,server-2,0,1,1,0.429,0.642,1.140
least-connections-cache-on-warm0,110,1,11.4455,1.584,16.186,17.770,and,silas-marner,1,,server-3,0,0,1,0.429,0.303,6.907
least-connections-cache-on-warm0,110,1,11.4545,1.645,0.947,2.592,was,the-age-of-innocence,1,,server-1,1,0,1,0.429,0.303,3.596
least-connections-cache-on-warm0,110,1,11.4636,1.985,41.324,43.309,house,the-house-of-mirth,1,,server-2,0,1,0,0.299,0.303,4.844
least-connections-cache-on-warm0,110,1,11.4727,4.391,2.495,6.886,king,oliver-twist,1,,server-3,0,1,1,0.299,0.276,4.844
least-connections-cache-on-warm0,110,1,11.4818,3.304,1.808,5.112,king,the-secret-adversary,1,,server-1,1,1,0,0.299,0.276,1.929
least-connections-cache-on-warm0,110,1,11.4909,2.563,1.175,3.738,horse,the-jungle,1,,server-3,0,1,1,0.443,0.276,1.929
least-connections-cache-on-warm0,110,1,11.5000,1.256,22.655,23.911,heart,the-last-of-the-mohicans-a-narrative-of-1757,1,,server-1,1,1,0,0.443,0.276,0.819
least-connections-cache-on-warm0,110,1,11.5091,1.512,10.341,11.854,he,the-hound-of-the-baskervilles-3070,1,,server-2,1,1,0,0.290,6.700,0.819
least-connections-cache-on-warm0,110,1,11.5182,1.292,0.574,1.867,letter,the-odyssey,1,,server-3,1,1,1,0.290,3.498,0.819
least-connections-cache-on-warm0,110,1,11.5273,1.131,0.540,1.670,king,the-innocents-abroad,1,,server-1,1,0,0,3.774,3.845,0.370
least-connections-cache-on-warm0,110,1,11.5364,1.613,43.882,45.495,sea,oliver-twist,1,,server-2,0,1,0,1.334,3.845,0.370
least-connections-cache-on-warm0,110,1,11.5455,3.434,2.044,5.478,sea,the-adventures-of-tom-sawyer-complete,1,,server-3,0,1,1,1.334,2.065,0.370
least-connections-cache-on-warm0,110,1,11.5545,1.921,1.088,3.010,death,the-scarlet-letter-33,1,,server-1,1,1,0,1.334,2.065,0.458
least-connections-cache-on-warm0,110,1,11.5636,1.308,0.829,2.137,castle,desert-gold,1,,server-3,0,1,1,0.638,2.065,0.458
least-connections-cache-on-warm0,110,1,11.5727,1.013,0.616,1.629,of,the-jungle-book,1,,server-1,1,1,0,0.638,2.065,0.277
least-connections-cache-on-warm0,110,1,11.5818,1.080,0.556,1.636,sea,washington-square,1,,server-3,0,1,1,0.316,8.282,0.277
least-connections-cache-on-warm0,110,1,11.5909,1.809,1.166,2.975,whale,desperate-remedies,1,,server-1,1,0,0,0.316,8.282,0.184
least-connections-cache-on-warm0,110,1,11.6000,4.142,2.969,7.111,you,little-women,1,,server-2,0,1,0,0.298,8.282,0.184
least-connections-cache-on-warm0,110,1,11.6091,4.244,2.724,6.969,horse,the-scarlet-letter,1,,server-3,0,0,1,0.298,3.193,0.184
least-connections-cache-on-warm0,110,1,11.6182,4.448,25.339,29.787,he,his-last-bow,1,,server-1,1,0,0,0.298,3.193,0.449
least-connections-cache-on-warm0,110,1,11.6273,4.673,2.636,7.309,love,walden-and-on-the-duty-of-civil-disobedience,1,,server-2,1,1,0,0.440,3.193,0.449
least-connections-cache-on-warm0,110,1,11.6364,4.486,22.417,26.903,horse,desperate-remedies,1,,server-3,1,0,1,0.440,1.481,0.449
least-connections-cache-on-warm0,110,1,11.6455,1.224,0.638,1.862,london,the-tenant-of-wildfell-hall,1,,server-2,1,1,1,0.440,1.481,0.395
least-connections-cache-on-warm0,110,1,11.6545,1.504,0.629,2.133,you,desert-gold,1,,server-1,1,0,1,4.198,0.623,0.395
least-connections-cache-on-warm0,110,1,11.6636,1.172,25.435,26.607,of,a-connecticut-yankee-in-king-arthur-s-court,1,,server-2,0,1,0,1.490,0.623,3.732
least-connections-cache-on-warm0,110,1,11.6727,1.171,32.769,33.940,the,jane-eyre-an-autobiography,1,,server-3,0,1,1,1.490,0.383,3.732
least-connections-cache-on-warm0,110,1,11.6818,2.111,12.855,14.967,london,dubliners,1,,server-1,1,1,1,1.490,0.383,1.970
least-connections-cache-on-warm0,110,1,11.6909,1.163,0.394,1.558,horse,the-secret-adversary,1,,server-2,1,1,1,0.861,4.253,1.970
least-connections-cache-on-warm0,110,1,11.7000,1.012,28.160,29.171,the,the-iliad-2199,1,,server-1,1,0,1,2.552,1.474,1.970
least-connections-cache-on-warm0,110,1,11.7091,1.147,14.387,15.534,he,agnes-grey,1,,server-2,1,1,0,1.365,1.474,6.461
least-connections-cache-on-warm0,110,1,11.7182,1.340,0.588,1.928,you,poirot-investigates,1,,server-3,1,1,1,1.365,0.824,6.461
least-connections-cache-on-warm0,110,1,11.7273,1.753,13.087,14.840,and,frankenstein-or-the-modern-prometheus-41445,1,,server-2,1,1,0,1.365,2.779,2.214
least-connections-cache-on-warm0,110,1,11.7364,1.079,10.068,11.146,you,the-great-gatsby,1,,server-3,0,1,1,5.284,1.485,2.214
least-connections-cache-on-warm0,110,1,11.7455,1.402,23.135,24.538,love,thus-spake-zarathustra-a-book-for-all-and-none,1,,server-1,1,0,1,5.284,2.997,1.187
least-connections-cache-on-warm0,110,1,11.7545,2.256,13.923,16.180,she,his-last-bow,1,,server-2,1,1,0,2.794,2.997,2.331
least-connections-cache-on-warm0,110,1,11.7636,1.328,17.258,18.586,london,hard-times,1,,server-3,1,1,1,2.794,1.668,2.331
least-connections-cache-on-warm0,110,1,11.7727,1.209,18.457,19.666,money,the-secret-garden,1,,server-1,1,0,1,5.424,3.218,1.273
least-connections-cache-on-warm0,110,1,11.7818,1.160,30.682,31.841,sea,the-innocents-abroad,1,,server-2,1,1,1,2.846,3.218,1.273
least-connections-cache-on-warm0,110,1,11.7909,1.553,13.074,14.627,house,a-princess-of-mars,1,,server-3,1,1,1,2.846,1.703,3.540
least-connections-cache-on-warm0,110,1,11.8000,1.352,14.653,16.005,london,the-secret-garden-17396,1,,server-1,1,1,1,4.732,1.703,1.915
least-connections-cache-on-warm0,110,1,11.8091,1.089,0.659,1.748,heart,a-princess-of-mars,1,,server-3,1,1,1,2.498,1.703,3.228
least-connections-cache-on-warm0,110,1,11.8182,1.179,27.299,28.478,and,the-adventures-of-sherlock-holmes,1,,server-1,1,0,0,3.923,5.957,1.156
least-connections-cache-on-warm0,110,1,11.8273,1.144,0.614,1.758,night,the-iliad,1,,server-2,1,1,0,2.067,5.957,1.156
least-connections-cache-on-warm0,110,1,11.8364,1.862,1.055,2.917,heart,the-kama-sutra-of-vatsyayana,1,,server-3,1,0,1,2.067,2.056,1.156
least-connections-cache-on-warm0,110,1,11.8455,1.569,1.058,2.628,horse,anne-of-green-gables,1,,server-2,1,1,0,2.067,2.056,0.563
least-connections-cache-on-warm0,110,1,11.8545,1.750,0.879,2.628,money,the-house-of-the-seven-gables,1,,server-3,0,0,1,5.648,0.832,0.563
least-connections-cache-on-warm0,110,1,11.8636,2.008,52.228,54.235,the,north-and-south,1,,server-1,1,0,0,5.648,0.832,0.332
least-connections-cache-on-warm0,110,1,11.8727,4.264,1.781,6.045,she,the-return-of-sherlock-holmes-108,1,,server-2,1,1,0,3.011,0.832,0.332
least-connections-cache-on-warm0,110,1,11.8818,5.421,2.307,7.729,death,the-vicomte-de-bragelonne,1,,server-3,1,0,1,3.011,0.574,0.332
least-connections-cache-on-warm0,110,1,11.8909,2.594,1.234,3.828,death,the-prince,1,,server-2,1,1,0,3.011,0.574,0.452
least-connections-cache-on-warm0,110,1,11.9000,1.129,14.261,15.390,of,the-mysterious-affair-at-styles,1,,server-3,1,0,1,3.011,0.385,0.452
least-connections-cache-on-warm0,110,1,11.9091,1.982,0.935,2.916,he,meditations,1,,server-2,1,1,1,3.011,0.385,0.288
least-connections-cache-on-warm0,110,1,11.9182,1.029,0.649,1.678,was,autobiography-of-benjamin-franklin,1,,server-3,0,0,1,10.193,0.269,2.424
least-connections-cache-on-warm0,110,1,11.9273,1.447,0.909,2.356,was,mansfield-park,1,,server-1,1,0,0,10.193,0.269,0.889
least-connections-cache-on-warm0,110,1,11.9364,2.925,2.101,5.027,king,pride-and-prejudice,1,,server-2,0,1,0,3.499,0.269,0.889
least-connections-cache-on-warm0,110,1,11.9455,4.549,56.344,60.893,letter,the-romance-of-lust-a-classic-victorian-erotic-novel,1,,server-3,0,0,1,3.499,0.427,0.889
least-connections-cache-on-warm0,110,1,11.9545,4.280,50.723,55.003,house,the-moonstone,1,,server-1,1,0,1,3.499,0.427,0.753
least-connections-cache-on-warm0,110,1,11.9636,4.770,20.514,25.284,money,the-prince,1,,server-2,1,1,1,2.091,0.427,0.753
least-connections-cache-on-warm0,110,1,11.9727,34.234,0.932,35.166,and,mansfield-park,1,,server-3,1,1,2,2.091,0.382,0.753
least-connections-cache-on-warm0,110,1,11.9818,27.964,1.355,29.319,king,walden-and-on-the-duty-of-civil-disobedience,1,,server-1,2,1,2,2.091,0.382,0.753
least-connections-cache-on-warm0,110,1,11.9909,1.368,0.734,2.102,king,adventures-of-huckleberry-finn,1,,server-2,2,1,2,2.091,3.399,0.753
least-connections-cache-on-warm0,110,1,12.0000,1.121,13.029,14.150,heart,dubliners,1,,server-2,2,1,2,2.091,1.233,0.753
least-connections-cache-on-warm0,110,1,12.0091,2.303,16.456,18.760,castle,the-mystery-of-edwin-drood,1,,server-3,2,1,1,6.788,0.691,5.284
least-connections-cache-on-warm0,110,1,12.0182,1.222,0.631,1.853,she,the-mysterious-island,1,,server-1,1,0,1,5.178,2.480,2.760
least-connections-cache-on-warm0,110,1,12.0273,1.372,0.655,2.027,sea,grimms-fairy-tales,1,,server-2,0,1,1,1.791,2.480,2.760
least-connections-cache-on-warm0,110,1,12.0364,2.003,26.275,28.278,and,the-memoirs-of-sherlock-holmes,1,,server-3,0,0,1,1.791,0.918,4.355
least-connections-cache-on-warm0,110,1,12.0455,3.848,30.046,33.894,love,dracula,1,,server-1,1,0,1,1.791,0.918,2.363
least-connections-cache-on-warm0,110,1,12.0545,1.175,21.213,22.389,heart,the-scarlet-letter,1,,server-2,1,1,1,1.123,0.918,2.363
least-connections-cache-on-warm0,110,1,12.0636,1.732,14.120,15.852,london,persuasion,1,,server-3,1,1,2,1.123,0.527,2.363
least-connections-cache-on-warm0,110,1,12.0727,7.011,0.726,7.737,london,dracula,1,,server-1,2,1,1,1.123,0.527,2.962
least-connections-cache-on-warm0,110,1,12.0818,1.293,0.760,2.053,castle,the-portrait-of-a-lady-volume-1,1,,server-2,0,1,0,2.517,3.679,4.114
least-connections-cache-on-warm0,110,1,12.0909,2.067,41.340,43.407,he,the-tenant-of-wildfell-hall,1,,server-3,0,0,1,2.517,1.344,4.114
least-connections-cache-on-warm0,110,1,12.1000,3.901,2.955,6.855,was,beyond-good-and-evil,1,,server-1,1,0,1,2.517,1.344,2.226
least-connections-cache-on-warm0,110,1,12.1091,3.252,26.965,30.217,death,the-house-of-mirth,1,,server-2,0,1,1,1.252,1.344,2.226
least-connections-cache-on-warm0,110,1,12.1182,1.638,0.853,2.491,you,desert-gold,1,,server-1,1,1,1,1.252,0.863,2.226
least-connections-cache-on-warm0,110,1,12.1273,1.232,0.837,2.069,horse,northanger-abbey,1,,server-1,1,1,1,0.550,0.863,2.226
least-connections-cache-on-warm0,110,1,12.1364,1.465,21.183,22.648,whale,the-portrait-of-a-lady-volume-1,1,,server-3,0,1,1,0.325,0.863,7.927
least-connections-cache-on-warm0,110,1,12.1455,1.270,10.909,12.179,horse,the-great-gatsby,1,,server-1,1,0,1,0.325,4.775,4.128
least-connections-cache-on-warm0,110,1,12.1545,1.320,0.675,1.995,castle,walden-and-on-the-duty-of-civil-disobedience,1,,server-2,1,1,1,0.249,4.775,4.128
least-connections-cache-on-warm0,110,1,12.1636,1.496,25.989,27.484,he,the-last-of-the-mohicans-a-narrative-of-1757,1,,server-3,0,0,1,1.863,1.678,5.981
least-connections-cache-on-warm0,110,1,12.1727,1.304,13.308,14.612,he,dubliners,1,,server-1,1,0,1,1.863,1.678,3.130
least-connections-cache-on-warm0,110,1,12.1818,1.401,0.692,2.092,king,the-last-of-the-mohicans-a-narrative-of-1757-27681,1,,server-2,1,1,1,1.026,1.678,3.130
least-connections-cache-on-warm0,110,1,12.1909,1.332,12.753,14.085,money,poirot-investigates,1,,server-1,1,0,1,2.714,0.675,7.610
least-connections-cache-on-warm0,110,1,12.2000,1.464,20.110,21.573,castle,the-warden,1,,server-2,1,1,0,1.459,0.675,6.101
least-connections-cache-on-warm0,110,1,12.2091,2.018,0.975,2.993,horse,the-wind-in-the-willows,1,,server-3,0,1,1,2.919,0.419,6.101
least-connections-cache-on-warm0,110,1,12.2182,1.402,0.732,2.134,you,the-song-of-the-lark,1,,server-1,1,1,0,2.919,0.419,2.176
least-connections-cache-on-warm0,110,1,12.2273,2.791,1.639,4.431,king,cranford,1,,server-2,0,1,0,1.079,3.444,2.176
least-connections-cache-on-warm0,110,1,12.2364,5.285,2.908,8.193,king,the-jungle,1,,server-3,0,0,1,1.079,1.355,2.176
least-connections-cache-on-warm0,110,1,12.2455,4.679,2.636,7.315,money,northanger-abbey,1,,server-1,1,0,0,1.079,1.355,1.179
least-connections-cache-on-warm0,110,1,12.2545,4.591,2.601,7.192,night,a-princess-of-mars,1,,server-2,0,1,0,0.785,1.355,1.179
least-connections-cache-on-warm0,110,1,12.2636,4.282,2.872,7.155,love,the-odyssey,1,,server-3,0,0,1,0.785,0.903,1.179
least-connections-cache-on-warm0,110,1,12.2727,4.490,50.044,54.534,night,mary-barton,1,,server-1,1,0,0,0.785,0.903,0.832
least-connections-cache-on-warm0,110,1,12.2818,4.358,2.819,7.177,he,the-scarlet-letter,1,,server-2,1,1,0,0.686,0.903,0.832
least-connections-cache-on-warm0,110,1,12.2909,3.816,20.079,23.895,sea,frankenstein-or-the-modern-prometheus-41445,1,,server-3,1,0,1,0.686,0.736,0.832
least-connections-cache-on-warm0,110,1,12.3000,2.615,19.637,22.252,he,myths-and-legends-of-ancient-greece-and-rome,1,,server-2,1,1,1,0.686,0.736,0.664
least-connections-cache-on-warm0,110,1,12.3091,6.445,1.072,7.517,death,the-age-of-innocence,1,,server-3,1,1,2,0.686,0.492,0.664
least-connections-cache-on-warm0,110,1,12.3182,1.454,0.522,1.975,and,jude-the-obscure,1,,server-3,1,1,1,0.686,0.492,1.671
least-connections-cache-on-warm0,110,1,12.3273,1.508,0.777,2.285,she,memoirs-of-fanny-hill,1,,server-2,1,1,0,10.314,3.335,0.624
least-connections-cache-on-warm0,110,1,12.3364,1.362,18.507,19.869,sea,the-kama-sutra-of-vatsyayana,1,,server-3,0,0,1,8.300,1.193,0.624
least-connections-cache-on-warm0,110,1,12.3455,2.394,1.587,3.981,she,black-beauty,1,,server-1,1,0,1,8.300,1.193,0.397
least-connections-cache-on-warm0,110,1,12.3545,1.950,1.197,3.147,of,the-secret-garden,1,,server-2,0,1,1,2.971,1.193,0.397
least-connections-cache-on-warm0,110,1,12.3636,2.981,1.968,4.949,whale,madame-bovary,1,,server-3,0,0,1,2.971,0.557,3.162
least-connections-cache-on-warm0,110,1,12.3727,5.166,3.049,8.215,king,the-mystery-of-edwin-drood,1,,server-1,1,0,0,2.971,0.557,1.332
least-connections-cache-on-warm0,110,1,12.3818,2.910,0.552,3.462,money,wuthering-heights,1,,server-2,1,1,0,1.477,0.557,1.332
least-connections-cache-on-warm0,110,1,12.3909,3.982,2.522,6.504,night,a-journey-to-the-centre-of-the-earth,1,,server-3,0,0,1,1.477,0.274,1.332
least-connections-cache-on-warm0,110,1,12.4000,4.174,1.901,6.075,london,the-war-of-the-worlds,1,,server-1,1,0,0,1.477,0.274,0.810
least-connections-cache-on-warm0,110,1,12.4091,4.239,2.445,6.684,night,treasure-island,1,,server-2,0,1,0,0.805,0.274,0.810
least-connections-cache-on-warm0,110,1,12.4182,4.274,27.133,31.407,of,silas-marner,1,,server-3,0,0,1,0.805,0.549,0.810
least-connections-cache-on-warm0,110,1,12.4273,4.172,3.145,7.316,whale,the-vicomte-de-bragelonne,1,,server-1,1,0,1,0.805,0.549,0.695
least-connections-cache-on-warm0,110,1,12.4364,4.700,32.148,36.848,heart,mary-barton,1,,server-2,0,1,1,0.748,0.549,0.695
least-connections-cache-on-warm0,110,1,12.4455,1.276,0.862,2.138,night,a-princess-of-mars,1,,server-1,1,1,1,0.748,0.516,0.695
least-connections-cache-on-warm0,110,1,12.4545,1.103,0.548,1.651,night,autobiography-of-benjamin-franklin,1,,server-3,0,1,1,0.407,0.516,4.598
least-connections-cache-on-warm0,110,1,12.4636,0.998,0.532,1.531,heart,the-mystery-of-edwin-drood,1,,server-1,1,1,0,0.407,0.516,1.608
least-connections-cache-on-warm0,110,1,12.4727,2.948,37.913,40.861,whale,the-memoirs-of-sherlock-holmes,1,,server-3,0,1,1,0.228,6.721,1.608
least-connections-cache-on-warm0,110,1,12.4818,2.957,1.820,4.777,house,the-return-of-sherlock-holmes-108,1,,server-1,1,0,1,0.228,5.406,0.955
least-connections-cache-on-warm0,110,1,12.4909,3.904,19.655,23.559,she,the-secret-garden,1,,server-2,0,1,1,0.353,5.406,0.955
least-connections-cache-on-warm0,110,1,12.5000,2.703,1.364,4.067,he,persuasion,1,,server-1,1,1,1,0.353,2.988,0.955
least-connections-cache-on-warm0,110,1,12.5091,1.200,23.764,24.964,he,thus-spake-zarathustra-a-book-for-all-and-none,1,,server-1,1,1,1,0.296,2.988,0.955
least-connections-cache-on-warm0,110,1,12.5182,1.177,30.832,32.010,he,the-iliad,1,,server-2,1,1,0,0.206,4.896,6.572
least-connections-cache-on-warm0,110,1,12.5273,2.074,21.785,23.859,and,desert-gold,1,,server-3,1,1,1,0.206,2.576,6.572
least-connections-cache-on-warm0,110,1,12.5364,1.470,14.684,16.154,love,the-wind-in-the-willows,1,,server-1,1,1,1,3.864,2.576,3.438
least-connections-cache-on-warm0,110,1,12.5455,5.015,0.579,5.594,love,the-picture-of-dorian-gray,1,,server-2,1,2,1,2.063,2.576,3.438
least-connections-cache-on-warm0,110,1,12.5545,1.272,0.416,1.688,london,the-picture-of-dorian-gray,1,,server-3,0,0,1,3.646,2.465,5.575
least-connections-cache-on-warm0,110,1,12.5636,1.190,41.187,42.377,castle,dracula,1,,server-1,1,0,0,3.646,2.465,1.895
least-connections-cache-on-warm0,110,1,12.5727,2.634,1.851,4.485,and,the-song-of-the-lark,1,,server-2,1,1,0,1.939,2.465,1.895
least-connections-cache-on-warm0,110,1,12.5818,1.670,14.601,16.270,king,meditations,1,,server-3,1,0,1,1.939,1.093,1.895
least-connections-cache-on-warm0,110,1,12.5909,1.199,15.967,17.166,whale,myths-and-legends-of-ancient-greece-and-rome,1,,server-2,1,1,1,1.939,1.093,1.078
least-connections-cache-on-warm0,110,1,12.6000,1.339,33.919,35.259,death,desperate-remedies,1,,server-3,1,1,1,1.939,0.613,2.957
least-connections-cache-on-warm0,110,1,12.6091,1.417,0.772,2.189,sea,the-scarlet-letter-33,1,,server-1,1,0,1,7.778,2.895,1.600
least-connections-cache-on-warm0,110,1,12.6182,1.629,16.873,18.502,the,around-the-world-in-eighty-days,1,,server-2,0,1,1,2.691,2.895,1.600
least-connections-cache-on-warm0,110,1,12.6273,2.124,1.065,3.190,and,black-beauty,1,,server-1,1,1,1,2.691,1.579,1.600
least-connections-cache-on-warm0,110,1,12.6364,1.344,16.026,17.370,house,treasure-island,1,,server-3,0,1,1,1.067,4.542,6.405
least-connections-cache-on-warm0,110,1,12.6455,1.895,1.004,2.898,money,the-adventures-of-tom-sawyer-complete,1,,server-1,1,0,1,1.067,3.666,3.364
least-connections-cache-on-warm0,110,1,12.6545,1.081,19.591,20.672,night,the-scarlet-letter-33,1,,server-2,0,1,0,0.543,3.666,4.681
least-connections-cache-on-warm0,110,1,12.6636,1.641,0.983,2.625,night,hard-times,1,,server-3,0,1,1,0.543,1.951,4.681
least-connections-cache-on-warm0,110,1,12.6727,1.556,37.042,38.597,he,the-odyssey,1,,server-1,1,1,0,0.543,1.951,1.705
least-connections-cache-on-warm0,110,1,12.6818,1.890,1.172,3.062,love,the-hound-of-the-baskervilles,1,,server-2,1,1,0,0.375,4.347,1.705
least-connections-cache-on-warm0,110,1,12.6909,3.553,42.413,45.966,she,the-iliad,1,,server-3,1,0,1,0.375,1.638,1.705
least-connections-cache-on-warm0,110,1,12.7000,2.393,17.631,20.024,of,anne-of-green-gables,1,,server-2,1,1,1,0.375,1.638,1.089
least-connections-cache-on-warm0,110,1,12.7091,27.768,1.386,29.154,house,the-adventures-of-ferdinand-count-fathom-complete,1,,server-3,1,1,2,0.375,0.974,1.089
least-connections-cache-on-warm0,110,1,12.7182,1.330,0.991,2.321,love,tess-of-the-d-urbervilles-a-pure-woman,1,,server-1,1,1,2,6.082,0.974,1.089
least-connections-cache-on-warm0,110,1,12.7273,1.045,0.674,1.719,house,oliver-twist,1,,server-2,0,1,2,2.111,3.393,1.089
least-connections-cache-on-warm0,110,1,12.7364,1.463,17.779,19.242,love,the-king-in-yellow,1,,server-1,1,0,2,2.111,1.229,6.151
least-connections-cache-on-warm0,110,1,12.7455,1.448,27.647,29.095,whale,life-on-the-mississippi,1,,server-2,1,1,0,1.152,1.229,5.173
least-connections-cache-on-warm0,110,1,12.7545,1.417,16.180,17.596,london,a-princess-of-mars,1,,server-3,1,1,1,1.152,0.707,5.173
least-connections-cache-on-warm0,110,1,12.7636,1.606,11.274,12.880,love,beyond-good-and-evil,1,,server-1,1,1,1,3.513,0.707,2.733
least-connections-cache-on-warm0,110,1,12.7727,1.123,0.517,1.639,death,the-warden,1,,server-3,1,1,1,1.887,0.707,4.254
least-connections-cache-on-warm0,110,1,12.7818,1.110,27.615,28.725,and,sense-and-sensibility,1,,server-1,1,0,0,2.969,4.836,1.493
least-connections-cache-on-warm0,110,1,12.7909,2.048,23.089,25.137,money,sense-and-sensibility,1,,server-2,1,1,0,1.576,4.836,1.493
least-connections-cache-on-warm0,110,1,12.8000,0.995,0.595,1.590,heart,pride-and-prejudice,1,,server-3,1,1,1,1.576,2.607,1.493
least-connections-cache-on-warm0,110,1,12.8091,1.310,0.871,2.181,letter,adventures-of-huckleberry-finn,1,,server-3,1,1,1,1.576,2.607,0.590
least-connections-cache-on-warm0,110,1,12.8182,1.208,0.662,1.870,money,northanger-abbey,1,,server-1,1,0,0,5.405,5.313,0.288
least-connections-cache-on-warm0,110,1,12.8273,1.943,20.591,22.534,he,the-first-men-in-the-moon,1,,server-2,0,1,0,1.882,5.313,0.288
least-connections-cache-on-warm0,110,1,12.8364,2.617,19.329,21.946,she,the-mystery-of-edwin-drood,1,,server-3,0,1,1,1.882,2.843,0.288
least-connections-cache-on-warm0,110,1,12.8455,1.395,0.819,2.214,the,the-american,1,,server-1,1,1,1,1.882,2.843,0.300
least-connections-cache-on-warm0,110,1,12.8545,1.634,0.583,2.217,the,the-innocents-abroad,1,,server-2,0,1,1,0.739,5.045,0.300
least-connections-cache-on-warm0,110,1,12.8636,1.132,0.654,1.787,heart,the-scarlet-letter,1,,server-3,0,0,1,0.739,1.748,3.205
least-connections-cache-on-warm0,110,1,12.8727,1.174,31.291,32.465,the,the-song-of-the-lark,1,,server-1,1,0,0,0.739,1.748,1.164
least-connections-cache-on-warm0,110,1,12.8818,2.388,14.051,16.440,of,the-king-in-yellow,1,,server-2,1,1,0,0.440,1.748,1.164
least-connections-cache-on-warm0,110,1,12.8909,1.108,30.075,31.184,sea,leaves-of-grass,1,,server-3,1,1,1,0.440,1.040,1.164
least-connections-cache-on-warm0,110,1,12.9000,1.267,11.665,12.932,of,the-wind-in-the-willows,1,,server-2,1,1,1,0.440,2.803,0.662
least-connections-cache-on-warm0,110,1,12.9091,1.281,17.843,19.124,he,hard-times,1,,server-1,1,1,1,5.227,1.504,0.662
least-connections-cache-on-warm0,110,1,12.9182,1.266,32.707,33.973,you,the-iliad,1,,server-2,1,1,1,2.737,2.786,0.662
least-connections-cache-on-warm0,110,1,12.9273,1.207,0.559,1.767,he,twenty-thousand-leagues-under-the-sea,1,,server-3,1,1,1,2.737,1.522,5.189
least-connections-cache-on-warm0,110,1,12.9364,1.621,0.798,2.419,death,a-journey-to-the-centre-of-the-earth,1,,server-1,1,1,0,4.544,1.522,1.813
least-connections-cache-on-warm0,110,1,12.9455,1.250,0.597,1.847,the,wuthering-heights,1,,server-3,0,1,1,1.599,1.522,1.813
least-connections-cache-on-warm0,110,1,12.9545,1.003,0.582,1.585,king,the-jungle,1,,server-1,1,0,0,1.599,6.142,0.687
least-connections-cache-on-warm0,110,1,12.9636,1.328,0.801,2.129,of,walden-and-on-the-duty-of-civil-disobedience,1,,server-2,0,1,0,0.611,6.142,0.687
least-connections-cache-on-warm0,110,1,12.9727,2.848,2.181,5.029,sea,herland,1,,server-3,0,0,1,0.611,2.135,0.687
least-connections-cache-on-warm0,110,1,12.9818,5.392,40.300,45.692,you,adventures-of-huckleberry-finn,1,,server-1,1,0,0,0.611,2.135,0.524
least-connections-cache-on-warm0,110,1,12.9909,4.880,39.042,43.922,whale,little-women,1,,server-2,1,1,0,0.571,2.135,0.524
least-connections-cache-on-warm0,110,1,13.0000,4.732,32.009,36.741,letter,the-innocents-abroad,1,,server-3,1,1,1,0.571,1.409,0.524
least-connections-cache-on-warm0,110,1,13.0091,18.453,11.382,29.835,of,beyond-good-and-evil,1,,server-1,2,1,1,0.571,1.409,0.500
least-connections-cache-on-warm0,110,1,13.0182,17.632,23.723,41.355,sea,desperate-remedies,1,,server-2,2,2,1,0.571,1.409,0.500
least-connections-cache-on-warm0,110,1,13.0273,9.994,0.829,10.823,death,pride-and-prejudice,1,,server-3,2,2,2,8.631,1.409,0.500
least-connections-cache-on-warm0,110,1,13.0364,2.448,0.537,2.985,death,around-the-world-in-eighty-days,1,,server-1,2,1,2,5.598,5.269,2.119
least-connections-cache-on-warm0,110,1,13.0455,1.031,21.580,22.611,and,the-return-of-sherlock-holmes,1,,server-3,0,1,1,2.077,5.269,2.705
least-connections-cache-on-warm0,110,1,13.0545,1.252,0.759,2.011,sea,the-warden,1,,server-1,1,1,1,2.077,5.269,1.442
least-connections-cache-on-warm0,110,1,13.0636,1.086,17.742,18.828,sea,the-mystery-of-edwin-drood,1,,server-2,0,1,1,0.848,7.087,1.442
least-connections-cache-on-warm0,110,1,13.0727,1.543,0.843,2.385,of,the-romance-of-lust-a-classic-victorian-erotic-novel,1,,server-3,0,1,1,0.848,3.694,4.352
least-connections-cache-on-warm0,110,1,13.0818,1.307,38.897,40.204,night,villette,1,,server-1,1,1,0,0.848,3.694,1.555
least-connections-cache-on-warm0,110,1,13.0909,1.409,0.813,2.222,money,the-adventures-of-tom-sawyer-complete,1,,server-2,1,1,0,0.503,5.174,1.555
least-connections-cache-on-warm0,110,1,13.1000,1.675,0.721,2.396,of,the-vicomte-de-bragelonne,1,,server-3,1,0,1,0.503,1.815,1.555
least-connections-cache-on-warm0,110,1,13.1091,1.285,0.864,2.149,the,the-moonstone,1,,server-2,1,1,0,0.503,1.815,0.657
least-connections-cache-on-warm0,110,1,13.1182,0.926,13.088,14.014,you,memoirs-of-fanny-hill,1,,server-3,1,0,1,0.503,0.716,0.657
least-connections-cache-on-warm0,110,1,13.1273,1.287,1.154,2.441,love,the-adventures-of-sherlock-holmes,1,,server-1,1,0,1,6.487,0.716,0.394
least-connections-cache-on-warm0,110,1,13.1364,1.354,22.313,23.667,sea,the-first-men-in-the-moon,1,,server-2,0,1,0,2.259,0.716,2.303
least-connections-cache-on-warm0,110,1,13.1455,2.829,1.936,4.765,she,the-age-of-innocence,1,,server-3,0,1,1,2.259,0.455,2.303
least-connections-cache-on-warm0,110,1,13.1545,1.150,0.518,1.668,heart,the-moonstone,1,,server-1,1,1,0,2.259,0.455,1.057
least-connections-cache-on-warm0,110,1,13.1636,1.579,37.853,39.432,the,walden-and-on-the-duty-of-civil-disobedience,1,,server-2,0,1,0,0.841,3.813,1.057
least-connections-cache-on-warm0,110,1,13.1727,2.948,23.564,26.511,whale,meditations,1,,server-3,0,1,1,0.841,2.056,1.057
least-connections-cache-on-warm0,110,1,13.1818,4.857,30.244,35.101,death,oliver-twist,1,,server-1,1,1,1,0.841,2.056,0.703
least-connections-cache-on-warm0,110,1,13.1909,12.211,14.005,26.217,house,kidnapped,1,,server-2,1,2,1,0.705,2.056,0.703
least-connections-cache-on-warm0,110,1,13.2000,1.512,13.029,14.541,letter,the-king-in-yellow,1,,server-3,1,2,1,0.705,2.056,4.079
least-connections-cache-on-warm0,110,1,13.2091,8.280,19.113,27.393,you,walden-and-on-the-duty-of-civil-disobedience,1,,server-1,2,1,1,0.705,5.445,2.146
least-connections-cache-on-warm0,110,1,13.2182,1.437,14.931,16.368,money,agnes-grey,1,,server-2,1,1,0,3.874,5.668,3.365
least-connections-cache-on-warm0,110,1,13.2273,1.304,0.626,1.930,castle,the-warden,1,,server-3,1,1,1,3.874,2.960,3.365
least-connections-cache-on-warm0,110,1,13.2364,1.650,19.385,21.035,and,wuthering-heights,1,,server-2,1,1,0,6.807,4.220,1.211
least-connections-cache-on-warm0,110,1,13.2455,1.576,0.788,2.364,king,poirot-investigates,1,,server-3,0,1,1,5.497,2.226,1.211
least-connections-cache-on-warm0,110,1,13.2545,1.315,0.785,2.100,house,myths-and-legends-of-ancient-greece-and-rome,1,,server-1,1,1,0,5.497,2.226,0.511
least-connections-cache-on-warm0,110,1,13.2636,1.249,22.267,23.516,of,frankenstein-or-the-modern-prometheus-41445,1,,server-2,0,1,0,1.928,4.489,0.511
least-connections-cache-on-warm0,110,1,13.2727,2.520,27.239,29.759,king,the-adventures-of-sherlock-holmes,1,,server-3,0,1,1,1.928,2.375,0.511
least-connections-cache-on-warm0,110,1,13.2818,2.083,1.032,3.115,london,anne-of-green-gables,1,,server-1,1,1,1,1.928,2.375,0.392
least-connections-cache-on-warm0,110,1,13.2909,1.477,15.274,16.751,house,desert-gold,1,,server-2,0,1,1,0.773,5.022,0.392
least-connections-cache-on-warm0,110,1,13.3000,1.159,18.464,19.623,house,silas-marner,1,,server-1,1,1,1,0.773,2.651,0.392
least-connections-cache-on-warm0,110,1,13.3091,1.601,0.654,2.255,london,leaves-of-grass,1,,server-2,1,1,0,0.464,4.096,4.479
least-connections-cache-on-warm0,110,1,13.3182,1.336,1.017,2.353,whale,persuasion,1,,server-3,1,0,1,0.464,1.453,4.479
least-connections-cache-on-warm0,110,1,13.3273,2.196,1.660,3.857,whale,jude-the-obscure,1,,server-1,1,0,0,3.208,1.453,1.608
least-connections-cache-on-warm0,110,1,13.3364,4.084,0.758,4.842,sea,a-princess-of-mars,1,,server-2,0,1,0,1.302,1.453,1.608
least-connections-cache-on-warm0,110,1,13.3455,1.048,18.440,19.488,she,the-king-in-yellow,1,,server-3,0,0,1,1.302,0.699,1.608
least-connections-cache-on-warm0,110,1,13.3545,2.747,14.614,17.361,london,the-adventures-of-tom-sawyer-complete,1,,server-1,1,0,1,1.302,0.699,0.874
least-connections-cache-on-warm0,110,1,13.3636,1.702,38.043,39.745,heart,the-romance-of-lust-a-classic-victorian-erotic-novel,1,,server-2,1,1,1,0.793,0.699,0.874
least-connections-cache-on-warm0,110,1,13.3727,1.512,17.422,18.934,castle,meditations,1,,server-3,0,1,1,2.816,0.450,3.467
least-connections-cache-on-warm0,110,1,13.3818,1.815,34.239,36.054,she,the-romance-of-lust-a-classic-victorian-erotic-novel,1,,server-1,1,1,1,2.816,0.450,1.844
least-connections-cache-on-warm0,110,1,13.3909,13.115,24.457,37.572,love,sense-and-sensibility,1,,server-2,1,2,1,1.536,0.450,1.844
least-connections-cache-on-warm0,110,1,13.4000,2.223,27.303,29.526,king,life-on-the-mississippi,1,,server-3,1,2,1,1.536,0.450,3.879
least-connections-cache-on-warm0,110,1,13.4091,9.450,1.229,10.679,whale,the-scarlet-letter,1,,server-1,2,1,1,1.536,4.473,2.092
least-connections-cache-on-warm0,110,1,13.4182,11.356,0.874,12.230,was,anne-of-green-gables,1,,server-2,2,2,1,5.172,4.473,2.092
least-connections-cache-on-warm0,110,1,13.4273,1.374,17.889,19.263,the,the-first-men-in-the-moon,1,,server-1,1,2,1,2.771,4.473,2.092
least-connections-cache-on-warm0,110,1,13.4364,1.040,11.836,12.876,the,the-wind-in-the-willows,1,,server-2,1,1,0,1.508,2.983,5.598
least-connections-cache-on-warm0,110,1,13.4455,1.003,0.502,1.505,you,washington-square,1,,server-3,1,1,1,1.508,1.582,5.598
least-connections-cache-on-warm0,110,1,13.4545,1.146,0.536,1.682,night,the-war-of-the-worlds,1,,server-1,1,0,0,3.750,2.873,1.920
least-connections-cache-on-warm0,110,1,13.4636,2.141,1.239,3.380,horse,dubliners,1,,server-2,0,1,0,1.328,2.873,1.920
least-connections-cache-on-warm0,110,1,13.4727,3.715,2.455,6.170,king,walden-and-on-the-duty-of-civil-disobedience,1,,server-3,0,0,1,1.328,1.150,1.920
least-connections-cache-on-warm0,110,1,13.4818,5.723,46.745,52.468,the,emma,1,,server-1,1,0,0,1.328,1.150,1.019
least-connections-cache-on-warm0,110,1,13.4909,5.529,23.982,29.511,house,dubliners,1,,server-2,1,1,0,0.989,1.150,1.019
least-connections-cache-on-warm0,110,1,13.5000,6.003,3.683,9.687,sea,the-return-of-sherlock-holmes,1,,server-3,1,1,1,0.989,0.869,1.019
least-connections-cache-on-warm0,110,1,13.5091,25.817,24.142,49.959,whale,walden-and-on-the-duty-of-civil-disobedience,1,,server-1,2,1,1,0.989,0.869,0.991
least-connections-cache-on-warm0,110,1,13.5182,1.043,16.233,17.276,love,twenty-thousand-leagues-under-the-sea,1,,server-3,2,1,1,0.989,0.869,0.856
least-connections-cache-on-warm0,110,1,13.5273,1.324,0.601,1.925,money,the-last-of-the-mohicans-a-narrative-of-1757,1,,server-2,2,1,1,0.989,4.208,0.488
least-connections-cache-on-warm0,110,1,13.5364,1.181,23.735,24.916,and,a-tale-of-two-cities,1,,server-3,1,0,1,6.466,1.477,2.897
least-connections-cache-on-warm0,110,1,13.5455,1.292,0.655,1.947,horse,the-last-of-the-mohicans-a-narrative-of-1757,1,,server-2,1,1,1,6.466,1.477,1.534
least-connections-cache-on-warm0,110,1,13.5545,1.361,26.032,27.393,sea,the-house-of-mirth,1,,server-2,1,1,1,6.466,0.583,1.534
least-connections-cache-on-warm0,110,1,13.5636,1.241,0.763,2.004,and,the-house-of-the-seven-gables,1,,server-3,0,1,1,7.955,0.359,4.730
least-connections-cache-on-warm0,110,1,13.5727,2.003,1.081,3.083,money,desperate-remedies,1,,server-1,1,1,0,7.955,0.359,1.666
least-connections-cache-on-warm0,110,1,13.5818,1.201,0.714,1.914,death,anne-of-green-gables,1,,server-3,0,1,1,2.783,5.376,1.666
least-connections-cache-on-warm0,110,1,13.5909,1.622,37.009,38.631,love,north-and-south,1,,server-1,1,0,0,2.783,4.347,0.658
least-connections-cache-on-warm0,110,1,13.6000,2.761,15.146,17.907,king,the-adventures-of-tom-sawyer-complete,1,,server-2,1,1,0,1.519,4.347,0.658
least-connections-cache-on-warm0,110,1,13.6091,1.386,16.471,17.857,letter,the-return-of-sherlock-holmes,1,,server-3,1,1,1,1.519,2.364,0.658
least-connections-cache-on-warm0,110,1,13.6182,1.227,16.845,18.072,night,the-works-of-edgar-allan-poe-volume-2,1,,server-2,1,1,1,1.519,3.849,0.402
least-connections-cache-on-warm0,110,1,13.6273,1.773,16.900,18.674,night,the-return-of-sherlock-holmes,1,,server-3,1,1,1,1.519,2.026,2.815
least-connections-cache-on-warm0,110,1,13.6364,1.376,0.659,2.035,night,the-iliad,1,,server-1,1,1,1,6.822,3.906,1.512
least-connections-cache-on-warm0,110,1,13.6455,1.236,0.590,1.826,he,the-works-of-edgar-allan-poe-volume-2,1,,server-2,0,1,1,2.345,3.906,1.512
least-connections-cache-on-warm0,110,1,13.6545,1.046,15.110,16.157,london,frankenstein-or-the-modern-prometheus-41445,1,,server-3,0,0,1,2.345,1.371,3.638
least-connections-cache-on-warm0,110,1,13.6636,1.920,1.076,2.996,was,the-mystery-of-edwin-drood,1,,server-1,1,0,1,2.345,1.371,1.913
least-connections-cache-on-warm0,110,1,13.6727,1.117,0.571,1.688,was,mansfield-park,1,,server-2,0,1,0,0.944,1.371,3.599
least-connections-cache-on-warm0,110,1,13.6818,2.134,1.516,3.649,king,the-house-of-mirth,1,,server-3,0,0,1,0.944,0.550,3.599
least-connections-cache-on-warm0,110,1,13.6909,4.972,40.605,45.576,the,thus-spake-zarathustra-a-book-for-all-and-none,1,,server-1,1,0,0,0.944,0.550,1.418
least-connections-cache-on-warm0,110,1,13.7000,4.815,2.993,7.808,the,mansfield-park,1,,server-2,1,1,0,0.739,0.550,1.418
least-connections-cache-on-warm0,110,1,13.7091,4.200,34.034,38.235,king,dracula,1,,server-3,1,0,1,0.739,0.622,1.418
least-connections-cache-on-warm0,110,1,13.7182,3.045,1.336,4.381,letter,the-house-of-mirth,1,,server-2,1,1,1,0.739,0.622,0.993
least-connections-cache-on-warm0,110,1,13.7273,1.253,0.640,1.894,whale,the-romance-of-lust-a-classic-victorian-erotic-novel,1,,server-2,1,1,1,0.739,0.432,0.993
least-connections-cache-on-warm0,110,1,13.7364,0.918,0.611,1.530,money,the-odyssey,1,,server-2,1,1,1,8.507,0.239,0.993
least-connections-cache-on-warm0,110,1,13.7455,1.150,14.183,15.333,london,treasure-island,1,,server-1,1,0,1,6.840,0.168,0.993
least-connections-cache-on-warm0,110,1,13.7545,1.056,12.351,13.408,house,herland,1,,server-2,1,1,0,3.573,0.168,5.881
least-connections-cache-on-warm0,110,1,13.7636,1.837,35.024,36.860,sea,the-return-of-sherlock-holmes-108,1,,server-3,0,1,1,4.508,0.147,5.881
least-connections-cache-on-warm0,110,1,13.7727,2.580,1.242,3.822,was,the-mysterious-island,1,,server-1,1,0,1,4.508,2.023,3.116
least-connections-cache-on-warm0,110,1,13.7818,3.668,1.554,5.222,you,a-tale-of-two-cities,1,,server-2,0,1,1,1.687,2.023,3.116
least-connections-cache-on-warm0,110,1,13.7909,1.678,0.808,2.486,the,persuasion,1,,server-1,1,0,1,1.687,0.897,3.116
least-connections-cache-on-warm0,110,1,13.8000,1.251,17.751,19.002,castle,the-first-men-in-the-moon,1,,server-2,0,1,1,0.667,0.897,3.116
least-connections-cache-on-warm0,110,1,13.8091,1.542,0.863,2.404,horse,the-scarlet-letter,1,,server-3,0,1,1,0.667,0.520,7.512
least-connections-cache-on-warm0,110,1,13.8182,1.232,22.545,23.778,the,the-secret-adversary,1,,server-1,1,1,0,0.667,0.520,2.577
least-connections-cache-on-warm0,110,1,13.8273,2.790,18.142,20.932,whale,the-secret-garden,1,,server-2,1,1,0,0.403,3.108,2.577
least-connections-cache-on-warm0,110,1,13.8364,1.354,0.628,1.982,she,agnes-grey,1,,server-3,1,1,1,0.403,1.722,2.577
least-connections-cache-on-warm0,110,1,13.8455,1.822,1.174,2.996,death,the-iliad-2199,1,,server-1,1,1,0,3.825,1.722,0.937
least-connections-cache-on-warm0,110,1,13.8545,2.187,43.901,46.088,london,desperate-remedies,1,,server-2,0,1,0,1.429,3.900,0.937
least-connections-cache-on-warm0,110,1,13.8636,4.102,35.887,39.989,whale,desert-gold,1,,server-3,0,1,1,1.429,2.132,0.937
least-connections-cache-on-warm0,110,1,13.8727,4.803,2.463,7.266,castle,mansfield-park,1,,server-1,1,1,1,1.429,2.132,0.724
least-connections-cache-on-warm0,110,1,13.8818,2.698,24.463,27.161,he,the-age-of-innocence,1,,server-1,1,1,1,0.887,2.132,0.724
least-connections-cache-on-warm0,110,1,13.8909,10.057,0.960,11.018,night,jane-eyre-an-autobiography,1,,server-2,1,2,1,0.600,2.132,0.724
least-connections-cache-on-warm0,110,1,13.9000,4.064,0.905,4.969,and,life-on-the-mississippi,1,,server-3,1,2,2,0.600,3.467,0.724
least-connections-cache-on-warm0,110,1,13.9091,1.167,27.306,28.472,castle,the-jungle,1,,server-2,1,1,0,4.169,3.881,2.712
least-connections-cache-on-warm0,110,1,13.9182,1.732,1.017,2.748,house,north-and-south,1,,server-3,0,1,1,4.169,2.031,2.712
least-connections-cache-on-warm0,110,1,13.9273,1.258,0.525,1.783,of,kidnapped,1,,server-1,1,1,0,4.169,2.031,1.050
least-connections-cache-on-warm0,110,1,13.9364,0.988,0.712,1.700,whale,a-tale-of-two-cities,1,,server-3,0,1,1,1.464,2.031,1.050
least-connections-cache-on-warm0,110,1,13.9455,1.128,26.121,27.249,king,hard-times,1,,server-1,1,0,0,1.464,5.641,0.434
least-connections-cache-on-warm0,110,1,13.9545,1.941,38.454,40.395,castle,the-moonstone,1,,server-2,1,1,0,0.802,5.641,0.434
least-connections-cache-on-warm0,110,1,13.9636,1.150,0.554,1.704,and,northanger-abbey,1,,server-3,1,1,1,0.802,3.021,0.434
least-connections-cache-on-warm0,110,1,13.9727,1.943,20.514,22.457,he,walden-and-on-the-duty-of-civil-disobedience,1,,server-3,1,1,1,4.666,3.021,0.232
least-connections-cache-on-warm0,110,1,13.9818,2.177,0.980,3.157,he,the-return-of-sherlock-holmes,1,,server-1,1,1,1,4.666,3.021,0.220
least-connections-cache-on-warm0,110,1,13.9909,1.158,27.664,28.822,death,jude-the-obscure,1,,server-1,1,1,1,1.680,3.021,0.220
least-connections-cache-on-warm0,110,1,14.0000,1.456,0.619,2.075,was,the-war-of-the-worlds,1,,server-2,1,1,0,0.912,7.995,3.334
least-connections-cache-on-warm0,110,1,14.0091,1.831,15.960,17.792,of,black-beauty,1,,server-3,1,0,1,0.912,2.728,3.334
least-connections-cache-on-warm0,110,1,14.0182,1.028,0.624,1.652,the,desert-gold,1,,server-2,1,1,1,0.912,2.728,1.823
least-connections-cache-on-warm0,110,1,14.0273,1.013,25.034,26.047,money,far-from-the-madding-crowd,1,,server-3,0,0,1,4.978,0.988,3.655
least-connections-cache-on-warm0,110,1,14.0364,1.075,29.785,30.860,night,little-women,1,,server-1,1,0,1,4.978,0.988,1.927
least-connections-cache-on-warm0,110,1,14.0455,1.510,0.638,2.148,and,the-kama-sutra-of-vatsyayana,1,,server-2,1,1,1,2.614,0.988,1.927
least-connections-cache-on-warm0,110,1,14.0545,1.072,0.585,1.657,love,his-last-bow,1,,server-3,1,0,1,2.614,0.437,5.195
least-connections-cache-on-warm0,110,1,14.0636,1.270,28.423,29.693,horse,the-adventures-of-ferdinand-count-fathom-complete,1,,server-2,1,1,0,2.614,0.437,1.800
least-connections-cache-on-warm0,110,1,14.0727,1.827,19.591,21.418,she,the-portrait-of-a-lady-volume-1,1,,server-3,0,1,1,6.412,0.327,1.800
least-connections-cache-on-warm0,110,1,14.0818,1.803,19.790,21.593,death,the-works-of-edgar-allan-poe-volume-2,1,,server-1,1,1,1,6.412,0.327,1.005
least-connections-cache-on-warm0,110,1,14.0909,2.719,0.956,3.675,sea,meditations,1,,server-2,1,2,1,3.405,0.327,1.005
least-connections-cache-on-warm0,110,1,14.1000,1.412,11.603,13.015,he,the-great-gatsby,1,,server-3,1,0,1,3.405,2.092,3.732
least-connections-cache-on-warm0,110,1,14.1091,1.381,17.497,18.877,and,around-the-world-in-eighty-days,1,,server-1,1,0,1,5.290,2.092,1.974
least-connections-cache-on-warm0,110,1,14.1182,1.447,0.726,2.173,love,the-prince,1,,server-2,1,1,0,2.786,2.092,3.070
least-connections-cache-on-warm0,110,1,14.1273,2.212,38.510,40.721,love,the-iliad-2199,1,,server-3,1,0,1,5.636,0.796,3.070
least-connections-cache-on-warm0,110,1,14.1364,3.760,2.531,6.291,love,the-scarlet-letter,1,,server-1,1,0,1,4.530,0.796,1.690
least-connections-cache-on-warm0,110,1,14.1455,2.755,1.294,4.048,castle,the-tenant-of-wildfell-hall,1,,server-2,0,1,1,1.824,0.796,1.690
least-connections-cache-on-warm0,110,1,14.1545,1.148,0.648,1.796,night,jane-eyre-an-autobiography,1,,server-1,1,0,1,1.824,0.437,1.690
least-connections-cache-on-warm0,110,1,14.1636,1.065,12.527,13.592,night,the-picture-of-dorian-gray,1,,server-2,0,1,1,0.696,0.437,1.690
least-connections-cache-on-warm0,110,1,14.1727,1.351,0.587,1.937,castle,the-odyssey,1,,server-3,0,1,1,0.696,0.269,7.171
least-connections-cache-on-warm0,110,1,14.1818,2.058,0.928,2.986,london,a-tale-of-two-cities,1,,server-1,1,0,0,0.696,2.131,2.451
least-connections-cache-on-warm0,110,1,14.1909,1.402,32.388,33.790,of,the-iliad-2199,1,,server-2,0,1,0,0.368,2.131,2.451
least-connections-cache-on-warm0,110,1,14.2000,1.255,29.238,30.493,was,far-from-the-madding-crowd,1,,server-3,0,1,1,0.368,1.160,2.451
least-connections-cache-on-warm0,110,1,14.2091,1.839,0.891,2.730,night,the-picture-of-dorian-gray,1,,server-1,1,1,1,0.368,1.160,1.337
least-connections-cache-on-warm0,110,1,14.2182,1.117,26.720,27.837,of,the-last-of-the-mohicans-a-narrative-of-1757,1,,server-1,1,1,1,0.277,1.160,1.337
least-connections-cache-on-warm0,110,1,14.2273,1.439,10.853,12.292,heart,poirot-investigates,1,,server-2,1,1,1,0.201,5.847,1.337
least-connections-cache-on-warm0,110,1,14.2364,3.106,14.618,17.723,letter,agnes-grey,1,,server-3,1,1,1,0.201,3.055,5.509
least-connections-cache-on-warm0,110,1,14.2455,1.465,0.677,2.142,house,the-kama-sutra-of-vatsyayana,1,,server-2,1,1,1,5.437,3.549,2.891
least-connections-cache-on-warm0,110,1,14.2545,1.093,0.547,1.641,and,autobiography-of-benjamin-franklin,1,,server-3,0,0,1,4.362,1.285,4.147
least-connections-cache-on-warm0,110,1,14.2636,1.749,1.030,2.778,whale,twenty-thousand-leagues-under-the-sea,1,,server-1,1,0,0,4.362,1.285,1.457
least-connections-cache-on-warm0,110,1,14.2727,3.233,23.910,27.142,whale,the-jungle-book,1,,server-2,0,1,0,1.608,1.285,1.457
least-connections-cache-on-warm0,110,1,14.2818,4.466,47.014,51.480,death,the-mysterious-island,1,,server-3,0,1,1,1.608,0.885,1.457
least-connections-cache-on-warm0,110,1,14.2909,2.609,17.171,19.780,was,the-picture-of-dorian-gray,1,,server-1,1,1,1,1.608,0.885,1.009
least-connections-cache-on-warm0,110,1,14.3000,1.314,0.628,1.942,love,the-house-of-the-seven-gables,1,,server-2,1,1,1,0.987,4.250,1.009
least-connections-cache-on-warm0,110,1,14.3091,1.115,19.604,20.719,london,the-portrait-of-a-lady-volume-1,1,,server-2,1,1,1,0.987,1.494,1.009
least-connections-cache-on-warm0,110,1,14.3182,1.459,15.988,17.447,heart,a-journey-to-the-centre-of-the-earth,1,,server-1,1,1,1,3.289,0.822,1.009
least-connections-cache-on-warm0,110,1,14.3273,2.984,32.664,35.648,whale,north-and-south,1,,server-2,1,2,1,1.757,0.822,1.009
least-connections-cache-on-warm0,110,1,14.3364,1.333,0.660,1.993,night,villette,1,,server-3,0,1,1,3.659,2.088,8.026
least-connections-cache-on-warm0,110,1,14.3455,1.375,15.319,16.694,king,kidnapped,1,,server-1,1,1,0,3.659,2.088,2.746
least-connections-cache-on-warm0,110,1,14.3545,1.675,21.103,22.778,whale,the-adventures-of-sherlock-holmes,1,,server-3,1,1,1,1.949,2.088,2.746
least-connections-cache-on-warm0,110,1,14.3636,1.474,13.879,15.353,london,the-secret-adversary,1,,server-1,1,0,1,3.655,6.516,1.483
least-connections-cache-on-warm0,110,1,14.3727,1.416,0.818,2.234,london,myths-and-legends-of-ancient-greece-and-rome,1,,server-2,1,1,1,1.933,6.516,1.483
least-connections-cache-on-warm0,110,1,14.3818,1.204,0.497,1.701,horse,the-return-of-sherlock-holmes-108,1,,server-3,0,0,1,3.389,2.263,4.288
least-connections-cache-on-warm0,110,1,14.3909,2.437,1.480,3.917,sea,jude-the-obscure,1,,server-1,1,0,0,3.389,2.263,1.482
least-connections-cache-on-warm0,110,1,14.4000,4.527,52.449,56.976,heart,desperate-remedies,1,,server-2,0,1,0,1.334,2.263,1.482
least-connections-cache-on-warm0,110,1,14.4091,4.821,2.015,6.836,was,mansfield-park,1,,server-3,0,1,1,1.334,1.419,1.482
least-connections-cache-on-warm0,110,1,14.4182,5.141,2.753,7.895,love,dracula,1,,server-1,1,1,0,1.334,1.419,0.738
least-connections-cache-on-warm0,110,1,14.4273,3.662,1.682,5.344,king,far-from-the-madding-crowd,1,,server-3,0,1,1,0.883,1.419,0.738
least-connections-cache-on-warm0,110,1,14.4364,1.459,0.679,2.138,of,the-jungle,1,,server-1,1,1,0,0.883,1.419,0.529
least-connections-cache-on-warm0,110,1,14.4455,2.687,1.362,4.048,horse,the-adventures-of-ferdinand-count-fathom-complete,1,,server-3,0,1,1,0.426,1.419,0.529
least-connections-cache-on-warm0,110,1,14.4545,1.276,0.752,2.028,house,frankenstein-or-the-modern-prometheus,1,,server-1,1,1,0,0.426,1.419,0.338
least-connections-cache-on-warm0,110,1,14.4636,1.286,20.028,21.314,of,white-fang,1,,server-2,0,1,0,0.263,9.072,0.338
least-connections-cache-on-warm0,110,1,14.4727,2.739,17.909,20.648,the,the-adventures-of-sherlock-holmes,1,,server-3,0,1,1,0.263,4.712,0.338
least-connections-cache-on-warm0,110,1,14.4818,1.311,0.578,1.889,she,dracula,1,,server-1,1,1,1,0.263,4.712,0.315
least-connections-cache-on-warm0,110,1,14.4909,1.053,0.670,1.723,money,silas-marner,1,,server-2,0,1,1,0.198,6.166,0.315
least-connections-cache-on-warm0,110,1,14.5000,1.247,22.572,23.819,was,the-secret-garden,1,,server-3,0,0,1,0.198,2.136,2.961
least-connections-cache-on-warm0,110,1,14.5091,3.039,1.777,4.816,was,beyond-good-and-evil,1,,server-1,1,0,1,0.198,2.136,1.587
least-connections-cache-on-warm0,110,1,14.5182,2.397,0.778,3.175,sea,anne-of-green-gables,1,,server-2,0,1,1,0.368,2.136,1.587
least-connections-cache-on-warm0,110,1,14.5273,1.198,0.748,1.946,night,silas-marner,1,,server-3,0,0,1,0.368,0.829,4.586
least-connections-cache-on-warm0,110,1,14.5364,3.028,31.997,35.026,death,the-last-of-the-mohicans-a-narrative-of-1757-27681,1,,server-1,1,0,0,0.368,0.829,1.599
least-connections-cache-on-warm0,110,1,14.5455,5.778,15.624,21.402,king,the-wind-in-the-willows,1,,server-2,1,1,0,0.346,0.829,1.599
least-connections-cache-on-warm0,110,1,14.5545,1.438,0.641,2.079,she,desert-gold,1,,server-3,1,1,1,0.346,0.708,1.599
least-connections-cache-on-warm0,110,1,14.5636,1.405,0.717,2.121,heart,agnes-grey,1,,server-3,1,1,1,0.346,0.708,0.632
least-connections-cache-on-warm0,110,1,14.5727,1.218,10.221,11.439,heart,the-jungle-book,1,,server-1,1,0,0,5.219,2.766,0.300
least-connections-cache-on-warm0,110,1,14.5818,1.259,0.588,1.847,heart,the-divine-comedy,1,,server-2,1,1,0,2.754,2.766,0.300
least-connections-cache-on-warm0,110,1,14.5909,0.984,37.008,37.993,was,the-song-of-the-lark,1,,server-3,0,0,1,3.360,1.006,0.300
least-connections-cache-on-warm0,110,1,14.6000,2.140,1.315,3.456,night,the-last-of-the-mohicans-a-narrative-of-1757-27681,1,,server-1,1,0,1,3.360,1.006,0.217
least-connections-cache-on-warm0,110,1,14.6091,2.998,1.181,4.178,night,the-works-of-edgar-allan-poe-volume-2,1,,server-2,0,1,1,1.310,1.006,0.217
least-connections-cache-on-warm0,110,1,14.6182,1.392,22.079,23.472,she,the-divine-comedy,1,,server-1,1,0,1,1.310,0.577,0.217
least-connections-cache-on-warm0,110,1,14.6273,1.917,27.134,29.050,letter,the-tenant-of-wildfell-hall,1,,server-2,1,1,1,0.746,0.577,0.217
least-connections-cache-on-warm0,110,1,14.6364,1.331,0.585,1.916,he,the-age-of-innocence,1,,server-3,1,1,1,0.746,0.379,6.020
least-connections-cache-on-warm0,110,1,14.6455,1.148,0.578,1.726,house,herland,1,,server-1,1,1,0,3.973,0.379,2.072
least-connections-cache-on-warm0,110,1,14.6545,0.960,0.525,1.484,letter,north-and-south,1,,server-3,0,1,1,1.406,0.379,2.072
least-connections-cache-on-warm0,110,1,14.6636,0.885,44.890,45.774,king,villette,1,,server-1,1,0,0,1.406,4.509,0.763
least-connections-cache-on-warm0,110,1,14.6727,1.887,33.625,35.512,whale,the-american,1,,server-2,1,1,0,0.773,4.509,0.763
least-connections-cache-on-warm0,110,1,14.6818,3.497,1.467,4.964,the,the-king-in-yellow,1,,server-3,1,1,1,0.773,2.427,0.763
least-connections-cache-on-warm0,110,1,14.6909,1.522,15.018,16.541,london,the-scarlet-letter-33,1,,server-3,1,1,1,0.773,2.427,0.504
least-connections-cache-on-warm0,110,1,14.7000,9.172,0.990,10.162,night,autobiography-of-benjamin-franklin,1,,server-1,2,1,1,0.773,2.427,0.341
least-connections-cache-on-warm0,110,1,14.7091,1.642,0.624,2.266,king,the-mystery-of-edwin-drood,1,,server-2,2,1,0,5.473,6.843,2.549
least-connections-cache-on-warm0,110,1,14.7182,1.409,0.775,2.184,horse,cranford,1,,server-3,0,0,1,3.566,2.343,2.549
least-connections-cache-on-warm0,110,1,14.7273,2.657,1.657,4.315,the,the-house-of-the-seven-gables,1,,server-1,1,0,0,3.566,2.343,0.971
least-connections-cache-on-warm0,110,1,14.7364,4.904,34.704,39.608,night,the-odyssey,1,,server-2,0,1,0,1.425,2.343,0.971
least-connections-cache-on-warm0,110,1,14.7455,3.625,0.618,4.243,you,frankenstein-or-the-modern-prometheus-41445,1,,server-3,0,1,1,1.425,1.445,0.971
least-connections-cache-on-warm0,110,1,14.7545,4.096,13.224,17.320,whale,around-the-world-in-eighty-days,1,,server-1,1,1,0,1.425,1.445,0.419
least-connections-cache-on-warm0,110,1,14.7636,1.669,29.349,31.018,horse,great-expectations,1,,server-3,1,1,1,0.948,1.445,0.419
least-connections-cache-on-warm0,110,1,14.7727,1.185,0.624,1.809,the,the-age-of-innocence,1,,server-1,1,1,1,2.573,1.445,0.282
least-connections-cache-on-warm0,110,1,14.7818,2.024,17.768,19.792,whale,thus-spake-zarathustra-a-book-for-all-and-none,1,,server-2,0,1,1,0.938,6.226,0.282
least-connections-cache-on-warm0,110,1,14.7909,1.909,9.531,11.439,castle,the-kama-sutra-of-vatsyayana,1,,server-1,1,1,1,0.938,3.297,0.282
least-connections-cache-on-warm0,110,1,14.8000,1.320,1.143,2.463,death,grimms-fairy-tales,1,,server-3,1,1,1,0.536,3.297,4.828
least-connections-cache-on-warm0,110,1,14.8091,1.418,38.340,39.758,heart,the-return-of-sherlock-holmes,1,,server-1,1,0,0,1.830,4.872,1.714
least-connections-cache-on-warm0,110,1,14.8182,3.203,1.983,5.186,death,the-last-of-the-mohicans-a-narrative-of-1757,1,,server-2,1,1,0,1.014,4.872,1.714
least-connections-cache-on-warm0,110,1,14.8273,3.391,2.776,6.167,she,memoirs-of-fanny-hill,1,,server-3,1,0,1,1.014,1.893,1.714
least-connections-cache-on-warm0,110,1,14.8364,3.406,1.717,5.123,money,agnes-grey,1,,server-2,1,1,0,1.014,1.893,0.974
least-connections-cache-on-warm0,110,1,14.8455,1.801,13.153,14.954,she,the-hound-of-the-baskervilles,1,,server-3,1,0,1,1.014,0.876,0.974
least-connections-cache-on-warm0,110,1,14.8545,1.723,22.089,23.812,she,anne-of-green-gables,1,,server-1,1,0,1,6.747,0.876,0.598
least-connections-cache-on-warm0,110,1,14.8636,1.955,1.396,3.350,heart,the-hound-of-the-baskervilles-3070,1,,server-2,1,1,0,3.558,0.876,2.398
least-connections-cache-on-warm0,110,1,14.8727,1.403,37.740,39.143,money,the-iliad,1,,server-3,1,0,1,3.558,0.478,2.398
least-connections-cache-on-warm0,110,1,14.8818,1.646,0.814,2.461,heart,memoirs-of-fanny-hill,1,,server-1,1,0,1,5.763,0.478,1.280
least-connections-cache-on-warm0,110,1,14.8909,1.544,25.088,26.631,house,the-adventures-of-sherlock-holmes,1,,server-2,0,1,1,2.034,0.478,1.280
least-connections-cache-on-warm0,110,1,14.9000,1.701,20.097,21.798,love,the-memoirs-of-sherlock-holmes,1,,server-1,1,1,1,2.034,0.307,1.280
least-connections-cache-on-warm0,110,1,14.9091,8.736,12.788,21.524,horse,meditations,1,,server-2,1,2,1,1.111,0.307,1.280
least-connections-cache-on-warm0,110,1,14.9182,1.353,12.171,13.524,king,the-lost-world,1,,server-3,1,1,1,1.111,3.300,6.815
least-connections-cache-on-warm0,110,1,14.9273,1.331,30.078,31.409,heart,tess-of-the-d-urbervilles-a-pure-woman,1,,server-1,1,1,1,3.857,3.300,3.578
least-connections-cache-on-warm0,110,1,14.9364,1.110,0.614,1.724,castle,the-iliad,1,,server-2,1,1,0,2.035,4.082,4.182
least-connections-cache-on-warm0,110,1,14.9455,1.054,0.686,1.740,sea,the-iliad,1,,server-3,1,0,1,2.035,1.442,4.182
least-connections-cache-on-warm0,110,1,14.9545,1.298,0.816,2.114,she,adventures-of-huckleberry-finn,1,,server-2,1,1,0,2.035,1.442,1.491
least-connections-cache-on-warm0,110,1,14.9636,2.409,26.967,29.376,death,northanger-abbey,1,,server-3,0,0,1,6.054,0.591,1.491
least-connections-cache-on-warm0,110,1,14.9727,4.235,16.475,20.710,horse,memoirs-of-fanny-hill,1,,server-1,1,0,1,6.054,0.591,0.902
least-connections-cache-on-warm0,110,1,14.9818,1.317,31.266,32.583,love,villette,1,,server-2,1,1,1,3.322,0.591,0.902
least-connections-cache-on-warm0,110,1,14.9909,2.614,26.879,29.494,was,jude-the-obscure,1,,server-3,1,1,2,3.322,0.368,0.902
