label,rate,run,t_s,conn_ms,rpc_ms,total_ms,keyword,reference,ok,error_type,selected_server,server_1_connections,server_2_connections,server_3_connections,server_1_response_ewma_ms,server_2_response_ewma_ms,server_3_response_ewma_ms
least-connections-cache-on-warm500,130,3,0.0000,1.669,0.980,2.649,he,the-secret-garden,1,,server-1,1,0,0,2.291,5.989,3.184
least-connections-cache-on-warm500,130,3,0.0077,2.828,37.089,39.918,you,grimms-fairy-tales,1,,server-2,0,1,0,0.902,5.989,3.184
least-connections-cache-on-warm500,130,3,0.0154,4.412,25.859,30.271,of,cranford,1,,server-3,0,1,1,0.902,3.215,3.184
least-connections-cache-on-warm500,130,3,0.0231,4.692,25.640,30.332,money,the-return-of-sherlock-holmes,1,,server-1,1,1,1,0.902,3.215,1.849
least-connections-cache-on-warm500,130,3,0.0308,16.303,14.820,31.124,night,cranford,1,,server-2,1,2,1,0.731,3.215,1.849
least-connections-cache-on-warm500,130,3,0.0385,6.764,13.810,20.574,heart,the-scarlet-letter,1,,server-3,1,2,2,0.731,3.215,1.849
least-connections-cache-on-warm500,130,3,0.0462,7.787,28.004,35.791,was,far-from-the-madding-crowd,1,,server-1,2,2,2,0.731,3.215,5.295
least-connections-cache-on-warm500,130,3,0.0538,9.011,16.885,25.896,and,the-secret-garden-17396,1,,server-2,2,2,1,3.358,8.299,4.352
least-connections-cache-on-warm500,130,3,0.0615,1.474,0.831,2.305,and,myths-and-legends-of-ancient-greece-and-rome,1,,server-3,1,2,1,3.358,9.525,4.945
least-connections-cache-on-warm500,130,3,0.0692,1.400,0.854,2.254,the,persuasion,1,,server-3,1,1,1,3.358,4.749,1.768
least-connections-cache-on-warm500,130,3,0.0769,1.092,18.943,20.036,night,hard-times,1,,server-3,1,1,1,3.358,4.749,0.715
least-connections-cache-on-warm500,130,3,0.0846,1.330,0.654,1.984,death,jane-eyre-an-autobiography,1,,server-1,1,0,1,6.535,5.655,0.423
least-connections-cache-on-warm500,130,3,0.0923,1.244,30.187,31.431,castle,the-romance-of-lust-a-classic-victorian-erotic-novel,1,,server-2,0,1,1,2.248,5.655,0.423
least-connections-cache-on-warm500,130,3,0.1000,1.233,18.752,19.985,she,thus-spake-zarathustra-a-book-for-all-and-none,1,,server-3,0,1,1,2.248,2.966,3.272
least-connections-cache-on-warm500,130,3,0.1077,1.449,0.835,2.284,london,oliver-twist,1,,server-1,1,1,1,2.248,2.966,1.726
least-connections-cache-on-warm500,130,3,0.1154,1.274,13.364,14.638,letter,the-lost-world,1,,server-1,1,1,1,0.876,2.966,1.726
least-connections-cache-on-warm500,130,3,0.1231,1.387,27.298,28.684,and,great-expectations,1,,server-3,1,1,1,0.507,2.966,4.049
least-connections-cache-on-warm500,130,3,0.1308,1.287,0.582,1.869,he,the-hound-of-the-baskervilles,1,,server-1,1,0,1,2.388,6.703,2.122
least-connections-cache-on-warm500,130,3,0.1385,1.186,0.583,1.769,love,the-last-of-the-mohicans-a-narrative-of-1757,1,,server-2,0,1,1,0.891,6.703,2.122
least-connections-cache-on-warm500,130,3,0.1462,1.068,0.476,1.544,love,wuthering-heights,1,,server-1,1,0,1,0.891,2.310,2.122
least-connections-cache-on-warm500,130,3,0.1538,1.147,0.558,1.705,house,north-and-south,1,,server-2,0,1,0,0.368,2.310,5.674
least-connections-cache-on-warm500,130,3,0.1615,1.272,36.320,37.593,she,the-last-of-the-mohicans-a-narrative-of-1757-27681,1,,server-3,0,0,1,0.368,0.857,5.674
least-connections-cache-on-warm500,130,3,0.1692,1.987,31.736,33.723,letter,walden-and-on-the-duty-of-civil-disobedience,1,,server-1,1,0,1,0.368,0.857,2.984
least-connections-cache-on-warm500,130,3,0.1769,3.254,14.643,17.897,was,the-great-gatsby,1,,server-2,1,1,1,0.298,0.857,2.984
least-connections-cache-on-warm500,130,3,0.1846,14.383,12.926,27.309,london,treasure-island,1,,server-3,1,1,2,0.298,0.561,2.984
least-connections-cache-on-warm500,130,3,0.1923,10.921,26.785,37.706,of,far-from-the-madding-crowd,1,,server-1,2,1,2,0.298,0.561,2.984
least-connections-cache-on-warm500,130,3,0.2000,1.100,15.522,16.622,she,myths-and-legends-of-ancient-greece-and-rome,1,,server-2,2,1,1,0.298,2.638,6.661
least-connections-cache-on-warm500,130,3,0.2077,4.856,26.130,30.986,he,oliver-twist,1,,server-3,1,1,2,4.177,1.407,6.661
least-connections-cache-on-warm500,130,3,0.2154,15.233,0.963,16.195,whale,madame-bovary,1,,server-1,2,1,1,4.177,1.407,3.619
least-connections-cache-on-warm500,130,3,0.2231,1.081,0.701,1.782,castle,wuthering-heights,1,,server-2,2,1,1,4.177,3.350,3.619
least-connections-cache-on-warm500,130,3,0.2308,1.262,13.398,14.660,the,the-first-men-in-the-moon,1,,server-2,1,1,1,5.379,1.191,3.619
least-connections-cache-on-warm500,130,3,0.2385,1.079,13.569,14.648,london,washington-square,1,,server-1,1,1,1,3.508,0.657,8.045
least-connections-cache-on-warm500,130,3,0.2462,1.073,16.131,17.204,sea,desert-gold,1,,server-2,1,1,0,1.859,2.514,6.457
least-connections-cache-on-warm500,130,3,0.2538,1.060,0.527,1.587,london,the-first-men-in-the-moon,1,,server-3,0,1,1,3.318,1.344,6.457
least-connections-cache-on-warm500,130,3,0.2615,1.158,37.317,38.475,she,mary-barton,1,,server-1,1,1,0,3.318,1.344,2.209
least-connections-cache-on-warm500,130,3,0.2692,1.654,1.026,2.680,london,oliver-twist,1,,server-2,1,1,0,1.765,3.404,2.209
least-connections-cache-on-warm500,130,3,0.2769,2.719,26.106,28.825,she,the-house-of-mirth,1,,server-3,1,0,1,1.765,1.273,2.209
least-connections-cache-on-warm500,130,3,0.2846,1.803,19.941,21.744,was,walden-and-on-the-duty-of-civil-disobedience,1,,server-2,1,1,1,1.765,1.273,1.309
least-connections-cache-on-warm500,130,3,0.2923,13.562,36.541,50.103,was,north-and-south,1,,server-3,1,1,2,1.765,0.778,1.309
least-connections-cache-on-warm500,130,3,0.3000,1.163,0.642,1.805,you,meditations,1,,server-1,2,1,2,8.791,0.778,1.309
least-connections-cache-on-warm500,130,3,0.3077,1.568,14.844,16.412,she,treasure-island,1,,server-2,0,1,1,2.423,3.634,4.375
least-connections-cache-on-warm500,130,3,0.3154,1.243,0.655,1.898,king,the-secret-garden-17396,1,,server-1,1,1,1,2.423,1.976,4.375
least-connections-cache-on-warm500,130,3,0.3231,1.190,9.868,11.059,horse,the-prince,1,,server-1,1,1,1,0.927,1.976,4.375
least-connections-cache-on-warm500,130,3,0.3308,1.187,13.657,14.844,money,white-fang,1,,server-2,1,1,1,0.533,3.593,4.375
least-connections-cache-on-warm500,130,3,0.3385,1.001,0.521,1.522,whale,the-lost-world,1,,server-1,1,1,1,1.881,1.905,4.375
least-connections-cache-on-warm500,130,3,0.3462,1.084,30.330,31.414,horse,the-american,1,,server-2,0,1,0,0.712,3.352,8.594
least-connections-cache-on-warm500,130,3,0.3538,1.357,37.698,39.055,horse,north-and-south,1,,server-3,0,1,1,0.712,1.779,8.594
least-connections-cache-on-warm500,130,3,0.3615,2.225,1.314,3.539,castle,a-princess-of-mars,1,,server-1,1,1,1,0.712,1.779,4.482
least-connections-cache-on-warm500,130,3,0.3692,1.077,12.522,13.600,house,the-jungle-book,1,,server-1,1,1,1,0.464,1.779,4.482
least-connections-cache-on-warm500,130,3,0.3769,1.907,22.564,24.472,and,the-return-of-sherlock-holmes,1,,server-2,1,2,1,0.294,1.779,4.482
least-connections-cache-on-warm500,130,3,0.3846,1.086,36.918,38.004,horse,little-women,1,,server-1,1,1,1,2.188,3.208,4.482
least-connections-cache-on-warm500,130,3,0.3923,8.854,0.796,9.650,king,persuasion,1,,server-2,1,2,1,1.184,3.208,11.007
least-connections-cache-on-warm500,130,3,0.4000,1.193,22.156,23.349,you,the-works-of-edgar-allan-poe-volume-2,1,,server-3,1,2,1,1.184,3.715,8.847
least-connections-cache-on-warm500,130,3,0.4077,1.870,1.038,2.909,sea,the-portrait-of-a-lady-volume-1,1,,server-2,1,1,1,1.184,3.002,4.602
least-connections-cache-on-warm500,130,3,0.4154,1.867,22.462,24.329,house,twenty-thousand-leagues-under-the-sea,1,,server-2,1,1,1,1.184,1.172,4.602
least-connections-cache-on-warm500,130,3,0.4231,1.439,20.789,22.229,love,myths-and-legends-of-ancient-greece-and-rome,1,,server-1,1,1,1,6.627,0.681,8.007
least-connections-cache-on-warm500,130,3,0.4308,2.011,12.296,14.306,she,beyond-good-and-evil,1,,server-3,1,1,1,3.460,0.681,6.434
least-connections-cache-on-warm500,130,3,0.4385,7.174,14.627,21.802,was,the-king-in-yellow,1,,server-1,2,1,1,3.460,0.681,3.391
least-connections-cache-on-warm500,130,3,0.4462,1.536,17.404,18.940,she,anne-of-green-gables,1,,server-2,1,1,0,3.821,3.953,4.080
least-connections-cache-on-warm500,130,3,0.4538,1.971,37.897,39.868,heart,the-moonstone,1,,server-3,1,1,1,3.821,2.111,4.080
least-connections-cache-on-warm500,130,3,0.4615,1.454,20.478,21.932,she,the-odyssey,1,,server-1,1,1,1,4.723,2.111,2.176
least-connections-cache-on-warm500,130,3,0.4692,1.895,12.444,14.339,and,the-secret-adversary,1,,server-2,1,1,1,2.475,4.072,2.176
least-connections-cache-on-warm500,130,3,0.4769,17.649,12.551,30.200,whale,meditations,1,,server-3,1,1,2,2.475,2.139,2.176
least-connections-cache-on-warm500,130,3,0.4846,1.548,27.430,28.977,whale,dracula,1,,server-1,1,0,2,4.814,3.312,2.176
least-connections-cache-on-warm500,130,3,0.4923,1.441,21.191,22.632,london,the-portrait-of-a-lady-volume-1,1,,server-2,1,1,2,2.547,3.312,2.176
least-connections-cache-on-warm500,130,3,0.5000,7.715,0.612,8.327,horse,the-mystery-of-edwin-drood,1,,server-3,1,1,2,2.547,1.762,5.951
least-connections-cache-on-warm500,130,3,0.5077,6.174,28.009,34.184,whale,life-on-the-mississippi,1,,server-1,2,1,1,2.547,1.762,2.954
least-connections-cache-on-warm500,130,3,0.5154,1.067,14.509,15.576,death,grimms-fairy-tales,1,,server-2,1,1,0,4.004,4.487,2.370
least-connections-cache-on-warm500,130,3,0.5231,1.169,19.464,20.633,horse,grimms-fairy-tales,1,,server-3,1,1,1,4.004,2.349,2.370
least-connections-cache-on-warm500,130,3,0.5308,11.079,0.684,11.762,you,dracula,1,,server-1,2,1,1,4.004,4.718,1.286
least-connections-cache-on-warm500,130,3,0.5385,1.386,0.715,2.101,the,dracula,1,,server-2,2,1,1,4.004,3.791,1.286
least-connections-cache-on-warm500,130,3,0.5462,1.500,0.550,2.049,castle,the-jungle,1,,server-3,0,0,1,3.722,1.372,3.914
least-connections-cache-on-warm500,130,3,0.5538,1.648,1.017,2.665,she,washington-square,1,,server-1,1,0,0,3.722,1.372,1.381
least-connections-cache-on-warm500,130,3,0.5615,2.747,39.980,42.727,death,the-mystery-of-edwin-drood,1,,server-2,0,1,0,1.384,1.372,1.381
least-connections-cache-on-warm500,130,3,0.5692,4.506,36.549,41.054,money,sense-and-sensibility,1,,server-3,0,1,1,1.384,0.872,1.381
least-connections-cache-on-warm500,130,3,0.5769,4.835,25.338,30.173,castle,anne-of-green-gables,1,,server-1,1,1,1,1.384,0.872,1.034
least-connections-cache-on-warm500,130,3,0.5846,19.590,15.516,35.106,you,northanger-abbey,1,,server-2,1,2,1,0.986,0.872,1.034
least-connections-cache-on-warm500,130,3,0.5923,17.577,15.593,33.170,horse,myths-and-legends-of-ancient-greece-and-rome,1,,server-3,1,2,2,0.986,0.872,1.034
least-connections-cache-on-warm500,130,3,0.6000,7.822,0.787,8.610,letter,the-lost-world,1,,server-1,2,2,2,0.986,0.872,1.034
least-connections-cache-on-warm500,130,3,0.6077,13.064,11.694,24.758,love,poirot-investigates,1,,server-2,1,2,2,3.374,5.799,3.750
least-connections-cache-on-warm500,130,3,0.6154,1.472,22.348,23.820,was,wuthering-heights,1,,server-1,1,2,1,2.237,5.799,6.433
least-connections-cache-on-warm500,130,3,0.6231,9.692,0.639,10.332,night,the-adventures-of-sherlock-holmes,1,,server-2,1,2,1,1.209,4.356,6.433
least-connections-cache-on-warm500,130,3,0.6308,1.264,12.708,13.972,night,the-lost-world,1,,server-3,1,2,1,1.209,4.356,6.559
least-connections-cache-on-warm500,130,3,0.6385,1.063,26.494,27.557,king,jude-the-obscure,1,,server-2,1,1,1,1.209,2.204,3.424
least-connections-cache-on-warm500,130,3,0.6462,1.166,11.665,12.831,she,the-wind-in-the-willows,1,,server-3,0,1,1,4.322,1.188,4.179
least-connections-cache-on-warm500,130,3,0.6538,1.317,14.612,15.929,night,the-secret-adversary,1,,server-1,1,1,1,4.322,1.188,2.199
least-connections-cache-on-warm500,130,3,0.6615,1.745,14.121,15.866,heart,his-last-bow,1,,server-3,1,1,1,2.287,1.188,3.227
least-connections-cache-on-warm500,130,3,0.6692,1.192,34.860,36.053,was,little-women,1,,server-2,1,1,1,2.287,4.956,1.733
least-connections-cache-on-warm500,130,3,0.6769,1.230,27.892,29.123,he,the-return-of-sherlock-holmes,1,,server-1,1,1,1,3.781,2.604,1.733
least-connections-cache-on-warm500,130,3,0.6846,1.452,13.711,15.162,you,his-last-bow,1,,server-3,1,1,1,2.006,2.604,3.327
least-connections-cache-on-warm500,130,3,0.6923,13.757,0.675,14.432,she,madame-bovary,1,,server-1,2,1,1,2.006,2.604,1.779
least-connections-cache-on-warm500,130,3,0.7000,5.659,11.890,17.549,london,the-king-in-yellow,1,,server-2,2,2,1,2.006,2.604,3.264
least-connections-cache-on-warm500,130,3,0.7077,1.139,28.460,29.600,london,mary-barton,1,,server-3,0,1,1,2.769,4.840,3.264
least-connections-cache-on-warm500,130,3,0.7154,1.366,16.580,17.946,the,the-war-of-the-worlds,1,,server-1,1,1,1,2.769,4.840,1.739
least-connections-cache-on-warm500,130,3,0.7231,1.529,21.545,23.074,and,the-last-of-the-mohicans-a-narrative-of-1757-27681,1,,server-2,1,1,1,1.482,4.955,1.739
least-connections-cache-on-warm500,130,3,0.7308,6.697,0.610,7.306,the,twenty-thousand-leagues-under-the-sea,1,,server-3,1,1,2,1.482,2.623,1.739
least-connections-cache-on-warm500,130,3,0.7385,1.116,25.206,26.323,heart,the-adventures-of-sherlock-holmes,1,,server-1,1,1,0,3.559,2.623,2.588
least-connections-cache-on-warm500,130,3,0.7462,1.054,19.364,20.418,king,the-secret-adversary,1,,server-3,1,1,1,1.892,5.071,2.588
least-connections-cache-on-warm500,130,3,0.7538,1.650,16.464,18.114,she,the-picture-of-dorian-gray,1,,server-2,1,1,1,1.892,5.071,1.384
least-connections-cache-on-warm500,130,3,0.7615,5.761,0.562,6.323,love,the-jungle-book,1,,server-3,1,1,2,1.892,2.709,1.384
least-connections-cache-on-warm500,130,3,0.7692,1.466,0.746,2.213,love,twenty-thousand-leagues-under-the-sea,1,,server-1,1,1,0,5.186,2.709,1.668
least-connections-cache-on-warm500,130,3,0.7769,2.005,22.125,24.130,sea,kidnapped,1,,server-2,0,1,0,1.821,4.318,1.668
least-connections-cache-on-warm500,130,3,0.7846,3.090,29.330,32.421,heart,the-last-of-the-mohicans-a-narrative-of-1757,1,,server-3,0,1,1,1.821,2.341,1.668
least-connections-cache-on-warm500,130,3,0.7923,1.925,15.377,17.302,money,memoirs-of-fanny-hill,1,,server-1,1,1,1,1.821,2.341,1.039
least-connections-cache-on-warm500,130,3,0.8000,1.519,11.168,12.687,house,a-princess-of-mars,1,,server-2,1,2,1,1.049,2.341,1.039
least-connections-cache-on-warm500,130,3,0.8077,9.550,15.395,24.945,of,washington-square,1,,server-3,1,1,2,1.049,2.629,1.039
least-connections-cache-on-warm500,130,3,0.8154,1.212,36.345,37.557,sea,the-romance-of-lust-a-classic-victorian-erotic-novel,1,,server-1,1,0,2,3.050,3.425,1.039
least-connections-cache-on-warm500,130,3,0.8231,1.606,29.786,31.391,he,a-connecticut-yankee-in-king-arthur-s-court,1,,server-2,1,1,1,1.627,3.425,4.036
least-connections-cache-on-warm500,130,3,0.8308,2.170,0.793,2.963,and,myths-and-legends-of-ancient-greece-and-rome,1,,server-3,1,1,2,1.627,1.834,4.036
least-connections-cache-on-warm500,130,3,0.8385,1.294,28.821,30.115,night,tess-of-the-d-urbervilles-a-pure-woman,1,,server-3,1,1,1,1.627,1.834,1.990
least-connections-cache-on-warm500,130,3,0.8462,7.564,13.157,20.721,castle,the-mysterious-affair-at-styles,1,,server-1,2,1,1,1.627,1.834,1.079
least-connections-cache-on-warm500,130,3,0.8538,1.818,13.092,14.909,he,dubliners,1,,server-2,1,2,1,4.209,7.338,1.079
least-connections-cache-on-warm500,130,3,0.8615,7.821,0.636,8.457,sea,a-connecticut-yankee-in-king-arthur-s-court,1,,server-3,1,1,2,4.209,3.146,1.079
least-connections-cache-on-warm500,130,3,0.8692,1.445,37.961,39.406,king,villette,1,,server-1,1,0,1,4.697,4.038,3.597
least-connections-cache-on-warm500,130,3,0.8769,1.184,23.102,24.286,heart,a-tale-of-two-cities,1,,server-2,1,1,0,2.498,4.038,2.356
least-connections-cache-on-warm500,130,3,0.8846,1.387,25.221,26.608,she,the-last-of-the-mohicans-a-narrative-of-1757,1,,server-3,1,1,1,2.498,2.139,2.356
least-connections-cache-on-warm500,130,3,0.8923,15.982,10.559,26.542,was,the-prince,1,,server-1,2,1,1,2.498,2.139,1.285
least-connections-cache-on-warm500,130,3,0.9000,1.267,22.471,23.738,house,leaves-of-grass,1,,server-2,2,2,1,2.498,2.139,1.285
least-connections-cache-on-warm500,130,3,0.9077,4.064,19.258,23.322,night,thus-spake-zarathustra-a-book-for-all-and-none,1,,server-3,2,1,2,3.947,3.110,1.285
least-connections-cache-on-warm500,130,3,0.9154,3.761,28.215,31.976,letter,life-on-the-mississippi,1,,server-1,2,1,1,7.050,3.110,2.805
least-connections-cache-on-warm500,130,3,0.9231,1.313,0.769,2.082,king,agnes-grey,1,,server-2,1,2,1,3.619,3.110,2.805
least-connections-cache-on-warm500,130,3,0.9308,1.377,19.951,21.328,you,the-house-of-mirth,1,,server-2,1,1,1,3.619,1.939,6.004
least-connections-cache-on-warm500,130,3,0.9385,1.572,1.005,2.576,king,wuthering-heights,1,,server-3,1,1,1,3.619,1.058,4.833
least-connections-cache-on-warm500,130,3,0.9462,1.124,21.002,22.126,death,sense-and-sensibility,1,,server-3,1,1,1,3.619,1.058,1.772
least-connections-cache-on-warm500,130,3,0.9538,1.521,0.832,2.353,he,anne-of-green-gables,1,,server-1,1,0,1,6.752,3.824,0.964
least-connections-cache-on-warm500,130,3,0.9615,1.730,0.770,2.501,castle,the-first-men-in-the-moon,1,,server-2,0,1,1,2.361,3.824,0.964
least-connections-cache-on-warm500,130,3,0.9692,1.107,10.244,11.351,you,the-jungle-book,1,,server-3,0,0,1,2.361,1.372,3.911
least-connections-cache-on-warm500,130,3,0.9769,1.246,26.422,27.668,of,anne-of-green-gables,1,,server-1,1,0,1,2.361,1.372,2.062
least-connections-cache-on-warm500,130,3,0.9846,1.658,13.198,14.856,horse,frankenstein-or-the-modern-prometheus-41445,1,,server-2,1,1,0,1.278,1.372,2.906
least-connections-cache-on-warm500,130,3,0.9923,1.177,26.757,27.934,and,jude-the-obscure,1,,server-3,1,1,1,1.278,0.795,2.906
least-connections-cache-on-warm500,130,3,1.0000,1.575,22.458,24.033,money,the-american,1,,server-2,1,1,1,1.278,2.559,1.558
least-connections-cache-on-warm500,130,3,1.0077,1.217,16.911,18.127,he,the-memoirs-of-sherlock-holmes,1,,server-1,1,1,1,4.989,1.402,1.558
least-connections-cache-on-warm500,130,3,1.0154,8.905,16.740,25.645,she,the-memoirs-of-sherlock-holmes,1,,server-2,1,2,1,2.624,1.402,1.558
least-connections-cache-on-warm500,130,3,1.0231,1.456,0.865,2.321,letter,the-lost-world,1,,server-3,1,2,1,2.624,1.402,5.218
least-connections-cache-on-warm500,130,3,1.0308,1.492,20.632,22.124,death,thus-spake-zarathustra-a-book-for-all-and-none,1,,server-1,1,1,0,4.361,3.410,1.825
least-connections-cache-on-warm500,130,3,1.0385,1.535,34.007,35.543,king,the-innocents-abroad,1,,server-3,1,1,1,2.301,3.410,1.825
least-connections-cache-on-warm500,130,3,1.0462,1.490,27.976,29.466,horse,the-last-of-the-mohicans-a-narrative-of-1757,1,,server-2,1,1,1,2.301,4.790,1.002
least-connections-cache-on-warm500,130,3,1.0538,1.331,0.603,1.934,he,the-tenant-of-wildfell-hall,1,,server-1,1,1,1,4.734,2.524,1.002
least-connections-cache-on-warm500,130,3,1.0615,1.116,0.532,1.649,of,the-american,1,,server-1,1,1,1,1.653,2.524,1.002
least-connections-cache-on-warm500,130,3,1.0692,1.036,23.445,24.481,you,the-return-of-sherlock-holmes-108,1,,server-1,1,1,1,0.627,2.524,1.002
least-connections-cache-on-warm500,130,3,1.0769,1.329,0.541,1.869,whale,dracula,1,,server-2,1,1,0,0.378,6.029,6.030
least-connections-cache-on-warm500,130,3,1.0846,1.173,0.649,1.822,was,the-kama-sutra-of-vatsyayana,1,,server-3,1,0,1,0.378,2.069,6.030
least-connections-cache-on-warm500,130,3,1.0923,1.206,39.434,40.641,she,villette,1,,server-2,1,1,0,0.378,2.069,2.094
least-connections-cache-on-warm500,130,3,1.1000,1.614,19.844,21.458,heart,persuasion,1,,server-3,0,1,1,3.977,1.120,2.094
least-connections-cache-on-warm500,130,3,1.1077,2.119,1.138,3.258,the,the-first-men-in-the-moon,1,,server-1,1,1,1,3.977,1.120,1.171
least-connections-cache-on-warm500,130,3,1.1154,1.191,0.711,1.902,the,the-vicomte-de-bragelonne,1,,server-1,1,1,1,1.489,1.120,1.171
least-connections-cache-on-warm500,130,3,1.1231,0.962,20.952,21.914,house,madame-bovary,1,,server-3,0,1,1,0.575,1.120,3.883
least-connections-cache-on-warm500,130,3,1.1308,1.945,22.574,24.519,money,leaves-of-grass,1,,server-1,1,1,1,0.575,1.120,2.047
least-connections-cache-on-warm500,130,3,1.1385,1.373,32.246,33.618,and,the-moonstone,1,,server-2,1,1,1,0.385,6.987,2.047
least-connections-cache-on-warm500,130,3,1.1462,1.306,17.399,18.705,castle,meditations,1,,server-3,1,1,1,0.385,3.645,4.617
least-connections-cache-on-warm500,130,3,1.1538,1.640,0.823,2.463,whale,the-portrait-of-a-lady-volume-1,1,,server-1,2,1,1,0.385,3.645,2.430
least-connections-cache-on-warm500,130,3,1.1615,1.190,0.594,1.784,whale,the-hound-of-the-baskervilles-3070,1,,server-1,1,1,1,1.644,3.645,2.430
least-connections-cache-on-warm500,130,3,1.1692,1.293,27.024,28.317,she,the-song-of-the-lark,1,,server-3,0,1,1,0.629,3.645,4.286
least-connections-cache-on-warm500,130,3,1.1769,1.120,0.605,1.725,letter,agnes-grey,1,,server-1,1,0,1,0.629,7.455,2.275
least-connections-cache-on-warm500,130,3,1.1846,1.301,0.658,1.959,sea,the-secret-adversary,1,,server-2,0,1,1,0.311,7.455,2.275
least-connections-cache-on-warm500,130,3,1.1923,0.984,21.915,22.899,whale,the-last-of-the-mohicans-a-narrative-of-1757,1,,server-1,1,0,1,0.311,2.567,2.275
least-connections-cache-on-warm500,130,3,1.2000,1.232,32.500,33.732,you,the-moonstone,1,,server-2,1,1,0,0.213,2.567,5.735
least-connections-cache-on-warm500,130,3,1.2077,1.548,32.179,33.727,the,north-and-south,1,,server-3,1,1,1,0.213,1.382,5.735
least-connections-cache-on-warm500,130,3,1.2154,1.108,0.504,1.613,you,the-jungle,1,,server-1,1,1,1,3.618,1.382,2.994
least-connections-cache-on-warm500,130,3,1.2231,1.233,1.208,2.441,she,the-works-of-edgar-allan-poe-volume-2,1,,server-1,1,1,1,1.285,1.382,2.994
least-connections-cache-on-warm500,130,3,1.2308,1.016,34.620,35.636,you,the-iliad,1,,server-1,1,1,1,0.528,1.382,2.994
least-connections-cache-on-warm500,130,3,1.2385,1.531,20.156,21.687,whale,the-return-of-sherlock-holmes-108,1,,server-2,1,1,1,0.325,6.082,2.994
least-connections-cache-on-warm500,130,3,1.2462,1.260,29.080,30.340,was,desperate-remedies,1,,server-3,1,1,1,0.325,3.187,7.018
least-connections-cache-on-warm500,130,3,1.2538,8.299,4.429,12.729,letter,the-vicomte-de-bragelonne,1,,server-1,2,1,1,0.325,3.187,3.658
least-connections-cache-on-warm500,130,3,1.2615,1.613,13.430,15.044,sea,memoirs-of-fanny-hill,1,,server-2,2,1,1,1.707,5.214,3.658
least-connections-cache-on-warm500,130,3,1.2692,1.222,0.455,1.677,night,persuasion,1,,server-1,1,1,1,4.420,2.763,3.658
least-connections-cache-on-warm500,130,3,1.2769,1.039,0.567,1.606,horse,the-king-in-yellow,1,,server-2,0,1,0,1.538,3.905,6.951
least-connections-cache-on-warm500,130,3,1.2846,1.200,0.701,1.901,whale,madame-bovary,1,,server-3,0,0,1,1.538,1.371,6.951
least-connections-cache-on-warm500,130,3,1.2923,1.774,24.165,25.939,horse,the-scarlet-letter,1,,server-1,1,0,0,1.538,1.371,2.400
least-connections-cache-on-warm500,130,3,1.3000,2.924,1.346,4.271,king,the-mysterious-affair-at-styles,1,,server-2,1,1,0,0.904,1.371,2.400
least-connections-cache-on-warm500,130,3,1.3077,1.534,17.586,19.120,sea,thus-spake-zarathustra-a-book-for-all-and-none,1,,server-3,1,0,1,0.904,0.655,2.400
least-connections-cache-on-warm500,130,3,1.3154,1.291,0.725,2.016,london,the-portrait-of-a-lady-volume-1,1,,server-2,1,1,1,0.904,0.655,1.326
least-connections-cache-on-warm500,130,3,1.3231,1.345,29.043,30.387,and,the-iliad-2199,1,,server-1,1,0,1,4.393,0.352,1.326
least-connections-cache-on-warm500,130,3,1.3308,1.238,21.283,22.521,you,a-connecticut-yankee-in-king-arthur-s-court,1,,server-2,1,1,0,2.304,0.352,3.600
least-connections-cache-on-warm500,130,3,1.3385,2.173,1.102,3.275,king,the-last-of-the-mohicans-a-narrative-of-1757,1,,server-3,1,1,1,2.304,0.251,3.600
least-connections-cache-on-warm500,130,3,1.3462,1.204,0.644,1.847,was,thus-spake-zarathustra-a-book-for-all-and-none,1,,server-3,1,1,1,2.304,0.251,1.358
least-connections-cache-on-warm500,130,3,1.3538,1.016,20.246,21.262,castle,madame-bovary,1,,server-2,1,1,0,6.074,3.536,0.547
least-connections-cache-on-warm500,130,3,1.3615,1.416,10.852,12.268,heart,beyond-good-and-evil,1,,server-3,0,1,1,6.074,1.868,0.547
least-connections-cache-on-warm500,130,3,1.3692,1.277,13.340,14.616,she,white-fang,1,,server-1,1,1,1,6.074,1.868,0.346
least-connections-cache-on-warm500,130,3,1.3769,1.200,46.579,47.779,of,the-romance-of-lust-a-classic-victorian-erotic-novel,1,,server-2,1,1,0,3.189,4.378,1.875
least-connections-cache-on-warm500,130,3,1.3846,1.192,22.903,24.095,she,desert-gold,1,,server-3,0,1,1,4.146,2.310,1.875
least-connections-cache-on-warm500,130,3,1.3923,2.687,19.430,22.117,house,the-scarlet-letter-33,1,,server-1,1,1,1,4.146,2.310,1.030
least-connections-cache-on-warm500,130,3,1.4000,25.108,1.240,26.348,king,jude-the-obscure,1,,server-2,1,2,1,2.275,2.310,1.030
least-connections-cache-on-warm500,130,3,1.4077,2.233,40.242,42.475,whale,the-moonstone,1,,server-3,1,2,2,2.275,2.310,5.312
least-connections-cache-on-warm500,130,3,1.4154,1.751,35.762,37.513,was,jane-eyre-an-autobiography,1,,server-1,1,2,1,4.445,2.310,2.263
least-connections-cache-on-warm500,130,3,1.4231,26.727,0.976,27.703,you,the-return-of-sherlock-holmes-108,1,,server-3,1,2,2,2.348,2.310,2.263
least-connections-cache-on-warm500,130,3,1.4308,1.348,23.439,24.787,death,the-odyssey,1,,server-2,1,1,2,2.348,4.897,2.263
least-connections-cache-on-warm500,130,3,1.4385,14.383,13.531,27.914,the,frankenstein-or-the-modern-prometheus-41445,1,,server-1,2,1,2,2.348,2.569,2.263
least-connections-cache-on-warm500,130,3,1.4462,9.562,18.661,28.222,house,silas-marner,1,,server-2,2,2,2,2.348,2.569,2.263
least-connections-cache-on-warm500,130,3,1.4538,2.132,25.838,27.969,the,the-works-of-edgar-allan-poe-volume-2,1,,server-3,1,2,1,6.448,2.569,5.146
least-connections-cache-on-warm500,130,3,1.4615,5.431,19.378,24.809,heart,madame-bovary,1,,server-1,2,1,1,6.448,3.828,2.694
least-connections-cache-on-warm500,130,3,1.4692,5.355,21.692,27.047,was,the-adventures-of-sherlock-holmes,1,,server-2,1,2,1,3.649,3.828,2.694
least-connections-cache-on-warm500,130,3,1.4769,5.239,19.866,25.105,house,the-adventures-of-sherlock-holmes,1,,server-3,1,1,2,3.649,3.542,2.694
least-connections-cache-on-warm500,130,3,1.4846,2.087,12.616,14.703,london,agnes-grey,1,,server-1,2,1,1,3.649,3.542,3.897
least-connections-cache-on-warm500,130,3,1.4923,4.999,18.395,23.394,london,the-adventures-of-sherlock-holmes,1,,server-2,1,2,1,3.267,3.542,3.897
least-connections-cache-on-warm500,130,3,1.5000,1.249,23.492,24.741,house,pride-and-prejudice,1,,server-1,1,1,1,4.043,3.427,3.897
least-connections-cache-on-warm500,130,3,1.5077,1.540,0.776,2.316,she,twenty-thousand-leagues-under-the-sea,1,,server-3,1,1,1,2.144,3.427,5.635
least-connections-cache-on-warm500,130,3,1.5154,1.346,11.315,12.661,death,the-mysterious-affair-at-styles,1,,server-3,1,1,1,2.144,6.320,1.963
least-connections-cache-on-warm500,130,3,1.5231,1.380,0.838,2.217,and,white-fang,1,,server-2,1,1,1,2.144,5.069,1.066
least-connections-cache-on-warm500,130,3,1.5308,1.503,20.949,22.453,night,wuthering-heights,1,,server-3,0,0,1,5.068,1.789,2.448
least-connections-cache-on-warm500,130,3,1.5385,1.305,13.412,14.717,he,his-last-bow,1,,server-1,1,0,1,5.068,1.789,1.321
least-connections-cache-on-warm500,130,3,1.5462,1.604,17.276,18.881,night,the-memoirs-of-sherlock-holmes,1,,server-2,1,1,1,2.673,1.789,1.321
least-connections-cache-on-warm500,130,3,1.5538,1.286,19.009,20.295,castle,the-return-of-sherlock-holmes,1,,server-3,0,1,1,3.811,1.000,4.145
least-connections-cache-on-warm500,130,3,1.5615,1.375,30.549,31.924,he,jane-eyre-an-autobiography,1,,server-1,1,1,1,3.811,1.000,2.190
least-connections-cache-on-warm500,130,3,1.5692,1.316,0.663,1.979,of,mansfield-park,1,,server-2,1,1,1,2.016,3.352,2.190
least-connections-cache-on-warm500,130,3,1.5769,1.038,19.749,20.788,and,grimms-fairy-tales,1,,server-3,1,0,1,2.016,1.209,4.403
least-connections-cache-on-warm500,130,3,1.5846,1.182,15.017,16.199,and,kidnapped,1,,server-2,1,1,1,2.016,1.209,2.318
least-connections-cache-on-warm500,130,3,1.5923,5.573,23.589,29.162,and,desperate-remedies,1,,server-3,1,1,2,2.016,0.681,2.318
least-connections-cache-on-warm500,130,3,1.6000,1.670,13.135,14.805,letter,beyond-good-and-evil,1,,server-1,1,1,1,6.152,0.681,2.862
least-connections-cache-on-warm500,130,3,1.6077,1.390,27.525,28.915,was,tess-of-the-d-urbervilles-a-pure-woman,1,,server-2,1,1,1,3.244,2.771,2.862
least-connections-cache-on-warm500,130,3,1.6154,1.398,0.648,2.046,king,frankenstein-or-the-modern-prometheus-41445,1,,server-1,1,1,1,4.140,1.494,2.862
least-connections-cache-on-warm500,130,3,1.6231,1.295,27.101,28.396,sea,the-tenant-of-wildfell-hall,1,,server-3,0,1,1,1.458,1.494,5.549
least-connections-cache-on-warm500,130,3,1.6308,1.691,33.650,35.341,whale,the-vicomte-de-bragelonne,1,,server-1,1,1,1,1.458,1.494,2.903
least-connections-cache-on-warm500,130,3,1.6385,1.448,22.350,23.798,was,anne-of-green-gables,1,,server-2,1,1,1,0.815,5.301,2.903
least-connections-cache-on-warm500,130,3,1.6462,5.815,23.265,29.080,king,pride-and-prejudice,1,,server-3,1,1,2,0.815,2.800,2.903
least-connections-cache-on-warm500,130,3,1.6538,12.581,19.867,32.448,the,the-secret-garden,1,,server-1,2,1,1,0.815,2.800,3.675
least-connections-cache-on-warm500,130,3,1.6615,2.327,17.179,19.506,death,frankenstein-or-the-modern-prometheus,1,,server-2,2,2,1,0.815,2.800,3.675
least-connections-cache-on-warm500,130,3,1.6692,6.428,22.274,28.702,love,adventures-of-huckleberry-finn,1,,server-3,1,1,2,4.608,2.882,3.675
least-connections-cache-on-warm500,130,3,1.6769,9.556,13.002,22.558,death,treasure-island,1,,server-1,2,1,1,4.608,2.882,3.670
least-connections-cache-on-warm500,130,3,1.6846,1.322,13.723,15.044,she,black-beauty,1,,server-2,2,1,1,4.608,4.535,3.670
least-connections-cache-on-warm500,130,3,1.6923,6.944,0.744,7.687,you,the-iliad,1,,server-3,1,1,2,4.238,2.393,3.670
least-connections-cache-on-warm500,130,3,1.7000,1.193,0.687,1.879,the,the-mystery-of-edwin-drood,1,,server-1,1,0,0,4.739,3.663,2.335
least-connections-cache-on-warm500,130,3,1.7077,2.529,1.505,4.034,of,the-american,1,,server-2,0,1,0,1.660,3.663,2.335
least-connections-cache-on-warm500,130,3,1.7154,4.437,28.951,33.388,horse,beyond-good-and-evil,1,,server-3,0,0,1,1.660,1.423,2.335
least-connections-cache-on-warm500,130,3,1.7231,5.791,26.802,32.593,love,the-secret-garden,1,,server-1,1,0,1,1.660,1.423,1.420
least-connections-cache-on-warm500,130,3,1.7308,5.239,27.899,33.137,she,wuthering-heights,1,,server-2,1,1,1,1.300,1.423,1.420
least-connections-cache-on-warm500,130,3,1.7385,10.330,14.562,24.892,letter,the-secret-garden-17396,1,,server-3,1,1,2,1.300,0.974,1.420
least-connections-cache-on-warm500,130,3,1.7462,9.551,0.739,10.290,night,northanger-abbey,1,,server-1,2,1,2,1.300,0.974,1.420
least-connections-cache-on-warm500,130,3,1.7538,10.854,20.900,31.755,sea,meditations,1,,server-2,2,2,1,2.468,0.974,3.636
least-connections-cache-on-warm500,130,3,1.7615,1.296,13.905,15.201,he,black-beauty,1,,server-1,1,2,1,2.902,2.240,3.636
least-connections-cache-on-warm500,130,3,1.7692,1.439,22.682,24.121,heart,the-return-of-sherlock-holmes-108,1,,server-3,1,1,1,1.545,3.986,4.616
least-connections-cache-on-warm500,130,3,1.7769,1.626,25.329,26.955,he,desperate-remedies,1,,server-1,1,1,1,3.171,3.986,2.432
least-connections-cache-on-warm500,130,3,1.7846,1.203,31.330,32.533,he,villette,1,,server-2,1,2,1,1.719,3.986,2.432
least-connections-cache-on-warm500,130,3,1.7923,1.834,11.986,13.820,night,white-fang,1,,server-3,1,1,2,1.719,3.076,2.432
least-connections-cache-on-warm500,130,3,1.8000,4.323,0.543,4.866,night,persuasion,1,,server-1,2,1,1,1.719,3.076,2.708
least-connections-cache-on-warm500,130,3,1.8077,1.154,12.742,13.896,love,around-the-world-in-eighty-days,1,,server-3,0,1,1,1.958,3.076,3.620
least-connections-cache-on-warm500,130,3,1.8154,1.439,22.363,23.802,the,the-portrait-of-a-lady-volume-1,1,,server-1,1,1,1,1.958,3.076,1.909
least-connections-cache-on-warm500,130,3,1.8231,1.323,13.433,14.756,he,the-adventures-of-tom-sawyer-complete,1,,server-2,1,1,0,1.071,6.959,3.217
least-connections-cache-on-warm500,130,3,1.8308,1.338,0.623,1.960,night,the-jungle-book,1,,server-3,1,1,1,1.071,3.633,3.217
least-connections-cache-on-warm500,130,3,1.8385,1.201,13.810,15.011,heart,autobiography-of-benjamin-franklin,1,,server-2,1,1,0,1.071,4.419,1.157
least-connections-cache-on-warm500,130,3,1.8462,1.110,0.589,1.699,she,beyond-good-and-evil,1,,server-3,0,1,1,4.190,2.331,1.157
least-connections-cache-on-warm500,130,3,1.8538,1.271,44.718,45.990,sea,jane-eyre-an-autobiography,1,,server-1,1,0,0,4.190,3.654,0.465
least-connections-cache-on-warm500,130,3,1.8615,2.157,1.438,3.595,castle,grimms-fairy-tales,1,,server-2,1,1,0,2.240,3.654,0.465
least-connections-cache-on-warm500,130,3,1.8692,3.507,17.673,21.180,night,the-prince,1,,server-3,1,0,1,2.240,1.415,0.465
least-connections-cache-on-warm500,130,3,1.8769,2.163,13.936,16.099,horse,a-journey-to-the-centre-of-the-earth,1,,server-2,1,1,1,2.240,1.415,0.426
least-connections-cache-on-warm500,130,3,1.8846,6.537,10.824,17.361,he,poirot-investigates,1,,server-3,1,1,2,2.240,0.820,0.426
least-connections-cache-on-warm500,130,3,1.8923,7.948,16.881,24.828,love,grimms-fairy-tales,1,,server-1,2,1,1,2.240,0.820,2.121
least-connections-cache-on-warm500,130,3,1.9000,1.559,15.470,17.029,was,the-secret-garden-17396,1,,server-2,2,1,1,7.382,2.696,2.121
least-connections-cache-on-warm500,130,3,1.9077,1.480,0.682,2.162,the,the-king-in-yellow,1,,server-3,1,1,1,5.942,1.440,3.050
least-connections-cache-on-warm500,130,3,1.9154,1.421,1.083,2.504,the,the-portrait-of-a-lady-volume-1,1,,server-3,1,1,1,5.942,1.440,1.099
least-connections-cache-on-warm500,130,3,1.9231,1.254,36.781,38.035,she,great-expectations,1,,server-1,1,0,0,6.407,3.310,0.534
least-connections-cache-on-warm500,130,3,1.9308,1.876,16.247,18.124,she,frankenstein-or-the-modern-prometheus,1,,server-2,1,1,0,3.340,3.310,0.534
least-connections-cache-on-warm500,130,3,1.9385,1.936,19.031,20.967,he,walden-and-on-the-duty-of-civil-disobedience,1,,server-3,1,1,1,3.340,1.777,0.534
least-connections-cache-on-warm500,130,3,1.9462,14.792,10.090,24.882,love,the-prince,1,,server-1,2,1,1,3.340,1.777,0.354
least-connections-cache-on-warm500,130,3,1.9538,1.382,23.726,25.108,he,jude-the-obscure,1,,server-2,2,1,1,3.340,3.643,0.354
least-connections-cache-on-warm500,130,3,1.9615,1.457,0.675,2.132,letter,the-scarlet-letter-33,1,,server-3,2,1,1,6.937,1.937,3.195
least-connections-cache-on-warm500,130,3,1.9692,1.308,0.800,2.108,he,the-picture-of-dorian-gray,1,,server-3,1,1,1,6.937,1.937,1.144
least-connections-cache-on-warm500,130,3,1.9769,1.264,14.311,15.575,night,the-hound-of-the-baskervilles,1,,server-1,1,1,0,5.999,1.937,0.466
least-connections-cache-on-warm500,130,3,1.9846,1.230,0.580,1.810,horse,the-scarlet-letter-33,1,,server-2,1,1,0,3.124,5.013,0.466
least-connections-cache-on-warm500,130,3,1.9923,1.481,17.533,19.014,she,memoirs-of-fanny-hill,1,,server-3,1,0,1,5.273,1.735,0.466
least-connections-cache-on-warm500,130,3,2.0000,1.995,16.629,18.624,of,the-wind-in-the-willows,1,,server-1,1,0,1,4.248,1.735,0.297
least-connections-cache-on-warm500,130,3,2.0077,1.247,30.167,31.414,you,the-last-of-the-mohicans-a-narrative-of-1757,1,,server-2,1,1,1,2.264,1.735,0.297
least-connections-cache-on-warm500,130,3,2.0154,1.289,13.140,14.429,and,agnes-grey,1,,server-3,1,1,1,2.264,0.952,2.950
least-connections-cache-on-warm500,130,3,2.0231,1.634,11.633,13.266,castle,his-last-bow,1,,server-1,1,1,1,4.043,0.952,1.574
least-connections-cache-on-warm500,130,3,2.0308,1.775,19.789,21.564,whale,a-connecticut-yankee-in-king-arthur-s-court,1,,server-3,1,1,1,2.142,0.952,3.063
least-connections-cache-on-warm500,130,3,2.0385,1.269,0.629,1.898,you,silas-marner,1,,server-1,1,1,1,3.149,0.952,1.653
least-connections-cache-on-warm500,130,3,2.0462,1.455,20.292,21.747,death,the-house-of-the-seven-gables,1,,server-2,0,1,1,1.130,5.383,1.653
least-connections-cache-on-warm500,130,3,2.0538,1.231,27.184,28.415,of,oliver-twist,1,,server-3,0,1,1,1.130,2.828,4.193
least-connections-cache-on-warm500,130,3,2.0615,1.885,21.440,23.325,death,the-last-of-the-mohicans-a-narrative-of-1757-27681,1,,server-1,1,1,1,1.130,2.828,2.199
least-connections-cache-on-warm500,130,3,2.0692,1.326,32.670,33.996,night,jane-eyre-an-autobiography,1,,server-2,1,1,1,0.676,5.002,2.199
least-connections-cache-on-warm500,130,3,2.0769,5.803,28.330,34.133,whale,the-mysterious-island,1,,server-3,1,1,2,0.676,2.615,2.199
least-connections-cache-on-warm500,130,3,2.0846,1.516,27.967,29.483,castle,tess-of-the-d-urbervilles-a-pure-woman,1,,server-1,2,1,1,3.785,2.615,3.422
least-connections-cache-on-warm500,130,3,2.0923,11.157,31.898,43.055,sea,north-and-south,1,,server-2,1,2,1,1.999,2.615,3.422
least-connections-cache-on-warm500,130,3,2.1000,11.486,30.584,42.069,sea,oliver-twist,1,,server-3,1,2,2,1.999,2.615,3.422
least-connections-cache-on-warm500,130,3,2.1077,6.744,14.840,21.585,horse,the-secret-garden,1,,server-1,2,1,2,1.999,5.024,3.422
least-connections-cache-on-warm500,130,3,2.1154,19.813,12.230,32.043,london,frankenstein-or-the-modern-prometheus-41445,1,,server-2,1,2,1,4.017,5.024,4.531
least-connections-cache-on-warm500,130,3,2.1231,19.108,35.458,54.565,money,the-moonstone,1,,server-3,1,2,2,4.017,5.024,4.531
least-connections-cache-on-warm500,130,3,2.1308,1.380,30.195,31.575,letter,jane-eyre-an-autobiography,1,,server-1,1,2,2,4.871,5.024,4.531
least-connections-cache-on-warm500,130,3,2.1385,9.271,13.693,22.964,the,the-secret-adversary,1,,server-2,1,2,2,2.556,7.222,4.531
least-connections-cache-on-warm500,130,3,2.1462,31.877,17.199,49.076,love,desert-gold,1,,server-3,1,2,2,2.556,7.222,6.103
least-connections-cache-on-warm500,130,3,2.1538,8.941,0.676,9.618,house,treasure-island,1,,server-1,2,1,2,2.556,4.216,6.103
least-connections-cache-on-warm500,130,3,2.1615,1.382,16.183,17.565,and,the-wind-in-the-willows,1,,server-2,2,2,2,2.556,4.811,6.103
least-connections-cache-on-warm500,130,3,2.1692,1.311,0.624,1.935,night,the-scarlet-letter,1,,server-1,1,1,2,2.701,2.539,6.103
least-connections-cache-on-warm500,130,3,2.1769,2.079,20.260,22.339,he,madame-bovary,1,,server-1,1,1,2,0.973,2.539,6.103
least-connections-cache-on-warm500,130,3,2.1846,1.322,20.686,22.008,whale,adventures-of-huckleberry-finn,1,,server-2,1,1,1,0.559,4.109,8.186
least-connections-cache-on-warm500,130,3,2.1923,3.159,15.858,19.017,horse,the-warden,1,,server-3,1,1,2,0.559,2.168,8.186
least-connections-cache-on-warm500,130,3,2.2000,1.381,0.705,2.086,death,the-mystery-of-edwin-drood,1,,server-1,1,1,1,3.536,2.168,4.566
least-connections-cache-on-warm500,130,3,2.2077,1.357,0.681,2.038,castle,pride-and-prejudice,1,,server-2,0,1,1,1.271,4.662,4.566
least-connections-cache-on-warm500,130,3,2.2154,1.750,35.888,37.639,whale,mary-barton,1,,server-3,0,0,1,1.271,1.643,5.403
least-connections-cache-on-warm500,130,3,2.2231,2.849,14.633,17.482,castle,treasure-island,1,,server-1,1,0,1,1.271,1.643,2.857
least-connections-cache-on-warm500,130,3,2.2308,2.324,17.626,19.950,was,northanger-abbey,1,,server-2,1,1,1,0.823,1.643,2.857
least-connections-cache-on-warm500,130,3,2.2385,15.161,0.809,15.969,you,the-warden,1,,server-3,1,1,2,0.823,0.936,2.857
least-connections-cache-on-warm500,130,3,2.2462,1.382,19.143,20.524,you,anne-of-green-gables,1,,server-1,1,1,2,2.732,0.936,2.857
least-connections-cache-on-warm500,130,3,2.2538,1.565,29.064,30.629,sea,tess-of-the-d-urbervilles-a-pure-woman,1,,server-2,1,1,1,1.460,3.340,5.317
least-connections-cache-on-warm500,130,3,2.2615,1.280,0.577,1.857,heart,the-last-of-the-mohicans-a-narrative-of-1757,1,,server-3,1,1,1,1.460,1.774,3.481
least-connections-cache-on-warm500,130,3,2.2692,1.552,31.244,32.796,london,north-and-south,1,,server-1,1,1,0,3.945,1.774,1.248
least-connections-cache-on-warm500,130,3,2.2769,1.280,12.533,13.813,castle,silas-marner,1,,server-3,1,1,1,2.097,1.774,1.248
least-connections-cache-on-warm500,130,3,2.2846,17.655,15.974,33.629,sea,dubliners,1,,server-1,2,1,1,2.097,5.716,0.702
least-connections-cache-on-warm500,130,3,2.2923,1.227,0.604,1.832,you,tess-of-the-d-urbervilles-a-pure-woman,1,,server-2,2,1,0,2.097,5.716,2.404
least-connections-cache-on-warm500,130,3,2.3000,1.166,16.654,17.820,london,the-memoirs-of-sherlock-holmes,1,,server-3,2,0,1,2.097,1.978,2.404
least-connections-cache-on-warm500,130,3,2.3077,1.565,36.620,38.185,night,the-innocents-abroad,1,,server-2,1,1,1,5.253,1.978,1.293
least-connections-cache-on-warm500,130,3,2.3154,2.865,17.997,20.862,love,the-scarlet-letter-33,1,,server-3,1,1,2,5.253,1.083,1.293
least-connections-cache-on-warm500,130,3,2.3231,1.484,15.475,16.959,he,persuasion,1,,server-1,1,1,1,5.884,1.083,1.990
least-connections-cache-on-warm500,130,3,2.3308,15.580,15.414,30.994,sea,persuasion,1,,server-2,1,2,1,3.095,1.083,1.990
least-connections-cache-on-warm500,130,3,2.3385,1.563,14.304,15.867,london,poirot-investigates,1,,server-3,1,2,1,3.095,1.083,4.072
least-connections-cache-on-warm500,130,3,2.3462,1.180,22.731,23.910,money,adventures-of-huckleberry-finn,1,,server-1,1,1,1,4.385,6.031,2.203
least-connections-cache-on-warm500,130,3,2.3538,8.177,0.852,9.029,london,persuasion,1,,server-2,1,2,1,2.311,4.840,2.203
least-connections-cache-on-warm500,130,3,2.3615,1.601,18.985,20.586,she,the-age-of-innocence,1,,server-3,1,2,1,2.311,4.423,3.689
least-connections-cache-on-warm500,130,3,2.3692,1.709,13.801,15.511,you,treasure-island,1,,server-2,1,1,1,2.311,2.346,1.967
least-connections-cache-on-warm500,130,3,2.3769,1.366,11.953,13.320,castle,the-warden,1,,server-1,1,1,1,5.077,1.279,1.967
least-connections-cache-on-warm500,130,3,2.3846,1.435,32.982,34.417,night,a-tale-of-two-cities,1,,server-3,1,1,1,2.666,3.690,4.238
least-connections-cache-on-warm500,130,3,2.3923,1.248,32.236,33.484,whale,the-iliad,1,,server-1,1,0,1,3.568,2.976,2.230
least-connections-cache-on-warm500,130,3,2.4000,1.666,28.484,30.150,love,emma,1,,server-2,1,1,1,1.882,2.976,2.230
least-connections-cache-on-warm500,130,3,2.4077,11.588,13.005,24.594,and,the-first-men-in-the-moon,1,,server-3,1,1,2,1.882,1.601,2.230
least-connections-cache-on-warm500,130,3,2.4154,10.725,35.582,46.307,horse,the-iliad,1,,server-1,2,1,2,1.882,1.601,2.230
least-connections-cache-on-warm500,130,3,2.4231,7.401,0.903,8.304,whale,the-war-of-the-worlds,1,,server-2,2,2,1,1.882,1.601,4.487
least-connections-cache-on-warm500,130,3,2.4308,1.898,0.543,2.441,she,the-odyssey,1,,server-3,1,1,2,4.635,3.973,4.487
least-connections-cache-on-warm500,130,3,2.4385,1.157,0.566,1.724,whale,the-moonstone,1,,server-2,1,1,0,4.635,2.620,1.722
least-connections-cache-on-warm500,130,3,2.4462,1.059,24.710,25.769,king,the-song-of-the-lark,1,,server-3,1,0,1,4.635,0.957,1.722
least-connections-cache-on-warm500,130,3,2.4538,1.104,17.554,18.658,sea,the-memoirs-of-sherlock-holmes,1,,server-2,1,1,1,4.635,0.957,0.941
least-connections-cache-on-warm500,130,3,2.4615,10.848,23.228,34.075,was,the-works-of-edgar-allan-poe-volume-2,1,,server-3,1,1,2,8.568,0.551,0.941
least-connections-cache-on-warm500,130,3,2.4692,1.236,0.563,1.800,the,the-works-of-edgar-allan-poe-volume-2,1,,server-1,1,1,2,8.568,0.551,0.941
least-connections-cache-on-warm500,130,3,2.4769,1.155,0.576,1.730,night,autobiography-of-benjamin-franklin,1,,server-2,0,1,1,2.907,3.121,3.346
least-connections-cache-on-warm500,130,3,2.4846,1.374,10.458,11.832,castle,poirot-investigates,1,,server-1,1,0,1,2.907,1.122,3.346
least-connections-cache-on-warm500,130,3,2.4923,1.171,0.548,1.719,king,the-memoirs-of-sherlock-holmes,1,,server-2,1,1,1,1.576,1.122,3.346
least-connections-cache-on-warm500,130,3,2.5000,0.953,38.634,39.587,of,the-jungle,1,,server-3,0,0,1,2.634,0.460,5.812
least-connections-cache-on-warm500,130,3,2.5077,1.604,20.723,22.327,letter,the-mysterious-affair-at-styles,1,,server-1,1,0,1,2.634,0.460,3.025
least-connections-cache-on-warm500,130,3,2.5154,3.501,18.468,21.968,whale,the-secret-garden,1,,server-2,1,1,1,1.459,0.460,3.025
least-connections-cache-on-warm500,130,3,2.5231,16.768,0.659,17.427,she,the-divine-comedy,1,,server-3,1,1,2,1.459,0.425,3.025
least-connections-cache-on-warm500,130,3,2.5308,1.110,21.272,22.383,sea,the-last-of-the-mohicans-a-narrative-of-1757-27681,1,,server-1,1,1,2,4.125,0.425,3.025
least-connections-cache-on-warm500,130,3,2.5385,1.301,0.741,2.042,horse,the-great-gatsby,1,,server-2,1,1,2,2.179,3.093,3.025
least-connections-cache-on-warm500,130,3,2.5462,1.438,0.727,2.165,and,herland,1,,server-3,1,0,1,2.179,1.117,3.717
least-connections-cache-on-warm500,130,3,2.5538,0.986,0.523,1.508,horse,the-scarlet-letter-33,1,,server-1,1,0,0,4.757,1.117,1.325
least-connections-cache-on-warm500,130,3,2.5615,1.426,41.118,42.544,was,pride-and-prejudice,1,,server-2,0,1,0,1.651,1.117,1.325
least-connections-cache-on-warm500,130,3,2.5692,2.554,27.672,30.227,money,autobiography-of-benjamin-franklin,1,,server-3,0,1,1,1.651,0.656,1.325
least-connections-cache-on-warm500,130,3,2.5769,3.928,2.394,6.322,sea,a-connecticut-yankee-in-king-arthur-s-court,1,,server-1,1,1,1,1.651,0.656,0.830
least-connections-cache-on-warm500,130,3,2.5846,2.949,2.115,5.064,heart,the-divine-comedy,1,,server-1,1,1,1,0.938,0.656,0.830
least-connections-cache-on-warm500,130,3,2.5923,0.906,0.506,1.412,death,the-last-of-the-mohicans-a-narrative-of-1757,1,,server-1,1,1,1,0.613,0.656,0.830
least-connections-cache-on-warm500,130,3,2.6000,1.044,10.850,11.894,heart,the-lost-world,1,,server-3,0,1,1,0.297,0.656,4.855
least-connections-cache-on-warm500,130,3,2.6077,1.065,23.994,25.059,letter,leaves-of-grass,1,,server-1,1,0,1,0.297,6.943,2.548
least-connections-cache-on-warm500,130,3,2.6154,1.110,28.333,29.443,night,jude-the-obscure,1,,server-2,1,1,0,0.211,6.943,3.345
least-connections-cache-on-warm500,130,3,2.6231,1.389,0.767,2.156,castle,wuthering-heights,1,,server-3,1,1,1,0.211,3.621,3.345
least-connections-cache-on-warm500,130,3,2.6308,1.138,18.681,19.819,house,wuthering-heights,1,,server-3,1,1,1,0.211,3.621,1.229
least-connections-cache-on-warm500,130,3,2.6385,1.477,18.327,19.804,he,the-adventures-of-sherlock-holmes,1,,server-1,1,1,1,3.936,3.621,0.687
least-connections-cache-on-warm500,130,3,2.6462,1.220,14.265,15.485,london,meditations,1,,server-2,1,1,1,2.082,6.825,0.687
least-connections-cache-on-warm500,130,3,2.6538,1.294,17.914,19.208,the,anne-of-green-gables,1,,server-3,1,1,1,2.082,3.559,3.397
least-connections-cache-on-warm500,130,3,2.6615,1.986,0.642,2.627,he,mansfield-park,1,,server-1,1,1,1,4.157,4.512,1.791
least-connections-cache-on-warm500,130,3,2.6692,1.115,0.539,1.654,castle,the-war-of-the-worlds,1,,server-2,0,1,1,1.473,4.512,1.791
least-connections-cache-on-warm500,130,3,2.6769,1.044,0.664,1.708,was,grimms-fairy-tales,1,,server-3,0,0,1,1.473,1.578,3.934
least-connections-cache-on-warm500,130,3,2.6846,1.299,0.871,2.170,the,jude-the-obscure,1,,server-1,1,0,0,1.473,1.578,1.398
least-connections-cache-on-warm500,130,3,2.6923,2.663,33.294,35.957,king,the-age-of-innocence,1,,server-2,0,1,0,0.626,1.578,1.398
least-connections-cache-on-warm500,130,3,2.7000,4.269,31.715,35.984,horse,twenty-thousand-leagues-under-the-sea,1,,server-3,0,1,1,0.626,0.928,1.398
least-connections-cache-on-warm500,130,3,2.7077,4.674,18.955,23.629,she,kidnapped,1,,server-1,1,1,1,0.626,0.928,0.987
least-connections-cache-on-warm500,130,3,2.7154,13.831,29.884,43.715,of,north-and-south,1,,server-2,1,2,1,0.524,0.928,0.987
least-connections-cache-on-warm500,130,3,2.7231,12.991,16.763,29.754,night,black-beauty,1,,server-3,1,2,2,0.524,0.928,0.987
least-connections-cache-on-warm500,130,3,2.7308,1.555,0.795,2.349,london,the-iliad,1,,server-1,2,1,2,0.524,4.627,0.987
least-connections-cache-on-warm500,130,3,2.7385,1.888,11.191,13.079,letter,the-prince,1,,server-1,1,1,1,1.174,4.627,5.230
least-connections-cache-on-warm500,130,3,2.7462,13.703,26.954,40.657,london,a-tale-of-two-cities,1,,server-2,1,2,1,0.694,4.627,5.230
least-connections-cache-on-warm500,130,3,2.7538,1.152,14.425,15.576,house,the-scarlet-letter,1,,server-3,0,2,1,2.157,4.627,5.930
least-connections-cache-on-warm500,130,3,2.7615,1.435,13.380,14.815,horse,washington-square,1,,server-1,1,1,1,2.157,5.250,3.088
least-connections-cache-on-warm500,130,3,2.7692,17.857,0.649,18.506,he,the-hound-of-the-baskervilles-3070,1,,server-2,1,2,1,1.170,5.250,4.247
least-connections-cache-on-warm500,130,3,2.7769,1.101,19.846,20.947,death,kidnapped,1,,server-3,0,2,1,2.847,5.250,4.247
least-connections-cache-on-warm500,130,3,2.7846,2.240,0.764,3.004,and,beyond-good-and-evil,1,,server-1,1,2,1,2.847,5.250,2.243
least-connections-cache-on-warm500,130,3,2.7923,1.263,0.647,1.910,horse,wuthering-heights,1,,server-2,0,1,1,1.067,3.660,2.243
least-connections-cache-on-warm500,130,3,2.8000,1.213,27.775,28.988,whale,the-adventures-of-sherlock-holmes,1,,server-3,0,0,1,1.067,1.306,4.565
least-connections-cache-on-warm500,130,3,2.8077,1.733,0.895,2.628,he,desperate-remedies,1,,server-1,1,0,1,1.067,1.306,2.402
least-connections-cache-on-warm500,130,3,2.8154,1.517,23.461,24.977,was,madame-bovary,1,,server-2,0,1,1,0.510,1.306,2.402
least-connections-cache-on-warm500,130,3,2.8231,1.504,0.747,2.251,sea,the-portrait-of-a-lady-volume-1,1,,server-1,1,1,1,0.510,0.762,2.402
least-connections-cache-on-warm500,130,3,2.8308,1.376,28.488,29.863,king,tess-of-the-d-urbervilles-a-pure-woman,1,,server-3,0,1,1,0.297,0.762,5.929
least-connections-cache-on-warm500,130,3,2.8385,1.665,1.092,2.757,you,the-return-of-sherlock-holmes,1,,server-1,1,1,1,0.297,0.762,3.114
least-connections-cache-on-warm500,130,3,2.8462,1.451,10.101,11.551,london,the-prince,1,,server-2,0,1,1,0.259,4.205,3.114
least-connections-cache-on-warm500,130,3,2.8538,1.556,24.181,25.736,castle,jude-the-obscure,1,,server-1,1,1,1,0.259,2.225,3.114
least-connections-cache-on-warm500,130,3,2.8615,1.233,22.207,23.440,death,the-divine-comedy,1,,server-2,1,1,0,0.194,2.981,6.492
least-connections-cache-on-warm500,130,3,2.8692,1.155,0.724,1.880,letter,the-secret-garden-17396,1,,server-3,1,1,1,0.194,1.591,6.492
least-connections-cache-on-warm500,130,3,2.8769,0.997,16.478,17.475,london,anne-of-green-gables,1,,server-3,1,1,1,0.194,1.591,2.242
least-connections-cache-on-warm500,130,3,2.8846,1.261,0.638,1.899,heart,the-last-of-the-mohicans-a-narrative-of-1757,1,,server-1,1,1,1,3.942,5.606,1.192
least-connections-cache-on-warm500,130,3,2.8923,1.234,12.923,14.156,castle,the-picture-of-dorian-gray,1,,server-2,0,1,1,1.406,4.498,1.192
least-connections-cache-on-warm500,130,3,2.9000,1.173,19.974,21.147,love,the-return-of-sherlock-holmes-108,1,,server-3,0,1,1,1.406,2.352,3.397
least-connections-cache-on-warm500,130,3,2.9077,1.742,19.250,20.992,heart,a-connecticut-yankee-in-king-arthur-s-court,1,,server-1,1,0,1,1.406,3.520,1.807
least-connections-cache-on-warm500,130,3,2.9154,1.224,13.368,14.592,the,the-hound-of-the-baskervilles,1,,server-2,1,1,1,0.789,3.520,1.807
least-connections-cache-on-warm500,130,3,2.9231,1.537,24.225,25.762,and,the-jungle,1,,server-3,1,1,1,0.789,1.870,4.312
least-connections-cache-on-warm500,130,3,2.9308,1.204,10.231,11.435,the,the-mysterious-affair-at-styles,1,,server-1,1,0,1,3.551,3.269,2.308
least-connections-cache-on-warm500,130,3,2.9385,1.109,0.583,1.692,money,his-last-bow,1,,server-2,1,1,1,1.883,3.269,2.308
least-connections-cache-on-warm500,130,3,2.9462,1.061,25.075,26.136,king,far-from-the-madding-crowd,1,,server-1,1,0,1,2.786,1.171,2.308
least-connections-cache-on-warm500,130,3,2.9538,1.443,22.154,23.597,of,madame-bovary,1,,server-2,1,1,0,1.487,1.171,5.315
least-connections-cache-on-warm500,130,3,2.9615,1.574,15.554,17.129,love,a-journey-to-the-centre-of-the-earth,1,,server-3,1,1,1,1.487,0.689,5.315
least-connections-cache-on-warm500,130,3,2.9692,3.370,13.025,16.395,death,the-adventures-of-tom-sawyer-complete,1,,server-1,2,1,1,1.487,0.689,2.819
least-connections-cache-on-warm500,130,3,2.9769,1.237,11.049,12.286,horse,the-mysterious-affair-at-styles,1,,server-2,1,2,1,3.266,0.689,2.819
least-connections-cache-on-warm500,130,3,2.9846,1.439,26.132,27.570,she,jude-the-obscure,1,,server-3,1,1,1,3.266,2.111,4.242
least-connections-cache-on-warm500,130,3,2.9923,1.429,0.823,2.251,king,tess-of-the-d-urbervilles-a-pure-woman,1,,server-1,1,0,1,4.115,3.083,2.239
least-connections-cache-on-warm500,130,3,3.0000,1.195,27.893,29.087,letter,the-song-of-the-lark,1,,server-2,0,1,1,1.485,3.083,2.239
least-connections-cache-on-warm500,130,3,3.0077,1.282,13.993,15.275,of,the-secret-garden-17396,1,,server-1,1,1,1,1.485,1.645,2.239
least-connections-cache-on-warm500,130,3,3.0154,1.303,15.172,16.475,the,the-secret-garden-17396,1,,server-3,1,1,1,0.812,1.645,5.541
least-connections-cache-on-warm500,130,3,3.0231,1.489,0.762,2.251,house,pride-and-prejudice,1,,server-1,1,1,1,2.701,1.645,2.901
least-connections-cache-on-warm500,130,3,3.0308,1.538,0.852,2.390,and,the-kama-sutra-of-vatsyayana,1,,server-2,0,1,1,1.020,5.487,2.901
least-connections-cache-on-warm500,130,3,3.0385,1.483,34.943,36.426,letter,the-mystery-of-edwin-drood,1,,server-3,0,0,1,1.020,1.939,4.236
least-connections-cache-on-warm500,130,3,3.0462,2.982,31.861,34.843,castle,a-connecticut-yankee-in-king-arthur-s-court,1,,server-1,1,0,1,1.020,1.939,2.264
least-connections-cache-on-warm500,130,3,3.0538,4.291,2.531,6.823,love,the-mysterious-island,1,,server-2,1,1,1,0.657,1.939,2.264
least-connections-cache-on-warm500,130,3,3.0615,3.215,13.569,16.784,castle,the-great-gatsby,1,,server-2,1,1,1,0.657,0.997,2.264
least-connections-cache-on-warm500,130,3,3.0692,5.977,17.327,23.304,the,grimms-fairy-tales,1,,server-3,1,1,2,0.657,0.656,2.264
least-connections-cache-on-warm500,130,3,3.0769,4.502,15.574,20.076,you,autobiography-of-benjamin-franklin,1,,server-1,2,1,1,0.657,0.656,4.713
least-connections-cache-on-warm500,130,3,3.0846,1.381,0.695,2.076,horse,dubliners,1,,server-2,1,1,1,3.736,2.488,4.713
least-connections-cache-on-warm500,130,3,3.0923,1.346,16.573,17.919,house,black-beauty,1,,server-2,1,1,1,3.736,0.927,7.130
least-connections-cache-on-warm500,130,3,3.1000,1.753,25.899,27.652,london,twenty-thousand-leagues-under-the-sea,1,,server-3,0,1,1,4.821,0.530,5.749
least-connections-cache-on-warm500,130,3,3.1077,2.731,12.897,15.628,and,the-great-gatsby,1,,server-1,1,1,1,4.821,0.530,3.040
least-connections-cache-on-warm500,130,3,3.1154,2.420,14.850,17.270,and,the-picture-of-dorian-gray,1,,server-2,1,1,1,2.609,2.932,3.040
least-connections-cache-on-warm500,130,3,3.1231,5.023,0.842,5.865,whale,the-last-of-the-mohicans-a-narrative-of-1757,1,,server-3,1,1,2,4.503,1.630,3.040
least-connections-cache-on-warm500,130,3,3.1308,1.142,16.291,17.433,death,desert-gold,1,,server-1,1,1,0,3.661,1.630,2.354
least-connections-cache-on-warm500,130,3,3.1385,1.103,22.918,24.021,heart,life-on-the-mississippi,1,,server-2,1,1,0,1.944,3.382,2.354
least-connections-cache-on-warm500,130,3,3.1462,2.023,0.732,2.755,house,the-scarlet-letter,1,,server-3,1,1,1,1.944,1.797,2.354
least-connections-cache-on-warm500,130,3,3.1538,1.355,33.463,34.818,he,great-expectations,1,,server-1,1,1,0,3.753,1.797,0.899
least-connections-cache-on-warm500,130,3,3.1615,1.321,0.581,1.903,london,desert-gold,1,,server-3,1,1,1,1.988,1.797,0.899
least-connections-cache-on-warm500,130,3,3.1692,1.501,31.813,33.314,you,north-and-south,1,,server-2,1,1,0,1.988,4.800,0.418
least-connections-cache-on-warm500,130,3,3.1769,1.091,38.385,39.475,house,villette,1,,server-3,1,1,1,1.988,2.520,0.418
least-connections-cache-on-warm500,130,3,3.1846,4.297,19.353,23.651,he,the-return-of-sherlock-holmes-108,1,,server-1,2,1,1,1.988,2.520,0.277
least-connections-cache-on-warm500,130,3,3.1923,10.059,10.661,20.720,letter,the-great-gatsby,1,,server-2,1,2,1,3.745,2.520,0.277
least-connections-cache-on-warm500,130,3,3.2000,17.023,19.526,36.549,heart,walden-and-on-the-duty-of-civil-disobedience,1,,server-3,1,2,2,3.745,2.520,0.277
least-connections-cache-on-warm500,130,3,3.2077,1.429,0.697,2.126,horse,the-first-men-in-the-moon,1,,server-1,2,1,2,3.745,5.623,0.277
least-connections-cache-on-warm500,130,3,3.2154,1.241,0.675,1.916,whale,the-return-of-sherlock-holmes-108,1,,server-2,0,1,2,1.901,5.270,0.277
least-connections-cache-on-warm500,130,3,3.2231,1.896,1.281,3.177,night,frankenstein-or-the-modern-prometheus-41445,1,,server-1,1,0,1,1.901,1.831,5.311
least-connections-cache-on-warm500,130,3,3.2308,1.261,20.291,21.552,and,twenty-thousand-leagues-under-the-sea,1,,server-2,0,1,1,0.819,1.831,5.311
least-connections-cache-on-warm500,130,3,3.2385,1.146,35.456,36.602,and,the-iliad,1,,server-3,0,1,1,0.819,1.002,6.404
least-connections-cache-on-warm500,130,3,3.2462,1.582,15.517,17.099,of,meditations,1,,server-1,1,1,1,0.819,1.002,3.337
least-connections-cache-on-warm500,130,3,3.2538,1.252,0.835,2.087,castle,the-portrait-of-a-lady-volume-1,1,,server-2,1,1,1,0.501,3.850,3.337
least-connections-cache-on-warm500,130,3,3.2615,1.048,29.515,30.563,king,the-mysterious-island,1,,server-2,1,1,1,0.501,1.390,3.337
least-connections-cache-on-warm500,130,3,3.2692,1.555,17.025,18.580,london,memoirs-of-fanny-hill,1,,server-1,1,1,1,2.757,0.771,3.337
least-connections-cache-on-warm500,130,3,3.2769,1.232,24.546,25.778,castle,desperate-remedies,1,,server-3,1,1,1,1.479,0.771,7.764
least-connections-cache-on-warm500,130,3,3.2846,3.550,18.412,21.962,house,the-age-of-innocence,1,,server-1,2,1,1,1.479,0.771,4.040
least-connections-cache-on-warm500,130,3,3.2923,1.417,0.564,1.980,love,the-age-of-innocence,1,,server-2,1,2,1,2.140,5.173,4.040
least-connections-cache-on-warm500,130,3,3.3000,1.146,10.626,11.772,night,the-war-of-the-worlds,1,,server-2,1,1,1,2.140,1.798,4.040
least-connections-cache-on-warm500,130,3,3.3077,1.190,21.431,22.621,night,the-divine-comedy,1,,server-3,0,1,1,4.241,1.005,6.477
least-connections-cache-on-warm500,130,3,3.3154,1.161,21.911,23.072,horse,the-house-of-mirth,1,,server-1,1,0,1,4.241,2.285,3.381
least-connections-cache-on-warm500,130,3,3.3231,1.840,20.812,22.652,money,the-house-of-mirth,1,,server-2,1,1,1,2.242,2.285,3.381
least-connections-cache-on-warm500,130,3,3.3308,1.860,1.225,3.085,letter,the-wind-in-the-willows,1,,server-3,1,1,1,2.242,1.246,5.540
least-connections-cache-on-warm500,130,3,3.3385,1.372,0.727,2.099,heart,beyond-good-and-evil,1,,server-3,1,1,1,4.892,1.246,1.995
least-connections-cache-on-warm500,130,3,3.3462,1.323,38.660,39.982,and,north-and-south,1,,server-1,1,0,0,4.892,4.062,0.751
least-connections-cache-on-warm500,130,3,3.3538,1.639,0.914,2.553,king,the-vicomte-de-bragelonne,1,,server-2,1,1,0,2.579,4.062,0.751
least-connections-cache-on-warm500,130,3,3.3615,2.408,1.552,3.959,castle,adventures-of-huckleberry-finn,1,,server-3,1,0,1,2.579,1.468,0.751
least-connections-cache-on-warm500,130,3,3.3692,1.336,0.593,1.929,whale,jude-the-obscure,1,,server-2,1,1,0,2.579,1.468,0.490
least-connections-cache-on-warm500,130,3,3.3769,1.187,15.986,17.173,he,a-journey-to-the-centre-of-the-earth,1,,server-3,1,0,1,2.579,0.579,0.490
least-connections-cache-on-warm500,130,3,3.3846,2.441,18.669,21.110,sea,adventures-of-huckleberry-finn,1,,server-2,1,1,1,2.579,0.579,0.308
least-connections-cache-on-warm500,130,3,3.3923,1.501,14.810,16.311,you,frankenstein-or-the-modern-prometheus-41445,1,,server-1,1,1,1,7.778,0.405,0.308
least-connections-cache-on-warm500,130,3,3.4000,1.590,0.799,2.389,whale,adventures-of-huckleberry-finn,1,,server-3,1,1,1,4.046,0.405,2.712
least-connections-cache-on-warm500,130,3,3.4077,1.134,0.765,1.899,horse,desperate-remedies,1,,server-2,1,1,0,4.046,3.158,1.010
least-connections-cache-on-warm500,130,3,3.4154,1.602,0.877,2.478,heart,the-scarlet-letter,1,,server-3,0,0,1,4.927,1.144,1.010
least-connections-cache-on-warm500,130,3,3.4231,3.482,48.968,52.450,night,the-last-of-the-mohicans-a-narrative-of-1757,1,,server-1,1,0,0,4.927,1.144,0.492
least-connections-cache-on-warm500,130,3,3.4308,5.327,34.589,39.917,of,pride-and-prejudice,1,,server-2,1,1,0,2.740,1.144,0.492
least-connections-cache-on-warm500,130,3,3.4385,5.647,3.727,9.374,london,memoirs-of-fanny-hill,1,,server-3,1,1,1,2.740,0.888,0.492
least-connections-cache-on-warm500,130,3,3.4462,29.544,0.954,30.498,death,sense-and-sensibility,1,,server-1,2,1,1,2.740,0.888,0.559
least-connections-cache-on-warm500,130,3,3.4538,2.260,1.186,3.446,was,pride-and-prejudice,1,,server-3,2,1,1,2.740,0.888,0.740
least-connections-cache-on-warm500,130,3,3.4615,1.174,23.818,24.992,house,the-jungle,1,,server-3,2,1,1,2.740,0.888,0.431
least-connections-cache-on-warm500,130,3,3.4692,1.855,11.846,13.700,horse,the-wind-in-the-willows,1,,server-2,2,2,1,2.740,0.888,0.272
least-connections-cache-on-warm500,130,3,3.4769,1.251,27.494,28.746,was,mary-barton,1,,server-1,1,1,1,5.181,3.131,0.272
least-connections-cache-on-warm500,130,3,3.4846,1.263,25.433,26.696,was,the-jungle,1,,server-2,1,1,1,2.696,3.846,0.272
least-connections-cache-on-warm500,130,3,3.4923,1.875,0.862,2.737,money,the-adventures-of-sherlock-holmes,1,,server-3,1,1,1,2.696,2.037,3.962
least-connections-cache-on-warm500,130,3,3.5000,1.259,12.757,14.016,was,agnes-grey,1,,server-3,1,1,1,2.696,2.037,1.402
least-connections-cache-on-warm500,130,3,3.5077,1.603,0.740,2.343,you,the-memoirs-of-sherlock-holmes,1,,server-1,1,1,1,6.072,2.037,0.788
least-connections-cache-on-warm500,130,3,3.5154,1.236,0.591,1.827,love,desert-gold,1,,server-2,0,1,0,2.116,5.347,2.500
least-connections-cache-on-warm500,130,3,3.5231,1.322,36.452,37.774,horse,the-innocents-abroad,1,,server-3,0,0,1,2.116,1.855,2.500
least-connections-cache-on-warm500,130,3,3.5308,1.684,0.843,2.527,you,treasure-island,1,,server-1,1,0,1,2.116,1.855,1.343
least-connections-cache-on-warm500,130,3,3.5385,1.742,29.716,31.458,she,life-on-the-mississippi,1,,server-2,0,1,1,0.846,1.855,1.343
least-connections-cache-on-warm500,130,3,3.5462,1.500,0.779,2.279,death,beyond-good-and-evil,1,,server-1,1,1,1,0.846,1.024,1.343
least-connections-cache-on-warm500,130,3,3.5538,1.223,21.906,23.130,whale,twenty-thousand-leagues-under-the-sea,1,,server-1,1,1,1,0.414,1.024,1.343
least-connections-cache-on-warm500,130,3,3.5615,1.529,0.685,2.214,castle,the-divine-comedy,1,,server-3,1,1,1,0.280,1.024,6.650
least-connections-cache-on-warm500,130,3,3.5692,1.434,0.645,2.078,the,beyond-good-and-evil,1,,server-3,1,1,1,0.280,1.024,2.295
least-connections-cache-on-warm500,130,3,3.5769,1.408,15.339,16.747,money,the-hound-of-the-baskervilles-3070,1,,server-2,1,1,0,3.625,5.367,0.847
least-connections-cache-on-warm500,130,3,3.5846,2.173,1.349,3.522,was,tess-of-the-d-urbervilles-a-pure-woman,1,,server-3,0,1,1,3.625,2.816,0.847
least-connections-cache-on-warm500,130,3,3.5923,1.997,24.229,26.226,the,cranford,1,,server-1,1,1,0,3.625,2.816,0.488
least-connections-cache-on-warm500,130,3,3.6000,2.775,1.656,4.430,sea,kidnapped,1,,server-2,1,1,0,1.964,4.210,0.488
least-connections-cache-on-warm500,130,3,3.6077,3.818,0.657,4.475,you,northanger-abbey,1,,server-3,1,0,1,1.964,1.625,0.488
least-connections-cache-on-warm500,130,3,3.6154,0.883,0.553,1.436,of,the-adventures-of-sherlock-holmes,1,,server-2,1,1,0,1.964,1.625,0.338
least-connections-cache-on-warm500,130,3,3.6231,1.335,36.487,37.822,death,emma,1,,server-3,0,0,1,5.085,0.624,0.338
least-connections-cache-on-warm500,130,3,3.6308,3.027,32.248,35.274,of,jude-the-obscure,1,,server-1,1,0,1,5.085,0.624,0.257
least-connections-cache-on-warm500,130,3,3.6385,2.795,0.658,3.454,heart,walden-and-on-the-duty-of-civil-disobedience,1,,server-2,1,1,1,2.802,0.624,0.257
least-connections-cache-on-warm500,130,3,3.6462,1.051,13.115,14.167,london,black-beauty,1,,server-2,1,1,1,2.802,0.331,0.257
least-connections-cache-on-warm500,130,3,3.6538,7.238,0.513,7.751,money,the-last-of-the-mohicans-a-narrative-of-1757,1,,server-3,1,1,2,2.802,0.226,0.257
least-connections-cache-on-warm500,130,3,3.6615,1.208,0.455,1.663,king,little-women,1,,server-2,1,1,1,2.802,2.197,2.696
least-connections-cache-on-warm500,130,3,3.6692,1.172,27.691,28.864,heart,the-works-of-edgar-allan-poe-volume-2,1,,server-3,0,0,1,6.837,0.788,2.696
least-connections-cache-on-warm500,130,3,3.6769,1.668,23.292,24.960,love,the-return-of-sherlock-holmes,1,,server-1,1,0,1,6.837,0.788,1.435
least-connections-cache-on-warm500,130,3,3.6846,1.233,11.787,13.020,and,the-hound-of-the-baskervilles-3070,1,,server-2,1,1,1,3.610,0.788,1.435
least-connections-cache-on-warm500,130,3,3.6923,6.258,21.623,27.881,love,the-last-of-the-mohicans-a-narrative-of-1757-27681,1,,server-3,1,1,2,3.610,0.486,1.435
least-connections-cache-on-warm500,130,3,3.7000,1.358,13.187,14.545,she,a-princess-of-mars,1,,server-2,1,1,1,3.610,2.140,3.305
least-connections-cache-on-warm500,130,3,3.7077,1.501,23.608,25.109,night,pride-and-prejudice,1,,server-1,1,1,1,5.976,1.165,3.305
least-connections-cache-on-warm500,130,3,3.7154,1.178,14.864,16.042,horse,memoirs-of-fanny-hill,1,,server-2,1,1,1,3.163,2.808,3.305
least-connections-cache-on-warm500,130,3,3.7231,1.555,0.776,2.331,you,a-connecticut-yankee-in-king-arthur-s-court,1,,server-3,1,1,1,3.163,1.508,5.527
least-connections-cache-on-warm500,130,3,3.7308,1.453,33.070,34.523,house,little-women,1,,server-3,1,1,1,3.163,1.508,1.963
least-connections-cache-on-warm500,130,3,3.7385,1.864,33.540,35.404,he,the-moonstone,1,,server-1,1,0,1,5.745,3.334,1.059
least-connections-cache-on-warm500,130,3,3.7462,2.022,1.054,3.076,letter,the-mysterious-affair-at-styles,1,,server-2,1,1,1,3.046,3.334,1.059
least-connections-cache-on-warm500,130,3,3.7538,1.097,31.107,32.204,was,the-moonstone,1,,server-2,1,1,1,3.046,1.265,1.059
least-connections-cache-on-warm500,130,3,3.7615,4.500,34.206,38.706,horse,the-moonstone,1,,server-3,1,1,2,3.046,0.694,1.059
least-connections-cache-on-warm500,130,3,3.7692,5.181,0.454,5.635,king,the-secret-garden,1,,server-1,2,1,1,3.046,0.694,3.411
least-connections-cache-on-warm500,130,3,3.7769,1.025,0.479,1.503,the,a-tale-of-two-cities,1,,server-1,1,1,1,2.687,0.694,3.411
least-connections-cache-on-warm500,130,3,3.7846,0.946,23.801,24.747,sea,the-song-of-the-lark,1,,server-1,1,1,1,0.968,0.694,3.411
least-connections-cache-on-warm500,130,3,3.7923,1.199,13.179,14.378,and,autobiography-of-benjamin-franklin,1,,server-2,1,1,1,0.543,5.383,3.411
least-connections-cache-on-warm500,130,3,3.8000,1.370,11.932,13.302,king,the-adventures-of-tom-sawyer-complete,1,,server-3,1,1,2,0.543,2.822,9.491
least-connections-cache-on-warm500,130,3,3.8077,0.944,33.406,34.351,castle,the-iliad,1,,server-2,1,1,1,0.543,3.898,3.998
least-connections-cache-on-warm500,130,3,3.8154,1.388,10.726,12.114,you,poirot-investigates,1,,server-3,0,1,1,4.138,2.048,4.461
least-connections-cache-on-warm500,130,3,3.8231,1.401,0.734,2.135,death,dracula,1,,server-1,1,1,1,4.138,2.048,2.330
least-connections-cache-on-warm500,130,3,3.8308,1.375,0.851,2.226,castle,the-moonstone,1,,server-3,0,1,1,1.467,2.048,3.143
least-connections-cache-on-warm500,130,3,3.8385,1.572,0.642,2.214,castle,the-jungle,1,,server-1,1,1,0,1.467,2.048,1.192
least-connections-cache-on-warm500,130,3,3.8462,1.247,26.868,28.115,heart,the-house-of-mirth,1,,server-2,0,1,0,0.593,6.570,1.192
least-connections-cache-on-warm500,130,3,3.8538,1.468,0.819,2.286,london,a-princess-of-mars,1,,server-3,0,1,1,0.593,3.418,1.192
least-connections-cache-on-warm500,130,3,3.8615,2.276,22.444,24.720,castle,the-last-of-the-mohicans-a-narrative-of-1757-27681,1,,server-1,1,1,0,0.593,3.418,0.524
least-connections-cache-on-warm500,130,3,3.8692,1.120,0.645,1.765,death,the-kama-sutra-of-vatsyayana,1,,server-3,1,1,1,0.400,3.418,0.524
least-connections-cache-on-warm500,130,3,3.8769,1.390,29.804,31.194,you,jane-eyre-an-autobiography,1,,server-2,1,1,0,0.400,6.442,0.270
least-connections-cache-on-warm500,130,3,3.8846,1.409,13.081,14.490,whale,frankenstein-or-the-modern-prometheus,1,,server-3,1,1,1,0.400,3.381,0.270
least-connections-cache-on-warm500,130,3,3.8923,1.517,0.632,2.148,horse,the-prince,1,,server-1,1,1,1,3.782,3.381,0.207
least-connections-cache-on-warm500,130,3,3.9000,0.998,30.073,31.071,love,north-and-south,1,,server-3,0,1,1,1.299,3.381,2.176
least-connections-cache-on-warm500,130,3,3.9077,1.163,0.459,1.622,london,cranford,1,,server-1,1,1,1,1.299,8.586,1.154
least-connections-cache-on-warm500,130,3,3.9154,1.142,13.640,14.782,heart,a-princess-of-mars,1,,server-2,0,1,1,0.492,6.878,1.154
least-connections-cache-on-warm500,130,3,3.9231,1.242,9.526,10.768,king,the-hound-of-the-baskervilles-3070,1,,server-1,1,1,1,0.492,3.594,1.154
least-connections-cache-on-warm500,130,3,3.9308,1.266,12.326,13.592,king,the-king-in-yellow,1,,server-2,1,1,1,0.319,4.408,5.517
least-connections-cache-on-warm500,130,3,3.9385,1.575,20.592,22.167,heart,agnes-grey,1,,server-3,0,1,1,1.691,2.317,5.517
least-connections-cache-on-warm500,130,3,3.9462,1.439,17.391,18.830,night,a-princess-of-mars,1,,server-1,1,0,1,1.691,3.403,2.904
least-connections-cache-on-warm500,130,3,3.9538,2.052,15.313,17.365,of,the-war-of-the-worlds,1,,server-2,1,1,1,0.948,3.403,2.904
least-connections-cache-on-warm500,130,3,3.9615,1.374,18.380,19.754,she,dubliners,1,,server-3,1,1,1,0.948,1.862,5.037
least-connections-cache-on-warm500,130,3,3.9692,1.857,42.628,44.485,letter,the-romance-of-lust-a-classic-victorian-erotic-novel,1,,server-1,1,1,1,3.335,1.862,2.650
least-connections-cache-on-warm500,130,3,3.9769,2.080,19.874,21.955,king,hard-times,1,,server-2,1,1,1,1.795,3.545,2.650
least-connections-cache-on-warm500,130,3,3.9846,1.675,12.824,14.498,house,poirot-investigates,1,,server-3,1,1,1,1.795,1.906,4.598
least-connections-cache-on-warm500,130,3,3.9923,21.602,15.906,37.507,sea,the-hound-of-the-baskervilles-3070,1,,server-1,2,1,1,1.795,1.906,2.418
least-connections-cache-on-warm500,130,3,4.0000,1.105,0.644,1.749,you,walden-and-on-the-duty-of-civil-disobedience,1,,server-2,2,1,0,1.795,4.317,3.511
least-connections-cache-on-warm500,130,3,4.0077,1.405,0.580,1.985,of,the-mystery-of-edwin-drood,1,,server-3,2,0,1,1.795,1.528,3.511
least-connections-cache-on-warm500,130,3,4.0154,1.076,46.955,48.031,night,the-vicomte-de-bragelonne,1,,server-2,1,1,0,6.643,1.528,1.253
least-connections-cache-on-warm500,130,3,4.0231,2.035,1.340,3.375,and,the-moonstone,1,,server-3,1,1,1,6.643,0.843,1.253
least-connections-cache-on-warm500,130,3,4.0308,2.477,1.706,4.183,king,persuasion,1,,server-1,1,1,0,6.751,0.843,0.620
least-connections-cache-on-warm500,130,3,4.0385,2.741,23.573,26.314,of,twenty-thousand-leagues-under-the-sea,1,,server-3,0,1,1,2.484,0.843,0.620
least-connections-cache-on-warm500,130,3,4.0462,1.272,15.409,16.681,sea,the-secret-garden,1,,server-1,1,1,1,2.484,0.843,0.485
least-connections-cache-on-warm500,130,3,4.0538,9.841,20.243,30.083,london,the-house-of-mirth,1,,server-2,1,2,1,1.344,0.843,0.485
least-connections-cache-on-warm500,130,3,4.0615,3.991,13.520,17.511,king,the-picture-of-dorian-gray,1,,server-3,1,2,2,1.344,0.843,0.485
least-connections-cache-on-warm500,130,3,4.0692,1.335,0.713,2.048,was,the-kama-sutra-of-vatsyayana,1,,server-1,1,1,1,3.280,5.820,2.375
least-connections-cache-on-warm500,130,3,4.0769,1.353,17.058,18.411,she,the-secret-garden-17396,1,,server-1,1,1,1,1.211,5.820,2.375
least-connections-cache-on-warm500,130,3,4.0846,1.405,17.026,18.432,castle,the-adventures-of-sherlock-holmes,1,,server-2,1,1,0,0.706,6.934,3.632
least-connections-cache-on-warm500,130,3,4.0923,1.355,12.308,13.663,whale,his-last-bow,1,,server-3,1,1,1,0.706,3.628,3.632
least-connections-cache-on-warm500,130,3,4.1000,1.396,0.758,2.154,house,the-jungle,1,,server-1,1,1,1,3.118,3.628,1.945
least-connections-cache-on-warm500,130,3,4.1077,1.042,0.527,1.569,he,adventures-of-huckleberry-finn,1,,server-2,0,1,0,1.146,4.997,3.166
least-connections-cache-on-warm500,130,3,4.1154,1.642,43.525,45.167,death,the-romance-of-lust-a-classic-victorian-erotic-novel,1,,server-3,0,0,1,1.146,1.717,3.166
least-connections-cache-on-warm500,130,3,4.1231,1.954,1.054,3.008,london,jane-eyre-an-autobiography,1,,server-1,1,0,1,1.146,1.717,1.687
least-connections-cache-on-warm500,130,3,4.1308,2.431,28.019,30.450,house,far-from-the-madding-crowd,1,,server-2,0,1,1,0.564,1.717,1.687
least-connections-cache-on-warm500,130,3,4.1385,2.299,0.950,3.249,sea,the-secret-adversary,1,,server-1,1,1,1,0.564,1.019,1.687
least-connections-cache-on-warm500,130,3,4.1462,1.266,0.711,1.977,king,the-mysterious-island,1,,server-1,1,1,1,0.326,1.019,1.687
least-connections-cache-on-warm500,130,3,4.1538,1.263,14.717,15.980,castle,autobiography-of-benjamin-franklin,1,,server-1,1,1,1,0.229,1.019,1.687
least-connections-cache-on-warm500,130,3,4.1615,1.391,17.109,18.500,and,the-works-of-edgar-allan-poe-volume-2,1,,server-2,1,1,0,0.184,5.027,7.989
least-connections-cache-on-warm500,130,3,4.1692,1.370,0.564,1.934,and,the-house-of-the-seven-gables,1,,server-3,1,1,1,0.184,2.636,7.989
least-connections-cache-on-warm500,130,3,4.1769,1.271,10.762,12.034,night,his-last-bow,1,,server-1,1,1,0,2.428,2.636,2.724
least-connections-cache-on-warm500,130,3,4.1846,1.411,20.259,21.670,sea,hard-times,1,,server-2,1,1,0,1.310,4.388,2.724
least-connections-cache-on-warm500,130,3,4.1923,1.067,0.533,1.600,whale,far-from-the-madding-crowd,1,,server-3,0,1,1,2.517,2.337,2.724
least-connections-cache-on-warm500,130,3,4.2000,1.941,1.385,3.326,castle,the-divine-comedy,1,,server-1,1,1,0,2.517,2.337,0.989
least-connections-cache-on-warm500,130,3,4.2077,1.059,18.626,19.686,was,the-lost-world,1,,server-2,0,1,0,1.077,4.694,0.989
least-connections-cache-on-warm500,130,3,4.2154,1.816,25.375,27.191,you,the-portrait-of-a-lady-volume-1,1,,server-3,0,1,1,1.077,2.461,0.989
least-connections-cache-on-warm500,130,3,4.2231,1.839,1.129,2.967,sea,oliver-twist,1,,server-1,1,1,1,1.077,2.461,0.607
least-connections-cache-on-warm500,130,3,4.2308,1.278,0.685,1.963,house,the-jungle,1,,server-2,0,1,1,0.518,4.531,0.607
least-connections-cache-on-warm500,130,3,4.2385,1.199,0.538,1.737,you,the-moonstone,1,,server-1,1,0,1,0.518,1.613,0.607
least-connections-cache-on-warm500,130,3,4.2462,1.074,33.943,35.017,was,the-house-of-the-seven-gables,1,,server-2,0,1,0,0.264,1.613,4.369
least-connections-cache-on-warm500,130,3,4.2538,1.365,0.760,2.125,you,dubliners,1,,server-3,0,1,1,0.264,0.899,4.369
least-connections-cache-on-warm500,130,3,4.2615,3.055,1.951,5.006,castle,autobiography-of-benjamin-franklin,1,,server-1,1,1,0,0.264,0.899,1.561
least-connections-cache-on-warm500,130,3,4.2692,2.194,24.055,26.249,the,the-adventures-of-sherlock-holmes,1,,server-3,0,1,1,0.374,0.899,1.561
least-connections-cache-on-warm500,130,3,4.2769,1.919,0.962,2.881,king,myths-and-legends-of-ancient-greece-and-rome,1,,server-1,1,1,1,0.374,0.899,0.913
least-connections-cache-on-warm500,130,3,4.2846,1.019,0.530,1.549,the,poirot-investigates,1,,server-2,0,1,1,0.289,5.982,0.913
least-connections-cache-on-warm500,130,3,4.2923,1.114,25.939,27.053,love,the-odyssey,1,,server-1,1,0,1,0.289,2.048,0.913
least-connections-cache-on-warm500,130,3,4.3000,1.679,15.509,17.188,whale,silas-marner,1,,server-2,1,1,0,0.206,2.048,4.343
least-connections-cache-on-warm500,130,3,4.3077,1.494,22.019,23.513,letter,tess-of-the-d-urbervilles-a-pure-woman,1,,server-3,1,1,1,0.206,1.147,4.343
least-connections-cache-on-warm500,130,3,4.3154,4.453,19.778,24.231,london,wuthering-heights,1,,server-1,2,1,1,0.206,1.147,2.312
least-connections-cache-on-warm500,130,3,4.3231,1.484,0.567,2.051,and,the-scarlet-letter-33,1,,server-2,1,1,1,2.596,3.145,2.312
least-connections-cache-on-warm500,130,3,4.3308,0.979,0.453,1.432,london,persuasion,1,,server-2,1,1,1,2.596,1.142,2.312
least-connections-cache-on-warm500,130,3,4.3385,1.066,18.475,19.540,house,memoirs-of-fanny-hill,1,,server-3,1,0,1,2.596,0.442,4.956
least-connections-cache-on-warm500,130,3,4.3462,1.553,0.848,2.401,london,the-great-gatsby,1,,server-1,1,0,1,4.791,0.442,2.607
least-connections-cache-on-warm500,130,3,4.3538,1.950,1.029,2.980,london,the-king-in-yellow,1,,server-2,0,1,1,1.708,0.442,2.607
least-connections-cache-on-warm500,130,3,4.3615,1.948,16.739,18.687,whale,the-first-men-in-the-moon,1,,server-3,0,0,1,1.708,0.320,4.581
least-connections-cache-on-warm500,130,3,4.3692,2.220,18.313,20.533,of,a-journey-to-the-centre-of-the-earth,1,,server-1,1,0,1,1.708,0.320,2.462
least-connections-cache-on-warm500,130,3,4.3769,1.336,12.833,14.169,was,his-last-bow,1,,server-2,1,1,1,0.980,0.320,2.462
least-connections-cache-on-warm500,130,3,4.3846,1.776,23.636,25.412,was,the-odyssey,1,,server-3,1,1,1,0.980,0.250,4.150
least-connections-cache-on-warm500,130,3,4.3923,1.436,0.555,1.991,death,walden-and-on-the-duty-of-civil-disobedience,1,,server-1,1,0,1,3.514,2.163,2.203
least-connections-cache-on-warm500,130,3,4.4000,1.584,26.832,28.416,love,dracula,1,,server-2,0,1,1,1.250,2.163,2.203
least-connections-cache-on-warm500,130,3,4.4077,1.238,9.950,11.188,sea,the-great-gatsby,1,,server-1,1,1,1,1.250,1.196,2.203
least-connections-cache-on-warm500,130,3,4.4154,1.142,0.710,1.852,death,the-portrait-of-a-lady-volume-1,1,,server-3,1,1,1,0.703,1.196,5.131
least-connections-cache-on-warm500,130,3,4.4231,1.121,30.569,31.690,whale,great-expectations,1,,server-1,1,1,0,2.006,1.196,1.790
least-connections-cache-on-warm500,130,3,4.4308,1.178,0.546,1.724,and,the-house-of-the-seven-gables,1,,server-2,1,1,0,1.086,4.991,1.790
least-connections-cache-on-warm500,130,3,4.4385,1.543,22.498,24.041,letter,the-house-of-mirth,1,,server-3,1,0,1,1.086,1.726,1.790
least-connections-cache-on-warm500,130,3,4.4462,1.168,29.235,30.404,castle,villette,1,,server-2,1,1,1,1.086,1.726,0.994
least-connections-cache-on-warm500,130,3,4.4538,8.457,0.744,9.201,whale,the-secret-garden,1,,server-3,1,1,2,1.086,0.946,0.994
least-connections-cache-on-warm500,130,3,4.4615,1.441,0.650,2.091,of,oliver-twist,1,,server-1,1,1,2,5.547,0.946,1.855
least-connections-cache-on-warm500,130,3,4.4692,1.201,11.709,12.910,was,the-first-men-in-the-moon,1,,server-3,0,1,1,1.927,0.946,2.511
least-connections-cache-on-warm500,130,3,4.4769,1.376,0.840,2.216,sea,meditations,1,,server-1,1,0,1,1.927,5.254,1.338
least-connections-cache-on-warm500,130,3,4.4846,1.364,13.776,15.141,heart,the-scarlet-letter-33,1,,server-2,0,1,0,0.775,5.254,2.686
least-connections-cache-on-warm500,130,3,4.4923,1.292,0.593,1.885,sea,the-secret-garden,1,,server-3,0,1,1,0.775,2.757,2.686
least-connections-cache-on-warm500,130,3,4.5000,1.312,15.855,17.167,castle,dubliners,1,,server-1,1,1,0,0.775,3.949,0.965
least-connections-cache-on-warm500,130,3,4.5077,1.320,0.766,2.086,letter,jude-the-obscure,1,,server-2,1,1,0,0.457,3.949,0.965
least-connections-cache-on-warm500,130,3,4.5154,1.813,0.912,2.725,he,the-hound-of-the-baskervilles-3070,1,,server-3,1,0,1,0.457,1.414,0.965
least-connections-cache-on-warm500,130,3,4.5231,1.770,1.026,2.796,king,the-last-of-the-mohicans-a-narrative-of-1757,1,,server-1,1,0,0,2.813,1.414,0.445
least-connections-cache-on-warm500,130,3,4.5308,3.204,2.413,5.616,london,cranford,1,,server-2,0,1,0,1.090,1.414,0.445
least-connections-cache-on-warm500,130,3,4.5385,4.320,34.975,39.296,horse,a-princess-of-mars,1,,server-3,0,0,1,1.090,0.852,0.445
least-connections-cache-on-warm500,130,3,4.5462,5.342,27.215,32.556,sea,the-first-men-in-the-moon,1,,server-1,1,0,1,1.090,0.852,0.495
least-connections-cache-on-warm500,130,3,4.5538,4.434,1.989,6.424,you,great-expectations,1,,server-2,1,1,1,0.899,0.852,0.495
least-connections-cache-on-warm500,130,3,4.5615,2.580,31.449,34.028,horse,the-adventures-of-ferdinand-count-fathom-complete,1,,server-2,1,1,1,0.899,0.640,0.495
least-connections-cache-on-warm500,130,3,4.5692,8.496,0.880,9.376,whale,a-connecticut-yankee-in-king-arthur-s-court,1,,server-3,1,1,2,0.899,0.461,0.495
least-connections-cache-on-warm500,130,3,4.5769,2.871,0.615,3.486,money,autobiography-of-benjamin-franklin,1,,server-1,2,1,2,0.899,0.461,1.871
least-connections-cache-on-warm500,130,3,4.5846,1.247,19.442,20.689,night,madame-bovary,1,,server-3,0,1,1,1.762,0.461,4.138
least-connections-cache-on-warm500,130,3,4.5923,1.849,0.676,2.526,castle,adventures-of-huckleberry-finn,1,,server-1,1,1,1,1.762,0.461,2.170
least-connections-cache-on-warm500,130,3,4.6000,1.281,0.713,1.994,king,jude-the-obscure,1,,server-2,0,1,1,0.690,5.264,2.170
least-connections-cache-on-warm500,130,3,4.6077,1.235,0.593,1.828,he,the-tenant-of-wildfell-hall,1,,server-3,0,0,1,0.690,1.827,4.434
least-connections-cache-on-warm500,130,3,4.6154,1.813,1.108,2.921,castle,myths-and-legends-of-ancient-greece-and-rome,1,,server-1,1,0,0,0.690,1.827,1.542
least-connections-cache-on-warm500,130,3,4.6231,3.220,2.127,5.348,love,a-tale-of-two-cities,1,,server-2,0,1,0,0.406,1.827,1.542
least-connections-cache-on-warm500,130,3,4.6308,4.188,39.120,43.308,money,persuasion,1,,server-3,0,0,1,0.406,0.904,1.542
least-connections-cache-on-warm500,130,3,4.6385,5.312,3.148,8.460,he,the-first-men-in-the-moon,1,,server-1,1,0,1,0.406,0.904,0.974
least-connections-cache-on-warm500,130,3,4.6462,6.878,3.703,10.581,you,meditations,1,,server-2,1,1,1,0.700,0.904,0.974
least-connections-cache-on-warm500,130,3,4.6538,5.655,16.340,21.995,house,the-first-men-in-the-moon,1,,server-1,1,1,1,0.700,0.773,0.974
least-connections-cache-on-warm500,130,3,4.6615,2.707,32.509,35.216,he,the-mysterious-island,1,,server-2,1,1,1,0.628,0.812,0.974
least-connections-cache-on-warm500,130,3,4.6692,5.593,13.831,19.424,letter,kidnapped,1,,server-3,1,1,2,0.628,0.527,0.974
least-connections-cache-on-warm500,130,3,4.6769,1.305,0.678,1.983,you,the-memoirs-of-sherlock-holmes,1,,server-1,1,1,1,2.804,0.527,3.909
least-connections-cache-on-warm500,130,3,4.6846,1.171,18.244,19.415,death,a-connecticut-yankee-in-king-arthur-s-court,1,,server-1,1,1,1,1.024,0.527,3.909
least-connections-cache-on-warm500,130,3,4.6923,1.642,0.664,2.306,king,the-secret-garden,1,,server-3,1,1,1,0.580,0.527,4.644
least-connections-cache-on-warm500,130,3,4.7000,1.238,0.611,1.849,love,the-secret-garden-17396,1,,server-2,1,1,0,0.580,5.475,1.629
least-connections-cache-on-warm500,130,3,4.7077,1.058,32.724,33.783,heart,jane-eyre-an-autobiography,1,,server-3,0,0,1,3.251,1.898,1.629
least-connections-cache-on-warm500,130,3,4.7154,1.333,0.671,2.004,castle,poirot-investigates,1,,server-1,1,0,1,3.251,1.898,0.900
least-connections-cache-on-warm500,130,3,4.7231,1.451,0.742,2.193,london,silas-marner,1,,server-2,0,1,1,1.186,1.898,0.900
least-connections-cache-on-warm500,130,3,4.7308,1.248,0.586,1.835,night,frankenstein-or-the-modern-prometheus-41445,1,,server-1,1,0,1,1.186,0.748,0.900
least-connections-cache-on-warm500,130,3,4.7385,1.151,0.458,1.609,love,myths-and-legends-of-ancient-greece-and-rome,1,,server-2,0,1,1,0.498,0.748,0.900
least-connections-cache-on-warm500,130,3,4.7462,1.222,35.478,36.700,night,great-expectations,1,,server-3,0,0,1,0.498,0.335,5.794
least-connections-cache-on-warm500,130,3,4.7538,1.234,27.964,29.198,whale,the-song-of-the-lark,1,,server-1,1,0,1,0.498,0.335,3.032
least-connections-cache-on-warm500,130,3,4.7615,1.819,16.842,18.662,london,the-picture-of-dorian-gray,1,,server-2,1,1,1,0.332,0.335,3.032
least-connections-cache-on-warm500,130,3,4.7692,14.186,0.600,14.787,you,poirot-investigates,1,,server-3,1,1,2,0.332,0.278,3.032
least-connections-cache-on-warm500,130,3,4.7769,6.409,13.728,20.137,she,the-scarlet-letter-33,1,,server-1,2,1,2,0.332,0.278,3.032
least-connections-cache-on-warm500,130,3,4.7846,1.219,0.654,1.873,night,washington-square,1,,server-2,1,1,0,3.421,2.806,3.397
least-connections-cache-on-warm500,130,3,4.7923,1.418,0.772,2.189,night,pride-and-prejudice,1,,server-3,1,0,1,3.421,1.030,3.397
least-connections-cache-on-warm500,130,3,4.8000,1.364,20.202,21.566,king,adventures-of-huckleberry-finn,1,,server-1,1,0,0,4.273,1.030,1.262
least-connections-cache-on-warm500,130,3,4.8077,1.650,0.750,2.401,the,jude-the-obscure,1,,server-2,1,1,0,2.259,1.030,1.262
least-connections-cache-on-warm500,130,3,4.8154,1.185,0.566,1.751,she,dracula,1,,server-3,1,0,1,2.259,0.468,1.262
least-connections-cache-on-warm500,130,3,4.8231,1.022,0.489,1.512,was,the-prince,1,,server-1,1,0,0,4.617,0.468,0.503
least-connections-cache-on-warm500,130,3,4.8308,1.154,0.701,1.855,castle,north-and-south,1,,server-2,0,1,0,1.594,0.468,0.503
least-connections-cache-on-warm500,130,3,4.8385,2.071,36.793,38.864,death,anne-of-green-gables,1,,server-3,0,0,1,1.594,0.271,0.503
least-connections-cache-on-warm500,130,3,4.8462,5.168,35.905,41.073,heart,oliver-twist,1,,server-1,1,0,1,1.594,0.271,0.373
least-connections-cache-on-warm500,130,3,4.8538,5.642,17.559,23.201,money,frankenstein-or-the-modern-prometheus-41445,1,,server-2,1,1,1,1.124,0.271,0.373
least-connections-cache-on-warm500,130,3,4.8615,16.032,24.506,40.537,death,the-age-of-innocence,1,,server-3,1,1,2,1.124,0.405,0.373
least-connections-cache-on-warm500,130,3,4.8692,18.318,25.712,44.030,king,the-iliad-2199,1,,server-1,2,1,2,1.124,0.405,0.373
least-connections-cache-on-warm500,130,3,4.8769,1.547,19.599,21.145,london,the-works-of-edgar-allan-poe-volume-2,1,,server-2,2,2,2,1.124,3.605,9.174
least-connections-cache-on-warm500,130,3,4.8846,17.213,27.353,44.566,house,the-adventures-of-ferdinand-count-fathom-complete,1,,server-3,2,1,2,1.124,1.556,5.025
least-connections-cache-on-warm500,130,3,4.8923,20.844,15.014,35.858,night,kidnapped,1,,server-1,2,1,2,5.359,1.556,5.025
least-connections-cache-on-warm500,130,3,4.9000,1.350,0.555,1.905,whale,the-adventures-of-sherlock-holmes,1,,server-2,2,1,2,5.359,4.083,6.885
least-connections-cache-on-warm500,130,3,4.9077,1.300,0.686,1.986,house,villette,1,,server-2,2,1,1,5.359,1.434,6.261
least-connections-cache-on-warm500,130,3,4.9154,1.166,11.550,12.716,king,the-prince,1,,server-2,1,1,1,6.232,0.562,6.261
least-connections-cache-on-warm500,130,3,4.9231,6.720,20.658,27.378,the,the-house-of-the-seven-gables,1,,server-3,1,1,2,6.232,0.352,6.261
least-connections-cache-on-warm500,130,3,4.9308,1.092,0.607,1.698,was,frankenstein-or-the-modern-prometheus-41445,1,,server-1,1,0,1,6.343,2.027,4.875
least-connections-cache-on-warm500,130,3,4.9385,1.112,17.680,18.792,love,the-adventures-of-sherlock-holmes,1,,server-2,0,1,1,2.182,2.027,4.875
least-connections-cache-on-warm500,130,3,4.9462,1.261,13.579,14.840,and,northanger-abbey,1,,server-1,1,1,1,2.182,1.106,4.875
least-connections-cache-on-warm500,130,3,4.9538,1.128,18.556,19.684,heart,northanger-abbey,1,,server-3,1,1,1,1.182,1.106,6.366
least-connections-cache-on-warm500,130,3,4.9615,1.171,0.685,1.856,whale,twenty-thousand-leagues-under-the-sea,1,,server-1,1,0,1,2.853,3.491,3.326
least-connections-cache-on-warm500,130,3,4.9692,1.121,10.727,11.848,whale,the-prince,1,,server-2,0,1,1,1.031,3.491,3.326
least-connections-cache-on-warm500,130,3,4.9769,1.075,19.154,20.229,king,the-works-of-edgar-allan-poe-volume-2,1,,server-3,0,1,1,1.031,1.859,5.057
least-connections-cache-on-warm500,130,3,4.9846,1.446,0.889,2.335,castle,the-secret-garden-17396,1,,server-1,1,0,1,1.031,2.854,2.655
least-connections-cache-on-warm500,130,3,4.9923,1.180,16.432,17.612,house,cranford,1,,server-2,0,1,1,0.484,2.854,2.655
least-connections-cache-on-warm500,130,3,5.0000,1.013,0.534,1.547,king,myths-and-legends-of-ancient-greece-and-rome,1,,server-3,0,1,1,0.484,1.530,4.734
least-connections-cache-on-warm500,130,3,5.0077,1.604,35.186,36.791,london,little-women,1,,server-1,1,1,0,0.484,1.530,1.641
least-connections-cache-on-warm500,130,3,5.0154,2.364,29.490,31.854,you,oliver-twist,1,,server-2,1,1,0,0.347,3.550,1.641
least-connections-cache-on-warm500,130,3,5.0231,1.380,16.742,18.122,castle,the-king-in-yellow,1,,server-3,1,1,1,0.347,1.957,1.641
least-connections-cache-on-warm500,130,3,5.0308,13.941,31.524,45.465,and,the-vicomte-de-bragelonne,1,,server-1,2,1,1,0.347,1.957,0.918
least-connections-cache-on-warm500,130,3,5.0385,9.149,16.698,25.847,letter,the-adventures-of-sherlock-holmes,1,,server-2,2,2,1,0.347,1.957,0.918
least-connections-cache-on-warm500,130,3,5.0462,1.577,0.706,2.283,she,leaves-of-grass,1,,server-3,1,2,1,4.784,1.957,3.211
least-connections-cache-on-warm500,130,3,5.0538,1.249,0.510,1.759,heart,the-wind-in-the-willows,1,,server-3,1,1,1,4.784,4.354,1.158
least-connections-cache-on-warm500,130,3,5.0615,1.074,0.547,1.622,he,the-hound-of-the-baskervilles,1,,server-3,1,1,1,4.784,4.354,0.477
least-connections-cache-on-warm500,130,3,5.0692,1.163,11.219,12.382,sea,black-beauty,1,,server-2,1,1,0,4.784,5.406,0.244
least-connections-cache-on-warm500,130,3,5.0769,1.120,16.538,17.658,whale,a-journey-to-the-centre-of-the-earth,1,,server-3,0,1,1,8.092,2.834,0.244
least-connections-cache-on-warm500,130,3,5.0846,1.237,12.822,14.059,heart,the-prince,1,,server-1,1,0,1,8.092,3.539,0.186
least-connections-cache-on-warm500,130,3,5.0923,1.383,23.354,24.737,castle,kidnapped,1,,server-2,1,1,1,4.195,3.539,0.186
least-connections-cache-on-warm500,130,3,5.1000,1.695,1.023,2.719,king,myths-and-legends-of-ancient-greece-and-rome,1,,server-3,0,1,1,4.698,1.886,2.726
least-connections-cache-on-warm500,130,3,5.1077,2.630,17.184,19.814,letter,treasure-island,1,,server-1,1,1,0,4.698,1.886,1.061
least-connections-cache-on-warm500,130,3,5.1154,1.745,19.149,20.894,and,memoirs-of-fanny-hill,1,,server-3,1,1,1,2.557,1.886,1.061
least-connections-cache-on-warm500,130,3,5.1231,1.707,30.752,32.458,was,adventures-of-huckleberry-finn,1,,server-2,1,1,1,2.557,4.863,0.644
least-connections-cache-on-warm500,130,3,5.1308,1.126,0.641,1.767,castle,thus-spake-zarathustra-a-book-for-all-and-none,1,,server-1,1,1,1,4.315,2.602,0.644
least-connections-cache-on-warm500,130,3,5.1385,1.593,0.861,2.454,he,the-war-of-the-worlds,1,,server-3,0,1,1,1.503,2.602,3.402
least-connections-cache-on-warm500,130,3,5.1462,2.671,21.862,24.534,and,poirot-investigates,1,,server-1,1,1,0,1.503,2.602,1.243
least-connections-cache-on-warm500,130,3,5.1538,2.300,23.662,25.962,you,desert-gold,1,,server-3,1,1,1,0.910,2.602,1.243
least-connections-cache-on-warm500,130,3,5.1615,2.301,34.388,36.689,of,the-mysterious-island,1,,server-2,1,1,1,0.910,6.540,0.749
least-connections-cache-on-warm500,130,3,5.1692,11.207,12.047,23.254,whale,poirot-investigates,1,,server-3,1,1,2,0.910,3.486,0.749
least-connections-cache-on-warm500,130,3,5.1769,1.851,22.812,24.662,the,walden-and-on-the-duty-of-civil-disobedience,1,,server-1,1,1,2,3.997,3.486,0.749
least-connections-cache-on-warm500,130,3,5.1846,13.534,0.951,14.485,was,meditations,1,,server-2,1,2,1,2.143,3.486,3.235
least-connections-cache-on-warm500,130,3,5.1923,1.222,29.015,30.237,night,dracula,1,,server-3,1,2,2,2.143,3.486,3.931
least-connections-cache-on-warm500,130,3,5.2000,1.088,12.719,13.807,london,frankenstein-or-the-modern-prometheus,1,,server-2,1,1,1,2.143,4.273,2.082
least-connections-cache-on-warm500,130,3,5.2077,1.304,19.710,21.014,death,the-works-of-edgar-allan-poe-volume-2,1,,server-1,1,1,1,4.949,2.234,2.082
least-connections-cache-on-warm500,130,3,5.2154,1.285,0.530,1.815,sea,twenty-thousand-leagues-under-the-sea,1,,server-2,1,1,1,2.608,3.417,2.082
least-connections-cache-on-warm500,130,3,5.2231,1.222,0.706,1.928,king,the-mysterious-island,1,,server-3,1,0,1,2.608,1.205,5.945
least-connections-cache-on-warm500,130,3,5.2308,1.240,38.597,39.837,death,great-expectations,1,,server-1,1,0,0,4.776,1.205,2.057
least-connections-cache-on-warm500,130,3,5.2385,1.243,35.241,36.484,money,the-innocents-abroad,1,,server-2,1,1,0,2.516,1.205,2.057
least-connections-cache-on-warm500,130,3,5.2462,2.910,18.593,21.503,whale,the-king-in-yellow,1,,server-3,1,1,1,2.516,0.687,2.057
least-connections-cache-on-warm500,130,3,5.2538,17.670,16.643,34.313,death,a-princess-of-mars,1,,server-1,2,1,1,2.516,0.687,1.195
least-connections-cache-on-warm500,130,3,5.2615,13.805,35.692,49.496,she,north-and-south,1,,server-2,2,2,1,2.516,0.687,1.195
least-connections-cache-on-warm500,130,3,5.2692,1.734,1.004,2.738,the,north-and-south,1,,server-3,2,2,1,2.516,0.687,3.610
least-connections-cache-on-warm500,130,3,5.2769,1.178,0.544,1.721,love,the-odyssey,1,,server-3,1,1,1,6.038,4.912,1.374
least-connections-cache-on-warm500,130,3,5.2846,1.446,0.640,2.086,she,a-princess-of-mars,1,,server-3,1,1,1,6.038,4.912,0.531
least-connections-cache-on-warm500,130,3,5.2923,1.337,21.237,22.574,was,hard-times,1,,server-1,1,1,0,6.455,4.912,0.256
least-connections-cache-on-warm500,130,3,5.3000,1.896,14.297,16.193,letter,northanger-abbey,1,,server-3,1,1,1,3.366,4.912,0.256
least-connections-cache-on-warm500,130,3,5.3077,7.355,0.839,8.194,and,white-fang,1,,server-1,2,1,1,3.366,4.912,0.198
least-connections-cache-on-warm500,130,3,5.3154,1.715,0.625,2.340,he,great-expectations,1,,server-2,1,1,1,3.124,8.779,0.198
least-connections-cache-on-warm500,130,3,5.3231,1.532,40.286,41.818,the,the-last-of-the-mohicans-a-narrative-of-1757,1,,server-3,0,0,1,2.514,2.981,2.399
least-connections-cache-on-warm500,130,3,5.3308,2.540,1.526,4.065,whale,silas-marner,1,,server-1,1,0,1,2.514,2.981,1.300
least-connections-cache-on-warm500,130,3,5.3385,4.405,19.709,24.115,you,the-adventures-of-tom-sawyer-complete,1,,server-2,0,1,1,1.052,2.981,1.300
least-connections-cache-on-warm500,130,3,5.3462,2.286,13.360,15.645,and,the-lost-world,1,,server-1,1,1,1,1.052,1.803,1.300
least-connections-cache-on-warm500,130,3,5.3538,8.539,18.051,26.589,of,the-age-of-innocence,1,,server-2,1,2,1,0.660,1.803,1.300
least-connections-cache-on-warm500,130,3,5.3615,3.714,0.607,4.321,she,the-hound-of-the-baskervilles,1,,server-3,1,2,2,3.074,2.895,1.300
least-connections-cache-on-warm500,130,3,5.3692,1.287,0.631,1.918,and,jane-eyre-an-autobiography,1,,server-1,1,1,0,2.480,3.102,2.600
least-connections-cache-on-warm500,130,3,5.3769,1.260,0.686,1.946,horse,wuthering-heights,1,,server-3,0,1,1,0.923,3.102,2.600
least-connections-cache-on-warm500,130,3,5.3846,1.081,22.200,23.281,sea,far-from-the-madding-crowd,1,,server-1,1,0,0,0.923,4.837,0.965
least-connections-cache-on-warm500,130,3,5.3923,1.221,0.665,1.886,she,the-works-of-edgar-allan-poe-volume-2,1,,server-2,1,1,0,0.535,4.837,0.965
least-connections-cache-on-warm500,130,3,5.4000,1.237,0.572,1.809,king,the-adventures-of-tom-sawyer-complete,1,,server-3,1,0,1,0.535,1.699,0.965
least-connections-cache-on-warm500,130,3,5.4077,1.102,10.878,11.980,castle,herland,1,,server-2,1,1,0,4.789,1.699,0.420
least-connections-cache-on-warm500,130,3,5.4154,1.133,15.511,16.644,king,treasure-island,1,,server-3,0,1,1,3.845,0.930,0.420
least-connections-cache-on-warm500,130,3,5.4231,1.329,45.440,46.769,money,north-and-south,1,,server-1,1,0,1,3.845,2.319,0.287
least-connections-cache-on-warm500,130,3,5.4308,1.621,0.854,2.475,was,the-first-men-in-the-moon,1,,server-2,1,1,1,2.051,2.319,0.287
least-connections-cache-on-warm500,130,3,5.4385,1.442,20.945,22.387,money,washington-square,1,,server-3,1,0,1,2.051,0.915,2.621
least-connections-cache-on-warm500,130,3,5.4462,1.268,0.570,1.838,was,agnes-grey,1,,server-2,1,1,1,2.051,0.915,1.441
least-connections-cache-on-warm500,130,3,5.4538,2.599,13.366,15.965,sea,poirot-investigates,1,,server-2,1,1,1,2.051,0.400,1.441
least-connections-cache-on-warm500,130,3,5.4615,1.369,19.633,21.002,night,the-age-of-innocence,1,,server-3,1,1,1,2.051,0.353,4.208
least-connections-cache-on-warm500,130,3,5.4692,1.851,28.709,30.561,whale,the-american,1,,server-1,2,1,1,2.051,0.353,2.228
least-connections-cache-on-warm500,130,3,5.4769,1.320,22.545,23.864,of,the-last-of-the-mohicans-a-narrative-of-1757-27681,1,,server-2,1,1,1,4.521,2.303,2.228
least-connections-cache-on-warm500,130,3,5.4846,1.156,0.528,1.684,horse,wuthering-heights,1,,server-3,1,1,1,4.521,1.253,4.524
least-connections-cache-on-warm500,130,3,5.4923,1.063,15.513,16.576,money,the-first-men-in-the-moon,1,,server-3,1,1,1,4.521,1.253,1.590
least-connections-cache-on-warm500,130,3,5.5000,1.157,22.435,23.592,money,the-odyssey,1,,server-1,1,1,1,7.422,1.253,0.870
least-connections-cache-on-warm500,130,3,5.5077,1.525,0.781,2.306,and,the-last-of-the-mohicans-a-narrative-of-1757-27681,1,,server-2,1,1,1,3.871,4.401,0.870
least-connections-cache-on-warm500,130,3,5.5154,1.045,25.826,26.871,death,the-adventures-of-ferdinand-count-fathom-complete,1,,server-3,1,0,1,3.871,1.564,2.990
least-connections-cache-on-warm500,130,3,5.5231,1.654,0.645,2.299,house,the-adventures-of-ferdinand-count-fathom-complete,1,,server-2,1,1,1,3.871,1.564,1.598
least-connections-cache-on-warm500,130,3,5.5308,1.338,0.690,2.028,money,great-expectations,1,,server-1,1,0,1,6.023,0.628,1.598
least-connections-cache-on-warm500,130,3,5.5385,1.160,15.230,16.391,the,agnes-grey,1,,server-2,0,1,1,2.079,0.628,1.598
least-connections-cache-on-warm500,130,3,5.5462,1.518,22.238,23.756,money,the-secret-adversary,1,,server-3,0,1,1,2.079,0.396,5.110
least-connections-cache-on-warm500,130,3,5.5538,1.672,30.539,32.212,castle,a-tale-of-two-cities,1,,server-1,1,1,1,2.079,0.396,2.688
least-connections-cache-on-warm500,130,3,5.5615,1.894,33.224,35.117,death,madame-bovary,1,,server-2,1,1,1,1.160,2.650,2.688
least-connections-cache-on-warm500,130,3,5.5692,1.659,0.762,2.421,was,frankenstein-or-the-modern-prometheus-41445,1,,server-3,1,1,2,1.160,1.470,5.124
least-connections-cache-on-warm500,130,3,5.5769,1.358,24.235,25.593,love,life-on-the-mississippi,1,,server-3,1,1,1,1.160,1.470,1.798
least-connections-cache-on-warm500,130,3,5.5846,1.731,20.281,22.013,night,sense-and-sensibility,1,,server-1,2,1,1,1.160,1.470,1.000
least-connections-cache-on-warm500,130,3,5.5923,4.505,12.342,16.847,was,dubliners,1,,server-2,1,2,1,2.947,1.470,1.000
least-connections-cache-on-warm500,130,3,5.6000,3.005,0.622,3.627,he,persuasion,1,,server-3,1,1,2,2.947,4.133,1.000
least-connections-cache-on-warm500,130,3,5.6077,1.190,26.837,28.026,horse,life-on-the-mississippi,1,,server-1,1,1,0,5.083,4.133,1.672
least-connections-cache-on-warm500,130,3,5.6154,1.367,12.036,13.403,you,black-beauty,1,,server-2,1,1,0,2.665,4.569,1.672
least-connections-cache-on-warm500,130,3,5.6231,1.317,0.658,1.976,heart,the-works-of-edgar-allan-poe-volume-2,1,,server-3,1,1,1,2.665,2.416,1.672
least-connections-cache-on-warm500,130,3,5.6308,1.022,24.983,26.004,love,oliver-twist,1,,server-2,1,1,0,2.665,3.421,0.668
least-connections-cache-on-warm500,130,3,5.6385,1.200,0.542,1.742,and,northanger-abbey,1,,server-3,0,1,1,5.959,1.799,0.668
least-connections-cache-on-warm500,130,3,5.6462,1.174,32.554,33.728,house,the-moonstone,1,,server-1,1,1,0,5.959,1.799,0.324
least-connections-cache-on-warm500,130,3,5.6538,2.482,13.101,15.583,was,silas-marner,1,,server-3,1,1,1,3.119,1.799,0.324
least-connections-cache-on-warm500,130,3,5.6615,1.499,0.742,2.241,was,meditations,1,,server-2,1,1,1,3.119,5.107,0.258
least-connections-cache-on-warm500,130,3,5.6692,1.431,17.147,18.579,horse,the-works-of-edgar-allan-poe-volume-2,1,,server-2,1,1,1,3.119,1.790,2.730
least-connections-cache-on-warm500,130,3,5.6769,1.370,0.771,2.141,castle,hard-times,1,,server-3,1,1,1,3.119,0.978,2.199
least-connections-cache-on-warm500,130,3,5.6846,1.277,10.675,11.952,she,his-last-bow,1,,server-1,1,1,0,7.162,0.978,0.840
least-connections-cache-on-warm500,130,3,5.6923,1.445,17.484,18.929,love,the-hound-of-the-baskervilles,1,,server-2,1,1,0,3.728,3.320,0.840
least-connections-cache-on-warm500,130,3,5.7000,1.776,15.501,17.276,night,a-journey-to-the-centre-of-the-earth,1,,server-3,0,1,1,4.043,1.807,0.840
least-connections-cache-on-warm500,130,3,5.7077,1.751,0.768,2.519,death,a-connecticut-yankee-in-king-arthur-s-court,1,,server-1,1,1,1,4.043,1.807,0.519
least-connections-cache-on-warm500,130,3,5.7154,1.713,12.939,14.652,sea,washington-square,1,,server-2,0,1,1,1.453,3.909,0.519
least-connections-cache-on-warm500,130,3,5.7231,1.687,0.797,2.484,you,great-expectations,1,,server-3,0,1,1,1.453,2.081,2.743
least-connections-cache-on-warm500,130,3,5.7308,1.527,0.757,2.284,horse,the-king-in-yellow,1,,server-1,1,0,0,1.453,3.345,1.042
least-connections-cache-on-warm500,130,3,5.7385,1.111,0.644,1.755,night,great-expectations,1,,server-2,0,1,0,0.601,3.345,1.042
least-connections-cache-on-warm500,130,3,5.7462,1.553,29.641,31.195,you,the-mystery-of-edwin-drood,1,,server-3,0,0,1,0.601,1.203,1.042
least-connections-cache-on-warm500,130,3,5.7538,2.948,20.196,23.144,was,the-adventures-of-tom-sawyer-complete,1,,server-1,1,0,1,0.601,1.203,0.629
least-connections-cache-on-warm500,130,3,5.7615,3.118,24.890,28.008,house,thus-spake-zarathustra-a-book-for-all-and-none,1,,server-2,1,1,1,0.460,1.203,0.629
least-connections-cache-on-warm500,130,3,5.7692,8.618,0.803,9.421,and,jude-the-obscure,1,,server-3,1,1,2,0.460,0.782,0.629
least-connections-cache-on-warm500,130,3,5.7769,1.582,0.715,2.297,night,the-last-of-the-mohicans-a-narrative-of-1757-27681,1,,server-1,2,1,2,4.221,0.782,6.476
least-connections-cache-on-warm500,130,3,5.7846,1.270,0.680,1.949,the,the-house-of-the-seven-gables,1,,server-3,0,1,1,1.229,0.782,2.275
least-connections-cache-on-warm500,130,3,5.7923,1.291,0.690,1.981,she,the-mysterious-affair-at-styles,1,,server-1,1,0,0,1.229,4.398,0.852
least-connections-cache-on-warm500,130,3,5.8000,2.386,40.598,42.983,horse,villette,1,,server-2,0,1,0,0.512,4.398,0.852
least-connections-cache-on-warm500,130,3,5.8077,3.920,2.066,5.986,sea,the-secret-garden-17396,1,,server-3,0,1,1,0.512,2.384,0.852
least-connections-cache-on-warm500,130,3,5.8154,3.319,15.178,18.496,the,northanger-abbey,1,,server-1,1,1,0,0.512,2.384,0.595
least-connections-cache-on-warm500,130,3,5.8231,1.535,20.074,21.609,you,hard-times,1,,server-3,1,1,1,0.366,2.384,0.595
least-connections-cache-on-warm500,130,3,5.8308,3.597,21.578,25.175,whale,the-last-of-the-mohicans-a-narrative-of-1757-27681,1,,server-1,2,1,1,0.366,2.384,0.366
least-connections-cache-on-warm500,130,3,5.8385,4.716,27.113,31.829,london,emma,1,,server-2,1,2,1,1.612,2.384,0.366
least-connections-cache-on-warm500,130,3,5.8462,1.479,16.122,17.601,was,desert-gold,1,,server-3,1,1,1,1.612,5.243,3.413
least-connections-cache-on-warm500,130,3,5.8538,2.367,1.009,3.377,and,the-portrait-of-a-lady-volume-1,1,,server-1,2,1,1,1.612,5.243,1.822
least-connections-cache-on-warm500,130,3,5.8615,1.297,30.883,32.180,was,great-expectations,1,,server-1,1,1,1,1.914,5.243,1.822
least-connections-cache-on-warm500,130,3,5.8692,1.636,0.759,2.394,of,north-and-south,1,,server-3,1,1,1,1.039,5.243,3.701
least-connections-cache-on-warm500,130,3,5.8769,1.443,0.737,2.179,horse,north-and-south,1,,server-2,1,1,0,1.039,7.624,1.334
least-connections-cache-on-warm500,130,3,5.8846,1.250,18.689,19.940,king,the-adventures-of-sherlock-holmes,1,,server-3,1,0,1,1.039,2.616,1.334
least-connections-cache-on-warm500,130,3,5.8923,1.524,0.759,2.283,london,the-tenant-of-wildfell-hall,1,,server-2,1,1,1,1.039,2.616,0.744
least-connections-cache-on-warm500,130,3,5.9000,1.253,0.597,1.851,the,madame-bovary,1,,server-1,1,0,1,5.553,0.967,0.744
least-connections-cache-on-warm500,130,3,5.9077,1.209,0.736,1.945,he,the-portrait-of-a-lady-volume-1,1,,server-2,0,1,0,1.918,0.967,3.437
least-connections-cache-on-warm500,130,3,5.9154,2.323,37.873,40.196,he,the-odyssey,1,,server-3,0,0,1,1.918,0.429,3.437
least-connections-cache-on-warm500,130,3,5.9231,2.944,37.310,40.254,death,mary-barton,1,,server-1,1,0,1,1.918,0.429,1.878
least-connections-cache-on-warm500,130,3,5.9308,4.864,27.581,32.445,the,far-from-the-madding-crowd,1,,server-2,1,1,1,1.143,0.429,1.878
least-connections-cache-on-warm500,130,3,5.9385,17.435,1.107,18.541,heart,the-prince,1,,server-3,1,1,2,1.143,0.439,1.878
least-connections-cache-on-warm500,130,3,5.9462,16.781,24.455,41.236,castle,the-last-of-the-mohicans-a-narrative-of-1757,1,,server-1,2,1,2,1.143,0.439,1.878
least-connections-cache-on-warm500,130,3,5.9538,9.141,0.631,9.771,money,the-mysterious-island,1,,server-2,2,2,2,1.143,0.439,4.045
least-connections-cache-on-warm500,130,3,5.9615,1.352,11.632,12.984,love,the-wind-in-the-willows,1,,server-3,2,2,1,3.276,0.439,3.857
least-connections-cache-on-warm500,130,3,5.9692,1.350,0.606,1.956,was,the-romance-of-lust-a-classic-victorian-erotic-novel,1,,server-2,1,1,1,7.654,2.778,2.041
least-connections-cache-on-warm500,130,3,5.9769,1.117,0.567,1.684,castle,desperate-remedies,1,,server-3,1,0,1,7.654,1.013,3.145
least-connections-cache-on-warm500,130,3,5.9846,1.340,16.382,17.722,london,the-wind-in-the-willows,1,,server-2,1,1,0,7.654,1.013,1.122
least-connections-cache-on-warm500,130,3,5.9923,1.294,28.220,29.515,heart,jude-the-obscure,1,,server-3,0,1,1,8.754,0.602,1.122
least-connections-cache-on-warm500,130,3,6.0000,1.388,0.963,2.351,money,white-fang,1,,server-1,1,1,1,8.754,0.602,0.650
least-connections-cache-on-warm500,130,3,6.0077,0.960,26.741,27.700,money,the-adventures-of-ferdinand-count-fathom-complete,1,,server-2,0,1,1,3.027,2.945,0.650
least-connections-cache-on-warm500,130,3,6.0154,1.139,0.568,1.707,horse,the-scarlet-letter,1,,server-1,1,1,1,3.027,1.566,0.650
least-connections-cache-on-warm500,130,3,6.0231,1.475,0.668,2.144,castle,the-tenant-of-wildfell-hall,1,,server-3,0,1,1,1.090,1.566,4.895
least-connections-cache-on-warm500,130,3,6.0308,1.031,18.964,19.995,sea,wuthering-heights,1,,server-1,1,1,0,1.090,1.566,1.705
least-connections-cache-on-warm500,130,3,6.0385,1.190,14.424,15.614,whale,frankenstein-or-the-modern-prometheus-41445,1,,server-2,1,1,0,0.620,5.259,1.705
least-connections-cache-on-warm500,130,3,6.0462,1.387,0.637,2.024,money,leaves-of-grass,1,,server-3,1,1,1,0.620,2.759,1.705
least-connections-cache-on-warm500,130,3,6.0538,1.446,22.173,23.619,house,the-return-of-sherlock-holmes,1,,server-1,1,1,0,3.397,5.022,0.668
least-connections-cache-on-warm500,130,3,6.0615,1.223,11.834,13.057,you,the-war-of-the-worlds,1,,server-2,1,1,0,1.796,4.044,0.668
least-connections-cache-on-warm500,130,3,6.0692,1.487,0.748,2.235,horse,memoirs-of-fanny-hill,1,,server-3,1,1,1,1.796,2.122,0.668
least-connections-cache-on-warm500,130,3,6.0769,1.131,0.542,1.673,was,the-great-gatsby,1,,server-2,1,1,0,1.796,3.203,0.361
least-connections-cache-on-warm500,130,3,6.0846,1.229,0.808,2.037,horse,around-the-world-in-eighty-days,1,,server-3,0,0,1,4.655,1.143,0.361
least-connections-cache-on-warm500,130,3,6.0923,2.327,36.390,38.716,love,the-tenant-of-wildfell-hall,1,,server-1,1,0,0,4.655,1.143,0.273
least-connections-cache-on-warm500,130,3,6.1000,3.162,13.246,16.408,king,a-princess-of-mars,1,,server-2,1,1,0,2.529,1.143,0.273
least-connections-cache-on-warm500,130,3,6.1077,1.370,0.678,2.047,was,the-secret-garden-17396,1,,server-3,1,1,1,2.529,0.806,0.273
least-connections-cache-on-warm500,130,3,6.1154,1.197,18.329,19.525,of,frankenstein-or-the-modern-prometheus-41445,1,,server-3,1,1,1,2.529,0.806,0.204
least-connections-cache-on-warm500,130,3,6.1231,1.321,20.305,21.626,heart,the-mystery-of-edwin-drood,1,,server-2,1,1,1,2.529,2.489,0.156
least-connections-cache-on-warm500,130,3,6.1308,4.318,0.666,4.984,king,the-memoirs-of-sherlock-holmes,1,,server-3,1,1,2,9.210,1.337,0.156
least-connections-cache-on-warm500,130,3,6.1385,1.259,28.706,29.965,castle,the-age-of-innocence,1,,server-1,1,1,0,7.380,1.337,1.438
least-connections-cache-on-warm500,130,3,6.1462,1.868,19.773,21.642,castle,the-lost-world,1,,server-2,1,1,0,3.841,4.060,1.438
least-connections-cache-on-warm500,130,3,6.1538,2.811,1.386,4.197,house,little-women,1,,server-3,1,1,1,3.841,2.165,1.438
least-connections-cache-on-warm500,130,3,6.1615,2.168,0.900,3.068,you,his-last-bow,1,,server-3,1,1,1,3.841,2.165,0.649
least-connections-cache-on-warm500,130,3,6.1692,1.341,27.828,29.168,whale,agnes-grey,1,,server-1,1,0,0,7.026,4.482,0.354
least-connections-cache-on-warm500,130,3,6.1769,2.050,1.254,3.304,sea,his-last-bow,1,,server-2,1,1,0,3.662,4.482,0.354
least-connections-cache-on-warm500,130,3,6.1846,3.878,2.471,6.349,horse,a-tale-of-two-cities,1,,server-3,1,0,1,3.662,1.648,0.354
least-connections-cache-on-warm500,130,3,6.1923,3.429,1.497,4.925,castle,north-and-south,1,,server-2,1,1,0,3.662,1.648,0.492
least-connections-cache-on-warm500,130,3,6.2000,2.176,1.724,3.901,night,the-adventures-of-ferdinand-count-fathom-complete,1,,server-3,0,0,1,6.761,0.778,0.492
least-connections-cache-on-warm500,130,3,6.2077,4.603,49.555,54.157,king,life-on-the-mississippi,1,,server-1,1,0,0,6.761,0.778,0.438
least-connections-cache-on-warm500,130,3,6.2154,5.224,3.037,8.261,letter,cranford,1,,server-2,1,1,0,3.743,0.778,0.438
least-connections-cache-on-warm500,130,3,6.2231,4.536,22.705,27.242,the,the-prince,1,,server-3,1,1,1,3.743,0.542,0.438
least-connections-cache-on-warm500,130,3,6.2308,4.321,21.628,25.949,london,the-scarlet-letter,1,,server-2,1,1,1,3.743,0.542,0.449
least-connections-cache-on-warm500,130,3,6.2385,12.719,0.709,13.428,king,twenty-thousand-leagues-under-the-sea,1,,server-3,1,1,2,3.743,0.483,0.449
least-connections-cache-on-warm500,130,3,6.2462,16.086,15.990,32.077,he,meditations,1,,server-1,2,1,2,3.743,0.483,0.449
least-connections-cache-on-warm500,130,3,6.2538,0.987,10.096,11.083,she,herland,1,,server-3,2,1,1,3.743,0.483,2.182
least-connections-cache-on-warm500,130,3,6.2615,1.307,28.944,30.252,death,the-song-of-the-lark,1,,server-2,2,1,1,5.916,3.629,1.155
least-connections-cache-on-warm500,130,3,6.2692,1.628,0.677,2.305,horse,the-house-of-the-seven-gables,1,,server-3,1,1,1,7.487,1.917,2.313
least-connections-cache-on-warm500,130,3,6.2769,1.270,23.781,25.051,london,sense-and-sensibility,1,,server-3,1,1,1,7.487,1.917,0.868
least-connections-cache-on-warm500,130,3,6.2846,1.522,0.863,2.385,sea,the-hound-of-the-baskervilles-3070,1,,server-1,1,1,1,7.299,1.917,0.511
least-connections-cache-on-warm500,130,3,6.2923,0.980,0.551,1.531,king,black-beauty,1,,server-2,0,1,1,2.540,5.815,0.511
least-connections-cache-on-warm500,130,3,6.3000,1.816,25.417,27.233,you,life-on-the-mississippi,1,,server-1,1,0,1,2.540,2.014,0.511
least-connections-cache-on-warm500,130,3,6.3077,1.211,0.682,1.894,london,anne-of-green-gables,1,,server-2,1,1,0,1.360,2.014,4.036
least-connections-cache-on-warm500,130,3,6.3154,1.357,0.883,2.240,castle,meditations,1,,server-3,1,0,1,1.360,0.780,4.036
least-connections-cache-on-warm500,130,3,6.3231,1.113,0.670,1.784,heart,the-return-of-sherlock-holmes,1,,server-2,1,1,0,1.360,0.780,1.484
least-connections-cache-on-warm500,130,3,6.3308,1.632,29.855,31.487,king,the-scarlet-letter,1,,server-3,0,0,1,4.864,0.352,1.484
least-connections-cache-on-warm500,130,3,6.3385,2.986,1.896,4.882,horse,around-the-world-in-eighty-days,1,,server-1,1,0,1,4.864,0.352,0.856
least-connections-cache-on-warm500,130,3,6.3462,3.103,0.955,4.058,you,twenty-thousand-leagues-under-the-sea,1,,server-2,0,1,1,1.893,0.352,0.856
least-connections-cache-on-warm500,130,3,6.3538,0.982,0.635,1.617,london,the-great-gatsby,1,,server-1,1,0,1,1.893,0.282,0.856
least-connections-cache-on-warm500,130,3,6.3615,2.207,18.848,21.055,horse,autobiography-of-benjamin-franklin,1,,server-2,0,1,1,0.744,0.282,6.538
least-connections-cache-on-warm500,130,3,6.3692,2.477,13.176,15.653,and,the-mysterious-affair-at-styles,1,,server-3,0,1,1,0.744,0.230,5.254
least-connections-cache-on-warm500,130,3,6.3769,1.159,0.815,1.974,castle,jude-the-obscure,1,,server-1,1,1,1,0.744,0.230,2.838
least-connections-cache-on-warm500,130,3,6.3846,1.132,0.560,1.692,he,the-secret-garden,1,,server-2,0,1,1,0.348,3.103,2.838
least-connections-cache-on-warm500,130,3,6.3923,2.149,41.065,43.214,castle,life-on-the-mississippi,1,,server-3,0,0,1,0.348,1.109,3.841
least-connections-cache-on-warm500,130,3,6.4000,3.527,28.072,31.599,you,the-adventures-of-sherlock-holmes,1,,server-1,1,0,1,0.348,1.109,2.104
least-connections-cache-on-warm500,130,3,6.4077,3.676,3.025,6.701,castle,autobiography-of-benjamin-franklin,1,,server-2,1,1,1,0.364,1.109,2.104
least-connections-cache-on-warm500,130,3,6.4154,2.360,17.622,19.983,of,desert-gold,1,,server-2,1,1,1,0.364,0.739,2.104
least-connections-cache-on-warm500,130,3,6.4231,12.597,14.992,27.589,sea,the-adventures-of-tom-sawyer-complete,1,,server-3,1,1,2,0.364,0.475,2.104
least-connections-cache-on-warm500,130,3,6.4308,2.150,12.986,15.136,whale,washington-square,1,,server-1,2,1,2,0.364,0.475,2.104
least-connections-cache-on-warm500,130,3,6.4385,1.280,0.640,1.920,money,little-women,1,,server-2,1,1,1,2.456,3.035,5.728
least-connections-cache-on-warm500,130,3,6.4462,1.271,22.303,23.574,the,the-return-of-sherlock-holmes-108,1,,server-1,1,0,1,3.582,1.099,5.728
least-connections-cache-on-warm500,130,3,6.4538,1.286,16.543,17.829,king,northanger-abbey,1,,server-2,1,1,0,1.946,1.099,5.998
least-connections-cache-on-warm500,130,3,6.4615,1.723,33.876,35.599,you,the-innocents-abroad,1,,server-3,1,1,1,1.946,0.632,5.998
least-connections-cache-on-warm500,130,3,6.4692,1.401,0.566,1.968,love,the-romance-of-lust-a-classic-victorian-erotic-novel,1,,server-1,2,1,1,1.946,0.632,3.172
least-connections-cache-on-warm500,130,3,6.4769,1.087,0.542,1.630,heart,the-portrait-of-a-lady-volume-1,1,,server-2,0,1,1,1.669,3.008,3.172
least-connections-cache-on-warm500,130,3,6.4846,1.417,19.377,20.794,whale,the-house-of-mirth,1,,server-1,1,0,1,1.669,1.092,3.172
least-connections-cache-on-warm500,130,3,6.4923,1.015,10.524,11.539,house,herland,1,,server-2,1,1,1,0.939,1.092,3.172
least-connections-cache-on-warm500,130,3,6.5000,1.269,0.670,1.939,whale,a-journey-to-the-centre-of-the-earth,1,,server-3,1,1,1,0.939,0.620,7.382
least-connections-cache-on-warm500,130,3,6.5077,1.420,0.594,2.015,and,the-last-of-the-mohicans-a-narrative-of-1757-27681,1,,server-1,1,0,0,3.656,2.041,2.535
least-connections-cache-on-warm500,130,3,6.5154,1.445,14.535,15.981,was,the-jungle-book,1,,server-2,0,1,0,1.298,2.041,2.535
least-connections-cache-on-warm500,130,3,6.5231,3.075,1.661,4.736,money,the-jungle,1,,server-3,0,1,1,1.298,1.118,2.535
least-connections-cache-on-warm500,130,3,6.5308,1.464,0.740,2.204,the,the-war-of-the-worlds,1,,server-1,1,1,0,1.298,1.118,1.068
least-connections-cache-on-warm500,130,3,6.5385,3.268,57.482,60.750,love,great-expectations,1,,server-2,0,1,0,0.526,2.992,1.068
least-connections-cache-on-warm500,130,3,6.5462,8.125,27.132,35.257,love,the-kama-sutra-of-vatsyayana,1,,server-3,0,1,1,0.526,1.701,1.068
least-connections-cache-on-warm500,130,3,6.5538,5.853,34.960,40.813,death,far-from-the-madding-crowd,1,,server-1,1,1,1,0.526,1.701,0.846
least-connections-cache-on-warm500,130,3,6.5615,37.742,1.233,38.975,london,twenty-thousand-leagues-under-the-sea,1,,server-2,1,2,1,0.575,1.701,0.846
least-connections-cache-on-warm500,130,3,6.5692,12.670,10.849,23.518,king,his-last-bow,1,,server-3,1,2,2,0.575,1.701,0.846
least-connections-cache-on-warm500,130,3,6.5769,19.637,1.717,21.354,money,the-house-of-mirth,1,,server-1,2,2,2,0.575,1.701,0.846
least-connections-cache-on-warm500,130,3,6.5846,9.049,12.023,21.072,she,cranford,1,,server-3,2,2,2,0.575,1.701,3.507
least-connections-cache-on-warm500,130,3,6.5923,4.187,31.175,35.362,the,the-romance-of-lust-a-classic-victorian-erotic-novel,1,,server-1,3,2,2,0.575,1.701,3.507
least-connections-cache-on-warm500,130,3,6.6000,1.210,12.811,14.021,he,cranford,1,,server-2,1,2,1,1.962,8.767,2.870
least-connections-cache-on-warm500,130,3,6.6077,1.106,0.634,1.740,sea,the-secret-garden-17396,1,,server-3,1,1,1,1.962,2.959,3.696
least-connections-cache-on-warm500,130,3,6.6154,1.014,0.487,1.500,and,the-adventures-of-ferdinand-count-fathom-complete,1,,server-2,1,1,0,1.962,3.952,1.325
least-connections-cache-on-warm500,130,3,6.6231,1.114,0.675,1.790,you,the-war-of-the-worlds,1,,server-3,1,0,1,1.962,1.389,1.325
least-connections-cache-on-warm500,130,3,6.6308,1.113,20.691,21.803,london,a-connecticut-yankee-in-king-arthur-s-court,1,,server-1,1,0,0,6.192,1.389,0.550
least-connections-cache-on-warm500,130,3,6.6385,1.456,25.272,26.728,king,mansfield-park,1,,server-2,1,1,0,3.247,1.389,0.550
least-connections-cache-on-warm500,130,3,6.6462,1.532,36.627,38.159,castle,the-innocents-abroad,1,,server-3,1,1,1,3.247,0.777,0.550
least-connections-cache-on-warm500,130,3,6.6538,1.370,13.271,14.641,of,the-secret-adversary,1,,server-1,1,1,1,5.343,0.777,0.384
least-connections-cache-on-warm500,130,3,6.6615,4.286,31.764,36.049,money,jude-the-obscure,1,,server-2,1,2,1,2.816,0.777,0.384
least-connections-cache-on-warm500,130,3,6.6692,1.103,18.775,19.878,you,madame-bovary,1,,server-1,1,1,1,3.866,3.066,0.384
least-connections-cache-on-warm500,130,3,6.6769,20.575,0.672,21.247,of,oliver-twist,1,,server-2,1,2,1,2.047,3.066,0.384
least-connections-cache-on-warm500,130,3,6.6846,1.748,1.100,2.849,love,oliver-twist,1,,server-3,1,2,1,2.047,3.066,6.050
least-connections-cache-on-warm500,130,3,6.6923,1.299,32.164,33.463,castle,great-expectations,1,,server-1,1,2,0,4.302,3.066,2.161
least-connections-cache-on-warm500,130,3,6.7000,1.552,0.707,2.258,london,treasure-island,1,,server-2,1,1,0,2.260,4.389,2.161
least-connections-cache-on-warm500,130,3,6.7077,1.695,16.823,18.518,london,the-warden,1,,server-3,1,0,1,2.260,1.543,2.161
least-connections-cache-on-warm500,130,3,6.7154,1.199,19.913,21.113,love,sense-and-sensibility,1,,server-2,1,1,1,2.260,1.543,1.216
least-connections-cache-on-warm500,130,3,6.7231,3.779,17.334,21.113,horse,frankenstein-or-the-modern-prometheus,1,,server-3,1,1,2,2.260,0.854,1.216
least-connections-cache-on-warm500,130,3,6.7308,1.314,17.926,19.240,the,a-journey-to-the-centre-of-the-earth,1,,server-1,1,1,1,6.550,0.854,2.080
least-connections-cache-on-warm500,130,3,6.7385,1.099,0.633,1.732,and,the-adventures-of-ferdinand-count-fathom-complete,1,,server-2,1,1,1,3.415,3.711,2.080
least-connections-cache-on-warm500,130,3,6.7462,1.124,0.541,1.665,horse,leaves-of-grass,1,,server-3,1,0,1,3.415,1.325,4.037
least-connections-cache-on-warm500,130,3,6.7538,0.916,17.219,18.135,he,the-kama-sutra-of-vatsyayana,1,,server-1,1,0,0,4.996,1.325,1.429
least-connections-cache-on-warm500,130,3,6.7615,1.802,1.265,3.067,king,the-prince,1,,server-2,1,1,0,2.610,1.325,1.429
least-connections-cache-on-warm500,130,3,6.7692,1.539,34.125,35.664,she,the-jungle,1,,server-3,1,0,1,2.610,0.637,1.429
least-connections-cache-on-warm500,130,3,6.7769,1.713,0.897,2.610,king,the-picture-of-dorian-gray,1,,server-1,1,0,1,4.406,0.637,0.819
least-connections-cache-on-warm500,130,3,6.7846,2.669,17.502,20.172,whale,the-hound-of-the-baskervilles,1,,server-2,0,1,1,1.581,0.637,0.819
least-connections-cache-on-warm500,130,3,6.7923,1.321,0.622,1.943,the,north-and-south,1,,server-1,1,1,1,1.581,0.450,0.819
least-connections-cache-on-warm500,130,3,6.8000,1.228,0.553,1.781,castle,herland,1,,server-1,1,1,1,0.618,0.450,0.819
least-connections-cache-on-warm500,130,3,6.8077,1.174,14.883,16.057,letter,a-journey-to-the-centre-of-the-earth,1,,server-2,0,1,0,0.286,2.861,5.946
least-connections-cache-on-warm500,130,3,6.8154,1.503,17.442,18.945,whale,treasure-island,1,,server-3,0,1,1,0.286,1.536,5.946
least-connections-cache-on-warm500,130,3,6.8231,1.576,0.791,2.367,the,the-mysterious-affair-at-styles,1,,server-1,1,1,1,0.286,1.536,3.114
least-connections-cache-on-warm500,130,3,6.8308,2.245,1.178,3.423,the,grimms-fairy-tales,1,,server-2,0,1,1,0.246,3.322,3.114
least-connections-cache-on-warm500,130,3,6.8385,3.125,47.117,50.242,heart,the-romance-of-lust-a-classic-victorian-erotic-novel,1,,server-3,0,0,1,0.246,1.276,4.715
least-connections-cache-on-warm500,130,3,6.8462,4.319,2.226,6.546,money,leaves-of-grass,1,,server-1,1,0,1,0.246,1.276,2.530
least-connections-cache-on-warm500,130,3,6.8538,4.651,28.774,33.425,of,walden-and-on-the-duty-of-civil-disobedience,1,,server-2,0,1,1,0.393,1.276,2.530
least-connections-cache-on-warm500,130,3,6.8615,2.965,19.422,22.387,he,myths-and-legends-of-ancient-greece-and-rome,1,,server-1,1,1,1,0.393,0.946,2.530
least-connections-cache-on-warm500,130,3,6.8692,18.615,14.812,33.427,house,myths-and-legends-of-ancient-greece-and-rome,1,,server-2,1,2,1,0.344,0.946,2.530
least-connections-cache-on-warm500,130,3,6.8769,11.797,0.571,12.369,she,black-beauty,1,,server-3,1,2,2,0.344,0.946,2.530
least-connections-cache-on-warm500,130,3,6.8846,1.392,0.732,2.123,castle,herland,1,,server-1,1,2,2,3.232,0.946,2.530
least-connections-cache-on-warm500,130,3,6.8923,1.371,16.813,18.184,letter,desert-gold,1,,server-3,0,1,1,1.141,4.658,4.965
least-connections-cache-on-warm500,130,3,6.9000,1.257,25.934,27.191,letter,mansfield-park,1,,server-1,1,1,1,1.141,4.658,2.608
least-connections-cache-on-warm500,130,3,6.9077,1.315,17.094,18.409,house,anne-of-green-gables,1,,server-2,1,1,1,0.661,5.310,2.608
least-connections-cache-on-warm500,130,3,6.9154,1.223,11.805,13.027,london,the-mysterious-affair-at-styles,1,,server-3,1,1,1,0.661,2.787,4.282
least-connections-cache-on-warm500,130,3,6.9231,3.975,0.762,4.737,you,black-beauty,1,,server-1,2,1,1,0.661,2.787,2.257
least-connections-cache-on-warm500,130,3,6.9308,1.323,0.614,1.937,horse,the-house-of-mirth,1,,server-2,0,1,0,2.471,4.472,3.280
least-connections-cache-on-warm500,130,3,6.9385,1.288,0.755,2.044,house,villette,1,,server-3,0,0,1,2.471,1.565,3.280
least-connections-cache-on-warm500,130,3,6.9462,2.615,1.480,4.094,king,twenty-thousand-leagues-under-the-sea,1,,server-1,1,0,0,2.471,1.565,1.198
least-connections-cache-on-warm500,130,3,6.9538,4.140,2.995,7.135,king,northanger-abbey,1,,server-2,0,1,0,1.044,1.565,1.198
least-connections-cache-on-warm500,130,3,6.9615,5.842,2.107,7.950,night,his-last-bow,1,,server-3,0,1,1,1.044,0.966,1.198
least-connections-cache-on-warm500,130,3,6.9692,2.960,1.196,4.156,the,the-moonstone,1,,server-1,1,0,1,1.044,0.966,0.856
least-connections-cache-on-warm500,130,3,6.9769,1.355,14.808,16.163,was,the-hound-of-the-baskervilles,1,,server-2,0,1,0,0.538,0.966,0.756
least-connections-cache-on-warm500,130,3,6.9846,1.697,23.282,24.979,night,silas-marner,1,,server-3,0,1,1,0.538,0.561,0.756
least-connections-cache-on-warm500,130,3,6.9923,1.841,16.124,17.964,love,cranford,1,,server-1,1,1,1,0.538,3.311,0.478
least-connections-cache-on-warm500,130,3,7.0000,2.451,1.679,4.129,whale,walden-and-on-the-duty-of-civil-disobedience,1,,server-2,1,1,1,0.364,2.683,0.478
least-connections-cache-on-warm500,130,3,7.0077,0.968,34.340,35.308,and,little-women,1,,server-2,1,1,1,0.364,1.119,0.478
least-connections-cache-on-warm500,130,3,7.0154,2.440,18.259,20.699,letter,silas-marner,1,,server-3,0,1,1,2.772,0.630,3.949
least-connections-cache-on-warm500,130,3,7.0231,1.395,28.229,29.624,love,tess-of-the-d-urbervilles-a-pure-woman,1,,server-1,1,1,1,2.772,0.630,2.147
least-connections-cache-on-warm500,130,3,7.0308,11.469,0.898,12.367,horse,the-last-of-the-mohicans-a-narrative-of-1757-27681,1,,server-2,1,2,1,1.484,0.630,2.147
least-connections-cache-on-warm500,130,3,7.0385,1.379,21.344,22.723,love,pride-and-prejudice,1,,server-3,1,2,1,1.484,1.792,4.201
least-connections-cache-on-warm500,130,3,7.0462,1.442,0.590,2.033,you,cranford,1,,server-2,1,1,1,1.484,3.609,2.221
least-connections-cache-on-warm500,130,3,7.0538,1.414,0.528,1.942,death,the-adventures-of-ferdinand-count-fathom-complete,1,,server-1,1,0,1,5.424,1.270,2.221
least-connections-cache-on-warm500,130,3,7.0615,1.203,31.192,32.395,money,dracula,1,,server-2,0,1,0,1.872,1.270,4.785
least-connections-cache-on-warm500,130,3,7.0692,1.975,39.329,41.303,she,the-romance-of-lust-a-classic-victorian-erotic-novel,1,,server-3,0,1,1,1.872,0.725,4.785
least-connections-cache-on-warm500,130,3,7.0769,1.959,12.381,14.340,london,dubliners,1,,server-1,1,1,1,1.872,0.725,2.570
least-connections-cache-on-warm500,130,3,7.0846,9.853,0.681,10.534,he,jane-eyre-an-autobiography,1,,server-2,1,2,1,1.071,0.725,2.570
least-connections-cache-on-warm500,130,3,7.0923,1.196,20.760,21.955,money,pride-and-prejudice,1,,server-1,1,2,1,2.605,0.725,2.570
least-connections-cache-on-warm500,130,3,7.1000,1.136,0.518,1.654,money,persuasion,1,,server-2,1,1,1,1.400,2.448,2.570
least-connections-cache-on-warm500,130,3,7.1077,1.028,0.580,1.608,night,villette,1,,server-2,1,1,1,1.400,0.883,2.570
least-connections-cache-on-warm500,130,3,7.1154,1.200,0.567,1.766,you,the-iliad-2199,1,,server-3,0,0,1,4.142,0.370,7.869
least-connections-cache-on-warm500,130,3,7.1231,1.466,50.440,51.907,was,the-iliad,1,,server-1,1,0,0,4.142,0.370,2.679
least-connections-cache-on-warm500,130,3,7.1308,2.722,1.924,4.646,he,oliver-twist,1,,server-2,1,1,0,2.225,0.370,2.679
least-connections-cache-on-warm500,130,3,7.1385,2.231,21.178,23.409,the,myths-and-legends-of-ancient-greece-and-rome,1,,server-3,1,0,1,2.225,0.366,2.679
least-connections-cache-on-warm500,130,3,7.1462,2.132,1.094,3.226,heart,the-scarlet-letter,1,,server-2,1,1,1,2.225,0.366,1.493
least-connections-cache-on-warm500,130,3,7.1538,1.163,24.868,26.031,castle,emma,1,,server-2,1,1,1,2.225,0.263,1.493
least-connections-cache-on-warm500,130,3,7.1615,1.705,0.560,2.264,night,villette,1,,server-3,1,1,2,2.225,0.190,5.229
least-connections-cache-on-warm500,130,3,7.1692,1.164,14.247,15.412,whale,autobiography-of-benjamin-franklin,1,,server-3,1,1,1,2.225,0.190,1.497
least-connections-cache-on-warm500,130,3,7.1769,1.065,0.628,1.693,whale,the-wind-in-the-willows,1,,server-1,1,1,1,9.406,0.190,0.832
least-connections-cache-on-warm500,130,3,7.1846,1.291,0.624,1.915,she,the-last-of-the-mohicans-a-narrative-of-1757,1,,server-2,0,1,1,3.195,4.050,2.777
least-connections-cache-on-warm500,130,3,7.1923,1.269,0.700,1.969,you,the-return-of-sherlock-holmes-108,1,,server-3,0,0,1,3.195,1.442,2.777
least-connections-cache-on-warm500,130,3,7.2000,2.214,1.269,3.483,letter,the-adventures-of-sherlock-holmes,1,,server-1,1,0,0,3.195,1.442,1.025
least-connections-cache-on-warm500,130,3,7.2077,3.459,2.541,6.000,castle,the-innocents-abroad,1,,server-2,0,1,0,1.260,1.442,1.025
least-connections-cache-on-warm500,130,3,7.2154,4.822,60.326,65.148,night,mary-barton,1,,server-3,0,0,1,1.260,0.852,1.025
least-connections-cache-on-warm500,130,3,7.2231,4.547,3.691,8.238,whale,tess-of-the-d-urbervilles-a-pure-woman,1,,server-1,1,0,1,1.260,0.852,0.820
least-connections-cache-on-warm500,130,3,7.2308,5.743,3.121,8.864,king,the-song-of-the-lark,1,,server-2,1,1,1,1.009,0.852,0.820
least-connections-cache-on-warm500,130,3,7.2385,4.809,2.337,7.146,castle,wuthering-heights,1,,server-1,1,1,1,1.009,0.906,0.820
least-connections-cache-on-warm500,130,3,7.2462,4.725,22.096,26.821,horse,his-last-bow,1,,server-2,1,1,1,0.678,0.781,0.820
least-connections-cache-on-warm500,130,3,7.2538,4.818,2.502,7.320,night,northanger-abbey,1,,server-1,1,1,1,0.678,0.621,0.820
least-connections-cache-on-warm500,130,3,7.2615,12.415,20.085,32.500,you,the-house-of-the-seven-gables,1,,server-2,1,2,1,0.623,0.621,0.820
least-connections-cache-on-warm500,130,3,7.2692,1.602,15.580,17.182,letter,myths-and-legends-of-ancient-greece-and-rome,1,,server-1,1,2,1,0.623,0.621,0.820
least-connections-cache-on-warm500,130,3,7.2769,17.432,33.399,50.831,king,the-moonstone,1,,server-2,1,2,1,0.370,3.020,0.820
least-connections-cache-on-warm500,130,3,7.2846,1.434,32.522,33.956,he,little-women,1,,server-3,1,2,1,0.370,3.020,9.974
least-connections-cache-on-warm500,130,3,7.2923,1.778,0.850,2.627,she,his-last-bow,1,,server-1,1,2,1,2.662,3.020,5.174
least-connections-cache-on-warm500,130,3,7.3000,1.299,0.598,1.897,she,the-mystery-of-edwin-drood,1,,server-1,1,1,1,1.041,4.388,5.174
least-connections-cache-on-warm500,130,3,7.3077,1.137,27.192,28.329,love,the-adventures-of-ferdinand-count-fathom-complete,1,,server-1,1,1,1,0.442,4.388,5.174
least-connections-cache-on-warm500,130,3,7.3154,12.640,0.687,13.327,and,the-return-of-sherlock-holmes,1,,server-2,1,2,1,0.287,4.388,5.174
least-connections-cache-on-warm500,130,3,7.3231,1.227,24.468,25.695,the,the-jungle,1,,server-3,1,2,1,0.287,4.388,8.440
least-connections-cache-on-warm500,130,3,7.3308,1.303,0.610,1.913,night,jane-eyre-an-autobiography,1,,server-2,1,1,1,0.287,3.469,4.388
least-connections-cache-on-warm500,130,3,7.3385,1.745,0.998,2.744,she,oliver-twist,1,,server-1,1,0,1,4.491,1.228,4.388
least-connections-cache-on-warm500,130,3,7.3462,1.472,1.152,2.624,king,the-adventures-of-sherlock-holmes,1,,server-2,0,1,1,1.638,1.228,4.388
least-connections-cache-on-warm500,130,3,7.3538,1.214,14.339,15.553,she,the-war-of-the-worlds,1,,server-3,0,0,1,1.638,0.502,6.670
least-connections-cache-on-warm500,130,3,7.3615,1.517,0.791,2.308,sea,the-secret-garden,1,,server-1,1,0,1,1.638,0.502,3.477
least-connections-cache-on-warm500,130,3,7.3692,1.666,27.144,28.810,castle,the-mystery-of-edwin-drood,1,,server-2,0,1,1,0.682,0.502,4.449
least-connections-cache-on-warm500,130,3,7.3769,2.702,32.590,35.292,sea,desperate-remedies,1,,server-3,0,1,1,0.682,0.357,4.449
least-connections-cache-on-warm500,130,3,7.3846,3.133,1.122,4.256,of,the-mysterious-island,1,,server-1,1,1,1,0.682,0.357,2.459
least-connections-cache-on-warm500,130,3,7.3923,1.380,0.587,1.967,king,the-hound-of-the-baskervilles-3070,1,,server-1,1,1,1,0.411,0.357,2.459
least-connections-cache-on-warm500,130,3,7.4000,1.025,0.591,1.615,letter,the-first-men-in-the-moon,1,,server-2,0,1,1,0.224,4.514,2.459
least-connections-cache-on-warm500,130,3,7.4077,1.235,1.021,2.256,you,persuasion,1,,server-1,1,0,1,0.224,1.583,2.459
least-connections-cache-on-warm500,130,3,7.4154,1.232,0.688,1.920,and,the-return-of-sherlock-holmes,1,,server-2,0,1,0,0.224,1.583,6.669
least-connections-cache-on-warm500,130,3,7.4231,1.311,21.365,22.676,whale,dubliners,1,,server-3,0,0,1,0.224,0.605,6.669
least-connections-cache-on-warm500,130,3,7.4308,1.945,1.062,3.007,london,a-princess-of-mars,1,,server-1,1,0,1,0.224,0.605,3.491
least-connections-cache-on-warm500,130,3,7.4385,0.959,29.958,30.916,was,oliver-twist,1,,server-2,0,1,1,0.255,0.605,3.491
least-connections-cache-on-warm500,130,3,7.4462,1.184,0.585,1.769,king,the-mysterious-affair-at-styles,1,,server-3,0,1,1,0.255,0.368,5.602
least-connections-cache-on-warm500,130,3,7.4538,1.150,13.833,14.983,and,the-war-of-the-worlds,1,,server-1,1,1,0,0.255,0.368,1.945
least-connections-cache-on-warm500,130,3,7.4615,1.226,0.606,1.833,money,memoirs-of-fanny-hill,1,,server-3,1,1,1,0.197,0.368,1.945
least-connections-cache-on-warm500,130,3,7.4692,1.441,36.906,38.347,he,mary-barton,1,,server-1,1,1,0,2.301,6.231,0.746
least-connections-cache-on-warm500,130,3,7.4769,1.878,26.974,28.852,whale,desperate-remedies,1,,server-2,1,1,0,1.238,5.018,0.746
least-connections-cache-on-warm500,130,3,7.4846,2.594,13.110,15.705,whale,black-beauty,1,,server-3,1,1,1,1.238,2.667,0.746
least-connections-cache-on-warm500,130,3,7.4923,15.060,16.213,31.274,she,frankenstein-or-the-modern-prometheus-41445,1,,server-1,2,1,1,1.238,2.667,0.529
least-connections-cache-on-warm500,130,3,7.5000,6.202,36.473,42.675,sea,the-moonstone,1,,server-2,2,2,1,1.238,2.667,2.920
least-connections-cache-on-warm500,130,3,7.5077,1.273,25.142,26.415,he,pride-and-prejudice,1,,server-3,2,1,1,6.293,3.586,2.346
least-connections-cache-on-warm500,130,3,7.5154,8.681,0.497,9.178,castle,herland,1,,server-1,2,1,1,6.293,3.586,1.273
least-connections-cache-on-warm500,130,3,7.5231,19.349,0.618,19.968,sea,dubliners,1,,server-2,2,2,1,6.364,3.586,1.273
least-connections-cache-on-warm500,130,3,7.5308,1.309,24.814,26.123,love,hard-times,1,,server-1,1,2,1,2.670,3.586,1.273
least-connections-cache-on-warm500,130,3,7.5385,1.342,33.228,34.571,letter,the-last-of-the-mohicans-a-narrative-of-1757,1,,server-3,1,2,1,1.429,3.586,4.781
least-connections-cache-on-warm500,130,3,7.5462,1.219,27.061,28.280,of,mary-barton,1,,server-2,1,1,1,1.429,4.163,2.517
least-connections-cache-on-warm500,130,3,7.5538,19.322,18.461,37.783,sea,grimms-fairy-tales,1,,server-3,1,1,2,1.429,2.195,2.517
least-connections-cache-on-warm500,130,3,7.5615,1.168,12.799,13.967,you,washington-square,1,,server-1,1,1,2,4.865,2.195,2.517
least-connections-cache-on-warm500,130,3,7.5692,5.659,27.300,32.959,the,emma,1,,server-2,1,2,2,2.561,2.195,2.517
least-connections-cache-on-warm500,130,3,7.5769,1.257,29.239,30.496,heart,mary-barton,1,,server-1,1,1,1,3.652,3.425,5.733
least-connections-cache-on-warm500,130,3,7.5846,17.910,16.489,34.400,death,the-lost-world,1,,server-2,1,2,1,1.940,3.425,5.733
least-connections-cache-on-warm500,130,3,7.5923,1.173,23.653,24.826,he,far-from-the-madding-crowd,1,,server-3,1,2,1,1.940,3.425,6.560
least-connections-cache-on-warm500,130,3,7.6000,7.216,14.852,22.067,was,persuasion,1,,server-1,2,2,1,1.940,3.425,3.427
least-connections-cache-on-warm500,130,3,7.6077,11.176,1.049,12.225,and,the-works-of-edgar-allan-poe-volume-2,1,,server-2,1,2,1,4.844,5.329,3.427
least-connections-cache-on-warm500,130,3,7.6154,2.237,0.880,3.117,she,a-connecticut-yankee-in-king-arthur-s-court,1,,server-3,1,2,2,4.844,5.329,3.427
least-connections-cache-on-warm500,130,3,7.6231,1.292,0.530,1.822,love,the-kama-sutra-of-vatsyayana,1,,server-1,1,0,0,5.416,3.067,2.114
least-connections-cache-on-warm500,130,3,7.6308,1.242,28.816,30.058,horse,jude-the-obscure,1,,server-2,0,1,0,1.873,3.067,2.114
least-connections-cache-on-warm500,130,3,7.6385,1.954,38.168,40.122,and,villette,1,,server-3,0,1,1,1.873,1.635,2.114
least-connections-cache-on-warm500,130,3,7.6462,1.851,0.773,2.623,of,mary-barton,1,,server-1,1,1,1,1.873,1.635,1.200
least-connections-cache-on-warm500,130,3,7.6538,1.311,0.635,1.945,london,mary-barton,1,,server-1,1,1,1,0.740,1.635,1.200
least-connections-cache-on-warm500,130,3,7.6615,1.197,0.472,1.669,whale,the-warden,1,,server-2,0,1,1,0.343,5.628,1.200
least-connections-cache-on-warm500,130,3,7.6692,1.268,0.646,1.914,you,the-adventures-of-sherlock-holmes,1,,server-1,1,0,1,0.343,1.913,1.200
least-connections-cache-on-warm500,130,3,7.6769,1.118,12.464,13.581,you,around-the-world-in-eighty-days,1,,server-2,0,1,1,0.225,1.913,1.200
least-connections-cache-on-warm500,130,3,7.6846,1.385,0.867,2.251,horse,the-scarlet-letter,1,,server-3,0,1,1,0.225,1.042,6.811
least-connections-cache-on-warm500,130,3,7.6923,1.084,38.548,39.632,death,the-jungle,1,,server-1,1,0,0,0.225,2.620,2.369
least-connections-cache-on-warm500,130,3,7.7000,2.372,1.587,3.959,death,the-works-of-edgar-allan-poe-volume-2,1,,server-2,1,1,0,0.188,2.620,2.369
least-connections-cache-on-warm500,130,3,7.7077,3.432,1.737,5.169,sea,the-first-men-in-the-moon,1,,server-3,1,0,1,0.188,1.114,2.369
least-connections-cache-on-warm500,130,3,7.7154,1.832,0.983,2.815,was,autobiography-of-benjamin-franklin,1,,server-2,1,1,0,0.188,1.114,1.073
least-connections-cache-on-warm500,130,3,7.7231,1.094,19.281,20.375,castle,the-house-of-the-seven-gables,1,,server-3,1,0,1,0.188,0.533,1.073
least-connections-cache-on-warm500,130,3,7.7308,1.336,0.914,2.250,letter,leaves-of-grass,1,,server-2,1,1,1,0.188,0.533,0.609
least-connections-cache-on-warm500,130,3,7.7385,1.066,0.701,1.767,and,the-hound-of-the-baskervilles-3070,1,,server-1,1,0,1,6.246,0.318,0.609
least-connections-cache-on-warm500,130,3,7.7462,1.037,0.759,1.797,sea,the-hound-of-the-baskervilles-3070,1,,server-2,0,1,0,2.166,0.318,3.417
least-connections-cache-on-warm500,130,3,7.7538,1.142,17.561,18.703,horse,meditations,1,,server-3,0,0,1,2.166,0.215,3.417
least-connections-cache-on-warm500,130,3,7.7615,3.027,2.055,5.082,was,the-lost-world,1,,server-1,1,0,1,2.166,0.215,1.818
least-connections-cache-on-warm500,130,3,7.7692,1.124,0.569,1.693,castle,poirot-investigates,1,,server-2,0,1,1,0.875,0.215,1.818
least-connections-cache-on-warm500,130,3,7.7769,1.356,0.806,2.162,money,the-mysterious-island,1,,server-3,0,0,1,0.875,0.166,3.932
least-connections-cache-on-warm500,130,3,7.7846,3.474,2.709,6.183,letter,life-on-the-mississippi,1,,server-1,1,0,0,0.875,0.166,1.420
least-connections-cache-on-warm500,130,3,7.7923,5.067,3.648,8.714,the,the-hound-of-the-baskervilles-3070,1,,server-2,0,1,0,0.689,0.166,1.420
least-connections-cache-on-warm500,130,3,7.8000,6.615,33.780,40.395,letter,the-adventures-of-tom-sawyer-complete,1,,server-3,0,1,1,0.689,0.572,1.420
least-connections-cache-on-warm500,130,3,7.8077,5.327,3.183,8.510,letter,the-mysterious-affair-at-styles,1,,server-1,1,0,1,0.689,0.599,1.029
least-connections-cache-on-warm500,130,3,7.8154,6.637,2.960,9.598,london,persuasion,1,,server-2,1,1,1,0.775,0.599,1.029
least-connections-cache-on-warm500,130,3,7.8231,5.068,13.876,18.944,was,the-mysterious-affair-at-styles,1,,server-1,1,1,1,0.775,0.756,1.029
least-connections-cache-on-warm500,130,3,7.8308,2.591,1.256,3.848,sea,the-song-of-the-lark,1,,server-2,1,1,1,0.583,0.744,1.029
least-connections-cache-on-warm500,130,3,7.8385,1.026,21.602,22.629,he,hard-times,1,,server-2,1,1,1,0.583,0.441,1.029
least-connections-cache-on-warm500,130,3,7.8462,1.196,18.470,19.665,she,northanger-abbey,1,,server-3,0,1,1,2.432,0.280,5.780
least-connections-cache-on-warm500,130,3,7.8538,1.698,0.834,2.533,the,the-mysterious-island,1,,server-1,1,1,1,2.432,0.280,3.012
least-connections-cache-on-warm500,130,3,7.8615,1.189,14.499,15.688,king,dubliners,1,,server-2,0,1,1,0.938,3.590,3.012
least-connections-cache-on-warm500,130,3,7.8692,1.561,17.792,19.354,you,the-king-in-yellow,1,,server-3,0,1,1,0.938,1.903,4.840
least-connections-cache-on-warm500,130,3,7.8769,1.298,0.596,1.894,king,treasure-island,1,,server-1,1,1,1,0.938,4.319,2.577
least-connections-cache-on-warm500,130,3,7.8846,1.661,0.754,2.415,you,the-mystery-of-edwin-drood,1,,server-2,0,1,1,0.414,3.500,2.577
least-connections-cache-on-warm500,130,3,7.8923,1.386,19.840,21.226,letter,around-the-world-in-eighty-days,1,,server-3,0,0,1,0.414,1.285,4.445
least-connections-cache-on-warm500,130,3,7.9000,3.392,22.498,25.889,letter,the-return-of-sherlock-holmes,1,,server-1,1,0,1,0.414,1.285,2.368
least-connections-cache-on-warm500,130,3,7.9077,2.075,1.022,3.097,king,pride-and-prejudice,1,,server-2,1,1,1,0.371,1.285,2.368
least-connections-cache-on-warm500,130,3,7.9154,1.239,0.683,1.922,horse,leaves-of-grass,1,,server-3,1,0,1,0.371,0.579,4.628
least-connections-cache-on-warm500,130,3,7.9231,1.325,0.674,1.999,house,the-adventures-of-ferdinand-count-fathom-complete,1,,server-2,1,1,0,0.371,0.579,1.624
least-connections-cache-on-warm500,130,3,7.9308,1.151,44.182,45.333,was,mansfield-park,1,,server-3,0,0,1,3.705,0.294,1.624
least-connections-cache-on-warm500,130,3,7.9385,1.980,0.970,2.950,was,the-divine-comedy,1,,server-1,1,0,1,3.705,0.294,0.890
least-connections-cache-on-warm500,130,3,7.9462,3.630,2.055,5.685,letter,the-adventures-of-sherlock-holmes,1,,server-2,0,1,1,1.407,0.294,0.890
least-connections-cache-on-warm500,130,3,7.9538,2.548,1.148,3.696,he,persuasion,1,,server-1,1,0,1,1.407,0.450,0.890
least-connections-cache-on-warm500,130,3,7.9615,1.468,0.853,2.322,and,a-journey-to-the-centre-of-the-earth,1,,server-2,0,1,1,0.643,0.450,0.890
least-connections-cache-on-warm500,130,3,7.9692,1.280,0.782,2.062,whale,the-iliad,1,,server-1,1,0,1,0.643,0.273,0.890
least-connections-cache-on-warm500,130,3,7.9769,1.159,0.592,1.751,and,beyond-good-and-evil,1,,server-2,0,1,0,0.324,0.273,7.583
least-connections-cache-on-warm500,130,3,7.9846,2.111,20.138,22.250,whale,the-adventures-of-tom-sawyer-complete,1,,server-3,0,0,1,0.324,0.191,7.583
least-connections-cache-on-warm500,130,3,7.9923,1.022,22.255,23.277,was,leaves-of-grass,1,,server-1,1,0,1,0.324,0.191,4.009
least-connections-cache-on-warm500,130,3,8.0000,1.634,20.010,21.644,money,a-journey-to-the-centre-of-the-earth,1,,server-2,1,1,1,0.217,0.191,4.009
least-connections-cache-on-warm500,130,3,8.0077,1.164,0.569,1.732,whale,his-last-bow,1,,server-3,1,1,1,0.217,0.172,5.718
least-connections-cache-on-warm500,130,3,8.0154,1.243,0.571,1.814,whale,a-princess-of-mars,1,,server-3,1,1,1,3.640,0.172,1.975
least-connections-cache-on-warm500,130,3,8.0231,1.284,26.444,27.729,and,far-from-the-madding-crowd,1,,server-1,1,0,0,3.640,3.264,0.742
least-connections-cache-on-warm500,130,3,8.0308,1.266,22.125,23.391,sea,the-return-of-sherlock-holmes-108,1,,server-2,1,1,0,1.924,3.264,0.742
least-connections-cache-on-warm500,130,3,8.0385,1.503,0.823,2.325,castle,the-american,1,,server-3,1,1,1,1.924,1.748,0.742
least-connections-cache-on-warm500,130,3,8.0462,1.209,0.583,1.791,she,myths-and-legends-of-ancient-greece-and-rome,1,,server-3,1,1,1,1.924,1.748,0.375
least-connections-cache-on-warm500,130,3,8.0538,1.447,0.620,2.067,money,pride-and-prejudice,1,,server-1,1,1,0,5.423,5.751,0.204
least-connections-cache-on-warm500,130,3,8.0615,1.304,0.740,2.044,castle,the-tenant-of-wildfell-hall,1,,server-2,0,1,0,1.877,4.614,0.204
least-connections-cache-on-warm500,130,3,8.0692,2.672,1.484,4.157,sea,the-memoirs-of-sherlock-holmes,1,,server-3,0,0,1,1.877,1.627,0.204
least-connections-cache-on-warm500,130,3,8.0769,4.641,42.040,46.681,sea,the-mystery-of-edwin-drood,1,,server-1,1,0,0,1.877,1.627,0.303
least-connections-cache-on-warm500,130,3,8.0846,5.408,3.857,9.265,horse,jude-the-obscure,1,,server-2,1,1,0,1.194,1.627,0.303
least-connections-cache-on-warm500,130,3,8.0923,5.614,3.461,9.075,love,cranford,1,,server-3,1,1,1,1.194,1.253,0.303
least-connections-cache-on-warm500,130,3,8.1000,4.935,2.794,7.730,of,desperate-remedies,1,,server-2,1,1,1,1.194,1.060,0.447
least-connections-cache-on-warm500,130,3,8.1077,3.682,1.541,5.223,horse,meditations,1,,server-3,1,1,1,1.194,0.798,0.638
least-connections-cache-on-warm500,130,3,8.1154,1.671,0.942,2.613,he,autobiography-of-benjamin-franklin,1,,server-2,1,1,0,1.194,0.798,0.463
least-connections-cache-on-warm500,130,3,8.1231,1.260,0.844,2.104,london,mary-barton,1,,server-3,1,0,1,1.194,0.412,0.463
least-connections-cache-on-warm500,130,3,8.1308,1.327,0.793,2.120,of,the-secret-adversary,1,,server-1,1,0,0,7.229,0.412,0.281
least-connections-cache-on-warm500,130,3,8.1385,2.830,2.004,4.833,night,a-tale-of-two-cities,1,,server-2,0,1,0,2.498,0.412,0.281
least-connections-cache-on-warm500,130,3,8.1462,5.130,3.141,8.271,heart,the-scarlet-letter,1,,server-3,0,0,1,2.498,0.421,0.281
least-connections-cache-on-warm500,130,3,8.1538,6.163,3.029,9.192,king,madame-bovary,1,,server-1,1,0,1,2.498,0.421,0.621
least-connections-cache-on-warm500,130,3,8.1615,5.462,2.944,8.407,death,frankenstein-or-the-modern-prometheus,1,,server-2,1,1,0,1.497,0.421,0.621
least-connections-cache-on-warm500,130,3,8.1692,6.375,33.001,39.376,love,dubliners,1,,server-3,0,1,1,1.234,0.599,0.621
least-connections-cache-on-warm500,130,3,8.1769,5.510,3.340,8.850,death,around-the-world-in-eighty-days,1,,server-1,1,0,1,1.234,0.599,0.634
least-connections-cache-on-warm500,130,3,8.1846,6.261,3.722,9.983,you,the-jungle-book,1,,server-2,1,1,1,1.065,0.599,0.634
least-connections-cache-on-warm500,130,3,8.1923,5.375,2.110,7.485,house,poirot-investigates,1,,server-1,1,1,1,0.906,0.564,0.634
least-connections-cache-on-warm500,130,3,8.2000,2.570,1.106,3.675,night,the-scarlet-letter,1,,server-2,1,1,1,0.599,0.782,0.634
least-connections-cache-on-warm500,130,3,8.2077,0.991,10.041,11.032,letter,herland,1,,server-1,1,0,1,0.599,0.448,0.634
least-connections-cache-on-warm500,130,3,8.2154,1.167,0.633,1.800,night,madame-bovary,1,,server-2,1,1,0,0.351,0.448,5.518
least-connections-cache-on-warm500,130,3,8.2231,1.067,0.554,1.620,horse,far-from-the-madding-crowd,1,,server-3,0,0,1,1.785,0.254,5.518
least-connections-cache-on-warm500,130,3,8.2308,0.921,16.834,17.756,the,the-picture-of-dorian-gray,1,,server-1,1,0,0,1.785,0.254,1.907
least-connections-cache-on-warm500,130,3,8.2385,1.642,1.009,2.651,letter,the-great-gatsby,1,,server-2,1,1,0,0.952,0.254,1.907
least-connections-cache-on-warm500,130,3,8.2462,2.039,21.815,23.854,castle,the-scarlet-letter-33,1,,server-3,1,0,1,0.952,0.267,1.907
least-connections-cache-on-warm500,130,3,8.2538,1.491,23.386,24.877,the,the-return-of-sherlock-holmes,1,,server-1,1,0,1,3.255,0.267,1.070
least-connections-cache-on-warm500,130,3,8.2615,2.027,35.615,37.642,was,the-mysterious-island,1,,server-2,1,1,1,1.737,0.267,1.070
least-connections-cache-on-warm500,130,3,8.2692,1.366,0.520,1.886,was,desperate-remedies,1,,server-3,1,1,2,1.737,0.261,1.070
least-connections-cache-on-warm500,130,3,8.2769,1.379,27.064,28.443,house,mary-barton,1,,server-3,1,1,1,1.737,0.261,1.455
least-connections-cache-on-warm500,130,3,8.2846,1.284,18.464,19.749,he,the-age-of-innocence,1,,server-1,1,1,1,4.824,0.261,0.865
least-connections-cache-on-warm500,130,3,8.2923,7.043,0.794,7.838,you,around-the-world-in-eighty-days,1,,server-2,1,2,1,2.532,0.261,0.865
least-connections-cache-on-warm500,130,3,8.3000,6.416,0.677,7.093,he,the-vicomte-de-bragelonne,1,,server-3,1,1,2,2.532,3.424,0.865
least-connections-cache-on-warm500,130,3,8.3077,1.029,0.619,1.648,house,silas-marner,1,,server-1,1,0,0,4.584,2.758,2.131
least-connections-cache-on-warm500,130,3,8.3154,1.307,0.919,2.226,death,the-portrait-of-a-lady-volume-1,1,,server-2,0,1,0,1.593,2.758,2.131
least-connections-cache-on-warm500,130,3,8.3231,2.596,1.601,4.198,horse,the-mystery-of-edwin-drood,1,,server-3,0,0,1,1.593,1.041,2.131
least-connections-cache-on-warm500,130,3,8.3308,3.404,40.002,43.406,was,white-fang,1,,server-1,1,0,0,1.593,1.041,0.964
least-connections-cache-on-warm500,130,3,8.3385,5.598,2.407,8.006,whale,herland,1,,server-2,1,1,0,1.024,1.041,0.964
least-connections-cache-on-warm500,130,3,8.3462,5.150,46.361,51.511,king,the-romance-of-lust-a-classic-victorian-erotic-novel,1,,server-3,1,1,1,1.024,0.743,0.964
least-connections-cache-on-warm500,130,3,8.3538,2.901,39.912,42.814,sea,the-vicomte-de-bragelonne,1,,server-2,1,1,1,1.024,0.743,0.734
least-connections-cache-on-warm500,130,3,8.3615,35.575,0.984,36.559,house,adventures-of-huckleberry-finn,1,,server-3,1,1,2,1.024,0.560,0.734
least-connections-cache-on-warm500,130,3,8.3692,5.191,27.318,32.509,house,the-song-of-the-lark,1,,server-1,2,1,2,1.024,0.560,1.631
least-connections-cache-on-warm500,130,3,8.3769,20.820,0.821,21.641,house,silas-marner,1,,server-2,1,2,2,4.674,0.560,1.631
least-connections-cache-on-warm500,130,3,8.3846,17.139,0.531,17.670,love,walden-and-on-the-duty-of-civil-disobedience,1,,server-1,2,2,2,4.674,0.560,1.631
least-connections-cache-on-warm500,130,3,8.3923,5.768,0.725,6.494,money,the-american,1,,server-2,2,3,2,4.674,0.560,1.631
least-connections-cache-on-warm500,130,3,8.4000,1.174,23.343,24.516,of,life-on-the-mississippi,1,,server-3,2,0,1,6.451,1.397,5.928
least-connections-cache-on-warm500,130,3,8.4077,1.273,0.533,1.807,whale,meditations,1,,server-1,1,0,1,4.085,1.397,3.099
least-connections-cache-on-warm500,130,3,8.4154,1.137,0.551,1.689,he,the-iliad-2199,1,,server-2,0,1,1,1.457,1.397,3.099
least-connections-cache-on-warm500,130,3,8.4231,1.394,0.590,1.984,was,the-wind-in-the-willows,1,,server-1,1,0,1,1.457,0.569,3.099
least-connections-cache-on-warm500,130,3,8.4308,1.021,29.817,30.838,house,desperate-remedies,1,,server-2,0,1,0,0.585,0.569,5.673
least-connections-cache-on-warm500,130,3,8.4385,1.873,24.182,26.055,was,the-return-of-sherlock-holmes-108,1,,server-3,0,1,1,0.585,0.355,5.673
least-connections-cache-on-warm500,130,3,8.4462,1.902,1.013,2.916,love,twenty-thousand-leagues-under-the-sea,1,,server-1,1,1,1,0.585,0.355,3.018
least-connections-cache-on-warm500,130,3,8.4538,1.182,14.586,15.767,he,memoirs-of-fanny-hill,1,,server-1,1,1,1,0.366,0.355,3.018
least-connections-cache-on-warm500,130,3,8.4615,1.216,0.577,1.793,the,sense-and-sensibility,1,,server-2,1,2,1,0.241,4.986,3.018
least-connections-cache-on-warm500,130,3,8.4692,1.596,0.591,2.187,the,the-hound-of-the-baskervilles-3070,1,,server-3,1,0,1,3.015,1.720,5.743
least-connections-cache-on-warm500,130,3,8.4769,1.609,32.568,34.177,of,poirot-investigates,1,,server-1,1,0,0,2.452,1.720,1.983
least-connections-cache-on-warm500,130,3,8.4846,3.297,2.246,5.543,was,the-works-of-edgar-allan-poe-volume-2,1,,server-2,1,1,0,1.351,1.720,1.983
least-connections-cache-on-warm500,130,3,8.4923,4.036,2.426,6.462,you,around-the-world-in-eighty-days,1,,server-3,1,0,1,1.351,0.919,1.983
least-connections-cache-on-warm500,130,3,8.5000,3.886,1.678,5.564,london,the-wind-in-the-willows,1,,server-2,1,1,0,1.351,0.919,1.023
least-connections-cache-on-warm500,130,3,8.5077,2.094,32.619,34.713,money,desperate-remedies,1,,server-3,1,0,1,1.351,0.606,1.023
least-connections-cache-on-warm500,130,3,8.5154,2.528,1.696,4.225,money,washington-square,1,,server-1,1,0,1,6.020,0.606,0.650
least-connections-cache-on-warm500,130,3,8.5231,2.886,1.224,4.110,you,the-iliad,1,,server-2,0,1,1,2.230,0.606,0.650
least-connections-cache-on-warm500,130,3,8.5308,1.162,17.062,18.224,whale,grimms-fairy-tales,1,,server-1,1,0,1,2.230,0.396,0.650
least-connections-cache-on-warm500,130,3,8.5385,1.105,15.146,16.251,death,autobiography-of-benjamin-franklin,1,,server-2,1,1,1,1.205,0.396,0.650
least-connections-cache-on-warm500,130,3,8.5462,1.265,15.210,16.475,love,frankenstein-or-the-modern-prometheus,1,,server-3,1,1,1,1.205,0.266,5.578
least-connections-cache-on-warm500,130,3,8.5538,1.222,13.518,14.740,whale,kidnapped,1,,server-1,1,1,1,3.487,0.266,2.917
least-connections-cache-on-warm500,130,3,8.5615,1.262,0.699,1.961,the,the-secret-garden-17396,1,,server-2,1,1,1,1.860,2.568,2.917
least-connections-cache-on-warm500,130,3,8.5692,0.979,29.521,30.499,whale,the-adventures-of-ferdinand-count-fathom-complete,1,,server-3,0,0,1,3.320,0.955,4.253
least-connections-cache-on-warm500,130,3,8.5769,1.828,17.023,18.851,you,kidnapped,1,,server-1,1,0,1,3.320,0.955,2.232
least-connections-cache-on-warm500,130,3,8.5846,1.350,0.693,2.043,london,oliver-twist,1,,server-2,1,1,1,1.810,0.955,2.232
least-connections-cache-on-warm500,130,3,8.5923,0.945,0.531,1.476,money,the-mystery-of-edwin-drood,1,,server-2,1,1,1,1.810,0.433,2.232
least-connections-cache-on-warm500,130,3,8.6000,1.088,24.846,25.934,london,pride-and-prejudice,1,,server-1,1,0,1,3.795,0.223,6.110
least-connections-cache-on-warm500,130,3,8.6077,1.363,20.806,22.169,night,adventures-of-huckleberry-finn,1,,server-2,1,1,0,2.001,0.223,6.110
least-connections-cache-on-warm500,130,3,8.6154,1.829,14.741,16.570,was,memoirs-of-fanny-hill,1,,server-3,1,1,1,2.001,0.174,6.110
least-connections-cache-on-warm500,130,3,8.6231,3.024,24.806,27.830,of,the-song-of-the-lark,1,,server-1,2,1,1,2.001,0.174,3.218
least-connections-cache-on-warm500,130,3,8.6308,1.502,0.700,2.202,house,the-moonstone,1,,server-2,1,1,1,3.369,3.374,3.218
least-connections-cache-on-warm500,130,3,8.6385,1.227,0.635,1.863,king,the-king-in-yellow,1,,server-3,1,0,1,3.369,1.211,4.349
least-connections-cache-on-warm500,130,3,8.6462,1.093,18.118,19.211,heart,the-age-of-innocence,1,,server-2,1,1,0,3.369,1.211,1.513
least-connections-cache-on-warm500,130,3,8.6538,1.366,0.678,2.044,house,frankenstein-or-the-modern-prometheus,1,,server-3,0,1,1,6.080,0.672,1.513
least-connections-cache-on-warm500,130,3,8.6615,1.291,0.710,2.001,house,leaves-of-grass,1,,server-1,1,1,0,6.080,0.672,0.620
least-connections-cache-on-warm500,130,3,8.6692,1.223,0.563,1.787,the,cranford,1,,server-2,0,1,0,2.102,3.299,0.620
least-connections-cache-on-warm500,130,3,8.6769,0.915,36.648,37.563,heart,dracula,1,,server-3,0,0,1,2.102,1.168,0.620
least-connections-cache-on-warm500,130,3,8.6846,1.949,1.367,3.317,money,life-on-the-mississippi,1,,server-1,1,0,1,2.102,1.168,0.350
least-connections-cache-on-warm500,130,3,8.6923,1.709,0.999,2.708,of,the-romance-of-lust-a-classic-victorian-erotic-novel,1,,server-2,0,1,1,0.890,1.168,0.350
least-connections-cache-on-warm500,130,3,8.7000,1.621,31.909,33.530,heart,emma,1,,server-1,1,0,1,0.890,0.546,0.350
least-connections-cache-on-warm500,130,3,8.7077,1.772,39.462,41.234,the,the-innocents-abroad,1,,server-2,1,1,1,0.527,0.546,0.350
least-connections-cache-on-warm500,130,3,8.7154,1.638,17.202,18.840,letter,hard-times,1,,server-3,1,1,1,0.527,0.355,6.036
least-connections-cache-on-warm500,130,3,8.7231,10.961,0.975,11.935,london,agnes-grey,1,,server-1,2,1,1,0.527,0.355,3.192
least-connections-cache-on-warm500,130,3,8.7308,18.084,0.794,18.878,castle,the-warden,1,,server-2,2,2,1,0.527,0.355,3.192
least-connections-cache-on-warm500,130,3,8.7385,1.157,19.377,20.534,money,wuthering-heights,1,,server-3,0,2,1,2.539,0.355,4.726
least-connections-cache-on-warm500,130,3,8.7462,1.287,19.206,20.493,money,the-last-of-the-mohicans-a-narrative-of-1757-27681,1,,server-1,1,2,1,2.539,0.355,2.470
least-connections-cache-on-warm500,130,3,8.7538,1.312,20.640,21.952,night,the-house-of-mirth,1,,server-2,1,1,1,1.360,4.252,2.470
least-connections-cache-on-warm500,130,3,8.7615,1.380,0.632,2.012,he,mary-barton,1,,server-3,1,1,1,1.360,2.234,4.646
least-connections-cache-on-warm500,130,3,8.7692,1.263,15.225,16.488,of,memoirs-of-fanny-hill,1,,server-1,1,1,0,3.856,2.234,1.629
least-connections-cache-on-warm500,130,3,8.7769,1.152,10.809,11.961,you,the-prince,1,,server-2,1,1,0,2.040,4.675,1.629
least-connections-cache-on-warm500,130,3,8.7846,1.588,16.966,18.554,you,agnes-grey,1,,server-3,1,1,1,2.040,2.458,1.629
least-connections-cache-on-warm500,130,3,8.7923,1.301,18.447,19.747,king,herland,1,,server-1,1,0,1,3.689,3.268,0.925
least-connections-cache-on-warm500,130,3,8.8000,1.821,0.890,2.711,death,sense-and-sensibility,1,,server-2,1,1,1,1.965,3.268,0.925
least-connections-cache-on-warm500,130,3,8.8077,1.447,28.854,30.301,and,cranford,1,,server-3,1,0,1,1.965,1.223,3.259
least-connections-cache-on-warm500,130,3,8.8154,2.216,31.784,33.999,castle,mansfield-park,1,,server-1,1,0,1,4.158,1.223,1.754
least-connections-cache-on-warm500,130,3,8.8231,1.902,32.038,33.939,and,the-innocents-abroad,1,,server-2,1,1,1,2.265,1.223,1.754
least-connections-cache-on-warm500,130,3,8.8308,7.487,27.269,34.756,heart,the-tenant-of-wildfell-hall,1,,server-3,1,1,2,2.265,0.715,1.754
least-connections-cache-on-warm500,130,3,8.8385,11.137,0.597,11.734,was,little-women,1,,server-1,2,1,2,2.265,0.715,4.034
least-connections-cache-on-warm500,130,3,8.8462,11.383,0.488,11.871,whale,twenty-thousand-leagues-under-the-sea,1,,server-2,2,2,1,2.265,0.715,4.034
least-connections-cache-on-warm500,130,3,8.8538,1.165,0.529,1.694,sea,the-secret-garden,1,,server-1,1,2,1,3.146,0.715,4.034
least-connections-cache-on-warm500,130,3,8.8615,1.068,0.573,1.641,love,the-romance-of-lust-a-classic-victorian-erotic-novel,1,,server-2,0,1,1,1.117,2.557,4.034
least-connections-cache-on-warm500,130,3,8.8692,1.283,0.529,1.812,and,jane-eyre-an-autobiography,1,,server-3,0,0,1,1.117,0.931,6.890
least-connections-cache-on-warm500,130,3,8.8769,1.620,0.950,2.570,was,the-mysterious-affair-at-styles,1,,server-1,1,0,0,1.117,0.931,2.351
least-connections-cache-on-warm500,130,3,8.8846,3.137,29.568,32.705,horse,black-beauty,1,,server-2,0,1,0,0.526,0.931,2.351
least-connections-cache-on-warm500,130,3,8.8923,4.491,2.700,7.191,king,the-iliad-2199,1,,server-3,0,1,1,0.526,0.692,2.351
least-connections-cache-on-warm500,130,3,8.9000,5.502,18.973,24.474,he,treasure-island,1,,server-1,1,1,1,0.526,0.692,1.173
least-connections-cache-on-warm500,130,3,8.9077,2.644,1.258,3.902,king,leaves-of-grass,1,,server-3,1,1,1,0.525,0.692,1.173
least-connections-cache-on-warm500,130,3,8.9154,1.175,16.011,17.186,you,the-scarlet-letter-33,1,,server-3,1,1,1,0.525,0.692,0.578
least-connections-cache-on-warm500,130,3,8.9231,1.503,19.352,20.854,king,kidnapped,1,,server-2,1,1,1,0.525,5.046,0.356
least-connections-cache-on-warm500,130,3,8.9308,1.430,0.746,2.176,the,persuasion,1,,server-1,1,1,1,3.246,2.679,0.356
least-connections-cache-on-warm500,130,3,8.9385,1.792,17.618,19.410,money,the-secret-garden-17396,1,,server-3,0,1,1,1.180,2.679,2.751
least-connections-cache-on-warm500,130,3,8.9462,1.632,0.830,2.462,sea,the-great-gatsby,1,,server-1,1,0,1,1.180,4.741,1.491
least-connections-cache-on-warm500,130,3,8.9538,1.081,28.834,29.915,the,the-adventures-of-ferdinand-count-fathom-complete,1,,server-2,0,1,1,0.511,4.741,1.491
least-connections-cache-on-warm500,130,3,8.9615,1.161,12.952,14.113,house,the-secret-garden,1,,server-3,0,1,1,0.511,2.497,3.732
least-connections-cache-on-warm500,130,3,8.9692,1.790,17.724,19.514,night,twenty-thousand-leagues-under-the-sea,1,,server-1,1,1,1,0.511,2.497,1.955
least-connections-cache-on-warm500,130,3,8.9769,1.065,0.517,1.582,he,the-odyssey,1,,server-3,1,1,1,0.334,2.497,3.278
least-connections-cache-on-warm500,130,3,8.9846,1.123,0.515,1.638,london,oliver-twist,1,,server-2,1,1,0,0.334,6.199,1.167
least-connections-cache-on-warm500,130,3,8.9923,1.133,0.589,1.723,death,white-fang,1,,server-3,0,0,1,2.999,2.122,1.167
least-connections-cache-on-warm500,130,3,9.0000,1.343,0.894,2.237,of,the-secret-garden,1,,server-1,1,0,0,2.999,2.122,0.492
least-connections-cache-on-warm500,130,3,9.0077,2.250,34.533,36.782,king,the-odyssey,1,,server-2,0,1,0,1.126,2.122,0.492
least-connections-cache-on-warm500,130,3,9.0154,3.151,2.096,5.248,the,the-vicomte-de-bragelonne,1,,server-3,0,1,1,1.126,1.217,0.492
least-connections-cache-on-warm500,130,3,9.0231,2.367,1.006,3.373,of,the-picture-of-dorian-gray,1,,server-1,1,1,0,1.126,1.217,0.504
least-connections-cache-on-warm500,130,3,9.0308,1.464,16.957,18.422,was,the-picture-of-dorian-gray,1,,server-3,0,1,1,0.520,1.217,0.504
least-connections-cache-on-warm500,130,3,9.0385,1.057,0.538,1.595,king,oliver-twist,1,,server-1,1,1,1,0.520,1.217,0.339
least-connections-cache-on-warm500,130,3,9.0462,1.109,0.549,1.658,she,the-secret-garden-17396,1,,server-2,0,1,1,0.262,6.218,0.339
least-connections-cache-on-warm500,130,3,9.0538,0.919,0.512,1.431,he,the-return-of-sherlock-holmes-108,1,,server-3,0,0,1,0.262,2.134,2.874
least-connections-cache-on-warm500,130,3,9.0615,1.522,0.898,2.419,night,the-works-of-edgar-allan-poe-volume-2,1,,server-1,1,0,0,0.262,2.134,1.032
least-connections-cache-on-warm500,130,3,9.0692,3.564,23.069,26.633,letter,dubliners,1,,server-2,0,1,0,0.214,2.134,1.032
least-connections-cache-on-warm500,130,3,9.0769,2.681,27.700,30.381,you,sense-and-sensibility,1,,server-3,0,1,1,0.214,1.314,1.032
least-connections-cache-on-warm500,130,3,9.0846,2.034,1.162,3.196,death,around-the-world-in-eighty-days,1,,server-1,1,1,1,0.214,1.314,0.604
least-connections-cache-on-warm500,130,3,9.0923,2.701,1.144,3.845,king,wuthering-heights,1,,server-1,1,1,1,0.244,1.314,0.604
least-connections-cache-on-warm500,130,3,9.1000,1.097,0.568,1.664,house,the-jungle,1,,server-2,0,1,1,0.281,4.425,0.604
least-connections-cache-on-warm500,130,3,9.1077,1.106,0.689,1.796,was,the-adventures-of-tom-sawyer-complete,1,,server-1,1,0,1,0.281,1.542,4.799
least-connections-cache-on-warm500,130,3,9.1154,1.327,29.687,31.014,money,twenty-thousand-leagues-under-the-sea,1,,server-2,0,1,0,0.181,1.542,4.799
least-connections-cache-on-warm500,130,3,9.1231,2.682,1.666,4.347,house,around-the-world-in-eighty-days,1,,server-3,0,1,1,0.181,0.874,4.799
least-connections-cache-on-warm500,130,3,9.1308,3.083,1.395,4.479,whale,a-journey-to-the-centre-of-the-earth,1,,server-1,1,1,0,0.181,0.874,1.833
least-connections-cache-on-warm500,130,3,9.1385,1.404,0.726,2.130,sea,the-secret-garden,1,,server-3,0,1,1,0.308,0.874,1.833
least-connections-cache-on-warm500,130,3,9.1462,1.136,0.658,1.794,horse,desperate-remedies,1,,server-1,1,1,0,0.308,6.560,0.726
least-connections-cache-on-warm500,130,3,9.1538,1.042,0.872,1.914,death,dracula,1,,server-2,0,1,0,0.216,5.278,0.726
least-connections-cache-on-warm500,130,3,9.1615,2.488,35.900,38.388,sea,the-american,1,,server-3,0,0,1,0.216,1.838,0.726
least-connections-cache-on-warm500,130,3,9.1692,4.941,2.906,7.848,whale,the-kama-sutra-of-vatsyayana,1,,server-1,1,0,1,0.216,1.838,0.502
least-connections-cache-on-warm500,130,3,9.1769,3.108,1.034,4.142,death,the-mystery-of-edwin-drood,1,,server-2,1,1,1,0.510,1.838,0.502
least-connections-cache-on-warm500,130,3,9.1846,1.199,0.515,1.714,whale,far-from-the-madding-crowd,1,,server-1,1,0,1,0.510,0.755,0.502
least-connections-cache-on-warm500,130,3,9.1923,1.165,0.552,1.717,house,anne-of-green-gables,1,,server-2,0,1,1,0.237,0.755,0.502
least-connections-cache-on-warm500,130,3,9.2000,0.946,0.542,1.488,she,leaves-of-grass,1,,server-1,1,0,1,0.237,0.339,5.936
least-connections-cache-on-warm500,130,3,9.2077,0.901,0.491,1.392,king,hard-times,1,,server-2,0,1,0,0.165,0.339,5.936
least-connections-cache-on-warm500,130,3,9.2154,1.862,42.871,44.733,you,the-tenant-of-wildfell-hall,1,,server-3,0,0,1,0.165,0.189,5.936
least-connections-cache-on-warm500,130,3,9.2231,2.962,2.275,5.237,whale,the-prince,1,,server-1,1,0,1,0.165,0.189,3.126
least-connections-cache-on-warm500,130,3,9.2308,3.214,16.771,19.984,death,a-journey-to-the-centre-of-the-earth,1,,server-2,0,1,1,0.382,0.189,3.126
least-connections-cache-on-warm500,130,3,9.2385,1.610,0.769,2.379,the,the-last-of-the-mohicans-a-narrative-of-1757,1,,server-1,1,1,1,0.382,0.236,3.126
least-connections-cache-on-warm500,130,3,9.2462,1.213,0.499,1.711,death,dracula,1,,server-1,1,1,1,0.251,0.236,3.126
least-connections-cache-on-warm500,130,3,9.2538,1.009,12.426,13.435,was,cranford,1,,server-2,0,1,1,0.171,2.776,3.126
least-connections-cache-on-warm500,130,3,9.2615,1.476,0.685,2.160,house,the-age-of-innocence,1,,server-3,0,1,1,0.171,1.471,8.804
least-connections-cache-on-warm500,130,3,9.2692,1.306,26.050,27.356,death,the-memoirs-of-sherlock-holmes,1,,server-1,1,0,0,0.171,2.896,3.015
least-connections-cache-on-warm500,130,3,9.2769,1.839,1.259,3.098,horse,the-last-of-the-mohicans-a-narrative-of-1757-27681,1,,server-2,1,1,0,0.162,2.896,3.015
least-connections-cache-on-warm500,130,3,9.2846,2.297,19.542,21.839,horse,the-adventures-of-sherlock-holmes,1,,server-3,1,0,1,0.162,1.118,3.015
least-connections-cache-on-warm500,130,3,9.2923,1.081,22.201,23.282,he,a-tale-of-two-cities,1,,server-2,1,1,1,0.162,1.118,1.678
least-connections-cache-on-warm500,130,3,9.3000,1.285,0.495,1.780,love,desert-gold,1,,server-1,1,1,1,4.244,0.625,1.678
least-connections-cache-on-warm500,130,3,9.3077,1.461,12.233,13.694,heart,the-king-in-yellow,1,,server-3,0,1,1,1.487,0.625,4.139
least-connections-cache-on-warm500,130,3,9.3154,1.766,0.675,2.442,london,washington-square,1,,server-1,1,1,1,1.487,3.898,2.209
least-connections-cache-on-warm500,130,3,9.3231,1.366,0.674,2.040,of,silas-marner,1,,server-2,0,1,0,0.584,3.898,3.321
least-connections-cache-on-warm500,130,3,9.3308,2.076,47.880,49.956,and,the-divine-comedy,1,,server-3,0,0,1,0.584,1.380,3.321
least-connections-cache-on-warm500,130,3,9.3385,3.022,1.976,4.998,castle,autobiography-of-benjamin-franklin,1,,server-1,1,0,1,0.584,1.380,1.811
least-connections-cache-on-warm500,130,3,9.3462,4.020,2.407,6.427,king,the-song-of-the-lark,1,,server-2,0,1,1,0.510,1.380,1.811
least-connections-cache-on-warm500,130,3,9.3538,3.849,1.773,5.622,king,frankenstein-or-the-modern-prometheus-41445,1,,server-1,1,0,1,0.510,0.852,1.811
least-connections-cache-on-warm500,130,3,9.3615,2.204,0.871,3.075,he,a-journey-to-the-centre-of-the-earth,1,,server-2,0,1,1,0.502,0.852,1.811
least-connections-cache-on-warm500,130,3,9.3692,2.005,1.178,3.183,was,jane-eyre-an-autobiography,1,,server-1,1,0,1,0.502,0.420,1.811
least-connections-cache-on-warm500,130,3,9.3769,2.228,12.907,15.135,of,treasure-island,1,,server-2,0,1,1,0.370,0.420,1.811
least-connections-cache-on-warm500,130,3,9.3846,1.516,0.829,2.344,death,leaves-of-grass,1,,server-3,0,1,1,0.370,0.334,8.736
least-connections-cache-on-warm500,130,3,9.3923,1.290,0.545,1.835,money,the-house-of-mirth,1,,server-1,1,1,0,0.370,2.181,2.991
least-connections-cache-on-warm500,130,3,9.4000,1.231,40.762,41.994,of,the-tenant-of-wildfell-hall,1,,server-2,0,1,0,0.223,2.181,2.991
least-connections-cache-on-warm500,130,3,9.4077,2.423,1.568,3.991,king,hard-times,1,,server-3,0,1,1,0.223,1.189,2.991
least-connections-cache-on-warm500,130,3,9.4154,2.728,30.503,33.230,horse,emma,1,,server-1,1,1,0,0.223,1.189,1.227
least-connections-cache-on-warm500,130,3,9.4231,1.304,0.651,1.956,and,agnes-grey,1,,server-3,1,1,1,0.253,1.189,1.227
least-connections-cache-on-warm500,130,3,9.4308,1.125,23.776,24.901,death,a-tale-of-two-cities,1,,server-3,1,1,1,0.253,1.189,0.509
least-connections-cache-on-warm500,130,3,9.4385,10.952,31.719,42.670,london,the-romance-of-lust-a-classic-victorian-erotic-novel,1,,server-1,2,1,1,0.253,1.189,0.308
least-connections-cache-on-warm500,130,3,9.4462,1.421,0.639,2.059,house,beyond-good-and-evil,1,,server-2,2,1,1,0.253,7.248,0.308
least-connections-cache-on-warm500,130,3,9.4538,1.318,0.575,1.894,horse,the-wind-in-the-willows,1,,server-2,1,1,1,3.561,2.509,3.804
least-connections-cache-on-warm500,130,3,9.4615,1.689,19.937,21.626,whale,hard-times,1,,server-3,1,0,1,3.561,0.939,3.804
least-connections-cache-on-warm500,130,3,9.4692,1.339,12.272,13.611,and,the-king-in-yellow,1,,server-2,1,1,1,3.561,0.939,2.031
least-connections-cache-on-warm500,130,3,9.4769,6.956,0.863,7.819,money,the-first-men-in-the-moon,1,,server-3,1,1,2,3.561,0.540,2.031
least-connections-cache-on-warm500,130,3,9.4846,1.009,28.891,29.900,whale,leaves-of-grass,1,,server-1,1,0,1,7.271,2.272,2.356
least-connections-cache-on-warm500,130,3,9.4923,1.155,0.631,1.785,the,walden-and-on-the-duty-of-civil-disobedience,1,,server-2,1,1,0,3.780,2.272,1.891
least-connections-cache-on-warm500,130,3,9.5000,1.968,13.925,15.893,london,around-the-world-in-eighty-days,1,,server-3,1,0,1,3.780,0.852,1.891
least-connections-cache-on-warm500,130,3,9.5077,1.576,0.828,2.405,horse,desperate-remedies,1,,server-2,1,1,1,3.780,0.852,1.076
least-connections-cache-on-warm500,130,3,9.5154,1.017,0.525,1.541,king,northanger-abbey,1,,server-1,1,0,1,7.001,0.418,1.076
least-connections-cache-on-warm500,130,3,9.5231,1.478,0.894,2.372,was,agnes-grey,1,,server-2,0,1,0,2.383,0.418,2.849
least-connections-cache-on-warm500,130,3,9.5308,2.591,1.801,4.392,death,desperate-remedies,1,,server-3,0,0,1,2.383,0.256,2.849
least-connections-cache-on-warm500,130,3,9.5385,4.621,57.800,62.421,was,the-innocents-abroad,1,,server-1,1,0,0,2.383,0.256,1.228
least-connections-cache-on-warm500,130,3,9.5462,4.581,3.651,8.233,she,northanger-abbey,1,,server-2,1,1,0,1.514,0.256,1.228
least-connections-cache-on-warm500,130,3,9.5538,5.190,2.907,8.097,king,the-romance-of-lust-a-classic-victorian-erotic-novel,1,,server-3,1,1,1,1.514,0.602,1.228
least-connections-cache-on-warm500,130,3,9.5615,3.403,1.477,4.880,and,far-from-the-madding-crowd,1,,server-2,1,1,1,1.514,0.602,0.785
least-connections-cache-on-warm500,130,3,9.5692,1.668,19.093,20.761,you,adventures-of-huckleberry-finn,1,,server-3,1,0,1,1.514,0.440,0.785
least-connections-cache-on-warm500,130,3,9.5769,1.560,22.099,23.660,heart,the-odyssey,1,,server-2,1,1,1,1.514,0.440,0.491
least-connections-cache-on-warm500,130,3,9.5846,5.749,13.830,19.579,castle,around-the-world-in-eighty-days,1,,server-3,1,1,2,1.514,0.298,0.491
least-connections-cache-on-warm500,130,3,9.5923,9.333,27.397,36.731,horse,the-odyssey,1,,server-1,2,1,1,1.514,0.298,2.193
least-connections-cache-on-warm500,130,3,9.6000,1.357,21.125,22.483,she,the-portrait-of-a-lady-volume-1,1,,server-2,2,2,1,1.514,0.298,2.193
least-connections-cache-on-warm500,130,3,9.6077,1.195,24.273,25.469,he,leaves-of-grass,1,,server-3,1,1,1,6.037,1.970,3.546
least-connections-cache-on-warm500,130,3,9.6154,13.608,27.047,40.655,sea,emma,1,,server-1,2,1,1,6.037,1.970,1.883
least-connections-cache-on-warm500,130,3,9.6231,1.325,0.613,1.939,heart,the-lost-world,1,,server-2,2,1,1,6.037,4.576,1.883
least-connections-cache-on-warm500,130,3,9.6308,1.210,19.326,20.537,letter,the-house-of-the-seven-gables,1,,server-2,1,1,1,5.491,1.623,1.883
least-connections-cache-on-warm500,130,3,9.6385,1.682,20.556,22.238,she,the-return-of-sherlock-holmes-108,1,,server-3,1,1,1,5.491,0.898,5.031
least-connections-cache-on-warm500,130,3,9.6462,10.461,0.776,11.237,love,the-secret-garden-17396,1,,server-1,2,1,1,5.491,0.898,2.649
least-connections-cache-on-warm500,130,3,9.6538,1.929,14.887,16.816,money,dubliners,1,,server-2,2,1,1,5.491,3.607,2.649
least-connections-cache-on-warm500,130,3,9.6615,1.342,21.699,23.041,letter,sense-and-sensibility,1,,server-3,0,1,1,3.265,1.928,4.912
least-connections-cache-on-warm500,130,3,9.6692,1.282,0.608,1.890,whale,the-last-of-the-mohicans-a-narrative-of-1757,1,,server-1,1,1,1,3.265,1.928,2.585
least-connections-cache-on-warm500,130,3,9.6769,1.152,0.623,1.775,and,kidnapped,1,,server-2,0,1,1,1.177,3.550,2.585
least-connections-cache-on-warm500,130,3,9.6846,1.140,15.023,16.163,castle,frankenstein-or-the-modern-prometheus,1,,server-3,0,0,1,1.177,1.269,5.075
least-connections-cache-on-warm500,130,3,9.6923,1.264,33.693,34.957,of,the-vicomte-de-bragelonne,1,,server-1,1,0,1,1.177,1.269,2.664
least-connections-cache-on-warm500,130,3,9.7000,1.506,18.313,19.819,she,the-warden,1,,server-2,1,1,1,0.669,1.269,3.944
least-connections-cache-on-warm500,130,3,9.7077,1.459,0.678,2.138,castle,the-scarlet-letter-33,1,,server-3,1,1,1,0.669,0.736,3.944
least-connections-cache-on-warm500,130,3,9.7154,1.091,0.538,1.629,night,the-great-gatsby,1,,server-3,1,1,1,0.669,0.736,1.415
least-connections-cache-on-warm500,130,3,9.7231,1.021,0.680,1.701,the,thus-spake-zarathustra-a-book-for-all-and-none,1,,server-2,1,1,0,0.669,3.343,0.556
least-connections-cache-on-warm500,130,3,9.7308,0.945,0.499,1.444,the,agnes-grey,1,,server-3,0,0,1,5.779,1.204,0.556
least-connections-cache-on-warm500,130,3,9.7385,1.161,0.721,1.882,house,beyond-good-and-evil,1,,server-1,1,0,0,5.779,1.204,0.267
least-connections-cache-on-warm500,130,3,9.7462,1.872,1.421,3.293,love,the-secret-garden-17396,1,,server-2,0,1,0,2.000,1.204,0.267
least-connections-cache-on-warm500,130,3,9.7538,3.853,25.697,29.550,king,memoirs-of-fanny-hill,1,,server-3,0,0,1,2.000,0.610,0.267
least-connections-cache-on-warm500,130,3,9.7615,4.880,1.941,6.821,horse,the-adventures-of-tom-sawyer-complete,1,,server-1,1,0,1,2.000,0.610,0.380
least-connections-cache-on-warm500,130,3,9.7692,2.632,1.432,4.064,castle,the-return-of-sherlock-holmes-108,1,,server-2,0,1,1,0.992,0.610,0.380
least-connections-cache-on-warm500,130,3,9.7769,1.661,0.939,2.600,horse,little-women,1,,server-1,1,0,1,0.992,0.415,0.380
least-connections-cache-on-warm500,130,3,9.7846,1.168,0.764,1.932,house,north-and-south,1,,server-2,0,1,0,0.464,0.415,4.181
least-connections-cache-on-warm500,130,3,9.7923,2.117,32.826,34.943,and,the-adventures-of-sherlock-holmes,1,,server-3,0,0,1,0.464,0.232,4.181
least-connections-cache-on-warm500,130,3,9.8000,3.126,2.271,5.397,he,black-beauty,1,,server-1,1,0,1,0.464,0.232,2.239
least-connections-cache-on-warm500,130,3,9.8077,4.050,1.803,5.853,night,the-vicomte-de-bragelonne,1,,server-2,0,1,1,0.504,0.232,2.239
least-connections-cache-on-warm500,130,3,9.8154,2.075,1.045,3.120,sea,the-tenant-of-wildfell-hall,1,,server-1,1,0,1,0.504,0.427,2.239
least-connections-cache-on-warm500,130,3,9.8231,0.974,0.593,1.566,and,the-kama-sutra-of-vatsyayana,1,,server-2,0,1,1,0.342,0.427,2.239
least-connections-cache-on-warm500,130,3,9.8308,1.241,0.556,1.797,london,oliver-twist,1,,server-3,0,0,1,0.342,0.237,6.615
least-connections-cache-on-warm500,130,3,9.8385,1.533,50.469,52.001,night,the-moonstone,1,,server-1,1,0,0,0.342,0.237,2.271
least-connections-cache-on-warm500,130,3,9.8462,2.984,2.375,5.360,london,dubliners,1,,server-2,1,1,0,0.268,0.237,2.271
least-connections-cache-on-warm500,130,3,9.8538,2.530,1.504,4.033,castle,the-moonstone,1,,server-3,1,0,1,0.268,0.480,2.271
least-connections-cache-on-warm500,130,3,9.8615,1.357,0.855,2.212,the,the-last-of-the-mohicans-a-narrative-of-1757-27681,1,,server-2,1,1,0,0.268,0.480,0.969
least-connections-cache-on-warm500,130,3,9.8692,0.990,15.214,16.205,she,the-scarlet-letter,1,,server-3,1,0,1,0.268,0.294,0.969
least-connections-cache-on-warm500,130,3,9.8769,1.717,12.161,13.878,he,around-the-world-in-eighty-days,1,,server-2,1,1,1,0.268,0.294,0.559
least-connections-cache-on-warm500,130,3,9.8846,1.631,24.901,26.532,horse,mansfield-park,1,,server-3,1,1,2,0.268,0.268,0.559
least-connections-cache-on-warm500,130,3,9.8923,1.154,0.734,1.888,sea,the-vicomte-de-bragelonne,1,,server-1,1,0,1,8.152,2.064,1.535
least-connections-cache-on-warm500,130,3,9.9000,1.304,0.908,2.211,whale,the-house-of-mirth,1,,server-2,0,1,1,2.803,2.064,1.535
least-connections-cache-on-warm500,130,3,9.9077,1.137,0.817,1.954,he,a-journey-to-the-centre-of-the-earth,1,,server-1,1,0,1,2.803,0.817,1.535
least-connections-cache-on-warm500,130,3,9.9154,0.969,0.687,1.656,london,the-prince,1,,server-2,0,1,0,1.050,0.817,4.924
least-connections-cache-on-warm500,130,3,9.9231,1.381,0.788,2.169,was,the-first-men-in-the-moon,1,,server-3,0,0,1,1.050,0.373,4.924
least-connections-cache-on-warm500,130,3,9.9308,2.632,1.725,4.357,he,desperate-remedies,1,,server-1,1,0,0,1.050,0.373,1.755
least-connections-cache-on-warm500,130,3,9.9385,3.960,33.265,37.225,money,the-king-in-yellow,1,,server-2,0,1,0,0.615,0.373,1.755
least-connections-cache-on-warm500,130,3,9.9462,5.288,30.343,35.631,castle,the-scarlet-letter,1,,server-3,0,1,1,0.615,0.466,1.755
least-connections-cache-on-warm500,130,3,9.9538,4.882,2.685,7.567,letter,leaves-of-grass,1,,server-1,1,1,1,0.615,0.466,1.222
least-connections-cache-on-warm500,130,3,9.9615,13.788,14.750,28.538,castle,the-wind-in-the-willows,1,,server-2,1,2,1,0.615,0.466,1.222
least-connections-cache-on-warm500,130,3,9.9692,2.011,29.729,31.740,and,the-last-of-the-mohicans-a-narrative-of-1757,1,,server-1,1,2,1,0.615,0.466,1.222
least-connections-cache-on-warm500,130,3,9.9769,1.579,12.443,14.023,and,the-wind-in-the-willows,1,,server-2,1,2,1,0.418,3.873,1.222
least-connections-cache-on-warm500,130,3,9.9846,1.571,0.866,2.437,the,grimms-fairy-tales,1,,server-3,1,2,1,0.418,2.606,5.415
least-connections-cache-on-warm500,130,3,9.9923,1.041,13.280,14.321,castle,frankenstein-or-the-modern-prometheus-41445,1,,server-2,1,1,0,0.418,3.399,1.918
least-connections-cache-on-warm500,130,3,10.0000,1.301,13.467,14.768,the,around-the-world-in-eighty-days,1,,server-3,1,1,1,0.418,1.796,1.918
least-connections-cache-on-warm500,130,3,10.0077,1.237,16.740,17.977,whale,the-house-of-the-seven-gables,1,,server-1,1,0,1,4.969,3.224,1.048
least-connections-cache-on-warm500,130,3,10.0154,1.005,17.661,18.665,she,walden-and-on-the-duty-of-civil-disobedience,1,,server-2,1,1,0,2.614,3.224,2.782
least-connections-cache-on-warm500,130,3,10.0231,1.277,0.935,2.212,love,the-king-in-yellow,1,,server-3,1,1,1,2.614,1.703,2.782
least-connections-cache-on-warm500,130,3,10.0308,1.228,30.938,32.167,love,the-innocents-abroad,1,,server-1,1,1,0,4.314,1.703,1.094
least-connections-cache-on-warm500,130,3,10.0385,1.131,0.530,1.661,love,the-portrait-of-a-lady-volume-1,1,,server-2,1,1,0,2.267,3.879,1.094
least-connections-cache-on-warm500,130,3,10.0462,1.426,0.673,2.099,night,the-memoirs-of-sherlock-holmes,1,,server-3,1,0,1,2.267,1.386,1.094
least-connections-cache-on-warm500,130,3,10.0538,1.110,27.447,28.557,and,mansfield-park,1,,server-2,1,1,0,2.267,1.386,0.497
least-connections-cache-on-warm500,130,3,10.0615,1.537,12.405,13.942,and,the-warden,1,,server-3,1,1,1,2.267,0.767,0.497
least-connections-cache-on-warm500,130,3,10.0692,1.195,0.645,1.840,love,the-mysterious-island,1,,server-1,1,1,1,6.329,0.767,0.326
least-connections-cache-on-warm500,130,3,10.0769,1.055,13.574,14.629,sea,cranford,1,,server-3,0,1,1,2.184,0.767,2.160
least-connections-cache-on-warm500,130,3,10.0846,0.985,0.529,1.513,you,treasure-island,1,,server-1,1,0,1,2.184,4.857,1.165
least-connections-cache-on-warm500,130,3,10.0923,1.026,11.827,12.853,sea,the-lost-world,1,,server-2,0,1,0,0.808,4.857,2.917
least-connections-cache-on-warm500,130,3,10.1000,1.037,0.627,1.664,was,tess-of-the-d-urbervilles-a-pure-woman,1,,server-3,0,1,1,0.808,2.554,2.917
least-connections-cache-on-warm500,130,3,10.1077,1.438,17.299,18.737,king,the-wind-in-the-willows,1,,server-1,1,0,0,0.808,3.489,1.057
least-connections-cache-on-warm500,130,3,10.1154,2.729,14.497,17.225,he,beyond-good-and-evil,1,,server-2,1,1,0,0.477,3.489,1.057
least-connections-cache-on-warm500,130,3,10.1231,1.656,0.893,2.549,love,tess-of-the-d-urbervilles-a-pure-woman,1,,server-3,1,1,1,0.477,1.928,1.057
least-connections-cache-on-warm500,130,3,10.1308,1.523,34.723,36.246,money,far-from-the-madding-crowd,1,,server-1,1,1,0,3.011,1.928,0.494
least-connections-cache-on-warm500,130,3,10.1385,2.946,19.739,22.685,death,his-last-bow,1,,server-2,1,1,0,1.609,3.430,0.494
least-connections-cache-on-warm500,130,3,10.1462,2.865,1.425,4.290,and,jude-the-obscure,1,,server-3,1,1,1,1.609,1.938,0.494
least-connections-cache-on-warm500,130,3,10.1538,1.400,0.748,2.148,money,desert-gold,1,,server-3,1,1,1,1.609,1.938,0.390
least-connections-cache-on-warm500,130,3,10.1615,1.410,0.670,2.080,and,kidnapped,1,,server-2,1,1,0,1.609,4.279,0.259
least-connections-cache-on-warm500,130,3,10.1692,1.507,0.797,2.303,and,mansfield-park,1,,server-3,0,0,1,6.530,1.509,0.259
least-connections-cache-on-warm500,130,3,10.1769,1.211,0.674,1.885,of,the-song-of-the-lark,1,,server-1,1,0,0,6.530,1.509,0.189
least-connections-cache-on-warm500,130,3,10.1846,2.346,1.491,3.837,night,treasure-island,1,,server-2,0,1,0,2.265,1.509,0.189
least-connections-cache-on-warm500,130,3,10.1923,5.639,2.893,8.532,whale,the-picture-of-dorian-gray,1,,server-3,0,0,1,2.265,0.727,0.189
least-connections-cache-on-warm500,130,3,10.2000,4.864,43.644,48.508,of,the-return-of-sherlock-holmes,1,,server-1,1,0,1,2.265,0.727,0.522
least-connections-cache-on-warm500,130,3,10.2077,4.358,49.376,53.734,castle,jane-eyre-an-autobiography,1,,server-2,1,1,0,1.453,0.727,0.522
least-connections-cache-on-warm500,130,3,10.2154,3.911,2.040,5.952,of,desperate-remedies,1,,server-3,1,1,1,1.453,0.624,0.522
least-connections-cache-on-warm500,130,3,10.2231,4.964,2.736,7.700,whale,the-prince,1,,server-3,1,1,1,1.453,0.624,0.500
least-connections-cache-on-warm500,130,3,10.2308,18.231,33.604,51.835,letter,the-innocents-abroad,1,,server-1,2,1,1,1.453,0.624,0.530
least-connections-cache-on-warm500,130,3,10.2385,1.375,27.418,28.793,love,the-iliad-2199,1,,server-3,2,1,1,1.453,0.624,0.530
least-connections-cache-on-warm500,130,3,10.2462,15.938,0.758,16.696,you,the-king-in-yellow,1,,server-2,2,2,1,1.453,0.624,0.345
least-connections-cache-on-warm500,130,3,10.2538,13.631,23.679,37.311,love,the-divine-comedy,1,,server-3,1,2,2,6.196,0.624,0.345
least-connections-cache-on-warm500,130,3,10.2615,21.737,0.689,22.425,you,villette,1,,server-1,2,2,2,6.196,12.375,0.345
least-connections-cache-on-warm500,130,3,10.2692,1.118,28.026,29.144,sea,the-jungle,1,,server-2,2,1,1,6.196,4.181,3.976
least-connections-cache-on-warm500,130,3,10.2769,14.481,12.320,26.801,she,the-lost-world,1,,server-3,2,1,2,6.196,2.201,3.976
least-connections-cache-on-warm500,130,3,10.2846,1.332,0.686,2.018,of,the-mystery-of-edwin-drood,1,,server-1,1,1,2,4.495,2.201,3.976
least-connections-cache-on-warm500,130,3,10.2923,1.441,0.966,2.407,king,a-princess-of-mars,1,,server-1,1,1,1,1.580,2.201,4.840
least-connections-cache-on-warm500,130,3,10.3000,1.314,0.690,2.004,death,white-fang,1,,server-2,0,1,1,0.694,5.814,4.840
least-connections-cache-on-warm500,130,3,10.3077,1.876,1.071,2.947,of,pride-and-prejudice,1,,server-3,0,0,1,0.694,2.010,5.019
least-connections-cache-on-warm500,130,3,10.3154,3.067,1.902,4.969,death,the-vicomte-de-bragelonne,1,,server-1,1,0,0,0.694,2.010,1.813
least-connections-cache-on-warm500,130,3,10.3231,4.764,2.527,7.290,sea,desperate-remedies,1,,server-2,0,1,0,0.522,2.010,1.813
least-connections-cache-on-warm500,130,3,10.3308,6.574,3.237,9.812,king,the-prince,1,,server-3,0,0,1,0.522,1.088,1.813
least-connections-cache-on-warm500,130,3,10.3385,4.525,31.627,36.152,and,silas-marner,1,,server-1,1,0,1,0.522,1.088,1.238
least-connections-cache-on-warm500,130,3,10.3462,4.419,2.656,7.075,king,mansfield-park,1,,server-2,1,1,0,0.555,1.088,1.091
least-connections-cache-on-warm500,130,3,10.3538,5.097,2.767,7.864,whale,the-house-of-mirth,1,,server-3,1,0,1,0.555,0.749,1.091
least-connections-cache-on-warm500,130,3,10.3615,4.680,16.175,20.855,the,black-beauty,1,,server-2,1,1,1,0.555,0.749,0.814
least-connections-cache-on-warm500,130,3,10.3692,1.768,0.838,2.606,was,grimms-fairy-tales,1,,server-3,1,1,1,0.555,0.527,0.814
least-connections-cache-on-warm500,130,3,10.3769,1.314,0.585,1.900,the,the-war-of-the-worlds,1,,server-1,1,1,0,5.262,0.527,0.391
least-connections-cache-on-warm500,130,3,10.3846,1.607,1.005,2.612,letter,the-mystery-of-edwin-drood,1,,server-2,0,1,0,1.827,2.823,0.391
least-connections-cache-on-warm500,130,3,10.3923,2.545,36.174,38.719,she,the-house-of-the-seven-gables,1,,server-3,0,0,1,1.827,1.097,0.391
least-connections-cache-on-warm500,130,3,10.4000,4.573,3.609,8.182,death,emma,1,,server-1,1,0,1,1.827,1.097,0.370
least-connections-cache-on-warm500,130,3,10.4077,4.879,3.234,8.113,sea,frankenstein-or-the-modern-prometheus,1,,server-2,1,1,1,1.131,1.097,0.370
least-connections-cache-on-warm500,130,3,10.4154,2.763,11.084,13.846,night,the-mysterious-affair-at-styles,1,,server-1,1,1,1,1.131,0.836,0.370
least-connections-cache-on-warm500,130,3,10.4231,1.064,1.095,2.159,letter,the-song-of-the-lark,1,,server-2,1,1,1,0.648,0.836,0.370
least-connections-cache-on-warm500,130,3,10.4308,1.038,9.594,10.632,you,herland,1,,server-1,1,0,1,2.150,0.359,7.386
least-connections-cache-on-warm500,130,3,10.4385,1.180,25.793,26.973,king,dracula,1,,server-2,1,1,0,1.154,0.359,5.918
least-connections-cache-on-warm500,130,3,10.4462,1.482,1.032,2.514,house,memoirs-of-fanny-hill,1,,server-3,0,1,1,2.232,0.250,5.918
least-connections-cache-on-warm500,130,3,10.4538,1.108,21.706,22.814,whale,the-odyssey,1,,server-1,1,1,0,2.232,0.250,2.085
least-connections-cache-on-warm500,130,3,10.4615,1.106,10.580,11.687,letter,the-hound-of-the-baskervilles,1,,server-3,1,1,1,1.207,0.250,2.085
least-connections-cache-on-warm500,130,3,10.4692,1.114,0.632,1.745,was,desert-gold,1,,server-2,1,1,1,1.207,4.268,1.126
least-connections-cache-on-warm500,130,3,10.4769,1.282,19.737,21.020,love,the-picture-of-dorian-gray,1,,server-3,1,0,1,4.185,1.506,2.375
least-connections-cache-on-warm500,130,3,10.4846,1.753,1.060,2.813,house,pride-and-prejudice,1,,server-1,1,0,1,4.185,1.506,1.271
least-connections-cache-on-warm500,130,3,10.4923,2.571,23.519,26.090,love,white-fang,1,,server-2,0,1,1,1.521,1.506,1.271
least-connections-cache-on-warm500,130,3,10.5000,1.301,0.689,1.990,heart,memoirs-of-fanny-hill,1,,server-3,0,1,1,1.521,0.886,3.930
least-connections-cache-on-warm500,130,3,10.5077,1.705,24.107,25.811,she,around-the-world-in-eighty-days,1,,server-1,1,1,0,1.521,0.886,1.409
least-connections-cache-on-warm500,130,3,10.5154,2.235,0.988,3.223,king,the-romance-of-lust-a-classic-victorian-erotic-novel,1,,server-3,1,1,1,0.900,0.886,1.409
least-connections-cache-on-warm500,130,3,10.5231,2.067,1.410,3.477,heart,jude-the-obscure,1,,server-2,1,1,0,0.900,4.280,0.625
least-connections-cache-on-warm500,130,3,10.5308,0.942,24.974,25.917,was,the-age-of-innocence,1,,server-3,1,0,1,0.900,1.634,0.625
least-connections-cache-on-warm500,130,3,10.5385,2.823,1.797,4.621,heart,the-war-of-the-worlds,1,,server-1,1,0,1,4.345,1.634,0.369
least-connections-cache-on-warm500,130,3,10.5462,1.885,1.115,3.000,sea,meditations,1,,server-2,0,1,1,1.690,1.634,0.369
least-connections-cache-on-warm500,130,3,10.5538,1.133,10.789,11.922,death,the-war-of-the-worlds,1,,server-1,1,0,1,1.690,0.699,0.369
least-connections-cache-on-warm500,130,3,10.5615,1.243,0.751,1.994,death,dracula,1,,server-2,1,1,0,0.922,0.699,4.203
least-connections-cache-on-warm500,130,3,10.5692,1.964,18.548,20.512,the,the-great-gatsby,1,,server-3,0,0,1,2.269,0.346,4.203
least-connections-cache-on-warm500,130,3,10.5769,3.534,2.326,5.860,death,the-warden,1,,server-1,1,0,1,2.269,0.346,2.242
least-connections-cache-on-warm500,130,3,10.5846,1.489,33.064,34.554,death,pride-and-prejudice,1,,server-2,0,1,1,1.076,0.346,2.242
least-connections-cache-on-warm500,130,3,10.5923,1.909,1.157,3.066,death,the-lost-world,1,,server-3,0,1,1,1.076,0.234,4.317
least-connections-cache-on-warm500,130,3,10.6000,1.739,25.023,26.762,whale,the-scarlet-letter,1,,server-1,1,1,0,1.076,0.234,1.599
least-connections-cache-on-warm500,130,3,10.6077,1.757,18.152,19.909,was,washington-square,1,,server-3,1,1,1,0.631,0.234,1.599
least-connections-cache-on-warm500,130,3,10.6154,11.024,0.887,11.912,she,memoirs-of-fanny-hill,1,,server-1,2,1,1,0.631,0.234,0.893
least-connections-cache-on-warm500,130,3,10.6231,2.234,0.968,3.202,whale,the-jungle,1,,server-2,2,1,1,0.631,5.361,0.893
least-connections-cache-on-warm500,130,3,10.6308,1.356,0.679,2.035,king,a-princess-of-mars,1,,server-3,0,0,1,2.734,1.910,3.388
least-connections-cache-on-warm500,130,3,10.6385,2.667,1.584,4.251,money,a-connecticut-yankee-in-king-arthur-s-court,1,,server-1,1,0,0,2.734,1.910,1.225
least-connections-cache-on-warm500,130,3,10.6462,4.410,2.908,7.318,death,the-picture-of-dorian-gray,1,,server-2,0,1,0,1.144,1.910,1.225
least-connections-cache-on-warm500,130,3,10.6538,6.087,51.300,57.386,money,the-tenant-of-wildfell-hall,1,,server-3,0,1,1,1.144,1.059,1.225
least-connections-cache-on-warm500,130,3,10.6615,5.232,49.378,54.611,king,jane-eyre-an-autobiography,1,,server-1,1,0,1,1.144,1.059,0.940
least-connections-cache-on-warm500,130,3,10.6692,4.626,2.029,6.655,whale,the-hound-of-the-baskervilles-3070,1,,server-2,1,1,1,0.819,1.059,0.940
least-connections-cache-on-warm500,130,3,10.6769,2.713,20.435,23.147,money,kidnapped,1,,server-2,1,1,1,0.819,0.634,0.940
least-connections-cache-on-warm500,130,3,10.6846,26.717,0.871,27.588,heart,jane-eyre-an-autobiography,1,,server-3,1,1,2,0.819,0.433,0.940
least-connections-cache-on-warm500,130,3,10.6923,23.707,36.096,59.804,whale,mansfield-park,1,,server-1,2,1,2,0.819,0.433,0.940
least-connections-cache-on-warm500,130,3,10.7000,1.396,0.785,2.180,you,the-scarlet-letter-33,1,,server-2,2,2,2,0.819,3.408,0.940
least-connections-cache-on-warm500,130,3,10.7077,1.115,0.758,1.873,was,madame-bovary,1,,server-2,2,1,2,0.819,1.241,0.940
least-connections-cache-on-warm500,130,3,10.7154,1.301,0.965,2.265,you,hard-times,1,,server-3,2,0,1,4.184,0.524,5.733
least-connections-cache-on-warm500,130,3,10.7231,1.809,1.068,2.877,was,leaves-of-grass,1,,server-2,1,1,0,9.872,0.524,2.024
least-connections-cache-on-warm500,130,3,10.7308,2.786,1.862,4.648,you,the-adventures-of-sherlock-holmes,1,,server-3,1,0,1,9.872,0.328,2.024
least-connections-cache-on-warm500,130,3,10.7385,1.835,0.851,2.686,whale,the-jungle,1,,server-2,1,1,0,9.872,0.328,0.898
least-connections-cache-on-warm500,130,3,10.7462,1.233,0.528,1.761,you,dracula,1,,server-3,1,0,1,9.872,0.247,0.898
least-connections-cache-on-warm500,130,3,10.7538,1.108,11.652,12.759,horse,poirot-investigates,1,,server-1,1,0,0,12.043,0.247,0.375
least-connections-cache-on-warm500,130,3,10.7615,1.324,0.710,2.034,you,the-adventures-of-sherlock-holmes,1,,server-2,1,1,0,6.237,0.247,0.375
least-connections-cache-on-warm500,130,3,10.7692,1.998,52.478,54.476,money,tess-of-the-d-urbervilles-a-pure-woman,1,,server-3,0,0,1,5.812,0.197,0.375
least-connections-cache-on-warm500,130,3,10.7769,2.709,1.854,4.563,he,leaves-of-grass,1,,server-1,1,0,1,5.812,0.197,0.326
least-connections-cache-on-warm500,130,3,10.7846,3.543,31.041,34.584,love,thus-spake-zarathustra-a-book-for-all-and-none,1,,server-2,0,1,1,2.186,0.197,0.326
least-connections-cache-on-warm500,130,3,10.7923,5.201,2.156,7.357,heart,the-works-of-edgar-allan-poe-volume-2,1,,server-1,1,1,1,2.186,0.321,0.326
least-connections-cache-on-warm500,130,3,10.8000,2.572,1.068,3.640,king,the-king-in-yellow,1,,server-1,1,1,1,1.111,0.321,0.326
least-connections-cache-on-warm500,130,3,10.8077,2.000,1.134,3.134,she,white-fang,1,,server-1,1,1,1,0.530,0.321,0.326
least-connections-cache-on-warm500,130,3,10.8154,1.398,0.763,2.161,she,the-divine-comedy,1,,server-1,1,1,1,0.340,0.321,0.326
least-connections-cache-on-warm500,130,3,10.8231,1.748,10.830,12.578,house,the-hound-of-the-baskervilles,1,,server-2,0,1,1,0.224,5.018,10.635
least-connections-cache-on-warm500,130,3,10.8308,1.408,0.702,2.110,horse,the-jungle-book,1,,server-3,0,1,1,0.224,2.617,8.524
least-connections-cache-on-warm500,130,3,10.8385,1.457,27.562,29.018,sea,the-iliad-2199,1,,server-1,1,0,0,0.224,3.380,2.907
least-connections-cache-on-warm500,130,3,10.8462,1.391,0.659,2.049,was,oliver-twist,1,,server-2,1,1,0,0.188,3.380,2.907
least-connections-cache-on-warm500,130,3,10.8538,1.411,0.704,2.115,you,tess-of-the-d-urbervilles-a-pure-woman,1,,server-3,1,0,1,0.188,1.216,2.907
least-connections-cache-on-warm500,130,3,10.8615,1.546,0.781,2.326,and,wuthering-heights,1,,server-2,1,1,0,0.188,1.216,1.067
least-connections-cache-on-warm500,130,3,10.8692,1.203,0.607,1.810,horse,the-memoirs-of-sherlock-holmes,1,,server-3,0,0,1,4.476,0.514,1.067
least-connections-cache-on-warm500,130,3,10.8769,1.123,0.640,1.763,he,the-return-of-sherlock-holmes,1,,server-1,1,0,0,4.476,0.514,0.452
least-connections-cache-on-warm500,130,3,10.8846,2.040,1.472,3.512,london,mary-barton,1,,server-2,0,1,0,1.577,0.514,0.452
least-connections-cache-on-warm500,130,3,10.8923,3.350,1.953,5.303,castle,north-and-south,1,,server-3,0,0,1,1.577,0.377,0.452
least-connections-cache-on-warm500,130,3,10.9000,3.758,2.325,6.083,you,the-mystery-of-edwin-drood,1,,server-1,1,0,0,1.577,0.377,0.476
least-connections-cache-on-warm500,130,3,10.9077,5.272,34.520,39.791,sea,agnes-grey,1,,server-2,0,1,0,0.896,0.377,0.476
least-connections-cache-on-warm500,130,3,10.9154,6.470,3.386,9.856,horse,autobiography-of-benjamin-franklin,1,,server-3,0,1,1,0.896,0.495,0.476
least-connections-cache-on-warm500,130,3,10.9231,5.811,3.239,9.049,was,washington-square,1,,server-1,1,1,1,0.896,0.495,0.563
least-connections-cache-on-warm500,130,3,10.9308,4.847,1.549,6.396,was,the-jungle,1,,server-3,1,1,1,0.941,0.495,0.657
least-connections-cache-on-warm500,130,3,10.9385,2.362,1.340,3.702,heart,a-tale-of-two-cities,1,,server-1,1,1,0,0.798,0.495,0.466
least-connections-cache-on-warm500,130,3,10.9462,1.095,21.614,22.709,and,walden-and-on-the-duty-of-civil-disobedience,1,,server-3,0,1,1,0.497,0.495,0.466
least-connections-cache-on-warm500,130,3,10.9538,1.505,0.858,2.363,whale,walden-and-on-the-duty-of-civil-disobedience,1,,server-1,1,0,1,0.497,5.632,0.293
least-connections-cache-on-warm500,130,3,10.9615,1.158,13.792,14.950,you,memoirs-of-fanny-hill,1,,server-2,0,1,1,0.309,5.632,0.293
least-connections-cache-on-warm500,130,3,10.9692,1.061,0.557,1.618,the,the-lost-world,1,,server-1,1,1,1,0.309,2.946,3.606
least-connections-cache-on-warm500,130,3,10.9769,0.930,0.519,1.449,love,the-lost-world,1,,server-2,0,1,0,0.197,4.055,3.606
least-connections-cache-on-warm500,130,3,10.9846,2.340,1.509,3.849,the,cranford,1,,server-3,0,0,1,0.197,1.423,3.606
least-connections-cache-on-warm500,130,3,10.9923,2.829,47.591,50.420,the,villette,1,,server-1,1,0,0,0.197,1.423,1.406
least-connections-cache-on-warm500,130,3,11.0000,3.934,2.331,6.265,horse,the-portrait-of-a-lady-volume-1,1,,server-2,1,1,0,0.278,1.423,1.406
least-connections-cache-on-warm500,130,3,11.0077,4.232,2.616,6.848,whale,madame-bovary,1,,server-3,1,0,1,0.278,0.847,1.406
least-connections-cache-on-warm500,130,3,11.0154,3.697,0.621,4.318,the,agnes-grey,1,,server-2,1,1,0,0.278,0.847,0.858
least-connections-cache-on-warm500,130,3,11.0231,1.115,0.583,1.698,horse,twenty-thousand-leagues-under-the-sea,1,,server-3,1,0,1,0.278,0.409,0.858
least-connections-cache-on-warm500,130,3,11.0308,1.073,0.658,1.731,sea,poirot-investigates,1,,server-2,1,1,0,0.278,0.409,0.374
least-connections-cache-on-warm500,130,3,11.0385,1.027,0.604,1.630,money,a-connecticut-yankee-in-king-arthur-s-court,1,,server-3,1,0,1,0.278,0.242,0.374
least-connections-cache-on-warm500,130,3,11.0462,1.183,13.753,14.936,death,northanger-abbey,1,,server-1,1,0,0,7.701,0.242,0.215
least-connections-cache-on-warm500,130,3,11.0538,1.196,29.795,30.991,was,the-last-of-the-mohicans-a-narrative-of-1757,1,,server-2,1,1,0,4.003,0.242,0.215
least-connections-cache-on-warm500,130,3,11.0615,1.532,25.874,27.406,he,the-house-of-mirth,1,,server-3,0,1,1,4.714,0.186,0.215
least-connections-cache-on-warm500,130,3,11.0692,1.888,0.964,2.853,castle,the-return-of-sherlock-holmes-108,1,,server-1,1,1,1,4.714,0.186,0.193
least-connections-cache-on-warm500,130,3,11.0769,1.170,0.629,1.799,she,a-princess-of-mars,1,,server-1,1,1,1,1.718,0.186,0.193
least-connections-cache-on-warm500,130,3,11.0846,1.837,9.878,11.715,house,the-kama-sutra-of-vatsyayana,1,,server-1,1,1,1,0.660,6.021,0.193
least-connections-cache-on-warm500,130,3,11.0923,1.283,0.859,2.143,whale,the-scarlet-letter,1,,server-2,1,1,0,0.401,4.836,4.207
least-connections-cache-on-warm500,130,3,11.1000,1.823,52.889,54.712,sea,great-expectations,1,,server-3,0,0,1,1.764,1.688,4.207
least-connections-cache-on-warm500,130,3,11.1077,2.684,21.039,23.723,night,agnes-grey,1,,server-1,1,0,1,1.764,1.688,2.253
least-connections-cache-on-warm500,130,3,11.1154,3.519,21.476,24.995,house,the-works-of-edgar-allan-poe-volume-2,1,,server-2,1,1,1,1.074,1.688,2.253
least-connections-cache-on-warm500,130,3,11.1231,31.855,0.831,32.686,he,villette,1,,server-3,1,1,2,1.074,1.093,2.253
least-connections-cache-on-warm500,130,3,11.1308,1.509,0.619,2.128,king,villette,1,,server-1,2,1,2,1.074,1.093,2.253
least-connections-cache-on-warm500,130,3,11.1385,1.223,19.533,20.757,heart,adventures-of-huckleberry-finn,1,,server-1,1,1,2,1.412,1.093,2.253
least-connections-cache-on-warm500,130,3,11.1462,1.627,28.539,30.165,whale,pride-and-prejudice,1,,server-2,1,1,2,0.783,3.959,2.253
least-connections-cache-on-warm500,130,3,11.1538,5.891,0.600,6.491,money,wuthering-heights,1,,server-1,2,1,2,0.783,2.098,16.483
least-connections-cache-on-warm500,130,3,11.1615,1.265,27.176,28.441,night,the-song-of-the-lark,1,,server-3,0,1,1,1.575,2.098,5.552
least-connections-cache-on-warm500,130,3,11.1692,1.192,0.629,1.821,she,villette,1,,server-1,1,1,1,1.575,2.098,2.906
least-connections-cache-on-warm500,130,3,11.1769,1.038,0.567,1.605,love,oliver-twist,1,,server-2,0,1,1,0.618,5.872,2.906
least-connections-cache-on-warm500,130,3,11.1846,1.029,0.605,1.634,and,the-secret-adversary,1,,server-1,1,0,1,0.618,2.029,2.906
least-connections-cache-on-warm500,130,3,11.1923,1.109,50.665,51.775,house,a-tale-of-two-cities,1,,server-2,0,1,0,0.303,2.029,6.177
least-connections-cache-on-warm500,130,3,11.2000,1.378,0.808,2.186,london,frankenstein-or-the-modern-prometheus-41445,1,,server-3,0,1,1,0.303,1.098,6.177
least-connections-cache-on-warm500,130,3,11.2077,2.500,35.693,38.193,the,the-warden,1,,server-1,1,1,0,0.303,1.098,2.160
least-connections-cache-on-warm500,130,3,11.2154,3.880,2.355,6.235,and,walden-and-on-the-duty-of-civil-disobedience,1,,server-3,1,1,1,0.277,1.098,2.160
least-connections-cache-on-warm500,130,3,11.2231,6.182,2.985,9.167,was,the-return-of-sherlock-holmes-108,1,,server-3,1,1,1,0.277,1.098,1.062
least-connections-cache-on-warm500,130,3,11.2308,14.858,0.776,15.634,and,desperate-remedies,1,,server-1,2,1,1,0.277,1.098,0.828
least-connections-cache-on-warm500,130,3,11.2385,2.164,31.486,33.650,night,mansfield-park,1,,server-3,2,1,1,0.277,1.098,0.861
least-connections-cache-on-warm500,130,3,11.2462,1.836,0.824,2.660,the,beyond-good-and-evil,1,,server-2,1,1,1,4.684,8.765,0.547
least-connections-cache-on-warm500,130,3,11.2538,1.264,0.620,1.884,night,a-tale-of-two-cities,1,,server-1,1,0,1,3.041,3.019,0.547
least-connections-cache-on-warm500,130,3,11.2615,1.385,0.905,2.290,was,memoirs-of-fanny-hill,1,,server-2,0,1,1,1.114,3.019,0.547
least-connections-cache-on-warm500,130,3,11.2692,1.369,0.598,1.967,night,the-warden,1,,server-1,1,0,1,1.114,1.132,0.547
least-connections-cache-on-warm500,130,3,11.2769,1.282,0.963,2.245,money,a-connecticut-yankee-in-king-arthur-s-court,1,,server-2,0,1,0,0.468,1.132,5.315
least-connections-cache-on-warm500,130,3,11.2846,2.340,1.554,3.894,letter,beyond-good-and-evil,1,,server-3,0,0,1,0.468,0.512,5.315
least-connections-cache-on-warm500,130,3,11.2923,3.845,2.690,6.535,the,the-wind-in-the-willows,1,,server-1,1,0,0,0.468,0.512,1.943
least-connections-cache-on-warm500,130,3,11.3000,5.742,3.436,9.178,death,pride-and-prejudice,1,,server-2,0,1,0,0.526,0.512,1.943
least-connections-cache-on-warm500,130,3,11.3077,6.388,3.537,9.925,he,the-hound-of-the-baskervilles-3070,1,,server-3,0,1,1,0.526,0.797,1.943
least-connections-cache-on-warm500,130,3,11.3154,6.147,3.477,9.624,whale,walden-and-on-the-duty-of-civil-disobedience,1,,server-1,1,0,1,0.526,0.699,1.270
least-connections-cache-on-warm500,130,3,11.3231,5.450,53.104,58.553,house,the-last-of-the-mohicans-a-narrative-of-1757,1,,server-2,1,1,0,0.537,0.699,1.246
least-connections-cache-on-warm500,130,3,11.3308,4.886,3.336,8.222,house,a-princess-of-mars,1,,server-3,0,1,1,0.756,0.672,1.246
least-connections-cache-on-warm500,130,3,11.3385,5.109,3.075,8.185,love,poirot-investigates,1,,server-1,1,1,1,0.756,0.672,0.914
least-connections-cache-on-warm500,130,3,11.3462,4.394,24.649,29.043,house,dubliners,1,,server-3,1,1,1,0.815,0.672,0.914
least-connections-cache-on-warm500,130,3,11.3538,5.230,19.336,24.566,horse,white-fang,1,,server-1,1,1,1,0.735,0.672,0.650
least-connections-cache-on-warm500,130,3,11.3615,20.936,0.955,21.891,sea,washington-square,1,,server-2,1,2,1,0.684,0.672,0.650
least-connections-cache-on-warm500,130,3,11.3692,6.625,0.684,7.308,of,the-mysterious-island,1,,server-3,1,2,2,0.684,0.672,0.650
least-connections-cache-on-warm500,130,3,11.3769,1.160,0.582,1.743,the,a-journey-to-the-centre-of-the-earth,1,,server-3,1,2,1,0.684,0.672,2.040
least-connections-cache-on-warm500,130,3,11.3846,1.145,0.743,1.888,house,beyond-good-and-evil,1,,server-1,1,0,0,3.303,4.264,0.752
least-connections-cache-on-warm500,130,3,11.3923,1.057,0.591,1.648,house,silas-marner,1,,server-2,0,1,0,1.239,4.264,0.752
least-connections-cache-on-warm500,130,3,11.4000,2.617,24.659,27.276,and,washington-square,1,,server-3,0,0,1,1.239,1.504,0.752
least-connections-cache-on-warm500,130,3,11.4077,4.249,12.625,16.874,letter,the-hound-of-the-baskervilles-3070,1,,server-1,1,0,1,1.239,1.504,0.506
least-connections-cache-on-warm500,130,3,11.4154,2.350,27.589,29.939,house,the-portrait-of-a-lady-volume-1,1,,server-2,1,1,1,0.912,1.504,0.506
least-connections-cache-on-warm500,130,3,11.4231,5.034,1.691,6.725,death,the-odyssey,1,,server-3,1,1,2,0.912,0.867,0.506
least-connections-cache-on-warm500,130,3,11.4308,1.581,0.710,2.291,he,oliver-twist,1,,server-1,1,1,0,2.401,0.867,1.714
least-connections-cache-on-warm500,130,3,11.4385,1.317,0.708,2.025,love,a-tale-of-two-cities,1,,server-3,0,1,1,0.903,0.867,1.714
least-connections-cache-on-warm500,130,3,11.4462,1.064,0.557,1.621,house,great-expectations,1,,server-1,1,0,0,0.903,4.862,0.664
least-connections-cache-on-warm500,130,3,11.4538,1.259,0.630,1.888,whale,frankenstein-or-the-modern-prometheus,1,,server-2,0,1,0,0.388,4.862,0.664
least-connections-cache-on-warm500,130,3,11.4615,2.662,1.658,4.320,death,the-picture-of-dorian-gray,1,,server-3,0,0,1,0.388,1.705,0.664
least-connections-cache-on-warm500,130,3,11.4692,4.004,47.965,51.969,night,the-tenant-of-wildfell-hall,1,,server-1,1,0,0,0.388,1.705,0.454
least-connections-cache-on-warm500,130,3,11.4769,5.228,37.974,43.202,death,mansfield-park,1,,server-2,1,1,0,0.391,1.705,0.454
least-connections-cache-on-warm500,130,3,11.4846,4.115,25.564,29.679,money,walden-and-on-the-duty-of-civil-disobedience,1,,server-3,1,1,1,0.391,1.159,0.454
least-connections-cache-on-warm500,130,3,11.4923,29.049,33.825,62.875,and,the-tenant-of-wildfell-hall,1,,server-1,2,1,1,0.391,1.159,0.493
least-connections-cache-on-warm500,130,3,11.5000,21.155,0.736,21.890,night,a-tale-of-two-cities,1,,server-2,2,2,1,0.391,1.159,0.493
least-connections-cache-on-warm500,130,3,11.5077,7.654,0.555,8.209,was,hard-times,1,,server-3,2,2,2,0.391,1.159,0.493
least-connections-cache-on-warm500,130,3,11.5154,1.838,0.798,2.636,and,the-return-of-sherlock-holmes,1,,server-3,2,2,2,0.391,1.159,2.879
least-connections-cache-on-warm500,130,3,11.5231,1.284,17.707,18.991,heart,frankenstein-or-the-modern-prometheus-41445,1,,server-2,1,1,0,7.228,3.597,0.723
least-connections-cache-on-warm500,130,3,11.5308,1.840,1.003,2.843,house,treasure-island,1,,server-3,1,1,1,7.228,1.897,0.723
least-connections-cache-on-warm500,130,3,11.5385,1.323,0.641,1.963,love,the-portrait-of-a-lady-volume-1,1,,server-3,1,1,1,7.228,1.897,0.425
least-connections-cache-on-warm500,130,3,11.5462,0.994,0.491,1.485,he,madame-bovary,1,,server-2,1,1,0,7.228,3.988,0.252
least-connections-cache-on-warm500,130,3,11.5538,1.561,0.633,2.195,letter,northanger-abbey,1,,server-3,1,0,1,7.228,1.388,0.252
least-connections-cache-on-warm500,130,3,11.5615,1.294,0.733,2.028,the,the-hound-of-the-baskervilles-3070,1,,server-1,1,0,0,9.970,1.388,0.170
least-connections-cache-on-warm500,130,3,11.5692,2.126,1.440,3.566,and,the-war-of-the-worlds,1,,server-2,0,1,0,3.390,1.388,0.170
least-connections-cache-on-warm500,130,3,11.5769,3.810,2.331,6.141,she,the-song-of-the-lark,1,,server-3,0,0,1,3.390,0.683,0.170
least-connections-cache-on-warm500,130,3,11.5846,4.323,34.921,39.244,of,agnes-grey,1,,server-1,1,0,0,3.390,0.683,0.478
least-connections-cache-on-warm500,130,3,11.5923,4.375,47.824,52.199,of,the-iliad,1,,server-2,1,1,0,2.013,0.683,0.478
least-connections-cache-on-warm500,130,3,11.6000,5.508,40.816,46.324,of,the-innocents-abroad,1,,server-3,1,1,1,2.013,0.566,0.478
least-connections-cache-on-warm500,130,3,11.6077,15.986,0.707,16.694,heart,memoirs-of-fanny-hill,1,,server-1,2,1,1,2.013,0.566,0.470
least-connections-cache-on-warm500,130,3,11.6154,28.797,19.388,48.185,night,walden-and-on-the-duty-of-civil-disobedience,1,,server-2,2,2,1,2.013,0.566,0.470
least-connections-cache-on-warm500,130,3,11.6231,24.071,10.815,34.886,letter,black-beauty,1,,server-3,2,2,2,2.013,0.566,0.470
least-connections-cache-on-warm500,130,3,11.6308,1.536,0.640,2.175,house,dubliners,1,,server-1,1,2,2,3.481,0.566,0.470
least-connections-cache-on-warm500,130,3,11.6385,1.564,0.757,2.321,letter,the-first-men-in-the-moon,1,,server-1,1,2,2,1.239,0.566,0.470
least-connections-cache-on-warm500,130,3,11.6462,1.668,30.758,32.426,castle,the-adventures-of-ferdinand-count-fathom-complete,1,,server-1,1,1,2,0.511,8.520,0.470
least-connections-cache-on-warm500,130,3,11.6538,10.408,0.512,10.920,castle,beyond-good-and-evil,1,,server-2,1,2,1,0.355,8.520,5.822
least-connections-cache-on-warm500,130,3,11.6615,1.317,0.668,1.985,night,mary-barton,1,,server-3,1,2,1,0.355,8.520,5.397
least-connections-cache-on-warm500,130,3,11.6692,1.438,23.399,24.837,you,the-american,1,,server-2,1,1,0,0.355,3.453,1.881
least-connections-cache-on-warm500,130,3,11.6769,1.381,18.914,20.295,night,grimms-fairy-tales,1,,server-3,1,1,1,0.355,1.839,1.881
least-connections-cache-on-warm500,130,3,11.6846,1.567,36.850,38.417,sea,the-mysterious-island,1,,server-1,1,1,1,5.083,1.839,1.050
least-connections-cache-on-warm500,130,3,11.6923,2.277,23.649,25.926,you,mansfield-park,1,,server-2,1,2,1,2.675,1.839,1.050
least-connections-cache-on-warm500,130,3,11.7000,1.475,0.707,2.182,castle,great-expectations,1,,server-3,1,1,1,2.675,2.600,3.611
least-connections-cache-on-warm500,130,3,11.7077,1.011,0.584,1.596,london,anne-of-green-gables,1,,server-3,1,1,1,2.675,2.600,1.296
least-connections-cache-on-warm500,130,3,11.7154,1.122,0.720,1.842,night,black-beauty,1,,server-3,1,1,1,2.675,2.600,0.519
least-connections-cache-on-warm500,130,3,11.7231,1.324,0.598,1.922,castle,myths-and-legends-of-ancient-greece-and-rome,1,,server-2,1,1,0,7.560,5.430,0.272
least-connections-cache-on-warm500,130,3,11.7308,1.176,39.344,40.520,castle,the-mysterious-island,1,,server-3,0,0,1,7.560,1.883,0.272
least-connections-cache-on-warm500,130,3,11.7385,1.785,1.099,2.883,money,the-works-of-edgar-allan-poe-volume-2,1,,server-1,1,0,1,7.560,1.883,0.200
least-connections-cache-on-warm500,130,3,11.7462,2.444,0.971,3.415,of,black-beauty,1,,server-2,0,1,1,2.668,1.883,0.200
least-connections-cache-on-warm500,130,3,11.7538,1.141,0.639,1.780,london,meditations,1,,server-1,1,0,1,2.668,0.795,0.200
least-connections-cache-on-warm500,130,3,11.7615,1.407,0.736,2.143,castle,the-song-of-the-lark,1,,server-2,0,1,1,0.980,0.795,0.200
least-connections-cache-on-warm500,130,3,11.7692,1.174,0.618,1.792,you,washington-square,1,,server-1,1,0,1,0.980,0.396,0.200
least-connections-cache-on-warm500,130,3,11.7769,1.317,0.664,1.981,castle,adventures-of-huckleberry-finn,1,,server-2,0,1,0,0.422,0.396,6.374
least-connections-cache-on-warm500,130,3,11.7846,1.155,0.739,1.894,house,the-moonstone,1,,server-3,0,0,1,0.422,0.229,6.374
least-connections-cache-on-warm500,130,3,11.7923,2.328,1.224,3.552,love,pride-and-prejudice,1,,server-1,1,0,0,0.422,0.229,2.205
least-connections-cache-on-warm500,130,3,11.8000,3.534,2.513,6.047,horse,a-journey-to-the-centre-of-the-earth,1,,server-2,0,1,0,0.328,0.229,2.205
least-connections-cache-on-warm500,130,3,11.8077,4.499,2.683,7.182,and,the-house-of-the-seven-gables,1,,server-3,0,0,1,0.328,0.486,2.205
least-connections-cache-on-warm500,130,3,11.8154,4.959,3.422,8.381,money,the-hound-of-the-baskervilles-3070,1,,server-1,1,0,0,0.328,0.486,1.160
least-connections-cache-on-warm500,130,3,11.8231,4.910,3.023,7.933,heart,white-fang,1,,server-2,1,1,0,0.696,0.486,1.160
least-connections-cache-on-warm500,130,3,11.8308,4.693,2.514,7.207,night,the-works-of-edgar-allan-poe-volume-2,1,,server-3,0,1,1,0.620,0.752,1.160
least-connections-cache-on-warm500,130,3,11.8385,6.261,3.033,9.293,money,the-moonstone,1,,server-1,1,0,1,0.620,0.752,0.768
least-connections-cache-on-warm500,130,3,11.8462,5.266,27.792,33.058,house,the-great-gatsby,1,,server-2,1,1,0,0.588,0.752,0.768
least-connections-cache-on-warm500,130,3,11.8538,4.357,2.180,6.537,horse,wuthering-heights,1,,server-3,0,1,1,0.691,0.592,0.768
least-connections-cache-on-warm500,130,3,11.8615,6.072,2.810,8.882,he,the-last-of-the-mohicans-a-narrative-of-1757,1,,server-1,1,1,0,0.691,0.592,0.600
least-connections-cache-on-warm500,130,3,11.8692,3.865,1.232,5.097,death,the-romance-of-lust-a-classic-victorian-erotic-novel,1,,server-3,1,1,1,0.751,0.592,0.600
least-connections-cache-on-warm500,130,3,11.8769,1.680,0.922,2.602,horse,the-divine-comedy,1,,server-1,1,1,0,0.646,0.592,0.389
least-connections-cache-on-warm500,130,3,11.8846,4.998,2.833,7.832,king,the-odyssey,1,,server-2,0,1,0,0.343,4.653,0.389
least-connections-cache-on-warm500,130,3,11.8923,5.460,2.485,7.944,was,meditations,1,,server-3,0,1,1,0.343,1.942,0.389
least-connections-cache-on-warm500,130,3,11.9000,6.257,2.998,9.255,castle,treasure-island,1,,server-1,1,0,1,0.343,1.942,0.544
least-connections-cache-on-warm500,130,3,11.9077,4.506,2.445,6.951,night,the-prince,1,,server-2,1,1,0,0.421,1.942,0.544
least-connections-cache-on-warm500,130,3,11.9154,4.743,38.533,43.276,she,the-secret-adversary,1,,server-3,0,0,1,0.617,1.015,0.544
least-connections-cache-on-warm500,130,3,11.9231,4.430,27.398,31.828,of,the-great-gatsby,1,,server-1,1,0,1,0.617,1.015,0.557
least-connections-cache-on-warm500,130,3,11.9308,4.861,3.207,8.068,you,the-tenant-of-wildfell-hall,1,,server-2,1,1,1,0.594,1.015,0.557
least-connections-cache-on-warm500,130,3,11.9385,19.684,0.701,20.385,love,twenty-thousand-leagues-under-the-sea,1,,server-3,1,1,2,0.594,0.785,0.557
least-connections-cache-on-warm500,130,3,11.9462,3.008,1.402,4.409,the,the-mystery-of-edwin-drood,1,,server-2,1,1,2,0.594,0.785,0.557
least-connections-cache-on-warm500,130,3,11.9538,1.231,0.644,1.875,love,the-last-of-the-mohicans-a-narrative-of-1757,1,,server-2,1,1,2,0.594,0.484,0.557
least-connections-cache-on-warm500,130,3,11.9615,0.996,0.564,1.560,horse,washington-square,1,,server-3,0,0,1,4.530,0.259,4.164
least-connections-cache-on-warm500,130,3,11.9692,2.027,1.803,3.829,letter,the-wind-in-the-willows,1,,server-1,1,0,0,4.530,0.259,1.461
least-connections-cache-on-warm500,130,3,11.9769,3.853,30.499,34.351,king,the-warden,1,,server-2,0,1,0,1.774,0.259,1.461
least-connections-cache-on-warm500,130,3,11.9846,5.328,32.111,37.440,london,the-last-of-the-mohicans-a-narrative-of-1757-27681,1,,server-3,0,1,1,1.774,0.428,1.461
least-connections-cache-on-warm500,130,3,11.9923,2.683,26.358,29.041,sea,the-return-of-sherlock-holmes,1,,server-1,1,1,1,1.774,0.428,1.106
least-connections-cache-on-warm500,130,3,12.0000,11.643,0.780,12.422,money,a-connecticut-yankee-in-king-arthur-s-court,1,,server-2,1,2,1,0.982,0.428,1.106
least-connections-cache-on-warm500,130,3,12.0077,14.420,0.982,15.401,he,the-vicomte-de-bragelonne,1,,server-3,1,2,2,0.982,0.428,1.106
least-connections-cache-on-warm500,130,3,12.0154,1.391,17.294,18.685,king,the-house-of-the-seven-gables,1,,server-2,1,1,2,0.982,2.344,1.106
least-connections-cache-on-warm500,130,3,12.0231,1.524,17.571,19.094,was,the-return-of-sherlock-holmes,1,,server-3,1,1,2,0.982,1.279,3.413
least-connections-cache-on-warm500,130,3,12.0308,1.465,0.869,2.334,letter,the-vicomte-de-bragelonne,1,,server-1,1,1,1,4.787,1.279,1.808
least-connections-cache-on-warm500,130,3,12.0385,1.328,1.084,2.412,heart,the-scarlet-letter,1,,server-2,0,1,1,1.701,3.544,1.808
least-connections-cache-on-warm500,130,3,12.0462,1.151,0.625,1.776,he,the-odyssey,1,,server-3,0,0,1,1.701,1.298,3.914
least-connections-cache-on-warm500,130,3,12.0538,1.152,25.893,27.045,horse,walden-and-on-the-duty-of-civil-disobedience,1,,server-1,1,0,0,1.701,1.298,1.377
least-connections-cache-on-warm500,130,3,12.0615,2.542,1.556,4.099,love,the-innocents-abroad,1,,server-2,1,1,0,0.926,1.298,1.377
least-connections-cache-on-warm500,130,3,12.0692,2.299,25.184,27.483,house,jude-the-obscure,1,,server-3,1,0,1,0.926,0.660,1.377
least-connections-cache-on-warm500,130,3,12.0769,1.435,21.496,22.932,castle,the-works-of-edgar-allan-poe-volume-2,1,,server-2,1,1,1,0.926,0.660,0.821
least-connections-cache-on-warm500,130,3,12.0846,1.714,13.202,14.916,night,the-king-in-yellow,1,,server-1,1,1,1,4.668,0.406,0.821
least-connections-cache-on-warm500,130,3,12.0923,8.339,0.853,9.192,heart,a-connecticut-yankee-in-king-arthur-s-court,1,,server-2,1,2,1,2.473,0.406,0.821
least-connections-cache-on-warm500,130,3,12.1000,1.475,11.282,12.757,night,the-hound-of-the-baskervilles-3070,1,,server-3,0,1,1,3.640,3.272,4.464
least-connections-cache-on-warm500,130,3,12.1077,1.403,13.189,14.592,love,the-war-of-the-worlds,1,,server-1,1,0,1,3.640,1.769,2.345
least-connections-cache-on-warm500,130,3,12.1154,1.146,0.672,1.819,horse,life-on-the-mississippi,1,,server-2,1,1,0,1.934,1.769,3.249
least-connections-cache-on-warm500,130,3,12.1231,1.579,24.901,26.480,sea,the-king-in-yellow,1,,server-3,0,0,1,3.292,0.684,3.249
least-connections-cache-on-warm500,130,3,12.1308,2.677,1.447,4.124,of,the-great-gatsby,1,,server-1,1,0,1,3.292,0.684,1.746
least-connections-cache-on-warm500,130,3,12.1385,2.836,1.277,4.113,love,desert-gold,1,,server-2,0,1,1,1.331,0.684,1.746
least-connections-cache-on-warm500,130,3,12.1462,1.437,0.852,2.289,horse,the-mystery-of-edwin-drood,1,,server-1,1,0,1,1.331,0.436,1.746
least-connections-cache-on-warm500,130,3,12.1538,1.393,0.799,2.192,whale,life-on-the-mississippi,1,,server-2,0,1,0,0.549,0.436,5.053
least-connections-cache-on-warm500,130,3,12.1615,2.867,18.641,21.508,the,his-last-bow,1,,server-3,0,0,1,0.549,0.257,5.053
least-connections-cache-on-warm500,130,3,12.1692,3.553,1.513,5.066,horse,frankenstein-or-the-modern-prometheus,1,,server-1,1,0,1,0.549,0.257,2.722
least-connections-cache-on-warm500,130,3,12.1769,1.634,21.305,22.938,money,madame-bovary,1,,server-2,0,1,1,0.407,0.257,2.722
least-connections-cache-on-warm500,130,3,12.1846,1.022,0.516,1.538,night,the-secret-adversary,1,,server-3,0,1,1,0.407,0.228,4.623
least-connections-cache-on-warm500,130,3,12.1923,1.413,8.438,9.851,letter,the-kama-sutra-of-vatsyayana,1,,server-1,1,1,0,0.407,0.228,1.605
least-connections-cache-on-warm500,130,3,12.2000,1.416,26.135,27.551,house,mansfield-park,1,,server-3,1,1,1,0.285,3.512,1.605
least-connections-cache-on-warm500,130,3,12.2077,1.367,25.762,27.129,heart,the-jungle,1,,server-1,1,0,1,1.481,3.512,0.880
least-connections-cache-on-warm500,130,3,12.2154,1.302,0.704,2.006,castle,anne-of-green-gables,1,,server-2,1,1,1,0.816,3.512,0.880
least-connections-cache-on-warm500,130,3,12.2231,1.110,0.697,1.806,letter,frankenstein-or-the-modern-prometheus-41445,1,,server-2,1,1,1,0.816,1.267,0.880
least-connections-cache-on-warm500,130,3,12.2308,1.457,13.357,14.814,letter,meditations,1,,server-3,1,0,1,0.816,0.517,4.714
least-connections-cache-on-warm500,130,3,12.2385,1.213,0.547,1.760,she,the-picture-of-dorian-gray,1,,server-1,1,0,1,4.588,0.517,2.487
least-connections-cache-on-warm500,130,3,12.2462,1.309,0.712,2.021,he,a-tale-of-two-cities,1,,server-2,0,1,0,1.599,0.517,3.681
least-connections-cache-on-warm500,130,3,12.2538,1.766,1.013,2.779,of,the-war-of-the-worlds,1,,server-3,0,0,1,1.599,0.275,3.681
least-connections-cache-on-warm500,130,3,12.2615,2.906,30.620,33.526,you,the-secret-adversary,1,,server-1,1,0,0,1.599,0.275,1.380
least-connections-cache-on-warm500,130,3,12.2692,4.402,3.654,8.057,house,north-and-south,1,,server-2,1,1,0,0.981,0.275,1.380
least-connections-cache-on-warm500,130,3,12.2769,4.346,1.514,5.860,was,desert-gold,1,,server-3,1,1,1,0.981,0.580,1.380
least-connections-cache-on-warm500,130,3,12.2846,1.881,19.719,21.600,she,pride-and-prejudice,1,,server-2,1,1,0,0.981,0.580,0.720
least-connections-cache-on-warm500,130,3,12.2923,1.062,0.541,1.603,death,autobiography-of-benjamin-franklin,1,,server-3,1,1,1,0.981,0.409,0.720
least-connections-cache-on-warm500,130,3,12.3000,0.989,0.487,1.476,money,the-memoirs-of-sherlock-holmes,1,,server-1,1,1,0,5.385,0.409,0.345
least-connections-cache-on-warm500,130,3,12.3077,0.994,0.598,1.592,whale,pride-and-prejudice,1,,server-2,0,1,0,1.847,3.350,0.345
least-connections-cache-on-warm500,130,3,12.3154,1.137,15.440,16.578,death,the-hound-of-the-baskervilles-3070,1,,server-3,0,0,1,1.847,1.192,0.345
least-connections-cache-on-warm500,130,3,12.3231,1.785,1.138,2.923,castle,the-portrait-of-a-lady-volume-1,1,,server-1,1,0,1,1.847,1.192,0.241
least-connections-cache-on-warm500,130,3,12.3308,1.213,0.728,1.941,sea,the-great-gatsby,1,,server-2,0,1,1,0.791,1.192,0.241
least-connections-cache-on-warm500,130,3,12.3385,1.845,1.221,3.066,whale,walden-and-on-the-duty-of-civil-disobedience,1,,server-3,0,0,1,0.791,0.503,2.560
least-connections-cache-on-warm500,130,3,12.3462,5.238,34.700,39.938,whale,white-fang,1,,server-1,1,0,0,0.791,0.503,1.021
least-connections-cache-on-warm500,130,3,12.3538,6.870,3.663,10.533,heart,the-works-of-edgar-allan-poe-volume-2,1,,server-2,1,1,0,0.716,0.503,1.021
least-connections-cache-on-warm500,130,3,12.3615,6.577,22.545,29.122,letter,the-secret-garden,1,,server-3,1,1,1,0.716,0.672,1.021
least-connections-cache-on-warm500,130,3,12.3692,6.957,2.092,9.049,king,leaves-of-grass,1,,server-2,1,1,1,0.716,0.776,0.778
least-connections-cache-on-warm500,130,3,12.3769,14.299,0.835,15.134,london,grimms-fairy-tales,1,,server-3,1,1,2,0.716,0.599,0.778
least-connections-cache-on-warm500,130,3,12.3846,1.093,0.600,1.693,of,the-return-of-sherlock-holmes-108,1,,server-2,1,1,2,0.716,0.543,0.778
least-connections-cache-on-warm500,130,3,12.3923,1.011,46.777,47.789,whale,the-tenant-of-wildfell-hall,1,,server-3,0,0,1,5.823,0.276,2.346
least-connections-cache-on-warm500,130,3,12.4000,1.783,0.928,2.711,love,a-tale-of-two-cities,1,,server-1,1,0,1,5.823,0.276,1.256
least-connections-cache-on-warm500,130,3,12.4077,2.087,1.285,3.372,whale,a-princess-of-mars,1,,server-2,0,1,1,2.072,0.276,1.256
least-connections-cache-on-warm500,130,3,12.4154,2.561,19.580,22.141,house,the-war-of-the-worlds,1,,server-1,1,0,1,2.072,0.305,1.256
least-connections-cache-on-warm500,130,3,12.4231,2.977,1.442,4.420,letter,frankenstein-or-the-modern-prometheus,1,,server-2,1,1,1,1.208,0.305,1.256
least-connections-cache-on-warm500,130,3,12.4308,1.485,0.924,2.410,heart,the-return-of-sherlock-holmes,1,,server-2,1,1,1,1.208,0.334,1.256
least-connections-cache-on-warm500,130,3,12.4385,1.084,16.000,17.085,house,desert-gold,1,,server-1,1,0,1,3.792,0.252,1.256
least-connections-cache-on-warm500,130,3,12.4462,1.147,0.578,1.725,king,the-odyssey,1,,server-2,1,1,0,2.006,0.252,8.245
least-connections-cache-on-warm500,130,3,12.4538,1.274,0.722,1.996,love,poirot-investigates,1,,server-3,1,0,1,2.006,0.176,8.245
least-connections-cache-on-warm500,130,3,12.4615,0.975,0.543,1.518,london,the-return-of-sherlock-holmes-108,1,,server-1,1,0,0,3.835,0.176,2.848
least-connections-cache-on-warm500,130,3,12.4692,1.401,0.759,2.160,letter,the-adventures-of-sherlock-holmes,1,,server-2,0,1,0,1.345,0.176,2.848
least-connections-cache-on-warm500,130,3,12.4769,2.594,37.179,39.773,whale,north-and-south,1,,server-3,0,0,1,1.345,0.203,2.848
least-connections-cache-on-warm500,130,3,12.4846,2.885,1.421,4.305,london,cranford,1,,server-1,1,0,1,1.345,0.203,1.575
least-connections-cache-on-warm500,130,3,12.4923,2.190,1.002,3.192,whale,twenty-thousand-leagues-under-the-sea,1,,server-2,0,1,1,0.677,0.203,1.575
least-connections-cache-on-warm500,130,3,12.5000,1.030,0.570,1.600,castle,pride-and-prejudice,1,,server-1,1,0,1,0.677,0.215,1.575
least-connections-cache-on-warm500,130,3,12.5077,1.054,0.542,1.596,the,the-last-of-the-mohicans-a-narrative-of-1757,1,,server-2,0,1,1,0.320,0.215,1.575
least-connections-cache-on-warm500,130,3,12.5154,1.091,30.459,31.550,letter,great-expectations,1,,server-1,1,0,1,0.320,0.158,1.575
least-connections-cache-on-warm500,130,3,12.5231,1.336,28.162,29.498,london,mansfield-park,1,,server-2,1,1,0,0.231,0.158,6.840
least-connections-cache-on-warm500,130,3,12.5308,1.276,0.682,1.958,sea,the-moonstone,1,,server-3,1,1,1,0.231,0.149,6.840
least-connections-cache-on-warm500,130,3,12.5385,1.173,12.846,14.019,night,the-wind-in-the-willows,1,,server-3,1,1,1,0.231,0.149,2.367
least-connections-cache-on-warm500,130,3,12.5462,1.188,0.674,1.862,she,great-expectations,1,,server-1,2,1,1,0.231,0.149,1.274
least-connections-cache-on-warm500,130,3,12.5538,1.060,20.822,21.882,king,desert-gold,1,,server-2,0,1,0,1.719,4.543,2.803
least-connections-cache-on-warm500,130,3,12.5615,1.575,20.644,22.219,king,the-mystery-of-edwin-drood,1,,server-3,0,1,1,1.719,2.397,2.803
least-connections-cache-on-warm500,130,3,12.5692,1.937,17.887,19.824,money,grimms-fairy-tales,1,,server-1,1,1,1,1.719,2.397,1.536
least-connections-cache-on-warm500,130,3,12.5769,1.200,13.578,14.778,was,the-secret-adversary,1,,server-2,1,1,1,0.986,4.825,1.536
least-connections-cache-on-warm500,130,3,12.5846,1.247,0.548,1.795,castle,autobiography-of-benjamin-franklin,1,,server-3,1,1,1,0.986,2.533,4.229
least-connections-cache-on-warm500,130,3,12.5923,1.564,0.838,2.402,sea,jane-eyre-an-autobiography,1,,server-1,1,0,0,3.438,3.754,1.489
least-connections-cache-on-warm500,130,3,12.6000,1.213,22.956,24.169,love,washington-square,1,,server-2,0,1,0,1.253,3.754,1.489
least-connections-cache-on-warm500,130,3,12.6077,2.640,1.486,4.125,was,the-innocents-abroad,1,,server-3,0,1,1,1.253,1.981,1.489
least-connections-cache-on-warm500,130,3,12.6154,3.382,1.310,4.692,horse,mansfield-park,1,,server-1,1,1,0,1.253,1.981,0.740
least-connections-cache-on-warm500,130,3,12.6231,1.646,0.711,2.357,the,myths-and-legends-of-ancient-greece-and-rome,1,,server-3,0,1,1,0.627,1.981,0.740
least-connections-cache-on-warm500,130,3,12.6308,1.974,30.851,32.825,heart,poirot-investigates,1,,server-1,1,0,0,0.627,4.880,0.369
least-connections-cache-on-warm500,130,3,12.6385,4.765,3.520,8.285,whale,the-house-of-mirth,1,,server-2,1,1,0,0.437,4.880,0.369
least-connections-cache-on-warm500,130,3,12.6462,5.931,19.472,25.403,money,agnes-grey,1,,server-3,1,1,1,0.437,2.163,0.369
least-connections-cache-on-warm500,130,3,12.6538,3.323,1.498,4.821,horse,the-scarlet-letter-33,1,,server-2,1,1,1,0.437,2.163,0.434
least-connections-cache-on-warm500,130,3,12.6615,1.653,0.807,2.460,death,the-mysterious-island,1,,server-2,1,1,1,0.437,0.965,0.434
least-connections-cache-on-warm500,130,3,12.6692,2.211,1.195,3.406,you,his-last-bow,1,,server-1,1,0,1,5.141,0.455,0.434
least-connections-cache-on-warm500,130,3,12.6769,1.957,1.119,3.076,of,the-mysterious-island,1,,server-2,0,1,0,1.866,0.455,3.255
least-connections-cache-on-warm500,130,3,12.6846,3.355,1.741,5.096,the,thus-spake-zarathustra-a-book-for-all-and-none,1,,server-3,0,0,1,1.866,0.340,3.255
least-connections-cache-on-warm500,130,3,12.6923,4.700,33.825,38.526,the,adventures-of-huckleberry-finn,1,,server-1,1,0,0,1.866,0.340,1.322
least-connections-cache-on-warm500,130,3,12.7000,5.355,3.221,8.577,london,the-prince,1,,server-2,1,1,0,1.237,0.340,1.322
least-connections-cache-on-warm500,130,3,12.7077,5.660,12.990,18.650,he,the-prince,1,,server-3,1,1,1,1.237,0.627,1.322
least-connections-cache-on-warm500,130,3,12.7154,3.059,0.551,3.611,letter,the-romance-of-lust-a-classic-victorian-erotic-novel,1,,server-2,1,1,1,1.237,0.658,0.903
least-connections-cache-on-warm500,130,3,12.7231,1.093,0.539,1.632,you,walden-and-on-the-duty-of-civil-disobedience,1,,server-2,1,1,1,1.237,0.325,0.903
least-connections-cache-on-warm500,130,3,12.7308,1.363,0.560,1.924,was,far-from-the-madding-crowd,1,,server-3,1,0,1,6.055,0.197,2.503
least-connections-cache-on-warm500,130,3,12.7385,1.086,0.750,1.837,you,tess-of-the-d-urbervilles-a-pure-woman,1,,server-1,1,0,0,6.055,0.197,0.913
least-connections-cache-on-warm500,130,3,12.7462,2.226,44.496,46.722,london,the-odyssey,1,,server-2,0,1,0,2.112,0.197,0.913
least-connections-cache-on-warm500,130,3,12.7538,3.774,3.111,6.885,you,the-mysterious-island,1,,server-3,0,1,1,2.112,0.250,0.913
least-connections-cache-on-warm500,130,3,12.7615,4.691,3.430,8.121,horse,far-from-the-madding-crowd,1,,server-1,1,1,0,2.112,0.250,0.694
least-connections-cache-on-warm500,130,3,12.7692,4.469,39.438,43.907,heart,great-expectations,1,,server-3,1,1,1,1.363,0.250,0.694
least-connections-cache-on-warm500,130,3,12.7769,2.781,14.158,16.939,death,the-prince,1,,server-1,1,1,1,1.150,0.250,0.600
least-connections-cache-on-warm500,130,3,12.7846,8.855,15.632,24.486,he,the-mystery-of-edwin-drood,1,,server-2,1,2,1,0.719,0.250,0.600
least-connections-cache-on-warm500,130,3,12.7923,21.766,0.829,22.595,she,the-innocents-abroad,1,,server-3,1,2,2,0.719,1.701,0.600
least-connections-cache-on-warm500,130,3,12.8000,1.177,24.182,25.359,london,jude-the-obscure,1,,server-1,1,1,2,2.641,5.314,0.600
least-connections-cache-on-warm500,130,3,12.8077,1.822,13.239,15.061,and,dubliners,1,,server-2,1,2,2,1.417,5.314,0.600
least-connections-cache-on-warm500,130,3,12.8154,1.758,1.100,2.858,sea,the-memoirs-of-sherlock-holmes,1,,server-3,1,1,1,1.417,3.470,3.577
least-connections-cache-on-warm500,130,3,12.8231,1.259,0.637,1.896,and,life-on-the-mississippi,1,,server-2,1,1,0,1.417,4.235,1.327
least-connections-cache-on-warm500,130,3,12.8308,1.188,0.685,1.874,the,the-odyssey,1,,server-3,0,0,1,4.754,1.486,1.327
least-connections-cache-on-warm500,130,3,12.8385,1.724,1.167,2.890,heart,a-tale-of-two-cities,1,,server-1,1,0,0,4.754,1.486,0.531
least-connections-cache-on-warm500,130,3,12.8462,2.697,39.358,42.055,of,kidnapped,1,,server-2,0,1,0,1.713,1.486,0.531
least-connections-cache-on-warm500,130,3,12.8538,5.002,3.388,8.390,money,the-return-of-sherlock-holmes,1,,server-3,0,1,1,1.713,0.902,0.531
least-connections-cache-on-warm500,130,3,12.8615,6.348,25.179,31.527,letter,autobiography-of-benjamin-franklin,1,,server-1,1,1,1,1.713,0.902,0.767
least-connections-cache-on-warm500,130,3,12.8692,5.047,17.265,22.312,sea,around-the-world-in-eighty-days,1,,server-3,1,1,1,1.156,0.902,0.740
least-connections-cache-on-warm500,130,3,12.8769,16.553,26.314,42.867,he,washington-square,1,,server-1,2,1,1,1.156,0.902,0.567
least-connections-cache-on-warm500,130,3,12.8846,3.952,0.832,4.784,he,the-innocents-abroad,1,,server-2,2,2,1,1.156,0.902,0.567
least-connections-cache-on-warm500,130,3,12.8923,1.450,0.689,2.139,heart,the-memoirs-of-sherlock-holmes,1,,server-3,2,0,1,1.156,2.953,2.947
least-connections-cache-on-warm500,130,3,12.9000,2.289,1.429,3.718,london,meditations,1,,server-2,1,1,0,3.812,2.953,1.073
least-connections-cache-on-warm500,130,3,12.9077,3.624,1.817,5.440,love,walden-and-on-the-duty-of-civil-disobedience,1,,server-3,1,0,1,3.812,1.173,1.073
least-connections-cache-on-warm500,130,3,12.9154,2.156,1.067,3.223,and,life-on-the-mississippi,1,,server-2,1,1,0,3.812,1.173,0.619
least-connections-cache-on-warm500,130,3,12.9231,1.567,1.012,2.579,death,dracula,1,,server-3,0,0,1,6.589,0.554,0.619
least-connections-cache-on-warm500,130,3,12.9308,3.234,1.995,5.228,king,the-house-of-the-seven-gables,1,,server-1,1,0,0,6.589,0.554,0.346
least-connections-cache-on-warm500,130,3,12.9385,4.457,2.730,7.187,was,meditations,1,,server-2,0,1,0,2.548,0.554,0.346
least-connections-cache-on-warm500,130,3,12.9462,4.917,48.985,53.902,was,the-house-of-mirth,1,,server-3,0,0,1,2.548,0.633,0.346
least-connections-cache-on-warm500,130,3,12.9538,4.868,3.041,7.909,he,a-journey-to-the-centre-of-the-earth,1,,server-1,1,0,1,2.548,0.633,0.458
least-connections-cache-on-warm500,130,3,12.9615,4.747,3.120,7.867,the,cranford,1,,server-2,1,1,1,1.569,0.633,0.458
least-connections-cache-on-warm500,130,3,12.9692,4.895,2.994,7.888,horse,the-adventures-of-tom-sawyer-complete,1,,server-1,1,0,1,1.362,0.666,0.458
least-connections-cache-on-warm500,130,3,12.9769,4.196,1.842,6.038,was,walden-and-on-the-duty-of-civil-disobedience,1,,server-2,1,1,1,0.869,0.666,0.458
least-connections-cache-on-warm500,130,3,12.9846,2.050,0.834,2.885,love,the-divine-comedy,1,,server-1,1,0,1,0.869,0.490,0.458
least-connections-cache-on-warm500,130,3,12.9923,1.098,24.238,25.336,london,life-on-the-mississippi,1,,server-2,0,1,1,0.436,0.490,0.458
least-connections-cache-on-warm500,130,3,13.0000,1.300,0.617,1.917,was,the-wind-in-the-willows,1,,server-1,1,1,1,0.436,0.312,0.458
least-connections-cache-on-warm500,130,3,13.0077,1.248,27.364,28.612,he,the-american,1,,server-3,0,1,1,0.243,0.312,7.958
least-connections-cache-on-warm500,130,3,13.0154,1.391,0.663,2.054,whale,the-house-of-mirth,1,,server-1,1,1,1,0.243,0.312,4.145
least-connections-cache-on-warm500,130,3,13.0231,1.209,22.236,23.444,the,leaves-of-grass,1,,server-2,0,1,1,0.187,4.031,4.145
least-connections-cache-on-warm500,130,3,13.0308,1.440,22.218,23.658,love,jude-the-obscure,1,,server-1,1,1,1,0.187,2.139,4.145
least-connections-cache-on-warm500,130,3,13.0385,1.136,0.703,1.839,heart,the-war-of-the-worlds,1,,server-3,1,1,1,0.155,2.139,7.020
least-connections-cache-on-warm500,130,3,13.0462,1.045,0.437,1.482,you,the-moonstone,1,,server-3,1,1,1,0.155,6.091,2.402
least-connections-cache-on-warm500,130,3,13.0538,1.326,26.693,28.019,house,dracula,1,,server-2,1,1,0,0.155,4.901,0.840
least-connections-cache-on-warm500,130,3,13.0615,1.102,19.066,20.168,she,sense-and-sensibility,1,,server-3,0,1,1,3.631,2.618,0.840
least-connections-cache-on-warm500,130,3,13.0692,1.153,0.622,1.775,death,the-portrait-of-a-lady-volume-1,1,,server-1,1,1,1,3.631,2.618,0.491
least-connections-cache-on-warm500,130,3,13.0769,0.879,0.733,1.612,night,madame-bovary,1,,server-1,1,1,1,1.301,2.618,0.491
least-connections-cache-on-warm500,130,3,13.0846,1.215,25.898,27.113,death,the-secret-adversary,1,,server-2,0,1,0,0.541,5.913,3.336
least-connections-cache-on-warm500,130,3,13.0923,1.405,0.646,2.052,of,the-moonstone,1,,server-3,0,1,1,0.541,3.100,3.336
least-connections-cache-on-warm500,130,3,13.1000,1.470,18.236,19.706,money,the-age-of-innocence,1,,server-1,1,1,0,0.541,3.100,1.213
least-connections-cache-on-warm500,130,3,13.1077,1.317,0.560,1.877,letter,silas-marner,1,,server-3,1,1,1,0.356,3.100,1.213
least-connections-cache-on-warm500,130,3,13.1154,1.064,0.504,1.567,castle,the-picture-of-dorian-gray,1,,server-2,1,1,0,0.356,6.106,0.496
least-connections-cache-on-warm500,130,3,13.1231,1.236,0.658,1.894,castle,the-return-of-sherlock-holmes-108,1,,server-3,0,0,1,3.031,2.093,0.496
least-connections-cache-on-warm500,130,3,13.1308,2.035,39.115,41.150,you,thus-spake-zarathustra-a-book-for-all-and-none,1,,server-1,1,0,0,3.031,2.093,0.248
least-connections-cache-on-warm500,130,3,13.1385,2.771,31.555,34.326,sea,the-divine-comedy,1,,server-2,1,1,0,1.660,2.093,0.248
least-connections-cache-on-warm500,130,3,13.1462,3.275,1.503,4.778,sea,a-connecticut-yankee-in-king-arthur-s-court,1,,server-3,1,1,1,1.660,1.259,0.248
least-connections-cache-on-warm500,130,3,13.1538,1.255,23.639,24.894,money,mansfield-park,1,,server-3,1,1,1,1.660,1.259,0.301
least-connections-cache-on-warm500,130,3,13.1615,10.512,0.801,11.313,of,pride-and-prejudice,1,,server-1,2,1,1,1.660,1.259,0.212
least-connections-cache-on-warm500,130,3,13.1692,4.190,12.074,16.264,king,the-jungle-book,1,,server-2,2,2,1,1.660,1.259,0.212
least-connections-cache-on-warm500,130,3,13.1769,1.473,0.634,2.107,she,dracula,1,,server-1,1,1,1,3.521,3.330,0.212
least-connections-cache-on-warm500,130,3,13.1846,1.197,0.720,1.917,she,persuasion,1,,server-3,0,1,1,1.254,3.330,3.859
least-connections-cache-on-warm500,130,3,13.1923,1.535,0.782,2.318,and,walden-and-on-the-duty-of-civil-disobedience,1,,server-1,1,0,0,1.254,4.016,1.344
least-connections-cache-on-warm500,130,3,13.2000,2.763,2.015,4.778,and,far-from-the-madding-crowd,1,,server-2,0,1,0,0.549,4.016,1.344
least-connections-cache-on-warm500,130,3,13.2077,4.436,2.684,7.121,horse,the-last-of-the-mohicans-a-narrative-of-1757,1,,server-3,0,0,1,0.549,1.609,1.344
least-connections-cache-on-warm500,130,3,13.2154,5.944,3.091,9.036,you,the-works-of-edgar-allan-poe-volume-2,1,,server-1,1,0,1,0.549,1.609,0.960
least-connections-cache-on-warm500,130,3,13.2231,5.558,3.327,8.886,castle,tess-of-the-d-urbervilles-a-pure-woman,1,,server-2,1,1,0,0.723,1.609,0.960
least-connections-cache-on-warm500,130,3,13.2308,6.575,3.343,9.918,money,the-hound-of-the-baskervilles-3070,1,,server-3,0,1,1,0.702,1.181,0.960
least-connections-cache-on-warm500,130,3,13.2385,5.651,3.138,8.790,and,dubliners,1,,server-1,1,0,1,0.702,1.099,0.808
least-connections-cache-on-warm500,130,3,13.2462,6.221,2.845,9.066,horse,walden-and-on-the-duty-of-civil-disobedience,1,,server-2,1,1,0,0.809,1.099,0.858
least-connections-cache-on-warm500,130,3,13.2538,4.669,3.273,7.942,letter,walden-and-on-the-duty-of-civil-disobedience,1,,server-3,0,1,1,0.690,0.946,0.858
least-connections-cache-on-warm500,130,3,13.2615,6.521,51.021,57.542,house,the-vicomte-de-bragelonne,1,,server-1,1,0,1,0.690,0.876,0.661
least-connections-cache-on-warm500,130,3,13.2692,4.663,2.888,7.551,and,poirot-investigates,1,,server-2,1,1,0,0.644,0.876,0.661
least-connections-cache-on-warm500,130,3,13.2769,4.422,23.180,27.601,he,herland,1,,server-3,1,1,1,0.644,0.713,0.661
least-connections-cache-on-warm500,130,3,13.2846,4.555,43.339,47.894,money,the-iliad,1,,server-2,1,1,1,0.644,0.713,0.599
least-connections-cache-on-warm500,130,3,13.2923,12.771,0.857,13.628,she,autobiography-of-benjamin-franklin,1,,server-3,1,1,2,0.644,0.639,0.599
least-connections-cache-on-warm500,130,3,13.3000,19.602,23.403,43.005,and,a-tale-of-two-cities,1,,server-1,2,1,2,0.644,0.639,0.599
least-connections-cache-on-warm500,130,3,13.3077,1.371,0.791,2.162,love,a-princess-of-mars,1,,server-3,2,1,1,0.644,0.639,2.063
least-connections-cache-on-warm500,130,3,13.3154,1.169,0.622,1.791,letter,a-journey-to-the-centre-of-the-earth,1,,server-3,2,1,1,0.644,0.639,0.789
least-connections-cache-on-warm500,130,3,13.3231,1.723,0.743,2.466,house,treasure-island,1,,server-3,1,1,1,6.811,0.639,0.352
least-connections-cache-on-warm500,130,3,13.3308,1.067,17.579,18.646,house,the-divine-comedy,1,,server-3,1,1,1,6.811,0.639,0.220
least-connections-cache-on-warm500,130,3,13.3385,1.180,20.891,22.071,and,sense-and-sensibility,1,,server-2,1,1,1,6.811,7.211,0.168
least-connections-cache-on-warm500,130,3,13.3462,1.861,0.533,2.394,whale,leaves-of-grass,1,,server-1,1,1,1,8.071,3.752,0.168
least-connections-cache-on-warm500,130,3,13.3538,1.116,0.610,1.726,horse,poirot-investigates,1,,server-3,0,1,1,2.747,3.752,2.887
least-connections-cache-on-warm500,130,3,13.3615,1.624,0.886,2.510,letter,the-great-gatsby,1,,server-1,1,0,0,2.747,5.708,1.036
least-connections-cache-on-warm500,130,3,13.3692,1.264,16.289,17.553,sea,beyond-good-and-evil,1,,server-2,0,1,0,1.013,5.708,1.036
least-connections-cache-on-warm500,130,3,13.3769,2.192,1.387,3.579,money,the-memoirs-of-sherlock-holmes,1,,server-3,0,1,1,1.013,2.983,1.036
least-connections-cache-on-warm500,130,3,13.3846,2.044,33.126,35.170,horse,the-song-of-the-lark,1,,server-1,1,1,0,1.013,2.983,0.515
least-connections-cache-on-warm500,130,3,13.3923,2.293,24.489,26.782,and,the-odyssey,1,,server-2,1,1,0,0.618,4.468,0.515
least-connections-cache-on-warm500,130,3,13.4000,2.313,19.463,21.776,horse,madame-bovary,1,,server-3,1,1,1,0.618,2.401,0.515
least-connections-cache-on-warm500,130,3,13.4077,11.888,19.055,30.942,was,a-connecticut-yankee-in-king-arthur-s-court,1,,server-1,2,1,1,0.618,2.401,0.363
least-connections-cache-on-warm500,130,3,13.4154,3.969,23.754,27.724,money,the-song-of-the-lark,1,,server-2,2,2,1,0.618,2.401,0.363
least-connections-cache-on-warm500,130,3,13.4231,1.467,10.061,11.528,castle,the-hound-of-the-baskervilles-3070,1,,server-3,1,1,1,5.322,3.519,3.285
least-connections-cache-on-warm500,130,3,13.4308,7.995,27.734,35.729,london,the-vicomte-de-bragelonne,1,,server-1,2,1,1,5.322,3.519,1.755
least-connections-cache-on-warm500,130,3,13.4385,1.245,23.467,24.712,heart,desperate-remedies,1,,server-3,2,1,1,5.293,3.519,2.688
least-connections-cache-on-warm500,130,3,13.4462,1.614,11.153,12.767,money,poirot-investigates,1,,server-2,1,1,1,4.264,5.940,1.437
least-connections-cache-on-warm500,130,3,13.4538,9.574,31.085,40.659,letter,a-connecticut-yankee-in-king-arthur-s-court,1,,server-3,1,1,2,4.264,3.111,1.437
least-connections-cache-on-warm500,130,3,13.4615,1.435,0.690,2.125,night,the-prince,1,,server-2,1,1,2,4.264,3.718,1.437
least-connections-cache-on-warm500,130,3,13.4692,1.712,22.139,23.851,love,the-american,1,,server-1,1,0,1,7.095,1.337,3.592
least-connections-cache-on-warm500,130,3,13.4769,1.758,0.794,2.552,london,the-prince,1,,server-2,1,1,1,3.701,1.337,3.592
least-connections-cache-on-warm500,130,3,13.4846,1.485,15.710,17.195,house,the-memoirs-of-sherlock-holmes,1,,server-2,1,1,1,3.701,0.560,3.592
least-connections-cache-on-warm500,130,3,13.4923,2.792,0.724,3.517,castle,the-romance-of-lust-a-classic-victorian-erotic-novel,1,,server-3,1,1,2,3.701,0.339,3.592
least-connections-cache-on-warm500,130,3,13.5000,1.340,0.635,1.975,money,life-on-the-mississippi,1,,server-1,1,1,0,5.868,0.339,2.533
least-connections-cache-on-warm500,130,3,13.5077,1.181,34.709,35.890,of,great-expectations,1,,server-2,0,1,0,2.030,2.689,2.533
least-connections-cache-on-warm500,130,3,13.5154,2.015,1.122,3.137,was,the-age-of-innocence,1,,server-3,0,1,1,2.030,1.426,2.533
least-connections-cache-on-warm500,130,3,13.5231,1.237,30.021,31.258,of,villette,1,,server-1,1,1,0,2.030,1.426,1.022
least-connections-cache-on-warm500,130,3,13.5308,1.331,0.639,1.970,the,the-mysterious-affair-at-styles,1,,server-3,1,1,1,1.096,1.426,1.022
least-connections-cache-on-warm500,130,3,13.5385,1.003,0.618,1.621,was,the-adventures-of-sherlock-holmes,1,,server-3,1,1,1,1.096,1.426,0.444
least-connections-cache-on-warm500,130,3,13.5462,1.232,0.689,1.921,king,the-works-of-edgar-allan-poe-volume-2,1,,server-2,1,1,0,1.096,6.431,0.243
least-connections-cache-on-warm500,130,3,13.5538,1.139,0.658,1.797,heart,mary-barton,1,,server-3,1,0,1,1.096,2.221,0.243
least-connections-cache-on-warm500,130,3,13.5615,1.082,29.023,30.105,love,the-works-of-edgar-allan-poe-volume-2,1,,server-1,1,0,0,5.518,2.221,0.189
least-connections-cache-on-warm500,130,3,13.5692,1.501,0.881,2.382,horse,the-mysterious-affair-at-styles,1,,server-2,1,1,0,2.887,2.221,0.189
least-connections-cache-on-warm500,130,3,13.5769,2.515,1.822,4.337,castle,villette,1,,server-3,1,0,1,2.887,0.881,0.189
least-connections-cache-on-warm500,130,3,13.5846,2.689,1.164,3.854,love,the-return-of-sherlock-holmes-108,1,,server-2,1,1,0,2.887,0.881,0.347
least-connections-cache-on-warm500,130,3,13.5923,1.828,31.199,33.027,heart,the-last-of-the-mohicans-a-narrative-of-1757-27681,1,,server-3,0,0,1,6.438,0.462,0.347
least-connections-cache-on-warm500,130,3,13.6000,2.536,1.681,4.217,horse,the-divine-comedy,1,,server-1,1,0,1,6.438,0.462,0.249
least-connections-cache-on-warm500,130,3,13.6077,2.109,1.188,3.297,heart,a-tale-of-two-cities,1,,server-2,0,1,1,2.386,0.462,0.249
least-connections-cache-on-warm500,130,3,13.6154,1.180,22.814,23.994,house,the-american,1,,server-1,1,0,1,2.386,0.329,0.249
least-connections-cache-on-warm500,130,3,13.6231,1.199,14.409,15.608,whale,northanger-abbey,1,,server-2,1,1,1,1.293,0.329,0.249
least-connections-cache-on-warm500,130,3,13.6308,1.251,37.941,39.191,death,the-iliad,1,,server-3,1,1,1,1.293,0.233,5.094
least-connections-cache-on-warm500,130,3,13.6385,2.232,0.614,2.847,night,the-tenant-of-wildfell-hall,1,,server-1,2,1,1,1.293,2.394,2.672
least-connections-cache-on-warm500,130,3,13.6462,1.934,15.206,17.140,she,agnes-grey,1,,server-2,0,1,1,1.569,2.394,2.672
least-connections-cache-on-warm500,130,3,13.6538,1.700,0.784,2.484,horse,the-divine-comedy,1,,server-1,1,1,1,1.569,1.351,2.672
least-connections-cache-on-warm500,130,3,13.6615,1.373,0.632,2.005,sea,black-beauty,1,,server-1,1,1,1,0.637,1.351,2.672
least-connections-cache-on-warm500,130,3,13.6692,1.319,0.662,1.982,she,desert-gold,1,,server-2,0,1,1,0.313,3.216,2.672
least-connections-cache-on-warm500,130,3,13.6769,1.230,10.913,12.143,she,the-great-gatsby,1,,server-3,0,0,1,0.313,1.170,7.730
least-connections-cache-on-warm500,130,3,13.6846,1.521,0.877,2.397,death,the-memoirs-of-sherlock-holmes,1,,server-1,1,0,1,0.313,1.170,4.025
least-connections-cache-on-warm500,130,3,13.6923,1.923,1.148,3.071,the,dubliners,1,,server-2,0,1,0,0.257,1.170,4.280
least-connections-cache-on-warm500,130,3,13.7000,2.801,38.567,41.367,she,the-adventures-of-sherlock-holmes,1,,server-3,0,0,1,0.257,0.578,4.280
least-connections-cache-on-warm500,130,3,13.7077,5.387,23.264,28.651,night,dubliners,1,,server-1,1,0,1,0.257,0.578,2.367
least-connections-cache-on-warm500,130,3,13.7154,5.049,2.610,7.659,money,desert-gold,1,,server-2,1,1,1,0.438,0.578,2.367
least-connections-cache-on-warm500,130,3,13.7231,3.115,13.345,16.460,death,the-hound-of-the-baskervilles,1,,server-2,1,1,1,0.438,0.517,2.367
least-connections-cache-on-warm500,130,3,13.7308,11.305,0.616,11.920,you,the-scarlet-letter,1,,server-3,1,1,2,0.438,0.410,2.367
least-connections-cache-on-warm500,130,3,13.7385,1.220,0.724,1.945,castle,adventures-of-huckleberry-finn,1,,server-1,1,1,2,3.798,0.410,2.367
least-connections-cache-on-warm500,130,3,13.7462,1.407,0.719,2.126,money,memoirs-of-fanny-hill,1,,server-2,0,1,0,1.351,2.298,3.386
least-connections-cache-on-warm500,130,3,13.7538,1.671,44.840,46.511,she,the-tenant-of-wildfell-hall,1,,server-3,0,0,1,1.351,0.865,3.386
least-connections-cache-on-warm500,130,3,13.7615,4.100,24.562,28.662,london,autobiography-of-benjamin-franklin,1,,server-1,1,0,1,1.351,0.865,1.837
least-connections-cache-on-warm500,130,3,13.7692,2.750,17.760,20.509,castle,washington-square,1,,server-2,1,1,1,0.925,0.865,1.837
least-connections-cache-on-warm500,130,3,13.7769,23.140,0.669,23.810,money,sense-and-sensibility,1,,server-3,1,1,2,0.925,0.604,1.837
least-connections-cache-on-warm500,130,3,13.7846,6.108,0.755,6.863,london,the-jungle-book,1,,server-1,2,1,2,0.925,0.604,1.837
least-connections-cache-on-warm500,130,3,13.7923,1.165,0.652,1.817,of,silas-marner,1,,server-2,0,1,2,2.116,3.080,1.837
least-connections-cache-on-warm500,130,3,13.8000,1.103,0.601,1.704,was,hard-times,1,,server-1,1,0,2,2.116,1.114,4.688
least-connections-cache-on-warm500,130,3,13.8077,1.170,0.630,1.800,love,the-divine-comedy,1,,server-2,0,1,0,0.790,1.114,5.264
least-connections-cache-on-warm500,130,3,13.8154,2.249,28.855,31.104,letter,twenty-thousand-leagues-under-the-sea,1,,server-3,0,0,1,0.790,0.484,5.264
least-connections-cache-on-warm500,130,3,13.8231,4.358,34.927,39.286,was,the-song-of-the-lark,1,,server-1,1,0,1,0.790,0.484,2.843
least-connections-cache-on-warm500,130,3,13.8308,3.398,1.296,4.694,whale,dubliners,1,,server-2,1,1,1,0.606,0.484,2.843
least-connections-cache-on-warm500,130,3,13.8385,1.190,12.092,13.282,whale,beyond-good-and-evil,1,,server-2,1,1,1,0.606,0.350,2.843
least-connections-cache-on-warm500,130,3,13.8462,1.374,11.982,13.357,whale,the-mysterious-affair-at-styles,1,,server-3,1,1,2,0.606,0.249,7.905
least-connections-cache-on-warm500,130,3,13.8538,1.098,0.618,1.716,was,madame-bovary,1,,server-2,1,1,1,0.606,2.075,3.324
least-connections-cache-on-warm500,130,3,13.8615,1.292,0.634,1.927,money,far-from-the-madding-crowd,1,,server-3,1,0,1,0.606,0.781,4.009
least-connections-cache-on-warm500,130,3,13.8692,1.093,0.612,1.706,letter,the-vicomte-de-bragelonne,1,,server-1,1,0,0,5.850,0.781,1.410
least-connections-cache-on-warm500,130,3,13.8769,2.270,1.422,3.692,house,wuthering-heights,1,,server-2,0,1,0,2.025,0.781,1.410
least-connections-cache-on-warm500,130,3,13.8846,3.397,2.336,5.733,sea,the-hound-of-the-baskervilles-3070,1,,server-3,0,0,1,2.025,0.464,1.410
least-connections-cache-on-warm500,130,3,13.8923,4.897,2.134,7.031,death,desperate-remedies,1,,server-1,1,0,0,2.025,0.464,0.832
least-connections-cache-on-warm500,130,3,13.9000,4.360,40.493,44.853,of,the-king-in-yellow,1,,server-2,0,1,0,0.967,0.464,0.832
least-connections-cache-on-warm500,130,3,13.9077,4.975,47.489,52.464,sea,mansfield-park,1,,server-3,0,1,1,0.967,0.469,0.832
least-connections-cache-on-warm500,130,3,13.9154,4.566,2.873,7.439,was,the-prince,1,,server-1,1,1,1,0.967,0.469,0.699
least-connections-cache-on-warm500,130,3,13.9231,22.374,1.070,23.444,king,the-hound-of-the-baskervilles-3070,1,,server-2,1,2,1,0.777,0.469,0.699
least-connections-cache-on-warm500,130,3,13.9308,3.582,1.545,5.127,london,the-great-gatsby,1,,server-1,1,2,1,0.777,0.469,0.699
least-connections-cache-on-warm500,130,3,13.9385,1.554,33.529,35.083,was,the-vicomte-de-bragelonne,1,,server-1,1,2,1,0.491,0.469,0.699
least-connections-cache-on-warm500,130,3,13.9462,1.109,0.583,1.692,death,the-divine-comedy,1,,server-2,1,2,1,0.347,5.458,0.699
least-connections-cache-on-warm500,130,3,13.9538,0.997,12.675,13.672,castle,cranford,1,,server-2,1,1,1,0.347,1.274,0.699
least-connections-cache-on-warm500,130,3,13.9615,1.496,0.575,2.071,and,the-adventures-of-sherlock-holmes,1,,server-3,1,1,1,0.347,0.712,7.869
least-connections-cache-on-warm500,130,3,13.9692,1.329,0.516,1.845,death,around-the-world-in-eighty-days,1,,server-2,1,1,0,0.347,2.457,2.680
least-connections-cache-on-warm500,130,3,13.9769,1.173,21.835,23.007,letter,grimms-fairy-tales,1,,server-3,0,0,1,5.530,0.887,2.680
least-connections-cache-on-warm500,130,3,13.9846,1.573,0.948,2.521,and,the-adventures-of-ferdinand-count-fathom-complete,1,,server-1,1,0,1,5.530,0.887,1.438
least-connections-cache-on-warm500,130,3,13.9923,1.707,0.925,2.632,london,the-jungle,1,,server-2,0,1,1,1.980,0.887,1.438
least-connections-cache-on-warm500,130,3,14.0000,1.034,0.538,1.572,you,kidnapped,1,,server-3,0,0,1,1.980,0.471,4.369
least-connections-cache-on-warm500,130,3,14.0077,1.196,0.906,2.102,the,the-kama-sutra-of-vatsyayana,1,,server-1,1,0,0,1.980,0.471,1.524
least-connections-cache-on-warm500,130,3,14.0154,2.241,1.450,3.692,and,the-last-of-the-mohicans-a-narrative-of-1757,1,,server-2,0,1,0,0.768,0.471,1.524
least-connections-cache-on-warm500,130,3,14.0231,4.390,3.501,7.891,love,memoirs-of-fanny-hill,1,,server-3,0,0,1,0.768,0.395,1.524
least-connections-cache-on-warm500,130,3,14.0308,5.626,55.597,61.223,heart,sense-and-sensibility,1,,server-1,1,0,1,0.768,0.395,0.967
least-connections-cache-on-warm500,130,3,14.0385,5.786,29.201,34.987,sea,the-scarlet-letter-33,1,,server-2,1,1,0,0.679,0.395,0.967
least-connections-cache-on-warm500,130,3,14.0462,3.989,29.996,33.985,and,thus-spake-zarathustra-a-book-for-all-and-none,1,,server-3,1,1,1,0.679,0.531,0.967
least-connections-cache-on-warm500,130,3,14.0538,17.526,20.911,38.437,sea,jane-eyre-an-autobiography,1,,server-1,2,1,1,0.679,0.531,0.649
least-connections-cache-on-warm500,130,3,14.0615,13.021,0.750,13.771,love,the-secret-garden-17396,1,,server-2,2,2,1,0.679,0.531,0.649
least-connections-cache-on-warm500,130,3,14.0692,11.588,0.626,12.214,the,dracula,1,,server-3,2,2,2,0.679,0.531,0.649
least-connections-cache-on-warm500,130,3,14.0769,1.166,0.526,1.692,she,the-mysterious-affair-at-styles,1,,server-2,2,1,2,2.847,2.337,0.649
least-connections-cache-on-warm500,130,3,14.0846,1.036,14.099,15.135,she,poirot-investigates,1,,server-3,2,0,1,2.847,0.851,2.409
least-connections-cache-on-warm500,130,3,14.0923,1.073,0.582,1.655,london,twenty-thousand-leagues-under-the-sea,1,,server-2,2,1,1,12.858,0.851,1.293
least-connections-cache-on-warm500,130,3,14.1000,1.214,15.262,16.476,he,a-princess-of-mars,1,,server-3,0,0,1,8.248,0.362,3.047
least-connections-cache-on-warm500,130,3,14.1077,1.566,1.052,2.618,letter,the-picture-of-dorian-gray,1,,server-1,1,0,1,8.248,0.362,1.635
least-connections-cache-on-warm500,130,3,14.1154,1.187,0.768,1.954,letter,the-house-of-the-seven-gables,1,,server-2,0,1,1,2.843,0.362,1.635
least-connections-cache-on-warm500,130,3,14.1231,1.867,1.403,3.270,was,the-secret-garden-17396,1,,server-3,0,0,1,2.843,0.241,3.442
least-connections-cache-on-warm500,130,3,14.1308,2.905,31.257,34.162,of,northanger-abbey,1,,server-1,1,0,0,2.843,0.241,1.343
least-connections-cache-on-warm500,130,3,14.1385,5.717,3.499,9.216,london,the-jungle,1,,server-2,1,1,0,1.649,0.241,1.343
least-connections-cache-on-warm500,130,3,14.1462,5.549,2.345,7.894,she,herland,1,,server-3,1,1,1,1.649,0.649,1.343
least-connections-cache-on-warm500,130,3,14.1538,3.273,1.231,4.504,death,thus-spake-zarathustra-a-book-for-all-and-none,1,,server-2,1,1,1,1.649,0.661,0.821
least-connections-cache-on-warm500,130,3,14.1615,1.346,30.691,32.038,night,emma,1,,server-3,1,0,1,1.649,0.416,0.821
least-connections-cache-on-warm500,130,3,14.1692,1.370,17.525,18.895,she,the-first-men-in-the-moon,1,,server-1,1,0,1,5.931,0.416,0.496
least-connections-cache-on-warm500,130,3,14.1769,1.907,0.983,2.891,love,the-scarlet-letter-33,1,,server-2,1,1,1,3.111,0.416,0.496
least-connections-cache-on-warm500,130,3,14.1846,1.004,0.548,1.553,castle,the-last-of-the-mohicans-a-narrative-of-1757-27681,1,,server-2,1,1,1,3.111,0.276,0.496
least-connections-cache-on-warm500,130,3,14.1923,1.340,0.627,1.967,she,the-house-of-the-seven-gables,1,,server-1,1,0,1,4.735,0.179,0.496
least-connections-cache-on-warm500,130,3,14.2000,1.023,23.412,24.434,the,desert-gold,1,,server-2,0,1,0,1.656,0.179,5.214
least-connections-cache-on-warm500,130,3,14.2077,1.506,0.969,2.475,of,autobiography-of-benjamin-franklin,1,,server-3,0,1,1,1.656,0.147,5.214
least-connections-cache-on-warm500,130,3,14.2154,1.918,40.954,42.871,night,far-from-the-madding-crowd,1,,server-1,1,1,0,1.656,0.147,1.874
least-connections-cache-on-warm500,130,3,14.2231,2.519,1.307,3.826,house,pride-and-prejudice,1,,server-3,1,1,1,0.940,0.147,1.874
least-connections-cache-on-warm500,130,3,14.2308,2.395,1.838,4.234,king,jude-the-obscure,1,,server-2,1,1,0,0.940,3.816,0.796
least-connections-cache-on-warm500,130,3,14.2385,3.652,1.731,5.382,london,the-house-of-mirth,1,,server-3,1,0,1,0.940,1.572,0.796
least-connections-cache-on-warm500,130,3,14.2462,1.890,0.911,2.801,was,mary-barton,1,,server-2,1,1,0,0.940,1.572,0.556
least-connections-cache-on-warm500,130,3,14.2538,0.993,0.810,1.803,letter,around-the-world-in-eighty-days,1,,server-3,1,0,1,0.940,0.669,0.556
least-connections-cache-on-warm500,130,3,14.2615,1.318,26.479,27.797,love,anne-of-green-gables,1,,server-1,1,0,0,7.070,0.669,0.306
least-connections-cache-on-warm500,130,3,14.2692,1.575,1.064,2.640,king,madame-bovary,1,,server-2,1,1,0,3.718,0.669,0.306
least-connections-cache-on-warm500,130,3,14.2769,1.445,14.298,15.743,castle,black-beauty,1,,server-3,1,0,1,3.718,0.378,0.306
least-connections-cache-on-warm500,130,3,14.2846,1.071,15.297,16.368,money,the-scarlet-letter,1,,server-2,1,1,1,3.718,0.378,0.243
least-connections-cache-on-warm500,130,3,14.2923,1.245,0.619,1.864,house,a-tale-of-two-cities,1,,server-1,1,1,1,6.584,0.241,2.979
least-connections-cache-on-warm500,130,3,14.3000,1.435,0.751,2.185,whale,the-adventures-of-tom-sawyer-complete,1,,server-3,0,1,1,2.228,0.241,2.394
least-connections-cache-on-warm500,130,3,14.3077,1.242,34.940,36.182,money,the-divine-comedy,1,,server-1,1,0,0,2.228,2.552,0.936
least-connections-cache-on-warm500,130,3,14.3154,2.165,1.348,3.513,letter,mansfield-park,1,,server-2,1,1,0,1.223,2.552,0.936
least-connections-cache-on-warm500,130,3,14.3231,2.089,21.656,23.745,was,the-warden,1,,server-3,1,0,1,1.223,1.093,0.936
least-connections-cache-on-warm500,130,3,14.3308,2.071,29.987,32.058,horse,oliver-twist,1,,server-2,1,1,1,1.223,1.093,0.568
least-connections-cache-on-warm500,130,3,14.3385,8.906,0.893,9.799,whale,washington-square,1,,server-3,1,1,2,1.223,0.679,0.568
least-connections-cache-on-warm500,130,3,14.3462,1.843,0.839,2.683,love,adventures-of-huckleberry-finn,1,,server-1,1,1,2,6.346,0.679,1.898
least-connections-cache-on-warm500,130,3,14.3538,1.079,0.593,1.672,whale,the-picture-of-dorian-gray,1,,server-3,0,1,1,2.228,0.679,2.005
least-connections-cache-on-warm500,130,3,14.3615,1.578,15.211,16.789,she,a-journey-to-the-centre-of-the-earth,1,,server-1,1,1,0,2.228,0.679,0.751
least-connections-cache-on-warm500,130,3,14.3692,1.436,0.537,1.973,was,north-and-south,1,,server-2,1,1,0,1.238,5.142,0.751
least-connections-cache-on-warm500,130,3,14.3769,1.127,31.793,32.919,whale,oliver-twist,1,,server-3,1,0,1,1.238,1.771,0.751
least-connections-cache-on-warm500,130,3,14.3846,1.253,0.545,1.797,letter,the-last-of-the-mohicans-a-narrative-of-1757,1,,server-1,1,0,1,3.170,1.771,0.460
least-connections-cache-on-warm500,130,3,14.3923,1.940,1.011,2.951,was,silas-marner,1,,server-2,0,1,1,1.137,1.771,0.460
least-connections-cache-on-warm500,130,3,14.4000,1.309,0.595,1.904,you,the-secret-garden,1,,server-1,1,0,1,1.137,0.717,0.460
least-connections-cache-on-warm500,130,3,14.4077,1.068,0.542,1.610,letter,a-connecticut-yankee-in-king-arthur-s-court,1,,server-2,0,1,1,0.475,0.717,0.460
least-connections-cache-on-warm500,130,3,14.4154,0.946,0.547,1.493,the,the-last-of-the-mohicans-a-narrative-of-1757,1,,server-3,0,0,1,0.475,0.333,5.355
least-connections-cache-on-warm500,130,3,14.4231,1.681,0.965,2.646,whale,beyond-good-and-evil,1,,server-1,1,0,0,0.475,0.333,1.855
least-connections-cache-on-warm500,130,3,14.4308,2.594,1.625,4.219,he,madame-bovary,1,,server-2,0,1,0,0.312,0.333,1.855
least-connections-cache-on-warm500,130,3,14.4385,4.804,57.691,62.495,was,the-tenant-of-wildfell-hall,1,,server-3,0,0,1,0.312,0.389,1.855
least-connections-cache-on-warm500,130,3,14.4462,5.755,39.170,44.924,money,thus-spake-zarathustra-a-book-for-all-and-none,1,,server-1,1,0,1,0.312,0.389,1.272
least-connections-cache-on-warm500,130,3,14.4538,4.489,2.379,6.869,death,a-princess-of-mars,1,,server-2,1,1,1,0.450,0.389,1.272
least-connections-cache-on-warm500,130,3,14.4615,5.681,21.073,26.753,heart,the-first-men-in-the-moon,1,,server-2,1,1,1,0.450,0.522,1.272
least-connections-cache-on-warm500,130,3,14.4692,31.852,0.627,32.479,whale,life-on-the-mississippi,1,,server-3,1,1,2,0.450,0.485,1.272
least-connections-cache-on-warm500,130,3,14.4769,14.521,1.024,15.545,love,the-secret-garden-17396,1,,server-1,2,1,2,0.450,0.485,1.272
least-connections-cache-on-warm500,130,3,14.4846,3.536,0.591,4.127,you,the-innocents-abroad,1,,server-2,2,2,2,0.450,0.485,1.272
least-connections-cache-on-warm500,130,3,14.4923,1.172,0.530,1.702,of,the-jungle,1,,server-2,1,1,2,4.133,1.930,1.272
least-connections-cache-on-warm500,130,3,14.5000,1.129,0.661,1.790,king,the-adventures-of-tom-sawyer-complete,1,,server-1,1,0,2,3.315,0.720,1.272
least-connections-cache-on-warm500,130,3,14.5077,1.178,0.569,1.748,was,the-divine-comedy,1,,server-2,0,1,0,1.164,0.720,5.601
least-connections-cache-on-warm500,130,3,14.5154,1.265,23.262,24.527,london,the-lost-world,1,,server-3,0,0,1,1.164,0.330,5.601
least-connections-cache-on-warm500,130,3,14.5231,2.337,1.588,3.925,house,the-adventures-of-sherlock-holmes,1,,server-1,1,0,1,1.164,0.330,2.943
least-connections-cache-on-warm500,130,3,14.5308,2.756,19.027,21.783,death,the-secret-garden-17396,1,,server-2,0,1,1,0.629,0.330,2.943
least-connections-cache-on-warm500,130,3,14.5385,1.630,17.034,18.665,love,the-first-men-in-the-moon,1,,server-1,1,1,1,0.629,0.331,2.943
least-connections-cache-on-warm500,130,3,14.5462,1.748,0.894,2.641,night,the-scarlet-letter,1,,server-3,1,1,1,0.442,0.331,5.548
least-connections-cache-on-warm500,130,3,14.5538,1.216,0.720,1.936,london,the-scarlet-letter,1,,server-2,1,1,0,0.442,3.185,1.943
least-connections-cache-on-warm500,130,3,14.5615,1.750,1.252,3.002,letter,grimms-fairy-tales,1,,server-3,0,0,1,2.923,1.149,1.943
least-connections-cache-on-warm500,130,3,14.5692,4.873,2.642,7.515,heart,great-expectations,1,,server-1,1,0,0,2.923,1.149,0.810
least-connections-cache-on-warm500,130,3,14.5769,4.851,3.165,8.016,house,the-adventures-of-ferdinand-count-fathom-complete,1,,server-2,0,1,0,1.375,1.149,0.810
least-connections-cache-on-warm500,130,3,14.5846,5.238,3.310,8.548,you,the-mysterious-island,1,,server-3,0,1,1,1.375,0.838,0.810
least-connections-cache-on-warm500,130,3,14.5923,5.391,3.196,8.587,castle,the-mysterious-island,1,,server-1,1,0,1,1.375,0.838,0.934
least-connections-cache-on-warm500,130,3,14.6000,4.896,3.059,7.955,money,desperate-remedies,1,,server-2,1,1,0,0.957,0.838,0.807
least-connections-cache-on-warm500,130,3,14.6077,5.905,2.987,8.891,letter,the-house-of-mirth,1,,server-3,0,1,1,0.957,0.836,0.807
least-connections-cache-on-warm500,130,3,14.6154,6.031,2.977,9.007,letter,the-adventures-of-tom-sawyer-complete,1,,server-1,1,0,1,0.957,0.842,0.871
least-connections-cache-on-warm500,130,3,14.6231,5.169,3.259,8.427,and,the-iliad-2199,1,,server-2,1,1,0,0.906,0.842,0.762
least-connections-cache-on-warm500,130,3,14.6308,5.355,40.555,45.909,london,the-age-of-innocence,1,,server-3,0,1,1,0.766,0.746,0.762
least-connections-cache-on-warm500,130,3,14.6385,4.748,3.196,7.945,heart,persuasion,1,,server-1,1,0,1,0.766,0.746,0.660
least-connections-cache-on-warm500,130,3,14.6462,5.071,28.547,33.618,heart,thus-spake-zarathustra-a-book-for-all-and-none,1,,server-2,1,1,1,0.705,0.746,0.660
least-connections-cache-on-warm500,130,3,14.6538,5.269,37.230,42.498,she,the-iliad,1,,server-1,1,1,1,0.705,0.622,0.660
least-connections-cache-on-warm500,130,3,14.6615,18.614,27.883,46.496,she,mansfield-park,1,,server-2,1,2,1,0.584,0.622,0.660
least-connections-cache-on-warm500,130,3,14.6692,7.687,25.486,33.174,was,dracula,1,,server-3,1,2,2,0.584,0.622,0.660
least-connections-cache-on-warm500,130,3,14.6769,20.361,0.755,21.117,of,life-on-the-mississippi,1,,server-1,2,2,2,0.584,0.622,7.261
least-connections-cache-on-warm500,130,3,14.6846,23.408,13.697,37.106,money,the-great-gatsby,1,,server-2,2,2,1,0.584,5.046,5.834
least-connections-cache-on-warm500,130,3,14.6923,10.538,31.284,41.822,sea,the-adventures-of-ferdinand-count-fathom-complete,1,,server-3,2,2,2,0.584,5.046,5.834
least-connections-cache-on-warm500,130,3,14.7000,1.181,0.553,1.734,she,herland,1,,server-1,1,2,2,3.609,5.046,5.834
least-connections-cache-on-warm500,130,3,14.7077,1.099,0.635,1.735,letter,mansfield-park,1,,server-1,1,2,1,1.280,10.903,4.998
least-connections-cache-on-warm500,130,3,14.7154,1.134,0.463,1.597,night,white-fang,1,,server-1,1,1,1,0.520,7.035,4.998
least-connections-cache-on-warm500,130,3,14.7231,1.074,0.586,1.660,castle,the-adventures-of-sherlock-holmes,1,,server-2,0,1,1,0.261,6.636,4.998
least-connections-cache-on-warm500,130,3,14.7308,0.919,16.859,17.778,whale,the-secret-garden-17396,1,,server-1,1,0,1,0.261,2.272,4.998
least-connections-cache-on-warm500,130,3,14.7385,1.125,16.430,17.555,castle,the-secret-adversary,1,,server-2,1,1,0,0.187,2.272,8.163
least-connections-cache-on-warm500,130,3,14.7462,1.467,0.681,2.148,king,far-from-the-madding-crowd,1,,server-3,1,1,1,0.187,1.235,8.163
least-connections-cache-on-warm500,130,3,14.7538,1.317,28.483,29.800,love,madame-bovary,1,,server-1,1,1,0,2.806,1.235,2.800
least-connections-cache-on-warm500,130,3,14.7615,1.759,1.102,2.861,sea,oliver-twist,1,,server-2,1,1,0,1.531,3.375,2.800
least-connections-cache-on-warm500,130,3,14.7692,2.891,1.112,4.002,love,a-journey-to-the-centre-of-the-earth,1,,server-3,1,0,1,1.531,1.274,2.800
least-connections-cache-on-warm500,130,3,14.7769,1.013,0.562,1.575,money,kidnapped,1,,server-2,1,1,0,1.531,1.274,1.089
least-connections-cache-on-warm500,130,3,14.7846,1.264,0.659,1.923,whale,the-prince,1,,server-3,0,0,1,5.510,0.499,1.089
least-connections-cache-on-warm500,130,3,14.7923,1.331,20.022,21.353,heart,myths-and-legends-of-ancient-greece-and-rome,1,,server-1,1,0,0,5.510,0.499,0.453
least-connections-cache-on-warm500,130,3,14.8000,2.060,0.938,2.998,and,the-portrait-of-a-lady-volume-1,1,,server-2,1,1,0,2.897,0.499,0.453
least-connections-cache-on-warm500,130,3,14.8077,1.706,0.837,2.542,she,the-american,1,,server-3,1,0,1,2.897,0.332,0.453
least-connections-cache-on-warm500,130,3,14.8154,0.970,13.240,14.210,house,the-lost-world,1,,server-1,1,0,0,4.991,0.332,0.279
least-connections-cache-on-warm500,130,3,14.8231,1.199,0.740,1.939,letter,life-on-the-mississippi,1,,server-2,1,1,0,2.615,0.332,0.279
least-connections-cache-on-warm500,130,3,14.8308,1.094,0.623,1.716,death,far-from-the-madding-crowd,1,,server-3,0,0,1,3.754,0.240,0.279
least-connections-cache-on-warm500,130,3,14.8385,1.380,42.109,43.489,of,a-tale-of-two-cities,1,,server-1,1,0,0,3.754,0.240,0.192
least-connections-cache-on-warm500,130,3,14.8462,2.994,1.816,4.810,king,mansfield-park,1,,server-2,1,1,0,2.008,0.240,0.192
least-connections-cache-on-warm500,130,3,14.8538,4.361,2.118,6.479,you,frankenstein-or-the-modern-prometheus-41445,1,,server-3,1,0,1,2.008,0.397,0.192
least-connections-cache-on-warm500,130,3,14.8615,2.953,19.888,22.841,king,the-divine-comedy,1,,server-2,1,1,0,2.008,0.397,0.436
least-connections-cache-on-warm500,130,3,14.8692,1.420,13.593,15.014,the,frankenstein-or-the-modern-prometheus,1,,server-3,1,1,1,2.008,0.333,0.436
least-connections-cache-on-warm500,130,3,14.8769,5.362,0.690,6.052,was,his-last-bow,1,,server-1,2,1,1,2.008,0.333,0.297
least-connections-cache-on-warm500,130,3,14.8846,1.409,15.624,17.032,house,the-secret-garden-17396,1,,server-2,0,1,0,3.485,3.268,2.307
least-connections-cache-on-warm500,130,3,14.8923,2.187,19.852,22.040,love,persuasion,1,,server-3,0,1,1,3.485,1.774,2.307
least-connections-cache-on-warm500,130,3,14.9000,2.645,0.814,3.459,castle,far-from-the-madding-crowd,1,,server-1,1,1,1,3.485,1.774,1.266
least-connections-cache-on-warm500,130,3,14.9077,1.841,0.977,2.818,was,the-innocents-abroad,1,,server-2,0,1,1,1.276,3.599,1.266
least-connections-cache-on-warm500,130,3,14.9154,1.532,0.658,2.190,sea,the-secret-garden-17396,1,,server-3,0,0,1,1.276,1.336,3.936
least-connections-cache-on-warm500,130,3,14.9231,1.223,37.625,38.848,house,the-tenant-of-wildfell-hall,1,,server-1,1,0,0,1.276,1.336,1.405
least-connections-cache-on-warm500,130,3,14.9308,1.349,0.778,2.127,heart,the-tenant-of-wildfell-hall,1,,server-2,1,1,0,0.726,1.336,1.405
least-connections-cache-on-warm500,130,3,14.9385,1.996,25.423,27.419,was,the-last-of-the-mohicans-a-narrative-of-1757-27681,1,,server-3,1,0,1,0.726,0.564,1.405
least-connections-cache-on-warm500,130,3,14.9462,1.700,0.921,2.621,the,the-lost-world,1,,server-2,1,1,1,0.726,0.564,0.855
least-connections-cache-on-warm500,130,3,14.9538,1.095,10.936,12.032,you,the-hound-of-the-baskervilles,1,,server-2,1,1,1,0.726,0.299,0.855
least-connections-cache-on-warm500,130,3,14.9615,4.665,0.728,5.394,he,the-american,1,,server-3,1,1,2,8.008,0.204,0.855
least-connections-cache-on-warm500,130,3,14.9692,1.246,0.534,1.780,king,the-secret-garden,1,,server-1,1,0,0,6.441,1.817,2.069
least-connections-cache-on-warm500,130,3,14.9769,1.169,0.759,1.928,he,walden-and-on-the-duty-of-civil-disobedience,1,,server-2,0,1,0,2.207,1.817,2.069
least-connections-cache-on-warm500,130,3,14.9846,1.562,1.071,2.634,night,emma,1,,server-3,0,0,1,2.207,0.721,2.069
least-connections-cache-on-warm500,130,3,14.9923,2.674,1.974,4.648,love,the-wind-in-the-willows,1,,server-1,1,0,0,2.207,0.721,0.854
