label,rate,run,t_s,conn_ms,rpc_ms,total_ms,keyword,reference,ok,error_type,selected_server,server_1_connections,server_2_connections,server_3_connections,server_1_response_ewma_ms,server_2_response_ewma_ms,server_3_response_ewma_ms
combined-lc-lrt-cache-off-warm100,70,1,0.0000,2.087,41.680,43.767,whale,the-house-of-the-seven-gables,1,,server-3,0,0,1,8.019,5.126,4.604
combined-lc-lrt-cache-off-warm100,70,1,0.0143,29.858,13.696,43.554,horse,the-lost-world,1,,server-3,0,0,2,8.019,5.126,2.456
combined-lc-lrt-cache-off-warm100,70,1,0.0286,3.987,12.383,16.370,whale,poirot-investigates,1,,server-2,0,1,2,8.019,5.126,2.456
combined-lc-lrt-cache-off-warm100,70,1,0.0429,2.922,12.772,15.695,horse,northanger-abbey,1,,server-2,0,2,2,8.019,2.831,2.456
combined-lc-lrt-cache-off-warm100,70,1,0.0571,1.599,25.288,26.887,and,dubliners,1,,server-2,0,2,1,8.019,2.134,6.934
combined-lc-lrt-cache-off-warm100,70,1,0.0714,13.279,39.861,53.140,and,the-vicomte-de-bragelonne,1,,server-2,0,2,0,8.019,1.782,6.580
combined-lc-lrt-cache-off-warm100,70,1,0.0857,2.316,36.658,38.974,and,the-odyssey,1,,server-3,0,1,1,8.019,3.796,6.580
combined-lc-lrt-cache-off-warm100,70,1,0.1000,25.219,24.374,49.593,house,oliver-twist,1,,server-3,0,1,2,8.019,3.796,3.527
combined-lc-lrt-cache-off-warm100,70,1,0.1143,11.201,12.105,23.306,horse,cranford,1,,server-2,0,2,2,8.019,3.796,3.527
combined-lc-lrt-cache-off-warm100,70,1,0.1286,1.778,23.851,25.630,was,the-adventures-of-ferdinand-count-fathom-complete,1,,server-1,1,1,1,8.019,5.492,6.504
combined-lc-lrt-cache-off-warm100,70,1,0.1429,1.333,12.239,13.571,letter,around-the-world-in-eighty-days,1,,server-2,1,1,1,4.195,5.405,6.504
combined-lc-lrt-cache-off-warm100,70,1,0.1571,1.177,24.532,25.709,london,the-house-of-mirth,1,,server-2,0,1,0,6.465,3.737,8.013
combined-lc-lrt-cache-off-warm100,70,1,0.1714,11.625,34.968,46.593,sea,the-mysterious-island,1,,server-2,0,2,0,6.465,1.975,8.013
combined-lc-lrt-cache-off-warm100,70,1,0.1857,1.570,19.436,21.005,horse,the-adventures-of-tom-sawyer-complete,1,,server-1,1,1,0,6.465,4.045,8.013
combined-lc-lrt-cache-off-warm100,70,1,0.2000,6.920,20.661,27.581,you,madame-bovary,1,,server-1,2,1,0,3.396,4.045,8.013
combined-lc-lrt-cache-off-warm100,70,1,0.2143,13.764,15.976,29.740,she,dubliners,1,,server-1,2,1,0,3.590,4.045,8.013
combined-lc-lrt-cache-off-warm100,70,1,0.2286,1.458,22.718,24.177,king,persuasion,1,,server-3,1,0,1,4.099,8.122,8.013
combined-lc-lrt-cache-off-warm100,70,1,0.2429,1.453,13.749,15.202,he,meditations,1,,server-2,1,1,1,4.099,8.122,4.203
combined-lc-lrt-cache-off-warm100,70,1,0.2571,1.810,44.158,45.969,king,pride-and-prejudice,1,,server-1,1,1,0,5.053,4.246,6.291
combined-lc-lrt-cache-off-warm100,70,1,0.2714,2.090,34.096,36.186,the,the-odyssey,1,,server-2,1,1,0,2.693,4.864,6.291
combined-lc-lrt-cache-off-warm100,70,1,0.2857,22.306,14.701,37.006,death,the-wind-in-the-willows,1,,server-2,1,2,0,2.693,2.599,6.291
combined-lc-lrt-cache-off-warm100,70,1,0.3000,3.653,33.077,36.730,sea,villette,1,,server-1,2,2,0,2.693,2.599,6.291
combined-lc-lrt-cache-off-warm100,70,1,0.3143,1.845,10.749,12.593,was,his-last-bow,1,,server-3,1,1,1,4.788,5.629,6.291
combined-lc-lrt-cache-off-warm100,70,1,0.3286,1.455,13.337,14.792,night,the-secret-adversary,1,,server-3,1,0,1,4.788,5.926,3.783
combined-lc-lrt-cache-off-warm100,70,1,0.3429,1.273,12.650,13.924,sea,around-the-world-in-eighty-days,1,,server-3,0,0,2,8.310,5.926,1.996
combined-lc-lrt-cache-off-warm100,70,1,0.3571,1.572,23.687,25.259,night,agnes-grey,1,,server-3,0,0,1,8.310,5.926,3.129
combined-lc-lrt-cache-off-warm100,70,1,0.3714,13.490,54.833,68.323,london,tess-of-the-d-urbervilles-a-pure-woman,1,,server-3,0,0,2,8.310,5.926,1.671
combined-lc-lrt-cache-off-warm100,70,1,0.3857,5.067,40.605,45.672,money,the-scarlet-letter,1,,server-2,0,1,1,8.310,5.926,4.073
combined-lc-lrt-cache-off-warm100,70,1,0.4000,32.057,21.300,53.357,horse,the-jungle,1,,server-2,0,2,1,8.310,3.365,4.073
combined-lc-lrt-cache-off-warm100,70,1,0.4143,25.032,20.179,45.212,love,pride-and-prejudice,1,,server-3,0,2,2,8.310,3.365,4.073
combined-lc-lrt-cache-off-warm100,70,1,0.4286,2.752,12.068,14.820,whale,silas-marner,1,,server-1,1,2,2,8.310,3.365,4.073
combined-lc-lrt-cache-off-warm100,70,1,0.4429,1.895,21.691,23.586,house,the-jungle,1,,server-1,2,1,1,4.374,7.508,8.687
combined-lc-lrt-cache-off-warm100,70,1,0.4571,9.687,24.726,34.413,death,dracula,1,,server-1,2,0,1,2.474,8.160,8.687
combined-lc-lrt-cache-off-warm100,70,1,0.4714,20.702,24.027,44.728,whale,emma,1,,server-1,2,0,0,3.414,8.160,8.714
combined-lc-lrt-cache-off-warm100,70,1,0.4857,1.532,16.142,17.674,heart,cranford,1,,server-2,2,1,0,3.414,8.160,8.714
combined-lc-lrt-cache-off-warm100,70,1,0.5000,4.229,18.347,22.577,love,leaves-of-grass,1,,server-2,1,2,0,5.147,4.258,8.714
combined-lc-lrt-cache-off-warm100,70,1,0.5143,9.144,15.134,24.278,she,the-age-of-innocence,1,,server-2,1,2,0,5.147,3.106,8.714
combined-lc-lrt-cache-off-warm100,70,1,0.5286,1.406,24.568,25.974,castle,tess-of-the-d-urbervilles-a-pure-woman,1,,server-1,1,1,0,7.066,3.542,8.714
combined-lc-lrt-cache-off-warm100,70,1,0.5429,1.238,19.434,20.672,the,the-odyssey,1,,server-2,1,1,0,3.709,4.626,8.714
combined-lc-lrt-cache-off-warm100,70,1,0.5571,6.533,15.847,22.379,horse,the-secret-garden,1,,server-2,0,2,0,6.248,2.443,8.714
combined-lc-lrt-cache-off-warm100,70,1,0.5714,1.372,20.830,22.202,the,the-house-of-mirth,1,,server-1,1,1,0,6.248,3.270,8.714
combined-lc-lrt-cache-off-warm100,70,1,0.5857,1.419,25.683,27.102,house,tess-of-the-d-urbervilles-a-pure-woman,1,,server-2,1,1,0,3.278,4.578,8.714
combined-lc-lrt-cache-off-warm100,70,1,0.6000,12.866,11.998,24.864,heart,the-first-men-in-the-moon,1,,server-2,0,2,0,5.379,2.420,8.714
combined-lc-lrt-cache-off-warm100,70,1,0.6143,1.966,13.409,15.375,whale,autobiography-of-benjamin-franklin,1,,server-1,1,1,0,5.379,4.480,8.714
combined-lc-lrt-cache-off-warm100,70,1,0.6286,1.458,11.239,12.697,you,the-first-men-in-the-moon,1,,server-2,1,1,0,2.872,4.706,8.714
combined-lc-lrt-cache-off-warm100,70,1,0.6429,1.140,31.225,32.365,castle,the-iliad-2199,1,,server-2,0,1,0,3.885,3.328,8.714
combined-lc-lrt-cache-off-warm100,70,1,0.6571,18.758,22.864,41.621,house,the-return-of-sherlock-holmes-108,1,,server-2,0,2,0,3.885,1.757,8.714
combined-lc-lrt-cache-off-warm100,70,1,0.6714,1.542,10.729,12.271,night,the-lost-world,1,,server-1,1,2,0,3.885,1.757,8.714
combined-lc-lrt-cache-off-warm100,70,1,0.6857,1.550,23.554,25.103,castle,jude-the-obscure,1,,server-1,1,1,0,2.967,4.966,8.714
combined-lc-lrt-cache-off-warm100,70,1,0.7000,11.531,10.994,22.524,castle,black-beauty,1,,server-1,2,0,0,1.600,6.761,8.714
combined-lc-lrt-cache-off-warm100,70,1,0.7143,1.335,15.181,16.516,love,the-prince,1,,server-2,1,1,0,3.784,6.761,8.714
combined-lc-lrt-cache-off-warm100,70,1,0.7286,2.009,34.549,36.557,was,myths-and-legends-of-ancient-greece-and-rome,1,,server-1,1,1,0,4.123,3.537,8.714
combined-lc-lrt-cache-off-warm100,70,1,0.7429,22.222,22.914,45.136,death,the-adventures-of-sherlock-holmes,1,,server-1,2,0,0,2.230,4.659,8.714
combined-lc-lrt-cache-off-warm100,70,1,0.7571,2.274,11.606,13.880,was,the-kama-sutra-of-vatsyayana,1,,server-2,2,1,0,2.230,4.659,8.714
combined-lc-lrt-cache-off-warm100,70,1,0.7714,2.908,16.760,19.669,he,the-secret-garden,1,,server-2,1,1,0,5.958,3.371,8.714
combined-lc-lrt-cache-off-warm100,70,1,0.7857,6.015,21.944,27.959,he,the-mystery-of-edwin-drood,1,,server-2,1,2,0,5.958,1.877,8.714
combined-lc-lrt-cache-off-warm100,70,1,0.8000,14.578,23.275,37.853,the,the-adventures-of-tom-sawyer-complete,1,,server-2,0,2,0,7.398,2.460,8.714
combined-lc-lrt-cache-off-warm100,70,1,0.8143,1.798,30.424,32.222,was,the-jungle,1,,server-1,1,1,0,7.398,4.932,8.714
combined-lc-lrt-cache-off-warm100,70,1,0.8286,18.650,20.713,39.363,you,the-last-of-the-mohicans-a-narrative-of-1757,1,,server-1,2,1,0,3.882,3.992,8.714
combined-lc-lrt-cache-off-warm100,70,1,0.8429,1.570,11.729,13.299,was,the-hound-of-the-baskervilles-3070,1,,server-2,2,1,0,3.882,6.140,8.714
combined-lc-lrt-cache-off-warm100,70,1,0.8571,1.652,29.320,30.971,of,the-romance-of-lust-a-classic-victorian-erotic-novel,1,,server-2,1,1,0,5.570,3.894,8.714
combined-lc-lrt-cache-off-warm100,70,1,0.8714,17.341,38.448,55.788,love,silas-marner,1,,server-2,0,2,0,6.774,2.094,8.714
combined-lc-lrt-cache-off-warm100,70,1,0.8857,4.106,39.429,43.535,love,silas-marner,1,,server-2,0,3,0,6.774,2.094,8.714
combined-lc-lrt-cache-off-warm100,70,1,0.9000,2.145,17.235,19.380,house,myths-and-legends-of-ancient-greece-and-rome,1,,server-1,1,2,0,6.774,2.762,8.714
combined-lc-lrt-cache-off-warm100,70,1,0.9143,5.516,12.534,18.050,love,the-first-men-in-the-moon,1,,server-1,2,2,0,3.599,2.762,8.714
combined-lc-lrt-cache-off-warm100,70,1,0.9286,4.747,21.659,26.407,sea,the-scarlet-letter-33,1,,server-1,2,2,0,3.036,12.637,8.714
combined-lc-lrt-cache-off-warm100,70,1,0.9429,12.694,42.311,55.005,death,the-adventures-of-ferdinand-count-fathom-complete,1,,server-1,2,0,0,2.474,10.140,8.714
combined-lc-lrt-cache-off-warm100,70,1,0.9571,2.252,55.690,57.942,was,the-mystery-of-edwin-drood,1,,server-1,2,0,0,3.695,10.140,8.714
combined-lc-lrt-cache-off-warm100,70,1,0.9714,4.466,31.246,35.712,castle,little-women,1,,server-3,2,0,1,3.703,10.140,8.714
combined-lc-lrt-cache-off-warm100,70,1,0.9857,22.001,14.359,36.361,heart,desert-gold,1,,server-3,2,0,2,3.703,10.140,4.708
combined-lc-lrt-cache-off-warm100,70,1,1.0000,1.353,19.980,21.334,london,madame-bovary,1,,server-2,1,1,2,9.185,10.140,4.708
combined-lc-lrt-cache-off-warm100,70,1,1.0143,7.596,15.592,23.188,night,the-age-of-innocence,1,,server-2,1,2,1,16.663,5.263,6.389
combined-lc-lrt-cache-off-warm100,70,1,1.0286,1.436,17.030,18.466,letter,adventures-of-huckleberry-finn,1,,server-3,0,1,1,13.386,3.966,6.314
combined-lc-lrt-cache-off-warm100,70,1,1.0429,1.527,18.383,19.909,love,the-portrait-of-a-lady-volume-1,1,,server-2,0,1,1,13.386,4.953,3.303
combined-lc-lrt-cache-off-warm100,70,1,1.0571,1.448,19.711,21.159,castle,the-house-of-mirth,1,,server-3,0,1,1,13.386,2.604,4.791
combined-lc-lrt-cache-off-warm100,70,1,1.0714,1.623,30.151,31.774,castle,the-innocents-abroad,1,,server-2,0,1,1,13.386,4.567,2.527
combined-lc-lrt-cache-off-warm100,70,1,1.0857,1.458,12.345,13.804,letter,the-jungle-book,1,,server-3,0,1,1,13.386,2.427,4.720
combined-lc-lrt-cache-off-warm100,70,1,1.1000,1.083,22.452,23.534,house,tess-of-the-d-urbervilles-a-pure-woman,1,,server-3,0,1,1,13.386,2.427,3.521
combined-lc-lrt-cache-off-warm100,70,1,1.1143,9.357,24.664,34.021,london,far-from-the-madding-crowd,1,,server-3,0,0,2,13.386,6.327,1.853
combined-lc-lrt-cache-off-warm100,70,1,1.1286,1.672,13.781,15.453,king,dubliners,1,,server-2,0,1,1,13.386,6.327,3.702
combined-lc-lrt-cache-off-warm100,70,1,1.1429,1.719,11.968,13.686,house,his-last-bow,1,,server-2,0,2,1,13.386,3.329,3.702
combined-lc-lrt-cache-off-warm100,70,1,1.1571,1.428,10.773,12.201,house,poirot-investigates,1,,server-2,0,1,0,13.386,3.350,6.276
combined-lc-lrt-cache-off-warm100,70,1,1.1714,1.100,28.917,30.017,horse,the-iliad-2199,1,,server-2,0,1,0,13.386,2.805,6.276
combined-lc-lrt-cache-off-warm100,70,1,1.1857,16.907,66.864,83.771,whale,the-moonstone,1,,server-2,0,2,0,13.386,1.492,6.276
combined-lc-lrt-cache-off-warm100,70,1,1.2000,3.100,61.271,64.371,heart,desert-gold,1,,server-2,0,3,0,13.386,1.492,6.276
combined-lc-lrt-cache-off-warm100,70,1,1.2143,4.685,36.790,41.475,was,little-women,1,,server-3,0,2,1,13.386,2.554,6.276
combined-lc-lrt-cache-off-warm100,70,1,1.2286,28.028,8.554,36.582,whale,the-hound-of-the-baskervilles-3070,1,,server-3,0,2,2,13.386,2.554,3.511
combined-lc-lrt-cache-off-warm100,70,1,1.2429,21.829,42.553,64.382,letter,silas-marner,1,,server-2,0,3,2,13.386,2.554,3.511
combined-lc-lrt-cache-off-warm100,70,1,1.2571,13.148,39.213,52.360,night,frankenstein-or-the-modern-prometheus,1,,server-2,0,4,1,13.386,2.554,6.771
combined-lc-lrt-cache-off-warm100,70,1,1.2714,2.002,22.603,24.605,money,the-king-in-yellow,1,,server-3,0,2,1,13.386,8.514,5.667
combined-lc-lrt-cache-off-warm100,70,1,1.2857,11.001,20.313,31.314,letter,desert-gold,1,,server-3,0,2,2,13.386,8.514,3.001
combined-lc-lrt-cache-off-warm100,70,1,1.3000,16.815,16.687,33.502,heart,silas-marner,1,,server-3,0,2,2,13.386,8.514,3.815
combined-lc-lrt-cache-off-warm100,70,1,1.3143,2.950,28.146,31.096,sea,poirot-investigates,1,,server-3,0,0,3,13.386,12.517,3.815
combined-lc-lrt-cache-off-warm100,70,1,1.3286,5.518,38.428,43.946,love,the-tenant-of-wildfell-hall,1,,server-3,0,0,3,13.386,12.517,2.920
combined-lc-lrt-cache-off-warm100,70,1,1.3429,4.770,35.661,40.431,she,cranford,1,,server-3,0,0,3,13.386,12.517,3.871
combined-lc-lrt-cache-off-warm100,70,1,1.3571,1.327,24.464,25.791,love,a-tale-of-two-cities,1,,server-2,0,1,2,13.386,12.517,4.330
combined-lc-lrt-cache-off-warm100,70,1,1.3714,11.632,31.427,43.060,she,the-mysterious-island,1,,server-2,0,2,2,13.386,6.482,4.330
combined-lc-lrt-cache-off-warm100,70,1,1.3857,1.432,15.812,17.244,castle,twenty-thousand-leagues-under-the-sea,1,,server-3,0,1,1,13.386,6.134,10.364
combined-lc-lrt-cache-off-warm100,70,1,1.4000,3.369,26.188,29.558,love,great-expectations,1,,server-3,0,1,2,13.386,6.134,5.362
combined-lc-lrt-cache-off-warm100,70,1,1.4143,15.822,28.631,44.453,love,jane-eyre-an-autobiography,1,,server-3,0,1,2,13.386,8.834,3.308
combined-lc-lrt-cache-off-warm100,70,1,1.4286,1.388,10.490,11.878,love,the-hound-of-the-baskervilles-3070,1,,server-2,0,1,2,13.386,8.834,3.308
combined-lc-lrt-cache-off-warm100,70,1,1.4429,1.367,12.192,13.559,horse,a-princess-of-mars,1,,server-2,0,1,1,13.386,4.559,4.714
combined-lc-lrt-cache-off-warm100,70,1,1.4571,1.242,29.522,30.764,london,little-women,1,,server-2,0,1,1,13.386,3.424,4.714
combined-lc-lrt-cache-off-warm100,70,1,1.4714,17.164,10.649,27.813,house,his-last-bow,1,,server-2,0,2,0,13.386,1.816,7.556
combined-lc-lrt-cache-off-warm100,70,1,1.4857,3.068,23.424,26.492,sea,the-hound-of-the-baskervilles-3070,1,,server-2,0,3,0,13.386,1.816,7.556
combined-lc-lrt-cache-off-warm100,70,1,1.5000,12.371,18.739,31.111,castle,autobiography-of-benjamin-franklin,1,,server-2,0,2,0,13.386,3.520,7.556
combined-lc-lrt-cache-off-warm100,70,1,1.5143,1.670,24.751,26.421,heart,madame-bovary,1,,server-3,0,1,1,13.386,4.145,7.556
combined-lc-lrt-cache-off-warm100,70,1,1.5286,12.823,30.877,43.700,castle,pride-and-prejudice,1,,server-3,0,1,2,13.386,4.145,3.985
combined-lc-lrt-cache-off-warm100,70,1,1.5429,2.197,26.503,28.700,castle,the-age-of-innocence,1,,server-2,0,1,1,13.386,5.587,4.509
combined-lc-lrt-cache-off-warm100,70,1,1.5571,14.750,11.440,26.190,heart,silas-marner,1,,server-2,0,2,1,13.386,2.958,4.509
combined-lc-lrt-cache-off-warm100,70,1,1.5714,1.870,10.850,12.720,house,frankenstein-or-the-modern-prometheus,1,,server-3,0,2,2,13.386,8.303,4.509
combined-lc-lrt-cache-off-warm100,70,1,1.5857,1.410,12.550,13.961,death,the-jungle-book,1,,server-3,0,0,1,13.386,4.506,4.279
combined-lc-lrt-cache-off-warm100,70,1,1.6000,2.279,39.364,41.643,money,the-tenant-of-wildfell-hall,1,,server-3,0,0,1,13.386,4.506,3.417
combined-lc-lrt-cache-off-warm100,70,1,1.6143,27.887,12.220,40.107,castle,the-secret-garden-17396,1,,server-3,0,0,2,13.386,4.506,1.845
combined-lc-lrt-cache-off-warm100,70,1,1.6286,1.647,10.336,11.983,death,poirot-investigates,1,,server-2,0,1,2,13.386,4.506,1.845
combined-lc-lrt-cache-off-warm100,70,1,1.6429,1.187,13.992,15.179,money,the-secret-adversary,1,,server-2,0,1,1,13.386,3.090,6.948
combined-lc-lrt-cache-off-warm100,70,1,1.6571,1.156,16.513,17.668,heart,memoirs-of-fanny-hill,1,,server-2,0,2,0,13.386,1.635,6.318
combined-lc-lrt-cache-off-warm100,70,1,1.6714,4.063,25.793,29.856,heart,walden-and-on-the-duty-of-civil-disobedience,1,,server-2,0,2,0,13.386,1.725,6.318
combined-lc-lrt-cache-off-warm100,70,1,1.6857,15.968,18.065,34.033,sea,the-age-of-innocence,1,,server-2,0,2,0,13.386,2.224,6.318
combined-lc-lrt-cache-off-warm100,70,1,1.7000,1.499,11.553,13.053,he,the-hound-of-the-baskervilles,1,,server-3,0,2,1,13.386,2.224,6.318
combined-lc-lrt-cache-off-warm100,70,1,1.7143,1.467,19.929,21.396,whale,jude-the-obscure,1,,server-3,0,1,1,13.386,4.289,3.915
combined-lc-lrt-cache-off-warm100,70,1,1.7286,7.791,15.022,22.813,you,the-king-in-yellow,1,,server-3,0,0,2,13.386,5.595,2.061
combined-lc-lrt-cache-off-warm100,70,1,1.7429,1.229,20.736,21.964,london,the-memoirs-of-sherlock-holmes,1,,server-2,0,1,1,13.386,5.595,2.999
combined-lc-lrt-cache-off-warm100,70,1,1.7571,1.500,25.958,27.458,money,mansfield-park,1,,server-3,0,1,1,13.386,2.923,4.234
combined-lc-lrt-cache-off-warm100,70,1,1.7714,13.719,12.278,25.997,horse,black-beauty,1,,server-3,0,0,2,13.386,5.145,2.253
combined-lc-lrt-cache-off-warm100,70,1,1.7857,1.549,14.741,16.289,was,persuasion,1,,server-2,0,1,1,13.386,5.145,4.164
combined-lc-lrt-cache-off-warm100,70,1,1.8000,1.178,35.425,36.603,horse,villette,1,,server-3,0,1,1,13.386,2.699,4.565
combined-lc-lrt-cache-off-warm100,70,1,1.8143,3.596,22.291,25.886,castle,the-iliad-2199,1,,server-2,0,1,1,13.386,4.027,2.405
combined-lc-lrt-cache-off-warm100,70,1,1.8286,12.322,13.284,25.607,king,the-jungle-book,1,,server-2,0,2,1,13.386,2.159,2.405
combined-lc-lrt-cache-off-warm100,70,1,1.8429,1.324,20.542,21.866,she,the-age-of-innocence,1,,server-3,0,1,1,13.386,3.672,7.170
combined-lc-lrt-cache-off-warm100,70,1,1.8571,1.954,18.360,20.314,letter,the-secret-garden,1,,server-2,0,1,1,13.386,4.412,3.734
combined-lc-lrt-cache-off-warm100,70,1,1.8714,6.803,21.907,28.710,castle,the-last-of-the-mohicans-a-narrative-of-1757-27681,1,,server-2,0,2,0,13.386,2.362,5.621
combined-lc-lrt-cache-off-warm100,70,1,1.8857,3.065,15.562,18.627,heart,the-secret-adversary,1,,server-3,0,1,1,13.386,2.836,5.621
combined-lc-lrt-cache-off-warm100,70,1,1.9000,5.010,23.327,28.337,you,mary-barton,1,,server-3,0,1,2,13.386,6.511,3.051
combined-lc-lrt-cache-off-warm100,70,1,1.9143,1.481,14.299,15.780,you,grimms-fairy-tales,1,,server-2,0,1,1,13.386,5.237,2.694
combined-lc-lrt-cache-off-warm100,70,1,1.9286,2.294,27.467,29.761,whale,the-innocents-abroad,1,,server-2,0,2,1,13.386,2.751,5.376
combined-lc-lrt-cache-off-warm100,70,1,1.9429,15.600,13.318,28.918,london,myths-and-legends-of-ancient-greece-and-rome,1,,server-2,0,2,0,13.386,2.174,5.376
combined-lc-lrt-cache-off-warm100,70,1,1.9571,1.605,26.041,27.646,money,the-adventures-of-ferdinand-count-fathom-complete,1,,server-3,0,2,1,13.386,2.174,5.376
combined-lc-lrt-cache-off-warm100,70,1,1.9714,13.926,15.173,29.099,horse,a-princess-of-mars,1,,server-3,0,1,2,13.386,6.099,2.822
combined-lc-lrt-cache-off-warm100,70,1,1.9857,1.149,31.700,32.849,love,mansfield-park,1,,server-2,0,1,1,13.386,4.897,4.369
combined-lc-lrt-cache-off-warm100,70,1,2.0000,19.311,21.007,40.318,death,the-divine-comedy,1,,server-2,0,2,1,13.386,2.587,6.419
combined-lc-lrt-cache-off-warm100,70,1,2.0143,1.372,31.993,33.366,love,the-innocents-abroad,1,,server-3,0,2,1,13.386,2.587,5.152
combined-lc-lrt-cache-off-warm100,70,1,2.0286,19.677,23.423,43.101,love,oliver-twist,1,,server-3,0,1,2,13.386,5.284,2.735
combined-lc-lrt-cache-off-warm100,70,1,2.0429,1.274,11.165,12.439,sea,meditations,1,,server-2,0,1,2,13.386,6.681,2.735
combined-lc-lrt-cache-off-warm100,70,1,2.0571,1.806,22.645,24.451,king,the-jungle,1,,server-2,0,1,1,13.386,3.962,5.404
combined-lc-lrt-cache-off-warm100,70,1,2.0714,10.298,26.925,37.223,king,adventures-of-huckleberry-finn,1,,server-2,0,2,1,13.386,2.110,8.923
combined-lc-lrt-cache-off-warm100,70,1,2.0857,1.821,27.251,29.072,night,mansfield-park,1,,server-3,0,1,1,13.386,3.926,7.172
combined-lc-lrt-cache-off-warm100,70,1,2.1000,15.400,13.479,28.878,you,northanger-abbey,1,,server-3,0,1,2,13.386,3.926,3.764
combined-lc-lrt-cache-off-warm100,70,1,2.1143,1.389,16.670,18.059,money,walden-and-on-the-duty-of-civil-disobedience,1,,server-2,0,1,2,13.386,6.775,3.764
combined-lc-lrt-cache-off-warm100,70,1,2.1286,4.670,32.030,36.700,he,jane-eyre-an-autobiography,1,,server-2,0,2,1,13.386,3.526,6.540
combined-lc-lrt-cache-off-warm100,70,1,2.1429,2.294,15.713,18.008,love,a-journey-to-the-centre-of-the-earth,1,,server-3,0,1,1,13.386,2.965,5.294
combined-lc-lrt-cache-off-warm100,70,1,2.1571,4.220,11.635,15.854,love,the-adventures-of-tom-sawyer-complete,1,,server-3,0,1,2,13.386,2.965,2.800
combined-lc-lrt-cache-off-warm100,70,1,2.1714,1.941,19.412,21.353,house,the-american,1,,server-3,0,0,2,13.386,6.892,2.493
combined-lc-lrt-cache-off-warm100,70,1,2.1857,7.544,21.436,28.980,whale,desperate-remedies,1,,server-3,0,0,2,13.386,6.892,1.849
combined-lc-lrt-cache-off-warm100,70,1,2.2000,14.979,18.683,33.662,money,a-journey-to-the-centre-of-the-earth,1,,server-3,0,0,2,13.386,6.892,2.860
combined-lc-lrt-cache-off-warm100,70,1,2.2143,1.670,13.160,14.830,king,the-prince,1,,server-2,0,1,2,13.386,6.892,7.915
combined-lc-lrt-cache-off-warm100,70,1,2.2286,1.432,26.129,27.562,castle,anne-of-green-gables,1,,server-2,0,2,1,13.386,3.597,4.378
combined-lc-lrt-cache-off-warm100,70,1,2.2429,14.169,27.808,41.976,and,the-hound-of-the-baskervilles,1,,server-2,0,2,0,13.386,2.302,5.697
combined-lc-lrt-cache-off-warm100,70,1,2.2571,1.823,32.905,34.728,london,anne-of-green-gables,1,,server-3,0,1,1,13.386,4.169,5.697
combined-lc-lrt-cache-off-warm100,70,1,2.2714,20.882,14.722,35.604,london,the-scarlet-letter,1,,server-3,0,1,2,13.386,4.169,3.021
combined-lc-lrt-cache-off-warm100,70,1,2.2857,1.244,17.878,19.122,you,wuthering-heights,1,,server-2,0,1,2,13.386,6.967,3.021
combined-lc-lrt-cache-off-warm100,70,1,2.3000,5.135,23.668,28.803,money,the-tenant-of-wildfell-hall,1,,server-2,0,2,1,13.386,3.635,5.527
combined-lc-lrt-cache-off-warm100,70,1,2.3143,1.664,21.639,23.303,the,far-from-the-madding-crowd,1,,server-3,0,1,1,13.386,3.075,5.838
combined-lc-lrt-cache-off-warm100,70,1,2.3286,9.638,31.439,41.077,castle,the-iliad,1,,server-3,0,1,2,13.386,7.100,3.054
combined-lc-lrt-cache-off-warm100,70,1,2.3429,1.225,30.267,31.492,london,the-moonstone,1,,server-2,0,1,1,13.386,5.711,3.585
combined-lc-lrt-cache-off-warm100,70,1,2.3571,17.557,14.445,32.002,was,the-works-of-edgar-allan-poe-volume-2,1,,server-2,0,2,1,13.386,2.990,3.585
combined-lc-lrt-cache-off-warm100,70,1,2.3714,1.237,25.790,27.027,letter,jane-eyre-an-autobiography,1,,server-3,0,2,1,13.386,2.990,7.248
combined-lc-lrt-cache-off-warm100,70,1,2.3857,13.091,19.809,32.900,of,far-from-the-madding-crowd,1,,server-3,0,1,2,13.386,5.209,3.763
combined-lc-lrt-cache-off-warm100,70,1,2.4000,1.736,27.124,28.861,and,great-expectations,1,,server-2,0,1,1,13.386,5.598,4.817
combined-lc-lrt-cache-off-warm100,70,1,2.4143,14.733,10.552,25.286,death,the-prince,1,,server-2,0,2,1,13.386,2.933,4.817
combined-lc-lrt-cache-off-warm100,70,1,2.4286,1.730,25.248,26.978,sea,north-and-south,1,,server-3,0,2,1,13.386,8.873,6.217
combined-lc-lrt-cache-off-warm100,70,1,2.4429,1.068,18.153,19.221,and,a-connecticut-yankee-in-king-arthur-s-court,1,,server-2,0,1,1,13.386,4.825,3.290
combined-lc-lrt-cache-off-warm100,70,1,2.4571,5.474,30.176,35.650,she,the-iliad-2199,1,,server-2,0,2,0,13.386,2.523,6.058
combined-lc-lrt-cache-off-warm100,70,1,2.4714,21.706,11.322,33.028,king,cranford,1,,server-2,0,2,0,13.386,2.823,6.058
combined-lc-lrt-cache-off-warm100,70,1,2.4857,1.692,11.214,12.906,he,the-king-in-yellow,1,,server-3,0,2,1,13.386,2.823,6.058
combined-lc-lrt-cache-off-warm100,70,1,2.5000,1.480,17.428,18.908,sea,washington-square,1,,server-3,0,1,1,13.386,5.432,3.748
combined-lc-lrt-cache-off-warm100,70,1,2.5143,5.180,15.651,20.831,horse,treasure-island,1,,server-3,0,0,2,13.386,5.226,1.999
combined-lc-lrt-cache-off-warm100,70,1,2.5286,7.186,17.565,24.751,castle,the-portrait-of-a-lady-volume-1,1,,server-3,0,0,2,13.386,5.226,2.532
combined-lc-lrt-cache-off-warm100,70,1,2.5429,1.504,21.557,23.061,of,far-from-the-madding-crowd,1,,server-2,0,1,1,13.386,5.226,2.634
combined-lc-lrt-cache-off-warm100,70,1,2.5571,1.295,10.549,11.844,letter,silas-marner,1,,server-3,0,1,1,13.386,2.744,4.430
combined-lc-lrt-cache-off-warm100,70,1,2.5714,1.341,27.273,28.614,love,the-moonstone,1,,server-3,0,0,1,13.386,5.151,3.131
combined-lc-lrt-cache-off-warm100,70,1,2.5857,15.479,28.392,43.871,of,the-romance-of-lust-a-classic-victorian-erotic-novel,1,,server-3,0,0,2,13.386,5.151,1.673
combined-lc-lrt-cache-off-warm100,70,1,2.6000,1.374,16.169,17.543,horse,the-adventures-of-tom-sawyer-complete,1,,server-2,0,1,2,13.386,5.151,8.120
combined-lc-lrt-cache-off-warm100,70,1,2.6143,3.840,11.951,15.791,she,silas-marner,1,,server-2,0,2,1,13.386,2.698,4.236
combined-lc-lrt-cache-off-warm100,70,1,2.6286,2.183,13.230,15.413,she,a-journey-to-the-centre-of-the-earth,1,,server-2,0,2,1,13.386,2.536,4.236
combined-lc-lrt-cache-off-warm100,70,1,2.6429,1.813,17.349,19.162,london,the-warden,1,,server-2,0,2,0,13.386,1.913,7.193
combined-lc-lrt-cache-off-warm100,70,1,2.6571,5.271,31.631,36.902,he,madame-bovary,1,,server-2,0,2,0,13.386,1.800,7.193
combined-lc-lrt-cache-off-warm100,70,1,2.6714,22.898,26.089,48.987,whale,mansfield-park,1,,server-2,0,2,0,13.386,2.422,7.193
combined-lc-lrt-cache-off-warm100,70,1,2.6857,1.631,24.903,26.534,castle,a-tale-of-two-cities,1,,server-3,0,2,1,13.386,2.422,7.193
combined-lc-lrt-cache-off-warm100,70,1,2.7000,12.755,10.912,23.667,and,herland,1,,server-3,0,1,2,13.386,5.756,3.793
combined-lc-lrt-cache-off-warm100,70,1,2.7143,8.538,17.885,26.423,night,the-last-of-the-mohicans-a-narrative-of-1757-27681,1,,server-3,0,1,2,13.386,5.756,4.458
combined-lc-lrt-cache-off-warm100,70,1,2.7286,12.689,31.949,44.638,castle,oliver-twist,1,,server-3,0,0,2,13.386,7.798,3.705
combined-lc-lrt-cache-off-warm100,70,1,2.7429,1.071,46.861,47.932,money,the-memoirs-of-sherlock-holmes,1,,server-3,0,0,2,13.386,7.798,3.832
combined-lc-lrt-cache-off-warm100,70,1,2.7571,2.143,9.548,11.691,letter,the-hound-of-the-baskervilles-3070,1,,server-2,0,1,2,13.386,7.798,3.129
combined-lc-lrt-cache-off-warm100,70,1,2.7714,1.088,33.337,34.425,the,the-last-of-the-mohicans-a-narrative-of-1757,1,,server-2,0,1,2,13.386,4.090,3.129
combined-lc-lrt-cache-off-warm100,70,1,2.7857,22.681,53.026,75.706,and,emma,1,,server-2,0,2,1,13.386,2.162,7.228
combined-lc-lrt-cache-off-warm100,70,1,2.8000,8.841,75.722,84.562,house,pride-and-prejudice,1,,server-2,0,3,0,13.386,2.162,11.200
combined-lc-lrt-cache-off-warm100,70,1,2.8143,17.645,79.733,97.378,house,north-and-south,1,,server-2,0,3,0,13.386,3.559,11.200
combined-lc-lrt-cache-off-warm100,70,1,2.8286,4.103,22.516,26.619,was,the-first-men-in-the-moon,1,,server-3,0,3,1,13.386,3.062,11.200
combined-lc-lrt-cache-off-warm100,70,1,2.8429,12.815,15.401,28.216,she,black-beauty,1,,server-3,0,3,2,13.386,4.929,5.968
combined-lc-lrt-cache-off-warm100,70,1,2.8571,12.139,23.073,35.212,sea,the-return-of-sherlock-holmes,1,,server-3,0,3,2,13.386,4.929,4.951
combined-lc-lrt-cache-off-warm100,70,1,2.8714,3.754,31.071,34.825,the,the-adventures-of-tom-sawyer-complete,1,,server-3,0,2,2,13.386,13.793,4.872
combined-lc-lrt-cache-off-warm100,70,1,2.8857,7.529,44.740,52.270,and,the-moonstone,1,,server-3,0,1,3,13.386,20.948,3.418
combined-lc-lrt-cache-off-warm100,70,1,2.9000,7.272,58.836,66.109,of,memoirs-of-fanny-hill,1,,server-3,0,1,3,13.386,20.948,4.292
combined-lc-lrt-cache-off-warm100,70,1,2.9143,25.542,27.432,52.975,whale,the-hound-of-the-baskervilles,1,,server-3,0,0,3,13.386,21.464,4.306
combined-lc-lrt-cache-off-warm100,70,1,2.9286,1.797,23.282,25.079,and,northanger-abbey,1,,server-1,1,0,3,13.386,21.464,4.306
combined-lc-lrt-cache-off-warm100,70,1,2.9429,11.507,22.162,33.670,the,the-divine-comedy,1,,server-1,2,0,2,6.968,21.464,9.278
combined-lc-lrt-cache-off-warm100,70,1,2.9571,19.549,14.875,34.424,the,the-secret-garden,1,,server-1,2,0,2,5.212,21.464,9.278
combined-lc-lrt-cache-off-warm100,70,1,2.9714,1.395,11.437,12.832,money,treasure-island,1,,server-3,2,0,1,5.212,21.464,10.065
combined-lc-lrt-cache-off-warm100,70,1,2.9857,1.640,20.565,22.205,castle,the-scarlet-letter-33,1,,server-3,1,0,1,5.571,21.464,5.126
combined-lc-lrt-cache-off-warm100,70,1,3.0000,8.498,23.291,31.789,the,sense-and-sensibility,1,,server-3,0,0,2,5.891,21.464,2.721
combined-lc-lrt-cache-off-warm100,70,1,3.0143,1.400,17.188,18.588,house,the-king-in-yellow,1,,server-1,1,0,1,5.891,21.464,3.347
combined-lc-lrt-cache-off-warm100,70,1,3.0286,5.071,17.958,23.029,she,herland,1,,server-1,2,0,1,3.100,21.464,3.347
combined-lc-lrt-cache-off-warm100,70,1,3.0429,8.853,38.925,47.779,of,the-jungle,1,,server-1,2,0,0,2.827,21.464,5.805
combined-lc-lrt-cache-off-warm100,70,1,3.0571,5.190,33.310,38.500,london,the-last-of-the-mohicans-a-narrative-of-1757,1,,server-3,1,0,1,3.358,21.464,5.805
combined-lc-lrt-cache-off-warm100,70,1,3.0714,24.946,28.597,53.543,whale,emma,1,,server-3,1,0,2,3.358,21.464,3.261
combined-lc-lrt-cache-off-warm100,70,1,3.0857,6.053,22.819,28.872,was,grimms-fairy-tales,1,,server-1,2,0,2,3.358,21.464,3.261
combined-lc-lrt-cache-off-warm100,70,1,3.1000,15.172,17.410,32.582,letter,adventures-of-huckleberry-finn,1,,server-1,2,0,1,4.901,21.464,6.132
combined-lc-lrt-cache-off-warm100,70,1,3.1143,11.519,10.246,21.765,was,the-prince,1,,server-3,2,0,2,8.341,21.464,6.132
combined-lc-lrt-cache-off-warm100,70,1,3.1286,4.531,27.926,32.456,love,the-mysterious-island,1,,server-1,2,0,1,4.905,21.464,5.722
combined-lc-lrt-cache-off-warm100,70,1,3.1429,1.744,24.980,26.724,money,emma,1,,server-3,1,0,1,3.404,21.464,5.267
combined-lc-lrt-cache-off-warm100,70,1,3.1571,13.126,22.464,35.590,the,a-tale-of-two-cities,1,,server-3,1,0,2,3.404,21.464,2.797
combined-lc-lrt-cache-off-warm100,70,1,3.1714,1.857,11.656,13.514,house,the-warden,1,,server-1,1,0,1,6.623,21.464,4.148
combined-lc-lrt-cache-off-warm100,70,1,3.1857,0.973,9.181,10.153,king,around-the-world-in-eighty-days,1,,server-1,1,0,1,4.035,21.464,4.148
combined-lc-lrt-cache-off-warm100,70,1,3.2000,1.180,13.369,14.549,the,the-war-of-the-worlds,1,,server-1,1,0,0,2.790,21.464,6.189
combined-lc-lrt-cache-off-warm100,70,1,3.2143,1.235,30.034,31.269,london,jude-the-obscure,1,,server-1,2,0,0,3.021,21.464,6.189
combined-lc-lrt-cache-off-warm100,70,1,3.2286,17.222,25.942,43.164,she,around-the-world-in-eighty-days,1,,server-1,2,0,0,1.608,21.464,6.189
combined-lc-lrt-cache-off-warm100,70,1,3.2429,3.102,10.082,13.184,was,black-beauty,1,,server-1,3,0,0,1.608,21.464,6.189
combined-lc-lrt-cache-off-warm100,70,1,3.2571,1.317,15.633,16.950,whale,the-war-of-the-worlds,1,,server-3,2,0,1,3.231,21.464,6.189
combined-lc-lrt-cache-off-warm100,70,1,3.2714,1.176,26.395,27.571,the,the-picture-of-dorian-gray,1,,server-1,2,0,1,3.231,21.464,3.244
combined-lc-lrt-cache-off-warm100,70,1,3.2857,3.102,20.880,23.982,the,autobiography-of-benjamin-franklin,1,,server-3,1,0,1,3.211,21.464,4.532
combined-lc-lrt-cache-off-warm100,70,1,3.3000,10.131,22.497,32.628,house,adventures-of-huckleberry-finn,1,,server-3,0,0,2,6.209,21.464,2.534
combined-lc-lrt-cache-off-warm100,70,1,3.3143,2.019,18.753,20.771,whale,grimms-fairy-tales,1,,server-1,1,0,1,6.209,21.464,3.445
combined-lc-lrt-cache-off-warm100,70,1,3.3286,7.167,36.756,43.923,king,the-innocents-abroad,1,,server-1,2,0,1,3.309,21.464,3.445
combined-lc-lrt-cache-off-warm100,70,1,3.3429,1.895,27.289,29.185,king,the-song-of-the-lark,1,,server-3,1,0,1,3.385,21.464,5.730
combined-lc-lrt-cache-off-warm100,70,1,3.3571,15.819,26.705,42.523,letter,great-expectations,1,,server-3,1,0,2,3.385,21.464,3.046
combined-lc-lrt-cache-off-warm100,70,1,3.3714,2.220,16.775,18.995,letter,madame-bovary,1,,server-1,2,0,2,3.385,21.464,8.970
combined-lc-lrt-cache-off-warm100,70,1,3.3857,5.071,16.755,21.826,of,madame-bovary,1,,server-1,2,0,1,4.185,21.464,4.701
combined-lc-lrt-cache-off-warm100,70,1,3.4000,8.370,22.736,31.106,she,the-song-of-the-lark,1,,server-1,2,0,0,3.121,21.464,7.191
combined-lc-lrt-cache-off-warm100,70,1,3.4143,17.296,12.069,29.365,you,the-wind-in-the-willows,1,,server-1,2,0,0,3.167,21.464,7.191
combined-lc-lrt-cache-off-warm100,70,1,3.4286,1.421,21.714,23.135,love,a-connecticut-yankee-in-king-arthur-s-court,1,,server-3,2,0,1,3.167,21.464,7.191
combined-lc-lrt-cache-off-warm100,70,1,3.4429,9.219,9.270,18.489,the,the-kama-sutra-of-vatsyayana,1,,server-3,1,0,2,5.933,21.464,3.769
combined-lc-lrt-cache-off-warm100,70,1,3.4571,1.477,22.375,23.852,you,madame-bovary,1,,server-1,1,0,1,4.778,21.464,3.775
combined-lc-lrt-cache-off-warm100,70,1,3.4714,1.507,11.015,12.522,heart,frankenstein-or-the-modern-prometheus,1,,server-3,1,0,1,2.522,21.464,3.814
combined-lc-lrt-cache-off-warm100,70,1,3.4857,0.958,19.723,20.681,death,life-on-the-mississippi,1,,server-3,0,0,1,5.116,21.464,2.970
combined-lc-lrt-cache-off-warm100,70,1,3.5000,6.682,13.776,20.459,letter,the-memoirs-of-sherlock-holmes,1,,server-3,0,0,2,5.116,21.464,1.570
combined-lc-lrt-cache-off-warm100,70,1,3.5143,1.425,23.451,24.877,king,oliver-twist,1,,server-1,1,0,1,5.116,21.464,3.020
combined-lc-lrt-cache-off-warm100,70,1,3.5286,1.621,12.556,14.177,letter,dubliners,1,,server-3,1,0,1,2.727,21.464,4.091
combined-lc-lrt-cache-off-warm100,70,1,3.5429,1.673,18.085,19.758,the,treasure-island,1,,server-1,1,0,1,5.435,21.464,3.339
combined-lc-lrt-cache-off-warm100,70,1,3.5571,2.155,16.511,18.665,castle,the-adventures-of-sherlock-holmes,1,,server-3,1,0,1,2.853,21.464,3.339
combined-lc-lrt-cache-off-warm100,70,1,3.5714,5.117,20.515,25.631,she,persuasion,1,,server-3,0,0,2,4.661,21.464,1.815
combined-lc-lrt-cache-off-warm100,70,1,3.5857,1.656,25.295,26.951,letter,the-adventures-of-sherlock-holmes,1,,server-1,1,0,1,4.661,21.464,2.369
combined-lc-lrt-cache-off-warm100,70,1,3.6000,1.755,22.935,24.690,night,hard-times,1,,server-3,1,0,1,2.457,21.464,4.745
combined-lc-lrt-cache-off-warm100,70,1,3.6143,10.884,21.986,32.871,horse,the-last-of-the-mohicans-a-narrative-of-1757-27681,1,,server-3,0,0,2,5.499,21.464,2.509
combined-lc-lrt-cache-off-warm100,70,1,3.6286,1.983,21.498,23.481,king,the-odyssey,1,,server-1,1,0,1,5.499,21.464,3.720
combined-lc-lrt-cache-off-warm100,70,1,3.6429,9.420,21.747,31.167,money,silas-marner,1,,server-1,2,0,1,2.913,21.464,3.720
combined-lc-lrt-cache-off-warm100,70,1,3.6571,2.109,27.943,30.051,was,dracula,1,,server-3,1,0,1,3.933,21.464,5.814
combined-lc-lrt-cache-off-warm100,70,1,3.6714,16.014,26.950,42.964,heart,the-memoirs-of-sherlock-holmes,1,,server-3,1,0,2,3.933,21.464,3.080
combined-lc-lrt-cache-off-warm100,70,1,3.6857,1.375,16.078,17.454,whale,the-kama-sutra-of-vatsyayana,1,,server-1,1,0,2,5.907,21.464,4.810
combined-lc-lrt-cache-off-warm100,70,1,3.7000,3.974,29.074,33.048,he,the-jungle,1,,server-1,2,0,1,3.114,21.464,5.124
combined-lc-lrt-cache-off-warm100,70,1,3.7143,19.341,20.428,39.768,and,the-works-of-edgar-allan-poe-volume-2,1,,server-1,2,0,1,2.575,21.464,9.371
combined-lc-lrt-cache-off-warm100,70,1,3.7286,1.491,9.021,10.512,sea,the-great-gatsby,1,,server-3,2,0,1,2.575,21.464,7.533
combined-lc-lrt-cache-off-warm100,70,1,3.7429,1.333,13.036,14.369,money,around-the-world-in-eighty-days,1,,server-3,1,0,1,5.075,21.464,3.904
combined-lc-lrt-cache-off-warm100,70,1,3.7571,1.814,22.897,24.711,you,the-adventures-of-sherlock-holmes,1,,server-1,1,0,1,6.477,21.464,3.302
combined-lc-lrt-cache-off-warm100,70,1,3.7714,2.091,22.110,24.201,horse,far-from-the-madding-crowd,1,,server-3,1,0,1,3.400,21.464,3.302
combined-lc-lrt-cache-off-warm100,70,1,3.7857,10.628,18.228,28.856,of,autobiography-of-benjamin-franklin,1,,server-3,0,0,2,5.778,21.464,1.802
combined-lc-lrt-cache-off-warm100,70,1,3.8000,1.251,25.774,27.025,the,the-age-of-innocence,1,,server-1,1,0,1,5.778,21.464,3.397
combined-lc-lrt-cache-off-warm100,70,1,3.8143,13.775,45.970,59.745,heart,far-from-the-madding-crowd,1,,server-1,2,0,1,3.038,21.464,5.023
combined-lc-lrt-cache-off-warm100,70,1,3.8286,4.536,43.602,48.138,london,dracula,1,,server-3,1,0,1,4.438,21.464,5.023
combined-lc-lrt-cache-off-warm100,70,1,3.8429,31.374,22.078,53.452,horse,the-works-of-edgar-allan-poe-volume-2,1,,server-3,1,0,2,4.438,21.464,2.772
combined-lc-lrt-cache-off-warm100,70,1,3.8571,17.074,11.900,28.974,whale,poirot-investigates,1,,server-1,2,0,2,4.438,21.464,4.074
combined-lc-lrt-cache-off-warm100,70,1,3.8714,6.787,37.088,43.875,of,the-jungle,1,,server-3,2,0,3,5.961,21.464,4.074
combined-lc-lrt-cache-off-warm100,70,1,3.8857,1.774,28.490,30.264,love,the-jungle,1,,server-1,2,0,2,8.193,21.464,5.544
combined-lc-lrt-cache-off-warm100,70,1,3.9000,16.753,31.947,48.700,death,washington-square,1,,server-1,2,0,1,3.430,21.464,6.757
combined-lc-lrt-cache-off-warm100,70,1,3.9143,2.482,21.508,23.990,letter,wuthering-heights,1,,server-1,3,0,1,3.430,21.464,6.757
combined-lc-lrt-cache-off-warm100,70,1,3.9286,10.408,28.665,39.073,night,adventures-of-huckleberry-finn,1,,server-1,3,0,0,2.703,21.464,10.170
combined-lc-lrt-cache-off-warm100,70,1,3.9429,1.604,15.024,16.628,heart,washington-square,1,,server-3,3,0,1,4.505,21.464,10.170
combined-lc-lrt-cache-off-warm100,70,1,3.9571,3.065,13.508,16.573,love,the-hound-of-the-baskervilles,1,,server-3,1,0,2,8.482,21.464,5.299
combined-lc-lrt-cache-off-warm100,70,1,3.9714,2.762,31.020,33.782,you,the-mysterious-island,1,,server-3,0,0,2,8.684,21.464,3.197
combined-lc-lrt-cache-off-warm100,70,1,3.9857,19.672,34.660,54.332,of,twenty-thousand-leagues-under-the-sea,1,,server-3,0,0,2,8.684,21.464,2.367
combined-lc-lrt-cache-off-warm100,70,1,4.0000,6.020,17.987,24.008,horse,the-wind-in-the-willows,1,,server-3,0,0,3,8.684,21.464,2.367
combined-lc-lrt-cache-off-warm100,70,1,4.0143,2.079,24.600,26.679,whale,the-last-of-the-mohicans-a-narrative-of-1757,1,,server-1,1,0,2,8.684,21.464,3.476
combined-lc-lrt-cache-off-warm100,70,1,4.0286,13.023,17.953,30.977,you,white-fang,1,,server-1,2,0,2,4.554,21.464,6.253
combined-lc-lrt-cache-off-warm100,70,1,4.0429,16.196,39.016,55.212,she,little-women,1,,server-1,2,0,0,4.761,21.464,10.177
combined-lc-lrt-cache-off-warm100,70,1,4.0571,3.211,26.272,29.482,she,myths-and-legends-of-ancient-greece-and-rome,1,,server-3,2,0,1,3.927,21.464,10.177
combined-lc-lrt-cache-off-warm100,70,1,4.0714,27.461,9.536,36.997,king,poirot-investigates,1,,server-1,2,0,1,5.334,21.464,5.375
combined-lc-lrt-cache-off-warm100,70,1,4.0857,1.966,30.557,32.523,whale,the-vicomte-de-bragelonne,1,,server-3,2,0,2,5.334,21.464,5.375
combined-lc-lrt-cache-off-warm100,70,1,4.1000,18.535,27.613,46.148,night,the-iliad-2199,1,,server-3,1,0,2,7.438,21.464,3.942
combined-lc-lrt-cache-off-warm100,70,1,4.1143,1.749,27.221,28.971,sea,north-and-south,1,,server-1,1,0,2,6.213,21.464,3.942
combined-lc-lrt-cache-off-warm100,70,1,4.1286,15.669,16.268,31.937,the,myths-and-legends-of-ancient-greece-and-rome,1,,server-1,2,0,1,3.304,21.464,5.594
combined-lc-lrt-cache-off-warm100,70,1,4.1429,4.072,26.511,30.584,money,mansfield-park,1,,server-3,2,0,2,7.968,21.464,5.594
combined-lc-lrt-cache-off-warm100,70,1,4.1571,16.920,24.246,41.167,death,pride-and-prejudice,1,,server-3,1,0,2,4.811,21.464,4.369
combined-lc-lrt-cache-off-warm100,70,1,4.1714,1.968,16.290,18.258,whale,the-king-in-yellow,1,,server-1,1,0,2,5.624,21.464,4.369
combined-lc-lrt-cache-off-warm100,70,1,4.1857,4.567,35.922,40.489,of,the-vicomte-de-bragelonne,1,,server-1,2,0,1,2.951,21.464,5.228
combined-lc-lrt-cache-off-warm100,70,1,4.2000,26.637,18.729,45.366,sea,the-odyssey,1,,server-1,2,0,0,2.621,21.464,7.159
combined-lc-lrt-cache-off-warm100,70,1,4.2143,1.413,23.814,25.227,and,emma,1,,server-3,2,0,1,2.621,21.464,7.159
combined-lc-lrt-cache-off-warm100,70,1,4.2286,11.945,14.533,26.478,she,frankenstein-or-the-modern-prometheus,1,,server-3,1,0,2,6.639,21.464,3.737
combined-lc-lrt-cache-off-warm100,70,1,4.2429,12.620,19.692,32.312,the,the-memoirs-of-sherlock-holmes,1,,server-3,1,0,2,6.639,21.464,4.310
combined-lc-lrt-cache-off-warm100,70,1,4.2571,1.235,28.605,29.840,of,the-moonstone,1,,server-1,1,0,1,7.186,21.464,3.791
combined-lc-lrt-cache-off-warm100,70,1,4.2714,15.819,25.326,41.146,was,little-women,1,,server-1,2,0,1,3.742,21.464,3.791
combined-lc-lrt-cache-off-warm100,70,1,4.2857,1.729,17.380,19.109,was,the-age-of-innocence,1,,server-3,2,0,1,3.742,21.464,5.507
combined-lc-lrt-cache-off-warm100,70,1,4.3000,5.450,16.925,22.374,and,walden-and-on-the-duty-of-civil-disobedience,1,,server-3,1,0,2,5.074,21.464,2.917
combined-lc-lrt-cache-off-warm100,70,1,4.3143,8.184,22.879,31.063,heart,leaves-of-grass,1,,server-3,0,0,2,7.219,21.464,2.915
combined-lc-lrt-cache-off-warm100,70,1,4.3286,17.381,23.287,40.668,sea,a-connecticut-yankee-in-king-arthur-s-court,1,,server-3,0,0,2,7.219,21.464,3.369
combined-lc-lrt-cache-off-warm100,70,1,4.3429,1.122,18.371,19.492,he,the-picture-of-dorian-gray,1,,server-1,1,0,2,7.219,21.464,3.369
combined-lc-lrt-cache-off-warm100,70,1,4.3571,6.022,12.934,18.956,love,persuasion,1,,server-1,2,0,1,3.767,21.464,4.661
combined-lc-lrt-cache-off-warm100,70,1,4.3714,5.076,12.825,17.901,castle,the-prince,1,,server-1,2,0,0,3.241,21.464,6.637
combined-lc-lrt-cache-off-warm100,70,1,4.3857,4.451,32.714,37.164,money,the-american,1,,server-1,2,0,0,2.562,21.464,6.637
combined-lc-lrt-cache-off-warm100,70,1,4.4000,23.710,23.446,47.155,whale,desperate-remedies,1,,server-1,2,0,0,2.195,21.464,6.637
combined-lc-lrt-cache-off-warm100,70,1,4.4143,9.385,33.347,42.732,the,the-king-in-yellow,1,,server-1,3,0,0,2.195,21.464,6.637
combined-lc-lrt-cache-off-warm100,70,1,4.4286,1.330,14.844,16.174,she,agnes-grey,1,,server-3,2,0,1,3.553,21.464,6.637
combined-lc-lrt-cache-off-warm100,70,1,4.4429,2.225,9.324,11.549,he,the-prince,1,,server-3,2,0,2,3.553,21.464,3.483
combined-lc-lrt-cache-off-warm100,70,1,4.4571,1.304,21.369,22.673,money,the-jungle-book,1,,server-3,1,0,1,9.115,21.464,3.061
combined-lc-lrt-cache-off-warm100,70,1,4.4714,9.198,17.752,26.950,heart,black-beauty,1,,server-3,0,0,2,9.115,21.464,1.634
combined-lc-lrt-cache-off-warm100,70,1,4.4857,13.483,23.287,36.770,and,the-american,1,,server-3,0,0,2,9.115,21.464,3.117
combined-lc-lrt-cache-off-warm100,70,1,4.5000,1.214,49.933,51.147,she,desperate-remedies,1,,server-3,0,0,2,9.115,21.464,3.763
combined-lc-lrt-cache-off-warm100,70,1,4.5143,10.291,37.113,47.404,and,the-king-in-yellow,1,,server-3,0,0,3,9.115,21.464,2.109
combined-lc-lrt-cache-off-warm100,70,1,4.5286,1.495,11.927,13.422,king,black-beauty,1,,server-1,1,0,2,9.115,21.464,3.780
combined-lc-lrt-cache-off-warm100,70,1,4.5429,1.306,9.496,10.802,he,the-lost-world,1,,server-1,1,0,2,4.841,21.464,3.780
combined-lc-lrt-cache-off-warm100,70,1,4.5571,1.218,19.445,20.664,king,the-return-of-sherlock-holmes-108,1,,server-1,1,0,2,3.131,21.464,10.345
combined-lc-lrt-cache-off-warm100,70,1,4.5714,6.550,16.912,23.462,london,grimms-fairy-tales,1,,server-1,2,0,0,1.656,21.464,12.498
combined-lc-lrt-cache-off-warm100,70,1,4.5857,9.467,13.667,23.134,london,northanger-abbey,1,,server-1,2,0,0,2.992,21.464,12.498
combined-lc-lrt-cache-off-warm100,70,1,4.6000,9.129,21.122,30.251,king,the-return-of-sherlock-holmes,1,,server-1,2,0,0,3.437,21.464,12.498
combined-lc-lrt-cache-off-warm100,70,1,4.6143,16.356,10.434,26.791,money,the-great-gatsby,1,,server-1,2,0,0,3.248,21.464,12.498
combined-lc-lrt-cache-off-warm100,70,1,4.6286,2.268,29.934,32.202,house,myths-and-legends-of-ancient-greece-and-rome,1,,server-1,3,0,0,3.248,21.464,12.498
combined-lc-lrt-cache-off-warm100,70,1,4.6429,18.802,41.233,60.035,she,jane-eyre-an-autobiography,1,,server-1,3,0,0,3.912,21.464,12.498
combined-lc-lrt-cache-off-warm100,70,1,4.6571,2.315,19.368,21.682,money,a-journey-to-the-centre-of-the-earth,1,,server-3,3,0,1,3.912,21.464,12.498
combined-lc-lrt-cache-off-warm100,70,1,4.6714,31.602,25.005,56.607,night,the-last-of-the-mohicans-a-narrative-of-1757-27681,1,,server-1,2,0,1,6.392,21.464,6.506
combined-lc-lrt-cache-off-warm100,70,1,4.6857,1.994,14.323,16.317,she,the-mysterious-affair-at-styles,1,,server-3,2,0,1,6.392,21.464,7.172
combined-lc-lrt-cache-off-warm100,70,1,4.7000,2.532,23.691,26.223,love,the-return-of-sherlock-holmes,1,,server-3,2,0,2,10.636,21.464,3.764
combined-lc-lrt-cache-off-warm100,70,1,4.7143,12.639,31.191,43.830,letter,north-and-south,1,,server-3,1,0,2,8.882,21.464,2.620
combined-lc-lrt-cache-off-warm100,70,1,4.7286,1.798,41.378,43.176,the,beyond-good-and-evil,1,,server-3,0,0,2,9.638,21.464,3.925
combined-lc-lrt-cache-off-warm100,70,1,4.7429,17.118,45.876,62.994,was,beyond-good-and-evil,1,,server-3,0,0,3,9.638,21.464,2.136
combined-lc-lrt-cache-off-warm100,70,1,4.7571,1.965,38.639,40.603,the,the-mystery-of-edwin-drood,1,,server-3,0,0,4,9.638,21.464,2.136
combined-lc-lrt-cache-off-warm100,70,1,4.7714,3.534,39.750,43.284,house,the-vicomte-de-bragelonne,1,,server-1,1,0,3,9.638,21.464,10.634
combined-lc-lrt-cache-off-warm100,70,1,4.7857,29.390,44.623,74.013,night,north-and-south,1,,server-1,2,0,3,5.122,21.464,10.634
combined-lc-lrt-cache-off-warm100,70,1,4.8000,15.238,20.887,36.125,was,leaves-of-grass,1,,server-1,3,0,3,5.122,21.464,14.554
combined-lc-lrt-cache-off-warm100,70,1,4.8143,1.595,17.230,18.825,of,kidnapped,1,,server-3,3,0,1,14.646,21.464,16.441
combined-lc-lrt-cache-off-warm100,70,1,4.8286,32.347,15.491,47.838,love,the-adventures-of-tom-sawyer-complete,1,,server-1,3,0,1,5.168,21.464,8.476
combined-lc-lrt-cache-off-warm100,70,1,4.8429,1.431,13.192,14.623,money,the-secret-adversary,1,,server-3,3,0,1,8.222,21.464,8.134
combined-lc-lrt-cache-off-warm100,70,1,4.8571,1.818,34.186,36.004,and,the-romance-of-lust-a-classic-victorian-erotic-novel,1,,server-3,3,0,2,10.760,21.464,5.993
combined-lc-lrt-cache-off-warm100,70,1,4.8714,22.025,23.373,45.397,he,treasure-island,1,,server-3,1,0,2,10.341,21.464,2.559
combined-lc-lrt-cache-off-warm100,70,1,4.8857,7.508,14.224,21.732,of,autobiography-of-benjamin-franklin,1,,server-3,0,0,3,9.021,21.464,2.559
combined-lc-lrt-cache-off-warm100,70,1,4.9000,1.564,19.565,21.129,of,adventures-of-huckleberry-finn,1,,server-1,1,0,2,9.021,21.464,4.358
combined-lc-lrt-cache-off-warm100,70,1,4.9143,7.089,17.638,24.727,the,persuasion,1,,server-1,2,0,2,4.695,21.464,6.219
combined-lc-lrt-cache-off-warm100,70,1,4.9286,2.227,16.159,18.386,was,the-mystery-of-edwin-drood,1,,server-3,1,0,1,4.052,21.464,7.843
combined-lc-lrt-cache-off-warm100,70,1,4.9429,1.311,26.080,27.390,letter,north-and-south,1,,server-1,1,0,1,5.352,21.464,4.130
combined-lc-lrt-cache-off-warm100,70,1,4.9571,1.640,13.592,15.232,he,the-picture-of-dorian-gray,1,,server-3,1,0,1,2.800,21.464,5.145
combined-lc-lrt-cache-off-warm100,70,1,4.9714,1.190,11.452,12.642,of,dubliners,1,,server-1,1,0,1,5.900,21.464,3.847
combined-lc-lrt-cache-off-warm100,70,1,4.9857,1.756,27.943,29.699,he,tess-of-the-d-urbervilles-a-pure-woman,1,,server-1,1,0,0,3.766,21.464,3.847
combined-lc-lrt-cache-off-warm100,70,1,5.0000,2.093,20.310,22.403,the,the-american,1,,server-3,1,0,1,2.004,21.464,3.847
combined-lc-lrt-cache-off-warm100,70,1,5.0143,1.588,18.865,20.453,love,the-last-of-the-mohicans-a-narrative-of-1757-27681,1,,server-1,2,0,1,2.004,21.464,2.082
combined-lc-lrt-cache-off-warm100,70,1,5.0286,1.315,33.757,35.072,sea,the-mysterious-island,1,,server-3,1,0,1,2.969,21.464,4.496
combined-lc-lrt-cache-off-warm100,70,1,5.0429,20.616,17.074,37.690,heart,the-divine-comedy,1,,server-3,0,0,2,4.844,21.464,2.370
combined-lc-lrt-cache-off-warm100,70,1,5.0571,1.354,24.755,26.109,heart,life-on-the-mississippi,1,,server-1,1,0,2,4.844,21.464,2.370
combined-lc-lrt-cache-off-warm100,70,1,5.0714,12.554,14.886,27.440,you,meditations,1,,server-1,2,0,1,2.552,21.464,6.741
combined-lc-lrt-cache-off-warm100,70,1,5.0857,1.253,17.702,18.955,love,walden-and-on-the-duty-of-civil-disobedience,1,,server-3,1,0,1,4.014,21.464,6.953
combined-lc-lrt-cache-off-warm100,70,1,5.1000,1.264,22.531,23.795,sea,dracula,1,,server-1,1,0,1,4.859,21.464,3.631
combined-lc-lrt-cache-off-warm100,70,1,5.1143,9.883,18.599,28.483,house,the-return-of-sherlock-holmes-108,1,,server-1,2,0,0,2.556,21.464,5.129
combined-lc-lrt-cache-off-warm100,70,1,5.1286,1.498,14.573,16.072,he,memoirs-of-fanny-hill,1,,server-3,1,0,1,3.589,21.464,5.129
combined-lc-lrt-cache-off-warm100,70,1,5.1429,2.464,10.824,13.288,money,a-princess-of-mars,1,,server-3,1,0,2,5.223,21.464,2.733
combined-lc-lrt-cache-off-warm100,70,1,5.1571,1.404,23.089,24.493,castle,the-house-of-mirth,1,,server-3,0,0,1,5.223,21.464,3.104
combined-lc-lrt-cache-off-warm100,70,1,5.1714,10.431,18.145,28.576,letter,the-house-of-the-seven-gables,1,,server-3,0,0,2,5.223,21.464,1.640
combined-lc-lrt-cache-off-warm100,70,1,5.1857,1.605,17.174,18.779,whale,the-mystery-of-edwin-drood,1,,server-1,1,0,1,5.223,21.464,3.324
combined-lc-lrt-cache-off-warm100,70,1,5.2000,5.358,38.585,43.943,he,little-women,1,,server-1,2,0,1,2.749,21.464,6.185
combined-lc-lrt-cache-off-warm100,70,1,5.2143,2.655,18.208,20.863,money,thus-spake-zarathustra-a-book-for-all-and-none,1,,server-3,1,0,1,2.729,21.464,4.962
combined-lc-lrt-cache-off-warm100,70,1,5.2286,6.920,25.165,32.085,london,the-american,1,,server-3,1,0,2,2.729,21.464,2.686
combined-lc-lrt-cache-off-warm100,70,1,5.2429,1.587,13.542,15.128,night,the-war-of-the-worlds,1,,server-1,2,0,1,2.729,21.464,2.949
combined-lc-lrt-cache-off-warm100,70,1,5.2571,4.238,34.558,38.796,night,the-mysterious-island,1,,server-3,1,0,2,4.109,21.464,2.949
combined-lc-lrt-cache-off-warm100,70,1,5.2714,2.577,19.083,21.659,love,the-adventures-of-sherlock-holmes,1,,server-1,1,0,1,4.750,21.464,3.458
combined-lc-lrt-cache-off-warm100,70,1,5.2857,8.216,17.001,25.217,the,sense-and-sensibility,1,,server-1,2,0,1,2.590,21.464,3.458
combined-lc-lrt-cache-off-warm100,70,1,5.3000,11.160,16.833,27.993,death,the-wind-in-the-willows,1,,server-1,2,0,0,3.124,21.464,7.665
combined-lc-lrt-cache-off-warm100,70,1,5.3143,14.468,15.035,29.503,king,cranford,1,,server-1,2,0,0,3.453,21.464,7.665
combined-lc-lrt-cache-off-warm100,70,1,5.3286,1.189,25.794,26.983,and,adventures-of-huckleberry-finn,1,,server-3,1,0,1,6.005,21.464,7.665
combined-lc-lrt-cache-off-warm100,70,1,5.3429,1.313,11.696,13.009,castle,agnes-grey,1,,server-1,2,0,1,3.914,21.464,4.019
combined-lc-lrt-cache-off-warm100,70,1,5.3571,1.379,27.309,28.688,night,the-house-of-mirth,1,,server-1,1,0,0,3.415,21.464,6.658
combined-lc-lrt-cache-off-warm100,70,1,5.3714,15.152,13.649,28.801,whale,a-princess-of-mars,1,,server-1,2,0,0,1.814,21.464,6.658
combined-lc-lrt-cache-off-warm100,70,1,5.3857,1.299,21.537,22.836,love,the-portrait-of-a-lady-volume-1,1,,server-3,2,0,1,8.111,21.464,6.658
combined-lc-lrt-cache-off-warm100,70,1,5.4000,9.101,13.885,22.986,death,the-wind-in-the-willows,1,,server-3,1,0,2,4.827,21.464,3.488
combined-lc-lrt-cache-off-warm100,70,1,5.4143,1.873,28.513,30.385,was,the-mysterious-island,1,,server-1,1,0,1,4.827,21.464,3.707
combined-lc-lrt-cache-off-warm100,70,1,5.4286,1.156,25.379,26.535,castle,the-song-of-the-lark,1,,server-3,1,0,1,2.550,21.464,4.546
combined-lc-lrt-cache-off-warm100,70,1,5.4429,12.838,19.137,31.975,and,thus-spake-zarathustra-a-book-for-all-and-none,1,,server-3,1,0,2,2.550,21.464,2.391
combined-lc-lrt-cache-off-warm100,70,1,5.4571,1.336,37.304,38.640,sea,the-iliad,1,,server-1,1,0,1,6.130,21.464,4.101
combined-lc-lrt-cache-off-warm100,70,1,5.4714,25.251,22.690,47.940,london,sense-and-sensibility,1,,server-1,2,0,1,3.208,21.464,4.101
combined-lc-lrt-cache-off-warm100,70,1,5.4857,2.414,16.103,18.517,heart,the-secret-adversary,1,,server-3,2,0,1,3.208,21.464,5.627
combined-lc-lrt-cache-off-warm100,70,1,5.5000,4.976,18.861,23.837,house,the-age-of-innocence,1,,server-3,1,0,2,6.607,21.464,3.000
combined-lc-lrt-cache-off-warm100,70,1,5.5143,10.251,30.191,40.442,the,oliver-twist,1,,server-3,1,0,2,6.607,21.464,2.652
combined-lc-lrt-cache-off-warm100,70,1,5.5286,26.773,8.213,34.986,love,the-kama-sutra-of-vatsyayana,1,,server-3,0,0,2,7.740,21.464,3.325
combined-lc-lrt-cache-off-warm100,70,1,5.5429,1.720,9.918,11.638,whale,the-lost-world,1,,server-1,1,0,2,7.740,21.464,3.325
combined-lc-lrt-cache-off-warm100,70,1,5.5571,1.336,41.151,42.487,castle,the-vicomte-de-bragelonne,1,,server-1,1,0,1,4.157,21.464,6.208
combined-lc-lrt-cache-off-warm100,70,1,5.5714,28.310,20.812,49.122,of,pride-and-prejudice,1,,server-1,2,0,0,2.201,21.464,5.221
combined-lc-lrt-cache-off-warm100,70,1,5.5857,2.805,23.739,26.544,king,the-american,1,,server-3,2,0,1,2.201,21.464,5.221
combined-lc-lrt-cache-off-warm100,70,1,5.6000,12.829,22.967,35.796,house,the-american,1,,server-3,1,0,2,7.268,21.464,2.815
combined-lc-lrt-cache-off-warm100,70,1,5.6143,1.648,34.237,35.885,she,treasure-island,1,,server-3,1,0,2,7.268,21.464,4.080
combined-lc-lrt-cache-off-warm100,70,1,5.6286,1.529,26.289,27.818,money,desperate-remedies,1,,server-1,1,0,2,7.871,21.464,2.756
combined-lc-lrt-cache-off-warm100,70,1,5.6429,14.350,8.886,23.236,whale,beyond-good-and-evil,1,,server-1,2,0,1,4.105,21.464,7.085
combined-lc-lrt-cache-off-warm100,70,1,5.6571,1.423,7.977,9.400,house,the-jungle-book,1,,server-3,1,0,1,4.781,21.464,7.442
combined-lc-lrt-cache-off-warm100,70,1,5.6714,1.249,26.087,27.336,you,madame-bovary,1,,server-3,0,0,1,4.387,21.464,3.698
combined-lc-lrt-cache-off-warm100,70,1,5.6857,13.268,25.779,39.047,the,oliver-twist,1,,server-3,0,0,2,4.387,21.464,1.951
combined-lc-lrt-cache-off-warm100,70,1,5.7000,1.639,12.344,13.983,horse,the-wind-in-the-willows,1,,server-1,1,0,1,4.387,21.464,4.318
combined-lc-lrt-cache-off-warm100,70,1,5.7143,1.550,19.786,21.336,money,a-tale-of-two-cities,1,,server-1,2,0,1,3.392,21.464,4.318
combined-lc-lrt-cache-off-warm100,70,1,5.7286,7.882,10.905,18.787,night,silas-marner,1,,server-1,2,0,0,1.837,21.464,6.767
combined-lc-lrt-cache-off-warm100,70,1,5.7429,5.237,11.475,16.712,of,around-the-world-in-eighty-days,1,,server-1,2,0,0,2.881,21.464,6.767
combined-lc-lrt-cache-off-warm100,70,1,5.7571,3.243,15.982,19.226,of,dubliners,1,,server-1,2,0,0,2.304,21.464,6.767
combined-lc-lrt-cache-off-warm100,70,1,5.7714,5.225,26.229,31.455,you,jude-the-obscure,1,,server-1,2,0,0,1.912,21.464,6.767
combined-lc-lrt-cache-off-warm100,70,1,5.7857,17.869,17.430,35.299,he,anne-of-green-gables,1,,server-1,2,0,0,2.400,21.464,6.767
combined-lc-lrt-cache-off-warm100,70,1,5.8000,1.716,16.239,17.955,horse,grimms-fairy-tales,1,,server-3,2,0,1,2.400,21.464,6.767
combined-lc-lrt-cache-off-warm100,70,1,5.8143,4.493,36.402,40.895,letter,the-vicomte-de-bragelonne,1,,server-3,1,0,2,5.105,21.464,3.591
combined-lc-lrt-cache-off-warm100,70,1,5.8286,27.292,16.977,44.269,sea,the-return-of-sherlock-holmes,1,,server-3,0,0,2,5.989,21.464,2.827
combined-lc-lrt-cache-off-warm100,70,1,5.8429,2.449,11.179,13.628,london,the-wind-in-the-willows,1,,server-1,1,0,2,5.989,21.464,2.827
combined-lc-lrt-cache-off-warm100,70,1,5.8571,1.509,28.512,30.021,the,mansfield-park,1,,server-1,1,0,1,3.717,21.464,6.535
combined-lc-lrt-cache-off-warm100,70,1,5.8714,15.580,8.425,24.005,london,the-kama-sutra-of-vatsyayana,1,,server-1,2,0,1,1.958,21.464,6.535
combined-lc-lrt-cache-off-warm100,70,1,5.8857,1.568,9.915,11.483,heart,his-last-bow,1,,server-3,2,0,1,3.854,21.464,6.804
combined-lc-lrt-cache-off-warm100,70,1,5.9000,1.248,20.645,21.893,and,hard-times,1,,server-3,0,0,1,4.397,21.464,3.823
combined-lc-lrt-cache-off-warm100,70,1,5.9143,7.901,11.922,19.823,night,poirot-investigates,1,,server-3,0,0,2,4.397,21.464,2.030
combined-lc-lrt-cache-off-warm100,70,1,5.9286,1.905,17.952,19.857,sea,agnes-grey,1,,server-1,1,0,1,4.397,21.464,3.034
combined-lc-lrt-cache-off-warm100,70,1,5.9429,2.013,27.628,29.642,heart,villette,1,,server-3,1,0,1,2.362,21.464,3.819
combined-lc-lrt-cache-off-warm100,70,1,5.9571,15.898,12.546,28.444,heart,the-adventures-of-tom-sawyer-complete,1,,server-3,0,0,2,4.304,21.464,2.007
combined-lc-lrt-cache-off-warm100,70,1,5.9714,1.321,22.776,24.096,he,jude-the-obscure,1,,server-1,1,0,2,4.304,21.464,2.007
combined-lc-lrt-cache-off-warm100,70,1,5.9857,10.258,19.300,29.558,castle,grimms-fairy-tales,1,,server-1,2,0,0,2.265,21.464,4.976
combined-lc-lrt-cache-off-warm100,70,1,6.0000,1.257,12.807,14.064,king,agnes-grey,1,,server-3,1,0,1,3.549,21.464,4.976
combined-lc-lrt-cache-off-warm100,70,1,6.0143,1.666,21.142,22.808,king,the-house-of-mirth,1,,server-1,2,0,1,3.549,21.464,3.683
combined-lc-lrt-cache-off-warm100,70,1,6.0286,1.605,21.842,23.447,and,the-divine-comedy,1,,server-3,1,0,1,2.836,21.464,3.683
combined-lc-lrt-cache-off-warm100,70,1,6.0429,9.378,13.034,22.412,the,black-beauty,1,,server-3,0,0,2,5.131,21.464,1.952
combined-lc-lrt-cache-off-warm100,70,1,6.0571,1.867,17.174,19.041,she,the-secret-adversary,1,,server-1,1,0,1,5.131,21.464,4.074
combined-lc-lrt-cache-off-warm100,70,1,6.0714,1.588,18.866,20.454,the,the-age-of-innocence,1,,server-3,1,0,1,2.716,21.464,4.590
combined-lc-lrt-cache-off-warm100,70,1,6.0857,1.867,10.440,12.307,house,the-kama-sutra-of-vatsyayana,1,,server-1,1,0,1,4.438,21.464,2.444
combined-lc-lrt-cache-off-warm100,70,1,6.1000,1.781,32.844,34.624,you,jude-the-obscure,1,,server-1,1,0,0,3.126,21.464,4.501
combined-lc-lrt-cache-off-warm100,70,1,6.1143,21.001,12.964,33.965,whale,dubliners,1,,server-1,2,0,0,1.696,21.464,4.501
combined-lc-lrt-cache-off-warm100,70,1,6.1286,1.475,12.774,14.249,money,the-scarlet-letter-33,1,,server-3,2,0,1,1.696,21.464,4.501
combined-lc-lrt-cache-off-warm100,70,1,6.1429,1.337,20.899,22.236,and,the-house-of-mirth,1,,server-3,1,0,2,5.606,21.464,3.515
combined-lc-lrt-cache-off-warm100,70,1,6.1571,8.367,11.499,19.866,he,the-adventures-of-tom-sawyer-complete,1,,server-3,0,0,2,5.578,21.464,1.870
combined-lc-lrt-cache-off-warm100,70,1,6.1714,1.502,31.743,33.245,letter,the-adventures-of-ferdinand-count-fathom-complete,1,,server-1,1,0,1,5.578,21.464,3.078
combined-lc-lrt-cache-off-warm100,70,1,6.1857,1.900,21.842,23.742,love,adventures-of-huckleberry-finn,1,,server-3,1,0,1,2.946,21.464,3.770
combined-lc-lrt-cache-off-warm100,70,1,6.2000,10.094,20.757,30.850,was,treasure-island,1,,server-3,1,0,2,2.946,21.464,2.029
combined-lc-lrt-cache-off-warm100,70,1,6.2143,17.375,33.633,51.009,of,north-and-south,1,,server-3,0,0,2,6.916,21.464,3.344
combined-lc-lrt-cache-off-warm100,70,1,6.2286,1.910,17.509,19.420,death,the-mysterious-affair-at-styles,1,,server-1,1,0,2,6.916,21.464,3.344
combined-lc-lrt-cache-off-warm100,70,1,6.2429,5.695,11.893,17.588,house,the-king-in-yellow,1,,server-1,2,0,1,3.627,21.464,4.441
combined-lc-lrt-cache-off-warm100,70,1,6.2571,3.908,11.485,15.393,night,a-princess-of-mars,1,,server-1,2,0,1,3.050,21.464,4.441
combined-lc-lrt-cache-off-warm100,70,1,6.2714,1.577,19.563,21.140,money,the-last-of-the-mohicans-a-narrative-of-1757-27681,1,,server-1,2,0,0,2.363,21.464,8.155
combined-lc-lrt-cache-off-warm100,70,1,6.2857,7.992,18.424,26.416,heart,the-adventures-of-tom-sawyer-complete,1,,server-1,2,0,0,1.810,21.464,8.155
combined-lc-lrt-cache-off-warm100,70,1,6.3000,12.563,38.386,50.949,of,the-tenant-of-wildfell-hall,1,,server-1,2,0,0,3.078,21.464,8.155
combined-lc-lrt-cache-off-warm100,70,1,6.3143,36.849,24.114,60.963,letter,sense-and-sensibility,1,,server-1,2,0,0,3.636,21.464,8.155
combined-lc-lrt-cache-off-warm100,70,1,6.3286,4.396,20.866,25.262,house,anne-of-green-gables,1,,server-3,2,0,1,3.046,21.464,8.155
combined-lc-lrt-cache-off-warm100,70,1,6.3429,11.306,9.803,21.109,night,beyond-good-and-evil,1,,server-3,2,0,2,3.046,21.464,4.333
combined-lc-lrt-cache-off-warm100,70,1,6.3571,7.667,23.304,30.971,castle,far-from-the-madding-crowd,1,,server-3,1,0,2,9.615,21.464,4.370
combined-lc-lrt-cache-off-warm100,70,1,6.3714,17.467,17.760,35.227,of,the-age-of-innocence,1,,server-3,1,0,2,9.615,21.464,2.902
combined-lc-lrt-cache-off-warm100,70,1,6.3857,3.315,44.148,47.464,she,great-expectations,1,,server-3,0,0,3,9.911,21.464,2.902
combined-lc-lrt-cache-off-warm100,70,1,6.4000,33.287,18.134,51.421,of,the-age-of-innocence,1,,server-3,0,0,3,9.911,21.464,2.740
combined-lc-lrt-cache-off-warm100,70,1,6.4143,1.803,17.040,18.842,of,the-divine-comedy,1,,server-1,1,0,3,9.911,21.464,5.651
combined-lc-lrt-cache-off-warm100,70,1,6.4286,5.131,12.895,18.026,and,the-king-in-yellow,1,,server-1,2,0,3,5.137,21.464,5.651
combined-lc-lrt-cache-off-warm100,70,1,6.4429,4.727,13.084,17.811,king,the-jungle-book,1,,server-1,2,0,1,3.430,21.464,11.525
combined-lc-lrt-cache-off-warm100,70,1,6.4571,4.410,45.694,50.104,horse,persuasion,1,,server-1,2,0,0,2.666,21.464,10.228
combined-lc-lrt-cache-off-warm100,70,1,6.4714,36.843,57.451,94.294,you,the-song-of-the-lark,1,,server-1,2,0,0,2.286,21.464,10.228
combined-lc-lrt-cache-off-warm100,70,1,6.4857,23.008,70.599,93.607,sea,desert-gold,1,,server-1,3,0,0,2.286,21.464,10.228
combined-lc-lrt-cache-off-warm100,70,1,6.5000,8.483,54.414,62.898,night,a-connecticut-yankee-in-king-arthur-s-court,1,,server-1,4,0,0,2.286,21.464,10.228
combined-lc-lrt-cache-off-warm100,70,1,6.5143,3.492,35.963,39.455,whale,the-last-of-the-mohicans-a-narrative-of-1757,1,,server-3,3,0,1,3.275,21.464,10.228
combined-lc-lrt-cache-off-warm100,70,1,6.5286,25.924,14.164,40.088,he,meditations,1,,server-3,3,0,2,3.275,21.464,5.448
combined-lc-lrt-cache-off-warm100,70,1,6.5429,24.445,29.532,53.977,money,frankenstein-or-the-modern-prometheus,1,,server-1,4,0,2,3.275,21.464,5.448
combined-lc-lrt-cache-off-warm100,70,1,6.5571,11.738,11.800,23.538,of,dubliners,1,,server-3,4,0,2,3.275,21.464,7.125
combined-lc-lrt-cache-off-warm100,70,1,6.5714,10.215,25.993,36.208,the,the-american,1,,server-3,2,0,2,12.412,21.464,4.566
combined-lc-lrt-cache-off-warm100,70,1,6.5857,22.643,38.598,61.241,king,the-last-of-the-mohicans-a-narrative-of-1757-27681,1,,server-3,1,0,2,18.818,21.464,3.654
combined-lc-lrt-cache-off-warm100,70,1,6.6000,8.545,36.411,44.955,sea,the-age-of-innocence,1,,server-3,0,0,3,15.090,21.464,3.654
combined-lc-lrt-cache-off-warm100,70,1,6.6143,32.874,8.237,41.111,heart,the-kama-sutra-of-vatsyayana,1,,server-3,0,0,3,15.090,21.464,3.391
combined-lc-lrt-cache-off-warm100,70,1,6.6286,19.095,30.321,49.416,letter,the-works-of-edgar-allan-poe-volume-2,1,,server-3,0,0,4,15.090,21.464,3.391
combined-lc-lrt-cache-off-warm100,70,1,6.6429,1.309,13.795,15.104,the,the-war-of-the-worlds,1,,server-1,1,0,4,15.090,21.464,3.391
combined-lc-lrt-cache-off-warm100,70,1,6.6571,21.449,17.930,39.379,money,the-scarlet-letter-33,1,,server-3,1,0,2,7.801,21.464,4.806
combined-lc-lrt-cache-off-warm100,70,1,6.6714,1.388,26.759,28.148,money,tess-of-the-d-urbervilles-a-pure-woman,1,,server-1,1,0,2,7.173,21.464,4.806
combined-lc-lrt-cache-off-warm100,70,1,6.6857,14.408,21.305,35.713,love,frankenstein-or-the-modern-prometheus-41445,1,,server-1,2,0,1,3.752,21.464,6.117
combined-lc-lrt-cache-off-warm100,70,1,6.7000,1.259,42.398,43.657,she,villette,1,,server-3,1,0,1,5.943,21.464,6.763
combined-lc-lrt-cache-off-warm100,70,1,6.7143,29.928,26.981,56.909,house,mansfield-park,1,,server-3,1,0,2,4.780,21.464,3.524
combined-lc-lrt-cache-off-warm100,70,1,6.7286,1.625,22.736,24.361,whale,the-last-of-the-mohicans-a-narrative-of-1757,1,,server-1,1,0,2,6.383,21.464,3.524
combined-lc-lrt-cache-off-warm100,70,1,6.7429,10.795,14.279,25.074,heart,myths-and-legends-of-ancient-greece-and-rome,1,,server-1,2,0,2,3.349,21.464,3.524
combined-lc-lrt-cache-off-warm100,70,1,6.7571,11.323,12.038,23.361,of,the-warden,1,,server-1,2,0,1,3.920,21.464,7.547
combined-lc-lrt-cache-off-warm100,70,1,6.7714,9.516,16.481,25.996,london,memoirs-of-fanny-hill,1,,server-1,2,0,0,3.499,21.464,9.104
combined-lc-lrt-cache-off-warm100,70,1,6.7857,12.436,18.950,31.386,house,the-lost-world,1,,server-1,2,0,0,3.029,21.464,9.104
combined-lc-lrt-cache-off-warm100,70,1,6.8000,17.414,27.745,45.159,she,the-american,1,,server-1,2,0,0,3.501,21.464,9.104
combined-lc-lrt-cache-off-warm100,70,1,6.8143,3.233,45.083,48.316,heart,the-works-of-edgar-allan-poe-volume-2,1,,server-1,3,0,0,2.947,21.464,9.104
combined-lc-lrt-cache-off-warm100,70,1,6.8286,2.433,16.439,18.872,love,the-return-of-sherlock-holmes,1,,server-3,2,0,1,3.093,21.464,9.104
combined-lc-lrt-cache-off-warm100,70,1,6.8429,18.088,27.752,45.841,horse,the-odyssey,1,,server-1,3,0,1,3.093,21.464,4.734
combined-lc-lrt-cache-off-warm100,70,1,6.8571,2.165,25.021,27.186,heart,the-return-of-sherlock-holmes-108,1,,server-3,3,0,1,6.633,21.464,5.626
combined-lc-lrt-cache-off-warm100,70,1,6.8714,13.332,27.142,40.474,money,the-odyssey,1,,server-3,1,0,2,11.021,21.464,2.977
combined-lc-lrt-cache-off-warm100,70,1,6.8857,1.476,36.600,38.076,whale,the-hound-of-the-baskervilles-3070,1,,server-3,1,0,2,11.021,21.464,4.198
combined-lc-lrt-cache-off-warm100,70,1,6.9000,20.911,15.394,36.306,money,the-wind-in-the-willows,1,,server-3,0,0,3,11.184,21.464,2.278
combined-lc-lrt-cache-off-warm100,70,1,6.9143,1.954,23.503,25.457,london,the-adventures-of-sherlock-holmes,1,,server-1,1,0,3,11.184,21.464,8.009
combined-lc-lrt-cache-off-warm100,70,1,6.9286,11.465,32.693,44.158,night,the-iliad,1,,server-1,2,0,1,5.843,21.464,9.215
combined-lc-lrt-cache-off-warm100,70,1,6.9429,2.111,16.516,18.627,whale,autobiography-of-benjamin-franklin,1,,server-3,1,0,1,5.145,21.464,7.863
combined-lc-lrt-cache-off-warm100,70,1,6.9571,4.861,10.742,15.602,love,around-the-world-in-eighty-days,1,,server-3,1,0,2,5.145,21.464,4.118
combined-lc-lrt-cache-off-warm100,70,1,6.9714,2.234,12.964,15.198,horse,desert-gold,1,,server-3,1,0,2,5.145,21.464,3.069
combined-lc-lrt-cache-off-warm100,70,1,6.9857,1.456,11.199,12.655,sea,treasure-island,1,,server-3,0,0,2,8.450,21.464,1.901
combined-lc-lrt-cache-off-warm100,70,1,7.0000,1.371,14.703,16.074,you,around-the-world-in-eighty-days,1,,server-3,0,0,1,8.450,21.464,2.848
combined-lc-lrt-cache-off-warm100,70,1,7.0143,2.304,11.317,13.620,night,autobiography-of-benjamin-franklin,1,,server-3,0,0,2,8.450,21.464,1.515
combined-lc-lrt-cache-off-warm100,70,1,7.0286,1.346,15.637,16.983,he,the-picture-of-dorian-gray,1,,server-3,0,0,1,8.450,21.464,2.929
combined-lc-lrt-cache-off-warm100,70,1,7.0429,3.481,36.249,39.730,was,great-expectations,1,,server-3,0,0,2,8.450,21.464,1.584
combined-lc-lrt-cache-off-warm100,70,1,7.0571,26.471,29.529,56.000,love,a-journey-to-the-centre-of-the-earth,1,,server-3,0,0,2,8.450,21.464,2.030
combined-lc-lrt-cache-off-warm100,70,1,7.0714,11.937,17.131,29.068,king,grimms-fairy-tales,1,,server-3,0,0,3,8.450,21.464,2.030
combined-lc-lrt-cache-off-warm100,70,1,7.0857,1.318,24.514,25.832,she,madame-bovary,1,,server-1,1,0,2,8.450,21.464,4.068
combined-lc-lrt-cache-off-warm100,70,1,7.1000,12.378,13.690,26.068,death,herland,1,,server-1,2,0,2,4.399,21.464,6.599
combined-lc-lrt-cache-off-warm100,70,1,7.1143,1.171,28.139,29.310,night,the-portrait-of-a-lady-volume-1,1,,server-3,1,0,1,4.595,21.464,8.006
combined-lc-lrt-cache-off-warm100,70,1,7.1286,1.164,13.567,14.731,money,his-last-bow,1,,server-1,1,0,1,5.077,21.464,4.154
combined-lc-lrt-cache-off-warm100,70,1,7.1429,1.190,9.324,10.514,sea,the-wind-in-the-willows,1,,server-3,1,0,2,4.738,21.464,4.154
combined-lc-lrt-cache-off-warm100,70,1,7.1571,1.607,24.143,25.750,money,madame-bovary,1,,server-1,1,0,0,3.803,21.464,3.811
combined-lc-lrt-cache-off-warm100,70,1,7.1714,1.352,13.140,14.493,castle,the-scarlet-letter-33,1,,server-3,1,0,1,2.050,21.464,3.811
combined-lc-lrt-cache-off-warm100,70,1,7.1857,1.028,15.664,16.691,and,the-mystery-of-edwin-drood,1,,server-3,0,0,2,5.111,21.464,2.020
combined-lc-lrt-cache-off-warm100,70,1,7.2000,2.849,24.911,27.760,death,wuthering-heights,1,,server-3,0,0,2,5.111,21.464,1.778
combined-lc-lrt-cache-off-warm100,70,1,7.2143,13.964,11.300,25.263,money,the-wind-in-the-willows,1,,server-3,0,0,2,5.111,21.464,2.082
combined-lc-lrt-cache-off-warm100,70,1,7.2286,1.652,19.840,21.492,london,the-picture-of-dorian-gray,1,,server-1,1,0,1,5.111,21.464,4.015
combined-lc-lrt-cache-off-warm100,70,1,7.2429,1.924,29.572,31.496,death,the-romance-of-lust-a-classic-victorian-erotic-novel,1,,server-3,1,0,1,2.693,21.464,4.316
combined-lc-lrt-cache-off-warm100,70,1,7.2571,17.756,20.327,38.083,and,walden-and-on-the-duty-of-civil-disobedience,1,,server-3,0,0,2,4.864,21.464,2.327
combined-lc-lrt-cache-off-warm100,70,1,7.2714,1.337,21.170,22.507,and,tess-of-the-d-urbervilles-a-pure-woman,1,,server-1,1,0,2,4.864,21.464,2.327
combined-lc-lrt-cache-off-warm100,70,1,7.2857,8.978,28.483,37.461,house,life-on-the-mississippi,1,,server-1,2,0,1,2.576,21.464,4.900
combined-lc-lrt-cache-off-warm100,70,1,7.3000,1.546,35.769,37.315,was,the-innocents-abroad,1,,server-3,1,0,1,3.389,21.464,6.351
combined-lc-lrt-cache-off-warm100,70,1,7.3143,23.310,27.823,51.133,death,emma,1,,server-3,1,0,2,3.389,21.464,3.322
combined-lc-lrt-cache-off-warm100,70,1,7.3286,1.602,24.494,26.097,was,a-connecticut-yankee-in-king-arthur-s-court,1,,server-1,1,0,2,6.640,21.464,3.322
combined-lc-lrt-cache-off-warm100,70,1,7.3429,12.013,16.975,28.987,london,the-divine-comedy,1,,server-1,2,0,1,3.496,21.464,6.525
combined-lc-lrt-cache-off-warm100,70,1,7.3571,15.575,14.030,29.605,night,the-great-gatsby,1,,server-1,2,0,1,4.590,21.464,6.525
combined-lc-lrt-cache-off-warm100,70,1,7.3714,1.510,33.478,34.988,castle,oliver-twist,1,,server-3,2,0,1,6.942,21.464,8.520
combined-lc-lrt-cache-off-warm100,70,1,7.3857,1.604,16.369,17.973,and,myths-and-legends-of-ancient-greece-and-rome,1,,server-1,2,0,1,4.376,21.464,4.421
combined-lc-lrt-cache-off-warm100,70,1,7.4000,4.658,14.566,19.223,london,memoirs-of-fanny-hill,1,,server-1,2,0,1,2.635,21.464,4.421
combined-lc-lrt-cache-off-warm100,70,1,7.4143,5.519,10.459,15.978,and,the-prince,1,,server-1,2,0,0,2.607,21.464,8.117
combined-lc-lrt-cache-off-warm100,70,1,7.4286,2.818,29.232,32.050,castle,the-last-of-the-mohicans-a-narrative-of-1757-27681,1,,server-1,2,0,0,2.528,21.464,8.117
combined-lc-lrt-cache-off-warm100,70,1,7.4429,18.185,64.815,83.001,castle,mary-barton,1,,server-1,2,0,0,1.850,21.464,8.117
combined-lc-lrt-cache-off-warm100,70,1,7.4571,4.234,60.797,65.031,sea,villette,1,,server-1,3,0,0,1.850,21.464,8.117
combined-lc-lrt-cache-off-warm100,70,1,7.4714,55.258,27.826,83.084,london,the-iliad,1,,server-1,3,0,0,2.666,21.464,8.117
combined-lc-lrt-cache-off-warm100,70,1,7.4857,1.513,16.508,18.021,sea,kidnapped,1,,server-3,3,0,1,2.666,21.464,8.117
combined-lc-lrt-cache-off-warm100,70,1,7.5000,4.107,8.366,12.472,the,the-prince,1,,server-3,3,0,2,2.666,21.464,4.237
combined-lc-lrt-cache-off-warm100,70,1,7.5143,1.014,7.974,8.989,of,the-kama-sutra-of-vatsyayana,1,,server-3,3,0,1,2.666,21.464,3.243
combined-lc-lrt-cache-off-warm100,70,1,7.5286,1.383,17.872,19.256,whale,twenty-thousand-leagues-under-the-sea,1,,server-3,1,0,1,12.728,21.464,2.320
combined-lc-lrt-cache-off-warm100,70,1,7.5429,5.755,18.356,24.111,you,anne-of-green-gables,1,,server-3,1,0,2,12.728,21.464,1.243
combined-lc-lrt-cache-off-warm100,70,1,7.5571,10.337,25.870,36.207,house,wuthering-heights,1,,server-3,0,0,2,12.534,21.464,2.408
combined-lc-lrt-cache-off-warm100,70,1,7.5714,22.624,21.895,44.519,he,the-picture-of-dorian-gray,1,,server-3,0,0,2,12.534,21.464,3.240
combined-lc-lrt-cache-off-warm100,70,1,7.5857,9.482,44.648,54.130,money,the-american,1,,server-3,0,0,3,12.534,21.464,3.240
combined-lc-lrt-cache-off-warm100,70,1,7.6000,16.214,46.277,62.491,sea,the-odyssey,1,,server-3,0,0,3,12.534,21.464,3.791
combined-lc-lrt-cache-off-warm100,70,1,7.6143,1.726,17.967,19.693,castle,desert-gold,1,,server-1,1,0,3,12.534,21.464,5.721
combined-lc-lrt-cache-off-warm100,70,1,7.6286,6.212,22.050,28.262,sea,twenty-thousand-leagues-under-the-sea,1,,server-1,2,0,3,6.504,21.464,7.313
combined-lc-lrt-cache-off-warm100,70,1,7.6429,14.449,13.860,28.309,you,the-picture-of-dorian-gray,1,,server-1,2,0,1,4.128,21.464,14.530
combined-lc-lrt-cache-off-warm100,70,1,7.6571,2.899,30.177,33.076,night,white-fang,1,,server-1,3,0,1,5.627,21.464,14.530
combined-lc-lrt-cache-off-warm100,70,1,7.6714,1.523,14.333,15.856,was,the-great-gatsby,1,,server-3,2,0,1,5.056,21.464,12.874
combined-lc-lrt-cache-off-warm100,70,1,7.6857,5.311,29.785,35.096,love,the-odyssey,1,,server-1,2,0,1,5.056,21.464,6.657
combined-lc-lrt-cache-off-warm100,70,1,7.7000,3.847,33.332,37.179,she,the-vicomte-de-bragelonne,1,,server-3,1,0,1,3.606,21.464,6.405
combined-lc-lrt-cache-off-warm100,70,1,7.7143,23.638,30.902,54.540,of,life-on-the-mississippi,1,,server-3,1,0,2,3.606,21.464,3.477
combined-lc-lrt-cache-off-warm100,70,1,7.7286,1.613,12.387,14.000,was,frankenstein-or-the-modern-prometheus-41445,1,,server-1,1,0,2,6.984,21.464,3.477
combined-lc-lrt-cache-off-warm100,70,1,7.7429,1.585,13.443,15.028,death,around-the-world-in-eighty-days,1,,server-1,1,0,1,4.283,21.464,6.113
combined-lc-lrt-cache-off-warm100,70,1,7.7571,1.376,23.754,25.129,whale,tess-of-the-d-urbervilles-a-pure-woman,1,,server-1,2,0,1,2.264,21.464,6.113
combined-lc-lrt-cache-off-warm100,70,1,7.7714,11.531,17.555,29.086,whale,the-secret-garden-17396,1,,server-1,2,0,0,1.877,21.464,8.776
combined-lc-lrt-cache-off-warm100,70,1,7.7857,16.219,23.567,39.786,letter,the-adventures-of-sherlock-holmes,1,,server-1,2,0,0,3.637,21.464,8.776
combined-lc-lrt-cache-off-warm100,70,1,7.8000,3.239,21.126,24.365,night,the-lost-world,1,,server-3,2,0,1,6.221,21.464,8.776
combined-lc-lrt-cache-off-warm100,70,1,7.8143,11.775,17.830,29.605,and,walden-and-on-the-duty-of-civil-disobedience,1,,server-1,2,0,1,4.200,21.464,4.637
combined-lc-lrt-cache-off-warm100,70,1,7.8286,1.118,21.502,22.621,you,the-odyssey,1,,server-3,1,0,1,4.660,21.464,6.236
combined-lc-lrt-cache-off-warm100,70,1,7.8429,8.848,21.359,30.207,love,the-house-of-the-seven-gables,1,,server-3,1,0,2,4.660,21.464,3.267
combined-lc-lrt-cache-off-warm100,70,1,7.8571,1.304,13.338,14.642,she,beyond-good-and-evil,1,,server-1,1,0,1,5.792,21.464,3.648
combined-lc-lrt-cache-off-warm100,70,1,7.8714,1.790,24.124,25.914,money,the-last-of-the-mohicans-a-narrative-of-1757,1,,server-3,1,0,2,5.049,21.464,3.648
combined-lc-lrt-cache-off-warm100,70,1,7.8857,1.858,9.849,11.707,love,the-great-gatsby,1,,server-1,1,0,1,4.049,21.464,3.014
combined-lc-lrt-cache-off-warm100,70,1,7.9000,1.041,22.120,23.161,she,jude-the-obscure,1,,server-1,1,0,0,2.903,21.464,5.740
combined-lc-lrt-cache-off-warm100,70,1,7.9143,9.523,27.495,37.018,was,the-adventures-of-sherlock-holmes,1,,server-1,2,0,0,1.546,21.464,5.740
combined-lc-lrt-cache-off-warm100,70,1,7.9286,1.503,34.588,36.091,castle,mansfield-park,1,,server-3,1,0,1,3.444,21.464,5.740
combined-lc-lrt-cache-off-warm100,70,1,7.9429,22.364,17.128,39.492,was,hard-times,1,,server-3,1,0,2,3.444,21.464,3.028
combined-lc-lrt-cache-off-warm100,70,1,7.9571,1.199,11.396,12.595,heart,silas-marner,1,,server-1,1,0,2,6.572,21.464,3.028
combined-lc-lrt-cache-off-warm100,70,1,7.9714,1.668,12.913,14.581,whale,persuasion,1,,server-1,1,0,1,3.962,21.464,5.948
combined-lc-lrt-cache-off-warm100,70,1,7.9857,1.463,20.573,22.036,money,persuasion,1,,server-3,1,0,1,4.181,21.464,6.473
combined-lc-lrt-cache-off-warm100,70,1,8.0000,2.236,14.943,17.179,he,the-scarlet-letter,1,,server-1,1,0,1,3.396,21.464,3.366
combined-lc-lrt-cache-off-warm100,70,1,8.0143,3.446,12.615,16.061,night,kidnapped,1,,server-1,2,0,0,1.822,21.464,5.402
combined-lc-lrt-cache-off-warm100,70,1,8.0286,2.417,19.958,22.374,horse,the-wind-in-the-willows,1,,server-1,2,0,0,2.082,21.464,5.402
combined-lc-lrt-cache-off-warm100,70,1,8.0429,8.734,28.121,36.855,house,meditations,1,,server-1,2,0,0,1.873,21.464,5.402
combined-lc-lrt-cache-off-warm100,70,1,8.0571,4.345,29.118,33.463,london,a-tale-of-two-cities,1,,server-3,1,0,1,3.336,21.464,5.402
combined-lc-lrt-cache-off-warm100,70,1,8.0714,19.472,20.781,40.253,letter,the-last-of-the-mohicans-a-narrative-of-1757,1,,server-3,1,0,2,3.336,21.464,3.009
combined-lc-lrt-cache-off-warm100,70,1,8.0857,1.355,14.124,15.479,death,the-picture-of-dorian-gray,1,,server-1,1,0,2,6.528,21.464,3.009
combined-lc-lrt-cache-off-warm100,70,1,8.1000,1.630,20.067,21.697,money,thus-spake-zarathustra-a-book-for-all-and-none,1,,server-1,2,0,1,3.432,21.464,5.395
combined-lc-lrt-cache-off-warm100,70,1,8.1143,7.778,35.161,42.939,of,walden-and-on-the-duty-of-civil-disobedience,1,,server-1,2,0,0,2.340,21.464,6.730
combined-lc-lrt-cache-off-warm100,70,1,8.1286,4.339,20.487,24.826,heart,the-hound-of-the-baskervilles-3070,1,,server-3,1,0,1,3.462,21.464,6.730
combined-lc-lrt-cache-off-warm100,70,1,8.1429,14.049,27.829,41.878,heart,a-tale-of-two-cities,1,,server-1,2,0,1,3.462,21.464,3.619
combined-lc-lrt-cache-off-warm100,70,1,8.1571,1.276,21.094,22.370,money,the-mystery-of-edwin-drood,1,,server-3,2,0,1,7.222,21.464,5.509
combined-lc-lrt-cache-off-warm100,70,1,8.1714,8.783,26.571,35.355,the,the-innocents-abroad,1,,server-3,1,0,2,5.797,21.464,2.886
combined-lc-lrt-cache-off-warm100,70,1,8.1857,22.120,37.559,59.679,london,the-iliad,1,,server-3,0,0,2,8.076,21.464,3.376
combined-lc-lrt-cache-off-warm100,70,1,8.2000,1.681,14.555,16.236,king,frankenstein-or-the-modern-prometheus,1,,server-1,1,0,2,8.076,21.464,3.376
combined-lc-lrt-cache-off-warm100,70,1,8.2143,3.187,16.855,20.042,house,the-secret-garden-17396,1,,server-1,2,0,1,4.235,21.464,5.379
combined-lc-lrt-cache-off-warm100,70,1,8.2286,6.432,13.458,19.890,castle,agnes-grey,1,,server-1,2,0,1,2.830,21.464,5.379
combined-lc-lrt-cache-off-warm100,70,1,8.2429,6.284,12.539,18.823,letter,autobiography-of-benjamin-franklin,1,,server-1,2,0,1,2.981,21.464,5.379
combined-lc-lrt-cache-off-warm100,70,1,8.2571,5.256,41.719,46.975,was,the-moonstone,1,,server-1,2,0,0,2.650,21.464,9.388
combined-lc-lrt-cache-off-warm100,70,1,8.2714,33.207,42.877,76.085,night,adventures-of-huckleberry-finn,1,,server-1,2,0,0,2.310,21.464,9.388
combined-lc-lrt-cache-off-warm100,70,1,8.2857,20.209,59.124,79.333,love,silas-marner,1,,server-1,3,0,0,2.310,21.464,9.388
combined-lc-lrt-cache-off-warm100,70,1,8.3000,8.256,54.911,63.168,and,beyond-good-and-evil,1,,server-1,4,0,0,2.310,21.464,9.388
combined-lc-lrt-cache-off-warm100,70,1,8.3143,3.876,24.556,28.432,heart,the-war-of-the-worlds,1,,server-3,3,0,1,4.471,21.464,9.388
combined-lc-lrt-cache-off-warm100,70,1,8.3286,14.520,21.450,35.970,she,the-jungle,1,,server-3,3,0,2,4.471,21.464,5.071
combined-lc-lrt-cache-off-warm100,70,1,8.3429,20.610,29.267,49.878,night,life-on-the-mississippi,1,,server-1,4,0,2,4.471,21.464,7.152
combined-lc-lrt-cache-off-warm100,70,1,8.3571,7.645,16.405,24.050,she,frankenstein-or-the-modern-prometheus-41445,1,,server-3,4,0,2,11.997,21.464,5.729
combined-lc-lrt-cache-off-warm100,70,1,8.3714,10.824,9.529,20.353,money,the-hound-of-the-baskervilles-3070,1,,server-3,1,0,2,14.289,21.464,4.326
combined-lc-lrt-cache-off-warm100,70,1,8.3857,6.534,12.225,18.760,money,washington-square,1,,server-3,1,0,2,14.289,21.464,3.999
combined-lc-lrt-cache-off-warm100,70,1,8.4000,5.217,23.009,28.225,whale,frankenstein-or-the-modern-prometheus,1,,server-3,0,0,2,13.532,21.464,2.639
combined-lc-lrt-cache-off-warm100,70,1,8.4143,14.245,23.599,37.845,night,silas-marner,1,,server-3,0,0,2,13.532,21.464,2.453
combined-lc-lrt-cache-off-warm100,70,1,8.4286,3.432,39.599,43.031,money,silas-marner,1,,server-3,0,0,3,13.532,21.464,4.290
combined-lc-lrt-cache-off-warm100,70,1,8.4429,11.221,38.794,50.015,sea,jude-the-obscure,1,,server-3,0,0,3,13.532,21.464,3.086
combined-lc-lrt-cache-off-warm100,70,1,8.4571,1.530,15.977,17.507,heart,the-lost-world,1,,server-1,1,0,2,13.532,21.464,6.516
combined-lc-lrt-cache-off-warm100,70,1,8.4714,3.837,26.173,30.010,house,north-and-south,1,,server-1,2,0,2,7.018,21.464,10.709
combined-lc-lrt-cache-off-warm100,70,1,8.4857,15.942,11.880,27.822,whale,the-mysterious-affair-at-styles,1,,server-1,2,0,1,3.888,21.464,8.704
combined-lc-lrt-cache-off-warm100,70,1,8.5000,1.426,16.115,17.540,death,grimms-fairy-tales,1,,server-3,2,0,1,3.888,21.464,9.225
combined-lc-lrt-cache-off-warm100,70,1,8.5143,1.308,28.021,29.329,you,the-return-of-sherlock-holmes,1,,server-1,1,0,1,4.970,21.464,4.802
combined-lc-lrt-cache-off-warm100,70,1,8.5286,15.552,32.213,47.765,money,the-innocents-abroad,1,,server-1,2,0,0,2.602,21.464,5.598
combined-lc-lrt-cache-off-warm100,70,1,8.5429,1.975,14.028,16.003,letter,kidnapped,1,,server-3,2,0,1,2.602,21.464,5.598
combined-lc-lrt-cache-off-warm100,70,1,8.5571,2.234,14.513,16.746,castle,the-lost-world,1,,server-3,1,0,2,4.588,21.464,2.967
combined-lc-lrt-cache-off-warm100,70,1,8.5714,3.036,11.427,14.463,sea,the-adventures-of-tom-sawyer-complete,1,,server-3,1,0,2,4.588,21.464,2.210
combined-lc-lrt-cache-off-warm100,70,1,8.5857,1.831,27.700,29.531,and,the-last-of-the-mohicans-a-narrative-of-1757-27681,1,,server-3,0,0,2,8.004,21.464,3.939
combined-lc-lrt-cache-off-warm100,70,1,8.6000,15.883,45.718,61.601,letter,the-iliad-2199,1,,server-3,0,0,2,8.004,21.464,1.673
combined-lc-lrt-cache-off-warm100,70,1,8.6143,1.747,24.233,25.980,london,the-return-of-sherlock-holmes-108,1,,server-3,0,0,3,8.004,21.464,1.673
combined-lc-lrt-cache-off-warm100,70,1,8.6286,29.573,27.395,56.968,horse,tess-of-the-d-urbervilles-a-pure-woman,1,,server-3,0,0,3,8.004,21.464,2.296
combined-lc-lrt-cache-off-warm100,70,1,8.6429,2.153,25.783,27.935,money,the-tenant-of-wildfell-hall,1,,server-1,1,0,3,8.004,21.464,5.819
combined-lc-lrt-cache-off-warm100,70,1,8.6571,13.944,28.892,42.836,he,the-innocents-abroad,1,,server-1,2,0,3,4.194,21.464,5.819
combined-lc-lrt-cache-off-warm100,70,1,8.6714,1.817,47.547,49.364,love,the-works-of-edgar-allan-poe-volume-2,1,,server-1,2,0,1,4.780,21.464,10.486
combined-lc-lrt-cache-off-warm100,70,1,8.6857,15.379,36.677,52.055,king,the-mystery-of-edwin-drood,1,,server-1,3,0,1,2.598,21.464,10.530
combined-lc-lrt-cache-off-warm100,70,1,8.7000,1.333,13.483,14.817,was,the-secret-garden-17396,1,,server-3,2,0,1,7.069,21.464,10.530
combined-lc-lrt-cache-off-warm100,70,1,8.7143,7.328,25.834,33.161,night,his-last-bow,1,,server-1,3,0,1,4.609,21.464,6.981
combined-lc-lrt-cache-off-warm100,70,1,8.7286,1.985,28.674,30.660,london,the-mysterious-island,1,,server-3,2,0,1,6.052,21.464,5.600
combined-lc-lrt-cache-off-warm100,70,1,8.7429,16.946,40.711,57.657,sea,the-last-of-the-mohicans-a-narrative-of-1757,1,,server-3,1,0,2,9.715,21.464,2.979
combined-lc-lrt-cache-off-warm100,70,1,8.7571,2.840,36.199,39.039,house,the-secret-garden,1,,server-3,0,0,3,10.318,21.464,2.979
combined-lc-lrt-cache-off-warm100,70,1,8.7714,28.911,20.798,49.709,castle,adventures-of-huckleberry-finn,1,,server-3,0,0,3,10.318,21.464,2.743
combined-lc-lrt-cache-off-warm100,70,1,8.7857,1.486,18.245,19.731,sea,a-connecticut-yankee-in-king-arthur-s-court,1,,server-1,1,0,3,10.318,21.464,2.743
combined-lc-lrt-cache-off-warm100,70,1,8.8000,6.097,18.731,24.828,castle,the-odyssey,1,,server-1,2,0,3,5.351,21.464,15.345
combined-lc-lrt-cache-off-warm100,70,1,8.8143,11.060,13.035,24.095,the,herland,1,,server-1,2,0,1,3.741,21.464,9.895
combined-lc-lrt-cache-off-warm100,70,1,8.8286,10.654,19.397,30.051,you,persuasion,1,,server-1,2,0,0,3.754,21.464,9.586
combined-lc-lrt-cache-off-warm100,70,1,8.8429,16.116,26.797,42.913,heart,the-divine-comedy,1,,server-1,2,0,0,3.286,21.464,9.586
combined-lc-lrt-cache-off-warm100,70,1,8.8571,2.030,25.502,27.531,love,the-mystery-of-edwin-drood,1,,server-3,2,0,1,3.286,21.464,9.586
combined-lc-lrt-cache-off-warm100,70,1,8.8714,14.491,17.768,32.259,money,the-house-of-the-seven-gables,1,,server-1,2,0,1,4.169,21.464,4.994
combined-lc-lrt-cache-off-warm100,70,1,8.8857,1.124,19.063,20.187,castle,the-house-of-mirth,1,,server-3,2,0,1,6.528,21.464,7.211
combined-lc-lrt-cache-off-warm100,70,1,8.9000,6.437,12.382,18.819,castle,autobiography-of-benjamin-franklin,1,,server-3,1,0,2,5.244,21.464,3.749
combined-lc-lrt-cache-off-warm100,70,1,8.9143,1.370,11.406,12.776,heart,the-hound-of-the-baskervilles,1,,server-1,1,0,1,6.142,21.464,3.342
combined-lc-lrt-cache-off-warm100,70,1,8.9286,1.284,24.932,26.216,sea,madame-bovary,1,,server-1,1,0,0,3.843,21.464,4.063
combined-lc-lrt-cache-off-warm100,70,1,8.9429,1.236,11.101,12.336,was,the-kama-sutra-of-vatsyayana,1,,server-3,1,0,1,2.033,21.464,4.063
combined-lc-lrt-cache-off-warm100,70,1,8.9571,1.488,42.898,44.387,london,the-mysterious-island,1,,server-3,0,0,1,5.258,21.464,3.077
combined-lc-lrt-cache-off-warm100,70,1,8.9714,30.782,13.032,43.814,and,treasure-island,1,,server-3,0,0,2,5.258,21.464,1.625
combined-lc-lrt-cache-off-warm100,70,1,8.9857,16.761,25.153,41.914,the,memoirs-of-fanny-hill,1,,server-3,0,0,3,5.258,21.464,1.625
combined-lc-lrt-cache-off-warm100,70,1,9.0000,2.071,32.116,34.187,night,jane-eyre-an-autobiography,1,,server-1,1,0,3,5.258,21.464,1.625
combined-lc-lrt-cache-off-warm100,70,1,9.0143,20.047,40.779,60.826,whale,madame-bovary,1,,server-1,2,0,2,2.807,21.464,4.563
combined-lc-lrt-cache-off-warm100,70,1,9.0286,6.658,42.116,48.774,he,sense-and-sensibility,1,,server-1,3,0,0,2.807,21.464,8.461
combined-lc-lrt-cache-off-warm100,70,1,9.0429,1.858,11.791,13.650,money,treasure-island,1,,server-3,2,0,1,3.174,21.464,8.461
combined-lc-lrt-cache-off-warm100,70,1,9.0571,1.085,22.773,23.858,death,the-last-of-the-mohicans-a-narrative-of-1757,1,,server-3,2,0,1,3.174,21.464,4.657
combined-lc-lrt-cache-off-warm100,70,1,9.0714,10.220,9.266,19.486,king,poirot-investigates,1,,server-3,2,0,2,3.174,21.464,2.442
combined-lc-lrt-cache-off-warm100,70,1,9.0857,6.100,13.771,19.872,house,the-wind-in-the-willows,1,,server-3,0,0,2,11.051,21.464,3.643
combined-lc-lrt-cache-off-warm100,70,1,9.1000,7.204,39.305,46.509,castle,the-hound-of-the-baskervilles,1,,server-3,0,0,2,11.051,21.464,2.598
combined-lc-lrt-cache-off-warm100,70,1,9.1143,33.290,49.424,82.714,he,poirot-investigates,1,,server-3,0,0,2,11.051,21.464,2.776
combined-lc-lrt-cache-off-warm100,70,1,9.1286,22.495,45.148,67.643,castle,cranford,1,,server-3,0,0,3,11.051,21.464,3.553
combined-lc-lrt-cache-off-warm100,70,1,9.1429,7.325,41.403,48.729,whale,the-works-of-edgar-allan-poe-volume-2,1,,server-1,1,0,3,11.051,21.464,3.553
combined-lc-lrt-cache-off-warm100,70,1,9.1571,5.695,41.565,47.260,of,agnes-grey,1,,server-1,2,0,2,6.074,21.464,6.760
combined-lc-lrt-cache-off-warm100,70,1,9.1714,22.061,32.585,54.646,house,white-fang,1,,server-1,3,0,2,4.293,21.464,6.760
combined-lc-lrt-cache-off-warm100,70,1,9.1857,7.766,19.056,26.822,london,the-mysterious-affair-at-styles,1,,server-1,4,0,2,4.293,21.464,6.760
combined-lc-lrt-cache-off-warm100,70,1,9.2000,1.678,22.605,24.282,death,pride-and-prejudice,1,,server-3,3,0,1,4.947,21.464,13.073
combined-lc-lrt-cache-off-warm100,70,1,9.2143,12.724,12.361,25.085,letter,the-mysterious-affair-at-styles,1,,server-1,2,0,1,6.387,21.464,6.784
combined-lc-lrt-cache-off-warm100,70,1,9.2286,1.392,14.176,15.568,london,poirot-investigates,1,,server-3,1,0,1,5.973,21.464,7.909
combined-lc-lrt-cache-off-warm100,70,1,9.2429,2.011,17.529,19.540,he,autobiography-of-benjamin-franklin,1,,server-1,1,0,1,5.755,21.464,4.136
combined-lc-lrt-cache-off-warm100,70,1,9.2571,1.612,25.281,26.893,she,the-jungle,1,,server-3,1,0,1,3.040,21.464,4.881
combined-lc-lrt-cache-off-warm100,70,1,9.2714,1.874,10.606,12.480,letter,his-last-bow,1,,server-1,1,0,1,4.674,21.464,2.587
combined-lc-lrt-cache-off-warm100,70,1,9.2857,1.479,28.467,29.946,castle,the-vicomte-de-bragelonne,1,,server-1,1,0,0,3.231,21.464,5.665
combined-lc-lrt-cache-off-warm100,70,1,9.3000,16.135,17.460,33.595,king,a-connecticut-yankee-in-king-arthur-s-court,1,,server-1,2,0,0,1.715,21.464,5.665
combined-lc-lrt-cache-off-warm100,70,1,9.3143,2.264,27.933,30.197,death,the-war-of-the-worlds,1,,server-1,3,0,0,1.715,21.464,5.665
combined-lc-lrt-cache-off-warm100,70,1,9.3286,1.490,23.400,24.891,was,thus-spake-zarathustra-a-book-for-all-and-none,1,,server-3,2,0,1,2.438,21.464,5.665
combined-lc-lrt-cache-off-warm100,70,1,9.3429,10.771,27.064,37.835,love,a-tale-of-two-cities,1,,server-3,2,0,2,6.068,21.464,2.997
combined-lc-lrt-cache-off-warm100,70,1,9.3571,1.335,25.880,27.215,london,the-adventures-of-ferdinand-count-fathom-complete,1,,server-1,1,0,1,8.285,21.464,4.256
combined-lc-lrt-cache-off-warm100,70,1,9.3714,9.930,9.183,19.112,king,the-great-gatsby,1,,server-3,1,0,2,4.312,21.464,4.256
combined-lc-lrt-cache-off-warm100,70,1,9.3857,1.178,14.673,15.851,of,the-secret-adversary,1,,server-1,1,0,1,6.815,21.464,4.510
combined-lc-lrt-cache-off-warm100,70,1,9.4000,2.021,39.658,41.679,the,far-from-the-madding-crowd,1,,server-3,1,0,1,3.555,21.464,4.285
combined-lc-lrt-cache-off-warm100,70,1,9.4143,4.899,16.858,21.757,king,the-hound-of-the-baskervilles,1,,server-1,1,0,1,4.584,21.464,2.309
combined-lc-lrt-cache-off-warm100,70,1,9.4286,13.235,12.148,25.383,sea,the-warden,1,,server-3,1,0,2,2.592,21.464,2.309
combined-lc-lrt-cache-off-warm100,70,1,9.4429,0.946,11.212,12.158,night,the-warden,1,,server-1,1,0,1,4.205,21.464,5.888
combined-lc-lrt-cache-off-warm100,70,1,9.4571,1.566,40.820,42.386,heart,the-vicomte-de-bragelonne,1,,server-1,1,0,0,3.169,21.464,5.672
combined-lc-lrt-cache-off-warm100,70,1,9.4714,29.198,29.137,58.335,she,frankenstein-or-the-modern-prometheus-41445,1,,server-1,2,0,0,1.707,21.464,5.672
combined-lc-lrt-cache-off-warm100,70,1,9.4857,16.491,44.090,60.581,love,the-divine-comedy,1,,server-1,3,0,0,1.707,21.464,5.672
combined-lc-lrt-cache-off-warm100,70,1,9.5000,2.196,37.461,39.658,death,the-iliad-2199,1,,server-3,3,0,1,8.454,21.464,5.672
combined-lc-lrt-cache-off-warm100,70,1,9.5143,25.876,30.519,56.395,was,the-hound-of-the-baskervilles-3070,1,,server-3,2,0,2,5.277,21.464,3.050
combined-lc-lrt-cache-off-warm100,70,1,9.5286,11.820,32.399,44.219,heart,the-house-of-mirth,1,,server-3,2,0,3,5.277,21.464,3.050
combined-lc-lrt-cache-off-warm100,70,1,9.5429,26.452,28.695,55.147,money,the-iliad-2199,1,,server-3,1,0,3,7.947,21.464,4.032
combined-lc-lrt-cache-off-warm100,70,1,9.5571,2.459,12.876,15.335,he,frankenstein-or-the-modern-prometheus-41445,1,,server-1,1,0,3,11.885,21.464,3.309
combined-lc-lrt-cache-off-warm100,70,1,9.5714,1.986,19.388,21.374,whale,the-works-of-edgar-allan-poe-volume-2,1,,server-1,2,0,3,6.193,21.464,9.869
combined-lc-lrt-cache-off-warm100,70,1,9.5857,7.817,25.212,33.029,whale,the-romance-of-lust-a-classic-victorian-erotic-novel,1,,server-1,2,0,1,3.244,21.464,9.595
combined-lc-lrt-cache-off-warm100,70,1,9.6000,19.439,37.082,56.521,letter,the-house-of-mirth,1,,server-1,2,0,0,3.254,21.464,10.463
combined-lc-lrt-cache-off-warm100,70,1,9.6143,5.299,20.384,25.683,and,the-age-of-innocence,1,,server-1,3,0,0,3.254,21.464,10.463
combined-lc-lrt-cache-off-warm100,70,1,9.6286,28.104,19.986,48.090,house,far-from-the-madding-crowd,1,,server-1,3,0,0,2.874,21.464,10.463
combined-lc-lrt-cache-off-warm100,70,1,9.6429,1.655,17.040,18.695,the,anne-of-green-gables,1,,server-3,2,0,1,6.184,21.464,10.463
combined-lc-lrt-cache-off-warm100,70,1,9.6571,5.137,13.384,18.521,castle,the-hound-of-the-baskervilles,1,,server-3,1,0,2,8.322,21.464,5.447
combined-lc-lrt-cache-off-warm100,70,1,9.6714,5.094,16.091,21.185,heart,twenty-thousand-leagues-under-the-sea,1,,server-3,1,0,2,8.322,21.464,3.600
combined-lc-lrt-cache-off-warm100,70,1,9.6857,7.550,23.958,31.508,love,the-works-of-edgar-allan-poe-volume-2,1,,server-3,0,0,2,8.448,21.464,2.650
combined-lc-lrt-cache-off-warm100,70,1,9.7000,18.046,24.048,42.094,horse,dracula,1,,server-3,0,0,2,8.448,21.464,2.883
combined-lc-lrt-cache-off-warm100,70,1,9.7143,1.762,13.470,15.232,sea,the-mysterious-affair-at-styles,1,,server-1,1,0,2,8.448,21.464,2.883
combined-lc-lrt-cache-off-warm100,70,1,9.7286,1.408,11.709,13.117,sea,the-adventures-of-tom-sawyer-complete,1,,server-1,2,0,1,4.428,21.464,4.647
combined-lc-lrt-cache-off-warm100,70,1,9.7429,1.154,11.528,12.682,and,meditations,1,,server-1,1,0,0,3.463,21.464,6.728
combined-lc-lrt-cache-off-warm100,70,1,9.7571,1.613,34.189,35.802,letter,tess-of-the-d-urbervilles-a-pure-woman,1,,server-1,1,0,0,2.963,21.464,6.728
combined-lc-lrt-cache-off-warm100,70,1,9.7714,22.587,26.738,49.325,king,cranford,1,,server-1,2,0,0,1.624,21.464,6.728
combined-lc-lrt-cache-off-warm100,70,1,9.7857,8.380,13.709,22.088,heart,treasure-island,1,,server-1,3,0,0,1.624,21.464,6.728
combined-lc-lrt-cache-off-warm100,70,1,9.8000,1.915,19.675,21.589,castle,twenty-thousand-leagues-under-the-sea,1,,server-3,2,0,1,3.329,21.464,6.728
combined-lc-lrt-cache-off-warm100,70,1,9.8143,8.161,21.920,30.080,sea,the-scarlet-letter-33,1,,server-3,1,0,2,4.391,21.464,3.577
combined-lc-lrt-cache-off-warm100,70,1,9.8286,1.458,15.025,16.483,castle,the-war-of-the-worlds,1,,server-1,1,0,1,7.007,21.464,3.518
combined-lc-lrt-cache-off-warm100,70,1,9.8429,2.009,27.507,29.517,you,the-song-of-the-lark,1,,server-3,1,0,2,3.666,21.464,3.518
combined-lc-lrt-cache-off-warm100,70,1,9.8571,2.027,15.011,17.038,heart,persuasion,1,,server-1,1,0,1,4.702,21.464,3.074
combined-lc-lrt-cache-off-warm100,70,1,9.8714,3.234,23.096,26.330,she,the-adventures-of-ferdinand-count-fathom-complete,1,,server-1,2,0,1,2.510,21.464,3.074
combined-lc-lrt-cache-off-warm100,70,1,9.8857,11.879,13.200,25.079,horse,washington-square,1,,server-1,2,0,0,2.310,21.464,6.316
combined-lc-lrt-cache-off-warm100,70,1,9.9000,1.187,26.603,27.789,love,life-on-the-mississippi,1,,server-3,1,0,1,4.010,21.464,6.316
combined-lc-lrt-cache-off-warm100,70,1,9.9143,1.758,19.145,20.903,heart,pride-and-prejudice,1,,server-1,1,0,1,4.622,21.464,3.318
combined-lc-lrt-cache-off-warm100,70,1,9.9286,7.365,20.745,28.111,the,the-house-of-mirth,1,,server-1,2,0,0,2.459,21.464,6.330
combined-lc-lrt-cache-off-warm100,70,1,9.9429,14.530,10.950,25.480,and,the-kama-sutra-of-vatsyayana,1,,server-1,2,0,0,2.989,21.464,6.330
combined-lc-lrt-cache-off-warm100,70,1,9.9571,1.418,23.654,25.072,king,the-house-of-mirth,1,,server-3,1,0,1,4.046,21.464,6.330
combined-lc-lrt-cache-off-warm100,70,1,9.9714,2.014,11.586,13.600,letter,silas-marner,1,,server-1,1,0,1,4.267,21.464,3.315
combined-lc-lrt-cache-off-warm100,70,1,9.9857,1.044,19.559,20.604,house,cranford,1,,server-1,1,0,0,3.257,21.464,5.867
combined-lc-lrt-cache-off-warm100,70,1,10.0000,6.932,16.930,23.862,was,the-hound-of-the-baskervilles-3070,1,,server-1,2,0,0,1.724,21.464,5.867
combined-lc-lrt-cache-off-warm100,70,1,10.0143,9.806,9.949,19.755,letter,the-hound-of-the-baskervilles-3070,1,,server-1,2,0,0,2.731,21.464,5.867
combined-lc-lrt-cache-off-warm100,70,1,10.0286,1.720,18.392,20.112,letter,myths-and-legends-of-ancient-greece-and-rome,1,,server-3,1,0,1,3.139,21.464,5.867
combined-lc-lrt-cache-off-warm100,70,1,10.0429,1.464,16.717,18.181,whale,hard-times,1,,server-1,1,0,1,3.546,21.464,3.138
combined-lc-lrt-cache-off-warm100,70,1,10.0571,4.530,18.818,23.348,london,anne-of-green-gables,1,,server-1,2,0,0,1.884,21.464,4.892
combined-lc-lrt-cache-off-warm100,70,1,10.0714,9.470,21.608,31.078,night,leaves-of-grass,1,,server-1,2,0,0,2.354,21.464,4.892
combined-lc-lrt-cache-off-warm100,70,1,10.0857,1.455,18.653,20.108,she,hard-times,1,,server-3,1,0,1,3.163,21.464,4.892
combined-lc-lrt-cache-off-warm100,70,1,10.1000,6.159,13.476,19.635,sea,the-secret-adversary,1,,server-3,1,0,2,3.163,21.464,2.577
combined-lc-lrt-cache-off-warm100,70,1,10.1143,1.714,14.134,15.849,king,the-scarlet-letter,1,,server-1,1,0,1,5.386,21.464,2.876
combined-lc-lrt-cache-off-warm100,70,1,10.1286,1.510,15.033,16.543,london,desert-gold,1,,server-3,1,0,1,2.837,21.464,3.965
combined-lc-lrt-cache-off-warm100,70,1,10.1429,1.307,17.616,18.923,horse,anne-of-green-gables,1,,server-1,1,0,1,4.025,21.464,2.125
combined-lc-lrt-cache-off-warm100,70,1,10.1571,1.394,28.072,29.466,horse,the-moonstone,1,,server-3,1,0,1,2.138,21.464,3.730
combined-lc-lrt-cache-off-warm100,70,1,10.1714,15.749,20.693,36.443,money,the-odyssey,1,,server-3,0,0,2,4.126,21.464,1.985
combined-lc-lrt-cache-off-warm100,70,1,10.1857,1.627,13.391,15.018,of,the-prince,1,,server-1,1,0,2,4.126,21.464,1.985
combined-lc-lrt-cache-off-warm100,70,1,10.2000,1.649,8.933,10.582,and,black-beauty,1,,server-1,2,0,1,2.207,21.464,4.470
combined-lc-lrt-cache-off-warm100,70,1,10.2143,1.272,30.001,31.273,was,mansfield-park,1,,server-1,1,0,0,2.586,21.464,6.088
combined-lc-lrt-cache-off-warm100,70,1,10.2286,17.485,31.331,48.817,love,hard-times,1,,server-1,2,0,0,1.373,21.464,6.088
combined-lc-lrt-cache-off-warm100,70,1,10.2429,3.257,13.035,16.292,house,the-scarlet-letter-33,1,,server-1,3,0,0,1.373,21.464,6.088
combined-lc-lrt-cache-off-warm100,70,1,10.2571,1.578,19.531,21.110,heart,the-divine-comedy,1,,server-3,2,0,1,2.559,21.464,6.088
combined-lc-lrt-cache-off-warm100,70,1,10.2714,7.411,15.235,22.646,sea,the-secret-garden,1,,server-3,2,0,2,3.667,21.464,3.187
combined-lc-lrt-cache-off-warm100,70,1,10.2857,8.612,36.149,44.761,you,a-tale-of-two-cities,1,,server-3,0,0,2,7.261,21.464,3.285
combined-lc-lrt-cache-off-warm100,70,1,10.3000,30.843,29.653,60.495,was,frankenstein-or-the-modern-prometheus-41445,1,,server-3,0,0,2,7.261,21.464,3.140
combined-lc-lrt-cache-off-warm100,70,1,10.3143,3.029,21.861,24.889,the,grimms-fairy-tales,1,,server-1,1,0,2,7.261,21.464,3.140
combined-lc-lrt-cache-off-warm100,70,1,10.3286,12.278,40.303,52.581,she,the-return-of-sherlock-holmes-108,1,,server-1,2,0,2,3.874,21.464,3.140
combined-lc-lrt-cache-off-warm100,70,1,10.3429,3.326,45.988,49.314,death,poirot-investigates,1,,server-1,2,0,1,4.458,21.464,7.017
combined-lc-lrt-cache-off-warm100,70,1,10.3571,24.824,26.447,51.271,heart,the-house-of-the-seven-gables,1,,server-1,3,0,1,3.834,21.464,7.017
combined-lc-lrt-cache-off-warm100,70,1,10.3714,2.180,18.398,20.578,whale,the-scarlet-letter,1,,server-3,3,0,1,3.834,21.464,9.183
combined-lc-lrt-cache-off-warm100,70,1,10.3857,6.897,22.600,29.496,the,a-tale-of-two-cities,1,,server-3,2,0,2,8.798,21.464,4.848
combined-lc-lrt-cache-off-warm100,70,1,10.4000,15.876,23.631,39.506,house,the-american,1,,server-3,1,0,2,10.982,21.464,3.476
combined-lc-lrt-cache-off-warm100,70,1,10.4143,1.003,32.855,33.858,the,the-moonstone,1,,server-1,1,0,2,9.654,21.464,3.476
combined-lc-lrt-cache-off-warm100,70,1,10.4286,11.857,14.602,26.458,death,a-journey-to-the-centre-of-the-earth,1,,server-3,1,0,2,5.006,21.464,4.901
combined-lc-lrt-cache-off-warm100,70,1,10.4429,12.801,12.605,25.405,horse,persuasion,1,,server-3,1,0,2,5.006,21.464,4.882
combined-lc-lrt-cache-off-warm100,70,1,10.4571,11.461,15.743,27.204,house,the-secret-garden,1,,server-3,0,0,2,8.437,21.464,4.025
combined-lc-lrt-cache-off-warm100,70,1,10.4714,13.622,20.692,34.314,death,the-hound-of-the-baskervilles-3070,1,,server-3,0,0,2,8.437,21.464,3.958
combined-lc-lrt-cache-off-warm100,70,1,10.4857,4.105,52.159,56.265,heart,anne-of-green-gables,1,,server-3,0,0,2,8.437,21.464,3.893
combined-lc-lrt-cache-off-warm100,70,1,10.5000,1.871,31.113,32.984,he,frankenstein-or-the-modern-prometheus,1,,server-1,1,0,2,8.437,21.464,2.875
combined-lc-lrt-cache-off-warm100,70,1,10.5143,19.052,17.242,36.294,horse,the-secret-adversary,1,,server-1,2,0,1,4.379,21.464,6.487
combined-lc-lrt-cache-off-warm100,70,1,10.5286,13.986,28.216,42.201,sea,the-song-of-the-lark,1,,server-3,2,0,2,4.379,21.464,6.487
combined-lc-lrt-cache-off-warm100,70,1,10.5429,8.596,21.467,30.063,you,madame-bovary,1,,server-1,2,0,1,5.999,21.464,6.450
combined-lc-lrt-cache-off-warm100,70,1,10.5571,16.551,25.952,42.503,love,great-expectations,1,,server-1,2,0,1,4.138,21.464,6.450
combined-lc-lrt-cache-off-warm100,70,1,10.5714,1.277,24.273,25.550,sea,life-on-the-mississippi,1,,server-3,2,0,1,4.138,21.464,8.546
combined-lc-lrt-cache-off-warm100,70,1,10.5857,12.058,18.751,30.809,of,the-odyssey,1,,server-3,1,0,2,4.686,21.464,4.458
combined-lc-lrt-cache-off-warm100,70,1,10.6000,1.522,9.253,10.774,heart,the-wind-in-the-willows,1,,server-1,1,0,1,7.054,21.464,4.532
combined-lc-lrt-cache-off-warm100,70,1,10.6143,1.389,14.701,16.090,money,desert-gold,1,,server-1,1,0,1,3.801,21.464,4.532
combined-lc-lrt-cache-off-warm100,70,1,10.6286,2.505,16.526,19.031,death,a-princess-of-mars,1,,server-1,2,0,0,2.060,21.464,5.848
combined-lc-lrt-cache-off-warm100,70,1,10.6429,5.521,25.365,30.886,money,the-house-of-mirth,1,,server-1,2,0,0,2.045,21.464,5.848
combined-lc-lrt-cache-off-warm100,70,1,10.6571,16.701,32.256,48.957,castle,the-odyssey,1,,server-1,2,0,0,2.451,21.464,5.848
combined-lc-lrt-cache-off-warm100,70,1,10.6714,1.742,25.579,27.320,you,frankenstein-or-the-modern-prometheus-41445,1,,server-3,2,0,1,2.451,21.464,5.848
combined-lc-lrt-cache-off-warm100,70,1,10.6857,13.908,15.785,29.693,and,the-house-of-the-seven-gables,1,,server-3,1,0,2,4.430,21.464,3.076
combined-lc-lrt-cache-off-warm100,70,1,10.7000,2.014,51.402,53.416,she,leaves-of-grass,1,,server-3,1,0,2,4.430,21.464,4.356
combined-lc-lrt-cache-off-warm100,70,1,10.7143,2.766,44.981,47.748,london,the-war-of-the-worlds,1,,server-3,0,0,3,7.945,21.464,2.405
combined-lc-lrt-cache-off-warm100,70,1,10.7286,34.188,10.252,44.440,you,poirot-investigates,1,,server-3,0,0,3,7.945,21.464,2.276
combined-lc-lrt-cache-off-warm100,70,1,10.7429,2.702,16.539,19.242,you,hard-times,1,,server-1,1,0,3,7.945,21.464,2.276
combined-lc-lrt-cache-off-warm100,70,1,10.7571,5.499,13.927,19.426,you,the-secret-garden,1,,server-1,2,0,3,4.223,21.464,14.129
combined-lc-lrt-cache-off-warm100,70,1,10.7714,5.865,9.428,15.293,sea,herland,1,,server-1,2,0,1,3.154,21.464,10.360
combined-lc-lrt-cache-off-warm100,70,1,10.7857,1.737,22.287,24.023,whale,pride-and-prejudice,1,,server-1,2,0,0,2.618,21.464,8.140
combined-lc-lrt-cache-off-warm100,70,1,10.8000,10.323,26.731,37.054,london,life-on-the-mississippi,1,,server-1,2,0,0,1.696,21.464,8.140
combined-lc-lrt-cache-off-warm100,70,1,10.8143,22.668,22.558,45.226,you,oliver-twist,1,,server-1,2,0,0,3.286,21.464,8.140
combined-lc-lrt-cache-off-warm100,70,1,10.8286,1.570,15.794,17.364,sea,northanger-abbey,1,,server-3,2,0,1,3.286,21.464,8.140
combined-lc-lrt-cache-off-warm100,70,1,10.8429,3.429,27.772,31.201,sea,emma,1,,server-3,1,0,2,6.188,21.464,4.282
combined-lc-lrt-cache-off-warm100,70,1,10.8571,17.644,18.974,36.618,night,adventures-of-huckleberry-finn,1,,server-3,1,0,2,6.188,21.464,2.949
combined-lc-lrt-cache-off-warm100,70,1,10.8714,1.551,25.740,27.291,love,the-jungle,1,,server-1,1,0,2,7.533,21.464,2.949
combined-lc-lrt-cache-off-warm100,70,1,10.8857,13.479,15.835,29.314,horse,grimms-fairy-tales,1,,server-1,2,0,1,3.955,21.464,4.979
combined-lc-lrt-cache-off-warm100,70,1,10.9000,1.719,23.424,25.142,castle,the-song-of-the-lark,1,,server-3,1,0,1,4.687,21.464,6.123
combined-lc-lrt-cache-off-warm100,70,1,10.9143,11.535,16.753,28.288,and,the-wind-in-the-willows,1,,server-3,1,0,2,4.687,21.464,3.230
combined-lc-lrt-cache-off-warm100,70,1,10.9286,1.232,16.237,17.469,love,poirot-investigates,1,,server-1,1,0,1,5.511,21.464,4.250
combined-lc-lrt-cache-off-warm100,70,1,10.9429,3.761,24.491,28.253,king,washington-square,1,,server-1,2,0,1,2.888,21.464,5.333
combined-lc-lrt-cache-off-warm100,70,1,10.9571,15.095,25.806,40.901,he,madame-bovary,1,,server-1,2,0,0,2.511,21.464,5.333
combined-lc-lrt-cache-off-warm100,70,1,10.9714,1.606,22.032,23.638,night,a-journey-to-the-centre-of-the-earth,1,,server-3,2,0,1,6.404,21.464,5.333
combined-lc-lrt-cache-off-warm100,70,1,10.9857,9.138,16.011,25.149,king,grimms-fairy-tales,1,,server-3,1,0,2,4.200,21.464,2.821
combined-lc-lrt-cache-off-warm100,70,1,11.0000,1.321,25.315,26.635,love,the-tenant-of-wildfell-hall,1,,server-1,1,0,1,6.744,21.464,3.859
combined-lc-lrt-cache-off-warm100,70,1,11.0143,1.415,27.803,29.218,horse,north-and-south,1,,server-3,1,0,1,3.545,21.464,4.990
combined-lc-lrt-cache-off-warm100,70,1,11.0286,15.433,26.015,41.448,horse,pride-and-prejudice,1,,server-3,0,0,2,6.276,21.464,2.646
combined-lc-lrt-cache-off-warm100,70,1,11.0429,1.383,16.304,17.687,was,anne-of-green-gables,1,,server-1,1,0,2,6.276,21.464,4.464
combined-lc-lrt-cache-off-warm100,70,1,11.0571,4.109,10.678,14.787,london,meditations,1,,server-1,2,0,1,3.309,21.464,5.081
combined-lc-lrt-cache-off-warm100,70,1,11.0714,1.545,51.627,53.172,love,mary-barton,1,,server-1,2,0,0,2.757,21.464,7.385
combined-lc-lrt-cache-off-warm100,70,1,11.0857,39.987,72.002,111.989,king,the-vicomte-de-bragelonne,1,,server-1,2,0,0,1.831,21.464,7.385
combined-lc-lrt-cache-off-warm100,70,1,11.1000,27.833,70.710,98.542,and,the-secret-adversary,1,,server-1,3,0,0,1.831,21.464,7.385
combined-lc-lrt-cache-off-warm100,70,1,11.1143,14.019,95.303,109.323,you,little-women,1,,server-1,4,0,0,1.831,21.464,7.385
combined-lc-lrt-cache-off-warm100,70,1,11.1286,5.174,40.905,46.079,the,the-secret-garden,1,,server-3,3,0,1,5.587,21.464,7.385
combined-lc-lrt-cache-off-warm100,70,1,11.1429,32.281,21.076,53.357,he,the-return-of-sherlock-holmes,1,,server-3,3,0,2,5.039,21.464,4.089
combined-lc-lrt-cache-off-warm100,70,1,11.1571,18.717,31.518,50.235,whale,silas-marner,1,,server-3,3,0,3,5.039,21.464,4.089
combined-lc-lrt-cache-off-warm100,70,1,11.1714,7.143,52.307,59.450,heart,north-and-south,1,,server-3,3,0,4,5.039,21.464,4.089
combined-lc-lrt-cache-off-warm100,70,1,11.1857,21.190,37.169,58.359,death,the-age-of-innocence,1,,server-3,3,0,4,5.039,21.464,3.660
combined-lc-lrt-cache-off-warm100,70,1,11.2000,1.426,22.267,23.694,he,the-portrait-of-a-lady-volume-1,1,,server-2,1,1,3,18.135,21.464,6.643
combined-lc-lrt-cache-off-warm100,70,1,11.2143,9.560,10.587,20.147,love,the-mysterious-affair-at-styles,1,,server-2,1,2,2,18.135,11.096,7.708
combined-lc-lrt-cache-off-warm100,70,1,11.2286,6.855,15.054,21.908,she,the-memoirs-of-sherlock-holmes,1,,server-2,0,2,2,26.208,6.598,7.708
combined-lc-lrt-cache-off-warm100,70,1,11.2429,8.251,33.605,41.856,and,jane-eyre-an-autobiography,1,,server-2,0,2,1,26.208,3.749,13.181
combined-lc-lrt-cache-off-warm100,70,1,11.2571,28.317,41.557,69.874,whale,the-jungle,1,,server-2,0,2,0,26.208,3.246,14.271
combined-lc-lrt-cache-off-warm100,70,1,11.2714,14.115,21.181,35.295,of,life-on-the-mississippi,1,,server-2,0,3,0,26.208,3.246,14.271
combined-lc-lrt-cache-off-warm100,70,1,11.2857,2.189,67.507,69.696,of,life-on-the-mississippi,1,,server-2,0,3,0,26.208,4.152,14.271
combined-lc-lrt-cache-off-warm100,70,1,11.3000,6.971,61.749,68.721,sea,the-secret-garden,1,,server-2,0,4,0,26.208,2.866,14.271
combined-lc-lrt-cache-off-warm100,70,1,11.3143,1.664,9.317,10.981,london,the-prince,1,,server-3,0,4,1,26.208,6.934,14.271
combined-lc-lrt-cache-off-warm100,70,1,11.3286,1.162,16.327,17.489,london,desert-gold,1,,server-3,0,3,1,26.208,12.358,6.176
combined-lc-lrt-cache-off-warm100,70,1,11.3429,3.785,9.388,13.173,house,the-prince,1,,server-3,0,3,2,26.208,12.358,3.222
combined-lc-lrt-cache-off-warm100,70,1,11.3571,1.213,11.971,13.185,horse,the-hound-of-the-baskervilles,1,,server-3,0,3,1,26.208,20.203,3.151
combined-lc-lrt-cache-off-warm100,70,1,11.3714,1.075,24.590,25.665,house,the-adventures-of-ferdinand-count-fathom-complete,1,,server-3,0,0,1,26.208,24.901,2.943
combined-lc-lrt-cache-off-warm100,70,1,11.3857,12.128,29.659,41.787,he,north-and-south,1,,server-3,0,0,2,26.208,24.901,1.567
combined-lc-lrt-cache-off-warm100,70,1,11.4000,27.722,11.514,39.237,you,the-first-men-in-the-moon,1,,server-3,0,0,2,26.208,24.901,3.661
combined-lc-lrt-cache-off-warm100,70,1,11.4143,14.019,29.520,43.539,house,life-on-the-mississippi,1,,server-3,0,0,3,26.208,24.901,3.661
combined-lc-lrt-cache-off-warm100,70,1,11.4286,11.115,82.109,93.224,and,the-iliad,1,,server-3,0,0,3,26.208,24.901,4.100
combined-lc-lrt-cache-off-warm100,70,1,11.4429,16.135,87.951,104.086,you,the-song-of-the-lark,1,,server-3,0,0,4,26.208,24.901,4.640
combined-lc-lrt-cache-off-warm100,70,1,11.4571,1.560,32.112,33.672,heart,myths-and-legends-of-ancient-greece-and-rome,1,,server-3,0,0,4,26.208,24.901,4.640
combined-lc-lrt-cache-off-warm100,70,1,11.4714,51.343,63.247,114.590,house,pride-and-prejudice,1,,server-3,0,0,4,26.208,24.901,4.151
combined-lc-lrt-cache-off-warm100,70,1,11.4857,37.280,65.188,102.468,was,persuasion,1,,server-3,0,0,5,26.208,24.901,4.151
combined-lc-lrt-cache-off-warm100,70,1,11.5000,4.057,11.069,15.126,love,frankenstein-or-the-modern-prometheus-41445,1,,server-2,0,1,5,26.208,24.901,9.549
combined-lc-lrt-cache-off-warm100,70,1,11.5143,1.785,11.465,13.250,heart,agnes-grey,1,,server-2,0,2,5,26.208,12.822,9.549
combined-lc-lrt-cache-off-warm100,70,1,11.5286,1.356,14.085,15.441,horse,the-scarlet-letter,1,,server-2,0,1,3,26.208,5.102,10.025
combined-lc-lrt-cache-off-warm100,70,1,11.5429,1.165,12.355,13.521,she,washington-square,1,,server-2,0,2,3,26.208,2.668,10.025
combined-lc-lrt-cache-off-warm100,70,1,11.5571,1.170,13.900,15.070,heart,silas-marner,1,,server-2,0,1,2,26.208,3.217,20.529
combined-lc-lrt-cache-off-warm100,70,1,11.5714,1.390,28.781,30.171,castle,mansfield-park,1,,server-2,0,2,2,26.208,1.711,20.529
combined-lc-lrt-cache-off-warm100,70,1,11.5857,15.939,15.060,30.999,of,the-picture-of-dorian-gray,1,,server-2,0,2,2,26.208,1.768,28.929
combined-lc-lrt-cache-off-warm100,70,1,11.6000,2.403,49.336,51.738,castle,the-vicomte-de-bragelonne,1,,server-2,0,3,0,26.208,3.845,23.423
combined-lc-lrt-cache-off-warm100,70,1,11.6143,3.493,69.958,73.451,money,the-mysterious-island,1,,server-2,0,3,0,26.208,2.782,23.423
combined-lc-lrt-cache-off-warm100,70,1,11.6286,25.112,55.010,80.122,heart,agnes-grey,1,,server-2,0,3,0,26.208,3.039,23.423
combined-lc-lrt-cache-off-warm100,70,1,11.6429,10.561,41.664,52.225,sea,beyond-good-and-evil,1,,server-2,0,4,0,26.208,3.039,23.423
combined-lc-lrt-cache-off-warm100,70,1,11.6571,2.509,25.002,27.511,he,pride-and-prejudice,1,,server-3,0,3,1,26.208,6.066,23.423
combined-lc-lrt-cache-off-warm100,70,1,11.6714,13.442,20.423,33.866,whale,a-tale-of-two-cities,1,,server-3,0,3,2,26.208,6.066,12.127
combined-lc-lrt-cache-off-warm100,70,1,11.6857,1.817,64.589,66.406,she,the-iliad-2199,1,,server-3,0,3,2,26.208,6.066,7.574
combined-lc-lrt-cache-off-warm100,70,1,11.7000,5.783,46.531,52.314,you,the-memoirs-of-sherlock-holmes,1,,server-3,0,1,3,26.208,13.109,4.906
combined-lc-lrt-cache-off-warm100,70,1,11.7143,38.617,26.973,65.589,was,jane-eyre-an-autobiography,1,,server-3,0,0,3,26.208,17.101,4.642
combined-lc-lrt-cache-off-warm100,70,1,11.7286,1.647,25.273,26.920,of,a-tale-of-two-cities,1,,server-2,0,1,3,26.208,17.101,4.642
combined-lc-lrt-cache-off-warm100,70,1,11.7429,12.911,17.666,30.577,castle,frankenstein-or-the-modern-prometheus,1,,server-2,0,2,3,26.208,8.874,4.642
combined-lc-lrt-cache-off-warm100,70,1,11.7571,15.365,59.018,74.383,he,the-vicomte-de-bragelonne,1,,server-2,0,2,1,26.208,6.593,9.498
combined-lc-lrt-cache-off-warm100,70,1,11.7714,2.900,34.582,37.482,heart,the-innocents-abroad,1,,server-2,0,3,1,26.208,5.373,9.498
combined-lc-lrt-cache-off-warm100,70,1,11.7857,42.690,14.151,56.840,was,the-war-of-the-worlds,1,,server-2,0,3,0,26.208,3.418,10.342
combined-lc-lrt-cache-off-warm100,70,1,11.8000,1.528,14.720,16.248,letter,persuasion,1,,server-3,0,3,1,26.208,3.418,10.342
combined-lc-lrt-cache-off-warm100,70,1,11.8143,2.465,11.392,13.858,sea,the-warden,1,,server-3,0,3,2,26.208,12.088,5.367
combined-lc-lrt-cache-off-warm100,70,1,11.8286,1.175,23.338,24.513,horse,mary-barton,1,,server-3,0,3,1,26.208,14.640,3.685
combined-lc-lrt-cache-off-warm100,70,1,11.8429,10.787,26.386,37.173,house,the-last-of-the-mohicans-a-narrative-of-1757,1,,server-3,0,0,2,26.208,11.700,1.947
combined-lc-lrt-cache-off-warm100,70,1,11.8571,23.633,52.987,76.620,was,the-romance-of-lust-a-classic-victorian-erotic-novel,1,,server-3,0,0,2,26.208,11.700,3.530
combined-lc-lrt-cache-off-warm100,70,1,11.8714,9.774,55.375,65.149,house,life-on-the-mississippi,1,,server-3,0,0,3,26.208,11.700,3.530
combined-lc-lrt-cache-off-warm100,70,1,11.8857,50.685,34.582,85.266,of,the-vicomte-de-bragelonne,1,,server-3,0,0,3,26.208,11.700,3.541
combined-lc-lrt-cache-off-warm100,70,1,11.9000,2.177,20.870,23.047,london,leaves-of-grass,1,,server-2,0,1,3,26.208,11.700,3.541
combined-lc-lrt-cache-off-warm100,70,1,11.9143,9.462,16.909,26.371,of,the-return-of-sherlock-holmes,1,,server-2,0,2,3,26.208,6.088,3.541
combined-lc-lrt-cache-off-warm100,70,1,11.9286,12.506,19.853,32.359,he,the-return-of-sherlock-holmes,1,,server-2,0,2,3,26.208,4.556,3.541
combined-lc-lrt-cache-off-warm100,70,1,11.9429,18.723,29.720,48.443,she,the-american,1,,server-2,0,2,1,26.208,4.028,11.571
combined-lc-lrt-cache-off-warm100,70,1,11.9571,4.818,27.031,31.850,london,the-hound-of-the-baskervilles-3070,1,,server-2,0,3,1,26.208,3.281,11.571
combined-lc-lrt-cache-off-warm100,70,1,11.9714,21.180,35.132,56.312,death,kidnapped,1,,server-2,0,3,1,26.208,3.160,12.877
combined-lc-lrt-cache-off-warm100,70,1,11.9857,7.017,37.297,44.315,king,walden-and-on-the-duty-of-civil-disobedience,1,,server-2,0,4,0,26.208,3.160,12.877
combined-lc-lrt-cache-off-warm100,70,1,12.0000,30.341,17.373,47.714,house,the-picture-of-dorian-gray,1,,server-2,0,3,0,26.208,3.694,12.877
combined-lc-lrt-cache-off-warm100,70,1,12.0143,2.684,12.629,15.313,night,frankenstein-or-the-modern-prometheus-41445,1,,server-3,0,3,1,26.208,3.694,12.877
combined-lc-lrt-cache-off-warm100,70,1,12.0286,2.154,13.213,15.367,london,the-hound-of-the-baskervilles-3070,1,,server-3,0,3,2,26.208,13.155,6.756
combined-lc-lrt-cache-off-warm100,70,1,12.0429,1.592,32.400,33.992,london,the-tenant-of-wildfell-hall,1,,server-3,0,1,2,26.208,7.827,3.337
combined-lc-lrt-cache-off-warm100,70,1,12.0571,17.089,14.468,31.556,letter,meditations,1,,server-3,0,0,2,26.208,7.718,2.284
combined-lc-lrt-cache-off-warm100,70,1,12.0714,5.517,27.463,32.980,house,a-connecticut-yankee-in-king-arthur-s-court,1,,server-3,0,0,3,26.208,7.718,2.284
combined-lc-lrt-cache-off-warm100,70,1,12.0857,1.507,14.311,15.818,she,the-picture-of-dorian-gray,1,,server-2,0,1,2,26.208,7.718,4.374
combined-lc-lrt-cache-off-warm100,70,1,12.1000,1.685,16.295,17.980,horse,wuthering-heights,1,,server-2,0,2,1,26.208,4.035,4.779
combined-lc-lrt-cache-off-warm100,70,1,12.1143,4.412,13.737,18.149,money,the-picture-of-dorian-gray,1,,server-2,0,2,0,26.208,2.555,7.419
combined-lc-lrt-cache-off-warm100,70,1,12.1286,4.590,26.057,30.648,castle,walden-and-on-the-duty-of-civil-disobedience,1,,server-2,0,2,0,26.208,2.626,7.419
combined-lc-lrt-cache-off-warm100,70,1,12.1429,17.044,11.791,28.835,king,frankenstein-or-the-modern-prometheus,1,,server-2,0,2,0,26.208,2.357,7.419
combined-lc-lrt-cache-off-warm100,70,1,12.1571,2.295,29.721,32.017,love,life-on-the-mississippi,1,,server-2,0,3,0,26.208,2.357,7.419
combined-lc-lrt-cache-off-warm100,70,1,12.1714,1.538,11.370,12.908,death,the-warden,1,,server-3,0,2,1,26.208,4.205,7.419
combined-lc-lrt-cache-off-warm100,70,1,12.1857,1.162,19.360,20.522,money,desperate-remedies,1,,server-3,0,1,1,26.208,3.436,4.218
combined-lc-lrt-cache-off-warm100,70,1,12.2000,6.469,20.477,26.946,money,wuthering-heights,1,,server-3,0,0,2,26.208,6.900,2.197
combined-lc-lrt-cache-off-warm100,70,1,12.2143,13.199,16.639,29.838,whale,sense-and-sensibility,1,,server-3,0,0,2,26.208,6.900,2.842
combined-lc-lrt-cache-off-warm100,70,1,12.2286,1.723,22.484,24.207,you,the-house-of-mirth,1,,server-2,0,1,1,26.208,6.900,3.812
combined-lc-lrt-cache-off-warm100,70,1,12.2429,11.110,37.432,48.542,letter,great-expectations,1,,server-2,0,2,1,26.208,3.605,3.812
combined-lc-lrt-cache-off-warm100,70,1,12.2571,1.461,21.964,23.426,night,frankenstein-or-the-modern-prometheus,1,,server-3,0,1,1,26.208,4.328,5.040
combined-lc-lrt-cache-off-warm100,70,1,12.2714,9.408,14.658,24.066,letter,northanger-abbey,1,,server-3,0,1,2,26.208,4.328,2.661
combined-lc-lrt-cache-off-warm100,70,1,12.2857,10.143,22.112,32.255,money,the-jungle,1,,server-3,0,1,2,26.208,4.328,3.770
combined-lc-lrt-cache-off-warm100,70,1,12.3000,18.845,13.403,32.249,horse,the-scarlet-letter,1,,server-3,0,0,2,26.208,8.692,3.603
combined-lc-lrt-cache-off-warm100,70,1,12.3143,1.379,20.325,21.704,money,pride-and-prejudice,1,,server-2,0,1,2,26.208,8.692,3.603
combined-lc-lrt-cache-off-warm100,70,1,12.3286,8.424,23.860,32.284,whale,emma,1,,server-2,0,2,1,26.208,4.515,4.790
combined-lc-lrt-cache-off-warm100,70,1,12.3429,1.256,19.567,20.822,king,twenty-thousand-leagues-under-the-sea,1,,server-3,0,1,1,26.208,4.023,5.139
combined-lc-lrt-cache-off-warm100,70,1,12.3571,7.255,22.761,30.015,letter,sense-and-sensibility,1,,server-3,0,1,2,26.208,4.023,2.701
combined-lc-lrt-cache-off-warm100,70,1,12.3714,16.173,34.411,50.584,whale,the-song-of-the-lark,1,,server-3,0,0,2,26.208,6.341,3.146
combined-lc-lrt-cache-off-warm100,70,1,12.3857,1.318,16.695,18.013,money,the-lost-world,1,,server-2,0,1,2,26.208,6.341,3.146
combined-lc-lrt-cache-off-warm100,70,1,12.4000,4.658,15.154,19.812,she,washington-square,1,,server-2,0,2,1,26.208,3.375,4.449
combined-lc-lrt-cache-off-warm100,70,1,12.4143,6.312,11.583,17.896,love,the-warden,1,,server-2,0,2,1,26.208,2.829,4.449
combined-lc-lrt-cache-off-warm100,70,1,12.4286,5.109,27.923,33.032,king,the-picture-of-dorian-gray,1,,server-2,0,2,0,26.208,2.666,8.296
combined-lc-lrt-cache-off-warm100,70,1,12.4429,20.027,34.726,54.753,sea,adventures-of-huckleberry-finn,1,,server-2,0,2,0,26.208,2.342,8.296
combined-lc-lrt-cache-off-warm100,70,1,12.4571,6.068,49.708,55.776,sea,the-odyssey,1,,server-2,0,3,0,26.208,2.342,8.296
combined-lc-lrt-cache-off-warm100,70,1,12.4714,4.311,20.400,24.711,and,the-adventures-of-tom-sawyer-complete,1,,server-3,0,2,1,26.208,2.931,8.296
combined-lc-lrt-cache-off-warm100,70,1,12.4857,27.436,10.552,37.988,house,the-first-men-in-the-moon,1,,server-2,0,3,1,26.208,2.931,4.425
combined-lc-lrt-cache-off-warm100,70,1,12.5000,1.501,20.245,21.746,you,madame-bovary,1,,server-3,0,3,1,26.208,9.144,5.946
combined-lc-lrt-cache-off-warm100,70,1,12.5143,8.153,11.773,19.926,night,beyond-good-and-evil,1,,server-3,0,1,2,26.208,9.845,3.122
combined-lc-lrt-cache-off-warm100,70,1,12.5286,6.609,31.707,38.316,heart,the-works-of-edgar-allan-poe-volume-2,1,,server-3,0,0,2,26.208,7.956,3.405
combined-lc-lrt-cache-off-warm100,70,1,12.5429,24.715,21.463,46.178,was,the-house-of-the-seven-gables,1,,server-3,0,0,2,26.208,7.956,2.653
combined-lc-lrt-cache-off-warm100,70,1,12.5571,1.877,30.718,32.595,she,leaves-of-grass,1,,server-2,0,1,2,26.208,7.956,2.653
combined-lc-lrt-cache-off-warm100,70,1,12.5714,18.838,23.230,42.069,whale,the-jungle,1,,server-2,0,2,1,26.208,4.172,5.744
combined-lc-lrt-cache-off-warm100,70,1,12.5857,4.247,29.280,33.526,castle,tess-of-the-d-urbervilles-a-pure-woman,1,,server-3,0,2,2,26.208,4.172,5.744
combined-lc-lrt-cache-off-warm100,70,1,12.6000,19.826,11.626,31.452,house,his-last-bow,1,,server-3,0,1,2,26.208,5.642,4.031
combined-lc-lrt-cache-off-warm100,70,1,12.6143,1.193,12.297,13.490,heart,a-princess-of-mars,1,,server-2,0,1,2,26.208,7.238,4.031
combined-lc-lrt-cache-off-warm100,70,1,12.6286,1.260,17.298,18.558,heart,the-prince,1,,server-2,0,1,1,26.208,4.349,5.589
combined-lc-lrt-cache-off-warm100,70,1,12.6429,5.209,41.672,46.881,and,the-romance-of-lust-a-classic-victorian-erotic-novel,1,,server-2,0,2,0,26.208,2.306,5.370
combined-lc-lrt-cache-off-warm100,70,1,12.6571,32.677,24.904,57.581,castle,little-women,1,,server-2,0,2,0,26.208,2.621,5.370
combined-lc-lrt-cache-off-warm100,70,1,12.6714,1.639,16.165,17.804,castle,the-works-of-edgar-allan-poe-volume-2,1,,server-3,0,2,1,26.208,2.621,5.370
combined-lc-lrt-cache-off-warm100,70,1,12.6857,4.505,14.509,19.014,was,the-scarlet-letter-33,1,,server-3,0,2,2,26.208,7.407,2.835
combined-lc-lrt-cache-off-warm100,70,1,12.7000,5.168,11.017,16.185,you,silas-marner,1,,server-3,0,1,2,26.208,7.763,2.605
combined-lc-lrt-cache-off-warm100,70,1,12.7143,2.391,9.979,12.371,whale,the-lost-world,1,,server-3,0,1,2,26.208,11.064,2.425
combined-lc-lrt-cache-off-warm100,70,1,12.7286,1.592,19.252,20.844,house,the-prince,1,,server-3,0,0,1,26.208,8.867,2.686
combined-lc-lrt-cache-off-warm100,70,1,12.7429,7.520,38.852,46.373,of,the-innocents-abroad,1,,server-3,0,0,2,26.208,8.867,1.450
combined-lc-lrt-cache-off-warm100,70,1,12.7571,32.494,19.766,52.260,whale,the-secret-adversary,1,,server-3,0,0,2,26.208,8.867,2.652
combined-lc-lrt-cache-off-warm100,70,1,12.7714,18.426,34.792,53.218,the,the-house-of-the-seven-gables,1,,server-3,0,0,3,26.208,8.867,2.652
combined-lc-lrt-cache-off-warm100,70,1,12.7857,2.064,28.721,30.785,of,desperate-remedies,1,,server-2,0,1,3,26.208,8.867,2.652
combined-lc-lrt-cache-off-warm100,70,1,12.8000,16.979,11.822,28.801,house,frankenstein-or-the-modern-prometheus,1,,server-2,0,2,2,26.208,4.656,4.823
combined-lc-lrt-cache-off-warm100,70,1,12.8143,3.045,34.788,37.833,was,pride-and-prejudice,1,,server-2,0,3,2,26.208,4.656,7.659
combined-lc-lrt-cache-off-warm100,70,1,12.8286,1.655,15.366,17.021,house,memoirs-of-fanny-hill,1,,server-3,0,2,1,26.208,4.590,11.315
combined-lc-lrt-cache-off-warm100,70,1,12.8429,9.771,28.141,37.912,and,the-house-of-the-seven-gables,1,,server-2,0,2,1,26.208,3.737,5.858
combined-lc-lrt-cache-off-warm100,70,1,12.8571,2.940,33.417,36.357,castle,the-romance-of-lust-a-classic-victorian-erotic-novel,1,,server-3,0,1,1,26.208,4.945,6.156
combined-lc-lrt-cache-off-warm100,70,1,12.8714,23.395,22.254,45.649,horse,white-fang,1,,server-3,0,1,2,26.208,4.945,3.341
combined-lc-lrt-cache-off-warm100,70,1,12.8857,1.605,23.946,25.551,castle,autobiography-of-benjamin-franklin,1,,server-2,0,1,2,26.208,7.594,3.341
combined-lc-lrt-cache-off-warm100,70,1,12.9000,11.596,17.342,28.939,money,wuthering-heights,1,,server-2,0,2,1,26.208,3.968,6.148
combined-lc-lrt-cache-off-warm100,70,1,12.9143,14.962,27.695,42.657,letter,the-iliad-2199,1,,server-2,0,2,1,26.208,4.281,6.148
combined-lc-lrt-cache-off-warm100,70,1,12.9286,1.430,18.506,19.935,sea,meditations,1,,server-3,0,2,1,26.208,8.397,7.389
combined-lc-lrt-cache-off-warm100,70,1,12.9429,6.237,10.461,16.698,night,treasure-island,1,,server-3,0,1,2,26.208,4.367,3.856
combined-lc-lrt-cache-off-warm100,70,1,12.9571,2.677,19.374,22.051,the,far-from-the-madding-crowd,1,,server-3,0,0,2,26.208,7.162,3.268
combined-lc-lrt-cache-off-warm100,70,1,12.9714,8.580,13.312,21.892,death,cranford,1,,server-3,0,0,2,26.208,7.162,2.062
combined-lc-lrt-cache-off-warm100,70,1,12.9857,8.695,51.266,59.961,you,the-house-of-mirth,1,,server-3,0,0,2,26.208,7.162,3.060
combined-lc-lrt-cache-off-warm100,70,1,13.0000,45.395,12.522,57.917,he,the-secret-garden-17396,1,,server-3,0,0,2,26.208,7.162,2.924
combined-lc-lrt-cache-off-warm100,70,1,13.0143,4.264,23.564,27.827,london,the-warden,1,,server-2,0,1,2,26.208,7.162,2.924
combined-lc-lrt-cache-off-warm100,70,1,13.0286,12.785,10.185,22.970,horse,around-the-world-in-eighty-days,1,,server-2,0,2,2,26.208,3.952,2.924
combined-lc-lrt-cache-off-warm100,70,1,13.0429,3.842,28.325,32.168,king,far-from-the-madding-crowd,1,,server-3,0,1,3,26.208,5.289,2.924
combined-lc-lrt-cache-off-warm100,70,1,13.0571,1.486,13.021,14.507,house,white-fang,1,,server-2,0,1,2,26.208,4.277,5.442
combined-lc-lrt-cache-off-warm100,70,1,13.0714,1.435,12.483,13.918,death,autobiography-of-benjamin-franklin,1,,server-2,0,2,1,26.208,4.302,5.468
combined-lc-lrt-cache-off-warm100,70,1,13.0857,1.361,28.856,30.217,she,the-secret-adversary,1,,server-2,0,2,0,26.208,3.078,8.010
combined-lc-lrt-cache-off-warm100,70,1,13.1000,16.405,78.498,94.903,heart,the-innocents-abroad,1,,server-2,0,2,0,26.208,1.639,8.010
combined-lc-lrt-cache-off-warm100,70,1,13.1143,2.550,74.324,76.874,sea,anne-of-green-gables,1,,server-2,0,3,0,26.208,1.639,8.010
combined-lc-lrt-cache-off-warm100,70,1,13.1286,62.699,18.045,80.744,castle,silas-marner,1,,server-2,0,3,0,26.208,2.659,8.010
combined-lc-lrt-cache-off-warm100,70,1,13.1429,6.250,23.193,29.443,was,autobiography-of-benjamin-franklin,1,,server-3,0,3,1,26.208,2.659,8.010
combined-lc-lrt-cache-off-warm100,70,1,13.1571,15.848,14.043,29.891,house,myths-and-legends-of-ancient-greece-and-rome,1,,server-3,0,3,2,26.208,2.659,4.373
combined-lc-lrt-cache-off-warm100,70,1,13.1714,2.113,26.873,28.986,you,the-adventures-of-sherlock-holmes,1,,server-3,0,3,3,26.208,9.769,4.373
combined-lc-lrt-cache-off-warm100,70,1,13.1857,15.329,22.987,38.316,he,desperate-remedies,1,,server-3,0,3,3,26.208,9.769,2.525
combined-lc-lrt-cache-off-warm100,70,1,13.2000,2.121,18.490,20.611,castle,walden-and-on-the-duty-of-civil-disobedience,1,,server-1,1,1,3,26.208,18.235,10.507
combined-lc-lrt-cache-off-warm100,70,1,13.2143,10.389,27.165,37.554,love,great-expectations,1,,server-3,1,0,2,13.492,13.929,5.487
combined-lc-lrt-cache-off-warm100,70,1,13.2286,23.810,16.197,40.007,and,twenty-thousand-leagues-under-the-sea,1,,server-3,0,0,2,11.543,13.929,4.619
combined-lc-lrt-cache-off-warm100,70,1,13.2429,1.795,9.830,11.625,whale,the-war-of-the-worlds,1,,server-1,1,0,2,11.543,13.929,4.619
combined-lc-lrt-cache-off-warm100,70,1,13.2571,1.419,14.740,16.159,of,the-works-of-edgar-allan-poe-volume-2,1,,server-1,1,0,1,5.361,13.929,6.065
combined-lc-lrt-cache-off-warm100,70,1,13.2714,2.456,13.733,16.189,london,agnes-grey,1,,server-1,2,0,0,2.819,13.929,6.406
combined-lc-lrt-cache-off-warm100,70,1,13.2857,2.956,21.445,24.401,he,frankenstein-or-the-modern-prometheus,1,,server-1,2,0,0,2.303,13.929,6.406
combined-lc-lrt-cache-off-warm100,70,1,13.3000,10.693,30.113,40.807,you,the-return-of-sherlock-holmes-108,1,,server-1,2,0,0,2.088,13.929,6.406
combined-lc-lrt-cache-off-warm100,70,1,13.3143,2.849,29.268,32.117,she,dracula,1,,server-3,1,0,1,3.366,13.929,6.406
combined-lc-lrt-cache-off-warm100,70,1,13.3286,12.483,12.947,25.430,of,the-warden,1,,server-1,2,0,1,3.366,13.929,3.461
combined-lc-lrt-cache-off-warm100,70,1,13.3429,4.268,30.678,34.947,night,the-innocents-abroad,1,,server-3,1,0,2,5.210,13.929,3.461
combined-lc-lrt-cache-off-warm100,70,1,13.3571,1.563,13.605,15.169,house,northanger-abbey,1,,server-1,1,0,1,5.330,13.929,3.821
combined-lc-lrt-cache-off-warm100,70,1,13.3714,1.611,19.994,21.605,she,desert-gold,1,,server-1,2,0,1,2.810,13.929,3.821
combined-lc-lrt-cache-off-warm100,70,1,13.3857,7.909,22.509,30.418,and,the-secret-adversary,1,,server-1,2,0,0,2.136,13.929,7.310
combined-lc-lrt-cache-off-warm100,70,1,13.4000,17.291,19.960,37.251,house,a-journey-to-the-centre-of-the-earth,1,,server-1,2,0,0,3.040,13.929,7.310
combined-lc-lrt-cache-off-warm100,70,1,13.4143,2.042,20.615,22.657,was,the-secret-garden-17396,1,,server-3,2,0,1,3.040,13.929,7.310
combined-lc-lrt-cache-off-warm100,70,1,13.4286,8.985,23.476,32.460,she,adventures-of-huckleberry-finn,1,,server-3,1,0,2,4.550,13.929,3.884
combined-lc-lrt-cache-off-warm100,70,1,13.4429,2.896,15.923,18.820,money,the-adventures-of-tom-sawyer-complete,1,,server-1,1,0,1,6.031,13.929,3.738
combined-lc-lrt-cache-off-warm100,70,1,13.4571,5.049,18.718,23.767,he,the-works-of-edgar-allan-poe-volume-2,1,,server-1,2,0,1,3.221,13.929,3.738
combined-lc-lrt-cache-off-warm100,70,1,13.4714,9.845,28.275,38.120,money,the-works-of-edgar-allan-poe-volume-2,1,,server-1,2,0,0,2.771,13.929,6.072
combined-lc-lrt-cache-off-warm100,70,1,13.4857,1.857,29.241,31.098,king,the-american,1,,server-3,1,0,1,3.361,13.929,6.072
combined-lc-lrt-cache-off-warm100,70,1,13.5000,17.023,32.596,49.618,the,villette,1,,server-3,1,0,2,3.361,13.929,3.218
combined-lc-lrt-cache-off-warm100,70,1,13.5143,1.362,15.690,17.051,you,the-warden,1,,server-1,1,0,2,6.597,13.929,5.219
combined-lc-lrt-cache-off-warm100,70,1,13.5286,3.685,31.095,34.780,whale,jane-eyre-an-autobiography,1,,server-1,2,0,1,3.479,13.929,5.411
combined-lc-lrt-cache-off-warm100,70,1,13.5429,20.616,11.012,31.629,house,the-kama-sutra-of-vatsyayana,1,,server-1,2,0,1,2.637,13.929,5.411
combined-lc-lrt-cache-off-warm100,70,1,13.5571,7.767,27.297,35.064,sea,kidnapped,1,,server-1,3,0,0,2.637,13.929,8.623
combined-lc-lrt-cache-off-warm100,70,1,13.5714,1.821,20.560,22.381,letter,the-mystery-of-edwin-drood,1,,server-3,2,0,1,3.537,13.929,8.623
combined-lc-lrt-cache-off-warm100,70,1,13.5857,8.421,14.541,22.962,king,the-first-men-in-the-moon,1,,server-3,2,0,2,4.139,13.929,4.537
combined-lc-lrt-cache-off-warm100,70,1,13.6000,1.691,26.964,28.655,and,jude-the-obscure,1,,server-1,1,0,1,6.981,13.929,3.939
combined-lc-lrt-cache-off-warm100,70,1,13.6143,1.653,21.146,22.799,horse,the-last-of-the-mohicans-a-narrative-of-1757,1,,server-3,1,0,1,3.674,13.929,4.813
combined-lc-lrt-cache-off-warm100,70,1,13.6286,8.945,21.479,30.425,of,twenty-thousand-leagues-under-the-sea,1,,server-3,1,0,2,6.600,13.929,2.556
combined-lc-lrt-cache-off-warm100,70,1,13.6429,1.286,13.411,14.697,was,the-kama-sutra-of-vatsyayana,1,,server-1,1,0,1,6.600,13.929,3.391
combined-lc-lrt-cache-off-warm100,70,1,13.6571,2.388,21.356,23.745,horse,pride-and-prejudice,1,,server-3,1,0,2,5.359,13.929,3.391
combined-lc-lrt-cache-off-warm100,70,1,13.6714,1.823,23.441,25.264,and,life-on-the-mississippi,1,,server-1,1,0,1,4.310,13.929,3.011
combined-lc-lrt-cache-off-warm100,70,1,13.6857,12.202,17.434,29.636,night,the-scarlet-letter,1,,server-1,2,0,0,2.298,13.929,5.300
combined-lc-lrt-cache-off-warm100,70,1,13.7000,1.344,17.668,19.012,heart,autobiography-of-benjamin-franklin,1,,server-3,1,0,1,4.085,13.929,5.300
combined-lc-lrt-cache-off-warm100,70,1,13.7143,5.241,25.257,30.498,letter,twenty-thousand-leagues-under-the-sea,1,,server-3,1,0,2,4.085,13.929,2.783
combined-lc-lrt-cache-off-warm100,70,1,13.7286,3.554,23.243,26.797,she,the-house-of-mirth,1,,server-1,1,0,1,5.333,13.929,2.777
combined-lc-lrt-cache-off-warm100,70,1,13.7429,2.491,26.957,29.448,of,the-mysterious-island,1,,server-3,1,0,2,2.896,13.929,2.777
combined-lc-lrt-cache-off-warm100,70,1,13.7571,1.437,15.966,17.403,you,the-house-of-the-seven-gables,1,,server-1,1,0,1,5.478,13.929,3.126
combined-lc-lrt-cache-off-warm100,70,1,13.7714,3.885,31.144,35.030,love,the-mysterious-island,1,,server-1,2,0,1,2.889,13.929,3.126
combined-lc-lrt-cache-off-warm100,70,1,13.7857,21.565,14.019,35.584,death,the-scarlet-letter-33,1,,server-1,2,0,0,2.517,13.929,6.235
combined-lc-lrt-cache-off-warm100,70,1,13.8000,1.973,17.241,19.214,horse,madame-bovary,1,,server-3,2,0,1,2.517,13.929,6.235
combined-lc-lrt-cache-off-warm100,70,1,13.8143,5.755,17.722,23.477,of,northanger-abbey,1,,server-3,1,0,2,5.433,13.929,3.301
combined-lc-lrt-cache-off-warm100,70,1,13.8286,2.021,22.278,24.299,you,thus-spake-zarathustra-a-book-for-all-and-none,1,,server-1,1,0,1,5.633,13.929,2.921
combined-lc-lrt-cache-off-warm100,70,1,13.8429,1.787,15.758,17.545,sea,kidnapped,1,,server-3,1,0,1,2.992,13.929,4.646
combined-lc-lrt-cache-off-warm100,70,1,13.8571,3.882,32.178,36.060,letter,the-odyssey,1,,server-3,0,0,2,5.404,13.929,2.481
combined-lc-lrt-cache-off-warm100,70,1,13.8714,21.559,21.689,43.248,money,the-hound-of-the-baskervilles-3070,1,,server-3,0,0,2,5.404,13.929,2.409
combined-lc-lrt-cache-off-warm100,70,1,13.8857,4.723,39.879,44.602,king,the-american,1,,server-1,1,0,2,5.404,13.929,4.614
combined-lc-lrt-cache-off-warm100,70,1,13.9000,31.153,40.743,71.896,whale,the-innocents-abroad,1,,server-1,2,0,1,2.935,13.929,6.643
combined-lc-lrt-cache-off-warm100,70,1,13.9143,17.156,37.586,54.742,night,autobiography-of-benjamin-franklin,1,,server-1,3,0,1,2.935,13.929,9.493
combined-lc-lrt-cache-off-warm100,70,1,13.9286,1.363,19.112,20.474,he,the-last-of-the-mohicans-a-narrative-of-1757-27681,1,,server-3,3,0,1,2.935,13.929,7.639
combined-lc-lrt-cache-off-warm100,70,1,13.9429,6.701,14.082,20.784,and,black-beauty,1,,server-3,2,0,2,4.914,13.929,3.989
combined-lc-lrt-cache-off-warm100,70,1,13.9571,6.871,22.089,28.961,night,a-tale-of-two-cities,1,,server-3,2,0,2,4.914,13.929,3.468
combined-lc-lrt-cache-off-warm100,70,1,13.9714,15.317,31.008,46.325,letter,the-moonstone,1,,server-3,2,0,2,11.371,13.929,2.895
combined-lc-lrt-cache-off-warm100,70,1,13.9857,1.247,37.874,39.121,heart,the-mysterious-affair-at-styles,1,,server-3,0,0,3,11.461,13.929,2.895
combined-lc-lrt-cache-off-warm100,70,1,14.0000,26.050,47.923,73.973,love,a-tale-of-two-cities,1,,server-3,0,0,3,11.461,13.929,2.321
combined-lc-lrt-cache-off-warm100,70,1,14.0143,11.491,45.525,57.015,king,the-memoirs-of-sherlock-holmes,1,,server-3,0,0,4,11.461,13.929,2.321
combined-lc-lrt-cache-off-warm100,70,1,14.0286,1.836,18.163,19.999,horse,the-secret-garden-17396,1,,server-1,1,0,2,11.461,13.929,5.551
combined-lc-lrt-cache-off-warm100,70,1,14.0429,6.199,14.508,20.707,you,the-adventures-of-tom-sawyer-complete,1,,server-1,2,0,2,5.969,13.929,5.551
combined-lc-lrt-cache-off-warm100,70,1,14.0571,7.392,15.012,22.404,death,dubliners,1,,server-1,2,0,2,3.981,13.929,5.551
combined-lc-lrt-cache-off-warm100,70,1,14.0714,8.739,20.408,29.147,horse,dubliners,1,,server-1,2,0,2,3.112,13.929,13.446
combined-lc-lrt-cache-off-warm100,70,1,14.0857,15.682,35.378,51.061,king,the-mystery-of-edwin-drood,1,,server-1,2,0,0,3.011,13.929,13.406
combined-lc-lrt-cache-off-warm100,70,1,14.1000,1.680,33.627,35.306,king,herland,1,,server-1,3,0,0,3.011,13.929,13.406
combined-lc-lrt-cache-off-warm100,70,1,14.1143,23.377,43.659,67.036,and,the-song-of-the-lark,1,,server-1,3,0,0,2.159,13.929,13.406
combined-lc-lrt-cache-off-warm100,70,1,14.1286,8.772,23.765,32.537,king,adventures-of-huckleberry-finn,1,,server-1,4,0,0,2.159,13.929,13.406
combined-lc-lrt-cache-off-warm100,70,1,14.1429,1.771,29.113,30.884,love,tess-of-the-d-urbervilles-a-pure-woman,1,,server-3,2,0,1,5.076,13.929,13.406
combined-lc-lrt-cache-off-warm100,70,1,14.1571,16.791,21.778,38.569,death,a-tale-of-two-cities,1,,server-3,2,0,2,5.076,13.929,6.961
combined-lc-lrt-cache-off-warm100,70,1,14.1714,1.770,21.870,23.640,sea,the-jungle,1,,server-2,2,1,2,8.673,13.929,6.961
combined-lc-lrt-cache-off-warm100,70,1,14.1857,10.825,11.080,21.905,love,dubliners,1,,server-3,0,1,2,13.405,7.224,6.233
combined-lc-lrt-cache-off-warm100,70,1,14.2000,1.457,14.861,16.318,night,grimms-fairy-tales,1,,server-2,0,1,1,13.405,8.041,5.043
combined-lc-lrt-cache-off-warm100,70,1,14.2143,1.651,18.673,20.324,horse,grimms-fairy-tales,1,,server-3,0,1,1,13.405,4.198,4.962
combined-lc-lrt-cache-off-warm100,70,1,14.2286,1.652,24.429,26.082,money,emma,1,,server-2,0,1,1,13.405,5.008,2.636
combined-lc-lrt-cache-off-warm100,70,1,14.2429,1.496,26.618,28.114,heart,little-women,1,,server-3,0,1,1,13.405,2.637,4.604
combined-lc-lrt-cache-off-warm100,70,1,14.2571,14.108,25.836,39.943,was,the-adventures-of-ferdinand-count-fathom-complete,1,,server-3,0,0,2,13.405,5.536,2.433
combined-lc-lrt-cache-off-warm100,70,1,14.2714,1.533,22.897,24.430,night,sense-and-sensibility,1,,server-2,0,1,1,13.405,5.536,4.726
combined-lc-lrt-cache-off-warm100,70,1,14.2857,10.389,12.501,22.890,house,the-wind-in-the-willows,1,,server-2,0,2,1,13.405,2.914,4.726
combined-lc-lrt-cache-off-warm100,70,1,14.3000,1.606,17.326,18.933,love,the-picture-of-dorian-gray,1,,server-3,0,1,1,13.405,3.734,7.062
combined-lc-lrt-cache-off-warm100,70,1,14.3143,3.506,33.045,36.552,heart,kidnapped,1,,server-2,0,1,1,13.405,4.324,3.707
combined-lc-lrt-cache-off-warm100,70,1,14.3286,23.165,23.071,46.236,the,twenty-thousand-leagues-under-the-sea,1,,server-2,0,2,0,13.405,2.343,5.077
combined-lc-lrt-cache-off-warm100,70,1,14.3429,3.193,21.934,25.127,horse,wuthering-heights,1,,server-3,0,2,1,13.405,2.343,5.077
combined-lc-lrt-cache-off-warm100,70,1,14.3571,11.448,15.643,27.091,of,grimms-fairy-tales,1,,server-3,0,1,2,13.405,5.662,2.790
combined-lc-lrt-cache-off-warm100,70,1,14.3714,13.367,21.396,34.762,heart,his-last-bow,1,,server-3,0,1,2,13.405,5.662,3.746
combined-lc-lrt-cache-off-warm100,70,1,14.3857,1.887,21.352,23.238,king,cranford,1,,server-2,0,1,1,13.405,7.234,3.791
combined-lc-lrt-cache-off-warm100,70,1,14.4000,6.684,14.081,20.766,of,the-jungle-book,1,,server-3,0,1,2,13.405,3.840,3.791
combined-lc-lrt-cache-off-warm100,70,1,14.4143,2.005,26.599,28.604,of,pride-and-prejudice,1,,server-2,0,1,1,13.405,5.792,3.568
combined-lc-lrt-cache-off-warm100,70,1,14.4286,1.897,13.491,15.388,whale,frankenstein-or-the-modern-prometheus-41445,1,,server-3,0,1,1,13.405,3.067,4.475
combined-lc-lrt-cache-off-warm100,70,1,14.4429,1.753,34.760,36.513,castle,the-tenant-of-wildfell-hall,1,,server-3,0,1,2,13.405,7.674,2.420
combined-lc-lrt-cache-off-warm100,70,1,14.4571,22.700,17.722,40.422,sea,thus-spake-zarathustra-a-book-for-all-and-none,1,,server-3,0,0,2,13.405,6.168,1.994
combined-lc-lrt-cache-off-warm100,70,1,14.4714,8.725,26.581,35.306,love,his-last-bow,1,,server-3,0,0,3,13.405,6.168,1.994
combined-lc-lrt-cache-off-warm100,70,1,14.4857,1.687,14.582,16.269,castle,the-picture-of-dorian-gray,1,,server-2,0,1,2,13.405,6.168,3.391
combined-lc-lrt-cache-off-warm100,70,1,14.5000,2.615,30.939,33.554,was,the-iliad,1,,server-2,0,2,2,13.405,3.250,4.964
combined-lc-lrt-cache-off-warm100,70,1,14.5143,20.379,51.365,71.744,and,the-iliad,1,,server-2,0,2,0,13.405,2.383,7.366
combined-lc-lrt-cache-off-warm100,70,1,14.5286,5.822,20.593,26.415,night,adventures-of-huckleberry-finn,1,,server-2,0,3,0,13.405,2.383,7.366
combined-lc-lrt-cache-off-warm100,70,1,14.5429,2.043,24.927,26.970,you,jude-the-obscure,1,,server-3,0,2,1,13.405,3.622,7.366
combined-lc-lrt-cache-off-warm100,70,1,14.5571,13.313,27.078,40.391,heart,north-and-south,1,,server-3,0,2,2,13.405,5.573,3.870
combined-lc-lrt-cache-off-warm100,70,1,14.5714,1.704,48.556,50.260,london,meditations,1,,server-3,0,1,2,13.405,5.573,4.578
combined-lc-lrt-cache-off-warm100,70,1,14.5857,12.384,21.991,34.376,money,the-adventures-of-tom-sawyer-complete,1,,server-3,0,1,3,13.405,14.601,3.032
combined-lc-lrt-cache-off-warm100,70,1,14.6000,1.626,12.977,14.602,the,frankenstein-or-the-modern-prometheus,1,,server-2,0,1,2,13.405,11.696,5.936
combined-lc-lrt-cache-off-warm100,70,1,14.6143,1.548,11.129,12.677,she,frankenstein-or-the-modern-prometheus,1,,server-2,0,2,2,13.405,5.861,5.936
combined-lc-lrt-cache-off-warm100,70,1,14.6286,1.173,25.317,26.490,of,far-from-the-madding-crowd,1,,server-2,0,1,0,13.405,3.706,7.988
combined-lc-lrt-cache-off-warm100,70,1,14.6429,12.832,38.607,51.439,sea,the-moonstone,1,,server-2,0,2,0,13.405,1.956,7.988
combined-lc-lrt-cache-off-warm100,70,1,14.6571,1.724,72.144,73.868,house,frankenstein-or-the-modern-prometheus,1,,server-2,0,2,0,13.405,3.897,7.988
combined-lc-lrt-cache-off-warm100,70,1,14.6714,23.921,35.924,59.845,he,the-divine-comedy,1,,server-2,0,3,0,13.405,2.575,7.988
combined-lc-lrt-cache-off-warm100,70,1,14.6857,1.523,13.193,14.717,was,the-hound-of-the-baskervilles,1,,server-3,0,3,1,13.405,2.575,7.988
combined-lc-lrt-cache-off-warm100,70,1,14.7000,2.537,22.180,24.717,the,the-divine-comedy,1,,server-3,0,2,2,13.405,8.095,5.859
combined-lc-lrt-cache-off-warm100,70,1,14.7143,11.311,19.270,30.581,was,a-connecticut-yankee-in-king-arthur-s-court,1,,server-3,0,2,2,13.405,8.095,2.523
combined-lc-lrt-cache-off-warm100,70,1,14.7286,17.613,31.184,48.797,night,the-portrait-of-a-lady-volume-1,1,,server-3,0,2,2,13.405,8.095,3.632
combined-lc-lrt-cache-off-warm100,70,1,14.7429,2.589,68.594,71.183,sea,the-mysterious-island,1,,server-3,0,0,3,13.405,12.142,3.632
combined-lc-lrt-cache-off-warm100,70,1,14.7571,57.512,19.966,77.478,and,the-war-of-the-worlds,1,,server-3,0,0,3,13.405,12.142,2.655
combined-lc-lrt-cache-off-warm100,70,1,14.7714,42.334,10.506,52.840,you,the-war-of-the-worlds,1,,server-3,0,0,4,13.405,12.142,2.655
combined-lc-lrt-cache-off-warm100,70,1,14.7857,3.743,14.432,18.175,whale,the-warden,1,,server-2,0,1,4,13.405,12.142,8.170
combined-lc-lrt-cache-off-warm100,70,1,14.8000,4.640,17.172,21.812,london,the-return-of-sherlock-holmes-108,1,,server-2,0,2,4,13.405,6.342,8.638
combined-lc-lrt-cache-off-warm100,70,1,14.8143,8.351,21.622,29.973,sea,life-on-the-mississippi,1,,server-2,0,2,3,13.405,3.585,15.293
combined-lc-lrt-cache-off-warm100,70,1,14.8286,16.050,9.251,25.301,heart,the-great-gatsby,1,,server-2,0,2,1,13.405,3.295,9.572
combined-lc-lrt-cache-off-warm100,70,1,14.8429,1.608,13.470,15.078,and,a-journey-to-the-centre-of-the-earth,1,,server-3,0,2,1,13.405,3.295,9.183
combined-lc-lrt-cache-off-warm100,70,1,14.8571,1.398,17.080,18.478,horse,the-house-of-the-seven-gables,1,,server-2,0,1,1,13.405,4.233,4.764
combined-lc-lrt-cache-off-warm100,70,1,14.8714,4.588,15.298,19.887,castle,persuasion,1,,server-2,0,2,0,13.405,2.226,5.165
combined-lc-lrt-cache-off-warm100,70,1,14.8857,6.267,18.235,24.502,heart,the-mystery-of-edwin-drood,1,,server-2,0,2,0,13.405,2.510,5.165
combined-lc-lrt-cache-off-warm100,70,1,14.9000,2.420,19.611,22.032,he,twenty-thousand-leagues-under-the-sea,1,,server-3,0,1,1,13.405,2.630,5.165
combined-lc-lrt-cache-off-warm100,70,1,14.9143,1.295,29.481,30.776,and,mansfield-park,1,,server-2,0,1,1,13.405,4.565,2.781
combined-lc-lrt-cache-off-warm100,70,1,14.9286,16.684,22.771,39.456,heart,the-tenant-of-wildfell-hall,1,,server-2,0,2,0,13.405,2.417,4.850
combined-lc-lrt-cache-off-warm100,70,1,14.9429,1.484,25.892,27.376,of,the-song-of-the-lark,1,,server-3,0,2,1,13.405,4.527,4.850
combined-lc-lrt-cache-off-warm100,70,1,14.9571,13.552,11.279,24.831,death,silas-marner,1,,server-3,0,1,2,13.405,5.220,2.538
combined-lc-lrt-cache-off-warm100,70,1,14.9714,1.781,9.634,11.415,the,the-jungle-book,1,,server-2,0,1,1,13.405,6.901,4.229
combined-lc-lrt-cache-off-warm100,70,1,14.9857,1.860,22.549,24.409,of,the-secret-garden,1,,server-2,0,1,0,13.405,3.801,4.452
