label,rate,run,t_s,conn_ms,rpc_ms,total_ms,keyword,reference,ok,error_type,selected_server,server_1_connections,server_2_connections,server_3_connections,server_1_response_ewma_ms,server_2_response_ewma_ms,server_3_response_ewma_ms
combined-lc-lrt-cache-off-warm100,130,3,0.0000,1.668,20.571,22.239,he,the-secret-garden,1,,server-2,0,1,0,16.241,5.405,6.185
combined-lc-lrt-cache-off-warm100,130,3,0.0077,15.030,23.480,38.510,you,grimms-fairy-tales,1,,server-2,0,2,0,16.241,2.876,6.185
combined-lc-lrt-cache-off-warm100,130,3,0.0154,1.846,21.680,23.526,of,cranford,1,,server-3,0,2,1,16.241,2.876,6.185
combined-lc-lrt-cache-off-warm100,130,3,0.0231,16.330,19.069,35.398,money,the-return-of-sherlock-holmes,1,,server-3,0,1,2,16.241,4.015,3.269
combined-lc-lrt-cache-off-warm100,130,3,0.0308,16.152,11.859,28.011,night,cranford,1,,server-2,0,2,2,16.241,4.015,3.269
combined-lc-lrt-cache-off-warm100,130,3,0.0385,8.589,25.934,34.523,heart,the-scarlet-letter,1,,server-2,0,3,2,16.241,4.015,8.396
combined-lc-lrt-cache-off-warm100,130,3,0.0462,12.753,22.426,35.180,was,far-from-the-madding-crowd,1,,server-3,0,3,2,16.241,7.219,4.403
combined-lc-lrt-cache-off-warm100,130,3,0.0538,5.815,26.411,32.226,and,the-secret-garden-17396,1,,server-2,0,3,2,16.241,3.077,4.403
combined-lc-lrt-cache-off-warm100,130,3,0.0615,20.478,18.733,39.211,and,myths-and-legends-of-ancient-greece-and-rome,1,,server-3,0,2,2,16.241,3.176,4.209
combined-lc-lrt-cache-off-warm100,130,3,0.0692,4.889,24.994,29.883,the,persuasion,1,,server-2,0,3,2,16.241,3.176,4.209
combined-lc-lrt-cache-off-warm100,130,3,0.0769,5.277,32.810,38.086,night,hard-times,1,,server-3,0,2,3,16.241,4.604,4.209
combined-lc-lrt-cache-off-warm100,130,3,0.0846,14.324,44.427,58.750,death,jane-eyre-an-autobiography,1,,server-3,0,2,3,16.241,4.604,3.061
combined-lc-lrt-cache-off-warm100,130,3,0.0923,23.982,50.067,74.049,castle,the-romance-of-lust-a-classic-victorian-erotic-novel,1,,server-3,0,1,4,16.241,5.463,2.480
combined-lc-lrt-cache-off-warm100,130,3,0.1000,1.330,18.877,20.207,she,thus-spake-zarathustra-a-book-for-all-and-none,1,,server-2,0,1,4,16.241,7.409,7.361
combined-lc-lrt-cache-off-warm100,130,3,0.1077,13.296,33.365,46.660,london,oliver-twist,1,,server-2,0,2,4,16.241,3.859,7.361
combined-lc-lrt-cache-off-warm100,130,3,0.1154,6.276,34.767,41.043,letter,the-lost-world,1,,server-2,0,3,3,16.241,3.859,12.783
combined-lc-lrt-cache-off-warm100,130,3,0.1231,31.735,74.471,106.207,and,great-expectations,1,,server-2,0,3,2,16.241,2.650,8.263
combined-lc-lrt-cache-off-warm100,130,3,0.1308,26.210,13.226,39.436,he,the-hound-of-the-baskervilles,1,,server-2,0,4,2,16.241,2.358,8.263
combined-lc-lrt-cache-off-warm100,130,3,0.1385,19.584,71.250,90.835,love,the-last-of-the-mohicans-a-narrative-of-1757,1,,server-2,0,5,2,16.241,2.358,8.263
combined-lc-lrt-cache-off-warm100,130,3,0.1462,14.429,93.224,107.653,love,wuthering-heights,1,,server-2,0,6,2,16.241,2.358,12.559
combined-lc-lrt-cache-off-warm100,130,3,0.1538,1.506,38.007,39.514,house,north-and-south,1,,server-1,1,6,2,16.241,8.450,12.559
combined-lc-lrt-cache-off-warm100,130,3,0.1615,33.033,33.622,66.655,she,the-last-of-the-mohicans-a-narrative-of-1757-27681,1,,server-1,2,4,2,8.390,5.826,12.559
combined-lc-lrt-cache-off-warm100,130,3,0.1692,1.201,23.165,24.365,letter,walden-and-on-the-duty-of-civil-disobedience,1,,server-3,2,4,1,8.390,5.826,16.984
combined-lc-lrt-cache-off-warm100,130,3,0.1769,16.630,10.258,26.888,was,the-great-gatsby,1,,server-3,2,4,2,8.390,7.214,8.769
combined-lc-lrt-cache-off-warm100,130,3,0.1846,9.631,16.026,25.657,london,treasure-island,1,,server-1,3,4,2,8.390,7.214,8.769
combined-lc-lrt-cache-off-warm100,130,3,0.1923,2.120,33.195,35.316,of,far-from-the-madding-crowd,1,,server-3,3,4,3,8.390,7.214,9.830
combined-lc-lrt-cache-off-warm100,130,3,0.2000,24.139,38.471,62.610,she,myths-and-legends-of-ancient-greece-and-rome,1,,server-3,2,3,3,5.607,7.214,3.945
combined-lc-lrt-cache-off-warm100,130,3,0.2077,20.727,30.132,50.859,he,oliver-twist,1,,server-1,3,3,3,5.607,7.214,4.709
combined-lc-lrt-cache-off-warm100,130,3,0.2154,12.332,33.127,45.459,whale,madame-bovary,1,,server-3,3,3,4,7.439,7.214,4.940
combined-lc-lrt-cache-off-warm100,130,3,0.2231,4.975,51.083,56.058,castle,wuthering-heights,1,,server-3,3,3,5,7.439,7.214,4.940
combined-lc-lrt-cache-off-warm100,130,3,0.2308,32.897,28.610,61.507,the,the-first-men-in-the-moon,1,,server-3,1,1,4,8.081,19.462,3.807
combined-lc-lrt-cache-off-warm100,130,3,0.2385,20.335,10.357,30.692,london,washington-square,1,,server-1,2,1,4,8.081,19.462,3.807
combined-lc-lrt-cache-off-warm100,130,3,0.2462,33.350,40.014,73.364,sea,desert-gold,1,,server-3,2,1,5,8.081,19.462,3.807
combined-lc-lrt-cache-off-warm100,130,3,0.2538,26.299,37.964,64.263,london,the-first-men-in-the-moon,1,,server-3,2,1,6,8.081,25.812,3.807
combined-lc-lrt-cache-off-warm100,130,3,0.2615,8.227,26.758,34.985,she,mary-barton,1,,server-1,2,0,6,7.076,25.812,9.540
combined-lc-lrt-cache-off-warm100,130,3,0.2692,2.336,49.546,51.882,london,oliver-twist,1,,server-1,2,0,4,4.867,25.812,11.914
combined-lc-lrt-cache-off-warm100,130,3,0.2769,44.072,21.468,65.540,she,the-house-of-mirth,1,,server-1,3,0,4,2.242,25.812,11.914
combined-lc-lrt-cache-off-warm100,130,3,0.2846,38.107,38.040,76.147,was,walden-and-on-the-duty-of-civil-disobedience,1,,server-1,4,0,3,2.242,25.812,8.174
combined-lc-lrt-cache-off-warm100,130,3,0.2923,30.322,64.949,95.271,was,north-and-south,1,,server-1,5,0,3,2.242,25.812,9.033
combined-lc-lrt-cache-off-warm100,130,3,0.3000,1.789,16.866,18.655,you,meditations,1,,server-2,5,1,3,9.424,25.812,9.033
combined-lc-lrt-cache-off-warm100,130,3,0.3077,11.813,15.960,27.773,she,treasure-island,1,,server-2,5,2,3,9.424,13.321,9.033
combined-lc-lrt-cache-off-warm100,130,3,0.3154,4.841,15.097,19.938,king,the-secret-garden-17396,1,,server-3,5,2,4,9.424,13.321,9.033
combined-lc-lrt-cache-off-warm100,130,3,0.3231,12.959,8.115,21.074,horse,the-prince,1,,server-2,3,2,1,8.121,6.935,7.540
combined-lc-lrt-cache-off-warm100,130,3,0.3308,5.114,14.718,19.832,money,white-fang,1,,server-3,3,2,2,8.121,6.935,7.540
combined-lc-lrt-cache-off-warm100,130,3,0.3385,12.412,10.684,23.096,whale,the-lost-world,1,,server-3,3,1,2,8.121,4.811,4.152
combined-lc-lrt-cache-off-warm100,130,3,0.3462,1.267,20.967,22.235,horse,the-american,1,,server-2,2,1,2,8.663,4.326,4.152
combined-lc-lrt-cache-off-warm100,130,3,0.3538,15.237,27.531,42.768,horse,north-and-south,1,,server-2,2,2,1,8.663,2.281,3.813
combined-lc-lrt-cache-off-warm100,130,3,0.3615,1.245,12.045,13.290,castle,a-princess-of-mars,1,,server-3,1,2,1,11.694,2.281,4.112
combined-lc-lrt-cache-off-warm100,130,3,0.3692,6.130,10.520,16.651,house,the-jungle-book,1,,server-3,1,1,2,11.694,3.937,2.170
combined-lc-lrt-cache-off-warm100,130,3,0.3769,9.628,17.266,26.894,and,the-return-of-sherlock-holmes,1,,server-3,1,1,2,11.694,3.937,2.269
combined-lc-lrt-cache-off-warm100,130,3,0.3846,2.095,44.394,46.490,horse,little-women,1,,server-3,1,1,3,11.694,3.937,2.269
combined-lc-lrt-cache-off-warm100,130,3,0.3923,12.531,38.871,51.402,king,persuasion,1,,server-3,0,1,3,17.843,3.937,1.413
combined-lc-lrt-cache-off-warm100,130,3,0.4000,28.262,30.753,59.015,you,the-works-of-edgar-allan-poe-volume-2,1,,server-3,0,0,4,17.843,6.845,1.413
combined-lc-lrt-cache-off-warm100,130,3,0.4077,1.277,23.171,24.448,sea,the-portrait-of-a-lady-volume-1,1,,server-2,0,1,4,17.843,6.845,3.698
combined-lc-lrt-cache-off-warm100,130,3,0.4154,17.321,16.724,34.046,house,twenty-thousand-leagues-under-the-sea,1,,server-2,0,2,4,17.843,3.580,3.698
combined-lc-lrt-cache-off-warm100,130,3,0.4231,9.427,30.149,39.576,love,myths-and-legends-of-ancient-greece-and-rome,1,,server-2,0,3,4,17.843,3.580,3.698
combined-lc-lrt-cache-off-warm100,130,3,0.4308,1.896,43.076,44.972,she,beyond-good-and-evil,1,,server-2,0,4,4,17.843,3.580,17.350
combined-lc-lrt-cache-off-warm100,130,3,0.4385,25.650,46.957,72.607,was,the-king-in-yellow,1,,server-2,0,4,2,17.843,1.737,11.814
combined-lc-lrt-cache-off-warm100,130,3,0.4462,17.808,45.475,63.282,she,anne-of-green-gables,1,,server-2,0,5,2,17.843,1.737,12.530
combined-lc-lrt-cache-off-warm100,130,3,0.4538,2.227,32.521,34.748,heart,the-moonstone,1,,server-1,1,5,2,17.843,4.613,12.530
combined-lc-lrt-cache-off-warm100,130,3,0.4615,2.009,21.443,23.452,she,the-odyssey,1,,server-3,1,5,1,9.221,4.613,12.317
combined-lc-lrt-cache-off-warm100,130,3,0.4692,16.340,16.802,33.142,and,the-secret-adversary,1,,server-3,1,3,2,9.221,5.815,6.395
combined-lc-lrt-cache-off-warm100,130,3,0.4769,11.887,12.401,24.288,whale,meditations,1,,server-1,2,3,2,9.221,11.208,6.395
combined-lc-lrt-cache-off-warm100,130,3,0.4846,4.743,36.409,41.153,whale,dracula,1,,server-1,3,2,2,8.824,11.208,9.286
combined-lc-lrt-cache-off-warm100,130,3,0.4923,10.791,21.796,32.588,london,the-portrait-of-a-lady-volume-1,1,,server-3,2,2,2,4.366,11.208,5.411
combined-lc-lrt-cache-off-warm100,130,3,0.5000,26.349,14.305,40.653,horse,the-mystery-of-edwin-drood,1,,server-1,3,2,2,4.366,11.208,5.411
combined-lc-lrt-cache-off-warm100,130,3,0.5077,17.636,20.754,38.390,whale,life-on-the-mississippi,1,,server-3,3,2,2,5.857,11.208,4.148
combined-lc-lrt-cache-off-warm100,130,3,0.5154,10.185,32.159,42.344,death,grimms-fairy-tales,1,,server-3,3,0,3,5.857,14.160,4.148
combined-lc-lrt-cache-off-warm100,130,3,0.5231,1.385,15.486,16.871,horse,grimms-fairy-tales,1,,server-2,3,1,3,5.857,14.160,4.148
combined-lc-lrt-cache-off-warm100,130,3,0.5308,27.481,22.907,50.388,you,dracula,1,,server-3,1,1,3,8.461,7.328,3.255
combined-lc-lrt-cache-off-warm100,130,3,0.5385,20.160,44.009,64.168,the,dracula,1,,server-3,1,1,4,8.461,7.328,3.255
combined-lc-lrt-cache-off-warm100,130,3,0.5462,1.460,21.840,23.301,castle,the-jungle,1,,server-2,0,1,4,7.650,7.084,6.648
combined-lc-lrt-cache-off-warm100,130,3,0.5538,16.499,14.404,30.903,she,washington-square,1,,server-2,0,2,4,7.650,3.696,6.648
combined-lc-lrt-cache-off-warm100,130,3,0.5615,1.559,17.338,18.897,death,the-mystery-of-edwin-drood,1,,server-1,1,2,2,7.650,3.696,5.602
combined-lc-lrt-cache-off-warm100,130,3,0.5692,11.536,22.675,34.211,money,sense-and-sensibility,1,,server-1,2,2,2,3.995,8.796,5.602
combined-lc-lrt-cache-off-warm100,130,3,0.5769,8.727,16.889,25.616,castle,anne-of-green-gables,1,,server-2,2,2,2,3.995,4.586,5.602
combined-lc-lrt-cache-off-warm100,130,3,0.5846,18.935,13.304,32.238,you,northanger-abbey,1,,server-1,2,2,2,3.942,5.267,7.252
combined-lc-lrt-cache-off-warm100,130,3,0.5923,10.785,27.058,37.843,horse,myths-and-legends-of-ancient-greece-and-rome,1,,server-2,2,2,2,3.942,3.439,7.252
combined-lc-lrt-cache-off-warm100,130,3,0.6000,3.430,30.218,33.648,letter,the-lost-world,1,,server-2,2,3,2,3.942,3.439,7.252
combined-lc-lrt-cache-off-warm100,130,3,0.6077,26.448,19.365,45.813,love,poirot-investigates,1,,server-2,1,3,0,5.116,2.048,11.630
combined-lc-lrt-cache-off-warm100,130,3,0.6154,19.798,39.298,59.096,was,wuthering-heights,1,,server-2,1,4,0,5.116,2.048,11.630
combined-lc-lrt-cache-off-warm100,130,3,0.6231,1.200,30.482,31.682,night,the-adventures-of-sherlock-holmes,1,,server-1,1,4,0,5.358,2.048,11.630
combined-lc-lrt-cache-off-warm100,130,3,0.6308,24.914,12.336,37.249,night,the-lost-world,1,,server-1,2,4,0,2.814,6.919,11.630
combined-lc-lrt-cache-off-warm100,130,3,0.6385,17.523,39.179,56.701,king,jude-the-obscure,1,,server-1,3,2,0,2.814,5.379,11.630
combined-lc-lrt-cache-off-warm100,130,3,0.6462,9.567,41.294,50.861,she,the-wind-in-the-willows,1,,server-1,4,2,0,2.814,5.379,11.630
combined-lc-lrt-cache-off-warm100,130,3,0.6538,1.423,12.914,14.337,night,the-secret-adversary,1,,server-3,4,2,1,2.814,6.516,11.630
combined-lc-lrt-cache-off-warm100,130,3,0.6615,31.763,16.325,48.088,heart,his-last-bow,1,,server-1,4,1,1,2.937,6.516,6.031
combined-lc-lrt-cache-off-warm100,130,3,0.6692,1.489,29.673,31.161,was,little-women,1,,server-3,4,1,1,4.935,6.516,5.880
combined-lc-lrt-cache-off-warm100,130,3,0.6769,24.051,31.612,55.663,he,the-return-of-sherlock-holmes,1,,server-3,4,0,2,5.315,10.233,3.076
combined-lc-lrt-cache-off-warm100,130,3,0.6846,16.904,28.445,45.349,you,his-last-bow,1,,server-3,4,0,3,5.315,10.233,3.076
combined-lc-lrt-cache-off-warm100,130,3,0.6923,1.356,16.443,17.799,she,madame-bovary,1,,server-2,4,1,3,5.315,10.233,3.076
combined-lc-lrt-cache-off-warm100,130,3,0.7000,10.675,11.135,21.810,london,the-king-in-yellow,1,,server-2,1,2,3,12.074,5.288,8.284
combined-lc-lrt-cache-off-warm100,130,3,0.7077,25.958,26.464,52.422,london,mary-barton,1,,server-3,1,2,3,12.074,5.288,4.028
combined-lc-lrt-cache-off-warm100,130,3,0.7154,7.240,12.153,19.394,the,the-war-of-the-worlds,1,,server-2,0,2,3,9.995,4.082,4.028
combined-lc-lrt-cache-off-warm100,130,3,0.7231,1.888,48.043,49.931,and,the-last-of-the-mohicans-a-narrative-of-1757-27681,1,,server-2,0,2,3,9.995,2.895,4.028
combined-lc-lrt-cache-off-warm100,130,3,0.7308,5.675,36.820,42.495,the,twenty-thousand-leagues-under-the-sea,1,,server-2,0,3,3,9.995,1.681,8.813
combined-lc-lrt-cache-off-warm100,130,3,0.7385,32.717,18.850,51.567,heart,the-adventures-of-sherlock-holmes,1,,server-2,0,3,1,9.995,2.228,7.790
combined-lc-lrt-cache-off-warm100,130,3,0.7462,27.351,27.133,54.484,king,the-secret-adversary,1,,server-2,0,4,1,9.995,2.228,7.790
combined-lc-lrt-cache-off-warm100,130,3,0.7538,1.762,17.998,19.761,she,the-picture-of-dorian-gray,1,,server-1,1,4,1,9.995,2.228,7.790
combined-lc-lrt-cache-off-warm100,130,3,0.7615,1.336,12.576,13.912,love,the-jungle-book,1,,server-3,1,4,1,5.205,5.535,9.170
combined-lc-lrt-cache-off-warm100,130,3,0.7692,6.844,16.851,23.695,love,twenty-thousand-leagues-under-the-sea,1,,server-3,1,4,2,5.205,5.535,4.770
combined-lc-lrt-cache-off-warm100,130,3,0.7769,1.231,13.242,14.473,sea,kidnapped,1,,server-1,1,2,1,6.163,7.894,3.228
combined-lc-lrt-cache-off-warm100,130,3,0.7846,8.894,22.181,31.075,heart,the-last-of-the-mohicans-a-narrative-of-1757,1,,server-3,1,2,2,3.253,7.894,3.228
combined-lc-lrt-cache-off-warm100,130,3,0.7923,1.424,12.579,14.002,money,memoirs-of-fanny-hill,1,,server-1,1,2,2,4.143,9.591,3.228
combined-lc-lrt-cache-off-warm100,130,3,0.8000,6.743,10.209,16.953,house,a-princess-of-mars,1,,server-1,2,2,1,2.178,9.536,3.238
combined-lc-lrt-cache-off-warm100,130,3,0.8077,9.470,40.397,49.866,of,washington-square,1,,server-1,2,0,1,2.308,10.255,3.238
combined-lc-lrt-cache-off-warm100,130,3,0.8154,2.313,44.048,46.360,sea,the-romance-of-lust-a-classic-victorian-erotic-novel,1,,server-1,3,0,1,1.919,10.255,6.921
combined-lc-lrt-cache-off-warm100,130,3,0.8231,39.756,30.518,70.275,he,a-connecticut-yankee-in-king-arthur-s-court,1,,server-1,3,0,0,1.778,10.255,5.549
combined-lc-lrt-cache-off-warm100,130,3,0.8308,1.927,16.962,18.889,and,myths-and-legends-of-ancient-greece-and-rome,1,,server-3,3,0,1,1.778,10.255,5.549
combined-lc-lrt-cache-off-warm100,130,3,0.8385,11.817,28.732,40.549,night,tess-of-the-d-urbervilles-a-pure-woman,1,,server-3,3,0,2,1.778,10.255,2.938
combined-lc-lrt-cache-off-warm100,130,3,0.8462,16.974,30.233,47.208,castle,the-mysterious-affair-at-styles,1,,server-1,4,0,2,1.778,10.255,2.938
combined-lc-lrt-cache-off-warm100,130,3,0.8538,25.745,35.011,60.757,he,dubliners,1,,server-3,4,0,2,1.778,10.255,3.446
combined-lc-lrt-cache-off-warm100,130,3,0.8615,2.155,17.717,19.872,sea,a-connecticut-yankee-in-king-arthur-s-court,1,,server-2,4,1,2,14.822,10.255,3.446
combined-lc-lrt-cache-off-warm100,130,3,0.8692,10.444,38.021,48.465,king,villette,1,,server-3,2,1,3,6.229,5.333,3.446
combined-lc-lrt-cache-off-warm100,130,3,0.8769,5.205,21.232,26.437,heart,a-tale-of-two-cities,1,,server-2,2,2,3,6.229,5.333,3.446
combined-lc-lrt-cache-off-warm100,130,3,0.8846,19.926,29.200,49.127,she,the-last-of-the-mohicans-a-narrative-of-1757,1,,server-2,2,2,2,6.229,3.645,3.905
combined-lc-lrt-cache-off-warm100,130,3,0.8923,12.652,29.714,42.366,was,the-prince,1,,server-2,2,3,2,6.229,3.645,3.905
combined-lc-lrt-cache-off-warm100,130,3,0.9000,1.480,18.664,20.144,house,leaves-of-grass,1,,server-1,1,3,2,9.420,3.645,3.905
combined-lc-lrt-cache-off-warm100,130,3,0.9077,13.103,17.306,30.409,night,thus-spake-zarathustra-a-book-for-all-and-none,1,,server-1,2,2,2,4.921,4.106,3.905
combined-lc-lrt-cache-off-warm100,130,3,0.9154,19.601,24.896,44.497,letter,life-on-the-mississippi,1,,server-2,2,3,2,4.921,4.106,10.002
combined-lc-lrt-cache-off-warm100,130,3,0.9231,15.317,15.179,30.496,king,agnes-grey,1,,server-1,2,3,0,4.392,4.106,10.448
combined-lc-lrt-cache-off-warm100,130,3,0.9308,1.281,27.943,29.224,you,the-house-of-mirth,1,,server-3,2,3,1,3.529,4.106,10.448
combined-lc-lrt-cache-off-warm100,130,3,0.9385,2.640,29.747,32.387,king,wuthering-heights,1,,server-1,2,1,1,5.008,6.202,5.426
combined-lc-lrt-cache-off-warm100,130,3,0.9462,8.487,34.933,43.420,death,sense-and-sensibility,1,,server-1,3,1,1,3.410,6.202,5.426
combined-lc-lrt-cache-off-warm100,130,3,0.9538,6.197,15.798,21.995,he,anne-of-green-gables,1,,server-3,3,1,2,4.649,6.202,5.426
combined-lc-lrt-cache-off-warm100,130,3,0.9615,1.291,12.923,14.213,castle,the-first-men-in-the-moon,1,,server-2,2,1,1,3.752,7.858,4.581
combined-lc-lrt-cache-off-warm100,130,3,0.9692,7.135,8.890,16.025,you,the-jungle-book,1,,server-2,2,2,1,3.752,4.093,4.581
combined-lc-lrt-cache-off-warm100,130,3,0.9769,1.169,17.371,18.539,of,anne-of-green-gables,1,,server-3,2,1,1,5.485,3.033,5.404
combined-lc-lrt-cache-off-warm100,130,3,0.9846,11.439,11.899,23.338,horse,frankenstein-or-the-modern-prometheus-41445,1,,server-3,2,1,2,5.485,3.033,2.838
combined-lc-lrt-cache-off-warm100,130,3,0.9923,1.140,22.459,23.600,and,jude-the-obscure,1,,server-2,0,1,2,9.025,3.299,2.838
combined-lc-lrt-cache-off-warm100,130,3,1.0000,16.400,23.986,40.386,money,the-american,1,,server-2,0,2,1,9.025,1.743,3.437
combined-lc-lrt-cache-off-warm100,130,3,1.0077,8.938,38.398,47.337,he,the-memoirs-of-sherlock-holmes,1,,server-2,0,3,1,9.025,1.743,5.021
combined-lc-lrt-cache-off-warm100,130,3,1.0154,2.000,23.680,25.681,she,the-memoirs-of-sherlock-holmes,1,,server-3,0,3,1,9.025,7.945,4.037
combined-lc-lrt-cache-off-warm100,130,3,1.0231,18.699,26.826,45.525,letter,the-lost-world,1,,server-3,0,2,2,9.025,2.697,2.127
combined-lc-lrt-cache-off-warm100,130,3,1.0308,11.211,25.648,36.859,death,thus-spake-zarathustra-a-book-for-all-and-none,1,,server-3,0,2,3,9.025,2.697,2.127
combined-lc-lrt-cache-off-warm100,130,3,1.0385,16.997,30.976,47.973,king,the-innocents-abroad,1,,server-2,0,3,3,9.025,2.697,2.127
combined-lc-lrt-cache-off-warm100,130,3,1.0462,1.589,22.816,24.405,horse,the-last-of-the-mohicans-a-narrative-of-1757,1,,server-1,1,3,2,9.025,6.778,3.124
combined-lc-lrt-cache-off-warm100,130,3,1.0538,15.742,44.834,60.575,he,the-tenant-of-wildfell-hall,1,,server-3,1,3,3,4.706,7.899,3.124
combined-lc-lrt-cache-off-warm100,130,3,1.0615,9.580,22.653,32.232,of,the-american,1,,server-1,2,1,3,4.706,7.354,3.124
combined-lc-lrt-cache-off-warm100,130,3,1.0692,1.124,44.227,45.351,you,the-return-of-sherlock-holmes-108,1,,server-3,2,1,2,4.706,7.354,6.986
combined-lc-lrt-cache-off-warm100,130,3,1.0769,17.387,24.899,42.286,whale,dracula,1,,server-1,2,1,2,4.496,7.354,3.080
combined-lc-lrt-cache-off-warm100,130,3,1.0846,30.775,9.250,40.025,was,the-kama-sutra-of-vatsyayana,1,,server-3,2,1,3,4.496,7.354,3.080
combined-lc-lrt-cache-off-warm100,130,3,1.0923,1.473,30.857,32.330,she,villette,1,,server-2,2,1,3,4.496,9.606,3.080
combined-lc-lrt-cache-off-warm100,130,3,1.1000,19.727,13.068,32.795,heart,persuasion,1,,server-1,2,1,3,4.967,4.996,3.080
combined-lc-lrt-cache-off-warm100,130,3,1.1077,17.771,14.040,31.811,the,the-first-men-in-the-moon,1,,server-2,2,2,3,4.967,4.996,3.080
combined-lc-lrt-cache-off-warm100,130,3,1.1154,4.498,42.356,46.854,the,the-vicomte-de-bragelonne,1,,server-1,3,2,2,4.967,4.996,8.275
combined-lc-lrt-cache-off-warm100,130,3,1.1231,11.138,52.101,63.239,house,madame-bovary,1,,server-1,3,2,1,3.186,4.996,8.275
combined-lc-lrt-cache-off-warm100,130,3,1.1308,1.462,20.409,21.872,money,leaves-of-grass,1,,server-3,3,1,1,3.186,5.908,6.707
combined-lc-lrt-cache-off-warm100,130,3,1.1385,14.827,28.631,43.458,and,the-moonstone,1,,server-3,2,1,2,4.255,5.908,3.509
combined-lc-lrt-cache-off-warm100,130,3,1.1462,1.490,13.083,14.573,castle,meditations,1,,server-2,2,1,2,4.255,5.976,3.509
combined-lc-lrt-cache-off-warm100,130,3,1.1538,7.143,20.106,27.249,whale,the-portrait-of-a-lady-volume-1,1,,server-2,2,2,1,4.255,3.128,4.232
combined-lc-lrt-cache-off-warm100,130,3,1.1615,1.405,25.607,27.013,whale,the-hound-of-the-baskervilles-3070,1,,server-2,2,2,1,8.163,2.876,4.232
combined-lc-lrt-cache-off-warm100,130,3,1.1692,12.759,29.677,42.436,she,the-song-of-the-lark,1,,server-2,1,3,1,12.018,1.546,4.232
combined-lc-lrt-cache-off-warm100,130,3,1.1769,11.888,31.755,43.643,letter,agnes-grey,1,,server-2,1,4,1,12.018,1.546,4.232
combined-lc-lrt-cache-off-warm100,130,3,1.1846,1.064,12.268,13.333,sea,the-secret-adversary,1,,server-3,1,3,1,12.018,4.328,7.246
combined-lc-lrt-cache-off-warm100,130,3,1.1923,6.247,22.489,28.736,whale,the-last-of-the-mohicans-a-narrative-of-1757,1,,server-3,0,2,2,12.133,5.130,3.771
combined-lc-lrt-cache-off-warm100,130,3,1.2000,21.386,82.266,103.652,you,the-moonstone,1,,server-3,0,2,2,12.133,5.130,2.759
combined-lc-lrt-cache-off-warm100,130,3,1.2077,14.218,58.241,72.459,the,north-and-south,1,,server-3,0,2,3,12.133,5.130,2.254
combined-lc-lrt-cache-off-warm100,130,3,1.2154,6.518,54.629,61.147,you,the-jungle,1,,server-3,0,2,4,12.133,8.666,2.254
combined-lc-lrt-cache-off-warm100,130,3,1.2231,1.379,19.817,21.196,she,the-works-of-edgar-allan-poe-volume-2,1,,server-2,0,1,3,12.133,9.756,2.546
combined-lc-lrt-cache-off-warm100,130,3,1.2308,13.994,31.533,45.527,you,the-iliad,1,,server-2,0,2,3,12.133,5.069,2.546
combined-lc-lrt-cache-off-warm100,130,3,1.2385,66.253,17.680,83.933,whale,the-return-of-sherlock-holmes-108,1,,server-3,0,2,4,12.133,5.069,2.546
combined-lc-lrt-cache-off-warm100,130,3,1.2462,1.600,53.031,54.630,was,desperate-remedies,1,,server-2,0,2,4,12.133,4.606,2.546
combined-lc-lrt-cache-off-warm100,130,3,1.2538,23.487,63.402,86.889,letter,the-vicomte-de-bragelonne,1,,server-2,0,3,4,12.133,3.041,2.546
combined-lc-lrt-cache-off-warm100,130,3,1.2615,1.261,13.886,15.146,sea,memoirs-of-fanny-hill,1,,server-1,1,3,4,12.133,3.041,2.546
combined-lc-lrt-cache-off-warm100,130,3,1.2692,7.999,59.881,67.879,night,persuasion,1,,server-2,1,4,4,6.294,3.041,2.546
combined-lc-lrt-cache-off-warm100,130,3,1.2769,1.963,12.108,14.070,horse,the-king-in-yellow,1,,server-1,1,3,4,6.207,5.379,12.779
combined-lc-lrt-cache-off-warm100,130,3,1.2846,7.307,31.742,39.049,whale,madame-bovary,1,,server-1,2,3,4,3.267,4.449,18.102
combined-lc-lrt-cache-off-warm100,130,3,1.2923,1.227,28.201,29.428,horse,the-scarlet-letter,1,,server-1,2,3,4,2.813,4.449,18.102
combined-lc-lrt-cache-off-warm100,130,3,1.3000,24.328,11.110,35.438,king,the-mysterious-affair-at-styles,1,,server-1,3,3,4,1.509,4.449,18.499
combined-lc-lrt-cache-off-warm100,130,3,1.3077,17.023,44.710,61.733,sea,thus-spake-zarathustra-a-book-for-all-and-none,1,,server-1,4,2,1,1.509,7.331,19.454
combined-lc-lrt-cache-off-warm100,130,3,1.3154,9.606,41.532,51.138,london,the-portrait-of-a-lady-volume-1,1,,server-1,5,2,1,1.509,7.331,19.454
combined-lc-lrt-cache-off-warm100,130,3,1.3231,1.511,23.020,24.531,and,the-iliad-2199,1,,server-3,5,2,1,6.771,7.331,15.206
combined-lc-lrt-cache-off-warm100,130,3,1.3308,6.009,51.679,57.688,you,a-connecticut-yankee-in-king-arthur-s-court,1,,server-1,4,2,1,2.635,7.331,7.833
combined-lc-lrt-cache-off-warm100,130,3,1.3385,32.266,42.750,75.016,king,the-last-of-the-mohicans-a-narrative-of-1757,1,,server-1,4,2,1,2.946,17.612,7.833
combined-lc-lrt-cache-off-warm100,130,3,1.3462,25.162,58.124,83.286,was,thus-spake-zarathustra-a-book-for-all-and-none,1,,server-1,5,0,1,2.946,17.595,7.833
combined-lc-lrt-cache-off-warm100,130,3,1.3538,1.469,18.068,19.537,castle,madame-bovary,1,,server-3,5,0,1,4.986,17.595,8.614
combined-lc-lrt-cache-off-warm100,130,3,1.3615,12.351,25.218,37.569,heart,beyond-good-and-evil,1,,server-3,5,0,2,4.986,17.595,4.490
combined-lc-lrt-cache-off-warm100,130,3,1.3692,4.893,26.440,31.332,she,white-fang,1,,server-3,5,0,3,18.421,17.595,4.490
combined-lc-lrt-cache-off-warm100,130,3,1.3769,23.981,64.584,88.565,of,the-romance-of-lust-a-classic-victorian-erotic-novel,1,,server-3,3,0,3,7.411,17.595,2.456
combined-lc-lrt-cache-off-warm100,130,3,1.3846,16.640,56.553,73.194,she,desert-gold,1,,server-3,3,0,4,7.411,17.595,2.456
combined-lc-lrt-cache-off-warm100,130,3,1.3923,9.184,57.556,66.740,house,the-scarlet-letter-33,1,,server-3,2,0,5,10.949,17.595,2.456
combined-lc-lrt-cache-off-warm100,130,3,1.4000,1.740,23.860,25.600,king,jude-the-obscure,1,,server-2,2,1,5,10.949,17.595,9.827
combined-lc-lrt-cache-off-warm100,130,3,1.4077,58.135,52.782,110.917,whale,the-moonstone,1,,server-3,2,1,4,10.949,9.070,2.452
combined-lc-lrt-cache-off-warm100,130,3,1.4154,51.560,68.103,119.663,was,jane-eyre-an-autobiography,1,,server-3,2,1,5,17.204,9.070,2.452
combined-lc-lrt-cache-off-warm100,130,3,1.4231,45.503,68.287,113.790,you,the-return-of-sherlock-holmes-108,1,,server-3,2,1,6,17.204,9.070,2.452
combined-lc-lrt-cache-off-warm100,130,3,1.4308,1.414,20.619,22.034,death,the-odyssey,1,,server-2,0,1,6,19.713,9.593,2.452
combined-lc-lrt-cache-off-warm100,130,3,1.4385,15.056,25.218,40.274,the,frankenstein-or-the-modern-prometheus-41445,1,,server-2,0,2,6,19.713,4.975,2.452
combined-lc-lrt-cache-off-warm100,130,3,1.4462,7.455,23.118,30.573,house,silas-marner,1,,server-2,0,3,6,19.713,4.975,2.452
combined-lc-lrt-cache-off-warm100,130,3,1.4538,25.136,16.394,41.531,the,the-works-of-edgar-allan-poe-volume-2,1,,server-2,0,4,6,19.713,2.844,2.452
combined-lc-lrt-cache-off-warm100,130,3,1.4615,18.141,51.222,69.363,heart,madame-bovary,1,,server-2,0,4,6,19.713,2.559,21.914
combined-lc-lrt-cache-off-warm100,130,3,1.4692,10.649,30.831,41.481,was,the-adventures-of-sherlock-holmes,1,,server-2,0,5,3,19.713,2.559,10.671
combined-lc-lrt-cache-off-warm100,130,3,1.4769,1.436,17.136,18.572,house,the-adventures-of-sherlock-holmes,1,,server-1,1,5,3,19.713,6.487,10.671
combined-lc-lrt-cache-off-warm100,130,3,1.4846,12.343,42.407,54.750,london,agnes-grey,1,,server-2,1,4,3,10.188,3.384,10.671
combined-lc-lrt-cache-off-warm100,130,3,1.4923,19.175,43.002,62.177,london,the-adventures-of-sherlock-holmes,1,,server-2,1,5,3,10.188,3.384,10.671
combined-lc-lrt-cache-off-warm100,130,3,1.5000,1.480,19.898,21.377,house,pride-and-prejudice,1,,server-1,1,5,3,9.168,4.882,10.671
combined-lc-lrt-cache-off-warm100,130,3,1.5077,14.317,19.272,33.589,she,twenty-thousand-leagues-under-the-sea,1,,server-1,2,5,3,4.761,4.882,10.671
combined-lc-lrt-cache-off-warm100,130,3,1.5154,6.875,30.518,37.393,death,the-mysterious-affair-at-styles,1,,server-1,3,3,3,4.761,8.247,10.671
combined-lc-lrt-cache-off-warm100,130,3,1.5231,2.338,38.947,41.285,and,white-fang,1,,server-1,3,3,3,2.792,8.247,18.908
combined-lc-lrt-cache-off-warm100,130,3,1.5308,11.890,38.035,49.925,night,wuthering-heights,1,,server-1,4,3,3,1.664,17.142,18.908
combined-lc-lrt-cache-off-warm100,130,3,1.5385,26.237,26.216,52.453,he,his-last-bow,1,,server-1,5,3,0,1.664,17.142,21.111
combined-lc-lrt-cache-off-warm100,130,3,1.5462,1.415,17.224,18.639,night,the-memoirs-of-sherlock-holmes,1,,server-3,4,1,1,4.421,13.820,21.111
combined-lc-lrt-cache-off-warm100,130,3,1.5538,11.263,17.438,28.701,castle,the-return-of-sherlock-holmes,1,,server-3,4,1,2,8.255,13.820,10.889
combined-lc-lrt-cache-off-warm100,130,3,1.5615,1.226,31.810,33.036,he,jane-eyre-an-autobiography,1,,server-2,4,1,2,8.255,12.558,10.889
combined-lc-lrt-cache-off-warm100,130,3,1.5692,13.801,22.711,36.512,of,mansfield-park,1,,server-3,2,1,2,8.869,6.504,6.081
combined-lc-lrt-cache-off-warm100,130,3,1.5769,17.854,17.770,35.624,and,grimms-fairy-tales,1,,server-2,2,2,2,8.869,6.504,6.081
combined-lc-lrt-cache-off-warm100,130,3,1.5846,1.528,34.379,35.908,and,kidnapped,1,,server-3,1,2,2,10.420,6.504,4.740
combined-lc-lrt-cache-off-warm100,130,3,1.5923,13.994,36.432,50.426,and,desperate-remedies,1,,server-3,0,2,3,10.746,6.504,3.175
combined-lc-lrt-cache-off-warm100,130,3,1.6000,1.496,9.373,10.869,letter,beyond-good-and-evil,1,,server-1,1,1,3,10.746,6.781,3.175
combined-lc-lrt-cache-off-warm100,130,3,1.6077,3.716,21.251,24.966,was,tess-of-the-d-urbervilles-a-pure-woman,1,,server-1,2,1,2,5.582,6.781,5.425
combined-lc-lrt-cache-off-warm100,130,3,1.6154,17.620,12.822,30.443,king,frankenstein-or-the-modern-prometheus-41445,1,,server-1,2,0,2,2.860,7.141,5.425
combined-lc-lrt-cache-off-warm100,130,3,1.6231,1.376,27.504,28.880,sea,the-tenant-of-wildfell-hall,1,,server-2,2,1,2,2.860,7.141,7.214
combined-lc-lrt-cache-off-warm100,130,3,1.6308,21.548,29.584,51.132,whale,the-vicomte-de-bragelonne,1,,server-2,2,2,2,2.860,3.755,7.214
combined-lc-lrt-cache-off-warm100,130,3,1.6385,7.808,16.524,24.332,was,anne-of-green-gables,1,,server-1,2,2,2,4.436,3.755,7.214
combined-lc-lrt-cache-off-warm100,130,3,1.6462,1.667,32.887,34.554,king,pride-and-prejudice,1,,server-1,2,2,0,3.200,3.755,11.736
combined-lc-lrt-cache-off-warm100,130,3,1.6538,27.086,30.100,57.187,the,the-secret-garden,1,,server-1,3,1,0,1.767,5.625,11.736
combined-lc-lrt-cache-off-warm100,130,3,1.6615,17.152,32.321,49.474,death,frankenstein-or-the-modern-prometheus,1,,server-1,4,1,0,1.767,5.625,11.736
combined-lc-lrt-cache-off-warm100,130,3,1.6692,13.445,22.242,35.687,love,adventures-of-huckleberry-finn,1,,server-2,3,2,0,4.155,5.625,11.736
combined-lc-lrt-cache-off-warm100,130,3,1.6769,1.368,12.217,13.584,death,treasure-island,1,,server-3,3,2,1,4.155,5.625,11.736
combined-lc-lrt-cache-off-warm100,130,3,1.6846,20.992,9.367,30.360,she,black-beauty,1,,server-2,2,2,1,7.412,5.573,6.079
combined-lc-lrt-cache-off-warm100,130,3,1.6923,1.660,29.120,30.780,you,the-iliad,1,,server-3,2,2,1,7.412,5.573,5.807
combined-lc-lrt-cache-off-warm100,130,3,1.7000,24.217,42.047,66.264,the,the-mystery-of-edwin-drood,1,,server-3,2,2,2,7.412,5.573,3.038
combined-lc-lrt-cache-off-warm100,130,3,1.7077,16.330,42.112,58.442,of,the-american,1,,server-3,2,1,3,7.412,5.725,3.038
combined-lc-lrt-cache-off-warm100,130,3,1.7154,1.257,10.380,11.636,horse,beyond-good-and-evil,1,,server-2,0,1,3,9.778,5.122,3.038
combined-lc-lrt-cache-off-warm100,130,3,1.7231,4.686,14.353,19.039,love,the-secret-garden,1,,server-2,0,2,2,9.778,2.688,7.525
combined-lc-lrt-cache-off-warm100,130,3,1.7308,11.942,38.210,50.152,she,wuthering-heights,1,,server-2,0,2,2,9.778,2.055,3.960
combined-lc-lrt-cache-off-warm100,130,3,1.7385,4.497,34.739,39.236,letter,the-secret-garden-17396,1,,server-2,0,3,2,9.778,2.055,3.960
combined-lc-lrt-cache-off-warm100,130,3,1.7462,35.786,26.577,62.363,night,northanger-abbey,1,,server-2,0,3,2,9.778,1.758,3.960
combined-lc-lrt-cache-off-warm100,130,3,1.7538,28.286,27.351,55.637,sea,meditations,1,,server-2,0,4,2,9.778,1.758,3.960
combined-lc-lrt-cache-off-warm100,130,3,1.7615,21.139,35.189,56.328,he,black-beauty,1,,server-2,0,5,2,9.778,1.758,3.960
combined-lc-lrt-cache-off-warm100,130,3,1.7692,1.543,22.995,24.537,heart,the-return-of-sherlock-holmes-108,1,,server-1,1,5,0,9.778,1.758,11.191
combined-lc-lrt-cache-off-warm100,130,3,1.7769,17.456,22.458,39.914,he,desperate-remedies,1,,server-1,2,5,0,5.088,1.758,11.191
combined-lc-lrt-cache-off-warm100,130,3,1.7846,2.021,31.989,34.009,he,villette,1,,server-3,2,3,1,5.088,5.559,11.191
combined-lc-lrt-cache-off-warm100,130,3,1.7923,27.082,31.071,58.152,night,white-fang,1,,server-3,2,3,2,5.088,5.559,5.840
combined-lc-lrt-cache-off-warm100,130,3,1.8000,17.557,18.926,36.483,night,persuasion,1,,server-1,2,3,2,5.223,5.559,5.840
combined-lc-lrt-cache-off-warm100,130,3,1.8077,10.678,31.373,42.051,love,around-the-world-in-eighty-days,1,,server-1,3,3,2,5.223,5.559,5.840
combined-lc-lrt-cache-off-warm100,130,3,1.8154,3.704,29.976,33.680,the,the-portrait-of-a-lady-volume-1,1,,server-3,3,3,3,5.223,8.768,5.840
combined-lc-lrt-cache-off-warm100,130,3,1.8231,1.619,15.235,16.855,he,the-adventures-of-tom-sawyer-complete,1,,server-2,2,1,2,3.708,11.104,4.184
combined-lc-lrt-cache-off-warm100,130,3,1.8308,5.910,24.172,30.082,night,the-jungle-book,1,,server-1,3,1,2,3.708,5.759,4.184
combined-lc-lrt-cache-off-warm100,130,3,1.8385,2.096,12.905,15.001,heart,autobiography-of-benjamin-franklin,1,,server-2,3,2,2,5.556,5.759,4.184
combined-lc-lrt-cache-off-warm100,130,3,1.8462,7.756,9.443,17.198,she,beyond-good-and-evil,1,,server-2,3,2,2,5.556,3.290,4.184
combined-lc-lrt-cache-off-warm100,130,3,1.8538,2.097,42.312,44.409,sea,jane-eyre-an-autobiography,1,,server-2,1,2,0,9.060,3.531,8.761
combined-lc-lrt-cache-off-warm100,130,3,1.8615,2.987,50.511,53.497,castle,grimms-fairy-tales,1,,server-2,0,3,0,7.571,1.697,8.761
combined-lc-lrt-cache-off-warm100,130,3,1.8692,30.249,24.509,54.758,night,the-prince,1,,server-2,0,3,0,7.571,1.690,8.761
combined-lc-lrt-cache-off-warm100,130,3,1.8769,35.602,22.498,58.099,horse,a-journey-to-the-centre-of-the-earth,1,,server-2,0,4,0,7.571,1.690,8.761
combined-lc-lrt-cache-off-warm100,130,3,1.8846,1.996,9.598,11.594,he,poirot-investigates,1,,server-1,1,4,0,7.571,1.690,8.761
combined-lc-lrt-cache-off-warm100,130,3,1.8923,4.445,19.882,24.326,love,grimms-fairy-tales,1,,server-1,2,4,0,4.010,1.690,8.761
combined-lc-lrt-cache-off-warm100,130,3,1.9000,17.005,25.331,42.336,was,the-secret-garden-17396,1,,server-1,2,3,0,2.509,11.296,8.761
combined-lc-lrt-cache-off-warm100,130,3,1.9077,9.583,22.669,32.252,the,the-king-in-yellow,1,,server-1,3,3,0,2.509,11.296,8.761
combined-lc-lrt-cache-off-warm100,130,3,1.9154,1.473,19.234,20.707,the,the-portrait-of-a-lady-volume-1,1,,server-3,3,2,1,2.509,14.372,8.761
combined-lc-lrt-cache-off-warm100,130,3,1.9231,19.559,33.972,53.531,she,great-expectations,1,,server-1,3,2,1,2.915,14.372,4.578
combined-lc-lrt-cache-off-warm100,130,3,1.9308,5.882,17.596,23.478,she,frankenstein-or-the-modern-prometheus,1,,server-3,3,2,2,2.915,13.707,4.578
combined-lc-lrt-cache-off-warm100,130,3,1.9385,16.076,19.058,35.134,he,walden-and-on-the-duty-of-civil-disobedience,1,,server-3,3,0,2,2.915,11.265,3.572
combined-lc-lrt-cache-off-warm100,130,3,1.9462,9.028,26.766,35.794,love,the-prince,1,,server-3,1,0,3,5.466,11.265,2.962
combined-lc-lrt-cache-off-warm100,130,3,1.9538,23.501,27.478,50.979,he,jude-the-obscure,1,,server-1,2,0,3,5.466,11.265,5.806
combined-lc-lrt-cache-off-warm100,130,3,1.9615,20.375,15.172,35.547,letter,the-scarlet-letter-33,1,,server-3,2,0,3,5.466,11.265,3.439
combined-lc-lrt-cache-off-warm100,130,3,1.9692,1.538,12.316,13.853,he,the-picture-of-dorian-gray,1,,server-2,2,1,3,5.466,11.265,3.439
combined-lc-lrt-cache-off-warm100,130,3,1.9769,6.809,14.939,21.748,night,the-hound-of-the-baskervilles,1,,server-2,2,2,3,8.341,5.851,6.012
combined-lc-lrt-cache-off-warm100,130,3,1.9846,1.414,30.436,31.849,horse,the-scarlet-letter-33,1,,server-2,1,2,1,6.719,3.507,6.586
combined-lc-lrt-cache-off-warm100,130,3,1.9923,7.243,34.358,41.600,she,memoirs-of-fanny-hill,1,,server-2,1,3,1,6.719,1.942,6.586
combined-lc-lrt-cache-off-warm100,130,3,2.0000,1.244,15.583,16.827,of,the-wind-in-the-willows,1,,server-3,1,2,1,6.719,3.122,6.573
combined-lc-lrt-cache-off-warm100,130,3,2.0077,9.797,27.624,37.421,you,the-last-of-the-mohicans-a-narrative-of-1757,1,,server-3,0,2,2,8.605,2.616,3.423
combined-lc-lrt-cache-off-warm100,130,3,2.0154,1.716,28.508,30.224,and,agnes-grey,1,,server-2,0,3,2,8.605,2.616,3.423
combined-lc-lrt-cache-off-warm100,130,3,2.0231,22.782,14.535,37.317,castle,his-last-bow,1,,server-3,0,2,2,8.605,3.451,3.266
combined-lc-lrt-cache-off-warm100,130,3,2.0308,1.524,20.168,21.692,whale,a-connecticut-yankee-in-king-arthur-s-court,1,,server-1,1,2,2,8.605,3.451,3.266
combined-lc-lrt-cache-off-warm100,130,3,2.0385,14.601,16.942,31.543,you,silas-marner,1,,server-1,2,1,2,4.501,7.623,3.266
combined-lc-lrt-cache-off-warm100,130,3,2.0462,1.235,16.016,17.251,death,the-house-of-the-seven-gables,1,,server-2,2,1,1,4.501,9.338,5.538
combined-lc-lrt-cache-off-warm100,130,3,2.0538,2.172,40.993,43.166,of,oliver-twist,1,,server-1,2,1,1,4.543,4.849,5.538
combined-lc-lrt-cache-off-warm100,130,3,2.0615,1.152,17.854,19.006,death,the-last-of-the-mohicans-a-narrative-of-1757-27681,1,,server-3,2,1,1,2.554,4.849,5.800
combined-lc-lrt-cache-off-warm100,130,3,2.0692,1.041,28.972,30.013,night,jane-eyre-an-autobiography,1,,server-2,2,1,1,2.554,5.641,3.039
combined-lc-lrt-cache-off-warm100,130,3,2.0769,22.542,26.990,49.532,whale,the-mysterious-island,1,,server-2,1,2,1,4.475,2.947,3.039
combined-lc-lrt-cache-off-warm100,130,3,2.0846,1.101,23.843,24.944,castle,tess-of-the-d-urbervilles-a-pure-woman,1,,server-3,1,2,1,4.475,2.947,4.756
combined-lc-lrt-cache-off-warm100,130,3,2.0923,17.920,45.737,63.656,sea,north-and-south,1,,server-3,1,2,2,4.475,2.947,2.506
combined-lc-lrt-cache-off-warm100,130,3,2.1000,10.454,48.914,59.368,sea,oliver-twist,1,,server-3,0,1,3,9.378,5.539,2.506
combined-lc-lrt-cache-off-warm100,130,3,2.1077,1.335,18.289,19.625,horse,the-secret-garden,1,,server-1,1,1,3,9.378,5.539,2.506
combined-lc-lrt-cache-off-warm100,130,3,2.1154,44.561,11.825,56.386,london,frankenstein-or-the-modern-prometheus-41445,1,,server-3,1,1,3,4.880,5.539,3.120
combined-lc-lrt-cache-off-warm100,130,3,2.1231,4.978,28.095,33.073,money,the-moonstone,1,,server-1,2,1,3,4.880,5.539,3.120
combined-lc-lrt-cache-off-warm100,130,3,2.1308,22.188,29.070,51.258,letter,jane-eyre-an-autobiography,1,,server-1,2,0,3,3.627,7.810,3.120
combined-lc-lrt-cache-off-warm100,130,3,2.1385,1.507,14.383,15.890,the,the-secret-adversary,1,,server-2,2,1,3,2.940,7.810,3.120
combined-lc-lrt-cache-off-warm100,130,3,2.1462,8.664,16.669,25.332,love,desert-gold,1,,server-2,2,2,3,2.940,4.074,3.120
combined-lc-lrt-cache-off-warm100,130,3,2.1538,1.606,26.552,28.158,house,treasure-island,1,,server-2,2,3,3,6.561,4.074,3.120
combined-lc-lrt-cache-off-warm100,130,3,2.1615,20.019,24.667,44.686,and,the-wind-in-the-willows,1,,server-2,1,3,1,8.294,1.941,10.291
combined-lc-lrt-cache-off-warm100,130,3,2.1692,13.013,23.998,37.011,night,the-scarlet-letter,1,,server-2,1,4,1,8.294,1.941,10.291
combined-lc-lrt-cache-off-warm100,130,3,2.1769,1.407,17.945,19.352,he,madame-bovary,1,,server-3,1,4,1,8.294,4.788,8.429
combined-lc-lrt-cache-off-warm100,130,3,2.1846,12.466,16.431,28.897,whale,adventures-of-huckleberry-finn,1,,server-3,0,2,2,9.367,4.131,4.378
combined-lc-lrt-cache-off-warm100,130,3,2.1923,1.492,12.552,14.043,horse,the-warden,1,,server-1,1,2,2,9.367,4.131,4.378
combined-lc-lrt-cache-off-warm100,130,3,2.2000,13.992,20.669,34.660,death,the-mystery-of-edwin-drood,1,,server-3,1,2,2,4.870,4.131,4.375
combined-lc-lrt-cache-off-warm100,130,3,2.2077,1.378,27.309,28.687,castle,pride-and-prejudice,1,,server-1,1,0,2,5.051,7.129,4.375
combined-lc-lrt-cache-off-warm100,130,3,2.2154,21.552,26.764,48.316,whale,mary-barton,1,,server-1,2,0,1,2.656,7.129,4.102
combined-lc-lrt-cache-off-warm100,130,3,2.2231,2.264,12.868,15.131,castle,treasure-island,1,,server-2,2,1,1,2.656,7.129,4.102
combined-lc-lrt-cache-off-warm100,130,3,2.2308,7.947,15.277,23.224,was,northanger-abbey,1,,server-2,2,2,1,2.656,3.797,4.102
combined-lc-lrt-cache-off-warm100,130,3,2.2385,1.466,13.700,15.166,you,the-warden,1,,server-3,1,2,1,5.231,3.699,5.866
combined-lc-lrt-cache-off-warm100,130,3,2.2462,8.275,16.806,25.081,you,anne-of-green-gables,1,,server-2,1,2,1,5.231,2.976,3.072
combined-lc-lrt-cache-off-warm100,130,3,2.2538,1.667,22.975,24.642,sea,tess-of-the-d-urbervilles-a-pure-woman,1,,server-3,1,2,2,5.231,4.507,4.129
combined-lc-lrt-cache-off-warm100,130,3,2.2615,17.491,23.203,40.694,heart,the-last-of-the-mohicans-a-narrative-of-1757,1,,server-3,1,1,2,5.231,2.950,2.174
combined-lc-lrt-cache-off-warm100,130,3,2.2692,2.743,29.253,31.996,london,north-and-south,1,,server-2,0,2,2,7.592,2.950,2.174
combined-lc-lrt-cache-off-warm100,130,3,2.2769,24.536,21.596,46.132,castle,silas-marner,1,,server-2,0,2,2,7.592,2.506,2.174
combined-lc-lrt-cache-off-warm100,130,3,2.2846,17.082,21.470,38.552,sea,dubliners,1,,server-2,0,3,1,7.592,2.506,4.353
combined-lc-lrt-cache-off-warm100,130,3,2.2923,1.377,21.759,23.136,you,tess-of-the-d-urbervilles-a-pure-woman,1,,server-1,1,3,1,7.592,2.506,4.353
combined-lc-lrt-cache-off-warm100,130,3,2.3000,16.456,15.627,32.082,london,the-memoirs-of-sherlock-holmes,1,,server-1,2,3,1,3.970,2.506,4.353
combined-lc-lrt-cache-off-warm100,130,3,2.3077,1.654,29.366,31.020,night,the-innocents-abroad,1,,server-3,2,2,1,3.970,3.975,6.436
combined-lc-lrt-cache-off-warm100,130,3,2.3154,23.905,13.594,37.499,love,the-scarlet-letter-33,1,,server-3,1,2,2,7.030,3.975,3.371
combined-lc-lrt-cache-off-warm100,130,3,2.3231,9.420,14.255,23.675,he,persuasion,1,,server-1,2,1,2,4.552,6.434,3.371
combined-lc-lrt-cache-off-warm100,130,3,2.3308,1.556,14.140,15.696,sea,persuasion,1,,server-2,2,1,2,4.552,6.434,3.371
combined-lc-lrt-cache-off-warm100,130,3,2.3385,8.660,10.806,19.467,london,poirot-investigates,1,,server-2,1,2,2,3.603,3.389,8.948
combined-lc-lrt-cache-off-warm100,130,3,2.3462,1.307,16.688,17.994,money,adventures-of-huckleberry-finn,1,,server-1,2,2,1,5.649,5.753,5.800
combined-lc-lrt-cache-off-warm100,130,3,2.3538,11.068,14.233,25.301,london,persuasion,1,,server-1,2,1,0,2.361,3.023,5.823
combined-lc-lrt-cache-off-warm100,130,3,2.3615,1.227,16.306,17.534,she,the-age-of-innocence,1,,server-2,2,1,0,2.361,3.619,5.823
combined-lc-lrt-cache-off-warm100,130,3,2.3692,10.476,25.154,35.630,you,treasure-island,1,,server-2,1,2,0,3.224,1.914,5.823
combined-lc-lrt-cache-off-warm100,130,3,2.3769,2.782,25.138,27.920,castle,the-warden,1,,server-2,1,3,0,3.224,1.914,5.823
combined-lc-lrt-cache-off-warm100,130,3,2.3846,1.572,23.428,25.001,night,a-tale-of-two-cities,1,,server-1,1,2,0,4.270,1.670,5.823
combined-lc-lrt-cache-off-warm100,130,3,2.3923,17.962,33.296,51.258,whale,the-iliad,1,,server-1,2,2,0,2.274,1.670,5.823
combined-lc-lrt-cache-off-warm100,130,3,2.4000,5.254,24.741,29.995,love,emma,1,,server-2,2,3,0,2.274,1.670,5.823
combined-lc-lrt-cache-off-warm100,130,3,2.4077,1.414,15.385,16.799,and,the-first-men-in-the-moon,1,,server-3,2,1,1,2.274,3.975,5.823
combined-lc-lrt-cache-off-warm100,130,3,2.4154,10.040,30.827,40.867,horse,the-iliad,1,,server-3,1,1,2,4.806,3.975,3.064
combined-lc-lrt-cache-off-warm100,130,3,2.4231,7.576,13.093,20.669,whale,the-war-of-the-worlds,1,,server-2,1,2,2,4.806,3.975,3.064
combined-lc-lrt-cache-off-warm100,130,3,2.4308,26.165,18.393,44.559,she,the-odyssey,1,,server-3,1,2,2,4.806,3.986,3.414
combined-lc-lrt-cache-off-warm100,130,3,2.4385,5.843,29.602,35.445,whale,the-moonstone,1,,server-2,1,2,2,4.806,3.986,3.414
combined-lc-lrt-cache-off-warm100,130,3,2.4462,1.230,58.089,59.319,king,the-song-of-the-lark,1,,server-2,0,2,2,8.353,2.956,3.414
combined-lc-lrt-cache-off-warm100,130,3,2.4538,20.525,60.207,80.732,sea,the-memoirs-of-sherlock-holmes,1,,server-2,0,3,2,8.353,1.950,3.414
combined-lc-lrt-cache-off-warm100,130,3,2.4615,13.176,58.237,71.413,was,the-works-of-edgar-allan-poe-volume-2,1,,server-2,0,4,1,8.353,1.950,6.227
combined-lc-lrt-cache-off-warm100,130,3,2.4692,1.315,16.221,17.536,the,the-works-of-edgar-allan-poe-volume-2,1,,server-1,1,4,1,8.353,1.950,6.227
combined-lc-lrt-cache-off-warm100,130,3,2.4769,1.612,15.938,17.550,night,autobiography-of-benjamin-franklin,1,,server-3,1,3,1,4.349,4.835,6.890
combined-lc-lrt-cache-off-warm100,130,3,2.4846,10.134,10.799,20.933,castle,poirot-investigates,1,,server-3,1,3,2,4.349,4.835,3.588
combined-lc-lrt-cache-off-warm100,130,3,2.4923,1.363,16.206,17.569,king,the-memoirs-of-sherlock-holmes,1,,server-1,1,3,2,5.336,4.835,3.588
combined-lc-lrt-cache-off-warm100,130,3,2.5000,10.359,21.235,31.594,of,the-jungle,1,,server-1,2,3,1,2.792,4.835,3.636
combined-lc-lrt-cache-off-warm100,130,3,2.5077,1.694,10.114,11.807,letter,the-mysterious-affair-at-styles,1,,server-3,2,3,1,2.792,10.095,3.971
combined-lc-lrt-cache-off-warm100,130,3,2.5154,4.699,13.265,17.964,whale,the-secret-garden,1,,server-3,1,3,2,3.189,10.095,2.101
combined-lc-lrt-cache-off-warm100,130,3,2.5231,10.950,23.165,34.115,she,the-divine-comedy,1,,server-3,1,3,2,3.189,10.095,1.875
combined-lc-lrt-cache-off-warm100,130,3,2.5308,3.691,38.708,42.400,sea,the-last-of-the-mohicans-a-narrative-of-1757-27681,1,,server-3,1,3,3,3.189,10.095,1.875
combined-lc-lrt-cache-off-warm100,130,3,2.5385,1.362,9.202,10.563,horse,the-great-gatsby,1,,server-1,1,0,2,5.396,18.794,1.999
combined-lc-lrt-cache-off-warm100,130,3,2.5462,3.474,11.385,14.859,and,herland,1,,server-1,2,0,2,2.828,18.794,1.999
combined-lc-lrt-cache-off-warm100,130,3,2.5538,7.902,14.829,22.731,horse,the-scarlet-letter-33,1,,server-1,2,0,2,2.028,18.794,1.999
combined-lc-lrt-cache-off-warm100,130,3,2.5615,1.773,32.566,34.339,was,pride-and-prejudice,1,,server-1,2,0,2,3.117,18.794,6.157
combined-lc-lrt-cache-off-warm100,130,3,2.5692,27.011,14.822,41.833,money,autobiography-of-benjamin-franklin,1,,server-1,3,0,2,1.452,18.794,6.157
combined-lc-lrt-cache-off-warm100,130,3,2.5769,1.249,21.290,22.539,sea,a-connecticut-yankee-in-king-arthur-s-court,1,,server-3,3,0,1,4.051,18.794,10.481
combined-lc-lrt-cache-off-warm100,130,3,2.5846,11.942,30.477,42.419,heart,the-divine-comedy,1,,server-1,3,0,1,3.362,18.794,5.426
combined-lc-lrt-cache-off-warm100,130,3,2.5923,7.650,23.970,31.620,death,the-last-of-the-mohicans-a-narrative-of-1757,1,,server-3,3,0,2,3.362,18.794,5.426
combined-lc-lrt-cache-off-warm100,130,3,2.6000,1.719,31.396,33.115,heart,the-lost-world,1,,server-3,2,0,2,4.290,18.794,4.221
combined-lc-lrt-cache-off-warm100,130,3,2.6077,17.058,65.614,82.672,letter,leaves-of-grass,1,,server-3,2,0,3,4.290,18.794,2.374
combined-lc-lrt-cache-off-warm100,130,3,2.6154,16.456,25.748,42.203,night,jude-the-obscure,1,,server-3,2,0,4,6.294,18.794,2.374
combined-lc-lrt-cache-off-warm100,130,3,2.6231,11.108,54.390,65.498,castle,wuthering-heights,1,,server-3,2,0,5,6.294,18.794,2.374
combined-lc-lrt-cache-off-warm100,130,3,2.6308,1.558,17.652,19.210,house,wuthering-heights,1,,server-1,1,0,5,9.738,18.794,5.138
combined-lc-lrt-cache-off-warm100,130,3,2.6385,12.000,27.760,39.760,he,the-adventures-of-sherlock-holmes,1,,server-1,2,0,3,5.069,18.794,4.612
combined-lc-lrt-cache-off-warm100,130,3,2.6462,4.492,25.727,30.219,london,meditations,1,,server-1,3,0,3,5.069,18.794,4.612
combined-lc-lrt-cache-off-warm100,130,3,2.6538,25.388,27.018,52.406,the,anne-of-green-gables,1,,server-1,3,0,3,2.583,18.794,4.612
combined-lc-lrt-cache-off-warm100,130,3,2.6615,17.823,52.932,70.755,he,mansfield-park,1,,server-1,4,0,3,2.583,18.794,8.530
combined-lc-lrt-cache-off-warm100,130,3,2.6692,9.898,27.219,37.117,castle,the-war-of-the-worlds,1,,server-1,5,0,3,2.583,18.794,8.530
combined-lc-lrt-cache-off-warm100,130,3,2.6769,1.262,15.917,17.180,was,grimms-fairy-tales,1,,server-2,5,1,3,7.095,18.794,8.530
combined-lc-lrt-cache-off-warm100,130,3,2.6846,44.064,40.077,84.141,the,jude-the-obscure,1,,server-1,4,1,3,2.877,9.700,8.530
combined-lc-lrt-cache-off-warm100,130,3,2.6923,15.711,40.422,56.132,king,the-age-of-innocence,1,,server-1,5,1,0,2.877,9.700,19.278
combined-lc-lrt-cache-off-warm100,130,3,2.7000,1.150,18.831,19.981,horse,twenty-thousand-leagues-under-the-sea,1,,server-2,5,1,0,2.877,8.693,19.278
combined-lc-lrt-cache-off-warm100,130,3,2.7077,12.568,13.882,26.450,she,kidnapped,1,,server-2,3,2,0,9.265,4.518,19.278
combined-lc-lrt-cache-off-warm100,130,3,2.7154,5.112,43.097,48.209,of,north-and-south,1,,server-2,3,3,0,9.265,4.518,19.278
combined-lc-lrt-cache-off-warm100,130,3,2.7231,12.664,38.275,50.939,night,black-beauty,1,,server-2,3,3,0,9.265,2.442,19.278
combined-lc-lrt-cache-off-warm100,130,3,2.7308,28.132,40.414,68.546,london,the-iliad,1,,server-2,3,4,0,13.229,2.442,19.278
combined-lc-lrt-cache-off-warm100,130,3,2.7385,26.944,43.159,70.102,letter,the-prince,1,,server-2,2,4,0,14.176,4.091,19.278
combined-lc-lrt-cache-off-warm100,130,3,2.7462,1.560,21.159,22.719,london,a-tale-of-two-cities,1,,server-3,2,4,1,14.176,4.091,19.278
combined-lc-lrt-cache-off-warm100,130,3,2.7538,14.636,14.140,28.776,house,the-scarlet-letter,1,,server-3,2,4,2,12.372,4.091,9.953
combined-lc-lrt-cache-off-warm100,130,3,2.7615,7.471,25.274,32.745,horse,washington-square,1,,server-3,2,4,3,12.372,7.897,9.953
combined-lc-lrt-cache-off-warm100,130,3,2.7692,1.353,11.071,12.424,he,the-hound-of-the-baskervilles-3070,1,,server-1,1,3,3,13.711,9.488,5.706
combined-lc-lrt-cache-off-warm100,130,3,2.7769,15.817,14.177,29.995,death,kidnapped,1,,server-3,1,2,3,7.082,7.804,3.888
combined-lc-lrt-cache-off-warm100,130,3,2.7846,1.361,9.128,10.489,and,beyond-good-and-evil,1,,server-1,1,2,2,6.267,7.804,5.028
combined-lc-lrt-cache-off-warm100,130,3,2.7923,3.107,17.948,21.055,horse,wuthering-heights,1,,server-1,2,2,2,3.303,7.804,5.028
combined-lc-lrt-cache-off-warm100,130,3,2.8000,13.838,19.837,33.676,whale,the-adventures-of-sherlock-holmes,1,,server-1,2,1,1,2.081,10.740,6.312
combined-lc-lrt-cache-off-warm100,130,3,2.8077,1.153,22.601,23.753,he,desperate-remedies,1,,server-3,2,1,1,2.081,10.740,6.049
combined-lc-lrt-cache-off-warm100,130,3,2.8154,16.768,18.853,35.622,was,madame-bovary,1,,server-3,1,0,2,3.461,13.711,3.167
combined-lc-lrt-cache-off-warm100,130,3,2.8231,11.143,17.728,28.871,sea,the-portrait-of-a-lady-volume-1,1,,server-1,2,0,2,3.461,13.711,3.167
combined-lc-lrt-cache-off-warm100,130,3,2.8308,2.544,38.074,40.618,king,tess-of-the-d-urbervilles-a-pure-woman,1,,server-3,2,0,3,3.461,13.711,3.167
combined-lc-lrt-cache-off-warm100,130,3,2.8385,14.155,22.115,36.270,you,the-return-of-sherlock-holmes,1,,server-1,2,0,2,3.818,13.711,2.811
combined-lc-lrt-cache-off-warm100,130,3,2.8462,25.390,8.464,33.854,london,the-prince,1,,server-3,2,0,3,3.818,13.711,2.811
combined-lc-lrt-cache-off-warm100,130,3,2.8538,1.554,43.511,45.065,castle,jude-the-obscure,1,,server-1,2,0,3,4.380,13.711,4.651
combined-lc-lrt-cache-off-warm100,130,3,2.8615,14.302,55.192,69.495,death,the-divine-comedy,1,,server-1,3,0,3,2.368,13.711,4.651
combined-lc-lrt-cache-off-warm100,130,3,2.8692,6.796,40.051,46.847,letter,the-secret-garden-17396,1,,server-1,4,0,3,2.368,13.711,4.651
combined-lc-lrt-cache-off-warm100,130,3,2.8769,24.391,42.118,66.509,london,anne-of-green-gables,1,,server-1,4,0,1,2.678,13.711,8.276
combined-lc-lrt-cache-off-warm100,130,3,2.8846,1.265,30.196,31.461,heart,the-last-of-the-mohicans-a-narrative-of-1757,1,,server-3,4,0,1,2.678,13.711,6.589
combined-lc-lrt-cache-off-warm100,130,3,2.8923,24.375,28.318,52.693,castle,the-picture-of-dorian-gray,1,,server-3,4,0,2,2.678,13.711,3.443
combined-lc-lrt-cache-off-warm100,130,3,2.9000,16.991,31.285,48.275,love,the-return-of-sherlock-holmes-108,1,,server-3,4,0,3,10.482,13.711,3.443
combined-lc-lrt-cache-off-warm100,130,3,2.9077,1.500,26.388,27.888,heart,a-connecticut-yankee-in-king-arthur-s-court,1,,server-2,3,1,3,7.167,13.711,3.443
combined-lc-lrt-cache-off-warm100,130,3,2.9154,1.964,44.498,46.462,the,the-hound-of-the-baskervilles,1,,server-3,3,1,4,7.167,7.120,3.443
combined-lc-lrt-cache-off-warm100,130,3,2.9231,25.432,48.481,73.912,and,the-jungle,1,,server-3,3,1,4,13.614,7.120,2.727
combined-lc-lrt-cache-off-warm100,130,3,2.9308,31.476,32.044,63.520,the,the-mysterious-affair-at-styles,1,,server-3,3,1,5,21.705,7.120,2.727
combined-lc-lrt-cache-off-warm100,130,3,2.9385,1.212,10.713,11.925,money,his-last-bow,1,,server-2,3,1,5,21.705,8.614,2.727
combined-lc-lrt-cache-off-warm100,130,3,2.9462,5.233,26.805,32.038,king,far-from-the-madding-crowd,1,,server-2,0,2,5,19.111,4.478,10.642
combined-lc-lrt-cache-off-warm100,130,3,2.9538,24.804,59.375,84.179,of,madame-bovary,1,,server-2,0,2,5,19.111,2.914,10.563
combined-lc-lrt-cache-off-warm100,130,3,2.9615,17.218,59.203,76.420,love,a-journey-to-the-centre-of-the-earth,1,,server-2,0,3,3,19.111,2.914,13.664
combined-lc-lrt-cache-off-warm100,130,3,2.9692,10.464,81.739,92.203,death,the-adventures-of-tom-sawyer-complete,1,,server-2,0,4,2,19.111,2.914,11.088
combined-lc-lrt-cache-off-warm100,130,3,2.9769,2.609,59.022,61.631,horse,the-mysterious-affair-at-styles,1,,server-2,0,5,2,19.111,2.914,11.088
combined-lc-lrt-cache-off-warm100,130,3,2.9846,52.883,69.090,121.973,she,jude-the-obscure,1,,server-2,0,5,2,19.111,1.861,11.088
combined-lc-lrt-cache-off-warm100,130,3,2.9923,45.393,71.576,116.969,king,tess-of-the-d-urbervilles-a-pure-woman,1,,server-2,0,6,2,19.111,1.861,11.088
combined-lc-lrt-cache-off-warm100,130,3,3.0000,41.156,112.678,153.834,letter,the-song-of-the-lark,1,,server-2,0,7,0,19.111,1.861,14.291
combined-lc-lrt-cache-off-warm100,130,3,3.0077,2.056,20.745,22.802,of,the-secret-garden-17396,1,,server-3,0,7,1,19.111,1.861,14.291
combined-lc-lrt-cache-off-warm100,130,3,3.0154,15.974,23.616,39.590,the,the-secret-garden-17396,1,,server-3,0,7,2,19.111,1.861,7.437
combined-lc-lrt-cache-off-warm100,130,3,3.0231,17.623,90.113,107.735,house,pride-and-prejudice,1,,server-2,0,8,2,19.111,1.861,7.437
combined-lc-lrt-cache-off-warm100,130,3,3.0308,1.587,12.536,14.124,and,the-kama-sutra-of-vatsyayana,1,,server-1,1,8,2,19.111,9.803,8.568
combined-lc-lrt-cache-off-warm100,130,3,3.0385,16.937,15.329,32.266,letter,the-mystery-of-edwin-drood,1,,server-3,1,7,2,9.861,17.414,5.567
combined-lc-lrt-cache-off-warm100,130,3,3.0462,1.633,20.647,22.279,castle,a-connecticut-yankee-in-king-arthur-s-court,1,,server-1,1,5,2,8.283,6.738,5.567
combined-lc-lrt-cache-off-warm100,130,3,3.0538,15.731,29.396,45.127,love,the-mysterious-island,1,,server-1,2,5,2,4.324,6.738,5.567
combined-lc-lrt-cache-off-warm100,130,3,3.0615,10.151,10.637,20.788,castle,the-great-gatsby,1,,server-3,2,5,2,4.324,17.292,5.771
combined-lc-lrt-cache-off-warm100,130,3,3.0692,1.732,42.550,44.281,the,grimms-fairy-tales,1,,server-1,2,4,2,5.702,17.292,5.771
combined-lc-lrt-cache-off-warm100,130,3,3.0769,36.393,16.902,53.295,you,autobiography-of-benjamin-franklin,1,,server-1,3,4,1,2.489,17.292,4.050
combined-lc-lrt-cache-off-warm100,130,3,3.0846,1.298,11.399,12.697,horse,dubliners,1,,server-3,3,4,1,2.489,17.292,4.230
combined-lc-lrt-cache-off-warm100,130,3,3.0923,5.413,11.347,16.759,house,black-beauty,1,,server-3,3,4,2,2.489,17.292,2.223
combined-lc-lrt-cache-off-warm100,130,3,3.1000,8.046,24.856,32.902,london,twenty-thousand-leagues-under-the-sea,1,,server-3,3,4,2,7.786,17.292,2.128
combined-lc-lrt-cache-off-warm100,130,3,3.1077,1.855,9.271,11.126,and,the-great-gatsby,1,,server-3,3,4,3,7.786,27.408,2.788
combined-lc-lrt-cache-off-warm100,130,3,3.1154,17.754,12.072,29.825,and,the-picture-of-dorian-gray,1,,server-3,1,4,3,10.829,25.425,1.970
combined-lc-lrt-cache-off-warm100,130,3,3.1231,11.460,36.243,47.703,whale,the-last-of-the-mohicans-a-narrative-of-1757,1,,server-3,1,4,4,10.829,25.425,3.213
combined-lc-lrt-cache-off-warm100,130,3,3.1308,1.085,13.998,15.083,death,desert-gold,1,,server-1,1,2,4,9.575,37.985,3.213
combined-lc-lrt-cache-off-warm100,130,3,3.1385,7.488,22.784,30.272,heart,life-on-the-mississippi,1,,server-1,2,2,2,4.963,31.460,4.402
combined-lc-lrt-cache-off-warm100,130,3,3.1462,1.782,33.574,35.356,house,the-scarlet-letter,1,,server-1,2,2,1,3.655,31.460,4.755
combined-lc-lrt-cache-off-warm100,130,3,3.1538,16.169,52.271,68.439,he,great-expectations,1,,server-1,3,1,1,1.982,37.785,4.755
combined-lc-lrt-cache-off-warm100,130,3,3.1615,8.549,28.022,36.571,london,desert-gold,1,,server-1,4,0,1,1.982,37.785,4.755
combined-lc-lrt-cache-off-warm100,130,3,3.1692,2.130,25.414,27.545,you,north-and-south,1,,server-3,4,0,2,6.792,37.785,4.755
combined-lc-lrt-cache-off-warm100,130,3,3.1769,20.377,52.207,72.584,house,villette,1,,server-3,3,0,2,3.041,37.785,4.625
combined-lc-lrt-cache-off-warm100,130,3,3.1846,12.778,48.704,61.482,he,the-return-of-sherlock-holmes-108,1,,server-3,2,0,3,7.408,37.785,4.625
combined-lc-lrt-cache-off-warm100,130,3,3.1923,5.828,60.001,65.829,letter,the-great-gatsby,1,,server-3,2,0,4,7.408,37.785,4.625
combined-lc-lrt-cache-off-warm100,130,3,3.2000,19.166,78.916,98.083,heart,walden-and-on-the-duty-of-civil-disobedience,1,,server-3,1,0,4,9.158,37.785,2.470
combined-lc-lrt-cache-off-warm100,130,3,3.2077,38.786,50.043,88.828,horse,the-first-men-in-the-moon,1,,server-3,1,0,5,9.158,37.785,2.233
combined-lc-lrt-cache-off-warm100,130,3,3.2154,43.017,60.500,103.517,whale,the-return-of-sherlock-holmes-108,1,,server-3,1,0,6,9.158,37.785,2.233
combined-lc-lrt-cache-off-warm100,130,3,3.2231,1.329,12.493,13.823,night,frankenstein-or-the-modern-prometheus-41445,1,,server-1,1,0,6,14.089,37.785,6.283
combined-lc-lrt-cache-off-warm100,130,3,3.2308,7.123,18.351,25.474,and,twenty-thousand-leagues-under-the-sea,1,,server-1,2,0,6,7.309,37.785,6.283
combined-lc-lrt-cache-off-warm100,130,3,3.2385,1.994,52.174,54.168,and,the-iliad,1,,server-1,2,0,6,4.023,37.785,6.283
combined-lc-lrt-cache-off-warm100,130,3,3.2462,11.548,68.728,80.276,of,meditations,1,,server-1,3,0,6,2.769,37.785,17.144
combined-lc-lrt-cache-off-warm100,130,3,3.2538,3.944,53.999,57.943,castle,the-portrait-of-a-lady-volume-1,1,,server-1,4,0,6,4.803,37.785,22.645
combined-lc-lrt-cache-off-warm100,130,3,3.2615,31.515,95.366,126.881,king,the-mysterious-island,1,,server-1,4,0,3,2.809,37.785,16.014
combined-lc-lrt-cache-off-warm100,130,3,3.2692,40.322,32.425,72.747,london,memoirs-of-fanny-hill,1,,server-1,5,0,3,2.809,37.785,16.014
combined-lc-lrt-cache-off-warm100,130,3,3.2769,51.020,63.248,114.268,castle,desperate-remedies,1,,server-1,6,0,3,2.809,37.785,16.014
combined-lc-lrt-cache-off-warm100,130,3,3.2846,44.939,76.522,121.461,house,the-age-of-innocence,1,,server-1,7,0,3,2.809,37.785,16.014
combined-lc-lrt-cache-off-warm100,130,3,3.2923,1.598,20.791,22.389,love,the-age-of-innocence,1,,server-2,7,1,3,13.881,37.785,16.014
combined-lc-lrt-cache-off-warm100,130,3,3.3000,15.613,10.196,25.809,night,the-war-of-the-worlds,1,,server-2,7,2,2,11.719,19.406,19.447
combined-lc-lrt-cache-off-warm100,130,3,3.3077,8.155,26.715,34.870,night,the-divine-comedy,1,,server-2,7,3,2,11.719,19.406,19.447
combined-lc-lrt-cache-off-warm100,130,3,3.3154,3.015,64.449,67.464,horse,the-house-of-mirth,1,,server-2,6,3,2,17.327,8.726,19.447
combined-lc-lrt-cache-off-warm100,130,3,3.3231,16.840,46.061,62.900,money,the-house-of-mirth,1,,server-2,6,4,0,17.327,3.874,21.996
combined-lc-lrt-cache-off-warm100,130,3,3.3308,1.578,11.510,13.087,letter,the-wind-in-the-willows,1,,server-3,4,4,1,16.484,5.041,21.996
combined-lc-lrt-cache-off-warm100,130,3,3.3385,6.166,13.662,19.828,heart,beyond-good-and-evil,1,,server-3,4,4,2,16.484,5.041,11.330
combined-lc-lrt-cache-off-warm100,130,3,3.3462,10.581,52.128,62.708,and,north-and-south,1,,server-3,3,2,2,14.438,8.441,5.299
combined-lc-lrt-cache-off-warm100,130,3,3.3538,4.862,55.904,60.765,king,the-vicomte-de-bragelonne,1,,server-3,3,2,3,14.438,8.441,4.310
combined-lc-lrt-cache-off-warm100,130,3,3.3615,53.243,53.634,106.877,castle,adventures-of-huckleberry-finn,1,,server-3,3,2,3,14.438,8.441,3.114
combined-lc-lrt-cache-off-warm100,130,3,3.3692,40.260,42.645,82.905,whale,jude-the-obscure,1,,server-3,3,2,4,14.438,8.441,3.114
combined-lc-lrt-cache-off-warm100,130,3,3.3769,38.123,35.060,73.183,he,a-journey-to-the-centre-of-the-earth,1,,server-3,3,2,5,14.438,8.441,3.114
combined-lc-lrt-cache-off-warm100,130,3,3.3846,30.930,71.112,102.042,sea,adventures-of-huckleberry-finn,1,,server-3,3,2,6,14.438,19.046,3.114
combined-lc-lrt-cache-off-warm100,130,3,3.3923,1.539,12.369,13.908,you,frankenstein-or-the-modern-prometheus-41445,1,,server-2,3,1,6,27.914,15.252,3.114
combined-lc-lrt-cache-off-warm100,130,3,3.4000,6.958,17.148,24.106,whale,adventures-of-huckleberry-finn,1,,server-2,3,2,6,27.914,7.879,3.114
combined-lc-lrt-cache-off-warm100,130,3,3.4077,2.158,36.884,39.041,horse,desperate-remedies,1,,server-2,0,2,6,26.078,4.160,3.114
combined-lc-lrt-cache-off-warm100,130,3,3.4154,9.664,32.594,42.258,heart,the-scarlet-letter,1,,server-2,0,3,4,26.078,2.797,6.914
combined-lc-lrt-cache-off-warm100,130,3,3.4231,3.070,64.090,67.160,night,the-last-of-the-mohicans-a-narrative-of-1757,1,,server-2,0,4,4,26.078,4.642,5.700
combined-lc-lrt-cache-off-warm100,130,3,3.4308,25.835,59.111,84.947,of,pride-and-prejudice,1,,server-2,0,4,4,26.078,2.801,5.700
combined-lc-lrt-cache-off-warm100,130,3,3.4385,19.664,55.283,74.947,london,memoirs-of-fanny-hill,1,,server-2,0,5,4,26.078,2.801,5.700
combined-lc-lrt-cache-off-warm100,130,3,3.4462,1.484,22.505,23.990,death,sense-and-sensibility,1,,server-1,1,5,4,26.078,5.396,5.700
combined-lc-lrt-cache-off-warm100,130,3,3.4538,16.842,22.611,39.453,was,pride-and-prejudice,1,,server-1,2,5,4,13.409,10.802,16.586
combined-lc-lrt-cache-off-warm100,130,3,3.4615,28.828,54.655,83.483,house,the-jungle,1,,server-2,2,4,4,13.409,7.149,16.586
combined-lc-lrt-cache-off-warm100,130,3,3.4692,46.815,26.617,73.432,horse,the-wind-in-the-willows,1,,server-2,2,5,1,13.409,7.149,17.942
combined-lc-lrt-cache-off-warm100,130,3,3.4769,16.972,23.411,40.383,was,mary-barton,1,,server-1,2,5,1,7.857,7.149,17.942
combined-lc-lrt-cache-off-warm100,130,3,3.4846,9.439,45.560,54.999,was,the-jungle,1,,server-1,3,5,1,7.857,7.149,17.942
combined-lc-lrt-cache-off-warm100,130,3,3.4923,1.371,15.394,16.765,money,the-adventures-of-sherlock-holmes,1,,server-3,3,5,1,7.857,15.039,22.648
combined-lc-lrt-cache-off-warm100,130,3,3.5000,39.273,24.635,63.908,was,agnes-grey,1,,server-1,3,5,1,3.748,15.039,11.666
combined-lc-lrt-cache-off-warm100,130,3,3.5077,32.282,25.507,57.788,you,the-memoirs-of-sherlock-holmes,1,,server-1,4,5,1,3.748,15.039,11.666
combined-lc-lrt-cache-off-warm100,130,3,3.5154,1.426,16.821,18.248,love,desert-gold,1,,server-3,4,4,1,3.748,28.815,9.850
combined-lc-lrt-cache-off-warm100,130,3,3.5231,10.873,27.550,38.423,horse,the-innocents-abroad,1,,server-3,4,2,2,9.433,15.074,5.106
combined-lc-lrt-cache-off-warm100,130,3,3.5308,3.894,35.824,39.718,you,treasure-island,1,,server-3,4,2,3,9.433,15.074,5.106
combined-lc-lrt-cache-off-warm100,130,3,3.5385,30.971,24.315,55.286,she,life-on-the-mississippi,1,,server-3,4,2,3,9.433,15.074,2.359
combined-lc-lrt-cache-off-warm100,130,3,3.5462,25.994,28.134,54.128,death,beyond-good-and-evil,1,,server-3,2,0,4,8.625,12.889,2.359
combined-lc-lrt-cache-off-warm100,130,3,3.5538,18.371,41.564,59.935,whale,twenty-thousand-leagues-under-the-sea,1,,server-3,2,0,5,8.625,12.889,2.359
combined-lc-lrt-cache-off-warm100,130,3,3.5615,1.796,24.425,26.221,castle,the-divine-comedy,1,,server-2,2,1,5,8.625,12.889,10.218
combined-lc-lrt-cache-off-warm100,130,3,3.5692,1.602,9.890,11.492,the,beyond-good-and-evil,1,,server-1,1,1,5,9.459,6.691,9.601
combined-lc-lrt-cache-off-warm100,130,3,3.5769,4.344,8.734,13.078,money,the-hound-of-the-baskervilles-3070,1,,server-1,2,1,3,4.924,6.691,5.604
combined-lc-lrt-cache-off-warm100,130,3,3.5846,5.828,21.606,27.434,was,tess-of-the-d-urbervilles-a-pure-woman,1,,server-1,2,1,3,2.799,6.691,5.604
combined-lc-lrt-cache-off-warm100,130,3,3.5923,20.253,19.281,39.534,the,cranford,1,,server-1,2,0,3,2.136,8.104,5.604
combined-lc-lrt-cache-off-warm100,130,3,3.6000,12.764,45.004,57.768,sea,kidnapped,1,,server-1,3,0,3,1.733,8.104,12.768
combined-lc-lrt-cache-off-warm100,130,3,3.6077,5.586,45.971,51.557,you,northanger-abbey,1,,server-1,4,0,3,1.733,8.104,9.589
combined-lc-lrt-cache-off-warm100,130,3,3.6154,1.307,18.853,20.160,of,the-adventures-of-sherlock-holmes,1,,server-2,3,1,0,2.728,8.104,12.740
combined-lc-lrt-cache-off-warm100,130,3,3.6231,13.298,47.577,60.875,death,emma,1,,server-2,3,2,0,2.728,4.223,12.740
combined-lc-lrt-cache-off-warm100,130,3,3.6308,5.462,24.407,29.869,of,jude-the-obscure,1,,server-2,3,3,0,5.765,4.223,12.740
combined-lc-lrt-cache-off-warm100,130,3,3.6385,45.601,30.693,76.294,heart,walden-and-on-the-duty-of-civil-disobedience,1,,server-2,3,3,0,5.765,2.807,12.740
combined-lc-lrt-cache-off-warm100,130,3,3.6462,33.163,17.549,50.712,london,black-beauty,1,,server-2,3,4,0,5.765,2.807,12.740
combined-lc-lrt-cache-off-warm100,130,3,3.6538,1.264,22.484,23.747,money,the-last-of-the-mohicans-a-narrative-of-1757,1,,server-3,3,4,1,5.765,2.807,12.740
combined-lc-lrt-cache-off-warm100,130,3,3.6615,16.525,28.925,45.449,king,little-women,1,,server-3,0,4,2,13.824,10.693,6.600
combined-lc-lrt-cache-off-warm100,130,3,3.6692,1.111,21.073,22.183,heart,the-works-of-edgar-allan-poe-volume-2,1,,server-1,1,4,2,13.824,10.693,6.600
combined-lc-lrt-cache-off-warm100,130,3,3.6769,15.025,19.983,35.008,love,the-return-of-sherlock-holmes,1,,server-1,2,4,2,7.147,10.693,6.600
combined-lc-lrt-cache-off-warm100,130,3,3.6846,22.869,8.621,31.490,and,the-hound-of-the-baskervilles-3070,1,,server-3,2,3,2,7.147,14.392,5.626
combined-lc-lrt-cache-off-warm100,130,3,3.6923,1.578,36.597,38.175,love,the-last-of-the-mohicans-a-narrative-of-1757-27681,1,,server-1,2,2,2,5.480,11.749,5.626
combined-lc-lrt-cache-off-warm100,130,3,3.7000,30.489,32.050,62.538,she,a-princess-of-mars,1,,server-1,3,2,2,2.930,11.994,5.626
combined-lc-lrt-cache-off-warm100,130,3,3.7077,22.538,35.119,57.657,night,pride-and-prejudice,1,,server-1,4,2,1,2.930,11.994,6.447
combined-lc-lrt-cache-off-warm100,130,3,3.7154,1.230,14.944,16.174,horse,memoirs-of-fanny-hill,1,,server-2,4,1,1,5.138,12.763,6.447
combined-lc-lrt-cache-off-warm100,130,3,3.7231,1.548,24.178,25.726,you,a-connecticut-yankee-in-king-arthur-s-court,1,,server-3,4,1,1,5.138,6.598,5.443
combined-lc-lrt-cache-off-warm100,130,3,3.7308,18.339,26.307,44.646,house,little-women,1,,server-3,2,1,2,6.483,6.598,2.866
combined-lc-lrt-cache-off-warm100,130,3,3.7385,1.201,32.747,33.948,he,the-moonstone,1,,server-2,2,1,2,6.483,6.578,2.866
combined-lc-lrt-cache-off-warm100,130,3,3.7462,26.737,9.809,36.546,letter,the-mysterious-affair-at-styles,1,,server-2,2,2,2,6.483,3.434,2.866
combined-lc-lrt-cache-off-warm100,130,3,3.7538,22.218,30.751,52.969,was,the-moonstone,1,,server-3,2,2,2,6.483,3.434,4.885
combined-lc-lrt-cache-off-warm100,130,3,3.7615,11.196,37.530,48.725,horse,the-moonstone,1,,server-2,2,3,2,6.483,3.434,4.885
combined-lc-lrt-cache-off-warm100,130,3,3.7692,1.357,13.350,14.706,king,the-secret-garden,1,,server-1,1,3,2,10.801,6.904,4.885
combined-lc-lrt-cache-off-warm100,130,3,3.7769,7.435,22.511,29.947,the,a-tale-of-two-cities,1,,server-1,2,2,1,5.592,4.665,5.891
combined-lc-lrt-cache-off-warm100,130,3,3.7846,1.712,43.080,44.792,sea,the-song-of-the-lark,1,,server-1,2,1,1,3.560,4.480,5.891
combined-lc-lrt-cache-off-warm100,130,3,3.7923,37.610,22.630,60.240,and,autobiography-of-benjamin-franklin,1,,server-1,3,1,1,1.902,4.480,5.891
combined-lc-lrt-cache-off-warm100,130,3,3.8000,7.823,31.911,39.734,king,the-adventures-of-tom-sawyer-complete,1,,server-1,4,1,1,1.902,4.480,5.891
combined-lc-lrt-cache-off-warm100,130,3,3.8077,1.804,28.331,30.135,castle,the-iliad,1,,server-3,3,1,1,4.496,4.480,8.641
combined-lc-lrt-cache-off-warm100,130,3,3.8154,1.465,9.138,10.603,you,poirot-investigates,1,,server-2,3,1,1,4.496,8.740,4.552
combined-lc-lrt-cache-off-warm100,130,3,3.8231,3.335,24.317,27.652,death,dracula,1,,server-2,3,2,1,4.496,4.537,4.552
combined-lc-lrt-cache-off-warm100,130,3,3.8308,20.618,49.367,69.985,castle,the-moonstone,1,,server-2,2,2,1,11.201,2.473,4.552
combined-lc-lrt-cache-off-warm100,130,3,3.8385,1.540,25.972,27.512,castle,the-jungle,1,,server-3,2,2,1,11.201,2.473,7.384
combined-lc-lrt-cache-off-warm100,130,3,3.8462,5.164,22.023,27.186,heart,the-house-of-mirth,1,,server-2,1,3,1,11.284,2.473,3.850
combined-lc-lrt-cache-off-warm100,130,3,3.8538,12.701,14.024,26.725,london,a-princess-of-mars,1,,server-3,0,2,2,9.271,2.978,3.850
combined-lc-lrt-cache-off-warm100,130,3,3.8615,12.468,45.757,58.225,castle,the-last-of-the-mohicans-a-narrative-of-1757-27681,1,,server-2,0,3,2,9.271,2.978,3.850
combined-lc-lrt-cache-off-warm100,130,3,3.8692,12.237,8.687,20.924,death,the-kama-sutra-of-vatsyayana,1,,server-3,0,3,2,9.271,2.978,4.561
combined-lc-lrt-cache-off-warm100,130,3,3.8769,1.436,28.901,30.336,you,jane-eyre-an-autobiography,1,,server-1,1,2,2,9.271,4.879,4.561
combined-lc-lrt-cache-off-warm100,130,3,3.8846,6.088,13.631,19.719,whale,frankenstein-or-the-modern-prometheus,1,,server-3,1,2,2,4.789,4.879,3.799
combined-lc-lrt-cache-off-warm100,130,3,3.8923,10.578,12.416,22.994,horse,the-prince,1,,server-3,1,2,2,4.789,4.879,2.465
combined-lc-lrt-cache-off-warm100,130,3,3.9000,5.385,34.900,40.285,love,north-and-south,1,,server-3,1,2,3,4.789,4.879,1.991
combined-lc-lrt-cache-off-warm100,130,3,3.9077,32.763,13.489,46.253,london,cranford,1,,server-3,1,1,3,7.605,13.007,2.554
combined-lc-lrt-cache-off-warm100,130,3,3.9154,1.325,15.764,17.089,heart,a-princess-of-mars,1,,server-1,1,1,2,7.605,13.007,3.786
combined-lc-lrt-cache-off-warm100,130,3,3.9231,9.752,9.531,19.283,king,the-hound-of-the-baskervilles-3070,1,,server-1,2,0,2,3.966,11.333,3.786
combined-lc-lrt-cache-off-warm100,130,3,3.9308,1.191,13.639,14.830,king,the-king-in-yellow,1,,server-2,2,1,2,3.966,11.333,3.786
combined-lc-lrt-cache-off-warm100,130,3,3.9385,5.128,11.682,16.810,heart,agnes-grey,1,,server-1,2,1,2,3.498,5.872,3.786
combined-lc-lrt-cache-off-warm100,130,3,3.9462,9.599,14.555,24.154,night,a-princess-of-mars,1,,server-1,2,0,1,2.452,5.894,8.286
combined-lc-lrt-cache-off-warm100,130,3,3.9538,1.322,14.083,15.405,of,the-war-of-the-worlds,1,,server-2,2,1,1,2.452,5.894,7.387
combined-lc-lrt-cache-off-warm100,130,3,3.9615,9.332,16.469,25.801,she,dubliners,1,,server-1,2,1,0,2.666,3.100,7.387
combined-lc-lrt-cache-off-warm100,130,3,3.9692,1.549,33.628,35.177,letter,the-romance-of-lust-a-classic-victorian-erotic-novel,1,,server-3,2,1,1,2.666,4.173,7.387
combined-lc-lrt-cache-off-warm100,130,3,3.9769,2.266,21.275,23.541,king,hard-times,1,,server-2,1,1,1,2.926,4.173,3.855
combined-lc-lrt-cache-off-warm100,130,3,3.9846,16.479,9.509,25.988,house,poirot-investigates,1,,server-2,1,2,1,2.926,2.257,3.855
combined-lc-lrt-cache-off-warm100,130,3,3.9923,1.143,9.967,11.110,sea,the-hound-of-the-baskervilles-3070,1,,server-1,1,2,1,4.471,2.257,3.855
combined-lc-lrt-cache-off-warm100,130,3,4.0000,4.106,21.301,25.407,you,walden-and-on-the-duty-of-civil-disobedience,1,,server-1,2,2,1,2.350,2.257,3.855
combined-lc-lrt-cache-off-warm100,130,3,4.0077,18.080,18.426,36.506,of,the-mystery-of-edwin-drood,1,,server-1,2,1,0,1.895,4.036,7.818
combined-lc-lrt-cache-off-warm100,130,3,4.0154,1.352,31.383,32.735,night,the-vicomte-de-bragelonne,1,,server-2,2,1,0,1.895,4.041,7.818
combined-lc-lrt-cache-off-warm100,130,3,4.0231,25.900,40.910,66.810,and,the-moonstone,1,,server-2,2,2,0,1.895,2.145,7.818
combined-lc-lrt-cache-off-warm100,130,3,4.0308,18.301,14.694,32.995,king,persuasion,1,,server-2,1,3,0,4.121,2.145,7.818
combined-lc-lrt-cache-off-warm100,130,3,4.0385,1.752,17.813,19.565,of,twenty-thousand-leagues-under-the-sea,1,,server-3,1,3,1,4.121,2.145,7.818
combined-lc-lrt-cache-off-warm100,130,3,4.0462,1.220,12.605,13.825,sea,the-secret-garden,1,,server-1,1,3,1,5.562,2.145,4.123
combined-lc-lrt-cache-off-warm100,130,3,4.0538,6.718,19.310,26.028,london,the-house-of-mirth,1,,server-1,2,2,1,2.904,4.241,4.123
combined-lc-lrt-cache-off-warm100,130,3,4.0615,2.133,28.844,30.977,king,the-picture-of-dorian-gray,1,,server-1,2,2,0,2.565,4.241,5.462
combined-lc-lrt-cache-off-warm100,130,3,4.0692,11.748,17.762,29.509,was,the-kama-sutra-of-vatsyayana,1,,server-1,3,2,0,1.816,4.962,5.462
combined-lc-lrt-cache-off-warm100,130,3,4.0769,1.657,14.846,16.503,she,the-secret-garden-17396,1,,server-3,3,2,1,1.816,4.962,5.462
combined-lc-lrt-cache-off-warm100,130,3,4.0846,9.464,25.323,34.787,castle,the-adventures-of-sherlock-holmes,1,,server-3,2,2,2,4.199,4.962,2.912
combined-lc-lrt-cache-off-warm100,130,3,4.0923,1.910,27.057,28.966,whale,his-last-bow,1,,server-3,2,0,3,6.266,9.619,2.912
combined-lc-lrt-cache-off-warm100,130,3,4.1000,19.538,27.028,46.566,house,the-jungle,1,,server-3,0,0,3,6.400,9.619,1.770
combined-lc-lrt-cache-off-warm100,130,3,4.1077,1.231,17.975,19.206,he,adventures-of-huckleberry-finn,1,,server-1,1,0,3,6.400,9.619,1.770
combined-lc-lrt-cache-off-warm100,130,3,4.1154,12.184,27.325,39.510,death,the-romance-of-lust-a-classic-victorian-erotic-novel,1,,server-1,2,0,3,3.343,9.619,1.770
combined-lc-lrt-cache-off-warm100,130,3,4.1231,1.847,26.546,28.393,london,jane-eyre-an-autobiography,1,,server-2,2,1,1,3.343,9.619,5.928
combined-lc-lrt-cache-off-warm100,130,3,4.1308,25.015,47.798,72.813,house,far-from-the-madding-crowd,1,,server-1,2,1,1,4.000,4.998,5.928
combined-lc-lrt-cache-off-warm100,130,3,4.1385,14.289,16.255,30.543,sea,the-secret-adversary,1,,server-2,2,2,1,4.000,4.998,5.928
combined-lc-lrt-cache-off-warm100,130,3,4.1462,9.489,44.119,53.608,king,the-mysterious-island,1,,server-1,3,2,1,4.000,4.998,9.777
combined-lc-lrt-cache-off-warm100,130,3,4.1538,1.533,12.216,13.750,castle,autobiography-of-benjamin-franklin,1,,server-3,3,1,1,4.000,5.175,7.853
combined-lc-lrt-cache-off-warm100,130,3,4.1615,7.000,16.364,23.364,and,the-works-of-edgar-allan-poe-volume-2,1,,server-3,2,1,2,3.880,5.175,4.113
combined-lc-lrt-cache-off-warm100,130,3,4.1692,1.574,39.955,41.529,and,the-house-of-the-seven-gables,1,,server-3,2,1,2,3.880,5.804,2.899
combined-lc-lrt-cache-off-warm100,130,3,4.1769,8.652,22.979,31.631,night,his-last-bow,1,,server-3,2,0,3,3.880,5.804,1.675
combined-lc-lrt-cache-off-warm100,130,3,4.1846,1.445,15.430,16.875,sea,hard-times,1,,server-2,2,1,3,3.880,5.804,4.526
combined-lc-lrt-cache-off-warm100,130,3,4.1923,9.978,23.491,33.469,whale,far-from-the-madding-crowd,1,,server-2,2,2,2,3.880,3.045,2.897
combined-lc-lrt-cache-off-warm100,130,3,4.2000,11.250,20.603,31.853,castle,the-divine-comedy,1,,server-3,2,2,3,11.805,3.045,2.897
combined-lc-lrt-cache-off-warm100,130,3,4.2077,17.983,25.800,43.783,was,the-lost-world,1,,server-2,0,2,3,12.664,3.361,2.897
combined-lc-lrt-cache-off-warm100,130,3,4.2154,10.417,28.233,38.649,you,the-portrait-of-a-lady-volume-1,1,,server-2,0,3,1,12.664,3.361,5.590
combined-lc-lrt-cache-off-warm100,130,3,4.2231,9.578,23.858,33.436,sea,oliver-twist,1,,server-3,0,3,2,12.664,3.361,5.590
combined-lc-lrt-cache-off-warm100,130,3,4.2308,23.877,39.033,62.910,house,the-jungle,1,,server-2,0,3,2,12.664,3.074,5.590
combined-lc-lrt-cache-off-warm100,130,3,4.2385,18.689,35.136,53.826,you,the-moonstone,1,,server-3,0,3,2,12.664,3.074,4.393
combined-lc-lrt-cache-off-warm100,130,3,4.2462,8.747,17.761,26.507,was,the-house-of-the-seven-gables,1,,server-2,0,4,2,12.664,3.074,4.393
combined-lc-lrt-cache-off-warm100,130,3,4.2538,1.682,11.829,13.512,you,dubliners,1,,server-1,1,4,2,12.664,12.651,4.393
combined-lc-lrt-cache-off-warm100,130,3,4.2615,31.310,13.037,44.348,castle,autobiography-of-benjamin-franklin,1,,server-3,1,2,2,6.563,3.991,5.657
combined-lc-lrt-cache-off-warm100,130,3,4.2692,1.560,15.973,17.533,the,the-adventures-of-sherlock-holmes,1,,server-1,1,2,2,6.051,3.991,5.657
combined-lc-lrt-cache-off-warm100,130,3,4.2769,10.419,22.596,33.014,king,myths-and-legends-of-ancient-greece-and-rome,1,,server-1,2,2,2,3.164,6.625,5.657
combined-lc-lrt-cache-off-warm100,130,3,4.2846,2.989,20.533,23.522,the,poirot-investigates,1,,server-1,3,2,2,3.164,6.625,5.657
combined-lc-lrt-cache-off-warm100,130,3,4.2923,18.179,20.506,38.685,love,the-odyssey,1,,server-1,3,2,1,1.890,8.899,9.749
combined-lc-lrt-cache-off-warm100,130,3,4.3000,11.173,30.616,41.789,whale,silas-marner,1,,server-1,4,0,1,1.890,11.870,7.811
combined-lc-lrt-cache-off-warm100,130,3,4.3077,1.131,21.334,22.465,letter,tess-of-the-d-urbervilles-a-pure-woman,1,,server-3,4,0,1,1.890,11.870,7.014
combined-lc-lrt-cache-off-warm100,130,3,4.3154,15.345,20.464,35.809,london,wuthering-heights,1,,server-3,2,0,2,3.412,11.870,3.648
combined-lc-lrt-cache-off-warm100,130,3,4.3231,19.126,19.671,38.797,and,the-scarlet-letter-33,1,,server-1,3,0,2,3.412,11.870,3.648
combined-lc-lrt-cache-off-warm100,130,3,4.3308,2.042,32.024,34.066,london,persuasion,1,,server-3,3,0,2,6.639,11.870,4.383
combined-lc-lrt-cache-off-warm100,130,3,4.3385,13.376,25.972,39.348,house,memoirs-of-fanny-hill,1,,server-3,3,0,3,5.616,11.870,2.373
combined-lc-lrt-cache-off-warm100,130,3,4.3462,17.266,21.450,38.716,london,the-great-gatsby,1,,server-3,1,0,4,6.712,11.870,2.373
combined-lc-lrt-cache-off-warm100,130,3,4.3538,1.829,15.217,17.047,london,the-king-in-yellow,1,,server-2,1,1,3,6.712,11.870,3.863
combined-lc-lrt-cache-off-warm100,130,3,4.3615,9.822,11.185,21.007,whale,the-first-men-in-the-moon,1,,server-2,1,2,3,9.195,6.147,3.863
combined-lc-lrt-cache-off-warm100,130,3,4.3692,1.546,14.009,15.555,of,a-journey-to-the-centre-of-the-earth,1,,server-1,1,2,2,7.383,6.147,7.225
combined-lc-lrt-cache-off-warm100,130,3,4.3769,8.230,10.362,18.592,was,his-last-bow,1,,server-1,2,1,2,3.853,4.125,7.225
combined-lc-lrt-cache-off-warm100,130,3,4.3846,1.720,20.660,22.380,was,the-odyssey,1,,server-2,2,1,2,3.874,4.387,9.435
combined-lc-lrt-cache-off-warm100,130,3,4.3923,15.178,17.124,32.303,death,walden-and-on-the-duty-of-civil-disobedience,1,,server-2,1,2,0,3.145,2.296,9.435
combined-lc-lrt-cache-off-warm100,130,3,4.4000,1.254,22.726,23.980,love,dracula,1,,server-1,1,2,0,3.543,2.296,9.435
combined-lc-lrt-cache-off-warm100,130,3,4.4077,17.067,15.024,32.091,sea,the-great-gatsby,1,,server-1,2,1,0,1.883,3.899,9.435
combined-lc-lrt-cache-off-warm100,130,3,4.4154,9.853,58.678,68.531,death,the-portrait-of-a-lady-volume-1,1,,server-1,3,1,0,1.883,3.899,9.435
combined-lc-lrt-cache-off-warm100,130,3,4.4231,1.879,41.065,42.944,whale,great-expectations,1,,server-1,4,1,0,1.883,3.899,9.435
combined-lc-lrt-cache-off-warm100,130,3,4.4308,1.664,20.156,21.821,and,the-house-of-the-seven-gables,1,,server-2,3,1,0,1.857,5.190,9.435
combined-lc-lrt-cache-off-warm100,130,3,4.4385,15.178,18.253,33.431,letter,the-house-of-mirth,1,,server-2,3,2,0,1.857,2.722,9.435
combined-lc-lrt-cache-off-warm100,130,3,4.4462,7.177,49.638,56.815,castle,villette,1,,server-2,3,3,0,4.393,2.722,9.435
combined-lc-lrt-cache-off-warm100,130,3,4.4538,18.951,41.242,60.194,whale,the-secret-garden,1,,server-2,3,3,0,4.393,2.772,9.435
combined-lc-lrt-cache-off-warm100,130,3,4.4615,1.408,26.540,27.949,of,oliver-twist,1,,server-3,3,3,1,4.393,2.552,9.435
combined-lc-lrt-cache-off-warm100,130,3,4.4692,20.356,21.611,41.967,was,the-first-men-in-the-moon,1,,server-3,3,3,2,12.704,2.552,4.926
combined-lc-lrt-cache-off-warm100,130,3,4.4769,12.865,10.865,23.730,sea,meditations,1,,server-3,3,2,3,12.704,5.541,4.926
combined-lc-lrt-cache-off-warm100,130,3,4.4846,29.924,19.075,48.998,heart,the-scarlet-letter-33,1,,server-2,0,3,3,17.302,5.541,4.926
combined-lc-lrt-cache-off-warm100,130,3,4.4923,9.481,32.699,42.179,sea,the-secret-garden,1,,server-3,0,3,3,17.302,5.541,3.836
combined-lc-lrt-cache-off-warm100,130,3,4.5000,2.064,33.001,35.065,castle,dubliners,1,,server-3,0,3,4,17.302,5.541,3.836
combined-lc-lrt-cache-off-warm100,130,3,4.5077,27.253,25.594,52.847,letter,jude-the-obscure,1,,server-3,0,3,4,17.302,12.222,2.744
combined-lc-lrt-cache-off-warm100,130,3,4.5154,1.621,9.489,11.110,he,the-hound-of-the-baskervilles-3070,1,,server-1,1,1,3,17.302,10.613,5.966
combined-lc-lrt-cache-off-warm100,130,3,4.5231,4.282,22.302,26.584,king,the-last-of-the-mohicans-a-narrative-of-1757,1,,server-1,2,1,3,8.958,10.613,5.966
combined-lc-lrt-cache-off-warm100,130,3,4.5308,19.422,12.789,32.210,london,cranford,1,,server-1,2,1,3,4.123,10.613,5.966
combined-lc-lrt-cache-off-warm100,130,3,4.5385,1.573,10.037,11.610,horse,a-princess-of-mars,1,,server-2,2,1,1,4.123,9.814,7.432
combined-lc-lrt-cache-off-warm100,130,3,4.5462,4.447,10.435,14.882,sea,the-first-men-in-the-moon,1,,server-2,2,2,1,4.123,5.101,7.432
combined-lc-lrt-cache-off-warm100,130,3,4.5538,8.029,27.739,35.768,you,great-expectations,1,,server-2,1,2,1,5.165,2.840,7.432
combined-lc-lrt-cache-off-warm100,130,3,4.5615,2.094,46.980,49.074,horse,the-adventures-of-ferdinand-count-fathom-complete,1,,server-2,1,2,0,5.165,2.502,8.771
combined-lc-lrt-cache-off-warm100,130,3,4.5692,38.749,37.635,76.384,whale,a-connecticut-yankee-in-king-arthur-s-court,1,,server-2,0,3,0,5.300,1.405,8.771
combined-lc-lrt-cache-off-warm100,130,3,4.5769,1.494,12.874,14.368,money,autobiography-of-benjamin-franklin,1,,server-1,1,3,0,5.300,1.405,8.771
combined-lc-lrt-cache-off-warm100,130,3,4.5846,23.728,39.259,62.987,night,madame-bovary,1,,server-2,1,4,0,2.818,1.405,8.771
combined-lc-lrt-cache-off-warm100,130,3,4.5923,1.245,17.834,19.079,castle,adventures-of-huckleberry-finn,1,,server-1,1,3,0,3.799,5.283,8.771
combined-lc-lrt-cache-off-warm100,130,3,4.6000,11.830,42.531,54.361,king,jude-the-obscure,1,,server-1,2,3,0,2.013,5.283,8.771
combined-lc-lrt-cache-off-warm100,130,3,4.6077,4.766,45.471,50.237,he,the-tenant-of-wildfell-hall,1,,server-1,3,3,0,2.013,13.890,8.771
combined-lc-lrt-cache-off-warm100,130,3,4.6154,42.734,15.125,57.859,castle,myths-and-legends-of-ancient-greece-and-rome,1,,server-1,3,2,0,2.237,10.092,8.771
combined-lc-lrt-cache-off-warm100,130,3,4.6231,1.715,20.771,22.487,love,a-tale-of-two-cities,1,,server-3,3,2,1,2.237,10.092,8.771
combined-lc-lrt-cache-off-warm100,130,3,4.6308,27.821,30.202,58.023,money,persuasion,1,,server-1,4,2,1,2.237,10.092,4.610
combined-lc-lrt-cache-off-warm100,130,3,4.6385,7.835,11.580,19.415,he,the-first-men-in-the-moon,1,,server-3,4,2,2,2.237,10.092,4.610
combined-lc-lrt-cache-off-warm100,130,3,4.6462,1.436,20.587,22.023,you,meditations,1,,server-3,4,2,2,2.237,15.447,4.850
combined-lc-lrt-cache-off-warm100,130,3,4.6538,13.211,19.973,33.184,house,the-first-men-in-the-moon,1,,server-3,4,0,3,10.204,12.791,2.125
combined-lc-lrt-cache-off-warm100,130,3,4.6615,6.976,56.465,63.441,he,the-mysterious-island,1,,server-3,2,0,3,7.682,12.791,3.367
combined-lc-lrt-cache-off-warm100,130,3,4.6692,16.887,51.707,68.594,letter,kidnapped,1,,server-3,2,0,3,7.682,12.791,3.386
combined-lc-lrt-cache-off-warm100,130,3,4.6769,44.712,37.131,81.843,you,the-memoirs-of-sherlock-holmes,1,,server-3,2,0,4,9.078,12.791,2.950
combined-lc-lrt-cache-off-warm100,130,3,4.6846,1.399,25.383,26.782,death,a-connecticut-yankee-in-king-arthur-s-court,1,,server-2,2,1,4,9.078,12.791,2.950
combined-lc-lrt-cache-off-warm100,130,3,4.6923,2.833,17.042,19.874,king,the-secret-garden,1,,server-1,1,1,4,11.156,6.628,5.765
combined-lc-lrt-cache-off-warm100,130,3,4.7000,12.440,13.342,25.782,love,the-secret-garden-17396,1,,server-1,2,1,3,5.846,6.628,5.765
combined-lc-lrt-cache-off-warm100,130,3,4.7077,4.423,31.285,35.708,heart,jane-eyre-an-autobiography,1,,server-2,2,2,3,5.846,6.628,5.765
combined-lc-lrt-cache-off-warm100,130,3,4.7154,11.093,11.106,22.199,castle,poirot-investigates,1,,server-1,2,1,3,4.567,4.634,5.765
combined-lc-lrt-cache-off-warm100,130,3,4.7231,21.080,11.863,32.942,london,silas-marner,1,,server-2,2,2,3,4.567,4.634,11.396
combined-lc-lrt-cache-off-warm100,130,3,4.7308,7.551,16.809,24.360,night,frankenstein-or-the-modern-prometheus-41445,1,,server-1,2,2,3,3.845,4.634,16.855
combined-lc-lrt-cache-off-warm100,130,3,4.7385,1.793,33.609,35.402,love,myths-and-legends-of-ancient-greece-and-rome,1,,server-1,2,2,2,2.851,4.634,21.413
combined-lc-lrt-cache-off-warm100,130,3,4.7462,9.122,74.805,83.927,night,great-expectations,1,,server-1,3,1,1,1.663,6.076,17.334
combined-lc-lrt-cache-off-warm100,130,3,4.7538,2.726,77.524,80.249,whale,the-song-of-the-lark,1,,server-1,4,1,1,2.589,6.076,17.334
combined-lc-lrt-cache-off-warm100,130,3,4.7615,1.672,18.966,20.637,london,the-picture-of-dorian-gray,1,,server-2,3,1,0,1.902,5.732,16.485
combined-lc-lrt-cache-off-warm100,130,3,4.7692,13.645,31.701,45.346,you,poirot-investigates,1,,server-2,3,2,0,1.902,3.012,16.485
combined-lc-lrt-cache-off-warm100,130,3,4.7769,6.211,33.706,39.916,she,the-scarlet-letter-33,1,,server-2,2,3,0,6.558,3.012,16.485
combined-lc-lrt-cache-off-warm100,130,3,4.7846,27.802,15.503,43.305,night,washington-square,1,,server-2,2,3,0,6.558,2.343,16.485
combined-lc-lrt-cache-off-warm100,130,3,4.7923,20.452,36.267,56.719,night,pride-and-prejudice,1,,server-2,2,4,0,6.558,2.225,16.485
combined-lc-lrt-cache-off-warm100,130,3,4.8000,19.302,67.553,86.856,king,adventures-of-huckleberry-finn,1,,server-2,2,5,0,6.558,2.225,16.485
combined-lc-lrt-cache-off-warm100,130,3,4.8077,12.232,51.470,63.702,the,jude-the-obscure,1,,server-2,2,6,0,6.558,2.225,16.485
combined-lc-lrt-cache-off-warm100,130,3,4.8154,1.323,22.736,24.059,she,dracula,1,,server-3,2,6,1,6.558,9.009,16.485
combined-lc-lrt-cache-off-warm100,130,3,4.8231,17.214,12.464,29.678,was,the-prince,1,,server-3,2,4,2,6.558,6.507,8.515
combined-lc-lrt-cache-off-warm100,130,3,4.8308,9.471,37.481,46.952,castle,north-and-south,1,,server-3,2,4,3,19.875,8.127,8.515
combined-lc-lrt-cache-off-warm100,130,3,4.8385,1.294,16.569,17.863,death,anne-of-green-gables,1,,server-1,1,4,3,20.663,8.127,8.515
combined-lc-lrt-cache-off-warm100,130,3,4.8462,31.974,23.328,55.303,heart,oliver-twist,1,,server-3,1,4,3,10.660,10.166,4.300
combined-lc-lrt-cache-off-warm100,130,3,4.8538,3.016,12.884,15.900,money,frankenstein-or-the-modern-prometheus-41445,1,,server-1,2,3,3,10.660,14.986,5.856
combined-lc-lrt-cache-off-warm100,130,3,4.8615,8.621,16.672,25.292,death,the-age-of-innocence,1,,server-1,2,3,3,5.081,14.986,5.856
combined-lc-lrt-cache-off-warm100,130,3,4.8692,1.494,44.165,45.659,king,the-iliad-2199,1,,server-1,3,2,3,5.081,15.642,5.856
combined-lc-lrt-cache-off-warm100,130,3,4.8769,10.328,75.717,86.045,london,the-works-of-edgar-allan-poe-volume-2,1,,server-1,3,2,3,1.999,21.167,17.586
combined-lc-lrt-cache-off-warm100,130,3,4.8846,22.055,39.178,61.233,house,the-adventures-of-ferdinand-count-fathom-complete,1,,server-1,4,1,1,1.999,19.354,9.114
combined-lc-lrt-cache-off-warm100,130,3,4.8923,14.719,40.551,55.270,night,kidnapped,1,,server-1,5,0,1,3.081,21.664,9.114
combined-lc-lrt-cache-off-warm100,130,3,4.9000,2.118,16.918,19.036,whale,the-adventures-of-sherlock-holmes,1,,server-3,5,0,2,3.081,21.664,9.114
combined-lc-lrt-cache-off-warm100,130,3,4.9077,12.192,40.073,52.265,house,villette,1,,server-3,4,0,2,5.180,21.664,5.024
combined-lc-lrt-cache-off-warm100,130,3,4.9154,4.572,40.081,44.653,king,the-prince,1,,server-3,4,0,3,12.724,21.664,5.024
combined-lc-lrt-cache-off-warm100,130,3,4.9231,37.838,51.391,89.229,the,the-house-of-the-seven-gables,1,,server-3,3,0,3,10.387,21.664,2.583
combined-lc-lrt-cache-off-warm100,130,3,4.9308,29.827,20.573,50.400,was,frankenstein-or-the-modern-prometheus-41445,1,,server-3,3,0,4,10.387,21.664,2.583
combined-lc-lrt-cache-off-warm100,130,3,4.9385,23.160,69.857,93.017,love,the-adventures-of-sherlock-holmes,1,,server-3,3,0,5,10.387,21.664,2.583
combined-lc-lrt-cache-off-warm100,130,3,4.9462,16.974,49.260,66.235,and,northanger-abbey,1,,server-3,3,0,6,16.003,21.664,2.583
combined-lc-lrt-cache-off-warm100,130,3,4.9538,9.728,108.411,118.139,heart,northanger-abbey,1,,server-3,3,0,7,20.790,21.664,2.583
combined-lc-lrt-cache-off-warm100,130,3,4.9615,1.410,21.189,22.599,whale,twenty-thousand-leagues-under-the-sea,1,,server-2,3,1,5,18.548,21.664,6.707
combined-lc-lrt-cache-off-warm100,130,3,4.9692,43.483,57.358,100.842,whale,the-prince,1,,server-3,0,1,6,20.900,11.170,2.904
combined-lc-lrt-cache-off-warm100,130,3,4.9769,53.019,19.343,72.362,king,the-works-of-edgar-allan-poe-volume-2,1,,server-3,0,1,7,20.900,11.170,2.904
combined-lc-lrt-cache-off-warm100,130,3,4.9846,1.258,15.593,16.851,castle,the-secret-garden-17396,1,,server-2,0,1,7,20.900,10.417,6.340
combined-lc-lrt-cache-off-warm100,130,3,4.9923,9.659,35.204,44.863,house,cranford,1,,server-2,0,2,7,20.900,5.396,6.340
combined-lc-lrt-cache-off-warm100,130,3,5.0000,2.637,31.290,33.928,king,myths-and-legends-of-ancient-greece-and-rome,1,,server-2,0,3,7,20.900,5.396,6.340
combined-lc-lrt-cache-off-warm100,130,3,5.0077,27.083,61.264,88.347,london,little-women,1,,server-2,0,3,7,20.900,2.367,6.340
combined-lc-lrt-cache-off-warm100,130,3,5.0154,19.164,57.295,76.458,you,oliver-twist,1,,server-2,0,4,6,20.900,2.367,25.488
combined-lc-lrt-cache-off-warm100,130,3,5.0231,12.052,70.329,82.381,castle,the-king-in-yellow,1,,server-2,0,5,6,20.900,2.367,25.488
combined-lc-lrt-cache-off-warm100,130,3,5.0308,6.623,105.550,112.173,and,the-vicomte-de-bragelonne,1,,server-2,0,6,6,20.900,2.367,22.429
combined-lc-lrt-cache-off-warm100,130,3,5.0385,1.319,15.517,16.836,letter,the-adventures-of-sherlock-holmes,1,,server-1,1,4,3,20.900,4.742,18.551
combined-lc-lrt-cache-off-warm100,130,3,5.0462,10.425,24.769,35.194,she,leaves-of-grass,1,,server-1,2,4,3,10.764,4.742,18.551
combined-lc-lrt-cache-off-warm100,130,3,5.0538,42.654,57.804,100.457,heart,the-wind-in-the-willows,1,,server-2,2,5,3,10.764,4.742,18.294
combined-lc-lrt-cache-off-warm100,130,3,5.0615,20.992,19.929,40.921,he,the-hound-of-the-baskervilles,1,,server-1,2,5,3,5.710,4.742,18.294
combined-lc-lrt-cache-off-warm100,130,3,5.0692,13.121,11.020,24.141,sea,black-beauty,1,,server-1,3,5,3,5.710,4.742,18.435
combined-lc-lrt-cache-off-warm100,130,3,5.0769,5.750,33.062,38.812,whale,a-journey-to-the-centre-of-the-earth,1,,server-1,4,5,0,5.710,4.742,25.473
combined-lc-lrt-cache-off-warm100,130,3,5.0846,31.926,42.785,74.712,heart,the-prince,1,,server-1,4,5,0,2.588,4.742,25.473
combined-lc-lrt-cache-off-warm100,130,3,5.0923,23.948,23.469,47.417,castle,kidnapped,1,,server-1,5,5,0,2.588,19.237,25.473
combined-lc-lrt-cache-off-warm100,130,3,5.1000,17.013,35.346,52.359,king,myths-and-legends-of-ancient-greece-and-rome,1,,server-1,5,3,0,3.990,15.523,25.473
combined-lc-lrt-cache-off-warm100,130,3,5.1077,1.482,13.087,14.569,letter,treasure-island,1,,server-3,5,2,1,7.085,18.118,25.473
combined-lc-lrt-cache-off-warm100,130,3,5.1154,7.332,23.077,30.410,and,memoirs-of-fanny-hill,1,,server-3,5,2,2,14.521,18.118,13.138
combined-lc-lrt-cache-off-warm100,130,3,5.1231,1.929,37.745,39.675,was,adventures-of-huckleberry-finn,1,,server-3,3,2,2,4.995,18.118,5.935
combined-lc-lrt-cache-off-warm100,130,3,5.1308,16.334,49.690,66.024,castle,thus-spake-zarathustra-a-book-for-all-and-none,1,,server-3,3,2,3,4.995,18.118,3.609
combined-lc-lrt-cache-off-warm100,130,3,5.1385,9.414,50.173,59.587,he,the-war-of-the-worlds,1,,server-3,3,2,4,4.995,18.118,3.609
combined-lc-lrt-cache-off-warm100,130,3,5.1462,13.915,13.281,27.196,and,poirot-investigates,1,,server-1,4,1,4,6.925,28.411,6.017
combined-lc-lrt-cache-off-warm100,130,3,5.1538,11.488,45.150,56.638,you,desert-gold,1,,server-3,3,1,4,12.510,32.420,4.141
combined-lc-lrt-cache-off-warm100,130,3,5.1615,10.885,34.377,45.262,of,the-mysterious-island,1,,server-1,2,0,4,8.414,25.972,5.863
combined-lc-lrt-cache-off-warm100,130,3,5.1692,4.674,39.948,44.622,whale,poirot-investigates,1,,server-1,3,0,3,6.825,25.972,6.155
combined-lc-lrt-cache-off-warm100,130,3,5.1769,37.290,53.170,90.460,the,walden-and-on-the-duty-of-civil-disobedience,1,,server-1,3,0,3,3.416,25.972,6.155
combined-lc-lrt-cache-off-warm100,130,3,5.1846,30.067,27.351,57.418,was,meditations,1,,server-1,4,0,3,3.416,25.972,6.155
combined-lc-lrt-cache-off-warm100,130,3,5.1923,22.672,49.318,71.990,night,dracula,1,,server-1,5,0,3,3.416,25.972,6.155
combined-lc-lrt-cache-off-warm100,130,3,5.2000,15.293,61.181,76.474,london,frankenstein-or-the-modern-prometheus,1,,server-1,6,0,2,3.416,25.972,12.548
combined-lc-lrt-cache-off-warm100,130,3,5.2077,1.758,18.481,20.239,death,the-works-of-edgar-allan-poe-volume-2,1,,server-2,6,1,2,9.322,25.972,12.548
combined-lc-lrt-cache-off-warm100,130,3,5.2154,1.604,18.556,20.160,sea,twenty-thousand-leagues-under-the-sea,1,,server-3,4,1,1,4.367,13.397,15.148
combined-lc-lrt-cache-off-warm100,130,3,5.2231,12.737,29.321,42.058,king,the-mysterious-island,1,,server-3,4,1,2,3.742,13.397,7.833
combined-lc-lrt-cache-off-warm100,130,3,5.2308,1.491,28.149,29.639,death,great-expectations,1,,server-2,4,1,2,3.742,11.426,7.833
combined-lc-lrt-cache-off-warm100,130,3,5.2385,26.222,44.457,70.679,money,the-innocents-abroad,1,,server-3,4,1,2,3.742,5.917,5.421
combined-lc-lrt-cache-off-warm100,130,3,5.2462,14.824,13.370,28.194,whale,the-king-in-yellow,1,,server-2,4,2,2,6.767,5.917,5.421
combined-lc-lrt-cache-off-warm100,130,3,5.2538,10.990,12.968,23.958,death,a-princess-of-mars,1,,server-3,4,2,3,6.767,5.917,5.421
combined-lc-lrt-cache-off-warm100,130,3,5.2615,1.929,63.321,65.250,she,north-and-south,1,,server-2,4,2,3,6.767,5.638,5.421
combined-lc-lrt-cache-off-warm100,130,3,5.2692,4.109,48.127,52.236,the,north-and-south,1,,server-2,4,3,2,20.147,3.062,6.260
combined-lc-lrt-cache-off-warm100,130,3,5.2769,49.724,37.985,87.710,love,the-odyssey,1,,server-2,0,3,2,19.823,3.209,6.260
combined-lc-lrt-cache-off-warm100,130,3,5.2846,25.200,17.387,42.587,she,a-princess-of-mars,1,,server-3,0,3,2,19.823,3.209,6.046
combined-lc-lrt-cache-off-warm100,130,3,5.2923,34.999,39.964,74.962,was,hard-times,1,,server-2,0,4,2,19.823,3.209,6.046
combined-lc-lrt-cache-off-warm100,130,3,5.3000,10.052,26.284,36.336,letter,northanger-abbey,1,,server-3,0,4,3,19.823,6.354,6.046
combined-lc-lrt-cache-off-warm100,130,3,5.3077,1.814,17.535,19.349,and,white-fang,1,,server-1,1,4,3,19.823,6.354,6.046
combined-lc-lrt-cache-off-warm100,130,3,5.3154,19.717,27.182,46.899,he,great-expectations,1,,server-3,1,4,3,10.253,6.354,4.767
combined-lc-lrt-cache-off-warm100,130,3,5.3231,13.560,47.172,60.731,the,the-last-of-the-mohicans-a-narrative-of-1757,1,,server-3,1,4,4,10.253,14.410,4.767
combined-lc-lrt-cache-off-warm100,130,3,5.3308,1.609,15.453,17.062,whale,silas-marner,1,,server-1,1,2,4,9.283,9.261,6.716
combined-lc-lrt-cache-off-warm100,130,3,5.3385,9.802,11.827,21.629,you,the-adventures-of-tom-sawyer-complete,1,,server-1,2,2,2,4.846,9.261,6.184
combined-lc-lrt-cache-off-warm100,130,3,5.3462,2.390,20.352,22.742,and,the-lost-world,1,,server-1,3,2,2,4.846,9.261,6.184
combined-lc-lrt-cache-off-warm100,130,3,5.3538,15.379,29.610,44.988,of,the-age-of-innocence,1,,server-1,3,2,2,2.071,9.261,6.184
combined-lc-lrt-cache-off-warm100,130,3,5.3615,8.416,27.443,35.859,she,the-hound-of-the-baskervilles,1,,server-1,3,2,2,3.811,9.261,6.184
combined-lc-lrt-cache-off-warm100,130,3,5.3692,1.364,28.825,30.190,and,jane-eyre-an-autobiography,1,,server-2,2,1,2,4.641,13.052,10.081
combined-lc-lrt-cache-off-warm100,130,3,5.3769,22.851,40.750,63.601,horse,wuthering-heights,1,,server-1,3,1,2,3.119,6.740,10.081
combined-lc-lrt-cache-off-warm100,130,3,5.3846,14.847,38.146,52.993,sea,far-from-the-madding-crowd,1,,server-1,4,1,0,3.119,6.740,14.794
combined-lc-lrt-cache-off-warm100,130,3,5.3923,6.679,25.087,31.767,she,the-works-of-edgar-allan-poe-volume-2,1,,server-2,4,2,0,3.119,6.740,14.794
combined-lc-lrt-cache-off-warm100,130,3,5.4000,1.985,56.170,58.155,king,the-adventures-of-tom-sawyer-complete,1,,server-1,3,2,0,4.203,6.935,14.794
combined-lc-lrt-cache-off-warm100,130,3,5.4077,48.043,35.099,83.142,castle,herland,1,,server-1,4,1,0,2.327,5.774,14.794
combined-lc-lrt-cache-off-warm100,130,3,5.4154,8.698,14.759,23.457,king,treasure-island,1,,server-2,4,2,0,2.327,5.774,14.794
combined-lc-lrt-cache-off-warm100,130,3,5.4231,32.911,37.523,70.434,money,north-and-south,1,,server-1,5,2,0,2.327,5.817,14.794
combined-lc-lrt-cache-off-warm100,130,3,5.4308,8.892,14.366,23.258,was,the-first-men-in-the-moon,1,,server-2,5,2,0,2.327,5.164,14.794
combined-lc-lrt-cache-off-warm100,130,3,5.4385,1.537,12.802,14.339,money,washington-square,1,,server-3,5,2,1,9.330,7.003,14.794
combined-lc-lrt-cache-off-warm100,130,3,5.4462,8.496,11.766,20.262,was,agnes-grey,1,,server-2,5,2,1,15.511,3.747,7.623
combined-lc-lrt-cache-off-warm100,130,3,5.4538,1.468,9.488,10.956,sea,poirot-investigates,1,,server-3,5,2,1,15.511,5.901,6.867
combined-lc-lrt-cache-off-warm100,130,3,5.4615,5.207,16.540,21.747,night,the-age-of-innocence,1,,server-2,2,2,1,15.417,3.104,3.585
combined-lc-lrt-cache-off-warm100,130,3,5.4692,1.253,21.143,22.396,whale,the-american,1,,server-3,2,1,1,15.417,2.376,3.765
combined-lc-lrt-cache-off-warm100,130,3,5.4769,15.368,19.051,34.419,of,the-last-of-the-mohicans-a-narrative-of-1757-27681,1,,server-3,2,1,2,15.417,2.376,2.002
combined-lc-lrt-cache-off-warm100,130,3,5.4846,1.374,19.039,20.414,horse,wuthering-heights,1,,server-2,2,1,2,15.417,4.151,2.002
combined-lc-lrt-cache-off-warm100,130,3,5.4923,13.853,30.316,44.169,money,the-first-men-in-the-moon,1,,server-2,2,2,1,19.207,2.203,3.853
combined-lc-lrt-cache-off-warm100,130,3,5.5000,5.491,19.104,24.596,money,the-odyssey,1,,server-2,0,3,1,14.700,2.203,3.853
combined-lc-lrt-cache-off-warm100,130,3,5.5077,15.413,31.195,46.608,and,the-last-of-the-mohicans-a-narrative-of-1757-27681,1,,server-2,0,3,1,14.700,2.379,3.853
combined-lc-lrt-cache-off-warm100,130,3,5.5154,1.484,27.646,29.130,death,the-adventures-of-ferdinand-count-fathom-complete,1,,server-3,0,3,1,14.700,2.049,5.391
combined-lc-lrt-cache-off-warm100,130,3,5.5231,21.534,38.869,60.403,house,the-adventures-of-ferdinand-count-fathom-complete,1,,server-3,0,3,2,14.700,4.351,2.829
combined-lc-lrt-cache-off-warm100,130,3,5.5308,14.268,65.318,79.586,money,great-expectations,1,,server-3,0,3,3,14.700,6.074,2.829
combined-lc-lrt-cache-off-warm100,130,3,5.5385,6.322,12.032,18.354,the,agnes-grey,1,,server-3,0,1,4,14.700,9.194,2.829
combined-lc-lrt-cache-off-warm100,130,3,5.5462,11.828,63.967,75.795,money,the-secret-adversary,1,,server-3,0,1,5,14.700,9.194,2.528
combined-lc-lrt-cache-off-warm100,130,3,5.5538,30.200,58.164,88.364,castle,a-tale-of-two-cities,1,,server-3,0,1,5,14.700,9.194,2.528
combined-lc-lrt-cache-off-warm100,130,3,5.5615,2.957,21.044,24.001,death,madame-bovary,1,,server-2,0,1,5,14.700,10.573,3.772
combined-lc-lrt-cache-off-warm100,130,3,5.5692,16.532,15.094,31.626,was,frankenstein-or-the-modern-prometheus-41445,1,,server-2,0,2,5,14.700,5.523,3.772
combined-lc-lrt-cache-off-warm100,130,3,5.5769,1.280,24.120,25.400,love,life-on-the-mississippi,1,,server-1,1,2,5,14.700,5.523,3.772
combined-lc-lrt-cache-off-warm100,130,3,5.5846,17.969,22.501,40.470,night,sense-and-sensibility,1,,server-1,2,2,4,7.595,5.523,11.124
combined-lc-lrt-cache-off-warm100,130,3,5.5923,9.106,11.720,20.826,was,dubliners,1,,server-2,2,2,4,7.595,5.188,11.124
combined-lc-lrt-cache-off-warm100,130,3,5.6000,1.808,23.606,25.414,he,persuasion,1,,server-2,2,3,4,7.595,5.188,11.124
combined-lc-lrt-cache-off-warm100,130,3,5.6077,6.661,45.777,52.438,horse,life-on-the-mississippi,1,,server-2,1,3,3,6.361,2.003,13.272
combined-lc-lrt-cache-off-warm100,130,3,5.6154,11.005,31.777,42.782,you,black-beauty,1,,server-2,1,3,3,6.361,2.842,18.948
combined-lc-lrt-cache-off-warm100,130,3,5.6231,3.444,52.261,55.705,heart,the-works-of-edgar-allan-poe-volume-2,1,,server-2,1,4,3,6.361,2.842,23.211
combined-lc-lrt-cache-off-warm100,130,3,5.6308,1.519,26.259,27.778,love,oliver-twist,1,,server-1,1,3,3,7.653,2.770,23.211
combined-lc-lrt-cache-off-warm100,130,3,5.6385,21.090,35.374,56.464,and,northanger-abbey,1,,server-1,2,3,3,3.979,2.770,21.886
combined-lc-lrt-cache-off-warm100,130,3,5.6462,14.900,45.432,60.332,house,the-moonstone,1,,server-2,2,4,0,3.979,2.770,23.202
combined-lc-lrt-cache-off-warm100,130,3,5.6538,5.855,15.801,21.656,was,silas-marner,1,,server-1,3,4,0,3.979,2.770,23.202
combined-lc-lrt-cache-off-warm100,130,3,5.6615,1.274,45.317,46.591,was,meditations,1,,server-1,3,3,0,3.318,8.042,23.202
combined-lc-lrt-cache-off-warm100,130,3,5.6692,22.007,48.778,70.785,horse,the-works-of-edgar-allan-poe-volume-2,1,,server-1,4,3,0,1.810,8.042,23.202
combined-lc-lrt-cache-off-warm100,130,3,5.6769,1.375,21.130,22.505,castle,hard-times,1,,server-3,4,3,1,4.682,9.658,23.202
combined-lc-lrt-cache-off-warm100,130,3,5.6846,7.875,26.716,34.591,she,his-last-bow,1,,server-1,5,1,1,4.682,14.472,11.959
combined-lc-lrt-cache-off-warm100,130,3,5.6923,8.359,12.920,21.280,love,the-hound-of-the-baskervilles,1,,server-3,4,1,2,6.622,14.472,11.959
combined-lc-lrt-cache-off-warm100,130,3,5.7000,1.126,24.086,25.211,night,a-journey-to-the-centre-of-the-earth,1,,server-3,3,1,2,7.239,14.472,9.870
combined-lc-lrt-cache-off-warm100,130,3,5.7077,18.165,18.291,36.455,death,a-connecticut-yankee-in-king-arthur-s-court,1,,server-3,3,0,3,14.759,13.939,3.469
combined-lc-lrt-cache-off-warm100,130,3,5.7154,1.560,11.641,13.201,sea,washington-square,1,,server-2,2,1,3,11.947,13.939,5.261
combined-lc-lrt-cache-off-warm100,130,3,5.7231,5.959,27.738,33.697,you,great-expectations,1,,server-2,2,2,3,14.366,7.211,5.261
combined-lc-lrt-cache-off-warm100,130,3,5.7308,1.063,38.547,39.610,horse,the-king-in-yellow,1,,server-2,2,2,1,14.366,3.813,5.720
combined-lc-lrt-cache-off-warm100,130,3,5.7385,18.932,40.404,59.336,night,great-expectations,1,,server-2,2,3,1,15.245,2.484,5.720
combined-lc-lrt-cache-off-warm100,130,3,5.7462,1.280,18.424,19.704,you,the-mystery-of-edwin-drood,1,,server-3,0,3,1,16.965,2.484,6.560
combined-lc-lrt-cache-off-warm100,130,3,5.7538,12.647,19.968,32.615,was,the-adventures-of-tom-sawyer-complete,1,,server-3,0,3,2,16.965,2.484,3.424
combined-lc-lrt-cache-off-warm100,130,3,5.7615,5.370,36.225,41.595,house,thus-spake-zarathustra-a-book-for-all-and-none,1,,server-3,0,2,3,16.965,6.540,3.424
combined-lc-lrt-cache-off-warm100,130,3,5.7692,30.820,25.763,56.583,and,jude-the-obscure,1,,server-3,0,2,3,16.965,6.540,2.663
combined-lc-lrt-cache-off-warm100,130,3,5.7769,23.827,42.079,65.906,night,the-last-of-the-mohicans-a-narrative-of-1757-27681,1,,server-3,0,1,4,16.965,6.328,2.663
combined-lc-lrt-cache-off-warm100,130,3,5.7846,13.908,18.120,32.028,the,the-house-of-the-seven-gables,1,,server-2,0,2,4,16.965,6.328,2.663
combined-lc-lrt-cache-off-warm100,130,3,5.7923,1.567,10.838,12.404,she,the-mysterious-affair-at-styles,1,,server-1,1,2,4,16.965,6.328,6.058
combined-lc-lrt-cache-off-warm100,130,3,5.8000,1.425,48.277,49.702,horse,villette,1,,server-2,1,2,4,8.780,6.665,8.926
combined-lc-lrt-cache-off-warm100,130,3,5.8077,1.179,15.887,17.065,sea,the-secret-garden-17396,1,,server-1,1,2,2,7.310,4.326,8.901
combined-lc-lrt-cache-off-warm100,130,3,5.8154,9.599,12.509,22.108,the,northanger-abbey,1,,server-1,2,2,2,3.810,6.099,8.901
combined-lc-lrt-cache-off-warm100,130,3,5.8231,2.199,26.816,29.015,you,hard-times,1,,server-1,3,1,2,3.810,6.766,8.901
combined-lc-lrt-cache-off-warm100,130,3,5.8308,21.626,17.978,39.604,whale,the-last-of-the-mohicans-a-narrative-of-1757-27681,1,,server-1,3,1,2,2.060,6.766,9.340
combined-lc-lrt-cache-off-warm100,130,3,5.8385,11.874,26.737,38.611,london,emma,1,,server-2,3,2,2,3.869,6.766,9.340
combined-lc-lrt-cache-off-warm100,130,3,5.8462,1.281,14.689,15.970,was,desert-gold,1,,server-3,3,2,1,3.869,6.766,12.337
combined-lc-lrt-cache-off-warm100,130,3,5.8538,14.670,25.686,40.356,and,the-portrait-of-a-lady-volume-1,1,,server-1,2,1,1,6.138,6.245,6.403
combined-lc-lrt-cache-off-warm100,130,3,5.8615,15.854,28.463,44.317,was,great-expectations,1,,server-2,2,2,1,5.000,6.245,6.403
combined-lc-lrt-cache-off-warm100,130,3,5.8692,1.241,25.743,26.984,of,north-and-south,1,,server-3,2,2,1,6.605,6.245,6.395
combined-lc-lrt-cache-off-warm100,130,3,5.8769,20.275,42.069,62.344,horse,north-and-south,1,,server-3,1,2,2,5.870,9.469,3.343
combined-lc-lrt-cache-off-warm100,130,3,5.8846,12.160,16.895,29.055,king,the-adventures-of-sherlock-holmes,1,,server-3,1,1,3,5.870,6.127,3.343
combined-lc-lrt-cache-off-warm100,130,3,5.8923,2.331,24.453,26.784,london,the-tenant-of-wildfell-hall,1,,server-1,2,1,3,5.870,6.127,3.343
combined-lc-lrt-cache-off-warm100,130,3,5.9000,19.642,19.987,39.629,the,madame-bovary,1,,server-1,2,1,2,4.018,6.127,3.460
combined-lc-lrt-cache-off-warm100,130,3,5.9077,1.244,21.021,22.265,he,the-portrait-of-a-lady-volume-1,1,,server-2,2,1,2,4.018,8.387,3.460
combined-lc-lrt-cache-off-warm100,130,3,5.9154,14.753,17.872,32.625,he,the-odyssey,1,,server-2,2,2,2,4.018,4.363,4.817
combined-lc-lrt-cache-off-warm100,130,3,5.9231,17.067,25.353,42.421,death,mary-barton,1,,server-1,2,2,2,5.192,4.363,4.817
combined-lc-lrt-cache-off-warm100,130,3,5.9308,1.372,46.167,47.539,the,far-from-the-madding-crowd,1,,server-2,2,2,2,5.192,4.553,4.817
combined-lc-lrt-cache-off-warm100,130,3,5.9385,10.730,23.047,33.778,heart,the-prince,1,,server-2,2,3,1,5.192,2.415,4.817
combined-lc-lrt-cache-off-warm100,130,3,5.9462,4.132,51.861,55.993,castle,the-last-of-the-mohicans-a-narrative-of-1757,1,,server-2,1,4,0,4.945,2.415,9.813
combined-lc-lrt-cache-off-warm100,130,3,5.9538,24.388,51.358,75.746,money,the-mysterious-island,1,,server-2,1,4,0,4.945,2.244,9.813
combined-lc-lrt-cache-off-warm100,130,3,5.9615,1.321,10.142,11.464,love,the-wind-in-the-willows,1,,server-3,1,4,1,4.945,2.244,9.813
combined-lc-lrt-cache-off-warm100,130,3,5.9692,1.421,36.471,37.892,was,the-romance-of-lust-a-classic-victorian-erotic-novel,1,,server-1,1,4,1,7.171,2.244,5.105
combined-lc-lrt-cache-off-warm100,130,3,5.9769,1.683,21.655,23.337,castle,desperate-remedies,1,,server-3,1,4,1,3.780,6.939,4.856
combined-lc-lrt-cache-off-warm100,130,3,5.9846,15.897,10.359,26.255,london,the-wind-in-the-willows,1,,server-3,1,3,2,3.780,9.254,2.556
combined-lc-lrt-cache-off-warm100,130,3,5.9923,15.503,32.666,48.169,heart,jude-the-obscure,1,,server-1,2,3,2,3.780,9.254,2.556
combined-lc-lrt-cache-off-warm100,130,3,6.0000,8.000,30.048,38.048,money,white-fang,1,,server-1,3,3,2,3.780,9.254,7.873
combined-lc-lrt-cache-off-warm100,130,3,6.0077,3.311,22.644,25.955,money,the-adventures-of-ferdinand-count-fathom-complete,1,,server-3,3,1,2,3.422,14.098,4.132
combined-lc-lrt-cache-off-warm100,130,3,6.0154,19.471,42.624,62.096,horse,the-scarlet-letter,1,,server-3,2,1,2,3.422,14.098,2.370
combined-lc-lrt-cache-off-warm100,130,3,6.0231,12.009,44.909,56.918,castle,the-tenant-of-wildfell-hall,1,,server-3,2,1,3,3.422,14.098,2.370
combined-lc-lrt-cache-off-warm100,130,3,6.0308,4.820,64.590,69.410,sea,wuthering-heights,1,,server-3,2,0,4,3.422,17.174,2.370
combined-lc-lrt-cache-off-warm100,130,3,6.0385,61.988,60.881,122.869,whale,frankenstein-or-the-modern-prometheus-41445,1,,server-3,2,0,4,8.658,17.174,1.939
combined-lc-lrt-cache-off-warm100,130,3,6.0462,52.231,49.951,102.182,money,leaves-of-grass,1,,server-3,0,0,5,9.926,17.174,1.939
combined-lc-lrt-cache-off-warm100,130,3,6.0538,2.527,23.573,26.099,house,the-return-of-sherlock-holmes,1,,server-1,1,0,5,9.926,17.174,1.939
combined-lc-lrt-cache-off-warm100,130,3,6.0615,19.035,11.912,30.947,you,the-war-of-the-worlds,1,,server-1,2,0,5,5.156,17.174,1.939
combined-lc-lrt-cache-off-warm100,130,3,6.0692,33.072,42.792,75.865,horse,memoirs-of-fanny-hill,1,,server-3,2,0,6,5.156,17.174,1.939
combined-lc-lrt-cache-off-warm100,130,3,6.0769,29.050,66.085,95.135,was,the-great-gatsby,1,,server-3,2,0,7,5.156,17.174,1.939
combined-lc-lrt-cache-off-warm100,130,3,6.0846,8.691,13.370,22.061,horse,around-the-world-in-eighty-days,1,,server-1,2,0,6,5.427,17.174,22.119
combined-lc-lrt-cache-off-warm100,130,3,6.0923,1.679,46.215,47.894,love,the-tenant-of-wildfell-hall,1,,server-1,3,0,6,5.385,17.174,22.119
combined-lc-lrt-cache-off-warm100,130,3,6.1000,7.532,44.703,52.235,king,a-princess-of-mars,1,,server-1,3,0,6,2.035,17.174,18.144
combined-lc-lrt-cache-off-warm100,130,3,6.1077,34.971,31.464,66.435,was,the-secret-garden-17396,1,,server-1,3,0,4,3.149,17.174,11.559
combined-lc-lrt-cache-off-warm100,130,3,6.1154,26.331,20.399,46.730,of,frankenstein-or-the-modern-prometheus-41445,1,,server-1,4,0,4,3.790,17.174,11.559
combined-lc-lrt-cache-off-warm100,130,3,6.1231,2.261,16.128,18.389,heart,the-mystery-of-edwin-drood,1,,server-2,4,1,4,3.790,17.174,11.559
combined-lc-lrt-cache-off-warm100,130,3,6.1308,11.246,23.078,34.323,king,the-memoirs-of-sherlock-holmes,1,,server-2,4,2,4,3.790,8.940,11.559
combined-lc-lrt-cache-off-warm100,130,3,6.1385,4.336,46.265,50.601,castle,the-age-of-innocence,1,,server-1,5,2,4,3.790,8.940,14.815
combined-lc-lrt-cache-off-warm100,130,3,6.1462,19.401,11.059,30.459,castle,the-lost-world,1,,server-2,4,2,4,4.494,5.269,20.277
combined-lc-lrt-cache-off-warm100,130,3,6.1538,11.971,59.940,71.911,house,little-women,1,,server-2,3,3,4,9.678,5.269,25.742
combined-lc-lrt-cache-off-warm100,130,3,6.1615,5.228,19.253,24.482,you,his-last-bow,1,,server-2,3,4,4,9.678,5.269,23.217
combined-lc-lrt-cache-off-warm100,130,3,6.1692,17.128,60.705,77.833,whale,agnes-grey,1,,server-2,2,4,1,9.453,2.255,23.217
combined-lc-lrt-cache-off-warm100,130,3,6.1769,1.451,14.089,15.540,sea,his-last-bow,1,,server-3,1,4,1,11.090,4.559,20.928
combined-lc-lrt-cache-off-warm100,130,3,6.1846,3.063,61.314,64.377,horse,a-tale-of-two-cities,1,,server-2,1,5,1,11.090,3.767,10.783
combined-lc-lrt-cache-off-warm100,130,3,6.1923,25.751,58.952,84.703,castle,north-and-south,1,,server-2,0,4,1,13.001,2.691,9.118
combined-lc-lrt-cache-off-warm100,130,3,6.2000,1.692,23.892,25.584,night,the-adventures-of-ferdinand-count-fathom-complete,1,,server-3,0,4,1,13.001,2.691,9.118
combined-lc-lrt-cache-off-warm100,130,3,6.2077,18.614,21.871,40.485,king,life-on-the-mississippi,1,,server-3,0,4,2,13.001,2.691,4.757
combined-lc-lrt-cache-off-warm100,130,3,6.2154,1.519,13.165,14.685,letter,cranford,1,,server-1,1,4,2,13.001,2.691,4.757
combined-lc-lrt-cache-off-warm100,130,3,6.2231,7.744,8.618,16.362,the,the-prince,1,,server-1,2,4,2,6.732,5.680,4.757
combined-lc-lrt-cache-off-warm100,130,3,6.2308,2.217,21.084,23.301,london,the-scarlet-letter,1,,server-1,2,4,1,4.888,16.400,5.335
combined-lc-lrt-cache-off-warm100,130,3,6.2385,2.626,33.213,35.839,king,twenty-thousand-leagues-under-the-sea,1,,server-1,3,4,1,2.219,16.400,5.335
combined-lc-lrt-cache-off-warm100,130,3,6.2462,8.522,30.752,39.274,he,meditations,1,,server-1,3,4,1,1.644,16.400,5.335
combined-lc-lrt-cache-off-warm100,130,3,6.2538,1.320,9.993,11.314,she,herland,1,,server-3,3,1,1,5.701,21.505,6.870
combined-lc-lrt-cache-off-warm100,130,3,6.2615,4.113,23.816,27.928,death,the-song-of-the-lark,1,,server-3,2,1,2,3.058,21.505,3.586
combined-lc-lrt-cache-off-warm100,130,3,6.2692,21.184,39.283,60.467,horse,the-house-of-the-seven-gables,1,,server-3,2,1,2,3.058,21.505,2.331
combined-lc-lrt-cache-off-warm100,130,3,6.2769,13.787,55.949,69.736,london,sense-and-sensibility,1,,server-3,1,1,3,7.243,23.161,2.331
combined-lc-lrt-cache-off-warm100,130,3,6.2846,6.182,21.922,28.104,sea,the-hound-of-the-baskervilles-3070,1,,server-3,1,0,4,7.243,18.553,2.331
combined-lc-lrt-cache-off-warm100,130,3,6.2923,18.317,47.440,65.757,king,black-beauty,1,,server-3,0,0,4,9.449,18.553,2.127
combined-lc-lrt-cache-off-warm100,130,3,6.3000,3.203,31.385,34.588,you,life-on-the-mississippi,1,,server-1,1,0,4,9.449,18.553,2.214
combined-lc-lrt-cache-off-warm100,130,3,6.3077,28.537,28.112,56.649,london,anne-of-green-gables,1,,server-1,2,0,4,5.031,18.553,2.214
combined-lc-lrt-cache-off-warm100,130,3,6.3154,20.137,12.106,32.243,castle,meditations,1,,server-1,3,0,4,5.031,18.553,8.024
combined-lc-lrt-cache-off-warm100,130,3,6.3231,1.343,21.029,22.372,heart,the-return-of-sherlock-holmes,1,,server-2,3,1,4,5.031,18.553,8.024
combined-lc-lrt-cache-off-warm100,130,3,6.3308,14.657,12.964,27.621,king,the-scarlet-letter,1,,server-2,3,2,3,5.031,9.566,15.264
combined-lc-lrt-cache-off-warm100,130,3,6.3385,22.681,24.571,47.252,horse,around-the-world-in-eighty-days,1,,server-1,3,2,3,5.077,9.566,15.264
combined-lc-lrt-cache-off-warm100,130,3,6.3462,12.474,15.202,27.676,you,twenty-thousand-leagues-under-the-sea,1,,server-2,3,2,3,5.077,6.448,26.274
combined-lc-lrt-cache-off-warm100,130,3,6.3538,10.729,21.513,32.242,london,the-great-gatsby,1,,server-1,3,2,1,5.893,6.448,20.256
combined-lc-lrt-cache-off-warm100,130,3,6.3615,13.279,42.616,55.895,horse,autobiography-of-benjamin-franklin,1,,server-2,3,2,0,5.766,4.346,15.040
combined-lc-lrt-cache-off-warm100,130,3,6.3692,5.709,42.098,47.807,and,the-mysterious-affair-at-styles,1,,server-2,2,3,0,5.585,4.346,15.040
combined-lc-lrt-cache-off-warm100,130,3,6.3769,1.696,63.194,64.890,castle,jude-the-obscure,1,,server-2,2,3,0,5.585,2.368,15.040
combined-lc-lrt-cache-off-warm100,130,3,6.3846,35.304,36.807,72.111,he,the-secret-garden,1,,server-2,2,4,0,5.585,1.652,15.040
combined-lc-lrt-cache-off-warm100,130,3,6.3923,3.055,35.106,38.161,castle,life-on-the-mississippi,1,,server-1,1,4,0,7.433,4.061,15.040
combined-lc-lrt-cache-off-warm100,130,3,6.4000,3.866,41.814,45.679,you,the-adventures-of-sherlock-holmes,1,,server-1,2,4,0,3.979,4.061,15.040
combined-lc-lrt-cache-off-warm100,130,3,6.4077,19.280,45.911,65.192,castle,autobiography-of-benjamin-franklin,1,,server-1,3,4,0,2.737,4.061,15.040
combined-lc-lrt-cache-off-warm100,130,3,6.4154,12.746,61.879,74.625,of,desert-gold,1,,server-1,4,4,0,2.737,4.061,15.040
combined-lc-lrt-cache-off-warm100,130,3,6.4231,5.351,46.369,51.720,sea,the-adventures-of-tom-sawyer-complete,1,,server-1,5,2,0,2.737,12.844,15.040
combined-lc-lrt-cache-off-warm100,130,3,6.4308,1.493,11.204,12.697,whale,washington-square,1,,server-3,5,2,1,7.981,12.844,15.040
combined-lc-lrt-cache-off-warm100,130,3,6.4385,5.504,28.173,33.677,money,little-women,1,,server-3,5,2,2,7.981,12.844,7.785
combined-lc-lrt-cache-off-warm100,130,3,6.4462,25.781,33.028,58.809,the,the-return-of-sherlock-holmes-108,1,,server-3,3,1,2,8.976,16.311,3.962
combined-lc-lrt-cache-off-warm100,130,3,6.4538,18.956,32.289,51.245,king,northanger-abbey,1,,server-3,3,1,3,8.976,16.311,3.962
combined-lc-lrt-cache-off-warm100,130,3,6.4615,1.444,29.640,31.084,you,the-innocents-abroad,1,,server-2,3,1,3,8.976,12.755,3.962
combined-lc-lrt-cache-off-warm100,130,3,6.4692,23.951,30.600,54.550,love,the-romance-of-lust-a-classic-victorian-erotic-novel,1,,server-2,3,2,3,8.976,6.592,7.470
combined-lc-lrt-cache-off-warm100,130,3,6.4769,24.708,20.137,44.844,heart,the-portrait-of-a-lady-volume-1,1,,server-3,1,2,3,14.357,6.592,4.826
combined-lc-lrt-cache-off-warm100,130,3,6.4846,19.469,34.193,53.662,whale,the-house-of-mirth,1,,server-3,1,2,4,14.357,6.592,4.826
combined-lc-lrt-cache-off-warm100,130,3,6.4923,1.397,10.437,11.834,house,herland,1,,server-1,1,2,4,19.000,13.355,4.826
combined-lc-lrt-cache-off-warm100,130,3,6.5000,24.240,13.102,37.342,whale,a-journey-to-the-centre-of-the-earth,1,,server-2,1,2,4,9.782,6.962,6.929
combined-lc-lrt-cache-off-warm100,130,3,6.5077,1.541,20.325,21.866,and,the-last-of-the-mohicans-a-narrative-of-1757-27681,1,,server-1,1,2,2,7.881,6.962,9.855
combined-lc-lrt-cache-off-warm100,130,3,6.5154,14.488,30.150,44.638,was,the-jungle-book,1,,server-1,2,2,2,4.101,6.962,9.855
combined-lc-lrt-cache-off-warm100,130,3,6.5231,6.902,28.360,35.262,money,the-jungle,1,,server-1,3,2,2,4.101,6.962,11.450
combined-lc-lrt-cache-off-warm100,130,3,6.5308,2.713,40.119,42.832,the,the-war-of-the-worlds,1,,server-1,3,1,2,2.770,7.159,11.450
combined-lc-lrt-cache-off-warm100,130,3,6.5385,1.670,29.454,31.124,love,great-expectations,1,,server-2,3,1,0,2.058,6.623,13.062
combined-lc-lrt-cache-off-warm100,130,3,6.5462,23.790,12.478,36.268,love,the-kama-sutra-of-vatsyayana,1,,server-2,3,2,0,2.058,3.498,13.062
combined-lc-lrt-cache-off-warm100,130,3,6.5538,6.402,33.963,40.365,death,far-from-the-madding-crowd,1,,server-1,4,2,0,2.058,3.498,13.062
combined-lc-lrt-cache-off-warm100,130,3,6.5615,8.826,26.828,35.655,london,twenty-thousand-leagues-under-the-sea,1,,server-2,2,3,0,6.254,3.498,13.062
combined-lc-lrt-cache-off-warm100,130,3,6.5692,1.674,13.796,15.470,king,his-last-bow,1,,server-3,2,3,1,6.254,11.616,13.062
combined-lc-lrt-cache-off-warm100,130,3,6.5769,20.506,25.835,46.341,money,the-house-of-mirth,1,,server-2,2,3,1,7.648,3.927,6.758
combined-lc-lrt-cache-off-warm100,130,3,6.5846,1.533,15.589,17.121,she,cranford,1,,server-3,2,3,2,7.648,5.471,6.475
combined-lc-lrt-cache-off-warm100,130,3,6.5923,10.085,38.518,48.603,the,the-romance-of-lust-a-classic-victorian-erotic-novel,1,,server-3,1,3,2,9.480,5.471,3.374
combined-lc-lrt-cache-off-warm100,130,3,6.6000,2.264,14.575,16.840,he,cranford,1,,server-3,0,1,3,11.448,6.462,3.374
combined-lc-lrt-cache-off-warm100,130,3,6.6077,9.682,37.302,46.984,sea,the-secret-garden-17396,1,,server-3,0,1,3,11.448,6.462,1.885
combined-lc-lrt-cache-off-warm100,130,3,6.6154,25.803,35.453,61.256,and,the-adventures-of-ferdinand-count-fathom-complete,1,,server-3,0,1,4,11.448,6.462,1.885
combined-lc-lrt-cache-off-warm100,130,3,6.6231,1.389,11.004,12.393,you,the-war-of-the-worlds,1,,server-1,1,1,4,11.448,8.219,2.830
combined-lc-lrt-cache-off-warm100,130,3,6.6308,1.302,17.771,19.073,london,a-connecticut-yankee-in-king-arthur-s-court,1,,server-2,1,1,4,5.937,8.219,2.830
combined-lc-lrt-cache-off-warm100,130,3,6.6385,1.198,27.398,28.597,king,mansfield-park,1,,server-1,1,1,3,5.511,4.287,2.830
combined-lc-lrt-cache-off-warm100,130,3,6.6462,21.158,28.963,50.121,castle,the-innocents-abroad,1,,server-1,2,1,2,2.890,4.287,9.589
combined-lc-lrt-cache-off-warm100,130,3,6.6538,1.473,12.436,13.909,of,the-secret-adversary,1,,server-2,2,1,2,2.890,5.541,9.589
combined-lc-lrt-cache-off-warm100,130,3,6.6615,6.601,22.515,29.116,money,jude-the-obscure,1,,server-2,2,2,2,2.890,2.903,8.259
combined-lc-lrt-cache-off-warm100,130,3,6.6692,19.342,24.071,43.413,you,madame-bovary,1,,server-2,1,2,2,5.523,2.534,8.259
combined-lc-lrt-cache-off-warm100,130,3,6.6769,15.629,49.290,64.919,of,oliver-twist,1,,server-2,1,3,0,5.523,2.119,10.919
combined-lc-lrt-cache-off-warm100,130,3,6.6846,8.116,74.989,83.105,love,oliver-twist,1,,server-2,1,4,0,5.523,2.119,10.919
combined-lc-lrt-cache-off-warm100,130,3,6.6923,1.330,27.922,29.251,castle,great-expectations,1,,server-3,1,3,1,5.523,4.846,10.919
combined-lc-lrt-cache-off-warm100,130,3,6.7000,1.405,11.022,12.427,london,treasure-island,1,,server-1,1,3,1,8.128,3.227,5.666
combined-lc-lrt-cache-off-warm100,130,3,6.7077,5.332,13.870,19.202,london,the-warden,1,,server-1,2,3,1,4.235,3.227,5.666
combined-lc-lrt-cache-off-warm100,130,3,6.7154,12.331,19.322,31.653,love,sense-and-sensibility,1,,server-1,2,3,1,2.737,5.611,5.666
combined-lc-lrt-cache-off-warm100,130,3,6.7231,2.517,15.676,18.194,horse,frankenstein-or-the-modern-prometheus,1,,server-3,2,3,1,2.737,5.611,8.013
combined-lc-lrt-cache-off-warm100,130,3,6.7308,16.271,16.383,32.654,the,a-journey-to-the-centre-of-the-earth,1,,server-1,2,3,1,3.179,5.611,4.194
combined-lc-lrt-cache-off-warm100,130,3,6.7385,3.322,25.919,29.241,and,the-adventures-of-ferdinand-count-fathom-complete,1,,server-3,2,3,2,3.179,5.611,4.194
combined-lc-lrt-cache-off-warm100,130,3,6.7462,22.194,22.063,44.258,horse,leaves-of-grass,1,,server-3,2,2,2,3.179,14.224,2.826
combined-lc-lrt-cache-off-warm100,130,3,6.7538,10.190,9.235,19.424,he,the-kama-sutra-of-vatsyayana,1,,server-1,2,2,2,4.066,14.224,2.826
combined-lc-lrt-cache-off-warm100,130,3,6.7615,7.079,29.947,37.025,king,the-prince,1,,server-3,2,2,3,4.066,14.224,2.826
combined-lc-lrt-cache-off-warm100,130,3,6.7692,4.541,22.605,27.146,she,the-jungle,1,,server-1,2,0,2,3.597,22.348,3.109
combined-lc-lrt-cache-off-warm100,130,3,6.7769,20.285,16.887,37.172,king,the-picture-of-dorian-gray,1,,server-1,2,0,2,2.288,22.348,3.109
combined-lc-lrt-cache-off-warm100,130,3,6.7846,12.753,51.323,64.076,whale,the-hound-of-the-baskervilles,1,,server-1,3,0,2,2.288,22.348,3.109
combined-lc-lrt-cache-off-warm100,130,3,6.7923,4.523,54.397,58.920,the,north-and-south,1,,server-1,4,0,2,2.288,22.348,6.762
combined-lc-lrt-cache-off-warm100,130,3,6.8000,52.393,9.495,61.888,castle,herland,1,,server-1,4,0,0,1.980,22.348,9.119
combined-lc-lrt-cache-off-warm100,130,3,6.8077,1.596,22.309,23.905,letter,a-journey-to-the-centre-of-the-earth,1,,server-3,4,0,1,1.980,22.348,9.119
combined-lc-lrt-cache-off-warm100,130,3,6.8154,16.838,21.809,38.647,whale,treasure-island,1,,server-3,4,0,2,6.502,22.348,4.743
combined-lc-lrt-cache-off-warm100,130,3,6.8231,9.472,22.361,31.832,the,the-mysterious-affair-at-styles,1,,server-3,4,0,3,6.502,22.348,4.743
combined-lc-lrt-cache-off-warm100,130,3,6.8308,2.230,35.771,38.001,the,grimms-fairy-tales,1,,server-3,4,0,4,6.502,22.348,4.743
combined-lc-lrt-cache-off-warm100,130,3,6.8385,16.664,42.041,58.704,heart,the-romance-of-lust-a-classic-victorian-erotic-novel,1,,server-3,4,0,4,6.502,22.348,1.842
combined-lc-lrt-cache-off-warm100,130,3,6.8462,24.614,43.500,68.114,money,leaves-of-grass,1,,server-3,4,0,5,6.502,22.348,1.842
combined-lc-lrt-cache-off-warm100,130,3,6.8538,1.447,18.773,20.220,of,walden-and-on-the-duty-of-civil-disobedience,1,,server-2,1,1,5,16.135,22.348,7.713
combined-lc-lrt-cache-off-warm100,130,3,6.8615,13.169,14.605,27.774,he,myths-and-legends-of-ancient-greece-and-rome,1,,server-2,1,2,5,14.684,11.531,5.711
combined-lc-lrt-cache-off-warm100,130,3,6.8692,1.177,15.066,16.243,house,myths-and-legends-of-ancient-greece-and-rome,1,,server-1,1,2,2,11.769,11.531,9.508
combined-lc-lrt-cache-off-warm100,130,3,6.8769,9.145,10.482,19.627,she,black-beauty,1,,server-1,2,1,2,6.085,6.871,8.017
combined-lc-lrt-cache-off-warm100,130,3,6.8846,5.307,9.677,14.984,castle,herland,1,,server-2,2,2,2,6.085,6.871,8.017
combined-lc-lrt-cache-off-warm100,130,3,6.8923,7.836,14.631,22.467,letter,desert-gold,1,,server-2,1,2,2,4.137,3.920,8.017
combined-lc-lrt-cache-off-warm100,130,3,6.9000,1.392,28.194,29.585,letter,mansfield-park,1,,server-1,1,1,2,4.269,3.473,12.060
combined-lc-lrt-cache-off-warm100,130,3,6.9077,22.535,20.250,42.785,house,anne-of-green-gables,1,,server-1,2,1,2,2.255,2.799,12.060
combined-lc-lrt-cache-off-warm100,130,3,6.9154,1.511,12.602,14.113,london,the-mysterious-affair-at-styles,1,,server-2,2,1,0,2.255,4.071,14.911
combined-lc-lrt-cache-off-warm100,130,3,6.9231,6.910,10.371,17.281,you,black-beauty,1,,server-2,2,2,0,2.255,2.148,14.911
combined-lc-lrt-cache-off-warm100,130,3,6.9308,10.330,46.837,57.168,horse,the-house-of-mirth,1,,server-2,1,2,0,5.230,2.317,14.911
combined-lc-lrt-cache-off-warm100,130,3,6.9385,2.913,29.653,32.567,house,villette,1,,server-2,1,3,0,5.230,2.317,14.911
combined-lc-lrt-cache-off-warm100,130,3,6.9462,42.349,28.404,70.754,king,twenty-thousand-leagues-under-the-sea,1,,server-2,1,3,0,5.230,1.464,14.911
combined-lc-lrt-cache-off-warm100,130,3,6.9538,34.625,13.170,47.795,king,northanger-abbey,1,,server-2,0,4,0,6.542,1.464,14.911
combined-lc-lrt-cache-off-warm100,130,3,6.9615,1.130,9.759,10.889,night,his-last-bow,1,,server-1,1,4,0,6.542,1.464,14.911
combined-lc-lrt-cache-off-warm100,130,3,6.9692,3.619,29.145,32.764,the,the-moonstone,1,,server-1,2,4,0,3.411,1.464,14.911
combined-lc-lrt-cache-off-warm100,130,3,6.9769,25.348,32.340,57.688,was,the-hound-of-the-baskervilles,1,,server-1,2,4,0,2.213,7.012,14.911
combined-lc-lrt-cache-off-warm100,130,3,6.9846,18.124,13.782,31.906,night,silas-marner,1,,server-1,3,4,0,2.213,7.012,14.911
combined-lc-lrt-cache-off-warm100,130,3,6.9923,10.882,30.077,40.959,love,cranford,1,,server-1,4,2,0,2.213,8.029,14.911
combined-lc-lrt-cache-off-warm100,130,3,7.0000,1.522,17.977,19.498,whale,walden-and-on-the-duty-of-civil-disobedience,1,,server-3,4,2,1,5.798,8.029,14.911
combined-lc-lrt-cache-off-warm100,130,3,7.0077,27.285,28.755,56.041,and,little-women,1,,server-1,4,1,1,3.114,7.305,7.754
combined-lc-lrt-cache-off-warm100,130,3,7.0154,2.286,11.916,14.201,letter,silas-marner,1,,server-2,4,2,1,3.114,7.305,7.754
combined-lc-lrt-cache-off-warm100,130,3,7.0231,1.945,23.301,25.247,love,tess-of-the-d-urbervilles-a-pure-woman,1,,server-3,4,1,1,5.130,4.865,7.786
combined-lc-lrt-cache-off-warm100,130,3,7.0308,1.133,18.304,19.436,horse,the-last-of-the-mohicans-a-narrative-of-1757-27681,1,,server-2,4,1,1,5.775,4.968,4.054
combined-lc-lrt-cache-off-warm100,130,3,7.0385,12.671,19.788,32.459,love,pride-and-prejudice,1,,server-2,1,2,1,8.251,2.586,4.054
combined-lc-lrt-cache-off-warm100,130,3,7.0462,5.282,29.955,35.236,you,cranford,1,,server-2,1,3,1,8.251,2.586,4.054
combined-lc-lrt-cache-off-warm100,130,3,7.0538,1.526,23.172,24.699,death,the-adventures-of-ferdinand-count-fathom-complete,1,,server-3,1,2,1,8.251,2.248,6.271
combined-lc-lrt-cache-off-warm100,130,3,7.0615,17.382,22.209,39.591,money,dracula,1,,server-3,1,2,2,8.251,2.248,3.288
combined-lc-lrt-cache-off-warm100,130,3,7.0692,12.308,26.312,38.620,she,the-romance-of-lust-a-classic-victorian-erotic-novel,1,,server-2,0,3,2,9.812,2.248,3.288
combined-lc-lrt-cache-off-warm100,130,3,7.0769,1.510,13.549,15.058,london,dubliners,1,,server-1,1,3,2,9.812,3.792,3.288
combined-lc-lrt-cache-off-warm100,130,3,7.0846,17.154,30.787,47.941,he,jane-eyre-an-autobiography,1,,server-3,1,1,2,5.103,5.910,4.643
combined-lc-lrt-cache-off-warm100,130,3,7.0923,1.072,21.574,22.646,money,pride-and-prejudice,1,,server-1,1,1,2,5.372,5.910,4.643
combined-lc-lrt-cache-off-warm100,130,3,7.1000,15.631,16.073,31.704,money,persuasion,1,,server-1,2,1,2,2.815,5.910,4.643
combined-lc-lrt-cache-off-warm100,130,3,7.1077,8.137,49.961,58.097,night,villette,1,,server-1,3,1,1,2.815,7.913,5.001
combined-lc-lrt-cache-off-warm100,130,3,7.1154,1.118,23.943,25.061,you,the-iliad-2199,1,,server-2,2,1,1,4.279,7.913,5.001
combined-lc-lrt-cache-off-warm100,130,3,7.1231,17.999,29.460,47.460,was,the-iliad,1,,server-2,2,2,1,2.768,4.105,5.001
combined-lc-lrt-cache-off-warm100,130,3,7.1308,8.189,53.043,61.232,he,oliver-twist,1,,server-1,3,2,1,2.768,4.105,5.001
combined-lc-lrt-cache-off-warm100,130,3,7.1385,1.203,17.530,18.733,the,myths-and-legends-of-ancient-greece-and-rome,1,,server-3,2,2,1,3.562,4.105,8.091
combined-lc-lrt-cache-off-warm100,130,3,7.1462,11.672,16.255,27.927,heart,the-scarlet-letter,1,,server-3,2,1,2,4.154,5.023,4.214
combined-lc-lrt-cache-off-warm100,130,3,7.1538,17.415,26.804,44.219,castle,emma,1,,server-2,2,2,2,4.154,5.023,4.214
combined-lc-lrt-cache-off-warm100,130,3,7.1615,13.270,45.472,58.741,night,villette,1,,server-3,2,2,2,4.154,5.023,4.162
combined-lc-lrt-cache-off-warm100,130,3,7.1692,5.660,18.150,23.810,whale,autobiography-of-benjamin-franklin,1,,server-3,1,2,3,13.247,5.023,4.162
combined-lc-lrt-cache-off-warm100,130,3,7.1769,14.965,37.150,52.115,whale,the-wind-in-the-willows,1,,server-3,1,1,3,13.247,5.729,2.631
combined-lc-lrt-cache-off-warm100,130,3,7.1846,36.584,29.488,66.072,she,the-last-of-the-mohicans-a-narrative-of-1757,1,,server-3,1,1,4,13.247,5.729,2.264
combined-lc-lrt-cache-off-warm100,130,3,7.1923,6.351,20.402,26.753,you,the-return-of-sherlock-holmes-108,1,,server-2,0,2,4,13.153,5.729,4.455
combined-lc-lrt-cache-off-warm100,130,3,7.2000,1.713,57.936,59.649,letter,the-adventures-of-sherlock-holmes,1,,server-2,0,2,4,13.153,4.667,5.943
combined-lc-lrt-cache-off-warm100,130,3,7.2077,11.211,44.228,55.440,castle,the-innocents-abroad,1,,server-2,0,3,4,13.153,3.120,5.943
combined-lc-lrt-cache-off-warm100,130,3,7.2154,1.411,24.681,26.092,night,mary-barton,1,,server-1,1,3,4,13.153,5.639,13.011
combined-lc-lrt-cache-off-warm100,130,3,7.2231,18.939,22.985,41.924,whale,tess-of-the-d-urbervilles-a-pure-woman,1,,server-1,2,2,2,6.808,4.925,13.701
combined-lc-lrt-cache-off-warm100,130,3,7.2308,33.074,43.074,76.148,king,the-song-of-the-lark,1,,server-2,2,3,1,6.808,4.925,12.765
combined-lc-lrt-cache-off-warm100,130,3,7.2385,26.196,44.563,70.759,castle,wuthering-heights,1,,server-2,2,4,1,6.808,4.925,12.765
combined-lc-lrt-cache-off-warm100,130,3,7.2462,19.533,11.761,31.294,horse,his-last-bow,1,,server-1,2,4,1,6.062,4.925,12.765
combined-lc-lrt-cache-off-warm100,130,3,7.2538,1.158,12.437,13.595,night,northanger-abbey,1,,server-3,2,4,1,6.062,4.925,11.627
combined-lc-lrt-cache-off-warm100,130,3,7.2615,7.833,19.637,27.470,you,the-house-of-the-seven-gables,1,,server-3,2,4,2,6.062,12.704,6.017
combined-lc-lrt-cache-off-warm100,130,3,7.2692,3.036,29.805,32.841,letter,myths-and-legends-of-ancient-greece-and-rome,1,,server-3,1,2,2,6.251,6.446,3.601
combined-lc-lrt-cache-off-warm100,130,3,7.2769,13.091,39.870,52.961,king,the-moonstone,1,,server-3,1,2,3,6.251,6.446,2.024
combined-lc-lrt-cache-off-warm100,130,3,7.2846,1.181,27.598,28.779,he,little-women,1,,server-1,1,2,3,5.833,6.446,2.024
combined-lc-lrt-cache-off-warm100,130,3,7.2923,21.686,13.823,35.509,she,his-last-bow,1,,server-1,2,2,2,3.053,6.446,3.535
combined-lc-lrt-cache-off-warm100,130,3,7.3000,14.624,51.462,66.086,she,the-mystery-of-edwin-drood,1,,server-1,3,2,2,3.053,6.446,3.535
combined-lc-lrt-cache-off-warm100,130,3,7.3077,7.198,48.450,55.648,love,the-adventures-of-ferdinand-count-fathom-complete,1,,server-1,4,2,1,3.053,13.523,7.099
combined-lc-lrt-cache-off-warm100,130,3,7.3154,1.373,17.975,19.348,and,the-return-of-sherlock-holmes,1,,server-2,3,1,1,4.111,12.947,7.099
combined-lc-lrt-cache-off-warm100,130,3,7.3231,40.736,23.867,64.603,the,the-jungle,1,,server-1,4,1,1,2.995,6.702,7.099
combined-lc-lrt-cache-off-warm100,130,3,7.3308,1.301,26.868,28.169,night,jane-eyre-an-autobiography,1,,server-3,4,1,1,3.904,6.702,10.850
combined-lc-lrt-cache-off-warm100,130,3,7.3385,1.409,27.184,28.594,she,oliver-twist,1,,server-2,4,1,1,3.904,7.109,5.658
combined-lc-lrt-cache-off-warm100,130,3,7.3462,21.045,15.686,36.731,king,the-adventures-of-sherlock-holmes,1,,server-2,4,2,1,3.904,3.704,5.658
combined-lc-lrt-cache-off-warm100,130,3,7.3538,13.702,23.522,37.224,she,the-war-of-the-worlds,1,,server-2,4,3,1,3.904,3.704,5.658
combined-lc-lrt-cache-off-warm100,130,3,7.3615,1.393,13.159,14.552,sea,the-secret-garden,1,,server-3,4,3,1,3.904,3.704,7.830
combined-lc-lrt-cache-off-warm100,130,3,7.3692,7.174,14.837,22.010,castle,the-mystery-of-edwin-drood,1,,server-3,1,2,2,12.840,3.805,4.097
combined-lc-lrt-cache-off-warm100,130,3,7.3769,1.367,44.226,45.593,sea,desperate-remedies,1,,server-3,1,2,2,12.840,3.805,3.202
combined-lc-lrt-cache-off-warm100,130,3,7.3846,7.635,64.721,72.356,of,the-mysterious-island,1,,server-3,1,2,3,12.840,4.962,1.743
combined-lc-lrt-cache-off-warm100,130,3,7.3923,1.193,11.468,12.661,king,the-hound-of-the-baskervilles-3070,1,,server-2,0,1,2,11.621,6.886,2.862
combined-lc-lrt-cache-off-warm100,130,3,7.4000,5.654,15.171,20.825,letter,the-first-men-in-the-moon,1,,server-2,0,2,2,11.621,3.599,2.862
combined-lc-lrt-cache-off-warm100,130,3,7.4077,13.940,15.934,29.874,you,persuasion,1,,server-2,0,2,2,11.621,2.617,2.862
combined-lc-lrt-cache-off-warm100,130,3,7.4154,6.391,30.438,36.829,and,the-return-of-sherlock-holmes,1,,server-2,0,3,2,11.621,2.617,2.862
combined-lc-lrt-cache-off-warm100,130,3,7.4231,14.687,39.910,54.597,whale,dubliners,1,,server-2,0,3,1,11.621,2.235,8.847
combined-lc-lrt-cache-off-warm100,130,3,7.4308,21.742,25.376,47.118,london,a-princess-of-mars,1,,server-2,0,4,1,11.621,1.960,8.847
combined-lc-lrt-cache-off-warm100,130,3,7.4385,1.305,23.511,24.816,was,oliver-twist,1,,server-1,1,3,1,11.621,5.278,8.847
combined-lc-lrt-cache-off-warm100,130,3,7.4462,17.403,13.450,30.853,king,the-mysterious-affair-at-styles,1,,server-1,2,3,1,6.023,5.278,8.847
combined-lc-lrt-cache-off-warm100,130,3,7.4538,4.093,14.132,18.225,and,the-war-of-the-worlds,1,,server-3,2,2,2,6.023,7.588,8.847
combined-lc-lrt-cache-off-warm100,130,3,7.4615,11.180,23.872,35.052,money,memoirs-of-fanny-hill,1,,server-3,2,2,2,6.023,7.588,8.497
combined-lc-lrt-cache-off-warm100,130,3,7.4692,8.142,30.089,38.231,he,mary-barton,1,,server-1,2,2,2,5.749,7.588,8.497
combined-lc-lrt-cache-off-warm100,130,3,7.4769,21.012,24.682,45.694,whale,desperate-remedies,1,,server-3,2,2,2,4.901,7.588,5.013
combined-lc-lrt-cache-off-warm100,130,3,7.4846,23.432,10.482,33.914,whale,black-beauty,1,,server-1,2,0,2,3.967,8.844,5.013
combined-lc-lrt-cache-off-warm100,130,3,7.4923,1.720,17.024,18.744,she,frankenstein-or-the-modern-prometheus-41445,1,,server-2,2,1,2,3.967,8.844,5.013
combined-lc-lrt-cache-off-warm100,130,3,7.5000,11.174,30.533,41.706,sea,the-moonstone,1,,server-2,2,2,1,3.967,4.634,6.019
combined-lc-lrt-cache-off-warm100,130,3,7.5077,15.387,22.621,38.007,he,pride-and-prejudice,1,,server-3,2,2,2,7.611,4.634,6.019
combined-lc-lrt-cache-off-warm100,130,3,7.5154,26.369,9.711,36.080,castle,herland,1,,server-2,1,2,2,6.121,4.129,6.019
combined-lc-lrt-cache-off-warm100,130,3,7.5231,1.229,15.839,17.068,sea,dubliners,1,,server-1,1,2,1,5.469,4.129,5.435
combined-lc-lrt-cache-off-warm100,130,3,7.5308,10.388,37.361,47.750,love,hard-times,1,,server-1,2,2,1,2.866,4.129,5.435
combined-lc-lrt-cache-off-warm100,130,3,7.5385,2.497,22.804,25.301,letter,the-last-of-the-mohicans-a-narrative-of-1757,1,,server-1,3,2,1,2.866,7.611,5.435
combined-lc-lrt-cache-off-warm100,130,3,7.5462,30.901,23.980,54.881,of,mary-barton,1,,server-1,3,1,0,1.817,6.675,7.024
combined-lc-lrt-cache-off-warm100,130,3,7.5538,1.124,18.752,19.876,sea,grimms-fairy-tales,1,,server-2,3,1,0,1.817,5.720,7.024
combined-lc-lrt-cache-off-warm100,130,3,7.5615,12.776,12.563,25.340,you,washington-square,1,,server-2,3,2,0,1.817,2.998,7.024
combined-lc-lrt-cache-off-warm100,130,3,7.5692,1.470,26.647,28.117,the,emma,1,,server-3,2,2,1,6.498,2.998,7.024
combined-lc-lrt-cache-off-warm100,130,3,7.5769,21.106,27.525,48.631,heart,mary-barton,1,,server-3,2,1,2,7.678,3.760,3.664
combined-lc-lrt-cache-off-warm100,130,3,7.5846,3.027,12.500,15.527,death,the-lost-world,1,,server-2,1,2,2,8.811,3.760,3.664
combined-lc-lrt-cache-off-warm100,130,3,7.5923,8.116,22.019,30.135,he,far-from-the-madding-crowd,1,,server-2,1,2,2,8.811,2.426,3.664
combined-lc-lrt-cache-off-warm100,130,3,7.6000,23.234,17.398,40.632,was,persuasion,1,,server-3,1,2,2,8.811,4.831,5.471
combined-lc-lrt-cache-off-warm100,130,3,7.6077,15.359,24.726,40.085,and,the-works-of-edgar-allan-poe-volume-2,1,,server-2,0,2,2,9.208,2.532,4.506
combined-lc-lrt-cache-off-warm100,130,3,7.6154,8.511,39.695,48.206,she,a-connecticut-yankee-in-king-arthur-s-court,1,,server-2,0,3,2,9.208,2.532,4.506
combined-lc-lrt-cache-off-warm100,130,3,7.6231,1.375,8.867,10.242,love,the-kama-sutra-of-vatsyayana,1,,server-1,1,2,2,9.208,4.380,7.873
combined-lc-lrt-cache-off-warm100,130,3,7.6308,32.984,20.940,53.924,horse,jude-the-obscure,1,,server-2,1,3,1,4.819,2.992,7.878
combined-lc-lrt-cache-off-warm100,130,3,7.6385,1.126,33.721,34.847,and,villette,1,,server-1,1,3,1,4.420,2.992,7.878
combined-lc-lrt-cache-off-warm100,130,3,7.6462,27.470,59.420,86.890,of,mary-barton,1,,server-1,2,3,0,2.332,2.992,7.425
combined-lc-lrt-cache-off-warm100,130,3,7.6538,19.840,59.205,79.045,london,mary-barton,1,,server-1,3,3,0,2.332,7.197,7.425
combined-lc-lrt-cache-off-warm100,130,3,7.6615,1.273,12.888,14.161,whale,the-warden,1,,server-3,3,3,1,2.332,12.210,7.425
combined-lc-lrt-cache-off-warm100,130,3,7.6692,7.047,20.723,27.770,you,the-adventures-of-sherlock-holmes,1,,server-3,3,1,2,2.332,9.233,3.874
combined-lc-lrt-cache-off-warm100,130,3,7.6769,1.686,28.909,30.595,you,around-the-world-in-eighty-days,1,,server-3,2,1,2,4.783,9.233,3.118
combined-lc-lrt-cache-off-warm100,130,3,7.6846,22.774,33.035,55.810,horse,the-scarlet-letter,1,,server-3,2,1,3,4.783,11.481,1.779
combined-lc-lrt-cache-off-warm100,130,3,7.6923,13.754,34.211,47.966,death,the-jungle,1,,server-3,2,0,4,4.783,9.230,1.779
combined-lc-lrt-cache-off-warm100,130,3,7.7000,1.332,23.416,24.748,death,the-works-of-edgar-allan-poe-volume-2,1,,server-2,2,1,4,4.783,9.230,4.363
combined-lc-lrt-cache-off-warm100,130,3,7.7077,17.282,33.387,50.669,sea,the-first-men-in-the-moon,1,,server-2,2,2,3,4.783,4.787,6.405
combined-lc-lrt-cache-off-warm100,130,3,7.7154,18.388,13.003,31.391,was,autobiography-of-benjamin-franklin,1,,server-1,3,2,2,4.783,4.787,5.293
combined-lc-lrt-cache-off-warm100,130,3,7.7231,4.236,32.890,37.126,castle,the-house-of-the-seven-gables,1,,server-2,3,3,2,4.783,4.787,5.293
combined-lc-lrt-cache-off-warm100,130,3,7.7308,29.633,36.440,66.073,letter,leaves-of-grass,1,,server-2,3,3,2,4.783,2.831,5.293
combined-lc-lrt-cache-off-warm100,130,3,7.7385,22.758,35.742,58.501,and,the-hound-of-the-baskervilles-3070,1,,server-2,1,4,2,10.158,2.831,5.293
combined-lc-lrt-cache-off-warm100,130,3,7.7462,1.326,9.337,10.663,sea,the-hound-of-the-baskervilles-3070,1,,server-3,1,4,1,10.158,2.831,9.657
combined-lc-lrt-cache-off-warm100,130,3,7.7538,1.244,15.418,16.662,horse,meditations,1,,server-1,1,4,1,8.548,2.831,5.006
combined-lc-lrt-cache-off-warm100,130,3,7.7615,1.787,13.300,15.087,was,the-lost-world,1,,server-3,1,2,1,4.442,7.317,4.655
combined-lc-lrt-cache-off-warm100,130,3,7.7692,8.338,11.073,19.411,castle,poirot-investigates,1,,server-3,1,2,2,4.442,6.027,2.464
combined-lc-lrt-cache-off-warm100,130,3,7.7769,1.688,27.315,29.003,money,the-mysterious-island,1,,server-1,1,2,2,5.264,6.027,4.007
combined-lc-lrt-cache-off-warm100,130,3,7.7846,4.618,22.609,27.227,letter,life-on-the-mississippi,1,,server-3,1,2,2,2.762,6.027,2.634
combined-lc-lrt-cache-off-warm100,130,3,7.7923,20.245,19.360,39.605,the,the-hound-of-the-baskervilles-3070,1,,server-3,1,2,2,2.762,6.027,2.123
combined-lc-lrt-cache-off-warm100,130,3,7.8000,6.373,11.776,18.149,letter,the-adventures-of-tom-sawyer-complete,1,,server-1,2,0,2,2.762,10.574,2.123
combined-lc-lrt-cache-off-warm100,130,3,7.8077,5.057,17.784,22.840,letter,the-mysterious-affair-at-styles,1,,server-3,1,0,3,3.699,10.574,2.123
combined-lc-lrt-cache-off-warm100,130,3,7.8154,3.117,13.090,16.207,london,persuasion,1,,server-1,2,0,2,3.699,10.574,2.643
combined-lc-lrt-cache-off-warm100,130,3,7.8231,9.258,13.711,22.969,was,the-mysterious-affair-at-styles,1,,server-1,2,0,2,2.399,10.574,2.643
combined-lc-lrt-cache-off-warm100,130,3,7.8308,1.796,41.273,43.069,sea,the-song-of-the-lark,1,,server-1,3,0,2,2.399,10.574,5.574
combined-lc-lrt-cache-off-warm100,130,3,7.8385,35.853,17.592,53.445,he,hard-times,1,,server-1,3,0,0,1.530,10.574,5.502
combined-lc-lrt-cache-off-warm100,130,3,7.8462,1.340,16.157,17.497,she,northanger-abbey,1,,server-3,3,0,1,3.827,10.574,5.502
combined-lc-lrt-cache-off-warm100,130,3,7.8538,10.258,47.922,58.181,the,the-mysterious-island,1,,server-3,2,0,2,3.909,10.574,2.884
combined-lc-lrt-cache-off-warm100,130,3,7.8615,3.183,22.608,25.791,king,dubliners,1,,server-3,2,0,3,3.909,10.574,2.884
combined-lc-lrt-cache-off-warm100,130,3,7.8692,44.426,36.450,80.876,you,the-king-in-yellow,1,,server-3,2,0,3,3.909,10.574,1.986
combined-lc-lrt-cache-off-warm100,130,3,7.8769,36.601,36.865,73.466,king,treasure-island,1,,server-3,1,0,4,9.200,10.574,1.986
combined-lc-lrt-cache-off-warm100,130,3,7.8846,28.295,17.391,45.686,you,the-mystery-of-edwin-drood,1,,server-3,1,0,5,9.200,10.574,1.986
combined-lc-lrt-cache-off-warm100,130,3,7.8923,1.497,12.513,14.010,letter,around-the-world-in-eighty-days,1,,server-1,1,0,5,8.626,10.574,5.934
combined-lc-lrt-cache-off-warm100,130,3,7.9000,6.082,15.563,21.645,letter,the-return-of-sherlock-holmes,1,,server-1,2,0,5,4.477,10.574,5.934
combined-lc-lrt-cache-off-warm100,130,3,7.9077,14.733,40.490,55.223,king,pride-and-prejudice,1,,server-1,2,0,5,2.901,10.574,5.934
combined-lc-lrt-cache-off-warm100,130,3,7.9154,7.115,21.288,28.403,horse,leaves-of-grass,1,,server-1,3,0,3,2.901,10.574,8.497
combined-lc-lrt-cache-off-warm100,130,3,7.9231,40.284,22.785,63.069,house,the-adventures-of-ferdinand-count-fathom-complete,1,,server-1,3,0,3,2.397,10.574,8.497
combined-lc-lrt-cache-off-warm100,130,3,7.9308,32.949,43.592,76.541,was,mansfield-park,1,,server-1,4,0,3,2.397,10.574,10.183
combined-lc-lrt-cache-off-warm100,130,3,7.9385,1.294,18.196,19.489,was,the-divine-comedy,1,,server-2,4,1,3,2.397,10.574,10.183
combined-lc-lrt-cache-off-warm100,130,3,7.9462,12.452,16.297,28.750,letter,the-adventures-of-sherlock-holmes,1,,server-2,4,2,3,6.096,5.490,10.183
combined-lc-lrt-cache-off-warm100,130,3,7.9538,1.207,12.852,14.058,he,persuasion,1,,server-3,4,2,1,6.096,5.490,12.952
combined-lc-lrt-cache-off-warm100,130,3,7.9615,14.056,18.185,32.241,and,a-journey-to-the-centre-of-the-earth,1,,server-2,4,2,1,12.284,4.508,6.688
combined-lc-lrt-cache-off-warm100,130,3,7.9692,1.158,36.285,37.443,whale,the-iliad,1,,server-3,2,2,1,8.544,4.508,6.275
combined-lc-lrt-cache-off-warm100,130,3,7.9769,30.935,18.094,49.029,and,beyond-good-and-evil,1,,server-3,2,1,2,8.544,4.166,3.273
combined-lc-lrt-cache-off-warm100,130,3,7.9846,10.222,13.942,24.164,whale,the-adventures-of-tom-sawyer-complete,1,,server-2,2,2,2,8.544,4.166,3.273
combined-lc-lrt-cache-off-warm100,130,3,7.9923,15.229,33.019,48.248,was,leaves-of-grass,1,,server-3,1,2,3,9.112,4.166,3.273
combined-lc-lrt-cache-off-warm100,130,3,8.0000,9.520,28.550,38.070,money,a-journey-to-the-centre-of-the-earth,1,,server-2,1,2,3,9.112,4.073,3.273
combined-lc-lrt-cache-off-warm100,130,3,8.0077,1.660,29.305,30.965,whale,his-last-bow,1,,server-2,0,3,2,12.677,4.073,4.557
combined-lc-lrt-cache-off-warm100,130,3,8.0154,22.564,17.140,39.705,whale,a-princess-of-mars,1,,server-2,0,3,2,12.677,1.807,4.557
combined-lc-lrt-cache-off-warm100,130,3,8.0231,15.613,33.878,49.491,and,far-from-the-madding-crowd,1,,server-2,0,4,2,12.677,1.807,4.557
combined-lc-lrt-cache-off-warm100,130,3,8.0308,9.315,49.623,58.937,sea,the-return-of-sherlock-holmes-108,1,,server-2,0,5,2,12.677,1.807,7.167
combined-lc-lrt-cache-off-warm100,130,3,8.0385,1.488,22.303,23.791,castle,the-american,1,,server-1,1,5,2,12.677,7.130,7.167
combined-lc-lrt-cache-off-warm100,130,3,8.0462,2.383,15.992,18.375,she,myths-and-legends-of-ancient-greece-and-rome,1,,server-3,1,3,1,6.606,3.409,10.666
combined-lc-lrt-cache-off-warm100,130,3,8.0538,11.856,17.898,29.753,money,pride-and-prejudice,1,,server-3,1,3,2,6.606,3.409,5.575
combined-lc-lrt-cache-off-warm100,130,3,8.0615,1.684,25.475,27.158,castle,the-tenant-of-wildfell-hall,1,,server-1,2,3,2,6.606,6.048,5.575
combined-lc-lrt-cache-off-warm100,130,3,8.0692,20.165,17.684,37.848,sea,the-memoirs-of-sherlock-holmes,1,,server-1,2,3,1,4.080,6.048,4.453
combined-lc-lrt-cache-off-warm100,130,3,8.0769,7.367,18.333,25.700,sea,the-mystery-of-edwin-drood,1,,server-3,2,1,2,4.080,10.353,4.453
combined-lc-lrt-cache-off-warm100,130,3,8.0846,2.101,38.200,40.301,horse,jude-the-obscure,1,,server-3,2,1,2,4.080,10.353,3.544
combined-lc-lrt-cache-off-warm100,130,3,8.0923,10.600,35.141,45.741,love,cranford,1,,server-3,1,0,3,5.323,14.337,2.083
combined-lc-lrt-cache-off-warm100,130,3,8.1000,7.614,20.513,28.127,of,desperate-remedies,1,,server-1,2,0,3,5.323,14.337,2.900
combined-lc-lrt-cache-off-warm100,130,3,8.1077,2.007,42.740,44.747,horse,meditations,1,,server-1,2,0,2,3.867,14.337,3.560
combined-lc-lrt-cache-off-warm100,130,3,8.1154,13.184,13.932,27.116,he,autobiography-of-benjamin-franklin,1,,server-1,3,0,2,2.588,14.337,3.560
combined-lc-lrt-cache-off-warm100,130,3,8.1231,5.787,44.800,50.587,london,mary-barton,1,,server-1,4,0,2,2.588,14.337,3.560
combined-lc-lrt-cache-off-warm100,130,3,8.1308,21.797,32.643,54.440,of,the-secret-adversary,1,,server-1,4,0,2,3.178,14.337,8.305
combined-lc-lrt-cache-off-warm100,130,3,8.1385,1.617,21.158,22.775,night,a-tale-of-two-cities,1,,server-3,4,0,1,2.686,14.337,10.776
combined-lc-lrt-cache-off-warm100,130,3,8.1462,15.228,16.152,31.380,heart,the-scarlet-letter,1,,server-3,4,0,2,4.818,14.337,5.588
combined-lc-lrt-cache-off-warm100,130,3,8.1538,1.366,18.804,20.169,king,madame-bovary,1,,server-2,2,1,2,6.980,14.337,5.588
combined-lc-lrt-cache-off-warm100,130,3,8.1615,12.936,12.841,25.777,death,frankenstein-or-the-modern-prometheus,1,,server-2,2,2,2,6.980,7.424,5.270
combined-lc-lrt-cache-off-warm100,130,3,8.1692,8.880,13.824,22.704,love,dubliners,1,,server-3,2,2,2,6.980,7.424,5.270
combined-lc-lrt-cache-off-warm100,130,3,8.1769,10.938,15.503,26.441,death,around-the-world-in-eighty-days,1,,server-2,1,2,2,11.367,5.153,5.270
combined-lc-lrt-cache-off-warm100,130,3,8.1846,7.864,16.948,24.812,you,the-jungle-book,1,,server-3,1,2,2,11.367,5.153,3.829
combined-lc-lrt-cache-off-warm100,130,3,8.1923,3.138,33.717,36.855,house,poirot-investigates,1,,server-3,0,1,2,12.430,3.777,3.108
combined-lc-lrt-cache-off-warm100,130,3,8.2000,11.137,43.207,54.344,night,the-scarlet-letter,1,,server-3,0,1,3,12.430,3.777,2.356
combined-lc-lrt-cache-off-warm100,130,3,8.2077,1.830,20.988,22.818,letter,herland,1,,server-2,0,1,3,12.430,4.852,2.356
combined-lc-lrt-cache-off-warm100,130,3,8.2154,16.584,27.098,43.681,night,madame-bovary,1,,server-2,0,2,2,12.430,2.585,4.091
combined-lc-lrt-cache-off-warm100,130,3,8.2231,9.551,47.463,57.015,horse,far-from-the-madding-crowd,1,,server-2,0,3,2,12.430,2.585,4.091
combined-lc-lrt-cache-off-warm100,130,3,8.2308,23.907,12.825,36.732,the,the-picture-of-dorian-gray,1,,server-3,0,3,2,12.430,5.315,5.994
combined-lc-lrt-cache-off-warm100,130,3,8.2385,39.336,25.958,65.294,letter,the-great-gatsby,1,,server-2,0,3,2,12.430,2.931,5.994
combined-lc-lrt-cache-off-warm100,130,3,8.2462,31.220,26.273,57.493,castle,the-scarlet-letter-33,1,,server-2,0,4,2,12.430,2.931,5.994
combined-lc-lrt-cache-off-warm100,130,3,8.2538,1.444,18.485,19.929,the,the-return-of-sherlock-holmes,1,,server-1,1,4,2,12.430,2.931,5.994
combined-lc-lrt-cache-off-warm100,130,3,8.2615,12.942,35.660,48.602,was,the-mysterious-island,1,,server-1,2,4,1,6.446,7.621,7.733
combined-lc-lrt-cache-off-warm100,130,3,8.2692,1.412,22.380,23.791,was,desperate-remedies,1,,server-3,2,4,1,6.446,7.621,6.945
combined-lc-lrt-cache-off-warm100,130,3,8.2769,16.979,35.662,52.641,house,mary-barton,1,,server-3,1,3,2,4.832,14.671,3.637
combined-lc-lrt-cache-off-warm100,130,3,8.2846,25.666,15.271,40.937,he,the-age-of-innocence,1,,server-1,2,2,2,4.832,11.542,3.637
combined-lc-lrt-cache-off-warm100,130,3,8.2923,1.878,32.210,34.088,you,around-the-world-in-eighty-days,1,,server-3,2,2,3,4.832,11.542,3.637
combined-lc-lrt-cache-off-warm100,130,3,8.3000,27.136,45.324,72.459,he,the-vicomte-de-bragelonne,1,,server-3,2,2,3,4.832,11.542,2.470
combined-lc-lrt-cache-off-warm100,130,3,8.3077,19.279,42.484,61.763,house,silas-marner,1,,server-3,2,0,4,7.804,10.332,2.470
combined-lc-lrt-cache-off-warm100,130,3,8.3154,1.287,17.963,19.249,death,the-portrait-of-a-lady-volume-1,1,,server-2,1,1,4,7.493,10.332,2.470
combined-lc-lrt-cache-off-warm100,130,3,8.3231,12.609,15.823,28.432,horse,the-mystery-of-edwin-drood,1,,server-2,1,2,4,7.493,5.360,2.470
combined-lc-lrt-cache-off-warm100,130,3,8.3308,1.251,14.898,16.150,was,white-fang,1,,server-1,1,2,3,7.200,5.360,7.632
combined-lc-lrt-cache-off-warm100,130,3,8.3385,8.924,10.565,19.490,whale,herland,1,,server-1,2,1,2,3.771,4.707,7.632
combined-lc-lrt-cache-off-warm100,130,3,8.3462,5.912,25.845,31.757,king,the-romance-of-lust-a-classic-victorian-erotic-novel,1,,server-2,2,2,2,3.771,4.707,7.632
combined-lc-lrt-cache-off-warm100,130,3,8.3538,4.507,29.488,33.995,sea,the-vicomte-de-bragelonne,1,,server-1,2,1,2,3.286,3.339,7.632
combined-lc-lrt-cache-off-warm100,130,3,8.3615,27.071,27.000,54.071,house,adventures-of-huckleberry-finn,1,,server-1,2,1,2,2.307,3.339,7.632
combined-lc-lrt-cache-off-warm100,130,3,8.3692,9.346,26.485,35.831,house,the-song-of-the-lark,1,,server-2,2,2,2,2.307,3.339,13.953
combined-lc-lrt-cache-off-warm100,130,3,8.3769,11.938,36.981,48.919,house,silas-marner,1,,server-1,3,2,0,2.307,3.339,13.103
combined-lc-lrt-cache-off-warm100,130,3,8.3846,20.637,22.881,43.518,love,walden-and-on-the-duty-of-civil-disobedience,1,,server-2,3,2,0,2.307,4.088,13.103
combined-lc-lrt-cache-off-warm100,130,3,8.3923,24.106,38.886,62.992,money,the-american,1,,server-1,3,2,0,3.741,4.088,13.103
combined-lc-lrt-cache-off-warm100,130,3,8.4000,5.533,45.711,51.245,of,life-on-the-mississippi,1,,server-2,3,3,0,3.741,4.088,13.103
combined-lc-lrt-cache-off-warm100,130,3,8.4077,18.689,38.576,57.265,whale,meditations,1,,server-2,3,3,0,3.741,3.361,13.103
combined-lc-lrt-cache-off-warm100,130,3,8.4154,36.773,40.612,77.385,he,the-iliad-2199,1,,server-2,3,4,0,11.003,2.766,13.103
combined-lc-lrt-cache-off-warm100,130,3,8.4231,1.691,13.029,14.720,was,the-wind-in-the-willows,1,,server-3,2,4,1,7.231,2.766,13.103
combined-lc-lrt-cache-off-warm100,130,3,8.4308,7.743,24.341,32.084,house,desperate-remedies,1,,server-3,1,4,2,10.561,8.997,6.821
combined-lc-lrt-cache-off-warm100,130,3,8.4385,2.525,40.818,43.343,was,the-return-of-sherlock-holmes-108,1,,server-3,1,4,2,10.561,8.997,4.015
combined-lc-lrt-cache-off-warm100,130,3,8.4462,33.628,17.996,51.624,love,twenty-thousand-leagues-under-the-sea,1,,server-3,1,4,3,10.561,8.997,2.356
combined-lc-lrt-cache-off-warm100,130,3,8.4538,29.431,33.492,62.924,he,memoirs-of-fanny-hill,1,,server-3,1,2,4,10.561,12.242,2.356
combined-lc-lrt-cache-off-warm100,130,3,8.4615,1.596,24.376,25.972,the,sense-and-sensibility,1,,server-1,1,2,4,11.691,12.242,2.356
combined-lc-lrt-cache-off-warm100,130,3,8.4692,18.004,11.817,29.821,the,the-hound-of-the-baskervilles-3070,1,,server-1,2,2,4,6.065,12.368,8.519
combined-lc-lrt-cache-off-warm100,130,3,8.4769,11.560,37.844,49.404,of,poirot-investigates,1,,server-1,3,2,4,6.065,12.368,8.519
combined-lc-lrt-cache-off-warm100,130,3,8.4846,4.077,39.351,43.428,was,the-works-of-edgar-allan-poe-volume-2,1,,server-1,4,2,2,6.065,12.368,10.112
combined-lc-lrt-cache-off-warm100,130,3,8.4923,36.623,11.734,48.357,you,around-the-world-in-eighty-days,1,,server-1,4,2,2,2.127,19.718,10.112
combined-lc-lrt-cache-off-warm100,130,3,8.5000,1.317,10.473,11.790,london,the-wind-in-the-willows,1,,server-2,4,1,1,3.865,15.803,9.045
combined-lc-lrt-cache-off-warm100,130,3,8.5077,4.748,20.205,24.953,money,desperate-remedies,1,,server-2,4,2,1,3.865,8.144,9.045
combined-lc-lrt-cache-off-warm100,130,3,8.5154,17.922,13.824,31.746,money,washington-square,1,,server-2,4,2,1,5.088,3.934,9.045
combined-lc-lrt-cache-off-warm100,130,3,8.5231,1.558,30.745,32.303,you,the-iliad,1,,server-3,4,2,1,5.088,3.934,11.099
combined-lc-lrt-cache-off-warm100,130,3,8.5308,25.237,21.878,47.116,whale,grimms-fairy-tales,1,,server-3,1,2,2,10.216,3.934,5.747
combined-lc-lrt-cache-off-warm100,130,3,8.5385,9.148,12.501,21.650,death,autobiography-of-benjamin-franklin,1,,server-2,1,2,2,10.216,4.700,5.747
combined-lc-lrt-cache-off-warm100,130,3,8.5462,1.091,16.125,17.215,love,frankenstein-or-the-modern-prometheus,1,,server-1,1,2,2,8.367,4.700,5.747
combined-lc-lrt-cache-off-warm100,130,3,8.5538,6.944,12.764,19.708,whale,kidnapped,1,,server-2,1,2,2,4.364,3.660,5.747
combined-lc-lrt-cache-off-warm100,130,3,8.5615,1.117,24.787,25.905,the,the-secret-garden-17396,1,,server-2,1,2,1,4.364,2.787,6.933
combined-lc-lrt-cache-off-warm100,130,3,8.5692,5.003,35.432,40.435,whale,the-adventures-of-ferdinand-count-fathom-complete,1,,server-2,0,3,1,5.290,1.520,6.933
combined-lc-lrt-cache-off-warm100,130,3,8.5769,1.498,17.121,18.619,you,kidnapped,1,,server-1,1,2,1,5.290,2.216,6.933
combined-lc-lrt-cache-off-warm100,130,3,8.5846,11.220,25.122,36.342,london,oliver-twist,1,,server-1,2,2,0,2.785,2.216,7.881
combined-lc-lrt-cache-off-warm100,130,3,8.5923,1.240,15.806,17.045,money,the-mystery-of-edwin-drood,1,,server-3,2,2,1,2.785,5.308,7.881
combined-lc-lrt-cache-off-warm100,130,3,8.6000,21.326,21.152,42.478,london,pride-and-prejudice,1,,server-1,2,2,1,3.609,5.308,4.108
combined-lc-lrt-cache-off-warm100,130,3,8.6077,2.363,17.054,19.417,night,adventures-of-huckleberry-finn,1,,server-3,2,1,2,3.609,5.308,4.108
combined-lc-lrt-cache-off-warm100,130,3,8.6154,12.241,22.972,35.213,was,memoirs-of-fanny-hill,1,,server-3,2,0,2,3.609,8.959,2.781
combined-lc-lrt-cache-off-warm100,130,3,8.6231,4.880,42.307,47.186,of,the-song-of-the-lark,1,,server-3,1,0,3,5.300,8.959,2.781
combined-lc-lrt-cache-off-warm100,130,3,8.6308,40.142,28.309,68.450,house,the-moonstone,1,,server-3,1,0,3,5.300,8.959,2.298
combined-lc-lrt-cache-off-warm100,130,3,8.6385,1.245,11.675,12.920,king,the-king-in-yellow,1,,server-2,1,1,3,5.300,8.959,2.298
combined-lc-lrt-cache-off-warm100,130,3,8.6462,1.111,18.510,19.621,heart,the-age-of-innocence,1,,server-1,1,1,3,6.723,4.659,2.298
combined-lc-lrt-cache-off-warm100,130,3,8.6538,1.202,11.881,13.083,house,frankenstein-or-the-modern-prometheus,1,,server-2,1,1,3,3.505,4.814,6.343
combined-lc-lrt-cache-off-warm100,130,3,8.6615,5.889,22.139,28.027,house,leaves-of-grass,1,,server-2,1,2,3,3.505,2.522,6.343
combined-lc-lrt-cache-off-warm100,130,3,8.6692,1.113,30.585,31.698,the,cranford,1,,server-2,0,2,3,5.189,2.328,8.500
combined-lc-lrt-cache-off-warm100,130,3,8.6769,13.700,34.542,48.242,heart,dracula,1,,server-2,0,3,1,5.189,1.544,11.290
combined-lc-lrt-cache-off-warm100,130,3,8.6846,1.621,28.647,30.267,money,life-on-the-mississippi,1,,server-1,1,3,1,5.189,1.544,11.290
combined-lc-lrt-cache-off-warm100,130,3,8.6923,23.105,52.636,75.742,of,the-romance-of-lust-a-classic-victorian-erotic-novel,1,,server-1,2,2,1,2.781,5.107,11.290
combined-lc-lrt-cache-off-warm100,130,3,8.7000,15.621,47.654,63.274,heart,emma,1,,server-1,3,2,0,2.781,5.107,11.739
combined-lc-lrt-cache-off-warm100,130,3,8.7077,18.024,32.308,50.332,the,the-innocents-abroad,1,,server-2,3,2,0,2.781,5.540,11.739
combined-lc-lrt-cache-off-warm100,130,3,8.7154,3.977,65.920,69.897,letter,hard-times,1,,server-1,3,2,0,3.842,5.540,11.739
combined-lc-lrt-cache-off-warm100,130,3,8.7231,46.645,29.141,75.786,london,agnes-grey,1,,server-1,4,2,0,2.764,5.540,11.739
combined-lc-lrt-cache-off-warm100,130,3,8.7308,1.587,11.472,13.060,castle,the-warden,1,,server-3,4,1,1,2.764,6.373,11.739
combined-lc-lrt-cache-off-warm100,130,3,8.7385,5.981,19.153,25.134,money,wuthering-heights,1,,server-3,4,1,2,2.764,6.373,6.090
combined-lc-lrt-cache-off-warm100,130,3,8.7462,15.157,23.833,38.990,money,the-last-of-the-mohicans-a-narrative-of-1757-27681,1,,server-3,4,1,2,2.764,6.373,3.450
combined-lc-lrt-cache-off-warm100,130,3,8.7538,10.954,43.390,54.343,night,the-house-of-mirth,1,,server-3,4,1,3,2.764,6.373,2.794
combined-lc-lrt-cache-off-warm100,130,3,8.7615,1.555,26.337,27.892,he,mary-barton,1,,server-2,4,1,3,10.151,9.193,5.022
combined-lc-lrt-cache-off-warm100,130,3,8.7692,20.901,25.717,46.619,of,memoirs-of-fanny-hill,1,,server-2,2,2,2,20.192,4.785,3.950
combined-lc-lrt-cache-off-warm100,130,3,8.7769,9.349,30.254,39.603,you,the-prince,1,,server-3,2,2,3,13.119,4.785,3.950
combined-lc-lrt-cache-off-warm100,130,3,8.7846,5.667,24.084,29.750,you,agnes-grey,1,,server-2,2,3,3,13.119,4.785,3.950
combined-lc-lrt-cache-off-warm100,130,3,8.7923,10.726,24.006,34.732,king,herland,1,,server-2,2,3,2,15.640,3.274,5.152
combined-lc-lrt-cache-off-warm100,130,3,8.8000,17.464,33.065,50.529,death,sense-and-sensibility,1,,server-2,0,4,2,14.053,2.661,5.152
combined-lc-lrt-cache-off-warm100,130,3,8.8077,1.392,14.372,15.763,and,cranford,1,,server-1,1,4,2,14.053,3.983,8.032
combined-lc-lrt-cache-off-warm100,130,3,8.8154,8.086,26.794,34.880,castle,mansfield-park,1,,server-1,2,4,1,7.268,11.873,12.001
combined-lc-lrt-cache-off-warm100,130,3,8.8231,1.329,32.080,33.409,and,the-innocents-abroad,1,,server-3,2,2,1,8.283,5.612,9.341
combined-lc-lrt-cache-off-warm100,130,3,8.8308,19.443,24.065,43.508,heart,the-tenant-of-wildfell-hall,1,,server-1,2,1,1,4.539,5.742,4.851
combined-lc-lrt-cache-off-warm100,130,3,8.8385,18.650,28.883,47.532,was,little-women,1,,server-3,2,1,2,4.539,5.742,4.851
combined-lc-lrt-cache-off-warm100,130,3,8.8462,4.750,16.018,20.768,whale,twenty-thousand-leagues-under-the-sea,1,,server-2,2,2,2,4.539,5.742,4.851
combined-lc-lrt-cache-off-warm100,130,3,8.8538,13.539,15.128,28.667,sea,the-secret-garden,1,,server-2,1,2,2,6.407,5.563,4.851
combined-lc-lrt-cache-off-warm100,130,3,8.8615,20.492,33.658,54.150,love,the-romance-of-lust-a-classic-victorian-erotic-novel,1,,server-3,1,2,2,6.407,5.563,6.019
combined-lc-lrt-cache-off-warm100,130,3,8.8692,12.144,27.391,39.536,and,jane-eyre-an-autobiography,1,,server-2,1,2,2,6.407,4.417,6.019
combined-lc-lrt-cache-off-warm100,130,3,8.8769,1.687,12.206,13.893,was,the-mysterious-affair-at-styles,1,,server-1,1,2,2,7.873,3.608,6.019
combined-lc-lrt-cache-off-warm100,130,3,8.8846,7.041,9.972,17.013,horse,black-beauty,1,,server-1,2,1,2,4.105,4.656,6.982
combined-lc-lrt-cache-off-warm100,130,3,8.8923,1.598,30.371,31.969,king,the-iliad-2199,1,,server-1,2,1,1,2.905,4.656,7.792
combined-lc-lrt-cache-off-warm100,130,3,8.9000,3.012,33.244,36.257,he,treasure-island,1,,server-1,3,1,1,1.578,4.656,7.792
combined-lc-lrt-cache-off-warm100,130,3,8.9077,17.776,48.606,66.382,king,leaves-of-grass,1,,server-1,3,1,1,1.722,4.656,7.792
combined-lc-lrt-cache-off-warm100,130,3,8.9154,10.260,27.110,37.370,you,the-scarlet-letter-33,1,,server-1,4,0,1,1.722,7.195,9.649
combined-lc-lrt-cache-off-warm100,130,3,8.9231,1.565,12.326,13.891,king,kidnapped,1,,server-2,4,1,0,1.722,7.195,9.649
combined-lc-lrt-cache-off-warm100,130,3,8.9308,6.712,18.347,25.059,the,persuasion,1,,server-2,3,2,0,5.375,3.778,9.649
combined-lc-lrt-cache-off-warm100,130,3,8.9385,1.431,34.019,35.450,money,the-secret-garden-17396,1,,server-2,2,2,0,9.159,2.855,9.649
combined-lc-lrt-cache-off-warm100,130,3,8.9462,10.791,28.228,39.019,sea,the-great-gatsby,1,,server-2,2,3,0,9.159,1.923,9.649
combined-lc-lrt-cache-off-warm100,130,3,8.9538,1.836,31.908,33.744,the,the-adventures-of-ferdinand-count-fathom-complete,1,,server-3,1,3,1,8.733,4.262,9.649
combined-lc-lrt-cache-off-warm100,130,3,8.9615,26.634,19.977,46.612,house,the-secret-garden,1,,server-3,1,2,2,8.733,4.146,5.010
combined-lc-lrt-cache-off-warm100,130,3,8.9692,5.672,25.149,30.821,night,twenty-thousand-leagues-under-the-sea,1,,server-2,1,3,2,8.733,4.146,5.010
combined-lc-lrt-cache-off-warm100,130,3,8.9769,23.709,18.088,41.797,he,the-odyssey,1,,server-2,0,3,2,11.649,3.683,5.010
combined-lc-lrt-cache-off-warm100,130,3,8.9846,1.417,26.424,27.841,london,oliver-twist,1,,server-1,1,3,2,11.649,3.683,5.010
combined-lc-lrt-cache-off-warm100,130,3,8.9923,20.146,13.903,34.049,death,white-fang,1,,server-1,2,3,1,6.026,8.273,6.849
combined-lc-lrt-cache-off-warm100,130,3,9.0000,8.656,14.775,23.430,of,the-secret-garden,1,,server-3,2,3,2,6.026,12.358,6.849
combined-lc-lrt-cache-off-warm100,130,3,9.0077,11.520,20.401,31.921,king,the-odyssey,1,,server-2,2,2,2,6.026,8.294,9.226
combined-lc-lrt-cache-off-warm100,130,3,9.0154,8.132,27.394,35.526,the,the-vicomte-de-bragelonne,1,,server-3,1,2,2,6.050,8.294,5.033
combined-lc-lrt-cache-off-warm100,130,3,9.0231,17.039,13.780,30.819,of,the-picture-of-dorian-gray,1,,server-2,1,2,2,6.050,5.273,5.892
combined-lc-lrt-cache-off-warm100,130,3,9.0308,1.219,14.192,15.411,was,the-picture-of-dorian-gray,1,,server-1,1,2,1,6.053,5.273,3.823
combined-lc-lrt-cache-off-warm100,130,3,9.0385,8.352,23.569,31.922,king,oliver-twist,1,,server-1,2,2,1,3.170,5.273,3.823
combined-lc-lrt-cache-off-warm100,130,3,9.0462,5.183,13.573,18.756,she,the-secret-garden-17396,1,,server-3,2,1,2,4.540,5.029,3.823
combined-lc-lrt-cache-off-warm100,130,3,9.0538,17.390,26.074,43.464,he,the-return-of-sherlock-holmes-108,1,,server-1,2,1,1,2.991,5.375,3.889
combined-lc-lrt-cache-off-warm100,130,3,9.0615,1.282,15.662,16.943,night,the-works-of-edgar-allan-poe-volume-2,1,,server-2,2,1,1,2.991,5.375,3.889
combined-lc-lrt-cache-off-warm100,130,3,9.0692,1.507,10.383,11.889,letter,dubliners,1,,server-3,2,1,1,2.991,2.824,4.615
combined-lc-lrt-cache-off-warm100,130,3,9.0769,4.826,19.208,24.034,you,sense-and-sensibility,1,,server-3,1,1,2,4.995,2.824,2.457
combined-lc-lrt-cache-off-warm100,130,3,9.0846,17.025,14.535,31.560,death,around-the-world-in-eighty-days,1,,server-3,1,0,2,4.995,4.272,2.027
combined-lc-lrt-cache-off-warm100,130,3,9.0923,1.283,22.934,24.216,king,wuthering-heights,1,,server-2,1,1,2,4.995,4.272,2.027
combined-lc-lrt-cache-off-warm100,130,3,9.1000,17.187,36.358,53.545,house,the-jungle,1,,server-2,0,2,2,7.280,2.265,2.027
combined-lc-lrt-cache-off-warm100,130,3,9.1077,9.856,33.311,43.167,was,the-adventures-of-tom-sawyer-complete,1,,server-2,0,3,1,7.280,2.265,3.879
combined-lc-lrt-cache-off-warm100,130,3,9.1154,1.927,17.249,19.177,money,twenty-thousand-leagues-under-the-sea,1,,server-1,1,3,1,7.280,2.265,3.879
combined-lc-lrt-cache-off-warm100,130,3,9.1231,2.297,13.664,15.961,house,around-the-world-in-eighty-days,1,,server-3,1,2,1,3.842,2.815,4.757
combined-lc-lrt-cache-off-warm100,130,3,9.1308,8.910,18.685,27.595,whale,a-journey-to-the-centre-of-the-earth,1,,server-3,1,2,2,3.842,2.815,2.532
combined-lc-lrt-cache-off-warm100,130,3,9.1385,1.259,12.855,14.114,sea,the-secret-garden,1,,server-1,1,2,2,5.166,2.815,2.532
combined-lc-lrt-cache-off-warm100,130,3,9.1462,6.703,21.454,28.157,horse,desperate-remedies,1,,server-1,2,2,1,2.704,2.815,2.765
combined-lc-lrt-cache-off-warm100,130,3,9.1538,1.662,43.213,44.875,death,dracula,1,,server-1,2,0,1,2.504,9.522,2.765
combined-lc-lrt-cache-off-warm100,130,3,9.1615,1.236,23.671,24.906,sea,the-american,1,,server-3,2,0,1,1.715,9.522,4.725
combined-lc-lrt-cache-off-warm100,130,3,9.1692,17.762,10.154,27.916,whale,the-kama-sutra-of-vatsyayana,1,,server-3,2,0,2,1.715,9.522,2.488
combined-lc-lrt-cache-off-warm100,130,3,9.1769,10.480,22.739,33.220,death,the-mystery-of-edwin-drood,1,,server-3,1,0,3,6.358,9.522,2.488
combined-lc-lrt-cache-off-warm100,130,3,9.1846,1.414,22.370,23.784,whale,far-from-the-madding-crowd,1,,server-2,1,1,3,6.358,9.522,2.488
combined-lc-lrt-cache-off-warm100,130,3,9.1923,16.304,22.609,38.914,house,anne-of-green-gables,1,,server-2,1,2,2,6.358,4.952,3.469
combined-lc-lrt-cache-off-warm100,130,3,9.2000,2.022,20.125,22.146,she,leaves-of-grass,1,,server-1,1,2,2,8.380,4.952,4.717
combined-lc-lrt-cache-off-warm100,130,3,9.2077,15.031,21.686,36.718,king,hard-times,1,,server-1,2,2,2,4.378,6.540,4.717
combined-lc-lrt-cache-off-warm100,130,3,9.2154,1.431,25.036,26.467,you,the-tenant-of-wildfell-hall,1,,server-3,2,1,1,4.378,5.249,7.253
combined-lc-lrt-cache-off-warm100,130,3,9.2231,19.448,8.010,27.458,whale,the-prince,1,,server-3,1,1,2,4.523,5.249,3.790
combined-lc-lrt-cache-off-warm100,130,3,9.2308,13.810,14.089,27.899,death,a-journey-to-the-centre-of-the-earth,1,,server-1,2,1,2,4.523,8.650,3.790
combined-lc-lrt-cache-off-warm100,130,3,9.2385,1.196,24.781,25.976,the,the-last-of-the-mohicans-a-narrative-of-1757,1,,server-2,2,1,2,4.523,6.960,3.790
combined-lc-lrt-cache-off-warm100,130,3,9.2462,18.837,33.402,52.239,death,dracula,1,,server-2,1,2,1,4.776,3.636,5.676
combined-lc-lrt-cache-off-warm100,130,3,9.2538,1.057,11.837,12.894,was,cranford,1,,server-3,1,2,1,4.776,3.636,4.877
combined-lc-lrt-cache-off-warm100,130,3,9.2615,5.878,20.137,26.014,house,the-age-of-innocence,1,,server-3,0,2,2,5.266,3.636,2.553
combined-lc-lrt-cache-off-warm100,130,3,9.2692,18.063,15.638,33.701,death,the-memoirs-of-sherlock-holmes,1,,server-3,0,1,2,5.266,5.069,2.410
combined-lc-lrt-cache-off-warm100,130,3,9.2769,1.598,21.598,23.196,horse,the-last-of-the-mohicans-a-narrative-of-1757-27681,1,,server-1,1,1,2,5.266,5.069,2.410
combined-lc-lrt-cache-off-warm100,130,3,9.2846,17.070,41.509,58.579,horse,the-adventures-of-sherlock-holmes,1,,server-1,2,1,2,2.768,5.069,4.866
combined-lc-lrt-cache-off-warm100,130,3,9.2923,8.632,39.857,48.488,he,a-tale-of-two-cities,1,,server-1,3,1,1,2.768,5.069,4.759
combined-lc-lrt-cache-off-warm100,130,3,9.3000,1.844,15.948,17.792,love,desert-gold,1,,server-2,3,1,1,5.559,8.557,4.759
combined-lc-lrt-cache-off-warm100,130,3,9.3077,1.489,18.794,20.283,heart,the-king-in-yellow,1,,server-3,2,1,1,3.717,4.441,5.496
combined-lc-lrt-cache-off-warm100,130,3,9.3154,12.786,10.050,22.836,london,washington-square,1,,server-3,2,1,2,3.717,4.441,2.881
combined-lc-lrt-cache-off-warm100,130,3,9.3231,1.442,13.491,14.933,of,silas-marner,1,,server-2,2,1,2,3.717,5.311,2.881
combined-lc-lrt-cache-off-warm100,130,3,9.3308,7.898,16.553,24.450,and,the-divine-comedy,1,,server-2,2,2,1,3.717,2.792,3.835
combined-lc-lrt-cache-off-warm100,130,3,9.3385,1.531,12.189,13.720,castle,autobiography-of-benjamin-franklin,1,,server-3,2,1,1,3.717,2.690,3.989
combined-lc-lrt-cache-off-warm100,130,3,9.3462,6.425,21.531,27.956,king,the-song-of-the-lark,1,,server-3,0,1,2,11.034,2.690,2.098
combined-lc-lrt-cache-off-warm100,130,3,9.3538,1.445,38.304,39.749,king,frankenstein-or-the-modern-prometheus-41445,1,,server-3,0,1,2,11.034,2.690,2.239
combined-lc-lrt-cache-off-warm100,130,3,9.3615,1.256,14.632,15.888,he,a-journey-to-the-centre-of-the-earth,1,,server-2,0,1,2,11.034,4.305,1.541
combined-lc-lrt-cache-off-warm100,130,3,9.3692,8.795,48.975,57.770,was,jane-eyre-an-autobiography,1,,server-2,0,2,2,11.034,2.269,1.541
combined-lc-lrt-cache-off-warm100,130,3,9.3769,1.459,44.942,46.401,of,treasure-island,1,,server-2,0,3,1,11.034,2.269,6.473
combined-lc-lrt-cache-off-warm100,130,3,9.3846,43.208,49.192,92.401,death,leaves-of-grass,1,,server-2,0,3,1,11.034,1.534,6.473
combined-lc-lrt-cache-off-warm100,130,3,9.3923,35.827,49.369,85.196,money,the-house-of-mirth,1,,server-2,0,4,1,11.034,1.534,6.473
combined-lc-lrt-cache-off-warm100,130,3,9.4000,1.392,28.840,30.232,of,the-tenant-of-wildfell-hall,1,,server-3,0,4,1,11.034,1.534,7.253
combined-lc-lrt-cache-off-warm100,130,3,9.4077,23.441,16.869,40.311,king,hard-times,1,,server-3,0,4,2,11.034,1.534,3.806
combined-lc-lrt-cache-off-warm100,130,3,9.4154,13.239,68.818,82.057,horse,emma,1,,server-2,0,5,2,11.034,1.534,3.806
combined-lc-lrt-cache-off-warm100,130,3,9.4231,1.190,12.274,13.464,and,agnes-grey,1,,server-1,1,5,2,11.034,10.140,3.806
combined-lc-lrt-cache-off-warm100,130,3,9.4308,6.765,24.182,30.947,death,a-tale-of-two-cities,1,,server-1,2,3,1,5.728,4.975,7.316
combined-lc-lrt-cache-off-warm100,130,3,9.4385,2.051,60.054,62.106,london,the-romance-of-lust-a-classic-victorian-erotic-novel,1,,server-1,2,3,1,3.400,4.975,5.866
combined-lc-lrt-cache-off-warm100,130,3,9.4462,16.236,35.138,51.375,house,beyond-good-and-evil,1,,server-1,3,3,1,2.322,4.975,5.866
combined-lc-lrt-cache-off-warm100,130,3,9.4538,1.322,16.318,17.640,horse,the-wind-in-the-willows,1,,server-3,3,3,1,2.322,4.975,6.365
combined-lc-lrt-cache-off-warm100,130,3,9.4615,10.225,30.589,40.814,whale,hard-times,1,,server-3,3,3,2,10.328,4.975,3.330
combined-lc-lrt-cache-off-warm100,130,3,9.4692,2.536,31.988,34.524,and,the-king-in-yellow,1,,server-3,2,3,3,5.388,4.975,3.330
combined-lc-lrt-cache-off-warm100,130,3,9.4769,28.106,33.165,61.271,money,the-first-men-in-the-moon,1,,server-3,2,3,3,5.388,16.492,1.831
combined-lc-lrt-cache-off-warm100,130,3,9.4846,20.375,21.794,42.169,whale,leaves-of-grass,1,,server-3,2,3,4,5.388,16.492,1.831
combined-lc-lrt-cache-off-warm100,130,3,9.4923,12.954,66.721,79.675,the,walden-and-on-the-duty-of-civil-disobedience,1,,server-3,2,3,5,5.388,16.492,1.831
combined-lc-lrt-cache-off-warm100,130,3,9.5000,5.531,45.263,50.794,london,around-the-world-in-eighty-days,1,,server-3,2,0,6,11.238,21.332,1.831
combined-lc-lrt-cache-off-warm100,130,3,9.5077,29.248,54.606,83.855,horse,desperate-remedies,1,,server-3,0,0,5,11.525,21.332,2.095
combined-lc-lrt-cache-off-warm100,130,3,9.5154,1.753,15.425,17.178,king,northanger-abbey,1,,server-1,1,0,5,11.525,21.332,2.095
combined-lc-lrt-cache-off-warm100,130,3,9.5231,10.187,23.163,33.351,was,agnes-grey,1,,server-1,2,0,5,5.992,21.332,2.095
combined-lc-lrt-cache-off-warm100,130,3,9.5308,2.675,44.628,47.303,death,desperate-remedies,1,,server-1,3,0,4,5.992,21.332,7.089
combined-lc-lrt-cache-off-warm100,130,3,9.5385,39.512,61.072,100.585,was,the-innocents-abroad,1,,server-1,3,0,4,2.319,21.332,8.140
combined-lc-lrt-cache-off-warm100,130,3,9.5462,31.542,63.447,94.988,she,northanger-abbey,1,,server-1,4,0,4,2.319,21.332,8.140
combined-lc-lrt-cache-off-warm100,130,3,9.5538,24.265,27.669,51.934,king,the-romance-of-lust-a-classic-victorian-erotic-novel,1,,server-1,5,0,3,2.319,21.332,15.477
combined-lc-lrt-cache-off-warm100,130,3,9.5615,1.659,20.331,21.990,and,far-from-the-madding-crowd,1,,server-2,5,1,3,6.353,21.332,15.477
combined-lc-lrt-cache-off-warm100,130,3,9.5692,14.897,19.042,33.938,you,adventures-of-huckleberry-finn,1,,server-2,5,2,3,6.353,11.009,15.477
combined-lc-lrt-cache-off-warm100,130,3,9.5769,7.423,39.363,46.785,heart,the-odyssey,1,,server-2,5,3,1,16.311,11.009,19.892
combined-lc-lrt-cache-off-warm100,130,3,9.5846,2.355,46.395,48.750,castle,around-the-world-in-eighty-days,1,,server-2,3,3,1,6.141,4.001,19.892
combined-lc-lrt-cache-off-warm100,130,3,9.5923,41.732,33.454,75.186,horse,the-odyssey,1,,server-2,3,4,0,6.141,2.333,21.230
combined-lc-lrt-cache-off-warm100,130,3,9.6000,34.341,35.709,70.050,she,the-portrait-of-a-lady-volume-1,1,,server-2,3,5,0,6.141,2.333,21.230
combined-lc-lrt-cache-off-warm100,130,3,9.6077,1.686,20.151,21.837,he,leaves-of-grass,1,,server-3,3,5,1,10.348,4.546,21.230
combined-lc-lrt-cache-off-warm100,130,3,9.6154,14.690,33.922,48.612,sea,emma,1,,server-3,3,5,2,9.954,4.546,10.986
combined-lc-lrt-cache-off-warm100,130,3,9.6231,7.852,29.174,37.026,heart,the-lost-world,1,,server-3,3,4,3,9.954,9.321,10.986
combined-lc-lrt-cache-off-warm100,130,3,9.6308,2.202,45.118,47.320,letter,the-house-of-the-seven-gables,1,,server-3,3,4,3,9.954,15.235,5.353
combined-lc-lrt-cache-off-warm100,130,3,9.6385,22.328,50.078,72.406,she,the-return-of-sherlock-holmes-108,1,,server-3,2,2,4,20.073,8.329,2.477
combined-lc-lrt-cache-off-warm100,130,3,9.6462,18.253,46.504,64.757,love,the-secret-garden-17396,1,,server-3,0,2,5,18.657,8.329,2.477
combined-lc-lrt-cache-off-warm100,130,3,9.6538,26.308,39.973,66.280,money,dubliners,1,,server-3,0,2,6,18.657,8.329,2.477
combined-lc-lrt-cache-off-warm100,130,3,9.6615,1.277,17.404,18.681,letter,sense-and-sensibility,1,,server-1,1,2,6,18.657,8.329,8.124
combined-lc-lrt-cache-off-warm100,130,3,9.6692,11.389,21.506,32.895,whale,the-last-of-the-mohicans-a-narrative-of-1757,1,,server-1,2,2,5,9.623,13.238,9.579
combined-lc-lrt-cache-off-warm100,130,3,9.6769,2.393,16.962,19.355,and,kidnapped,1,,server-2,2,1,5,9.623,11.726,10.136
combined-lc-lrt-cache-off-warm100,130,3,9.6846,18.191,15.651,33.842,castle,frankenstein-or-the-modern-prometheus,1,,server-1,2,1,3,5.572,6.095,9.959
combined-lc-lrt-cache-off-warm100,130,3,9.6923,4.294,27.425,31.718,of,the-vicomte-de-bragelonne,1,,server-2,2,2,3,5.572,6.095,9.959
combined-lc-lrt-cache-off-warm100,130,3,9.7000,24.798,21.265,46.063,she,the-warden,1,,server-2,2,2,3,5.572,3.729,9.959
combined-lc-lrt-cache-off-warm100,130,3,9.7077,11.405,14.917,26.322,castle,the-scarlet-letter-33,1,,server-1,2,2,3,5.404,3.729,9.959
combined-lc-lrt-cache-off-warm100,130,3,9.7154,9.987,20.560,30.546,night,the-great-gatsby,1,,server-2,2,3,3,5.404,3.729,20.282
combined-lc-lrt-cache-off-warm100,130,3,9.7231,11.499,18.391,29.890,the,thus-spake-zarathustra-a-book-for-all-and-none,1,,server-1,2,3,0,4.122,3.729,16.503
combined-lc-lrt-cache-off-warm100,130,3,9.7308,15.778,16.227,32.006,the,agnes-grey,1,,server-2,2,3,0,4.122,4.011,16.503
combined-lc-lrt-cache-off-warm100,130,3,9.7385,15.202,28.002,43.204,house,beyond-good-and-evil,1,,server-1,2,3,0,3.643,4.011,16.503
combined-lc-lrt-cache-off-warm100,130,3,9.7462,7.632,14.702,22.335,love,the-secret-garden-17396,1,,server-1,3,3,0,3.643,5.525,16.503
combined-lc-lrt-cache-off-warm100,130,3,9.7538,2.098,40.569,42.667,king,memoirs-of-fanny-hill,1,,server-1,3,1,0,2.669,4.457,16.503
combined-lc-lrt-cache-off-warm100,130,3,9.7615,21.059,27.455,48.514,horse,the-adventures-of-tom-sawyer-complete,1,,server-1,4,1,0,1.615,4.457,16.503
combined-lc-lrt-cache-off-warm100,130,3,9.7692,1.007,21.610,22.617,castle,the-return-of-sherlock-holmes-108,1,,server-2,4,1,0,4.148,5.339,16.503
combined-lc-lrt-cache-off-warm100,130,3,9.7769,15.768,69.400,85.167,horse,little-women,1,,server-2,4,2,0,4.148,2.788,16.503
combined-lc-lrt-cache-off-warm100,130,3,9.7846,7.909,28.780,36.689,house,north-and-south,1,,server-2,2,3,0,6.514,2.788,16.503
combined-lc-lrt-cache-off-warm100,130,3,9.7923,1.108,43.162,44.270,and,the-adventures-of-sherlock-holmes,1,,server-2,2,3,0,6.514,4.764,16.503
combined-lc-lrt-cache-off-warm100,130,3,9.8000,34.862,40.644,75.506,he,black-beauty,1,,server-2,1,4,0,10.729,1.751,16.503
combined-lc-lrt-cache-off-warm100,130,3,9.8077,55.513,49.267,104.780,night,the-vicomte-de-bragelonne,1,,server-2,1,5,0,10.729,1.751,16.503
combined-lc-lrt-cache-off-warm100,130,3,9.8154,60.808,63.809,124.617,sea,the-tenant-of-wildfell-hall,1,,server-2,0,6,0,11.202,1.751,16.503
combined-lc-lrt-cache-off-warm100,130,3,9.8231,1.206,8.790,9.996,and,the-kama-sutra-of-vatsyayana,1,,server-1,1,6,0,11.202,8.918,16.503
combined-lc-lrt-cache-off-warm100,130,3,9.8308,2.985,32.147,35.132,london,oliver-twist,1,,server-1,2,6,0,5.791,8.918,16.503
combined-lc-lrt-cache-off-warm100,130,3,9.8385,28.601,77.565,106.166,night,the-moonstone,1,,server-1,2,6,0,2.841,16.125,16.503
combined-lc-lrt-cache-off-warm100,130,3,9.8462,20.949,51.423,72.372,london,dubliners,1,,server-1,3,6,0,2.841,16.125,16.503
combined-lc-lrt-cache-off-warm100,130,3,9.8538,13.430,105.819,119.249,castle,the-moonstone,1,,server-1,4,6,0,2.841,16.125,16.503
combined-lc-lrt-cache-off-warm100,130,3,9.8615,5.970,72.021,77.990,the,the-last-of-the-mohicans-a-narrative-of-1757-27681,1,,server-1,5,5,0,2.841,24.894,16.503
combined-lc-lrt-cache-off-warm100,130,3,9.8692,19.366,110.854,130.219,she,the-scarlet-letter,1,,server-1,5,3,0,2.037,17.919,16.503
combined-lc-lrt-cache-off-warm100,130,3,9.8769,67.925,52.365,120.291,he,around-the-world-in-eighty-days,1,,server-1,6,2,0,2.037,12.666,16.503
combined-lc-lrt-cache-off-warm100,130,3,9.8846,60.051,76.065,136.116,horse,mansfield-park,1,,server-1,7,2,0,2.037,12.666,16.503
combined-lc-lrt-cache-off-warm100,130,3,9.8923,2.331,31.337,33.668,sea,the-vicomte-de-bragelonne,1,,server-3,7,2,1,4.215,12.666,16.503
combined-lc-lrt-cache-off-warm100,130,3,9.9000,26.280,22.795,49.076,whale,the-house-of-mirth,1,,server-3,7,2,2,4.215,12.666,8.600
combined-lc-lrt-cache-off-warm100,130,3,9.9077,18.779,34.034,52.813,he,a-journey-to-the-centre-of-the-earth,1,,server-3,7,2,3,4.215,12.666,8.600
combined-lc-lrt-cache-off-warm100,130,3,9.9154,24.606,11.713,36.319,london,the-prince,1,,server-2,7,2,3,4.215,16.033,8.600
combined-lc-lrt-cache-off-warm100,130,3,9.9231,5.734,47.871,53.605,was,the-first-men-in-the-moon,1,,server-3,7,2,4,17.181,16.033,8.600
combined-lc-lrt-cache-off-warm100,130,3,9.9308,31.186,33.454,64.640,he,desperate-remedies,1,,server-3,7,2,4,17.181,16.033,3.471
combined-lc-lrt-cache-off-warm100,130,3,9.9385,23.941,46.037,69.978,money,the-king-in-yellow,1,,server-3,7,2,5,17.181,16.595,3.471
combined-lc-lrt-cache-off-warm100,130,3,9.9462,30.432,47.130,77.562,castle,the-scarlet-letter,1,,server-3,5,1,6,14.987,13.847,3.471
combined-lc-lrt-cache-off-warm100,130,3,9.9538,1.228,20.487,21.715,letter,leaves-of-grass,1,,server-2,4,1,6,14.987,10.690,7.222
combined-lc-lrt-cache-off-warm100,130,3,9.9615,14.890,30.506,45.396,castle,the-wind-in-the-willows,1,,server-2,4,2,4,14.987,5.538,11.491
combined-lc-lrt-cache-off-warm100,130,3,9.9692,7.093,35.490,42.583,and,the-last-of-the-mohicans-a-narrative-of-1757,1,,server-2,4,3,4,14.987,5.538,6.826
combined-lc-lrt-cache-off-warm100,130,3,9.9769,3.564,39.091,42.655,and,the-wind-in-the-willows,1,,server-2,4,3,4,26.480,3.129,11.754
combined-lc-lrt-cache-off-warm100,130,3,9.9846,26.360,50.240,76.600,the,grimms-fairy-tales,1,,server-2,4,4,4,26.480,2.415,11.754
combined-lc-lrt-cache-off-warm100,130,3,9.9923,19.079,23.201,42.280,castle,frankenstein-or-the-modern-prometheus-41445,1,,server-2,3,5,4,26.480,2.415,11.754
combined-lc-lrt-cache-off-warm100,130,3,10.0000,20.140,24.666,44.805,the,around-the-world-in-eighty-days,1,,server-2,3,6,2,37.165,2.415,13.194
combined-lc-lrt-cache-off-warm100,130,3,10.0077,16.327,36.361,52.689,whale,the-house-of-the-seven-gables,1,,server-3,3,6,3,37.165,13.530,13.194
combined-lc-lrt-cache-off-warm100,130,3,10.0154,9.177,35.861,45.038,she,walden-and-on-the-duty-of-civil-disobedience,1,,server-3,3,5,3,37.165,13.990,12.779
combined-lc-lrt-cache-off-warm100,130,3,10.0231,34.672,14.681,49.353,love,the-king-in-yellow,1,,server-2,0,4,3,31.558,7.204,12.779
combined-lc-lrt-cache-off-warm100,130,3,10.0308,30.347,46.761,77.109,love,the-innocents-abroad,1,,server-3,0,4,3,31.558,7.204,7.158
combined-lc-lrt-cache-off-warm100,130,3,10.0385,23.086,20.498,43.584,love,the-portrait-of-a-lady-volume-1,1,,server-3,0,4,4,31.558,8.981,7.158
combined-lc-lrt-cache-off-warm100,130,3,10.0462,1.356,18.883,20.239,night,the-memoirs-of-sherlock-holmes,1,,server-1,1,4,4,31.558,13.344,7.158
combined-lc-lrt-cache-off-warm100,130,3,10.0538,13.080,23.930,37.010,and,mansfield-park,1,,server-1,2,4,4,16.232,13.344,7.158
combined-lc-lrt-cache-off-warm100,130,3,10.0615,2.247,54.370,56.617,and,the-warden,1,,server-3,2,2,3,16.232,13.564,5.615
combined-lc-lrt-cache-off-warm100,130,3,10.0692,39.320,36.428,75.748,love,the-mysterious-island,1,,server-3,1,1,4,8.096,13.564,3.110
combined-lc-lrt-cache-off-warm100,130,3,10.0769,1.428,12.062,13.489,sea,cranford,1,,server-2,1,1,4,8.096,10.533,3.110
combined-lc-lrt-cache-off-warm100,130,3,10.0846,6.459,13.746,20.205,you,treasure-island,1,,server-2,1,2,4,8.096,5.461,6.428
combined-lc-lrt-cache-off-warm100,130,3,10.0923,10.733,12.824,23.557,sea,the-lost-world,1,,server-2,0,2,4,8.952,3.445,6.428
combined-lc-lrt-cache-off-warm100,130,3,10.1000,5.515,36.152,41.667,was,tess-of-the-d-urbervilles-a-pure-woman,1,,server-2,0,3,4,8.952,2.835,6.428
combined-lc-lrt-cache-off-warm100,130,3,10.1077,31.501,12.609,44.109,king,the-wind-in-the-willows,1,,server-2,0,3,3,8.952,2.739,14.269
combined-lc-lrt-cache-off-warm100,130,3,10.1154,1.410,9.810,11.220,he,beyond-good-and-evil,1,,server-1,1,3,2,8.952,2.739,13.308
combined-lc-lrt-cache-off-warm100,130,3,10.1231,3.877,21.746,25.623,love,tess-of-the-d-urbervilles-a-pure-woman,1,,server-1,2,2,1,4.647,4.395,16.503
combined-lc-lrt-cache-off-warm100,130,3,10.1308,18.538,31.205,49.743,money,far-from-the-madding-crowd,1,,server-1,2,2,1,2.618,4.395,16.503
combined-lc-lrt-cache-off-warm100,130,3,10.1385,11.271,54.952,66.222,death,his-last-bow,1,,server-1,3,2,1,2.618,4.395,16.503
combined-lc-lrt-cache-off-warm100,130,3,10.1462,3.671,53.905,57.576,and,jude-the-obscure,1,,server-1,4,1,0,2.618,9.027,15.050
combined-lc-lrt-cache-off-warm100,130,3,10.1538,1.810,17.633,19.442,money,desert-gold,1,,server-2,3,1,0,2.223,7.371,15.050
combined-lc-lrt-cache-off-warm100,130,3,10.1615,12.497,13.509,26.007,and,kidnapped,1,,server-2,3,2,0,2.223,3.839,15.050
combined-lc-lrt-cache-off-warm100,130,3,10.1692,35.857,30.187,66.043,and,mansfield-park,1,,server-1,4,2,0,2.223,3.839,15.050
combined-lc-lrt-cache-off-warm100,130,3,10.1769,11.428,42.048,53.476,of,the-song-of-the-lark,1,,server-2,4,2,0,2.223,3.893,15.050
combined-lc-lrt-cache-off-warm100,130,3,10.1846,3.764,13.536,17.299,night,treasure-island,1,,server-2,4,3,0,7.908,3.893,15.050
combined-lc-lrt-cache-off-warm100,130,3,10.1923,38.597,14.274,52.871,whale,the-picture-of-dorian-gray,1,,server-2,4,3,0,7.908,2.161,15.050
combined-lc-lrt-cache-off-warm100,130,3,10.2000,31.280,39.490,70.770,of,the-return-of-sherlock-holmes,1,,server-2,4,4,0,7.908,2.161,15.050
combined-lc-lrt-cache-off-warm100,130,3,10.2077,1.608,35.572,37.180,castle,jane-eyre-an-autobiography,1,,server-3,1,4,1,12.044,4.370,15.050
combined-lc-lrt-cache-off-warm100,130,3,10.2154,30.268,31.541,61.808,of,desperate-remedies,1,,server-3,1,4,2,12.044,4.370,7.793
combined-lc-lrt-cache-off-warm100,130,3,10.2231,9.158,36.317,45.475,whale,the-prince,1,,server-2,1,5,2,12.044,4.370,7.793
combined-lc-lrt-cache-off-warm100,130,3,10.2308,14.525,58.950,73.474,letter,the-innocents-abroad,1,,server-3,1,4,3,12.044,9.095,7.793
combined-lc-lrt-cache-off-warm100,130,3,10.2385,1.446,24.349,25.794,love,the-iliad-2199,1,,server-1,1,3,3,12.428,4.644,7.793
combined-lc-lrt-cache-off-warm100,130,3,10.2462,18.657,11.826,30.483,you,the-king-in-yellow,1,,server-1,2,3,2,6.430,5.149,5.170
combined-lc-lrt-cache-off-warm100,130,3,10.2538,50.913,25.250,76.163,love,the-divine-comedy,1,,server-3,2,3,3,6.430,5.149,5.170
combined-lc-lrt-cache-off-warm100,130,3,10.2615,9.557,36.793,46.350,you,villette,1,,server-2,2,3,3,6.430,5.149,5.170
combined-lc-lrt-cache-off-warm100,130,3,10.2692,8.206,38.087,46.293,sea,the-jungle,1,,server-1,2,3,3,5.905,11.402,5.170
combined-lc-lrt-cache-off-warm100,130,3,10.2769,2.296,32.134,34.430,she,the-lost-world,1,,server-1,3,1,3,4.521,7.492,10.325
combined-lc-lrt-cache-off-warm100,130,3,10.2846,31.591,48.894,80.485,of,the-mystery-of-edwin-drood,1,,server-1,3,1,3,2.035,7.492,10.325
combined-lc-lrt-cache-off-warm100,130,3,10.2923,23.416,33.669,57.085,king,a-princess-of-mars,1,,server-1,4,1,3,2.035,7.492,10.325
combined-lc-lrt-cache-off-warm100,130,3,10.3000,15.994,59.740,75.734,death,white-fang,1,,server-1,5,1,3,2.035,7.492,10.325
combined-lc-lrt-cache-off-warm100,130,3,10.3077,8.407,36.470,44.877,of,pride-and-prejudice,1,,server-1,6,1,1,2.035,13.213,13.789
combined-lc-lrt-cache-off-warm100,130,3,10.3154,1.637,27.747,29.384,death,the-vicomte-de-bragelonne,1,,server-2,5,1,1,13.951,10.595,13.789
combined-lc-lrt-cache-off-warm100,130,3,10.3231,21.990,26.175,48.165,sea,desperate-remedies,1,,server-2,4,2,1,2.631,5.490,13.789
combined-lc-lrt-cache-off-warm100,130,3,10.3308,1.323,9.035,10.358,king,the-prince,1,,server-3,4,2,1,2.631,5.490,12.799
combined-lc-lrt-cache-off-warm100,130,3,10.3385,35.960,17.039,52.999,and,silas-marner,1,,server-1,5,2,1,2.631,5.490,6.622
combined-lc-lrt-cache-off-warm100,130,3,10.3462,1.330,23.994,25.324,king,mansfield-park,1,,server-3,5,1,1,2.631,6.245,5.637
combined-lc-lrt-cache-off-warm100,130,3,10.3538,18.949,48.982,67.932,whale,the-house-of-mirth,1,,server-3,5,1,2,14.054,6.245,2.963
combined-lc-lrt-cache-off-warm100,130,3,10.3615,10.998,51.039,62.038,the,black-beauty,1,,server-3,5,1,3,14.054,6.245,2.963
combined-lc-lrt-cache-off-warm100,130,3,10.3692,3.135,17.356,20.492,was,grimms-fairy-tales,1,,server-3,4,1,4,16.078,6.245,2.963
combined-lc-lrt-cache-off-warm100,130,3,10.3769,1.381,10.356,11.736,the,the-war-of-the-worlds,1,,server-2,1,1,3,17.465,8.101,2.175
combined-lc-lrt-cache-off-warm100,130,3,10.3846,4.444,18.605,23.049,letter,the-mystery-of-edwin-drood,1,,server-2,1,2,3,17.465,4.208,2.175
combined-lc-lrt-cache-off-warm100,130,3,10.3923,16.058,40.052,56.109,she,the-house-of-the-seven-gables,1,,server-2,0,2,3,13.661,2.582,5.089
combined-lc-lrt-cache-off-warm100,130,3,10.4000,9.035,37.809,46.844,death,emma,1,,server-2,0,3,3,13.661,2.582,5.089
combined-lc-lrt-cache-off-warm100,130,3,10.4077,1.753,12.932,14.685,sea,frankenstein-or-the-modern-prometheus,1,,server-1,1,3,3,13.661,6.056,5.089
combined-lc-lrt-cache-off-warm100,130,3,10.4154,33.671,40.025,73.696,night,the-mysterious-affair-at-styles,1,,server-2,1,3,2,7.075,2.869,7.793
combined-lc-lrt-cache-off-warm100,130,3,10.4231,1.597,27.388,28.985,letter,the-song-of-the-lark,1,,server-1,1,3,2,6.550,2.869,15.927
combined-lc-lrt-cache-off-warm100,130,3,10.4308,21.775,39.453,61.228,you,herland,1,,server-1,2,3,0,3.415,2.869,16.484
combined-lc-lrt-cache-off-warm100,130,3,10.4385,14.341,45.329,59.670,king,dracula,1,,server-1,3,3,0,3.415,2.869,16.484
combined-lc-lrt-cache-off-warm100,130,3,10.4462,3.333,38.453,41.786,house,memoirs-of-fanny-hill,1,,server-2,3,4,0,3.415,2.869,16.484
combined-lc-lrt-cache-off-warm100,130,3,10.4538,1.728,58.757,60.486,whale,the-odyssey,1,,server-1,3,2,0,4.210,4.622,16.484
combined-lc-lrt-cache-off-warm100,130,3,10.4615,32.789,48.719,81.508,letter,the-hound-of-the-baskervilles,1,,server-1,4,2,0,2.304,4.622,16.484
combined-lc-lrt-cache-off-warm100,130,3,10.4692,45.487,31.023,76.510,was,desert-gold,1,,server-1,5,2,0,2.304,4.622,16.484
combined-lc-lrt-cache-off-warm100,130,3,10.4769,39.332,40.694,80.025,love,the-picture-of-dorian-gray,1,,server-1,6,2,0,2.304,4.622,16.484
combined-lc-lrt-cache-off-warm100,130,3,10.4846,5.708,20.867,26.575,house,pride-and-prejudice,1,,server-2,6,3,0,2.304,4.622,16.484
combined-lc-lrt-cache-off-warm100,130,3,10.4923,19.394,11.946,31.340,love,white-fang,1,,server-2,6,2,0,10.961,6.227,16.484
combined-lc-lrt-cache-off-warm100,130,3,10.5000,11.747,28.562,40.309,heart,memoirs-of-fanny-hill,1,,server-2,4,3,0,11.048,5.105,16.484
combined-lc-lrt-cache-off-warm100,130,3,10.5077,1.349,11.132,12.481,she,around-the-world-in-eighty-days,1,,server-3,4,3,1,11.048,5.105,16.484
combined-lc-lrt-cache-off-warm100,130,3,10.5154,25.383,27.122,52.505,king,the-romance-of-lust-a-classic-victorian-erotic-novel,1,,server-2,3,3,1,16.712,4.325,8.509
combined-lc-lrt-cache-off-warm100,130,3,10.5231,1.624,26.307,27.931,heart,jude-the-obscure,1,,server-3,3,3,1,10.960,4.325,7.172
combined-lc-lrt-cache-off-warm100,130,3,10.5308,20.750,17.325,38.076,was,the-age-of-innocence,1,,server-3,3,3,2,10.960,5.362,3.751
combined-lc-lrt-cache-off-warm100,130,3,10.5385,13.211,29.356,42.567,heart,the-war-of-the-worlds,1,,server-3,3,3,3,10.960,5.362,3.751
combined-lc-lrt-cache-off-warm100,130,3,10.5462,22.595,15.602,38.197,sea,meditations,1,,server-2,2,2,3,16.583,7.179,3.751
combined-lc-lrt-cache-off-warm100,130,3,10.5538,14.734,26.759,41.493,death,the-war-of-the-worlds,1,,server-3,2,2,3,16.583,7.179,3.576
combined-lc-lrt-cache-off-warm100,130,3,10.5615,20.018,38.393,58.411,death,dracula,1,,server-3,0,2,4,16.181,7.179,2.963
combined-lc-lrt-cache-off-warm100,130,3,10.5692,1.429,22.828,24.256,the,the-great-gatsby,1,,server-2,0,2,4,16.181,7.289,7.330
combined-lc-lrt-cache-off-warm100,130,3,10.5769,8.885,30.416,39.302,death,the-warden,1,,server-2,0,3,4,16.181,3.933,7.330
combined-lc-lrt-cache-off-warm100,130,3,10.5846,1.104,21.870,22.974,death,pride-and-prejudice,1,,server-1,1,3,2,16.181,6.197,7.115
combined-lc-lrt-cache-off-warm100,130,3,10.5923,2.125,21.504,23.629,death,the-lost-world,1,,server-2,1,3,2,8.338,4.485,7.115
combined-lc-lrt-cache-off-warm100,130,3,10.6000,16.699,14.172,30.871,whale,the-scarlet-letter,1,,server-2,1,3,2,8.338,3.672,6.844
combined-lc-lrt-cache-off-warm100,130,3,10.6077,12.972,10.949,23.921,was,washington-square,1,,server-3,1,3,2,8.791,3.672,6.844
combined-lc-lrt-cache-off-warm100,130,3,10.6154,1.611,14.544,16.155,she,memoirs-of-fanny-hill,1,,server-1,1,3,2,8.791,3.672,6.844
combined-lc-lrt-cache-off-warm100,130,3,10.6231,8.786,26.689,35.475,whale,the-jungle,1,,server-1,2,1,1,4.563,4.778,6.788
combined-lc-lrt-cache-off-warm100,130,3,10.6308,1.806,17.717,19.524,king,a-princess-of-mars,1,,server-2,2,2,1,6.855,5.233,6.788
combined-lc-lrt-cache-off-warm100,130,3,10.6385,12.113,16.912,29.024,money,a-connecticut-yankee-in-king-arthur-s-court,1,,server-2,1,2,0,3.600,2.754,6.038
combined-lc-lrt-cache-off-warm100,130,3,10.6462,1.280,12.799,14.079,death,the-picture-of-dorian-gray,1,,server-3,1,2,1,3.600,2.754,6.038
combined-lc-lrt-cache-off-warm100,130,3,10.6538,8.836,23.079,31.915,money,the-tenant-of-wildfell-hall,1,,server-3,1,1,2,3.600,3.590,3.149
combined-lc-lrt-cache-off-warm100,130,3,10.6615,1.631,28.341,29.972,king,jane-eyre-an-autobiography,1,,server-1,1,1,2,6.508,3.590,4.389
combined-lc-lrt-cache-off-warm100,130,3,10.6692,1.342,9.134,10.476,whale,the-hound-of-the-baskervilles-3070,1,,server-2,1,1,1,3.393,4.949,2.893
combined-lc-lrt-cache-off-warm100,130,3,10.6769,3.513,14.266,17.779,money,kidnapped,1,,server-2,1,2,1,3.393,2.599,2.893
combined-lc-lrt-cache-off-warm100,130,3,10.6846,10.853,34.101,44.954,heart,jane-eyre-an-autobiography,1,,server-2,1,2,1,3.393,1.876,2.893
combined-lc-lrt-cache-off-warm100,130,3,10.6923,1.416,30.444,31.860,whale,mansfield-park,1,,server-3,0,2,1,6.668,1.876,5.493
combined-lc-lrt-cache-off-warm100,130,3,10.7000,30.278,14.702,44.980,you,the-scarlet-letter-33,1,,server-2,0,2,1,6.668,2.758,2.893
combined-lc-lrt-cache-off-warm100,130,3,10.7077,17.024,19.327,36.351,was,madame-bovary,1,,server-3,0,2,2,6.668,2.758,2.893
combined-lc-lrt-cache-off-warm100,130,3,10.7154,1.431,17.261,18.692,you,hard-times,1,,server-1,1,2,2,6.668,2.758,2.893
combined-lc-lrt-cache-off-warm100,130,3,10.7231,11.750,19.897,31.647,was,leaves-of-grass,1,,server-1,2,2,2,3.516,2.758,2.893
combined-lc-lrt-cache-off-warm100,130,3,10.7308,13.720,17.389,31.109,you,the-adventures-of-sherlock-holmes,1,,server-3,2,1,2,3.516,6.696,5.051
combined-lc-lrt-cache-off-warm100,130,3,10.7385,16.643,22.616,39.259,whale,the-jungle,1,,server-1,2,1,2,3.701,6.696,5.051
combined-lc-lrt-cache-off-warm100,130,3,10.7462,1.736,24.717,26.453,you,dracula,1,,server-2,2,1,1,3.701,6.573,4.703
combined-lc-lrt-cache-off-warm100,130,3,10.7538,19.480,12.003,31.482,horse,poirot-investigates,1,,server-2,2,2,1,5.617,3.436,4.703
combined-lc-lrt-cache-off-warm100,130,3,10.7615,16.497,15.774,32.272,you,the-adventures-of-sherlock-holmes,1,,server-1,2,2,1,4.592,3.436,5.692
combined-lc-lrt-cache-off-warm100,130,3,10.7692,1.455,28.525,29.979,money,tess-of-the-d-urbervilles-a-pure-woman,1,,server-3,2,2,1,4.592,3.436,5.692
combined-lc-lrt-cache-off-warm100,130,3,10.7769,21.914,33.108,55.023,he,leaves-of-grass,1,,server-3,2,1,2,4.592,5.467,2.982
combined-lc-lrt-cache-off-warm100,130,3,10.7846,14.195,53.045,67.240,love,thus-spake-zarathustra-a-book-for-all-and-none,1,,server-3,1,1,3,5.289,5.467,2.982
combined-lc-lrt-cache-off-warm100,130,3,10.7923,1.595,20.850,22.445,heart,the-works-of-edgar-allan-poe-volume-2,1,,server-2,1,1,3,5.289,5.403,2.982
combined-lc-lrt-cache-off-warm100,130,3,10.8000,15.083,17.878,32.960,king,the-king-in-yellow,1,,server-2,0,2,2,5.863,2.857,5.251
combined-lc-lrt-cache-off-warm100,130,3,10.8077,1.839,14.087,15.926,she,white-fang,1,,server-1,1,2,2,5.863,2.857,5.251
combined-lc-lrt-cache-off-warm100,130,3,10.8154,8.745,19.328,28.073,she,the-divine-comedy,1,,server-1,2,1,2,3.110,4.225,5.251
combined-lc-lrt-cache-off-warm100,130,3,10.8231,10.359,10.414,20.774,house,the-hound-of-the-baskervilles,1,,server-2,2,2,2,3.110,4.225,5.251
combined-lc-lrt-cache-off-warm100,130,3,10.8308,13.143,9.925,23.069,horse,the-jungle-book,1,,server-1,2,2,2,2.978,4.225,5.251
combined-lc-lrt-cache-off-warm100,130,3,10.8385,6.197,27.139,33.336,sea,the-iliad-2199,1,,server-2,2,2,1,2.978,3.858,8.690
combined-lc-lrt-cache-off-warm100,130,3,10.8462,1.381,53.538,54.919,was,oliver-twist,1,,server-2,1,2,1,3.813,2.677,8.690
combined-lc-lrt-cache-off-warm100,130,3,10.8538,19.214,51.279,70.493,you,tess-of-the-d-urbervilles-a-pure-woman,1,,server-2,1,3,0,3.955,1.809,14.017
combined-lc-lrt-cache-off-warm100,130,3,10.8615,1.247,18.880,20.126,and,wuthering-heights,1,,server-1,1,3,0,3.955,1.809,14.017
combined-lc-lrt-cache-off-warm100,130,3,10.8692,13.029,17.378,30.408,horse,the-memoirs-of-sherlock-holmes,1,,server-1,2,3,0,2.093,5.487,14.017
combined-lc-lrt-cache-off-warm100,130,3,10.8769,6.630,31.379,38.009,he,the-return-of-sherlock-holmes,1,,server-1,3,2,0,2.093,6.429,14.017
combined-lc-lrt-cache-off-warm100,130,3,10.8846,15.510,38.509,54.018,london,mary-barton,1,,server-1,3,2,0,2.469,6.429,14.017
combined-lc-lrt-cache-off-warm100,130,3,10.8923,8.455,64.283,72.738,castle,north-and-south,1,,server-1,4,2,0,2.469,6.429,14.017
combined-lc-lrt-cache-off-warm100,130,3,10.9000,1.416,15.148,16.564,you,the-mystery-of-edwin-drood,1,,server-3,4,2,1,4.944,6.429,14.017
combined-lc-lrt-cache-off-warm100,130,3,10.9077,8.605,58.008,66.613,sea,agnes-grey,1,,server-1,4,2,1,3.298,11.730,7.239
combined-lc-lrt-cache-off-warm100,130,3,10.9154,1.856,15.297,17.153,horse,autobiography-of-benjamin-franklin,1,,server-3,4,2,2,7.321,11.730,7.239
combined-lc-lrt-cache-off-warm100,130,3,10.9231,9.782,12.063,21.845,was,washington-square,1,,server-3,3,2,2,4.836,13.499,3.654
combined-lc-lrt-cache-off-warm100,130,3,10.9308,2.783,32.467,35.250,was,the-jungle,1,,server-3,3,0,3,4.836,16.780,3.654
combined-lc-lrt-cache-off-warm100,130,3,10.9385,28.014,51.189,79.204,heart,a-tale-of-two-cities,1,,server-3,3,0,3,11.398,16.780,2.034
combined-lc-lrt-cache-off-warm100,130,3,10.9462,20.535,51.079,71.614,and,walden-and-on-the-duty-of-civil-disobedience,1,,server-3,2,0,4,9.206,16.780,3.890
combined-lc-lrt-cache-off-warm100,130,3,10.9538,1.567,21.338,22.905,whale,walden-and-on-the-duty-of-civil-disobedience,1,,server-2,2,1,4,9.206,16.780,3.890
combined-lc-lrt-cache-off-warm100,130,3,10.9615,16.113,19.877,35.990,you,memoirs-of-fanny-hill,1,,server-2,2,2,4,9.206,8.675,3.890
combined-lc-lrt-cache-off-warm100,130,3,10.9692,46.493,13.740,60.234,the,the-lost-world,1,,server-3,1,2,3,13.943,8.675,5.427
combined-lc-lrt-cache-off-warm100,130,3,10.9769,1.716,14.167,15.883,love,the-lost-world,1,,server-1,1,2,3,18.127,9.436,5.427
combined-lc-lrt-cache-off-warm100,130,3,10.9846,13.566,38.476,52.042,the,cranford,1,,server-2,1,2,3,9.351,6.128,5.427
combined-lc-lrt-cache-off-warm100,130,3,10.9923,5.719,27.437,33.156,the,villette,1,,server-2,1,3,3,9.351,6.128,5.427
combined-lc-lrt-cache-off-warm100,130,3,11.0000,1.525,18.853,20.378,horse,the-portrait-of-a-lady-volume-1,1,,server-1,1,2,3,8.200,2.975,9.223
combined-lc-lrt-cache-off-warm100,130,3,11.0077,13.112,20.109,33.221,whale,madame-bovary,1,,server-1,2,2,3,4.270,2.975,9.223
combined-lc-lrt-cache-off-warm100,130,3,11.0154,10.687,26.478,37.165,the,agnes-grey,1,,server-2,2,3,3,4.270,2.975,11.561
combined-lc-lrt-cache-off-warm100,130,3,11.0231,18.597,15.217,33.814,horse,twenty-thousand-leagues-under-the-sea,1,,server-1,2,3,1,4.186,2.975,13.569
combined-lc-lrt-cache-off-warm100,130,3,11.0308,1.526,9.784,11.309,sea,poirot-investigates,1,,server-3,2,3,1,4.186,5.248,10.547
combined-lc-lrt-cache-off-warm100,130,3,11.0385,4.309,23.948,28.257,money,a-connecticut-yankee-in-king-arthur-s-court,1,,server-3,2,1,2,4.186,10.073,5.463
combined-lc-lrt-cache-off-warm100,130,3,11.0462,21.091,16.377,37.468,death,northanger-abbey,1,,server-3,1,1,2,5.243,10.073,2.950
combined-lc-lrt-cache-off-warm100,130,3,11.0538,13.620,47.206,60.826,was,the-last-of-the-mohicans-a-narrative-of-1757,1,,server-3,1,0,3,5.243,9.158,2.950
combined-lc-lrt-cache-off-warm100,130,3,11.0615,1.494,28.364,29.859,he,the-house-of-mirth,1,,server-1,1,0,3,5.758,9.158,2.950
combined-lc-lrt-cache-off-warm100,130,3,11.0692,21.976,34.770,56.746,castle,the-return-of-sherlock-holmes-108,1,,server-1,2,0,2,3.051,9.158,3.435
combined-lc-lrt-cache-off-warm100,130,3,11.0769,14.516,31.731,46.248,she,a-princess-of-mars,1,,server-1,3,0,2,3.051,9.158,3.435
combined-lc-lrt-cache-off-warm100,130,3,11.0846,1.252,10.485,11.737,house,the-kama-sutra-of-vatsyayana,1,,server-2,3,1,1,3.051,9.158,4.777
combined-lc-lrt-cache-off-warm100,130,3,11.0923,22.553,14.336,36.889,whale,the-scarlet-letter,1,,server-3,2,1,2,4.423,4.786,4.777
combined-lc-lrt-cache-off-warm100,130,3,11.1000,1.187,26.166,27.353,sea,great-expectations,1,,server-2,2,1,2,4.423,4.692,4.777
combined-lc-lrt-cache-off-warm100,130,3,11.1077,19.882,29.373,49.255,night,agnes-grey,1,,server-2,2,2,2,4.423,2.486,4.777
combined-lc-lrt-cache-off-warm100,130,3,11.1154,13.445,27.052,40.497,house,the-works-of-edgar-allan-poe-volume-2,1,,server-2,2,3,1,4.423,2.486,7.636
combined-lc-lrt-cache-off-warm100,130,3,11.1231,5.722,58.907,64.629,he,villette,1,,server-2,2,4,1,9.773,2.486,7.636
combined-lc-lrt-cache-off-warm100,130,3,11.1308,1.553,27.629,29.183,king,villette,1,,server-3,0,3,1,9.795,2.461,7.117
combined-lc-lrt-cache-off-warm100,130,3,11.1385,22.497,17.046,39.543,heart,adventures-of-huckleberry-finn,1,,server-3,0,3,2,9.795,2.461,3.714
combined-lc-lrt-cache-off-warm100,130,3,11.1462,1.254,21.036,22.289,whale,pride-and-prejudice,1,,server-1,1,3,2,9.795,2.461,3.714
combined-lc-lrt-cache-off-warm100,130,3,11.1538,3.489,54.795,58.284,money,wuthering-heights,1,,server-2,1,4,2,5.093,2.461,3.714
combined-lc-lrt-cache-off-warm100,130,3,11.1615,7.211,22.906,30.118,night,the-song-of-the-lark,1,,server-1,2,2,1,5.093,4.667,6.261
combined-lc-lrt-cache-off-warm100,130,3,11.1692,1.351,51.797,53.149,she,villette,1,,server-1,2,2,1,4.362,4.667,6.261
combined-lc-lrt-cache-off-warm100,130,3,11.1769,15.983,51.954,67.937,love,oliver-twist,1,,server-1,3,2,1,2.415,4.667,6.261
combined-lc-lrt-cache-off-warm100,130,3,11.1846,1.658,13.813,15.471,and,the-secret-adversary,1,,server-3,3,2,1,2.415,4.667,6.669
combined-lc-lrt-cache-off-warm100,130,3,11.1923,8.672,32.503,41.175,house,a-tale-of-two-cities,1,,server-3,3,1,2,6.484,12.254,3.491
combined-lc-lrt-cache-off-warm100,130,3,11.2000,1.430,13.526,14.956,london,frankenstein-or-the-modern-prometheus-41445,1,,server-3,2,1,3,5.584,12.254,4.555
combined-lc-lrt-cache-off-warm100,130,3,11.2077,26.020,12.804,38.823,the,the-warden,1,,server-3,2,1,3,5.584,12.254,1.573
combined-lc-lrt-cache-off-warm100,130,3,11.2154,18.969,30.257,49.226,and,walden-and-on-the-duty-of-civil-disobedience,1,,server-3,2,0,4,5.584,16.509,3.466
combined-lc-lrt-cache-off-warm100,130,3,11.2231,1.524,19.112,20.635,was,the-return-of-sherlock-holmes-108,1,,server-2,2,1,4,11.857,16.509,3.466
combined-lc-lrt-cache-off-warm100,130,3,11.2308,13.553,25.461,39.014,and,desperate-remedies,1,,server-2,1,2,4,11.857,8.530,3.466
combined-lc-lrt-cache-off-warm100,130,3,11.2385,9.178,56.653,65.831,night,mansfield-park,1,,server-3,1,2,3,11.857,8.530,5.591
combined-lc-lrt-cache-off-warm100,130,3,11.2462,19.614,33.911,53.524,the,beyond-good-and-evil,1,,server-2,0,2,3,14.821,5.619,6.942
combined-lc-lrt-cache-off-warm100,130,3,11.2538,16.232,31.331,47.563,night,a-tale-of-two-cities,1,,server-2,0,3,2,14.821,4.544,4.934
combined-lc-lrt-cache-off-warm100,130,3,11.2615,3.611,12.763,16.374,was,memoirs-of-fanny-hill,1,,server-3,0,3,3,14.821,4.544,4.934
combined-lc-lrt-cache-off-warm100,130,3,11.2692,1.202,12.065,13.267,night,the-warden,1,,server-1,1,3,2,14.821,7.310,5.728
combined-lc-lrt-cache-off-warm100,130,3,11.2769,6.081,26.364,32.445,money,a-connecticut-yankee-in-king-arthur-s-court,1,,server-1,2,2,2,7.647,5.622,5.728
combined-lc-lrt-cache-off-warm100,130,3,11.2846,1.732,46.361,48.092,letter,beyond-good-and-evil,1,,server-1,2,2,1,4.035,5.622,5.778
combined-lc-lrt-cache-off-warm100,130,3,11.2923,17.306,24.225,41.531,the,the-wind-in-the-willows,1,,server-1,3,2,1,2.705,5.622,5.778
combined-lc-lrt-cache-off-warm100,130,3,11.3000,9.766,41.046,50.812,death,pride-and-prejudice,1,,server-1,4,2,1,2.705,10.412,5.778
combined-lc-lrt-cache-off-warm100,130,3,11.3077,1.493,10.276,11.769,he,the-hound-of-the-baskervilles-3070,1,,server-2,4,1,0,7.826,9.434,9.932
combined-lc-lrt-cache-off-warm100,130,3,11.3154,4.684,21.892,26.577,whale,walden-and-on-the-duty-of-civil-disobedience,1,,server-2,3,2,0,3.954,4.913,9.932
combined-lc-lrt-cache-off-warm100,130,3,11.3231,19.445,31.740,51.185,house,the-last-of-the-mohicans-a-narrative-of-1757,1,,server-2,3,2,0,3.954,2.842,9.932
combined-lc-lrt-cache-off-warm100,130,3,11.3308,11.937,31.558,43.495,house,a-princess-of-mars,1,,server-2,3,3,0,3.954,2.842,9.932
combined-lc-lrt-cache-off-warm100,130,3,11.3385,1.416,11.990,13.406,love,poirot-investigates,1,,server-3,3,3,1,11.237,2.842,9.932
combined-lc-lrt-cache-off-warm100,130,3,11.3462,28.260,12.224,40.484,house,dubliners,1,,server-2,3,3,1,11.237,3.111,5.164
combined-lc-lrt-cache-off-warm100,130,3,11.3538,1.440,16.526,17.966,horse,white-fang,1,,server-3,0,3,1,14.616,3.111,5.163
combined-lc-lrt-cache-off-warm100,130,3,11.3615,11.368,37.756,49.124,sea,washington-square,1,,server-3,0,3,2,14.616,3.111,2.719
combined-lc-lrt-cache-off-warm100,130,3,11.3692,3.623,38.590,42.214,of,the-mysterious-island,1,,server-3,0,3,3,14.616,3.111,2.719
combined-lc-lrt-cache-off-warm100,130,3,11.3769,34.065,23.481,57.546,the,a-journey-to-the-centre-of-the-earth,1,,server-3,0,1,3,14.616,6.760,1.830
combined-lc-lrt-cache-off-warm100,130,3,11.3846,27.175,31.327,58.502,house,beyond-good-and-evil,1,,server-3,0,1,4,14.616,6.760,1.830
combined-lc-lrt-cache-off-warm100,130,3,11.3923,1.198,14.235,15.433,house,silas-marner,1,,server-2,0,1,4,14.616,6.199,1.830
combined-lc-lrt-cache-off-warm100,130,3,11.4000,8.562,11.575,20.137,and,washington-square,1,,server-2,0,2,4,14.616,3.231,1.830
combined-lc-lrt-cache-off-warm100,130,3,11.4077,3.579,23.364,26.943,letter,the-hound-of-the-baskervilles-3070,1,,server-3,0,2,5,14.616,4.590,1.830
combined-lc-lrt-cache-off-warm100,130,3,11.4154,5.278,18.814,24.091,house,the-portrait-of-a-lady-volume-1,1,,server-2,0,2,3,14.616,3.017,4.035
combined-lc-lrt-cache-off-warm100,130,3,11.4231,17.397,72.302,89.700,death,the-odyssey,1,,server-2,0,2,3,14.616,2.373,4.035
combined-lc-lrt-cache-off-warm100,130,3,11.4308,9.366,32.835,42.201,he,oliver-twist,1,,server-2,0,3,3,14.616,2.373,4.035
combined-lc-lrt-cache-off-warm100,130,3,11.4385,2.098,68.842,70.940,love,a-tale-of-two-cities,1,,server-2,0,4,1,14.616,2.373,7.068
combined-lc-lrt-cache-off-warm100,130,3,11.4462,64.226,43.276,107.503,house,great-expectations,1,,server-2,0,4,0,14.616,1.760,9.334
combined-lc-lrt-cache-off-warm100,130,3,11.4538,59.140,37.563,96.703,whale,frankenstein-or-the-modern-prometheus,1,,server-2,0,5,0,14.616,1.760,9.334
combined-lc-lrt-cache-off-warm100,130,3,11.4615,1.213,15.190,16.404,death,the-picture-of-dorian-gray,1,,server-3,0,5,1,14.616,1.760,9.334
combined-lc-lrt-cache-off-warm100,130,3,11.4692,9.007,24.593,33.600,night,the-tenant-of-wildfell-hall,1,,server-3,0,5,2,14.616,1.760,4.837
combined-lc-lrt-cache-off-warm100,130,3,11.4769,1.580,46.716,48.296,death,mansfield-park,1,,server-3,0,5,3,14.616,7.810,4.837
combined-lc-lrt-cache-off-warm100,130,3,11.4846,38.000,25.363,63.363,money,walden-and-on-the-duty-of-civil-disobedience,1,,server-3,0,5,3,14.616,7.810,2.070
combined-lc-lrt-cache-off-warm100,130,3,11.4923,33.887,64.260,98.146,and,the-tenant-of-wildfell-hall,1,,server-3,0,5,4,14.616,7.810,2.070
combined-lc-lrt-cache-off-warm100,130,3,11.5000,26.417,66.814,93.231,night,a-tale-of-two-cities,1,,server-3,0,5,5,14.616,7.810,2.070
combined-lc-lrt-cache-off-warm100,130,3,11.5077,1.399,16.605,18.005,was,hard-times,1,,server-1,1,5,4,14.616,12.804,6.924
combined-lc-lrt-cache-off-warm100,130,3,11.5154,11.080,27.263,38.343,and,the-return-of-sherlock-holmes,1,,server-1,2,2,4,7.553,15.292,6.924
combined-lc-lrt-cache-off-warm100,130,3,11.5231,3.645,28.950,32.595,heart,frankenstein-or-the-modern-prometheus-41445,1,,server-1,3,2,4,7.553,15.292,9.366
combined-lc-lrt-cache-off-warm100,130,3,11.5308,24.987,11.724,36.711,house,treasure-island,1,,server-1,3,2,3,2.693,15.292,6.503
combined-lc-lrt-cache-off-warm100,130,3,11.5385,17.998,31.866,49.864,love,the-portrait-of-a-lady-volume-1,1,,server-1,4,2,3,2.693,15.292,6.503
combined-lc-lrt-cache-off-warm100,130,3,11.5462,11.357,50.024,61.381,he,madame-bovary,1,,server-1,5,2,3,2.693,15.292,6.503
combined-lc-lrt-cache-off-warm100,130,3,11.5538,1.332,12.399,13.731,letter,northanger-abbey,1,,server-2,5,2,3,8.440,15.757,9.659
combined-lc-lrt-cache-off-warm100,130,3,11.5615,6.414,11.572,17.986,the,the-hound-of-the-baskervilles-3070,1,,server-2,3,2,3,4.065,8.119,9.659
combined-lc-lrt-cache-off-warm100,130,3,11.5692,10.575,10.358,20.932,and,the-war-of-the-worlds,1,,server-2,2,2,3,4.537,4.210,9.659
combined-lc-lrt-cache-off-warm100,130,3,11.5769,4.303,29.178,33.482,she,the-song-of-the-lark,1,,server-2,2,3,3,4.537,3.523,9.659
combined-lc-lrt-cache-off-warm100,130,3,11.5846,26.095,12.926,39.021,of,agnes-grey,1,,server-2,2,3,3,4.537,2.395,9.659
combined-lc-lrt-cache-off-warm100,130,3,11.5923,18.889,75.582,94.471,of,the-iliad,1,,server-2,2,4,2,9.809,3.378,24.813
combined-lc-lrt-cache-off-warm100,130,3,11.6000,11.841,73.944,85.785,of,the-innocents-abroad,1,,server-2,2,5,0,9.809,3.378,21.571
combined-lc-lrt-cache-off-warm100,130,3,11.6077,1.525,15.870,17.396,heart,memoirs-of-fanny-hill,1,,server-1,1,5,0,14.960,3.378,21.571
combined-lc-lrt-cache-off-warm100,130,3,11.6154,10.175,76.298,86.473,night,walden-and-on-the-duty-of-civil-disobedience,1,,server-2,1,4,0,7.784,3.342,21.571
combined-lc-lrt-cache-off-warm100,130,3,11.6231,2.671,11.158,13.829,letter,black-beauty,1,,server-1,2,4,0,7.784,5.134,21.571
combined-lc-lrt-cache-off-warm100,130,3,11.6308,6.866,11.791,18.656,house,dubliners,1,,server-1,2,3,0,3.968,3.380,21.571
combined-lc-lrt-cache-off-warm100,130,3,11.6385,1.311,25.303,26.613,letter,the-first-men-in-the-moon,1,,server-1,2,3,0,2.753,3.380,21.571
combined-lc-lrt-cache-off-warm100,130,3,11.6462,4.266,38.908,43.174,castle,the-adventures-of-ferdinand-count-fathom-complete,1,,server-1,3,3,0,1.519,3.380,21.571
combined-lc-lrt-cache-off-warm100,130,3,11.6538,11.840,58.573,70.412,castle,beyond-good-and-evil,1,,server-1,3,3,0,1.942,3.380,21.571
combined-lc-lrt-cache-off-warm100,130,3,11.6615,27.341,26.685,54.026,night,mary-barton,1,,server-1,4,3,0,1.942,3.380,21.571
combined-lc-lrt-cache-off-warm100,130,3,11.6692,32.946,49.783,82.729,you,the-american,1,,server-2,3,4,0,3.502,3.380,21.571
combined-lc-lrt-cache-off-warm100,130,3,11.6769,14.105,47.137,61.243,night,grimms-fairy-tales,1,,server-1,4,4,0,3.502,3.380,21.571
combined-lc-lrt-cache-off-warm100,130,3,11.6846,2.816,61.420,64.236,sea,the-mysterious-island,1,,server-2,4,5,0,3.502,3.380,21.571
combined-lc-lrt-cache-off-warm100,130,3,11.6923,1.631,26.140,27.771,you,mansfield-park,1,,server-3,3,3,1,6.326,10.235,21.571
combined-lc-lrt-cache-off-warm100,130,3,11.7000,20.351,41.488,61.839,castle,great-expectations,1,,server-3,3,3,2,6.326,10.235,11.123
combined-lc-lrt-cache-off-warm100,130,3,11.7077,16.359,31.192,47.551,london,anne-of-green-gables,1,,server-1,4,2,2,6.326,14.013,11.123
combined-lc-lrt-cache-off-warm100,130,3,11.7154,5.087,21.875,26.962,night,black-beauty,1,,server-3,4,2,3,10.290,14.013,11.123
combined-lc-lrt-cache-off-warm100,130,3,11.7231,38.935,15.300,54.235,castle,myths-and-legends-of-ancient-greece-and-rome,1,,server-3,4,2,3,9.891,14.013,4.657
combined-lc-lrt-cache-off-warm100,130,3,11.7308,32.503,56.155,88.658,castle,the-mysterious-island,1,,server-3,2,2,4,10.397,14.013,3.765
combined-lc-lrt-cache-off-warm100,130,3,11.7385,24.816,29.126,53.942,money,the-works-of-edgar-allan-poe-volume-2,1,,server-3,2,2,5,14.113,14.013,3.765
combined-lc-lrt-cache-off-warm100,130,3,11.7462,9.392,14.305,23.697,of,black-beauty,1,,server-1,2,2,5,14.113,14.013,7.228
combined-lc-lrt-cache-off-warm100,130,3,11.7538,1.451,16.601,18.052,london,meditations,1,,server-2,2,1,5,14.113,20.153,7.228
combined-lc-lrt-cache-off-warm100,130,3,11.7615,9.105,24.034,33.138,castle,the-song-of-the-lark,1,,server-1,2,1,5,8.415,10.386,19.428
combined-lc-lrt-cache-off-warm100,130,3,11.7692,3.206,13.918,17.124,you,washington-square,1,,server-2,2,2,3,8.415,10.386,6.112
combined-lc-lrt-cache-off-warm100,130,3,11.7769,18.116,15.817,33.933,castle,adventures-of-huckleberry-finn,1,,server-1,2,1,3,4.719,4.985,6.112
combined-lc-lrt-cache-off-warm100,130,3,11.7846,2.374,31.464,33.837,house,the-moonstone,1,,server-2,2,2,2,4.719,4.985,6.224
combined-lc-lrt-cache-off-warm100,130,3,11.7923,26.565,18.829,45.395,love,pride-and-prejudice,1,,server-2,2,2,2,4.719,2.936,10.702
combined-lc-lrt-cache-off-warm100,130,3,11.8000,19.401,30.136,49.537,horse,a-journey-to-the-centre-of-the-earth,1,,server-2,1,3,1,5.258,2.936,8.610
combined-lc-lrt-cache-off-warm100,130,3,11.8077,3.864,18.283,22.147,and,the-house-of-the-seven-gables,1,,server-1,2,3,1,5.258,2.936,8.610
combined-lc-lrt-cache-off-warm100,130,3,11.8154,14.786,20.628,35.414,money,the-hound-of-the-baskervilles-3070,1,,server-1,2,3,1,3.325,2.936,8.610
combined-lc-lrt-cache-off-warm100,130,3,11.8231,7.348,18.881,26.229,heart,white-fang,1,,server-1,3,2,0,3.325,5.143,14.355
combined-lc-lrt-cache-off-warm100,130,3,11.8308,1.900,33.696,35.596,night,the-works-of-edgar-allan-poe-volume-2,1,,server-1,3,2,0,2.489,5.143,14.355
combined-lc-lrt-cache-off-warm100,130,3,11.8385,12.598,48.335,60.933,money,the-moonstone,1,,server-1,4,1,0,1.585,6.351,14.355
combined-lc-lrt-cache-off-warm100,130,3,11.8462,6.126,21.457,27.584,house,the-great-gatsby,1,,server-1,5,1,0,1.585,6.351,14.355
combined-lc-lrt-cache-off-warm100,130,3,11.8538,1.201,22.360,23.561,horse,wuthering-heights,1,,server-2,3,1,0,2.625,8.771,14.355
combined-lc-lrt-cache-off-warm100,130,3,11.8615,17.151,47.872,65.023,he,the-last-of-the-mohicans-a-narrative-of-1757,1,,server-2,3,2,0,2.625,4.568,14.355
combined-lc-lrt-cache-off-warm100,130,3,11.8692,9.645,52.550,62.196,death,the-romance-of-lust-a-classic-victorian-erotic-novel,1,,server-2,3,3,0,7.056,4.568,14.355
combined-lc-lrt-cache-off-warm100,130,3,11.8769,1.331,18.974,20.305,horse,the-divine-comedy,1,,server-3,1,3,1,7.820,4.568,14.355
combined-lc-lrt-cache-off-warm100,130,3,11.8846,47.246,31.211,78.457,king,the-odyssey,1,,server-2,1,3,1,7.820,3.313,7.432
combined-lc-lrt-cache-off-warm100,130,3,11.8923,39.271,12.895,52.166,was,meditations,1,,server-2,1,4,1,7.820,3.313,7.432
combined-lc-lrt-cache-off-warm100,130,3,11.9000,1.352,14.114,15.466,castle,treasure-island,1,,server-3,0,4,1,12.636,3.313,7.752
combined-lc-lrt-cache-off-warm100,130,3,11.9077,8.572,8.681,17.254,night,the-prince,1,,server-3,0,4,2,12.636,3.313,4.049
combined-lc-lrt-cache-off-warm100,130,3,11.9154,1.384,12.209,13.593,she,the-secret-adversary,1,,server-1,1,4,2,12.636,3.313,4.946
combined-lc-lrt-cache-off-warm100,130,3,11.9231,2.507,8.519,11.026,of,the-great-gatsby,1,,server-3,1,4,2,6.526,9.989,3.225
combined-lc-lrt-cache-off-warm100,130,3,11.9308,3.829,26.674,30.503,you,the-tenant-of-wildfell-hall,1,,server-3,0,4,2,6.075,20.643,1.879
combined-lc-lrt-cache-off-warm100,130,3,11.9385,23.126,43.688,66.815,love,twenty-thousand-leagues-under-the-sea,1,,server-3,0,2,2,6.075,8.831,1.672
combined-lc-lrt-cache-off-warm100,130,3,11.9462,15.737,43.416,59.152,the,the-mystery-of-edwin-drood,1,,server-3,0,2,3,6.075,9.521,1.672
combined-lc-lrt-cache-off-warm100,130,3,11.9538,2.237,25.487,27.725,love,the-last-of-the-mohicans-a-narrative-of-1757,1,,server-1,1,2,3,6.075,9.521,1.672
combined-lc-lrt-cache-off-warm100,130,3,11.9615,20.437,18.670,39.107,horse,washington-square,1,,server-1,2,2,2,3.226,9.521,3.596
combined-lc-lrt-cache-off-warm100,130,3,11.9692,12.748,19.089,31.837,letter,the-wind-in-the-willows,1,,server-1,3,0,2,3.226,11.774,3.596
combined-lc-lrt-cache-off-warm100,130,3,11.9769,29.159,14.195,43.355,king,the-warden,1,,server-3,3,0,3,3.226,11.774,3.596
combined-lc-lrt-cache-off-warm100,130,3,11.9846,16.909,23.258,40.168,london,the-last-of-the-mohicans-a-narrative-of-1757-27681,1,,server-1,3,0,3,3.694,11.774,3.596
combined-lc-lrt-cache-off-warm100,130,3,11.9923,1.472,23.469,24.940,sea,the-return-of-sherlock-holmes,1,,server-2,3,1,3,3.694,11.774,3.596
combined-lc-lrt-cache-off-warm100,130,3,12.0000,18.056,19.223,37.279,money,a-connecticut-yankee-in-king-arthur-s-court,1,,server-2,3,2,3,3.694,6.114,3.596
combined-lc-lrt-cache-off-warm100,130,3,12.0077,17.808,31.284,49.092,he,the-vicomte-de-bragelonne,1,,server-1,2,2,1,4.401,6.114,8.126
combined-lc-lrt-cache-off-warm100,130,3,12.0154,10.320,45.361,55.681,king,the-house-of-the-seven-gables,1,,server-1,3,2,1,4.401,6.114,8.126
combined-lc-lrt-cache-off-warm100,130,3,12.0231,2.245,21.646,23.891,was,the-return-of-sherlock-holmes,1,,server-3,3,1,1,4.401,5.619,7.418
combined-lc-lrt-cache-off-warm100,130,3,12.0308,16.920,34.780,51.700,letter,the-vicomte-de-bragelonne,1,,server-3,2,1,2,3.256,5.619,3.869
combined-lc-lrt-cache-off-warm100,130,3,12.0385,1.702,20.952,22.654,heart,the-scarlet-letter,1,,server-2,2,1,2,3.256,6.622,3.869
combined-lc-lrt-cache-off-warm100,130,3,12.0462,15.312,21.857,37.169,he,the-odyssey,1,,server-2,2,2,2,3.256,3.490,3.869
combined-lc-lrt-cache-off-warm100,130,3,12.0538,29.277,17.996,47.274,horse,walden-and-on-the-duty-of-civil-disobedience,1,,server-3,2,2,2,3.256,3.490,4.631
combined-lc-lrt-cache-off-warm100,130,3,12.0615,2.051,45.009,47.060,love,the-innocents-abroad,1,,server-2,2,2,2,8.727,4.450,4.631
combined-lc-lrt-cache-off-warm100,130,3,12.0692,14.608,65.976,80.585,house,jude-the-obscure,1,,server-2,2,3,2,9.431,2.403,4.631
combined-lc-lrt-cache-off-warm100,130,3,12.0769,7.110,63.239,70.349,castle,the-works-of-edgar-allan-poe-volume-2,1,,server-2,0,4,2,13.219,2.403,4.631
combined-lc-lrt-cache-off-warm100,130,3,12.0846,2.127,12.118,14.245,night,the-king-in-yellow,1,,server-1,1,3,1,13.219,3.777,7.248
combined-lc-lrt-cache-off-warm100,130,3,12.0923,6.901,20.196,27.097,heart,a-connecticut-yankee-in-king-arthur-s-court,1,,server-1,2,3,1,6.833,3.777,7.248
combined-lc-lrt-cache-off-warm100,130,3,12.1000,1.123,26.901,28.024,night,the-hound-of-the-baskervilles-3070,1,,server-1,2,3,1,3.831,3.777,7.248
combined-lc-lrt-cache-off-warm100,130,3,12.1077,20.674,13.879,34.553,love,the-war-of-the-worlds,1,,server-1,3,3,0,2.031,10.218,7.463
combined-lc-lrt-cache-off-warm100,130,3,12.1154,1.402,21.779,23.182,horse,life-on-the-mississippi,1,,server-3,3,2,1,2.031,14.098,7.463
combined-lc-lrt-cache-off-warm100,130,3,12.1231,16.260,11.698,27.958,sea,the-king-in-yellow,1,,server-3,3,2,2,6.977,14.098,3.896
combined-lc-lrt-cache-off-warm100,130,3,12.1308,8.679,21.979,30.659,of,the-great-gatsby,1,,server-3,1,2,3,6.841,14.098,3.896
combined-lc-lrt-cache-off-warm100,130,3,12.1385,4.319,16.906,21.224,love,desert-gold,1,,server-1,2,2,3,6.841,14.098,7.128
combined-lc-lrt-cache-off-warm100,130,3,12.1462,14.206,20.622,34.829,horse,the-mystery-of-edwin-drood,1,,server-1,2,2,2,3.721,14.098,3.034
combined-lc-lrt-cache-off-warm100,130,3,12.1538,8.195,27.047,35.243,whale,life-on-the-mississippi,1,,server-3,2,0,2,3.721,16.040,3.848
combined-lc-lrt-cache-off-warm100,130,3,12.1615,2.050,29.716,31.766,the,his-last-bow,1,,server-1,2,0,2,3.976,16.040,4.740
combined-lc-lrt-cache-off-warm100,130,3,12.1692,20.385,17.729,38.114,horse,frankenstein-or-the-modern-prometheus,1,,server-3,2,0,2,2.686,16.040,3.822
combined-lc-lrt-cache-off-warm100,130,3,12.1769,4.392,31.579,35.971,money,madame-bovary,1,,server-1,3,0,2,2.686,16.040,3.822
combined-lc-lrt-cache-off-warm100,130,3,12.1846,5.230,33.538,38.768,night,the-secret-adversary,1,,server-3,2,0,3,4.606,16.040,3.822
combined-lc-lrt-cache-off-warm100,130,3,12.1923,13.759,46.101,59.861,letter,the-kama-sutra-of-vatsyayana,1,,server-3,2,0,3,4.606,16.040,3.106
combined-lc-lrt-cache-off-warm100,130,3,12.2000,20.887,35.016,55.903,house,mansfield-park,1,,server-3,2,0,4,6.350,16.040,2.521
combined-lc-lrt-cache-off-warm100,130,3,12.2077,1.449,20.829,22.278,heart,the-jungle,1,,server-2,2,1,4,6.350,16.040,7.051
combined-lc-lrt-cache-off-warm100,130,3,12.2154,1.347,18.838,20.185,castle,anne-of-green-gables,1,,server-1,1,1,4,10.413,8.293,7.051
combined-lc-lrt-cache-off-warm100,130,3,12.2231,13.229,15.863,29.092,letter,frankenstein-or-the-modern-prometheus-41445,1,,server-1,2,1,3,5.401,8.293,13.609
combined-lc-lrt-cache-off-warm100,130,3,12.2308,1.486,16.031,17.517,letter,meditations,1,,server-2,2,1,2,5.401,8.584,11.115
combined-lc-lrt-cache-off-warm100,130,3,12.2385,10.376,18.060,28.436,she,the-picture-of-dorian-gray,1,,server-2,1,2,2,4.569,4.463,11.115
combined-lc-lrt-cache-off-warm100,130,3,12.2462,6.612,24.167,30.779,he,a-tale-of-two-cities,1,,server-1,2,2,2,4.569,4.463,11.115
combined-lc-lrt-cache-off-warm100,130,3,12.2538,1.745,34.670,36.416,of,the-war-of-the-worlds,1,,server-1,2,1,2,3.367,3.731,15.137
combined-lc-lrt-cache-off-warm100,130,3,12.2615,17.294,24.138,41.432,you,the-secret-adversary,1,,server-1,3,1,0,2.302,3.731,12.464
combined-lc-lrt-cache-off-warm100,130,3,12.2692,1.347,32.730,34.077,house,north-and-south,1,,server-2,3,1,0,2.302,5.188,12.464
combined-lc-lrt-cache-off-warm100,130,3,12.2769,26.458,34.895,61.353,was,desert-gold,1,,server-2,3,2,0,7.233,2.739,12.464
combined-lc-lrt-cache-off-warm100,130,3,12.2846,19.488,36.474,55.962,she,pride-and-prejudice,1,,server-2,2,3,0,5.883,2.739,12.464
combined-lc-lrt-cache-off-warm100,130,3,12.2923,12.911,47.066,59.976,death,autobiography-of-benjamin-franklin,1,,server-2,1,4,0,6.592,2.739,12.464
combined-lc-lrt-cache-off-warm100,130,3,12.3000,1.528,25.287,26.814,money,the-memoirs-of-sherlock-holmes,1,,server-3,1,4,1,6.592,2.739,12.464
combined-lc-lrt-cache-off-warm100,130,3,12.3077,1.768,23.657,25.425,whale,pride-and-prejudice,1,,server-1,1,3,1,7.970,3.857,6.457
combined-lc-lrt-cache-off-warm100,130,3,12.3154,19.075,9.550,28.624,death,the-hound-of-the-baskervilles-3070,1,,server-1,2,3,1,4.181,3.857,6.457
combined-lc-lrt-cache-off-warm100,130,3,12.3231,11.946,30.836,42.782,castle,the-portrait-of-a-lady-volume-1,1,,server-1,3,3,1,4.181,3.857,6.457
combined-lc-lrt-cache-off-warm100,130,3,12.3308,1.486,9.210,10.696,sea,the-great-gatsby,1,,server-3,3,3,1,4.181,3.857,8.114
combined-lc-lrt-cache-off-warm100,130,3,12.3385,3.728,22.698,26.426,whale,walden-and-on-the-duty-of-civil-disobedience,1,,server-3,2,3,2,3.799,9.962,4.232
combined-lc-lrt-cache-off-warm100,130,3,12.3462,19.053,34.222,53.276,whale,white-fang,1,,server-3,1,3,2,3.994,12.534,2.448
combined-lc-lrt-cache-off-warm100,130,3,12.3538,11.481,34.055,45.535,heart,the-works-of-edgar-allan-poe-volume-2,1,,server-3,1,0,3,3.994,15.093,2.448
combined-lc-lrt-cache-off-warm100,130,3,12.3615,4.577,16.351,20.928,letter,the-secret-garden,1,,server-1,2,0,3,3.994,15.093,2.448
combined-lc-lrt-cache-off-warm100,130,3,12.3692,13.866,23.047,36.913,king,leaves-of-grass,1,,server-1,2,0,2,4.102,15.093,3.145
combined-lc-lrt-cache-off-warm100,130,3,12.3769,23.208,15.879,39.087,london,grimms-fairy-tales,1,,server-3,2,0,3,4.102,15.093,3.145
combined-lc-lrt-cache-off-warm100,130,3,12.3846,21.944,18.885,40.829,of,the-return-of-sherlock-holmes-108,1,,server-1,2,0,3,3.976,15.093,3.145
combined-lc-lrt-cache-off-warm100,130,3,12.3923,14.713,44.788,59.501,whale,the-tenant-of-wildfell-hall,1,,server-1,3,0,3,3.258,15.093,3.145
combined-lc-lrt-cache-off-warm100,130,3,12.4000,2.266,39.559,41.825,love,a-tale-of-two-cities,1,,server-3,3,0,2,3.258,15.093,6.416
combined-lc-lrt-cache-off-warm100,130,3,12.4077,9.957,38.400,48.357,whale,a-princess-of-mars,1,,server-3,2,0,3,4.734,15.093,3.539
combined-lc-lrt-cache-off-warm100,130,3,12.4154,11.274,35.351,46.625,house,the-war-of-the-worlds,1,,server-1,3,0,3,4.734,15.093,5.855
combined-lc-lrt-cache-off-warm100,130,3,12.4231,20.557,43.090,63.646,letter,frankenstein-or-the-modern-prometheus,1,,server-3,3,0,3,4.734,15.093,3.625
combined-lc-lrt-cache-off-warm100,130,3,12.4308,23.730,32.416,56.147,heart,the-return-of-sherlock-holmes,1,,server-3,2,0,4,5.451,15.093,3.625
combined-lc-lrt-cache-off-warm100,130,3,12.4385,1.561,14.679,16.240,house,desert-gold,1,,server-2,2,1,4,5.399,15.093,3.625
combined-lc-lrt-cache-off-warm100,130,3,12.4462,9.014,23.665,32.679,king,the-odyssey,1,,server-2,2,2,3,5.399,7.808,8.765
combined-lc-lrt-cache-off-warm100,130,3,12.4538,8.634,11.373,20.007,love,poirot-investigates,1,,server-1,2,2,3,10.510,7.808,8.765
combined-lc-lrt-cache-off-warm100,130,3,12.4615,18.042,21.529,39.572,london,the-return-of-sherlock-holmes-108,1,,server-2,2,2,2,10.510,4.589,11.370
combined-lc-lrt-cache-off-warm100,130,3,12.4692,5.282,19.724,25.006,letter,the-adventures-of-sherlock-holmes,1,,server-1,2,2,2,6.688,4.589,11.370
combined-lc-lrt-cache-off-warm100,130,3,12.4769,17.799,24.984,42.783,whale,north-and-south,1,,server-1,2,2,2,3.545,4.589,11.370
combined-lc-lrt-cache-off-warm100,130,3,12.4846,17.085,15.246,32.331,london,cranford,1,,server-2,2,2,2,3.545,5.190,11.370
combined-lc-lrt-cache-off-warm100,130,3,12.4923,2.741,37.946,40.687,whale,twenty-thousand-leagues-under-the-sea,1,,server-1,3,2,0,3.545,5.190,11.852
combined-lc-lrt-cache-off-warm100,130,3,12.5000,33.227,19.891,53.118,castle,pride-and-prejudice,1,,server-1,3,2,0,2.604,5.190,11.852
combined-lc-lrt-cache-off-warm100,130,3,12.5077,9.870,21.604,31.474,the,the-last-of-the-mohicans-a-narrative-of-1757,1,,server-2,3,2,0,2.604,5.097,11.852
combined-lc-lrt-cache-off-warm100,130,3,12.5154,18.258,44.133,62.391,letter,great-expectations,1,,server-1,4,2,0,2.604,5.097,11.852
combined-lc-lrt-cache-off-warm100,130,3,12.5231,16.828,25.207,42.035,london,mansfield-park,1,,server-2,4,2,0,6.998,3.843,11.852
combined-lc-lrt-cache-off-warm100,130,3,12.5308,9.392,51.959,61.352,sea,the-moonstone,1,,server-2,4,3,0,6.998,3.843,11.852
combined-lc-lrt-cache-off-warm100,130,3,12.5385,1.712,12.389,14.101,night,the-wind-in-the-willows,1,,server-3,2,3,1,5.524,3.843,11.852
combined-lc-lrt-cache-off-warm100,130,3,12.5462,46.058,30.160,76.218,she,great-expectations,1,,server-2,2,3,1,5.524,3.155,6.163
combined-lc-lrt-cache-off-warm100,130,3,12.5538,1.781,14.784,16.564,king,desert-gold,1,,server-3,1,3,1,6.711,3.155,5.855
combined-lc-lrt-cache-off-warm100,130,3,12.5615,9.789,32.676,42.466,king,the-mystery-of-edwin-drood,1,,server-3,1,3,2,6.711,3.155,3.099
combined-lc-lrt-cache-off-warm100,130,3,12.5692,1.899,18.741,20.640,money,grimms-fairy-tales,1,,server-3,1,3,3,6.711,7.418,3.099
combined-lc-lrt-cache-off-warm100,130,3,12.5769,27.342,15.870,43.211,was,the-secret-adversary,1,,server-3,1,3,3,6.711,7.418,1.912
combined-lc-lrt-cache-off-warm100,130,3,12.5846,20.228,25.072,45.300,castle,autobiography-of-benjamin-franklin,1,,server-3,0,3,4,11.292,7.418,1.912
combined-lc-lrt-cache-off-warm100,130,3,12.5923,1.281,27.613,28.894,sea,jane-eyre-an-autobiography,1,,server-1,1,2,4,11.292,14.772,6.572
combined-lc-lrt-cache-off-warm100,130,3,12.6000,22.279,36.989,59.268,love,washington-square,1,,server-1,2,1,4,5.856,14.772,6.572
combined-lc-lrt-cache-off-warm100,130,3,12.6077,14.761,35.825,50.586,was,the-innocents-abroad,1,,server-1,3,1,2,5.856,14.772,6.134
combined-lc-lrt-cache-off-warm100,130,3,12.6154,13.466,29.570,43.036,horse,mansfield-park,1,,server-3,3,1,3,5.856,14.772,6.134
combined-lc-lrt-cache-off-warm100,130,3,12.6231,2.871,56.722,59.594,the,myths-and-legends-of-ancient-greece-and-rome,1,,server-1,3,0,3,4.310,14.202,7.148
combined-lc-lrt-cache-off-warm100,130,3,12.6308,30.174,19.448,49.622,heart,poirot-investigates,1,,server-1,4,0,2,3.092,14.202,7.289
combined-lc-lrt-cache-off-warm100,130,3,12.6385,1.112,20.243,21.355,whale,the-house-of-mirth,1,,server-2,4,1,1,3.092,14.202,7.289
combined-lc-lrt-cache-off-warm100,130,3,12.6462,12.906,12.065,24.971,money,agnes-grey,1,,server-3,4,1,2,3.092,7.339,7.289
combined-lc-lrt-cache-off-warm100,130,3,12.6538,6.715,12.716,19.432,horse,the-scarlet-letter-33,1,,server-2,4,2,2,3.092,7.339,7.289
combined-lc-lrt-cache-off-warm100,130,3,12.6615,11.955,37.016,48.971,death,the-mysterious-island,1,,server-2,2,2,1,9.901,4.625,6.292
combined-lc-lrt-cache-off-warm100,130,3,12.6692,4.790,33.876,38.666,you,his-last-bow,1,,server-2,2,3,1,9.901,3.781,6.292
combined-lc-lrt-cache-off-warm100,130,3,12.6769,1.469,27.090,28.559,of,the-mysterious-island,1,,server-3,2,2,1,9.901,2.540,5.846
combined-lc-lrt-cache-off-warm100,130,3,12.6846,21.127,18.225,39.352,the,thus-spake-zarathustra-a-book-for-all-and-none,1,,server-3,0,2,2,9.257,2.540,3.051
combined-lc-lrt-cache-off-warm100,130,3,12.6923,18.820,22.493,41.313,the,adventures-of-huckleberry-finn,1,,server-2,0,3,2,9.257,2.540,3.051
combined-lc-lrt-cache-off-warm100,130,3,12.7000,6.337,25.356,31.692,london,the-prince,1,,server-3,0,3,3,9.257,2.540,3.051
combined-lc-lrt-cache-off-warm100,130,3,12.7077,1.517,12.245,13.763,he,the-prince,1,,server-1,1,3,2,9.257,8.498,3.385
combined-lc-lrt-cache-off-warm100,130,3,12.7154,6.615,25.427,32.042,letter,the-romance-of-lust-a-classic-victorian-erotic-novel,1,,server-1,2,1,2,4.830,6.389,3.385
combined-lc-lrt-cache-off-warm100,130,3,12.7231,1.327,42.748,44.074,you,walden-and-on-the-duty-of-civil-disobedience,1,,server-1,2,1,2,3.149,6.389,3.385
combined-lc-lrt-cache-off-warm100,130,3,12.7308,18.301,58.979,77.280,was,far-from-the-madding-crowd,1,,server-1,3,1,2,1.723,6.389,5.111
combined-lc-lrt-cache-off-warm100,130,3,12.7385,10.912,58.555,69.467,you,tess-of-the-d-urbervilles-a-pure-woman,1,,server-1,4,0,0,1.723,7.655,7.140
combined-lc-lrt-cache-off-warm100,130,3,12.7462,1.320,19.267,20.587,london,the-odyssey,1,,server-3,4,0,1,1.723,7.655,7.140
combined-lc-lrt-cache-off-warm100,130,3,12.7538,13.663,33.531,47.195,you,the-mysterious-island,1,,server-3,3,0,2,3.453,7.655,3.727
combined-lc-lrt-cache-off-warm100,130,3,12.7615,1.214,19.352,20.566,horse,far-from-the-madding-crowd,1,,server-2,3,1,2,3.453,7.655,3.727
combined-lc-lrt-cache-off-warm100,130,3,12.7692,13.334,29.284,42.618,heart,great-expectations,1,,server-2,2,2,1,9.071,3.969,4.087
combined-lc-lrt-cache-off-warm100,130,3,12.7769,24.780,28.149,52.928,death,the-prince,1,,server-3,2,2,2,9.071,3.969,4.087
combined-lc-lrt-cache-off-warm100,130,3,12.7846,1.328,41.705,43.033,he,the-mystery-of-edwin-drood,1,,server-2,2,2,2,9.071,4.156,4.087
combined-lc-lrt-cache-off-warm100,130,3,12.7923,21.055,40.954,62.009,she,the-innocents-abroad,1,,server-2,2,3,2,9.071,3.166,4.087
combined-lc-lrt-cache-off-warm100,130,3,12.8000,1.871,27.610,29.481,london,jude-the-obscure,1,,server-3,2,3,3,9.071,3.166,4.087
combined-lc-lrt-cache-off-warm100,130,3,12.8077,22.302,11.540,33.843,and,dubliners,1,,server-3,2,3,3,21.314,3.166,3.440
combined-lc-lrt-cache-off-warm100,130,3,12.8154,14.751,24.633,39.384,sea,the-memoirs-of-sherlock-holmes,1,,server-3,0,2,4,17.085,5.640,3.440
combined-lc-lrt-cache-off-warm100,130,3,12.8231,6.203,46.903,53.107,and,life-on-the-mississippi,1,,server-2,0,3,4,17.085,5.640,3.440
combined-lc-lrt-cache-off-warm100,130,3,12.8308,21.535,40.063,61.598,the,the-odyssey,1,,server-3,0,2,3,17.085,6.246,3.693
combined-lc-lrt-cache-off-warm100,130,3,12.8385,14.884,36.343,51.227,heart,a-tale-of-two-cities,1,,server-3,0,2,4,17.085,6.246,3.693
combined-lc-lrt-cache-off-warm100,130,3,12.8462,1.470,15.294,16.765,of,kidnapped,1,,server-1,1,2,4,17.085,6.246,5.876
combined-lc-lrt-cache-off-warm100,130,3,12.8538,9.626,16.551,26.177,money,the-return-of-sherlock-holmes,1,,server-1,2,2,3,8.814,6.246,7.320
combined-lc-lrt-cache-off-warm100,130,3,12.8615,31.920,12.067,43.987,letter,autobiography-of-benjamin-franklin,1,,server-3,2,1,3,8.814,10.559,5.958
combined-lc-lrt-cache-off-warm100,130,3,12.8692,11.366,10.634,21.999,sea,around-the-world-in-eighty-days,1,,server-1,2,1,3,5.012,10.559,5.958
combined-lc-lrt-cache-off-warm100,130,3,12.8769,1.233,11.411,12.644,he,washington-square,1,,server-2,2,1,3,5.012,14.180,5.958
combined-lc-lrt-cache-off-warm100,130,3,12.8846,7.081,31.484,38.565,he,the-innocents-abroad,1,,server-1,2,1,3,4.334,7.346,5.958
combined-lc-lrt-cache-off-warm100,130,3,12.8923,1.076,51.315,52.391,heart,the-memoirs-of-sherlock-holmes,1,,server-1,2,0,3,2.878,6.419,11.592
combined-lc-lrt-cache-off-warm100,130,3,12.9000,45.080,31.379,76.459,london,meditations,1,,server-1,3,0,1,1.529,6.419,9.696
combined-lc-lrt-cache-off-warm100,130,3,12.9077,34.556,20.305,54.861,love,walden-and-on-the-duty-of-civil-disobedience,1,,server-1,4,0,0,1.529,6.419,8.078
combined-lc-lrt-cache-off-warm100,130,3,12.9154,1.153,24.785,25.938,and,life-on-the-mississippi,1,,server-2,4,1,0,1.529,6.419,8.078
combined-lc-lrt-cache-off-warm100,130,3,12.9231,18.337,23.023,41.359,death,dracula,1,,server-2,4,2,0,11.442,3.362,8.078
combined-lc-lrt-cache-off-warm100,130,3,12.9308,1.390,19.991,21.381,king,the-house-of-the-seven-gables,1,,server-3,4,2,1,11.442,3.362,8.078
combined-lc-lrt-cache-off-warm100,130,3,12.9385,14.456,12.159,26.615,was,meditations,1,,server-3,4,2,2,11.442,5.563,4.209
combined-lc-lrt-cache-off-warm100,130,3,12.9462,19.203,18.982,38.185,was,the-house-of-mirth,1,,server-2,2,2,2,12.766,5.186,4.209
combined-lc-lrt-cache-off-warm100,130,3,12.9538,9.463,26.163,35.625,he,a-journey-to-the-centre-of-the-earth,1,,server-3,2,2,2,12.766,5.186,4.354
combined-lc-lrt-cache-off-warm100,130,3,12.9615,4.088,22.300,26.388,the,cranford,1,,server-3,2,2,3,12.766,5.186,3.574
combined-lc-lrt-cache-off-warm100,130,3,12.9692,20.617,28.672,49.288,horse,the-adventures-of-tom-sawyer-complete,1,,server-3,2,1,3,13.741,5.467,2.591
combined-lc-lrt-cache-off-warm100,130,3,12.9769,13.591,30.052,43.643,was,walden-and-on-the-duty-of-civil-disobedience,1,,server-3,0,1,4,13.523,5.467,2.591
combined-lc-lrt-cache-off-warm100,130,3,12.9846,1.118,18.186,19.305,love,the-divine-comedy,1,,server-2,0,2,4,13.523,6.461,2.591
combined-lc-lrt-cache-off-warm100,130,3,12.9923,12.237,31.579,43.817,london,life-on-the-mississippi,1,,server-2,0,2,2,13.523,3.370,4.168
combined-lc-lrt-cache-off-warm100,130,3,13.0000,4.689,32.594,37.282,was,the-wind-in-the-willows,1,,server-2,0,3,2,13.523,3.370,4.168
combined-lc-lrt-cache-off-warm100,130,3,13.0077,30.220,43.260,73.479,he,the-american,1,,server-2,0,3,2,13.523,2.278,4.168
combined-lc-lrt-cache-off-warm100,130,3,13.0154,22.748,19.278,42.026,whale,the-house-of-mirth,1,,server-2,0,4,2,13.523,2.278,4.168
combined-lc-lrt-cache-off-warm100,130,3,13.0231,1.289,24.643,25.932,the,leaves-of-grass,1,,server-3,0,4,1,13.523,2.278,8.590
combined-lc-lrt-cache-off-warm100,130,3,13.0308,18.881,21.005,39.886,love,jude-the-obscure,1,,server-3,0,4,2,13.523,2.278,4.466
combined-lc-lrt-cache-off-warm100,130,3,13.0385,11.391,29.148,40.539,heart,the-war-of-the-worlds,1,,server-3,0,3,3,13.523,5.422,4.466
combined-lc-lrt-cache-off-warm100,130,3,13.0462,1.258,27.090,28.348,you,the-moonstone,1,,server-1,1,2,3,13.523,5.422,4.466
combined-lc-lrt-cache-off-warm100,130,3,13.0538,24.446,23.155,47.601,house,dracula,1,,server-3,1,2,3,6.994,5.422,3.882
combined-lc-lrt-cache-off-warm100,130,3,13.0615,19.958,20.320,40.278,she,sense-and-sensibility,1,,server-2,1,2,3,6.994,6.595,3.882
combined-lc-lrt-cache-off-warm100,130,3,13.0692,5.958,20.778,26.737,death,the-portrait-of-a-lady-volume-1,1,,server-1,2,2,3,6.994,6.595,3.882
combined-lc-lrt-cache-off-warm100,130,3,13.0769,16.008,24.055,40.063,night,madame-bovary,1,,server-1,2,2,2,5.148,6.595,8.000
combined-lc-lrt-cache-off-warm100,130,3,13.0846,11.964,32.764,44.728,death,the-secret-adversary,1,,server-1,3,1,1,4.247,7.640,7.769
combined-lc-lrt-cache-off-warm100,130,3,13.0923,9.874,27.240,37.113,of,the-moonstone,1,,server-2,3,2,1,4.247,7.640,7.769
combined-lc-lrt-cache-off-warm100,130,3,13.1000,27.309,22.266,49.575,money,the-age-of-innocence,1,,server-1,3,2,1,4.393,7.640,7.769
combined-lc-lrt-cache-off-warm100,130,3,13.1077,1.581,11.585,13.166,letter,silas-marner,1,,server-3,3,1,1,4.393,5.072,8.526
combined-lc-lrt-cache-off-warm100,130,3,13.1154,5.946,12.670,18.616,castle,the-picture-of-dorian-gray,1,,server-3,3,1,2,4.393,5.072,4.431
combined-lc-lrt-cache-off-warm100,130,3,13.1231,10.952,38.718,49.669,castle,the-return-of-sherlock-holmes-108,1,,server-3,3,1,2,8.126,5.072,2.923
combined-lc-lrt-cache-off-warm100,130,3,13.1308,3.748,38.637,42.385,you,thus-spake-zarathustra-a-book-for-all-and-none,1,,server-3,1,0,3,8.558,7.536,2.374
combined-lc-lrt-cache-off-warm100,130,3,13.1385,34.471,16.726,51.196,sea,the-divine-comedy,1,,server-3,1,0,3,8.558,7.536,2.256
combined-lc-lrt-cache-off-warm100,130,3,13.1462,1.131,21.254,22.385,sea,a-connecticut-yankee-in-king-arthur-s-court,1,,server-2,1,1,3,8.558,7.536,2.256
combined-lc-lrt-cache-off-warm100,130,3,13.1538,15.687,23.006,38.693,money,mansfield-park,1,,server-2,0,2,3,8.724,3.929,2.256
combined-lc-lrt-cache-off-warm100,130,3,13.1615,1.322,20.764,22.086,of,pride-and-prejudice,1,,server-1,1,2,3,8.724,3.929,2.256
combined-lc-lrt-cache-off-warm100,130,3,13.1692,15.002,11.736,26.738,king,the-jungle-book,1,,server-1,2,1,3,4.539,5.653,7.900
combined-lc-lrt-cache-off-warm100,130,3,13.1769,16.372,23.079,39.451,she,dracula,1,,server-2,2,2,1,4.539,4.537,9.640
combined-lc-lrt-cache-off-warm100,130,3,13.1846,1.530,23.409,24.938,she,persuasion,1,,server-1,2,2,1,4.597,4.537,9.640
combined-lc-lrt-cache-off-warm100,130,3,13.1923,5.095,29.993,35.087,and,walden-and-on-the-duty-of-civil-disobedience,1,,server-1,3,2,0,2.585,7.618,8.782
combined-lc-lrt-cache-off-warm100,130,3,13.2000,10.889,36.828,47.717,and,far-from-the-madding-crowd,1,,server-1,3,1,0,2.418,4.941,8.782
combined-lc-lrt-cache-off-warm100,130,3,13.2077,1.431,24.007,25.438,horse,the-last-of-the-mohicans-a-narrative-of-1757,1,,server-3,3,1,1,2.418,4.941,8.782
combined-lc-lrt-cache-off-warm100,130,3,13.2154,18.271,18.982,37.253,you,the-works-of-edgar-allan-poe-volume-2,1,,server-3,2,1,2,3.765,4.941,4.575
combined-lc-lrt-cache-off-warm100,130,3,13.2231,1.539,26.097,27.636,castle,tess-of-the-d-urbervilles-a-pure-woman,1,,server-2,2,1,2,3.765,6.803,4.575
combined-lc-lrt-cache-off-warm100,130,3,13.2308,20.702,8.552,29.254,money,the-hound-of-the-baskervilles-3070,1,,server-2,1,2,2,7.178,3.561,4.575
combined-lc-lrt-cache-off-warm100,130,3,13.2385,14.798,13.123,27.921,and,dubliners,1,,server-3,1,2,2,7.178,3.561,5.181
combined-lc-lrt-cache-off-warm100,130,3,13.2462,5.508,24.478,29.986,horse,walden-and-on-the-duty-of-civil-disobedience,1,,server-2,1,3,2,7.178,3.561,5.181
combined-lc-lrt-cache-off-warm100,130,3,13.2538,2.034,30.475,32.508,letter,walden-and-on-the-duty-of-civil-disobedience,1,,server-3,0,2,2,10.401,3.109,4.658
combined-lc-lrt-cache-off-warm100,130,3,13.2615,15.241,27.758,42.998,house,the-vicomte-de-bragelonne,1,,server-2,0,2,2,10.401,3.369,3.160
combined-lc-lrt-cache-off-warm100,130,3,13.2692,17.791,11.638,29.428,and,poirot-investigates,1,,server-3,0,2,2,10.401,3.369,4.964
combined-lc-lrt-cache-off-warm100,130,3,13.2769,1.509,37.576,39.085,he,herland,1,,server-2,0,2,2,10.401,4.937,4.964
combined-lc-lrt-cache-off-warm100,130,3,13.2846,20.620,41.258,61.878,money,the-iliad,1,,server-2,0,3,2,10.401,2.629,4.964
combined-lc-lrt-cache-off-warm100,130,3,13.2923,6.913,12.411,19.324,she,autobiography-of-benjamin-franklin,1,,server-3,0,3,2,10.401,2.629,5.114
combined-lc-lrt-cache-off-warm100,130,3,13.3000,1.480,33.274,34.754,and,a-tale-of-two-cities,1,,server-3,0,3,2,10.401,2.629,3.220
combined-lc-lrt-cache-off-warm100,130,3,13.3077,5.275,33.252,38.527,love,a-princess-of-mars,1,,server-3,0,3,3,10.401,6.804,2.181
combined-lc-lrt-cache-off-warm100,130,3,13.3154,20.323,21.257,41.580,letter,a-journey-to-the-centre-of-the-earth,1,,server-3,0,2,3,10.401,13.144,3.393
combined-lc-lrt-cache-off-warm100,130,3,13.3231,2.071,12.566,14.637,house,treasure-island,1,,server-1,1,1,3,10.401,10.630,3.393
combined-lc-lrt-cache-off-warm100,130,3,13.3308,7.578,20.485,28.063,house,the-divine-comedy,1,,server-1,2,1,3,5.429,10.630,3.393
combined-lc-lrt-cache-off-warm100,130,3,13.3385,1.614,40.480,42.094,and,sense-and-sensibility,1,,server-1,2,1,2,3.460,10.630,6.268
combined-lc-lrt-cache-off-warm100,130,3,13.3462,14.331,51.621,65.952,whale,leaves-of-grass,1,,server-1,3,1,2,1.967,14.879,7.713
combined-lc-lrt-cache-off-warm100,130,3,13.3538,6.837,29.490,36.326,horse,poirot-investigates,1,,server-1,4,0,2,1.967,11.922,7.713
combined-lc-lrt-cache-off-warm100,130,3,13.3615,0.986,9.929,10.915,letter,the-great-gatsby,1,,server-3,3,0,1,2.638,11.922,8.461
combined-lc-lrt-cache-off-warm100,130,3,13.3692,3.847,12.654,16.501,sea,beyond-good-and-evil,1,,server-3,3,0,2,2.638,11.922,4.397
combined-lc-lrt-cache-off-warm100,130,3,13.3769,9.574,21.045,30.619,money,the-memoirs-of-sherlock-holmes,1,,server-3,3,0,2,2.638,11.922,2.573
combined-lc-lrt-cache-off-warm100,130,3,13.3846,2.364,43.611,45.975,horse,the-song-of-the-lark,1,,server-3,3,0,3,8.150,11.922,2.573
combined-lc-lrt-cache-off-warm100,130,3,13.3923,38.771,34.413,73.184,and,the-odyssey,1,,server-3,2,0,3,9.823,11.922,1.781
combined-lc-lrt-cache-off-warm100,130,3,13.4000,31.560,34.097,65.657,horse,madame-bovary,1,,server-3,1,0,4,9.823,11.922,1.781
combined-lc-lrt-cache-off-warm100,130,3,13.4077,1.084,18.265,19.349,was,a-connecticut-yankee-in-king-arthur-s-court,1,,server-2,1,1,4,9.823,11.922,5.549
combined-lc-lrt-cache-off-warm100,130,3,13.4154,12.835,25.254,38.089,money,the-song-of-the-lark,1,,server-2,0,2,4,14.401,6.173,5.549
combined-lc-lrt-cache-off-warm100,130,3,13.4231,1.280,9.278,10.558,castle,the-hound-of-the-baskervilles-3070,1,,server-1,1,2,4,14.401,6.173,5.549
combined-lc-lrt-cache-off-warm100,130,3,13.4308,23.546,27.668,51.214,london,the-vicomte-de-bragelonne,1,,server-2,1,2,3,7.467,5.065,14.045
combined-lc-lrt-cache-off-warm100,130,3,13.4385,1.437,21.238,22.675,heart,desperate-remedies,1,,server-1,1,2,2,6.209,5.065,7.290
combined-lc-lrt-cache-off-warm100,130,3,13.4462,15.757,24.791,40.548,money,poirot-investigates,1,,server-1,2,2,2,3.260,5.065,7.290
combined-lc-lrt-cache-off-warm100,130,3,13.4538,8.223,26.284,34.507,letter,a-connecticut-yankee-in-king-arthur-s-court,1,,server-1,3,1,2,3.260,9.321,7.290
combined-lc-lrt-cache-off-warm100,130,3,13.4615,21.180,10.606,31.786,night,the-prince,1,,server-2,2,2,2,4.217,6.033,7.290
combined-lc-lrt-cache-off-warm100,130,3,13.4692,19.866,34.377,54.242,love,the-american,1,,server-1,3,2,0,2.765,6.033,10.775
combined-lc-lrt-cache-off-warm100,130,3,13.4769,1.466,11.600,13.066,london,the-prince,1,,server-3,3,2,1,2.765,6.033,10.775
combined-lc-lrt-cache-off-warm100,130,3,13.4846,4.672,17.212,21.883,house,the-memoirs-of-sherlock-holmes,1,,server-1,4,1,1,2.765,6.273,5.582
combined-lc-lrt-cache-off-warm100,130,3,13.4923,1.646,27.545,29.191,castle,the-romance-of-lust-a-classic-victorian-erotic-novel,1,,server-3,2,1,1,3.128,6.273,5.394
combined-lc-lrt-cache-off-warm100,130,3,13.5000,1.562,20.962,22.525,money,life-on-the-mississippi,1,,server-2,2,1,1,3.128,5.649,2.830
combined-lc-lrt-cache-off-warm100,130,3,13.5077,14.683,26.038,40.721,of,great-expectations,1,,server-3,2,1,2,5.849,2.985,2.830
combined-lc-lrt-cache-off-warm100,130,3,13.5154,7.662,18.978,26.641,was,the-age-of-innocence,1,,server-2,2,2,2,5.849,2.985,2.830
combined-lc-lrt-cache-off-warm100,130,3,13.5231,2.088,59.604,61.693,of,villette,1,,server-2,1,2,1,10.014,3.379,4.581
combined-lc-lrt-cache-off-warm100,130,3,13.5308,12.675,54.312,66.986,the,the-mysterious-affair-at-styles,1,,server-2,0,3,1,10.014,1.943,4.581
combined-lc-lrt-cache-off-warm100,130,3,13.5385,5.098,43.284,48.382,was,the-adventures-of-sherlock-holmes,1,,server-2,0,4,1,10.014,1.943,4.581
combined-lc-lrt-cache-off-warm100,130,3,13.5462,22.171,43.647,65.818,king,the-works-of-edgar-allan-poe-volume-2,1,,server-2,0,4,1,10.014,2.288,4.581
combined-lc-lrt-cache-off-warm100,130,3,13.5538,3.262,26.200,29.463,heart,mary-barton,1,,server-3,0,4,1,10.014,2.288,7.046
combined-lc-lrt-cache-off-warm100,130,3,13.5615,21.348,15.581,36.929,love,the-works-of-edgar-allan-poe-volume-2,1,,server-3,0,4,2,10.014,2.288,3.674
combined-lc-lrt-cache-off-warm100,130,3,13.5692,1.344,9.735,11.079,horse,the-mysterious-affair-at-styles,1,,server-1,1,4,2,10.014,4.868,3.674
combined-lc-lrt-cache-off-warm100,130,3,13.5769,3.724,31.958,35.682,castle,villette,1,,server-1,2,4,2,5.223,4.868,3.674
combined-lc-lrt-cache-off-warm100,130,3,13.5846,28.904,33.838,62.742,love,the-return-of-sherlock-holmes-108,1,,server-1,2,4,2,2.849,16.763,6.473
combined-lc-lrt-cache-off-warm100,130,3,13.5923,21.128,32.233,53.361,heart,the-last-of-the-mohicans-a-narrative-of-1757-27681,1,,server-1,3,4,1,2.849,17.986,6.473
combined-lc-lrt-cache-off-warm100,130,3,13.6000,1.403,16.520,17.923,horse,the-divine-comedy,1,,server-3,3,2,1,2.849,17.847,6.598
combined-lc-lrt-cache-off-warm100,130,3,13.6077,10.930,41.038,51.968,heart,a-tale-of-two-cities,1,,server-3,3,2,2,2.849,17.847,3.458
combined-lc-lrt-cache-off-warm100,130,3,13.6154,3.404,20.376,23.780,house,the-american,1,,server-3,2,0,3,5.406,16.442,3.458
combined-lc-lrt-cache-off-warm100,130,3,13.6231,37.339,69.016,106.355,whale,northanger-abbey,1,,server-3,2,0,3,5.406,16.442,2.021
combined-lc-lrt-cache-off-warm100,130,3,13.6308,30.013,66.710,96.723,death,the-iliad,1,,server-3,2,0,4,5.406,16.442,2.021
combined-lc-lrt-cache-off-warm100,130,3,13.6385,22.712,24.931,47.644,night,the-tenant-of-wildfell-hall,1,,server-3,2,0,5,5.406,16.442,2.021
combined-lc-lrt-cache-off-warm100,130,3,13.6462,1.826,10.768,12.595,she,agnes-grey,1,,server-2,2,1,5,10.673,16.442,5.589
combined-lc-lrt-cache-off-warm100,130,3,13.6538,1.287,18.106,19.393,horse,the-divine-comedy,1,,server-1,1,1,5,10.040,8.500,5.589
combined-lc-lrt-cache-off-warm100,130,3,13.6615,1.559,10.466,12.026,sea,black-beauty,1,,server-2,1,1,4,5.214,7.104,5.444
combined-lc-lrt-cache-off-warm100,130,3,13.6692,4.997,15.151,20.148,she,desert-gold,1,,server-2,1,2,3,5.214,3.730,5.444
combined-lc-lrt-cache-off-warm100,130,3,13.6769,13.236,10.945,24.181,she,the-great-gatsby,1,,server-2,0,2,3,6.183,2.515,5.444
combined-lc-lrt-cache-off-warm100,130,3,13.6846,1.323,19.846,21.169,death,the-memoirs-of-sherlock-holmes,1,,server-1,1,2,3,6.183,2.515,5.444
combined-lc-lrt-cache-off-warm100,130,3,13.6923,13.860,11.732,25.592,the,dubliners,1,,server-1,2,1,2,3.237,3.318,7.450
combined-lc-lrt-cache-off-warm100,130,3,13.7000,1.860,18.511,20.370,she,the-adventures-of-sherlock-holmes,1,,server-2,2,2,2,3.237,3.318,7.450
combined-lc-lrt-cache-off-warm100,130,3,13.7077,13.177,36.093,49.270,night,dubliners,1,,server-2,1,2,2,4.031,2.075,7.450
combined-lc-lrt-cache-off-warm100,130,3,13.7154,5.627,37.821,43.448,money,desert-gold,1,,server-2,1,3,2,4.031,2.075,7.450
combined-lc-lrt-cache-off-warm100,130,3,13.7231,2.023,17.112,19.134,death,the-hound-of-the-baskervilles,1,,server-1,1,2,2,4.410,2.109,7.450
combined-lc-lrt-cache-off-warm100,130,3,13.7308,12.257,20.390,32.647,you,the-scarlet-letter,1,,server-1,2,2,0,2.336,2.109,21.027
combined-lc-lrt-cache-off-warm100,130,3,13.7385,20.937,47.190,68.127,castle,adventures-of-huckleberry-finn,1,,server-2,2,3,0,2.336,2.109,21.027
combined-lc-lrt-cache-off-warm100,130,3,13.7462,17.823,12.945,30.768,money,memoirs-of-fanny-hill,1,,server-1,2,3,0,3.251,2.109,21.027
combined-lc-lrt-cache-off-warm100,130,3,13.7538,5.712,25.911,31.623,she,the-tenant-of-wildfell-hall,1,,server-2,2,4,0,3.251,2.109,21.027
combined-lc-lrt-cache-off-warm100,130,3,13.7615,2.740,23.737,26.477,london,autobiography-of-benjamin-franklin,1,,server-1,3,2,0,3.251,3.882,21.027
combined-lc-lrt-cache-off-warm100,130,3,13.7692,17.514,16.651,34.165,castle,washington-square,1,,server-1,3,2,0,2.450,3.882,21.027
combined-lc-lrt-cache-off-warm100,130,3,13.7769,30.512,19.409,49.921,money,sense-and-sensibility,1,,server-2,3,3,0,4.458,3.882,21.027
combined-lc-lrt-cache-off-warm100,130,3,13.7846,5.015,21.074,26.090,london,the-jungle-book,1,,server-1,3,3,0,4.458,3.882,21.027
combined-lc-lrt-cache-off-warm100,130,3,13.7923,19.308,30.359,49.667,of,silas-marner,1,,server-1,3,2,0,3.547,7.112,21.027
combined-lc-lrt-cache-off-warm100,130,3,13.8000,11.472,18.588,30.060,was,hard-times,1,,server-1,4,2,0,3.547,7.112,21.027
combined-lc-lrt-cache-off-warm100,130,3,13.8077,1.581,34.261,35.841,love,the-divine-comedy,1,,server-2,4,2,0,5.875,10.322,21.027
combined-lc-lrt-cache-off-warm100,130,3,13.8154,15.119,49.015,64.134,letter,twenty-thousand-leagues-under-the-sea,1,,server-1,3,2,0,3.879,5.408,21.027
combined-lc-lrt-cache-off-warm100,130,3,13.8231,7.636,51.994,59.630,was,the-song-of-the-lark,1,,server-1,4,2,0,3.879,5.408,21.027
combined-lc-lrt-cache-off-warm100,130,3,13.8308,13.129,20.329,33.458,whale,dubliners,1,,server-2,4,2,0,4.099,6.502,21.027
combined-lc-lrt-cache-off-warm100,130,3,13.8385,5.494,19.947,25.442,whale,beyond-good-and-evil,1,,server-2,4,3,0,4.099,6.502,21.027
combined-lc-lrt-cache-off-warm100,130,3,13.8462,18.355,28.584,46.940,whale,the-mysterious-affair-at-styles,1,,server-2,2,3,0,8.818,3.466,21.027
combined-lc-lrt-cache-off-warm100,130,3,13.8538,11.046,28.489,39.534,was,madame-bovary,1,,server-2,2,4,0,8.818,3.466,21.027
combined-lc-lrt-cache-off-warm100,130,3,13.8615,5.493,48.176,53.670,money,far-from-the-madding-crowd,1,,server-2,2,5,0,8.818,3.466,21.027
combined-lc-lrt-cache-off-warm100,130,3,13.8692,46.994,56.663,103.657,letter,the-vicomte-de-bragelonne,1,,server-2,2,4,0,8.818,2.198,21.027
combined-lc-lrt-cache-off-warm100,130,3,13.8769,39.891,27.873,67.764,house,wuthering-heights,1,,server-2,2,5,0,8.818,2.198,21.027
combined-lc-lrt-cache-off-warm100,130,3,13.8846,31.986,12.274,44.261,sea,the-hound-of-the-baskervilles-3070,1,,server-2,0,6,0,14.807,2.198,21.027
combined-lc-lrt-cache-off-warm100,130,3,13.8923,1.209,23.134,24.343,death,desperate-remedies,1,,server-1,1,6,0,14.807,2.198,21.027
combined-lc-lrt-cache-off-warm100,130,3,13.9000,17.366,14.965,32.331,of,the-king-in-yellow,1,,server-1,2,6,0,7.645,11.415,21.027
combined-lc-lrt-cache-off-warm100,130,3,13.9077,1.675,30.943,32.617,sea,mansfield-park,1,,server-3,2,6,1,7.645,11.415,21.027
combined-lc-lrt-cache-off-warm100,130,3,13.9154,25.377,9.973,35.350,was,the-prince,1,,server-3,2,3,2,11.699,13.706,10.849
combined-lc-lrt-cache-off-warm100,130,3,13.9231,9.560,8.687,18.247,king,the-hound-of-the-baskervilles-3070,1,,server-1,2,3,2,6.068,7.091,10.849
combined-lc-lrt-cache-off-warm100,130,3,13.9308,2.232,16.128,18.361,london,the-great-gatsby,1,,server-1,3,3,2,6.068,8.021,10.849
combined-lc-lrt-cache-off-warm100,130,3,13.9385,11.092,43.293,54.385,was,the-vicomte-de-bragelonne,1,,server-1,3,3,2,2.382,8.021,10.849
combined-lc-lrt-cache-off-warm100,130,3,13.9462,3.609,38.861,42.470,death,the-divine-comedy,1,,server-1,3,1,1,2.900,10.263,8.510
combined-lc-lrt-cache-off-warm100,130,3,13.9538,1.386,12.283,13.669,castle,cranford,1,,server-3,2,1,1,2.391,10.263,7.020
combined-lc-lrt-cache-off-warm100,130,3,13.9615,27.545,20.406,47.950,and,the-adventures-of-sherlock-holmes,1,,server-1,3,1,1,2.391,10.263,3.666
combined-lc-lrt-cache-off-warm100,130,3,13.9692,1.027,12.187,13.214,death,around-the-world-in-eighty-days,1,,server-3,3,1,1,2.391,10.263,4.257
combined-lc-lrt-cache-off-warm100,130,3,13.9769,6.089,14.817,20.906,letter,grimms-fairy-tales,1,,server-3,3,0,2,2.391,15.526,2.239
combined-lc-lrt-cache-off-warm100,130,3,13.9846,14.053,50.327,64.380,and,the-adventures-of-ferdinand-count-fathom-complete,1,,server-3,3,0,2,2.391,15.526,2.275
combined-lc-lrt-cache-off-warm100,130,3,13.9923,6.086,20.087,26.173,london,the-jungle,1,,server-3,2,0,3,8.383,15.526,2.275
combined-lc-lrt-cache-off-warm100,130,3,14.0000,18.760,46.148,64.908,you,kidnapped,1,,server-3,1,0,3,10.351,15.526,2.439
combined-lc-lrt-cache-off-warm100,130,3,14.0077,12.100,51.924,64.024,the,the-kama-sutra-of-vatsyayana,1,,server-3,1,0,4,10.351,15.526,1.982
combined-lc-lrt-cache-off-warm100,130,3,14.0154,1.107,30.624,31.731,and,the-last-of-the-mohicans-a-narrative-of-1757,1,,server-1,1,0,4,9.320,15.526,1.982
combined-lc-lrt-cache-off-warm100,130,3,14.0231,24.378,14.922,39.300,love,memoirs-of-fanny-hill,1,,server-1,2,0,3,4.839,15.526,3.671
combined-lc-lrt-cache-off-warm100,130,3,14.0308,16.829,38.326,55.155,heart,sense-and-sensibility,1,,server-1,3,0,3,4.839,15.526,3.671
combined-lc-lrt-cache-off-warm100,130,3,14.0385,11.435,34.826,46.261,sea,the-scarlet-letter-33,1,,server-3,3,0,4,4.839,15.526,3.671
combined-lc-lrt-cache-off-warm100,130,3,14.0462,1.669,23.030,24.699,and,thus-spake-zarathustra-a-book-for-all-and-none,1,,server-2,3,1,4,4.839,15.526,4.220
combined-lc-lrt-cache-off-warm100,130,3,14.0538,9.587,50.750,60.337,sea,jane-eyre-an-autobiography,1,,server-1,3,1,4,4.489,8.045,9.365
combined-lc-lrt-cache-off-warm100,130,3,14.0615,10.630,15.202,25.832,love,the-secret-garden-17396,1,,server-2,3,2,4,4.489,8.045,9.365
combined-lc-lrt-cache-off-warm100,130,3,14.0692,17.976,49.219,67.195,the,dracula,1,,server-1,3,2,3,4.534,8.045,17.178
combined-lc-lrt-cache-off-warm100,130,3,14.0769,10.730,14.782,25.512,she,the-mysterious-affair-at-styles,1,,server-2,3,2,1,4.534,5.681,16.479
combined-lc-lrt-cache-off-warm100,130,3,14.0846,3.229,21.522,24.751,she,poirot-investigates,1,,server-2,3,3,1,7.512,5.681,17.519
combined-lc-lrt-cache-off-warm100,130,3,14.0923,17.397,32.988,50.385,london,twenty-thousand-leagues-under-the-sea,1,,server-2,2,3,0,7.448,2.274,14.033
combined-lc-lrt-cache-off-warm100,130,3,14.1000,10.225,34.262,44.487,he,a-princess-of-mars,1,,server-2,2,4,0,7.448,2.274,14.033
combined-lc-lrt-cache-off-warm100,130,3,14.1077,1.216,12.909,14.125,letter,the-picture-of-dorian-gray,1,,server-3,2,4,1,7.448,4.667,14.033
combined-lc-lrt-cache-off-warm100,130,3,14.1154,27.428,16.920,44.348,letter,the-house-of-the-seven-gables,1,,server-2,1,3,1,9.730,3.343,7.265
combined-lc-lrt-cache-off-warm100,130,3,14.1231,1.293,13.930,15.223,was,the-secret-garden-17396,1,,server-3,1,3,1,9.730,3.343,6.672
combined-lc-lrt-cache-off-warm100,130,3,14.1308,7.967,17.847,25.814,of,northanger-abbey,1,,server-3,1,3,2,9.730,3.343,3.483
combined-lc-lrt-cache-off-warm100,130,3,14.1385,1.019,39.390,40.409,london,the-jungle,1,,server-3,0,3,3,13.972,6.154,3.759
combined-lc-lrt-cache-off-warm100,130,3,14.1462,33.193,14.655,47.848,she,herland,1,,server-3,0,1,3,13.972,8.862,1.708
combined-lc-lrt-cache-off-warm100,130,3,14.1538,26.038,32.078,58.116,death,thus-spake-zarathustra-a-book-for-all-and-none,1,,server-3,0,1,4,13.972,8.862,1.708
combined-lc-lrt-cache-off-warm100,130,3,14.1615,1.229,25.600,26.828,night,emma,1,,server-2,0,1,4,13.972,8.073,4.832
combined-lc-lrt-cache-off-warm100,130,3,14.1692,19.646,12.560,32.207,she,the-first-men-in-the-moon,1,,server-2,0,2,4,13.972,4.203,4.832
combined-lc-lrt-cache-off-warm100,130,3,14.1769,12.536,23.535,36.071,love,the-scarlet-letter-33,1,,server-2,0,3,4,13.972,4.203,7.881
combined-lc-lrt-cache-off-warm100,130,3,14.1846,1.065,18.385,19.450,castle,the-last-of-the-mohicans-a-narrative-of-1757-27681,1,,server-1,1,3,2,13.972,4.203,7.443
combined-lc-lrt-cache-off-warm100,130,3,14.1923,21.127,16.875,38.002,she,the-house-of-the-seven-gables,1,,server-2,1,3,2,7.201,4.066,7.443
combined-lc-lrt-cache-off-warm100,130,3,14.2000,4.538,18.687,23.225,the,desert-gold,1,,server-1,2,3,2,7.201,4.066,7.045
combined-lc-lrt-cache-off-warm100,130,3,14.2077,16.355,14.985,31.340,of,autobiography-of-benjamin-franklin,1,,server-1,2,3,2,4.286,5.682,7.045
combined-lc-lrt-cache-off-warm100,130,3,14.2154,1.174,20.492,21.666,night,far-from-the-madding-crowd,1,,server-3,2,1,1,4.286,6.118,9.447
combined-lc-lrt-cache-off-warm100,130,3,14.2231,14.322,22.020,36.343,house,pride-and-prejudice,1,,server-3,2,1,2,7.096,6.118,4.906
combined-lc-lrt-cache-off-warm100,130,3,14.2308,1.201,24.468,25.669,king,jude-the-obscure,1,,server-2,1,1,2,4.521,6.581,4.906
combined-lc-lrt-cache-off-warm100,130,3,14.2385,18.835,21.015,39.850,london,the-house-of-mirth,1,,server-2,1,2,1,4.521,3.444,4.690
combined-lc-lrt-cache-off-warm100,130,3,14.2462,1.694,32.196,33.890,was,mary-barton,1,,server-1,1,2,1,5.272,3.444,4.690
combined-lc-lrt-cache-off-warm100,130,3,14.2538,26.824,27.490,54.313,letter,around-the-world-in-eighty-days,1,,server-1,2,2,1,2.805,3.444,4.690
combined-lc-lrt-cache-off-warm100,130,3,14.2615,1.418,19.487,20.905,love,anne-of-green-gables,1,,server-3,2,1,1,2.805,5.422,6.490
combined-lc-lrt-cache-off-warm100,130,3,14.2692,14.067,22.688,36.755,king,madame-bovary,1,,server-3,2,1,2,2.805,5.422,3.410
combined-lc-lrt-cache-off-warm100,130,3,14.2769,3.945,27.178,31.123,castle,black-beauty,1,,server-1,3,1,2,2.805,5.422,3.410
combined-lc-lrt-cache-off-warm100,130,3,14.2846,2.369,18.930,21.298,money,the-scarlet-letter,1,,server-2,2,1,1,3.492,6.798,4.069
combined-lc-lrt-cache-off-warm100,130,3,14.2923,13.887,22.390,36.277,house,a-tale-of-two-cities,1,,server-2,2,2,1,3.492,3.601,4.069
combined-lc-lrt-cache-off-warm100,130,3,14.3000,6.451,16.062,22.513,whale,the-adventures-of-tom-sawyer-complete,1,,server-3,2,2,2,3.492,3.601,4.069
combined-lc-lrt-cache-off-warm100,130,3,14.3077,13.884,18.308,32.192,money,the-divine-comedy,1,,server-3,2,1,2,3.492,4.137,3.733
combined-lc-lrt-cache-off-warm100,130,3,14.3154,1.539,23.459,24.998,letter,mansfield-park,1,,server-1,1,1,2,7.700,4.137,3.105
combined-lc-lrt-cache-off-warm100,130,3,14.3231,17.645,13.549,31.194,was,the-warden,1,,server-1,2,1,1,4.014,4.137,4.627
combined-lc-lrt-cache-off-warm100,130,3,14.3308,1.087,23.237,24.323,horse,oliver-twist,1,,server-2,2,1,1,4.014,6.149,4.627
combined-lc-lrt-cache-off-warm100,130,3,14.3385,16.961,15.234,32.195,whale,washington-square,1,,server-2,2,2,1,4.014,3.204,4.627
combined-lc-lrt-cache-off-warm100,130,3,14.3462,1.164,23.717,24.881,love,adventures-of-huckleberry-finn,1,,server-3,1,2,1,5.106,3.204,5.699
combined-lc-lrt-cache-off-warm100,130,3,14.3538,18.153,16.988,35.142,whale,the-picture-of-dorian-gray,1,,server-3,1,2,2,5.106,3.204,2.986
combined-lc-lrt-cache-off-warm100,130,3,14.3615,1.181,14.678,15.859,she,a-journey-to-the-centre-of-the-earth,1,,server-1,1,1,2,5.393,4.622,2.986
combined-lc-lrt-cache-off-warm100,130,3,14.3692,8.625,29.211,37.836,was,north-and-south,1,,server-1,2,1,2,2.823,4.622,2.986
combined-lc-lrt-cache-off-warm100,130,3,14.3769,1.392,27.858,29.250,whale,oliver-twist,1,,server-2,2,1,1,2.823,5.349,5.118
combined-lc-lrt-cache-off-warm100,130,3,14.3846,21.917,22.141,44.058,letter,the-last-of-the-mohicans-a-narrative-of-1757,1,,server-2,1,2,1,2.939,2.796,5.118
combined-lc-lrt-cache-off-warm100,130,3,14.3923,15.496,13.329,28.825,was,silas-marner,1,,server-1,2,2,0,2.939,2.796,5.922
combined-lc-lrt-cache-off-warm100,130,3,14.4000,1.364,17.515,18.879,you,the-secret-garden,1,,server-3,2,2,1,2.939,2.796,5.922
combined-lc-lrt-cache-off-warm100,130,3,14.4077,11.715,24.423,36.138,letter,a-connecticut-yankee-in-king-arthur-s-court,1,,server-3,1,1,2,6.497,5.389,3.102
combined-lc-lrt-cache-off-warm100,130,3,14.4154,4.282,50.379,54.662,the,the-last-of-the-mohicans-a-narrative-of-1757,1,,server-3,1,1,3,5.216,5.389,3.102
combined-lc-lrt-cache-off-warm100,130,3,14.4231,1.233,11.000,12.232,whale,beyond-good-and-evil,1,,server-1,1,1,2,5.401,5.389,2.158
combined-lc-lrt-cache-off-warm100,130,3,14.4308,5.015,27.691,32.706,he,madame-bovary,1,,server-1,2,0,2,2.836,6.930,2.158
combined-lc-lrt-cache-off-warm100,130,3,14.4385,24.819,43.529,68.348,was,the-tenant-of-wildfell-hall,1,,server-1,2,0,2,2.268,6.930,2.158
combined-lc-lrt-cache-off-warm100,130,3,14.4462,17.060,45.782,62.841,money,thus-spake-zarathustra-a-book-for-all-and-none,1,,server-1,3,0,2,2.268,6.930,6.510
combined-lc-lrt-cache-off-warm100,130,3,14.4538,2.438,13.293,15.731,death,a-princess-of-mars,1,,server-2,3,1,2,2.268,6.930,6.510
combined-lc-lrt-cache-off-warm100,130,3,14.4615,9.170,11.697,20.867,heart,the-first-men-in-the-moon,1,,server-2,3,2,2,7.642,3.653,6.510
combined-lc-lrt-cache-off-warm100,130,3,14.4692,40.385,31.170,71.554,whale,life-on-the-mississippi,1,,server-1,3,2,2,5.127,5.858,13.723
combined-lc-lrt-cache-off-warm100,130,3,14.4769,5.931,13.190,19.121,love,the-secret-garden-17396,1,,server-2,3,2,0,5.127,3.124,13.723
combined-lc-lrt-cache-off-warm100,130,3,14.4846,12.504,49.606,62.110,you,the-innocents-abroad,1,,server-2,3,2,0,5.127,2.454,13.723
combined-lc-lrt-cache-off-warm100,130,3,14.4923,4.490,22.584,27.073,of,the-jungle,1,,server-2,3,3,0,5.127,2.454,13.723
combined-lc-lrt-cache-off-warm100,130,3,14.5000,20.283,50.370,70.653,king,the-adventures-of-tom-sawyer-complete,1,,server-2,3,3,0,5.127,1.952,13.723
combined-lc-lrt-cache-off-warm100,130,3,14.5077,35.475,45.422,80.897,was,the-divine-comedy,1,,server-2,3,4,0,12.673,1.952,13.723
combined-lc-lrt-cache-off-warm100,130,3,14.5154,31.786,25.344,57.130,london,the-lost-world,1,,server-2,1,5,0,10.507,1.952,13.723
combined-lc-lrt-cache-off-warm100,130,3,14.5231,1.683,17.154,18.836,house,the-adventures-of-sherlock-holmes,1,,server-3,1,5,1,10.507,5.924,13.723
combined-lc-lrt-cache-off-warm100,130,3,14.5308,11.575,15.138,26.713,death,the-secret-garden-17396,1,,server-3,1,5,2,10.507,5.924,7.107
combined-lc-lrt-cache-off-warm100,130,3,14.5385,3.123,10.869,13.992,love,the-first-men-in-the-moon,1,,server-1,2,5,2,10.507,5.924,7.107
combined-lc-lrt-cache-off-warm100,130,3,14.5462,11.753,16.811,28.564,night,the-scarlet-letter,1,,server-3,1,4,2,6.238,21.483,4.928
combined-lc-lrt-cache-off-warm100,130,3,14.5538,1.468,14.759,16.227,london,the-scarlet-letter,1,,server-1,1,3,2,5.654,10.076,4.928
combined-lc-lrt-cache-off-warm100,130,3,14.5615,8.928,22.065,30.993,letter,grimms-fairy-tales,1,,server-1,2,3,1,2.968,10.076,3.912
combined-lc-lrt-cache-off-warm100,130,3,14.5692,6.138,27.950,34.088,heart,great-expectations,1,,server-3,2,3,2,2.968,10.076,3.912
combined-lc-lrt-cache-off-warm100,130,3,14.5769,15.504,24.724,40.228,house,the-adventures-of-ferdinand-count-fathom-complete,1,,server-1,2,2,1,3.168,12.849,3.175
combined-lc-lrt-cache-off-warm100,130,3,14.5846,19.345,27.333,46.677,you,the-mysterious-island,1,,server-3,2,2,2,3.168,12.849,3.175
combined-lc-lrt-cache-off-warm100,130,3,14.5923,12.328,50.690,63.018,castle,the-mysterious-island,1,,server-3,2,0,3,6.650,15.071,3.175
combined-lc-lrt-cache-off-warm100,130,3,14.6000,17.746,30.965,48.711,money,desperate-remedies,1,,server-1,2,0,3,4.356,15.071,3.175
combined-lc-lrt-cache-off-warm100,130,3,14.6077,47.720,23.102,70.822,letter,the-house-of-mirth,1,,server-3,2,0,3,4.356,15.071,3.713
combined-lc-lrt-cache-off-warm100,130,3,14.6154,2.070,11.306,13.376,letter,the-adventures-of-tom-sawyer-complete,1,,server-1,3,0,3,4.356,15.071,3.713
combined-lc-lrt-cache-off-warm100,130,3,14.6231,6.744,44.870,51.614,and,the-iliad-2199,1,,server-1,3,0,3,2.951,15.071,3.713
combined-lc-lrt-cache-off-warm100,130,3,14.6308,17.580,49.923,67.503,london,the-age-of-innocence,1,,server-1,3,0,3,3.299,15.071,3.713
combined-lc-lrt-cache-off-warm100,130,3,14.6385,10.071,51.970,62.041,heart,persuasion,1,,server-1,4,0,3,3.299,15.071,11.321
combined-lc-lrt-cache-off-warm100,130,3,14.6462,1.440,17.248,18.688,heart,thus-spake-zarathustra-a-book-for-all-and-none,1,,server-2,4,1,3,5.643,15.071,11.321
combined-lc-lrt-cache-off-warm100,130,3,14.6538,11.502,28.343,39.845,she,the-iliad,1,,server-2,4,2,3,6.535,7.769,11.321
combined-lc-lrt-cache-off-warm100,130,3,14.6615,4.097,51.103,55.200,she,mansfield-park,1,,server-2,4,3,1,6.535,7.769,13.313
combined-lc-lrt-cache-off-warm100,130,3,14.6692,44.400,51.398,95.798,was,dracula,1,,server-2,4,3,1,6.535,2.879,13.313
combined-lc-lrt-cache-off-warm100,130,3,14.6769,39.921,25.895,65.815,of,life-on-the-mississippi,1,,server-2,2,4,1,8.955,2.879,13.313
combined-lc-lrt-cache-off-warm100,130,3,14.6846,1.433,9.224,10.658,money,the-great-gatsby,1,,server-3,2,4,1,8.955,2.879,12.154
combined-lc-lrt-cache-off-warm100,130,3,14.6923,3.450,25.224,28.673,sea,the-adventures-of-ferdinand-count-fathom-complete,1,,server-3,2,4,2,8.955,2.879,6.287
combined-lc-lrt-cache-off-warm100,130,3,14.7000,21.685,21.875,43.560,she,herland,1,,server-3,2,4,2,19.436,8.864,3.054
combined-lc-lrt-cache-off-warm100,130,3,14.7077,14.562,46.322,60.884,letter,mansfield-park,1,,server-3,0,4,3,15.578,8.864,3.054
combined-lc-lrt-cache-off-warm100,130,3,14.7154,7.148,20.872,28.019,night,white-fang,1,,server-3,0,3,4,15.578,15.937,3.054
combined-lc-lrt-cache-off-warm100,130,3,14.7231,11.906,47.462,59.369,castle,the-adventures-of-sherlock-holmes,1,,server-3,0,2,4,15.578,10.142,2.273
combined-lc-lrt-cache-off-warm100,130,3,14.7308,14.490,49.739,64.229,whale,the-secret-garden-17396,1,,server-3,0,2,5,15.578,10.142,2.184
combined-lc-lrt-cache-off-warm100,130,3,14.7385,1.399,13.730,15.129,castle,the-secret-adversary,1,,server-1,1,2,5,15.578,10.142,3.488
combined-lc-lrt-cache-off-warm100,130,3,14.7462,7.802,22.428,30.230,king,far-from-the-madding-crowd,1,,server-1,2,2,3,8.046,10.536,6.951
combined-lc-lrt-cache-off-warm100,130,3,14.7538,1.809,37.780,39.589,love,madame-bovary,1,,server-1,2,2,3,4.449,10.536,6.951
combined-lc-lrt-cache-off-warm100,130,3,14.7615,30.614,34.547,65.161,sea,oliver-twist,1,,server-1,3,2,3,2.400,10.536,6.951
combined-lc-lrt-cache-off-warm100,130,3,14.7692,20.922,38.042,58.964,love,a-journey-to-the-centre-of-the-earth,1,,server-1,4,0,2,2.400,14.407,13.492
combined-lc-lrt-cache-off-warm100,130,3,14.7769,1.495,13.876,15.370,money,kidnapped,1,,server-2,4,1,2,6.342,14.407,13.492
combined-lc-lrt-cache-off-warm100,130,3,14.7846,8.375,12.294,20.669,whale,the-prince,1,,server-2,4,2,1,6.342,7.446,14.914
combined-lc-lrt-cache-off-warm100,130,3,14.7923,1.714,23.378,25.092,heart,myths-and-legends-of-ancient-greece-and-rome,1,,server-2,3,2,1,9.893,5.373,14.914
combined-lc-lrt-cache-off-warm100,130,3,14.8000,5.576,31.225,36.802,and,the-portrait-of-a-lady-volume-1,1,,server-2,2,3,0,8.080,2.390,14.189
combined-lc-lrt-cache-off-warm100,130,3,14.8077,10.549,48.711,59.260,she,the-american,1,,server-2,2,3,0,8.080,2.800,14.189
combined-lc-lrt-cache-off-warm100,130,3,14.8154,4.005,57.102,61.106,house,the-lost-world,1,,server-2,2,4,0,8.080,2.800,14.189
combined-lc-lrt-cache-off-warm100,130,3,14.8231,15.367,61.073,76.441,letter,life-on-the-mississippi,1,,server-2,2,4,0,8.080,2.858,14.189
combined-lc-lrt-cache-off-warm100,130,3,14.8308,1.611,26.089,27.699,death,far-from-the-madding-crowd,1,,server-1,1,4,0,11.569,2.858,14.189
combined-lc-lrt-cache-off-warm100,130,3,14.8385,20.233,20.825,41.058,of,a-tale-of-two-cities,1,,server-1,2,3,0,5.987,5.549,14.189
combined-lc-lrt-cache-off-warm100,130,3,14.8462,1.702,26.324,28.026,king,mansfield-park,1,,server-3,2,3,1,5.987,5.549,14.189
combined-lc-lrt-cache-off-warm100,130,3,14.8538,20.992,13.211,34.203,you,frankenstein-or-the-modern-prometheus-41445,1,,server-3,2,3,2,5.987,5.549,7.343
combined-lc-lrt-cache-off-warm100,130,3,14.8615,19.065,20.905,39.970,king,the-divine-comedy,1,,server-1,2,3,2,6.053,5.549,7.343
combined-lc-lrt-cache-off-warm100,130,3,14.8692,11.535,32.450,43.985,the,frankenstein-or-the-modern-prometheus,1,,server-1,3,3,2,6.053,16.893,7.343
combined-lc-lrt-cache-off-warm100,130,3,14.8769,11.357,10.442,21.799,was,his-last-bow,1,,server-3,3,3,2,6.053,17.385,7.122
combined-lc-lrt-cache-off-warm100,130,3,14.8846,17.447,24.206,41.653,house,the-secret-garden-17396,1,,server-1,3,1,2,3.926,17.385,5.728
combined-lc-lrt-cache-off-warm100,130,3,14.8923,6.865,13.642,20.507,love,persuasion,1,,server-3,3,1,2,3.926,17.385,4.985
combined-lc-lrt-cache-off-warm100,130,3,14.9000,1.906,34.406,36.312,castle,far-from-the-madding-crowd,1,,server-3,3,0,2,3.926,16.274,3.111
combined-lc-lrt-cache-off-warm100,130,3,14.9077,6.966,52.974,59.940,was,the-innocents-abroad,1,,server-3,3,0,3,5.863,16.274,2.180
combined-lc-lrt-cache-off-warm100,130,3,14.9154,21.708,43.002,64.710,sea,the-secret-garden-17396,1,,server-3,1,0,3,8.841,16.274,2.953
combined-lc-lrt-cache-off-warm100,130,3,14.9231,14.874,66.499,81.373,house,the-tenant-of-wildfell-hall,1,,server-3,1,0,4,8.841,16.274,2.953
combined-lc-lrt-cache-off-warm100,130,3,14.9308,1.323,26.368,27.691,heart,the-tenant-of-wildfell-hall,1,,server-1,1,0,4,7.722,16.274,2.953
combined-lc-lrt-cache-off-warm100,130,3,14.9385,20.575,20.703,41.278,was,the-last-of-the-mohicans-a-narrative-of-1757-27681,1,,server-1,2,0,3,4.058,16.274,5.061
combined-lc-lrt-cache-off-warm100,130,3,14.9462,13.428,33.426,46.854,the,the-lost-world,1,,server-1,3,0,3,4.058,16.274,5.061
combined-lc-lrt-cache-off-warm100,130,3,14.9538,6.038,44.671,50.709,you,the-hound-of-the-baskervilles,1,,server-1,4,0,3,4.058,16.274,5.061
combined-lc-lrt-cache-off-warm100,130,3,14.9615,15.551,46.600,62.151,he,the-american,1,,server-1,4,0,3,2.530,16.274,5.061
combined-lc-lrt-cache-off-warm100,130,3,14.9692,24.032,42.737,66.769,king,the-secret-garden,1,,server-1,5,0,3,2.270,16.274,14.343
combined-lc-lrt-cache-off-warm100,130,3,14.9769,1.611,20.231,21.842,he,walden-and-on-the-duty-of-civil-disobedience,1,,server-2,5,1,3,4.460,16.274,14.343
combined-lc-lrt-cache-off-warm100,130,3,14.9846,13.107,37.060,50.167,night,emma,1,,server-2,5,2,1,7.622,8.417,16.063
combined-lc-lrt-cache-off-warm100,130,3,14.9923,6.257,33.709,39.966,love,the-wind-in-the-willows,1,,server-2,5,3,1,11.131,8.417,16.063
