label,rate,run,t_s,conn_ms,rpc_ms,total_ms,keyword,reference,ok,error_type,selected_server,server_1_connections,server_2_connections,server_3_connections,server_1_response_ewma_ms,server_2_response_ewma_ms,server_3_response_ewma_ms
least-connections-cache-off-warm100,130,1,0.0000,1.522,28.724,30.246,whale,the-house-of-the-seven-gables,1,,server-3,0,0,1,3.946,4.520,6.994
least-connections-cache-off-warm100,130,1,0.0077,2.883,18.279,21.162,horse,the-lost-world,1,,server-1,1,0,1,3.946,4.520,3.660
least-connections-cache-off-warm100,130,1,0.0154,2.961,11.564,14.525,whale,poirot-investigates,1,,server-2,1,1,1,2.166,4.520,3.660
least-connections-cache-off-warm100,130,1,0.0231,7.455,15.806,23.260,horse,northanger-abbey,1,,server-3,1,1,2,2.166,2.475,3.660
least-connections-cache-off-warm100,130,1,0.0308,1.179,13.306,14.485,and,dubliners,1,,server-1,1,0,1,4.236,3.340,4.235
least-connections-cache-off-warm100,130,1,0.0385,1.474,29.353,30.826,and,the-vicomte-de-bragelonne,1,,server-2,1,1,1,2.235,3.340,4.235
least-connections-cache-off-warm100,130,1,0.0462,1.414,18.534,19.947,and,the-odyssey,1,,server-1,1,1,1,3.510,1.801,6.488
least-connections-cache-off-warm100,130,1,0.0538,1.454,27.135,28.589,house,oliver-twist,1,,server-3,1,1,1,1.848,1.801,5.228
least-connections-cache-off-warm100,130,1,0.0615,5.519,14.793,20.313,horse,cranford,1,,server-1,2,1,1,1.848,1.801,2.757
least-connections-cache-off-warm100,130,1,0.0692,1.317,25.829,27.147,was,the-adventures-of-ferdinand-count-fathom-complete,1,,server-2,1,2,1,2.583,5.796,2.757
least-connections-cache-off-warm100,130,1,0.0769,6.186,16.038,22.224,letter,around-the-world-in-eighty-days,1,,server-3,1,1,2,2.583,3.032,2.757
least-connections-cache-off-warm100,130,1,0.0846,1.005,20.069,21.074,london,the-house-of-mirth,1,,server-1,1,1,1,3.898,3.032,3.698
least-connections-cache-off-warm100,130,1,0.0923,4.587,32.122,36.709,sea,the-mysterious-island,1,,server-2,1,2,1,2.049,3.032,3.698
least-connections-cache-off-warm100,130,1,0.1000,1.228,13.096,14.324,horse,the-adventures-of-tom-sawyer-complete,1,,server-3,1,1,1,2.049,3.472,4.886
least-connections-cache-off-warm100,130,1,0.1077,1.422,19.733,21.156,you,madame-bovary,1,,server-1,1,1,1,4.466,3.472,2.576
least-connections-cache-off-warm100,130,1,0.1154,1.758,13.502,15.260,she,dubliners,1,,server-3,1,1,1,2.354,3.472,3.708
least-connections-cache-off-warm100,130,1,0.1231,6.015,12.915,18.929,king,persuasion,1,,server-1,2,1,1,2.354,3.472,2.005
least-connections-cache-off-warm100,130,1,0.1308,1.452,13.182,14.634,he,meditations,1,,server-2,1,1,0,2.876,7.274,3.393
least-connections-cache-off-warm100,130,1,0.1385,1.158,23.163,24.321,king,pride-and-prejudice,1,,server-3,1,1,1,2.876,3.804,3.393
least-connections-cache-off-warm100,130,1,0.1462,1.702,19.254,20.957,the,the-odyssey,1,,server-1,1,0,1,3.873,4.500,1.805
least-connections-cache-off-warm100,130,1,0.1538,1.644,12.205,13.849,death,the-wind-in-the-willows,1,,server-2,1,1,1,2.064,4.500,1.805
least-connections-cache-off-warm100,130,1,0.1615,1.756,29.678,31.434,sea,villette,1,,server-3,1,1,2,2.064,2.388,1.805
least-connections-cache-off-warm100,130,1,0.1692,1.222,13.142,14.363,was,his-last-bow,1,,server-1,1,0,1,4.359,3.444,2.596
least-connections-cache-off-warm100,130,1,0.1769,1.495,13.791,15.286,night,the-secret-adversary,1,,server-2,1,1,1,2.301,3.444,2.596
least-connections-cache-off-warm100,130,1,0.1846,1.337,13.276,14.613,sea,around-the-world-in-eighty-days,1,,server-1,1,1,1,3.537,1.848,2.596
least-connections-cache-off-warm100,130,1,0.1923,1.504,14.448,15.953,night,agnes-grey,1,,server-2,1,2,1,1.869,3.332,2.596
least-connections-cache-off-warm100,130,1,0.2000,1.253,23.254,24.507,london,tess-of-the-d-urbervilles-a-pure-woman,1,,server-3,0,1,1,3.269,1.775,6.377
least-connections-cache-off-warm100,130,1,0.2077,1.681,16.804,18.485,money,the-scarlet-letter,1,,server-1,1,1,1,3.269,1.775,3.327
least-connections-cache-off-warm100,130,1,0.2154,1.242,24.666,25.908,horse,the-jungle,1,,server-2,1,1,1,1.745,3.392,3.327
least-connections-cache-off-warm100,130,1,0.2231,2.181,30.064,32.244,love,pride-and-prejudice,1,,server-3,1,1,2,1.745,1.800,3.327
least-connections-cache-off-warm100,130,1,0.2308,1.262,14.264,15.526,whale,silas-marner,1,,server-1,1,1,1,3.738,1.800,3.098
least-connections-cache-off-warm100,130,1,0.2385,3.646,24.094,27.740,house,the-jungle,1,,server-2,1,2,1,1.974,1.800,3.098
least-connections-cache-off-warm100,130,1,0.2462,9.774,28.343,38.117,death,dracula,1,,server-3,1,1,2,3.482,2.926,3.098
least-connections-cache-off-warm100,130,1,0.2538,1.621,24.945,26.566,whale,emma,1,,server-1,1,1,2,3.482,2.926,3.098
least-connections-cache-off-warm100,130,1,0.2615,5.208,10.935,16.143,heart,cranford,1,,server-2,1,2,1,1.875,2.926,4.295
least-connections-cache-off-warm100,130,1,0.2692,15.688,27.096,42.784,love,leaves-of-grass,1,,server-3,1,1,2,1.875,3.304,4.295
least-connections-cache-off-warm100,130,1,0.2769,4.142,20.219,24.361,she,the-age-of-innocence,1,,server-1,2,1,2,1.875,3.304,4.295
least-connections-cache-off-warm100,130,1,0.2846,1.646,35.218,36.864,castle,tess-of-the-d-urbervilles-a-pure-woman,1,,server-2,1,1,2,2.992,3.812,6.503
least-connections-cache-off-warm100,130,1,0.2923,19.878,21.331,41.208,the,the-odyssey,1,,server-3,1,1,2,2.992,2.015,5.225
least-connections-cache-off-warm100,130,1,0.3000,1.725,15.180,16.905,horse,the-secret-garden,1,,server-1,2,1,2,2.992,2.015,5.225
least-connections-cache-off-warm100,130,1,0.3077,14.283,19.667,33.950,the,the-house-of-mirth,1,,server-2,1,2,2,2.705,2.015,5.225
least-connections-cache-off-warm100,130,1,0.3154,18.716,29.260,47.976,house,tess-of-the-d-urbervilles-a-pure-woman,1,,server-3,1,2,2,2.705,2.015,6.088
least-connections-cache-off-warm100,130,1,0.3231,1.259,14.292,15.551,heart,the-first-men-in-the-moon,1,,server-1,1,1,2,4.119,4.865,6.088
least-connections-cache-off-warm100,130,1,0.3308,11.776,13.019,24.795,whale,autobiography-of-benjamin-franklin,1,,server-2,1,2,2,2.182,4.865,6.088
least-connections-cache-off-warm100,130,1,0.3385,25.245,11.108,36.352,you,the-first-men-in-the-moon,1,,server-3,1,2,2,3.659,4.865,5.477
least-connections-cache-off-warm100,130,1,0.3462,1.554,28.217,29.772,castle,the-iliad-2199,1,,server-1,1,1,2,3.659,4.581,5.477
least-connections-cache-off-warm100,130,1,0.3538,2.646,17.967,20.612,house,the-return-of-sherlock-holmes-108,1,,server-2,1,2,2,1.955,4.581,5.477
least-connections-cache-off-warm100,130,1,0.3615,14.590,11.387,25.977,night,the-lost-world,1,,server-1,2,1,2,1.955,2.757,8.401
least-connections-cache-off-warm100,130,1,0.3692,5.756,22.621,28.377,castle,jude-the-obscure,1,,server-2,2,2,1,1.955,2.757,6.840
least-connections-cache-off-warm100,130,1,0.3769,1.181,12.082,13.263,castle,black-beauty,1,,server-3,1,1,1,4.768,2.879,6.071
least-connections-cache-off-warm100,130,1,0.3846,3.443,8.775,12.218,love,the-prince,1,,server-1,2,1,1,4.768,2.879,3.178
least-connections-cache-off-warm100,130,1,0.3923,1.021,13.983,15.003,was,myths-and-legends-of-ancient-greece-and-rome,1,,server-3,1,1,1,2.726,2.879,3.910
least-connections-cache-off-warm100,130,1,0.4000,1.117,16.562,17.679,death,the-adventures-of-sherlock-holmes,1,,server-1,1,0,1,3.097,5.411,2.062
least-connections-cache-off-warm100,130,1,0.4077,1.349,9.401,10.749,was,the-kama-sutra-of-vatsyayana,1,,server-2,1,1,0,1.648,5.411,3.518
least-connections-cache-off-warm100,130,1,0.4154,1.063,14.476,15.539,he,the-secret-garden,1,,server-3,1,1,1,1.648,2.856,3.518
least-connections-cache-off-warm100,130,1,0.4231,1.142,21.689,22.831,he,the-mystery-of-edwin-drood,1,,server-1,1,0,1,3.669,3.257,1.866
least-connections-cache-off-warm100,130,1,0.4308,1.144,15.828,16.972,the,the-adventures-of-tom-sawyer-complete,1,,server-2,1,1,1,1.950,3.257,3.469
least-connections-cache-off-warm100,130,1,0.4385,1.841,26.327,28.169,was,the-jungle,1,,server-3,1,1,1,1.950,1.735,3.469
least-connections-cache-off-warm100,130,1,0.4462,1.657,26.800,28.457,you,the-last-of-the-mohicans-a-narrative-of-1757,1,,server-1,2,1,1,4.666,1.735,1.907
least-connections-cache-off-warm100,130,1,0.4538,1.629,12.927,14.557,was,the-hound-of-the-baskervilles-3070,1,,server-2,1,1,1,2.474,3.609,1.907
least-connections-cache-off-warm100,130,1,0.4615,5.612,29.016,34.628,of,the-romance-of-lust-a-classic-victorian-erotic-novel,1,,server-3,1,1,2,2.474,1.934,1.907
least-connections-cache-off-warm100,130,1,0.4692,1.943,12.633,14.576,love,silas-marner,1,,server-2,1,1,1,2.474,3.269,3.232
least-connections-cache-off-warm100,130,1,0.4769,1.230,18.195,19.426,love,silas-marner,1,,server-1,1,1,1,5.811,1.739,3.232
least-connections-cache-off-warm100,130,1,0.4846,1.108,15.720,16.828,house,myths-and-legends-of-ancient-greece-and-rome,1,,server-2,1,1,1,3.042,3.076,3.232
least-connections-cache-off-warm100,130,1,0.4923,4.432,12.445,16.877,love,the-first-men-in-the-moon,1,,server-3,1,1,2,3.042,1.665,3.232
least-connections-cache-off-warm100,130,1,0.5000,1.540,15.624,17.165,sea,the-scarlet-letter-33,1,,server-1,1,1,1,4.802,1.665,3.817
least-connections-cache-off-warm100,130,1,0.5077,1.366,27.210,28.576,death,the-adventures-of-ferdinand-count-fathom-complete,1,,server-2,1,1,1,2.533,3.518,3.817
least-connections-cache-off-warm100,130,1,0.5154,1.330,15.087,16.417,was,the-mystery-of-edwin-drood,1,,server-3,1,1,1,2.533,1.873,4.331
least-connections-cache-off-warm100,130,1,0.5231,1.269,30.866,32.135,castle,little-women,1,,server-1,1,1,1,4.068,1.873,2.286
least-connections-cache-off-warm100,130,1,0.5308,6.073,14.821,20.893,heart,desert-gold,1,,server-2,1,2,1,2.148,1.873,2.286
least-connections-cache-off-warm100,130,1,0.5385,1.291,23.480,24.771,london,madame-bovary,1,,server-3,1,1,1,2.148,3.350,3.827
least-connections-cache-off-warm100,130,1,0.5462,9.725,16.256,25.981,night,the-age-of-innocence,1,,server-1,2,1,1,2.148,3.350,2.024
least-connections-cache-off-warm100,130,1,0.5538,1.348,16.888,18.236,letter,adventures-of-huckleberry-finn,1,,server-2,2,1,1,2.148,4.449,2.024
least-connections-cache-off-warm100,130,1,0.5615,2.227,20.917,23.144,love,the-portrait-of-a-lady-volume-1,1,,server-3,1,1,2,4.146,2.337,2.024
least-connections-cache-off-warm100,130,1,0.5692,3.492,22.576,26.067,castle,the-house-of-mirth,1,,server-1,2,1,1,4.146,2.337,2.707
least-connections-cache-off-warm100,130,1,0.5769,1.417,32.637,34.054,castle,the-innocents-abroad,1,,server-2,1,1,1,2.920,4.144,2.707
least-connections-cache-off-warm100,130,1,0.5846,1.300,8.966,10.266,letter,the-jungle-book,1,,server-3,1,1,2,2.920,2.214,5.009
least-connections-cache-off-warm100,130,1,0.5923,3.911,25.606,29.517,house,tess-of-the-d-urbervilles-a-pure-woman,1,,server-1,2,1,1,2.920,2.214,2.626
least-connections-cache-off-warm100,130,1,0.6000,1.619,23.331,24.950,london,far-from-the-madding-crowd,1,,server-3,1,1,1,3.135,2.214,3.069
least-connections-cache-off-warm100,130,1,0.6077,14.414,11.619,26.033,king,dubliners,1,,server-1,2,1,1,3.135,2.214,1.653
least-connections-cache-off-warm100,130,1,0.6154,1.513,10.283,11.795,house,his-last-bow,1,,server-2,2,1,1,3.135,6.613,1.653
least-connections-cache-off-warm100,130,1,0.6231,2.649,11.569,14.218,house,poirot-investigates,1,,server-3,1,1,2,4.774,3.453,1.653
least-connections-cache-off-warm100,130,1,0.6308,1.174,22.464,23.639,horse,the-iliad-2199,1,,server-2,1,1,1,4.774,3.802,2.612
least-connections-cache-off-warm100,130,1,0.6385,1.175,39.679,40.854,whale,the-moonstone,1,,server-3,0,1,1,4.863,2.007,3.480
least-connections-cache-off-warm100,130,1,0.6462,1.132,16.591,17.723,heart,desert-gold,1,,server-1,1,1,1,4.863,2.007,1.844
least-connections-cache-off-warm100,130,1,0.6538,1.391,33.711,35.102,was,little-women,1,,server-2,1,2,1,2.560,6.012,1.844
least-connections-cache-off-warm100,130,1,0.6615,18.635,12.377,31.012,whale,the-hound-of-the-baskervilles-3070,1,,server-3,1,1,2,2.560,2.545,1.844
least-connections-cache-off-warm100,130,1,0.6692,1.565,15.903,17.468,letter,silas-marner,1,,server-1,1,1,2,4.256,2.545,1.844
least-connections-cache-off-warm100,130,1,0.6769,12.391,19.079,31.470,night,frankenstein-or-the-modern-prometheus,1,,server-2,1,2,2,2.245,2.545,1.844
least-connections-cache-off-warm100,130,1,0.6846,8.483,20.284,28.766,money,the-king-in-yellow,1,,server-3,1,2,2,2.245,2.545,5.672
least-connections-cache-off-warm100,130,1,0.6923,1.921,21.810,23.731,letter,desert-gold,1,,server-1,1,1,2,3.905,4.675,7.094
least-connections-cache-off-warm100,130,1,0.7000,9.244,16.463,25.707,heart,silas-marner,1,,server-2,1,2,1,2.080,4.675,3.734
least-connections-cache-off-warm100,130,1,0.7077,6.244,11.867,18.111,sea,poirot-investigates,1,,server-3,1,2,2,2.080,4.675,3.734
least-connections-cache-off-warm100,130,1,0.7154,1.949,33.486,35.434,love,the-tenant-of-wildfell-hall,1,,server-1,2,1,1,2.080,3.891,3.359
least-connections-cache-off-warm100,130,1,0.7231,3.425,13.026,16.451,she,cranford,1,,server-2,1,2,1,2.500,3.891,3.359
least-connections-cache-off-warm100,130,1,0.7308,1.930,25.069,26.999,love,a-tale-of-two-cities,1,,server-3,1,1,1,2.500,2.874,3.992
least-connections-cache-off-warm100,130,1,0.7385,12.909,36.227,49.136,she,the-mysterious-island,1,,server-1,2,1,1,2.500,2.874,2.141
least-connections-cache-off-warm100,130,1,0.7462,1.529,16.195,17.724,castle,twenty-thousand-leagues-under-the-sea,1,,server-2,2,1,1,2.500,3.892,2.141
least-connections-cache-off-warm100,130,1,0.7538,4.389,32.068,36.457,love,great-expectations,1,,server-3,1,1,2,4.794,2.046,2.141
least-connections-cache-off-warm100,130,1,0.7615,26.841,29.828,56.669,love,jane-eyre-an-autobiography,1,,server-1,2,1,1,4.794,2.046,3.090
least-connections-cache-off-warm100,130,1,0.7692,1.304,11.493,12.797,love,the-hound-of-the-baskervilles-3070,1,,server-2,2,1,1,4.794,3.874,3.090
least-connections-cache-off-warm100,130,1,0.7769,14.089,12.124,26.214,horse,a-princess-of-mars,1,,server-3,2,1,2,4.794,2.047,3.090
least-connections-cache-off-warm100,130,1,0.7846,1.539,37.790,39.330,london,little-women,1,,server-2,2,1,2,4.794,3.121,3.090
least-connections-cache-off-warm100,130,1,0.7923,9.248,16.017,25.265,house,his-last-bow,1,,server-3,1,1,2,7.170,1.686,4.984
least-connections-cache-off-warm100,130,1,0.8000,18.726,11.058,29.785,sea,the-hound-of-the-baskervilles-3070,1,,server-1,2,1,2,7.170,1.686,4.103
least-connections-cache-off-warm100,130,1,0.8077,16.886,13.204,30.090,castle,autobiography-of-benjamin-franklin,1,,server-2,2,2,1,7.170,1.686,4.211
least-connections-cache-off-warm100,130,1,0.8154,3.156,20.009,23.165,heart,madame-bovary,1,,server-3,2,2,2,7.170,1.686,4.211
least-connections-cache-off-warm100,130,1,0.8231,7.264,21.923,29.187,castle,pride-and-prejudice,1,,server-1,2,2,1,6.601,1.686,2.774
least-connections-cache-off-warm100,130,1,0.8308,7.314,20.607,27.921,castle,the-age-of-innocence,1,,server-2,1,2,1,3.682,5.259,2.774
least-connections-cache-off-warm100,130,1,0.8385,1.556,15.922,17.478,heart,silas-marner,1,,server-3,1,1,2,3.682,3.418,6.080
least-connections-cache-off-warm100,130,1,0.8462,6.629,17.926,24.555,house,frankenstein-or-the-modern-prometheus,1,,server-1,2,1,1,3.682,3.418,2.577
least-connections-cache-off-warm100,130,1,0.8538,5.573,10.028,15.602,death,the-jungle-book,1,,server-2,1,2,1,3.571,3.418,2.577
least-connections-cache-off-warm100,130,1,0.8615,1.453,36.573,38.027,money,the-tenant-of-wildfell-hall,1,,server-3,1,1,1,3.571,3.299,4.170
least-connections-cache-off-warm100,130,1,0.8692,2.539,16.276,18.815,castle,the-secret-garden-17396,1,,server-1,2,1,1,3.571,4.580,2.219
least-connections-cache-off-warm100,130,1,0.8769,1.589,9.308,10.898,death,poirot-investigates,1,,server-2,1,1,1,2.807,3.698,2.219
least-connections-cache-off-warm100,130,1,0.8846,15.279,12.940,28.219,money,the-secret-adversary,1,,server-3,1,1,2,2.807,1.962,2.219
least-connections-cache-off-warm100,130,1,0.8923,1.769,18.619,20.388,heart,memoirs-of-fanny-hill,1,,server-1,1,0,2,4.315,2.667,2.219
least-connections-cache-off-warm100,130,1,0.9000,1.296,18.568,19.864,heart,walden-and-on-the-duty-of-civil-disobedience,1,,server-2,1,1,1,2.289,2.667,5.652
least-connections-cache-off-warm100,130,1,0.9077,5.917,17.397,23.313,sea,the-age-of-innocence,1,,server-3,1,1,2,2.289,1.419,5.652
least-connections-cache-off-warm100,130,1,0.9154,1.803,12.097,13.899,he,the-hound-of-the-baskervilles,1,,server-1,1,1,1,4.362,1.419,3.507
least-connections-cache-off-warm100,130,1,0.9231,1.310,22.874,24.184,whale,jude-the-obscure,1,,server-2,1,1,1,2.360,3.821,3.507
least-connections-cache-off-warm100,130,1,0.9308,1.487,11.078,12.566,you,the-king-in-yellow,1,,server-1,1,1,1,3.401,2.019,6.211
least-connections-cache-off-warm100,130,1,0.9385,1.192,16.068,17.261,london,the-memoirs-of-sherlock-holmes,1,,server-3,1,1,1,1.809,2.019,5.016
least-connections-cache-off-warm100,130,1,0.9462,1.605,30.703,32.309,money,mansfield-park,1,,server-1,1,1,1,2.890,2.019,2.636
least-connections-cache-off-warm100,130,1,0.9538,1.646,11.055,12.701,horse,black-beauty,1,,server-2,1,1,1,1.570,4.919,2.636
least-connections-cache-off-warm100,130,1,0.9615,1.567,19.271,20.838,was,persuasion,1,,server-3,1,1,1,1.570,2.598,4.211
least-connections-cache-off-warm100,130,1,0.9692,1.449,34.048,35.496,horse,villette,1,,server-2,1,1,1,1.570,3.372,2.237
least-connections-cache-off-warm100,130,1,0.9769,6.073,33.472,39.545,castle,the-iliad-2199,1,,server-3,1,1,2,1.570,1.806,2.237
least-connections-cache-off-warm100,130,1,0.9846,1.853,9.432,11.284,king,the-jungle-book,1,,server-1,1,1,1,5.869,1.806,2.733
least-connections-cache-off-warm100,130,1,0.9923,12.781,17.796,30.577,she,the-age-of-innocence,1,,server-2,1,2,1,3.099,1.806,2.733
least-connections-cache-off-warm100,130,1,1.0000,1.308,14.458,15.766,letter,the-secret-garden,1,,server-1,1,2,1,3.428,1.806,2.733
least-connections-cache-off-warm100,130,1,1.0077,15.734,19.012,34.746,castle,the-last-of-the-mohicans-a-narrative-of-1757-27681,1,,server-2,1,2,1,1.818,4.578,2.733
least-connections-cache-off-warm100,130,1,1.0154,1.732,14.966,16.698,heart,the-secret-adversary,1,,server-3,1,2,2,4.159,4.578,2.733
least-connections-cache-off-warm100,130,1,1.0231,1.496,27.422,28.919,you,mary-barton,1,,server-1,1,2,1,3.340,5.552,3.718
least-connections-cache-off-warm100,130,1,1.0308,11.857,15.350,27.207,you,grimms-fairy-tales,1,,server-2,1,2,1,1.775,4.466,3.718
least-connections-cache-off-warm100,130,1,1.0385,1.094,37.858,38.952,whale,the-innocents-abroad,1,,server-3,1,2,1,1.775,4.466,4.729
least-connections-cache-off-warm100,130,1,1.0462,6.256,14.449,20.705,london,myths-and-legends-of-ancient-greece-and-rome,1,,server-1,2,1,1,1.775,4.122,2.480
least-connections-cache-off-warm100,130,1,1.0538,4.707,26.205,30.912,money,the-adventures-of-ferdinand-count-fathom-complete,1,,server-2,1,2,1,3.324,4.122,2.480
least-connections-cache-off-warm100,130,1,1.0615,16.759,13.577,30.336,horse,a-princess-of-mars,1,,server-3,1,1,2,3.324,3.028,2.480
least-connections-cache-off-warm100,130,1,1.0692,1.475,23.704,25.179,love,mansfield-park,1,,server-1,1,1,2,4.400,3.028,2.480
least-connections-cache-off-warm100,130,1,1.0769,8.310,16.471,24.781,death,the-divine-comedy,1,,server-2,1,2,2,2.356,3.028,9.460
least-connections-cache-off-warm100,130,1,1.0846,7.935,37.206,45.141,love,the-innocents-abroad,1,,server-3,1,2,2,2.356,4.787,5.463
least-connections-cache-off-warm100,130,1,1.0923,2.596,23.673,26.268,love,oliver-twist,1,,server-1,2,1,1,2.356,3.869,4.654
least-connections-cache-off-warm100,130,1,1.1000,2.241,11.664,13.905,sea,meditations,1,,server-2,1,2,1,2.887,3.869,3.738
least-connections-cache-off-warm100,130,1,1.1077,22.395,25.027,47.422,king,the-jungle,1,,server-3,1,1,2,2.887,2.735,3.738
least-connections-cache-off-warm100,130,1,1.1154,1.055,16.411,17.466,king,adventures-of-huckleberry-finn,1,,server-2,1,1,2,2.887,3.563,3.738
least-connections-cache-off-warm100,130,1,1.1231,1.197,24.048,25.245,night,mansfield-park,1,,server-1,1,1,2,5.580,1.879,3.738
least-connections-cache-off-warm100,130,1,1.1308,1.956,17.708,19.663,you,northanger-abbey,1,,server-2,1,2,1,2.906,1.879,6.758
least-connections-cache-off-warm100,130,1,1.1385,16.731,22.765,39.496,money,walden-and-on-the-duty-of-civil-disobedience,1,,server-3,1,1,2,2.906,2.100,6.758
least-connections-cache-off-warm100,130,1,1.1462,2.951,35.236,38.187,he,jane-eyre-an-autobiography,1,,server-1,2,1,2,2.906,2.100,6.758
least-connections-cache-off-warm100,130,1,1.1538,1.501,17.817,19.318,love,a-journey-to-the-centre-of-the-earth,1,,server-2,1,1,2,3.136,4.158,8.019
least-connections-cache-off-warm100,130,1,1.1615,17.231,11.569,28.800,love,the-adventures-of-tom-sawyer-complete,1,,server-3,1,1,2,3.136,2.199,6.060
least-connections-cache-off-warm100,130,1,1.1692,15.796,24.845,40.641,house,the-american,1,,server-1,2,1,2,3.136,2.199,6.060
least-connections-cache-off-warm100,130,1,1.1769,1.293,20.513,21.806,whale,desperate-remedies,1,,server-2,2,1,2,3.136,4.176,6.060
least-connections-cache-off-warm100,130,1,1.1846,6.101,12.686,18.787,money,a-journey-to-the-centre-of-the-earth,1,,server-3,2,1,2,7.481,2.220,5.498
least-connections-cache-off-warm100,130,1,1.1923,18.376,10.906,29.283,king,the-prince,1,,server-1,2,1,1,6.014,2.220,3.280
least-connections-cache-off-warm100,130,1,1.2000,1.540,23.318,24.858,castle,anne-of-green-gables,1,,server-2,2,1,1,6.014,4.647,3.280
least-connections-cache-off-warm100,130,1,1.2077,1.115,10.259,11.373,and,the-hound-of-the-baskervilles,1,,server-3,2,1,1,7.721,2.446,4.121
least-connections-cache-off-warm100,130,1,1.2154,6.805,17.401,24.206,london,anne-of-green-gables,1,,server-1,2,1,1,5.961,2.446,2.176
least-connections-cache-off-warm100,130,1,1.2231,1.276,17.924,19.201,london,the-scarlet-letter,1,,server-3,1,1,1,3.449,2.446,2.989
least-connections-cache-off-warm100,130,1,1.2308,1.141,17.615,18.756,you,wuthering-heights,1,,server-2,1,1,1,3.449,5.259,1.593
least-connections-cache-off-warm100,130,1,1.2385,4.522,26.415,30.937,money,the-tenant-of-wildfell-hall,1,,server-3,1,1,2,3.449,2.765,1.593
least-connections-cache-off-warm100,130,1,1.2462,1.600,27.126,28.725,the,far-from-the-madding-crowd,1,,server-1,1,1,1,4.956,2.765,2.452
least-connections-cache-off-warm100,130,1,1.2538,1.790,34.714,36.503,castle,the-iliad,1,,server-2,1,1,1,2.603,4.554,2.452
least-connections-cache-off-warm100,130,1,1.2615,8.853,36.601,45.453,london,the-moonstone,1,,server-3,1,1,2,2.603,2.437,2.452
least-connections-cache-off-warm100,130,1,1.2692,6.007,17.824,23.831,was,the-works-of-edgar-allan-poe-volume-2,1,,server-1,2,1,2,2.603,2.437,7.168
least-connections-cache-off-warm100,130,1,1.2769,13.090,28.922,42.012,letter,jane-eyre-an-autobiography,1,,server-2,1,2,1,3.541,2.437,3.784
least-connections-cache-off-warm100,130,1,1.2846,23.449,23.757,47.206,of,far-from-the-madding-crowd,1,,server-3,1,2,2,3.541,2.437,3.784
least-connections-cache-off-warm100,130,1,1.2923,1.581,28.351,29.932,and,great-expectations,1,,server-1,2,1,2,3.541,5.660,3.784
least-connections-cache-off-warm100,130,1,1.3000,19.932,13.130,33.062,death,the-prince,1,,server-2,1,2,2,2.717,5.660,3.784
least-connections-cache-off-warm100,130,1,1.3077,1.270,52.079,53.350,sea,north-and-south,1,,server-3,1,2,2,2.717,5.660,8.852
least-connections-cache-off-warm100,130,1,1.3154,7.372,22.840,30.212,and,a-connecticut-yankee-in-king-arthur-s-court,1,,server-1,2,2,2,2.717,5.660,3.859
least-connections-cache-off-warm100,130,1,1.3231,9.963,23.807,33.770,she,the-iliad-2199,1,,server-2,1,2,2,3.852,6.640,3.859
least-connections-cache-off-warm100,130,1,1.3308,15.194,16.226,31.420,king,cranford,1,,server-1,2,2,2,3.852,6.640,3.859
least-connections-cache-off-warm100,130,1,1.3385,18.879,12.604,31.483,he,the-king-in-yellow,1,,server-2,2,2,1,3.852,4.528,6.196
least-connections-cache-off-warm100,130,1,1.3462,15.476,11.145,26.621,sea,washington-square,1,,server-3,1,2,2,4.531,4.528,6.196
least-connections-cache-off-warm100,130,1,1.3538,8.973,10.849,19.821,horse,treasure-island,1,,server-1,2,2,2,4.531,4.528,6.196
least-connections-cache-off-warm100,130,1,1.3615,8.779,20.632,29.411,castle,the-portrait-of-a-lady-volume-1,1,,server-2,2,2,1,4.531,5.275,7.721
least-connections-cache-off-warm100,130,1,1.3692,4.487,20.303,24.790,of,far-from-the-madding-crowd,1,,server-3,1,2,2,3.597,5.275,7.721
least-connections-cache-off-warm100,130,1,1.3769,1.276,12.656,13.932,letter,silas-marner,1,,server-1,1,1,1,3.992,3.532,3.885
least-connections-cache-off-warm100,130,1,1.3846,6.843,31.171,38.014,love,the-moonstone,1,,server-2,1,2,1,2.119,3.532,3.885
least-connections-cache-off-warm100,130,1,1.3923,1.217,31.925,33.142,of,the-romance-of-lust-a-classic-victorian-erotic-novel,1,,server-1,1,1,1,3.329,3.454,3.885
least-connections-cache-off-warm100,130,1,1.4000,1.372,13.072,14.445,horse,the-adventures-of-tom-sawyer-complete,1,,server-3,1,1,1,1.768,3.454,5.694
least-connections-cache-off-warm100,130,1,1.4077,18.371,12.636,31.007,she,silas-marner,1,,server-1,2,1,1,1.768,3.454,2.995
least-connections-cache-off-warm100,130,1,1.4154,1.397,16.323,17.719,she,a-journey-to-the-centre-of-the-earth,1,,server-3,2,1,1,1.768,3.454,3.956
least-connections-cache-off-warm100,130,1,1.4231,1.341,14.425,15.765,london,the-warden,1,,server-2,2,1,1,1.768,7.151,2.128
least-connections-cache-off-warm100,130,1,1.4308,2.958,21.056,24.014,he,madame-bovary,1,,server-3,1,1,2,4.944,3.730,2.128
least-connections-cache-off-warm100,130,1,1.4385,1.760,23.957,25.717,whale,mansfield-park,1,,server-1,2,1,1,5.095,5.756,2.220
least-connections-cache-off-warm100,130,1,1.4462,1.351,25.631,26.982,castle,a-tale-of-two-cities,1,,server-2,1,1,1,2.673,4.648,2.220
least-connections-cache-off-warm100,130,1,1.4538,1.408,10.131,11.539,and,herland,1,,server-3,1,1,2,2.673,2.436,2.220
least-connections-cache-off-warm100,130,1,1.4615,3.271,20.933,24.203,night,the-last-of-the-mohicans-a-narrative-of-1757-27681,1,,server-1,2,1,1,2.673,2.436,2.471
least-connections-cache-off-warm100,130,1,1.4692,1.228,24.091,25.319,castle,oliver-twist,1,,server-3,1,1,1,3.107,2.436,3.166
least-connections-cache-off-warm100,130,1,1.4769,1.131,16.016,17.148,money,the-memoirs-of-sherlock-holmes,1,,server-2,1,1,1,3.107,5.611,1.684
least-connections-cache-off-warm100,130,1,1.4846,11.073,10.134,21.207,letter,the-hound-of-the-baskervilles-3070,1,,server-3,1,1,2,3.107,2.926,1.684
least-connections-cache-off-warm100,130,1,1.4923,1.285,25.458,26.742,the,the-last-of-the-mohicans-a-narrative-of-1757,1,,server-1,1,1,2,5.262,2.926,1.684
least-connections-cache-off-warm100,130,1,1.5000,1.248,23.174,24.422,and,emma,1,,server-2,1,1,1,2.761,4.400,3.823
least-connections-cache-off-warm100,130,1,1.5077,1.437,27.938,29.376,house,pride-and-prejudice,1,,server-3,1,1,1,2.761,2.306,4.009
least-connections-cache-off-warm100,130,1,1.5154,4.213,26.725,30.938,house,north-and-south,1,,server-1,2,1,1,2.761,2.306,2.187
least-connections-cache-off-warm100,130,1,1.5231,1.859,12.056,13.915,was,the-first-men-in-the-moon,1,,server-2,1,2,1,3.392,2.306,2.187
least-connections-cache-off-warm100,130,1,1.5308,7.089,9.988,17.077,she,black-beauty,1,,server-3,1,1,2,3.392,2.819,2.187
least-connections-cache-off-warm100,130,1,1.5385,1.238,22.990,24.229,sea,the-return-of-sherlock-holmes,1,,server-2,1,1,1,3.392,3.649,3.597
least-connections-cache-off-warm100,130,1,1.5462,2.316,14.420,16.735,the,the-adventures-of-tom-sawyer-complete,1,,server-3,1,1,2,7.978,1.932,3.597
least-connections-cache-off-warm100,130,1,1.5538,1.313,28.334,29.648,and,the-moonstone,1,,server-1,1,1,1,6.424,1.932,2.174
least-connections-cache-off-warm100,130,1,1.5615,2.009,12.914,14.923,of,memoirs-of-fanny-hill,1,,server-2,1,2,1,3.359,1.932,2.174
least-connections-cache-off-warm100,130,1,1.5692,1.391,12.415,13.805,whale,the-hound-of-the-baskervilles,1,,server-3,1,1,1,3.359,2.603,3.670
least-connections-cache-off-warm100,130,1,1.5769,0.954,14.619,15.573,and,northanger-abbey,1,,server-2,1,1,1,3.359,3.674,1.947
least-connections-cache-off-warm100,130,1,1.5846,1.141,18.030,19.171,the,the-divine-comedy,1,,server-3,0,1,1,6.645,1.942,3.192
least-connections-cache-off-warm100,130,1,1.5923,1.210,13.945,15.156,the,the-secret-garden,1,,server-1,1,1,1,6.645,4.413,1.694
least-connections-cache-off-warm100,130,1,1.6000,1.446,15.576,17.022,money,treasure-island,1,,server-2,1,1,1,3.466,3.549,1.694
least-connections-cache-off-warm100,130,1,1.6077,0.964,15.996,16.960,castle,the-scarlet-letter-33,1,,server-3,0,1,1,4.416,1.918,3.930
least-connections-cache-off-warm100,130,1,1.6154,1.028,17.754,18.782,the,sense-and-sensibility,1,,server-1,1,1,1,4.416,1.918,2.073
least-connections-cache-off-warm100,130,1,1.6231,1.392,16.372,17.764,house,the-king-in-yellow,1,,server-2,1,1,1,2.323,3.699,2.073
least-connections-cache-off-warm100,130,1,1.6308,1.669,10.916,12.584,she,herland,1,,server-3,1,1,1,2.323,1.976,3.856
least-connections-cache-off-warm100,130,1,1.6385,1.255,21.108,22.363,of,the-jungle,1,,server-1,1,1,1,4.303,1.976,2.039
least-connections-cache-off-warm100,130,1,1.6462,1.390,26.165,27.555,london,the-last-of-the-mohicans-a-narrative-of-1757,1,,server-2,1,1,0,2.259,3.850,3.001
least-connections-cache-off-warm100,130,1,1.6538,1.547,25.421,26.968,whale,emma,1,,server-3,1,1,1,2.259,2.045,3.001
least-connections-cache-off-warm100,130,1,1.6615,1.265,17.192,18.456,was,grimms-fairy-tales,1,,server-1,1,1,1,4.755,2.045,1.605
least-connections-cache-off-warm100,130,1,1.6692,5.261,22.983,28.243,letter,adventures-of-huckleberry-finn,1,,server-2,1,2,1,2.491,2.045,1.605
least-connections-cache-off-warm100,130,1,1.6769,4.031,10.771,14.802,was,the-prince,1,,server-3,1,1,2,2.491,3.267,1.605
least-connections-cache-off-warm100,130,1,1.6846,1.353,39.590,40.943,love,the-mysterious-island,1,,server-1,1,1,1,4.289,3.267,2.885
least-connections-cache-off-warm100,130,1,1.6923,1.842,25.030,26.872,money,emma,1,,server-3,1,1,1,2.266,3.267,3.535
least-connections-cache-off-warm100,130,1,1.7000,1.173,23.063,24.237,the,a-tale-of-two-cities,1,,server-2,1,1,1,2.266,5.720,1.869
least-connections-cache-off-warm100,130,1,1.7077,12.141,15.677,27.818,house,the-warden,1,,server-3,1,1,2,2.266,2.992,1.869
least-connections-cache-off-warm100,130,1,1.7154,10.829,10.767,21.596,king,around-the-world-in-eighty-days,1,,server-1,2,1,2,2.266,2.992,1.869
least-connections-cache-off-warm100,130,1,1.7231,1.775,14.153,15.928,the,the-war-of-the-worlds,1,,server-2,2,2,1,2.266,2.992,3.767
least-connections-cache-off-warm100,130,1,1.7308,5.503,24.932,30.435,london,jude-the-obscure,1,,server-3,1,1,2,4.988,2.939,3.767
least-connections-cache-off-warm100,130,1,1.7385,1.294,15.202,16.496,she,around-the-world-in-eighty-days,1,,server-1,1,1,1,4.872,2.939,2.994
least-connections-cache-off-warm100,130,1,1.7462,1.718,11.654,13.373,was,black-beauty,1,,server-2,1,1,1,2.557,4.117,2.994
least-connections-cache-off-warm100,130,1,1.7538,7.990,10.752,18.743,whale,the-war-of-the-worlds,1,,server-3,1,1,2,2.557,2.218,2.994
least-connections-cache-off-warm100,130,1,1.7615,1.503,13.329,14.832,the,the-picture-of-dorian-gray,1,,server-1,1,0,2,4.033,3.221,4.569
least-connections-cache-off-warm100,130,1,1.7692,1.066,12.446,13.512,the,autobiography-of-benjamin-franklin,1,,server-2,1,1,1,2.120,3.221,3.663
least-connections-cache-off-warm100,130,1,1.7769,1.311,16.958,18.269,house,adventures-of-huckleberry-finn,1,,server-3,0,1,1,3.452,1.712,4.009
least-connections-cache-off-warm100,130,1,1.7846,1.050,20.688,21.738,whale,grimms-fairy-tales,1,,server-1,1,0,1,3.452,3.047,2.135
least-connections-cache-off-warm100,130,1,1.7923,1.373,35.227,36.601,king,the-innocents-abroad,1,,server-2,1,1,1,1.825,3.047,2.135
least-connections-cache-off-warm100,130,1,1.8000,1.629,22.814,24.444,king,the-song-of-the-lark,1,,server-3,1,1,1,1.825,1.632,4.059
least-connections-cache-off-warm100,130,1,1.8077,1.247,28.762,30.009,letter,great-expectations,1,,server-1,1,1,1,4.423,1.632,2.167
least-connections-cache-off-warm100,130,1,1.8154,13.949,19.927,33.876,letter,madame-bovary,1,,server-2,1,2,1,2.327,1.632,2.167
least-connections-cache-off-warm100,130,1,1.8231,2.180,21.064,23.245,of,madame-bovary,1,,server-3,1,2,2,2.327,1.632,2.167
least-connections-cache-off-warm100,130,1,1.8308,7.637,24.199,31.836,she,the-song-of-the-lark,1,,server-1,2,1,1,2.327,4.732,2.708
least-connections-cache-off-warm100,130,1,1.8385,11.180,13.729,24.909,you,the-wind-in-the-willows,1,,server-2,1,2,1,3.840,4.732,2.708
least-connections-cache-off-warm100,130,1,1.8462,1.168,22.519,23.687,love,a-connecticut-yankee-in-king-arthur-s-court,1,,server-3,1,2,1,3.840,4.732,5.031
least-connections-cache-off-warm100,130,1,1.8538,9.454,8.938,18.392,the,the-kama-sutra-of-vatsyayana,1,,server-1,2,1,1,3.840,4.325,2.641
least-connections-cache-off-warm100,130,1,1.8615,2.591,21.190,23.782,you,madame-bovary,1,,server-2,2,2,1,3.840,4.325,2.641
least-connections-cache-off-warm100,130,1,1.8692,1.581,17.321,18.902,heart,frankenstein-or-the-modern-prometheus,1,,server-3,1,1,2,4.101,2.751,2.641
least-connections-cache-off-warm100,130,1,1.8769,1.214,24.047,25.261,death,life-on-the-mississippi,1,,server-1,1,1,1,3.977,2.751,2.782
least-connections-cache-off-warm100,130,1,1.8846,1.488,14.735,16.224,letter,the-memoirs-of-sherlock-holmes,1,,server-2,1,2,1,2.095,2.751,2.782
least-connections-cache-off-warm100,130,1,1.8923,1.311,25.658,26.969,king,oliver-twist,1,,server-3,1,1,1,2.095,2.693,4.499
least-connections-cache-off-warm100,130,1,1.9000,2.803,13.368,16.171,letter,dubliners,1,,server-1,2,1,1,2.095,2.693,2.375
least-connections-cache-off-warm100,130,1,1.9077,1.539,11.663,13.202,the,treasure-island,1,,server-2,1,1,1,2.826,4.043,2.375
least-connections-cache-off-warm100,130,1,1.9154,4.477,18.970,23.447,castle,the-adventures-of-sherlock-holmes,1,,server-3,1,1,2,2.826,2.136,2.375
least-connections-cache-off-warm100,130,1,1.9231,1.365,17.257,18.622,she,persuasion,1,,server-1,1,0,1,3.893,3.191,3.262
least-connections-cache-off-warm100,130,1,1.9308,1.296,23.394,24.690,letter,the-adventures-of-sherlock-holmes,1,,server-2,1,1,1,2.064,3.191,3.262
least-connections-cache-off-warm100,130,1,1.9385,1.571,20.791,22.362,night,hard-times,1,,server-3,1,1,2,2.064,1.719,6.308
least-connections-cache-off-warm100,130,1,1.9462,1.530,26.841,28.371,horse,the-last-of-the-mohicans-a-narrative-of-1757-27681,1,,server-1,1,1,1,4.026,1.719,2.657
least-connections-cache-off-warm100,130,1,1.9538,2.198,23.627,25.825,king,the-odyssey,1,,server-2,1,2,1,2.144,1.719,2.657
least-connections-cache-off-warm100,130,1,1.9615,1.269,12.031,13.299,money,silas-marner,1,,server-3,1,1,1,2.144,2.459,4.952
least-connections-cache-off-warm100,130,1,1.9692,5.896,22.665,28.561,was,dracula,1,,server-1,2,1,1,2.144,2.459,2.601
least-connections-cache-off-warm100,130,1,1.9769,1.272,22.055,23.328,heart,the-memoirs-of-sherlock-holmes,1,,server-3,1,1,1,3.400,2.459,3.538
least-connections-cache-off-warm100,130,1,1.9846,1.258,11.292,12.550,whale,the-kama-sutra-of-vatsyayana,1,,server-2,1,1,1,3.400,5.300,1.886
least-connections-cache-off-warm100,130,1,1.9923,8.720,24.267,32.988,he,the-jungle,1,,server-3,1,1,2,3.400,2.766,1.886
least-connections-cache-off-warm100,130,1,2.0000,1.567,18.464,20.031,and,the-works-of-edgar-allan-poe-volume-2,1,,server-1,1,0,2,5.754,3.519,6.166
least-connections-cache-off-warm100,130,1,2.0077,1.470,9.408,10.878,sea,the-great-gatsby,1,,server-2,1,1,1,3.009,3.519,3.241
least-connections-cache-off-warm100,130,1,2.0154,10.527,11.725,22.252,money,around-the-world-in-eighty-days,1,,server-3,1,1,2,3.009,1.873,3.241
least-connections-cache-off-warm100,130,1,2.0231,1.286,18.248,19.534,you,the-adventures-of-sherlock-holmes,1,,server-1,1,0,2,4.822,2.663,3.241
least-connections-cache-off-warm100,130,1,2.0308,1.461,25.388,26.849,horse,far-from-the-madding-crowd,1,,server-2,1,1,1,2.541,2.663,4.044
least-connections-cache-off-warm100,130,1,2.0385,1.139,14.361,15.501,of,autobiography-of-benjamin-franklin,1,,server-3,1,1,1,2.541,1.442,4.378
least-connections-cache-off-warm100,130,1,2.0462,1.555,17.234,18.790,the,the-age-of-innocence,1,,server-1,1,1,1,4.498,1.442,2.306
least-connections-cache-off-warm100,130,1,2.0538,3.925,20.696,24.620,heart,far-from-the-madding-crowd,1,,server-2,1,2,1,2.393,1.442,3.722
least-connections-cache-off-warm100,130,1,2.0615,1.536,25.506,27.042,london,dracula,1,,server-3,1,1,1,2.393,2.817,3.722
least-connections-cache-off-warm100,130,1,2.0692,1.618,15.257,16.875,horse,the-works-of-edgar-allan-poe-volume-2,1,,server-1,1,1,1,4.233,2.817,1.999
least-connections-cache-off-warm100,130,1,2.0769,2.087,8.713,10.800,whale,poirot-investigates,1,,server-2,1,2,1,2.262,2.817,1.999
least-connections-cache-off-warm100,130,1,2.0846,4.845,23.421,28.266,of,the-jungle,1,,server-3,1,1,2,2.262,2.748,1.999
least-connections-cache-off-warm100,130,1,2.0923,1.175,23.560,24.735,love,the-jungle,1,,server-1,1,0,1,3.835,3.104,3.171
least-connections-cache-off-warm100,130,1,2.1000,1.236,11.208,12.444,death,washington-square,1,,server-2,1,1,1,2.024,3.104,3.171
least-connections-cache-off-warm100,130,1,2.1077,5.861,21.404,27.265,letter,wuthering-heights,1,,server-3,1,1,2,2.024,1.648,3.171
least-connections-cache-off-warm100,130,1,2.1154,1.179,16.796,17.975,night,adventures-of-huckleberry-finn,1,,server-2,1,1,1,2.024,2.812,3.543
least-connections-cache-off-warm100,130,1,2.1231,1.251,10.137,11.388,heart,washington-square,1,,server-1,1,1,1,5.007,1.487,3.543
least-connections-cache-off-warm100,130,1,2.1308,3.352,9.972,13.323,love,the-hound-of-the-baskervilles,1,,server-2,1,2,1,2.634,1.487,3.543
least-connections-cache-off-warm100,130,1,2.1385,1.507,33.401,34.908,you,the-mysterious-island,1,,server-3,0,1,1,3.316,2.136,5.648
least-connections-cache-off-warm100,130,1,2.1462,1.084,26.656,27.739,of,twenty-thousand-leagues-under-the-sea,1,,server-1,1,0,1,3.316,2.903,2.984
least-connections-cache-off-warm100,130,1,2.1538,2.064,11.442,13.506,horse,the-wind-in-the-willows,1,,server-2,1,1,1,1.764,2.903,2.984
least-connections-cache-off-warm100,130,1,2.1615,12.704,22.979,35.682,whale,the-last-of-the-mohicans-a-narrative-of-1757,1,,server-3,1,1,2,1.764,1.617,2.984
least-connections-cache-off-warm100,130,1,2.1692,1.306,12.819,14.125,you,white-fang,1,,server-2,1,1,2,1.764,2.802,2.984
least-connections-cache-off-warm100,130,1,2.1769,1.862,29.432,31.294,she,little-women,1,,server-1,1,1,1,5.375,1.547,4.931
least-connections-cache-off-warm100,130,1,2.1846,1.517,18.188,19.705,she,myths-and-legends-of-ancient-greece-and-rome,1,,server-2,1,1,1,2.815,3.013,4.931
least-connections-cache-off-warm100,130,1,2.1923,5.442,12.766,18.208,king,poirot-investigates,1,,server-3,1,1,2,2.815,1.640,4.931
least-connections-cache-off-warm100,130,1,2.2000,8.897,27.872,36.769,whale,the-vicomte-de-bragelonne,1,,server-1,2,1,1,2.815,1.640,3.953
least-connections-cache-off-warm100,130,1,2.2077,1.469,23.756,25.225,night,the-iliad-2199,1,,server-2,2,1,1,2.815,3.892,3.953
least-connections-cache-off-warm100,130,1,2.2154,1.738,28.653,30.391,sea,north-and-south,1,,server-3,1,1,1,4.108,2.057,4.534
least-connections-cache-off-warm100,130,1,2.2231,13.958,17.378,31.336,the,myths-and-legends-of-ancient-greece-and-rome,1,,server-1,2,1,1,4.108,2.057,2.410
least-connections-cache-off-warm100,130,1,2.2308,2.651,28.307,30.958,money,mansfield-park,1,,server-2,2,2,1,4.108,2.057,2.410
least-connections-cache-off-warm100,130,1,2.2385,7.620,22.762,30.383,death,pride-and-prejudice,1,,server-3,1,1,2,4.887,2.781,2.410
least-connections-cache-off-warm100,130,1,2.2462,8.786,14.033,22.819,whale,the-king-in-yellow,1,,server-1,2,1,1,4.887,2.781,4.328
least-connections-cache-off-warm100,130,1,2.2538,8.227,30.375,38.603,of,the-vicomte-de-bragelonne,1,,server-2,2,2,1,4.887,2.781,4.328
least-connections-cache-off-warm100,130,1,2.2615,8.048,20.563,28.611,sea,the-odyssey,1,,server-3,1,2,2,3.814,6.023,4.328
least-connections-cache-off-warm100,130,1,2.2692,1.456,25.671,27.127,and,emma,1,,server-1,2,1,1,4.640,3.929,4.924
least-connections-cache-off-warm100,130,1,2.2769,16.429,13.061,29.490,she,frankenstein-or-the-modern-prometheus,1,,server-2,1,2,1,2.431,3.929,3.987
least-connections-cache-off-warm100,130,1,2.2846,6.131,18.868,24.999,the,the-memoirs-of-sherlock-holmes,1,,server-3,1,2,2,2.431,3.929,3.987
least-connections-cache-off-warm100,130,1,2.2923,4.609,34.547,39.156,of,the-moonstone,1,,server-1,2,2,1,2.431,9.103,3.493
least-connections-cache-off-warm100,130,1,2.3000,6.995,34.073,41.067,was,little-women,1,,server-2,1,2,1,3.250,5.346,3.493
least-connections-cache-off-warm100,130,1,2.3077,2.503,17.316,19.819,was,the-age-of-innocence,1,,server-3,1,1,2,3.250,3.434,3.493
least-connections-cache-off-warm100,130,1,2.3154,16.817,22.436,39.253,and,walden-and-on-the-duty-of-civil-disobedience,1,,server-1,2,1,1,3.250,3.434,2.859
least-connections-cache-off-warm100,130,1,2.3231,18.205,22.516,40.721,heart,leaves-of-grass,1,,server-2,2,2,1,3.250,3.434,2.859
least-connections-cache-off-warm100,130,1,2.3308,1.693,26.583,28.275,sea,a-connecticut-yankee-in-king-arthur-s-court,1,,server-3,2,2,1,3.250,3.434,4.545
least-connections-cache-off-warm100,130,1,2.3385,16.714,14.556,31.270,he,the-picture-of-dorian-gray,1,,server-1,2,2,1,5.556,3.434,2.414
least-connections-cache-off-warm100,130,1,2.3462,19.936,19.185,39.121,love,persuasion,1,,server-2,2,2,1,5.556,6.047,2.414
least-connections-cache-off-warm100,130,1,2.3538,5.999,10.813,16.812,castle,the-prince,1,,server-3,2,2,2,5.556,6.047,2.414
least-connections-cache-off-warm100,130,1,2.3615,9.050,23.366,32.417,money,the-american,1,,server-1,2,2,1,5.570,6.047,3.552
least-connections-cache-off-warm100,130,1,2.3692,16.327,24.717,41.044,whale,desperate-remedies,1,,server-2,2,2,1,5.570,5.840,3.552
least-connections-cache-off-warm100,130,1,2.3769,2.281,13.688,15.969,the,the-king-in-yellow,1,,server-3,1,2,1,4.075,5.840,3.947
least-connections-cache-off-warm100,130,1,2.3846,9.530,12.547,22.077,she,agnes-grey,1,,server-1,2,2,1,4.075,7.362,2.120
least-connections-cache-off-warm100,130,1,2.3923,18.655,8.988,27.644,he,the-prince,1,,server-2,2,2,1,4.605,5.242,2.120
least-connections-cache-off-warm100,130,1,2.4000,1.279,10.681,11.960,money,the-jungle-book,1,,server-3,1,2,1,4.549,5.242,3.479
least-connections-cache-off-warm100,130,1,2.4077,1.046,13.957,15.003,heart,black-beauty,1,,server-1,1,2,1,4.871,5.242,1.853
least-connections-cache-off-warm100,130,1,2.4154,1.137,28.203,29.341,and,the-american,1,,server-3,1,1,1,2.558,6.021,2.853
least-connections-cache-off-warm100,130,1,2.4231,1.618,23.523,25.141,she,desperate-remedies,1,,server-1,1,0,1,3.840,5.230,1.524
least-connections-cache-off-warm100,130,1,2.4308,1.295,12.634,13.929,and,the-king-in-yellow,1,,server-2,1,1,1,2.027,5.230,1.524
least-connections-cache-off-warm100,130,1,2.4385,7.030,9.525,16.555,king,black-beauty,1,,server-3,1,1,2,2.027,2.744,1.524
least-connections-cache-off-warm100,130,1,2.4462,1.081,10.837,11.919,he,the-lost-world,1,,server-2,1,1,1,2.027,3.744,3.600
least-connections-cache-off-warm100,130,1,2.4538,1.531,19.006,20.537,king,the-return-of-sherlock-holmes-108,1,,server-1,1,1,1,5.020,1.982,3.600
least-connections-cache-off-warm100,130,1,2.4615,1.368,15.441,16.810,london,grimms-fairy-tales,1,,server-2,1,1,0,2.639,2.952,3.787
least-connections-cache-off-warm100,130,1,2.4692,1.411,13.344,14.755,london,northanger-abbey,1,,server-3,1,1,1,2.639,1.574,3.787
least-connections-cache-off-warm100,130,1,2.4769,1.292,18.114,19.406,king,the-return-of-sherlock-holmes,1,,server-1,1,1,1,4.696,1.574,2.012
least-connections-cache-off-warm100,130,1,2.4846,1.203,9.804,11.006,money,the-great-gatsby,1,,server-2,1,1,0,2.478,3.414,3.379
least-connections-cache-off-warm100,130,1,2.4923,1.403,14.112,15.515,house,myths-and-legends-of-ancient-greece-and-rome,1,,server-3,1,1,1,2.478,1.820,3.379
least-connections-cache-off-warm100,130,1,2.5000,1.214,41.901,43.114,she,jane-eyre-an-autobiography,1,,server-1,1,0,1,4.440,2.689,1.813
least-connections-cache-off-warm100,130,1,2.5077,1.688,15.530,17.218,money,a-journey-to-the-centre-of-the-earth,1,,server-2,1,1,1,2.341,2.689,4.197
least-connections-cache-off-warm100,130,1,2.5154,1.397,21.923,23.320,night,the-last-of-the-mohicans-a-narrative-of-1757-27681,1,,server-3,1,1,1,2.341,1.470,3.396
least-connections-cache-off-warm100,130,1,2.5231,20.479,10.845,31.324,she,the-mysterious-affair-at-styles,1,,server-1,2,1,1,2.341,1.470,1.812
least-connections-cache-off-warm100,130,1,2.5308,1.242,19.376,20.618,love,the-return-of-sherlock-holmes,1,,server-2,2,1,1,2.341,3.379,1.812
least-connections-cache-off-warm100,130,1,2.5385,1.160,36.459,37.619,letter,north-and-south,1,,server-3,2,1,2,2.341,1.803,5.758
least-connections-cache-off-warm100,130,1,2.5462,8.923,11.619,20.542,the,beyond-good-and-evil,1,,server-1,2,1,1,6.187,1.803,2.443
least-connections-cache-off-warm100,130,1,2.5538,1.306,9.752,11.057,was,beyond-good-and-evil,1,,server-2,2,1,1,6.187,4.213,2.443
least-connections-cache-off-warm100,130,1,2.5615,15.055,15.297,30.352,the,the-mystery-of-edwin-drood,1,,server-3,1,1,2,3.729,2.226,2.443
least-connections-cache-off-warm100,130,1,2.5692,1.064,31.854,32.918,house,the-vicomte-de-bragelonne,1,,server-1,1,0,2,4.167,2.931,2.443
least-connections-cache-off-warm100,130,1,2.5769,1.243,26.158,27.401,night,north-and-south,1,,server-2,1,1,1,2.196,2.931,5.251
least-connections-cache-off-warm100,130,1,2.5846,8.205,30.710,38.916,was,leaves-of-grass,1,,server-3,1,1,2,2.196,1.573,5.251
least-connections-cache-off-warm100,130,1,2.5923,10.345,15.865,26.211,of,kidnapped,1,,server-1,2,1,1,2.196,1.573,5.997
least-connections-cache-off-warm100,130,1,2.6000,4.815,11.283,16.098,love,the-adventures-of-tom-sawyer-complete,1,,server-2,2,2,1,2.196,1.573,3.886
least-connections-cache-off-warm100,130,1,2.6077,16.508,13.371,29.879,money,the-secret-adversary,1,,server-3,1,1,2,4.372,3.152,3.886
least-connections-cache-off-warm100,130,1,2.6154,3.726,30.528,34.254,and,the-romance-of-lust-a-classic-victorian-erotic-novel,1,,server-1,2,1,2,4.372,3.152,3.886
least-connections-cache-off-warm100,130,1,2.6231,1.279,10.632,11.911,he,treasure-island,1,,server-2,1,1,2,3.025,3.814,9.184
least-connections-cache-off-warm100,130,1,2.6308,7.093,14.339,21.432,of,autobiography-of-benjamin-franklin,1,,server-3,1,1,2,3.025,2.016,5.404
least-connections-cache-off-warm100,130,1,2.6385,1.086,20.541,21.627,of,adventures-of-huckleberry-finn,1,,server-2,1,1,1,3.025,2.931,3.642
least-connections-cache-off-warm100,130,1,2.6462,6.628,14.620,21.249,the,persuasion,1,,server-3,1,1,2,3.025,1.561,3.642
least-connections-cache-off-warm100,130,1,2.6538,1.178,17.627,18.805,was,the-mystery-of-edwin-drood,1,,server-1,1,1,1,6.764,1.561,2.962
least-connections-cache-off-warm100,130,1,2.6615,1.477,28.952,30.428,letter,north-and-south,1,,server-2,1,1,1,3.552,4.253,2.962
least-connections-cache-off-warm100,130,1,2.6692,1.337,14.408,15.745,he,the-picture-of-dorian-gray,1,,server-3,1,1,1,3.552,2.247,4.198
least-connections-cache-off-warm100,130,1,2.6769,1.427,14.464,15.891,of,dubliners,1,,server-1,1,1,1,5.024,2.247,2.214
least-connections-cache-off-warm100,130,1,2.6846,8.043,24.600,32.642,he,tess-of-the-d-urbervilles-a-pure-woman,1,,server-2,1,2,1,2.642,2.247,4.499
least-connections-cache-off-warm100,130,1,2.6923,1.626,20.135,21.761,the,the-american,1,,server-3,1,1,1,2.642,4.744,3.631
least-connections-cache-off-warm100,130,1,2.7000,1.541,20.355,21.896,love,the-last-of-the-mohicans-a-narrative-of-1757-27681,1,,server-1,1,1,1,3.975,3.812,1.936
least-connections-cache-off-warm100,130,1,2.7077,9.771,30.661,40.431,sea,the-mysterious-island,1,,server-2,1,2,1,2.107,3.812,1.936
least-connections-cache-off-warm100,130,1,2.7154,1.682,18.983,20.664,heart,the-divine-comedy,1,,server-3,1,2,1,2.107,3.812,4.442
least-connections-cache-off-warm100,130,1,2.7231,1.599,23.632,25.230,heart,life-on-the-mississippi,1,,server-1,1,1,1,4.546,4.473,2.367
least-connections-cache-off-warm100,130,1,2.7308,17.845,12.198,30.043,you,meditations,1,,server-2,1,2,1,2.397,4.473,2.367
least-connections-cache-off-warm100,130,1,2.7385,1.405,21.301,22.706,love,walden-and-on-the-duty-of-civil-disobedience,1,,server-3,1,2,1,2.397,4.473,4.482
least-connections-cache-off-warm100,130,1,2.7462,3.062,24.127,27.189,sea,dracula,1,,server-1,2,2,1,2.397,4.473,2.374
least-connections-cache-off-warm100,130,1,2.7538,7.196,27.492,34.688,house,the-return-of-sherlock-holmes-108,1,,server-2,1,2,1,2.914,5.714,2.374
least-connections-cache-off-warm100,130,1,2.7615,1.530,13.372,14.901,he,memoirs-of-fanny-hill,1,,server-3,1,1,1,2.914,3.449,4.875
least-connections-cache-off-warm100,130,1,2.7692,4.652,13.624,18.276,money,a-princess-of-mars,1,,server-1,2,1,1,2.914,3.449,2.567
least-connections-cache-off-warm100,130,1,2.7769,1.229,23.120,24.349,castle,the-house-of-mirth,1,,server-3,1,1,1,3.292,3.449,3.725
least-connections-cache-off-warm100,130,1,2.7846,3.458,19.650,23.107,letter,the-house-of-the-seven-gables,1,,server-1,2,1,1,3.292,3.449,1.975
least-connections-cache-off-warm100,130,1,2.7923,1.209,23.312,24.521,whale,the-mystery-of-edwin-drood,1,,server-2,1,1,1,2.440,6.559,1.975
least-connections-cache-off-warm100,130,1,2.8000,1.795,35.672,37.467,he,little-women,1,,server-3,1,1,2,2.440,3.420,1.975
least-connections-cache-off-warm100,130,1,2.8077,1.539,22.220,23.759,money,thus-spake-zarathustra-a-book-for-all-and-none,1,,server-1,2,1,1,4.680,3.420,2.643
least-connections-cache-off-warm100,130,1,2.8154,2.106,19.754,21.859,london,the-american,1,,server-2,1,2,1,2.467,3.420,2.643
least-connections-cache-off-warm100,130,1,2.8231,15.638,13.970,29.608,night,the-war-of-the-worlds,1,,server-3,1,1,2,2.467,3.137,2.643
least-connections-cache-off-warm100,130,1,2.8308,2.151,30.152,32.302,night,the-mysterious-island,1,,server-1,2,1,2,2.467,3.137,2.643
least-connections-cache-off-warm100,130,1,2.8385,1.290,15.776,17.065,love,the-adventures-of-sherlock-holmes,1,,server-2,1,1,1,2.700,5.113,6.504
least-connections-cache-off-warm100,130,1,2.8462,7.091,19.130,26.221,the,sense-and-sensibility,1,,server-3,1,1,2,2.700,2.667,5.218
least-connections-cache-off-warm100,130,1,2.8538,9.670,10.471,20.141,death,the-wind-in-the-willows,1,,server-1,2,1,1,2.700,2.667,3.481
least-connections-cache-off-warm100,130,1,2.8615,1.418,11.588,13.007,king,cranford,1,,server-2,2,1,1,2.700,4.205,3.481
least-connections-cache-off-warm100,130,1,2.8692,3.880,25.706,29.586,and,adventures-of-huckleberry-finn,1,,server-3,1,1,2,4.248,2.221,3.481
least-connections-cache-off-warm100,130,1,2.8769,1.649,16.765,18.414,castle,agnes-grey,1,,server-1,1,0,1,4.336,3.224,3.006
least-connections-cache-off-warm100,130,1,2.8846,1.746,21.243,22.989,night,the-house-of-mirth,1,,server-2,1,1,1,2.298,3.224,3.006
least-connections-cache-off-warm100,130,1,2.8923,7.368,16.206,23.574,whale,a-princess-of-mars,1,,server-3,1,1,2,2.298,1.727,3.006
least-connections-cache-off-warm100,130,1,2.9000,1.471,27.736,29.207,love,the-portrait-of-a-lady-volume-1,1,,server-1,1,1,1,4.088,1.727,3.773
least-connections-cache-off-warm100,130,1,2.9077,2.107,13.981,16.088,death,the-wind-in-the-willows,1,,server-2,1,2,1,2.167,4.437,3.773
least-connections-cache-off-warm100,130,1,2.9154,1.251,31.178,32.429,was,the-mysterious-island,1,,server-3,1,1,2,2.167,2.342,3.773
least-connections-cache-off-warm100,130,1,2.9231,6.582,22.198,28.780,castle,the-song-of-the-lark,1,,server-1,2,1,1,2.167,4.553,2.609
least-connections-cache-off-warm100,130,1,2.9308,1.318,19.904,21.223,and,thus-spake-zarathustra-a-book-for-all-and-none,1,,server-2,1,1,1,3.560,3.687,2.609
least-connections-cache-off-warm100,130,1,2.9385,9.983,33.952,43.934,sea,the-iliad,1,,server-3,1,1,2,3.560,1.948,2.609
least-connections-cache-off-warm100,130,1,2.9462,6.267,22.315,28.582,london,sense-and-sensibility,1,,server-1,2,1,2,3.560,1.948,2.609
least-connections-cache-off-warm100,130,1,2.9538,1.178,12.347,13.525,heart,the-secret-adversary,1,,server-2,1,1,1,3.525,4.416,4.571
least-connections-cache-off-warm100,130,1,2.9615,21.141,16.715,37.856,house,the-age-of-innocence,1,,server-3,1,1,2,3.525,2.313,4.571
least-connections-cache-off-warm100,130,1,2.9692,1.194,23.836,25.029,the,oliver-twist,1,,server-2,1,1,2,3.525,3.427,4.571
least-connections-cache-off-warm100,130,1,2.9769,1.350,9.040,10.391,love,the-kama-sutra-of-vatsyayana,1,,server-1,1,1,2,5.791,1.811,4.571
least-connections-cache-off-warm100,130,1,2.9846,10.370,11.200,21.569,whale,the-lost-world,1,,server-2,1,2,1,3.013,1.811,6.339
least-connections-cache-off-warm100,130,1,2.9923,1.166,34.680,35.846,castle,the-vicomte-de-bragelonne,1,,server-1,1,2,1,3.332,1.811,6.339
least-connections-cache-off-warm100,130,1,3.0000,1.239,19.753,20.992,of,pride-and-prejudice,1,,server-3,1,1,1,1.765,3.498,6.703
least-connections-cache-off-warm100,130,1,3.0077,1.146,21.385,22.531,king,the-american,1,,server-2,1,1,1,1.765,3.901,3.482
least-connections-cache-off-warm100,130,1,3.0154,6.365,23.096,29.461,house,the-american,1,,server-3,1,1,2,1.765,2.066,3.482
least-connections-cache-off-warm100,130,1,3.0231,5.387,11.736,17.123,she,treasure-island,1,,server-1,2,1,1,1.765,2.066,3.388
least-connections-cache-off-warm100,130,1,3.0308,1.576,24.052,25.629,money,desperate-remedies,1,,server-2,1,1,1,3.925,4.677,3.388
least-connections-cache-off-warm100,130,1,3.0385,6.515,10.833,17.348,whale,beyond-good-and-evil,1,,server-3,1,1,2,3.925,2.455,3.388
least-connections-cache-off-warm100,130,1,3.0462,1.845,10.514,12.359,house,the-jungle-book,1,,server-1,1,1,1,4.338,2.455,3.922
least-connections-cache-off-warm100,130,1,3.0538,3.129,17.868,20.997,you,madame-bovary,1,,server-2,1,2,1,2.293,2.455,3.922
least-connections-cache-off-warm100,130,1,3.0615,1.096,26.350,27.447,the,oliver-twist,1,,server-3,0,1,1,3.061,2.969,4.171
least-connections-cache-off-warm100,130,1,3.0692,1.243,9.771,11.013,horse,the-wind-in-the-willows,1,,server-1,1,1,1,3.061,2.969,2.200
least-connections-cache-off-warm100,130,1,3.0769,1.326,20.786,22.111,money,a-tale-of-two-cities,1,,server-2,1,1,1,1.631,4.711,2.200
least-connections-cache-off-warm100,130,1,3.0846,1.224,11.125,12.348,night,silas-marner,1,,server-1,1,1,1,2.551,2.480,2.200
least-connections-cache-off-warm100,130,1,3.0923,1.286,12.658,13.944,of,around-the-world-in-eighty-days,1,,server-3,1,1,1,1.366,2.480,5.588
least-connections-cache-off-warm100,130,1,3.1000,1.435,18.253,19.688,of,dubliners,1,,server-1,1,0,1,2.631,4.874,2.921
least-connections-cache-off-warm100,130,1,3.1077,1.438,23.377,24.815,you,jude-the-obscure,1,,server-2,1,1,0,1.452,4.874,3.849
least-connections-cache-off-warm100,130,1,3.1154,1.140,16.922,18.062,he,anne-of-green-gables,1,,server-3,1,1,1,1.452,2.586,3.849
least-connections-cache-off-warm100,130,1,3.1231,1.120,14.426,15.546,horse,grimms-fairy-tales,1,,server-1,1,1,1,3.776,2.586,2.038
least-connections-cache-off-warm100,130,1,3.1308,2.259,30.453,32.712,letter,the-vicomte-de-bragelonne,1,,server-2,1,2,1,2.004,2.586,2.038
least-connections-cache-off-warm100,130,1,3.1385,1.179,19.744,20.923,sea,the-return-of-sherlock-holmes,1,,server-3,1,1,1,4.411,2.928,3.972
least-connections-cache-off-warm100,130,1,3.1462,1.121,9.935,11.056,london,the-wind-in-the-willows,1,,server-1,1,1,1,3.541,2.928,2.090
least-connections-cache-off-warm100,130,1,3.1538,10.218,28.809,39.027,the,mansfield-park,1,,server-2,1,2,1,1.880,2.928,2.090
least-connections-cache-off-warm100,130,1,3.1615,1.221,13.942,15.163,london,the-kama-sutra-of-vatsyayana,1,,server-3,0,2,1,2.727,2.928,4.438
least-connections-cache-off-warm100,130,1,3.1692,1.513,13.742,15.256,heart,his-last-bow,1,,server-1,1,1,1,2.727,4.443,2.333
least-connections-cache-off-warm100,130,1,3.1769,16.170,20.475,36.645,and,hard-times,1,,server-2,1,2,1,1.485,4.443,3.709
least-connections-cache-off-warm100,130,1,3.1846,1.077,10.914,11.991,night,poirot-investigates,1,,server-3,1,2,1,3.115,4.443,3.709
least-connections-cache-off-warm100,130,1,3.1923,1.481,15.007,16.488,sea,agnes-grey,1,,server-1,1,2,1,3.115,5.770,1.957
least-connections-cache-off-warm100,130,1,3.2000,1.510,34.764,36.273,heart,villette,1,,server-3,1,1,1,1.656,5.830,2.968
least-connections-cache-off-warm100,130,1,3.2077,1.652,13.176,14.828,heart,the-adventures-of-tom-sawyer-complete,1,,server-1,2,1,1,1.656,5.830,1.609
least-connections-cache-off-warm100,130,1,3.2154,1.238,23.841,25.080,he,jude-the-obscure,1,,server-2,1,1,1,1.873,6.960,1.609
least-connections-cache-off-warm100,130,1,3.2231,1.454,18.301,19.755,castle,grimms-fairy-tales,1,,server-1,1,1,1,3.257,3.600,1.609
least-connections-cache-off-warm100,130,1,3.2308,10.169,12.394,22.563,king,agnes-grey,1,,server-2,1,2,1,1.744,3.600,1.609
least-connections-cache-off-warm100,130,1,3.2385,1.410,19.337,20.746,king,the-house-of-mirth,1,,server-3,1,2,1,1.744,3.600,6.550
least-connections-cache-off-warm100,130,1,3.2462,1.410,24.244,25.654,and,the-divine-comedy,1,,server-1,1,1,1,3.985,4.092,3.421
least-connections-cache-off-warm100,130,1,3.2538,1.080,11.435,12.515,the,black-beauty,1,,server-2,1,1,1,2.110,4.550,3.421
least-connections-cache-off-warm100,130,1,3.2615,0.974,16.493,17.468,she,the-secret-adversary,1,,server-3,1,1,1,2.110,2.383,5.253
least-connections-cache-off-warm100,130,1,3.2692,1.250,18.995,20.245,the,the-age-of-innocence,1,,server-2,1,1,1,2.110,3.321,2.754
least-connections-cache-off-warm100,130,1,3.2769,1.464,9.503,10.966,house,the-kama-sutra-of-vatsyayana,1,,server-1,1,1,1,5.175,1.780,2.754
least-connections-cache-off-warm100,130,1,3.2846,1.325,27.023,28.349,you,jude-the-obscure,1,,server-3,1,1,1,2.716,1.780,4.369
least-connections-cache-off-warm100,130,1,3.2923,1.388,14.281,15.669,whale,dubliners,1,,server-1,1,0,1,3.209,4.137,2.296
least-connections-cache-off-warm100,130,1,3.3000,1.731,15.258,16.989,money,the-scarlet-letter-33,1,,server-2,1,1,1,1.717,4.137,2.296
least-connections-cache-off-warm100,130,1,3.3077,5.688,30.644,36.331,and,the-house-of-mirth,1,,server-3,1,1,2,3.321,2.204,2.296
least-connections-cache-off-warm100,130,1,3.3154,1.296,19.135,20.431,he,the-adventures-of-tom-sawyer-complete,1,,server-1,1,1,1,3.321,2.204,3.461
least-connections-cache-off-warm100,130,1,3.3231,1.743,26.920,28.663,letter,the-adventures-of-ferdinand-count-fathom-complete,1,,server-2,1,1,1,1.766,3.794,3.461
least-connections-cache-off-warm100,130,1,3.3308,13.269,16.158,29.427,love,adventures-of-huckleberry-finn,1,,server-3,1,1,2,1.766,2.057,3.461
least-connections-cache-off-warm100,130,1,3.3385,1.299,13.196,14.495,was,treasure-island,1,,server-1,1,1,2,4.146,2.057,3.461
least-connections-cache-off-warm100,130,1,3.3462,6.398,30.671,37.070,of,north-and-south,1,,server-2,1,2,1,2.187,2.057,6.036
least-connections-cache-off-warm100,130,1,3.3538,1.585,15.072,16.657,death,the-mysterious-affair-at-styles,1,,server-1,1,1,1,3.455,3.444,6.036
least-connections-cache-off-warm100,130,1,3.3615,1.251,13.742,14.993,house,the-king-in-yellow,1,,server-3,1,1,1,1.831,3.444,6.380
least-connections-cache-off-warm100,130,1,3.3692,1.828,11.426,13.254,night,a-princess-of-mars,1,,server-1,2,1,1,1.831,3.444,3.325
least-connections-cache-off-warm100,130,1,3.3769,1.254,19.495,20.750,money,the-last-of-the-mohicans-a-narrative-of-1757-27681,1,,server-3,1,1,1,1.932,3.444,4.280
least-connections-cache-off-warm100,130,1,3.3846,1.145,11.461,12.606,heart,the-adventures-of-tom-sawyer-complete,1,,server-1,1,0,1,3.018,7.028,2.248
least-connections-cache-off-warm100,130,1,3.3923,1.569,27.598,29.167,of,the-tenant-of-wildfell-hall,1,,server-2,1,1,1,1.593,7.028,2.248
least-connections-cache-off-warm100,130,1,3.4000,1.309,20.426,21.735,letter,sense-and-sensibility,1,,server-3,0,1,1,2.819,3.667,4.527
least-connections-cache-off-warm100,130,1,3.4077,1.222,16.215,17.437,house,anne-of-green-gables,1,,server-1,1,1,1,2.819,3.667,2.378
least-connections-cache-off-warm100,130,1,3.4154,6.935,11.250,18.185,night,beyond-good-and-evil,1,,server-2,1,2,1,1.509,3.667,2.378
least-connections-cache-off-warm100,130,1,3.4231,1.460,24.678,26.138,castle,far-from-the-madding-crowd,1,,server-3,1,1,1,1.509,4.070,4.755
least-connections-cache-off-warm100,130,1,3.4308,1.299,23.536,24.835,of,the-age-of-innocence,1,,server-1,1,1,1,3.517,4.070,2.504
least-connections-cache-off-warm100,130,1,3.4385,1.237,27.081,28.318,she,great-expectations,1,,server-2,1,1,1,1.866,4.336,2.504
least-connections-cache-off-warm100,130,1,3.4462,3.892,16.573,20.465,of,the-age-of-innocence,1,,server-3,1,1,2,1.866,2.284,2.504
least-connections-cache-off-warm100,130,1,3.4538,2.112,17.931,20.043,of,the-divine-comedy,1,,server-1,2,1,1,1.866,2.284,3.082
least-connections-cache-off-warm100,130,1,3.4615,5.824,14.229,20.053,and,the-king-in-yellow,1,,server-2,1,2,1,2.559,2.284,3.082
least-connections-cache-off-warm100,130,1,3.4692,1.052,11.561,12.613,king,the-jungle-book,1,,server-3,1,1,1,2.559,3.500,4.550
least-connections-cache-off-warm100,130,1,3.4769,1.424,15.237,16.661,horse,persuasion,1,,server-1,1,1,1,4.474,3.500,2.391
least-connections-cache-off-warm100,130,1,3.4846,1.018,23.721,24.738,you,the-song-of-the-lark,1,,server-2,1,1,0,2.392,4.473,3.339
least-connections-cache-off-warm100,130,1,3.4923,1.102,16.876,17.978,sea,desert-gold,1,,server-3,1,1,1,2.392,2.347,3.339
least-connections-cache-off-warm100,130,1,3.5000,1.513,23.694,25.207,night,a-connecticut-yankee-in-king-arthur-s-court,1,,server-1,1,1,1,3.949,2.347,1.784
least-connections-cache-off-warm100,130,1,3.5077,1.974,22.483,24.457,whale,the-last-of-the-mohicans-a-narrative-of-1757,1,,server-2,1,2,1,2.125,2.347,1.784
least-connections-cache-off-warm100,130,1,3.5154,1.391,12.895,14.286,he,meditations,1,,server-3,1,1,1,2.125,3.318,3.825
least-connections-cache-off-warm100,130,1,3.5231,2.834,15.405,18.240,money,frankenstein-or-the-modern-prometheus,1,,server-1,2,1,1,2.125,3.318,2.022
least-connections-cache-off-warm100,130,1,3.5308,1.077,10.282,11.359,of,dubliners,1,,server-3,1,1,1,2.878,3.318,3.310
least-connections-cache-off-warm100,130,1,3.5385,1.157,22.012,23.169,the,the-american,1,,server-2,1,1,1,2.878,5.682,1.756
least-connections-cache-off-warm100,130,1,3.5462,1.045,18.638,19.682,king,the-last-of-the-mohicans-a-narrative-of-1757-27681,1,,server-3,0,1,1,4.275,2.977,2.737
least-connections-cache-off-warm100,130,1,3.5538,1.724,17.084,18.808,sea,the-age-of-innocence,1,,server-1,1,1,1,4.275,2.977,1.454
least-connections-cache-off-warm100,130,1,3.5615,1.676,10.144,11.820,heart,the-kama-sutra-of-vatsyayana,1,,server-2,1,2,1,2.293,6.690,1.454
least-connections-cache-off-warm100,130,1,3.5692,1.422,15.045,16.467,letter,the-works-of-edgar-allan-poe-volume-2,1,,server-3,1,1,1,2.293,2.820,3.869
least-connections-cache-off-warm100,130,1,3.5769,1.609,10.642,12.252,the,the-war-of-the-worlds,1,,server-1,1,0,1,4.142,3.366,2.061
least-connections-cache-off-warm100,130,1,3.5846,1.348,14.385,15.733,money,the-scarlet-letter-33,1,,server-2,1,1,1,2.193,3.366,2.061
least-connections-cache-off-warm100,130,1,3.5923,1.340,34.363,35.703,money,tess-of-the-d-urbervilles-a-pure-woman,1,,server-3,0,1,1,3.045,1.808,3.693
least-connections-cache-off-warm100,130,1,3.6000,1.549,21.670,23.219,love,frankenstein-or-the-modern-prometheus-41445,1,,server-1,1,1,1,3.045,4.209,1.956
least-connections-cache-off-warm100,130,1,3.6077,2.060,36.826,38.885,she,villette,1,,server-2,1,1,1,1.627,3.388,1.956
least-connections-cache-off-warm100,130,1,3.6154,13.281,24.958,38.239,house,mansfield-park,1,,server-3,1,1,2,1.627,1.844,1.956
least-connections-cache-off-warm100,130,1,3.6231,1.300,26.363,27.664,whale,the-last-of-the-mohicans-a-narrative-of-1757,1,,server-1,2,1,2,5.500,1.844,1.956
least-connections-cache-off-warm100,130,1,3.6308,16.287,14.703,30.990,heart,myths-and-legends-of-ancient-greece-and-rome,1,,server-2,1,2,1,2.334,1.844,4.640
least-connections-cache-off-warm100,130,1,3.6385,15.743,12.885,28.628,of,the-warden,1,,server-3,1,2,2,2.334,1.844,4.640
least-connections-cache-off-warm100,130,1,3.6462,5.385,12.787,18.173,london,memoirs-of-fanny-hill,1,,server-1,2,2,2,2.334,9.866,4.640
least-connections-cache-off-warm100,130,1,3.6538,8.502,10.437,18.939,house,the-lost-world,1,,server-2,1,2,2,3.370,5.107,7.829
least-connections-cache-off-warm100,130,1,3.6615,6.554,20.202,26.756,she,the-american,1,,server-3,1,2,2,3.370,5.592,5.070
least-connections-cache-off-warm100,130,1,3.6692,1.354,17.414,18.768,heart,the-works-of-edgar-allan-poe-volume-2,1,,server-1,1,1,1,4.149,3.648,3.259
least-connections-cache-off-warm100,130,1,3.6769,1.269,18.039,19.308,love,the-return-of-sherlock-holmes,1,,server-2,1,1,1,2.188,3.940,3.259
least-connections-cache-off-warm100,130,1,3.6846,4.139,21.127,25.266,horse,the-odyssey,1,,server-3,1,1,2,2.188,2.082,3.259
least-connections-cache-off-warm100,130,1,3.6923,1.892,19.084,20.976,heart,the-return-of-sherlock-holmes-108,1,,server-1,1,1,1,4.149,2.082,3.034
least-connections-cache-off-warm100,130,1,3.7000,1.249,21.290,22.539,money,the-odyssey,1,,server-2,1,1,1,2.206,4.196,3.034
least-connections-cache-off-warm100,130,1,3.7077,2.819,8.953,11.772,whale,the-hound-of-the-baskervilles-3070,1,,server-3,1,1,2,2.206,2.213,3.034
least-connections-cache-off-warm100,130,1,3.7154,1.655,16.108,17.763,money,the-wind-in-the-willows,1,,server-1,1,1,1,4.408,2.213,2.947
least-connections-cache-off-warm100,130,1,3.7231,1.172,24.496,25.668,london,the-adventures-of-sherlock-holmes,1,,server-2,1,1,0,2.366,4.790,3.284
least-connections-cache-off-warm100,130,1,3.7308,1.946,42.372,44.318,night,the-iliad,1,,server-3,1,1,1,2.366,2.526,3.284
least-connections-cache-off-warm100,130,1,3.7385,1.130,14.392,15.522,whale,autobiography-of-benjamin-franklin,1,,server-1,1,1,1,4.060,2.526,1.798
least-connections-cache-off-warm100,130,1,3.7462,2.979,13.538,16.517,love,around-the-world-in-eighty-days,1,,server-2,1,2,1,2.145,2.526,1.798
least-connections-cache-off-warm100,130,1,3.7538,21.430,14.403,35.833,horse,desert-gold,1,,server-3,1,1,2,3.638,3.076,1.798
least-connections-cache-off-warm100,130,1,3.7615,1.090,15.028,16.118,sea,treasure-island,1,,server-1,1,1,2,3.638,3.076,1.798
least-connections-cache-off-warm100,130,1,3.7692,1.140,11.138,12.278,you,around-the-world-in-eighty-days,1,,server-2,1,1,2,1.926,4.091,1.798
least-connections-cache-off-warm100,130,1,3.7769,11.316,13.532,24.847,night,autobiography-of-benjamin-franklin,1,,server-3,1,1,2,1.926,2.157,6.777
least-connections-cache-off-warm100,130,1,3.7846,1.141,13.540,14.682,he,the-picture-of-dorian-gray,1,,server-1,1,0,2,3.614,3.136,5.472
least-connections-cache-off-warm100,130,1,3.7923,1.165,29.983,31.147,was,great-expectations,1,,server-2,1,1,1,1.925,3.136,5.265
least-connections-cache-off-warm100,130,1,3.8000,1.289,16.574,17.863,love,a-journey-to-the-centre-of-the-earth,1,,server-1,1,1,1,3.350,1.670,5.265
least-connections-cache-off-warm100,130,1,3.8077,1.487,14.364,15.850,king,grimms-fairy-tales,1,,server-3,1,1,1,1.821,1.670,5.301
least-connections-cache-off-warm100,130,1,3.8154,3.222,18.611,21.834,she,madame-bovary,1,,server-1,2,1,1,1.821,1.670,2.777
least-connections-cache-off-warm100,130,1,3.8231,2.054,11.334,13.388,death,herland,1,,server-2,1,2,1,2.223,5.805,4.988
least-connections-cache-off-warm100,130,1,3.8308,1.268,19.735,21.002,night,the-portrait-of-a-lady-volume-1,1,,server-3,1,1,1,2.223,3.063,4.009
least-connections-cache-off-warm100,130,1,3.8385,1.291,10.582,11.873,money,his-last-bow,1,,server-1,1,0,1,4.326,3.733,2.120
least-connections-cache-off-warm100,130,1,3.8462,1.531,15.017,16.548,sea,the-wind-in-the-willows,1,,server-2,1,1,1,2.287,3.733,2.120
least-connections-cache-off-warm100,130,1,3.8538,1.155,22.880,24.035,money,madame-bovary,1,,server-3,0,1,1,3.117,1.994,4.466
least-connections-cache-off-warm100,130,1,3.8615,0.889,16.443,17.332,castle,the-scarlet-letter-33,1,,server-1,1,1,1,3.117,1.994,2.348
least-connections-cache-off-warm100,130,1,3.8692,1.900,17.123,19.023,and,the-mystery-of-edwin-drood,1,,server-2,1,1,1,1.645,3.635,2.348
least-connections-cache-off-warm100,130,1,3.8769,1.358,17.607,18.965,death,wuthering-heights,1,,server-3,1,1,2,1.645,1.994,2.348
least-connections-cache-off-warm100,130,1,3.8846,1.491,12.244,13.736,money,the-wind-in-the-willows,1,,server-1,1,1,1,3.651,1.994,2.661
least-connections-cache-off-warm100,130,1,3.8923,1.287,13.083,14.370,london,the-picture-of-dorian-gray,1,,server-2,1,1,1,1.947,3.944,2.661
least-connections-cache-off-warm100,130,1,3.9000,1.131,27.814,28.946,death,the-romance-of-lust-a-classic-victorian-erotic-novel,1,,server-3,0,1,1,3.160,2.086,4.462
least-connections-cache-off-warm100,130,1,3.9077,1.144,18.075,19.218,and,walden-and-on-the-duty-of-civil-disobedience,1,,server-1,1,0,1,3.160,3.349,2.352
least-connections-cache-off-warm100,130,1,3.9154,1.155,26.029,27.184,and,tess-of-the-d-urbervilles-a-pure-woman,1,,server-2,1,1,1,1.678,3.349,2.352
least-connections-cache-off-warm100,130,1,3.9231,6.382,27.025,33.407,house,life-on-the-mississippi,1,,server-3,1,1,2,1.678,1.780,2.352
least-connections-cache-off-warm100,130,1,3.9308,1.361,33.956,35.317,was,the-innocents-abroad,1,,server-1,1,1,1,3.923,1.780,3.628
least-connections-cache-off-warm100,130,1,3.9385,4.423,25.440,29.864,death,emma,1,,server-2,1,2,1,2.074,1.780,3.628
least-connections-cache-off-warm100,130,1,3.9462,11.030,18.931,29.961,was,a-connecticut-yankee-in-king-arthur-s-court,1,,server-3,1,1,2,2.074,3.074,3.628
least-connections-cache-off-warm100,130,1,3.9538,12.696,19.257,31.952,london,the-divine-comedy,1,,server-1,2,1,2,2.074,3.074,3.628
least-connections-cache-off-warm100,130,1,3.9615,7.460,9.880,17.340,night,the-great-gatsby,1,,server-2,2,2,1,2.074,3.074,4.454
least-connections-cache-off-warm100,130,1,3.9692,7.445,27.212,34.657,castle,oliver-twist,1,,server-3,1,1,2,4.663,3.778,4.454
least-connections-cache-off-warm100,130,1,3.9769,9.518,14.708,24.226,and,myths-and-legends-of-ancient-greece-and-rome,1,,server-1,2,1,1,4.663,3.778,3.655
least-connections-cache-off-warm100,130,1,3.9846,1.423,14.218,15.640,london,memoirs-of-fanny-hill,1,,server-2,2,1,1,4.663,3.931,3.655
least-connections-cache-off-warm100,130,1,3.9923,12.023,8.595,20.618,and,the-prince,1,,server-3,1,1,2,3.984,2.075,3.655
least-connections-cache-off-warm100,130,1,4.0000,1.688,21.071,22.759,castle,the-last-of-the-mohicans-a-narrative-of-1757-27681,1,,server-1,2,1,2,3.984,4.421,3.655
least-connections-cache-off-warm100,130,1,4.0077,1.437,25.294,26.731,castle,mary-barton,1,,server-2,1,1,1,2.613,3.553,4.840
least-connections-cache-off-warm100,130,1,4.0154,1.127,31.132,32.259,sea,villette,1,,server-3,1,1,1,2.613,1.889,4.444
least-connections-cache-off-warm100,130,1,4.0231,1.473,30.934,32.407,london,the-iliad,1,,server-1,1,1,1,5.015,1.889,2.342
least-connections-cache-off-warm100,130,1,4.0308,4.250,12.818,17.068,sea,kidnapped,1,,server-2,1,2,1,2.636,1.889,2.342
least-connections-cache-off-warm100,130,1,4.0385,9.720,12.549,22.268,the,the-prince,1,,server-3,1,1,2,2.636,3.024,2.342
least-connections-cache-off-warm100,130,1,4.0462,10.132,11.417,21.549,of,the-kama-sutra-of-vatsyayana,1,,server-1,2,1,2,2.636,3.024,2.342
least-connections-cache-off-warm100,130,1,4.0538,1.784,19.232,21.016,whale,twenty-thousand-leagues-under-the-sea,1,,server-2,2,1,1,2.636,3.922,4.694
least-connections-cache-off-warm100,130,1,4.0615,1.276,18.623,19.899,you,anne-of-green-gables,1,,server-3,1,1,1,4.527,2.108,4.958
least-connections-cache-off-warm100,130,1,4.0692,1.249,26.178,27.427,house,wuthering-heights,1,,server-1,1,1,1,4.692,2.108,2.603
least-connections-cache-off-warm100,130,1,4.0769,1.575,17.955,19.531,he,the-picture-of-dorian-gray,1,,server-2,1,1,1,2.467,4.366,2.603
least-connections-cache-off-warm100,130,1,4.0846,1.292,22.778,24.070,money,the-american,1,,server-3,1,1,1,2.467,2.346,4.589
least-connections-cache-off-warm100,130,1,4.0923,5.139,21.459,26.598,sea,the-odyssey,1,,server-1,2,1,1,2.467,2.346,2.421
least-connections-cache-off-warm100,130,1,4.1000,1.646,14.421,16.067,castle,desert-gold,1,,server-2,1,1,1,3.391,4.309,2.421
least-connections-cache-off-warm100,130,1,4.1077,1.710,18.599,20.309,sea,twenty-thousand-leagues-under-the-sea,1,,server-3,1,1,2,3.391,2.273,2.421
least-connections-cache-off-warm100,130,1,4.1154,4.140,13.324,17.464,you,the-picture-of-dorian-gray,1,,server-1,2,1,1,3.391,4.591,2.685
least-connections-cache-off-warm100,130,1,4.1231,1.912,15.659,17.571,night,white-fang,1,,server-2,1,1,1,3.138,3.708,2.685
least-connections-cache-off-warm100,130,1,4.1308,1.607,15.879,17.486,was,the-great-gatsby,1,,server-3,1,1,1,3.138,2.016,4.647
least-connections-cache-off-warm100,130,1,4.1385,1.947,20.843,22.790,love,the-odyssey,1,,server-1,1,1,1,4.084,2.016,2.469
least-connections-cache-off-warm100,130,1,4.1462,1.539,33.424,34.963,she,the-vicomte-de-bragelonne,1,,server-2,1,1,1,2.184,3.758,2.469
least-connections-cache-off-warm100,130,1,4.1538,1.908,24.241,26.149,of,life-on-the-mississippi,1,,server-3,1,1,1,2.184,2.014,4.072
least-connections-cache-off-warm100,130,1,4.1615,1.978,12.769,14.747,was,frankenstein-or-the-modern-prometheus-41445,1,,server-1,2,1,1,4.633,2.014,2.185
least-connections-cache-off-warm100,130,1,4.1692,12.426,14.661,27.087,death,around-the-world-in-eighty-days,1,,server-2,1,2,1,2.477,2.014,2.185
least-connections-cache-off-warm100,130,1,4.1769,1.345,26.883,28.228,whale,tess-of-the-d-urbervilles-a-pure-woman,1,,server-1,1,2,1,3.553,2.014,2.185
least-connections-cache-off-warm100,130,1,4.1846,1.603,15.263,16.866,whale,the-secret-garden-17396,1,,server-3,1,1,1,1.877,4.562,5.217
least-connections-cache-off-warm100,130,1,4.1923,13.409,20.858,34.266,letter,the-adventures-of-sherlock-holmes,1,,server-1,2,1,1,1.877,4.562,2.744
least-connections-cache-off-warm100,130,1,4.2000,2.070,16.606,18.676,night,the-lost-world,1,,server-2,2,1,1,1.877,5.187,2.744
least-connections-cache-off-warm100,130,1,4.2077,1.944,20.011,21.954,and,walden-and-on-the-duty-of-civil-disobedience,1,,server-3,1,1,1,4.086,2.726,4.151
least-connections-cache-off-warm100,130,1,4.2154,11.723,20.956,32.678,you,the-odyssey,1,,server-1,2,1,1,4.086,2.726,2.216
least-connections-cache-off-warm100,130,1,4.2231,1.401,16.774,18.175,love,the-house-of-the-seven-gables,1,,server-2,2,1,1,4.086,4.357,2.216
least-connections-cache-off-warm100,130,1,4.2308,1.352,11.781,13.133,she,beyond-good-and-evil,1,,server-3,1,1,1,4.111,2.294,4.591
least-connections-cache-off-warm100,130,1,4.2385,10.341,24.981,35.323,money,the-last-of-the-mohicans-a-narrative-of-1757,1,,server-1,2,1,1,4.111,2.294,2.426
least-connections-cache-off-warm100,130,1,4.2462,1.475,10.820,12.295,love,the-great-gatsby,1,,server-2,2,1,0,4.111,4.104,3.400
least-connections-cache-off-warm100,130,1,4.2538,1.627,21.930,23.556,she,jude-the-obscure,1,,server-3,1,1,1,4.025,2.218,3.400
least-connections-cache-off-warm100,130,1,4.2615,1.300,16.139,17.439,was,the-adventures-of-sherlock-holmes,1,,server-2,1,1,1,4.025,3.114,1.822
least-connections-cache-off-warm100,130,1,4.2692,9.283,25.042,34.325,castle,mansfield-park,1,,server-3,1,1,2,4.025,1.652,1.822
least-connections-cache-off-warm100,130,1,4.2769,1.768,17.825,19.593,was,hard-times,1,,server-1,1,1,2,6.523,1.652,1.822
least-connections-cache-off-warm100,130,1,4.2846,1.755,14.183,15.938,heart,silas-marner,1,,server-2,1,1,1,3.420,3.601,3.460
least-connections-cache-off-warm100,130,1,4.2923,11.574,12.342,23.915,whale,persuasion,1,,server-3,1,1,2,3.420,1.920,3.460
least-connections-cache-off-warm100,130,1,4.3000,1.346,15.476,16.823,money,persuasion,1,,server-1,1,1,2,4.958,1.920,3.460
least-connections-cache-off-warm100,130,1,4.3077,1.340,13.099,14.439,he,the-scarlet-letter,1,,server-2,1,1,1,2.613,3.451,4.239
least-connections-cache-off-warm100,130,1,4.3154,1.521,11.920,13.441,night,kidnapped,1,,server-3,1,1,2,2.613,1.821,4.239
least-connections-cache-off-warm100,130,1,4.3231,1.382,14.483,15.865,horse,the-wind-in-the-willows,1,,server-1,1,0,1,4.131,3.210,2.453
least-connections-cache-off-warm100,130,1,4.3308,1.108,18.946,20.054,house,meditations,1,,server-2,1,1,0,2.209,3.210,3.442
least-connections-cache-off-warm100,130,1,4.3385,1.753,27.044,28.797,london,a-tale-of-two-cities,1,,server-3,1,1,1,4.581,1.699,3.442
least-connections-cache-off-warm100,130,1,4.3462,1.216,22.586,23.802,letter,the-last-of-the-mohicans-a-narrative-of-1757,1,,server-1,1,1,1,3.717,1.699,1.836
least-connections-cache-off-warm100,130,1,4.3538,1.655,16.155,17.811,death,the-picture-of-dorian-gray,1,,server-2,1,1,1,1.977,4.096,1.836
least-connections-cache-off-warm100,130,1,4.3615,6.591,17.705,24.296,money,thus-spake-zarathustra-a-book-for-all-and-none,1,,server-3,1,1,2,1.977,2.162,1.836
least-connections-cache-off-warm100,130,1,4.3692,2.041,21.574,23.616,of,walden-and-on-the-duty-of-civil-disobedience,1,,server-1,2,1,1,1.977,2.162,3.329
least-connections-cache-off-warm100,130,1,4.3769,1.364,9.446,10.810,heart,the-hound-of-the-baskervilles-3070,1,,server-2,1,1,1,2.648,3.857,3.329
least-connections-cache-off-warm100,130,1,4.3846,1.837,21.766,23.603,heart,a-tale-of-two-cities,1,,server-3,1,1,2,2.648,2.039,3.329
least-connections-cache-off-warm100,130,1,4.3923,1.248,17.294,18.543,money,the-mystery-of-edwin-drood,1,,server-2,1,1,1,2.648,2.785,2.587
least-connections-cache-off-warm100,130,1,4.4000,1.224,28.747,29.971,the,the-innocents-abroad,1,,server-1,1,1,1,5.088,1.489,2.587
least-connections-cache-off-warm100,130,1,4.4077,3.977,32.614,36.591,london,the-iliad,1,,server-2,1,2,1,2.685,1.489,6.331
least-connections-cache-off-warm100,130,1,4.4154,1.158,12.300,13.458,king,frankenstein-or-the-modern-prometheus,1,,server-3,1,1,1,2.685,2.279,5.094
least-connections-cache-off-warm100,130,1,4.4231,7.212,15.155,22.367,house,the-secret-garden-17396,1,,server-1,2,1,1,2.685,2.279,2.682
least-connections-cache-off-warm100,130,1,4.4308,1.649,11.098,12.747,castle,agnes-grey,1,,server-3,1,1,1,4.335,2.279,3.672
least-connections-cache-off-warm100,130,1,4.4385,7.769,17.283,25.053,letter,autobiography-of-benjamin-franklin,1,,server-1,2,1,1,4.335,2.279,1.979
least-connections-cache-off-warm100,130,1,4.4462,1.498,29.503,31.002,was,the-moonstone,1,,server-2,1,1,0,3.356,6.626,2.958
least-connections-cache-off-warm100,130,1,4.4538,1.371,16.605,17.975,night,adventures-of-huckleberry-finn,1,,server-3,1,1,1,3.356,3.477,2.958
least-connections-cache-off-warm100,130,1,4.4615,2.627,12.823,15.450,love,silas-marner,1,,server-1,2,1,1,3.356,3.477,1.586
least-connections-cache-off-warm100,130,1,4.4692,9.070,10.400,19.471,and,beyond-good-and-evil,1,,server-2,1,2,1,2.700,3.477,1.586
least-connections-cache-off-warm100,130,1,4.4769,1.702,10.350,12.053,heart,the-war-of-the-worlds,1,,server-3,1,2,1,3.722,8.396,3.631
least-connections-cache-off-warm100,130,1,4.4846,1.148,24.547,25.695,she,the-jungle,1,,server-1,1,1,1,3.722,4.391,1.940
least-connections-cache-off-warm100,130,1,4.4923,1.318,28.319,29.638,night,life-on-the-mississippi,1,,server-2,1,1,0,1.960,4.416,2.839
least-connections-cache-off-warm100,130,1,4.5000,1.433,11.726,13.160,she,frankenstein-or-the-modern-prometheus-41445,1,,server-3,1,1,1,1.960,2.359,2.839
least-connections-cache-off-warm100,130,1,4.5077,3.656,11.319,14.975,money,the-hound-of-the-baskervilles-3070,1,,server-1,2,1,1,1.960,2.359,1.559
least-connections-cache-off-warm100,130,1,4.5154,1.361,10.993,12.354,money,washington-square,1,,server-3,1,1,1,2.928,2.359,2.811
least-connections-cache-off-warm100,130,1,4.5231,1.532,15.755,17.287,whale,frankenstein-or-the-modern-prometheus,1,,server-1,1,0,1,3.636,5.984,1.514
least-connections-cache-off-warm100,130,1,4.5308,1.480,15.021,16.501,night,silas-marner,1,,server-2,1,1,0,1.966,5.984,2.680
least-connections-cache-off-warm100,130,1,4.5385,1.474,15.196,16.670,money,silas-marner,1,,server-3,1,1,1,1.966,3.156,2.680
least-connections-cache-off-warm100,130,1,4.5462,1.879,26.268,28.147,sea,jude-the-obscure,1,,server-1,1,1,1,3.729,3.156,1.438
least-connections-cache-off-warm100,130,1,4.5538,1.502,14.029,15.531,heart,the-lost-world,1,,server-2,1,1,1,2.008,4.378,1.438
least-connections-cache-off-warm100,130,1,4.5615,1.534,34.534,36.068,house,north-and-south,1,,server-3,1,1,1,2.008,2.324,3.312
least-connections-cache-off-warm100,130,1,4.5692,5.710,12.523,18.233,whale,the-mysterious-affair-at-styles,1,,server-1,2,1,1,2.008,3.676,1.767
least-connections-cache-off-warm100,130,1,4.5769,1.137,18.577,19.714,death,grimms-fairy-tales,1,,server-2,1,1,1,3.285,3.676,1.767
least-connections-cache-off-warm100,130,1,4.5846,13.026,22.568,35.595,you,the-return-of-sherlock-holmes,1,,server-3,1,1,2,3.285,1.952,1.767
least-connections-cache-off-warm100,130,1,4.5923,1.268,39.799,41.067,money,the-innocents-abroad,1,,server-1,1,1,2,4.063,1.952,1.767
least-connections-cache-off-warm100,130,1,4.6000,1.221,16.571,17.792,letter,kidnapped,1,,server-2,1,1,1,2.159,4.188,5.300
least-connections-cache-off-warm100,130,1,4.6077,13.609,12.447,26.057,castle,the-lost-world,1,,server-3,1,1,2,2.159,2.212,5.300
least-connections-cache-off-warm100,130,1,4.6154,18.091,16.402,34.493,sea,the-adventures-of-tom-sawyer-complete,1,,server-1,2,1,2,2.159,2.212,5.300
least-connections-cache-off-warm100,130,1,4.6231,1.099,18.294,19.392,and,the-last-of-the-mohicans-a-narrative-of-1757-27681,1,,server-2,2,1,1,2.159,4.018,5.155
least-connections-cache-off-warm100,130,1,4.6308,3.591,25.148,28.739,letter,the-iliad-2199,1,,server-3,2,1,2,2.159,2.126,5.155
least-connections-cache-off-warm100,130,1,4.6385,12.129,22.219,34.349,london,the-return-of-sherlock-holmes-108,1,,server-1,2,1,1,5.747,2.126,2.994
least-connections-cache-off-warm100,130,1,4.6462,1.134,23.902,25.037,horse,tess-of-the-d-urbervilles-a-pure-woman,1,,server-2,2,1,1,5.747,4.252,2.994
least-connections-cache-off-warm100,130,1,4.6538,6.058,24.392,30.450,money,the-tenant-of-wildfell-hall,1,,server-3,1,1,2,4.382,2.252,2.994
least-connections-cache-off-warm100,130,1,4.6615,11.821,28.786,40.607,he,the-innocents-abroad,1,,server-1,2,1,1,4.382,2.252,3.697
least-connections-cache-off-warm100,130,1,4.6692,2.396,16.139,18.535,love,the-works-of-edgar-allan-poe-volume-2,1,,server-2,2,2,1,4.382,2.252,3.697
least-connections-cache-off-warm100,130,1,4.6769,8.370,15.415,23.785,king,the-mystery-of-edwin-drood,1,,server-3,1,1,2,4.386,2.860,3.697
least-connections-cache-off-warm100,130,1,4.6846,17.694,14.964,32.658,was,the-secret-garden-17396,1,,server-1,2,1,2,4.386,2.860,6.091
least-connections-cache-off-warm100,130,1,4.6923,1.047,10.269,11.315,night,his-last-bow,1,,server-2,2,1,1,4.386,4.378,3.937
least-connections-cache-off-warm100,130,1,4.7000,1.096,27.233,28.330,london,the-mysterious-island,1,,server-3,2,1,2,6.150,2.307,3.937
least-connections-cache-off-warm100,130,1,4.7077,1.292,25.413,26.705,sea,the-last-of-the-mohicans-a-narrative-of-1757,1,,server-2,1,1,1,5.963,3.082,2.561
least-connections-cache-off-warm100,130,1,4.7154,13.437,12.372,25.809,house,the-secret-garden,1,,server-3,1,1,2,5.963,1.645,2.561
least-connections-cache-off-warm100,130,1,4.7231,1.213,19.199,20.412,castle,adventures-of-huckleberry-finn,1,,server-1,1,1,2,6.137,1.645,2.561
least-connections-cache-off-warm100,130,1,4.7308,4.089,17.325,21.413,sea,a-connecticut-yankee-in-king-arthur-s-court,1,,server-2,1,2,1,3.213,1.645,4.335
least-connections-cache-off-warm100,130,1,4.7385,3.595,24.922,28.517,castle,the-odyssey,1,,server-3,1,1,2,3.213,2.933,4.335
least-connections-cache-off-warm100,130,1,4.7462,1.135,10.038,11.173,the,herland,1,,server-1,1,1,1,5.082,2.933,2.706
least-connections-cache-off-warm100,130,1,4.7538,1.636,16.128,17.764,you,persuasion,1,,server-2,1,1,1,2.667,4.598,2.706
least-connections-cache-off-warm100,130,1,4.7615,1.235,19.365,20.601,heart,the-divine-comedy,1,,server-1,1,1,1,3.288,2.448,2.706
least-connections-cache-off-warm100,130,1,4.7692,1.475,19.762,21.237,love,the-mystery-of-edwin-drood,1,,server-3,1,1,1,1.750,2.448,5.683
least-connections-cache-off-warm100,130,1,4.7769,1.532,16.206,17.738,money,the-house-of-the-seven-gables,1,,server-2,1,1,1,1.750,4.112,2.999
least-connections-cache-off-warm100,130,1,4.7846,1.461,23.869,25.330,castle,the-house-of-mirth,1,,server-1,1,1,1,4.167,2.190,2.999
least-connections-cache-off-warm100,130,1,4.7923,1.523,12.701,14.224,castle,autobiography-of-benjamin-franklin,1,,server-3,1,1,1,2.203,2.190,5.026
least-connections-cache-off-warm100,130,1,4.8000,1.739,14.210,15.949,heart,the-hound-of-the-baskervilles,1,,server-2,1,1,1,2.203,3.944,2.663
least-connections-cache-off-warm100,130,1,4.8077,1.301,19.013,20.314,sea,madame-bovary,1,,server-3,1,1,1,2.203,2.110,3.689
least-connections-cache-off-warm100,130,1,4.8154,1.501,11.205,12.706,was,the-kama-sutra-of-vatsyayana,1,,server-1,1,1,1,5.191,2.110,1.952
least-connections-cache-off-warm100,130,1,4.8231,1.306,29.658,30.964,london,the-mysterious-island,1,,server-2,1,1,1,2.718,3.590,1.952
least-connections-cache-off-warm100,130,1,4.8308,1.378,13.658,15.037,and,treasure-island,1,,server-3,0,1,1,3.456,1.935,4.262
least-connections-cache-off-warm100,130,1,4.8385,1.393,18.275,19.668,the,memoirs-of-fanny-hill,1,,server-1,1,1,1,3.456,1.935,2.262
least-connections-cache-off-warm100,130,1,4.8462,2.544,30.643,33.187,night,jane-eyre-an-autobiography,1,,server-3,1,1,1,1.867,1.935,3.580
least-connections-cache-off-warm100,130,1,4.8538,5.052,18.228,23.280,whale,madame-bovary,1,,server-1,2,1,1,1.867,7.397,1.913
least-connections-cache-off-warm100,130,1,4.8615,1.814,26.598,28.412,he,sense-and-sensibility,1,,server-2,1,1,1,2.540,5.933,1.913
least-connections-cache-off-warm100,130,1,4.8692,10.753,13.620,24.373,money,treasure-island,1,,server-3,1,1,2,2.540,3.131,1.913
least-connections-cache-off-warm100,130,1,4.8769,1.175,27.920,29.094,death,the-last-of-the-mohicans-a-narrative-of-1757,1,,server-1,2,1,2,5.543,3.131,1.913
least-connections-cache-off-warm100,130,1,4.8846,5.741,8.930,14.671,king,poirot-investigates,1,,server-2,1,2,1,2.346,3.131,4.192
least-connections-cache-off-warm100,130,1,4.8923,1.956,10.966,12.922,house,the-wind-in-the-willows,1,,server-3,1,1,2,2.346,3.686,4.192
least-connections-cache-off-warm100,130,1,4.9000,1.354,13.195,14.549,castle,the-hound-of-the-baskervilles,1,,server-2,1,1,1,2.346,3.743,2.569
least-connections-cache-off-warm100,130,1,4.9077,1.241,9.366,10.607,he,poirot-investigates,1,,server-3,0,1,1,5.942,1.976,3.336
least-connections-cache-off-warm100,130,1,4.9154,1.234,13.907,15.141,castle,cranford,1,,server-1,1,0,1,5.942,3.351,1.773
least-connections-cache-off-warm100,130,1,4.9231,1.332,21.899,23.231,whale,the-works-of-edgar-allan-poe-volume-2,1,,server-2,1,1,0,3.138,3.351,2.613
least-connections-cache-off-warm100,130,1,4.9308,1.086,12.956,14.042,of,agnes-grey,1,,server-3,0,1,1,4.183,1.795,2.613
least-connections-cache-off-warm100,130,1,4.9385,1.075,12.737,13.812,house,white-fang,1,,server-1,1,1,1,4.183,1.795,1.405
least-connections-cache-off-warm100,130,1,4.9462,1.117,13.850,14.967,london,the-mysterious-affair-at-styles,1,,server-3,1,1,1,2.207,5.709,2.929
least-connections-cache-off-warm100,130,1,4.9538,1.561,24.994,26.555,death,pride-and-prejudice,1,,server-1,1,0,1,3.410,4.598,1.558
least-connections-cache-off-warm100,130,1,4.9615,1.474,15.143,16.616,letter,the-mysterious-affair-at-styles,1,,server-2,1,1,0,1.831,4.598,3.167
least-connections-cache-off-warm100,130,1,4.9692,1.335,8.931,10.266,london,poirot-investigates,1,,server-3,1,1,1,1.831,2.443,3.167
least-connections-cache-off-warm100,130,1,4.9769,3.957,14.587,18.544,he,autobiography-of-benjamin-franklin,1,,server-1,2,1,1,1.831,2.443,1.688
least-connections-cache-off-warm100,130,1,4.9846,1.291,22.475,23.766,she,the-jungle,1,,server-2,1,1,0,2.950,3.965,2.468
least-connections-cache-off-warm100,130,1,4.9923,1.382,12.553,13.936,letter,his-last-bow,1,,server-3,1,1,1,2.950,2.097,2.468
least-connections-cache-off-warm100,130,1,5.0000,1.229,26.775,28.004,castle,the-vicomte-de-bragelonne,1,,server-1,1,1,1,4.184,2.097,1.346
least-connections-cache-off-warm100,130,1,5.0077,1.533,22.446,23.979,king,a-connecticut-yankee-in-king-arthur-s-court,1,,server-3,1,1,1,2.203,2.097,2.817
least-connections-cache-off-warm100,130,1,5.0154,1.909,10.007,11.916,death,the-war-of-the-worlds,1,,server-2,1,1,1,2.203,4.918,1.536
least-connections-cache-off-warm100,130,1,5.0231,8.726,18.476,27.203,was,thus-spake-zarathustra-a-book-for-all-and-none,1,,server-3,1,1,2,2.203,2.599,1.536
least-connections-cache-off-warm100,130,1,5.0308,1.535,27.848,29.383,love,a-tale-of-two-cities,1,,server-1,1,0,2,5.665,3.195,2.291
least-connections-cache-off-warm100,130,1,5.0385,1.399,25.167,26.566,london,the-adventures-of-ferdinand-count-fathom-complete,1,,server-2,1,1,1,2.964,3.195,3.480
least-connections-cache-off-warm100,130,1,5.0462,4.637,9.592,14.229,king,the-great-gatsby,1,,server-3,1,1,2,2.964,1.696,3.480
least-connections-cache-off-warm100,130,1,5.0538,6.640,15.375,22.015,of,the-secret-adversary,1,,server-1,2,1,1,2.964,1.696,3.045
least-connections-cache-off-warm100,130,1,5.0615,1.514,21.230,22.744,the,far-from-the-madding-crowd,1,,server-3,1,1,1,4.291,1.696,3.406
least-connections-cache-off-warm100,130,1,5.0692,1.241,10.899,12.139,king,the-hound-of-the-baskervilles,1,,server-2,1,1,1,4.291,5.059,1.807
least-connections-cache-off-warm100,130,1,5.0769,1.365,13.908,15.274,sea,the-warden,1,,server-1,1,1,1,5.148,2.650,1.807
least-connections-cache-off-warm100,130,1,5.0846,1.063,13.567,14.630,night,the-warden,1,,server-2,1,1,1,2.730,3.399,4.503
least-connections-cache-off-warm100,130,1,5.0923,1.420,31.054,32.474,heart,the-vicomte-de-bragelonne,1,,server-3,1,1,1,4.877,1.797,4.503
least-connections-cache-off-warm100,130,1,5.1000,1.573,13.636,15.209,she,frankenstein-or-the-modern-prometheus-41445,1,,server-1,1,0,1,3.949,3.298,2.364
least-connections-cache-off-warm100,130,1,5.1077,1.098,19.535,20.632,love,the-divine-comedy,1,,server-2,1,1,1,2.126,3.298,2.364
least-connections-cache-off-warm100,130,1,5.1154,10.058,24.032,34.089,death,the-iliad-2199,1,,server-3,1,1,2,3.493,1.750,2.364
least-connections-cache-off-warm100,130,1,5.1231,1.786,10.445,12.231,was,the-hound-of-the-baskervilles-3070,1,,server-1,1,1,2,3.493,1.750,2.364
least-connections-cache-off-warm100,130,1,5.1308,1.398,21.665,23.063,heart,the-house-of-mirth,1,,server-2,1,1,1,1.887,4.196,4.308
least-connections-cache-off-warm100,130,1,5.1385,1.344,25.306,26.650,money,the-iliad-2199,1,,server-1,1,1,1,2.825,2.252,4.308
least-connections-cache-off-warm100,130,1,5.1462,7.825,12.205,20.030,he,frankenstein-or-the-modern-prometheus-41445,1,,server-2,1,2,1,1.526,2.252,4.308
least-connections-cache-off-warm100,130,1,5.1538,1.417,16.814,18.231,whale,the-works-of-edgar-allan-poe-volume-2,1,,server-3,1,2,1,1.526,4.389,6.568
least-connections-cache-off-warm100,130,1,5.1615,4.547,28.154,32.701,whale,the-romance-of-lust-a-classic-victorian-erotic-novel,1,,server-1,2,1,1,1.526,3.550,3.430
least-connections-cache-off-warm100,130,1,5.1692,1.201,22.775,23.975,letter,the-house-of-mirth,1,,server-2,1,1,1,3.092,4.168,3.430
least-connections-cache-off-warm100,130,1,5.1769,1.386,19.249,20.635,and,the-age-of-innocence,1,,server-3,1,1,1,3.092,2.199,4.854
least-connections-cache-off-warm100,130,1,5.1846,10.272,26.250,36.522,house,far-from-the-madding-crowd,1,,server-1,2,1,1,3.092,2.199,2.549
least-connections-cache-off-warm100,130,1,5.1923,1.828,17.331,19.159,the,anne-of-green-gables,1,,server-2,2,2,1,3.092,6.225,2.549
least-connections-cache-off-warm100,130,1,5.2000,1.360,12.114,13.475,castle,the-hound-of-the-baskervilles,1,,server-3,1,1,1,4.491,2.675,4.677
least-connections-cache-off-warm100,130,1,5.2077,14.156,20.746,34.902,heart,twenty-thousand-leagues-under-the-sea,1,,server-1,2,1,1,4.491,2.675,2.490
least-connections-cache-off-warm100,130,1,5.2154,1.168,20.494,21.663,love,the-works-of-edgar-allan-poe-volume-2,1,,server-2,2,1,0,4.491,4.349,3.499
least-connections-cache-off-warm100,130,1,5.2231,1.246,24.547,25.793,horse,dracula,1,,server-3,1,1,1,4.991,2.288,3.499
least-connections-cache-off-warm100,130,1,5.2308,11.979,15.032,27.011,sea,the-mysterious-affair-at-styles,1,,server-1,2,1,1,4.991,2.288,1.864
least-connections-cache-off-warm100,130,1,5.2385,1.550,12.231,13.781,sea,the-adventures-of-tom-sawyer-complete,1,,server-2,2,1,1,4.991,4.712,1.864
least-connections-cache-off-warm100,130,1,5.2462,3.160,13.707,16.866,and,meditations,1,,server-3,1,1,2,4.679,2.498,1.864
least-connections-cache-off-warm100,130,1,5.2538,1.280,22.638,23.918,letter,tess-of-the-d-urbervilles-a-pure-woman,1,,server-2,1,1,1,4.679,3.518,2.857
least-connections-cache-off-warm100,130,1,5.2615,1.408,13.732,15.140,king,cranford,1,,server-1,1,1,1,5.357,1.864,2.857
least-connections-cache-off-warm100,130,1,5.2692,1.269,12.147,13.416,heart,treasure-island,1,,server-3,1,1,1,2.824,1.864,3.916
least-connections-cache-off-warm100,130,1,5.2769,1.248,21.468,22.716,castle,twenty-thousand-leagues-under-the-sea,1,,server-1,1,1,1,3.949,1.864,2.065
least-connections-cache-off-warm100,130,1,5.2846,1.340,14.358,15.698,sea,the-scarlet-letter-33,1,,server-2,1,1,0,2.091,4.776,3.224
least-connections-cache-off-warm100,130,1,5.2923,1.304,9.734,11.038,castle,the-war-of-the-worlds,1,,server-3,1,1,1,2.091,2.509,3.224
least-connections-cache-off-warm100,130,1,5.3000,1.360,32.103,33.463,you,the-song-of-the-lark,1,,server-1,1,1,1,4.726,4.789,1.723
least-connections-cache-off-warm100,130,1,5.3077,1.912,17.583,19.495,heart,persuasion,1,,server-2,1,1,0,2.492,3.844,2.622
least-connections-cache-off-warm100,130,1,5.3154,1.903,26.586,28.488,she,the-adventures-of-ferdinand-count-fathom-complete,1,,server-3,1,1,1,2.492,2.079,2.622
least-connections-cache-off-warm100,130,1,5.3231,10.763,10.642,21.405,horse,washington-square,1,,server-1,2,1,1,2.492,2.079,1.462
least-connections-cache-off-warm100,130,1,5.3308,1.939,23.807,25.747,love,life-on-the-mississippi,1,,server-2,2,1,1,2.492,4.076,1.462
least-connections-cache-off-warm100,130,1,5.3385,5.786,22.566,28.352,heart,pride-and-prejudice,1,,server-3,1,1,2,4.473,2.164,1.462
least-connections-cache-off-warm100,130,1,5.3462,1.530,19.772,21.302,the,the-house-of-mirth,1,,server-1,1,1,1,4.519,2.164,3.146
least-connections-cache-off-warm100,130,1,5.3538,3.444,9.689,13.132,and,the-kama-sutra-of-vatsyayana,1,,server-2,1,2,1,2.392,2.164,3.146
least-connections-cache-off-warm100,130,1,5.3615,6.192,21.539,27.731,king,the-house-of-mirth,1,,server-3,1,1,2,2.392,2.924,3.146
least-connections-cache-off-warm100,130,1,5.3692,1.363,17.435,18.798,letter,silas-marner,1,,server-1,1,0,1,4.611,3.401,3.538
least-connections-cache-off-warm100,130,1,5.3769,1.533,11.407,12.940,house,cranford,1,,server-2,1,1,1,2.427,3.401,3.538
least-connections-cache-off-warm100,130,1,5.3846,5.554,11.726,17.280,was,the-hound-of-the-baskervilles-3070,1,,server-3,1,1,2,2.427,1.837,3.538
least-connections-cache-off-warm100,130,1,5.3923,1.245,10.844,12.089,letter,the-hound-of-the-baskervilles-3070,1,,server-1,1,0,1,4.303,2.954,3.399
least-connections-cache-off-warm100,130,1,5.4000,1.295,14.811,16.106,letter,myths-and-legends-of-ancient-greece-and-rome,1,,server-2,1,1,1,2.277,2.954,3.399
least-connections-cache-off-warm100,130,1,5.4077,1.308,22.607,23.914,whale,hard-times,1,,server-3,0,1,1,3.138,1.586,3.941
least-connections-cache-off-warm100,130,1,5.4154,1.437,17.145,18.582,london,anne-of-green-gables,1,,server-1,1,1,1,3.138,1.586,2.092
least-connections-cache-off-warm100,130,1,5.4231,2.025,21.194,23.218,night,leaves-of-grass,1,,server-2,1,1,1,1.692,3.356,2.092
least-connections-cache-off-warm100,130,1,5.4308,1.365,15.657,17.022,she,hard-times,1,,server-3,1,1,2,1.692,1.868,2.092
least-connections-cache-off-warm100,130,1,5.4385,1.457,15.587,17.044,sea,the-secret-adversary,1,,server-1,1,1,1,3.779,1.868,2.585
least-connections-cache-off-warm100,130,1,5.4462,1.194,13.650,14.844,king,the-scarlet-letter,1,,server-2,1,2,1,2.012,4.471,2.585
least-connections-cache-off-warm100,130,1,5.4538,1.106,13.489,14.596,london,desert-gold,1,,server-3,1,1,1,2.012,2.359,4.127
least-connections-cache-off-warm100,130,1,5.4615,1.628,19.185,20.814,horse,anne-of-green-gables,1,,server-1,1,0,1,3.743,3.657,2.224
least-connections-cache-off-warm100,130,1,5.4692,1.322,33.374,34.697,horse,the-moonstone,1,,server-2,1,1,0,2.019,3.657,3.498
least-connections-cache-off-warm100,130,1,5.4769,1.297,17.686,18.984,money,the-odyssey,1,,server-3,1,1,1,2.019,1.938,3.498
least-connections-cache-off-warm100,130,1,5.4846,1.555,8.562,10.117,of,the-prince,1,,server-1,1,1,1,4.314,1.938,1.860
least-connections-cache-off-warm100,130,1,5.4923,12.175,9.505,21.680,and,black-beauty,1,,server-2,1,2,1,2.292,1.938,1.860
least-connections-cache-off-warm100,130,1,5.5000,1.307,22.867,24.174,was,mansfield-park,1,,server-3,0,2,1,2.738,1.938,4.007
least-connections-cache-off-warm100,130,1,5.5077,1.504,23.586,25.090,love,hard-times,1,,server-1,1,1,1,2.738,4.526,2.143
least-connections-cache-off-warm100,130,1,5.5154,1.192,13.245,14.437,house,the-scarlet-letter-33,1,,server-2,1,1,1,1.487,4.381,2.143
least-connections-cache-off-warm100,130,1,5.5231,1.506,19.460,20.966,heart,the-divine-comedy,1,,server-3,1,1,2,1.487,2.343,2.143
least-connections-cache-off-warm100,130,1,5.5308,1.224,14.325,15.549,sea,the-secret-garden,1,,server-2,1,1,1,1.487,3.555,2.638
least-connections-cache-off-warm100,130,1,5.5385,1.159,27.795,28.954,you,a-tale-of-two-cities,1,,server-1,1,1,1,4.671,1.905,2.638
least-connections-cache-off-warm100,130,1,5.5462,1.584,13.082,14.666,was,frankenstein-or-the-modern-prometheus-41445,1,,server-3,1,1,1,2.479,3.501,4.750
least-connections-cache-off-warm100,130,1,5.5538,1.578,16.564,18.142,the,grimms-fairy-tales,1,,server-2,1,1,1,2.479,3.501,2.487
least-connections-cache-off-warm100,130,1,5.5615,1.301,19.114,20.415,she,the-return-of-sherlock-holmes-108,1,,server-3,1,1,1,2.479,1.876,3.597
least-connections-cache-off-warm100,130,1,5.5692,1.501,11.468,12.970,death,poirot-investigates,1,,server-1,1,1,1,5.987,1.876,1.911
least-connections-cache-off-warm100,130,1,5.5769,1.637,17.203,18.840,heart,the-house-of-the-seven-gables,1,,server-2,1,1,1,3.139,3.813,1.911
least-connections-cache-off-warm100,130,1,5.5846,1.387,15.302,16.689,whale,the-scarlet-letter,1,,server-3,0,1,1,3.694,2.038,4.230
least-connections-cache-off-warm100,130,1,5.5923,1.242,22.201,23.443,the,a-tale-of-two-cities,1,,server-1,1,1,1,3.694,2.038,2.237
least-connections-cache-off-warm100,130,1,5.6000,1.693,21.556,23.249,house,the-american,1,,server-2,1,1,1,1.960,4.007,2.237
least-connections-cache-off-warm100,130,1,5.6077,1.345,29.540,30.885,the,the-moonstone,1,,server-3,1,1,1,1.960,2.193,3.826
least-connections-cache-off-warm100,130,1,5.6154,1.420,17.268,18.688,death,a-journey-to-the-centre-of-the-earth,1,,server-1,2,1,1,5.935,2.193,2.026
least-connections-cache-off-warm100,130,1,5.6231,1.426,12.653,14.079,horse,persuasion,1,,server-2,1,2,1,2.519,4.751,2.026
least-connections-cache-off-warm100,130,1,5.6308,8.754,14.637,23.391,house,the-secret-garden,1,,server-3,1,1,2,2.519,2.491,2.026
least-connections-cache-off-warm100,130,1,5.6385,1.514,9.121,10.635,death,the-hound-of-the-baskervilles-3070,1,,server-1,1,0,2,4.328,3.589,7.392
least-connections-cache-off-warm100,130,1,5.6462,1.459,15.786,17.245,heart,anne-of-green-gables,1,,server-2,1,1,1,2.281,3.589,3.890
least-connections-cache-off-warm100,130,1,5.6538,1.321,12.872,14.193,he,frankenstein-or-the-modern-prometheus,1,,server-1,1,1,1,2.874,1.936,5.967
least-connections-cache-off-warm100,130,1,5.6615,1.265,15.278,16.542,horse,the-secret-adversary,1,,server-3,1,1,1,1.526,1.936,4.791
least-connections-cache-off-warm100,130,1,5.6692,1.403,23.412,24.815,sea,the-song-of-the-lark,1,,server-1,1,0,1,2.987,3.706,2.517
least-connections-cache-off-warm100,130,1,5.6769,1.627,18.606,20.233,you,madame-bovary,1,,server-2,1,1,1,1.575,3.706,2.517
least-connections-cache-off-warm100,130,1,5.6846,1.358,28.937,30.295,love,great-expectations,1,,server-3,1,1,1,1.575,1.959,4.005
least-connections-cache-off-warm100,130,1,5.6923,2.208,23.284,25.492,sea,life-on-the-mississippi,1,,server-1,2,1,1,1.575,1.959,2.149
least-connections-cache-off-warm100,130,1,5.7000,1.629,18.951,20.580,of,the-odyssey,1,,server-2,1,1,1,2.549,4.189,2.149
least-connections-cache-off-warm100,130,1,5.7077,7.517,13.283,20.800,heart,the-wind-in-the-willows,1,,server-3,1,1,2,2.549,2.263,2.149
least-connections-cache-off-warm100,130,1,5.7154,2.971,15.271,18.242,money,desert-gold,1,,server-1,2,1,1,2.549,2.263,4.178
least-connections-cache-off-warm100,130,1,5.7231,1.115,14.475,15.590,death,a-princess-of-mars,1,,server-2,1,1,1,2.930,4.412,4.178
least-connections-cache-off-warm100,130,1,5.7308,1.181,20.188,21.369,money,the-house-of-mirth,1,,server-3,1,1,1,2.930,2.324,4.750
least-connections-cache-off-warm100,130,1,5.7385,1.140,19.886,21.026,castle,the-odyssey,1,,server-1,1,1,1,4.276,4.659,2.492
least-connections-cache-off-warm100,130,1,5.7462,1.355,11.748,13.103,you,frankenstein-or-the-modern-prometheus-41445,1,,server-2,1,1,1,2.232,3.769,2.492
least-connections-cache-off-warm100,130,1,5.7538,1.618,16.300,17.918,and,the-house-of-the-seven-gables,1,,server-3,1,1,1,2.232,1.999,4.785
least-connections-cache-off-warm100,130,1,5.7615,1.607,20.618,22.225,she,leaves-of-grass,1,,server-1,1,0,1,4.579,3.112,2.510
least-connections-cache-off-warm100,130,1,5.7692,1.530,9.697,11.226,london,the-war-of-the-worlds,1,,server-2,1,1,1,2.433,3.112,2.510
least-connections-cache-off-warm100,130,1,5.7769,1.205,10.335,11.540,you,poirot-investigates,1,,server-3,1,1,1,2.433,1.672,4.145
least-connections-cache-off-warm100,130,1,5.7846,1.169,16.613,17.782,you,hard-times,1,,server-1,1,0,1,4.819,2.599,2.186
least-connections-cache-off-warm100,130,1,5.7923,1.354,15.800,17.155,you,the-secret-garden,1,,server-2,1,1,0,2.530,2.599,3.017
least-connections-cache-off-warm100,130,1,5.8000,1.299,10.299,11.598,sea,herland,1,,server-3,1,1,1,2.530,1.406,3.017
least-connections-cache-off-warm100,130,1,5.8077,1.218,24.623,25.841,whale,pride-and-prejudice,1,,server-1,1,1,1,4.233,1.406,1.607
least-connections-cache-off-warm100,130,1,5.8154,1.957,25.393,27.350,london,life-on-the-mississippi,1,,server-2,1,1,0,2.236,3.383,2.627
least-connections-cache-off-warm100,130,1,5.8231,1.637,25.400,27.037,you,oliver-twist,1,,server-3,1,1,1,2.236,1.800,2.627
least-connections-cache-off-warm100,130,1,5.8308,3.031,14.096,17.128,sea,northanger-abbey,1,,server-1,2,1,1,2.236,1.800,1.441
least-connections-cache-off-warm100,130,1,5.8385,4.843,25.362,30.205,sea,emma,1,,server-2,1,2,1,3.446,1.800,1.441
least-connections-cache-off-warm100,130,1,5.8462,4.919,16.721,21.640,night,adventures-of-huckleberry-finn,1,,server-3,1,1,2,3.446,3.053,1.441
least-connections-cache-off-warm100,130,1,5.8538,1.346,25.181,26.527,love,the-jungle,1,,server-1,1,1,1,4.423,3.053,2.918
least-connections-cache-off-warm100,130,1,5.8615,7.904,18.059,25.963,horse,grimms-fairy-tales,1,,server-2,1,2,1,2.336,3.053,2.918
least-connections-cache-off-warm100,130,1,5.8692,1.643,23.036,24.679,castle,the-song-of-the-lark,1,,server-3,1,1,1,2.336,4.883,4.456
least-connections-cache-off-warm100,130,1,5.8769,3.932,12.858,16.790,and,the-wind-in-the-willows,1,,server-1,2,1,1,2.336,3.931,2.363
least-connections-cache-off-warm100,130,1,5.8846,3.621,11.783,15.404,love,poirot-investigates,1,,server-2,1,2,1,3.108,3.931,2.363
least-connections-cache-off-warm100,130,1,5.8923,2.456,10.586,13.042,king,washington-square,1,,server-3,1,1,2,3.108,3.008,2.363
least-connections-cache-off-warm100,130,1,5.9000,1.325,19.288,20.613,he,madame-bovary,1,,server-1,1,0,1,4.028,3.756,2.847
least-connections-cache-off-warm100,130,1,5.9077,1.214,13.827,15.041,night,a-journey-to-the-centre-of-the-earth,1,,server-2,1,1,0,2.119,3.756,3.469
least-connections-cache-off-warm100,130,1,5.9154,1.094,15.036,16.131,king,grimms-fairy-tales,1,,server-3,1,1,1,2.119,2.000,3.469
least-connections-cache-off-warm100,130,1,5.9231,1.274,30.997,32.270,love,the-tenant-of-wildfell-hall,1,,server-1,1,0,1,4.392,3.445,1.833
least-connections-cache-off-warm100,130,1,5.9308,1.327,27.664,28.991,horse,north-and-south,1,,server-2,1,1,1,2.304,3.445,1.833
least-connections-cache-off-warm100,130,1,5.9385,1.598,20.139,21.737,horse,pride-and-prejudice,1,,server-3,1,1,1,2.304,1.820,3.535
least-connections-cache-off-warm100,130,1,5.9462,9.490,17.177,26.667,was,anne-of-green-gables,1,,server-1,2,1,1,2.304,1.820,1.876
least-connections-cache-off-warm100,130,1,5.9538,6.728,13.376,20.104,london,meditations,1,,server-2,2,2,1,2.304,1.820,1.876
least-connections-cache-off-warm100,130,1,5.9615,1.251,25.679,26.930,love,mary-barton,1,,server-3,1,1,1,4.170,3.549,4.292
least-connections-cache-off-warm100,130,1,5.9692,4.088,31.225,35.312,king,the-vicomte-de-bragelonne,1,,server-1,2,1,1,4.170,3.549,2.255
least-connections-cache-off-warm100,130,1,5.9769,1.262,14.400,15.662,and,the-secret-adversary,1,,server-2,1,1,1,3.091,4.384,2.255
least-connections-cache-off-warm100,130,1,5.9846,4.530,29.769,34.299,you,little-women,1,,server-3,1,1,2,3.091,2.316,2.255
least-connections-cache-off-warm100,130,1,5.9923,12.919,12.965,25.884,the,the-secret-garden,1,,server-1,2,1,1,3.091,4.651,3.220
least-connections-cache-off-warm100,130,1,6.0000,1.203,21.333,22.536,he,the-return-of-sherlock-holmes,1,,server-2,2,1,1,3.091,3.742,3.220
least-connections-cache-off-warm100,130,1,6.0077,11.253,11.958,23.211,whale,silas-marner,1,,server-3,1,1,2,5.084,1.986,3.220
least-connections-cache-off-warm100,130,1,6.0154,3.352,30.079,33.431,heart,north-and-south,1,,server-1,2,1,2,5.084,1.986,3.920
least-connections-cache-off-warm100,130,1,6.0231,1.278,15.481,16.759,death,the-age-of-innocence,1,,server-2,1,1,1,2.974,4.640,5.102
least-connections-cache-off-warm100,130,1,6.0308,1.508,19.939,21.446,he,the-portrait-of-a-lady-volume-1,1,,server-3,1,1,2,2.974,2.449,5.137
least-connections-cache-off-warm100,130,1,6.0385,11.383,10.911,22.294,love,the-mysterious-affair-at-styles,1,,server-1,2,1,1,2.974,2.449,2.721
least-connections-cache-off-warm100,130,1,6.0462,1.454,16.965,18.419,she,the-memoirs-of-sherlock-holmes,1,,server-2,2,1,1,2.974,4.008,2.721
least-connections-cache-off-warm100,130,1,6.0538,1.509,32.295,33.805,and,jane-eyre-an-autobiography,1,,server-3,1,1,1,4.772,2.114,4.864
least-connections-cache-off-warm100,130,1,6.0615,1.384,25.151,26.535,whale,the-jungle,1,,server-1,1,1,1,4.749,2.114,2.555
least-connections-cache-off-warm100,130,1,6.0692,1.299,21.927,23.226,of,life-on-the-mississippi,1,,server-2,1,1,1,2.524,4.015,2.555
least-connections-cache-off-warm100,130,1,6.0769,11.382,35.313,46.695,of,life-on-the-mississippi,1,,server-3,1,1,2,2.524,2.127,2.555
least-connections-cache-off-warm100,130,1,6.0846,4.179,17.654,21.833,sea,the-secret-garden,1,,server-1,2,1,2,2.524,2.127,2.555
least-connections-cache-off-warm100,130,1,6.0923,1.344,8.961,10.305,london,the-prince,1,,server-2,1,2,1,3.191,4.850,4.539
least-connections-cache-off-warm100,130,1,6.1000,24.430,18.622,43.053,london,desert-gold,1,,server-3,1,1,2,3.191,2.549,4.539
least-connections-cache-off-warm100,130,1,6.1077,2.486,10.130,12.616,house,the-prince,1,,server-1,1,0,2,4.810,3.007,4.539
least-connections-cache-off-warm100,130,1,6.1154,2.109,11.824,13.933,horse,the-hound-of-the-baskervilles,1,,server-2,1,1,2,2.543,3.007,4.539
least-connections-cache-off-warm100,130,1,6.1231,2.183,35.206,37.389,house,the-adventures-of-ferdinand-count-fathom-complete,1,,server-1,1,1,2,3.179,1.623,10.604
least-connections-cache-off-warm100,130,1,6.1308,2.180,33.161,35.341,he,north-and-south,1,,server-2,1,1,1,1.705,2.857,6.785
least-connections-cache-off-warm100,130,1,6.1385,5.344,13.327,18.672,you,the-first-men-in-the-moon,1,,server-3,1,1,2,1.705,1.544,6.785
least-connections-cache-off-warm100,130,1,6.1462,15.032,22.347,37.378,house,life-on-the-mississippi,1,,server-1,2,1,1,1.705,1.544,4.181
least-connections-cache-off-warm100,130,1,6.1538,12.652,30.350,43.002,and,the-iliad,1,,server-2,2,2,1,1.705,1.544,4.181
least-connections-cache-off-warm100,130,1,6.1615,1.573,24.481,26.054,you,the-song-of-the-lark,1,,server-3,2,2,1,4.872,1.544,4.749
least-connections-cache-off-warm100,130,1,6.1692,14.842,17.033,31.876,heart,myths-and-legends-of-ancient-greece-and-rome,1,,server-1,2,1,1,4.872,4.390,2.499
least-connections-cache-off-warm100,130,1,6.1769,20.728,20.796,41.524,house,pride-and-prejudice,1,,server-2,2,2,1,4.872,4.390,2.499
least-connections-cache-off-warm100,130,1,6.1846,3.536,15.950,19.486,was,persuasion,1,,server-3,1,2,2,4.816,4.390,2.499
least-connections-cache-off-warm100,130,1,6.1923,9.146,12.108,21.254,love,frankenstein-or-the-modern-prometheus-41445,1,,server-1,2,2,1,4.816,4.390,3.098
least-connections-cache-off-warm100,130,1,6.2000,19.044,11.611,30.656,heart,agnes-grey,1,,server-2,2,2,1,4.949,5.940,3.098
least-connections-cache-off-warm100,130,1,6.2077,1.291,14.963,16.254,horse,the-scarlet-letter,1,,server-3,1,2,1,4.072,5.940,4.440
least-connections-cache-off-warm100,130,1,6.2154,0.998,10.112,11.111,she,washington-square,1,,server-1,1,2,1,4.500,5.940,2.341
least-connections-cache-off-warm100,130,1,6.2231,8.249,13.746,21.995,heart,silas-marner,1,,server-2,1,2,1,2.359,5.495,2.341
least-connections-cache-off-warm100,130,1,6.2308,1.433,24.925,26.358,castle,mansfield-park,1,,server-3,0,2,1,3.106,5.365,3.883
least-connections-cache-off-warm100,130,1,6.2385,1.717,16.818,18.535,of,the-picture-of-dorian-gray,1,,server-1,1,1,1,3.106,3.539,2.050
least-connections-cache-off-warm100,130,1,6.2462,1.280,34.566,35.847,castle,the-vicomte-de-bragelonne,1,,server-2,1,1,1,1.697,4.410,2.050
least-connections-cache-off-warm100,130,1,6.2538,4.001,28.882,32.883,money,the-mysterious-island,1,,server-3,1,1,2,1.697,2.329,2.050
least-connections-cache-off-warm100,130,1,6.2615,1.452,11.946,13.398,heart,agnes-grey,1,,server-1,1,1,1,3.713,2.329,3.011
least-connections-cache-off-warm100,130,1,6.2692,13.618,9.904,23.522,sea,beyond-good-and-evil,1,,server-2,1,2,1,1.977,2.329,3.011
least-connections-cache-off-warm100,130,1,6.2769,1.439,19.915,21.354,he,pride-and-prejudice,1,,server-1,1,2,1,3.104,2.329,3.011
least-connections-cache-off-warm100,130,1,6.2846,8.996,21.101,30.097,whale,a-tale-of-two-cities,1,,server-2,1,2,1,1.648,5.206,3.011
least-connections-cache-off-warm100,130,1,6.2923,1.675,26.340,28.015,she,the-iliad-2199,1,,server-3,1,2,1,1.648,5.206,6.468
least-connections-cache-off-warm100,130,1,6.3000,1.793,19.550,21.343,you,the-memoirs-of-sherlock-holmes,1,,server-1,1,1,1,4.176,3.495,3.408
least-connections-cache-off-warm100,130,1,6.3077,7.745,28.305,36.050,was,jane-eyre-an-autobiography,1,,server-2,1,2,1,2.198,3.495,3.408
least-connections-cache-off-warm100,130,1,6.3154,5.816,23.885,29.700,of,a-tale-of-two-cities,1,,server-3,1,1,2,2.198,3.564,3.408
least-connections-cache-off-warm100,130,1,6.3231,1.564,15.374,16.938,castle,frankenstein-or-the-modern-prometheus,1,,server-1,1,1,1,4.491,3.564,3.864
least-connections-cache-off-warm100,130,1,6.3308,13.194,32.684,45.878,he,the-vicomte-de-bragelonne,1,,server-2,1,2,1,2.375,3.564,3.864
least-connections-cache-off-warm100,130,1,6.3385,7.542,35.179,42.721,heart,the-innocents-abroad,1,,server-3,1,2,2,2.375,3.564,3.864
least-connections-cache-off-warm100,130,1,6.3462,1.485,9.928,11.413,was,the-war-of-the-worlds,1,,server-1,1,1,1,3.934,5.185,3.951
least-connections-cache-off-warm100,130,1,6.3538,23.223,16.797,40.020,letter,persuasion,1,,server-2,1,2,1,2.086,5.185,3.951
least-connections-cache-off-warm100,130,1,6.3615,1.400,12.856,14.256,sea,the-warden,1,,server-1,1,2,1,2.876,5.185,3.951
least-connections-cache-off-warm100,130,1,6.3692,12.628,26.802,39.429,horse,mary-barton,1,,server-3,1,2,2,1.528,5.185,3.951
least-connections-cache-off-warm100,130,1,6.3769,1.204,24.896,26.100,house,the-last-of-the-mohicans-a-narrative-of-1757,1,,server-1,1,2,2,2.960,10.993,3.951
least-connections-cache-off-warm100,130,1,6.3846,9.477,32.188,41.664,was,the-romance-of-lust-a-classic-victorian-erotic-novel,1,,server-2,1,2,1,1.577,7.158,5.351
least-connections-cache-off-warm100,130,1,6.3923,17.055,23.470,40.526,house,life-on-the-mississippi,1,,server-3,1,2,2,1.577,6.939,5.351
least-connections-cache-off-warm100,130,1,6.4000,3.643,32.014,35.658,of,the-vicomte-de-bragelonne,1,,server-1,2,1,2,1.577,4.777,5.351
least-connections-cache-off-warm100,130,1,6.4077,19.048,23.121,42.169,london,leaves-of-grass,1,,server-2,1,2,2,2.816,4.777,5.351
least-connections-cache-off-warm100,130,1,6.4154,18.132,17.716,35.848,of,the-return-of-sherlock-holmes,1,,server-3,1,2,2,2.816,4.777,5.619
least-connections-cache-off-warm100,130,1,6.4231,13.018,19.615,32.632,he,the-return-of-sherlock-holmes,1,,server-1,2,2,2,2.816,4.777,5.619
least-connections-cache-off-warm100,130,1,6.4308,19.799,26.857,46.656,she,the-american,1,,server-2,2,2,2,2.816,5.978,5.619
least-connections-cache-off-warm100,130,1,6.4385,12.930,11.283,24.213,london,the-hound-of-the-baskervilles-3070,1,,server-3,1,2,2,4.740,5.978,5.550
least-connections-cache-off-warm100,130,1,6.4462,9.745,14.113,23.859,death,kidnapped,1,,server-1,2,2,2,4.740,5.978,5.550
least-connections-cache-off-warm100,130,1,6.4538,24.284,21.532,45.816,king,walden-and-on-the-duty-of-civil-disobedience,1,,server-2,2,2,1,5.170,5.706,4.677
least-connections-cache-off-warm100,130,1,6.4615,1.849,16.375,18.224,house,the-picture-of-dorian-gray,1,,server-3,1,2,2,4.326,5.706,4.677
least-connections-cache-off-warm100,130,1,6.4692,1.734,11.583,13.317,night,frankenstein-or-the-modern-prometheus-41445,1,,server-1,2,2,1,4.326,5.706,2.554
least-connections-cache-off-warm100,130,1,6.4769,3.572,10.857,14.429,london,the-hound-of-the-baskervilles-3070,1,,server-3,1,2,2,2.635,5.706,2.554
least-connections-cache-off-warm100,130,1,6.4846,1.774,27.832,29.606,london,the-tenant-of-wildfell-hall,1,,server-1,1,1,1,3.498,6.462,2.488
least-connections-cache-off-warm100,130,1,6.4923,1.396,12.144,13.540,letter,meditations,1,,server-3,1,1,1,1.887,6.462,3.298
least-connections-cache-off-warm100,130,1,6.5000,14.500,23.880,38.380,house,a-connecticut-yankee-in-king-arthur-s-court,1,,server-1,2,1,1,1.887,7.527,1.768
least-connections-cache-off-warm100,130,1,6.5077,1.487,17.064,18.551,she,the-picture-of-dorian-gray,1,,server-2,2,1,0,1.887,7.527,3.030
least-connections-cache-off-warm100,130,1,6.5154,1.219,19.290,20.509,horse,wuthering-heights,1,,server-3,1,1,1,4.729,3.945,3.030
least-connections-cache-off-warm100,130,1,6.5231,16.011,12.819,28.830,money,the-picture-of-dorian-gray,1,,server-1,2,1,1,4.729,3.945,1.621
least-connections-cache-off-warm100,130,1,6.5308,1.398,17.344,18.742,castle,walden-and-on-the-duty-of-civil-disobedience,1,,server-2,2,1,1,4.729,5.209,1.621
least-connections-cache-off-warm100,130,1,6.5385,1.325,12.284,13.608,king,frankenstein-or-the-modern-prometheus,1,,server-3,2,1,1,7.754,2.737,4.085
least-connections-cache-off-warm100,130,1,6.5462,6.691,25.700,32.391,love,life-on-the-mississippi,1,,server-1,2,1,1,5.020,2.737,2.151
least-connections-cache-off-warm100,130,1,6.5538,1.423,13.013,14.436,death,the-warden,1,,server-2,1,1,0,3.240,4.469,3.302
least-connections-cache-off-warm100,130,1,6.5615,1.479,25.246,26.725,money,desperate-remedies,1,,server-3,1,1,1,3.240,2.388,3.302
least-connections-cache-off-warm100,130,1,6.5692,1.192,18.388,19.580,money,wuthering-heights,1,,server-2,1,1,1,3.240,3.557,1.759
least-connections-cache-off-warm100,130,1,6.5769,11.958,18.932,30.890,whale,sense-and-sensibility,1,,server-3,1,1,2,3.240,1.888,1.759
least-connections-cache-off-warm100,130,1,6.5846,1.412,25.605,27.017,you,the-house-of-mirth,1,,server-1,1,1,2,6.123,1.888,1.759
least-connections-cache-off-warm100,130,1,6.5923,1.667,29.934,31.601,letter,great-expectations,1,,server-2,1,1,1,3.205,4.129,3.706
least-connections-cache-off-warm100,130,1,6.6000,8.765,17.133,25.897,night,frankenstein-or-the-modern-prometheus,1,,server-3,1,1,2,3.205,2.185,3.706
least-connections-cache-off-warm100,130,1,6.6077,4.536,12.134,16.670,letter,northanger-abbey,1,,server-1,2,1,2,3.205,2.185,6.664
least-connections-cache-off-warm100,130,1,6.6154,9.270,22.825,32.095,money,the-jungle,1,,server-2,1,2,1,3.499,2.185,3.541
least-connections-cache-off-warm100,130,1,6.6231,3.360,15.799,19.160,horse,the-scarlet-letter,1,,server-3,1,2,2,3.499,2.185,3.541
least-connections-cache-off-warm100,130,1,6.6308,1.259,22.138,23.396,money,pride-and-prejudice,1,,server-1,1,1,1,4.132,4.042,2.800
least-connections-cache-off-warm100,130,1,6.6385,9.627,24.729,34.357,whale,emma,1,,server-2,1,2,1,2.188,4.042,2.800
least-connections-cache-off-warm100,130,1,6.6462,1.094,16.280,17.374,king,twenty-thousand-leagues-under-the-sea,1,,server-3,1,2,1,2.188,4.042,4.271
least-connections-cache-off-warm100,130,1,6.6538,1.509,17.580,19.089,letter,sense-and-sensibility,1,,server-1,2,1,1,6.024,4.298,2.249
least-connections-cache-off-warm100,130,1,6.6615,12.009,27.672,39.681,whale,the-song-of-the-lark,1,,server-2,1,2,1,2.588,4.298,2.249
least-connections-cache-off-warm100,130,1,6.6692,1.201,10.983,12.185,money,the-lost-world,1,,server-3,1,2,1,2.588,4.298,3.999
least-connections-cache-off-warm100,130,1,6.6769,1.403,12.937,14.340,she,washington-square,1,,server-1,1,1,1,4.422,4.880,2.118
least-connections-cache-off-warm100,130,1,6.6846,1.434,16.377,17.811,love,the-warden,1,,server-3,1,1,1,2.351,4.880,3.064
least-connections-cache-off-warm100,130,1,6.6923,1.134,13.738,14.872,king,the-picture-of-dorian-gray,1,,server-1,1,1,1,3.531,4.880,1.656
least-connections-cache-off-warm100,130,1,6.7000,1.780,19.372,21.152,sea,adventures-of-huckleberry-finn,1,,server-2,1,2,1,1.880,4.880,1.656
least-connections-cache-off-warm100,130,1,6.7077,1.428,19.768,21.196,sea,the-odyssey,1,,server-3,0,1,1,3.359,3.992,3.646
least-connections-cache-off-warm100,130,1,6.7154,1.735,11.761,13.497,and,the-adventures-of-tom-sawyer-complete,1,,server-1,1,1,1,3.359,3.992,1.943
least-connections-cache-off-warm100,130,1,6.7231,1.355,12.423,13.777,house,the-first-men-in-the-moon,1,,server-2,1,1,1,1.798,5.555,1.943
least-connections-cache-off-warm100,130,1,6.7308,1.228,19.820,21.048,you,madame-bovary,1,,server-3,0,1,1,2.993,2.928,4.351
least-connections-cache-off-warm100,130,1,6.7385,1.575,10.555,12.130,night,beyond-good-and-evil,1,,server-1,1,0,1,2.993,3.819,2.291
least-connections-cache-off-warm100,130,1,6.7462,1.329,22.652,23.980,heart,the-works-of-edgar-allan-poe-volume-2,1,,server-2,1,1,1,1.636,3.819,2.291
least-connections-cache-off-warm100,130,1,6.7538,1.232,20.137,21.369,was,the-house-of-the-seven-gables,1,,server-3,0,1,1,2.675,2.047,4.600
least-connections-cache-off-warm100,130,1,6.7615,1.166,20.942,22.108,she,leaves-of-grass,1,,server-1,1,1,1,2.675,2.047,2.438
least-connections-cache-off-warm100,130,1,6.7692,1.456,24.574,26.030,whale,the-jungle,1,,server-2,1,2,1,1.452,2.047,2.438
least-connections-cache-off-warm100,130,1,6.7769,1.589,22.934,24.523,castle,tess-of-the-d-urbervilles-a-pure-woman,1,,server-3,1,1,1,1.452,2.602,4.688
least-connections-cache-off-warm100,130,1,6.7846,2.098,14.365,16.462,house,his-last-bow,1,,server-1,1,1,1,4.238,2.602,2.466
least-connections-cache-off-warm100,130,1,6.7923,3.902,11.069,14.971,heart,a-princess-of-mars,1,,server-2,1,2,1,2.252,2.602,2.466
least-connections-cache-off-warm100,130,1,6.8000,2.174,11.725,13.899,heart,the-prince,1,,server-3,1,1,2,2.252,3.231,2.466
least-connections-cache-off-warm100,130,1,6.8077,1.029,29.263,30.292,and,the-romance-of-lust-a-classic-victorian-erotic-novel,1,,server-1,1,0,1,3.660,3.768,2.845
least-connections-cache-off-warm100,130,1,6.8154,1.191,29.012,30.202,castle,little-women,1,,server-2,1,1,0,1.933,3.768,3.658
least-connections-cache-off-warm100,130,1,6.8231,1.100,17.077,18.176,castle,the-works-of-edgar-allan-poe-volume-2,1,,server-3,1,1,1,1.933,2.012,3.658
least-connections-cache-off-warm100,130,1,6.8308,7.538,14.934,22.472,was,the-scarlet-letter-33,1,,server-1,2,1,1,1.933,2.012,1.940
least-connections-cache-off-warm100,130,1,6.8385,7.362,13.393,20.756,you,silas-marner,1,,server-2,1,2,1,4.208,2.012,1.940
least-connections-cache-off-warm100,130,1,6.8462,1.434,10.899,12.333,whale,the-lost-world,1,,server-3,1,1,1,4.208,4.184,3.939
least-connections-cache-off-warm100,130,1,6.8538,1.088,8.807,9.895,house,the-prince,1,,server-1,1,1,1,5.024,4.184,2.099
least-connections-cache-off-warm100,130,1,6.8615,1.108,37.643,38.750,of,the-innocents-abroad,1,,server-2,1,1,0,2.632,4.778,3.056
least-connections-cache-off-warm100,130,1,6.8692,1.501,17.586,19.087,whale,the-secret-adversary,1,,server-3,0,1,1,3.062,2.517,3.056
least-connections-cache-off-warm100,130,1,6.8769,2.519,20.631,23.150,the,the-house-of-the-seven-gables,1,,server-1,1,1,1,3.062,2.517,1.649
least-connections-cache-off-warm100,130,1,6.8846,16.499,21.748,38.247,of,desperate-remedies,1,,server-2,1,2,1,1.733,2.517,1.649
least-connections-cache-off-warm100,130,1,6.8923,1.588,12.498,14.086,house,frankenstein-or-the-modern-prometheus,1,,server-3,1,2,1,1.733,2.517,3.831
least-connections-cache-off-warm100,130,1,6.9000,1.817,20.466,22.282,was,pride-and-prejudice,1,,server-1,2,2,1,4.324,10.535,2.053
least-connections-cache-off-warm100,130,1,6.9077,1.702,15.379,17.082,house,memoirs-of-fanny-hill,1,,server-3,1,1,1,2.282,5.499,3.257
least-connections-cache-off-warm100,130,1,6.9154,7.681,17.254,24.935,and,the-house-of-the-seven-gables,1,,server-1,2,1,1,2.282,5.499,1.764
least-connections-cache-off-warm100,130,1,6.9231,1.473,28.500,29.974,castle,the-romance-of-lust-a-classic-victorian-erotic-novel,1,,server-2,1,2,1,3.114,6.954,1.764
least-connections-cache-off-warm100,130,1,6.9308,1.594,13.273,14.867,horse,white-fang,1,,server-3,1,1,1,3.114,3.630,3.544
least-connections-cache-off-warm100,130,1,6.9385,2.346,13.606,15.951,castle,autobiography-of-benjamin-franklin,1,,server-1,2,1,1,3.114,3.630,1.881
least-connections-cache-off-warm100,130,1,6.9462,1.522,18.664,20.186,money,wuthering-heights,1,,server-3,1,1,1,2.591,3.630,3.286
least-connections-cache-off-warm100,130,1,6.9538,1.411,22.708,24.118,letter,the-iliad-2199,1,,server-2,1,1,1,2.591,6.804,1.744
least-connections-cache-off-warm100,130,1,6.9615,1.415,14.309,15.724,sea,meditations,1,,server-1,1,1,1,3.791,3.557,1.744
least-connections-cache-off-warm100,130,1,6.9692,1.403,11.887,13.290,night,treasure-island,1,,server-3,1,1,1,2.035,3.557,4.055
least-connections-cache-off-warm100,130,1,6.9769,1.638,28.625,30.262,the,far-from-the-madding-crowd,1,,server-1,2,1,1,4.411,3.557,2.145
least-connections-cache-off-warm100,130,1,6.9846,1.322,13.877,15.199,death,cranford,1,,server-2,1,1,0,1.907,5.872,3.229
least-connections-cache-off-warm100,130,1,6.9923,1.719,21.902,23.621,you,the-house-of-mirth,1,,server-3,1,1,1,1.907,3.071,3.229
least-connections-cache-off-warm100,130,1,7.0000,1.256,17.092,18.348,he,the-secret-garden-17396,1,,server-2,1,1,1,1.907,4.149,1.776
least-connections-cache-off-warm100,130,1,7.0077,1.415,16.739,18.155,london,the-warden,1,,server-1,1,1,1,5.759,2.198,1.776
least-connections-cache-off-warm100,130,1,7.0154,3.556,10.786,14.343,horse,around-the-world-in-eighty-days,1,,server-2,1,2,1,3.031,2.198,1.776
least-connections-cache-off-warm100,130,1,7.0231,1.343,20.180,21.523,king,far-from-the-madding-crowd,1,,server-3,1,1,1,3.031,2.389,4.553
least-connections-cache-off-warm100,130,1,7.0308,1.944,13.948,15.891,house,white-fang,1,,server-1,1,0,1,4.566,3.203,2.414
least-connections-cache-off-warm100,130,1,7.0385,1.183,13.109,14.292,death,autobiography-of-benjamin-franklin,1,,server-2,1,1,1,2.409,3.203,2.414
least-connections-cache-off-warm100,130,1,7.0462,1.270,14.507,15.776,she,the-secret-adversary,1,,server-3,1,1,1,4.644,1.707,4.733
least-connections-cache-off-warm100,130,1,7.0538,1.426,37.426,38.852,heart,the-innocents-abroad,1,,server-1,1,0,1,3.726,3.141,2.490
least-connections-cache-off-warm100,130,1,7.0615,1.415,16.826,18.241,sea,anne-of-green-gables,1,,server-2,1,1,1,1.993,3.141,4.820
least-connections-cache-off-warm100,130,1,7.0692,1.238,11.780,13.018,castle,silas-marner,1,,server-3,1,1,1,1.993,1.684,3.873
least-connections-cache-off-warm100,130,1,7.0769,16.416,13.854,30.270,was,autobiography-of-benjamin-franklin,1,,server-1,2,1,1,1.993,1.684,2.050
least-connections-cache-off-warm100,130,1,7.0846,1.279,14.446,15.725,house,myths-and-legends-of-ancient-greece-and-rome,1,,server-2,2,1,0,1.993,3.733,3.158
least-connections-cache-off-warm100,130,1,7.0923,1.218,16.526,17.744,you,the-adventures-of-sherlock-holmes,1,,server-3,2,1,1,1.993,2.011,3.158
least-connections-cache-off-warm100,130,1,7.1000,8.003,30.758,38.761,he,desperate-remedies,1,,server-1,2,1,1,5.337,4.375,1.677
least-connections-cache-off-warm100,130,1,7.1077,1.174,20.787,21.961,castle,walden-and-on-the-duty-of-civil-disobedience,1,,server-2,1,1,1,4.477,3.536,1.677
least-connections-cache-off-warm100,130,1,7.1154,1.491,27.259,28.751,love,great-expectations,1,,server-3,1,1,1,3.599,1.886,3.691
least-connections-cache-off-warm100,130,1,7.1231,16.558,16.055,32.612,and,twenty-thousand-leagues-under-the-sea,1,,server-1,2,1,1,3.599,1.886,1.972
least-connections-cache-off-warm100,130,1,7.1308,1.261,10.682,11.944,whale,the-war-of-the-worlds,1,,server-2,2,1,1,3.599,4.516,1.972
least-connections-cache-off-warm100,130,1,7.1385,6.182,18.276,24.458,of,the-works-of-edgar-allan-poe-volume-2,1,,server-3,2,1,2,8.072,2.376,1.972
least-connections-cache-off-warm100,130,1,7.1462,1.128,12.196,13.324,london,agnes-grey,1,,server-2,1,1,1,5.201,3.191,3.383
least-connections-cache-off-warm100,130,1,7.1538,9.867,15.111,24.979,he,frankenstein-or-the-modern-prometheus,1,,server-3,1,1,2,5.201,1.697,3.383
least-connections-cache-off-warm100,130,1,7.1615,1.082,19.971,21.053,you,the-return-of-sherlock-holmes-108,1,,server-1,1,0,2,5.839,3.006,3.383
least-connections-cache-off-warm100,130,1,7.1692,1.498,27.186,28.684,she,dracula,1,,server-2,1,1,1,3.050,3.006,3.747
least-connections-cache-off-warm100,130,1,7.1769,2.477,12.302,14.779,of,the-warden,1,,server-3,1,1,2,3.050,1.628,3.747
least-connections-cache-off-warm100,130,1,7.1846,1.402,29.966,31.368,night,the-innocents-abroad,1,,server-1,1,1,1,5.102,1.628,2.629
least-connections-cache-off-warm100,130,1,7.1923,1.324,16.997,18.321,house,northanger-abbey,1,,server-3,1,1,1,2.714,1.628,3.596
least-connections-cache-off-warm100,130,1,7.2000,1.683,18.081,19.764,she,desert-gold,1,,server-2,1,1,1,2.714,5.333,1.906
least-connections-cache-off-warm100,130,1,7.2077,3.428,12.159,15.586,and,the-secret-adversary,1,,server-3,1,1,2,2.714,2.816,1.906
least-connections-cache-off-warm100,130,1,7.2154,1.419,14.482,15.901,house,a-journey-to-the-centre-of-the-earth,1,,server-1,2,1,1,2.714,2.816,2.279
least-connections-cache-off-warm100,130,1,7.2231,1.535,14.271,15.806,was,the-secret-garden-17396,1,,server-2,1,1,1,3.411,4.648,4.171
least-connections-cache-off-warm100,130,1,7.2308,1.211,17.301,18.512,she,adventures-of-huckleberry-finn,1,,server-3,1,1,1,3.411,2.479,3.353
least-connections-cache-off-warm100,130,1,7.2385,1.083,15.232,16.315,money,the-adventures-of-tom-sawyer-complete,1,,server-1,1,1,1,4.463,2.479,1.775
least-connections-cache-off-warm100,130,1,7.2462,1.475,16.291,17.766,he,the-works-of-edgar-allan-poe-volume-2,1,,server-2,1,1,1,2.351,3.764,1.775
least-connections-cache-off-warm100,130,1,7.2538,1.619,15.152,16.771,money,the-works-of-edgar-allan-poe-volume-2,1,,server-3,1,1,1,2.351,2.029,3.870
least-connections-cache-off-warm100,130,1,7.2615,1.705,21.785,23.490,king,the-american,1,,server-1,1,1,1,3.916,2.029,2.046
least-connections-cache-off-warm100,130,1,7.2692,1.625,32.478,34.103,the,villette,1,,server-2,1,1,1,2.088,3.874,2.046
least-connections-cache-off-warm100,130,1,7.2769,1.260,12.706,13.966,you,the-warden,1,,server-3,1,1,1,2.088,2.067,3.621
least-connections-cache-off-warm100,130,1,7.2846,1.263,28.842,30.105,whale,jane-eyre-an-autobiography,1,,server-1,2,1,1,5.921,2.067,1.915
least-connections-cache-off-warm100,130,1,7.2923,1.183,8.100,9.283,house,the-kama-sutra-of-vatsyayana,1,,server-3,1,1,1,2.517,2.067,3.238
least-connections-cache-off-warm100,130,1,7.3000,15.258,18.532,33.789,sea,kidnapped,1,,server-1,2,1,1,2.517,2.067,1.727
least-connections-cache-off-warm100,130,1,7.3077,1.362,18.925,20.286,letter,the-mystery-of-edwin-drood,1,,server-2,2,1,0,2.517,6.466,2.344
least-connections-cache-off-warm100,130,1,7.3154,1.069,13.825,14.894,king,the-first-men-in-the-moon,1,,server-3,1,1,1,4.676,3.395,2.344
least-connections-cache-off-warm100,130,1,7.3231,11.383,33.797,45.180,and,jude-the-obscure,1,,server-1,2,1,1,4.676,3.395,1.267
least-connections-cache-off-warm100,130,1,7.3308,1.252,28.459,29.711,horse,the-last-of-the-mohicans-a-narrative-of-1757,1,,server-2,2,1,0,4.676,5.176,3.001
least-connections-cache-off-warm100,130,1,7.3385,2.203,19.873,22.076,of,twenty-thousand-leagues-under-the-sea,1,,server-3,1,1,1,4.144,2.744,3.001
least-connections-cache-off-warm100,130,1,7.3462,22.234,13.128,35.362,was,the-kama-sutra-of-vatsyayana,1,,server-1,2,1,1,4.144,2.744,1.666
least-connections-cache-off-warm100,130,1,7.3538,6.845,21.671,28.516,horse,pride-and-prejudice,1,,server-2,2,2,1,4.144,2.744,1.666
least-connections-cache-off-warm100,130,1,7.3615,1.007,21.361,22.369,and,life-on-the-mississippi,1,,server-3,2,1,1,4.144,4.364,4.149
least-connections-cache-off-warm100,130,1,7.3692,1.344,26.983,28.327,night,the-scarlet-letter,1,,server-1,2,1,1,6.686,4.364,2.171
least-connections-cache-off-warm100,130,1,7.3769,6.096,12.488,18.585,heart,autobiography-of-benjamin-franklin,1,,server-2,2,2,1,3.581,4.364,2.171
least-connections-cache-off-warm100,130,1,7.3846,1.467,17.958,19.425,letter,twenty-thousand-leagues-under-the-sea,1,,server-3,1,1,1,4.328,3.736,4.773
least-connections-cache-off-warm100,130,1,7.3923,5.992,29.419,35.411,she,the-house-of-mirth,1,,server-1,2,1,1,4.328,3.736,2.528
least-connections-cache-off-warm100,130,1,7.4000,1.215,29.035,30.250,of,the-mysterious-island,1,,server-2,1,1,1,4.263,4.331,2.528
least-connections-cache-off-warm100,130,1,7.4077,1.103,15.771,16.874,you,the-house-of-the-seven-gables,1,,server-3,1,1,1,4.263,2.294,4.422
least-connections-cache-off-warm100,130,1,7.4154,12.439,28.647,41.086,love,the-mysterious-island,1,,server-1,2,1,1,4.263,2.294,2.321
least-connections-cache-off-warm100,130,1,7.4231,7.601,18.716,26.318,death,the-scarlet-letter-33,1,,server-2,2,2,1,4.263,2.294,2.321
least-connections-cache-off-warm100,130,1,7.4308,1.438,17.070,18.508,horse,madame-bovary,1,,server-3,1,1,1,5.485,4.793,3.975
least-connections-cache-off-warm100,130,1,7.4385,18.774,13.019,31.792,of,northanger-abbey,1,,server-1,2,1,1,5.485,3.858,2.121
least-connections-cache-off-warm100,130,1,7.4462,4.354,17.641,21.994,you,thus-spake-zarathustra-a-book-for-all-and-none,1,,server-2,2,2,1,5.485,3.858,2.121
least-connections-cache-off-warm100,130,1,7.4538,1.309,12.741,14.050,sea,kidnapped,1,,server-3,2,1,1,5.485,3.192,4.044
least-connections-cache-off-warm100,130,1,7.4615,9.364,23.669,33.034,letter,the-odyssey,1,,server-1,2,1,1,6.402,3.192,2.144
least-connections-cache-off-warm100,130,1,7.4692,1.318,11.466,12.784,money,the-hound-of-the-baskervilles-3070,1,,server-2,2,1,0,6.402,4.773,3.367
least-connections-cache-off-warm100,130,1,7.4769,1.189,23.015,24.204,king,the-american,1,,server-3,1,1,1,4.012,2.542,3.367
least-connections-cache-off-warm100,130,1,7.4846,1.599,30.913,32.512,whale,the-innocents-abroad,1,,server-2,1,1,1,4.012,3.420,1.795
least-connections-cache-off-warm100,130,1,7.4923,9.710,15.383,25.094,night,autobiography-of-benjamin-franklin,1,,server-3,1,1,2,4.012,1.820,1.795
least-connections-cache-off-warm100,130,1,7.5000,1.350,18.706,20.056,he,the-last-of-the-mohicans-a-narrative-of-1757-27681,1,,server-1,1,1,2,6.293,1.820,1.795
least-connections-cache-off-warm100,130,1,7.5077,10.568,10.268,20.836,and,black-beauty,1,,server-2,1,2,1,3.283,1.820,3.402
least-connections-cache-off-warm100,130,1,7.5154,3.333,20.078,23.411,night,a-tale-of-two-cities,1,,server-3,1,2,2,3.283,1.820,3.402
least-connections-cache-off-warm100,130,1,7.5231,1.407,29.438,30.845,letter,the-moonstone,1,,server-1,1,1,1,5.043,4.088,2.536
least-connections-cache-off-warm100,130,1,7.5308,1.324,11.575,12.899,heart,the-mysterious-affair-at-styles,1,,server-2,1,1,1,2.645,4.185,2.536
least-connections-cache-off-warm100,130,1,7.5385,1.180,27.746,28.925,love,a-tale-of-two-cities,1,,server-3,1,1,2,2.645,2.221,5.968
least-connections-cache-off-warm100,130,1,7.5462,1.179,16.134,17.312,king,the-memoirs-of-sherlock-holmes,1,,server-2,1,1,1,2.645,3.231,2.516
least-connections-cache-off-warm100,130,1,7.5538,13.616,12.727,26.344,horse,the-secret-garden-17396,1,,server-3,1,1,2,6.348,1.718,2.516
least-connections-cache-off-warm100,130,1,7.5615,1.457,17.974,19.431,you,the-adventures-of-tom-sawyer-complete,1,,server-1,1,1,2,6.348,1.718,2.516
least-connections-cache-off-warm100,130,1,7.5692,1.192,13.544,14.736,death,dubliners,1,,server-2,1,1,1,3.311,3.646,4.868
least-connections-cache-off-warm100,130,1,7.5769,4.469,13.167,17.637,horse,dubliners,1,,server-3,1,1,2,3.311,1.932,4.868
least-connections-cache-off-warm100,130,1,7.5846,1.356,16.555,17.910,king,the-mystery-of-edwin-drood,1,,server-1,1,0,1,4.942,3.362,3.036
least-connections-cache-off-warm100,130,1,7.5923,1.339,9.452,10.791,king,herland,1,,server-2,1,1,1,2.600,3.362,3.036
least-connections-cache-off-warm100,130,1,7.6000,1.447,32.410,33.857,and,the-song-of-the-lark,1,,server-3,1,1,1,2.600,1.799,3.952
least-connections-cache-off-warm100,130,1,7.6077,1.166,25.512,26.678,king,adventures-of-huckleberry-finn,1,,server-1,1,0,1,4.278,2.611,2.106
least-connections-cache-off-warm100,130,1,7.6154,2.399,24.853,27.252,love,tess-of-the-d-urbervilles-a-pure-woman,1,,server-2,1,1,1,2.258,2.611,2.106
least-connections-cache-off-warm100,130,1,7.6231,11.344,24.989,36.333,death,a-tale-of-two-cities,1,,server-3,1,1,2,2.258,1.497,2.106
least-connections-cache-off-warm100,130,1,7.6308,4.525,26.554,31.079,sea,the-jungle,1,,server-1,2,1,2,2.258,1.497,2.106
least-connections-cache-off-warm100,130,1,7.6385,4.931,11.578,16.509,love,dubliners,1,,server-2,1,2,1,3.205,1.497,4.403
least-connections-cache-off-warm100,130,1,7.6462,14.074,14.733,28.808,night,grimms-fairy-tales,1,,server-3,1,1,2,3.205,2.908,4.403
least-connections-cache-off-warm100,130,1,7.6538,8.240,16.327,24.567,horse,grimms-fairy-tales,1,,server-1,2,1,2,3.205,2.908,4.403
least-connections-cache-off-warm100,130,1,7.6615,1.445,24.173,25.618,money,emma,1,,server-2,2,1,1,8.278,3.652,4.816
least-connections-cache-off-warm100,130,1,7.6692,6.248,28.906,35.154,heart,little-women,1,,server-3,1,1,2,4.327,1.948,4.816
least-connections-cache-off-warm100,130,1,7.6769,2.086,25.734,27.820,was,the-adventures-of-ferdinand-count-fathom-complete,1,,server-1,2,1,1,4.327,1.948,3.324
least-connections-cache-off-warm100,130,1,7.6846,3.048,18.936,21.984,night,sense-and-sensibility,1,,server-2,1,2,1,2.894,1.948,3.324
least-connections-cache-off-warm100,130,1,7.6923,12.601,10.643,23.244,house,the-wind-in-the-willows,1,,server-3,1,1,2,2.894,2.804,3.324
least-connections-cache-off-warm100,130,1,7.7000,5.515,14.133,19.648,love,the-picture-of-dorian-gray,1,,server-1,2,1,2,2.894,2.804,3.324
least-connections-cache-off-warm100,130,1,7.7077,1.459,14.121,15.580,heart,kidnapped,1,,server-2,1,1,1,3.496,4.763,4.979
least-connections-cache-off-warm100,130,1,7.7154,1.358,15.749,17.107,the,twenty-thousand-leagues-under-the-sea,1,,server-3,1,1,2,3.496,2.504,5.961
least-connections-cache-off-warm100,130,1,7.7231,1.409,19.864,21.273,horse,wuthering-heights,1,,server-1,1,1,1,4.441,3.812,2.514
least-connections-cache-off-warm100,130,1,7.7308,1.366,16.518,17.884,of,grimms-fairy-tales,1,,server-2,1,1,1,2.338,3.812,2.514
least-connections-cache-off-warm100,130,1,7.7385,1.174,10.899,12.073,heart,his-last-bow,1,,server-3,1,1,1,2.338,2.015,4.090
least-connections-cache-off-warm100,130,1,7.7462,1.288,12.218,13.506,king,cranford,1,,server-1,1,1,1,4.629,2.015,2.151
least-connections-cache-off-warm100,130,1,7.7538,1.516,10.131,11.648,of,the-jungle-book,1,,server-2,1,1,0,2.437,3.910,3.081
least-connections-cache-off-warm100,130,1,7.7615,3.010,27.845,30.855,of,pride-and-prejudice,1,,server-3,0,1,1,3.478,2.075,3.081
least-connections-cache-off-warm100,130,1,7.7692,2.011,17.552,19.563,whale,frankenstein-or-the-modern-prometheus-41445,1,,server-1,1,0,1,3.478,2.918,1.648
least-connections-cache-off-warm100,130,1,7.7769,1.964,26.158,28.122,castle,the-tenant-of-wildfell-hall,1,,server-2,1,1,1,1.891,2.918,1.648
least-connections-cache-off-warm100,130,1,7.7846,8.122,17.435,25.557,sea,thus-spake-zarathustra-a-book-for-all-and-none,1,,server-3,1,1,2,1.891,1.577,1.648
least-connections-cache-off-warm100,130,1,7.7923,1.541,13.945,15.485,love,his-last-bow,1,,server-1,1,1,2,3.908,1.577,5.480
least-connections-cache-off-warm100,130,1,7.8000,5.587,12.608,18.195,castle,the-picture-of-dorian-gray,1,,server-2,1,2,1,2.079,1.577,3.574
least-connections-cache-off-warm100,130,1,7.8077,3.282,30.580,33.862,was,the-iliad,1,,server-3,1,1,2,3.507,3.143,3.574
least-connections-cache-off-warm100,130,1,7.8154,1.434,31.438,32.873,and,the-iliad,1,,server-1,1,1,1,3.507,3.143,2.855
least-connections-cache-off-warm100,130,1,7.8231,1.222,17.323,18.544,night,adventures-of-huckleberry-finn,1,,server-2,1,1,1,1.874,3.978,2.855
least-connections-cache-off-warm100,130,1,7.8308,11.671,27.537,39.208,you,jude-the-obscure,1,,server-3,1,1,2,1.874,2.099,2.855
least-connections-cache-off-warm100,130,1,7.8385,10.446,31.551,41.997,heart,north-and-south,1,,server-1,2,1,2,1.874,2.099,2.855
least-connections-cache-off-warm100,130,1,7.8462,1.531,11.354,12.885,london,meditations,1,,server-2,2,1,1,1.874,4.081,4.474
least-connections-cache-off-warm100,130,1,7.8538,16.625,13.894,30.519,money,the-adventures-of-tom-sawyer-complete,1,,server-3,1,1,2,4.180,2.186,4.474
least-connections-cache-off-warm100,130,1,7.8615,1.492,17.438,18.930,the,frankenstein-or-the-modern-prometheus,1,,server-2,1,1,2,4.180,3.155,4.474
least-connections-cache-off-warm100,130,1,7.8692,11.706,12.322,24.028,she,frankenstein-or-the-modern-prometheus,1,,server-1,2,1,2,4.180,1.737,4.474
least-connections-cache-off-warm100,130,1,7.8769,4.098,21.725,25.823,of,far-from-the-madding-crowd,1,,server-2,2,2,1,4.180,1.737,5.302
least-connections-cache-off-warm100,130,1,7.8846,1.431,29.595,31.026,sea,the-moonstone,1,,server-3,1,1,1,5.024,2.391,5.564
least-connections-cache-off-warm100,130,1,7.8923,1.599,14.037,15.637,house,frankenstein-or-the-modern-prometheus,1,,server-1,2,1,1,5.024,2.391,2.914
least-connections-cache-off-warm100,130,1,7.9000,3.415,19.204,22.619,he,the-divine-comedy,1,,server-2,1,2,1,2.703,2.391,2.914
least-connections-cache-off-warm100,130,1,7.9077,8.546,12.000,20.546,was,the-hound-of-the-baskervilles,1,,server-3,1,1,2,4.883,2.797,2.914
least-connections-cache-off-warm100,130,1,7.9154,1.524,19.780,21.304,the,the-divine-comedy,1,,server-1,1,1,2,3.926,2.797,7.966
least-connections-cache-off-warm100,130,1,7.9231,1.346,19.778,21.124,was,a-connecticut-yankee-in-king-arthur-s-court,1,,server-2,1,1,1,2.094,4.809,4.159
least-connections-cache-off-warm100,130,1,7.9308,1.162,20.094,21.256,night,the-portrait-of-a-lady-volume-1,1,,server-3,1,1,1,2.094,2.532,4.571
least-connections-cache-off-warm100,130,1,7.9385,1.119,46.080,47.199,sea,the-mysterious-island,1,,server-1,1,1,1,4.463,2.532,2.405
least-connections-cache-off-warm100,130,1,7.9462,1.428,12.059,13.487,and,the-war-of-the-worlds,1,,server-2,1,1,1,2.348,4.708,2.405
least-connections-cache-off-warm100,130,1,7.9538,1.192,12.479,13.671,you,the-war-of-the-worlds,1,,server-3,1,1,1,2.348,2.516,4.702
least-connections-cache-off-warm100,130,1,7.9615,1.262,12.193,13.455,whale,the-warden,1,,server-2,1,1,1,2.348,3.504,2.477
least-connections-cache-off-warm100,130,1,7.9692,1.390,18.335,19.725,london,the-return-of-sherlock-holmes-108,1,,server-3,1,1,1,2.348,1.881,3.543
least-connections-cache-off-warm100,130,1,7.9769,1.612,23.666,25.278,sea,life-on-the-mississippi,1,,server-2,1,1,1,2.348,3.123,1.876
least-connections-cache-off-warm100,130,1,7.9846,4.962,8.942,13.904,heart,the-great-gatsby,1,,server-3,1,1,2,2.348,1.686,1.876
least-connections-cache-off-warm100,130,1,7.9923,1.646,15.653,17.299,and,a-journey-to-the-centre-of-the-earth,1,,server-1,1,1,1,8.849,1.686,2.495
least-connections-cache-off-warm100,130,1,8.0000,2.080,16.600,18.680,horse,the-house-of-the-seven-gables,1,,server-3,1,1,1,4.632,1.686,2.967
least-connections-cache-off-warm100,130,1,8.0077,1.351,13.851,15.201,castle,persuasion,1,,server-2,1,1,1,4.632,4.721,1.586
least-connections-cache-off-warm100,130,1,8.0154,1.318,16.250,17.568,heart,the-mystery-of-edwin-drood,1,,server-1,1,1,1,5.426,2.486,1.586
least-connections-cache-off-warm100,130,1,8.0231,1.399,22.691,24.089,he,twenty-thousand-leagues-under-the-sea,1,,server-3,1,1,1,2.844,3.753,3.625
least-connections-cache-off-warm100,130,1,8.0308,1.369,24.859,26.228,and,mansfield-park,1,,server-2,1,1,1,2.844,3.753,1.918
least-connections-cache-off-warm100,130,1,8.0385,1.411,27.984,29.395,heart,the-tenant-of-wildfell-hall,1,,server-1,1,1,1,4.384,1.983,1.918
least-connections-cache-off-warm100,130,1,8.0462,11.404,33.210,44.614,of,the-song-of-the-lark,1,,server-2,1,2,1,2.311,1.983,1.918
least-connections-cache-off-warm100,130,1,8.0538,1.416,14.223,15.639,death,silas-marner,1,,server-3,1,2,1,2.311,1.983,4.778
least-connections-cache-off-warm100,130,1,8.0615,6.860,12.674,19.534,the,the-jungle-book,1,,server-1,2,1,1,2.311,3.737,2.516
least-connections-cache-off-warm100,130,1,8.0692,21.763,13.627,35.390,of,the-secret-garden,1,,server-2,1,2,1,3.618,3.737,3.860
least-connections-cache-off-warm100,130,1,8.0769,1.321,10.003,11.323,money,his-last-bow,1,,server-3,1,2,1,3.618,3.737,3.860
least-connections-cache-off-warm100,130,1,8.0846,1.401,23.730,25.131,love,leaves-of-grass,1,,server-1,1,2,1,4.279,3.737,2.048
least-connections-cache-off-warm100,130,1,8.0923,1.393,9.344,10.737,death,black-beauty,1,,server-3,1,1,1,2.250,6.468,2.873
least-connections-cache-off-warm100,130,1,8.1000,10.566,19.608,30.174,and,herland,1,,server-1,2,1,1,2.250,6.468,1.534
least-connections-cache-off-warm100,130,1,8.1077,1.491,29.428,30.919,the,wuthering-heights,1,,server-2,2,1,0,2.250,6.253,2.423
least-connections-cache-off-warm100,130,1,8.1154,3.206,17.711,20.917,he,autobiography-of-benjamin-franklin,1,,server-3,1,1,1,3.669,3.280,2.423
least-connections-cache-off-warm100,130,1,8.1231,7.619,12.813,20.433,death,frankenstein-or-the-modern-prometheus,1,,server-1,2,1,1,3.669,3.280,1.429
least-connections-cache-off-warm100,130,1,8.1308,8.041,12.649,20.690,castle,the-scarlet-letter-33,1,,server-2,2,2,1,3.427,3.280,1.429
least-connections-cache-off-warm100,130,1,8.1385,1.500,14.555,16.055,the,desert-gold,1,,server-3,1,2,1,3.427,5.780,3.616
least-connections-cache-off-warm100,130,1,8.1462,1.354,12.479,13.833,london,the-secret-garden,1,,server-1,1,1,1,4.162,4.658,1.946
least-connections-cache-off-warm100,130,1,8.1538,1.231,10.563,11.794,london,the-lost-world,1,,server-2,1,1,1,2.196,4.927,1.946
least-connections-cache-off-warm100,130,1,8.1615,1.212,15.866,17.078,love,the-mysterious-affair-at-styles,1,,server-3,0,1,1,3.366,2.576,3.542
least-connections-cache-off-warm100,130,1,8.1692,1.855,23.651,25.506,you,the-works-of-edgar-allan-poe-volume-2,1,,server-1,1,0,1,3.366,3.307,1.872
least-connections-cache-off-warm100,130,1,8.1769,2.025,19.692,21.717,sea,walden-and-on-the-duty-of-civil-disobedience,1,,server-2,1,1,1,1.820,3.307,1.872
least-connections-cache-off-warm100,130,1,8.1846,1.549,13.206,14.755,love,the-secret-adversary,1,,server-3,1,1,1,1.820,1.799,3.694
least-connections-cache-off-warm100,130,1,8.1923,3.156,12.915,16.071,horse,treasure-island,1,,server-1,2,1,1,1.820,1.799,1.965
least-connections-cache-off-warm100,130,1,8.2000,1.223,9.637,10.860,he,the-war-of-the-worlds,1,,server-2,1,1,0,2.743,4.222,3.297
least-connections-cache-off-warm100,130,1,8.2077,1.298,26.650,27.948,of,the-tenant-of-wildfell-hall,1,,server-3,1,1,1,2.743,2.267,3.297
least-connections-cache-off-warm100,130,1,8.2154,1.218,33.972,35.190,house,the-innocents-abroad,1,,server-1,1,0,1,3.729,2.918,1.756
least-connections-cache-off-warm100,130,1,8.2231,1.728,10.998,12.726,love,around-the-world-in-eighty-days,1,,server-2,1,1,1,1.970,2.918,1.756
least-connections-cache-off-warm100,130,1,8.2308,5.872,23.317,29.189,the,a-tale-of-two-cities,1,,server-3,1,1,2,1.970,1.598,1.756
least-connections-cache-off-warm100,130,1,8.2385,1.416,27.715,29.131,of,the-moonstone,1,,server-2,1,1,1,1.970,2.733,3.289
least-connections-cache-off-warm100,130,1,8.2462,12.973,17.571,30.543,death,anne-of-green-gables,1,,server-3,1,1,2,1.970,1.451,3.289
least-connections-cache-off-warm100,130,1,8.2538,1.445,13.418,14.863,of,northanger-abbey,1,,server-1,1,1,2,6.639,1.451,3.289
least-connections-cache-off-warm100,130,1,8.2615,6.729,12.500,19.229,she,agnes-grey,1,,server-2,1,2,1,3.475,1.451,4.575
least-connections-cache-off-warm100,130,1,8.2692,1.231,18.018,19.249,of,grimms-fairy-tales,1,,server-1,1,1,1,4.327,3.487,4.575
least-connections-cache-off-warm100,130,1,8.2769,4.801,9.601,14.402,heart,the-hound-of-the-baskervilles-3070,1,,server-2,1,2,1,2.287,3.487,7.111
least-connections-cache-off-warm100,130,1,8.2846,1.263,26.048,27.311,he,mary-barton,1,,server-3,1,1,1,2.287,2.496,5.703
least-connections-cache-off-warm100,130,1,8.2923,1.354,14.804,16.158,london,meditations,1,,server-1,1,0,1,4.308,3.052,2.990
least-connections-cache-off-warm100,130,1,8.3000,1.657,13.321,14.979,and,autobiography-of-benjamin-franklin,1,,server-2,1,1,1,2.276,3.052,2.990
least-connections-cache-off-warm100,130,1,8.3077,4.920,23.354,28.274,king,the-jungle,1,,server-3,1,1,2,2.276,1.658,2.990
least-connections-cache-off-warm100,130,1,8.3154,1.280,14.532,15.811,he,persuasion,1,,server-1,1,0,1,3.759,3.166,3.536
least-connections-cache-off-warm100,130,1,8.3231,1.516,14.722,16.238,king,the-secret-adversary,1,,server-2,1,1,1,1.999,3.166,3.536
least-connections-cache-off-warm100,130,1,8.3308,5.583,8.351,13.934,house,the-prince,1,,server-3,1,1,2,4.442,1.717,3.536
least-connections-cache-off-warm100,130,1,8.3385,1.369,16.563,17.931,you,the-warden,1,,server-1,1,1,1,3.570,1.717,3.514
least-connections-cache-off-warm100,130,1,8.3462,1.887,21.019,22.906,king,the-portrait-of-a-lady-volume-1,1,,server-2,1,1,0,1.895,3.410,3.511
least-connections-cache-off-warm100,130,1,8.3538,1.789,30.468,32.257,sea,jude-the-obscure,1,,server-3,1,1,1,1.895,1.852,3.511
least-connections-cache-off-warm100,130,1,8.3615,1.354,37.340,38.694,horse,the-iliad,1,,server-1,1,1,1,3.819,1.852,1.882
least-connections-cache-off-warm100,130,1,8.3692,1.390,15.750,17.140,night,anne-of-green-gables,1,,server-2,1,2,1,2.022,4.484,1.882
least-connections-cache-off-warm100,130,1,8.3769,9.795,22.336,32.131,castle,the-divine-comedy,1,,server-3,1,1,2,2.022,2.358,1.882
least-connections-cache-off-warm100,130,1,8.3846,16.415,29.081,45.496,whale,dracula,1,,server-1,2,1,2,2.022,2.358,1.882
least-connections-cache-off-warm100,130,1,8.3923,1.469,30.947,32.416,money,the-moonstone,1,,server-2,2,1,1,2.022,3.997,4.037
least-connections-cache-off-warm100,130,1,8.4000,9.700,13.455,23.155,love,the-picture-of-dorian-gray,1,,server-3,2,1,2,10.168,2.114,4.037
least-connections-cache-off-warm100,130,1,8.4077,22.980,13.242,36.222,love,northanger-abbey,1,,server-1,2,1,2,5.317,2.114,4.037
least-connections-cache-off-warm100,130,1,8.4154,9.694,18.818,28.512,letter,wuthering-heights,1,,server-2,2,2,1,5.317,2.114,4.005
least-connections-cache-off-warm100,130,1,8.4231,1.810,17.803,19.613,castle,the-return-of-sherlock-holmes,1,,server-3,2,2,2,5.317,2.114,4.623
least-connections-cache-off-warm100,130,1,8.4308,1.567,23.650,25.217,sea,the-secret-garden,1,,server-1,2,1,1,6.350,4.103,2.498
least-connections-cache-off-warm100,130,1,8.4385,5.986,25.316,31.302,was,mary-barton,1,,server-2,2,2,1,3.420,4.103,2.498
least-connections-cache-off-warm100,130,1,8.4462,1.677,26.313,27.990,love,the-adventures-of-ferdinand-count-fathom-complete,1,,server-3,1,1,1,4.324,3.363,4.332
least-connections-cache-off-warm100,130,1,8.4538,2.543,12.619,15.162,of,dubliners,1,,server-1,2,1,1,4.324,3.363,2.304
least-connections-cache-off-warm100,130,1,8.4615,8.969,22.270,31.239,horse,anne-of-green-gables,1,,server-2,1,2,1,3.472,3.363,2.304
least-connections-cache-off-warm100,130,1,8.4692,5.622,13.911,19.532,london,the-picture-of-dorian-gray,1,,server-3,1,2,2,4.180,3.363,2.304
least-connections-cache-off-warm100,130,1,8.4769,1.341,12.712,14.052,was,black-beauty,1,,server-1,1,1,1,4.180,3.987,3.390
least-connections-cache-off-warm100,130,1,8.4846,9.036,16.206,25.242,king,the-secret-garden-17396,1,,server-2,1,2,1,2.210,3.987,3.390
least-connections-cache-off-warm100,130,1,8.4923,1.972,35.578,37.550,whale,the-innocents-abroad,1,,server-3,0,2,1,3.428,4.317,4.343
least-connections-cache-off-warm100,130,1,8.5000,1.590,34.317,35.908,he,little-women,1,,server-1,1,1,1,3.428,4.290,2.280
least-connections-cache-off-warm100,130,1,8.5077,2.899,11.914,14.813,was,the-hound-of-the-baskervilles-3070,1,,server-2,1,2,1,1.838,4.290,2.280
least-connections-cache-off-warm100,130,1,8.5154,14.870,21.048,35.917,house,the-mystery-of-edwin-drood,1,,server-3,1,1,2,1.838,2.925,2.280
least-connections-cache-off-warm100,130,1,8.5231,1.434,22.267,23.701,he,desperate-remedies,1,,server-2,1,1,2,1.838,3.697,2.280
least-connections-cache-off-warm100,130,1,8.5308,1.776,29.580,31.356,you,beyond-good-and-evil,1,,server-3,1,1,2,1.838,1.964,5.084
least-connections-cache-off-warm100,130,1,8.5385,1.858,12.736,14.594,you,washington-square,1,,server-1,1,1,2,6.607,1.964,2.791
least-connections-cache-off-warm100,130,1,8.5462,1.604,13.040,14.644,night,the-secret-adversary,1,,server-2,1,2,2,3.488,1.964,2.791
least-connections-cache-off-warm100,130,1,8.5538,1.307,18.522,19.830,of,twenty-thousand-leagues-under-the-sea,1,,server-1,1,1,1,4.220,2.509,5.137
least-connections-cache-off-warm100,130,1,8.5615,1.193,19.576,20.769,night,the-portrait-of-a-lady-volume-1,1,,server-2,1,1,1,2.229,3.637,5.137
least-connections-cache-off-warm100,130,1,8.5692,1.230,12.149,13.379,of,the-lost-world,1,,server-3,1,1,1,2.229,1.929,7.917
least-connections-cache-off-warm100,130,1,8.5769,1.313,11.523,12.837,night,dubliners,1,,server-1,1,1,1,4.352,1.929,4.126
least-connections-cache-off-warm100,130,1,8.5846,1.371,19.882,21.253,you,pride-and-prejudice,1,,server-2,1,1,0,2.300,4.312,4.544
least-connections-cache-off-warm100,130,1,8.5923,1.222,25.896,27.118,london,mary-barton,1,,server-3,0,1,1,3.275,2.276,4.544
least-connections-cache-off-warm100,130,1,8.6000,1.942,16.681,18.623,you,desert-gold,1,,server-1,1,1,1,3.275,2.276,2.400
least-connections-cache-off-warm100,130,1,8.6077,1.687,24.557,26.243,london,the-jungle,1,,server-2,1,1,1,1.746,4.590,2.400
least-connections-cache-off-warm100,130,1,8.6154,4.594,22.309,26.903,of,a-tale-of-two-cities,1,,server-3,1,1,2,1.746,2.429,2.400
least-connections-cache-off-warm100,130,1,8.6231,1.526,18.942,20.468,death,the-divine-comedy,1,,server-1,1,1,1,3.730,2.429,3.267
least-connections-cache-off-warm100,130,1,8.6308,3.747,19.745,23.492,of,adventures-of-huckleberry-finn,1,,server-2,1,2,1,1.985,2.429,3.267
least-connections-cache-off-warm100,130,1,8.6385,4.482,16.370,20.852,heart,the-memoirs-of-sherlock-holmes,1,,server-3,1,1,2,1.985,3.100,3.267
least-connections-cache-off-warm100,130,1,8.6462,1.129,17.944,19.073,she,the-house-of-the-seven-gables,1,,server-1,1,1,1,4.249,3.100,3.251
least-connections-cache-off-warm100,130,1,8.6538,1.351,13.667,15.018,she,the-secret-adversary,1,,server-2,1,2,1,2.241,6.356,3.251
least-connections-cache-off-warm100,130,1,8.6615,1.136,12.954,14.090,love,the-scarlet-letter,1,,server-3,1,1,1,2.241,2.688,4.656
least-connections-cache-off-warm100,130,1,8.6692,1.120,13.143,14.262,letter,the-lost-world,1,,server-1,1,0,1,4.252,3.863,2.447
least-connections-cache-off-warm100,130,1,8.6769,1.036,15.031,16.067,love,a-journey-to-the-centre-of-the-earth,1,,server-2,1,1,0,2.242,3.863,3.597
least-connections-cache-off-warm100,130,1,8.6846,1.219,18.282,19.502,she,the-odyssey,1,,server-3,0,1,1,3.485,2.045,3.597
least-connections-cache-off-warm100,130,1,8.6923,1.138,34.204,35.342,he,the-moonstone,1,,server-1,1,1,1,3.485,2.045,1.902
least-connections-cache-off-warm100,130,1,8.7000,1.703,23.392,25.095,night,the-jungle,1,,server-2,1,1,1,1.840,3.661,1.902
least-connections-cache-off-warm100,130,1,8.7077,1.339,22.625,23.965,money,oliver-twist,1,,server-3,1,1,1,1.840,1.990,4.080
least-connections-cache-off-warm100,130,1,8.7154,12.487,16.097,28.584,of,the-scarlet-letter-33,1,,server-1,2,1,1,1.840,1.990,2.167
least-connections-cache-off-warm100,130,1,8.7231,3.087,23.164,26.251,money,madame-bovary,1,,server-2,2,2,1,1.840,1.990,2.167
least-connections-cache-off-warm100,130,1,8.7308,1.402,25.815,27.217,death,great-expectations,1,,server-3,1,1,2,5.052,2.782,2.167
least-connections-cache-off-warm100,130,1,8.7385,6.112,15.870,21.982,sea,the-adventures-of-tom-sawyer-complete,1,,server-1,2,1,1,5.052,2.782,2.596
least-connections-cache-off-warm100,130,1,8.7462,3.778,17.809,21.587,of,desert-gold,1,,server-2,1,2,1,3.585,2.782,2.596
least-connections-cache-off-warm100,130,1,8.7538,4.928,11.525,16.453,the,the-jungle-book,1,,server-3,1,1,2,3.585,3.126,2.596
least-connections-cache-off-warm100,130,1,8.7615,1.128,24.666,25.793,king,mansfield-park,1,,server-1,1,1,1,4.759,3.126,3.378
least-connections-cache-off-warm100,130,1,8.7692,1.652,22.532,24.185,death,life-on-the-mississippi,1,,server-2,1,1,1,2.502,4.775,3.378
least-connections-cache-off-warm100,130,1,8.7769,1.605,24.261,25.866,letter,oliver-twist,1,,server-3,1,1,1,2.502,2.543,3.946
least-connections-cache-off-warm100,130,1,8.7846,3.437,28.279,31.717,he,desperate-remedies,1,,server-1,2,1,1,2.502,2.543,2.118
least-connections-cache-off-warm100,130,1,8.7923,1.738,13.608,15.346,he,meditations,1,,server-2,1,2,1,3.034,2.543,2.118
least-connections-cache-off-warm100,130,1,8.8000,3.438,14.583,18.022,was,white-fang,1,,server-3,1,1,2,3.034,2.803,2.118
least-connections-cache-off-warm100,130,1,8.8077,9.124,16.940,26.064,night,a-journey-to-the-centre-of-the-earth,1,,server-1,2,1,1,3.034,3.891,3.015
least-connections-cache-off-warm100,130,1,8.8154,1.725,33.182,34.907,death,the-vicomte-de-bragelonne,1,,server-2,2,1,1,3.034,3.891,3.015
least-connections-cache-off-warm100,130,1,8.8231,1.549,15.682,17.231,the,the-scarlet-letter,1,,server-3,1,1,1,4.071,2.069,4.233
least-connections-cache-off-warm100,130,1,8.8308,3.677,15.510,19.187,sea,grimms-fairy-tales,1,,server-1,2,1,1,4.071,2.069,2.248
least-connections-cache-off-warm100,130,1,8.8385,12.163,12.538,24.701,of,the-secret-adversary,1,,server-2,1,2,1,2.976,2.069,2.248
least-connections-cache-off-warm100,130,1,8.8462,1.500,18.786,20.286,king,the-scarlet-letter,1,,server-3,1,2,1,2.976,2.069,3.897
least-connections-cache-off-warm100,130,1,8.8538,1.198,14.943,16.141,the,the-adventures-of-tom-sawyer-complete,1,,server-1,1,1,1,4.356,5.000,2.065
least-connections-cache-off-warm100,130,1,8.8615,2.002,26.930,28.932,letter,great-expectations,1,,server-2,1,2,1,2.289,5.000,2.065
least-connections-cache-off-warm100,130,1,8.8692,2.048,33.214,35.262,she,north-and-south,1,,server-3,1,1,1,2.289,2.784,4.258
least-connections-cache-off-warm100,130,1,8.8769,1.133,25.319,26.452,money,oliver-twist,1,,server-1,1,1,1,3.827,2.784,2.259
least-connections-cache-off-warm100,130,1,8.8846,6.093,20.695,26.788,money,the-return-of-sherlock-holmes-108,1,,server-2,1,2,1,2.016,2.784,2.259
least-connections-cache-off-warm100,130,1,8.8923,12.755,18.129,30.884,heart,the-odyssey,1,,server-3,1,1,2,2.016,3.640,2.259
least-connections-cache-off-warm100,130,1,8.9000,3.521,13.969,17.490,death,agnes-grey,1,,server-1,2,1,2,2.016,3.640,2.259
least-connections-cache-off-warm100,130,1,8.9077,4.210,11.372,15.582,the,washington-square,1,,server-2,1,2,1,2.959,3.640,4.639
least-connections-cache-off-warm100,130,1,8.9154,8.517,12.195,20.712,letter,autobiography-of-benjamin-franklin,1,,server-3,1,1,2,2.959,3.226,4.639
least-connections-cache-off-warm100,130,1,8.9231,1.629,15.432,17.061,letter,the-scarlet-letter-33,1,,server-1,1,1,2,4.078,3.820,4.692
least-connections-cache-off-warm100,130,1,8.9308,1.627,9.407,11.034,horse,the-kama-sutra-of-vatsyayana,1,,server-2,1,1,1,2.135,3.820,3.793
least-connections-cache-off-warm100,130,1,8.9385,1.149,24.596,25.745,london,the-song-of-the-lark,1,,server-3,1,1,1,2.135,2.077,4.284
least-connections-cache-off-warm100,130,1,8.9462,1.215,25.394,26.608,he,the-iliad-2199,1,,server-1,1,0,1,3.798,2.791,2.246
least-connections-cache-off-warm100,130,1,8.9538,1.714,13.964,15.678,horse,cranford,1,,server-2,1,1,1,1.994,2.791,2.246
least-connections-cache-off-warm100,130,1,8.9615,3.135,43.688,46.823,of,villette,1,,server-3,1,1,2,1.994,1.532,2.246
least-connections-cache-off-warm100,130,1,8.9692,4.248,11.298,15.546,king,his-last-bow,1,,server-1,2,1,1,1.994,3.931,3.002
least-connections-cache-off-warm100,130,1,8.9769,1.152,15.861,17.014,you,persuasion,1,,server-2,1,1,1,3.145,3.193,3.002
least-connections-cache-off-warm100,130,1,8.9846,24.224,25.342,49.566,the,the-return-of-sherlock-holmes-108,1,,server-3,1,1,2,4.705,1.700,3.002
least-connections-cache-off-warm100,130,1,8.9923,1.466,13.806,15.271,money,cranford,1,,server-1,1,1,2,3.781,1.700,3.002
least-connections-cache-off-warm100,130,1,9.0000,1.808,17.575,19.382,he,a-journey-to-the-centre-of-the-earth,1,,server-2,1,1,2,1.992,3.600,3.002
least-connections-cache-off-warm100,130,1,9.0077,2.049,22.392,24.441,of,grimms-fairy-tales,1,,server-1,1,1,2,3.368,1.932,13.303
least-connections-cache-off-warm100,130,1,9.0154,4.805,31.500,36.305,of,the-vicomte-de-bragelonne,1,,server-2,1,2,1,1.805,1.932,6.935
least-connections-cache-off-warm100,130,1,9.0231,10.900,10.354,21.254,sea,a-princess-of-mars,1,,server-3,1,1,2,1.805,2.492,6.935
least-connections-cache-off-warm100,130,1,9.0308,2.366,17.319,19.685,money,grimms-fairy-tales,1,,server-1,2,1,2,1.805,2.492,6.935
least-connections-cache-off-warm100,130,1,9.0385,13.910,28.239,42.149,death,dracula,1,,server-2,1,2,1,2.514,2.492,6.279
least-connections-cache-off-warm100,130,1,9.0462,1.224,17.529,18.753,castle,the-return-of-sherlock-holmes,1,,server-3,1,2,1,2.514,2.492,5.630
least-connections-cache-off-warm100,130,1,9.0538,1.426,20.785,22.212,was,the-scarlet-letter-33,1,,server-1,1,1,1,4.310,4.726,2.938
least-connections-cache-off-warm100,130,1,9.0615,19.359,8.495,27.853,letter,the-jungle-book,1,,server-2,1,2,1,2.285,4.726,2.938
least-connections-cache-off-warm100,130,1,9.0692,1.064,15.635,16.699,whale,the-house-of-the-seven-gables,1,,server-3,1,2,1,2.285,4.726,4.637
least-connections-cache-off-warm100,130,1,9.0769,1.210,12.663,13.872,and,the-war-of-the-worlds,1,,server-1,1,2,1,4.729,4.726,2.429
least-connections-cache-off-warm100,130,1,9.0846,5.429,25.441,30.870,money,anne-of-green-gables,1,,server-2,1,2,1,2.479,5.711,2.429
least-connections-cache-off-warm100,130,1,9.0923,1.224,14.833,16.057,castle,poirot-investigates,1,,server-3,0,1,1,3.559,2.992,4.042
least-connections-cache-off-warm100,130,1,9.1000,1.776,24.730,26.506,horse,the-return-of-sherlock-holmes-108,1,,server-1,1,1,1,3.559,2.992,2.126
least-connections-cache-off-warm100,130,1,9.1077,8.434,20.638,29.072,heart,the-american,1,,server-2,1,2,1,1.921,2.992,2.126
least-connections-cache-off-warm100,130,1,9.1154,1.413,13.751,15.164,king,the-warden,1,,server-3,1,2,1,1.921,7.337,3.687
least-connections-cache-off-warm100,130,1,9.1231,4.048,15.052,19.099,she,washington-square,1,,server-1,2,1,1,1.921,3.871,1.990
least-connections-cache-off-warm100,130,1,9.1308,1.344,18.562,19.906,whale,the-mystery-of-edwin-drood,1,,server-3,1,1,1,2.980,3.871,3.449
least-connections-cache-off-warm100,130,1,9.1385,1.596,15.207,16.803,he,kidnapped,1,,server-2,1,1,1,2.980,5.729,1.822
least-connections-cache-off-warm100,130,1,9.1462,1.539,24.995,26.534,was,hard-times,1,,server-1,1,1,1,4.272,3.025,1.822
least-connections-cache-off-warm100,130,1,9.1538,1.257,34.215,35.471,london,the-vicomte-de-bragelonne,1,,server-3,1,1,1,2.260,3.025,4.085
least-connections-cache-off-warm100,130,1,9.1615,1.184,12.974,14.158,you,the-king-in-yellow,1,,server-2,1,1,1,2.260,4.320,2.160
least-connections-cache-off-warm100,130,1,9.1692,17.541,17.896,35.437,money,memoirs-of-fanny-hill,1,,server-3,1,1,2,2.260,2.272,2.160
least-connections-cache-off-warm100,130,1,9.1769,1.419,29.156,30.575,london,the-romance-of-lust-a-classic-victorian-erotic-novel,1,,server-1,1,0,2,5.388,3.514,2.160
least-connections-cache-off-warm100,130,1,9.1846,1.373,11.266,12.639,she,the-lost-world,1,,server-2,1,1,2,2.827,3.514,2.160
least-connections-cache-off-warm100,130,1,9.1923,12.977,12.070,25.047,horse,persuasion,1,,server-3,1,1,2,2.827,1.850,6.794
least-connections-cache-off-warm100,130,1,9.2000,1.122,11.279,12.401,castle,the-adventures-of-tom-sawyer-complete,1,,server-2,1,1,2,2.827,2.925,6.794
least-connections-cache-off-warm100,130,1,9.2077,1.449,24.150,25.599,love,the-jungle,1,,server-1,1,1,1,6.438,1.544,4.707
least-connections-cache-off-warm100,130,1,9.2154,1.794,23.135,24.929,death,the-last-of-the-mohicans-a-narrative-of-1757,1,,server-2,1,1,1,3.360,2.754,4.707
least-connections-cache-off-warm100,130,1,9.2231,1.631,16.599,18.230,and,northanger-abbey,1,,server-3,1,1,1,3.360,1.468,4.882
least-connections-cache-off-warm100,130,1,9.2308,3.481,29.354,32.835,night,tess-of-the-d-urbervilles-a-pure-woman,1,,server-1,2,1,1,3.360,1.468,2.580
least-connections-cache-off-warm100,130,1,9.2385,2.241,24.465,26.706,castle,oliver-twist,1,,server-2,1,2,1,3.386,1.468,2.580
least-connections-cache-off-warm100,130,1,9.2462,1.510,19.374,20.884,night,the-american,1,,server-3,1,1,1,3.386,2.468,4.287
least-connections-cache-off-warm100,130,1,9.2538,9.975,11.119,21.094,sea,the-lost-world,1,,server-1,2,1,1,3.386,2.468,2.256
least-connections-cache-off-warm100,130,1,9.2615,4.247,20.838,25.085,money,the-portrait-of-a-lady-volume-1,1,,server-2,2,2,1,3.756,2.468,2.256
least-connections-cache-off-warm100,130,1,9.2692,1.451,29.115,30.566,the,the-moonstone,1,,server-3,1,1,1,4.958,3.179,4.524
least-connections-cache-off-warm100,130,1,9.2769,1.523,23.793,25.316,heart,mansfield-park,1,,server-1,1,1,1,4.895,3.179,2.384
least-connections-cache-off-warm100,130,1,9.2846,2.615,12.181,14.796,you,beyond-good-and-evil,1,,server-2,1,2,1,2.577,3.179,2.384
least-connections-cache-off-warm100,130,1,9.2923,8.377,22.830,31.207,sea,the-american,1,,server-3,1,1,2,2.577,2.894,2.384
least-connections-cache-off-warm100,130,1,9.3000,1.397,21.697,23.094,horse,the-last-of-the-mohicans-a-narrative-of-1757,1,,server-2,1,1,2,2.577,3.755,6.073
least-connections-cache-off-warm100,130,1,9.3077,1.723,16.811,18.534,of,the-age-of-innocence,1,,server-1,1,1,1,5.427,1.985,3.945
least-connections-cache-off-warm100,130,1,9.3154,8.479,21.976,30.455,sea,a-tale-of-two-cities,1,,server-2,1,2,1,2.854,1.985,3.945
least-connections-cache-off-warm100,130,1,9.3231,1.762,11.693,13.456,money,northanger-abbey,1,,server-3,1,2,2,2.854,4.894,6.049
least-connections-cache-off-warm100,130,1,9.3308,1.449,22.103,23.552,letter,a-tale-of-two-cities,1,,server-1,1,1,1,4.459,3.210,3.163
least-connections-cache-off-warm100,130,1,9.3385,1.357,17.440,18.797,she,the-house-of-the-seven-gables,1,,server-3,1,1,1,2.355,3.210,3.852
least-connections-cache-off-warm100,130,1,9.3462,8.360,26.857,35.217,whale,mary-barton,1,,server-1,2,1,1,2.355,5.461,2.046
least-connections-cache-off-warm100,130,1,9.3538,1.450,12.128,13.579,castle,the-king-in-yellow,1,,server-2,2,1,1,6.933,5.461,2.046
least-connections-cache-off-warm100,130,1,9.3615,1.263,25.535,26.798,the,mansfield-park,1,,server-3,1,1,1,3.656,2.855,4.052
least-connections-cache-off-warm100,130,1,9.3692,1.375,26.837,28.211,he,oliver-twist,1,,server-2,1,1,1,3.656,3.721,2.132
least-connections-cache-off-warm100,130,1,9.3769,12.027,21.156,33.183,night,the-house-of-the-seven-gables,1,,server-3,1,1,2,3.656,1.973,2.132
least-connections-cache-off-warm100,130,1,9.3846,1.310,18.895,20.205,you,the-secret-adversary,1,,server-1,1,1,2,6.609,1.973,2.132
least-connections-cache-off-warm100,130,1,9.3923,5.836,12.789,18.625,she,memoirs-of-fanny-hill,1,,server-2,1,2,1,3.450,1.973,3.943
least-connections-cache-off-warm100,130,1,9.4000,10.384,13.446,23.830,death,a-journey-to-the-centre-of-the-earth,1,,server-3,1,1,2,3.450,3.357,3.943
least-connections-cache-off-warm100,130,1,9.4077,1.280,10.512,11.792,money,the-wind-in-the-willows,1,,server-1,1,1,2,5.181,3.357,3.943
least-connections-cache-off-warm100,130,1,9.4154,1.371,20.674,22.045,night,a-tale-of-two-cities,1,,server-2,1,1,1,2.717,4.137,4.235
least-connections-cache-off-warm100,130,1,9.4231,1.703,14.075,15.778,king,dubliners,1,,server-1,1,1,1,3.374,2.182,4.235
least-connections-cache-off-warm100,130,1,9.4308,1.340,9.303,10.643,love,the-prince,1,,server-3,1,1,1,1.786,2.182,4.803
least-connections-cache-off-warm100,130,1,9.4385,1.422,22.599,24.021,letter,madame-bovary,1,,server-2,1,1,1,1.786,4.655,2.516
least-connections-cache-off-warm100,130,1,9.4462,1.284,17.768,19.052,castle,the-works-of-edgar-allan-poe-volume-2,1,,server-3,0,1,1,3.372,2.439,3.055
least-connections-cache-off-warm100,130,1,9.4538,1.411,26.368,27.779,castle,jude-the-obscure,1,,server-1,1,1,1,3.372,2.439,1.630
least-connections-cache-off-warm100,130,1,9.4615,1.459,11.103,12.562,he,cranford,1,,server-2,1,2,1,1.818,2.439,1.630
least-connections-cache-off-warm100,130,1,9.4692,1.253,14.640,15.893,night,the-scarlet-letter,1,,server-3,1,1,1,1.818,2.662,3.838
least-connections-cache-off-warm100,130,1,9.4769,1.311,13.105,14.417,letter,the-scarlet-letter-33,1,,server-2,1,1,1,1.818,3.420,2.021
least-connections-cache-off-warm100,130,1,9.4846,1.367,13.376,14.744,of,the-kama-sutra-of-vatsyayana,1,,server-1,1,1,1,5.339,1.813,2.021
least-connections-cache-off-warm100,130,1,9.4923,1.212,14.358,15.570,money,frankenstein-or-the-modern-prometheus-41445,1,,server-2,1,1,0,2.810,3.220,3.556
least-connections-cache-off-warm100,130,1,9.5000,1.559,19.311,20.870,was,the-age-of-innocence,1,,server-3,0,1,1,3.888,1.718,3.556
least-connections-cache-off-warm100,130,1,9.5077,1.808,16.883,18.690,london,black-beauty,1,,server-1,1,1,1,3.888,3.374,1.917
least-connections-cache-off-warm100,130,1,9.5154,1.622,13.877,15.500,horse,the-wind-in-the-willows,1,,server-2,1,1,1,2.094,3.374,1.917
least-connections-cache-off-warm100,130,1,9.5231,1.004,24.127,25.131,heart,emma,1,,server-3,1,1,1,2.094,1.794,4.237
least-connections-cache-off-warm100,130,1,9.5308,1.357,15.086,16.444,horse,the-secret-garden-17396,1,,server-1,1,1,1,3.956,4.108,2.230
least-connections-cache-off-warm100,130,1,9.5385,1.279,30.593,31.871,heart,little-women,1,,server-2,1,1,1,2.095,3.326,2.230
least-connections-cache-off-warm100,130,1,9.5462,2.732,35.633,38.364,whale,the-vicomte-de-bragelonne,1,,server-3,1,1,2,2.095,1.769,2.230
least-connections-cache-off-warm100,130,1,9.5538,1.456,15.219,16.675,house,autobiography-of-benjamin-franklin,1,,server-1,1,1,1,3.722,1.769,2.935
least-connections-cache-off-warm100,130,1,9.5615,8.974,13.777,22.751,house,the-secret-garden-17396,1,,server-2,1,2,1,1.984,1.769,2.935
least-connections-cache-off-warm100,130,1,9.5692,14.929,34.211,49.139,heart,the-moonstone,1,,server-3,1,2,2,1.984,2.487,2.935
least-connections-cache-off-warm100,130,1,9.5769,1.488,11.177,12.664,king,the-hound-of-the-baskervilles,1,,server-1,1,1,2,3.655,4.468,2.935
least-connections-cache-off-warm100,130,1,9.5846,1.931,22.838,24.769,she,grimms-fairy-tales,1,,server-2,1,2,2,1.937,4.988,5.921
least-connections-cache-off-warm100,130,1,9.5923,1.586,28.194,29.780,king,the-iliad-2199,1,,server-1,1,1,1,2.983,2.642,5.921
least-connections-cache-off-warm100,130,1,9.6000,9.198,14.606,23.803,was,the-wind-in-the-willows,1,,server-2,1,2,1,1.615,2.642,5.921
least-connections-cache-off-warm100,130,1,9.6077,11.122,12.343,23.465,death,the-warden,1,,server-3,1,2,2,1.615,3.176,5.921
least-connections-cache-off-warm100,130,1,9.6154,7.287,23.480,30.767,heart,the-portrait-of-a-lady-volume-1,1,,server-1,2,1,2,1.615,4.498,5.921
least-connections-cache-off-warm100,130,1,9.6231,1.438,14.970,16.408,heart,cranford,1,,server-2,1,2,1,3.469,4.498,5.746
least-connections-cache-off-warm100,130,1,9.6308,1.475,11.052,12.527,was,treasure-island,1,,server-3,1,1,2,3.469,2.714,6.975
least-connections-cache-off-warm100,130,1,9.6385,7.967,26.293,34.260,letter,the-adventures-of-ferdinand-count-fathom-complete,1,,server-1,2,1,1,3.469,2.714,2.934
least-connections-cache-off-warm100,130,1,9.6462,1.551,26.406,27.956,heart,the-jungle,1,,server-2,2,1,0,5.208,4.086,3.611
least-connections-cache-off-warm100,130,1,9.6538,1.476,13.180,14.657,horse,persuasion,1,,server-3,1,1,1,4.202,2.174,3.611
least-connections-cache-off-warm100,130,1,9.6615,11.663,11.693,23.356,death,the-picture-of-dorian-gray,1,,server-1,2,1,1,4.202,2.174,1.912
least-connections-cache-off-warm100,130,1,9.6692,1.088,15.296,16.384,you,the-works-of-edgar-allan-poe-volume-2,1,,server-3,2,1,1,4.202,2.174,3.285
least-connections-cache-off-warm100,130,1,9.6769,1.399,32.769,34.168,you,mary-barton,1,,server-2,1,1,1,4.593,5.592,1.761
least-connections-cache-off-warm100,130,1,9.6846,2.102,16.854,18.956,and,silas-marner,1,,server-3,1,1,2,5.917,2.927,1.761
least-connections-cache-off-warm100,130,1,9.6923,1.486,18.201,19.687,was,the-age-of-innocence,1,,server-1,1,1,1,4.748,2.927,1.894
least-connections-cache-off-warm100,130,1,9.7000,11.840,21.593,33.433,house,the-house-of-mirth,1,,server-2,1,2,1,2.494,2.927,1.894
least-connections-cache-off-warm100,130,1,9.7077,2.388,29.485,31.874,king,oliver-twist,1,,server-3,1,2,1,2.494,2.927,3.856
least-connections-cache-off-warm100,130,1,9.7154,1.373,12.731,14.104,king,the-secret-adversary,1,,server-1,1,1,1,4.462,5.027,2.073
least-connections-cache-off-warm100,130,1,9.7231,10.488,22.272,32.761,horse,the-jungle,1,,server-2,1,2,1,2.347,5.027,2.073
least-connections-cache-off-warm100,130,1,9.7308,1.330,22.337,23.667,heart,the-last-of-the-mohicans-a-narrative-of-1757,1,,server-1,1,2,1,3.495,5.027,2.073
least-connections-cache-off-warm100,130,1,9.7385,17.939,10.751,28.690,he,the-hound-of-the-baskervilles-3070,1,,server-2,1,2,1,1.864,4.701,2.073
least-connections-cache-off-warm100,130,1,9.7462,1.303,19.738,21.041,letter,the-odyssey,1,,server-3,1,2,1,1.864,4.701,5.990
least-connections-cache-off-warm100,130,1,9.7538,1.565,33.017,34.583,king,the-innocents-abroad,1,,server-1,2,2,1,5.873,4.701,3.131
least-connections-cache-off-warm100,130,1,9.7615,6.245,25.044,31.289,sea,oliver-twist,1,,server-2,1,2,1,2.481,5.065,3.131
least-connections-cache-off-warm100,130,1,9.7692,1.365,12.451,13.817,sea,the-adventures-of-tom-sawyer-complete,1,,server-3,1,1,1,2.481,3.037,5.099
least-connections-cache-off-warm100,130,1,9.7769,12.121,13.157,25.278,death,the-scarlet-letter-33,1,,server-1,2,1,1,2.481,3.037,2.681
least-connections-cache-off-warm100,130,1,9.7846,1.219,14.090,15.308,castle,desert-gold,1,,server-3,2,1,1,2.481,3.037,3.652
least-connections-cache-off-warm100,130,1,9.7923,10.389,9.550,19.939,of,the-jungle-book,1,,server-1,2,1,1,4.933,3.037,1.921
least-connections-cache-off-warm100,130,1,9.8000,1.214,16.388,17.602,sea,washington-square,1,,server-2,2,1,0,4.933,5.937,3.439
least-connections-cache-off-warm100,130,1,9.8077,1.738,23.468,25.205,whale,desperate-remedies,1,,server-3,1,1,1,3.738,3.111,3.439
least-connections-cache-off-warm100,130,1,9.8154,1.064,30.576,31.640,you,little-women,1,,server-1,1,1,1,3.876,3.111,1.873
least-connections-cache-off-warm100,130,1,9.8231,1.227,15.557,16.785,horse,the-scarlet-letter,1,,server-2,1,1,1,2.048,4.576,1.873
least-connections-cache-off-warm100,130,1,9.8308,2.617,9.483,12.100,he,his-last-bow,1,,server-3,1,1,2,2.048,2.415,1.873
least-connections-cache-off-warm100,130,1,9.8385,9.206,24.033,33.239,love,walden-and-on-the-duty-of-civil-disobedience,1,,server-1,2,1,1,2.048,2.415,2.734
least-connections-cache-off-warm100,130,1,9.8462,1.335,29.883,31.218,horse,desperate-remedies,1,,server-2,2,1,0,2.048,3.980,3.226
least-connections-cache-off-warm100,130,1,9.8538,1.456,27.795,29.251,london,the-tenant-of-wildfell-hall,1,,server-3,1,1,1,4.040,2.107,3.226
least-connections-cache-off-warm100,130,1,9.8615,10.815,16.410,27.225,you,desert-gold,1,,server-1,2,1,1,4.040,2.107,1.740
least-connections-cache-off-warm100,130,1,9.8692,8.853,17.569,26.422,of,a-connecticut-yankee-in-king-arthur-s-court,1,,server-2,2,2,1,4.040,2.107,1.740
least-connections-cache-off-warm100,130,1,9.8769,6.637,29.596,36.233,the,jane-eyre-an-autobiography,1,,server-3,1,2,2,4.287,7.563,1.740
least-connections-cache-off-warm100,130,1,9.8846,4.855,11.447,16.302,london,dubliners,1,,server-1,2,1,1,4.287,3.935,3.421
least-connections-cache-off-warm100,130,1,9.8923,3.815,14.237,18.052,horse,the-secret-adversary,1,,server-2,1,2,1,3.168,3.935,3.421
least-connections-cache-off-warm100,130,1,9.9000,13.876,26.045,39.920,the,the-iliad-2199,1,,server-3,1,1,2,3.168,3.037,3.421
least-connections-cache-off-warm100,130,1,9.9077,1.097,15.660,16.757,he,agnes-grey,1,,server-1,1,1,2,3.811,3.037,3.421
least-connections-cache-off-warm100,130,1,9.9154,1.704,12.008,13.712,you,poirot-investigates,1,,server-2,1,1,1,2.023,4.213,4.906
least-connections-cache-off-warm100,130,1,9.9231,17.555,11.187,28.743,and,frankenstein-or-the-modern-prometheus-41445,1,,server-3,1,1,2,2.023,2.275,4.906
least-connections-cache-off-warm100,130,1,9.9308,1.435,9.365,10.800,you,the-great-gatsby,1,,server-1,1,0,2,3.780,3.319,4.906
least-connections-cache-off-warm100,130,1,9.9385,1.689,22.347,24.037,love,thus-spake-zarathustra-a-book-for-all-and-none,1,,server-2,1,1,2,2.031,3.319,4.906
least-connections-cache-off-warm100,130,1,9.9462,1.774,11.519,13.292,she,his-last-bow,1,,server-1,1,1,1,2.762,1.798,5.463
least-connections-cache-off-warm100,130,1,9.9538,1.097,15.679,16.776,london,hard-times,1,,server-3,1,1,1,1.476,1.798,5.236
least-connections-cache-off-warm100,130,1,9.9615,1.398,14.585,15.983,money,the-secret-garden,1,,server-1,1,1,1,2.732,1.798,2.747
least-connections-cache-off-warm100,130,1,9.9692,1.653,31.485,33.138,sea,the-innocents-abroad,1,,server-2,1,1,1,1.458,4.653,2.747
least-connections-cache-off-warm100,130,1,9.9769,1.400,12.551,13.951,house,a-princess-of-mars,1,,server-3,1,1,1,1.458,2.459,4.222
least-connections-cache-off-warm100,130,1,9.9846,1.375,13.862,15.237,london,the-secret-garden-17396,1,,server-1,1,1,1,3.221,2.459,2.224
least-connections-cache-off-warm100,130,1,9.9923,1.216,12.358,13.574,heart,a-princess-of-mars,1,,server-3,1,1,1,1.728,2.459,3.390
least-connections-cache-off-warm100,130,1,10.0000,1.420,17.174,18.595,and,the-adventures-of-sherlock-holmes,1,,server-1,1,1,1,3.266,2.459,1.796
least-connections-cache-off-warm100,130,1,10.0077,1.566,35.592,37.157,night,the-iliad,1,,server-2,1,1,0,1.737,6.556,3.076
least-connections-cache-off-warm100,130,1,10.0154,1.379,9.923,11.302,heart,the-kama-sutra-of-vatsyayana,1,,server-3,1,1,1,1.737,3.465,3.076
least-connections-cache-off-warm100,130,1,10.0231,1.303,17.260,18.564,horse,anne-of-green-gables,1,,server-1,1,1,1,3.815,3.465,1.645
least-connections-cache-off-warm100,130,1,10.0308,1.212,16.597,17.809,money,the-house-of-the-seven-gables,1,,server-3,1,1,1,2.028,3.465,2.592
least-connections-cache-off-warm100,130,1,10.0385,4.003,31.415,35.418,the,north-and-south,1,,server-1,2,1,1,2.028,3.465,1.385
least-connections-cache-off-warm100,130,1,10.0462,2.045,24.320,26.365,she,the-return-of-sherlock-holmes-108,1,,server-2,1,1,1,2.422,7.862,1.385
least-connections-cache-off-warm100,130,1,10.0538,1.570,30.273,31.843,death,the-vicomte-de-bragelonne,1,,server-3,1,1,1,2.422,4.095,3.484
least-connections-cache-off-warm100,130,1,10.0615,13.082,10.766,23.848,death,the-prince,1,,server-1,2,1,1,2.422,4.095,1.844
least-connections-cache-off-warm100,130,1,10.0692,3.855,13.822,17.677,of,the-mysterious-affair-at-styles,1,,server-2,2,2,1,2.422,4.095,1.844
least-connections-cache-off-warm100,130,1,10.0769,9.377,11.611,20.989,he,meditations,1,,server-3,1,1,2,4.923,3.630,1.844
least-connections-cache-off-warm100,130,1,10.0846,1.566,15.415,16.982,was,autobiography-of-benjamin-franklin,1,,server-1,2,1,2,4.923,3.630,1.844
least-connections-cache-off-warm100,130,1,10.0923,1.211,25.312,26.523,was,mansfield-park,1,,server-2,1,1,1,2.536,4.534,3.939
least-connections-cache-off-warm100,130,1,10.1000,1.648,24.611,26.259,king,pride-and-prejudice,1,,server-3,1,1,1,2.536,2.382,4.310
least-connections-cache-off-warm100,130,1,10.1077,1.243,38.520,39.764,letter,the-romance-of-lust-a-classic-victorian-erotic-novel,1,,server-1,1,1,1,4.000,2.382,2.300
least-connections-cache-off-warm100,130,1,10.1154,4.061,31.255,35.316,house,the-moonstone,1,,server-2,1,2,1,2.121,2.382,2.300
least-connections-cache-off-warm100,130,1,10.1231,3.720,11.919,15.640,money,the-prince,1,,server-3,1,1,2,2.121,3.200,2.300
least-connections-cache-off-warm100,130,1,10.1308,17.159,28.658,45.817,and,mansfield-park,1,,server-1,2,1,1,2.121,3.200,3.049
least-connections-cache-off-warm100,130,1,10.1385,13.121,24.158,37.279,king,walden-and-on-the-duty-of-civil-disobedience,1,,server-2,2,2,1,2.121,3.200,4.735
least-connections-cache-off-warm100,130,1,10.1462,1.155,18.720,19.875,king,adventures-of-huckleberry-finn,1,,server-3,2,2,1,2.121,3.200,3.806
least-connections-cache-off-warm100,130,1,10.1538,23.629,15.213,38.842,heart,dubliners,1,,server-1,2,1,1,5.513,5.213,2.020
least-connections-cache-off-warm100,130,1,10.1615,14.362,19.707,34.070,castle,the-mystery-of-edwin-drood,1,,server-2,2,2,1,5.513,5.213,2.020
least-connections-cache-off-warm100,130,1,10.1692,1.362,27.696,29.058,she,the-mysterious-island,1,,server-3,2,2,1,5.513,5.213,4.255
least-connections-cache-off-warm100,130,1,10.1769,1.666,26.705,28.371,sea,grimms-fairy-tales,1,,server-1,2,1,1,8.049,5.377,2.215
least-connections-cache-off-warm100,130,1,10.1846,11.566,16.539,28.106,and,the-memoirs-of-sherlock-holmes,1,,server-2,2,2,1,3.586,5.377,2.215
least-connections-cache-off-warm100,130,1,10.1923,5.739,24.467,30.206,love,dracula,1,,server-3,2,2,2,4.496,5.377,2.215
least-connections-cache-off-warm100,130,1,10.2000,12.848,13.097,25.945,heart,the-scarlet-letter,1,,server-2,2,2,1,4.496,4.444,3.427
least-connections-cache-off-warm100,130,1,10.2077,1.941,13.005,14.947,london,persuasion,1,,server-1,1,2,1,6.981,4.444,3.427
least-connections-cache-off-warm100,130,1,10.2154,11.517,25.861,37.378,london,dracula,1,,server-2,1,2,1,3.712,4.232,3.427
least-connections-cache-off-warm100,130,1,10.2231,1.392,18.327,19.719,castle,the-portrait-of-a-lady-volume-1,1,,server-3,1,2,2,4.371,4.232,6.063
least-connections-cache-off-warm100,130,1,10.2308,1.411,25.512,26.923,he,the-tenant-of-wildfell-hall,1,,server-1,1,1,1,4.371,3.822,3.149
least-connections-cache-off-warm100,130,1,10.2385,14.842,11.508,26.350,was,beyond-good-and-evil,1,,server-2,1,2,1,2.318,3.822,3.149
least-connections-cache-off-warm100,130,1,10.2462,1.239,21.990,23.229,death,the-house-of-mirth,1,,server-3,1,2,1,2.318,3.822,4.889
least-connections-cache-off-warm100,130,1,10.2538,4.373,16.573,20.947,you,desert-gold,1,,server-1,2,1,1,2.318,4.859,2.574
least-connections-cache-off-warm100,130,1,10.2615,3.794,17.173,20.967,horse,northanger-abbey,1,,server-2,1,2,1,3.300,4.859,2.574
least-connections-cache-off-warm100,130,1,10.2692,1.209,25.953,27.161,whale,the-portrait-of-a-lady-volume-1,1,,server-3,1,1,2,3.300,2.913,5.130
least-connections-cache-off-warm100,130,1,10.2769,1.181,11.770,12.951,horse,the-great-gatsby,1,,server-1,1,1,1,4.732,2.913,2.697
least-connections-cache-off-warm100,130,1,10.2846,1.115,24.935,26.049,castle,walden-and-on-the-duty-of-civil-disobedience,1,,server-2,1,1,1,2.489,4.570,2.697
least-connections-cache-off-warm100,130,1,10.2923,1.063,28.316,29.379,he,the-last-of-the-mohicans-a-narrative-of-1757,1,,server-1,1,1,1,3.442,2.406,2.697
least-connections-cache-off-warm100,130,1,10.3000,1.399,11.528,12.927,he,dubliners,1,,server-3,1,1,1,1.838,2.406,5.823
least-connections-cache-off-warm100,130,1,10.3077,14.679,19.912,34.591,king,the-last-of-the-mohicans-a-narrative-of-1757-27681,1,,server-1,2,1,1,1.838,2.406,3.069
least-connections-cache-off-warm100,130,1,10.3154,1.619,13.483,15.102,money,poirot-investigates,1,,server-2,2,1,0,1.838,5.472,3.777
least-connections-cache-off-warm100,130,1,10.3231,1.156,12.114,13.269,castle,the-warden,1,,server-3,1,1,1,4.328,2.944,3.777
least-connections-cache-off-warm100,130,1,10.3308,1.213,9.802,11.016,horse,the-wind-in-the-willows,1,,server-2,1,1,1,4.328,3.956,2.007
least-connections-cache-off-warm100,130,1,10.3385,1.544,24.682,26.227,you,the-song-of-the-lark,1,,server-3,1,1,1,4.328,2.108,3.187
least-connections-cache-off-warm100,130,1,10.3462,1.468,16.070,17.537,king,cranford,1,,server-1,1,0,1,5.927,2.872,1.693
least-connections-cache-off-warm100,130,1,10.3538,1.278,22.403,23.681,king,the-jungle,1,,server-2,1,1,1,3.121,2.872,1.693
least-connections-cache-off-warm100,130,1,10.3615,3.744,16.545,20.289,money,northanger-abbey,1,,server-3,1,1,2,3.121,1.538,1.693
least-connections-cache-off-warm100,130,1,10.3692,1.412,15.326,16.738,night,a-princess-of-mars,1,,server-1,1,1,1,4.531,1.538,2.888
least-connections-cache-off-warm100,130,1,10.3769,1.521,24.899,26.419,love,the-odyssey,1,,server-2,1,2,1,2.383,1.538,2.888
least-connections-cache-off-warm100,130,1,10.3846,1.146,24.854,26.000,night,mary-barton,1,,server-3,1,1,1,2.383,2.410,4.439
least-connections-cache-off-warm100,130,1,10.3923,1.581,16.369,17.950,he,the-scarlet-letter,1,,server-1,1,1,1,3.915,2.410,2.339
least-connections-cache-off-warm100,130,1,10.4000,3.994,12.886,16.881,sea,frankenstein-or-the-modern-prometheus-41445,1,,server-2,1,2,1,2.086,2.410,2.339
least-connections-cache-off-warm100,130,1,10.4077,3.867,16.177,20.044,he,myths-and-legends-of-ancient-greece-and-rome,1,,server-3,1,1,2,2.086,3.188,2.339
least-connections-cache-off-warm100,130,1,10.4154,1.225,16.723,17.947,death,the-age-of-innocence,1,,server-1,1,1,1,3.863,3.188,3.210
least-connections-cache-off-warm100,130,1,10.4231,1.267,23.861,25.129,and,jude-the-obscure,1,,server-2,1,1,1,2.046,4.048,3.210
least-connections-cache-off-warm100,130,1,10.4308,1.608,17.208,18.815,she,memoirs-of-fanny-hill,1,,server-3,1,1,1,2.046,2.153,4.605
least-connections-cache-off-warm100,130,1,10.4385,1.258,11.281,12.539,sea,the-kama-sutra-of-vatsyayana,1,,server-1,1,1,1,3.957,2.153,2.421
least-connections-cache-off-warm100,130,1,10.4462,2.784,10.279,13.064,she,black-beauty,1,,server-2,1,2,1,2.104,2.153,2.421
least-connections-cache-off-warm100,130,1,10.4538,1.295,13.170,14.466,of,the-secret-garden,1,,server-3,0,1,1,3.130,2.909,4.278
least-connections-cache-off-warm100,130,1,10.4615,1.002,19.253,20.254,whale,madame-bovary,1,,server-1,1,0,1,3.130,3.462,2.306
least-connections-cache-off-warm100,130,1,10.4692,1.119,15.333,16.452,king,the-mystery-of-edwin-drood,1,,server-2,1,1,0,1.666,3.462,3.549
least-connections-cache-off-warm100,130,1,10.4769,1.264,20.204,21.468,money,wuthering-heights,1,,server-3,1,1,1,1.666,1.849,3.549
least-connections-cache-off-warm100,130,1,10.4846,1.235,15.654,16.888,night,a-journey-to-the-centre-of-the-earth,1,,server-1,1,1,1,4.107,1.849,1.895
least-connections-cache-off-warm100,130,1,10.4923,1.350,9.582,10.933,london,the-war-of-the-worlds,1,,server-2,1,1,1,2.175,3.597,1.895
least-connections-cache-off-warm100,130,1,10.5000,1.749,12.157,13.906,night,treasure-island,1,,server-3,1,1,1,2.175,1.919,4.396
least-connections-cache-off-warm100,130,1,10.5077,1.418,16.793,18.211,of,silas-marner,1,,server-1,1,0,1,3.832,2.731,2.346
least-connections-cache-off-warm100,130,1,10.5154,1.555,35.071,36.626,whale,the-vicomte-de-bragelonne,1,,server-2,1,1,0,2.046,2.731,3.414
least-connections-cache-off-warm100,130,1,10.5231,2.508,27.548,30.056,heart,mary-barton,1,,server-3,1,1,1,2.046,1.498,3.414
least-connections-cache-off-warm100,130,1,10.5308,1.897,11.814,13.711,night,a-princess-of-mars,1,,server-1,1,1,1,3.939,1.498,1.880
least-connections-cache-off-warm100,130,1,10.5385,13.705,17.104,30.809,night,autobiography-of-benjamin-franklin,1,,server-2,1,2,1,2.105,1.498,1.880
least-connections-cache-off-warm100,130,1,10.5462,1.194,16.599,17.793,heart,the-mystery-of-edwin-drood,1,,server-1,1,2,1,3.183,1.498,1.880
least-connections-cache-off-warm100,130,1,10.5538,1.579,19.750,21.329,whale,the-memoirs-of-sherlock-holmes,1,,server-3,1,1,1,1.692,5.238,5.492
least-connections-cache-off-warm100,130,1,10.5615,2.981,24.025,27.006,house,the-return-of-sherlock-holmes-108,1,,server-1,2,1,1,1.692,5.238,2.874
least-connections-cache-off-warm100,130,1,10.5692,1.529,17.561,19.090,she,the-secret-garden,1,,server-2,1,2,1,2.146,6.071,2.874
least-connections-cache-off-warm100,130,1,10.5769,1.637,14.216,15.853,he,persuasion,1,,server-3,1,1,1,2.146,3.163,4.948
least-connections-cache-off-warm100,130,1,10.5846,4.869,27.130,31.999,he,thus-spake-zarathustra-a-book-for-all-and-none,1,,server-1,2,1,1,2.146,3.163,2.611
least-connections-cache-off-warm100,130,1,10.5923,1.484,39.136,40.620,he,the-iliad,1,,server-2,1,1,1,3.149,4.794,2.611
least-connections-cache-off-warm100,130,1,10.6000,2.169,16.294,18.463,and,desert-gold,1,,server-3,1,1,1,3.149,2.515,3.914
least-connections-cache-off-warm100,130,1,10.6077,9.883,10.108,19.991,love,the-wind-in-the-willows,1,,server-1,2,1,1,3.149,2.515,2.120
least-connections-cache-off-warm100,130,1,10.6154,17.964,16.108,34.071,love,the-picture-of-dorian-gray,1,,server-2,2,2,1,3.149,2.515,2.120
least-connections-cache-off-warm100,130,1,10.6231,1.729,13.719,15.449,london,the-picture-of-dorian-gray,1,,server-3,1,2,1,4.369,2.515,3.877
least-connections-cache-off-warm100,130,1,10.6308,2.033,37.837,39.870,castle,dracula,1,,server-1,1,2,1,4.345,2.515,2.064
least-connections-cache-off-warm100,130,1,10.6385,11.586,27.841,39.427,and,the-song-of-the-lark,1,,server-2,1,2,1,2.328,5.767,3.446
least-connections-cache-off-warm100,130,1,10.6462,1.321,12.032,13.352,king,meditations,1,,server-3,1,2,1,2.328,5.767,3.446
least-connections-cache-off-warm100,130,1,10.6538,19.684,14.894,34.578,whale,myths-and-legends-of-ancient-greece-and-rome,1,,server-1,2,1,1,2.328,4.256,1.832
least-connections-cache-off-warm100,130,1,10.6615,1.389,22.992,24.381,death,desperate-remedies,1,,server-3,2,1,1,2.328,4.256,3.043
least-connections-cache-off-warm100,130,1,10.6692,9.051,15.369,24.420,sea,the-scarlet-letter-33,1,,server-2,2,2,1,2.328,4.256,1.631
least-connections-cache-off-warm100,130,1,10.6769,9.601,14.383,23.984,the,around-the-world-in-eighty-days,1,,server-3,1,2,2,5.957,4.256,1.631
least-connections-cache-off-warm100,130,1,10.6846,4.524,14.869,19.393,and,black-beauty,1,,server-1,2,1,2,5.957,4.926,1.631
least-connections-cache-off-warm100,130,1,10.6923,1.948,11.300,13.248,house,treasure-island,1,,server-2,1,2,1,3.548,4.926,3.272
least-connections-cache-off-warm100,130,1,10.7000,1.367,13.406,14.773,money,the-adventures-of-tom-sawyer-complete,1,,server-3,1,1,2,3.548,2.969,3.272
least-connections-cache-off-warm100,130,1,10.7077,1.309,14.791,16.100,night,the-scarlet-letter-33,1,,server-1,1,0,1,4.630,3.652,2.298
least-connections-cache-off-warm100,130,1,10.7154,1.369,19.781,21.150,night,hard-times,1,,server-2,1,1,0,2.435,3.652,3.561
least-connections-cache-off-warm100,130,1,10.7231,1.351,19.169,20.520,he,the-odyssey,1,,server-3,1,1,1,2.435,1.944,3.561
least-connections-cache-off-warm100,130,1,10.7308,1.288,12.769,14.057,love,the-hound-of-the-baskervilles,1,,server-1,1,1,1,3.891,1.944,1.878
least-connections-cache-off-warm100,130,1,10.7385,1.217,30.049,31.266,she,the-iliad,1,,server-2,1,1,1,2.058,4.385,1.878
least-connections-cache-off-warm100,130,1,10.7462,1.309,15.475,16.784,of,anne-of-green-gables,1,,server-3,0,1,1,3.318,2.306,4.224
least-connections-cache-off-warm100,130,1,10.7538,1.468,30.047,31.515,house,the-adventures-of-ferdinand-count-fathom-complete,1,,server-1,1,1,1,3.318,2.306,2.215
least-connections-cache-off-warm100,130,1,10.7615,8.872,23.052,31.924,love,tess-of-the-d-urbervilles-a-pure-woman,1,,server-2,1,2,1,1.770,2.306,2.215
least-connections-cache-off-warm100,130,1,10.7692,1.407,23.079,24.486,house,oliver-twist,1,,server-3,1,2,1,1.770,2.306,3.829
least-connections-cache-off-warm100,130,1,10.7769,9.066,16.799,25.865,love,the-king-in-yellow,1,,server-1,2,1,1,1.770,4.000,2.016
least-connections-cache-off-warm100,130,1,10.7846,9.689,20.631,30.319,whale,life-on-the-mississippi,1,,server-2,2,2,1,1.770,4.000,2.016
least-connections-cache-off-warm100,130,1,10.7923,2.410,15.093,17.503,london,a-princess-of-mars,1,,server-3,1,2,2,3.897,4.000,2.016
least-connections-cache-off-warm100,130,1,10.8000,3.560,12.264,15.824,love,beyond-good-and-evil,1,,server-1,2,1,1,3.897,4.300,2.728
least-connections-cache-off-warm100,130,1,10.8077,7.821,14.189,22.010,death,the-warden,1,,server-2,1,2,1,2.929,4.300,2.728
least-connections-cache-off-warm100,130,1,10.8154,1.198,21.483,22.681,and,sense-and-sensibility,1,,server-3,1,2,1,4.636,3.997,4.149
least-connections-cache-off-warm100,130,1,10.8231,1.148,18.852,20.000,money,sense-and-sensibility,1,,server-1,1,1,1,3.718,3.997,2.190
least-connections-cache-off-warm100,130,1,10.8308,1.532,19.392,20.924,heart,pride-and-prejudice,1,,server-2,1,1,1,1.995,4.776,2.190
least-connections-cache-off-warm100,130,1,10.8385,1.351,23.330,24.681,letter,adventures-of-huckleberry-finn,1,,server-3,1,1,1,1.995,2.534,4.793
least-connections-cache-off-warm100,130,1,10.8462,1.279,12.780,14.059,money,northanger-abbey,1,,server-1,1,1,1,4.240,2.534,2.517
least-connections-cache-off-warm100,130,1,10.8538,1.281,11.971,13.252,he,the-first-men-in-the-moon,1,,server-2,1,1,1,2.233,4.686,2.517
least-connections-cache-off-warm100,130,1,10.8615,1.217,18.187,19.403,she,the-mystery-of-edwin-drood,1,,server-1,1,1,1,3.434,2.462,2.517
least-connections-cache-off-warm100,130,1,10.8692,1.245,21.973,23.218,the,the-american,1,,server-2,1,1,0,1.824,3.439,5.306
least-connections-cache-off-warm100,130,1,10.8769,1.482,31.071,32.553,the,the-innocents-abroad,1,,server-3,1,1,1,1.824,1.827,5.306
least-connections-cache-off-warm100,130,1,10.8846,2.022,15.816,17.839,heart,the-scarlet-letter,1,,server-1,1,1,1,4.045,1.827,2.798
least-connections-cache-off-warm100,130,1,10.8923,1.395,25.179,26.574,the,the-song-of-the-lark,1,,server-2,1,2,1,2.194,4.626,2.798
least-connections-cache-off-warm100,130,1,10.9000,9.679,17.199,26.878,of,the-king-in-yellow,1,,server-3,1,1,2,2.194,2.434,2.798
least-connections-cache-off-warm100,130,1,10.9077,1.266,22.549,23.815,sea,leaves-of-grass,1,,server-1,1,1,2,3.872,2.434,3.325
least-connections-cache-off-warm100,130,1,10.9154,4.069,10.275,14.343,of,the-wind-in-the-willows,1,,server-2,1,2,1,2.057,2.434,4.991
least-connections-cache-off-warm100,130,1,10.9231,4.346,17.243,21.589,he,hard-times,1,,server-3,1,1,2,2.057,3.172,4.991
least-connections-cache-off-warm100,130,1,10.9308,1.315,27.913,29.228,you,the-iliad,1,,server-2,1,1,1,2.057,3.628,3.495
least-connections-cache-off-warm100,130,1,10.9385,1.327,18.198,19.525,he,twenty-thousand-leagues-under-the-sea,1,,server-1,1,1,1,4.884,1.930,3.495
least-connections-cache-off-warm100,130,1,10.9462,1.192,15.823,17.016,death,a-journey-to-the-centre-of-the-earth,1,,server-3,1,1,1,2.572,1.930,4.949
least-connections-cache-off-warm100,130,1,10.9538,4.890,20.708,25.599,the,wuthering-heights,1,,server-1,2,1,1,2.572,1.930,2.603
least-connections-cache-off-warm100,130,1,10.9615,1.742,22.067,23.808,king,the-jungle,1,,server-2,1,1,1,2.768,5.632,2.603
least-connections-cache-off-warm100,130,1,10.9692,1.388,16.549,17.937,of,walden-and-on-the-duty-of-civil-disobedience,1,,server-3,1,1,1,2.768,2.976,4.156
least-connections-cache-off-warm100,130,1,10.9769,3.088,12.044,15.132,sea,herland,1,,server-1,2,1,1,2.768,2.976,2.189
least-connections-cache-off-warm100,130,1,10.9846,1.627,21.059,22.686,you,adventures-of-huckleberry-finn,1,,server-2,1,2,1,2.831,6.648,2.189
least-connections-cache-off-warm100,130,1,10.9923,1.105,36.594,37.699,whale,little-women,1,,server-3,0,1,1,3.687,2.850,4.007
least-connections-cache-off-warm100,130,1,11.0000,1.387,31.787,33.174,letter,the-innocents-abroad,1,,server-1,1,1,1,3.687,2.850,2.117
least-connections-cache-off-warm100,130,1,11.0077,1.350,10.261,11.611,of,beyond-good-and-evil,1,,server-2,1,1,1,1.977,5.099,2.117
least-connections-cache-off-warm100,130,1,11.0154,15.158,22.140,37.298,sea,desperate-remedies,1,,server-3,1,1,2,1.977,2.676,2.117
least-connections-cache-off-warm100,130,1,11.0231,1.361,19.826,21.187,death,pride-and-prejudice,1,,server-2,1,1,2,1.977,3.291,2.117
least-connections-cache-off-warm100,130,1,11.0308,2.867,30.282,33.149,death,around-the-world-in-eighty-days,1,,server-3,1,1,2,1.977,1.756,5.801
least-connections-cache-off-warm100,130,1,11.0385,1.430,19.387,20.817,and,the-return-of-sherlock-holmes,1,,server-1,1,1,2,6.303,1.756,3.350
least-connections-cache-off-warm100,130,1,11.0462,1.352,14.186,15.538,sea,the-warden,1,,server-2,1,1,2,3.300,4.258,3.350
least-connections-cache-off-warm100,130,1,11.0538,10.262,21.613,31.875,sea,the-mystery-of-edwin-drood,1,,server-3,1,1,2,3.300,2.246,5.641
least-connections-cache-off-warm100,130,1,11.0615,1.319,31.540,32.859,of,the-romance-of-lust-a-classic-victorian-erotic-novel,1,,server-1,1,1,2,5.171,4.563,5.641
least-connections-cache-off-warm100,130,1,11.0692,1.805,33.959,35.765,night,villette,1,,server-2,1,1,1,2.715,3.670,5.653
least-connections-cache-off-warm100,130,1,11.0769,9.485,13.816,23.301,money,the-adventures-of-tom-sawyer-complete,1,,server-3,1,1,2,2.715,1.964,5.653
least-connections-cache-off-warm100,130,1,11.0846,10.457,29.101,39.557,of,the-vicomte-de-bragelonne,1,,server-1,2,1,2,2.715,1.964,5.653
least-connections-cache-off-warm100,130,1,11.0923,13.391,32.354,45.745,the,the-moonstone,1,,server-2,2,2,1,2.715,1.964,4.480
least-connections-cache-off-warm100,130,1,11.1000,1.497,15.053,16.549,you,memoirs-of-fanny-hill,1,,server-3,1,2,2,4.472,1.964,6.261
least-connections-cache-off-warm100,130,1,11.1077,17.330,19.980,37.310,love,the-adventures-of-sherlock-holmes,1,,server-1,2,1,1,4.472,4.727,2.649
least-connections-cache-off-warm100,130,1,11.1154,23.239,14.943,38.182,sea,the-first-men-in-the-moon,1,,server-2,2,2,1,4.472,4.727,2.649
least-connections-cache-off-warm100,130,1,11.1231,1.651,15.749,17.399,she,the-age-of-innocence,1,,server-3,2,2,1,4.472,4.727,4.083
least-connections-cache-off-warm100,130,1,11.1308,14.863,28.820,43.683,heart,the-moonstone,1,,server-1,2,2,1,5.528,4.727,2.161
least-connections-cache-off-warm100,130,1,11.1385,2.269,31.099,33.368,the,walden-and-on-the-duty-of-civil-disobedience,1,,server-2,2,2,1,5.528,8.076,2.161
least-connections-cache-off-warm100,130,1,11.1462,1.340,15.132,16.472,whale,meditations,1,,server-3,1,2,1,4.877,3.587,3.860
least-connections-cache-off-warm100,130,1,11.1538,21.830,27.080,48.910,death,oliver-twist,1,,server-1,2,2,1,4.877,5.741,2.044
least-connections-cache-off-warm100,130,1,11.1615,1.632,13.145,14.777,house,kidnapped,1,,server-3,2,2,2,4.877,5.741,2.044
least-connections-cache-off-warm100,130,1,11.1692,7.636,12.537,20.173,letter,the-king-in-yellow,1,,server-3,2,2,2,4.877,7.511,1.963
least-connections-cache-off-warm100,130,1,11.1769,1.432,22.894,24.326,you,walden-and-on-the-duty-of-civil-disobedience,1,,server-2,1,1,1,6.568,9.669,2.390
least-connections-cache-off-warm100,130,1,11.1846,5.538,12.465,18.003,money,agnes-grey,1,,server-3,1,1,2,6.568,5.018,2.390
least-connections-cache-off-warm100,130,1,11.1923,10.581,11.545,22.127,castle,the-warden,1,,server-1,2,1,1,6.568,5.018,2.293
least-connections-cache-off-warm100,130,1,11.2000,1.980,21.077,23.058,and,wuthering-heights,1,,server-2,2,2,1,6.568,5.018,2.293
least-connections-cache-off-warm100,130,1,11.2077,1.302,10.240,11.541,king,poirot-investigates,1,,server-3,1,1,1,5.569,3.620,3.425
least-connections-cache-off-warm100,130,1,11.2154,1.260,16.076,17.336,house,myths-and-legends-of-ancient-greece-and-rome,1,,server-1,1,1,1,5.358,3.620,1.811
least-connections-cache-off-warm100,130,1,11.2231,1.167,11.915,13.083,of,frankenstein-or-the-modern-prometheus-41445,1,,server-3,1,1,1,2.798,5.633,2.744
least-connections-cache-off-warm100,130,1,11.2308,1.834,19.014,20.848,king,the-adventures-of-sherlock-holmes,1,,server-2,1,1,1,2.798,5.633,1.455
least-connections-cache-off-warm100,130,1,11.2385,1.014,15.462,16.476,london,anne-of-green-gables,1,,server-3,0,1,1,4.303,3.024,2.776
least-connections-cache-off-warm100,130,1,11.2462,1.294,13.914,15.208,house,desert-gold,1,,server-1,1,1,1,4.303,3.024,1.477
least-connections-cache-off-warm100,130,1,11.2538,1.303,12.047,13.350,house,silas-marner,1,,server-2,1,1,1,2.266,4.917,1.477
least-connections-cache-off-warm100,130,1,11.2615,1.032,28.706,29.739,london,leaves-of-grass,1,,server-3,1,1,1,3.608,2.609,3.387
least-connections-cache-off-warm100,130,1,11.2692,1.042,13.585,14.627,whale,persuasion,1,,server-1,1,0,1,3.608,3.586,1.796
least-connections-cache-off-warm100,130,1,11.2769,1.559,27.051,28.610,whale,jude-the-obscure,1,,server-2,1,1,1,1.914,3.586,1.796
least-connections-cache-off-warm100,130,1,11.2846,1.293,11.022,12.316,sea,a-princess-of-mars,1,,server-1,1,1,1,3.361,1.924,1.796
least-connections-cache-off-warm100,130,1,11.2923,1.388,14.060,15.448,she,the-king-in-yellow,1,,server-3,1,1,1,1.783,1.924,5.705
least-connections-cache-off-warm100,130,1,11.3000,1.211,11.932,13.143,london,the-adventures-of-tom-sawyer-complete,1,,server-1,1,1,1,2.852,1.924,3.008
least-connections-cache-off-warm100,130,1,11.3077,1.295,34.035,35.330,heart,the-romance-of-lust-a-classic-victorian-erotic-novel,1,,server-2,1,1,1,1.520,5.504,5.077
least-connections-cache-off-warm100,130,1,11.3154,1.328,13.452,14.781,castle,meditations,1,,server-3,0,1,1,2.853,2.945,4.096
least-connections-cache-off-warm100,130,1,11.3231,1.621,32.675,34.296,she,the-romance-of-lust-a-classic-victorian-erotic-novel,1,,server-1,1,1,1,2.853,2.945,2.145
least-connections-cache-off-warm100,130,1,11.3308,1.284,20.299,21.583,love,sense-and-sensibility,1,,server-3,1,1,1,1.550,2.945,3.485
least-connections-cache-off-warm100,130,1,11.3385,19.162,24.616,43.777,king,life-on-the-mississippi,1,,server-1,2,1,1,1.550,2.945,1.851
least-connections-cache-off-warm100,130,1,11.3462,1.724,20.767,22.491,whale,the-scarlet-letter,1,,server-2,2,1,1,1.550,7.264,1.851
least-connections-cache-off-warm100,130,1,11.3538,1.267,20.119,21.386,was,anne-of-green-gables,1,,server-3,2,1,1,1.550,3.786,4.396
least-connections-cache-off-warm100,130,1,11.3615,21.103,12.527,33.630,the,the-first-men-in-the-moon,1,,server-1,2,1,1,5.017,3.786,2.335
least-connections-cache-off-warm100,130,1,11.3692,1.660,11.917,13.576,the,the-wind-in-the-willows,1,,server-2,2,1,1,5.017,5.671,2.335
least-connections-cache-off-warm100,130,1,11.3769,1.511,15.376,16.887,you,washington-square,1,,server-3,2,1,1,5.017,3.035,4.673
least-connections-cache-off-warm100,130,1,11.3846,1.273,14.685,15.957,night,the-war-of-the-worlds,1,,server-2,1,1,1,5.727,3.748,2.502
least-connections-cache-off-warm100,130,1,11.3923,2.061,10.718,12.780,horse,dubliners,1,,server-3,1,1,2,5.727,1.991,2.502
least-connections-cache-off-warm100,130,1,11.4000,1.395,25.169,26.564,king,walden-and-on-the-duty-of-civil-disobedience,1,,server-1,1,1,1,5.638,1.991,2.249
least-connections-cache-off-warm100,130,1,11.4077,1.252,26.793,28.046,the,emma,1,,server-2,1,1,0,2.941,3.601,3.092
least-connections-cache-off-warm100,130,1,11.4154,1.128,11.078,12.206,house,dubliners,1,,server-3,1,1,1,2.941,1.929,3.092
least-connections-cache-off-warm100,130,1,11.4231,3.909,17.644,21.553,sea,the-return-of-sherlock-holmes,1,,server-1,2,1,1,2.941,1.929,1.648
least-connections-cache-off-warm100,130,1,11.4308,1.590,17.000,18.590,whale,walden-and-on-the-duty-of-civil-disobedience,1,,server-3,1,1,1,3.352,1.929,2.797
least-connections-cache-off-warm100,130,1,11.4385,1.648,22.189,23.837,love,twenty-thousand-leagues-under-the-sea,1,,server-2,1,1,1,3.352,5.479,1.489
least-connections-cache-off-warm100,130,1,11.4462,1.307,22.459,23.766,money,the-last-of-the-mohicans-a-narrative-of-1757,1,,server-1,1,1,1,4.917,2.906,1.489
least-connections-cache-off-warm100,130,1,11.4538,1.427,24.073,25.500,and,a-tale-of-two-cities,1,,server-3,1,1,1,2.580,2.906,3.623
least-connections-cache-off-warm100,130,1,11.4615,8.845,26.621,35.466,horse,the-last-of-the-mohicans-a-narrative-of-1757,1,,server-1,2,1,1,2.580,2.906,1.921
least-connections-cache-off-warm100,130,1,11.4692,1.437,19.892,21.328,sea,the-house-of-mirth,1,,server-2,2,1,1,2.580,5.382,1.921
least-connections-cache-off-warm100,130,1,11.4769,3.213,16.577,19.789,and,the-house-of-the-seven-gables,1,,server-3,1,1,2,3.491,2.819,1.921
least-connections-cache-off-warm100,130,1,11.4846,12.777,23.480,36.258,money,desperate-remedies,1,,server-1,2,1,1,3.491,2.819,2.826
least-connections-cache-off-warm100,130,1,11.4923,1.162,17.448,18.611,death,anne-of-green-gables,1,,server-2,2,1,1,3.491,4.926,2.826
least-connections-cache-off-warm100,130,1,11.5000,1.235,27.481,28.717,love,north-and-south,1,,server-3,1,1,1,4.898,2.587,4.404
least-connections-cache-off-warm100,130,1,11.5077,13.859,14.439,28.298,king,the-adventures-of-tom-sawyer-complete,1,,server-1,2,1,1,4.898,2.587,2.319
least-connections-cache-off-warm100,130,1,11.5154,1.254,19.736,20.991,letter,the-return-of-sherlock-holmes,1,,server-2,2,1,1,4.898,4.436,2.319
least-connections-cache-off-warm100,130,1,11.5231,6.127,21.374,27.501,night,the-works-of-edgar-allan-poe-volume-2,1,,server-3,1,1,2,4.861,2.364,2.319
least-connections-cache-off-warm100,130,1,11.5308,5.747,16.930,22.677,night,the-return-of-sherlock-holmes,1,,server-1,2,1,1,4.861,2.364,3.576
least-connections-cache-off-warm100,130,1,11.5385,1.379,33.921,35.300,night,the-iliad,1,,server-2,1,1,1,3.250,4.633,3.576
least-connections-cache-off-warm100,130,1,11.5462,5.244,16.950,22.194,he,the-works-of-edgar-allan-poe-volume-2,1,,server-3,1,1,2,3.250,2.445,3.576
least-connections-cache-off-warm100,130,1,11.5538,1.688,15.077,16.765,london,frankenstein-or-the-modern-prometheus-41445,1,,server-1,1,1,1,4.753,2.445,3.474
least-connections-cache-off-warm100,130,1,11.5615,12.791,19.513,32.305,was,the-mystery-of-edwin-drood,1,,server-2,1,2,1,2.501,2.445,3.474
least-connections-cache-off-warm100,130,1,11.5692,1.466,24.873,26.338,was,mansfield-park,1,,server-3,1,2,1,2.501,2.445,4.890
least-connections-cache-off-warm100,130,1,11.5769,1.592,23.881,25.473,king,the-house-of-mirth,1,,server-1,1,1,1,3.962,4.784,2.590
least-connections-cache-off-warm100,130,1,11.5846,9.265,20.241,29.506,the,thus-spake-zarathustra-a-book-for-all-and-none,1,,server-2,1,2,1,2.144,4.784,2.590
least-connections-cache-off-warm100,130,1,11.5923,3.829,23.909,27.738,the,mansfield-park,1,,server-3,1,2,2,2.144,5.192,2.590
least-connections-cache-off-warm100,130,1,11.6000,2.727,24.813,27.540,king,dracula,1,,server-1,2,1,1,2.144,4.273,3.185
least-connections-cache-off-warm100,130,1,11.6077,6.948,18.781,25.728,letter,the-house-of-mirth,1,,server-2,1,2,1,2.829,4.273,3.185
least-connections-cache-off-warm100,130,1,11.6154,5.231,33.323,38.555,whale,the-romance-of-lust-a-classic-victorian-erotic-novel,1,,server-3,1,1,2,2.829,3.700,3.185
least-connections-cache-off-warm100,130,1,11.6231,5.386,20.147,25.532,money,the-odyssey,1,,server-1,2,1,1,2.829,3.700,3.447
least-connections-cache-off-warm100,130,1,11.6308,3.470,11.592,15.062,london,treasure-island,1,,server-2,1,2,1,3.515,3.700,3.447
least-connections-cache-off-warm100,130,1,11.6385,16.008,8.992,25.000,house,herland,1,,server-3,1,1,2,3.515,2.974,3.447
least-connections-cache-off-warm100,130,1,11.6462,1.375,20.191,21.566,sea,the-return-of-sherlock-holmes-108,1,,server-2,1,1,2,3.515,3.697,3.447
least-connections-cache-off-warm100,130,1,11.6538,2.129,29.455,31.584,was,the-mysterious-island,1,,server-1,1,1,1,5.387,1.951,5.437
least-connections-cache-off-warm100,130,1,11.6615,7.002,23.829,30.831,you,a-tale-of-two-cities,1,,server-2,1,2,1,2.819,1.951,5.437
least-connections-cache-off-warm100,130,1,11.6692,1.402,16.186,17.588,the,persuasion,1,,server-3,1,1,1,2.819,3.053,4.822
least-connections-cache-off-warm100,130,1,11.6769,9.010,14.764,23.774,castle,the-first-men-in-the-moon,1,,server-1,2,1,1,2.819,3.053,2.528
least-connections-cache-off-warm100,130,1,11.6846,8.500,13.685,22.186,horse,the-scarlet-letter,1,,server-2,2,2,1,2.819,3.053,2.528
least-connections-cache-off-warm100,130,1,11.6923,1.486,14.051,15.537,the,the-secret-adversary,1,,server-3,1,2,1,4.589,5.682,4.158
least-connections-cache-off-warm100,130,1,11.7000,1.412,11.754,13.166,whale,the-secret-garden,1,,server-1,2,1,1,4.589,3.695,2.195
least-connections-cache-off-warm100,130,1,11.7077,1.294,13.148,14.442,she,agnes-grey,1,,server-2,1,1,1,2.735,4.499,4.508
least-connections-cache-off-warm100,130,1,11.7154,1.155,29.176,30.331,death,the-iliad-2199,1,,server-3,0,1,1,3.603,2.399,3.633
least-connections-cache-off-warm100,130,1,11.7231,1.376,26.189,27.565,london,desperate-remedies,1,,server-1,1,0,1,3.603,3.574,1.928
least-connections-cache-off-warm100,130,1,11.7308,1.452,17.449,18.901,whale,desert-gold,1,,server-2,1,1,1,1.920,3.574,1.928
least-connections-cache-off-warm100,130,1,11.7385,7.896,30.067,37.962,castle,mansfield-park,1,,server-3,1,1,2,1.920,1.934,1.928
least-connections-cache-off-warm100,130,1,11.7462,4.648,17.867,22.515,he,the-age-of-innocence,1,,server-1,2,1,1,1.920,1.934,3.741
least-connections-cache-off-warm100,130,1,11.7538,1.481,29.831,31.312,night,jane-eyre-an-autobiography,1,,server-2,1,1,1,3.640,3.969,3.741
least-connections-cache-off-warm100,130,1,11.7615,15.482,23.212,38.694,and,life-on-the-mississippi,1,,server-3,1,1,2,3.640,2.103,3.741
least-connections-cache-off-warm100,130,1,11.7692,1.152,22.112,23.265,castle,the-jungle,1,,server-1,1,1,2,5.113,2.103,3.741
least-connections-cache-off-warm100,130,1,11.7769,9.543,28.329,37.872,house,north-and-south,1,,server-2,1,2,1,2.695,2.103,6.935
least-connections-cache-off-warm100,130,1,11.7846,16.657,13.614,30.272,of,kidnapped,1,,server-3,1,2,2,2.695,2.103,5.561
least-connections-cache-off-warm100,130,1,11.7923,1.390,21.911,23.301,whale,a-tale-of-two-cities,1,,server-1,2,1,2,5.225,3.976,5.561
least-connections-cache-off-warm100,130,1,11.8000,15.196,18.303,33.499,king,hard-times,1,,server-2,1,2,2,2.733,3.976,8.942
least-connections-cache-off-warm100,130,1,11.8077,8.167,33.585,41.752,castle,the-moonstone,1,,server-3,1,2,2,2.733,3.976,5.190
least-connections-cache-off-warm100,130,1,11.8154,2.293,14.905,17.197,and,northanger-abbey,1,,server-1,2,1,2,6.458,5.068,4.349
least-connections-cache-off-warm100,130,1,11.8231,10.799,16.311,27.109,he,walden-and-on-the-duty-of-civil-disobedience,1,,server-2,1,2,1,2.724,5.068,3.512
least-connections-cache-off-warm100,130,1,11.8308,19.156,23.386,42.542,he,the-return-of-sherlock-holmes,1,,server-3,1,2,2,2.724,5.068,3.512
least-connections-cache-off-warm100,130,1,11.8385,1.794,24.090,25.884,death,jude-the-obscure,1,,server-1,1,1,2,4.095,4.310,3.512
least-connections-cache-off-warm100,130,1,11.8462,4.953,13.959,18.912,was,the-war-of-the-worlds,1,,server-2,1,2,2,2.168,4.310,3.512
least-connections-cache-off-warm100,130,1,11.8538,19.423,11.856,31.280,of,black-beauty,1,,server-3,1,1,2,2.168,3.194,5.730
least-connections-cache-off-warm100,130,1,11.8615,3.198,15.183,18.381,the,desert-gold,1,,server-1,2,1,2,2.168,3.194,5.730
least-connections-cache-off-warm100,130,1,11.8692,1.381,29.340,30.721,money,far-from-the-madding-crowd,1,,server-2,1,1,2,2.909,4.197,5.730
least-connections-cache-off-warm100,130,1,11.8769,8.596,34.212,42.808,night,little-women,1,,server-3,1,1,2,2.909,2.243,6.380
least-connections-cache-off-warm100,130,1,11.8846,1.637,11.572,13.209,and,the-kama-sutra-of-vatsyayana,1,,server-1,1,1,2,4.231,2.243,6.380
least-connections-cache-off-warm100,130,1,11.8923,8.330,10.740,19.070,love,his-last-bow,1,,server-2,1,2,1,2.222,2.243,3.840
least-connections-cache-off-warm100,130,1,11.9000,1.673,29.131,30.804,horse,the-adventures-of-ferdinand-count-fathom-complete,1,,server-1,1,2,1,3.238,4.840,3.840
least-connections-cache-off-warm100,130,1,11.9077,4.353,19.774,24.127,she,the-portrait-of-a-lady-volume-1,1,,server-2,1,2,1,1.733,3.908,3.840
least-connections-cache-off-warm100,130,1,11.9154,4.937,17.605,22.542,death,the-works-of-edgar-allan-poe-volume-2,1,,server-3,1,1,2,1.733,2.477,3.840
least-connections-cache-off-warm100,130,1,11.9231,8.144,11.879,20.023,sea,meditations,1,,server-1,2,1,1,1.733,2.477,4.431
least-connections-cache-off-warm100,130,1,11.9308,1.847,12.015,13.862,he,the-great-gatsby,1,,server-2,2,2,1,4.547,2.477,4.431
least-connections-cache-off-warm100,130,1,11.9385,1.291,15.682,16.974,and,around-the-world-in-eighty-days,1,,server-3,1,1,1,3.674,2.484,5.598
least-connections-cache-off-warm100,130,1,11.9462,1.499,9.454,10.953,love,the-prince,1,,server-1,1,0,1,4.135,3.448,2.928
least-connections-cache-off-warm100,130,1,11.9538,1.310,25.462,26.772,love,the-iliad-2199,1,,server-2,1,1,1,2.186,3.448,2.928
least-connections-cache-off-warm100,130,1,11.9615,1.442,13.435,14.876,love,the-scarlet-letter,1,,server-3,0,1,1,2.869,1.838,4.353
least-connections-cache-off-warm100,130,1,11.9692,1.119,25.970,27.088,castle,the-tenant-of-wildfell-hall,1,,server-1,1,1,1,2.869,1.838,2.311
least-connections-cache-off-warm100,130,1,11.9769,1.150,27.510,28.660,night,jane-eyre-an-autobiography,1,,server-3,1,1,1,1.530,1.838,3.553
least-connections-cache-off-warm100,130,1,11.9846,1.491,14.272,15.763,night,the-picture-of-dorian-gray,1,,server-2,1,1,1,1.530,5.206,1.879
least-connections-cache-off-warm100,130,1,11.9923,13.738,22.126,35.864,castle,the-odyssey,1,,server-3,1,1,2,1.530,2.744,1.879
least-connections-cache-off-warm100,130,1,12.0000,1.582,26.204,27.786,london,a-tale-of-two-cities,1,,server-1,1,1,2,5.094,4.986,1.879
least-connections-cache-off-warm100,130,1,12.0077,1.485,24.398,25.882,of,the-iliad-2199,1,,server-2,1,1,1,2.672,4.008,4.232
least-connections-cache-off-warm100,130,1,12.0154,13.832,24.955,38.787,was,far-from-the-madding-crowd,1,,server-3,1,1,2,2.672,2.126,4.232
least-connections-cache-off-warm100,130,1,12.0231,4.863,13.534,18.397,night,the-picture-of-dorian-gray,1,,server-1,2,1,2,2.672,2.126,4.232
least-connections-cache-off-warm100,130,1,12.0308,3.177,25.668,28.845,of,the-last-of-the-mohicans-a-narrative-of-1757,1,,server-2,1,2,1,3.377,2.126,4.835
least-connections-cache-off-warm100,130,1,12.0385,16.418,10.378,26.795,heart,poirot-investigates,1,,server-3,1,1,2,3.377,2.931,4.835
least-connections-cache-off-warm100,130,1,12.0462,1.302,15.480,16.782,letter,agnes-grey,1,,server-1,1,1,2,4.293,2.931,4.835
least-connections-cache-off-warm100,130,1,12.0538,6.831,8.821,15.652,house,the-kama-sutra-of-vatsyayana,1,,server-2,1,2,2,2.259,2.931,8.759
least-connections-cache-off-warm100,130,1,12.0615,4.594,14.507,19.101,and,autobiography-of-benjamin-franklin,1,,server-3,1,1,2,2.259,3.713,5.193
least-connections-cache-off-warm100,130,1,12.0692,1.089,19.054,20.143,whale,twenty-thousand-leagues-under-the-sea,1,,server-1,1,1,1,3.882,3.713,3.011
least-connections-cache-off-warm100,130,1,12.0769,1.301,11.503,12.803,whale,the-jungle-book,1,,server-2,1,1,1,2.041,3.733,3.011
least-connections-cache-off-warm100,130,1,12.0846,1.065,31.774,32.839,death,the-mysterious-island,1,,server-3,1,1,1,2.041,1.986,4.199
least-connections-cache-off-warm100,130,1,12.0923,1.200,12.833,14.033,was,the-picture-of-dorian-gray,1,,server-1,1,0,1,4.314,3.074,2.218
least-connections-cache-off-warm100,130,1,12.1000,1.349,16.947,18.295,love,the-house-of-the-seven-gables,1,,server-2,1,1,1,2.269,3.074,2.218
least-connections-cache-off-warm100,130,1,12.1077,1.152,22.814,23.966,london,the-portrait-of-a-lady-volume-1,1,,server-1,1,1,1,3.475,1.647,2.218
least-connections-cache-off-warm100,130,1,12.1154,3.385,15.874,19.259,heart,a-journey-to-the-centre-of-the-earth,1,,server-2,1,2,1,1.842,1.647,2.218
least-connections-cache-off-warm100,130,1,12.1231,1.292,26.075,27.367,whale,north-and-south,1,,server-3,1,1,1,1.842,2.180,6.468
least-connections-cache-off-warm100,130,1,12.1308,1.418,29.209,30.627,night,villette,1,,server-1,2,1,1,5.835,2.180,3.378
least-connections-cache-off-warm100,130,1,12.1385,1.249,15.124,16.374,king,kidnapped,1,,server-2,1,1,1,2.472,3.892,3.378
least-connections-cache-off-warm100,130,1,12.1462,4.697,17.307,22.004,whale,the-adventures-of-sherlock-holmes,1,,server-3,1,1,2,2.472,2.056,3.378
least-connections-cache-off-warm100,130,1,12.1538,7.953,13.247,21.200,london,the-secret-adversary,1,,server-1,2,1,1,2.472,2.056,3.619
least-connections-cache-off-warm100,130,1,12.1615,1.494,16.034,17.528,london,myths-and-legends-of-ancient-greece-and-rome,1,,server-2,2,1,1,4.373,3.698,3.619
least-connections-cache-off-warm100,130,1,12.1692,1.585,22.666,24.251,horse,the-return-of-sherlock-holmes-108,1,,server-3,1,1,1,4.373,1.968,5.037
least-connections-cache-off-warm100,130,1,12.1769,1.323,23.454,24.777,sea,jude-the-obscure,1,,server-1,1,1,1,4.813,1.968,2.658
least-connections-cache-off-warm100,130,1,12.1846,1.511,24.374,25.885,heart,desperate-remedies,1,,server-2,1,1,1,2.525,3.785,2.658
least-connections-cache-off-warm100,130,1,12.1923,2.289,24.591,26.880,was,mansfield-park,1,,server-3,1,1,2,2.525,2.032,2.658
least-connections-cache-off-warm100,130,1,12.2000,2.242,28.073,30.315,love,dracula,1,,server-1,2,1,1,2.525,2.032,2.877
least-connections-cache-off-warm100,130,1,12.2077,3.505,22.056,25.561,king,far-from-the-madding-crowd,1,,server-2,1,2,1,2.853,2.032,2.877
least-connections-cache-off-warm100,130,1,12.2154,4.040,25.688,29.728,of,the-jungle,1,,server-3,1,1,2,2.853,2.949,2.877
least-connections-cache-off-warm100,130,1,12.2231,7.777,28.650,36.427,horse,the-adventures-of-ferdinand-count-fathom-complete,1,,server-1,2,1,1,2.853,2.949,3.268
least-connections-cache-off-warm100,130,1,12.2308,2.922,16.622,19.544,house,frankenstein-or-the-modern-prometheus,1,,server-2,1,2,1,3.906,2.949,3.268
least-connections-cache-off-warm100,130,1,12.2385,7.452,13.876,21.328,of,white-fang,1,,server-3,1,1,2,3.906,2.967,3.268
least-connections-cache-off-warm100,130,1,12.2462,14.279,20.334,34.613,the,the-adventures-of-sherlock-holmes,1,,server-1,2,1,1,3.906,2.967,4.006
least-connections-cache-off-warm100,130,1,12.2538,1.209,27.022,28.230,she,dracula,1,,server-2,2,1,1,3.906,4.529,4.006
least-connections-cache-off-warm100,130,1,12.2615,1.324,13.928,15.251,money,silas-marner,1,,server-3,1,1,1,5.340,2.383,4.730
least-connections-cache-off-warm100,130,1,12.2692,12.738,14.664,27.402,was,the-secret-garden,1,,server-1,2,1,1,5.340,2.383,2.491
least-connections-cache-off-warm100,130,1,12.2769,5.702,9.999,15.700,was,beyond-good-and-evil,1,,server-2,2,2,1,5.340,2.383,3.771
least-connections-cache-off-warm100,130,1,12.2846,1.110,15.321,16.431,sea,anne-of-green-gables,1,,server-3,1,1,1,4.927,3.491,3.771
least-connections-cache-off-warm100,130,1,12.2923,4.926,13.550,18.476,night,silas-marner,1,,server-1,2,1,1,4.927,3.792,1.998
least-connections-cache-off-warm100,130,1,12.3000,1.312,18.365,19.677,death,the-last-of-the-mohicans-a-narrative-of-1757-27681,1,,server-2,1,1,1,3.193,3.792,1.998
least-connections-cache-off-warm100,130,1,12.3077,1.562,10.161,11.723,king,the-wind-in-the-willows,1,,server-3,1,1,1,3.193,2.003,3.699
least-connections-cache-off-warm100,130,1,12.3154,1.577,16.652,18.229,she,desert-gold,1,,server-1,1,1,1,4.144,2.003,1.982
least-connections-cache-off-warm100,130,1,12.3231,1.276,12.963,14.238,heart,agnes-grey,1,,server-2,1,1,0,2.243,4.167,2.840
least-connections-cache-off-warm100,130,1,12.3308,1.455,12.312,13.766,heart,the-jungle-book,1,,server-3,1,1,1,2.243,2.215,2.840
least-connections-cache-off-warm100,130,1,12.3385,1.311,18.217,19.527,heart,the-divine-comedy,1,,server-1,1,0,1,4.022,3.418,1.526
least-connections-cache-off-warm100,130,1,12.3462,1.493,22.237,23.730,was,the-song-of-the-lark,1,,server-2,1,1,0,2.130,3.418,2.900
least-connections-cache-off-warm100,130,1,12.3538,1.316,18.959,20.275,night,the-last-of-the-mohicans-a-narrative-of-1757-27681,1,,server-3,1,1,1,2.130,1.823,2.900
least-connections-cache-off-warm100,130,1,12.3615,1.367,15.693,17.060,night,the-works-of-edgar-allan-poe-volume-2,1,,server-1,1,1,1,4.223,1.823,1.552
least-connections-cache-off-warm100,130,1,12.3692,1.301,18.803,20.104,she,the-divine-comedy,1,,server-2,1,2,1,2.242,1.823,1.552
least-connections-cache-off-warm100,130,1,12.3769,1.874,25.983,27.857,letter,the-tenant-of-wildfell-hall,1,,server-3,1,1,1,2.242,2.471,3.962
least-connections-cache-off-warm100,130,1,12.3846,1.322,18.343,19.665,he,the-age-of-innocence,1,,server-1,1,1,1,3.909,2.471,2.094
least-connections-cache-off-warm100,130,1,12.3923,1.055,8.956,10.011,house,herland,1,,server-2,1,1,1,2.073,4.552,2.094
least-connections-cache-off-warm100,130,1,12.4000,5.394,26.500,31.894,letter,north-and-south,1,,server-3,1,1,2,2.073,2.384,2.094
least-connections-cache-off-warm100,130,1,12.4077,1.223,30.458,31.680,king,villette,1,,server-1,1,0,1,4.228,2.917,3.388
least-connections-cache-off-warm100,130,1,12.4154,1.064,19.675,20.739,whale,the-american,1,,server-2,1,1,1,2.230,2.917,3.388
least-connections-cache-off-warm100,130,1,12.4231,9.562,12.544,22.106,the,the-king-in-yellow,1,,server-3,1,1,2,2.230,1.551,3.388
least-connections-cache-off-warm100,130,1,12.4308,9.230,13.267,22.497,london,the-scarlet-letter-33,1,,server-1,2,1,2,2.230,1.551,3.388
least-connections-cache-off-warm100,130,1,12.4385,1.680,13.321,15.002,night,autobiography-of-benjamin-franklin,1,,server-2,2,1,1,2.230,4.118,4.188
least-connections-cache-off-warm100,130,1,12.4462,1.418,21.471,22.889,king,the-mystery-of-edwin-drood,1,,server-3,1,1,1,4.069,2.193,4.645
least-connections-cache-off-warm100,130,1,12.4538,1.283,13.217,14.501,horse,cranford,1,,server-1,1,1,1,4.648,3.467,2.438
least-connections-cache-off-warm100,130,1,12.4615,1.616,18.345,19.960,the,the-house-of-the-seven-gables,1,,server-2,1,1,1,2.450,3.467,2.438
least-connections-cache-off-warm100,130,1,12.4692,1.706,20.351,22.057,night,the-odyssey,1,,server-1,1,1,1,3.638,1.872,4.936
least-connections-cache-off-warm100,130,1,12.4769,1.547,14.892,16.439,you,frankenstein-or-the-modern-prometheus-41445,1,,server-3,1,1,1,1.923,1.872,4.936
least-connections-cache-off-warm100,130,1,12.4846,1.170,10.698,11.868,whale,around-the-world-in-eighty-days,1,,server-2,1,1,1,1.923,4.083,2.594
least-connections-cache-off-warm100,130,1,12.4923,1.390,34.170,35.560,horse,great-expectations,1,,server-1,1,1,1,4.377,2.144,2.594
least-connections-cache-off-warm100,130,1,12.5000,1.564,20.841,22.405,the,the-age-of-innocence,1,,server-2,1,1,0,2.311,3.037,3.965
least-connections-cache-off-warm100,130,1,12.5077,2.524,18.055,20.578,whale,thus-spake-zarathustra-a-book-for-all-and-none,1,,server-3,1,1,1,2.311,1.629,3.965
least-connections-cache-off-warm100,130,1,12.5154,12.835,11.721,24.556,castle,the-kama-sutra-of-vatsyayana,1,,server-1,2,1,1,2.311,1.629,2.163
least-connections-cache-off-warm100,130,1,12.5231,1.233,17.970,19.203,death,grimms-fairy-tales,1,,server-2,2,1,1,2.311,4.306,2.163
least-connections-cache-off-warm100,130,1,12.5308,1.516,18.428,19.944,heart,the-return-of-sherlock-holmes,1,,server-3,1,1,1,4.808,2.292,4.116
least-connections-cache-off-warm100,130,1,12.5385,2.126,22.493,24.619,death,the-last-of-the-mohicans-a-narrative-of-1757,1,,server-1,2,1,1,4.808,2.292,2.169
least-connections-cache-off-warm100,130,1,12.5462,1.547,16.023,17.570,she,memoirs-of-fanny-hill,1,,server-2,1,1,1,2.667,4.311,2.169
least-connections-cache-off-warm100,130,1,12.5538,1.475,14.185,15.660,money,agnes-grey,1,,server-3,1,1,1,2.667,2.291,4.262
least-connections-cache-off-warm100,130,1,12.5615,2.495,12.384,14.879,she,the-hound-of-the-baskervilles,1,,server-1,2,1,1,2.667,2.291,2.248
least-connections-cache-off-warm100,130,1,12.5692,1.393,17.564,18.957,she,anne-of-green-gables,1,,server-2,1,1,1,2.899,3.974,4.549
least-connections-cache-off-warm100,130,1,12.5769,1.491,11.281,12.773,heart,the-hound-of-the-baskervilles-3070,1,,server-3,0,1,1,3.783,2.105,3.667
least-connections-cache-off-warm100,130,1,12.5846,1.737,37.096,38.833,money,the-iliad,1,,server-1,1,1,1,3.783,2.105,1.954
least-connections-cache-off-warm100,130,1,12.5923,1.374,17.314,18.688,heart,memoirs-of-fanny-hill,1,,server-2,1,1,0,2.024,4.124,3.005
least-connections-cache-off-warm100,130,1,12.6000,1.794,17.106,18.900,house,the-adventures-of-sherlock-holmes,1,,server-3,1,1,1,2.024,2.178,3.005
least-connections-cache-off-warm100,130,1,12.6077,17.118,17.187,34.306,love,the-memoirs-of-sherlock-holmes,1,,server-1,2,1,1,2.024,2.178,1.638
least-connections-cache-off-warm100,130,1,12.6154,1.444,16.430,17.874,horse,meditations,1,,server-2,2,1,1,2.024,4.104,1.638
least-connections-cache-off-warm100,130,1,12.6231,1.912,10.644,12.555,king,the-lost-world,1,,server-3,2,1,1,8.955,2.195,3.728
least-connections-cache-off-warm100,130,1,12.6308,11.717,33.900,45.616,heart,tess-of-the-d-urbervilles-a-pure-woman,1,,server-1,2,1,1,5.290,2.195,1.967
least-connections-cache-off-warm100,130,1,12.6385,1.303,30.182,31.485,castle,the-iliad,1,,server-2,2,1,0,5.290,3.996,2.909
least-connections-cache-off-warm100,130,1,12.6462,1.490,33.496,34.985,sea,the-iliad,1,,server-3,1,1,1,4.240,2.143,2.909
least-connections-cache-off-warm100,130,1,12.6538,22.888,21.850,44.738,she,adventures-of-huckleberry-finn,1,,server-1,2,1,1,4.240,2.143,1.570
least-connections-cache-off-warm100,130,1,12.6615,8.951,14.227,23.178,death,northanger-abbey,1,,server-2,2,2,1,4.240,2.143,1.570
least-connections-cache-off-warm100,130,1,12.6692,12.645,14.473,27.117,horse,memoirs-of-fanny-hill,1,,server-3,2,2,2,4.240,2.143,1.570
least-connections-cache-off-warm100,130,1,12.6769,2.114,52.142,54.256,love,villette,1,,server-1,2,1,2,6.437,3.989,1.570
least-connections-cache-off-warm100,130,1,12.6846,1.720,25.539,27.259,was,jude-the-obscure,1,,server-2,2,2,1,3.472,4.770,4.431
least-connections-cache-off-warm100,130,1,12.6923,4.791,23.984,28.775,heart,sense-and-sensibility,1,,server-3,2,1,2,3.472,2.513,4.431
least-connections-cache-off-warm100,130,1,12.7000,32.102,12.903,45.005,she,the-wind-in-the-willows,1,,server-1,2,1,1,5.675,2.513,3.020
least-connections-cache-off-warm100,130,1,12.7077,4.894,25.687,30.581,whale,the-american,1,,server-2,2,2,1,5.675,2.513,3.020
least-connections-cache-off-warm100,130,1,12.7154,6.501,24.519,31.020,whale,emma,1,,server-3,2,1,2,5.675,3.315,3.020
least-connections-cache-off-warm100,130,1,12.7231,14.861,24.918,39.779,letter,tess-of-the-d-urbervilles-a-pure-woman,1,,server-2,2,2,1,5.675,3.315,3.571
least-connections-cache-off-warm100,130,1,12.7308,16.460,38.192,54.651,house,persuasion,1,,server-3,2,2,2,14.893,3.315,3.571
least-connections-cache-off-warm100,130,1,12.7385,7.090,28.496,35.586,night,the-iliad-2199,1,,server-1,2,2,2,9.309,4.887,3.571
least-connections-cache-off-warm100,130,1,12.7462,17.490,14.422,31.911,of,his-last-bow,1,,server-2,1,2,2,4.732,4.887,7.670
least-connections-cache-off-warm100,130,1,12.7538,30.121,16.371,46.492,love,memoirs-of-fanny-hill,1,,server-3,1,2,2,4.732,4.887,4.736
least-connections-cache-off-warm100,130,1,12.7615,12.941,17.276,30.216,money,a-journey-to-the-centre-of-the-earth,1,,server-1,2,2,2,4.732,4.887,4.736
least-connections-cache-off-warm100,130,1,12.7692,9.292,17.734,27.026,castle,northanger-abbey,1,,server-2,2,2,2,4.732,5.280,4.736
least-connections-cache-off-warm100,130,1,12.7769,15.505,26.059,41.564,she,a-tale-of-two-cities,1,,server-1,2,2,2,4.998,5.280,7.485
least-connections-cache-off-warm100,130,1,12.7846,12.238,21.341,33.580,letter,life-on-the-mississippi,1,,server-2,2,2,2,4.998,3.702,7.888
least-connections-cache-off-warm100,130,1,12.7923,8.485,26.619,35.104,whale,the-tenant-of-wildfell-hall,1,,server-3,1,2,2,6.071,3.702,9.077
least-connections-cache-off-warm100,130,1,12.8000,18.786,30.698,49.483,sea,north-and-south,1,,server-1,2,1,2,4.875,3.850,10.204
least-connections-cache-off-warm100,130,1,12.8077,10.832,23.400,34.232,sea,the-divine-comedy,1,,server-2,2,2,1,4.875,3.850,4.997
least-connections-cache-off-warm100,130,1,12.8154,12.410,11.369,23.779,whale,the-kama-sutra-of-vatsyayana,1,,server-3,2,2,2,4.875,3.850,4.997
least-connections-cache-off-warm100,130,1,12.8231,26.857,20.825,47.682,house,thus-spake-zarathustra-a-book-for-all-and-none,1,,server-1,2,1,2,5.516,4.214,4.997
least-connections-cache-off-warm100,130,1,12.8308,11.698,47.746,59.443,of,oliver-twist,1,,server-2,2,2,1,5.516,4.214,4.965
least-connections-cache-off-warm100,130,1,12.8385,1.406,27.935,29.340,night,the-tenant-of-wildfell-hall,1,,server-3,2,2,2,5.516,4.214,4.965
least-connections-cache-off-warm100,130,1,12.8462,41.296,14.462,55.758,king,his-last-bow,1,,server-2,2,2,1,5.516,4.358,2.671
least-connections-cache-off-warm100,130,1,12.8538,14.814,31.116,45.930,heart,tess-of-the-d-urbervilles-a-pure-woman,1,,server-3,1,2,2,6.930,4.358,2.671
least-connections-cache-off-warm100,130,1,12.8615,9.687,23.504,33.191,king,the-return-of-sherlock-holmes-108,1,,server-1,2,2,2,6.930,5.888,2.671
least-connections-cache-off-warm100,130,1,12.8692,2.199,29.542,31.741,love,the-lost-world,1,,server-3,2,2,2,6.899,5.888,4.529
least-connections-cache-off-warm100,130,1,12.8769,17.973,19.781,37.754,heart,madame-bovary,1,,server-1,2,2,2,5.144,5.888,2.544
least-connections-cache-off-warm100,130,1,12.8846,6.743,21.987,28.730,and,the-secret-garden-17396,1,,server-2,2,3,2,5.144,5.888,2.544
least-connections-cache-off-warm100,130,1,12.8923,9.396,21.704,31.100,whale,the-mystery-of-edwin-drood,1,,server-3,2,2,3,5.144,7.510,2.544
least-connections-cache-off-warm100,130,1,12.9000,15.024,13.532,28.556,letter,frankenstein-or-the-modern-prometheus-41445,1,,server-1,2,2,3,5.306,7.510,8.163
least-connections-cache-off-warm100,130,1,12.9077,15.968,12.766,28.734,whale,the-scarlet-letter-33,1,,server-3,2,2,2,5.306,6.660,5.006
least-connections-cache-off-warm100,130,1,12.9154,1.020,15.851,16.871,horse,anne-of-green-gables,1,,server-2,1,1,2,4.811,7.708,5.006
least-connections-cache-off-warm100,130,1,12.9231,6.143,20.102,26.245,house,wuthering-heights,1,,server-1,2,1,2,4.811,4.004,9.486
least-connections-cache-off-warm100,130,1,12.9308,2.124,21.481,23.605,heart,jude-the-obscure,1,,server-2,1,2,1,3.222,4.004,4.971
least-connections-cache-off-warm100,130,1,12.9385,1.227,11.376,12.604,king,the-jungle-book,1,,server-3,1,1,1,3.222,2.728,5.166
least-connections-cache-off-warm100,130,1,12.9462,3.550,31.935,35.485,whale,leaves-of-grass,1,,server-1,2,1,1,3.222,2.728,2.710
least-connections-cache-off-warm100,130,1,12.9538,1.868,15.754,17.621,letter,the-memoirs-of-sherlock-holmes,1,,server-3,1,1,1,2.961,2.728,3.517
least-connections-cache-off-warm100,130,1,12.9615,1.540,21.534,23.075,money,the-house-of-mirth,1,,server-2,1,1,1,2.961,5.136,1.908
least-connections-cache-off-warm100,130,1,12.9692,2.585,35.845,38.430,money,jane-eyre-an-autobiography,1,,server-3,1,1,2,2.961,2.701,1.908
least-connections-cache-off-warm100,130,1,12.9769,5.382,24.476,29.858,letter,desperate-remedies,1,,server-1,2,1,1,2.961,2.701,2.113
least-connections-cache-off-warm100,130,1,12.9846,1.173,19.738,20.910,house,pride-and-prejudice,1,,server-2,1,2,1,4.033,5.149,2.113
least-connections-cache-off-warm100,130,1,12.9923,16.634,11.418,28.052,castle,the-mysterious-affair-at-styles,1,,server-3,1,1,2,4.033,2.697,2.113
least-connections-cache-off-warm100,130,1,13.0000,7.458,13.074,20.532,london,meditations,1,,server-1,2,1,2,4.033,2.697,2.113
least-connections-cache-off-warm100,130,1,13.0077,1.369,15.658,17.027,death,persuasion,1,,server-2,1,1,2,4.184,4.845,10.021
least-connections-cache-off-warm100,130,1,13.0154,5.332,24.233,29.565,house,dracula,1,,server-3,1,1,2,4.184,2.544,5.227
least-connections-cache-off-warm100,130,1,13.0231,0.998,26.076,27.075,was,oliver-twist,1,,server-1,1,1,1,4.745,2.544,3.029
least-connections-cache-off-warm100,130,1,13.0308,1.601,23.852,25.453,was,a-connecticut-yankee-in-king-arthur-s-court,1,,server-2,1,1,1,2.497,4.091,3.029
least-connections-cache-off-warm100,130,1,13.0385,6.715,16.971,23.685,he,the-return-of-sherlock-holmes-108,1,,server-3,1,1,2,2.497,2.188,3.029
least-connections-cache-off-warm100,130,1,13.0462,4.653,23.080,27.733,sea,the-jungle,1,,server-1,2,1,1,2.497,2.188,3.557
least-connections-cache-off-warm100,130,1,13.0538,2.961,18.979,21.940,castle,memoirs-of-fanny-hill,1,,server-2,1,2,1,3.406,2.188,3.557
least-connections-cache-off-warm100,130,1,13.0615,1.465,20.273,21.738,sea,life-on-the-mississippi,1,,server-3,1,1,2,3.406,2.890,3.557
least-connections-cache-off-warm100,130,1,13.0692,5.152,22.837,27.989,was,the-house-of-mirth,1,,server-1,2,1,1,3.406,2.890,2.584
least-connections-cache-off-warm100,130,1,13.0769,1.296,14.592,15.888,night,myths-and-legends-of-ancient-greece-and-rome,1,,server-2,1,1,1,3.494,4.847,2.584
least-connections-cache-off-warm100,130,1,13.0846,1.263,10.435,11.698,heart,herland,1,,server-3,1,1,1,3.494,2.539,4.870
least-connections-cache-off-warm100,130,1,13.0923,5.570,20.648,26.218,love,grimms-fairy-tales,1,,server-1,2,1,1,3.494,2.539,2.561
least-connections-cache-off-warm100,130,1,13.1000,1.096,24.391,25.487,money,the-american,1,,server-2,1,1,0,3.614,3.929,3.170
least-connections-cache-off-warm100,130,1,13.1077,1.160,19.130,20.290,money,the-return-of-sherlock-holmes-108,1,,server-3,1,1,1,3.614,2.070,3.170
least-connections-cache-off-warm100,130,1,13.1154,3.848,10.254,14.102,london,the-hound-of-the-baskervilles,1,,server-1,2,1,1,3.614,2.070,1.700
least-connections-cache-off-warm100,130,1,13.1231,2.748,8.892,11.640,was,the-great-gatsby,1,,server-2,1,2,1,3.275,2.070,1.700
least-connections-cache-off-warm100,130,1,13.1308,1.492,30.002,31.494,night,mary-barton,1,,server-3,0,1,1,3.704,2.959,4.116
least-connections-cache-off-warm100,130,1,13.1385,1.665,14.992,16.657,she,persuasion,1,,server-1,1,0,1,3.704,3.225,2.185
least-connections-cache-off-warm100,130,1,13.1462,1.546,12.104,13.650,castle,the-lost-world,1,,server-2,1,1,1,2.003,3.225,2.185
least-connections-cache-off-warm100,130,1,13.1538,9.291,15.679,24.970,you,persuasion,1,,server-3,1,1,2,2.003,1.726,2.185
least-connections-cache-off-warm100,130,1,13.1615,1.370,20.703,22.073,death,the-memoirs-of-sherlock-holmes,1,,server-1,1,0,2,3.607,2.972,2.185
least-connections-cache-off-warm100,130,1,13.1692,1.643,11.779,13.422,castle,the-prince,1,,server-2,1,1,1,1.948,2.972,4.230
least-connections-cache-off-warm100,130,1,13.1769,2.253,21.683,23.936,night,life-on-the-mississippi,1,,server-3,1,1,2,1.948,1.602,4.230
least-connections-cache-off-warm100,130,1,13.1846,1.487,17.311,18.798,you,desert-gold,1,,server-1,1,0,1,4.497,2.838,2.830
least-connections-cache-off-warm100,130,1,13.1923,1.541,14.171,15.712,sea,his-last-bow,1,,server-2,1,1,1,2.429,2.838,2.830
least-connections-cache-off-warm100,130,1,13.2000,1.507,8.491,9.998,money,the-kama-sutra-of-vatsyayana,1,,server-3,1,1,2,2.429,1.542,2.830
least-connections-cache-off-warm100,130,1,13.2077,1.285,16.713,17.998,london,adventures-of-huckleberry-finn,1,,server-1,1,1,1,4.226,3.915,2.779
least-connections-cache-off-warm100,130,1,13.2154,1.089,23.411,24.500,whale,the-song-of-the-lark,1,,server-2,1,1,0,2.255,3.152,3.103
least-connections-cache-off-warm100,130,1,13.2231,1.323,13.427,14.750,castle,memoirs-of-fanny-hill,1,,server-3,1,1,1,2.255,1.679,3.103
least-connections-cache-off-warm100,130,1,13.2308,1.194,10.919,12.113,she,poirot-investigates,1,,server-1,1,1,1,4.093,1.679,1.663
least-connections-cache-off-warm100,130,1,13.2385,1.109,14.956,16.065,sea,the-mystery-of-edwin-drood,1,,server-3,1,1,1,2.177,1.679,3.172
least-connections-cache-off-warm100,130,1,13.2462,1.141,23.135,24.276,you,pride-and-prejudice,1,,server-1,1,0,1,3.085,4.790,1.704
least-connections-cache-off-warm100,130,1,13.2538,1.485,22.421,23.906,sea,the-last-of-the-mohicans-a-narrative-of-1757-27681,1,,server-2,1,1,1,1.664,4.790,1.704
least-connections-cache-off-warm100,130,1,13.2615,1.495,12.192,13.687,the,herland,1,,server-3,1,1,1,1.664,2.520,3.441
least-connections-cache-off-warm100,130,1,13.2692,1.727,28.432,30.159,night,great-expectations,1,,server-1,2,1,1,1.664,2.520,1.854
least-connections-cache-off-warm100,130,1,13.2769,1.240,21.503,22.743,king,desperate-remedies,1,,server-3,1,1,1,2.551,2.520,3.092
least-connections-cache-off-warm100,130,1,13.2846,1.332,14.532,15.864,the,the-secret-adversary,1,,server-2,1,1,1,2.551,5.164,1.649
least-connections-cache-off-warm100,130,1,13.2923,8.337,16.059,24.396,he,hard-times,1,,server-3,1,1,2,2.551,2.712,1.649
least-connections-cache-off-warm100,130,1,13.3000,1.640,18.437,20.077,heart,madame-bovary,1,,server-1,1,1,2,6.138,4.971,3.804
least-connections-cache-off-warm100,130,1,13.3077,1.447,10.682,12.128,of,around-the-world-in-eighty-days,1,,server-2,1,1,1,3.193,4.028,3.062
least-connections-cache-off-warm100,130,1,13.3154,2.395,13.804,16.198,of,meditations,1,,server-3,1,1,2,3.193,2.135,3.062
least-connections-cache-off-warm100,130,1,13.3231,1.204,25.546,26.750,the,grimms-fairy-tales,1,,server-1,1,0,1,4.931,3.037,2.397
least-connections-cache-off-warm100,130,1,13.3308,1.241,32.533,33.774,whale,life-on-the-mississippi,1,,server-2,1,1,1,2.596,3.037,2.397
least-connections-cache-off-warm100,130,1,13.3385,3.010,25.768,28.778,horse,dracula,1,,server-3,1,1,1,2.596,1.631,3.701
least-connections-cache-off-warm100,130,1,13.3462,4.574,20.961,25.535,house,pride-and-prejudice,1,,server-1,2,1,1,2.596,1.631,2.000
least-connections-cache-off-warm100,130,1,13.3538,11.318,30.064,41.382,you,the-innocents-abroad,1,,server-2,1,2,1,3.364,1.631,2.000
least-connections-cache-off-warm100,130,1,13.3615,6.549,23.276,29.825,king,oliver-twist,1,,server-3,1,2,2,3.364,1.631,2.000
least-connections-cache-off-warm100,130,1,13.3692,3.186,13.548,16.734,you,the-adventures-of-tom-sawyer-complete,1,,server-1,2,1,1,3.364,4.525,3.513
least-connections-cache-off-warm100,130,1,13.3769,18.957,16.298,35.256,letter,a-journey-to-the-centre-of-the-earth,1,,server-2,1,2,1,3.032,4.525,3.513
least-connections-cache-off-warm100,130,1,13.3846,7.311,22.041,29.352,night,madame-bovary,1,,server-3,1,2,2,3.032,4.525,3.513
least-connections-cache-off-warm100,130,1,13.3923,1.143,28.759,29.902,was,the-last-of-the-mohicans-a-narrative-of-1757,1,,server-1,1,2,1,4.040,4.525,3.741
least-connections-cache-off-warm100,130,1,13.4000,12.627,21.225,33.852,letter,madame-bovary,1,,server-2,1,2,1,2.135,5.817,3.741
least-connections-cache-off-warm100,130,1,13.4077,7.035,10.961,17.996,horse,around-the-world-in-eighty-days,1,,server-3,1,2,2,2.135,5.817,3.741
least-connections-cache-off-warm100,130,1,13.4154,7.362,17.007,24.369,castle,twenty-thousand-leagues-under-the-sea,1,,server-1,2,1,1,2.135,4.431,3.614
least-connections-cache-off-warm100,130,1,13.4231,11.339,18.427,29.766,you,the-last-of-the-mohicans-a-narrative-of-1757-27681,1,,server-2,1,2,1,3.716,4.431,3.614
least-connections-cache-off-warm100,130,1,13.4308,1.522,20.761,22.283,london,a-tale-of-two-cities,1,,server-3,1,2,1,3.716,4.431,3.976
least-connections-cache-off-warm100,130,1,13.4385,1.854,11.804,13.657,and,the-king-in-yellow,1,,server-1,2,1,1,3.716,4.254,2.149
least-connections-cache-off-warm100,130,1,13.4462,6.945,33.481,40.426,love,the-romance-of-lust-a-classic-victorian-erotic-novel,1,,server-2,1,2,1,2.681,4.254,2.149
least-connections-cache-off-warm100,130,1,13.4538,1.149,22.932,24.081,king,leaves-of-grass,1,,server-3,0,1,1,3.530,3.476,4.618
least-connections-cache-off-warm100,130,1,13.4615,1.520,14.639,16.159,heart,the-secret-garden,1,,server-1,1,1,1,3.530,3.476,2.433
least-connections-cache-off-warm100,130,1,13.4692,18.093,13.128,31.221,night,herland,1,,server-2,1,2,1,1.920,3.476,2.433
least-connections-cache-off-warm100,130,1,13.4769,1.974,35.620,37.594,king,the-moonstone,1,,server-3,1,2,2,1.920,3.476,2.433
least-connections-cache-off-warm100,130,1,13.4846,1.806,17.736,19.542,castle,the-secret-adversary,1,,server-1,1,2,1,3.535,3.476,2.793
least-connections-cache-off-warm100,130,1,13.4923,8.869,12.953,21.822,he,the-secret-adversary,1,,server-2,1,2,1,1.890,5.682,2.793
least-connections-cache-off-warm100,130,1,13.5000,15.731,15.143,30.874,heart,black-beauty,1,,server-3,1,2,2,1.890,7.116,2.793
least-connections-cache-off-warm100,130,1,13.5077,1.675,15.906,17.580,castle,desert-gold,1,,server-1,1,1,2,4.008,3.688,2.793
least-connections-cache-off-warm100,130,1,13.5154,1.199,14.656,15.855,and,treasure-island,1,,server-2,1,1,1,2.139,4.362,6.475
least-connections-cache-off-warm100,130,1,13.5231,7.847,15.161,23.007,king,memoirs-of-fanny-hill,1,,server-3,1,1,2,2.139,2.294,5.205
least-connections-cache-off-warm100,130,1,13.5308,1.645,27.661,29.305,the,north-and-south,1,,server-1,1,1,2,3.851,4.699,3.590
least-connections-cache-off-warm100,130,1,13.5385,1.552,12.810,14.362,house,agnes-grey,1,,server-2,1,1,1,2.015,3.772,3.590
least-connections-cache-off-warm100,130,1,13.5462,3.187,8.737,11.924,the,the-jungle-book,1,,server-3,1,1,2,2.015,2.014,4.667
least-connections-cache-off-warm100,130,1,13.5538,1.228,33.777,35.005,you,great-expectations,1,,server-2,1,1,1,2.015,3.291,2.435
least-connections-cache-off-warm100,130,1,13.5615,1.719,13.158,14.877,love,black-beauty,1,,server-3,0,1,1,5.694,1.777,2.909
least-connections-cache-off-warm100,130,1,13.5692,1.556,32.206,33.762,of,the-tenant-of-wildfell-hall,1,,server-1,1,1,1,5.694,1.777,1.577
least-connections-cache-off-warm100,130,1,13.5769,1.075,9.213,10.287,money,the-jungle-book,1,,server-3,1,1,1,3.010,1.777,3.076
least-connections-cache-off-warm100,130,1,13.5846,19.073,14.440,33.513,money,the-adventures-of-tom-sawyer-complete,1,,server-1,2,1,1,3.010,1.777,1.633
least-connections-cache-off-warm100,130,1,13.5923,1.265,16.697,17.962,and,adventures-of-huckleberry-finn,1,,server-2,2,1,0,3.010,6.481,2.468
least-connections-cache-off-warm100,130,1,13.6000,1.563,14.292,15.856,the,frankenstein-or-the-modern-prometheus-41445,1,,server-3,2,1,1,3.010,3.385,2.468
least-connections-cache-off-warm100,130,1,13.6077,11.088,24.802,35.890,you,the-portrait-of-a-lady-volume-1,1,,server-1,2,1,1,5.489,3.385,1.330
least-connections-cache-off-warm100,130,1,13.6154,1.307,21.134,22.441,night,madame-bovary,1,,server-2,2,1,1,5.489,4.814,1.330
least-connections-cache-off-warm100,130,1,13.6231,1.897,28.091,29.988,heart,the-romance-of-lust-a-classic-victorian-erotic-novel,1,,server-3,1,1,1,3.994,2.531,3.127
least-connections-cache-off-warm100,130,1,13.6308,13.360,13.734,27.094,sea,meditations,1,,server-1,2,1,1,3.994,2.531,1.698
least-connections-cache-off-warm100,130,1,13.6385,1.231,13.227,14.458,castle,northanger-abbey,1,,server-2,2,1,1,3.994,4.950,1.698
least-connections-cache-off-warm100,130,1,13.6462,7.341,19.879,27.220,king,the-house-of-mirth,1,,server-3,1,1,2,4.593,2.595,1.698
least-connections-cache-off-warm100,130,1,13.6538,1.248,27.628,28.876,whale,the-vicomte-de-bragelonne,1,,server-2,1,1,1,4.593,3.710,3.511
least-connections-cache-off-warm100,130,1,13.6615,1.514,12.356,13.870,the,black-beauty,1,,server-1,1,1,1,5.095,1.962,3.511
least-connections-cache-off-warm100,130,1,13.6692,14.179,16.683,30.861,horse,thus-spake-zarathustra-a-book-for-all-and-none,1,,server-2,1,2,1,2.673,1.962,3.511
least-connections-cache-off-warm100,130,1,13.6769,1.264,32.887,34.151,heart,the-vicomte-de-bragelonne,1,,server-3,0,2,1,3.635,1.962,5.375
least-connections-cache-off-warm100,130,1,13.6846,1.533,12.239,13.772,sea,autobiography-of-benjamin-franklin,1,,server-1,1,1,1,3.635,4.210,2.814
least-connections-cache-off-warm100,130,1,13.6923,7.974,19.478,27.451,castle,the-house-of-mirth,1,,server-2,1,2,1,1.932,4.210,2.814
least-connections-cache-off-warm100,130,1,13.7000,1.113,18.159,19.272,death,the-return-of-sherlock-holmes,1,,server-1,1,2,1,3.130,5.346,2.814
least-connections-cache-off-warm100,130,1,13.7077,12.852,23.872,36.724,he,emma,1,,server-2,1,2,1,1.652,3.466,2.814
least-connections-cache-off-warm100,130,1,13.7154,1.250,20.461,21.711,he,the-house-of-mirth,1,,server-3,1,2,1,1.652,3.466,7.004
least-connections-cache-off-warm100,130,1,13.7231,1.284,23.687,24.971,letter,far-from-the-madding-crowd,1,,server-1,1,1,1,3.924,4.282,3.652
least-connections-cache-off-warm100,130,1,13.7308,14.389,11.119,25.508,king,the-great-gatsby,1,,server-2,1,2,1,2.082,4.282,3.652
least-connections-cache-off-warm100,130,1,13.7385,1.284,11.674,12.958,you,the-mysterious-affair-at-styles,1,,server-3,1,2,1,2.082,4.282,5.561
least-connections-cache-off-warm100,130,1,13.7462,2.558,28.888,31.446,was,oliver-twist,1,,server-1,2,1,1,2.082,4.796,2.910
least-connections-cache-off-warm100,130,1,13.7538,1.321,12.328,13.649,you,the-secret-garden,1,,server-3,1,1,1,2.770,4.796,3.673
least-connections-cache-off-warm100,130,1,13.7615,1.436,28.817,30.254,you,great-expectations,1,,server-2,1,1,1,2.770,4.811,1.948
least-connections-cache-off-warm100,130,1,13.7692,1.187,17.073,18.260,letter,wuthering-heights,1,,server-3,1,1,1,2.770,2.571,3.169
least-connections-cache-off-warm100,130,1,13.7769,1.678,19.396,21.074,horse,a-connecticut-yankee-in-king-arthur-s-court,1,,server-1,2,1,1,2.770,2.571,1.686
least-connections-cache-off-warm100,130,1,13.7846,7.491,15.155,22.646,night,a-journey-to-the-centre-of-the-earth,1,,server-2,1,2,1,3.342,2.571,1.686
least-connections-cache-off-warm100,130,1,13.7923,1.561,9.812,11.374,death,the-kama-sutra-of-vatsyayana,1,,server-3,1,1,1,3.342,4.380,3.740
least-connections-cache-off-warm100,130,1,13.8000,1.408,10.670,12.078,king,his-last-bow,1,,server-1,1,1,1,5.204,4.380,1.980
least-connections-cache-off-warm100,130,1,13.8077,1.459,27.377,28.836,money,the-vicomte-de-bragelonne,1,,server-3,1,1,1,2.728,5.133,2.773
least-connections-cache-off-warm100,130,1,13.8154,1.271,15.323,16.594,heart,twenty-thousand-leagues-under-the-sea,1,,server-1,1,0,1,3.404,5.133,1.482
least-connections-cache-off-warm100,130,1,13.8231,1.830,9.007,10.837,heart,the-great-gatsby,1,,server-2,1,1,1,1.802,5.133,1.482
least-connections-cache-off-warm100,130,1,13.8308,6.464,21.473,27.936,letter,the-jungle,1,,server-3,1,1,2,1.802,2.709,1.482
least-connections-cache-off-warm100,130,1,13.8385,1.681,15.414,17.095,she,the-mystery-of-edwin-drood,1,,server-1,1,0,1,3.573,3.127,3.291
least-connections-cache-off-warm100,130,1,13.8462,1.363,18.802,20.165,and,the-portrait-of-a-lady-volume-1,1,,server-2,1,1,1,1.902,3.127,3.291
least-connections-cache-off-warm100,130,1,13.8538,5.639,16.897,22.536,love,madame-bovary,1,,server-3,1,1,2,1.902,1.675,3.291
least-connections-cache-off-warm100,130,1,13.8615,1.125,29.089,30.214,he,north-and-south,1,,server-1,1,1,1,3.654,1.675,3.445
least-connections-cache-off-warm100,130,1,13.8692,1.615,21.231,22.846,death,the-odyssey,1,,server-2,1,1,1,1.937,4.040,3.445
least-connections-cache-off-warm100,130,1,13.8769,1.636,17.638,19.275,house,the-divine-comedy,1,,server-3,1,1,1,1.937,2.138,4.861
least-connections-cache-off-warm100,130,1,13.8846,7.931,32.373,40.304,he,villette,1,,server-1,2,1,1,1.937,2.138,2.556
least-connections-cache-off-warm100,130,1,13.8923,1.436,13.582,15.017,house,persuasion,1,,server-2,1,2,1,4.608,4.733,2.556
least-connections-cache-off-warm100,130,1,13.9000,2.140,20.768,22.908,horse,madame-bovary,1,,server-3,1,1,1,3.720,2.485,4.412
least-connections-cache-off-warm100,130,1,13.9077,17.389,22.700,40.088,house,the-jungle,1,,server-1,2,1,1,3.720,3.709,2.384
least-connections-cache-off-warm100,130,1,13.9154,1.480,9.500,10.980,london,poirot-investigates,1,,server-2,2,1,1,3.720,3.709,2.384
least-connections-cache-off-warm100,130,1,13.9231,1.192,31.565,32.757,was,the-mysterious-island,1,,server-3,2,1,2,5.462,1.958,4.772
least-connections-cache-off-warm100,130,1,13.9308,1.476,24.739,26.215,castle,mansfield-park,1,,server-2,1,1,1,6.017,2.737,2.506
least-connections-cache-off-warm100,130,1,13.9385,18.086,28.795,46.880,he,villette,1,,server-3,1,1,2,6.017,1.476,2.506
least-connections-cache-off-warm100,130,1,13.9462,2.276,20.308,22.584,death,adventures-of-huckleberry-finn,1,,server-1,2,1,2,6.017,1.476,2.506
least-connections-cache-off-warm100,130,1,13.9538,3.751,28.936,32.688,london,the-jungle,1,,server-2,1,2,2,4.018,1.476,2.506
least-connections-cache-off-warm100,130,1,13.9615,24.247,19.720,43.967,sea,leaves-of-grass,1,,server-3,1,1,2,4.018,2.781,5.155
least-connections-cache-off-warm100,130,1,13.9692,1.044,25.530,26.574,money,the-return-of-sherlock-holmes-108,1,,server-1,1,1,2,5.777,2.781,5.155
least-connections-cache-off-warm100,130,1,13.9769,9.248,26.171,35.419,king,the-romance-of-lust-a-classic-victorian-erotic-novel,1,,server-2,1,2,2,3.020,2.781,5.155
least-connections-cache-off-warm100,130,1,13.9846,11.392,30.080,41.471,he,the-innocents-abroad,1,,server-1,2,2,2,3.020,3.393,5.155
least-connections-cache-off-warm100,130,1,13.9923,21.156,21.172,42.328,he,life-on-the-mississippi,1,,server-2,2,2,1,3.020,4.731,7.022
least-connections-cache-off-warm100,130,1,14.0000,6.323,18.656,24.978,king,a-connecticut-yankee-in-king-arthur-s-court,1,,server-3,1,2,2,4.553,4.731,7.022
least-connections-cache-off-warm100,130,1,14.0077,18.231,22.294,40.524,heart,the-iliad-2199,1,,server-1,2,2,1,4.553,4.731,4.435
least-connections-cache-off-warm100,130,1,14.0154,19.428,29.953,49.380,he,the-vicomte-de-bragelonne,1,,server-2,2,2,1,4.553,5.699,4.435
least-connections-cache-off-warm100,130,1,14.0231,2.088,25.563,27.651,night,dracula,1,,server-3,2,2,2,4.553,4.621,4.435
least-connections-cache-off-warm100,130,1,14.0308,17.888,12.997,30.884,horse,the-lost-world,1,,server-1,2,2,1,6.814,4.621,3.104
least-connections-cache-off-warm100,130,1,14.0385,26.910,13.087,39.997,she,silas-marner,1,,server-2,2,2,1,6.814,6.318,3.104
least-connections-cache-off-warm100,130,1,14.0462,5.523,21.594,27.117,king,a-tale-of-two-cities,1,,server-3,2,2,2,6.814,6.318,3.104
least-connections-cache-off-warm100,130,1,14.0538,8.258,27.121,35.379,he,emma,1,,server-1,2,2,1,5.866,6.318,3.537
least-connections-cache-off-warm100,130,1,14.0615,12.077,24.797,36.874,love,the-adventures-of-ferdinand-count-fathom-complete,1,,server-3,2,2,2,7.172,6.318,3.537
least-connections-cache-off-warm100,130,1,14.0692,20.538,11.949,32.487,horse,the-lost-world,1,,server-1,2,1,2,3.736,7.153,3.537
least-connections-cache-off-warm100,130,1,14.0769,2.091,20.454,22.545,was,madame-bovary,1,,server-2,2,2,1,3.736,7.153,4.072
least-connections-cache-off-warm100,130,1,14.0846,14.372,29.505,43.877,the,a-tale-of-two-cities,1,,server-3,2,1,2,3.736,3.560,4.072
least-connections-cache-off-warm100,130,1,14.0923,10.015,30.382,40.397,night,little-women,1,,server-1,2,1,2,5.443,3.560,4.072
least-connections-cache-off-warm100,130,1,14.1000,1.347,30.304,31.652,letter,the-mysterious-island,1,,server-2,2,1,1,5.443,5.519,4.768
least-connections-cache-off-warm100,130,1,14.1077,20.993,17.170,38.163,heart,the-memoirs-of-sherlock-holmes,1,,server-3,1,1,2,3.690,2.891,4.768
least-connections-cache-off-warm100,130,1,14.1154,18.220,25.857,44.076,letter,dracula,1,,server-1,2,1,2,3.690,2.891,4.768
least-connections-cache-off-warm100,130,1,14.1231,9.759,14.104,23.862,house,persuasion,1,,server-2,2,2,2,3.690,2.891,4.768
least-connections-cache-off-warm100,130,1,14.1308,13.634,23.234,36.868,sea,life-on-the-mississippi,1,,server-3,2,2,2,3.690,8.296,6.337
least-connections-cache-off-warm100,130,1,14.1385,21.399,16.457,37.856,was,the-memoirs-of-sherlock-holmes,1,,server-1,2,1,2,5.856,4.531,5.116
least-connections-cache-off-warm100,130,1,14.1462,1.578,26.699,28.278,sea,the-tenant-of-wildfell-hall,1,,server-2,2,2,1,5.856,4.531,5.688
least-connections-cache-off-warm100,130,1,14.1538,14.687,16.135,30.823,he,agnes-grey,1,,server-3,2,1,2,5.856,2.694,5.688
least-connections-cache-off-warm100,130,1,14.1615,14.943,14.784,29.727,money,the-war-of-the-worlds,1,,server-1,2,1,2,6.101,2.694,5.688
least-connections-cache-off-warm100,130,1,14.1692,5.861,16.525,22.386,money,meditations,1,,server-2,2,2,1,5.038,2.694,5.406
least-connections-cache-off-warm100,130,1,14.1769,8.466,19.484,27.949,king,sense-and-sensibility,1,,server-3,1,1,2,5.421,3.620,5.406
least-connections-cache-off-warm100,130,1,14.1846,7.295,16.553,23.848,castle,twenty-thousand-leagues-under-the-sea,1,,server-1,2,1,2,5.421,3.620,7.414
least-connections-cache-off-warm100,130,1,14.1923,1.160,18.704,19.863,was,the-odyssey,1,,server-2,1,1,1,3.648,4.925,3.865
least-connections-cache-off-warm100,130,1,14.2000,5.242,19.372,24.614,horse,leaves-of-grass,1,,server-3,1,1,2,3.648,2.590,3.865
least-connections-cache-off-warm100,130,1,14.2077,1.301,26.497,27.797,heart,thus-spake-zarathustra-a-book-for-all-and-none,1,,server-1,2,1,1,3.648,2.590,3.322
least-connections-cache-off-warm100,130,1,14.2154,1.457,24.509,25.966,king,the-iliad-2199,1,,server-2,1,1,1,2.627,4.613,3.322
least-connections-cache-off-warm100,130,1,14.2231,2.174,26.435,28.609,the,desperate-remedies,1,,server-3,1,1,2,2.627,2.430,3.322
least-connections-cache-off-warm100,130,1,14.2308,5.693,11.838,17.531,london,frankenstein-or-the-modern-prometheus-41445,1,,server-1,2,1,1,2.627,2.430,2.775
least-connections-cache-off-warm100,130,1,14.2385,3.306,22.253,25.559,letter,a-tale-of-two-cities,1,,server-2,1,2,1,3.507,2.430,2.775
least-connections-cache-off-warm100,130,1,14.2462,6.345,19.287,25.631,of,the-odyssey,1,,server-3,1,1,2,3.507,3.004,2.775
least-connections-cache-off-warm100,130,1,14.2538,1.695,26.736,28.430,castle,the-romance-of-lust-a-classic-victorian-erotic-novel,1,,server-1,1,1,1,4.073,3.004,3.772
least-connections-cache-off-warm100,130,1,14.2615,3.088,28.800,31.888,he,little-women,1,,server-2,1,2,1,2.158,3.004,3.772
least-connections-cache-off-warm100,130,1,14.2692,2.969,9.092,12.061,money,poirot-investigates,1,,server-3,1,1,2,2.158,3.061,3.772
least-connections-cache-off-warm100,130,1,14.2769,6.115,25.087,31.201,he,tess-of-the-d-urbervilles-a-pure-woman,1,,server-1,2,1,1,2.158,3.061,3.023
least-connections-cache-off-warm100,130,1,14.2846,1.214,11.858,13.072,the,a-princess-of-mars,1,,server-3,1,1,1,3.435,3.061,3.332
least-connections-cache-off-warm100,130,1,14.2923,16.584,16.979,33.563,king,the-mystery-of-edwin-drood,1,,server-1,2,1,1,3.435,3.061,1.766
least-connections-cache-off-warm100,130,1,14.3000,1.192,28.202,29.393,and,the-mysterious-island,1,,server-2,2,1,0,3.435,6.505,2.988
least-connections-cache-off-warm100,130,1,14.3077,1.348,13.449,14.798,heart,meditations,1,,server-3,2,1,1,7.655,3.401,2.988
least-connections-cache-off-warm100,130,1,14.3154,8.863,32.445,41.308,letter,villette,1,,server-1,2,1,1,5.165,3.401,1.590
least-connections-cache-off-warm100,130,1,14.3231,1.493,13.391,14.884,sea,around-the-world-in-eighty-days,1,,server-3,2,1,1,5.165,3.401,3.130
least-connections-cache-off-warm100,130,1,14.3308,1.572,19.434,21.006,he,a-tale-of-two-cities,1,,server-2,1,1,1,4.716,6.662,1.680
least-connections-cache-off-warm100,130,1,14.3385,1.574,24.752,26.326,letter,far-from-the-madding-crowd,1,,server-3,1,1,1,4.716,3.480,3.180
least-connections-cache-off-warm100,130,1,14.3462,11.194,17.807,29.001,was,the-return-of-sherlock-holmes-108,1,,server-1,2,1,1,4.716,3.480,1.727
least-connections-cache-off-warm100,130,1,14.3538,1.428,30.607,32.035,she,the-iliad-2199,1,,server-2,2,1,1,4.716,5.291,1.727
least-connections-cache-off-warm100,130,1,14.3615,4.094,12.128,16.222,night,beyond-good-and-evil,1,,server-3,1,1,2,5.147,2.773,1.727
least-connections-cache-off-warm100,130,1,14.3692,6.729,11.148,17.877,king,the-kama-sutra-of-vatsyayana,1,,server-1,2,1,1,5.147,2.773,2.900
least-connections-cache-off-warm100,130,1,14.3769,9.875,25.875,35.749,horse,desperate-remedies,1,,server-2,1,2,1,3.759,2.773,2.900
least-connections-cache-off-warm100,130,1,14.3846,1.628,15.410,17.038,the,silas-marner,1,,server-3,1,2,1,3.759,2.773,3.740
least-connections-cache-off-warm100,130,1,14.3923,2.241,16.236,18.477,the,grimms-fairy-tales,1,,server-1,1,1,1,4.101,4.347,2.030
least-connections-cache-off-warm100,130,1,14.4000,13.264,15.149,28.413,house,myths-and-legends-of-ancient-greece-and-rome,1,,server-2,1,2,1,2.203,4.347,2.030
least-connections-cache-off-warm100,130,1,14.4077,1.480,13.408,14.887,horse,washington-square,1,,server-3,1,2,1,2.203,4.347,3.696
least-connections-cache-off-warm100,130,1,14.4154,1.231,28.765,29.996,of,north-and-south,1,,server-1,1,1,1,3.925,4.833,1.958
least-connections-cache-off-warm100,130,1,14.4231,1.183,10.485,11.668,you,his-last-bow,1,,server-3,1,1,1,2.076,4.833,3.345
least-connections-cache-off-warm100,130,1,14.4308,1.177,19.327,20.504,the,the-odyssey,1,,server-2,1,1,1,2.076,5.485,1.780
least-connections-cache-off-warm100,130,1,14.4385,1.018,28.709,29.727,death,the-moonstone,1,,server-3,1,1,1,2.076,2.859,2.799
least-connections-cache-off-warm100,130,1,14.4462,1.637,18.793,20.430,house,the-adventures-of-sherlock-holmes,1,,server-1,1,1,1,5.870,2.859,1.493
least-connections-cache-off-warm100,130,1,14.4538,1.030,9.722,10.752,heart,the-lost-world,1,,server-2,1,1,1,3.113,4.883,1.493
least-connections-cache-off-warm100,130,1,14.4615,6.949,38.138,45.087,house,the-romance-of-lust-a-classic-victorian-erotic-novel,1,,server-3,1,1,2,3.113,2.550,1.493
least-connections-cache-off-warm100,130,1,14.4692,1.233,24.127,25.361,of,the-age-of-innocence,1,,server-1,1,0,1,4.929,3.140,3.967
least-connections-cache-off-warm100,130,1,14.4769,1.555,12.036,13.591,and,the-hound-of-the-baskervilles-3070,1,,server-2,1,1,1,2.583,3.140,3.967
least-connections-cache-off-warm100,130,1,14.4846,22.218,9.955,32.173,whale,the-jungle-book,1,,server-3,1,1,2,2.583,1.676,3.967
least-connections-cache-off-warm100,130,1,14.4923,1.724,14.789,16.512,heart,the-adventures-of-sherlock-holmes,1,,server-2,1,1,2,2.583,2.935,3.967
least-connections-cache-off-warm100,130,1,14.5000,1.324,33.908,35.232,was,the-innocents-abroad,1,,server-1,1,1,2,5.493,1.549,3.967
least-connections-cache-off-warm100,130,1,14.5077,1.831,18.469,20.300,of,thus-spake-zarathustra-a-book-for-all-and-none,1,,server-2,1,2,1,2.879,1.549,6.937
least-connections-cache-off-warm100,130,1,14.5154,1.975,11.963,13.938,london,the-adventures-of-tom-sawyer-complete,1,,server-3,1,1,2,2.879,1.840,6.937
least-connections-cache-off-warm100,130,1,14.5231,12.653,13.854,26.507,castle,a-journey-to-the-centre-of-the-earth,1,,server-1,2,1,1,2.879,1.840,3.138
least-connections-cache-off-warm100,130,1,14.5308,1.104,18.890,19.994,castle,a-connecticut-yankee-in-king-arthur-s-court,1,,server-2,2,1,0,2.879,4.052,3.863
least-connections-cache-off-warm100,130,1,14.5385,1.466,16.560,18.026,letter,the-return-of-sherlock-holmes,1,,server-3,1,1,1,4.921,2.124,3.863
least-connections-cache-off-warm100,130,1,14.5462,3.953,25.334,29.287,heart,life-on-the-mississippi,1,,server-1,2,1,1,4.921,2.124,2.048
least-connections-cache-off-warm100,130,1,14.5538,1.830,15.529,17.359,castle,the-king-in-yellow,1,,server-2,1,1,1,3.082,4.326,2.048
least-connections-cache-off-warm100,130,1,14.5615,1.521,18.372,19.893,whale,the-last-of-the-mohicans-a-narrative-of-1757-27681,1,,server-3,1,1,1,3.082,2.320,3.917
least-connections-cache-off-warm100,130,1,14.5692,7.018,15.583,22.601,sea,desert-gold,1,,server-1,2,1,1,3.082,2.320,2.075
least-connections-cache-off-warm100,130,1,14.5769,1.261,20.022,21.284,and,leaves-of-grass,1,,server-2,1,1,1,3.730,3.919,2.075
least-connections-cache-off-warm100,130,1,14.5846,1.876,27.693,29.569,she,the-adventures-of-ferdinand-count-fathom-complete,1,,server-3,1,1,1,3.730,2.097,4.235
least-connections-cache-off-warm100,130,1,14.5923,1.575,11.927,13.502,was,a-princess-of-mars,1,,server-1,1,1,1,4.848,2.097,2.247
least-connections-cache-off-warm100,130,1,14.6000,1.465,17.285,18.750,horse,the-scarlet-letter-33,1,,server-2,1,1,1,2.596,4.475,2.247
least-connections-cache-off-warm100,130,1,14.6077,1.491,9.788,11.279,heart,the-wind-in-the-willows,1,,server-1,1,1,1,3.528,2.356,2.247
least-connections-cache-off-warm100,130,1,14.6154,1.760,17.051,18.811,death,a-journey-to-the-centre-of-the-earth,1,,server-3,1,1,1,1.867,2.356,5.803
least-connections-cache-off-warm100,130,1,14.6231,1.241,9.398,10.639,and,the-great-gatsby,1,,server-1,1,0,1,2.727,4.253,3.051
least-connections-cache-off-warm100,130,1,14.6308,1.264,11.446,12.710,castle,the-lost-world,1,,server-2,1,1,1,1.458,4.253,3.051
least-connections-cache-off-warm100,130,1,14.6385,1.684,14.665,16.349,london,the-hound-of-the-baskervilles,1,,server-3,0,1,1,2.397,2.242,4.612
least-connections-cache-off-warm100,130,1,14.6462,1.390,14.716,16.106,castle,myths-and-legends-of-ancient-greece-and-rome,1,,server-1,1,0,1,2.397,3.218,2.455
least-connections-cache-off-warm100,130,1,14.6538,1.557,19.838,21.396,love,the-return-of-sherlock-holmes-108,1,,server-2,1,1,1,1.304,3.218,2.455
least-connections-cache-off-warm100,130,1,14.6615,1.390,15.961,17.351,money,the-adventures-of-tom-sawyer-complete,1,,server-3,1,1,1,1.304,1.711,3.854
least-connections-cache-off-warm100,130,1,14.6692,1.239,13.621,14.860,london,myths-and-legends-of-ancient-greece-and-rome,1,,server-1,1,1,1,3.148,1.711,2.038
least-connections-cache-off-warm100,130,1,14.6769,1.496,17.285,18.781,she,white-fang,1,,server-2,1,1,1,1.712,4.172,2.038
least-connections-cache-off-warm100,130,1,14.6846,1.375,26.793,28.168,she,the-tenant-of-wildfell-hall,1,,server-3,0,1,1,3.210,2.200,3.813
least-connections-cache-off-warm100,130,1,14.6923,1.310,26.414,27.724,castle,the-portrait-of-a-lady-volume-1,1,,server-1,1,1,1,3.210,2.200,2.022
least-connections-cache-off-warm100,130,1,14.7000,1.618,9.654,11.272,the,the-hound-of-the-baskervilles-3070,1,,server-2,1,1,1,1.710,4.128,2.022
least-connections-cache-off-warm100,130,1,14.7077,5.704,28.205,33.910,death,great-expectations,1,,server-3,1,1,2,1.710,2.183,2.022
least-connections-cache-off-warm100,130,1,14.7154,1.392,11.953,13.346,castle,herland,1,,server-2,1,1,1,1.710,2.880,3.353
least-connections-cache-off-warm100,130,1,14.7231,1.489,16.984,18.472,death,the-adventures-of-sherlock-holmes,1,,server-1,1,1,1,5.246,1.545,3.353
least-connections-cache-off-warm100,130,1,14.7308,1.475,25.069,26.544,he,jude-the-obscure,1,,server-2,1,1,1,2.751,2.847,3.353
least-connections-cache-off-warm100,130,1,14.7385,3.672,24.551,28.224,and,the-iliad-2199,1,,server-3,1,1,2,2.751,1.525,3.353
least-connections-cache-off-warm100,130,1,14.7462,1.491,11.799,13.290,night,the-hound-of-the-baskervilles,1,,server-1,1,1,1,4.363,1.525,3.716
least-connections-cache-off-warm100,130,1,14.7538,4.058,18.494,22.552,castle,the-last-of-the-mohicans-a-narrative-of-1757-27681,1,,server-2,1,2,1,2.308,1.525,3.716
least-connections-cache-off-warm100,130,1,14.7615,1.259,22.372,23.631,of,the-house-of-the-seven-gables,1,,server-1,1,1,1,3.338,2.874,3.716
least-connections-cache-off-warm100,130,1,14.7692,1.347,17.172,18.519,was,the-scarlet-letter-33,1,,server-3,1,1,1,1.772,2.874,6.245
least-connections-cache-off-warm100,130,1,14.7769,1.310,13.274,14.584,king,a-journey-to-the-centre-of-the-earth,1,,server-2,1,1,1,1.772,4.748,3.263
least-connections-cache-off-warm100,130,1,14.7846,3.690,17.473,21.163,you,madame-bovary,1,,server-3,1,1,2,5.792,2.518,3.263
least-connections-cache-off-warm100,130,1,14.7923,1.274,22.855,24.129,heart,the-american,1,,server-1,1,0,1,4.668,3.708,2.761
least-connections-cache-off-warm100,130,1,14.8000,1.457,17.495,18.952,castle,twenty-thousand-leagues-under-the-sea,1,,server-2,1,1,1,2.465,3.708,2.761
least-connections-cache-off-warm100,130,1,14.8077,1.434,15.604,17.037,he,agnes-grey,1,,server-3,1,1,1,2.465,1.990,4.517
least-connections-cache-off-warm100,130,1,14.8154,1.531,9.475,11.006,horse,the-hound-of-the-baskervilles-3070,1,,server-1,2,1,1,2.465,1.990,2.398
least-connections-cache-off-warm100,130,1,14.8231,1.223,14.157,15.380,the,the-scarlet-letter,1,,server-2,1,1,1,2.767,4.034,2.398
least-connections-cache-off-warm100,130,1,14.8308,1.297,21.349,22.646,money,jude-the-obscure,1,,server-3,0,1,1,3.251,2.146,3.992
least-connections-cache-off-warm100,130,1,14.8385,1.133,16.280,17.413,you,the-works-of-edgar-allan-poe-volume-2,1,,server-1,1,1,1,3.251,4.463,2.122
least-connections-cache-off-warm100,130,1,14.8462,1.547,14.562,16.109,heart,persuasion,1,,server-2,1,1,1,1.724,3.603,2.122
least-connections-cache-off-warm100,130,1,14.8538,1.266,17.812,19.078,london,adventures-of-huckleberry-finn,1,,server-3,1,1,1,1.724,1.954,4.753
least-connections-cache-off-warm100,130,1,14.8615,1.451,12.938,14.389,and,kidnapped,1,,server-1,1,1,1,3.675,1.954,2.492
least-connections-cache-off-warm100,130,1,14.8692,1.610,12.418,14.028,was,dubliners,1,,server-2,1,1,1,1.958,3.547,2.492
least-connections-cache-off-warm100,130,1,14.8769,1.244,12.963,14.207,he,the-lost-world,1,,server-3,0,1,1,3.252,1.940,4.396
least-connections-cache-off-warm100,130,1,14.8846,1.398,22.981,24.379,horse,the-adventures-of-sherlock-holmes,1,,server-1,1,0,1,3.252,3.165,2.309
least-connections-cache-off-warm100,130,1,14.8923,1.952,21.678,23.630,king,the-last-of-the-mohicans-a-narrative-of-1757-27681,1,,server-2,1,1,0,1.736,3.165,3.512
least-connections-cache-off-warm100,130,1,14.9000,1.772,12.595,14.368,house,frankenstein-or-the-modern-prometheus,1,,server-3,1,1,1,1.736,1.743,3.512
least-connections-cache-off-warm100,130,1,14.9077,1.746,22.256,24.002,sea,a-connecticut-yankee-in-king-arthur-s-court,1,,server-1,2,1,1,1.736,1.743,1.871
least-connections-cache-off-warm100,130,1,14.9154,1.280,20.423,21.703,you,leaves-of-grass,1,,server-3,1,1,1,2.510,1.743,3.148
least-connections-cache-off-warm100,130,1,14.9231,1.284,17.410,18.694,london,the-adventures-of-sherlock-holmes,1,,server-2,1,1,1,2.510,4.508,1.677
least-connections-cache-off-warm100,130,1,14.9308,6.499,22.099,28.598,money,mansfield-park,1,,server-3,1,1,2,2.510,2.387,1.677
least-connections-cache-off-warm100,130,1,14.9385,1.699,20.873,22.572,sea,grimms-fairy-tales,1,,server-1,1,1,1,5.095,2.387,2.767
least-connections-cache-off-warm100,130,1,14.9462,1.526,16.980,18.507,of,grimms-fairy-tales,1,,server-2,1,1,1,2.681,4.265,2.767
least-connections-cache-off-warm100,130,1,14.9538,6.170,13.216,19.386,horse,persuasion,1,,server-3,1,1,2,2.681,2.266,2.767
least-connections-cache-off-warm100,130,1,14.9615,1.538,13.053,14.591,was,the-warden,1,,server-1,2,1,1,5.019,2.266,3.236
least-connections-cache-off-warm100,130,1,14.9692,1.470,13.537,15.007,was,frankenstein-or-the-modern-prometheus,1,,server-2,1,1,1,2.651,4.136,3.236
least-connections-cache-off-warm100,130,1,14.9769,1.462,15.640,17.102,london,the-lost-world,1,,server-3,0,1,1,3.733,2.183,4.112
least-connections-cache-off-warm100,130,1,14.9846,1.632,13.124,14.755,castle,the-war-of-the-worlds,1,,server-1,1,0,1,3.733,3.513,2.176
least-connections-cache-off-warm100,130,1,14.9923,1.401,13.604,15.005,he,the-hound-of-the-baskervilles-3070,1,,server-2,1,1,1,2.005,3.513,2.176
