label,rate,run,t_s,conn_ms,rpc_ms,total_ms,keyword,reference,ok,error_type,selected_server,server_1_connections,server_2_connections,server_3_connections,server_1_response_ewma_ms,server_2_response_ewma_ms,server_3_response_ewma_ms
least-response-time-cache-off-warm100,90,3,0.0000,1.186,21.508,22.694,he,the-secret-garden,1,,server-2,0,1,0,62.274,46.823,47.515
least-response-time-cache-off-warm100,90,3,0.0111,11.840,20.745,32.585,you,grimms-fairy-tales,1,,server-2,0,2,0,62.274,24.037,47.515
least-response-time-cache-off-warm100,90,3,0.0222,1.232,42.858,44.090,of,cranford,1,,server-2,0,3,0,62.274,23.453,47.515
least-response-time-cache-off-warm100,90,3,0.0333,33.715,66.072,99.787,money,the-return-of-sherlock-holmes,1,,server-2,0,3,0,62.274,5.619,47.515
least-response-time-cache-off-warm100,90,3,0.0444,23.478,106.190,129.668,night,cranford,1,,server-2,0,4,0,62.274,6.972,47.515
least-response-time-cache-off-warm100,90,3,0.0556,12.584,45.268,57.852,heart,the-scarlet-letter,1,,server-2,0,5,0,62.274,6.972,47.515
least-response-time-cache-off-warm100,90,3,0.0667,3.594,150.278,153.872,was,far-from-the-madding-crowd,1,,server-2,0,4,0,62.274,11.321,47.515
least-response-time-cache-off-warm100,90,3,0.0778,50.678,133.245,183.923,and,the-secret-garden-17396,1,,server-2,0,5,0,62.274,2.833,47.515
least-response-time-cache-off-warm100,90,3,0.0889,72.685,74.912,147.598,and,myths-and-legends-of-ancient-greece-and-rome,1,,server-2,0,6,0,62.274,2.833,47.515
least-response-time-cache-off-warm100,90,3,0.1000,121.597,27.934,149.531,the,persuasion,1,,server-2,0,7,0,62.274,2.833,47.515
least-response-time-cache-off-warm100,90,3,0.1111,122.457,44.965,167.422,night,hard-times,1,,server-2,0,8,0,62.274,2.833,47.515
least-response-time-cache-off-warm100,90,3,0.1222,111.358,70.761,182.119,death,jane-eyre-an-autobiography,1,,server-2,0,9,0,62.274,17.521,47.515
least-response-time-cache-off-warm100,90,3,0.1333,104.849,113.249,218.098,castle,the-romance-of-lust-a-classic-victorian-erotic-novel,1,,server-2,0,9,0,62.274,22.288,47.515
least-response-time-cache-off-warm100,90,3,0.1444,117.902,111.917,229.820,she,thus-spake-zarathustra-a-book-for-all-and-none,1,,server-2,0,10,0,62.274,22.288,47.515
least-response-time-cache-off-warm100,90,3,0.1556,107.253,109.547,216.799,london,oliver-twist,1,,server-2,0,11,0,62.274,22.288,47.515
least-response-time-cache-off-warm100,90,3,0.1667,111.897,176.683,288.580,letter,the-lost-world,1,,server-2,0,12,0,62.274,22.997,47.515
least-response-time-cache-off-warm100,90,3,0.1778,127.533,138.363,265.896,and,great-expectations,1,,server-2,0,12,0,62.274,37.970,47.515
least-response-time-cache-off-warm100,90,3,0.1889,157.882,98.586,256.467,he,the-hound-of-the-baskervilles,1,,server-2,0,13,0,62.274,37.970,47.515
least-response-time-cache-off-warm100,90,3,0.2000,171.905,106.481,278.387,love,the-last-of-the-mohicans-a-narrative-of-1757,1,,server-2,0,14,0,62.274,37.970,47.515
least-response-time-cache-off-warm100,90,3,0.2111,163.449,65.319,228.768,love,wuthering-heights,1,,server-2,0,15,0,62.274,37.970,47.515
least-response-time-cache-off-warm100,90,3,0.2222,1.125,29.254,30.380,house,north-and-south,1,,server-3,0,13,1,62.274,52.913,47.515
least-response-time-cache-off-warm100,90,3,0.2333,19.829,19.731,39.559,she,the-last-of-the-mohicans-a-narrative-of-1757-27681,1,,server-3,0,13,2,62.274,37.978,24.404
least-response-time-cache-off-warm100,90,3,0.2444,9.457,34.868,44.325,letter,walden-and-on-the-duty-of-civil-disobedience,1,,server-3,0,13,3,62.274,25.543,24.404
least-response-time-cache-off-warm100,90,3,0.2556,18.860,38.641,57.501,was,the-great-gatsby,1,,server-3,0,13,3,62.274,28.529,7.352
least-response-time-cache-off-warm100,90,3,0.2667,8.057,28.745,36.802,london,treasure-island,1,,server-3,0,11,4,62.274,33.431,7.352
least-response-time-cache-off-warm100,90,3,0.2778,12.770,55.370,68.139,of,far-from-the-madding-crowd,1,,server-3,0,10,4,62.274,42.398,5.924
least-response-time-cache-off-warm100,90,3,0.2889,3.352,50.311,53.663,she,myths-and-legends-of-ancient-greece-and-rome,1,,server-3,0,10,4,62.274,22.351,10.525
least-response-time-cache-off-warm100,90,3,0.3000,28.818,73.884,102.702,he,oliver-twist,1,,server-3,0,10,5,62.274,22.351,4.933
least-response-time-cache-off-warm100,90,3,0.3111,31.955,79.279,111.233,whale,madame-bovary,1,,server-3,0,8,5,62.274,44.177,5.872
least-response-time-cache-off-warm100,90,3,0.3222,24.339,94.292,118.631,castle,wuthering-heights,1,,server-3,0,8,6,62.274,44.177,9.448
least-response-time-cache-off-warm100,90,3,0.3333,12.716,59.268,71.984,the,the-first-men-in-the-moon,1,,server-3,0,8,7,62.274,44.177,12.111
least-response-time-cache-off-warm100,90,3,0.3444,3.280,37.720,41.000,london,washington-square,1,,server-3,0,8,7,62.274,44.177,12.170
least-response-time-cache-off-warm100,90,3,0.3556,27.999,75.103,103.103,sea,desert-gold,1,,server-3,0,8,6,62.274,71.623,4.129
least-response-time-cache-off-warm100,90,3,0.3667,77.401,96.526,173.928,london,the-first-men-in-the-moon,1,,server-3,0,8,7,62.274,71.623,4.129
least-response-time-cache-off-warm100,90,3,0.3778,63.694,65.441,129.135,she,mary-barton,1,,server-3,0,5,8,62.274,27.375,6.811
least-response-time-cache-off-warm100,90,3,0.3889,67.578,131.559,199.137,london,oliver-twist,1,,server-3,0,5,9,62.274,27.375,13.142
least-response-time-cache-off-warm100,90,3,0.4000,44.371,59.560,103.931,she,the-house-of-mirth,1,,server-3,0,5,10,62.274,27.375,13.142
least-response-time-cache-off-warm100,90,3,0.4111,32.598,131.208,163.806,was,walden-and-on-the-duty-of-civil-disobedience,1,,server-3,0,5,11,62.274,27.375,27.064
least-response-time-cache-off-warm100,90,3,0.4222,34.159,56.745,90.904,was,north-and-south,1,,server-2,0,6,10,62.274,27.375,27.488
least-response-time-cache-off-warm100,90,3,0.4333,42.845,13.874,56.719,you,meditations,1,,server-2,0,7,8,62.274,27.375,27.488
least-response-time-cache-off-warm100,90,3,0.4444,16.128,218.518,234.646,she,treasure-island,1,,server-3,0,7,7,62.274,34.825,20.965
least-response-time-cache-off-warm100,90,3,0.4556,28.045,117.744,145.788,king,the-secret-garden-17396,1,,server-3,0,6,8,62.274,56.903,20.965
least-response-time-cache-off-warm100,90,3,0.4667,17.993,115.699,133.692,horse,the-prince,1,,server-3,0,3,8,62.274,21.839,12.046
least-response-time-cache-off-warm100,90,3,0.4778,63.034,74.864,137.898,money,white-fang,1,,server-3,0,3,9,62.274,21.302,12.046
least-response-time-cache-off-warm100,90,3,0.4889,18.408,93.831,112.238,whale,the-lost-world,1,,server-3,0,2,10,62.274,24.591,6.776
least-response-time-cache-off-warm100,90,3,0.5000,62.962,114.593,177.555,horse,the-american,1,,server-3,0,1,11,62.274,17.629,6.776
least-response-time-cache-off-warm100,90,3,0.5111,64.184,99.066,163.250,horse,north-and-south,1,,server-3,0,1,12,62.274,17.629,13.641
least-response-time-cache-off-warm100,90,3,0.5222,78.200,98.038,176.238,castle,a-princess-of-mars,1,,server-3,0,0,13,62.274,20.249,13.185
least-response-time-cache-off-warm100,90,3,0.5333,80.121,72.037,152.157,house,the-jungle-book,1,,server-3,0,0,14,62.274,20.249,13.185
least-response-time-cache-off-warm100,90,3,0.5444,1.339,20.907,22.245,and,the-return-of-sherlock-holmes,1,,server-2,0,1,12,62.274,20.249,27.699
least-response-time-cache-off-warm100,90,3,0.5556,11.988,45.417,57.405,horse,little-women,1,,server-2,0,2,12,62.274,10.437,27.699
least-response-time-cache-off-warm100,90,3,0.5667,1.779,41.137,42.916,king,persuasion,1,,server-2,0,3,11,62.274,9.657,27.917
least-response-time-cache-off-warm100,90,3,0.5778,36.007,27.511,63.518,you,the-works-of-edgar-allan-poe-volume-2,1,,server-2,0,3,11,62.274,3.451,40.676
least-response-time-cache-off-warm100,90,3,0.5889,25.475,80.022,105.497,sea,the-portrait-of-a-lady-volume-1,1,,server-2,0,4,9,62.274,3.451,42.578
least-response-time-cache-off-warm100,90,3,0.6000,14.059,77.329,91.388,house,twenty-thousand-leagues-under-the-sea,1,,server-2,0,5,9,62.274,3.451,47.889
least-response-time-cache-off-warm100,90,3,0.6111,3.753,74.488,78.241,love,myths-and-legends-of-ancient-greece-and-rome,1,,server-2,0,6,9,62.274,10.717,43.421
least-response-time-cache-off-warm100,90,3,0.6222,69.504,39.042,108.546,she,beyond-good-and-evil,1,,server-2,0,5,5,62.274,2.453,24.483
least-response-time-cache-off-warm100,90,3,0.6333,61.691,37.662,99.352,was,the-king-in-yellow,1,,server-2,0,6,5,62.274,2.453,24.483
least-response-time-cache-off-warm100,90,3,0.6444,52.638,75.800,128.438,she,anne-of-green-gables,1,,server-2,0,7,5,62.274,9.512,24.483
least-response-time-cache-off-warm100,90,3,0.6556,77.391,107.655,185.046,heart,the-moonstone,1,,server-2,0,8,5,62.274,9.512,24.483
least-response-time-cache-off-warm100,90,3,0.6667,66.595,104.759,171.355,she,the-odyssey,1,,server-2,0,9,5,62.274,9.512,24.483
least-response-time-cache-off-warm100,90,3,0.6778,58.782,305.181,363.963,and,the-secret-adversary,1,,server-2,0,10,5,62.274,9.512,52.210
least-response-time-cache-off-warm100,90,3,0.6889,45.891,52.968,98.859,whale,meditations,1,,server-2,0,11,3,62.274,22.355,49.807
least-response-time-cache-off-warm100,90,3,0.7000,36.140,262.613,298.753,whale,dracula,1,,server-2,0,8,0,62.274,18.485,34.171
least-response-time-cache-off-warm100,90,3,0.7111,25.031,263.450,288.481,london,the-portrait-of-a-lady-volume-1,1,,server-2,0,9,0,62.274,18.485,34.171
least-response-time-cache-off-warm100,90,3,0.7222,45.607,86.422,132.029,horse,the-mystery-of-edwin-drood,1,,server-2,0,10,0,62.274,18.485,34.171
least-response-time-cache-off-warm100,90,3,0.7333,39.923,179.052,218.974,whale,life-on-the-mississippi,1,,server-2,0,11,0,62.274,13.801,34.171
least-response-time-cache-off-warm100,90,3,0.7444,41.960,206.765,248.725,death,grimms-fairy-tales,1,,server-2,0,10,0,62.274,7.081,34.171
least-response-time-cache-off-warm100,90,3,0.7556,34.712,208.340,243.052,horse,grimms-fairy-tales,1,,server-2,0,11,0,62.274,7.081,34.171
least-response-time-cache-off-warm100,90,3,0.7667,24.950,207.100,232.049,you,dracula,1,,server-2,0,12,0,62.274,7.081,34.171
least-response-time-cache-off-warm100,90,3,0.7778,103.566,165.125,268.691,the,dracula,1,,server-2,0,12,0,62.274,13.860,34.171
least-response-time-cache-off-warm100,90,3,0.7889,112.489,166.356,278.845,castle,the-jungle,1,,server-2,0,13,0,62.274,19.221,34.171
least-response-time-cache-off-warm100,90,3,0.8000,124.452,115.110,239.562,she,washington-square,1,,server-2,0,13,0,62.274,10.736,34.171
least-response-time-cache-off-warm100,90,3,0.8111,187.288,85.050,272.337,death,the-mystery-of-edwin-drood,1,,server-2,0,14,0,62.274,10.736,34.171
least-response-time-cache-off-warm100,90,3,0.8222,245.921,46.375,292.296,money,sense-and-sensibility,1,,server-2,0,15,0,62.274,10.736,34.171
least-response-time-cache-off-warm100,90,3,0.8333,234.746,59.472,294.218,castle,anne-of-green-gables,1,,server-2,0,16,0,62.274,10.736,34.171
least-response-time-cache-off-warm100,90,3,0.8444,224.917,43.567,268.484,you,northanger-abbey,1,,server-2,0,16,0,62.274,29.301,34.171
least-response-time-cache-off-warm100,90,3,0.8556,1.722,17.137,18.859,horse,myths-and-legends-of-ancient-greece-and-rome,1,,server-3,0,15,1,62.274,45.155,34.171
least-response-time-cache-off-warm100,90,3,0.8667,8.017,16.709,24.727,letter,the-lost-world,1,,server-3,0,15,2,62.274,45.155,17.576
least-response-time-cache-off-warm100,90,3,0.8778,14.258,28.254,42.513,love,poirot-investigates,1,,server-3,0,15,2,62.274,45.155,7.862
least-response-time-cache-off-warm100,90,3,0.8889,2.955,19.570,22.525,was,wuthering-heights,1,,server-3,0,14,3,62.274,34.421,7.862
least-response-time-cache-off-warm100,90,3,0.9000,21.557,27.748,49.305,night,the-adventures-of-sherlock-holmes,1,,server-3,0,14,3,62.274,49.501,3.030
least-response-time-cache-off-warm100,90,3,0.9111,10.684,34.933,45.617,night,the-lost-world,1,,server-3,0,14,4,62.274,39.938,6.227
least-response-time-cache-off-warm100,90,3,0.9222,4.539,64.318,68.856,king,jude-the-obscure,1,,server-3,0,14,3,62.274,46.971,4.020
least-response-time-cache-off-warm100,90,3,0.9333,24.082,10.762,34.844,she,the-wind-in-the-willows,1,,server-3,0,14,4,62.274,32.162,3.072
least-response-time-cache-off-warm100,90,3,0.9444,13.944,44.217,58.161,night,the-secret-adversary,1,,server-3,0,14,5,62.274,32.162,3.072
least-response-time-cache-off-warm100,90,3,0.9556,36.745,21.573,58.318,heart,his-last-bow,1,,server-3,0,14,4,62.274,61.326,5.868
least-response-time-cache-off-warm100,90,3,0.9667,36.228,39.464,75.692,was,little-women,1,,server-3,0,14,5,62.274,61.326,5.868
least-response-time-cache-off-warm100,90,3,0.9778,26.770,119.875,146.644,he,the-return-of-sherlock-holmes,1,,server-3,0,13,6,62.274,74.444,6.622
least-response-time-cache-off-warm100,90,3,0.9889,15.405,67.440,82.845,you,his-last-bow,1,,server-3,0,13,7,62.274,74.444,6.622
least-response-time-cache-off-warm100,90,3,1.0000,4.769,56.163,60.932,she,madame-bovary,1,,server-3,0,13,6,62.274,100.193,13.555
least-response-time-cache-off-warm100,90,3,1.0111,32.582,44.351,76.933,london,the-king-in-yellow,1,,server-3,0,11,6,62.274,83.406,3.874
least-response-time-cache-off-warm100,90,3,1.0222,21.293,109.995,131.288,london,mary-barton,1,,server-3,0,10,7,62.274,83.406,5.444
least-response-time-cache-off-warm100,90,3,1.0333,38.819,87.207,126.027,the,the-war-of-the-worlds,1,,server-3,0,10,8,62.274,83.406,5.444
least-response-time-cache-off-warm100,90,3,1.0444,30.151,82.062,112.213,and,the-last-of-the-mohicans-a-narrative-of-1757-27681,1,,server-3,0,9,7,62.274,109.593,8.830
least-response-time-cache-off-warm100,90,3,1.0556,82.831,104.517,187.348,the,twenty-thousand-leagues-under-the-sea,1,,server-3,0,9,8,62.274,119.763,8.830
least-response-time-cache-off-warm100,90,3,1.0667,90.307,24.913,115.221,heart,the-adventures-of-sherlock-holmes,1,,server-3,0,6,9,62.274,123.576,20.310
least-response-time-cache-off-warm100,90,3,1.0778,79.381,53.602,132.983,king,the-secret-adversary,1,,server-3,0,4,8,62.274,65.451,12.330
least-response-time-cache-off-warm100,90,3,1.0889,70.297,75.459,145.756,she,the-picture-of-dorian-gray,1,,server-3,0,3,9,62.274,41.336,19.018
least-response-time-cache-off-warm100,90,3,1.1000,62.784,70.445,133.229,love,the-jungle-book,1,,server-3,0,3,10,62.274,41.336,19.018
least-response-time-cache-off-warm100,90,3,1.1111,71.091,78.772,149.863,love,twenty-thousand-leagues-under-the-sea,1,,server-3,0,3,11,62.274,41.336,19.018
least-response-time-cache-off-warm100,90,3,1.1222,77.049,45.262,122.310,sea,kidnapped,1,,server-3,0,3,12,62.274,32.686,19.018
least-response-time-cache-off-warm100,90,3,1.1333,1.427,25.248,26.674,heart,the-last-of-the-mohicans-a-narrative-of-1757,1,,server-2,0,1,12,62.274,25.215,36.908
least-response-time-cache-off-warm100,90,3,1.1444,15.801,18.840,34.640,money,memoirs-of-fanny-hill,1,,server-2,0,2,12,62.274,13.006,43.756
least-response-time-cache-off-warm100,90,3,1.1556,4.591,29.767,34.358,house,a-princess-of-mars,1,,server-2,0,3,10,62.274,13.006,50.671
least-response-time-cache-off-warm100,90,3,1.1667,23.915,36.657,60.572,of,washington-square,1,,server-2,0,3,7,62.274,4.783,17.012
least-response-time-cache-off-warm100,90,3,1.1778,13.073,27.614,40.687,sea,the-romance-of-lust-a-classic-victorian-erotic-novel,1,,server-2,0,4,7,62.274,4.783,17.012
least-response-time-cache-off-warm100,90,3,1.1889,2.501,55.955,58.456,he,a-connecticut-yankee-in-king-arthur-s-court,1,,server-2,0,4,7,62.274,7.293,29.094
least-response-time-cache-off-warm100,90,3,1.2000,52.594,72.120,124.714,and,myths-and-legends-of-ancient-greece-and-rome,1,,server-2,0,4,7,62.274,2.692,26.502
least-response-time-cache-off-warm100,90,3,1.2111,37.017,25.765,62.782,night,tess-of-the-d-urbervilles-a-pure-woman,1,,server-2,0,5,7,62.274,2.692,29.359
least-response-time-cache-off-warm100,90,3,1.2222,26.100,90.858,116.958,castle,the-mysterious-affair-at-styles,1,,server-2,0,6,6,62.274,7.545,25.496
least-response-time-cache-off-warm100,90,3,1.2333,15.300,58.738,74.038,he,dubliners,1,,server-2,0,7,5,62.274,13.225,31.067
least-response-time-cache-off-warm100,90,3,1.2444,4.976,55.759,60.735,sea,a-connecticut-yankee-in-king-arthur-s-court,1,,server-2,0,8,4,62.274,13.225,24.524
least-response-time-cache-off-warm100,90,3,1.2556,46.473,64.029,110.503,king,villette,1,,server-2,0,6,2,62.274,6.338,24.524
least-response-time-cache-off-warm100,90,3,1.2667,55.107,99.873,154.980,heart,a-tale-of-two-cities,1,,server-2,0,7,0,62.274,6.338,24.013
least-response-time-cache-off-warm100,90,3,1.2778,60.068,97.792,157.860,she,the-last-of-the-mohicans-a-narrative-of-1757,1,,server-2,0,8,0,62.274,8.358,24.013
least-response-time-cache-off-warm100,90,3,1.2889,49.176,97.578,146.753,was,the-prince,1,,server-2,0,9,0,62.274,8.358,24.013
least-response-time-cache-off-warm100,90,3,1.3000,40.026,97.309,137.334,house,leaves-of-grass,1,,server-2,0,10,0,62.274,13.959,24.013
least-response-time-cache-off-warm100,90,3,1.3111,2.368,17.627,19.995,night,thus-spake-zarathustra-a-book-for-all-and-none,1,,server-3,0,8,1,62.274,26.752,24.013
least-response-time-cache-off-warm100,90,3,1.3222,9.524,20.800,30.324,letter,life-on-the-mississippi,1,,server-3,0,8,2,62.274,22.880,12.375
least-response-time-cache-off-warm100,90,3,1.3333,16.960,18.893,35.854,king,agnes-grey,1,,server-3,0,6,2,62.274,27.276,6.356
least-response-time-cache-off-warm100,90,3,1.3444,9.702,32.874,42.576,you,the-house-of-mirth,1,,server-3,0,5,3,62.274,12.923,5.108
least-response-time-cache-off-warm100,90,3,1.3556,13.549,45.100,58.649,king,wuthering-heights,1,,server-3,0,5,3,62.274,12.923,4.569
least-response-time-cache-off-warm100,90,3,1.3667,3.184,73.580,76.764,death,sense-and-sensibility,1,,server-3,0,5,4,62.274,19.196,5.610
least-response-time-cache-off-warm100,90,3,1.3778,11.785,104.602,116.386,he,anne-of-green-gables,1,,server-3,0,5,4,62.274,15.619,3.399
least-response-time-cache-off-warm100,90,3,1.3889,1.526,54.716,56.243,castle,the-first-men-in-the-moon,1,,server-3,0,5,4,62.274,15.619,9.145
least-response-time-cache-off-warm100,90,3,1.4000,12.023,78.182,90.205,you,the-jungle-book,1,,server-3,0,5,5,62.274,15.619,3.349
least-response-time-cache-off-warm100,90,3,1.4111,35.930,91.135,127.066,of,anne-of-green-gables,1,,server-3,0,5,6,62.274,15.619,4.686
least-response-time-cache-off-warm100,90,3,1.4222,73.606,54.753,128.359,horse,frankenstein-or-the-modern-prometheus-41445,1,,server-3,0,4,7,62.274,31.828,11.943
least-response-time-cache-off-warm100,90,3,1.4333,65.840,86.153,151.993,and,jude-the-obscure,1,,server-3,0,4,7,62.274,31.828,14.489
least-response-time-cache-off-warm100,90,3,1.4444,60.899,103.690,164.589,money,the-american,1,,server-3,0,0,8,62.274,31.879,23.231
least-response-time-cache-off-warm100,90,3,1.4556,95.281,105.538,200.820,he,the-memoirs-of-sherlock-holmes,1,,server-3,0,0,7,62.274,31.879,16.135
least-response-time-cache-off-warm100,90,3,1.4667,84.985,107.220,192.206,she,the-memoirs-of-sherlock-holmes,1,,server-3,0,0,8,62.274,31.879,16.135
least-response-time-cache-off-warm100,90,3,1.4778,74.953,76.025,150.978,letter,the-lost-world,1,,server-3,0,0,9,62.274,31.879,18.262
least-response-time-cache-off-warm100,90,3,1.4889,91.883,92.675,184.558,death,thus-spake-zarathustra-a-book-for-all-and-none,1,,server-3,0,0,10,62.274,31.879,18.262
least-response-time-cache-off-warm100,90,3,1.5000,156.742,69.440,226.182,king,the-innocents-abroad,1,,server-3,0,0,10,62.274,31.879,18.937
least-response-time-cache-off-warm100,90,3,1.5111,162.408,81.744,244.152,horse,the-last-of-the-mohicans-a-narrative-of-1757,1,,server-3,0,0,11,62.274,31.879,19.355
least-response-time-cache-off-warm100,90,3,1.5222,151.315,146.146,297.461,he,the-tenant-of-wildfell-hall,1,,server-3,0,0,12,62.274,31.879,19.355
least-response-time-cache-off-warm100,90,3,1.5333,144.181,137.297,281.478,of,the-american,1,,server-3,0,0,13,62.274,31.879,19.355
least-response-time-cache-off-warm100,90,3,1.5444,131.389,75.649,207.039,you,the-return-of-sherlock-holmes-108,1,,server-3,0,0,13,62.274,31.879,23.853
least-response-time-cache-off-warm100,90,3,1.5556,122.310,134.782,257.092,whale,dracula,1,,server-3,0,0,12,62.274,31.879,20.935
least-response-time-cache-off-warm100,90,3,1.5667,113.666,175.093,288.760,was,the-kama-sutra-of-vatsyayana,1,,server-3,0,0,13,62.274,31.879,20.935
least-response-time-cache-off-warm100,90,3,1.5778,103.785,172.251,276.036,she,villette,1,,server-3,0,0,14,62.274,31.879,20.935
least-response-time-cache-off-warm100,90,3,1.5889,1.729,20.427,22.156,heart,persuasion,1,,server-2,0,1,14,62.274,31.879,34.293
least-response-time-cache-off-warm100,90,3,1.6000,12.482,19.612,32.094,the,the-first-men-in-the-moon,1,,server-2,0,2,14,62.274,16.395,34.293
least-response-time-cache-off-warm100,90,3,1.6111,3.207,49.449,52.656,the,the-vicomte-de-bragelonne,1,,server-2,0,3,13,62.274,12.583,50.649
least-response-time-cache-off-warm100,90,3,1.6222,11.189,49.267,60.455,house,madame-bovary,1,,server-2,0,3,13,62.274,4.483,50.649
least-response-time-cache-off-warm100,90,3,1.6333,31.619,80.768,112.387,money,leaves-of-grass,1,,server-2,0,3,13,62.274,5.282,44.655
least-response-time-cache-off-warm100,90,3,1.6444,20.314,46.589,66.903,and,the-moonstone,1,,server-2,0,4,13,62.274,4.255,44.655
least-response-time-cache-off-warm100,90,3,1.6556,9.549,78.501,88.049,castle,meditations,1,,server-2,0,5,12,62.274,4.255,44.655
least-response-time-cache-off-warm100,90,3,1.6667,18.908,78.890,97.798,whale,the-portrait-of-a-lady-volume-1,1,,server-2,0,5,10,62.274,6.227,58.958
least-response-time-cache-off-warm100,90,3,1.6778,7.421,88.792,96.213,whale,the-hound-of-the-baskervilles-3070,1,,server-2,0,6,8,62.274,6.227,37.063
least-response-time-cache-off-warm100,90,3,1.6889,41.192,67.037,108.229,she,the-song-of-the-lark,1,,server-2,0,6,8,62.274,6.049,28.656
least-response-time-cache-off-warm100,90,3,1.7000,73.341,51.885,125.225,letter,agnes-grey,1,,server-2,0,7,8,62.274,6.049,28.656
least-response-time-cache-off-warm100,90,3,1.7111,63.389,51.864,115.253,sea,the-secret-adversary,1,,server-2,0,8,8,62.274,13.957,28.656
least-response-time-cache-off-warm100,90,3,1.7222,77.888,45.310,123.198,whale,the-last-of-the-mohicans-a-narrative-of-1757,1,,server-2,0,9,8,62.274,13.879,28.656
least-response-time-cache-off-warm100,90,3,1.7333,64.980,124.350,189.330,you,the-moonstone,1,,server-2,0,9,8,62.274,14.410,35.835
least-response-time-cache-off-warm100,90,3,1.7444,56.106,115.918,172.024,the,north-and-south,1,,server-2,0,10,8,62.274,24.171,35.835
least-response-time-cache-off-warm100,90,3,1.7556,43.813,91.773,135.587,you,the-jungle,1,,server-2,0,11,7,62.274,26.046,42.131
least-response-time-cache-off-warm100,90,3,1.7667,53.078,49.482,102.559,she,the-works-of-edgar-allan-poe-volume-2,1,,server-3,0,10,8,62.274,42.653,42.131
least-response-time-cache-off-warm100,90,3,1.7778,33.571,140.628,174.200,you,the-iliad,1,,server-2,0,8,7,62.274,24.862,36.739
least-response-time-cache-off-warm100,90,3,1.7889,37.367,164.423,201.790,whale,the-return-of-sherlock-holmes-108,1,,server-2,0,9,7,62.274,24.862,36.739
least-response-time-cache-off-warm100,90,3,1.8000,116.617,58.590,175.207,was,desperate-remedies,1,,server-2,0,9,7,62.274,17.210,36.739
least-response-time-cache-off-warm100,90,3,1.8111,111.834,175.117,286.951,letter,the-vicomte-de-bragelonne,1,,server-2,0,10,7,62.274,10.772,36.739
least-response-time-cache-off-warm100,90,3,1.8222,100.250,103.609,203.858,sea,memoirs-of-fanny-hill,1,,server-2,0,11,4,62.274,10.772,29.464
least-response-time-cache-off-warm100,90,3,1.8333,91.651,164.536,256.187,night,persuasion,1,,server-2,0,12,4,62.274,17.148,29.464
least-response-time-cache-off-warm100,90,3,1.8444,81.716,76.897,158.613,horse,the-king-in-yellow,1,,server-2,0,12,3,62.274,17.148,29.464
least-response-time-cache-off-warm100,90,3,1.8556,92.885,117.525,210.411,whale,madame-bovary,1,,server-2,0,13,1,62.274,22.581,47.839
least-response-time-cache-off-warm100,90,3,1.8667,104.281,121.606,225.887,horse,the-scarlet-letter,1,,server-2,0,13,1,62.274,27.365,47.839
least-response-time-cache-off-warm100,90,3,1.8778,125.592,106.434,232.025,king,the-mysterious-affair-at-styles,1,,server-2,0,14,0,62.274,27.365,38.455
least-response-time-cache-off-warm100,90,3,1.8889,159.000,80.946,239.945,sea,thus-spake-zarathustra-a-book-for-all-and-none,1,,server-2,0,14,0,62.274,27.365,38.455
least-response-time-cache-off-warm100,90,3,1.9000,1.355,22.244,23.600,london,the-portrait-of-a-lady-volume-1,1,,server-3,0,14,1,62.274,45.737,38.455
least-response-time-cache-off-warm100,90,3,1.9111,13.176,23.253,36.429,and,the-iliad-2199,1,,server-3,0,14,2,62.274,45.737,19.763
least-response-time-cache-off-warm100,90,3,1.9222,2.102,41.966,44.068,you,a-connecticut-yankee-in-king-arthur-s-court,1,,server-3,0,13,3,62.274,38.820,19.763
least-response-time-cache-off-warm100,90,3,1.9333,15.463,43.813,59.276,king,the-last-of-the-mohicans-a-narrative-of-1757,1,,server-3,0,11,3,62.274,21.405,4.980
least-response-time-cache-off-warm100,90,3,1.9444,19.935,75.232,95.168,was,thus-spake-zarathustra-a-book-for-all-and-none,1,,server-3,0,11,4,62.274,21.405,4.980
least-response-time-cache-off-warm100,90,3,1.9556,12.035,40.933,52.968,castle,madame-bovary,1,,server-3,0,11,4,62.274,55.230,4.710
least-response-time-cache-off-warm100,90,3,1.9667,2.580,47.078,49.658,heart,beyond-good-and-evil,1,,server-3,0,11,5,62.274,55.230,9.159
least-response-time-cache-off-warm100,90,3,1.9778,58.943,22.284,81.227,she,white-fang,1,,server-3,0,10,5,62.274,34.582,3.365
least-response-time-cache-off-warm100,90,3,1.9889,51.850,53.113,104.963,of,the-romance-of-lust-a-classic-victorian-erotic-novel,1,,server-3,0,9,6,62.274,30.312,3.365
least-response-time-cache-off-warm100,90,3,2.0000,41.895,91.535,133.430,she,desert-gold,1,,server-3,0,9,7,62.274,61.735,11.330
least-response-time-cache-off-warm100,90,3,2.0111,30.686,28.158,58.844,house,the-scarlet-letter-33,1,,server-3,0,9,7,62.274,44.458,17.503
least-response-time-cache-off-warm100,90,3,2.0222,20.428,88.877,109.305,king,jude-the-obscure,1,,server-3,0,9,8,62.274,32.679,24.648
least-response-time-cache-off-warm100,90,3,2.0333,9.550,122.136,131.686,whale,the-moonstone,1,,server-3,0,7,9,62.274,62.664,24.648
least-response-time-cache-off-warm100,90,3,2.0444,45.775,103.220,148.996,was,jane-eyre-an-autobiography,1,,server-3,0,7,7,62.274,62.664,3.406
least-response-time-cache-off-warm100,90,3,2.0556,39.855,139.826,179.680,you,the-return-of-sherlock-holmes-108,1,,server-3,0,6,8,62.274,38.559,3.406
least-response-time-cache-off-warm100,90,3,2.0667,68.006,98.461,166.467,death,the-odyssey,1,,server-3,0,6,9,62.274,49.786,6.574
least-response-time-cache-off-warm100,90,3,2.0778,111.961,58.870,170.831,the,frankenstein-or-the-modern-prometheus-41445,1,,server-3,0,6,10,62.274,49.786,13.521
least-response-time-cache-off-warm100,90,3,2.0889,48.155,150.145,198.300,house,silas-marner,1,,server-3,0,6,11,62.274,49.786,13.521
least-response-time-cache-off-warm100,90,3,2.1000,93.653,172.207,265.860,the,the-works-of-edgar-allan-poe-volume-2,1,,server-3,0,3,10,62.274,60.980,16.291
least-response-time-cache-off-warm100,90,3,2.1111,84.622,157.762,242.384,heart,madame-bovary,1,,server-3,0,1,11,62.274,54.253,16.291
least-response-time-cache-off-warm100,90,3,2.1222,73.232,74.286,147.518,was,the-adventures-of-sherlock-holmes,1,,server-3,0,1,11,62.274,54.253,23.149
least-response-time-cache-off-warm100,90,3,2.1333,63.994,168.675,232.669,house,the-adventures-of-sherlock-holmes,1,,server-3,0,0,12,62.274,47.642,46.949
least-response-time-cache-off-warm100,90,3,2.1444,52.716,166.093,218.809,london,agnes-grey,1,,server-3,0,0,11,62.274,47.642,30.389
least-response-time-cache-off-warm100,90,3,2.1556,93.043,135.013,228.055,london,the-adventures-of-sherlock-holmes,1,,server-3,0,0,12,62.274,47.642,30.389
least-response-time-cache-off-warm100,90,3,2.1667,1.390,19.072,20.463,house,pride-and-prejudice,1,,server-2,0,1,12,62.274,47.642,48.519
least-response-time-cache-off-warm100,90,3,2.1778,9.550,18.038,27.589,she,twenty-thousand-leagues-under-the-sea,1,,server-2,0,2,12,62.274,24.460,48.519
least-response-time-cache-off-warm100,90,3,2.1889,16.901,14.627,31.528,death,the-mysterious-affair-at-styles,1,,server-2,0,2,12,62.274,10.644,48.519
least-response-time-cache-off-warm100,90,3,2.2000,49.885,116.223,166.108,and,white-fang,1,,server-3,0,2,11,62.274,10.644,8.838
least-response-time-cache-off-warm100,90,3,2.2111,9.839,19.055,28.894,night,wuthering-heights,1,,server-2,0,2,11,62.274,6.573,8.838
least-response-time-cache-off-warm100,90,3,2.2222,15.914,29.106,45.020,he,his-last-bow,1,,server-2,0,2,11,62.274,4.239,18.549
least-response-time-cache-off-warm100,90,3,2.2333,7.082,28.032,35.115,night,the-memoirs-of-sherlock-holmes,1,,server-2,0,3,11,62.274,3.558,27.548
least-response-time-cache-off-warm100,90,3,2.2444,24.508,39.796,64.304,castle,the-return-of-sherlock-holmes,1,,server-2,0,3,10,62.274,3.625,42.174
least-response-time-cache-off-warm100,90,3,2.2556,14.075,70.101,84.176,he,jane-eyre-an-autobiography,1,,server-2,0,4,9,62.274,3.625,19.774
least-response-time-cache-off-warm100,90,3,2.2667,3.235,42.522,45.757,of,mansfield-park,1,,server-2,0,5,9,62.274,6.949,19.180
least-response-time-cache-off-warm100,90,3,2.2778,58.871,29.356,88.227,and,grimms-fairy-tales,1,,server-2,0,4,8,62.274,2.938,29.965
least-response-time-cache-off-warm100,90,3,2.2889,51.218,94.667,145.885,and,kidnapped,1,,server-2,0,5,8,62.274,2.938,38.206
least-response-time-cache-off-warm100,90,3,2.3000,40.374,71.982,112.356,and,desperate-remedies,1,,server-2,0,6,7,62.274,2.938,31.799
least-response-time-cache-off-warm100,90,3,2.3111,30.748,213.856,244.604,letter,beyond-good-and-evil,1,,server-2,0,7,7,62.274,10.167,31.799
least-response-time-cache-off-warm100,90,3,2.3222,20.289,65.955,86.243,was,tess-of-the-d-urbervilles-a-pure-woman,1,,server-2,0,8,7,62.274,14.504,31.799
least-response-time-cache-off-warm100,90,3,2.3333,11.033,212.391,223.424,king,frankenstein-or-the-modern-prometheus-41445,1,,server-2,0,9,7,62.274,14.504,31.799
least-response-time-cache-off-warm100,90,3,2.3444,64.289,135.411,199.699,sea,the-tenant-of-wildfell-hall,1,,server-2,0,7,7,62.274,5.256,31.799
least-response-time-cache-off-warm100,90,3,2.3556,75.946,109.333,185.279,whale,the-vicomte-de-bragelonne,1,,server-2,0,8,6,62.274,5.256,56.579
least-response-time-cache-off-warm100,90,3,2.3667,100.170,178.047,278.217,was,anne-of-green-gables,1,,server-2,0,9,4,62.274,11.394,94.999
least-response-time-cache-off-warm100,90,3,2.3778,63.494,206.399,269.893,king,pride-and-prejudice,1,,server-2,0,10,4,62.274,11.394,94.999
least-response-time-cache-off-warm100,90,3,2.3889,56.187,176.559,232.746,the,the-secret-garden,1,,server-2,0,11,0,62.274,11.394,57.382
least-response-time-cache-off-warm100,90,3,2.4000,66.208,177.656,243.864,death,frankenstein-or-the-modern-prometheus,1,,server-2,0,12,0,62.274,11.394,57.382
least-response-time-cache-off-warm100,90,3,2.4111,148.267,65.787,214.054,love,adventures-of-huckleberry-finn,1,,server-2,0,13,0,62.274,24.610,57.382
least-response-time-cache-off-warm100,90,3,2.4222,221.766,45.380,267.146,death,treasure-island,1,,server-2,0,13,0,62.274,38.370,57.382
least-response-time-cache-off-warm100,90,3,2.4333,148.852,76.220,225.071,she,black-beauty,1,,server-2,0,14,0,62.274,31.564,57.382
least-response-time-cache-off-warm100,90,3,2.4444,198.962,91.548,290.510,you,the-iliad,1,,server-2,0,14,0,62.274,33.729,57.382
least-response-time-cache-off-warm100,90,3,2.4556,194.130,26.959,221.089,the,the-mystery-of-edwin-drood,1,,server-2,0,15,0,62.274,33.729,57.382
least-response-time-cache-off-warm100,90,3,2.4667,194.560,106.239,300.799,of,the-american,1,,server-2,0,16,0,62.274,24.316,57.382
least-response-time-cache-off-warm100,90,3,2.4778,183.539,102.725,286.264,horse,beyond-good-and-evil,1,,server-2,0,16,0,62.274,24.316,57.382
least-response-time-cache-off-warm100,90,3,2.4889,201.377,113.748,315.125,love,the-secret-garden,1,,server-2,0,17,0,62.274,24.316,57.382
least-response-time-cache-off-warm100,90,3,2.5000,189.388,185.085,374.473,she,wuthering-heights,1,,server-2,0,18,0,62.274,24.316,57.382
least-response-time-cache-off-warm100,90,3,2.5111,221.414,117.546,338.960,letter,the-secret-garden-17396,1,,server-2,0,19,0,62.274,24.316,57.382
least-response-time-cache-off-warm100,90,3,2.5222,213.649,136.303,349.952,night,northanger-abbey,1,,server-2,0,20,0,62.274,24.316,57.382
least-response-time-cache-off-warm100,90,3,2.5333,234.400,72.990,307.390,sea,meditations,1,,server-2,0,21,0,62.274,24.316,57.382
least-response-time-cache-off-warm100,90,3,2.5444,1.746,13.897,15.643,he,black-beauty,1,,server-3,0,19,1,62.274,70.609,57.382
least-response-time-cache-off-warm100,90,3,2.5556,5.363,26.791,32.154,heart,the-return-of-sherlock-holmes-108,1,,server-3,0,19,2,62.274,99.127,29.494
least-response-time-cache-off-warm100,90,3,2.5667,21.458,56.429,77.886,he,desperate-remedies,1,,server-3,0,17,2,62.274,56.665,11.225
least-response-time-cache-off-warm100,90,3,2.5778,10.611,60.291,70.902,he,villette,1,,server-3,0,17,3,62.274,56.665,11.225
least-response-time-cache-off-warm100,90,3,2.5889,2.658,66.632,69.291,night,white-fang,1,,server-3,0,16,3,62.274,59.812,4.706
least-response-time-cache-off-warm100,90,3,2.6000,44.875,87.445,132.319,night,persuasion,1,,server-3,0,16,4,62.274,59.812,3.341
least-response-time-cache-off-warm100,90,3,2.6111,37.583,58.821,96.404,love,around-the-world-in-eighty-days,1,,server-3,0,16,5,62.274,59.812,3.341
least-response-time-cache-off-warm100,90,3,2.6222,34.728,54.518,89.246,the,the-portrait-of-a-lady-volume-1,1,,server-3,0,16,6,62.274,78.945,8.422
least-response-time-cache-off-warm100,90,3,2.6333,15.612,25.948,41.560,he,the-adventures-of-tom-sawyer-complete,1,,server-3,0,16,7,62.274,86.555,8.422
least-response-time-cache-off-warm100,90,3,2.6444,16.499,77.727,94.226,night,the-jungle-book,1,,server-3,0,15,8,62.274,91.044,24.198
least-response-time-cache-off-warm100,90,3,2.6556,8.891,92.184,101.075,heart,autobiography-of-benjamin-franklin,1,,server-3,0,11,8,62.274,29.577,18.111
least-response-time-cache-off-warm100,90,3,2.6667,62.841,36.424,99.265,she,beyond-good-and-evil,1,,server-3,0,10,7,62.274,33.269,5.957
least-response-time-cache-off-warm100,90,3,2.6778,53.498,123.415,176.914,sea,jane-eyre-an-autobiography,1,,server-3,0,10,8,62.274,62.469,8.028
least-response-time-cache-off-warm100,90,3,2.6889,65.821,170.582,236.404,castle,grimms-fairy-tales,1,,server-3,0,10,9,62.274,86.806,8.028
least-response-time-cache-off-warm100,90,3,2.7000,31.867,68.012,99.879,night,the-prince,1,,server-3,0,9,10,62.274,64.906,8.028
least-response-time-cache-off-warm100,90,3,2.7111,19.869,210.471,230.341,horse,a-journey-to-the-centre-of-the-earth,1,,server-3,0,9,10,62.274,64.906,26.003
least-response-time-cache-off-warm100,90,3,2.7222,14.897,173.755,188.651,he,poirot-investigates,1,,server-3,0,9,9,62.274,64.906,26.342
least-response-time-cache-off-warm100,90,3,2.7333,5.834,110.860,116.694,love,grimms-fairy-tales,1,,server-3,0,8,10,62.274,84.695,24.862
least-response-time-cache-off-warm100,90,3,2.7444,13.579,157.938,171.517,was,the-secret-garden-17396,1,,server-3,0,7,9,62.274,77.924,8.810
least-response-time-cache-off-warm100,90,3,2.7556,99.933,166.082,266.016,the,the-king-in-yellow,1,,server-3,0,7,10,62.274,65.268,10.480
least-response-time-cache-off-warm100,90,3,2.7667,83.914,140.436,224.350,the,the-portrait-of-a-lady-volume-1,1,,server-3,0,7,10,62.274,72.571,14.385
least-response-time-cache-off-warm100,90,3,2.7778,93.128,101.917,195.045,she,great-expectations,1,,server-3,0,5,11,62.274,34.314,15.221
least-response-time-cache-off-warm100,90,3,2.7889,101.427,116.392,217.819,she,frankenstein-or-the-modern-prometheus,1,,server-3,0,5,12,62.274,34.314,15.221
least-response-time-cache-off-warm100,90,3,2.8000,143.009,103.537,246.547,he,walden-and-on-the-duty-of-civil-disobedience,1,,server-3,0,5,12,62.274,34.314,24.289
least-response-time-cache-off-warm100,90,3,2.8111,177.059,58.746,235.805,love,the-prince,1,,server-3,0,5,12,62.274,50.037,26.744
least-response-time-cache-off-warm100,90,3,2.8222,199.437,70.394,269.831,he,jude-the-obscure,1,,server-3,0,4,13,62.274,41.858,26.744
least-response-time-cache-off-warm100,90,3,2.8333,188.645,40.414,229.059,letter,the-scarlet-letter-33,1,,server-3,0,4,14,62.274,41.858,26.744
least-response-time-cache-off-warm100,90,3,2.8444,203.350,128.033,331.383,he,the-picture-of-dorian-gray,1,,server-3,0,4,15,62.274,47.593,26.744
least-response-time-cache-off-warm100,90,3,2.8556,194.793,105.384,300.177,night,the-hound-of-the-baskervilles,1,,server-3,0,4,16,62.274,54.468,42.605
least-response-time-cache-off-warm100,90,3,2.8667,184.680,80.757,265.437,horse,the-scarlet-letter-33,1,,server-3,0,4,17,62.274,54.468,42.605
least-response-time-cache-off-warm100,90,3,2.8778,173.881,121.460,295.340,she,memoirs-of-fanny-hill,1,,server-3,0,0,16,62.274,43.299,43.055
least-response-time-cache-off-warm100,90,3,2.8889,174.415,91.924,266.340,of,the-wind-in-the-willows,1,,server-3,0,0,17,62.274,43.299,43.055
least-response-time-cache-off-warm100,90,3,2.9000,187.940,87.488,275.428,you,the-last-of-the-mohicans-a-narrative-of-1757,1,,server-3,0,0,18,62.274,43.299,38.238
least-response-time-cache-off-warm100,90,3,2.9111,4.557,30.439,34.996,and,agnes-grey,1,,server-2,0,1,18,62.274,43.299,52.714
least-response-time-cache-off-warm100,90,3,2.9222,24.669,13.817,38.487,castle,his-last-bow,1,,server-2,0,2,17,62.274,22.415,57.870
least-response-time-cache-off-warm100,90,3,2.9333,14.305,43.835,58.140,whale,a-connecticut-yankee-in-king-arthur-s-court,1,,server-2,0,3,17,62.274,22.415,64.324
least-response-time-cache-off-warm100,90,3,2.9444,3.781,41.241,45.021,you,silas-marner,1,,server-2,0,4,14,62.274,22.415,60.785
least-response-time-cache-off-warm100,90,3,2.9556,6.713,49.883,56.597,death,the-house-of-the-seven-gables,1,,server-2,0,4,14,62.274,3.939,49.804
least-response-time-cache-off-warm100,90,3,2.9667,26.189,48.137,74.326,of,oliver-twist,1,,server-2,0,4,14,62.274,3.184,49.804
least-response-time-cache-off-warm100,90,3,2.9778,34.760,75.173,109.933,death,the-last-of-the-mohicans-a-narrative-of-1757-27681,1,,server-2,0,5,14,62.274,3.184,52.041
least-response-time-cache-off-warm100,90,3,2.9889,24.050,54.014,78.063,night,jane-eyre-an-autobiography,1,,server-2,0,6,13,62.274,3.184,56.262
least-response-time-cache-off-warm100,90,3,3.0000,38.460,100.860,139.320,whale,the-mysterious-island,1,,server-2,0,5,13,62.274,9.161,58.182
least-response-time-cache-off-warm100,90,3,3.0111,30.687,93.885,124.572,castle,tess-of-the-d-urbervilles-a-pure-woman,1,,server-2,0,6,11,62.274,9.161,70.282
least-response-time-cache-off-warm100,90,3,3.0222,44.864,117.260,162.124,sea,north-and-south,1,,server-2,0,6,11,62.274,8.355,33.317
least-response-time-cache-off-warm100,90,3,3.0333,52.389,99.816,152.206,sea,oliver-twist,1,,server-2,0,7,11,62.274,8.355,33.317
least-response-time-cache-off-warm100,90,3,3.0444,44.732,178.130,222.861,horse,the-secret-garden,1,,server-2,0,8,11,62.274,15.711,62.569
least-response-time-cache-off-warm100,90,3,3.0556,37.406,201.215,238.621,london,frankenstein-or-the-modern-prometheus-41445,1,,server-2,0,9,8,62.274,15.711,73.411
least-response-time-cache-off-warm100,90,3,3.0667,73.018,308.121,381.139,money,the-moonstone,1,,server-2,0,9,8,62.274,24.275,49.254
least-response-time-cache-off-warm100,90,3,3.0778,62.022,94.082,156.104,letter,jane-eyre-an-autobiography,1,,server-2,0,10,8,62.274,20.967,49.254
least-response-time-cache-off-warm100,90,3,3.0889,46.965,92.705,139.670,the,the-secret-adversary,1,,server-2,0,9,8,62.274,14.978,44.114
least-response-time-cache-off-warm100,90,3,3.1000,85.005,80.693,165.698,love,desert-gold,1,,server-2,0,10,8,62.274,16.377,38.494
least-response-time-cache-off-warm100,90,3,3.1111,46.935,123.665,170.600,house,treasure-island,1,,server-2,0,11,8,62.274,16.377,33.392
least-response-time-cache-off-warm100,90,3,3.1222,66.546,129.289,195.835,and,the-wind-in-the-willows,1,,server-2,0,12,7,62.274,21.183,33.392
least-response-time-cache-off-warm100,90,3,3.1333,56.241,156.626,212.866,night,the-scarlet-letter,1,,server-2,0,13,6,62.274,21.183,40.485
least-response-time-cache-off-warm100,90,3,3.1444,44.570,160.249,204.819,he,madame-bovary,1,,server-2,0,14,6,62.274,21.222,34.130
least-response-time-cache-off-warm100,90,3,3.1556,126.330,113.879,240.209,whale,adventures-of-huckleberry-finn,1,,server-2,0,15,5,62.274,21.222,54.482
least-response-time-cache-off-warm100,90,3,3.1667,113.511,98.410,211.920,horse,the-warden,1,,server-2,0,15,5,62.274,24.066,43.891
least-response-time-cache-off-warm100,90,3,3.1778,118.471,101.274,219.745,death,the-mystery-of-edwin-drood,1,,server-2,0,16,0,62.274,24.066,32.870
least-response-time-cache-off-warm100,90,3,3.1889,134.596,143.864,278.460,castle,pride-and-prejudice,1,,server-2,0,14,0,62.274,20.331,32.870
least-response-time-cache-off-warm100,90,3,3.2000,147.304,96.169,243.473,whale,mary-barton,1,,server-2,0,15,0,62.274,13.494,32.870
least-response-time-cache-off-warm100,90,3,3.2111,211.521,87.069,298.590,castle,treasure-island,1,,server-2,0,16,0,62.274,13.494,32.870
least-response-time-cache-off-warm100,90,3,3.2222,200.286,73.067,273.353,was,northanger-abbey,1,,server-2,0,17,0,62.274,13.494,32.870
least-response-time-cache-off-warm100,90,3,3.2333,208.058,37.453,245.511,you,the-warden,1,,server-2,0,18,0,62.274,28.468,32.870
least-response-time-cache-off-warm100,90,3,3.2444,1.500,18.736,20.236,you,anne-of-green-gables,1,,server-3,0,17,1,62.274,40.816,32.870
least-response-time-cache-off-warm100,90,3,3.2556,9.616,22.344,31.960,sea,tess-of-the-d-urbervilles-a-pure-woman,1,,server-3,0,17,2,62.274,41.201,16.909
least-response-time-cache-off-warm100,90,3,3.2667,18.634,79.035,97.668,heart,the-last-of-the-mohicans-a-narrative-of-1757,1,,server-3,0,17,2,62.274,58.652,7.924
least-response-time-cache-off-warm100,90,3,3.2778,10.630,79.556,90.186,london,north-and-south,1,,server-3,0,16,3,62.274,82.440,6.373
least-response-time-cache-off-warm100,90,3,3.2889,1.962,73.553,75.515,castle,silas-marner,1,,server-3,0,15,3,62.274,61.184,6.330
least-response-time-cache-off-warm100,90,3,3.3000,48.782,35.701,84.483,sea,dubliners,1,,server-3,0,12,4,62.274,53.714,2.957
least-response-time-cache-off-warm100,90,3,3.3111,57.155,62.695,119.850,you,tess-of-the-d-urbervilles-a-pure-woman,1,,server-3,0,12,5,62.274,53.714,2.957
least-response-time-cache-off-warm100,90,3,3.3222,46.769,34.295,81.064,london,the-memoirs-of-sherlock-holmes,1,,server-3,0,12,6,62.274,68.592,5.757
least-response-time-cache-off-warm100,90,3,3.3333,48.956,149.734,198.690,night,the-innocents-abroad,1,,server-3,0,12,7,62.274,49.269,5.757
least-response-time-cache-off-warm100,90,3,3.3444,38.280,62.875,101.155,love,the-scarlet-letter-33,1,,server-3,0,12,8,62.274,49.095,5.757
least-response-time-cache-off-warm100,90,3,3.3556,47.931,67.064,114.995,he,persuasion,1,,server-3,0,11,9,62.274,67.655,10.735
least-response-time-cache-off-warm100,90,3,3.3667,37.176,55.812,92.988,sea,persuasion,1,,server-3,0,11,10,62.274,67.655,38.980
least-response-time-cache-off-warm100,90,3,3.3778,54.230,165.943,220.173,london,poirot-investigates,1,,server-3,0,10,8,62.274,74.484,18.942
least-response-time-cache-off-warm100,90,3,3.3889,42.082,92.533,134.614,money,adventures-of-huckleberry-finn,1,,server-3,0,9,9,62.274,74.117,12.998
least-response-time-cache-off-warm100,90,3,3.4000,41.905,41.337,83.242,london,persuasion,1,,server-3,0,7,10,62.274,60.040,12.998
least-response-time-cache-off-warm100,90,3,3.4111,59.955,96.181,156.136,she,the-age-of-innocence,1,,server-3,0,7,9,62.274,60.040,13.397
least-response-time-cache-off-warm100,90,3,3.4222,46.855,133.336,180.191,you,treasure-island,1,,server-3,0,6,10,62.274,67.647,13.397
least-response-time-cache-off-warm100,90,3,3.4333,36.070,98.925,134.995,castle,the-warden,1,,server-3,0,6,11,62.274,67.647,20.822
least-response-time-cache-off-warm100,90,3,3.4444,88.117,98.058,186.175,night,a-tale-of-two-cities,1,,server-3,0,6,12,62.274,38.939,19.395
least-response-time-cache-off-warm100,90,3,3.4556,141.235,85.227,226.462,whale,the-iliad,1,,server-3,0,6,11,62.274,89.134,17.615
least-response-time-cache-off-warm100,90,3,3.4667,131.848,54.032,185.880,love,emma,1,,server-3,0,6,12,62.274,89.134,28.225
least-response-time-cache-off-warm100,90,3,3.4778,126.411,174.699,301.109,and,the-first-men-in-the-moon,1,,server-3,0,4,13,62.274,56.321,25.910
least-response-time-cache-off-warm100,90,3,3.4889,142.032,146.456,288.488,horse,the-iliad,1,,server-3,0,3,14,62.274,51.990,25.746
least-response-time-cache-off-warm100,90,3,3.5000,131.633,62.348,193.981,whale,the-war-of-the-worlds,1,,server-3,0,3,15,62.274,46.365,25.746
least-response-time-cache-off-warm100,90,3,3.5111,121.102,105.102,226.205,she,the-odyssey,1,,server-3,0,0,13,62.274,35.796,30.192
least-response-time-cache-off-warm100,90,3,3.5222,130.512,66.991,197.503,whale,the-moonstone,1,,server-3,0,0,14,62.274,35.796,30.192
least-response-time-cache-off-warm100,90,3,3.5333,2.423,30.293,32.716,king,the-song-of-the-lark,1,,server-2,0,1,13,62.274,35.796,42.033
least-response-time-cache-off-warm100,90,3,3.5444,21.883,47.873,69.756,sea,the-memoirs-of-sherlock-holmes,1,,server-2,0,2,13,62.274,18.478,42.033
least-response-time-cache-off-warm100,90,3,3.5556,10.935,33.433,44.368,was,the-works-of-edgar-allan-poe-volume-2,1,,server-2,0,3,13,62.274,18.478,42.033
least-response-time-cache-off-warm100,90,3,3.5667,3.154,65.605,68.759,the,the-works-of-edgar-allan-poe-volume-2,1,,server-2,0,4,13,62.274,6.110,45.158
least-response-time-cache-off-warm100,90,3,3.5778,36.820,31.616,68.436,night,autobiography-of-benjamin-franklin,1,,server-2,0,4,10,62.274,3.484,46.618
least-response-time-cache-off-warm100,90,3,3.5889,26.879,39.171,66.050,castle,poirot-investigates,1,,server-2,0,5,10,62.274,3.484,60.520
least-response-time-cache-off-warm100,90,3,3.6000,54.956,21.681,76.636,king,the-memoirs-of-sherlock-holmes,1,,server-2,0,6,9,62.274,9.349,32.732
least-response-time-cache-off-warm100,90,3,3.6111,45.722,59.248,104.970,of,the-jungle,1,,server-2,0,7,9,62.274,13.413,43.131
least-response-time-cache-off-warm100,90,3,3.6222,34.698,28.001,62.699,letter,the-mysterious-affair-at-styles,1,,server-2,0,6,9,62.274,7.542,43.131
least-response-time-cache-off-warm100,90,3,3.6333,23.923,61.776,85.700,whale,the-secret-garden,1,,server-2,0,7,8,62.274,7.542,26.765
least-response-time-cache-off-warm100,90,3,3.6444,12.898,95.414,108.312,she,the-divine-comedy,1,,server-2,0,8,8,62.274,18.984,26.765
least-response-time-cache-off-warm100,90,3,3.6556,2.550,90.904,93.455,sea,the-last-of-the-mohicans-a-narrative-of-1757-27681,1,,server-2,0,7,7,62.274,11.819,35.214
least-response-time-cache-off-warm100,90,3,3.6667,50.853,42.527,93.380,horse,the-great-gatsby,1,,server-2,0,7,7,62.274,2.221,35.214
least-response-time-cache-off-warm100,90,3,3.6778,75.114,106.158,181.272,and,herland,1,,server-2,0,8,7,62.274,5.949,35.214
least-response-time-cache-off-warm100,90,3,3.6889,64.560,46.371,110.931,horse,the-scarlet-letter-33,1,,server-2,0,9,7,62.274,10.214,40.630
least-response-time-cache-off-warm100,90,3,3.7000,53.065,168.369,221.434,was,pride-and-prejudice,1,,server-2,0,10,5,62.274,10.214,40.101
least-response-time-cache-off-warm100,90,3,3.7111,48.060,97.991,146.051,money,autobiography-of-benjamin-franklin,1,,server-2,0,11,5,62.274,15.318,40.101
least-response-time-cache-off-warm100,90,3,3.7222,40.654,218.356,259.011,sea,a-connecticut-yankee-in-king-arthur-s-court,1,,server-2,0,8,4,62.274,16.378,37.345
least-response-time-cache-off-warm100,90,3,3.7333,29.984,154.796,184.779,heart,the-divine-comedy,1,,server-2,0,9,4,62.274,16.378,37.345
least-response-time-cache-off-warm100,90,3,3.7444,21.370,145.885,167.255,death,the-last-of-the-mohicans-a-narrative-of-1757,1,,server-2,0,10,4,62.274,16.378,46.872
least-response-time-cache-off-warm100,90,3,3.7556,42.277,131.572,173.849,heart,the-lost-world,1,,server-2,0,10,4,62.274,16.419,44.120
least-response-time-cache-off-warm100,90,3,3.7667,31.455,178.327,209.782,letter,leaves-of-grass,1,,server-2,0,9,4,62.274,8.481,44.120
least-response-time-cache-off-warm100,90,3,3.7778,114.695,156.209,270.904,night,jude-the-obscure,1,,server-2,0,10,4,62.274,7.012,63.109
least-response-time-cache-off-warm100,90,3,3.7889,130.910,192.418,323.327,castle,wuthering-heights,1,,server-2,0,11,0,62.274,12.213,51.459
least-response-time-cache-off-warm100,90,3,3.8000,118.139,215.055,333.194,house,wuthering-heights,1,,server-2,0,12,0,62.274,14.671,51.459
least-response-time-cache-off-warm100,90,3,3.8111,108.538,131.529,240.067,he,the-adventures-of-sherlock-holmes,1,,server-2,0,13,0,62.274,14.671,51.459
least-response-time-cache-off-warm100,90,3,3.8222,108.520,200.672,309.192,london,meditations,1,,server-2,0,14,0,62.274,14.671,51.459
least-response-time-cache-off-warm100,90,3,3.8333,95.015,165.755,260.769,the,anne-of-green-gables,1,,server-2,0,15,0,62.274,14.671,51.459
least-response-time-cache-off-warm100,90,3,3.8444,115.339,130.130,245.469,he,mansfield-park,1,,server-2,0,16,0,62.274,14.671,51.459
least-response-time-cache-off-warm100,90,3,3.8556,133.849,152.220,286.069,castle,the-war-of-the-worlds,1,,server-2,0,17,0,62.274,36.728,51.459
least-response-time-cache-off-warm100,90,3,3.8667,1.427,17.754,19.181,was,grimms-fairy-tales,1,,server-3,0,17,1,62.274,57.151,51.459
least-response-time-cache-off-warm100,90,3,3.8778,9.014,22.891,31.905,the,jude-the-obscure,1,,server-3,0,17,2,62.274,57.151,26.432
least-response-time-cache-off-warm100,90,3,3.8889,18.542,17.922,36.465,king,the-age-of-innocence,1,,server-3,0,17,2,62.274,57.151,11.108
least-response-time-cache-off-warm100,90,3,3.9000,10.910,30.665,41.575,horse,twenty-thousand-leagues-under-the-sea,1,,server-3,0,17,3,62.274,57.825,8.907
least-response-time-cache-off-warm100,90,3,3.9111,16.039,65.709,81.748,she,kidnapped,1,,server-3,0,15,4,62.274,61.163,7.047
least-response-time-cache-off-warm100,90,3,3.9222,4.254,43.573,47.827,of,north-and-south,1,,server-3,0,13,5,62.274,77.310,5.756
least-response-time-cache-off-warm100,90,3,3.9333,9.165,37.147,46.312,night,black-beauty,1,,server-3,0,12,4,62.274,17.822,3.647
least-response-time-cache-off-warm100,90,3,3.9444,28.056,76.279,104.336,london,the-iliad,1,,server-3,0,12,4,62.274,17.822,5.529
least-response-time-cache-off-warm100,90,3,3.9556,38.301,64.100,102.401,letter,the-prince,1,,server-3,0,12,5,62.274,17.822,5.529
least-response-time-cache-off-warm100,90,3,3.9667,26.984,52.575,79.558,london,a-tale-of-two-cities,1,,server-3,0,10,6,62.274,19.906,5.529
least-response-time-cache-off-warm100,90,3,3.9778,16.792,100.389,117.181,house,the-scarlet-letter,1,,server-3,0,10,6,62.274,50.213,11.356
least-response-time-cache-off-warm100,90,3,3.9889,11.881,67.662,79.542,horse,washington-square,1,,server-3,0,9,7,62.274,68.101,15.429
least-response-time-cache-off-warm100,90,3,4.0000,48.827,31.355,80.183,he,the-hound-of-the-baskervilles-3070,1,,server-3,0,9,6,62.274,56.095,6.220
least-response-time-cache-off-warm100,90,3,4.0111,59.496,56.747,116.243,death,kidnapped,1,,server-3,0,9,7,62.274,56.095,5.054
least-response-time-cache-off-warm100,90,3,4.0222,56.487,46.845,103.332,and,beyond-good-and-evil,1,,server-3,0,9,8,62.274,56.095,5.054
least-response-time-cache-off-warm100,90,3,4.0333,63.736,49.975,113.711,horse,wuthering-heights,1,,server-3,0,8,9,62.274,56.095,5.054
least-response-time-cache-off-warm100,90,3,4.0444,52.419,128.199,180.618,whale,the-adventures-of-sherlock-holmes,1,,server-3,0,8,10,62.274,55.801,12.281
least-response-time-cache-off-warm100,90,3,4.0556,43.800,99.714,143.514,he,desperate-remedies,1,,server-3,0,8,11,62.274,67.635,23.200
least-response-time-cache-off-warm100,90,3,4.0667,61.995,93.260,155.254,was,madame-bovary,1,,server-3,0,8,9,62.274,67.635,18.892
least-response-time-cache-off-warm100,90,3,4.0778,50.672,46.575,97.248,sea,the-portrait-of-a-lady-volume-1,1,,server-3,0,8,9,62.274,67.635,26.703
least-response-time-cache-off-warm100,90,3,4.0889,58.840,221.717,280.557,king,tess-of-the-d-urbervilles-a-pure-woman,1,,server-3,0,8,10,62.274,67.635,16.642
least-response-time-cache-off-warm100,90,3,4.1000,99.350,195.678,295.028,you,the-return-of-sherlock-holmes,1,,server-3,0,7,9,62.274,88.467,13.575
least-response-time-cache-off-warm100,90,3,4.1111,114.471,55.837,170.308,london,the-prince,1,,server-3,0,6,10,62.274,62.766,13.615
least-response-time-cache-off-warm100,90,3,4.1222,105.548,163.003,268.551,castle,jude-the-obscure,1,,server-3,0,5,11,62.274,86.377,13.615
least-response-time-cache-off-warm100,90,3,4.1333,96.630,136.298,232.928,death,the-divine-comedy,1,,server-3,0,3,10,62.274,76.381,16.976
least-response-time-cache-off-warm100,90,3,4.1444,155.576,134.594,290.170,letter,the-secret-garden-17396,1,,server-3,0,0,11,62.274,64.423,16.976
least-response-time-cache-off-warm100,90,3,4.1556,143.511,121.435,264.945,london,anne-of-green-gables,1,,server-3,0,0,12,62.274,64.423,22.119
least-response-time-cache-off-warm100,90,3,4.1667,199.812,100.859,300.671,heart,the-last-of-the-mohicans-a-narrative-of-1757,1,,server-3,0,0,13,62.274,64.423,22.119
least-response-time-cache-off-warm100,90,3,4.1778,188.747,70.888,259.635,castle,the-picture-of-dorian-gray,1,,server-3,0,0,13,62.274,64.423,27.380
least-response-time-cache-off-warm100,90,3,4.1889,201.160,113.223,314.383,love,the-return-of-sherlock-holmes-108,1,,server-3,0,0,14,62.274,64.423,27.380
least-response-time-cache-off-warm100,90,3,4.2000,205.900,78.367,284.266,heart,a-connecticut-yankee-in-king-arthur-s-court,1,,server-3,0,0,15,62.274,64.423,39.981
least-response-time-cache-off-warm100,90,3,4.2111,226.565,76.863,303.427,the,the-hound-of-the-baskervilles,1,,server-3,0,0,16,62.274,64.423,39.981
least-response-time-cache-off-warm100,90,3,4.2222,216.127,138.644,354.771,and,the-jungle,1,,server-3,0,0,17,62.274,64.423,62.231
least-response-time-cache-off-warm100,90,3,4.2333,251.475,125.169,376.644,the,the-mysterious-affair-at-styles,1,,server-3,0,0,14,62.274,64.423,29.161
least-response-time-cache-off-warm100,90,3,4.2444,256.469,32.723,289.192,money,his-last-bow,1,,server-3,0,0,15,62.274,64.423,41.619
least-response-time-cache-off-warm100,90,3,4.2556,247.880,128.393,376.274,king,far-from-the-madding-crowd,1,,server-3,0,0,16,62.274,64.423,41.619
least-response-time-cache-off-warm100,90,3,4.2667,237.601,74.611,312.212,of,madame-bovary,1,,server-3,0,0,17,62.274,64.423,41.619
least-response-time-cache-off-warm100,90,3,4.2778,227.383,129.330,356.713,love,a-journey-to-the-centre-of-the-earth,1,,server-3,0,0,18,62.274,64.423,41.619
least-response-time-cache-off-warm100,90,3,4.2889,246.224,133.211,379.436,death,the-adventures-of-tom-sawyer-complete,1,,server-3,0,0,19,62.274,64.423,58.891
least-response-time-cache-off-warm100,90,3,4.3000,278.690,70.266,348.956,horse,the-mysterious-affair-at-styles,1,,server-3,0,0,20,62.274,64.423,60.106
least-response-time-cache-off-warm100,90,3,4.3111,249.169,141.212,390.380,she,jude-the-obscure,1,,server-3,0,0,21,62.274,64.423,60.106
least-response-time-cache-off-warm100,90,3,4.3222,288.108,112.941,401.049,king,tess-of-the-d-urbervilles-a-pure-woman,1,,server-3,0,0,22,62.274,64.423,60.106
least-response-time-cache-off-warm100,90,3,4.3333,1.389,26.635,28.024,letter,the-song-of-the-lark,1,,server-1,1,0,22,62.274,64.423,73.566
least-response-time-cache-off-warm100,90,3,4.3444,17.517,34.204,51.721,of,the-secret-garden-17396,1,,server-1,2,0,22,31.969,64.423,73.566
least-response-time-cache-off-warm100,90,3,4.3556,7.247,31.957,39.204,the,the-secret-garden-17396,1,,server-1,3,0,22,31.969,64.423,73.566
least-response-time-cache-off-warm100,90,3,4.3667,30.256,28.763,59.019,house,pride-and-prejudice,1,,server-1,3,0,22,7.743,64.423,71.985
least-response-time-cache-off-warm100,90,3,4.3778,19.269,11.264,30.533,and,the-kama-sutra-of-vatsyayana,1,,server-1,4,0,22,7.743,64.423,86.072
least-response-time-cache-off-warm100,90,3,4.3889,8.519,40.872,49.390,letter,the-mystery-of-edwin-drood,1,,server-1,5,0,22,7.743,64.423,70.039
least-response-time-cache-off-warm100,90,3,4.4000,39.237,50.806,90.043,castle,a-connecticut-yankee-in-king-arthur-s-court,1,,server-1,4,0,18,3.770,64.423,65.176
least-response-time-cache-off-warm100,90,3,4.4111,28.483,53.557,82.040,love,the-mysterious-island,1,,server-1,5,0,17,5.093,64.423,44.102
least-response-time-cache-off-warm100,90,3,4.4222,17.721,63.216,80.938,castle,the-great-gatsby,1,,server-1,6,0,17,5.093,64.423,46.487
least-response-time-cache-off-warm100,90,3,4.4333,6.927,78.766,85.694,the,grimms-fairy-tales,1,,server-1,7,0,17,11.226,64.423,46.487
least-response-time-cache-off-warm100,90,3,4.4444,48.942,69.126,118.068,you,autobiography-of-benjamin-franklin,1,,server-1,5,0,16,3.290,64.423,55.799
least-response-time-cache-off-warm100,90,3,4.4556,47.821,43.382,91.203,horse,dubliners,1,,server-1,6,0,16,3.290,64.423,55.799
least-response-time-cache-off-warm100,90,3,4.4667,36.821,27.785,64.606,house,black-beauty,1,,server-1,7,0,15,3.290,64.423,50.114
least-response-time-cache-off-warm100,90,3,4.4778,43.919,58.760,102.679,london,twenty-thousand-leagues-under-the-sea,1,,server-1,8,0,15,3.290,64.423,55.460
least-response-time-cache-off-warm100,90,3,4.4889,55.460,43.505,98.966,and,the-great-gatsby,1,,server-1,9,0,13,3.290,64.423,72.169
least-response-time-cache-off-warm100,90,3,4.5000,48.209,54.635,102.844,and,the-picture-of-dorian-gray,1,,server-1,10,0,13,21.244,64.423,72.169
least-response-time-cache-off-warm100,90,3,4.5111,38.980,78.779,117.759,whale,the-last-of-the-mohicans-a-narrative-of-1757,1,,server-1,9,0,12,20.049,64.423,34.853
least-response-time-cache-off-warm100,90,3,4.5222,28.200,92.351,120.551,death,desert-gold,1,,server-1,8,0,10,21.788,64.423,66.553
least-response-time-cache-off-warm100,90,3,4.5333,44.368,157.777,202.145,heart,life-on-the-mississippi,1,,server-1,9,0,10,22.986,64.423,99.271
least-response-time-cache-off-warm100,90,3,4.5444,36.209,77.968,114.177,house,the-scarlet-letter,1,,server-1,10,0,10,24.353,64.423,101.716
least-response-time-cache-off-warm100,90,3,4.5556,33.179,239.656,272.835,he,great-expectations,1,,server-1,9,0,10,11.400,64.423,101.716
least-response-time-cache-off-warm100,90,3,4.5667,59.366,128.423,187.789,london,desert-gold,1,,server-1,9,0,10,17.118,64.423,86.328
least-response-time-cache-off-warm100,90,3,4.5778,51.652,101.920,153.572,you,north-and-south,1,,server-1,10,0,10,18.865,64.423,67.308
least-response-time-cache-off-warm100,90,3,4.5889,70.735,139.689,210.424,house,villette,1,,server-1,10,0,8,12.242,64.423,60.538
least-response-time-cache-off-warm100,90,3,4.6000,71.142,101.302,172.444,he,the-return-of-sherlock-holmes-108,1,,server-1,11,0,8,12.164,64.423,60.538
least-response-time-cache-off-warm100,90,3,4.6111,60.272,191.883,252.155,letter,the-great-gatsby,1,,server-1,11,0,8,23.386,64.423,64.780
least-response-time-cache-off-warm100,90,3,4.6222,54.709,185.539,240.248,heart,walden-and-on-the-duty-of-civil-disobedience,1,,server-1,12,0,8,23.386,64.423,52.227
least-response-time-cache-off-warm100,90,3,4.6333,92.132,135.952,228.084,horse,the-first-men-in-the-moon,1,,server-1,12,0,7,18.491,64.423,67.350
least-response-time-cache-off-warm100,90,3,4.6444,87.551,171.336,258.888,whale,the-return-of-sherlock-holmes-108,1,,server-1,13,0,6,29.677,64.423,54.399
least-response-time-cache-off-warm100,90,3,4.6556,81.146,161.673,242.818,night,frankenstein-or-the-modern-prometheus-41445,1,,server-1,14,0,4,29.677,64.423,47.520
least-response-time-cache-off-warm100,90,3,4.6667,132.889,142.904,275.794,and,twenty-thousand-leagues-under-the-sea,1,,server-1,14,0,4,31.814,64.423,47.520
least-response-time-cache-off-warm100,90,3,4.6778,123.702,191.689,315.391,and,the-iliad,1,,server-1,13,0,4,17.542,64.423,48.433
least-response-time-cache-off-warm100,90,3,4.6889,139.606,164.851,304.457,of,meditations,1,,server-1,14,0,4,17.542,64.423,48.433
least-response-time-cache-off-warm100,90,3,4.7000,128.843,136.540,265.383,castle,the-portrait-of-a-lady-volume-1,1,,server-1,15,0,3,17.542,64.423,44.779
least-response-time-cache-off-warm100,90,3,4.7111,189.807,160.614,350.421,king,the-mysterious-island,1,,server-1,16,0,1,27.448,64.423,48.582
least-response-time-cache-off-warm100,90,3,4.7222,178.485,113.633,292.119,london,memoirs-of-fanny-hill,1,,server-1,17,0,1,27.448,64.423,48.582
least-response-time-cache-off-warm100,90,3,4.7333,207.169,77.876,285.046,castle,desperate-remedies,1,,server-1,18,0,0,31.789,64.423,45.176
least-response-time-cache-off-warm100,90,3,4.7444,198.178,115.380,313.558,house,the-age-of-innocence,1,,server-1,17,0,0,31.923,64.423,45.176
least-response-time-cache-off-warm100,90,3,4.7556,1.409,17.967,19.376,love,the-age-of-innocence,1,,server-3,17,0,1,47.890,64.423,45.176
least-response-time-cache-off-warm100,90,3,4.7667,8.913,12.088,21.002,night,the-war-of-the-worlds,1,,server-3,17,0,2,47.890,64.423,23.211
least-response-time-cache-off-warm100,90,3,4.7778,10.486,16.000,26.486,night,the-divine-comedy,1,,server-3,17,0,2,67.018,64.423,9.897
least-response-time-cache-off-warm100,90,3,4.7889,1.605,32.915,34.520,horse,the-house-of-mirth,1,,server-3,17,0,2,67.018,64.423,5.217
least-response-time-cache-off-warm100,90,3,4.8000,5.904,44.868,50.772,money,the-house-of-mirth,1,,server-3,16,0,3,67.118,64.423,3.429
least-response-time-cache-off-warm100,90,3,4.8111,12.509,28.334,40.844,letter,the-wind-in-the-willows,1,,server-3,16,0,3,44.033,64.423,3.615
least-response-time-cache-off-warm100,90,3,4.8222,2.185,43.847,46.032,heart,beyond-good-and-evil,1,,server-3,16,0,4,50.736,64.423,4.650
least-response-time-cache-off-warm100,90,3,4.8333,19.968,70.675,90.643,and,north-and-south,1,,server-3,15,0,4,64.831,64.423,2.548
least-response-time-cache-off-warm100,90,3,4.8444,24.085,79.729,103.814,king,the-vicomte-de-bragelonne,1,,server-3,15,0,5,64.831,64.423,2.548
least-response-time-cache-off-warm100,90,3,4.8556,13.934,49.731,63.665,castle,adventures-of-huckleberry-finn,1,,server-3,15,0,4,48.761,64.423,6.600
least-response-time-cache-off-warm100,90,3,4.8667,4.577,99.892,104.469,whale,jude-the-obscure,1,,server-3,13,0,5,103.327,64.423,6.600
least-response-time-cache-off-warm100,90,3,4.8778,42.201,123.207,165.408,he,a-journey-to-the-centre-of-the-earth,1,,server-3,13,0,5,103.327,64.423,3.410
least-response-time-cache-off-warm100,90,3,4.8889,79.690,55.229,134.919,sea,adventures-of-huckleberry-finn,1,,server-3,10,0,6,90.281,64.423,3.410
least-response-time-cache-off-warm100,90,3,4.9000,68.478,20.828,89.306,you,frankenstein-or-the-modern-prometheus-41445,1,,server-3,10,0,7,81.332,64.423,3.410
least-response-time-cache-off-warm100,90,3,4.9111,62.351,89.838,152.189,whale,adventures-of-huckleberry-finn,1,,server-3,8,0,8,83.220,64.423,3.410
least-response-time-cache-off-warm100,90,3,4.9222,51.414,69.559,120.973,horse,desperate-remedies,1,,server-3,8,0,9,83.220,64.423,14.502
least-response-time-cache-off-warm100,90,3,4.9333,43.374,100.176,143.550,heart,the-scarlet-letter,1,,server-3,8,0,10,83.220,64.423,25.595
least-response-time-cache-off-warm100,90,3,4.9444,45.369,114.398,159.768,night,the-last-of-the-mohicans-a-narrative-of-1757,1,,server-3,8,0,11,62.764,64.423,25.595
least-response-time-cache-off-warm100,90,3,4.9556,105.414,118.663,224.077,of,pride-and-prejudice,1,,server-3,8,0,12,62.764,64.423,39.163
least-response-time-cache-off-warm100,90,3,4.9667,59.949,172.012,231.961,london,memoirs-of-fanny-hill,1,,server-3,7,0,13,58.420,64.423,39.163
least-response-time-cache-off-warm100,90,3,4.9778,66.819,158.361,225.180,death,sense-and-sensibility,1,,server-3,7,0,10,58.420,64.423,17.399
least-response-time-cache-off-warm100,90,3,4.9889,86.384,128.949,215.333,was,pride-and-prejudice,1,,server-3,7,0,11,58.420,64.423,17.952
least-response-time-cache-off-warm100,90,3,5.0000,64.057,140.248,204.305,house,the-jungle,1,,server-3,4,0,12,52.689,64.423,16.274
least-response-time-cache-off-warm100,90,3,5.0111,90.515,188.420,278.935,horse,the-wind-in-the-willows,1,,server-3,4,0,12,52.689,64.423,22.854
least-response-time-cache-off-warm100,90,3,5.0222,82.334,132.008,214.342,was,mary-barton,1,,server-3,2,0,13,45.263,64.423,24.628
least-response-time-cache-off-warm100,90,3,5.0333,110.540,146.477,257.018,was,the-jungle,1,,server-3,2,0,14,45.263,64.423,28.657
least-response-time-cache-off-warm100,90,3,5.0444,134.736,144.566,279.302,money,the-adventures-of-sherlock-holmes,1,,server-3,2,0,13,45.263,64.423,26.349
least-response-time-cache-off-warm100,90,3,5.0556,146.636,77.737,224.373,was,agnes-grey,1,,server-3,2,0,14,45.263,64.423,26.349
least-response-time-cache-off-warm100,90,3,5.0667,137.258,138.269,275.527,you,the-memoirs-of-sherlock-holmes,1,,server-3,0,0,13,41.446,64.423,32.607
least-response-time-cache-off-warm100,90,3,5.0778,180.196,82.916,263.112,love,desert-gold,1,,server-3,0,0,13,41.446,64.423,22.597
least-response-time-cache-off-warm100,90,3,5.0889,189.870,92.805,282.675,horse,the-innocents-abroad,1,,server-3,0,0,14,41.446,64.423,22.597
least-response-time-cache-off-warm100,90,3,5.1000,1.318,18.995,20.313,you,treasure-island,1,,server-1,1,0,14,41.446,64.423,44.445
least-response-time-cache-off-warm100,90,3,5.1111,9.403,28.282,37.685,she,life-on-the-mississippi,1,,server-1,2,0,14,21.310,64.423,43.613
least-response-time-cache-off-warm100,90,3,5.1222,1.442,35.196,36.638,death,beyond-good-and-evil,1,,server-1,2,0,14,9.596,64.423,43.613
least-response-time-cache-off-warm100,90,3,5.1333,16.779,49.121,65.899,whale,twenty-thousand-leagues-under-the-sea,1,,server-1,3,0,14,6.212,64.423,43.613
least-response-time-cache-off-warm100,90,3,5.1444,6.259,56.352,62.611,castle,the-divine-comedy,1,,server-1,4,0,14,6.212,64.423,41.772
least-response-time-cache-off-warm100,90,3,5.1556,5.053,47.629,52.682,the,beyond-good-and-evil,1,,server-1,4,0,14,4.142,64.423,41.772
least-response-time-cache-off-warm100,90,3,5.1667,25.719,24.959,50.678,money,the-hound-of-the-baskervilles-3070,1,,server-1,4,0,14,3.699,64.423,43.997
least-response-time-cache-off-warm100,90,3,5.1778,21.601,55.159,76.760,was,tess-of-the-d-urbervilles-a-pure-woman,1,,server-1,5,0,13,5.750,64.423,43.997
least-response-time-cache-off-warm100,90,3,5.1889,18.323,24.679,43.002,the,cranford,1,,server-1,6,0,13,5.750,64.423,59.425
least-response-time-cache-off-warm100,90,3,5.2000,8.174,79.546,87.720,sea,kidnapped,1,,server-1,7,0,13,10.519,64.423,94.339
least-response-time-cache-off-warm100,90,3,5.2111,19.545,63.382,82.927,you,northanger-abbey,1,,server-1,6,0,9,12.566,64.423,33.471
least-response-time-cache-off-warm100,90,3,5.2222,11.035,87.451,98.486,of,the-adventures-of-sherlock-holmes,1,,server-1,6,0,9,11.503,64.423,33.471
least-response-time-cache-off-warm100,90,3,5.2333,22.559,105.580,128.139,death,emma,1,,server-1,5,0,9,7.475,64.423,57.743
least-response-time-cache-off-warm100,90,3,5.2444,44.682,75.423,120.105,of,jude-the-obscure,1,,server-1,6,0,9,6.125,64.423,64.730
least-response-time-cache-off-warm100,90,3,5.2556,48.358,91.888,140.246,heart,walden-and-on-the-duty-of-civil-disobedience,1,,server-1,7,0,9,11.068,64.423,64.730
least-response-time-cache-off-warm100,90,3,5.2667,51.924,74.323,126.247,london,black-beauty,1,,server-1,7,0,7,11.068,64.423,67.433
least-response-time-cache-off-warm100,90,3,5.2778,39.992,125.865,165.857,money,the-last-of-the-mohicans-a-narrative-of-1757,1,,server-1,8,0,7,11.068,64.423,57.891
least-response-time-cache-off-warm100,90,3,5.2889,76.925,73.729,150.655,king,little-women,1,,server-1,9,0,7,27.519,64.423,62.699
least-response-time-cache-off-warm100,90,3,5.3000,68.039,119.037,187.075,heart,the-works-of-edgar-allan-poe-volume-2,1,,server-1,9,0,5,23.761,64.423,41.480
least-response-time-cache-off-warm100,90,3,5.3111,82.226,67.400,149.626,love,the-return-of-sherlock-holmes,1,,server-1,10,0,5,24.855,64.423,41.480
least-response-time-cache-off-warm100,90,3,5.3222,74.105,87.828,161.933,and,the-hound-of-the-baskervilles-3070,1,,server-1,11,0,5,18.030,64.423,41.480
least-response-time-cache-off-warm100,90,3,5.3333,112.056,61.463,173.519,love,the-last-of-the-mohicans-a-narrative-of-1757-27681,1,,server-1,12,0,5,18.030,64.423,54.698
least-response-time-cache-off-warm100,90,3,5.3444,116.485,58.949,175.435,she,a-princess-of-mars,1,,server-1,12,0,1,18.030,64.423,39.891
least-response-time-cache-off-warm100,90,3,5.3556,131.965,49.143,181.107,night,pride-and-prejudice,1,,server-1,13,0,1,18.030,64.423,39.891
least-response-time-cache-off-warm100,90,3,5.3667,141.817,43.174,184.991,horse,memoirs-of-fanny-hill,1,,server-1,11,0,1,33.634,64.423,39.891
least-response-time-cache-off-warm100,90,3,5.3778,1.414,21.595,23.009,you,a-connecticut-yankee-in-king-arthur-s-court,1,,server-3,11,0,1,34.805,64.423,33.119
least-response-time-cache-off-warm100,90,3,5.3889,12.326,27.316,39.642,house,little-women,1,,server-3,11,0,2,34.805,64.423,17.020
least-response-time-cache-off-warm100,90,3,5.4000,1.832,51.039,52.871,he,the-moonstone,1,,server-3,11,0,3,26.307,64.423,17.020
least-response-time-cache-off-warm100,90,3,5.4111,42.024,53.757,95.782,letter,the-mysterious-affair-at-styles,1,,server-3,11,0,3,26.307,64.423,4.433
least-response-time-cache-off-warm100,90,3,5.4222,31.358,54.845,86.203,was,the-moonstone,1,,server-3,11,0,4,26.307,64.423,4.433
least-response-time-cache-off-warm100,90,3,5.4333,20.917,105.557,126.474,horse,the-moonstone,1,,server-3,11,0,5,26.307,64.423,8.878
least-response-time-cache-off-warm100,90,3,5.4444,9.894,51.622,61.516,king,the-secret-garden,1,,server-3,10,0,6,46.540,64.423,8.878
least-response-time-cache-off-warm100,90,3,5.4556,2.563,73.321,75.884,the,a-tale-of-two-cities,1,,server-3,8,0,5,45.175,64.423,4.336
least-response-time-cache-off-warm100,90,3,5.4667,41.656,105.478,147.134,sea,the-song-of-the-lark,1,,server-3,8,0,6,37.860,64.423,3.016
least-response-time-cache-off-warm100,90,3,5.4778,30.959,108.852,139.811,and,autobiography-of-benjamin-franklin,1,,server-3,8,0,7,37.860,64.423,3.016
least-response-time-cache-off-warm100,90,3,5.4889,20.923,80.251,101.173,king,the-adventures-of-tom-sawyer-complete,1,,server-3,4,0,8,45.414,64.423,5.270
least-response-time-cache-off-warm100,90,3,5.5000,55.274,151.808,207.082,castle,the-iliad,1,,server-3,4,0,9,45.414,64.423,10.933
least-response-time-cache-off-warm100,90,3,5.5111,51.985,96.254,148.240,you,poirot-investigates,1,,server-3,3,0,8,35.127,64.423,9.349
least-response-time-cache-off-warm100,90,3,5.5222,68.138,135.133,203.271,death,dracula,1,,server-3,3,0,9,35.456,64.423,9.349
least-response-time-cache-off-warm100,90,3,5.5333,85.253,133.715,218.969,castle,the-moonstone,1,,server-3,3,0,9,35.456,64.423,19.048
least-response-time-cache-off-warm100,90,3,5.5444,73.009,108.371,181.380,castle,the-jungle,1,,server-3,1,0,10,27.279,64.423,19.048
least-response-time-cache-off-warm100,90,3,5.5556,64.281,106.128,170.410,heart,the-house-of-mirth,1,,server-3,0,0,11,22.844,64.423,20.447
least-response-time-cache-off-warm100,90,3,5.5667,1.497,17.677,19.174,london,a-princess-of-mars,1,,server-1,1,0,9,22.844,64.423,24.513
least-response-time-cache-off-warm100,90,3,5.5778,8.960,22.748,31.708,castle,the-last-of-the-mohicans-a-narrative-of-1757-27681,1,,server-1,2,0,9,11.767,64.423,29.702
least-response-time-cache-off-warm100,90,3,5.5889,18.586,37.621,56.207,death,the-kama-sutra-of-vatsyayana,1,,server-1,2,0,9,6.012,64.423,32.450
least-response-time-cache-off-warm100,90,3,5.6000,9.822,40.001,49.823,you,jane-eyre-an-autobiography,1,,server-1,3,0,9,4.835,64.423,32.115
least-response-time-cache-off-warm100,90,3,5.6111,8.262,46.409,54.671,whale,frankenstein-or-the-modern-prometheus,1,,server-1,3,0,9,4.658,64.423,32.115
least-response-time-cache-off-warm100,90,3,5.6222,28.214,43.707,71.921,horse,the-prince,1,,server-1,4,0,6,4.371,64.423,14.127
least-response-time-cache-off-warm100,90,3,5.6333,18.727,45.469,64.197,love,north-and-south,1,,server-1,5,0,6,4.371,64.423,14.127
least-response-time-cache-off-warm100,90,3,5.6444,7.509,55.752,63.261,london,cranford,1,,server-1,6,0,6,4.371,64.423,14.127
least-response-time-cache-off-warm100,90,3,5.6556,37.897,30.323,68.220,heart,a-princess-of-mars,1,,server-1,5,0,6,4.028,64.423,14.127
least-response-time-cache-off-warm100,90,3,5.6667,39.914,24.639,64.553,king,the-hound-of-the-baskervilles-3070,1,,server-1,6,0,6,6.316,64.423,25.050
least-response-time-cache-off-warm100,90,3,5.6778,31.426,72.023,103.448,king,the-king-in-yellow,1,,server-1,7,0,6,8.465,64.423,25.050
least-response-time-cache-off-warm100,90,3,5.6889,20.585,46.383,66.968,heart,agnes-grey,1,,server-1,8,0,5,8.465,64.423,24.780
least-response-time-cache-off-warm100,90,3,5.7000,21.320,24.487,45.808,night,a-princess-of-mars,1,,server-1,7,0,5,17.642,64.423,24.780
least-response-time-cache-off-warm100,90,3,5.7111,12.086,54.995,67.081,of,the-war-of-the-worlds,1,,server-1,7,0,5,11.692,64.423,49.206
least-response-time-cache-off-warm100,90,3,5.7222,7.976,78.720,86.696,she,dubliners,1,,server-1,8,0,5,9.733,64.423,49.206
least-response-time-cache-off-warm100,90,3,5.7333,12.719,130.682,143.401,letter,the-romance-of-lust-a-classic-victorian-erotic-novel,1,,server-1,8,0,3,6.697,64.423,63.222
least-response-time-cache-off-warm100,90,3,5.7444,38.817,100.630,139.447,king,hard-times,1,,server-1,7,0,3,7.387,64.423,63.222
least-response-time-cache-off-warm100,90,3,5.7556,29.352,144.198,173.549,house,poirot-investigates,1,,server-1,8,0,0,11.876,64.423,52.330
least-response-time-cache-off-warm100,90,3,5.7667,40.733,125.172,165.905,sea,the-hound-of-the-baskervilles-3070,1,,server-1,9,0,0,11.876,64.423,52.330
least-response-time-cache-off-warm100,90,3,5.7778,32.479,122.246,154.725,you,walden-and-on-the-duty-of-civil-disobedience,1,,server-1,10,0,0,20.373,64.423,52.330
least-response-time-cache-off-warm100,90,3,5.7889,18.489,73.011,91.500,of,the-mystery-of-edwin-drood,1,,server-1,7,0,0,11.407,64.423,52.330
least-response-time-cache-off-warm100,90,3,5.8000,80.449,132.826,213.275,night,the-vicomte-de-bragelonne,1,,server-1,8,0,0,10.031,64.423,52.330
least-response-time-cache-off-warm100,90,3,5.8111,65.834,108.710,174.544,and,the-moonstone,1,,server-1,8,0,0,10.770,64.423,52.330
least-response-time-cache-off-warm100,90,3,5.8222,58.140,69.046,127.187,king,persuasion,1,,server-1,9,0,0,10.898,64.423,52.330
least-response-time-cache-off-warm100,90,3,5.8333,116.898,80.801,197.700,of,twenty-thousand-leagues-under-the-sea,1,,server-1,10,0,0,10.898,64.423,52.330
least-response-time-cache-off-warm100,90,3,5.8444,188.669,113.698,302.367,sea,the-secret-garden,1,,server-1,11,0,0,10.898,64.423,52.330
least-response-time-cache-off-warm100,90,3,5.8556,153.816,46.895,200.711,london,the-house-of-mirth,1,,server-1,12,0,0,10.898,64.423,52.330
least-response-time-cache-off-warm100,90,3,5.8667,164.082,104.057,268.139,king,the-picture-of-dorian-gray,1,,server-1,13,0,0,10.898,64.423,52.330
least-response-time-cache-off-warm100,90,3,5.8778,154.880,47.567,202.447,was,the-kama-sutra-of-vatsyayana,1,,server-1,14,0,0,33.647,64.423,52.330
least-response-time-cache-off-warm100,90,3,5.8889,143.248,64.600,207.848,she,the-secret-garden-17396,1,,server-1,14,0,0,19.860,64.423,52.330
least-response-time-cache-off-warm100,90,3,5.9000,132.432,46.922,179.353,castle,the-adventures-of-sherlock-holmes,1,,server-1,14,0,0,19.860,64.423,52.330
least-response-time-cache-off-warm100,90,3,5.9111,124.817,120.538,245.356,whale,his-last-bow,1,,server-1,15,0,0,19.860,64.423,52.330
least-response-time-cache-off-warm100,90,3,5.9222,112.326,97.744,210.070,house,the-jungle,1,,server-1,15,0,0,22.424,64.423,52.330
least-response-time-cache-off-warm100,90,3,5.9333,2.671,22.433,25.104,he,adventures-of-huckleberry-finn,1,,server-3,15,0,1,67.400,64.423,52.330
least-response-time-cache-off-warm100,90,3,5.9444,15.160,60.930,76.090,death,the-romance-of-lust-a-classic-victorian-erotic-novel,1,,server-3,15,0,2,67.400,64.423,26.959
least-response-time-cache-off-warm100,90,3,5.9556,4.375,39.452,43.826,london,jane-eyre-an-autobiography,1,,server-3,11,0,3,29.075,64.423,26.959
least-response-time-cache-off-warm100,90,3,5.9667,54.522,22.339,76.862,house,far-from-the-madding-crowd,1,,server-3,11,0,3,29.075,64.423,6.533
least-response-time-cache-off-warm100,90,3,5.9778,43.915,33.634,77.549,sea,the-secret-adversary,1,,server-3,11,0,4,29.075,64.423,6.533
least-response-time-cache-off-warm100,90,3,5.9889,34.819,138.669,173.488,king,the-mysterious-island,1,,server-3,11,0,5,60.529,64.423,6.533
least-response-time-cache-off-warm100,90,3,6.0000,25.293,58.332,83.626,castle,autobiography-of-benjamin-franklin,1,,server-3,11,0,6,60.529,64.423,12.966
least-response-time-cache-off-warm100,90,3,6.0111,14.252,61.878,76.130,and,the-works-of-edgar-allan-poe-volume-2,1,,server-3,11,0,7,53.123,64.423,12.966
least-response-time-cache-off-warm100,90,3,6.0222,34.381,48.878,83.258,and,the-house-of-the-seven-gables,1,,server-3,10,0,6,82.901,64.423,12.332
least-response-time-cache-off-warm100,90,3,6.0333,33.848,71.331,105.179,night,his-last-bow,1,,server-3,8,0,7,37.218,64.423,7.938
least-response-time-cache-off-warm100,90,3,6.0444,44.314,89.715,134.029,sea,hard-times,1,,server-3,8,0,8,16.596,64.423,11.991
least-response-time-cache-off-warm100,90,3,6.0556,40.018,80.572,120.590,whale,far-from-the-madding-crowd,1,,server-1,9,0,8,16.596,64.423,19.322
least-response-time-cache-off-warm100,90,3,6.0667,35.922,56.675,92.597,castle,the-divine-comedy,1,,server-3,9,0,7,21.698,64.423,11.393
least-response-time-cache-off-warm100,90,3,6.0778,31.461,106.169,137.630,was,the-lost-world,1,,server-3,8,0,8,22.472,64.423,9.096
least-response-time-cache-off-warm100,90,3,6.0889,20.065,143.381,163.446,you,the-portrait-of-a-lady-volume-1,1,,server-3,8,0,8,26.793,64.423,14.311
least-response-time-cache-off-warm100,90,3,6.1000,63.909,201.973,265.882,sea,oliver-twist,1,,server-3,5,0,9,23.830,64.423,14.311
least-response-time-cache-off-warm100,90,3,6.1111,52.932,111.209,164.142,house,the-jungle,1,,server-3,5,0,8,23.830,64.423,12.855
least-response-time-cache-off-warm100,90,3,6.1222,56.566,161.893,218.459,you,the-moonstone,1,,server-3,5,0,9,23.830,64.423,12.855
least-response-time-cache-off-warm100,90,3,6.1333,47.063,111.489,158.551,was,the-house-of-the-seven-gables,1,,server-3,5,0,10,30.817,64.423,12.855
least-response-time-cache-off-warm100,90,3,6.1444,40.293,177.630,217.922,you,dubliners,1,,server-3,4,0,11,44.155,64.423,26.711
least-response-time-cache-off-warm100,90,3,6.1556,98.120,125.710,223.830,castle,autobiography-of-benjamin-franklin,1,,server-3,2,0,12,38.815,64.423,26.711
least-response-time-cache-off-warm100,90,3,6.1667,125.810,101.175,226.985,the,the-adventures-of-sherlock-holmes,1,,server-3,2,0,12,48.454,64.423,35.649
least-response-time-cache-off-warm100,90,3,6.1778,158.824,73.074,231.898,king,myths-and-legends-of-ancient-greece-and-rome,1,,server-3,0,0,12,33.226,64.423,31.895
least-response-time-cache-off-warm100,90,3,6.1889,177.390,70.388,247.779,the,poirot-investigates,1,,server-3,0,0,11,33.226,64.423,15.143
least-response-time-cache-off-warm100,90,3,6.2000,166.806,72.308,239.115,love,the-odyssey,1,,server-3,0,0,12,33.226,64.423,15.143
least-response-time-cache-off-warm100,90,3,6.2111,168.725,117.509,286.235,whale,silas-marner,1,,server-3,0,0,13,33.226,64.423,15.143
least-response-time-cache-off-warm100,90,3,6.2222,172.334,68.458,240.792,letter,tess-of-the-d-urbervilles-a-pure-woman,1,,server-3,0,0,14,33.226,64.423,23.140
least-response-time-cache-off-warm100,90,3,6.2333,177.715,76.367,254.082,london,wuthering-heights,1,,server-3,0,0,15,33.226,64.423,23.140
least-response-time-cache-off-warm100,90,3,6.2444,167.130,88.204,255.335,and,the-scarlet-letter-33,1,,server-3,0,0,16,33.226,64.423,23.140
least-response-time-cache-off-warm100,90,3,6.2556,1.451,19.816,21.267,london,persuasion,1,,server-1,1,0,15,33.226,64.423,46.065
least-response-time-cache-off-warm100,90,3,6.2667,10.632,14.685,25.317,house,memoirs-of-fanny-hill,1,,server-1,2,0,15,17.103,64.423,46.065
least-response-time-cache-off-warm100,90,3,6.2778,1.191,26.506,27.697,london,the-great-gatsby,1,,server-1,2,0,14,8.167,64.423,41.470
least-response-time-cache-off-warm100,90,3,6.2889,5.497,41.633,47.130,london,the-king-in-yellow,1,,server-1,3,0,14,4.293,64.423,41.470
least-response-time-cache-off-warm100,90,3,6.3000,6.754,20.379,27.133,whale,the-first-men-in-the-moon,1,,server-1,3,0,14,4.108,64.423,44.205
least-response-time-cache-off-warm100,90,3,6.3111,15.045,24.729,39.774,of,a-journey-to-the-centre-of-the-earth,1,,server-1,3,0,14,4.320,64.423,44.205
least-response-time-cache-off-warm100,90,3,6.3222,15.426,23.008,38.434,was,his-last-bow,1,,server-1,4,0,14,3.860,64.423,44.205
least-response-time-cache-off-warm100,90,3,6.3333,4.837,43.608,48.445,was,the-odyssey,1,,server-1,5,0,12,6.595,64.423,68.782
least-response-time-cache-off-warm100,90,3,6.3444,19.242,68.827,88.069,death,walden-and-on-the-duty-of-civil-disobedience,1,,server-1,4,0,12,4.492,64.423,90.067
least-response-time-cache-off-warm100,90,3,6.3556,7.160,52.515,59.675,love,dracula,1,,server-1,5,0,12,7.411,64.423,90.067
least-response-time-cache-off-warm100,90,3,6.3667,16.073,10.166,26.239,sea,the-great-gatsby,1,,server-1,4,0,11,5.318,64.423,58.805
least-response-time-cache-off-warm100,90,3,6.3778,5.989,65.103,71.092,death,the-portrait-of-a-lady-volume-1,1,,server-1,5,0,11,5.318,64.423,44.620
least-response-time-cache-off-warm100,90,3,6.3889,23.349,64.718,88.068,whale,great-expectations,1,,server-1,5,0,9,4.274,64.423,50.165
least-response-time-cache-off-warm100,90,3,6.4000,49.596,59.096,108.691,and,the-house-of-the-seven-gables,1,,server-1,6,0,7,4.161,64.423,48.240
least-response-time-cache-off-warm100,90,3,6.4111,38.644,56.842,95.485,letter,the-house-of-mirth,1,,server-1,7,0,6,4.161,64.423,38.693
least-response-time-cache-off-warm100,90,3,6.4222,55.306,122.241,177.547,castle,villette,1,,server-1,7,0,6,15.824,64.423,31.074
least-response-time-cache-off-warm100,90,3,6.4333,76.098,19.049,95.147,whale,the-secret-garden,1,,server-1,8,0,6,21.802,64.423,31.074
least-response-time-cache-off-warm100,90,3,6.4444,65.815,92.722,158.537,of,oliver-twist,1,,server-1,9,0,5,21.802,64.423,32.004
least-response-time-cache-off-warm100,90,3,6.4556,54.262,49.092,103.354,was,the-first-men-in-the-moon,1,,server-1,7,0,5,14.944,64.423,32.004
least-response-time-cache-off-warm100,90,3,6.4667,44.564,124.631,169.195,sea,meditations,1,,server-1,8,0,4,14.944,64.423,37.144
least-response-time-cache-off-warm100,90,3,6.4778,37.586,149.333,186.920,heart,the-scarlet-letter-33,1,,server-1,9,0,4,17.719,64.423,37.144
least-response-time-cache-off-warm100,90,3,6.4889,25.949,126.061,152.010,sea,the-secret-garden,1,,server-1,10,0,4,17.719,64.423,44.731
least-response-time-cache-off-warm100,90,3,6.5000,49.736,112.202,161.938,castle,dubliners,1,,server-1,11,0,1,17.719,64.423,31.539
least-response-time-cache-off-warm100,90,3,6.5111,89.051,96.956,186.008,letter,jude-the-obscure,1,,server-1,9,0,0,13.415,64.423,31.539
least-response-time-cache-off-warm100,90,3,6.5222,99.597,71.703,171.300,he,the-hound-of-the-baskervilles-3070,1,,server-1,10,0,0,7.491,64.423,31.539
least-response-time-cache-off-warm100,90,3,6.5333,105.445,87.148,192.594,king,the-last-of-the-mohicans-a-narrative-of-1757,1,,server-1,11,0,0,12.777,64.423,31.539
least-response-time-cache-off-warm100,90,3,6.5444,153.975,69.478,223.452,london,cranford,1,,server-1,12,0,0,12.777,64.423,31.539
least-response-time-cache-off-warm100,90,3,6.5556,142.708,82.716,225.423,horse,a-princess-of-mars,1,,server-1,13,0,0,16.109,64.423,31.539
least-response-time-cache-off-warm100,90,3,6.5667,131.286,38.836,170.122,sea,the-first-men-in-the-moon,1,,server-1,13,0,0,24.024,64.423,31.539
least-response-time-cache-off-warm100,90,3,6.5778,148.222,77.966,226.188,you,great-expectations,1,,server-1,14,0,0,24.024,64.423,31.539
least-response-time-cache-off-warm100,90,3,6.5889,137.100,44.641,181.741,horse,the-adventures-of-ferdinand-count-fathom-complete,1,,server-1,15,0,0,24.024,64.423,31.539
least-response-time-cache-off-warm100,90,3,6.6000,1.488,21.558,23.047,whale,a-connecticut-yankee-in-king-arthur-s-court,1,,server-3,14,0,1,36.903,64.423,31.539
least-response-time-cache-off-warm100,90,3,6.6111,12.743,19.083,31.826,money,autobiography-of-benjamin-franklin,1,,server-3,12,0,2,36.701,64.423,16.250
least-response-time-cache-off-warm100,90,3,6.6222,1.749,34.526,36.275,night,madame-bovary,1,,server-3,12,0,3,43.700,64.423,16.250
least-response-time-cache-off-warm100,90,3,6.6333,23.680,27.777,51.458,castle,adventures-of-huckleberry-finn,1,,server-3,12,0,3,43.700,64.423,4.261
least-response-time-cache-off-warm100,90,3,6.6444,15.745,46.959,62.704,king,jude-the-obscure,1,,server-3,11,0,4,53.636,64.423,7.401
least-response-time-cache-off-warm100,90,3,6.6556,5.253,79.575,84.828,he,the-tenant-of-wildfell-hall,1,,server-3,11,0,5,39.001,64.423,7.401
least-response-time-cache-off-warm100,90,3,6.6667,19.946,75.779,95.724,castle,myths-and-legends-of-ancient-greece-and-rome,1,,server-3,10,0,4,69.024,64.423,4.147
least-response-time-cache-off-warm100,90,3,6.6778,8.992,123.073,132.065,love,a-tale-of-two-cities,1,,server-3,10,0,5,69.024,64.423,4.147
least-response-time-cache-off-warm100,90,3,6.6889,19.852,101.692,121.544,money,persuasion,1,,server-3,10,0,6,69.024,64.423,5.564
least-response-time-cache-off-warm100,90,3,6.7000,10.044,100.294,110.338,he,the-first-men-in-the-moon,1,,server-3,8,0,7,37.388,64.423,5.564
least-response-time-cache-off-warm100,90,3,6.7111,96.211,15.280,111.492,you,meditations,1,,server-3,8,0,6,37.388,64.423,9.041
least-response-time-cache-off-warm100,90,3,6.7222,87.809,28.571,116.380,house,the-first-men-in-the-moon,1,,server-3,8,0,7,55.973,64.423,9.041
least-response-time-cache-off-warm100,90,3,6.7333,78.007,55.369,133.377,he,the-mysterious-island,1,,server-3,6,0,8,22.482,64.423,9.041
least-response-time-cache-off-warm100,90,3,6.7444,56.395,35.944,92.339,letter,kidnapped,1,,server-1,6,0,7,20.658,64.423,22.237
least-response-time-cache-off-warm100,90,3,6.7556,49.723,17.337,67.060,you,the-memoirs-of-sherlock-holmes,1,,server-1,7,0,7,20.658,64.423,22.237
least-response-time-cache-off-warm100,90,3,6.7667,37.834,50.154,87.988,death,a-connecticut-yankee-in-king-arthur-s-court,1,,server-1,8,0,7,20.658,64.423,28.552
least-response-time-cache-off-warm100,90,3,6.7778,28.280,60.371,88.651,king,the-secret-garden,1,,server-1,7,0,7,20.099,64.423,28.552
least-response-time-cache-off-warm100,90,3,6.7889,22.717,66.165,88.882,love,the-secret-garden-17396,1,,server-3,7,0,8,27.293,64.423,26.631
least-response-time-cache-off-warm100,90,3,6.8000,7.758,84.125,91.882,heart,jane-eyre-an-autobiography,1,,server-1,8,0,7,27.293,64.423,37.285
least-response-time-cache-off-warm100,90,3,6.8111,22.931,65.695,88.626,castle,poirot-investigates,1,,server-1,6,0,6,7.192,64.423,13.406
least-response-time-cache-off-warm100,90,3,6.8222,16.912,59.508,76.420,london,silas-marner,1,,server-3,6,0,5,9.963,64.423,9.500
least-response-time-cache-off-warm100,90,3,6.8333,33.564,22.333,55.896,night,frankenstein-or-the-modern-prometheus-41445,1,,server-3,6,0,5,10.006,64.423,7.715
least-response-time-cache-off-warm100,90,3,6.8444,34.949,38.651,73.600,love,myths-and-legends-of-ancient-greece-and-rome,1,,server-3,5,0,6,12.114,64.423,7.592
least-response-time-cache-off-warm100,90,3,6.8556,34.338,51.907,86.245,night,great-expectations,1,,server-3,5,0,7,19.254,64.423,7.592
least-response-time-cache-off-warm100,90,3,6.8667,32.857,40.031,72.889,whale,the-song-of-the-lark,1,,server-1,5,0,6,19.310,64.423,21.127
least-response-time-cache-off-warm100,90,3,6.8778,22.467,34.839,57.306,london,the-picture-of-dorian-gray,1,,server-1,4,0,6,19.310,64.423,19.688
least-response-time-cache-off-warm100,90,3,6.8889,12.278,49.200,61.479,you,poirot-investigates,1,,server-3,4,0,5,19.310,64.423,14.291
least-response-time-cache-off-warm100,90,3,6.9000,3.662,52.936,56.598,she,the-scarlet-letter-33,1,,server-1,3,0,4,13.857,64.423,14.190
least-response-time-cache-off-warm100,90,3,6.9111,25.782,53.428,79.210,night,washington-square,1,,server-1,4,0,3,6.087,64.423,7.922
least-response-time-cache-off-warm100,90,3,6.9222,17.208,52.331,69.538,night,pride-and-prejudice,1,,server-1,5,0,3,6.087,64.423,13.837
least-response-time-cache-off-warm100,90,3,6.9333,7.663,81.591,89.254,king,adventures-of-huckleberry-finn,1,,server-1,6,0,3,6.087,64.423,13.837
least-response-time-cache-off-warm100,90,3,6.9444,13.953,99.963,113.915,the,jude-the-obscure,1,,server-1,6,0,1,6.807,64.423,16.824
least-response-time-cache-off-warm100,90,3,6.9556,3.737,123.637,127.374,she,dracula,1,,server-1,7,0,0,9.539,64.423,18.450
least-response-time-cache-off-warm100,90,3,6.9667,24.187,70.259,94.446,was,the-prince,1,,server-1,6,0,0,6.193,64.423,18.450
least-response-time-cache-off-warm100,90,3,6.9778,45.456,102.541,147.997,castle,north-and-south,1,,server-1,7,0,0,6.193,64.423,18.450
least-response-time-cache-off-warm100,90,3,6.9889,29.615,82.605,112.220,death,anne-of-green-gables,1,,server-1,8,0,0,6.193,64.423,18.450
least-response-time-cache-off-warm100,90,3,7.0000,62.618,85.782,148.400,heart,oliver-twist,1,,server-1,8,0,0,15.488,64.423,18.450
least-response-time-cache-off-warm100,90,3,7.0111,48.262,100.265,148.527,money,frankenstein-or-the-modern-prometheus-41445,1,,server-1,9,0,0,15.488,64.423,18.450
least-response-time-cache-off-warm100,90,3,7.0222,2.816,25.345,28.160,death,the-age-of-innocence,1,,server-3,9,0,1,27.746,64.423,18.450
least-response-time-cache-off-warm100,90,3,7.0333,17.448,49.923,67.371,king,the-iliad-2199,1,,server-3,9,0,2,24.738,64.423,9.571
least-response-time-cache-off-warm100,90,3,7.0444,6.416,44.704,51.119,london,the-works-of-edgar-allan-poe-volume-2,1,,server-3,9,0,3,24.738,64.423,9.571
least-response-time-cache-off-warm100,90,3,7.0556,45.480,43.377,88.857,house,the-adventures-of-ferdinand-count-fathom-complete,1,,server-3,8,0,3,31.819,64.423,3.810
least-response-time-cache-off-warm100,90,3,7.0667,34.094,100.517,134.611,night,kidnapped,1,,server-3,6,0,4,32.813,64.423,3.810
least-response-time-cache-off-warm100,90,3,7.0778,22.522,18.851,41.373,whale,the-adventures-of-sherlock-holmes,1,,server-3,6,0,5,32.813,64.423,3.810
least-response-time-cache-off-warm100,90,3,7.0889,12.491,100.060,112.550,house,villette,1,,server-3,4,0,6,29.470,64.423,3.810
least-response-time-cache-off-warm100,90,3,7.1000,18.829,73.542,92.371,king,the-prince,1,,server-3,4,0,6,34.061,64.423,6.550
least-response-time-cache-off-warm100,90,3,7.1111,80.703,66.677,147.380,the,the-house-of-the-seven-gables,1,,server-3,4,0,6,34.061,64.423,2.938
least-response-time-cache-off-warm100,90,3,7.1222,70.310,33.107,103.417,was,frankenstein-or-the-modern-prometheus-41445,1,,server-3,4,0,6,34.061,64.423,5.678
least-response-time-cache-off-warm100,90,3,7.1333,70.681,57.460,128.141,love,the-adventures-of-sherlock-holmes,1,,server-3,2,0,7,31.374,64.423,5.678
least-response-time-cache-off-warm100,90,3,7.1444,62.331,102.969,165.300,and,northanger-abbey,1,,server-3,2,0,8,31.374,64.423,16.810
least-response-time-cache-off-warm100,90,3,7.1556,52.563,84.667,137.230,heart,northanger-abbey,1,,server-3,2,0,9,30.648,64.423,16.810
least-response-time-cache-off-warm100,90,3,7.1667,60.429,85.903,146.331,whale,twenty-thousand-leagues-under-the-sea,1,,server-3,0,0,10,29.353,64.423,16.810
least-response-time-cache-off-warm100,90,3,7.1778,50.690,106.722,157.412,whale,the-prince,1,,server-3,0,0,11,29.353,64.423,25.043
least-response-time-cache-off-warm100,90,3,7.1889,41.020,105.297,146.318,king,the-works-of-edgar-allan-poe-volume-2,1,,server-3,0,0,12,29.353,64.423,25.043
least-response-time-cache-off-warm100,90,3,7.2000,3.557,21.967,25.524,castle,the-secret-garden-17396,1,,server-1,1,0,11,29.353,64.423,49.807
least-response-time-cache-off-warm100,90,3,7.2111,14.957,29.938,44.894,house,cranford,1,,server-1,2,0,8,15.160,64.423,18.305
least-response-time-cache-off-warm100,90,3,7.2222,3.899,27.218,31.117,king,myths-and-legends-of-ancient-greece-and-rome,1,,server-1,3,0,8,15.160,64.423,18.305
least-response-time-cache-off-warm100,90,3,7.2333,22.385,59.289,81.674,london,little-women,1,,server-1,3,0,7,4.739,64.423,12.524
least-response-time-cache-off-warm100,90,3,7.2444,11.487,62.213,73.700,you,oliver-twist,1,,server-1,4,0,7,4.739,64.423,12.524
least-response-time-cache-off-warm100,90,3,7.2556,3.069,71.387,74.455,castle,the-king-in-yellow,1,,server-1,4,0,7,5.296,64.423,12.524
least-response-time-cache-off-warm100,90,3,7.2667,61.415,141.896,203.311,and,the-vicomte-de-bragelonne,1,,server-1,4,0,7,2.598,64.423,28.162
least-response-time-cache-off-warm100,90,3,7.2778,52.403,25.621,78.024,letter,the-adventures-of-sherlock-holmes,1,,server-1,5,0,7,2.598,64.423,31.486
least-response-time-cache-off-warm100,90,3,7.2889,42.245,72.420,114.665,she,leaves-of-grass,1,,server-1,6,0,7,2.598,64.423,31.486
least-response-time-cache-off-warm100,90,3,7.3000,30.822,66.413,97.235,heart,the-wind-in-the-willows,1,,server-1,7,0,6,2.598,64.423,38.426
least-response-time-cache-off-warm100,90,3,7.3111,21.534,65.789,87.323,he,the-hound-of-the-baskervilles,1,,server-1,8,0,6,2.598,64.423,40.838
least-response-time-cache-off-warm100,90,3,7.3222,11.878,81.020,92.898,sea,black-beauty,1,,server-1,9,0,3,28.794,64.423,35.963
least-response-time-cache-off-warm100,90,3,7.3333,65.690,90.551,156.242,whale,a-journey-to-the-centre-of-the-earth,1,,server-1,7,0,2,5.623,64.423,35.963
least-response-time-cache-off-warm100,90,3,7.3444,59.402,72.284,131.686,heart,the-prince,1,,server-1,8,0,0,4.324,64.423,33.306
least-response-time-cache-off-warm100,90,3,7.3556,120.045,33.529,153.575,castle,kidnapped,1,,server-1,9,0,0,8.499,64.423,33.306
least-response-time-cache-off-warm100,90,3,7.3667,126.069,71.656,197.725,king,myths-and-legends-of-ancient-greece-and-rome,1,,server-1,10,0,0,8.499,64.423,33.306
least-response-time-cache-off-warm100,90,3,7.3778,112.831,29.419,142.250,letter,treasure-island,1,,server-1,10,0,0,13.626,64.423,33.306
least-response-time-cache-off-warm100,90,3,7.3889,102.484,39.867,142.352,and,memoirs-of-fanny-hill,1,,server-1,11,0,0,13.626,64.423,33.306
least-response-time-cache-off-warm100,90,3,7.4000,91.167,90.536,181.703,was,adventures-of-huckleberry-finn,1,,server-1,11,0,0,20.668,64.423,33.306
least-response-time-cache-off-warm100,90,3,7.4111,81.352,72.060,153.412,castle,thus-spake-zarathustra-a-book-for-all-and-none,1,,server-1,11,0,0,25.206,64.423,33.306
least-response-time-cache-off-warm100,90,3,7.4222,111.859,57.424,169.284,he,the-war-of-the-worlds,1,,server-1,10,0,0,25.487,64.423,33.306
least-response-time-cache-off-warm100,90,3,7.4333,146.298,21.616,167.914,and,poirot-investigates,1,,server-1,11,0,0,25.487,64.423,33.306
least-response-time-cache-off-warm100,90,3,7.4444,137.556,59.633,197.189,you,desert-gold,1,,server-1,12,0,0,25.487,64.423,33.306
least-response-time-cache-off-warm100,90,3,7.4556,126.842,70.663,197.505,of,the-mysterious-island,1,,server-1,13,0,0,25.487,64.423,33.306
least-response-time-cache-off-warm100,90,3,7.4667,124.268,59.376,183.643,whale,poirot-investigates,1,,server-1,14,0,0,25.487,64.423,33.306
least-response-time-cache-off-warm100,90,3,7.4778,2.533,26.013,28.546,the,walden-and-on-the-duty-of-civil-disobedience,1,,server-3,13,0,1,34.531,64.423,33.306
least-response-time-cache-off-warm100,90,3,7.4889,18.308,14.030,32.338,was,meditations,1,,server-3,13,0,2,29.656,64.423,17.159
least-response-time-cache-off-warm100,90,3,7.5000,100.445,78.979,179.424,night,dracula,1,,server-1,12,0,2,11.477,64.423,17.159
least-response-time-cache-off-warm100,90,3,7.5111,10.696,12.034,22.730,london,frankenstein-or-the-modern-prometheus,1,,server-3,12,0,2,15.667,64.423,9.501
least-response-time-cache-off-warm100,90,3,7.5222,1.922,26.185,28.108,death,the-works-of-edgar-allan-poe-volume-2,1,,server-3,12,0,2,16.631,64.423,5.237
least-response-time-cache-off-warm100,90,3,7.5333,2.312,32.837,35.149,sea,twenty-thousand-leagues-under-the-sea,1,,server-3,9,0,3,34.283,64.423,4.500
least-response-time-cache-off-warm100,90,3,7.5444,6.291,42.270,48.561,king,the-mysterious-island,1,,server-3,9,0,3,27.562,64.423,3.284
least-response-time-cache-off-warm100,90,3,7.5556,38.036,76.209,114.245,death,great-expectations,1,,server-3,9,0,3,27.562,64.423,3.840
least-response-time-cache-off-warm100,90,3,7.5667,27.667,76.125,103.792,money,the-innocents-abroad,1,,server-3,7,0,4,57.401,64.423,3.840
least-response-time-cache-off-warm100,90,3,7.5778,17.207,76.840,94.047,whale,the-king-in-yellow,1,,server-3,7,0,5,57.401,64.423,6.620
least-response-time-cache-off-warm100,90,3,7.5889,5.648,75.448,81.096,death,a-princess-of-mars,1,,server-3,6,0,6,42.250,64.423,6.620
least-response-time-cache-off-warm100,90,3,7.6000,34.786,110.680,145.467,she,north-and-south,1,,server-3,5,0,5,23.203,64.423,3.923
least-response-time-cache-off-warm100,90,3,7.6111,59.353,171.279,230.633,the,north-and-south,1,,server-3,4,0,6,14.062,64.423,3.923
least-response-time-cache-off-warm100,90,3,7.6222,50.345,116.037,166.382,love,the-odyssey,1,,server-3,4,0,7,14.062,64.423,3.923
least-response-time-cache-off-warm100,90,3,7.6333,41.199,71.604,112.803,she,a-princess-of-mars,1,,server-3,4,0,8,14.062,64.423,8.409
least-response-time-cache-off-warm100,90,3,7.6444,30.326,93.790,124.116,was,hard-times,1,,server-3,3,0,9,18.646,64.423,8.191
least-response-time-cache-off-warm100,90,3,7.6556,25.167,176.365,201.533,letter,northanger-abbey,1,,server-3,1,0,10,22.901,64.423,8.191
least-response-time-cache-off-warm100,90,3,7.6667,10.727,89.017,99.744,and,white-fang,1,,server-3,1,0,11,22.901,64.423,15.523
least-response-time-cache-off-warm100,90,3,7.6778,9.932,166.677,176.610,he,great-expectations,1,,server-3,1,0,8,22.901,64.423,7.685
least-response-time-cache-off-warm100,90,3,7.6889,97.446,102.235,199.682,the,the-last-of-the-mohicans-a-narrative-of-1757,1,,server-3,0,0,9,27.000,64.423,5.037
least-response-time-cache-off-warm100,90,3,7.7000,157.567,50.251,207.818,whale,silas-marner,1,,server-3,0,0,10,27.000,64.423,5.037
least-response-time-cache-off-warm100,90,3,7.7111,130.449,67.929,198.378,you,the-adventures-of-tom-sawyer-complete,1,,server-3,0,0,11,27.000,64.423,5.037
least-response-time-cache-off-warm100,90,3,7.7222,137.067,68.801,205.867,and,the-lost-world,1,,server-3,0,0,12,27.000,64.423,5.037
least-response-time-cache-off-warm100,90,3,7.7333,128.188,82.051,210.239,of,the-age-of-innocence,1,,server-3,0,0,13,27.000,64.423,11.882
least-response-time-cache-off-warm100,90,3,7.7444,153.873,30.797,184.671,she,the-hound-of-the-baskervilles,1,,server-3,0,0,14,27.000,64.423,11.882
least-response-time-cache-off-warm100,90,3,7.7556,2.738,34.297,37.035,and,jane-eyre-an-autobiography,1,,server-1,1,0,13,27.000,64.423,29.744
least-response-time-cache-off-warm100,90,3,7.7667,26.721,42.200,68.921,horse,wuthering-heights,1,,server-1,2,0,13,14.012,64.423,41.391
least-response-time-cache-off-warm100,90,3,7.7778,15.790,57.105,72.895,sea,far-from-the-madding-crowd,1,,server-1,3,0,12,14.012,64.423,39.048
least-response-time-cache-off-warm100,90,3,7.7889,4.873,58.825,63.698,she,the-works-of-edgar-allan-poe-volume-2,1,,server-1,4,0,11,14.012,64.423,48.899
least-response-time-cache-off-warm100,90,3,7.8000,53.282,67.958,121.241,king,the-adventures-of-tom-sawyer-complete,1,,server-1,4,0,11,3.513,64.423,36.760
least-response-time-cache-off-warm100,90,3,7.8111,42.422,68.041,110.463,castle,herland,1,,server-1,5,0,11,3.513,64.423,36.760
least-response-time-cache-off-warm100,90,3,7.8222,31.707,19.989,51.696,king,treasure-island,1,,server-1,6,0,11,3.513,64.423,36.760
least-response-time-cache-off-warm100,90,3,7.8333,21.245,64.893,86.138,money,north-and-south,1,,server-1,7,0,11,3.513,64.423,36.760
least-response-time-cache-off-warm100,90,3,7.8444,10.299,78.571,88.869,was,the-first-men-in-the-moon,1,,server-1,8,0,9,11.079,64.423,72.563
least-response-time-cache-off-warm100,90,3,7.8556,18.501,71.813,90.313,money,washington-square,1,,server-1,6,0,9,3.337,64.423,66.932
least-response-time-cache-off-warm100,90,3,7.8667,45.223,133.046,178.269,was,agnes-grey,1,,server-1,7,0,6,2.937,64.423,45.450
least-response-time-cache-off-warm100,90,3,7.8778,43.309,93.762,137.071,sea,poirot-investigates,1,,server-1,8,0,6,6.581,64.423,38.200
least-response-time-cache-off-warm100,90,3,7.8889,32.719,50.385,83.105,night,the-age-of-innocence,1,,server-1,9,0,6,6.581,64.423,48.579
least-response-time-cache-off-warm100,90,3,7.9000,23.097,190.154,213.251,whale,the-american,1,,server-1,9,0,6,10.150,64.423,45.079
least-response-time-cache-off-warm100,90,3,7.9111,23.100,107.419,130.519,of,the-last-of-the-mohicans-a-narrative-of-1757-27681,1,,server-1,10,0,5,10.150,64.423,41.200
least-response-time-cache-off-warm100,90,3,7.9222,25.000,152.612,177.612,horse,wuthering-heights,1,,server-1,10,0,4,22.563,64.423,27.693
least-response-time-cache-off-warm100,90,3,7.9333,16.432,161.632,178.064,money,the-first-men-in-the-moon,1,,server-1,10,0,3,24.513,64.423,25.358
least-response-time-cache-off-warm100,90,3,7.9444,71.095,102.570,173.665,money,the-odyssey,1,,server-1,9,0,0,11.890,64.423,23.929
least-response-time-cache-off-warm100,90,3,7.9556,88.052,126.489,214.541,and,the-last-of-the-mohicans-a-narrative-of-1757-27681,1,,server-1,9,0,0,9.734,64.423,23.929
least-response-time-cache-off-warm100,90,3,7.9667,96.272,135.235,231.507,death,the-adventures-of-ferdinand-count-fathom-complete,1,,server-1,10,0,0,9.734,64.423,23.929
least-response-time-cache-off-warm100,90,3,7.9778,136.088,137.423,273.511,house,the-adventures-of-ferdinand-count-fathom-complete,1,,server-1,11,0,0,18.468,64.423,23.929
least-response-time-cache-off-warm100,90,3,7.9889,129.403,77.536,206.940,money,great-expectations,1,,server-1,12,0,0,18.468,64.423,23.929
least-response-time-cache-off-warm100,90,3,8.0000,119.589,90.522,210.111,the,agnes-grey,1,,server-1,13,0,0,23.549,64.423,23.929
least-response-time-cache-off-warm100,90,3,8.0111,159.179,58.880,218.059,money,the-secret-adversary,1,,server-1,14,0,0,23.549,64.423,23.929
least-response-time-cache-off-warm100,90,3,8.0222,5.964,28.419,34.383,castle,a-tale-of-two-cities,1,,server-3,13,0,1,26.226,64.423,23.929
least-response-time-cache-off-warm100,90,3,8.0333,7.700,34.498,42.198,death,madame-bovary,1,,server-3,13,0,2,26.226,64.423,12.563
least-response-time-cache-off-warm100,90,3,8.0444,13.405,29.864,43.269,was,frankenstein-or-the-modern-prometheus-41445,1,,server-3,11,0,3,51.983,64.423,9.118
least-response-time-cache-off-warm100,90,3,8.0556,3.058,56.280,59.338,love,life-on-the-mississippi,1,,server-3,10,0,4,43.331,64.423,9.932
least-response-time-cache-off-warm100,90,3,8.0667,25.568,78.843,104.411,night,sense-and-sensibility,1,,server-3,10,0,4,52.037,64.423,3.813
least-response-time-cache-off-warm100,90,3,8.0778,34.672,28.055,62.727,was,dubliners,1,,server-3,10,0,5,52.037,64.423,5.809
least-response-time-cache-off-warm100,90,3,8.0889,26.681,52.191,78.873,he,persuasion,1,,server-3,10,0,4,52.037,64.423,8.823
least-response-time-cache-off-warm100,90,3,8.1000,17.437,73.811,91.248,horse,life-on-the-mississippi,1,,server-3,10,0,5,68.692,64.423,8.823
least-response-time-cache-off-warm100,90,3,8.1111,9.772,80.410,90.182,you,black-beauty,1,,server-3,10,0,6,82.771,64.423,8.823
least-response-time-cache-off-warm100,90,3,8.1222,69.267,29.731,98.998,heart,the-works-of-edgar-allan-poe-volume-2,1,,server-3,7,0,6,49.184,64.423,5.890
least-response-time-cache-off-warm100,90,3,8.1333,66.244,40.834,107.078,love,oliver-twist,1,,server-3,7,0,7,49.184,64.423,5.890
least-response-time-cache-off-warm100,90,3,8.1444,58.720,86.973,145.693,and,northanger-abbey,1,,server-3,6,0,8,55.789,64.423,11.578
least-response-time-cache-off-warm100,90,3,8.1556,46.056,159.181,205.237,house,the-moonstone,1,,server-3,6,0,9,55.789,64.423,11.578
least-response-time-cache-off-warm100,90,3,8.1667,75.147,66.282,141.429,was,silas-marner,1,,server-3,6,0,10,55.789,64.423,11.578
least-response-time-cache-off-warm100,90,3,8.1778,66.060,145.240,211.300,was,meditations,1,,server-3,6,0,9,49.073,64.423,23.459
least-response-time-cache-off-warm100,90,3,8.1889,56.249,141.924,198.173,horse,the-works-of-edgar-allan-poe-volume-2,1,,server-3,6,0,10,49.073,64.423,31.920
least-response-time-cache-off-warm100,90,3,8.2000,45.728,126.806,172.534,castle,hard-times,1,,server-3,5,0,10,56.574,64.423,23.929
least-response-time-cache-off-warm100,90,3,8.2111,112.705,80.924,193.629,she,his-last-bow,1,,server-3,2,0,10,33.680,64.423,13.998
least-response-time-cache-off-warm100,90,3,8.2222,138.946,64.641,203.587,love,the-hound-of-the-baskervilles,1,,server-3,2,0,11,33.680,64.423,15.420
least-response-time-cache-off-warm100,90,3,8.2333,158.884,99.504,258.387,night,a-journey-to-the-centre-of-the-earth,1,,server-3,2,0,12,34.285,64.423,15.420
least-response-time-cache-off-warm100,90,3,8.2444,146.591,81.280,227.871,death,a-connecticut-yankee-in-king-arthur-s-court,1,,server-3,2,0,10,34.285,64.423,23.824
least-response-time-cache-off-warm100,90,3,8.2556,135.697,33.766,169.462,sea,washington-square,1,,server-3,0,0,11,41.175,64.423,17.189
least-response-time-cache-off-warm100,90,3,8.2667,138.667,88.217,226.884,you,great-expectations,1,,server-3,0,0,12,41.175,64.423,15.867
least-response-time-cache-off-warm100,90,3,8.2778,136.577,131.810,268.387,horse,the-king-in-yellow,1,,server-3,0,0,13,41.175,64.423,15.867
least-response-time-cache-off-warm100,90,3,8.2889,134.827,118.841,253.668,night,great-expectations,1,,server-3,0,0,14,41.175,64.423,15.867
least-response-time-cache-off-warm100,90,3,8.3000,173.284,70.636,243.920,you,the-mystery-of-edwin-drood,1,,server-3,0,0,15,41.175,64.423,18.577
least-response-time-cache-off-warm100,90,3,8.3111,161.978,105.183,267.162,was,the-adventures-of-tom-sawyer-complete,1,,server-3,0,0,16,41.175,64.423,39.505
least-response-time-cache-off-warm100,90,3,8.3222,171.183,83.676,254.859,house,thus-spake-zarathustra-a-book-for-all-and-none,1,,server-3,0,0,17,41.175,64.423,39.505
least-response-time-cache-off-warm100,90,3,8.3333,4.648,38.156,42.804,and,jude-the-obscure,1,,server-1,1,0,16,41.175,64.423,45.312
least-response-time-cache-off-warm100,90,3,8.3444,32.533,47.866,80.399,night,the-last-of-the-mohicans-a-narrative-of-1757-27681,1,,server-1,2,0,16,21.336,64.423,45.312
least-response-time-cache-off-warm100,90,3,8.3556,21.920,44.228,66.148,the,the-house-of-the-seven-gables,1,,server-1,3,0,16,21.336,64.423,45.312
least-response-time-cache-off-warm100,90,3,8.3667,10.662,10.969,21.631,she,the-mysterious-affair-at-styles,1,,server-1,4,0,16,21.336,64.423,60.473
least-response-time-cache-off-warm100,90,3,8.3778,2.890,70.763,73.652,horse,villette,1,,server-1,4,0,15,4.722,64.423,49.383
least-response-time-cache-off-warm100,90,3,8.3889,36.281,39.853,76.134,sea,the-secret-garden-17396,1,,server-1,5,0,14,4.390,64.423,72.102
least-response-time-cache-off-warm100,90,3,8.4000,51.310,24.784,76.093,the,northanger-abbey,1,,server-1,5,0,11,4.390,64.423,28.595
least-response-time-cache-off-warm100,90,3,8.4111,41.175,37.732,78.907,you,hard-times,1,,server-1,6,0,10,4.390,64.423,47.255
least-response-time-cache-off-warm100,90,3,8.4222,32.375,91.162,123.537,whale,the-last-of-the-mohicans-a-narrative-of-1757-27681,1,,server-1,7,0,10,14.287,64.423,42.900
least-response-time-cache-off-warm100,90,3,8.4333,58.321,62.877,121.199,london,emma,1,,server-1,7,0,10,17.216,64.423,25.751
least-response-time-cache-off-warm100,90,3,8.4444,45.949,131.276,177.224,was,desert-gold,1,,server-1,8,0,10,17.216,64.423,25.751
least-response-time-cache-off-warm100,90,3,8.4556,35.818,92.618,128.436,and,the-portrait-of-a-lady-volume-1,1,,server-1,7,0,10,12.942,64.423,50.223
least-response-time-cache-off-warm100,90,3,8.4667,28.231,215.126,243.357,was,great-expectations,1,,server-1,8,0,10,13.806,64.423,50.223
least-response-time-cache-off-warm100,90,3,8.4778,14.803,287.300,302.103,of,north-and-south,1,,server-1,8,0,9,19.620,64.423,51.286
least-response-time-cache-off-warm100,90,3,8.4889,5.477,107.254,112.731,horse,north-and-south,1,,server-1,9,0,8,19.620,64.423,44.088
least-response-time-cache-off-warm100,90,3,8.5000,49.715,123.340,173.055,king,the-adventures-of-sherlock-holmes,1,,server-1,8,0,6,3.465,64.423,45.756
least-response-time-cache-off-warm100,90,3,8.5111,69.232,171.002,240.234,london,the-tenant-of-wildfell-hall,1,,server-1,9,0,6,3.465,64.423,45.756
least-response-time-cache-off-warm100,90,3,8.5222,61.560,131.224,192.784,the,madame-bovary,1,,server-1,10,0,5,3.465,64.423,37.103
least-response-time-cache-off-warm100,90,3,8.5333,140.025,102.257,242.282,he,the-portrait-of-a-lady-volume-1,1,,server-1,11,0,5,3.465,64.423,37.103
least-response-time-cache-off-warm100,90,3,8.5444,148.877,115.453,264.329,he,the-odyssey,1,,server-1,12,0,5,18.903,64.423,34.308
least-response-time-cache-off-warm100,90,3,8.5556,189.636,85.635,275.272,death,mary-barton,1,,server-1,12,0,2,26.129,64.423,41.870
least-response-time-cache-off-warm100,90,3,8.5667,207.106,75.593,282.699,the,far-from-the-madding-crowd,1,,server-1,12,0,2,26.129,64.423,41.870
least-response-time-cache-off-warm100,90,3,8.5778,231.276,70.624,301.900,heart,the-prince,1,,server-1,13,0,2,26.129,64.423,45.780
least-response-time-cache-off-warm100,90,3,8.5889,215.366,65.503,280.868,castle,the-last-of-the-mohicans-a-narrative-of-1757,1,,server-1,14,0,0,31.005,64.423,34.605
least-response-time-cache-off-warm100,90,3,8.6000,246.974,72.080,319.053,money,the-mysterious-island,1,,server-1,15,0,0,31.005,64.423,34.605
least-response-time-cache-off-warm100,90,3,8.6111,261.654,46.003,307.657,love,the-wind-in-the-willows,1,,server-1,15,0,0,30.452,64.423,34.605
least-response-time-cache-off-warm100,90,3,8.6222,4.206,40.504,44.711,was,the-romance-of-lust-a-classic-victorian-erotic-novel,1,,server-3,15,0,1,50.278,64.423,34.605
least-response-time-cache-off-warm100,90,3,8.6333,30.120,23.188,53.308,castle,desperate-remedies,1,,server-3,14,0,2,50.278,64.423,17.920
least-response-time-cache-off-warm100,90,3,8.6444,23.911,57.172,81.083,london,the-wind-in-the-willows,1,,server-3,14,0,3,50.278,64.423,14.506
least-response-time-cache-off-warm100,90,3,8.6556,13.102,60.829,73.932,heart,jude-the-obscure,1,,server-3,13,0,4,46.466,64.423,14.506
least-response-time-cache-off-warm100,90,3,8.6667,21.319,43.458,64.777,money,white-fang,1,,server-3,13,0,5,46.466,64.423,17.723
least-response-time-cache-off-warm100,90,3,8.6778,12.770,91.297,104.067,money,the-adventures-of-ferdinand-count-fathom-complete,1,,server-3,13,0,5,47.623,64.423,6.165
least-response-time-cache-off-warm100,90,3,8.6889,41.088,20.957,62.045,horse,the-scarlet-letter,1,,server-3,13,0,6,47.623,64.423,7.751
least-response-time-cache-off-warm100,90,3,8.7000,34.524,80.644,115.167,castle,the-tenant-of-wildfell-hall,1,,server-3,12,0,6,41.949,64.423,4.467
least-response-time-cache-off-warm100,90,3,8.7111,27.112,114.718,141.830,sea,wuthering-heights,1,,server-3,12,0,7,64.418,64.423,4.467
least-response-time-cache-off-warm100,90,3,8.7222,16.809,155.239,172.047,whale,frankenstein-or-the-modern-prometheus-41445,1,,server-3,12,0,8,82.757,64.423,4.467
least-response-time-cache-off-warm100,90,3,8.7333,17.712,112.262,129.974,money,leaves-of-grass,1,,server-3,12,0,6,82.757,64.423,17.306
least-response-time-cache-off-warm100,90,3,8.7444,37.543,112.201,149.744,house,the-return-of-sherlock-holmes,1,,server-3,12,0,7,82.757,64.423,7.481
least-response-time-cache-off-warm100,90,3,8.7556,29.163,78.877,108.040,you,the-war-of-the-worlds,1,,server-3,10,0,8,94.862,64.423,8.921
least-response-time-cache-off-warm100,90,3,8.7667,83.485,79.188,162.673,horse,memoirs-of-fanny-hill,1,,server-3,10,0,9,94.862,64.423,8.460
least-response-time-cache-off-warm100,90,3,8.7778,118.123,34.950,153.073,was,the-great-gatsby,1,,server-3,9,0,10,76.018,64.423,16.125
least-response-time-cache-off-warm100,90,3,8.7889,107.273,15.289,122.562,horse,around-the-world-in-eighty-days,1,,server-3,8,0,9,70.115,64.423,13.277
least-response-time-cache-off-warm100,90,3,8.8000,96.445,64.914,161.359,love,the-tenant-of-wildfell-hall,1,,server-3,8,0,10,70.115,64.423,13.277
least-response-time-cache-off-warm100,90,3,8.8111,109.933,54.996,164.929,king,a-princess-of-mars,1,,server-3,7,0,11,52.705,64.423,13.277
least-response-time-cache-off-warm100,90,3,8.8222,76.907,118.580,195.487,was,the-secret-garden-17396,1,,server-3,7,0,11,52.705,64.423,21.321
least-response-time-cache-off-warm100,90,3,8.8333,87.976,144.648,232.623,of,frankenstein-or-the-modern-prometheus-41445,1,,server-3,6,0,12,69.904,64.423,21.321
least-response-time-cache-off-warm100,90,3,8.8444,86.567,71.430,157.997,heart,the-mystery-of-edwin-drood,1,,server-3,6,0,13,69.904,64.423,30.610
least-response-time-cache-off-warm100,90,3,8.8556,77.175,71.387,148.562,king,the-memoirs-of-sherlock-holmes,1,,server-3,6,0,14,56.555,64.423,35.863
least-response-time-cache-off-warm100,90,3,8.8667,66.416,103.765,170.181,castle,the-age-of-innocence,1,,server-3,6,0,14,56.555,64.423,52.419
least-response-time-cache-off-warm100,90,3,8.8778,84.446,106.796,191.242,castle,the-lost-world,1,,server-3,3,0,15,65.833,64.423,52.419
least-response-time-cache-off-warm100,90,3,8.8889,30.390,25.897,56.287,house,little-women,1,,server-1,3,0,15,42.317,64.423,52.419
least-response-time-cache-off-warm100,90,3,8.9000,76.821,92.347,169.168,you,his-last-bow,1,,server-3,3,0,12,42.317,64.423,29.083
least-response-time-cache-off-warm100,90,3,8.9111,94.887,75.226,170.113,whale,agnes-grey,1,,server-3,3,0,13,42.317,64.423,21.823
least-response-time-cache-off-warm100,90,3,8.9222,23.637,13.298,36.935,sea,his-last-bow,1,,server-1,2,0,13,17.058,64.423,31.045
least-response-time-cache-off-warm100,90,3,8.9333,12.761,33.862,46.623,horse,a-tale-of-two-cities,1,,server-1,3,0,10,17.058,64.423,17.473
least-response-time-cache-off-warm100,90,3,8.9444,91.041,69.925,160.967,castle,north-and-south,1,,server-3,3,0,11,17.058,64.423,15.025
least-response-time-cache-off-warm100,90,3,8.9556,24.689,23.151,47.840,night,the-adventures-of-ferdinand-count-fathom-complete,1,,server-1,3,0,11,6.015,64.423,28.585
least-response-time-cache-off-warm100,90,3,8.9667,14.198,57.774,71.972,king,life-on-the-mississippi,1,,server-1,4,0,11,7.349,64.423,19.009
least-response-time-cache-off-warm100,90,3,8.9778,3.316,33.093,36.409,letter,cranford,1,,server-1,5,0,10,7.349,64.423,22.003
least-response-time-cache-off-warm100,90,3,8.9889,25.492,38.645,64.137,the,the-prince,1,,server-1,4,0,10,3.272,64.423,22.003
least-response-time-cache-off-warm100,90,3,9.0000,35.844,44.758,80.601,london,the-scarlet-letter,1,,server-1,5,0,10,3.272,64.423,32.387
least-response-time-cache-off-warm100,90,3,9.0111,28.040,29.967,58.006,king,twenty-thousand-leagues-under-the-sea,1,,server-1,5,0,7,7.532,64.423,24.550
least-response-time-cache-off-warm100,90,3,9.0222,21.403,59.500,80.903,he,meditations,1,,server-1,6,0,7,12.226,64.423,40.676
least-response-time-cache-off-warm100,90,3,9.0333,18.663,49.005,67.668,she,herland,1,,server-1,7,0,7,12.226,64.423,40.676
least-response-time-cache-off-warm100,90,3,9.0444,39.446,47.536,86.982,death,the-song-of-the-lark,1,,server-1,6,0,6,10.493,64.423,48.371
least-response-time-cache-off-warm100,90,3,9.0556,28.030,83.786,111.816,horse,the-house-of-the-seven-gables,1,,server-1,7,0,6,8.947,64.423,42.205
least-response-time-cache-off-warm100,90,3,9.0667,18.386,80.209,98.595,london,sense-and-sensibility,1,,server-1,8,0,6,8.947,64.423,58.722
least-response-time-cache-off-warm100,90,3,9.0778,27.316,83.644,110.960,sea,the-hound-of-the-baskervilles-3070,1,,server-1,9,0,4,12.860,64.423,52.441
least-response-time-cache-off-warm100,90,3,9.0889,16.343,93.729,110.072,king,black-beauty,1,,server-1,7,0,2,7.965,64.423,48.179
least-response-time-cache-off-warm100,90,3,9.1000,7.865,163.528,171.393,you,life-on-the-mississippi,1,,server-1,8,0,2,7.965,64.423,48.179
least-response-time-cache-off-warm100,90,3,9.1111,20.452,86.555,107.008,london,anne-of-green-gables,1,,server-1,7,0,0,5.488,64.423,33.572
least-response-time-cache-off-warm100,90,3,9.1222,26.500,80.687,107.187,castle,meditations,1,,server-1,8,0,0,5.488,64.423,33.572
least-response-time-cache-off-warm100,90,3,9.1333,64.529,75.283,139.812,heart,the-return-of-sherlock-holmes,1,,server-1,9,0,0,13.068,64.423,33.572
least-response-time-cache-off-warm100,90,3,9.1444,54.830,95.978,150.808,king,the-scarlet-letter,1,,server-1,10,0,0,13.068,64.423,33.572
least-response-time-cache-off-warm100,90,3,9.1556,60.865,77.200,138.065,horse,around-the-world-in-eighty-days,1,,server-1,11,0,0,14.998,64.423,33.572
least-response-time-cache-off-warm100,90,3,9.1667,86.594,61.736,148.330,you,twenty-thousand-leagues-under-the-sea,1,,server-1,12,0,0,23.988,64.423,33.572
least-response-time-cache-off-warm100,90,3,9.1778,1.740,10.838,12.577,london,the-great-gatsby,1,,server-3,12,0,1,35.620,64.423,33.572
least-response-time-cache-off-warm100,90,3,9.1889,2.148,17.780,19.929,horse,autobiography-of-benjamin-franklin,1,,server-3,12,0,2,44.296,64.423,17.232
least-response-time-cache-off-warm100,90,3,9.2000,8.952,10.978,19.930,and,the-mysterious-affair-at-styles,1,,server-3,8,0,2,24.063,64.423,6.678
least-response-time-cache-off-warm100,90,3,9.2111,8.216,30.107,38.323,castle,jude-the-obscure,1,,server-3,8,0,2,22.837,64.423,4.674
least-response-time-cache-off-warm100,90,3,9.2222,28.055,31.676,59.731,he,the-secret-garden,1,,server-3,8,0,2,31.081,64.423,3.769
least-response-time-cache-off-warm100,90,3,9.2333,16.842,60.819,77.660,castle,life-on-the-mississippi,1,,server-3,7,0,3,37.747,64.423,3.769
least-response-time-cache-off-warm100,90,3,9.2444,6.107,33.243,39.350,you,the-adventures-of-sherlock-holmes,1,,server-3,7,0,4,28.925,64.423,3.769
least-response-time-cache-off-warm100,90,3,9.2556,52.188,54.758,106.946,castle,autobiography-of-benjamin-franklin,1,,server-3,5,0,4,27.808,64.423,3.162
least-response-time-cache-off-warm100,90,3,9.2667,40.777,145.544,186.321,of,desert-gold,1,,server-3,5,0,5,27.808,64.423,3.162
least-response-time-cache-off-warm100,90,3,9.2778,29.339,39.435,68.775,sea,the-adventures-of-tom-sawyer-complete,1,,server-3,4,0,6,34.851,64.423,3.162
least-response-time-cache-off-warm100,90,3,9.2889,22.723,30.188,52.911,whale,washington-square,1,,server-3,4,0,6,34.851,64.423,11.091
least-response-time-cache-off-warm100,90,3,9.3000,11.377,123.083,134.460,money,little-women,1,,server-3,1,0,7,33.366,64.423,14.567
least-response-time-cache-off-warm100,90,3,9.3111,3.953,73.696,77.649,the,the-return-of-sherlock-holmes-108,1,,server-3,1,0,7,33.366,64.423,18.245
least-response-time-cache-off-warm100,90,3,9.3222,38.522,67.944,106.466,king,northanger-abbey,1,,server-3,0,0,7,28.748,64.423,3.861
least-response-time-cache-off-warm100,90,3,9.3333,29.813,120.178,149.991,you,the-innocents-abroad,1,,server-3,0,0,8,28.748,64.423,3.861
least-response-time-cache-off-warm100,90,3,9.3444,71.134,106.678,177.812,love,the-romance-of-lust-a-classic-victorian-erotic-novel,1,,server-3,0,0,9,28.748,64.423,8.793
least-response-time-cache-off-warm100,90,3,9.3556,78.493,84.375,162.868,heart,the-portrait-of-a-lady-volume-1,1,,server-3,0,0,10,28.748,64.423,16.426
least-response-time-cache-off-warm100,90,3,9.3667,152.275,40.445,192.720,whale,the-house-of-mirth,1,,server-3,0,0,9,28.748,64.423,11.478
least-response-time-cache-off-warm100,90,3,9.3778,145.621,43.540,189.161,house,herland,1,,server-3,0,0,10,28.748,64.423,11.478
least-response-time-cache-off-warm100,90,3,9.3889,135.310,57.039,192.349,whale,a-journey-to-the-centre-of-the-earth,1,,server-3,0,0,11,28.748,64.423,23.622
least-response-time-cache-off-warm100,90,3,9.4000,124.697,76.499,201.195,and,the-last-of-the-mohicans-a-narrative-of-1757-27681,1,,server-3,0,0,11,28.748,64.423,27.729
least-response-time-cache-off-warm100,90,3,9.4111,113.279,31.627,144.906,was,the-jungle-book,1,,server-3,0,0,12,28.748,64.423,27.729
least-response-time-cache-off-warm100,90,3,9.4222,1.394,26.724,28.118,money,the-jungle,1,,server-1,1,0,12,28.748,64.423,32.247
least-response-time-cache-off-warm100,90,3,9.4333,18.293,38.136,56.429,the,the-war-of-the-worlds,1,,server-1,2,0,12,14.819,64.423,45.831
least-response-time-cache-off-warm100,90,3,9.4444,6.656,28.393,35.049,love,great-expectations,1,,server-1,3,0,11,14.819,64.423,37.723
least-response-time-cache-off-warm100,90,3,9.4556,34.590,9.589,44.179,love,the-kama-sutra-of-vatsyayana,1,,server-1,3,0,8,5.876,64.423,41.874
least-response-time-cache-off-warm100,90,3,9.4667,24.083,50.115,74.198,death,far-from-the-madding-crowd,1,,server-1,4,0,8,5.876,64.423,41.874
least-response-time-cache-off-warm100,90,3,9.4778,13.099,31.503,44.602,london,twenty-thousand-leagues-under-the-sea,1,,server-1,5,0,8,5.876,64.423,41.874
least-response-time-cache-off-warm100,90,3,9.4889,2.125,29.527,31.652,king,his-last-bow,1,,server-1,6,0,8,12.874,64.423,69.171
least-response-time-cache-off-warm100,90,3,9.5000,40.547,38.686,79.234,money,the-house-of-mirth,1,,server-1,5,0,8,3.304,64.423,69.171
least-response-time-cache-off-warm100,90,3,9.5111,30.235,26.948,57.182,she,cranford,1,,server-1,6,0,8,3.304,64.423,69.171
least-response-time-cache-off-warm100,90,3,9.5222,19.586,66.147,85.733,the,the-romance-of-lust-a-classic-victorian-erotic-novel,1,,server-1,6,0,7,10.025,64.423,77.763
least-response-time-cache-off-warm100,90,3,9.5333,8.603,39.282,47.885,he,cranford,1,,server-1,6,0,5,10.251,64.423,14.609
least-response-time-cache-off-warm100,90,3,9.5444,63.945,44.457,108.402,sea,the-secret-garden-17396,1,,server-1,5,0,5,3.636,64.423,14.609
least-response-time-cache-off-warm100,90,3,9.5556,56.082,116.807,172.889,and,the-adventures-of-ferdinand-count-fathom-complete,1,,server-1,6,0,5,3.636,64.423,17.883
least-response-time-cache-off-warm100,90,3,9.5667,42.523,17.953,60.476,you,the-war-of-the-worlds,1,,server-1,7,0,3,3.636,64.423,20.558
least-response-time-cache-off-warm100,90,3,9.5778,31.570,121.365,152.935,london,a-connecticut-yankee-in-king-arthur-s-court,1,,server-1,8,0,3,8.192,64.423,20.558
least-response-time-cache-off-warm100,90,3,9.5889,20.690,82.906,103.596,king,mansfield-park,1,,server-1,7,0,3,19.530,64.423,25.018
least-response-time-cache-off-warm100,90,3,9.6000,9.341,85.759,95.100,castle,the-innocents-abroad,1,,server-1,8,0,1,19.530,64.423,23.148
least-response-time-cache-off-warm100,90,3,9.6111,25.093,110.228,135.321,of,the-secret-adversary,1,,server-1,7,0,0,3.367,64.423,27.001
least-response-time-cache-off-warm100,90,3,9.6222,109.975,40.285,150.260,money,jude-the-obscure,1,,server-1,8,0,0,2.714,64.423,27.001
least-response-time-cache-off-warm100,90,3,9.6333,99.709,71.745,171.454,you,madame-bovary,1,,server-1,8,0,0,6.440,64.423,27.001
least-response-time-cache-off-warm100,90,3,9.6444,88.704,129.394,218.098,of,oliver-twist,1,,server-1,9,0,0,6.711,64.423,27.001
least-response-time-cache-off-warm100,90,3,9.6556,76.868,86.035,162.903,love,oliver-twist,1,,server-1,10,0,0,13.961,64.423,27.001
least-response-time-cache-off-warm100,90,3,9.6667,78.106,132.758,210.864,castle,great-expectations,1,,server-1,11,0,0,13.961,64.423,27.001
least-response-time-cache-off-warm100,90,3,9.6778,70.044,125.259,195.302,london,treasure-island,1,,server-1,12,0,0,17.701,64.423,27.001
least-response-time-cache-off-warm100,90,3,9.6889,79.489,119.272,198.761,london,the-warden,1,,server-1,13,0,0,17.701,64.423,27.001
least-response-time-cache-off-warm100,90,3,9.7000,1.702,17.901,19.603,love,sense-and-sensibility,1,,server-3,12,0,1,41.754,64.423,27.001
least-response-time-cache-off-warm100,90,3,9.7111,9.268,12.407,21.675,horse,frankenstein-or-the-modern-prometheus,1,,server-3,12,0,2,41.754,64.423,13.945
least-response-time-cache-off-warm100,90,3,9.7222,10.365,13.575,23.939,the,a-journey-to-the-centre-of-the-earth,1,,server-3,12,0,2,41.754,64.423,6.839
least-response-time-cache-off-warm100,90,3,9.7333,12.664,26.542,39.206,and,the-adventures-of-ferdinand-count-fathom-complete,1,,server-3,8,0,2,22.503,64.423,4.055
least-response-time-cache-off-warm100,90,3,9.7444,2.351,47.304,49.655,horse,leaves-of-grass,1,,server-3,8,0,3,14.169,64.423,3.298
least-response-time-cache-off-warm100,90,3,9.7556,17.400,32.488,49.888,he,the-kama-sutra-of-vatsyayana,1,,server-3,7,0,3,20.858,64.423,2.423
least-response-time-cache-off-warm100,90,3,9.7667,29.201,17.994,47.195,king,the-prince,1,,server-3,7,0,4,20.858,64.423,2.423
least-response-time-cache-off-warm100,90,3,9.7778,17.757,59.638,77.395,she,the-jungle,1,,server-3,7,0,5,24.665,64.423,6.767
least-response-time-cache-off-warm100,90,3,9.7889,7.484,54.581,62.065,king,the-picture-of-dorian-gray,1,,server-3,7,0,6,24.665,64.423,6.767
least-response-time-cache-off-warm100,90,3,9.8000,14.125,54.667,68.792,whale,the-hound-of-the-baskervilles,1,,server-3,7,0,5,25.901,64.423,5.445
least-response-time-cache-off-warm100,90,3,9.8111,56.251,31.144,87.395,the,north-and-south,1,,server-3,5,0,6,29.797,64.423,5.503
least-response-time-cache-off-warm100,90,3,9.8222,33.675,60.172,93.847,castle,herland,1,,server-3,5,0,5,32.840,64.423,5.009
least-response-time-cache-off-warm100,90,3,9.8333,35.575,51.752,87.326,letter,a-journey-to-the-centre-of-the-earth,1,,server-3,5,0,6,32.840,64.423,5.009
least-response-time-cache-off-warm100,90,3,9.8444,26.924,92.187,119.111,whale,treasure-island,1,,server-3,5,0,7,32.840,64.423,5.009
least-response-time-cache-off-warm100,90,3,9.8556,17.928,61.537,79.465,the,the-mysterious-affair-at-styles,1,,server-3,5,0,7,32.840,64.423,18.744
least-response-time-cache-off-warm100,90,3,9.8667,6.904,214.748,221.652,the,grimms-fairy-tales,1,,server-3,5,0,7,51.877,64.423,20.078
least-response-time-cache-off-warm100,90,3,9.8778,38.698,77.110,115.809,heart,the-romance-of-lust-a-classic-victorian-erotic-novel,1,,server-3,2,0,7,58.990,64.423,4.356
least-response-time-cache-off-warm100,90,3,9.8889,29.676,115.736,145.412,money,leaves-of-grass,1,,server-3,0,0,8,42.288,64.423,4.356
least-response-time-cache-off-warm100,90,3,9.9000,22.857,137.105,159.962,of,walden-and-on-the-duty-of-civil-disobedience,1,,server-3,0,0,9,42.288,64.423,9.402
least-response-time-cache-off-warm100,90,3,9.9111,12.099,148.231,160.329,he,myths-and-legends-of-ancient-greece-and-rome,1,,server-3,0,0,10,42.288,64.423,13.485
least-response-time-cache-off-warm100,90,3,9.9222,72.250,119.523,191.773,house,myths-and-legends-of-ancient-greece-and-rome,1,,server-3,0,0,9,42.288,64.423,12.280
least-response-time-cache-off-warm100,90,3,9.9333,71.497,96.569,168.067,she,black-beauty,1,,server-3,0,0,9,42.288,64.423,5.366
least-response-time-cache-off-warm100,90,3,9.9444,50.077,136.532,186.608,castle,herland,1,,server-3,0,0,9,42.288,64.423,11.239
least-response-time-cache-off-warm100,90,3,9.9556,116.013,157.910,273.922,letter,desert-gold,1,,server-3,0,0,10,42.288,64.423,11.239
least-response-time-cache-off-warm100,90,3,9.9667,102.720,139.796,242.515,letter,mansfield-park,1,,server-3,0,0,11,42.288,64.423,29.728
least-response-time-cache-off-warm100,90,3,9.9778,134.626,72.126,206.752,house,anne-of-green-gables,1,,server-3,0,0,12,42.288,64.423,29.728
least-response-time-cache-off-warm100,90,3,9.9889,123.707,104.774,228.481,london,the-mysterious-affair-at-styles,1,,server-3,0,0,13,42.288,64.423,29.728
least-response-time-cache-off-warm100,90,3,10.0000,89.894,75.758,165.652,you,black-beauty,1,,server-3,0,0,13,42.288,64.423,24.961
least-response-time-cache-off-warm100,90,3,10.0111,101.043,70.674,171.717,horse,the-house-of-mirth,1,,server-3,0,0,13,42.288,64.423,33.508
least-response-time-cache-off-warm100,90,3,10.0222,94.956,140.007,234.963,house,villette,1,,server-3,0,0,14,42.288,64.423,33.508
least-response-time-cache-off-warm100,90,3,10.0333,99.616,152.127,251.743,king,twenty-thousand-leagues-under-the-sea,1,,server-3,0,0,15,42.288,64.423,32.859
least-response-time-cache-off-warm100,90,3,10.0444,2.658,15.813,18.471,king,northanger-abbey,1,,server-1,1,0,15,42.288,64.423,48.671
least-response-time-cache-off-warm100,90,3,10.0556,8.252,12.158,20.410,night,his-last-bow,1,,server-1,2,0,15,21.811,64.423,48.671
least-response-time-cache-off-warm100,90,3,10.0667,9.610,32.449,42.058,the,the-moonstone,1,,server-1,2,0,15,9.113,64.423,78.156
least-response-time-cache-off-warm100,90,3,10.0778,1.888,53.304,55.192,was,the-hound-of-the-baskervilles,1,,server-1,2,0,14,4.934,64.423,67.821
least-response-time-cache-off-warm100,90,3,10.0889,20.043,21.847,41.890,night,silas-marner,1,,server-1,3,0,14,3.299,64.423,59.911
least-response-time-cache-off-warm100,90,3,10.1000,10.433,44.097,54.529,love,cranford,1,,server-1,4,0,11,3.299,64.423,53.949
least-response-time-cache-off-warm100,90,3,10.1111,22.581,48.191,70.772,whale,walden-and-on-the-duty-of-civil-disobedience,1,,server-1,4,0,11,4.865,64.423,56.919
least-response-time-cache-off-warm100,90,3,10.1222,33.038,56.974,90.012,and,little-women,1,,server-1,5,0,9,4.865,64.423,27.005
least-response-time-cache-off-warm100,90,3,10.1333,24.592,110.740,135.331,letter,silas-marner,1,,server-1,5,0,9,10.446,64.423,33.330
least-response-time-cache-off-warm100,90,3,10.1444,14.867,132.350,147.216,love,tess-of-the-d-urbervilles-a-pure-woman,1,,server-1,5,0,9,8.957,64.423,33.330
least-response-time-cache-off-warm100,90,3,10.1556,4.285,106.123,110.408,horse,the-last-of-the-mohicans-a-narrative-of-1757-27681,1,,server-1,5,0,9,15.737,64.423,33.330
least-response-time-cache-off-warm100,90,3,10.1667,21.829,105.222,127.051,love,pride-and-prejudice,1,,server-1,6,0,9,3.500,64.423,41.510
least-response-time-cache-off-warm100,90,3,10.1778,88.697,51.846,140.543,you,cranford,1,,server-1,7,0,9,3.500,64.423,41.510
least-response-time-cache-off-warm100,90,3,10.1889,86.863,125.255,212.117,death,the-adventures-of-ferdinand-count-fathom-complete,1,,server-1,8,0,9,9.587,64.423,51.667
least-response-time-cache-off-warm100,90,3,10.2000,96.356,155.331,251.687,money,dracula,1,,server-1,9,0,9,9.587,64.423,51.667
least-response-time-cache-off-warm100,90,3,10.2111,82.934,103.271,186.205,she,the-romance-of-lust-a-classic-victorian-erotic-novel,1,,server-1,10,0,7,14.517,64.423,59.945
least-response-time-cache-off-warm100,90,3,10.2222,75.847,104.881,180.728,london,dubliners,1,,server-1,9,0,4,18.209,64.423,57.524
least-response-time-cache-off-warm100,90,3,10.2333,65.382,147.024,212.406,he,jane-eyre-an-autobiography,1,,server-1,10,0,3,18.209,64.423,66.117
least-response-time-cache-off-warm100,90,3,10.2444,84.314,187.661,271.975,money,pride-and-prejudice,1,,server-1,11,0,3,18.209,64.423,66.117
least-response-time-cache-off-warm100,90,3,10.2556,62.580,156.931,219.511,money,persuasion,1,,server-1,12,0,3,28.341,64.423,57.605
least-response-time-cache-off-warm100,90,3,10.2667,185.044,124.507,309.552,night,villette,1,,server-1,13,0,1,38.690,64.423,56.913
least-response-time-cache-off-warm100,90,3,10.2778,123.866,112.414,236.280,you,the-iliad-2199,1,,server-1,12,0,1,25.739,64.423,56.913
least-response-time-cache-off-warm100,90,3,10.2889,163.945,120.224,284.168,was,the-iliad,1,,server-1,13,0,0,25.739,64.423,52.748
least-response-time-cache-off-warm100,90,3,10.3000,152.404,159.960,312.364,he,oliver-twist,1,,server-1,12,0,0,11.602,64.423,52.748
least-response-time-cache-off-warm100,90,3,10.3111,199.534,98.499,298.033,the,myths-and-legends-of-ancient-greece-and-rome,1,,server-1,13,0,0,11.602,64.423,52.748
least-response-time-cache-off-warm100,90,3,10.3222,191.939,160.933,352.872,heart,the-scarlet-letter,1,,server-1,14,0,0,27.737,64.423,52.748
least-response-time-cache-off-warm100,90,3,10.3333,187.052,132.989,320.041,castle,emma,1,,server-1,15,0,0,19.564,64.423,52.748
least-response-time-cache-off-warm100,90,3,10.3444,175.644,179.643,355.287,night,villette,1,,server-1,16,0,0,19.564,64.423,52.748
least-response-time-cache-off-warm100,90,3,10.3556,221.810,95.770,317.580,whale,autobiography-of-benjamin-franklin,1,,server-1,17,0,0,19.564,64.423,52.748
least-response-time-cache-off-warm100,90,3,10.3667,251.498,90.195,341.693,whale,the-wind-in-the-willows,1,,server-1,17,0,0,19.564,64.423,52.748
least-response-time-cache-off-warm100,90,3,10.3778,275.807,151.876,427.683,she,the-last-of-the-mohicans-a-narrative-of-1757,1,,server-1,18,0,0,19.564,64.423,52.748
least-response-time-cache-off-warm100,90,3,10.3889,228.593,106.962,335.555,you,the-return-of-sherlock-holmes-108,1,,server-1,19,0,0,19.564,64.423,52.748
least-response-time-cache-off-warm100,90,3,10.4000,250.529,136.526,387.054,letter,the-adventures-of-sherlock-holmes,1,,server-1,20,0,0,51.417,64.423,52.748
least-response-time-cache-off-warm100,90,3,10.4111,289.089,150.648,439.738,castle,the-innocents-abroad,1,,server-1,20,0,0,41.419,64.423,52.748
least-response-time-cache-off-warm100,90,3,10.4222,251.515,136.897,388.411,night,mary-barton,1,,server-1,21,0,0,41.419,64.423,52.748
least-response-time-cache-off-warm100,90,3,10.4333,267.471,85.122,352.594,whale,tess-of-the-d-urbervilles-a-pure-woman,1,,server-1,22,0,0,41.419,64.423,52.748
least-response-time-cache-off-warm100,90,3,10.4444,1.560,38.729,40.289,king,the-song-of-the-lark,1,,server-3,21,0,1,63.716,64.423,52.748
least-response-time-cache-off-warm100,90,3,10.4556,29.452,31.612,61.064,castle,wuthering-heights,1,,server-3,19,0,2,40.970,64.423,27.107
least-response-time-cache-off-warm100,90,3,10.4667,18.481,28.752,47.234,horse,his-last-bow,1,,server-3,19,0,3,40.970,64.423,27.107
least-response-time-cache-off-warm100,90,3,10.4778,7.966,46.201,54.167,night,northanger-abbey,1,,server-3,17,0,4,40.806,64.423,27.107
least-response-time-cache-off-warm100,90,3,10.4889,28.324,51.526,79.850,you,the-house-of-the-seven-gables,1,,server-3,17,0,5,40.806,64.423,6.404
least-response-time-cache-off-warm100,90,3,10.5000,30.894,19.444,50.338,letter,myths-and-legends-of-ancient-greece-and-rome,1,,server-3,17,0,5,88.658,64.423,6.554
least-response-time-cache-off-warm100,90,3,10.5111,21.477,100.389,121.866,king,the-moonstone,1,,server-3,17,0,6,74.736,64.423,6.554
least-response-time-cache-off-warm100,90,3,10.5222,11.600,95.689,107.289,he,little-women,1,,server-3,15,0,6,49.616,64.423,8.724
least-response-time-cache-off-warm100,90,3,10.5333,30.262,70.171,100.433,she,his-last-bow,1,,server-3,15,0,5,49.616,64.423,6.812
least-response-time-cache-off-warm100,90,3,10.5444,20.952,83.401,104.352,she,the-mystery-of-edwin-drood,1,,server-3,15,0,6,49.616,64.423,4.974
least-response-time-cache-off-warm100,90,3,10.5556,16.085,167.818,183.904,love,the-adventures-of-ferdinand-count-fathom-complete,1,,server-3,15,0,7,49.616,64.423,7.447
least-response-time-cache-off-warm100,90,3,10.5667,67.938,78.355,146.293,and,the-return-of-sherlock-holmes,1,,server-3,15,0,7,49.616,64.423,8.821
least-response-time-cache-off-warm100,90,3,10.5778,71.944,95.994,167.938,the,the-jungle,1,,server-3,14,0,7,46.943,64.423,7.956
least-response-time-cache-off-warm100,90,3,10.5889,61.969,181.200,243.169,night,jane-eyre-an-autobiography,1,,server-3,13,0,8,46.943,64.423,7.956
least-response-time-cache-off-warm100,90,3,10.6000,57.148,85.189,142.337,she,oliver-twist,1,,server-3,13,0,9,46.943,64.423,11.764
least-response-time-cache-off-warm100,90,3,10.6111,68.621,86.640,155.261,king,the-adventures-of-sherlock-holmes,1,,server-3,13,0,10,56.483,64.423,11.764
least-response-time-cache-off-warm100,90,3,10.6222,92.089,120.685,212.774,she,the-war-of-the-worlds,1,,server-3,11,0,11,93.211,64.423,11.764
least-response-time-cache-off-warm100,90,3,10.6333,130.616,70.679,201.295,sea,the-secret-garden,1,,server-3,11,0,12,93.211,64.423,34.417
least-response-time-cache-off-warm100,90,3,10.6444,119.828,72.841,192.669,castle,the-mystery-of-edwin-drood,1,,server-3,11,0,10,93.211,64.423,21.431
least-response-time-cache-off-warm100,90,3,10.6556,112.779,99.902,212.681,sea,desperate-remedies,1,,server-3,11,0,10,62.506,64.423,25.046
least-response-time-cache-off-warm100,90,3,10.6667,140.939,146.766,287.705,of,the-mysterious-island,1,,server-3,11,0,11,42.224,64.423,18.195
least-response-time-cache-off-warm100,90,3,10.6778,127.632,58.106,185.738,king,the-hound-of-the-baskervilles-3070,1,,server-3,10,0,12,86.791,64.423,18.195
least-response-time-cache-off-warm100,90,3,10.6889,145.906,83.238,229.144,letter,the-first-men-in-the-moon,1,,server-3,10,0,13,86.791,64.423,18.442
least-response-time-cache-off-warm100,90,3,10.7000,133.949,49.778,183.727,you,persuasion,1,,server-3,9,0,14,102.854,64.423,29.544
least-response-time-cache-off-warm100,90,3,10.7111,125.105,192.142,317.247,and,the-return-of-sherlock-holmes,1,,server-3,6,0,15,33.965,64.423,29.544
least-response-time-cache-off-warm100,90,3,10.7222,6.105,94.210,100.315,whale,dubliners,1,,server-1,7,0,15,33.965,64.423,34.668
least-response-time-cache-off-warm100,90,3,10.7333,90.281,64.911,155.192,london,a-princess-of-mars,1,,server-1,7,0,15,18.405,64.423,34.668
least-response-time-cache-off-warm100,90,3,10.7444,78.521,64.421,142.942,was,oliver-twist,1,,server-1,8,0,15,18.405,64.423,44.442
least-response-time-cache-off-warm100,90,3,10.7556,98.802,126.692,225.494,king,the-mysterious-affair-at-styles,1,,server-1,9,0,12,18.405,64.423,51.676
least-response-time-cache-off-warm100,90,3,10.7667,109.395,103.063,212.459,and,the-war-of-the-worlds,1,,server-1,10,0,11,18.405,64.423,29.656
least-response-time-cache-off-warm100,90,3,10.7778,98.203,103.999,202.202,money,memoirs-of-fanny-hill,1,,server-1,11,0,10,18.405,64.423,24.533
least-response-time-cache-off-warm100,90,3,10.7889,49.307,179.313,228.620,he,mary-barton,1,,server-3,11,0,11,51.239,64.423,24.533
least-response-time-cache-off-warm100,90,3,10.8000,72.043,118.716,190.759,whale,desperate-remedies,1,,server-3,11,0,12,51.239,64.423,43.092
least-response-time-cache-off-warm100,90,3,10.8111,58.725,86.814,145.539,whale,black-beauty,1,,server-3,9,0,13,61.961,64.423,36.178
least-response-time-cache-off-warm100,90,3,10.8222,59.235,161.865,221.100,she,frankenstein-or-the-modern-prometheus-41445,1,,server-3,9,0,14,73.247,64.423,30.901
least-response-time-cache-off-warm100,90,3,10.8333,39.455,108.813,148.268,sea,the-moonstone,1,,server-1,8,0,14,18.177,64.423,76.057
least-response-time-cache-off-warm100,90,3,10.8444,44.295,158.512,202.807,he,pride-and-prejudice,1,,server-1,9,0,10,18.177,64.423,23.471
least-response-time-cache-off-warm100,90,3,10.8556,62.906,106.997,169.903,castle,herland,1,,server-3,7,0,11,46.811,64.423,23.471
least-response-time-cache-off-warm100,90,3,10.8667,125.239,97.057,222.297,sea,dubliners,1,,server-3,7,0,12,46.811,64.423,29.455
least-response-time-cache-off-warm100,90,3,10.8778,98.125,114.897,213.022,love,hard-times,1,,server-3,7,0,11,27.910,64.423,22.291
least-response-time-cache-off-warm100,90,3,10.8889,6.084,109.738,115.823,letter,the-last-of-the-mohicans-a-narrative-of-1757,1,,server-1,8,0,11,22.788,64.423,22.995
least-response-time-cache-off-warm100,90,3,10.9000,65.618,214.660,280.278,of,mary-barton,1,,server-1,7,0,11,10.390,64.423,21.397
least-response-time-cache-off-warm100,90,3,10.9111,54.274,82.194,136.467,sea,grimms-fairy-tales,1,,server-1,8,0,11,10.667,64.423,21.471
least-response-time-cache-off-warm100,90,3,10.9222,80.135,63.869,144.004,you,washington-square,1,,server-1,9,0,10,10.667,64.423,37.864
least-response-time-cache-off-warm100,90,3,10.9333,87.914,90.392,178.306,the,emma,1,,server-1,10,0,10,10.667,64.423,37.864
least-response-time-cache-off-warm100,90,3,10.9444,77.349,145.801,223.150,heart,mary-barton,1,,server-1,11,0,10,17.490,64.423,37.864
least-response-time-cache-off-warm100,90,3,10.9556,68.230,152.010,220.240,death,the-lost-world,1,,server-1,12,0,10,17.490,64.423,53.347
least-response-time-cache-off-warm100,90,3,10.9667,56.885,90.324,147.209,he,far-from-the-madding-crowd,1,,server-1,13,0,10,16.990,64.423,59.846
least-response-time-cache-off-warm100,90,3,10.9778,89.756,125.215,214.971,was,persuasion,1,,server-1,14,0,7,16.990,64.423,47.492
least-response-time-cache-off-warm100,90,3,10.9889,81.732,138.040,219.771,and,the-works-of-edgar-allan-poe-volume-2,1,,server-1,13,0,7,32.813,64.423,47.492
least-response-time-cache-off-warm100,90,3,11.0000,191.477,42.948,234.425,she,a-connecticut-yankee-in-king-arthur-s-court,1,,server-1,14,0,6,32.813,64.423,54.559
least-response-time-cache-off-warm100,90,3,11.0111,156.980,49.963,206.944,love,the-kama-sutra-of-vatsyayana,1,,server-1,12,0,6,40.137,64.423,54.559
least-response-time-cache-off-warm100,90,3,11.0222,197.097,128.960,326.056,horse,jude-the-obscure,1,,server-1,13,0,6,27.934,64.423,63.260
least-response-time-cache-off-warm100,90,3,11.0333,185.499,132.253,317.753,and,villette,1,,server-1,14,0,6,18.178,64.423,74.612
least-response-time-cache-off-warm100,90,3,11.0444,173.657,50.145,223.803,of,mary-barton,1,,server-1,15,0,3,18.178,64.423,66.813
least-response-time-cache-off-warm100,90,3,11.0556,181.634,172.269,353.904,london,mary-barton,1,,server-1,16,0,2,37.390,64.423,53.928
least-response-time-cache-off-warm100,90,3,11.0667,172.503,143.487,315.991,whale,the-warden,1,,server-1,16,0,2,46.461,64.423,53.928
least-response-time-cache-off-warm100,90,3,11.0778,161.919,111.269,273.188,you,the-adventures-of-sherlock-holmes,1,,server-1,15,0,2,38.605,64.423,53.928
least-response-time-cache-off-warm100,90,3,11.0889,151.029,141.646,292.674,you,around-the-world-in-eighty-days,1,,server-1,16,0,2,38.605,64.423,57.348
least-response-time-cache-off-warm100,90,3,11.1000,194.322,69.773,264.095,horse,the-scarlet-letter,1,,server-1,17,0,0,38.605,64.423,42.392
least-response-time-cache-off-warm100,90,3,11.1111,2.106,33.110,35.216,death,the-jungle,1,,server-3,17,0,1,47.498,64.423,42.392
least-response-time-cache-off-warm100,90,3,11.1222,24.306,18.727,43.033,death,the-works-of-edgar-allan-poe-volume-2,1,,server-3,17,0,2,51.218,64.423,21.789
least-response-time-cache-off-warm100,90,3,11.1333,13.609,27.771,41.380,sea,the-first-men-in-the-moon,1,,server-3,17,0,3,51.218,64.423,21.789
least-response-time-cache-off-warm100,90,3,11.1444,2.581,46.002,48.584,was,autobiography-of-benjamin-franklin,1,,server-3,17,0,4,51.218,64.423,21.789
least-response-time-cache-off-warm100,90,3,11.1556,20.085,34.500,54.585,castle,the-house-of-the-seven-gables,1,,server-3,17,0,4,47.375,64.423,3.695
least-response-time-cache-off-warm100,90,3,11.1667,9.075,52.940,62.016,letter,leaves-of-grass,1,,server-3,17,0,5,47.375,64.423,6.561
least-response-time-cache-off-warm100,90,3,11.1778,16.650,43.871,60.521,and,the-hound-of-the-baskervilles-3070,1,,server-3,16,0,4,76.165,64.423,4.405
least-response-time-cache-off-warm100,90,3,11.1889,5.799,51.901,57.700,sea,the-hound-of-the-baskervilles-3070,1,,server-3,16,0,5,81.693,64.423,4.405
least-response-time-cache-off-warm100,90,3,11.2000,30.837,36.432,67.269,horse,meditations,1,,server-3,16,0,5,76.725,64.423,6.146
least-response-time-cache-off-warm100,90,3,11.2111,18.374,27.336,45.710,was,the-lost-world,1,,server-3,10,0,6,69.407,64.423,12.924
least-response-time-cache-off-warm100,90,3,11.2222,25.089,28.467,53.556,castle,poirot-investigates,1,,server-3,9,0,7,26.214,64.423,12.924
least-response-time-cache-off-warm100,90,3,11.2333,24.585,79.424,104.008,money,the-mysterious-island,1,,server-3,9,0,6,26.214,64.423,7.852
least-response-time-cache-off-warm100,90,3,11.2444,21.440,61.138,82.577,letter,life-on-the-mississippi,1,,server-3,8,0,7,27.600,64.423,12.701
least-response-time-cache-off-warm100,90,3,11.2556,11.871,66.104,77.975,the,the-hound-of-the-baskervilles-3070,1,,server-3,8,0,6,23.204,64.423,9.728
least-response-time-cache-off-warm100,90,3,11.2667,12.192,73.758,85.951,letter,the-adventures-of-tom-sawyer-complete,1,,server-3,8,0,7,23.204,64.423,8.503
least-response-time-cache-off-warm100,90,3,11.2778,59.427,28.419,87.846,letter,the-mysterious-affair-at-styles,1,,server-3,8,0,6,28.378,64.423,8.732
least-response-time-cache-off-warm100,90,3,11.2889,65.006,73.431,138.437,london,persuasion,1,,server-3,8,0,6,28.378,64.423,4.891
least-response-time-cache-off-warm100,90,3,11.3000,39.290,42.109,81.398,was,the-mysterious-affair-at-styles,1,,server-3,7,0,7,35.082,64.423,4.891
least-response-time-cache-off-warm100,90,3,11.3111,41.698,63.073,104.770,sea,the-song-of-the-lark,1,,server-3,7,0,8,35.082,64.423,4.891
least-response-time-cache-off-warm100,90,3,11.3222,34.147,133.575,167.721,he,hard-times,1,,server-3,7,0,9,35.082,64.423,4.891
least-response-time-cache-off-warm100,90,3,11.3333,31.431,30.470,61.901,she,northanger-abbey,1,,server-3,7,0,10,35.082,64.423,24.059
least-response-time-cache-off-warm100,90,3,11.3444,34.073,172.124,206.197,the,the-mysterious-island,1,,server-3,7,0,8,35.082,64.423,23.270
least-response-time-cache-off-warm100,90,3,11.3556,38.306,95.681,133.988,king,dubliners,1,,server-3,7,0,8,61.697,64.423,18.617
least-response-time-cache-off-warm100,90,3,11.3667,63.886,121.154,185.040,you,the-king-in-yellow,1,,server-3,5,0,9,44.931,64.423,13.094
least-response-time-cache-off-warm100,90,3,11.3778,51.196,83.981,135.178,king,treasure-island,1,,server-3,5,0,10,44.931,64.423,12.921
least-response-time-cache-off-warm100,90,3,11.3889,38.768,129.649,168.416,you,the-mystery-of-edwin-drood,1,,server-3,2,0,10,60.351,64.423,13.456
least-response-time-cache-off-warm100,90,3,11.4000,53.403,123.061,176.464,letter,around-the-world-in-eighty-days,1,,server-3,2,0,10,60.351,64.423,9.912
least-response-time-cache-off-warm100,90,3,11.4111,80.043,103.013,183.057,letter,the-return-of-sherlock-holmes,1,,server-3,0,0,11,60.865,64.423,9.912
least-response-time-cache-off-warm100,90,3,11.4222,68.202,265.253,333.455,king,pride-and-prejudice,1,,server-3,0,0,12,60.865,64.423,19.846
least-response-time-cache-off-warm100,90,3,11.4333,114.449,71.042,185.491,horse,leaves-of-grass,1,,server-3,0,0,11,60.865,64.423,21.331
least-response-time-cache-off-warm100,90,3,11.4444,147.820,190.067,337.887,house,the-adventures-of-ferdinand-count-fathom-complete,1,,server-3,0,0,12,60.865,64.423,21.331
least-response-time-cache-off-warm100,90,3,11.4556,103.650,92.778,196.428,was,mansfield-park,1,,server-3,0,0,12,60.865,64.423,22.615
least-response-time-cache-off-warm100,90,3,11.4667,127.756,116.049,243.805,was,the-divine-comedy,1,,server-3,0,0,13,60.865,64.423,22.615
least-response-time-cache-off-warm100,90,3,11.4778,117.643,159.234,276.877,letter,the-adventures-of-sherlock-holmes,1,,server-3,0,0,14,60.865,64.423,30.985
least-response-time-cache-off-warm100,90,3,11.4889,128.236,116.453,244.689,he,persuasion,1,,server-3,0,0,15,60.865,64.423,31.789
least-response-time-cache-off-warm100,90,3,11.5000,119.693,183.101,302.794,and,a-journey-to-the-centre-of-the-earth,1,,server-3,0,0,16,60.865,64.423,44.650
least-response-time-cache-off-warm100,90,3,11.5111,112.048,132.587,244.635,whale,the-iliad,1,,server-3,0,0,17,60.865,64.423,44.650
least-response-time-cache-off-warm100,90,3,11.5222,131.212,173.914,305.126,and,beyond-good-and-evil,1,,server-3,0,0,18,60.865,64.423,40.754
least-response-time-cache-off-warm100,90,3,11.5333,170.027,146.410,316.438,whale,the-adventures-of-tom-sawyer-complete,1,,server-3,0,0,17,60.865,64.423,39.511
least-response-time-cache-off-warm100,90,3,11.5444,156.624,124.293,280.917,was,leaves-of-grass,1,,server-3,0,0,18,60.865,64.423,39.511
least-response-time-cache-off-warm100,90,3,11.5556,223.504,82.799,306.303,money,a-journey-to-the-centre-of-the-earth,1,,server-3,0,0,18,60.865,64.423,42.072
least-response-time-cache-off-warm100,90,3,11.5667,228.014,54.309,282.324,whale,his-last-bow,1,,server-3,0,0,16,60.865,64.423,43.639
least-response-time-cache-off-warm100,90,3,11.5778,1.353,14.053,15.406,whale,a-princess-of-mars,1,,server-1,1,0,16,60.865,64.423,66.110
least-response-time-cache-off-warm100,90,3,11.5889,5.168,25.094,30.262,and,far-from-the-madding-crowd,1,,server-1,2,0,16,31.228,64.423,66.110
least-response-time-cache-off-warm100,90,3,11.6000,20.000,34.979,54.980,sea,the-return-of-sherlock-holmes-108,1,,server-1,2,0,14,11.815,64.423,45.445
least-response-time-cache-off-warm100,90,3,11.6111,8.972,36.722,45.694,castle,the-american,1,,server-1,3,0,14,11.815,64.423,45.445
least-response-time-cache-off-warm100,90,3,11.6222,35.728,34.340,70.068,she,myths-and-legends-of-ancient-greece-and-rome,1,,server-1,3,0,13,4.926,64.423,38.015
least-response-time-cache-off-warm100,90,3,11.6333,24.343,37.816,62.159,money,pride-and-prejudice,1,,server-1,4,0,13,4.926,64.423,30.750
least-response-time-cache-off-warm100,90,3,11.6444,14.741,76.803,91.544,castle,the-tenant-of-wildfell-hall,1,,server-1,5,0,13,4.926,64.423,30.750
least-response-time-cache-off-warm100,90,3,11.6556,2.737,74.344,77.081,sea,the-memoirs-of-sherlock-holmes,1,,server-1,6,0,13,10.828,64.423,41.816
least-response-time-cache-off-warm100,90,3,11.6667,69.030,65.699,134.729,sea,the-mystery-of-edwin-drood,1,,server-1,5,0,13,3.240,64.423,41.816
least-response-time-cache-off-warm100,90,3,11.6778,59.571,23.862,83.432,horse,jude-the-obscure,1,,server-1,6,0,13,3.240,64.423,41.816
least-response-time-cache-off-warm100,90,3,11.6889,47.719,88.611,136.331,love,cranford,1,,server-1,7,0,13,3.240,64.423,41.816
least-response-time-cache-off-warm100,90,3,11.7000,37.137,91.471,128.607,of,desperate-remedies,1,,server-1,8,0,12,17.524,64.423,64.075
least-response-time-cache-off-warm100,90,3,11.7111,26.501,34.924,61.425,horse,meditations,1,,server-1,9,0,12,17.524,64.423,64.262
least-response-time-cache-off-warm100,90,3,11.7222,19.111,98.217,117.328,he,autobiography-of-benjamin-franklin,1,,server-1,10,0,12,17.524,64.423,64.262
least-response-time-cache-off-warm100,90,3,11.7333,53.461,84.490,137.950,london,mary-barton,1,,server-1,11,0,12,33.259,64.423,68.806
least-response-time-cache-off-warm100,90,3,11.7444,58.608,65.435,124.044,of,the-secret-adversary,1,,server-1,8,0,12,6.175,64.423,68.806
least-response-time-cache-off-warm100,90,3,11.7556,74.054,61.970,136.024,night,a-tale-of-two-cities,1,,server-1,9,0,10,6.175,64.423,91.173
least-response-time-cache-off-warm100,90,3,11.7667,106.616,39.595,146.212,heart,the-scarlet-letter,1,,server-1,10,0,10,14.409,64.423,91.173
least-response-time-cache-off-warm100,90,3,11.7778,96.163,64.621,160.784,king,madame-bovary,1,,server-1,10,0,10,13.635,64.423,91.173
least-response-time-cache-off-warm100,90,3,11.7889,103.341,48.192,151.533,death,frankenstein-or-the-modern-prometheus,1,,server-1,10,0,9,15.822,64.423,79.584
least-response-time-cache-off-warm100,90,3,11.8000,108.641,64.136,172.777,love,dubliners,1,,server-1,11,0,7,15.822,64.423,56.255
least-response-time-cache-off-warm100,90,3,11.8111,97.157,45.530,142.687,death,around-the-world-in-eighty-days,1,,server-1,11,0,7,20.605,64.423,81.291
least-response-time-cache-off-warm100,90,3,11.8222,129.747,65.944,195.691,you,the-jungle-book,1,,server-1,12,0,7,20.605,64.423,81.291
least-response-time-cache-off-warm100,90,3,11.8333,107.671,56.675,164.346,house,poirot-investigates,1,,server-1,13,0,3,41.455,64.423,48.905
least-response-time-cache-off-warm100,90,3,11.8444,110.044,41.814,151.858,night,the-scarlet-letter,1,,server-1,11,0,3,26.834,64.423,48.905
least-response-time-cache-off-warm100,90,3,11.8556,101.421,59.282,160.703,letter,herland,1,,server-1,12,0,3,26.834,64.423,53.385
least-response-time-cache-off-warm100,90,3,11.8667,90.440,91.902,182.342,night,madame-bovary,1,,server-1,13,0,0,26.834,64.423,34.954
least-response-time-cache-off-warm100,90,3,11.8778,97.658,96.912,194.570,horse,far-from-the-madding-crowd,1,,server-1,12,0,0,23.712,64.423,34.954
least-response-time-cache-off-warm100,90,3,11.8889,85.117,59.088,144.205,the,the-picture-of-dorian-gray,1,,server-1,13,0,0,23.712,64.423,34.954
least-response-time-cache-off-warm100,90,3,11.9000,1.491,12.816,14.307,letter,the-great-gatsby,1,,server-3,12,0,1,36.027,64.423,34.954
least-response-time-cache-off-warm100,90,3,11.9111,3.922,13.447,17.368,castle,the-scarlet-letter-33,1,,server-3,12,0,2,33.596,64.423,17.963
least-response-time-cache-off-warm100,90,3,11.9222,6.437,23.612,30.049,the,the-return-of-sherlock-holmes,1,,server-3,12,0,2,19.019,64.423,7.166
least-response-time-cache-off-warm100,90,3,11.9333,20.017,33.705,53.722,was,the-mysterious-island,1,,server-3,12,0,2,47.957,64.423,4.004
least-response-time-cache-off-warm100,90,3,11.9444,9.242,51.978,61.219,was,desperate-remedies,1,,server-3,12,0,3,43.022,64.423,4.004
least-response-time-cache-off-warm100,90,3,11.9556,31.508,49.780,81.288,house,mary-barton,1,,server-3,8,0,3,37.637,64.423,3.418
least-response-time-cache-off-warm100,90,3,11.9667,20.814,74.893,95.707,he,the-age-of-innocence,1,,server-3,8,0,4,19.727,64.423,4.072
least-response-time-cache-off-warm100,90,3,11.9778,28.096,94.578,122.675,you,around-the-world-in-eighty-days,1,,server-3,8,0,5,17.448,64.423,4.072
least-response-time-cache-off-warm100,90,3,11.9889,18.503,98.426,116.929,he,the-vicomte-de-bragelonne,1,,server-3,8,0,6,17.448,64.423,11.951
least-response-time-cache-off-warm100,90,3,12.0000,7.478,58.019,65.498,house,silas-marner,1,,server-3,7,0,7,26.868,64.423,11.951
least-response-time-cache-off-warm100,90,3,12.0111,94.603,21.148,115.750,death,the-portrait-of-a-lady-volume-1,1,,server-3,7,0,6,23.109,64.423,4.399
least-response-time-cache-off-warm100,90,3,12.0222,84.346,35.348,119.693,horse,the-mystery-of-edwin-drood,1,,server-3,4,0,7,22.717,64.423,4.399
least-response-time-cache-off-warm100,90,3,12.0333,73.550,114.606,188.155,was,white-fang,1,,server-3,3,0,8,29.672,64.423,4.399
least-response-time-cache-off-warm100,90,3,12.0444,63.334,113.871,177.206,whale,herland,1,,server-3,3,0,9,29.672,64.423,9.881
least-response-time-cache-off-warm100,90,3,12.0556,54.075,115.112,169.187,king,the-romance-of-lust-a-classic-victorian-erotic-novel,1,,server-3,2,0,10,36.844,64.423,10.046
least-response-time-cache-off-warm100,90,3,12.0667,62.310,96.478,158.788,sea,the-vicomte-de-bragelonne,1,,server-3,2,0,10,36.844,64.423,22.015
least-response-time-cache-off-warm100,90,3,12.0778,116.162,86.283,202.444,house,adventures-of-huckleberry-finn,1,,server-3,0,0,11,36.768,64.423,22.015
least-response-time-cache-off-warm100,90,3,12.0889,136.748,49.779,186.527,house,the-song-of-the-lark,1,,server-3,0,0,12,36.768,64.423,22.015
least-response-time-cache-off-warm100,90,3,12.1000,2.030,12.520,14.550,house,silas-marner,1,,server-1,1,0,12,36.768,64.423,48.044
least-response-time-cache-off-warm100,90,3,12.1111,115.456,50.535,165.991,love,walden-and-on-the-duty-of-civil-disobedience,1,,server-3,1,0,9,18.914,64.423,17.994
least-response-time-cache-off-warm100,90,3,12.1222,1.602,27.458,29.060,money,the-american,1,,server-1,1,0,9,14.005,64.423,17.994
least-response-time-cache-off-warm100,90,3,12.1333,18.771,42.250,61.022,of,life-on-the-mississippi,1,,server-1,2,0,8,7.237,64.423,18.459
least-response-time-cache-off-warm100,90,3,12.1444,7.786,21.210,28.996,whale,meditations,1,,server-1,3,0,7,7.237,64.423,16.349
least-response-time-cache-off-warm100,90,3,12.1556,36.076,54.855,90.931,he,the-iliad-2199,1,,server-1,3,0,7,4.121,64.423,16.349
least-response-time-cache-off-warm100,90,3,12.1667,25.270,35.501,60.771,was,the-wind-in-the-willows,1,,server-1,4,0,7,4.121,64.423,16.349
least-response-time-cache-off-warm100,90,3,12.1778,14.076,78.519,92.595,house,desperate-remedies,1,,server-1,5,0,7,7.478,64.423,31.612
least-response-time-cache-off-warm100,90,3,12.1889,2.837,58.413,61.250,was,the-return-of-sherlock-holmes-108,1,,server-1,6,0,7,7.478,64.423,31.612
least-response-time-cache-off-warm100,90,3,12.2000,70.782,56.480,127.262,love,twenty-thousand-leagues-under-the-sea,1,,server-1,5,0,7,5.324,64.423,44.603
least-response-time-cache-off-warm100,90,3,12.2111,39.484,34.917,74.401,he,memoirs-of-fanny-hill,1,,server-1,6,0,7,5.324,64.423,44.603
least-response-time-cache-off-warm100,90,3,12.2222,49.818,34.016,83.834,the,sense-and-sensibility,1,,server-1,7,0,7,5.324,64.423,63.944
least-response-time-cache-off-warm100,90,3,12.2333,39.132,136.247,175.379,the,the-hound-of-the-baskervilles-3070,1,,server-1,8,0,3,10.751,64.423,21.353
least-response-time-cache-off-warm100,90,3,12.2444,29.016,140.751,169.767,of,poirot-investigates,1,,server-1,9,0,3,10.751,64.423,21.353
least-response-time-cache-off-warm100,90,3,12.2556,30.282,126.211,156.492,was,the-works-of-edgar-allan-poe-volume-2,1,,server-1,7,0,3,19.090,64.423,21.353
least-response-time-cache-off-warm100,90,3,12.2667,20.729,68.922,89.651,you,around-the-world-in-eighty-days,1,,server-1,8,0,3,19.090,64.423,21.353
least-response-time-cache-off-warm100,90,3,12.2778,30.405,118.861,149.266,london,the-wind-in-the-willows,1,,server-1,8,0,3,11.310,64.423,31.440
least-response-time-cache-off-warm100,90,3,12.2889,79.431,108.784,188.216,money,desperate-remedies,1,,server-1,8,0,0,8.727,64.423,20.119
least-response-time-cache-off-warm100,90,3,12.3000,67.686,160.617,228.304,money,washington-square,1,,server-1,9,0,0,8.727,64.423,20.119
least-response-time-cache-off-warm100,90,3,12.3111,55.505,164.623,220.128,you,the-iliad,1,,server-1,10,0,0,13.910,64.423,20.119
least-response-time-cache-off-warm100,90,3,12.3222,92.307,73.931,166.237,whale,grimms-fairy-tales,1,,server-1,11,0,0,13.910,64.423,20.119
least-response-time-cache-off-warm100,90,3,12.3333,67.411,39.945,107.356,death,autobiography-of-benjamin-franklin,1,,server-1,11,0,0,19.762,64.423,20.119
least-response-time-cache-off-warm100,90,3,12.3444,68.285,73.686,141.972,love,frankenstein-or-the-modern-prometheus,1,,server-1,12,0,0,19.762,64.423,20.119
least-response-time-cache-off-warm100,90,3,12.3556,3.921,33.887,37.808,whale,kidnapped,1,,server-3,12,0,1,25.651,64.423,20.119
least-response-time-cache-off-warm100,90,3,12.3667,26.969,16.674,43.643,the,the-secret-garden-17396,1,,server-3,12,0,2,36.377,64.423,10.505
least-response-time-cache-off-warm100,90,3,12.3778,16.222,38.088,54.311,whale,the-adventures-of-ferdinand-count-fathom-complete,1,,server-3,12,0,3,36.377,64.423,10.505
least-response-time-cache-off-warm100,90,3,12.3889,5.417,51.936,57.352,you,kidnapped,1,,server-3,11,0,4,33.904,64.423,10.505
least-response-time-cache-off-warm100,90,3,12.4000,45.267,40.311,85.578,london,oliver-twist,1,,server-3,11,0,4,27.646,64.423,2.967
least-response-time-cache-off-warm100,90,3,12.4111,37.057,52.679,89.736,money,the-mystery-of-edwin-drood,1,,server-3,9,0,5,34.800,64.423,5.528
least-response-time-cache-off-warm100,90,3,12.4222,26.280,100.817,127.097,london,pride-and-prejudice,1,,server-3,8,0,6,22.363,64.423,5.528
least-response-time-cache-off-warm100,90,3,12.4333,15.468,105.187,120.655,night,adventures-of-huckleberry-finn,1,,server-3,7,0,6,37.226,64.423,18.194
least-response-time-cache-off-warm100,90,3,12.4444,4.620,64.689,69.308,was,memoirs-of-fanny-hill,1,,server-3,6,0,7,31.999,64.423,16.930
least-response-time-cache-off-warm100,90,3,12.4556,45.434,84.000,129.434,of,the-song-of-the-lark,1,,server-3,6,0,6,31.999,64.423,3.185
least-response-time-cache-off-warm100,90,3,12.4667,34.760,220.023,254.783,house,the-moonstone,1,,server-3,6,0,7,29.554,64.423,3.185
least-response-time-cache-off-warm100,90,3,12.4778,37.237,123.282,160.520,king,the-king-in-yellow,1,,server-3,5,0,8,41.240,64.423,3.185
least-response-time-cache-off-warm100,90,3,12.4889,60.829,53.993,114.821,heart,the-age-of-innocence,1,,server-3,3,0,8,41.381,64.423,12.549
least-response-time-cache-off-warm100,90,3,12.5000,50.900,183.878,234.778,house,frankenstein-or-the-modern-prometheus,1,,server-3,3,0,9,41.381,64.423,16.373
least-response-time-cache-off-warm100,90,3,12.5111,42.874,154.998,197.872,house,leaves-of-grass,1,,server-3,3,0,10,41.381,64.423,17.734
least-response-time-cache-off-warm100,90,3,12.5222,63.576,144.664,208.240,the,cranford,1,,server-3,3,0,9,41.381,64.423,14.728
least-response-time-cache-off-warm100,90,3,12.5333,173.958,53.855,227.813,heart,dracula,1,,server-3,0,0,10,45.430,64.423,14.728
least-response-time-cache-off-warm100,90,3,12.5444,90.826,196.927,287.752,money,life-on-the-mississippi,1,,server-3,0,0,11,45.430,64.423,14.728
least-response-time-cache-off-warm100,90,3,12.5556,101.512,130.820,232.331,of,the-romance-of-lust-a-classic-victorian-erotic-novel,1,,server-3,0,0,11,45.430,64.423,23.777
least-response-time-cache-off-warm100,90,3,12.5667,100.699,161.972,262.670,heart,emma,1,,server-3,0,0,12,45.430,64.423,23.777
least-response-time-cache-off-warm100,90,3,12.5778,183.972,146.469,330.441,the,the-innocents-abroad,1,,server-3,0,0,13,45.430,64.423,23.777
least-response-time-cache-off-warm100,90,3,12.5889,172.697,160.620,333.317,letter,hard-times,1,,server-3,0,0,13,45.430,64.423,32.503
least-response-time-cache-off-warm100,90,3,12.6000,162.479,86.008,248.486,london,agnes-grey,1,,server-3,0,0,14,45.430,64.423,32.503
least-response-time-cache-off-warm100,90,3,12.6111,195.921,77.479,273.400,castle,the-warden,1,,server-3,0,0,13,45.430,64.423,36.348
least-response-time-cache-off-warm100,90,3,12.6222,211.863,73.640,285.503,money,wuthering-heights,1,,server-3,0,0,14,45.430,64.423,36.348
least-response-time-cache-off-warm100,90,3,12.6333,213.377,122.266,335.642,money,the-last-of-the-mohicans-a-narrative-of-1757-27681,1,,server-3,0,0,15,45.430,64.423,34.910
least-response-time-cache-off-warm100,90,3,12.6444,5.138,38.650,43.788,night,the-house-of-mirth,1,,server-1,1,0,15,45.430,64.423,52.140
least-response-time-cache-off-warm100,90,3,12.6556,32.411,31.902,64.313,he,mary-barton,1,,server-1,2,0,15,23.584,64.423,52.719
least-response-time-cache-off-warm100,90,3,12.6667,21.330,57.620,78.951,of,memoirs-of-fanny-hill,1,,server-1,3,0,15,23.584,64.423,40.395
least-response-time-cache-off-warm100,90,3,12.6778,11.494,10.285,21.779,you,the-prince,1,,server-1,4,0,15,20.989,64.423,39.039
least-response-time-cache-off-warm100,90,3,12.6889,1.929,53.651,55.580,you,agnes-grey,1,,server-1,5,0,15,8.246,64.423,39.039
least-response-time-cache-off-warm100,90,3,12.7000,47.747,96.183,143.930,king,herland,1,,server-1,5,0,15,3.537,64.423,39.039
least-response-time-cache-off-warm100,90,3,12.7111,36.370,54.604,90.975,death,sense-and-sensibility,1,,server-1,6,0,14,3.537,64.423,53.189
least-response-time-cache-off-warm100,90,3,12.7222,26.220,49.826,76.046,and,cranford,1,,server-1,6,0,13,9.067,64.423,66.474
least-response-time-cache-off-warm100,90,3,12.7333,14.952,32.573,47.525,castle,mansfield-park,1,,server-1,7,0,11,9.173,64.423,66.946
least-response-time-cache-off-warm100,90,3,12.7444,4.439,99.404,103.844,and,the-innocents-abroad,1,,server-1,7,0,10,17.887,64.423,81.402
least-response-time-cache-off-warm100,90,3,12.7556,46.949,86.566,133.515,heart,the-tenant-of-wildfell-hall,1,,server-1,6,0,10,2.821,64.423,81.402
least-response-time-cache-off-warm100,90,3,12.7667,36.709,140.332,177.041,was,little-women,1,,server-1,7,0,10,2.821,64.423,35.546
least-response-time-cache-off-warm100,90,3,12.7778,25.887,86.140,112.027,whale,twenty-thousand-leagues-under-the-sea,1,,server-1,8,0,10,2.821,64.423,35.546
least-response-time-cache-off-warm100,90,3,12.7889,83.975,151.473,235.449,sea,the-secret-garden,1,,server-1,9,0,9,8.583,64.423,68.393
least-response-time-cache-off-warm100,90,3,12.8000,48.567,91.287,139.853,love,the-romance-of-lust-a-classic-victorian-erotic-novel,1,,server-1,10,0,9,21.977,64.423,68.393
least-response-time-cache-off-warm100,90,3,12.8111,79.039,137.684,216.723,and,jane-eyre-an-autobiography,1,,server-1,9,0,9,9.824,64.423,47.480
least-response-time-cache-off-warm100,90,3,12.8222,64.086,68.124,132.210,was,the-mysterious-affair-at-styles,1,,server-1,10,0,9,9.824,64.423,47.480
least-response-time-cache-off-warm100,90,3,12.8333,58.057,78.915,136.972,horse,black-beauty,1,,server-1,11,0,8,9.824,64.423,73.478
least-response-time-cache-off-warm100,90,3,12.8444,74.769,112.504,187.273,king,the-iliad-2199,1,,server-1,12,0,6,26.986,64.423,70.700
least-response-time-cache-off-warm100,90,3,12.8556,29.099,51.730,80.829,he,treasure-island,1,,server-3,11,0,6,40.511,64.423,36.817
least-response-time-cache-off-warm100,90,3,12.8667,56.433,49.372,105.806,king,leaves-of-grass,1,,server-3,11,0,7,40.511,64.423,36.817
least-response-time-cache-off-warm100,90,3,12.8778,46.546,72.939,119.486,you,the-scarlet-letter-33,1,,server-3,10,0,8,44.973,64.423,36.817
least-response-time-cache-off-warm100,90,3,12.8889,36.811,59.999,96.811,king,kidnapped,1,,server-3,9,0,9,37.036,64.423,30.873
least-response-time-cache-off-warm100,90,3,12.9000,40.064,105.834,145.899,the,persuasion,1,,server-1,9,0,9,17.919,64.423,30.873
least-response-time-cache-off-warm100,90,3,12.9111,34.622,118.262,152.884,money,the-secret-garden-17396,1,,server-1,10,0,8,17.919,64.423,56.888
least-response-time-cache-off-warm100,90,3,12.9222,69.336,79.630,148.966,sea,the-great-gatsby,1,,server-1,10,0,6,22.717,64.423,41.910
least-response-time-cache-off-warm100,90,3,12.9333,36.312,102.863,139.175,the,the-adventures-of-ferdinand-count-fathom-complete,1,,server-3,10,0,6,22.717,64.423,12.943
least-response-time-cache-off-warm100,90,3,12.9444,22.378,49.719,72.097,house,the-secret-garden,1,,server-3,10,0,7,41.034,64.423,13.399
least-response-time-cache-off-warm100,90,3,12.9556,39.769,118.999,158.768,night,twenty-thousand-leagues-under-the-sea,1,,server-3,9,0,7,28.781,64.423,13.849
least-response-time-cache-off-warm100,90,3,12.9667,32.102,119.210,151.312,he,the-odyssey,1,,server-3,9,0,8,28.781,64.423,13.619
least-response-time-cache-off-warm100,90,3,12.9778,21.505,122.477,143.982,london,oliver-twist,1,,server-3,9,0,9,34.391,64.423,28.110
least-response-time-cache-off-warm100,90,3,12.9889,10.866,47.285,58.151,death,white-fang,1,,server-3,9,0,10,34.391,64.423,31.111
least-response-time-cache-off-warm100,90,3,13.0000,2.515,161.670,164.186,of,the-secret-garden,1,,server-3,7,0,7,31.926,64.423,6.217
least-response-time-cache-off-warm100,90,3,13.0111,58.512,92.227,150.739,king,the-odyssey,1,,server-3,7,0,8,31.926,64.423,3.618
least-response-time-cache-off-warm100,90,3,13.0222,51.015,131.821,182.836,the,the-vicomte-de-bragelonne,1,,server-3,7,0,9,31.926,64.423,10.564
least-response-time-cache-off-warm100,90,3,13.0333,92.428,92.258,184.687,of,the-picture-of-dorian-gray,1,,server-3,4,0,10,49.178,64.423,10.564
least-response-time-cache-off-warm100,90,3,13.0444,79.209,75.228,154.437,was,the-picture-of-dorian-gray,1,,server-3,4,0,11,49.178,64.423,14.944
least-response-time-cache-off-warm100,90,3,13.0556,93.418,100.268,193.685,king,oliver-twist,1,,server-3,2,0,11,43.246,64.423,21.185
least-response-time-cache-off-warm100,90,3,13.0667,138.920,70.829,209.749,she,the-secret-garden-17396,1,,server-3,2,0,12,56.247,64.423,21.185
least-response-time-cache-off-warm100,90,3,13.0778,122.306,93.726,216.032,he,the-return-of-sherlock-holmes-108,1,,server-3,0,0,12,35.803,64.423,24.410
least-response-time-cache-off-warm100,90,3,13.0889,111.308,78.114,189.423,night,the-works-of-edgar-allan-poe-volume-2,1,,server-3,0,0,13,35.803,64.423,24.410
least-response-time-cache-off-warm100,90,3,13.1000,118.270,85.272,203.543,letter,dubliners,1,,server-3,0,0,14,35.803,64.423,24.410
least-response-time-cache-off-warm100,90,3,13.1111,165.747,43.120,208.867,you,sense-and-sensibility,1,,server-3,0,0,15,35.803,64.423,24.410
least-response-time-cache-off-warm100,90,3,13.1222,1.646,20.219,21.865,death,around-the-world-in-eighty-days,1,,server-1,1,0,15,35.803,64.423,56.595
least-response-time-cache-off-warm100,90,3,13.1333,11.239,18.672,29.911,king,wuthering-heights,1,,server-1,2,0,12,18.427,64.423,20.348
least-response-time-cache-off-warm100,90,3,13.1444,1.683,38.081,39.764,house,the-jungle,1,,server-1,2,0,12,10.768,64.423,20.348
least-response-time-cache-off-warm100,90,3,13.1556,8.416,33.640,42.056,was,the-adventures-of-tom-sawyer-complete,1,,server-1,3,0,11,4.520,64.423,27.741
least-response-time-cache-off-warm100,90,3,13.1667,18.227,32.469,50.696,money,twenty-thousand-leagues-under-the-sea,1,,server-1,3,0,11,4.645,64.423,68.025
least-response-time-cache-off-warm100,90,3,13.1778,8.385,40.893,49.278,house,around-the-world-in-eighty-days,1,,server-1,4,0,11,4.645,64.423,68.025
least-response-time-cache-off-warm100,90,3,13.1889,24.847,43.331,68.178,whale,a-journey-to-the-centre-of-the-earth,1,,server-1,4,0,11,4.620,64.423,52.102
least-response-time-cache-off-warm100,90,3,13.2000,17.710,41.285,58.995,sea,the-secret-garden,1,,server-1,4,0,9,6.051,64.423,48.058
least-response-time-cache-off-warm100,90,3,13.2111,16.558,51.406,67.964,horse,desperate-remedies,1,,server-1,5,0,9,6.051,64.423,35.028
least-response-time-cache-off-warm100,90,3,13.2222,6.315,70.882,77.197,death,dracula,1,,server-1,6,0,6,6.463,64.423,34.163
least-response-time-cache-off-warm100,90,3,13.2333,46.420,69.945,116.365,sea,the-american,1,,server-1,5,0,6,5.135,64.423,34.163
least-response-time-cache-off-warm100,90,3,13.2444,34.928,114.685,149.612,whale,the-kama-sutra-of-vatsyayana,1,,server-1,6,0,6,5.135,64.423,34.163
least-response-time-cache-off-warm100,90,3,13.2556,24.607,112.918,137.524,death,the-mystery-of-edwin-drood,1,,server-1,7,0,6,5.135,64.423,44.725
least-response-time-cache-off-warm100,90,3,13.2667,30.539,50.245,80.784,whale,far-from-the-madding-crowd,1,,server-1,7,0,6,12.656,64.423,44.725
least-response-time-cache-off-warm100,90,3,13.2778,23.796,89.886,113.682,house,anne-of-green-gables,1,,server-1,8,0,6,16.533,64.423,43.418
least-response-time-cache-off-warm100,90,3,13.2889,61.278,78.171,139.449,she,leaves-of-grass,1,,server-1,8,0,6,8.849,64.423,43.418
least-response-time-cache-off-warm100,90,3,13.3000,44.815,85.142,129.957,king,hard-times,1,,server-1,9,0,6,14.073,64.423,39.443
least-response-time-cache-off-warm100,90,3,13.3111,118.967,30.263,149.230,you,the-tenant-of-wildfell-hall,1,,server-1,8,0,1,11.099,64.423,37.167
least-response-time-cache-off-warm100,90,3,13.3222,109.630,126.526,236.156,whale,the-prince,1,,server-1,9,0,0,13.196,64.423,30.388
least-response-time-cache-off-warm100,90,3,13.3333,99.003,44.049,143.052,death,a-journey-to-the-centre-of-the-earth,1,,server-1,10,0,0,13.196,64.423,30.388
least-response-time-cache-off-warm100,90,3,13.3444,89.004,125.088,214.092,the,the-last-of-the-mohicans-a-narrative-of-1757,1,,server-1,11,0,0,14.940,64.423,30.388
least-response-time-cache-off-warm100,90,3,13.3556,106.399,96.422,202.821,death,dracula,1,,server-1,12,0,0,24.412,64.423,30.388
least-response-time-cache-off-warm100,90,3,13.3667,94.372,99.520,193.892,was,cranford,1,,server-1,12,0,0,24.412,64.423,30.388
least-response-time-cache-off-warm100,90,3,13.3778,79.753,114.050,193.803,house,the-age-of-innocence,1,,server-1,13,0,0,23.943,64.423,30.388
least-response-time-cache-off-warm100,90,3,13.3889,92.054,92.844,184.898,death,the-memoirs-of-sherlock-holmes,1,,server-1,14,0,0,23.943,64.423,30.388
least-response-time-cache-off-warm100,90,3,13.4000,2.296,19.666,21.962,horse,the-last-of-the-mohicans-a-narrative-of-1757-27681,1,,server-3,11,0,1,31.993,64.423,30.388
least-response-time-cache-off-warm100,90,3,13.4111,12.066,15.103,27.169,horse,the-adventures-of-sherlock-holmes,1,,server-3,11,0,2,31.993,64.423,15.698
least-response-time-cache-off-warm100,90,3,13.4222,1.499,34.699,36.198,he,a-tale-of-two-cities,1,,server-3,11,0,3,31.993,64.423,12.574
least-response-time-cache-off-warm100,90,3,13.4333,25.292,30.069,55.361,love,desert-gold,1,,server-3,8,0,3,36.495,64.423,4.284
least-response-time-cache-off-warm100,90,3,13.4444,15.014,16.424,31.438,heart,the-king-in-yellow,1,,server-3,8,0,3,35.504,64.423,5.160
least-response-time-cache-off-warm100,90,3,13.4556,5.074,38.124,43.198,london,washington-square,1,,server-3,8,0,4,35.504,64.423,5.160
least-response-time-cache-off-warm100,90,3,13.4667,22.619,55.999,78.618,of,silas-marner,1,,server-3,8,0,4,21.024,64.423,3.558
least-response-time-cache-off-warm100,90,3,13.4778,11.666,30.502,42.168,and,the-divine-comedy,1,,server-3,8,0,5,23.184,64.423,5.877
least-response-time-cache-off-warm100,90,3,13.4889,10.581,45.262,55.844,castle,autobiography-of-benjamin-franklin,1,,server-3,6,0,5,21.481,64.423,8.241
least-response-time-cache-off-warm100,90,3,13.5000,19.877,61.483,81.361,king,the-song-of-the-lark,1,,server-3,6,0,5,21.481,64.423,8.278
least-response-time-cache-off-warm100,90,3,13.5111,29.438,62.810,92.248,king,frankenstein-or-the-modern-prometheus-41445,1,,server-3,6,0,5,21.481,64.423,5.970
least-response-time-cache-off-warm100,90,3,13.5222,18.437,42.997,61.434,he,a-journey-to-the-centre-of-the-earth,1,,server-3,6,0,6,21.481,64.423,9.856
least-response-time-cache-off-warm100,90,3,13.5333,12.874,102.190,115.064,was,jane-eyre-an-autobiography,1,,server-3,6,0,7,21.481,64.423,8.668
least-response-time-cache-off-warm100,90,3,13.5444,4.204,110.000,114.204,of,treasure-island,1,,server-3,6,0,7,21.481,64.423,16.069
least-response-time-cache-off-warm100,90,3,13.5556,45.946,77.053,122.999,death,leaves-of-grass,1,,server-3,6,0,6,21.481,64.423,6.763
least-response-time-cache-off-warm100,90,3,13.5667,90.106,91.778,181.884,money,the-house-of-mirth,1,,server-3,5,0,7,57.022,64.423,6.763
least-response-time-cache-off-warm100,90,3,13.5778,81.653,47.863,129.516,of,the-tenant-of-wildfell-hall,1,,server-3,0,0,8,34.366,64.423,9.116
least-response-time-cache-off-warm100,90,3,13.5889,71.387,86.226,157.613,king,hard-times,1,,server-3,0,0,8,34.366,64.423,14.595
least-response-time-cache-off-warm100,90,3,13.6000,60.394,130.311,190.705,horse,emma,1,,server-3,0,0,8,34.366,64.423,20.341
least-response-time-cache-off-warm100,90,3,13.6111,65.632,153.637,219.270,and,agnes-grey,1,,server-3,0,0,9,34.366,64.423,25.435
least-response-time-cache-off-warm100,90,3,13.6222,59.485,113.625,173.110,death,a-tale-of-two-cities,1,,server-3,0,0,10,34.366,64.423,25.435
least-response-time-cache-off-warm100,90,3,13.6333,48.135,152.394,200.529,london,the-romance-of-lust-a-classic-victorian-erotic-novel,1,,server-3,0,0,11,34.366,64.423,25.435
least-response-time-cache-off-warm100,90,3,13.6444,56.150,91.616,147.766,house,beyond-good-and-evil,1,,server-3,0,0,12,34.366,64.423,25.435
least-response-time-cache-off-warm100,90,3,13.6556,1.744,11.455,13.200,horse,the-wind-in-the-willows,1,,server-1,1,0,10,34.366,64.423,42.224
least-response-time-cache-off-warm100,90,3,13.6667,2.876,17.928,20.803,whale,hard-times,1,,server-1,2,0,9,17.695,64.423,23.022
least-response-time-cache-off-warm100,90,3,13.6778,10.131,12.357,22.488,and,the-king-in-yellow,1,,server-1,2,0,9,6.949,64.423,21.652
least-response-time-cache-off-warm100,90,3,13.6889,10.015,12.565,22.581,money,the-first-men-in-the-moon,1,,server-1,2,0,8,4.643,64.423,19.451
least-response-time-cache-off-warm100,90,3,13.7000,1.729,30.357,32.085,whale,leaves-of-grass,1,,server-1,3,0,8,4.450,64.423,19.293
least-response-time-cache-off-warm100,90,3,13.7111,1.851,36.125,37.976,the,walden-and-on-the-duty-of-civil-disobedience,1,,server-1,3,0,8,3.252,64.423,18.950
least-response-time-cache-off-warm100,90,3,13.7222,10.602,24.015,34.617,london,around-the-world-in-eighty-days,1,,server-1,3,0,8,2.213,64.423,18.950
least-response-time-cache-off-warm100,90,3,13.7333,24.347,47.168,71.515,horse,desperate-remedies,1,,server-1,3,0,7,5.073,64.423,18.950
least-response-time-cache-off-warm100,90,3,13.7444,13.542,14.869,28.410,king,northanger-abbey,1,,server-1,4,0,7,4.284,64.423,18.950
least-response-time-cache-off-warm100,90,3,13.7556,2.722,48.955,51.677,was,agnes-grey,1,,server-1,5,0,7,6.802,64.423,43.695
least-response-time-cache-off-warm100,90,3,13.7667,41.095,38.810,79.905,death,desperate-remedies,1,,server-1,4,0,7,4.099,64.423,43.695
least-response-time-cache-off-warm100,90,3,13.7778,30.430,110.322,140.752,was,the-innocents-abroad,1,,server-1,5,0,7,6.135,64.423,43.695
least-response-time-cache-off-warm100,90,3,13.7889,19.093,68.680,87.773,she,northanger-abbey,1,,server-1,6,0,7,6.135,64.423,42.881
least-response-time-cache-off-warm100,90,3,13.8000,9.634,70.289,79.923,king,the-romance-of-lust-a-classic-victorian-erotic-novel,1,,server-1,7,0,5,6.135,64.423,42.090
least-response-time-cache-off-warm100,90,3,13.8111,10.537,115.055,125.592,and,far-from-the-madding-crowd,1,,server-1,5,0,4,4.296,64.423,42.090
least-response-time-cache-off-warm100,90,3,13.8222,115.407,152.331,267.738,you,adventures-of-huckleberry-finn,1,,server-1,6,0,4,4.486,64.423,42.090
least-response-time-cache-off-warm100,90,3,13.8333,47.831,210.769,258.600,heart,the-odyssey,1,,server-1,7,0,2,4.486,64.423,47.324
least-response-time-cache-off-warm100,90,3,13.8444,92.886,240.151,333.036,castle,around-the-world-in-eighty-days,1,,server-1,8,0,0,4.486,64.423,51.510
least-response-time-cache-off-warm100,90,3,13.8556,59.665,376.260,435.925,horse,the-odyssey,1,,server-1,8,0,0,15.616,64.423,51.510
least-response-time-cache-off-warm100,90,3,13.8667,70.330,156.301,226.631,she,the-portrait-of-a-lady-volume-1,1,,server-1,9,0,0,15.616,64.423,51.510
least-response-time-cache-off-warm100,90,3,13.8778,59.841,214.179,274.020,he,leaves-of-grass,1,,server-1,10,0,0,26.121,64.423,51.510
least-response-time-cache-off-warm100,90,3,13.8889,49.139,256.273,305.412,sea,emma,1,,server-1,9,0,0,20.000,64.423,51.510
least-response-time-cache-off-warm100,90,3,13.9000,39.966,228.337,268.303,heart,the-lost-world,1,,server-1,10,0,0,20.000,64.423,51.510
least-response-time-cache-off-warm100,90,3,13.9111,102.631,157.752,260.383,letter,the-house-of-the-seven-gables,1,,server-1,11,0,0,20.000,64.423,51.510
least-response-time-cache-off-warm100,90,3,13.9222,44.566,226.373,270.939,she,the-return-of-sherlock-holmes-108,1,,server-1,12,0,0,40.064,64.423,51.510
least-response-time-cache-off-warm100,90,3,13.9333,82.440,179.984,262.424,love,the-secret-garden-17396,1,,server-1,13,0,0,40.064,64.423,51.510
least-response-time-cache-off-warm100,90,3,13.9444,170.645,94.844,265.490,money,dubliners,1,,server-1,12,0,0,14.642,64.423,51.510
least-response-time-cache-off-warm100,90,3,13.9556,147.027,184.224,331.251,letter,sense-and-sensibility,1,,server-1,13,0,0,14.642,64.423,51.510
least-response-time-cache-off-warm100,90,3,13.9667,210.630,111.977,322.607,whale,the-last-of-the-mohicans-a-narrative-of-1757,1,,server-1,14,0,0,16.328,64.423,51.510
least-response-time-cache-off-warm100,90,3,13.9778,216.508,75.891,292.399,and,kidnapped,1,,server-1,15,0,0,16.328,64.423,51.510
least-response-time-cache-off-warm100,90,3,13.9889,207.292,115.219,322.511,castle,frankenstein-or-the-modern-prometheus,1,,server-1,16,0,0,16.328,64.423,51.510
least-response-time-cache-off-warm100,90,3,14.0000,210.107,224.500,434.606,of,the-vicomte-de-bragelonne,1,,server-1,17,0,0,16.328,64.423,51.510
least-response-time-cache-off-warm100,90,3,14.0111,198.982,122.651,321.633,she,the-warden,1,,server-1,18,0,0,16.328,64.423,51.510
least-response-time-cache-off-warm100,90,3,14.0222,218.109,103.640,321.748,castle,the-scarlet-letter-33,1,,server-1,19,0,0,21.253,64.423,51.510
least-response-time-cache-off-warm100,90,3,14.0333,236.276,51.324,287.599,night,the-great-gatsby,1,,server-1,20,0,0,21.253,64.423,51.510
least-response-time-cache-off-warm100,90,3,14.0444,247.518,71.116,318.634,the,thus-spake-zarathustra-a-book-for-all-and-none,1,,server-1,21,0,0,21.253,64.423,51.510
least-response-time-cache-off-warm100,90,3,14.0556,237.491,144.032,381.523,the,agnes-grey,1,,server-1,22,0,0,38.885,64.423,51.510
least-response-time-cache-off-warm100,90,3,14.0667,263.637,107.895,371.533,house,beyond-good-and-evil,1,,server-1,23,0,0,38.885,64.423,51.510
least-response-time-cache-off-warm100,90,3,14.0778,243.552,98.957,342.509,love,the-secret-garden-17396,1,,server-1,24,0,0,38.885,64.423,51.510
least-response-time-cache-off-warm100,90,3,14.0889,255.443,151.806,407.249,king,memoirs-of-fanny-hill,1,,server-1,25,0,0,38.885,64.423,51.510
least-response-time-cache-off-warm100,90,3,14.1000,1.668,12.680,14.349,horse,the-adventures-of-tom-sawyer-complete,1,,server-3,25,0,1,102.894,64.423,51.510
least-response-time-cache-off-warm100,90,3,14.1111,3.805,24.980,28.785,castle,the-return-of-sherlock-holmes-108,1,,server-3,24,0,2,63.378,64.423,26.442
least-response-time-cache-off-warm100,90,3,14.1222,18.459,71.309,89.769,horse,little-women,1,,server-3,24,0,2,62.521,64.423,9.957
least-response-time-cache-off-warm100,90,3,14.1333,7.473,66.891,74.364,house,north-and-south,1,,server-3,23,0,3,62.521,64.423,9.957
least-response-time-cache-off-warm100,90,3,14.1444,63.536,27.960,91.496,and,the-adventures-of-sherlock-holmes,1,,server-3,23,0,3,62.521,64.423,4.379
least-response-time-cache-off-warm100,90,3,14.1556,58.946,63.860,122.806,he,black-beauty,1,,server-3,23,0,4,86.270,64.423,4.379
least-response-time-cache-off-warm100,90,3,14.1667,46.751,134.018,180.769,night,the-vicomte-de-bragelonne,1,,server-3,23,0,5,86.270,64.423,4.379
least-response-time-cache-off-warm100,90,3,14.1778,36.453,125.049,161.502,sea,the-tenant-of-wildfell-hall,1,,server-3,19,0,6,83.555,64.423,9.632
least-response-time-cache-off-warm100,90,3,14.1889,51.773,166.003,217.777,and,the-kama-sutra-of-vatsyayana,1,,server-3,19,0,7,83.555,64.423,9.632
least-response-time-cache-off-warm100,90,3,14.2000,36.345,168.463,204.807,london,oliver-twist,1,,server-3,15,0,8,71.892,64.423,9.632
least-response-time-cache-off-warm100,90,3,14.2111,27.957,141.904,169.862,night,the-moonstone,1,,server-3,14,0,9,41.326,64.423,23.150
least-response-time-cache-off-warm100,90,3,14.2222,16.174,51.586,67.760,london,dubliners,1,,server-3,14,0,8,93.360,64.423,13.202
least-response-time-cache-off-warm100,90,3,14.2333,6.514,103.479,109.993,castle,the-moonstone,1,,server-3,14,0,9,93.360,64.423,13.202
least-response-time-cache-off-warm100,90,3,14.2444,36.588,189.215,225.803,the,the-last-of-the-mohicans-a-narrative-of-1757-27681,1,,server-3,14,0,10,80.351,64.423,6.809
least-response-time-cache-off-warm100,90,3,14.2556,92.141,157.924,250.066,she,the-scarlet-letter,1,,server-3,14,0,11,80.351,64.423,6.809
least-response-time-cache-off-warm100,90,3,14.2667,76.888,103.947,180.835,he,around-the-world-in-eighty-days,1,,server-3,14,0,12,80.351,64.423,6.809
least-response-time-cache-off-warm100,90,3,14.2778,129.959,43.904,173.863,horse,mansfield-park,1,,server-3,14,0,13,74.105,64.423,17.979
least-response-time-cache-off-warm100,90,3,14.2889,116.601,144.037,260.638,sea,the-vicomte-de-bragelonne,1,,server-3,14,0,12,86.120,64.423,14.015
least-response-time-cache-off-warm100,90,3,14.3000,108.083,82.802,190.885,whale,the-house-of-mirth,1,,server-3,11,0,13,45.519,64.423,23.812
least-response-time-cache-off-warm100,90,3,14.3111,101.744,148.641,250.385,he,a-journey-to-the-centre-of-the-earth,1,,server-3,10,0,14,56.894,64.423,23.812
least-response-time-cache-off-warm100,90,3,14.3222,89.711,146.086,235.796,london,the-prince,1,,server-3,9,0,15,110.345,64.423,23.812
least-response-time-cache-off-warm100,90,3,14.3333,131.405,113.990,245.394,was,the-first-men-in-the-moon,1,,server-3,8,0,16,64.460,64.423,23.812
least-response-time-cache-off-warm100,90,3,14.3444,54.266,115.343,169.608,he,desperate-remedies,1,,server-1,8,0,16,47.924,64.423,51.646
least-response-time-cache-off-warm100,90,3,14.3556,135.569,129.061,264.630,money,the-king-in-yellow,1,,server-3,8,0,17,47.924,64.423,37.755
least-response-time-cache-off-warm100,90,3,14.3667,54.325,92.993,147.318,castle,the-scarlet-letter,1,,server-1,7,0,17,29.939,64.423,37.755
least-response-time-cache-off-warm100,90,3,14.3778,60.720,57.367,118.087,letter,leaves-of-grass,1,,server-1,8,0,15,29.939,64.423,57.600
least-response-time-cache-off-warm100,90,3,14.3889,104.769,32.608,137.377,castle,the-wind-in-the-willows,1,,server-1,9,0,15,29.939,64.423,74.170
least-response-time-cache-off-warm100,90,3,14.4000,91.590,67.928,159.518,and,the-last-of-the-mohicans-a-narrative-of-1757,1,,server-1,10,0,12,30.424,64.423,69.105
least-response-time-cache-off-warm100,90,3,14.4111,102.597,22.349,124.946,and,the-wind-in-the-willows,1,,server-1,11,0,10,28.855,64.423,49.917
least-response-time-cache-off-warm100,90,3,14.4222,71.188,124.431,195.619,the,grimms-fairy-tales,1,,server-3,11,0,11,36.072,64.423,26.251
least-response-time-cache-off-warm100,90,3,14.4333,112.664,84.483,197.147,castle,frankenstein-or-the-modern-prometheus-41445,1,,server-3,11,0,12,36.072,64.423,23.659
least-response-time-cache-off-warm100,90,3,14.4444,65.201,105.976,171.176,the,around-the-world-in-eighty-days,1,,server-3,7,0,13,29.259,64.423,23.659
least-response-time-cache-off-warm100,90,3,14.4556,58.705,108.896,167.601,whale,the-house-of-the-seven-gables,1,,server-1,8,0,13,29.259,64.423,41.214
least-response-time-cache-off-warm100,90,3,14.4667,94.074,83.978,178.052,she,walden-and-on-the-duty-of-civil-disobedience,1,,server-3,8,0,13,41.137,64.423,30.934
least-response-time-cache-off-warm100,90,3,14.4778,40.511,60.106,100.617,love,the-king-in-yellow,1,,server-1,9,0,12,41.137,64.423,44.452
least-response-time-cache-off-warm100,90,3,14.4889,37.379,95.982,133.362,love,the-innocents-abroad,1,,server-1,10,0,12,41.137,64.423,54.492
least-response-time-cache-off-warm100,90,3,14.5000,78.851,85.486,164.337,love,the-portrait-of-a-lady-volume-1,1,,server-3,10,0,12,60.113,64.423,29.501
least-response-time-cache-off-warm100,90,3,14.5111,68.967,98.556,167.523,night,the-memoirs-of-sherlock-holmes,1,,server-3,10,0,13,45.511,64.423,32.690
least-response-time-cache-off-warm100,90,3,14.5222,14.953,122.751,137.704,and,mansfield-park,1,,server-1,7,0,11,16.413,64.423,32.690
least-response-time-cache-off-warm100,90,3,14.5333,27.740,94.186,121.926,and,the-warden,1,,server-1,8,0,11,8.440,64.423,32.690
least-response-time-cache-off-warm100,90,3,14.5444,29.987,113.485,143.473,love,the-mysterious-island,1,,server-1,7,0,11,8.936,64.423,32.690
least-response-time-cache-off-warm100,90,3,14.5556,79.357,62.372,141.729,sea,cranford,1,,server-1,8,0,11,8.936,64.423,64.117
least-response-time-cache-off-warm100,90,3,14.5667,98.889,54.692,153.581,you,treasure-island,1,,server-1,8,0,10,11.779,64.423,37.245
least-response-time-cache-off-warm100,90,3,14.5778,110.710,21.538,132.248,sea,the-lost-world,1,,server-1,9,0,8,9.566,64.423,48.994
least-response-time-cache-off-warm100,90,3,14.5889,109.001,76.382,185.383,was,tess-of-the-d-urbervilles-a-pure-woman,1,,server-1,10,0,8,17.749,64.423,30.398
least-response-time-cache-off-warm100,90,3,14.6000,99.065,31.881,130.947,king,the-wind-in-the-willows,1,,server-1,11,0,8,17.749,64.423,30.398
least-response-time-cache-off-warm100,90,3,14.6111,90.160,75.371,165.530,he,beyond-good-and-evil,1,,server-1,12,0,8,17.749,64.423,30.398
least-response-time-cache-off-warm100,90,3,14.6222,78.865,102.217,181.082,love,tess-of-the-d-urbervilles-a-pure-woman,1,,server-1,12,0,6,36.369,64.423,46.846
least-response-time-cache-off-warm100,90,3,14.6333,12.702,51.035,63.736,money,far-from-the-madding-crowd,1,,server-3,11,0,7,36.813,64.423,34.333
least-response-time-cache-off-warm100,90,3,14.6444,64.163,67.842,132.005,death,his-last-bow,1,,server-1,12,0,7,31.657,64.423,44.013
least-response-time-cache-off-warm100,90,3,14.6556,23.408,96.120,119.527,and,jude-the-obscure,1,,server-3,11,0,4,48.756,64.423,19.377
least-response-time-cache-off-warm100,90,3,14.6667,12.301,92.060,104.360,money,desert-gold,1,,server-3,10,0,5,34.589,64.423,24.250
least-response-time-cache-off-warm100,90,3,14.6778,20.626,73.249,93.875,and,kidnapped,1,,server-3,10,0,5,34.589,64.423,19.212
least-response-time-cache-off-warm100,90,3,14.6889,9.251,77.386,86.637,and,mansfield-park,1,,server-3,10,0,6,49.723,64.423,13.304
least-response-time-cache-off-warm100,90,3,14.7000,75.732,123.310,199.042,of,the-song-of-the-lark,1,,server-3,7,0,5,41.253,64.423,6.240
least-response-time-cache-off-warm100,90,3,14.7111,60.332,21.773,82.105,night,treasure-island,1,,server-3,6,0,6,12.176,64.423,6.240
least-response-time-cache-off-warm100,90,3,14.7222,49.245,80.938,130.183,whale,the-picture-of-dorian-gray,1,,server-3,6,0,7,11.881,64.423,6.240
least-response-time-cache-off-warm100,90,3,14.7333,41.870,98.410,140.280,of,the-return-of-sherlock-holmes,1,,server-3,5,0,8,12.870,64.423,6.240
least-response-time-cache-off-warm100,90,3,14.7444,33.557,77.298,110.856,castle,jane-eyre-an-autobiography,1,,server-3,4,0,9,12.870,64.423,6.240
least-response-time-cache-off-warm100,90,3,14.7556,48.210,32.741,80.951,of,desperate-remedies,1,,server-1,5,0,9,12.870,64.423,16.713
least-response-time-cache-off-warm100,90,3,14.7667,36.972,10.302,47.274,whale,the-prince,1,,server-1,6,0,9,12.870,64.423,16.713
least-response-time-cache-off-warm100,90,3,14.7778,16.762,167.444,184.206,letter,the-innocents-abroad,1,,server-3,6,0,6,35.068,64.423,11.272
least-response-time-cache-off-warm100,90,3,14.7889,7.677,166.596,174.273,love,the-iliad-2199,1,,server-3,6,0,7,35.068,64.423,9.347
least-response-time-cache-off-warm100,90,3,14.8000,99.486,65.023,164.509,you,the-king-in-yellow,1,,server-3,3,0,7,32.486,64.423,5.374
least-response-time-cache-off-warm100,90,3,14.8111,89.338,147.213,236.551,love,the-divine-comedy,1,,server-3,2,0,8,15.334,64.423,5.374
least-response-time-cache-off-warm100,90,3,14.8222,77.407,138.315,215.722,you,villette,1,,server-3,2,0,9,11.385,64.423,5.374
least-response-time-cache-off-warm100,90,3,14.8333,67.003,133.666,200.669,sea,the-jungle,1,,server-3,2,0,10,11.385,64.423,5.374
least-response-time-cache-off-warm100,90,3,14.8444,56.181,71.983,128.164,she,the-lost-world,1,,server-3,0,0,11,12.457,64.423,5.374
least-response-time-cache-off-warm100,90,3,14.8556,1.977,31.838,33.815,of,the-mystery-of-edwin-drood,1,,server-1,1,0,11,12.457,64.423,25.212
least-response-time-cache-off-warm100,90,3,14.8667,22.862,40.575,63.437,king,a-princess-of-mars,1,,server-1,2,0,10,6.484,64.423,41.398
least-response-time-cache-off-warm100,90,3,14.8778,11.909,27.882,39.791,death,white-fang,1,,server-1,3,0,10,6.484,64.423,52.330
least-response-time-cache-off-warm100,90,3,14.8889,1.514,31.214,32.728,of,pride-and-prejudice,1,,server-1,4,0,10,13.428,64.423,52.330
least-response-time-cache-off-warm100,90,3,14.9000,30.646,50.667,81.313,death,the-vicomte-de-bragelonne,1,,server-1,4,0,8,2.446,64.423,31.516
least-response-time-cache-off-warm100,90,3,14.9111,19.832,24.305,44.137,sea,desperate-remedies,1,,server-1,5,0,7,2.446,64.423,9.350
least-response-time-cache-off-warm100,90,3,14.9222,50.501,75.769,126.270,king,the-prince,1,,server-3,5,0,8,13.861,64.423,9.350
least-response-time-cache-off-warm100,90,3,14.9333,2.107,62.635,64.742,and,silas-marner,1,,server-1,3,0,8,6.455,64.423,9.350
least-response-time-cache-off-warm100,90,3,14.9444,37.148,88.643,125.791,king,mansfield-park,1,,server-1,4,0,8,4.313,64.423,9.350
least-response-time-cache-off-warm100,90,3,14.9556,22.609,81.195,103.803,whale,the-house-of-mirth,1,,server-1,5,0,8,8.186,64.423,9.350
least-response-time-cache-off-warm100,90,3,14.9667,15.255,79.035,94.289,the,black-beauty,1,,server-1,6,0,8,8.186,64.423,43.294
least-response-time-cache-off-warm100,90,3,14.9778,6.864,93.277,100.141,was,grimms-fairy-tales,1,,server-1,7,0,5,15.222,64.423,23.582
least-response-time-cache-off-warm100,90,3,14.9889,86.891,20.681,107.572,the,the-war-of-the-worlds,1,,server-1,6,0,4,4.684,64.423,20.187
