label,rate,run,t_s,conn_ms,rpc_ms,total_ms,keyword,reference,ok,error_type,selected_server,server_1_connections,server_2_connections,server_3_connections,server_1_response_ewma_ms,server_2_response_ewma_ms,server_3_response_ewma_ms
least-connections-cache-on-warm100,110,2,0.0000,1.463,33.378,34.841,he,the-vicomte-de-bragelonne,1,,server-3,0,0,1,6.421,6.124,6.097
least-connections-cache-on-warm100,110,2,0.0091,1.741,23.290,25.030,king,desperate-remedies,1,,server-1,1,0,1,6.421,6.124,3.207
least-connections-cache-on-warm100,110,2,0.0182,1.654,0.813,2.467,death,dracula,1,,server-2,1,1,1,3.363,6.124,3.207
least-connections-cache-on-warm100,110,2,0.0273,1.316,11.153,12.469,of,the-lost-world,1,,server-2,1,1,1,3.363,2.136,3.207
least-connections-cache-on-warm100,110,2,0.0364,1.278,20.216,21.494,house,the-house-of-the-seven-gables,1,,server-3,0,1,1,5.845,1.153,7.348
least-connections-cache-on-warm100,110,2,0.0455,1.214,18.822,20.036,castle,the-portrait-of-a-lady-volume-1,1,,server-1,1,0,1,5.845,2.482,3.826
least-connections-cache-on-warm100,110,2,0.0545,1.383,16.982,18.365,king,myths-and-legends-of-ancient-greece-and-rome,1,,server-2,1,1,1,3.065,2.482,3.826
least-connections-cache-on-warm100,110,2,0.0636,1.297,10.155,11.452,heart,the-mysterious-affair-at-styles,1,,server-3,1,1,1,3.065,1.338,5.652
least-connections-cache-on-warm100,110,2,0.0727,1.375,14.439,15.814,king,the-scarlet-letter-33,1,,server-1,1,1,1,4.937,4.394,2.958
least-connections-cache-on-warm100,110,2,0.0818,1.245,11.856,13.101,death,the-warden,1,,server-2,1,1,0,2.601,3.546,3.478
least-connections-cache-on-warm100,110,2,0.0909,1.015,20.273,21.288,and,meditations,1,,server-3,0,1,1,3.926,1.887,3.478
least-connections-cache-on-warm100,110,2,0.1000,1.461,0.912,2.373,king,persuasion,1,,server-1,1,0,1,3.926,3.050,1.845
least-connections-cache-on-warm100,110,2,0.1091,2.044,31.366,33.410,the,jude-the-obscure,1,,server-2,0,1,1,1.423,3.050,1.845
least-connections-cache-on-warm100,110,2,0.1182,3.329,28.839,32.168,castle,the-jungle,1,,server-3,0,1,1,1.423,1.684,4.377
least-connections-cache-on-warm100,110,2,0.1273,1.568,12.624,14.192,horse,dubliners,1,,server-1,1,1,1,1.423,1.684,2.399
least-connections-cache-on-warm100,110,2,0.1364,6.872,36.523,43.395,heart,the-innocents-abroad,1,,server-2,1,2,1,0.820,1.684,2.399
least-connections-cache-on-warm100,110,2,0.1455,1.263,20.958,22.221,she,madame-bovary,1,,server-1,1,1,1,2.477,3.750,2.399
least-connections-cache-on-warm100,110,2,0.1545,1.290,24.209,25.499,death,leaves-of-grass,1,,server-3,1,1,1,1.331,3.750,6.055
least-connections-cache-on-warm100,110,2,0.1636,4.752,41.986,46.737,he,the-romance-of-lust-a-classic-victorian-erotic-novel,1,,server-1,2,1,1,1.331,3.750,3.166
least-connections-cache-on-warm100,110,2,0.1727,7.477,23.824,31.300,was,thus-spake-zarathustra-a-book-for-all-and-none,1,,server-2,1,2,1,2.515,3.750,3.166
least-connections-cache-on-warm100,110,2,0.1818,1.838,20.436,22.274,money,the-memoirs-of-sherlock-holmes,1,,server-3,1,1,1,2.515,5.505,5.860
least-connections-cache-on-warm100,110,2,0.1909,19.958,10.916,30.874,heart,the-kama-sutra-of-vatsyayana,1,,server-1,2,1,1,2.515,5.505,3.085
least-connections-cache-on-warm100,110,2,0.2000,4.080,14.821,18.901,death,around-the-world-in-eighty-days,1,,server-2,2,2,1,2.515,5.505,3.085
least-connections-cache-on-warm100,110,2,0.2091,1.770,29.724,31.494,horse,desperate-remedies,1,,server-3,2,1,1,2.515,4.406,5.161
least-connections-cache-on-warm100,110,2,0.2182,4.104,33.614,37.718,death,jane-eyre-an-autobiography,1,,server-1,2,1,1,6.593,4.406,2.714
least-connections-cache-on-warm100,110,2,0.2273,1.599,21.510,23.109,heart,the-portrait-of-a-lady-volume-1,1,,server-2,1,1,1,3.504,5.131,2.714
least-connections-cache-on-warm100,110,2,0.2364,5.077,23.083,28.160,night,desperate-remedies,1,,server-3,1,1,2,3.504,2.724,2.714
least-connections-cache-on-warm100,110,2,0.2455,10.738,15.755,26.493,sea,autobiography-of-benjamin-franklin,1,,server-1,2,1,1,3.504,2.724,3.856
least-connections-cache-on-warm100,110,2,0.2545,1.057,10.230,11.287,horse,the-kama-sutra-of-vatsyayana,1,,server-2,2,1,1,3.504,5.129,3.856
least-connections-cache-on-warm100,110,2,0.2636,1.683,13.857,15.540,was,autobiography-of-benjamin-franklin,1,,server-3,1,1,2,5.355,2.689,3.856
least-connections-cache-on-warm100,110,2,0.2727,1.060,18.576,19.636,he,the-picture-of-dorian-gray,1,,server-1,1,0,1,5.904,3.255,3.225
least-connections-cache-on-warm100,110,2,0.2818,1.618,21.278,22.896,sea,a-connecticut-yankee-in-king-arthur-s-court,1,,server-2,1,1,0,3.087,3.255,4.228
least-connections-cache-on-warm100,110,2,0.2909,1.565,10.385,11.949,was,black-beauty,1,,server-3,1,1,1,3.087,1.765,4.228
least-connections-cache-on-warm100,110,2,0.3000,0.971,17.461,18.432,horse,the-return-of-sherlock-holmes,1,,server-1,1,1,1,4.908,1.765,2.253
least-connections-cache-on-warm100,110,2,0.3091,1.076,21.408,22.484,castle,walden-and-on-the-duty-of-civil-disobedience,1,,server-2,1,1,0,2.573,4.456,3.034
least-connections-cache-on-warm100,110,2,0.3182,1.540,33.190,34.730,love,the-mysterious-island,1,,server-3,1,1,1,5.469,2.346,3.034
least-connections-cache-on-warm100,110,2,0.3273,1.647,13.591,15.239,house,white-fang,1,,server-1,1,1,1,4.407,2.346,1.633
least-connections-cache-on-warm100,110,2,0.3364,1.308,18.600,19.909,letter,frankenstein-or-the-modern-prometheus,1,,server-2,1,1,1,2.343,4.896,1.633
least-connections-cache-on-warm100,110,2,0.3455,1.028,18.612,19.640,the,madame-bovary,1,,server-1,1,1,1,3.615,2.581,1.633
least-connections-cache-on-warm100,110,2,0.3545,1.255,20.764,22.019,sea,the-portrait-of-a-lady-volume-1,1,,server-3,1,1,1,1.914,2.581,6.314
least-connections-cache-on-warm100,110,2,0.3636,1.335,20.378,21.713,letter,the-works-of-edgar-allan-poe-volume-2,1,,server-2,1,1,1,1.914,4.582,3.298
least-connections-cache-on-warm100,110,2,0.3727,1.095,19.537,20.632,and,madame-bovary,1,,server-1,1,1,1,4.124,2.418,3.298
least-connections-cache-on-warm100,110,2,0.3818,1.614,25.330,26.945,was,jude-the-obscure,1,,server-3,1,1,1,2.175,2.418,5.387
least-connections-cache-on-warm100,110,2,0.3909,1.771,13.692,15.463,letter,the-first-men-in-the-moon,1,,server-2,1,1,1,2.175,4.768,2.826
least-connections-cache-on-warm100,110,2,0.4000,1.163,32.815,33.978,whale,the-innocents-abroad,1,,server-1,1,1,1,4.482,2.552,2.826
least-connections-cache-on-warm100,110,2,0.4091,1.261,11.132,12.393,king,black-beauty,1,,server-2,1,1,1,2.361,3.743,5.825
least-connections-cache-on-warm100,110,2,0.4182,1.345,29.608,30.954,the,the-vicomte-de-bragelonne,1,,server-3,1,1,1,2.361,1.981,5.825
least-connections-cache-on-warm100,110,2,0.4273,1.440,31.803,33.243,you,emma,1,,server-2,1,1,1,2.361,3.009,3.084
least-connections-cache-on-warm100,110,2,0.4364,1.314,11.253,12.567,letter,washington-square,1,,server-1,1,1,1,6.735,1.616,3.084
least-connections-cache-on-warm100,110,2,0.4455,15.752,16.249,32.000,the,the-kama-sutra-of-vatsyayana,1,,server-2,1,2,1,3.518,1.616,3.084
least-connections-cache-on-warm100,110,2,0.4545,1.507,31.418,32.925,london,the-tenant-of-wildfell-hall,1,,server-3,0,2,1,4.012,1.616,6.653
least-connections-cache-on-warm100,110,2,0.4636,1.907,19.251,21.158,horse,the-mystery-of-edwin-drood,1,,server-1,1,1,1,4.012,4.645,3.497
least-connections-cache-on-warm100,110,2,0.4727,4.863,22.470,27.332,she,the-divine-comedy,1,,server-2,1,2,1,2.149,4.645,3.497
least-connections-cache-on-warm100,110,2,0.4818,5.929,23.449,29.378,heart,the-memoirs-of-sherlock-holmes,1,,server-3,1,1,2,2.149,3.505,3.497
least-connections-cache-on-warm100,110,2,0.4909,1.397,12.657,14.054,king,frankenstein-or-the-modern-prometheus,1,,server-1,1,1,1,4.400,3.505,4.755
least-connections-cache-on-warm100,110,2,0.5000,1.588,16.039,17.627,money,the-mystery-of-edwin-drood,1,,server-2,1,2,1,2.322,5.761,4.755
least-connections-cache-on-warm100,110,2,0.5091,1.184,16.261,17.444,castle,the-secret-garden-17396,1,,server-1,1,1,1,3.450,3.014,4.755
least-connections-cache-on-warm100,110,2,0.5182,0.975,22.898,23.873,horse,wuthering-heights,1,,server-2,1,1,0,1.823,4.432,6.742
least-connections-cache-on-warm100,110,2,0.5273,2.169,15.130,17.300,house,treasure-island,1,,server-3,0,1,1,3.719,2.332,6.742
least-connections-cache-on-warm100,110,2,0.5364,1.170,9.690,10.860,money,the-jungle-book,1,,server-1,1,1,1,3.719,2.332,3.561
least-connections-cache-on-warm100,110,2,0.5455,1.189,36.518,37.707,london,dracula,1,,server-2,1,1,0,1.968,5.117,4.613
least-connections-cache-on-warm100,110,2,0.5545,2.161,35.604,37.765,castle,the-tenant-of-wildfell-hall,1,,server-3,0,1,1,2.767,2.684,4.613
least-connections-cache-on-warm100,110,2,0.5636,2.810,16.209,19.019,night,the-picture-of-dorian-gray,1,,server-1,1,1,1,2.767,2.684,2.480
least-connections-cache-on-warm100,110,2,0.5727,10.300,13.162,23.462,night,autobiography-of-benjamin-franklin,1,,server-2,1,2,1,1.554,2.684,2.480
least-connections-cache-on-warm100,110,2,0.5818,10.841,22.974,33.814,money,the-works-of-edgar-allan-poe-volume-2,1,,server-3,1,2,2,1.554,3.375,2.480
least-connections-cache-on-warm100,110,2,0.5909,1.479,18.162,19.641,london,persuasion,1,,server-1,1,1,2,3.447,6.309,2.480
least-connections-cache-on-warm100,110,2,0.6000,1.180,17.352,18.532,death,the-scarlet-letter-33,1,,server-2,1,1,1,1.837,6.084,4.702
least-connections-cache-on-warm100,110,2,0.6091,6.731,14.054,20.785,heart,black-beauty,1,,server-3,1,1,2,1.837,3.170,4.702
least-connections-cache-on-warm100,110,2,0.6182,1.284,18.622,19.906,whale,the-picture-of-dorian-gray,1,,server-1,1,1,1,4.052,5.894,4.362
least-connections-cache-on-warm100,110,2,0.6273,2.046,1.088,3.133,whale,emma,1,,server-2,1,1,1,2.133,4.764,4.362
least-connections-cache-on-warm100,110,2,0.6364,1.359,22.988,24.347,of,the-picture-of-dorian-gray,1,,server-3,1,0,1,2.133,1.746,4.989
least-connections-cache-on-warm100,110,2,0.6455,1.898,0.998,2.896,horse,wuthering-heights,1,,server-1,1,0,1,4.308,1.746,2.623
least-connections-cache-on-warm100,110,2,0.6545,1.656,20.242,21.898,house,the-adventures-of-tom-sawyer-complete,1,,server-2,0,1,1,1.567,1.746,2.623
least-connections-cache-on-warm100,110,2,0.6636,1.266,25.316,26.581,and,wuthering-heights,1,,server-3,0,1,1,1.567,0.991,5.296
least-connections-cache-on-warm100,110,2,0.6727,1.288,0.835,2.124,the,the-odyssey,1,,server-1,1,1,1,1.567,0.991,2.790
least-connections-cache-on-warm100,110,2,0.6818,1.034,23.462,24.496,of,the-return-of-sherlock-holmes-108,1,,server-2,0,1,1,0.669,3.804,2.790
least-connections-cache-on-warm100,110,2,0.6909,1.297,24.952,26.250,love,desperate-remedies,1,,server-3,0,1,1,0.669,2.010,5.788
least-connections-cache-on-warm100,110,2,0.7000,1.345,15.857,17.202,he,silas-marner,1,,server-1,1,1,1,0.669,2.010,3.050
least-connections-cache-on-warm100,110,2,0.7091,1.140,24.448,25.588,she,leaves-of-grass,1,,server-2,1,1,1,0.413,4.986,3.050
least-connections-cache-on-warm100,110,2,0.7182,1.283,25.701,26.984,whale,the-return-of-sherlock-holmes,1,,server-3,0,1,1,2.736,2.620,5.909
least-connections-cache-on-warm100,110,2,0.7273,1.157,8.787,9.944,sea,the-prince,1,,server-1,1,1,1,2.736,2.620,3.097
least-connections-cache-on-warm100,110,2,0.7364,1.332,14.278,15.611,night,treasure-island,1,,server-2,1,1,1,1.464,5.549,3.097
least-connections-cache-on-warm100,110,2,0.7455,1.316,31.646,32.962,letter,villette,1,,server-3,0,1,1,2.326,2.904,6.049
least-connections-cache-on-warm100,110,2,0.7545,1.204,14.504,15.708,king,the-secret-garden,1,,server-1,1,0,1,2.326,4.092,3.187
least-connections-cache-on-warm100,110,2,0.7636,1.411,22.657,24.067,horse,the-divine-comedy,1,,server-2,1,1,1,1.248,4.092,3.187
least-connections-cache-on-warm100,110,2,0.7727,1.813,0.899,2.713,you,emma,1,,server-1,1,1,1,3.066,2.168,3.187
least-connections-cache-on-warm100,110,2,0.7818,1.183,8.643,9.827,night,the-jungle-book,1,,server-3,0,1,1,1.166,2.168,7.017
least-connections-cache-on-warm100,110,2,0.7909,1.160,18.302,19.462,love,northanger-abbey,1,,server-1,1,0,1,1.166,4.969,3.651
least-connections-cache-on-warm100,110,2,0.8000,1.987,27.101,29.088,horse,anne-of-green-gables,1,,server-2,1,1,0,0.681,4.969,3.692
least-connections-cache-on-warm100,110,2,0.8091,1.647,14.909,16.556,house,the-wind-in-the-willows,1,,server-3,1,1,1,0.681,2.677,3.692
least-connections-cache-on-warm100,110,2,0.8182,1.771,18.436,20.208,death,the-portrait-of-a-lady-volume-1,1,,server-1,1,1,1,3.325,2.677,1.990
least-connections-cache-on-warm100,110,2,0.8273,1.095,16.255,17.350,house,frankenstein-or-the-modern-prometheus,1,,server-3,1,1,1,1.794,2.677,3.587
least-connections-cache-on-warm100,110,2,0.8364,1.818,14.857,16.675,love,treasure-island,1,,server-2,1,1,1,1.794,5.979,1.895
least-connections-cache-on-warm100,110,2,0.8455,1.320,22.554,23.875,death,white-fang,1,,server-3,0,1,1,4.041,3.150,3.770
least-connections-cache-on-warm100,110,2,0.8545,2.280,24.284,26.564,night,meditations,1,,server-1,1,0,1,4.041,4.310,2.003
least-connections-cache-on-warm100,110,2,0.8636,2.208,30.658,32.865,death,walden-and-on-the-duty-of-civil-disobedience,1,,server-2,1,1,1,2.182,4.310,2.003
least-connections-cache-on-warm100,110,2,0.8727,1.469,22.864,24.333,he,the-portrait-of-a-lady-volume-1,1,,server-3,1,1,1,2.182,2.333,4.849
least-connections-cache-on-warm100,110,2,0.8818,1.172,17.207,18.379,castle,the-divine-comedy,1,,server-1,1,1,1,5.187,2.333,2.568
least-connections-cache-on-warm100,110,2,0.8909,5.534,15.801,21.335,you,the-warden,1,,server-2,1,2,1,2.716,2.333,2.568
least-connections-cache-on-warm100,110,2,0.9000,1.396,29.101,30.497,sea,walden-and-on-the-duty-of-civil-disobedience,1,,server-3,1,1,1,5.530,5.028,5.255
least-connections-cache-on-warm100,110,2,0.9091,1.188,0.623,1.811,castle,the-portrait-of-a-lady-volume-1,1,,server-1,1,1,1,4.457,5.028,2.776
least-connections-cache-on-warm100,110,2,0.9182,2.170,19.721,21.890,whale,a-princess-of-mars,1,,server-2,0,1,1,1.563,5.707,2.776
least-connections-cache-on-warm100,110,2,0.9273,1.376,40.986,42.362,the,the-iliad,1,,server-1,1,1,1,1.563,3.058,2.776
least-connections-cache-on-warm100,110,2,0.9364,1.486,19.209,20.695,horse,the-great-gatsby,1,,server-3,1,1,1,0.868,3.058,6.366
least-connections-cache-on-warm100,110,2,0.9455,1.269,20.827,22.095,she,the-mystery-of-edwin-drood,1,,server-2,1,1,1,0.868,5.023,3.352
least-connections-cache-on-warm100,110,2,0.9545,3.263,0.769,4.032,king,persuasion,1,,server-3,1,1,2,0.868,2.648,3.352
least-connections-cache-on-warm100,110,2,0.9636,1.023,15.325,16.348,sea,the-picture-of-dorian-gray,1,,server-3,1,1,1,0.868,2.648,1.893
least-connections-cache-on-warm100,110,2,0.9727,1.104,11.334,12.438,money,his-last-bow,1,,server-1,1,0,1,7.061,4.973,1.022
least-connections-cache-on-warm100,110,2,0.9818,1.185,13.473,14.659,was,meditations,1,,server-2,1,1,0,3.673,4.973,3.058
least-connections-cache-on-warm100,110,2,0.9909,1.226,39.238,40.464,money,little-women,1,,server-3,0,1,1,4.148,2.618,3.058
least-connections-cache-on-warm100,110,2,1.0000,1.429,11.911,13.340,horse,the-jungle-book,1,,server-1,1,0,1,4.148,3.792,1.674
least-connections-cache-on-warm100,110,2,1.0091,1.424,18.408,19.832,you,the-memoirs-of-sherlock-holmes,1,,server-2,1,1,1,2.206,3.792,1.674
least-connections-cache-on-warm100,110,2,1.0182,1.252,23.768,25.019,whale,the-portrait-of-a-lady-volume-1,1,,server-1,1,1,1,3.264,2.032,1.674
least-connections-cache-on-warm100,110,2,1.0273,1.982,9.972,11.954,death,beyond-good-and-evil,1,,server-2,1,2,1,1.739,2.032,1.674
least-connections-cache-on-warm100,110,2,1.0364,1.351,15.678,17.028,castle,the-first-men-in-the-moon,1,,server-3,1,1,1,1.739,2.319,7.300
least-connections-cache-on-warm100,110,2,1.0455,1.279,38.809,40.087,death,the-mysterious-island,1,,server-1,1,0,1,4.879,3.030,3.860
least-connections-cache-on-warm100,110,2,1.0545,2.059,34.580,36.638,death,the-last-of-the-mohicans-a-narrative-of-1757,1,,server-2,1,1,0,2.561,3.030,4.922
least-connections-cache-on-warm100,110,2,1.0636,2.314,25.099,27.413,of,desperate-remedies,1,,server-3,1,1,1,2.561,1.663,4.922
least-connections-cache-on-warm100,110,2,1.0727,12.609,23.356,35.965,money,the-jungle,1,,server-1,2,1,1,2.561,1.663,2.652
least-connections-cache-on-warm100,110,2,1.0818,10.359,21.007,31.366,sea,pride-and-prejudice,1,,server-2,2,2,1,2.561,1.663,2.652
least-connections-cache-on-warm100,110,2,1.0909,1.621,26.981,28.602,he,mansfield-park,1,,server-3,1,2,2,5.127,7.342,5.652
least-connections-cache-on-warm100,110,2,1.1000,8.882,17.437,26.319,king,walden-and-on-the-duty-of-civil-disobedience,1,,server-1,2,1,1,5.127,4.768,2.952
least-connections-cache-on-warm100,110,2,1.1091,4.410,24.956,29.366,horse,a-tale-of-two-cities,1,,server-2,1,2,1,4.699,4.768,2.952
least-connections-cache-on-warm100,110,2,1.1182,2.139,14.677,16.816,death,the-picture-of-dorian-gray,1,,server-3,1,1,2,4.699,3.628,2.952
least-connections-cache-on-warm100,110,2,1.1273,1.239,33.541,34.780,she,the-adventures-of-ferdinand-count-fathom-complete,1,,server-1,1,1,1,5.729,3.628,3.306
least-connections-cache-on-warm100,110,2,1.1364,1.763,18.418,20.181,she,the-secret-garden,1,,server-3,1,1,1,2.991,3.628,4.391
least-connections-cache-on-warm100,110,2,1.1455,1.264,13.511,14.775,of,the-hound-of-the-baskervilles,1,,server-2,1,1,1,2.991,6.260,2.322
least-connections-cache-on-warm100,110,2,1.1545,2.180,23.996,26.176,and,life-on-the-mississippi,1,,server-3,1,1,2,2.991,3.261,2.322
least-connections-cache-on-warm100,110,2,1.1636,1.254,31.255,32.510,heart,the-vicomte-de-bragelonne,1,,server-1,1,0,1,7.267,4.208,2.760
least-connections-cache-on-warm100,110,2,1.1727,1.570,0.732,2.302,horse,the-adventures-of-tom-sawyer-complete,1,,server-2,1,1,1,3.786,4.208,2.760
least-connections-cache-on-warm100,110,2,1.1818,1.295,0.782,2.077,sea,autobiography-of-benjamin-franklin,1,,server-3,1,0,1,3.786,1.474,5.554
least-connections-cache-on-warm100,110,2,1.1909,1.207,11.072,12.279,heart,the-wind-in-the-willows,1,,server-2,1,1,0,3.786,1.474,1.949
least-connections-cache-on-warm100,110,2,1.2000,1.193,16.601,17.794,and,the-scarlet-letter-33,1,,server-3,0,1,1,7.394,0.821,1.949
least-connections-cache-on-warm100,110,2,1.2091,1.517,19.923,21.440,house,adventures-of-huckleberry-finn,1,,server-1,1,0,1,7.394,2.257,1.063
least-connections-cache-on-warm100,110,2,1.2182,1.286,27.884,29.169,london,oliver-twist,1,,server-2,1,1,0,3.863,2.257,3.293
least-connections-cache-on-warm100,110,2,1.2273,1.421,14.948,16.369,and,myths-and-legends-of-ancient-greece-and-rome,1,,server-3,1,1,1,3.863,1.215,3.293
least-connections-cache-on-warm100,110,2,1.2364,1.513,16.329,17.842,night,persuasion,1,,server-1,1,1,1,5.623,1.215,1.754
least-connections-cache-on-warm100,110,2,1.2455,1.524,28.455,29.979,castle,north-and-south,1,,server-3,1,1,1,2.943,1.215,3.463
least-connections-cache-on-warm100,110,2,1.2545,1.547,0.900,2.447,was,autobiography-of-benjamin-franklin,1,,server-1,1,0,1,4.404,5.197,1.857
least-connections-cache-on-warm100,110,2,1.2636,1.161,13.859,15.020,the,poirot-investigates,1,,server-2,0,1,1,1.555,5.197,1.857
least-connections-cache-on-warm100,110,2,1.2727,1.448,16.121,17.569,you,a-journey-to-the-centre-of-the-earth,1,,server-1,1,1,1,1.555,2.715,1.857
least-connections-cache-on-warm100,110,2,1.2818,1.069,0.539,1.608,night,the-picture-of-dorian-gray,1,,server-2,1,1,0,0.912,3.897,5.688
least-connections-cache-on-warm100,110,2,1.2909,1.093,19.454,20.547,letter,the-picture-of-dorian-gray,1,,server-3,0,0,1,3.117,1.370,5.688
least-connections-cache-on-warm100,110,2,1.3000,1.967,30.179,32.146,night,the-american,1,,server-1,1,0,1,3.117,1.370,2.988
least-connections-cache-on-warm100,110,2,1.3091,1.023,33.811,34.834,horse,the-vicomte-de-bragelonne,1,,server-2,1,1,1,1.705,1.370,2.988
least-connections-cache-on-warm100,110,2,1.3182,1.505,23.260,24.766,of,sense-and-sensibility,1,,server-3,1,1,1,1.705,0.757,4.988
least-connections-cache-on-warm100,110,2,1.3273,5.432,11.342,16.774,the,the-wind-in-the-willows,1,,server-1,2,1,1,1.705,0.757,2.625
least-connections-cache-on-warm100,110,2,1.3364,8.124,26.483,34.607,king,oliver-twist,1,,server-2,1,2,1,3.471,0.757,2.625
least-connections-cache-on-warm100,110,2,1.3455,1.371,31.081,32.452,king,the-iliad,1,,server-3,0,1,1,3.936,3.754,5.362
least-connections-cache-on-warm100,110,2,1.3545,1.569,27.162,28.731,letter,the-iliad-2199,1,,server-1,1,1,1,3.936,3.754,2.813
least-connections-cache-on-warm100,110,2,1.3636,7.721,18.143,25.864,the,thus-spake-zarathustra-a-book-for-all-and-none,1,,server-2,1,2,1,2.084,3.754,2.813
least-connections-cache-on-warm100,110,2,1.3727,5.778,25.061,30.840,house,the-odyssey,1,,server-3,1,1,2,2.084,4.455,2.813
least-connections-cache-on-warm100,110,2,1.3818,2.100,28.789,30.890,money,the-mysterious-island,1,,server-1,2,1,1,2.084,4.455,3.961
least-connections-cache-on-warm100,110,2,1.3909,1.481,24.851,26.332,king,a-connecticut-yankee-in-king-arthur-s-court,1,,server-2,1,1,1,3.016,5.717,3.961
least-connections-cache-on-warm100,110,2,1.4000,4.316,18.810,23.126,you,the-return-of-sherlock-holmes,1,,server-3,1,1,2,3.016,3.004,3.961
least-connections-cache-on-warm100,110,2,1.4091,3.793,0.764,4.557,death,leaves-of-grass,1,,server-1,2,1,1,3.016,3.004,3.700
least-connections-cache-on-warm100,110,2,1.4182,1.256,26.639,27.896,castle,adventures-of-huckleberry-finn,1,,server-2,0,1,1,2.382,5.811,3.700
least-connections-cache-on-warm100,110,2,1.4273,1.380,17.252,18.632,castle,the-war-of-the-worlds,1,,server-3,0,1,1,2.382,3.045,5.327
least-connections-cache-on-warm100,110,2,1.4364,2.585,1.058,3.643,she,the-mysterious-island,1,,server-1,1,1,1,2.382,3.045,2.806
least-connections-cache-on-warm100,110,2,1.4455,1.405,25.574,26.980,love,memoirs-of-fanny-hill,1,,server-1,1,1,1,0.943,3.045,2.806
least-connections-cache-on-warm100,110,2,1.4545,1.745,1.255,3.000,he,the-secret-garden,1,,server-2,1,1,0,0.561,6.166,4.514
least-connections-cache-on-warm100,110,2,1.4636,3.290,1.581,4.871,the,the-odyssey,1,,server-3,1,0,1,0.561,2.199,4.514
least-connections-cache-on-warm100,110,2,1.4727,1.393,26.481,27.874,you,meditations,1,,server-1,1,0,0,4.386,2.199,1.725
least-connections-cache-on-warm100,110,2,1.4818,2.616,38.204,40.820,the,dracula,1,,server-2,1,1,0,2.316,2.199,1.725
least-connections-cache-on-warm100,110,2,1.4909,3.371,26.158,29.529,and,the-house-of-the-seven-gables,1,,server-3,1,1,1,2.316,1.273,1.725
least-connections-cache-on-warm100,110,2,1.5000,1.707,19.022,20.730,of,grimms-fairy-tales,1,,server-1,2,1,1,7.067,1.273,1.036
least-connections-cache-on-warm100,110,2,1.5091,13.831,20.775,34.606,king,leaves-of-grass,1,,server-2,1,2,1,2.978,1.273,1.036
least-connections-cache-on-warm100,110,2,1.5182,3.193,24.195,27.389,love,walden-and-on-the-duty-of-civil-disobedience,1,,server-3,1,2,2,2.978,1.273,1.036
least-connections-cache-on-warm100,110,2,1.5273,1.501,15.292,16.793,the,the-king-in-yellow,1,,server-1,1,1,1,4.864,4.780,2.690
least-connections-cache-on-warm100,110,2,1.5364,8.301,23.080,31.381,whale,sense-and-sensibility,1,,server-2,1,2,1,2.556,4.780,2.690
least-connections-cache-on-warm100,110,2,1.5455,1.439,25.498,26.937,he,adventures-of-huckleberry-finn,1,,server-1,1,1,1,4.016,4.013,6.850
least-connections-cache-on-warm100,110,2,1.5545,1.369,14.031,15.401,whale,the-warden,1,,server-3,1,1,1,2.137,4.013,5.496
least-connections-cache-on-warm100,110,2,1.5636,8.899,19.492,28.391,night,memoirs-of-fanny-hill,1,,server-1,2,1,1,2.137,4.013,2.906
least-connections-cache-on-warm100,110,2,1.5727,1.096,14.137,15.232,she,washington-square,1,,server-2,1,1,0,3.906,6.207,4.069
least-connections-cache-on-warm100,110,2,1.5818,1.888,23.749,25.636,king,the-american,1,,server-3,1,1,1,3.906,3.227,4.069
least-connections-cache-on-warm100,110,2,1.5909,1.305,25.138,26.443,she,oliver-twist,1,,server-2,1,1,1,3.906,4.283,2.201
least-connections-cache-on-warm100,110,2,1.6000,1.328,12.826,14.154,was,frankenstein-or-the-modern-prometheus-41445,1,,server-1,1,1,1,5.579,2.242,2.201
least-connections-cache-on-warm100,110,2,1.6091,1.254,16.413,17.667,money,desert-gold,1,,server-3,1,1,1,2.923,2.242,5.158
least-connections-cache-on-warm100,110,2,1.6182,1.035,26.967,28.001,the,the-tenant-of-wildfell-hall,1,,server-1,1,0,1,3.855,5.427,2.701
least-connections-cache-on-warm100,110,2,1.6273,1.239,0.538,1.777,horse,the-return-of-sherlock-holmes,1,,server-2,1,1,0,2.040,5.427,4.307
least-connections-cache-on-warm100,110,2,1.6364,1.251,34.156,35.406,you,villette,1,,server-3,1,0,1,2.040,1.883,4.307
least-connections-cache-on-warm100,110,2,1.6455,1.544,21.531,23.075,you,pride-and-prejudice,1,,server-2,1,1,1,2.040,1.883,2.265
least-connections-cache-on-warm100,110,2,1.6545,1.464,27.315,28.779,house,north-and-south,1,,server-1,1,1,1,5.593,1.020,2.265
least-connections-cache-on-warm100,110,2,1.6636,5.625,9.837,15.461,whale,the-kama-sutra-of-vatsyayana,1,,server-2,1,2,1,2.913,1.020,2.265
least-connections-cache-on-warm100,110,2,1.6727,1.741,14.173,15.914,of,the-secret-garden,1,,server-3,1,1,1,2.913,2.577,6.847
least-connections-cache-on-warm100,110,2,1.6818,1.180,15.875,17.056,castle,myths-and-legends-of-ancient-greece-and-rome,1,,server-2,1,1,1,2.913,3.112,3.568
least-connections-cache-on-warm100,110,2,1.6909,1.075,13.496,14.571,horse,the-king-in-yellow,1,,server-3,0,1,1,6.201,1.653,4.517
least-connections-cache-on-warm100,110,2,1.7000,1.309,0.835,2.145,house,the-odyssey,1,,server-1,1,0,1,6.201,3.570,2.378
least-connections-cache-on-warm100,110,2,1.7091,1.036,44.695,45.731,house,the-mysterious-island,1,,server-2,0,1,0,2.152,3.570,3.638
least-connections-cache-on-warm100,110,2,1.7182,2.414,27.916,30.330,heart,pride-and-prejudice,1,,server-3,0,1,1,2.152,1.886,3.638
least-connections-cache-on-warm100,110,2,1.7273,2.803,17.426,20.229,horse,the-scarlet-letter-33,1,,server-1,1,1,1,2.152,1.886,2.007
least-connections-cache-on-warm100,110,2,1.7364,18.610,27.161,45.772,love,the-last-of-the-mohicans-a-narrative-of-1757,1,,server-2,1,2,1,1.221,1.886,2.007
least-connections-cache-on-warm100,110,2,1.7455,3.589,0.648,4.236,house,the-wind-in-the-willows,1,,server-3,1,2,2,1.221,1.886,2.007
least-connections-cache-on-warm100,110,2,1.7545,1.256,18.563,19.820,sea,frankenstein-or-the-modern-prometheus,1,,server-1,1,2,0,3.488,11.787,2.105
least-connections-cache-on-warm100,110,2,1.7636,1.275,19.219,20.494,horse,the-portrait-of-a-lady-volume-1,1,,server-3,1,1,1,1.865,6.096,2.105
least-connections-cache-on-warm100,110,2,1.7727,1.858,13.976,15.833,king,frankenstein-or-the-modern-prometheus-41445,1,,server-1,2,1,1,1.865,6.096,1.150
least-connections-cache-on-warm100,110,2,1.7818,1.549,25.523,27.072,sea,twenty-thousand-leagues-under-the-sea,1,,server-2,1,2,1,2.662,10.230,1.150
least-connections-cache-on-warm100,110,2,1.7909,1.361,28.394,29.754,death,tess-of-the-d-urbervilles-a-pure-woman,1,,server-3,0,1,1,3.868,4.269,3.788
least-connections-cache-on-warm100,110,2,1.8000,1.190,14.087,15.277,of,black-beauty,1,,server-1,1,1,1,3.868,4.269,2.022
least-connections-cache-on-warm100,110,2,1.8091,1.316,11.283,12.599,king,the-mysterious-affair-at-styles,1,,server-2,1,1,1,2.058,6.755,2.022
least-connections-cache-on-warm100,110,2,1.8182,1.230,25.126,26.357,whale,thus-spake-zarathustra-a-book-for-all-and-none,1,,server-1,1,1,1,3.519,3.516,2.022
least-connections-cache-on-warm100,110,2,1.8273,1.424,25.497,26.920,whale,jude-the-obscure,1,,server-2,1,1,0,1.867,4.022,5.832
least-connections-cache-on-warm100,110,2,1.8364,1.740,25.093,26.833,london,the-jungle,1,,server-3,1,1,1,1.867,2.128,5.832
least-connections-cache-on-warm100,110,2,1.8455,1.795,0.951,2.746,love,northanger-abbey,1,,server-1,1,1,1,5.145,2.128,3.103
least-connections-cache-on-warm100,110,2,1.8545,1.217,11.776,12.994,she,the-hound-of-the-baskervilles-3070,1,,server-1,1,1,1,1.810,5.405,3.103
least-connections-cache-on-warm100,110,2,1.8636,1.254,15.255,16.509,night,the-secret-garden,1,,server-2,1,1,0,0.980,5.405,5.947
least-connections-cache-on-warm100,110,2,1.8727,1.926,21.440,23.366,king,wuthering-heights,1,,server-3,0,1,1,2.466,2.825,5.947
least-connections-cache-on-warm100,110,2,1.8818,1.293,20.340,21.633,money,the-portrait-of-a-lady-volume-1,1,,server-1,1,0,1,2.466,4.190,3.139
least-connections-cache-on-warm100,110,2,1.8909,1.360,25.487,26.847,money,the-last-of-the-mohicans-a-narrative-of-1757,1,,server-2,1,1,1,1.335,4.190,3.139
least-connections-cache-on-warm100,110,2,1.9000,1.282,28.701,29.983,he,the-tenant-of-wildfell-hall,1,,server-3,1,1,1,1.335,2.204,5.399
least-connections-cache-on-warm100,110,2,1.9091,1.679,20.964,22.643,whale,far-from-the-madding-crowd,1,,server-1,1,1,1,4.090,2.204,2.836
least-connections-cache-on-warm100,110,2,1.9182,1.422,0.893,2.315,you,emma,1,,server-2,1,1,1,2.152,5.446,2.836
least-connections-cache-on-warm100,110,2,1.9273,1.213,32.294,33.507,night,villette,1,,server-2,1,1,1,2.152,1.921,2.836
least-connections-cache-on-warm100,110,2,1.9364,1.236,0.617,1.853,she,leaves-of-grass,1,,server-3,0,1,1,4.709,1.048,6.355
least-connections-cache-on-warm100,110,2,1.9455,1.084,12.616,13.700,love,the-lost-world,1,,server-1,1,1,0,4.709,1.048,2.194
least-connections-cache-on-warm100,110,2,1.9545,1.229,30.525,31.754,you,great-expectations,1,,server-3,1,1,1,2.475,1.048,2.194
least-connections-cache-on-warm100,110,2,1.9636,1.357,11.360,12.717,death,herland,1,,server-1,1,0,1,3.559,5.789,1.182
least-connections-cache-on-warm100,110,2,1.9727,1.554,16.921,18.476,you,twenty-thousand-leagues-under-the-sea,1,,server-2,1,1,1,1.883,5.789,1.182
least-connections-cache-on-warm100,110,2,1.9818,1.153,13.127,14.280,the,herland,1,,server-1,1,1,1,2.955,3.037,1.182
least-connections-cache-on-warm100,110,2,1.9909,1.486,0.827,2.313,london,dracula,1,,server-3,1,1,1,1.576,5.690,5.575
least-connections-cache-on-warm100,110,2,2.0000,1.298,0.747,2.045,night,the-american,1,,server-1,1,0,0,3.085,4.579,1.963
least-connections-cache-on-warm100,110,2,2.0091,2.875,45.968,48.842,death,the-vicomte-de-bragelonne,1,,server-2,0,1,0,1.128,4.579,1.963
least-connections-cache-on-warm100,110,2,2.0182,6.667,19.214,25.881,you,silas-marner,1,,server-3,0,1,1,1.128,2.507,1.963
least-connections-cache-on-warm100,110,2,2.0273,3.659,0.789,4.448,the,poirot-investigates,1,,server-1,1,1,1,1.128,2.507,1.315
least-connections-cache-on-warm100,110,2,2.0364,1.529,0.690,2.219,house,the-mysterious-island,1,,server-1,1,1,1,0.524,2.507,1.315
least-connections-cache-on-warm100,110,2,2.0455,1.316,27.600,28.916,king,the-jungle,1,,server-3,0,1,1,0.283,2.507,3.661
least-connections-cache-on-warm100,110,2,2.0545,1.795,16.966,18.761,king,anne-of-green-gables,1,,server-1,1,1,1,0.283,2.507,1.944
least-connections-cache-on-warm100,110,2,2.0636,1.427,18.930,20.357,king,twenty-thousand-leagues-under-the-sea,1,,server-2,1,1,1,0.227,8.846,1.944
least-connections-cache-on-warm100,110,2,2.0727,1.948,18.317,20.265,of,the-mystery-of-edwin-drood,1,,server-3,1,1,2,0.227,4.598,1.944
least-connections-cache-on-warm100,110,2,2.0818,1.321,13.473,14.794,and,herland,1,,server-1,1,1,1,2.828,4.598,3.538
least-connections-cache-on-warm100,110,2,2.0909,1.380,15.463,16.842,king,washington-square,1,,server-2,1,1,1,1.515,5.927,3.538
least-connections-cache-on-warm100,110,2,2.1000,1.294,16.194,17.488,king,the-secret-garden-17396,1,,server-3,0,1,1,3.059,3.102,5.140
least-connections-cache-on-warm100,110,2,2.1091,1.325,17.695,19.020,you,the-scarlet-letter,1,,server-1,1,0,1,3.059,4.410,2.698
least-connections-cache-on-warm100,110,2,2.1182,1.109,11.070,12.179,heart,the-hound-of-the-baskervilles,1,,server-2,1,1,0,1.635,4.410,4.258
least-connections-cache-on-warm100,110,2,2.1273,1.190,24.997,26.187,house,hard-times,1,,server-3,1,1,1,1.635,2.320,4.258
least-connections-cache-on-warm100,110,2,2.1364,2.205,20.669,22.875,sea,the-works-of-edgar-allan-poe-volume-2,1,,server-1,1,0,1,3.812,3.207,2.237
least-connections-cache-on-warm100,110,2,2.1455,1.864,28.663,30.527,castle,the-return-of-sherlock-holmes-108,1,,server-2,1,1,1,2.064,3.207,2.237
least-connections-cache-on-warm100,110,2,2.1545,1.252,0.596,1.848,house,hard-times,1,,server-3,1,1,1,2.064,1.737,5.400
least-connections-cache-on-warm100,110,2,2.1636,1.167,27.952,29.120,king,the-adventures-of-ferdinand-count-fathom-complete,1,,server-1,1,1,0,4.555,1.737,1.870
least-connections-cache-on-warm100,110,2,2.1727,1.259,18.057,19.316,money,the-adventures-of-sherlock-holmes,1,,server-3,1,1,1,2.387,1.737,1.870
least-connections-cache-on-warm100,110,2,2.1818,1.604,0.651,2.255,she,the-mysterious-island,1,,server-2,1,1,1,2.387,5.660,1.029
least-connections-cache-on-warm100,110,2,2.1909,1.457,14.287,15.744,letter,cranford,1,,server-2,1,1,1,2.387,1.963,1.029
least-connections-cache-on-warm100,110,2,2.2000,1.143,19.824,20.966,love,a-princess-of-mars,1,,server-3,0,1,1,5.929,1.058,3.499
least-connections-cache-on-warm100,110,2,2.2091,1.640,32.652,34.292,the,tess-of-the-d-urbervilles-a-pure-woman,1,,server-1,1,0,1,5.929,2.916,1.854
least-connections-cache-on-warm100,110,2,2.2182,1.056,15.890,16.946,king,around-the-world-in-eighty-days,1,,server-2,1,1,1,3.157,2.916,1.854
least-connections-cache-on-warm100,110,2,2.2273,1.442,13.545,14.986,and,his-last-bow,1,,server-3,1,1,1,3.157,1.558,4.325
least-connections-cache-on-warm100,110,2,2.2364,1.438,0.999,2.437,whale,the-hound-of-the-baskervilles-3070,1,,server-2,1,1,1,3.157,3.455,2.306
least-connections-cache-on-warm100,110,2,2.2455,1.158,26.517,27.675,sea,the-secret-garden-17396,1,,server-3,0,0,1,7.203,1.256,3.537
least-connections-cache-on-warm100,110,2,2.2545,3.347,26.840,30.186,the,sense-and-sensibility,1,,server-1,1,0,1,7.203,1.256,1.878
least-connections-cache-on-warm100,110,2,2.2636,2.998,18.776,21.774,whale,the-mystery-of-edwin-drood,1,,server-2,1,1,1,3.856,1.256,1.878
least-connections-cache-on-warm100,110,2,2.2727,1.222,22.682,23.903,house,the-house-of-mirth,1,,server-3,1,1,2,3.856,0.779,6.734
least-connections-cache-on-warm100,110,2,2.2818,3.667,26.179,29.846,she,dracula,1,,server-1,2,1,1,3.856,0.779,2.829
least-connections-cache-on-warm100,110,2,2.2909,1.242,26.883,28.124,king,the-tenant-of-wildfell-hall,1,,server-2,1,1,1,4.160,3.410,2.829
least-connections-cache-on-warm100,110,2,2.3000,2.032,15.422,17.454,heart,meditations,1,,server-3,1,1,1,4.160,1.810,5.387
least-connections-cache-on-warm100,110,2,2.3091,3.647,11.440,15.087,you,cranford,1,,server-1,2,1,1,4.160,1.810,2.862
least-connections-cache-on-warm100,110,2,2.3182,1.688,0.917,2.605,king,desperate-remedies,1,,server-3,1,1,1,3.751,1.810,4.137
least-connections-cache-on-warm100,110,2,2.3273,1.242,26.255,27.497,king,madame-bovary,1,,server-1,1,0,0,4.202,5.427,1.500
least-connections-cache-on-warm100,110,2,2.3364,2.135,14.944,17.078,you,the-hound-of-the-baskervilles-3070,1,,server-2,1,1,0,2.217,5.427,1.500
least-connections-cache-on-warm100,110,2,2.3455,1.624,0.858,2.482,was,the-kama-sutra-of-vatsyayana,1,,server-3,1,1,1,2.217,2.902,1.500
least-connections-cache-on-warm100,110,2,2.3545,1.221,0.693,1.915,house,tess-of-the-d-urbervilles-a-pure-woman,1,,server-2,1,1,0,6.942,4.150,0.648
least-connections-cache-on-warm100,110,2,2.3636,1.836,43.370,45.206,was,the-romance-of-lust-a-classic-victorian-erotic-novel,1,,server-3,0,0,1,5.610,1.452,0.648
least-connections-cache-on-warm100,110,2,2.3727,4.311,20.463,24.774,you,persuasion,1,,server-1,1,0,1,5.610,1.452,0.421
least-connections-cache-on-warm100,110,2,2.3818,2.923,1.319,4.242,letter,the-first-men-in-the-moon,1,,server-2,1,1,1,3.129,1.452,0.421
least-connections-cache-on-warm100,110,2,2.3909,1.018,0.559,1.577,house,the-house-of-mirth,1,,server-2,1,1,1,3.129,0.689,0.421
least-connections-cache-on-warm100,110,2,2.4000,1.387,21.102,22.489,horse,leaves-of-grass,1,,server-1,1,0,1,5.045,0.314,0.421
least-connections-cache-on-warm100,110,2,2.4091,1.235,0.686,1.920,king,frankenstein-or-the-modern-prometheus-41445,1,,server-2,1,1,0,2.673,0.314,7.086
least-connections-cache-on-warm100,110,2,2.4182,1.169,13.235,14.403,she,persuasion,1,,server-3,1,0,1,2.673,0.207,7.086
least-connections-cache-on-warm100,110,2,2.4273,1.672,15.450,17.122,you,dubliners,1,,server-1,1,0,1,5.036,0.207,3.711
least-connections-cache-on-warm100,110,2,2.4364,1.089,23.133,24.222,london,desert-gold,1,,server-2,1,1,0,2.688,0.207,4.400
least-connections-cache-on-warm100,110,2,2.4455,1.116,20.328,21.443,house,the-mystery-of-edwin-drood,1,,server-3,0,1,1,4.105,0.171,4.400
least-connections-cache-on-warm100,110,2,2.4545,1.276,26.648,27.925,of,dracula,1,,server-1,1,1,1,4.105,0.171,2.322
least-connections-cache-on-warm100,110,2,2.4636,1.473,17.781,19.254,letter,the-scarlet-letter-33,1,,server-2,1,1,1,2.204,3.710,2.322
least-connections-cache-on-warm100,110,2,2.4727,1.265,24.655,25.920,london,the-last-of-the-mohicans-a-narrative-of-1757,1,,server-3,1,1,1,2.204,1.968,4.676
least-connections-cache-on-warm100,110,2,2.4818,1.667,10.651,12.318,the,the-hound-of-the-baskervilles-3070,1,,server-1,2,1,1,7.019,1.968,2.462
least-connections-cache-on-warm100,110,2,2.4909,1.179,0.755,1.934,whale,the-warden,1,,server-2,1,1,1,2.999,4.077,2.462
least-connections-cache-on-warm100,110,2,2.5000,1.666,0.981,2.648,death,the-last-of-the-mohicans-a-narrative-of-1757,1,,server-3,0,0,1,3.577,1.451,5.482
least-connections-cache-on-warm100,110,2,2.5091,2.968,37.443,40.412,money,a-connecticut-yankee-in-king-arthur-s-court,1,,server-1,1,0,0,3.577,1.451,1.950
least-connections-cache-on-warm100,110,2,2.5182,4.426,26.327,30.754,letter,agnes-grey,1,,server-2,1,1,0,2.018,1.451,1.950
least-connections-cache-on-warm100,110,2,2.5273,3.479,37.630,41.109,of,the-moonstone,1,,server-3,1,1,1,2.018,1.021,1.950
least-connections-cache-on-warm100,110,2,2.5364,13.062,0.895,13.957,you,meditations,1,,server-1,2,1,1,2.018,1.021,1.165
least-connections-cache-on-warm100,110,2,2.5455,4.227,11.450,15.677,love,his-last-bow,1,,server-2,2,2,1,2.018,1.021,1.165
least-connections-cache-on-warm100,110,2,2.5545,1.176,8.627,9.804,he,the-hound-of-the-baskervilles-3070,1,,server-1,1,1,1,4.200,2.790,1.165
least-connections-cache-on-warm100,110,2,2.5636,1.443,13.986,15.429,sea,northanger-abbey,1,,server-2,1,1,1,2.207,3.568,1.165
least-connections-cache-on-warm100,110,2,2.5727,1.356,30.534,31.890,london,the-adventures-of-ferdinand-count-fathom-complete,1,,server-3,0,1,1,2.754,1.927,6.669
least-connections-cache-on-warm100,110,2,2.5818,1.208,0.608,1.816,she,the-divine-comedy,1,,server-1,1,0,1,2.754,3.416,3.483
least-connections-cache-on-warm100,110,2,2.5909,1.810,14.003,15.813,he,the-war-of-the-worlds,1,,server-2,0,1,1,1.012,3.416,3.483
least-connections-cache-on-warm100,110,2,2.6000,0.950,37.022,37.973,you,the-mysterious-island,1,,server-1,1,1,1,1.012,1.821,3.483
least-connections-cache-on-warm100,110,2,2.6091,1.112,14.357,15.469,was,the-secret-garden,1,,server-2,1,1,0,0.580,3.371,7.047
least-connections-cache-on-warm100,110,2,2.6182,1.291,11.187,12.479,sea,the-war-of-the-worlds,1,,server-3,1,1,1,0.580,1.784,7.047
least-connections-cache-on-warm100,110,2,2.6273,1.172,18.816,19.988,night,the-works-of-edgar-allan-poe-volume-2,1,,server-2,1,1,1,0.580,3.395,3.703
least-connections-cache-on-warm100,110,2,2.6364,1.856,36.237,38.093,sea,little-women,1,,server-3,1,1,1,0.580,1.806,4.113
least-connections-cache-on-warm100,110,2,2.6455,1.545,23.548,25.093,money,life-on-the-mississippi,1,,server-1,1,1,1,6.279,1.806,2.205
least-connections-cache-on-warm100,110,2,2.6545,1.848,14.184,16.032,and,white-fang,1,,server-2,1,1,1,3.279,4.111,2.205
least-connections-cache-on-warm100,110,2,2.6636,11.005,15.777,26.782,of,autobiography-of-benjamin-franklin,1,,server-3,1,1,2,3.279,2.162,2.205
least-connections-cache-on-warm100,110,2,2.6727,2.051,33.164,35.215,king,little-women,1,,server-1,1,0,2,5.808,3.582,2.205
least-connections-cache-on-warm100,110,2,2.6818,1.106,24.157,25.264,you,the-iliad-2199,1,,server-2,1,1,1,3.037,3.582,5.194
least-connections-cache-on-warm100,110,2,2.6909,1.576,0.750,2.326,whale,sense-and-sensibility,1,,server-3,1,1,2,3.037,1.898,5.779
least-connections-cache-on-warm100,110,2,2.7000,1.156,14.110,15.267,you,the-secret-garden,1,,server-3,1,1,1,3.037,1.898,1.997
least-connections-cache-on-warm100,110,2,2.7091,1.090,15.410,16.500,sea,the-secret-adversary,1,,server-1,1,0,1,7.185,5.054,1.074
least-connections-cache-on-warm100,110,2,2.7182,1.230,17.533,18.762,horse,around-the-world-in-eighty-days,1,,server-2,1,1,0,3.743,5.054,2.901
least-connections-cache-on-warm100,110,2,2.7273,1.140,28.340,29.480,he,the-iliad-2199,1,,server-3,0,1,1,4.840,2.655,2.901
least-connections-cache-on-warm100,110,2,2.7364,1.137,16.095,17.232,night,washington-square,1,,server-1,1,1,1,4.840,2.655,1.549
least-connections-cache-on-warm100,110,2,2.7455,1.535,32.478,34.013,london,the-iliad,1,,server-2,1,1,1,2.542,4.430,1.549
least-connections-cache-on-warm100,110,2,2.7545,1.588,12.605,14.192,horse,the-first-men-in-the-moon,1,,server-1,1,1,1,4.154,2.350,1.549
least-connections-cache-on-warm100,110,2,2.7636,1.674,12.425,14.100,whale,the-lost-world,1,,server-3,1,1,1,2.185,2.350,5.470
least-connections-cache-on-warm100,110,2,2.7727,1.148,0.703,1.851,was,the-adventures-of-ferdinand-count-fathom-complete,1,,server-1,1,1,1,3.389,2.350,2.891
least-connections-cache-on-warm100,110,2,2.7818,1.087,10.432,11.518,and,the-kama-sutra-of-vatsyayana,1,,server-2,0,1,0,1.202,6.660,3.794
least-connections-cache-on-warm100,110,2,2.7909,1.196,0.651,1.848,you,the-warden,1,,server-3,0,1,1,1.202,3.470,3.794
least-connections-cache-on-warm100,110,2,2.8000,1.041,21.297,22.339,letter,frankenstein-or-the-modern-prometheus-41445,1,,server-1,1,0,0,1.202,3.846,1.362
least-connections-cache-on-warm100,110,2,2.8091,2.080,33.096,35.176,sea,madame-bovary,1,,server-2,1,1,0,0.680,3.846,1.362
least-connections-cache-on-warm100,110,2,2.8182,1.186,35.443,36.629,he,the-adventures-of-ferdinand-count-fathom-complete,1,,server-3,1,1,1,0.680,2.083,1.362
least-connections-cache-on-warm100,110,2,2.8273,2.801,21.829,24.629,castle,desert-gold,1,,server-1,1,1,1,3.824,2.083,0.772
least-connections-cache-on-warm100,110,2,2.8364,8.071,18.211,26.283,death,the-king-in-yellow,1,,server-2,1,2,1,2.109,2.083,0.772
least-connections-cache-on-warm100,110,2,2.8455,10.101,13.125,23.226,heart,herland,1,,server-3,1,1,2,2.109,4.563,0.772
least-connections-cache-on-warm100,110,2,2.8545,1.564,15.824,17.388,she,the-hound-of-the-baskervilles,1,,server-1,1,1,2,4.731,4.563,7.824
least-connections-cache-on-warm100,110,2,2.8636,1.269,37.585,38.854,he,the-innocents-abroad,1,,server-2,1,1,1,2.482,5.806,4.080
least-connections-cache-on-warm100,110,2,2.8727,1.267,18.039,19.306,london,cranford,1,,server-3,0,1,1,4.087,3.036,4.643
least-connections-cache-on-warm100,110,2,2.8818,2.029,19.145,21.174,of,the-adventures-of-sherlock-holmes,1,,server-1,1,1,1,4.087,3.036,2.441
least-connections-cache-on-warm100,110,2,2.8909,11.903,37.653,49.556,the,the-moonstone,1,,server-2,1,2,1,2.190,3.036,2.441
least-connections-cache-on-warm100,110,2,2.9000,1.257,20.444,21.701,love,the-secret-garden-17396,1,,server-3,1,2,1,2.190,3.036,4.328
least-connections-cache-on-warm100,110,2,2.9091,1.497,24.969,26.466,whale,the-jungle,1,,server-1,1,1,1,4.387,5.751,2.282
least-connections-cache-on-warm100,110,2,2.9182,22.644,14.189,36.833,was,the-wind-in-the-willows,1,,server-2,1,2,1,2.325,5.751,2.282
least-connections-cache-on-warm100,110,2,2.9273,1.226,25.560,26.786,you,tess-of-the-d-urbervilles-a-pure-woman,1,,server-3,1,2,1,2.325,5.751,4.674
least-connections-cache-on-warm100,110,2,2.9364,1.489,15.242,16.731,london,the-first-men-in-the-moon,1,,server-1,1,2,1,5.431,7.954,2.485
least-connections-cache-on-warm100,110,2,2.9455,9.372,20.216,29.588,horse,desert-gold,1,,server-2,1,2,1,2.879,7.679,2.485
least-connections-cache-on-warm100,110,2,2.9545,1.383,30.661,32.044,horse,far-from-the-madding-crowd,1,,server-3,0,2,1,4.201,4.943,5.559
least-connections-cache-on-warm100,110,2,2.9636,1.992,20.596,22.589,death,the-return-of-sherlock-holmes,1,,server-1,1,1,1,4.201,4.943,2.904
least-connections-cache-on-warm100,110,2,2.9727,2.785,20.281,23.066,was,the-portrait-of-a-lady-volume-1,1,,server-2,1,2,1,2.262,4.943,2.904
least-connections-cache-on-warm100,110,2,2.9818,5.674,24.031,29.705,horse,the-memoirs-of-sherlock-holmes,1,,server-3,1,1,2,2.262,3.405,2.904
least-connections-cache-on-warm100,110,2,2.9909,1.541,16.571,18.112,she,the-mysterious-affair-at-styles,1,,server-1,1,1,1,4.680,3.405,4.460
least-connections-cache-on-warm100,110,2,3.0000,1.470,19.824,21.294,you,walden-and-on-the-duty-of-civil-disobedience,1,,server-2,1,1,1,2.490,5.336,4.460
least-connections-cache-on-warm100,110,2,3.0091,3.145,10.435,13.580,london,the-great-gatsby,1,,server-3,1,1,2,4.173,2.819,4.460
least-connections-cache-on-warm100,110,2,3.0182,1.452,31.467,32.918,london,villette,1,,server-1,1,1,1,4.173,2.819,3.601
least-connections-cache-on-warm100,110,2,3.0273,1.540,25.420,26.960,sea,dracula,1,,server-2,1,1,0,2.241,4.896,3.915
least-connections-cache-on-warm100,110,2,3.0364,1.646,22.193,23.839,and,the-portrait-of-a-lady-volume-1,1,,server-3,1,1,1,2.241,2.574,3.915
least-connections-cache-on-warm100,110,2,3.0455,6.243,21.215,27.459,london,the-divine-comedy,1,,server-1,2,1,1,2.241,2.574,2.070
least-connections-cache-on-warm100,110,2,3.0545,1.186,22.088,23.274,king,the-memoirs-of-sherlock-holmes,1,,server-2,1,1,1,3.819,5.646,2.070
least-connections-cache-on-warm100,110,2,3.0636,1.424,11.706,13.129,house,around-the-world-in-eighty-days,1,,server-3,1,1,1,3.819,2.948,4.825
least-connections-cache-on-warm100,110,2,3.0727,1.509,0.662,2.171,king,around-the-world-in-eighty-days,1,,server-1,2,1,1,7.163,2.948,2.552
least-connections-cache-on-warm100,110,2,3.0818,1.384,26.501,27.885,of,the-last-of-the-mohicans-a-narrative-of-1757,1,,server-2,0,1,0,2.000,5.389,3.463
least-connections-cache-on-warm100,110,2,3.0909,2.384,1.207,3.591,night,the-jungle-book,1,,server-3,0,1,1,2.000,2.817,3.463
least-connections-cache-on-warm100,110,2,3.1000,1.373,0.655,2.028,she,washington-square,1,,server-1,1,1,0,2.000,2.817,1.326
least-connections-cache-on-warm100,110,2,3.1091,1.146,25.436,26.582,love,the-jungle,1,,server-3,0,1,1,0.760,2.817,1.326
least-connections-cache-on-warm100,110,2,3.1182,1.399,28.548,29.947,london,jane-eyre-an-autobiography,1,,server-1,1,0,1,0.760,5.984,0.737
least-connections-cache-on-warm100,110,2,3.1273,1.897,13.451,15.348,horse,persuasion,1,,server-2,1,1,1,0.446,5.984,0.737
least-connections-cache-on-warm100,110,2,3.1364,1.551,0.754,2.305,she,the-hound-of-the-baskervilles-3070,1,,server-3,1,1,1,0.446,3.197,4.488
least-connections-cache-on-warm100,110,2,3.1455,1.439,19.289,20.728,heart,the-divine-comedy,1,,server-2,1,1,0,0.446,4.088,1.592
least-connections-cache-on-warm100,110,2,3.1545,1.106,11.769,12.874,house,beyond-good-and-evil,1,,server-3,0,1,1,4.792,2.163,1.592
least-connections-cache-on-warm100,110,2,3.1636,1.467,17.167,18.634,king,white-fang,1,,server-1,1,1,1,4.792,2.163,0.877
least-connections-cache-on-warm100,110,2,3.1727,1.217,12.552,13.770,night,the-great-gatsby,1,,server-2,1,1,0,2.521,4.431,2.405
least-connections-cache-on-warm100,110,2,3.1818,1.321,28.542,29.863,she,twenty-thousand-leagues-under-the-sea,1,,server-3,1,1,1,5.385,2.332,2.405
least-connections-cache-on-warm100,110,2,3.1909,1.249,29.294,30.543,night,the-iliad-2199,1,,server-1,1,0,1,4.323,3.449,1.306
least-connections-cache-on-warm100,110,2,3.2000,1.936,12.966,14.902,death,the-kama-sutra-of-vatsyayana,1,,server-2,1,1,1,2.292,3.449,1.306
least-connections-cache-on-warm100,110,2,3.2091,2.904,14.135,17.039,night,northanger-abbey,1,,server-3,1,1,2,2.292,1.883,1.306
least-connections-cache-on-warm100,110,2,3.2182,1.110,16.349,17.459,the,the-mystery-of-edwin-drood,1,,server-2,1,1,1,2.292,3.210,2.967
least-connections-cache-on-warm100,110,2,3.2273,1.603,29.061,30.663,castle,the-song-of-the-lark,1,,server-3,0,1,1,6.114,1.702,4.094
least-connections-cache-on-warm100,110,2,3.2364,1.222,28.051,29.274,night,the-adventures-of-ferdinand-count-fathom-complete,1,,server-1,1,0,1,6.114,3.658,2.183
least-connections-cache-on-warm100,110,2,3.2455,1.303,0.682,1.985,was,frankenstein-or-the-modern-prometheus-41445,1,,server-2,1,1,1,3.206,3.658,2.183
least-connections-cache-on-warm100,110,2,3.2545,1.043,14.884,15.927,he,autobiography-of-benjamin-franklin,1,,server-2,1,1,1,3.206,1.299,2.183
least-connections-cache-on-warm100,110,2,3.2636,2.110,12.391,14.501,the,beyond-good-and-evil,1,,server-3,1,1,1,3.206,0.726,6.008
least-connections-cache-on-warm100,110,2,3.2727,1.026,17.868,18.894,heart,the-return-of-sherlock-holmes,1,,server-1,1,0,1,6.496,2.810,3.183
least-connections-cache-on-warm100,110,2,3.2818,1.292,17.796,19.088,whale,madame-bovary,1,,server-2,1,1,0,3.386,2.810,3.969
least-connections-cache-on-warm100,110,2,3.2909,1.293,17.135,18.428,horse,agnes-grey,1,,server-3,1,1,1,3.386,1.537,3.969
least-connections-cache-on-warm100,110,2,3.3000,1.000,12.466,13.466,castle,a-princess-of-mars,1,,server-1,1,1,1,4.992,1.537,2.098
least-connections-cache-on-warm100,110,2,3.3091,1.340,23.198,24.537,king,the-portrait-of-a-lady-volume-1,1,,server-2,1,1,1,2.613,3.725,2.098
least-connections-cache-on-warm100,110,2,3.3182,1.798,0.746,2.545,love,silas-marner,1,,server-3,0,1,1,3.640,1.971,4.044
least-connections-cache-on-warm100,110,2,3.3273,1.281,11.779,13.060,night,the-warden,1,,server-1,1,1,0,3.640,1.971,1.463
least-connections-cache-on-warm100,110,2,3.3364,1.024,13.242,14.266,death,silas-marner,1,,server-2,1,1,0,1.966,4.920,1.463
least-connections-cache-on-warm100,110,2,3.3455,1.044,24.695,25.738,whale,tess-of-the-d-urbervilles-a-pure-woman,1,,server-3,0,1,1,3.118,2.626,1.463
least-connections-cache-on-warm100,110,2,3.3545,1.563,17.610,19.172,castle,wuthering-heights,1,,server-1,1,0,1,3.118,3.753,0.812
least-connections-cache-on-warm100,110,2,3.3636,1.304,0.919,2.223,money,the-memoirs-of-sherlock-holmes,1,,server-2,1,1,1,1.669,3.753,0.812
least-connections-cache-on-warm100,110,2,3.3727,1.230,12.428,13.658,he,the-hound-of-the-baskervilles,1,,server-3,1,0,1,1.669,1.368,4.440
least-connections-cache-on-warm100,110,2,3.3818,1.237,24.569,25.806,the,the-last-of-the-mohicans-a-narrative-of-1757-27681,1,,server-1,1,0,1,3.836,1.368,2.342
least-connections-cache-on-warm100,110,2,3.3909,1.361,26.719,28.080,letter,jude-the-obscure,1,,server-2,1,1,0,2.038,1.368,3.444
least-connections-cache-on-warm100,110,2,3.4000,1.669,14.727,16.395,heart,memoirs-of-fanny-hill,1,,server-3,1,1,1,2.038,0.792,3.444
least-connections-cache-on-warm100,110,2,3.4091,1.812,1.055,2.868,horse,desperate-remedies,1,,server-1,1,1,1,5.212,0.792,1.843
least-connections-cache-on-warm100,110,2,3.4182,1.330,21.265,22.595,letter,pride-and-prejudice,1,,server-3,0,1,1,1.925,0.792,3.506
least-connections-cache-on-warm100,110,2,3.4273,1.144,20.912,22.056,sea,the-house-of-the-seven-gables,1,,server-1,1,0,1,1.925,4.744,1.890
least-connections-cache-on-warm100,110,2,3.4364,1.130,25.455,26.585,letter,madame-bovary,1,,server-2,1,1,1,1.054,4.744,1.890
least-connections-cache-on-warm100,110,2,3.4455,1.774,12.076,13.849,love,the-jungle-book,1,,server-3,1,1,1,1.054,2.510,4.568
least-connections-cache-on-warm100,110,2,3.4545,0.992,0.698,1.690,whale,the-mystery-of-edwin-drood,1,,server-1,1,1,1,3.986,2.510,2.435
least-connections-cache-on-warm100,110,2,3.4636,1.200,29.354,30.554,she,the-works-of-edgar-allan-poe-volume-2,1,,server-2,0,1,0,1.418,5.370,3.408
least-connections-cache-on-warm100,110,2,3.4727,2.728,31.992,34.720,death,desperate-remedies,1,,server-3,0,1,1,1.418,2.822,3.408
least-connections-cache-on-warm100,110,2,3.4818,2.827,16.345,19.172,you,white-fang,1,,server-1,1,1,1,1.418,2.822,1.900
least-connections-cache-on-warm100,110,2,3.4909,3.419,15.985,19.404,castle,hard-times,1,,server-2,1,2,1,0.880,2.822,1.900
least-connections-cache-on-warm100,110,2,3.5000,8.108,31.870,39.978,he,the-last-of-the-mohicans-a-narrative-of-1757,1,,server-3,1,1,2,0.880,4.072,1.900
least-connections-cache-on-warm100,110,2,3.5091,1.188,0.715,1.903,horse,the-king-in-yellow,1,,server-1,1,1,1,3.083,4.072,4.450
least-connections-cache-on-warm100,110,2,3.5182,1.447,27.591,29.038,and,oliver-twist,1,,server-2,0,1,1,1.126,5.058,4.450
least-connections-cache-on-warm100,110,2,3.5273,1.646,20.313,21.959,horse,the-house-of-the-seven-gables,1,,server-1,1,1,1,1.126,2.673,4.450
least-connections-cache-on-warm100,110,2,3.5364,11.350,16.489,27.840,king,agnes-grey,1,,server-2,1,2,1,0.649,2.673,4.450
least-connections-cache-on-warm100,110,2,3.5455,1.495,11.504,13.000,whale,the-war-of-the-worlds,1,,server-3,1,2,1,0.649,2.673,7.861
least-connections-cache-on-warm100,110,2,3.5545,1.430,35.190,36.620,she,the-vicomte-de-bragelonne,1,,server-1,1,1,1,3.607,4.192,4.093
least-connections-cache-on-warm100,110,2,3.5636,1.526,25.316,26.842,of,tess-of-the-d-urbervilles-a-pure-woman,1,,server-3,1,1,1,1.904,4.192,4.375
least-connections-cache-on-warm100,110,2,3.5727,1.350,31.178,32.528,london,the-iliad-2199,1,,server-2,1,1,1,1.904,5.256,2.302
least-connections-cache-on-warm100,110,2,3.5818,8.814,21.089,29.903,she,a-connecticut-yankee-in-king-arthur-s-court,1,,server-3,1,1,2,1.904,2.754,2.302
least-connections-cache-on-warm100,110,2,3.5909,1.592,0.573,2.166,the,thus-spake-zarathustra-a-book-for-all-and-none,1,,server-1,2,1,1,6.785,2.754,3.985
least-connections-cache-on-warm100,110,2,3.6000,1.168,31.309,32.477,the,the-mysterious-island,1,,server-1,1,1,1,2.327,2.754,3.985
least-connections-cache-on-warm100,110,2,3.6091,1.168,26.448,27.616,castle,the-american,1,,server-2,1,1,1,1.245,6.712,3.985
least-connections-cache-on-warm100,110,2,3.6182,1.116,13.611,14.728,london,silas-marner,1,,server-3,1,1,1,1.245,3.490,5.808
least-connections-cache-on-warm100,110,2,3.6273,5.852,29.070,34.922,money,great-expectations,1,,server-1,2,1,1,1.245,3.490,3.037
least-connections-cache-on-warm100,110,2,3.6364,1.264,22.151,23.415,love,the-age-of-innocence,1,,server-3,1,1,1,3.492,8.011,4.072
least-connections-cache-on-warm100,110,2,3.6455,1.021,18.922,19.943,castle,thus-spake-zarathustra-a-book-for-all-and-none,1,,server-2,1,1,1,3.492,6.419,2.144
least-connections-cache-on-warm100,110,2,3.6545,5.806,18.909,24.715,he,anne-of-green-gables,1,,server-3,1,1,2,3.492,3.340,2.144
least-connections-cache-on-warm100,110,2,3.6636,1.266,0.674,1.941,castle,myths-and-legends-of-ancient-greece-and-rome,1,,server-1,1,1,1,6.865,3.340,3.042
least-connections-cache-on-warm100,110,2,3.6727,1.079,9.141,10.220,castle,beyond-good-and-evil,1,,server-2,0,1,1,2.401,5.125,3.042
least-connections-cache-on-warm100,110,2,3.6818,1.173,24.531,25.704,castle,pride-and-prejudice,1,,server-3,0,1,1,2.401,2.676,4.963
least-connections-cache-on-warm100,110,2,3.6909,1.078,18.344,19.422,night,the-scarlet-letter,1,,server-1,1,0,1,2.401,3.146,2.606
least-connections-cache-on-warm100,110,2,3.7000,1.463,0.763,2.227,death,the-scarlet-letter-33,1,,server-2,1,1,1,1.283,3.146,2.606
least-connections-cache-on-warm100,110,2,3.7091,1.014,25.791,26.805,and,a-journey-to-the-centre-of-the-earth,1,,server-3,1,0,1,1.283,1.144,5.535
least-connections-cache-on-warm100,110,2,3.7182,2.167,1.363,3.530,the,jude-the-obscure,1,,server-1,1,0,1,3.738,1.144,2.895
least-connections-cache-on-warm100,110,2,3.7273,2.621,28.391,31.013,heart,the-song-of-the-lark,1,,server-2,0,1,1,1.447,1.144,2.895
least-connections-cache-on-warm100,110,2,3.7364,1.051,0.564,1.615,letter,jude-the-obscure,1,,server-3,0,1,1,1.447,0.703,5.933
least-connections-cache-on-warm100,110,2,3.7455,1.277,0.695,1.971,of,the-adventures-of-sherlock-holmes,1,,server-1,1,1,0,1.447,0.703,2.038
least-connections-cache-on-warm100,110,2,3.7545,0.977,18.082,19.060,was,the-divine-comedy,1,,server-3,0,1,1,0.590,0.703,2.038
least-connections-cache-on-warm100,110,2,3.7636,1.116,27.766,28.882,love,little-women,1,,server-1,1,0,1,0.590,4.941,1.100
least-connections-cache-on-warm100,110,2,3.7727,1.510,28.263,29.773,you,dracula,1,,server-2,1,1,1,0.365,4.941,1.100
least-connections-cache-on-warm100,110,2,3.7818,1.167,13.650,14.817,he,the-warden,1,,server-3,1,1,1,0.365,2.601,3.576
least-connections-cache-on-warm100,110,2,3.7909,1.987,1.006,2.993,sea,the-house-of-the-seven-gables,1,,server-1,2,1,1,0.365,2.601,1.900
least-connections-cache-on-warm100,110,2,3.8000,1.889,20.146,22.035,the,persuasion,1,,server-3,0,1,1,2.028,2.601,3.307
least-connections-cache-on-warm100,110,2,3.8091,1.376,0.765,2.141,love,the-portrait-of-a-lady-volume-1,1,,server-1,1,0,1,2.028,6.146,1.822
least-connections-cache-on-warm100,110,2,3.8182,1.746,36.419,38.165,love,wuthering-heights,1,,server-2,0,1,1,0.782,6.146,1.822
least-connections-cache-on-warm100,110,2,3.8273,3.018,30.203,33.221,night,the-adventures-of-sherlock-holmes,1,,server-3,0,1,1,0.782,3.241,4.294
least-connections-cache-on-warm100,110,2,3.8364,3.460,16.124,19.584,and,beyond-good-and-evil,1,,server-1,1,1,1,0.782,3.241,2.396
least-connections-cache-on-warm100,110,2,3.8455,10.766,9.752,20.518,whale,herland,1,,server-2,1,2,1,0.621,3.241,2.396
least-connections-cache-on-warm100,110,2,3.8545,5.975,30.014,35.990,castle,the-moonstone,1,,server-3,1,2,2,0.621,4.135,2.396
least-connections-cache-on-warm100,110,2,3.8636,1.563,12.910,14.473,king,the-great-gatsby,1,,server-1,1,1,1,2.839,6.521,4.992
least-connections-cache-on-warm100,110,2,3.8727,1.286,26.698,27.984,of,mansfield-park,1,,server-2,1,1,1,1.548,5.722,4.992
least-connections-cache-on-warm100,110,2,3.8818,1.361,19.955,21.316,you,wuthering-heights,1,,server-1,1,1,1,3.044,2.991,4.992
least-connections-cache-on-warm100,110,2,3.8909,1.612,21.108,22.720,of,the-house-of-mirth,1,,server-3,1,1,1,1.653,2.991,7.940
least-connections-cache-on-warm100,110,2,3.9000,3.970,25.270,29.240,she,far-from-the-madding-crowd,1,,server-1,2,1,1,1.653,2.991,4.138
least-connections-cache-on-warm100,110,2,3.9091,1.784,10.491,12.274,whale,the-wind-in-the-willows,1,,server-2,1,1,1,2.480,6.175,4.138
least-connections-cache-on-warm100,110,2,3.9182,1.791,1.159,2.950,horse,the-king-in-yellow,1,,server-3,1,1,1,2.480,3.239,5.979
least-connections-cache-on-warm100,110,2,3.9273,1.246,0.617,1.863,death,around-the-world-in-eighty-days,1,,server-2,1,1,0,2.480,3.670,2.133
least-connections-cache-on-warm100,110,2,3.9364,1.163,0.659,1.822,heart,the-return-of-sherlock-holmes,1,,server-3,0,0,1,5.588,1.306,2.133
least-connections-cache-on-warm100,110,2,3.9455,2.641,24.225,26.866,london,the-jungle-book,1,,server-1,1,0,0,5.588,1.306,0.796
least-connections-cache-on-warm100,110,2,3.9545,4.755,19.458,24.213,london,a-princess-of-mars,1,,server-2,1,1,0,3.016,1.306,0.796
least-connections-cache-on-warm100,110,2,3.9636,4.190,37.403,41.593,and,jane-eyre-an-autobiography,1,,server-3,1,1,1,3.016,0.918,0.796
least-connections-cache-on-warm100,110,2,3.9727,1.034,30.026,31.061,house,great-expectations,1,,server-1,1,1,1,5.682,0.918,0.566
least-connections-cache-on-warm100,110,2,3.9818,1.448,12.201,13.649,he,the-first-men-in-the-moon,1,,server-2,1,1,1,2.976,3.508,0.566
least-connections-cache-on-warm100,110,2,3.9909,14.731,0.930,15.661,he,adventures-of-huckleberry-finn,1,,server-3,1,1,2,2.976,1.892,0.566
least-connections-cache-on-warm100,110,2,4.0000,1.249,22.773,24.022,of,the-american,1,,server-2,1,1,2,2.976,3.117,0.566
least-connections-cache-on-warm100,110,2,4.0091,1.542,16.469,18.011,love,twenty-thousand-leagues-under-the-sea,1,,server-3,0,1,1,6.679,1.688,3.411
least-connections-cache-on-warm100,110,2,4.0182,1.909,28.775,30.685,castle,far-from-the-madding-crowd,1,,server-1,1,1,1,6.679,1.688,1.828
least-connections-cache-on-warm100,110,2,4.0273,1.403,20.097,21.500,london,the-mystery-of-edwin-drood,1,,server-2,1,1,1,3.491,4.676,3.773
least-connections-cache-on-warm100,110,2,4.0364,1.508,14.463,15.971,of,silas-marner,1,,server-3,1,1,1,3.491,2.472,3.773
least-connections-cache-on-warm100,110,2,4.0455,3.881,22.198,26.079,was,the-american,1,,server-1,2,1,1,3.491,2.472,2.037
least-connections-cache-on-warm100,110,2,4.0545,1.447,17.384,18.831,he,the-wind-in-the-willows,1,,server-2,1,1,0,4.313,4.732,3.577
least-connections-cache-on-warm100,110,2,4.0636,1.541,18.463,20.004,london,grimms-fairy-tales,1,,server-3,1,1,1,4.313,2.496,3.577
least-connections-cache-on-warm100,110,2,4.0727,1.398,34.527,35.925,she,the-innocents-abroad,1,,server-1,1,1,1,6.217,2.496,1.917
least-connections-cache-on-warm100,110,2,4.0818,1.583,33.261,34.845,castle,the-vicomte-de-bragelonne,1,,server-2,1,1,1,3.255,4.324,1.917
least-connections-cache-on-warm100,110,2,4.0909,1.425,17.823,19.247,castle,grimms-fairy-tales,1,,server-3,1,1,1,3.255,2.290,4.110
least-connections-cache-on-warm100,110,2,4.1000,8.890,22.978,31.868,london,the-american,1,,server-1,2,1,1,3.255,2.290,2.174
least-connections-cache-on-warm100,110,2,4.1091,8.133,12.579,20.712,of,the-kama-sutra-of-vatsyayana,1,,server-2,1,2,1,5.281,2.290,2.174
least-connections-cache-on-warm100,110,2,4.1182,1.173,0.582,1.755,london,the-tenant-of-wildfell-hall,1,,server-3,1,1,1,5.281,4.179,4.203
least-connections-cache-on-warm100,110,2,4.1273,0.984,0.598,1.582,castle,the-song-of-the-lark,1,,server-3,1,1,1,5.281,4.179,1.479
least-connections-cache-on-warm100,110,2,4.1364,0.976,13.743,14.719,the,dubliners,1,,server-1,1,0,0,7.004,4.658,0.576
least-connections-cache-on-warm100,110,2,4.1455,1.205,15.589,16.794,heart,white-fang,1,,server-2,1,1,0,3.645,4.658,0.576
least-connections-cache-on-warm100,110,2,4.1545,1.552,38.639,40.191,king,the-vicomte-de-bragelonne,1,,server-3,0,1,1,4.486,2.461,0.576
least-connections-cache-on-warm100,110,2,4.1636,1.081,37.709,38.789,death,the-moonstone,1,,server-1,1,0,1,4.486,4.013,0.392
least-connections-cache-on-warm100,110,2,4.1727,1.375,20.932,22.307,horse,the-last-of-the-mohicans-a-narrative-of-1757-27681,1,,server-2,1,1,1,2.362,4.013,0.392
least-connections-cache-on-warm100,110,2,4.1818,13.460,13.998,27.458,night,frankenstein-or-the-modern-prometheus-41445,1,,server-3,1,1,2,2.362,2.123,0.392
least-connections-cache-on-warm100,110,2,4.1909,11.291,12.225,23.515,and,a-princess-of-mars,1,,server-1,2,1,2,2.362,2.123,0.392
least-connections-cache-on-warm100,110,2,4.2000,1.553,18.642,20.196,letter,the-age-of-innocence,1,,server-2,2,1,1,3.296,4.624,4.591
least-connections-cache-on-warm100,110,2,4.2091,1.415,0.753,2.168,she,the-hound-of-the-baskervilles-3070,1,,server-3,1,1,2,6.467,2.441,6.348
least-connections-cache-on-warm100,110,2,4.2182,1.332,23.994,25.326,she,autobiography-of-benjamin-franklin,1,,server-1,1,1,0,6.041,2.441,1.788
least-connections-cache-on-warm100,110,2,4.2273,1.966,29.492,31.457,she,the-american,1,,server-2,1,1,0,3.170,4.470,1.788
least-connections-cache-on-warm100,110,2,4.2364,2.335,26.324,28.659,king,the-last-of-the-mohicans-a-narrative-of-1757,1,,server-3,1,1,1,3.170,2.421,1.788
least-connections-cache-on-warm100,110,2,4.2455,1.342,43.132,44.474,love,the-romance-of-lust-a-classic-victorian-erotic-novel,1,,server-1,1,1,1,5.828,2.421,1.049
least-connections-cache-on-warm100,110,2,4.2545,4.512,13.203,17.715,love,the-king-in-yellow,1,,server-2,1,2,1,3.066,2.421,1.049
least-connections-cache-on-warm100,110,2,4.2636,1.919,21.446,23.365,night,the-last-of-the-mohicans-a-narrative-of-1757-27681,1,,server-3,1,1,2,3.066,4.200,1.049
least-connections-cache-on-warm100,110,2,4.2727,1.130,20.318,21.448,and,adventures-of-huckleberry-finn,1,,server-2,1,1,1,3.066,4.717,2.590
least-connections-cache-on-warm100,110,2,4.2818,5.762,0.909,6.672,heart,the-memoirs-of-sherlock-holmes,1,,server-3,1,1,2,3.066,2.490,2.590
least-connections-cache-on-warm100,110,2,4.2909,1.158,27.188,28.346,you,the-jungle,1,,server-1,1,1,0,8.832,2.490,2.074
least-connections-cache-on-warm100,110,2,4.3000,1.519,13.990,15.509,letter,the-wind-in-the-willows,1,,server-2,1,1,0,4.585,4.804,2.074
least-connections-cache-on-warm100,110,2,4.3091,1.583,23.203,24.786,london,the-return-of-sherlock-holmes-108,1,,server-3,1,1,1,4.585,2.536,2.074
least-connections-cache-on-warm100,110,2,4.3182,1.323,28.792,30.115,the,a-tale-of-two-cities,1,,server-2,1,1,1,4.585,3.747,1.137
least-connections-cache-on-warm100,110,2,4.3273,1.306,8.945,10.251,horse,the-hound-of-the-baskervilles-3070,1,,server-1,1,1,1,7.274,1.995,1.137
least-connections-cache-on-warm100,110,2,4.3364,1.506,17.681,19.187,and,desert-gold,1,,server-3,1,1,1,3.815,1.995,4.408
least-connections-cache-on-warm100,110,2,4.3455,1.472,30.063,31.534,letter,the-vicomte-de-bragelonne,1,,server-1,1,1,1,3.830,1.995,2.313
least-connections-cache-on-warm100,110,2,4.3545,1.599,26.928,28.527,of,the-iliad-2199,1,,server-2,1,1,1,2.061,5.834,2.313
least-connections-cache-on-warm100,110,2,4.3636,1.520,16.841,18.361,the,twenty-thousand-leagues-under-the-sea,1,,server-3,1,1,1,2.061,3.058,4.234
least-connections-cache-on-warm100,110,2,4.3727,4.878,9.948,14.826,of,the-hound-of-the-baskervilles-3070,1,,server-1,2,1,1,2.061,3.058,2.221
least-connections-cache-on-warm100,110,2,4.3818,1.892,0.574,2.467,and,a-princess-of-mars,1,,server-2,1,2,1,3.571,3.058,5.043
least-connections-cache-on-warm100,110,2,4.3909,0.990,17.241,18.231,and,persuasion,1,,server-3,0,0,1,3.811,2.185,4.083
least-connections-cache-on-warm100,110,2,4.4000,1.220,15.345,16.565,heart,the-war-of-the-worlds,1,,server-1,1,0,1,3.811,2.185,2.148
least-connections-cache-on-warm100,110,2,4.4091,1.782,17.835,19.617,whale,walden-and-on-the-duty-of-civil-disobedience,1,,server-2,1,1,1,2.047,2.185,4.110
least-connections-cache-on-warm100,110,2,4.4182,1.190,13.026,14.215,the,the-lost-world,1,,server-3,0,1,1,3.708,1.199,4.110
least-connections-cache-on-warm100,110,2,4.4273,1.416,17.836,19.252,horse,the-age-of-innocence,1,,server-1,1,1,1,3.708,1.199,2.168
least-connections-cache-on-warm100,110,2,4.4364,1.093,26.821,27.914,money,the-iliad-2199,1,,server-2,1,1,0,1.998,3.553,3.458
least-connections-cache-on-warm100,110,2,4.4455,1.254,12.941,14.196,and,the-prince,1,,server-3,1,1,1,1.998,1.882,3.458
least-connections-cache-on-warm100,110,2,4.4545,1.514,11.697,13.211,love,the-hound-of-the-baskervilles-3070,1,,server-1,1,1,1,4.116,1.882,1.838
least-connections-cache-on-warm100,110,2,4.4636,1.483,0.628,2.111,love,leaves-of-grass,1,,server-3,1,1,1,2.214,6.791,3.190
least-connections-cache-on-warm100,110,2,4.4727,1.154,0.829,1.983,love,a-tale-of-two-cities,1,,server-1,1,0,0,3.204,5.455,1.193
least-connections-cache-on-warm100,110,2,4.4818,1.986,53.461,55.447,you,the-adventures-of-ferdinand-count-fathom-complete,1,,server-2,0,1,0,1.189,5.455,1.193
least-connections-cache-on-warm100,110,2,4.4909,3.261,27.865,31.126,was,grimms-fairy-tales,1,,server-3,0,1,1,1.189,2.946,1.193
least-connections-cache-on-warm100,110,2,4.5000,2.810,1.353,4.163,you,silas-marner,1,,server-1,1,1,1,1.189,2.946,0.840
least-connections-cache-on-warm100,110,2,4.5091,1.087,31.820,32.907,and,the-adventures-of-ferdinand-count-fathom-complete,1,,server-1,1,1,1,0.613,2.946,0.840
least-connections-cache-on-warm100,110,2,4.5182,19.057,12.806,31.864,house,frankenstein-or-the-modern-prometheus-41445,1,,server-2,1,2,1,0.372,2.946,0.840
least-connections-cache-on-warm100,110,2,4.5273,1.058,0.398,1.456,house,the-wind-in-the-willows,1,,server-3,1,2,1,0.372,2.946,4.859
least-connections-cache-on-warm100,110,2,4.5364,1.523,9.948,11.472,sea,his-last-bow,1,,server-3,1,2,1,0.372,5.457,1.653
least-connections-cache-on-warm100,110,2,4.5455,1.611,18.184,19.795,house,washington-square,1,,server-1,1,1,1,5.300,9.317,0.897
least-connections-cache-on-warm100,110,2,4.5545,1.601,16.429,18.030,king,a-journey-to-the-centre-of-the-earth,1,,server-2,1,1,0,2.775,7.953,2.094
least-connections-cache-on-warm100,110,2,4.5636,1.501,19.339,20.841,you,hard-times,1,,server-3,1,1,1,2.775,4.164,2.094
least-connections-cache-on-warm100,110,2,4.5727,1.273,19.125,20.398,house,northanger-abbey,1,,server-1,1,1,1,4.566,5.215,1.157
least-connections-cache-on-warm100,110,2,4.5818,1.406,24.365,25.771,she,pride-and-prejudice,1,,server-2,1,1,1,2.398,5.215,1.157
least-connections-cache-on-warm100,110,2,4.5909,2.555,22.509,25.064,was,the-works-of-edgar-allan-poe-volume-2,1,,server-3,1,1,1,2.398,2.735,3.802
least-connections-cache-on-warm100,110,2,4.6000,1.113,20.998,22.111,you,the-odyssey,1,,server-1,1,1,1,4.547,2.735,2.043
least-connections-cache-on-warm100,110,2,4.6091,1.277,23.728,25.005,night,the-return-of-sherlock-holmes,1,,server-2,1,1,1,2.412,5.554,2.043
least-connections-cache-on-warm100,110,2,4.6182,1.471,10.203,11.674,of,the-great-gatsby,1,,server-3,1,1,1,2.412,2.906,4.839
least-connections-cache-on-warm100,110,2,4.6273,1.348,36.067,37.416,of,the-jungle,1,,server-1,1,1,1,4.870,2.906,2.555
least-connections-cache-on-warm100,110,2,4.6364,1.994,39.473,41.467,death,north-and-south,1,,server-2,1,1,0,2.578,5.605,3.213
least-connections-cache-on-warm100,110,2,4.6455,2.032,17.322,19.355,the,around-the-world-in-eighty-days,1,,server-3,1,1,1,2.578,2.982,3.213
least-connections-cache-on-warm100,110,2,4.6545,9.876,18.288,28.164,money,the-last-of-the-mohicans-a-narrative-of-1757-27681,1,,server-1,2,1,1,2.578,2.982,1.787
least-connections-cache-on-warm100,110,2,4.6636,14.851,0.668,15.519,money,the-scarlet-letter,1,,server-2,2,2,1,3.261,2.982,1.787
least-connections-cache-on-warm100,110,2,4.6727,1.544,0.824,2.368,house,the-return-of-sherlock-holmes-108,1,,server-3,1,2,1,6.168,2.982,3.808
least-connections-cache-on-warm100,110,2,4.6818,1.176,22.534,23.710,london,leaves-of-grass,1,,server-2,1,1,0,6.168,3.662,1.350
least-connections-cache-on-warm100,110,2,4.6909,1.710,0.977,2.687,and,the-kama-sutra-of-vatsyayana,1,,server-3,0,1,1,6.793,1.933,1.350
least-connections-cache-on-warm100,110,2,4.7000,1.419,28.927,30.346,death,the-innocents-abroad,1,,server-1,1,1,0,6.793,1.933,0.545
least-connections-cache-on-warm100,110,2,4.7091,1.448,26.319,27.767,was,the-last-of-the-mohicans-a-narrative-of-1757,1,,server-2,1,1,0,3.587,4.802,0.545
least-connections-cache-on-warm100,110,2,4.7182,1.566,0.764,2.330,the,the-vicomte-de-bragelonne,1,,server-3,1,1,1,3.587,2.525,0.545
least-connections-cache-on-warm100,110,2,4.7273,1.314,13.264,14.578,house,the-king-in-yellow,1,,server-3,1,1,1,3.587,2.525,0.294
least-connections-cache-on-warm100,110,2,4.7364,1.675,23.644,25.319,heart,sense-and-sensibility,1,,server-1,1,1,1,6.870,7.203,0.212
least-connections-cache-on-warm100,110,2,4.7455,1.430,33.997,35.427,king,north-and-south,1,,server-2,1,1,0,3.588,5.817,2.192
least-connections-cache-on-warm100,110,2,4.7545,1.690,0.607,2.297,sea,madame-bovary,1,,server-3,1,1,1,3.588,3.045,2.192
least-connections-cache-on-warm100,110,2,4.7636,1.370,0.576,1.947,london,a-princess-of-mars,1,,server-1,1,1,0,6.034,3.045,0.833
least-connections-cache-on-warm100,110,2,4.7727,1.294,15.197,16.491,death,autobiography-of-benjamin-franklin,1,,server-3,0,1,1,2.088,3.045,0.833
least-connections-cache-on-warm100,110,2,4.7818,0.997,0.583,1.580,house,the-return-of-sherlock-holmes-108,1,,server-1,1,0,1,2.088,7.304,0.481
least-connections-cache-on-warm100,110,2,4.7909,1.061,32.836,33.897,sea,a-tale-of-two-cities,1,,server-2,0,1,0,0.784,7.304,2.671
least-connections-cache-on-warm100,110,2,4.8000,2.489,1.612,4.101,london,persuasion,1,,server-3,0,1,1,0.784,3.802,2.671
least-connections-cache-on-warm100,110,2,4.8091,2.436,17.201,19.637,the,the-war-of-the-worlds,1,,server-1,1,1,0,0.784,3.802,1.087
least-connections-cache-on-warm100,110,2,4.8182,1.079,0.507,1.587,king,the-portrait-of-a-lady-volume-1,1,,server-3,1,1,1,0.524,3.802,1.087
least-connections-cache-on-warm100,110,2,4.8273,1.128,15.293,16.421,castle,dubliners,1,,server-2,1,1,0,0.524,7.655,0.445
least-connections-cache-on-warm100,110,2,4.8364,1.472,0.982,2.454,night,the-secret-garden,1,,server-3,0,1,1,2.973,3.982,0.445
least-connections-cache-on-warm100,110,2,4.8455,3.141,28.688,31.828,and,autobiography-of-benjamin-franklin,1,,server-1,1,0,0,2.973,4.938,0.280
least-connections-cache-on-warm100,110,2,4.8545,5.240,16.760,22.001,house,the-jungle-book,1,,server-2,1,1,0,1.711,4.938,0.280
least-connections-cache-on-warm100,110,2,4.8636,3.153,24.579,27.732,king,the-song-of-the-lark,1,,server-3,1,1,1,1.711,2.778,0.280
least-connections-cache-on-warm100,110,2,4.8727,4.810,24.946,29.757,love,emma,1,,server-1,2,1,1,1.711,2.778,0.309
least-connections-cache-on-warm100,110,2,4.8818,1.365,23.908,25.273,letter,the-house-of-mirth,1,,server-2,1,1,1,3.100,4.280,0.309
least-connections-cache-on-warm100,110,2,4.8909,1.442,26.156,27.598,money,oliver-twist,1,,server-3,1,1,2,3.100,2.255,4.958
least-connections-cache-on-warm100,110,2,4.9000,3.001,0.861,3.863,you,tess-of-the-d-urbervilles-a-pure-woman,1,,server-1,2,1,1,3.100,2.255,2.136
least-connections-cache-on-warm100,110,2,4.9091,1.380,29.295,30.675,night,the-jungle,1,,server-2,0,1,1,2.462,5.212,2.136
least-connections-cache-on-warm100,110,2,4.9182,1.519,25.438,26.956,whale,the-adventures-of-ferdinand-count-fathom-complete,1,,server-1,1,1,1,2.462,2.753,2.136
least-connections-cache-on-warm100,110,2,4.9273,1.310,16.070,17.380,money,grimms-fairy-tales,1,,server-3,1,1,1,1.344,2.753,5.499
least-connections-cache-on-warm100,110,2,4.9364,8.840,26.602,35.442,night,the-house-of-mirth,1,,server-1,2,1,1,1.344,2.753,2.875
least-connections-cache-on-warm100,110,2,4.9455,1.405,0.791,2.196,heart,sense-and-sensibility,1,,server-2,2,1,0,3.682,6.444,4.354
least-connections-cache-on-warm100,110,2,4.9545,1.278,18.961,20.240,the,myths-and-legends-of-ancient-greece-and-rome,1,,server-3,1,0,1,3.682,2.242,4.354
least-connections-cache-on-warm100,110,2,4.9636,1.391,20.191,21.582,she,a-journey-to-the-centre-of-the-earth,1,,server-2,1,1,1,3.682,2.242,2.298
least-connections-cache-on-warm100,110,2,4.9727,1.362,26.837,28.198,he,the-adventures-of-sherlock-holmes,1,,server-1,1,1,1,6.501,1.206,2.298
least-connections-cache-on-warm100,110,2,4.9818,1.851,14.841,16.692,love,washington-square,1,,server-3,1,1,1,3.395,1.206,4.464
least-connections-cache-on-warm100,110,2,4.9909,1.288,9.565,10.853,she,the-great-gatsby,1,,server-2,1,1,1,3.395,3.960,2.369
least-connections-cache-on-warm100,110,2,5.0000,1.709,9.316,11.025,money,herland,1,,server-3,1,1,1,3.395,2.093,3.808
least-connections-cache-on-warm100,110,2,5.0091,1.548,19.030,20.578,king,autobiography-of-benjamin-franklin,1,,server-1,1,0,1,6.421,2.860,2.070
least-connections-cache-on-warm100,110,2,5.0182,1.263,0.720,1.983,and,the-adventures-of-ferdinand-count-fathom-complete,1,,server-2,1,1,0,3.380,2.860,2.726
least-connections-cache-on-warm100,110,2,5.0273,1.703,1.151,2.854,london,silas-marner,1,,server-3,1,0,1,3.380,1.049,2.726
least-connections-cache-on-warm100,110,2,5.0364,1.333,15.608,16.941,night,the-mysterious-affair-at-styles,1,,server-1,1,0,0,5.143,1.049,1.064
least-connections-cache-on-warm100,110,2,5.0455,2.885,0.526,3.411,he,the-iliad-2199,1,,server-2,1,1,0,2.726,1.049,1.064
least-connections-cache-on-warm100,110,2,5.0545,1.325,27.781,29.106,night,the-mystery-of-edwin-drood,1,,server-3,0,0,1,4.181,0.479,1.064
least-connections-cache-on-warm100,110,2,5.0636,2.697,27.228,29.925,of,the-last-of-the-mohicans-a-narrative-of-1757-27681,1,,server-1,1,0,1,4.181,0.479,0.645
least-connections-cache-on-warm100,110,2,5.0727,2.723,19.576,22.299,castle,a-journey-to-the-centre-of-the-earth,1,,server-2,1,1,1,2.302,0.479,0.645
least-connections-cache-on-warm100,110,2,5.0818,2.485,20.286,22.771,the,the-house-of-the-seven-gables,1,,server-3,1,1,2,2.302,0.360,0.645
least-connections-cache-on-warm100,110,2,5.0909,3.352,0.955,4.307,whale,far-from-the-madding-crowd,1,,server-1,2,1,1,2.302,0.360,2.638
least-connections-cache-on-warm100,110,2,5.1000,1.639,24.836,26.475,you,the-last-of-the-mohicans-a-narrative-of-1757-27681,1,,server-2,0,1,1,2.192,3.309,2.638
least-connections-cache-on-warm100,110,2,5.1091,1.710,24.856,26.565,house,the-last-of-the-mohicans-a-narrative-of-1757-27681,1,,server-3,0,1,1,2.192,1.793,4.879
least-connections-cache-on-warm100,110,2,5.1182,1.596,14.611,16.207,whale,the-secret-garden-17396,1,,server-1,1,1,1,2.192,1.793,2.590
least-connections-cache-on-warm100,110,2,5.1273,1.226,14.567,15.794,castle,northanger-abbey,1,,server-2,1,1,1,1.211,5.065,2.590
least-connections-cache-on-warm100,110,2,5.1364,1.348,0.815,2.163,death,silas-marner,1,,server-3,0,1,1,3.044,2.659,5.576
least-connections-cache-on-warm100,110,2,5.1455,0.999,18.939,19.938,london,frankenstein-or-the-modern-prometheus-41445,1,,server-1,1,0,0,3.044,4.014,1.940
least-connections-cache-on-warm100,110,2,5.1545,0.942,23.296,24.239,horse,the-secret-adversary,1,,server-2,1,1,0,1.622,4.014,1.940
least-connections-cache-on-warm100,110,2,5.1636,3.069,21.770,24.839,she,myths-and-legends-of-ancient-greece-and-rome,1,,server-3,1,1,1,1.622,2.103,1.940
least-connections-cache-on-warm100,110,2,5.1727,1.825,13.986,15.811,of,the-adventures-of-tom-sawyer-complete,1,,server-1,1,1,1,3.952,2.103,1.135
least-connections-cache-on-warm100,110,2,5.1818,1.402,25.919,27.321,heart,the-american,1,,server-2,1,1,1,2.115,5.033,1.135
least-connections-cache-on-warm100,110,2,5.1909,2.033,27.864,29.897,money,dracula,1,,server-3,0,1,1,3.518,2.661,4.017
least-connections-cache-on-warm100,110,2,5.2000,2.134,12.189,14.323,of,the-first-men-in-the-moon,1,,server-1,1,1,1,3.518,2.661,2.128
least-connections-cache-on-warm100,110,2,5.2091,1.484,0.649,2.133,whale,herland,1,,server-2,1,2,1,1.870,5.802,2.128
least-connections-cache-on-warm100,110,2,5.2182,1.234,0.575,1.808,london,the-last-of-the-mohicans-a-narrative-of-1757,1,,server-1,1,0,1,3.094,1.998,2.128
least-connections-cache-on-warm100,110,2,5.2273,1.220,14.558,15.778,money,white-fang,1,,server-2,0,1,0,1.108,1.998,5.782
least-connections-cache-on-warm100,110,2,5.2364,1.385,28.000,29.385,sea,the-house-of-mirth,1,,server-3,0,1,1,1.108,1.082,5.782
least-connections-cache-on-warm100,110,2,5.2455,1.336,0.704,2.039,horse,persuasion,1,,server-1,1,0,1,1.108,2.984,3.029
least-connections-cache-on-warm100,110,2,5.2545,1.232,0.691,1.924,castle,far-from-the-madding-crowd,1,,server-2,0,1,1,0.461,2.984,3.029
least-connections-cache-on-warm100,110,2,5.2636,1.158,23.939,25.097,love,the-song-of-the-lark,1,,server-1,1,0,1,0.461,1.071,3.029
least-connections-cache-on-warm100,110,2,5.2727,1.419,22.958,24.378,london,hard-times,1,,server-2,1,1,0,0.281,1.071,6.367
least-connections-cache-on-warm100,110,2,5.2818,1.321,12.010,13.332,house,the-mysterious-affair-at-styles,1,,server-3,1,1,1,0.281,0.612,6.367
least-connections-cache-on-warm100,110,2,5.2909,1.493,12.280,13.774,sea,the-lost-world,1,,server-1,1,1,1,3.963,0.612,3.334
least-connections-cache-on-warm100,110,2,5.3000,1.751,30.464,32.215,of,hard-times,1,,server-2,1,1,0,2.099,4.038,4.009
least-connections-cache-on-warm100,110,2,5.3091,2.582,15.653,18.235,letter,a-princess-of-mars,1,,server-3,0,1,1,3.260,2.157,4.009
least-connections-cache-on-warm100,110,2,5.3182,1.652,0.671,2.323,you,the-first-men-in-the-moon,1,,server-1,1,1,1,3.260,2.157,2.192
least-connections-cache-on-warm100,110,2,5.3273,1.442,20.693,22.135,death,the-hound-of-the-baskervilles,1,,server-1,1,1,1,1.177,2.157,3.779
least-connections-cache-on-warm100,110,2,5.3364,1.726,20.299,22.025,love,the-warden,1,,server-2,1,1,0,0.675,6.169,3.779
least-connections-cache-on-warm100,110,2,5.3455,1.493,16.414,17.907,of,cranford,1,,server-3,1,1,1,0.675,3.264,3.779
least-connections-cache-on-warm100,110,2,5.3545,1.037,0.754,1.791,london,the-jungle-book,1,,server-1,1,1,1,3.656,3.264,2.011
least-connections-cache-on-warm100,110,2,5.3636,0.961,28.965,29.927,king,a-tale-of-two-cities,1,,server-2,0,1,0,1.293,5.277,3.848
least-connections-cache-on-warm100,110,2,5.3727,1.852,16.157,18.009,money,the-lost-world,1,,server-3,0,1,1,1.293,2.764,3.848
least-connections-cache-on-warm100,110,2,5.3818,1.349,10.942,12.291,the,black-beauty,1,,server-1,1,1,1,1.293,2.764,2.077
least-connections-cache-on-warm100,110,2,5.3909,3.089,38.592,41.680,heart,the-moonstone,1,,server-2,1,2,1,0.763,2.764,3.868
least-connections-cache-on-warm100,110,2,5.4000,1.343,17.096,18.439,of,treasure-island,1,,server-3,0,1,1,2.225,3.591,3.868
least-connections-cache-on-warm100,110,2,5.4091,1.169,0.558,1.727,he,the-secret-garden,1,,server-1,1,1,1,2.225,3.591,2.057
least-connections-cache-on-warm100,110,2,5.4182,1.173,22.709,23.882,letter,the-song-of-the-lark,1,,server-1,1,1,1,0.816,3.591,4.971
least-connections-cache-on-warm100,110,2,5.4273,1.333,18.975,20.308,house,walden-and-on-the-duty-of-civil-disobedience,1,,server-3,1,1,1,0.475,3.591,3.987
least-connections-cache-on-warm100,110,2,5.4364,1.667,0.760,2.426,the,the-wind-in-the-willows,1,,server-2,1,1,1,0.475,8.453,2.106
least-connections-cache-on-warm100,110,2,5.4455,1.276,1.520,2.796,love,the-romance-of-lust-a-classic-victorian-erotic-novel,1,,server-1,1,0,1,3.908,2.937,2.106
least-connections-cache-on-warm100,110,2,5.4545,1.001,12.121,13.122,and,the-war-of-the-worlds,1,,server-2,0,1,0,1.427,2.937,4.323
least-connections-cache-on-warm100,110,2,5.4636,1.584,17.986,19.570,death,the-hound-of-the-baskervilles-3070,1,,server-3,0,1,1,1.427,1.571,4.323
least-connections-cache-on-warm100,110,2,5.4727,2.175,24.327,26.501,of,a-tale-of-two-cities,1,,server-1,1,0,1,1.427,2.905,2.296
least-connections-cache-on-warm100,110,2,5.4818,1.146,23.658,24.803,sea,the-american,1,,server-2,1,1,1,0.864,2.905,2.296
least-connections-cache-on-warm100,110,2,5.4909,1.281,29.843,31.124,castle,a-tale-of-two-cities,1,,server-3,1,1,1,0.864,1.569,4.278
least-connections-cache-on-warm100,110,2,5.5000,1.368,34.856,36.224,house,the-moonstone,1,,server-1,1,1,1,4.376,1.569,2.254
least-connections-cache-on-warm100,110,2,5.5091,1.212,22.591,23.803,was,the-last-of-the-mohicans-a-narrative-of-1757-27681,1,,server-2,1,1,1,2.319,4.734,2.254
least-connections-cache-on-warm100,110,2,5.5182,4.143,0.703,4.846,london,the-return-of-sherlock-holmes-108,1,,server-3,1,1,2,2.319,2.491,2.254
least-connections-cache-on-warm100,110,2,5.5273,1.134,0.546,1.679,the,the-adventures-of-tom-sawyer-complete,1,,server-3,1,1,1,2.319,2.491,2.303
least-connections-cache-on-warm100,110,2,5.5364,1.208,0.501,1.709,you,wuthering-heights,1,,server-1,1,0,0,7.014,5.153,0.846
least-connections-cache-on-warm100,110,2,5.5455,1.111,12.606,13.716,horse,herland,1,,server-2,0,1,0,2.390,5.153,0.846
least-connections-cache-on-warm100,110,2,5.5545,1.591,27.066,28.657,horse,tess-of-the-d-urbervilles-a-pure-woman,1,,server-3,0,1,1,2.390,2.711,0.846
least-connections-cache-on-warm100,110,2,5.5636,1.124,0.673,1.797,of,the-adventures-of-tom-sawyer-complete,1,,server-1,1,0,1,2.390,3.713,0.531
least-connections-cache-on-warm100,110,2,5.5727,1.027,12.421,13.448,the,the-first-men-in-the-moon,1,,server-2,0,1,1,0.891,3.713,0.531
least-connections-cache-on-warm100,110,2,5.5818,1.165,0.672,1.836,horse,leaves-of-grass,1,,server-1,1,1,1,0.891,1.949,0.531
least-connections-cache-on-warm100,110,2,5.5909,1.399,16.820,18.218,of,memoirs-of-fanny-hill,1,,server-2,0,1,0,0.387,3.178,4.627
least-connections-cache-on-warm100,110,2,5.6000,1.945,35.795,37.740,sea,the-romance-of-lust-a-classic-victorian-erotic-novel,1,,server-3,0,1,1,0.387,1.685,4.627
least-connections-cache-on-warm100,110,2,5.6091,1.247,28.221,29.468,heart,the-tenant-of-wildfell-hall,1,,server-1,1,1,1,0.387,4.563,2.465
least-connections-cache-on-warm100,110,2,5.6182,1.587,0.766,2.353,horse,desert-gold,1,,server-2,1,1,1,0.254,3.701,2.465
least-connections-cache-on-warm100,110,2,5.6273,1.011,23.406,24.417,money,jude-the-obscure,1,,server-2,1,1,1,0.254,1.326,2.465
least-connections-cache-on-warm100,110,2,5.6364,1.757,22.292,24.049,whale,the-american,1,,server-3,1,1,2,0.254,0.729,2.465
least-connections-cache-on-warm100,110,2,5.6455,1.379,13.252,14.631,she,the-secret-adversary,1,,server-1,1,1,1,4.596,0.729,3.791
least-connections-cache-on-warm100,110,2,5.6545,1.301,32.259,33.560,death,the-song-of-the-lark,1,,server-2,1,1,1,2.421,4.164,3.791
least-connections-cache-on-warm100,110,2,5.6636,1.325,24.764,26.089,you,desperate-remedies,1,,server-3,0,1,1,3.628,2.197,5.939
least-connections-cache-on-warm100,110,2,5.6727,1.608,13.982,15.590,london,memoirs-of-fanny-hill,1,,server-1,1,1,1,3.628,2.197,3.105
least-connections-cache-on-warm100,110,2,5.6818,5.726,0.630,6.356,and,the-scarlet-letter-33,1,,server-2,1,2,1,1.946,2.197,3.105
least-connections-cache-on-warm100,110,2,5.6909,1.215,18.476,19.691,the,the-picture-of-dorian-gray,1,,server-3,0,0,1,3.470,4.073,5.886
least-connections-cache-on-warm100,110,2,5.7000,1.858,44.199,46.057,letter,the-mysterious-island,1,,server-1,1,0,1,3.470,4.073,3.069
least-connections-cache-on-warm100,110,2,5.7091,1.244,0.556,1.799,death,the-hound-of-the-baskervilles,1,,server-2,1,1,1,1.867,4.073,3.069
least-connections-cache-on-warm100,110,2,5.7182,2.365,24.695,27.059,love,the-adventures-of-sherlock-holmes,1,,server-3,1,0,1,1.867,1.425,4.876
least-connections-cache-on-warm100,110,2,5.7273,3.926,15.225,19.150,love,the-secret-garden,1,,server-2,1,1,1,1.867,1.425,2.618
least-connections-cache-on-warm100,110,2,5.7364,9.185,0.887,10.072,money,the-king-in-yellow,1,,server-3,1,1,2,1.867,0.837,2.618
least-connections-cache-on-warm100,110,2,5.7455,1.917,0.717,2.634,he,the-war-of-the-worlds,1,,server-1,2,1,1,10.178,0.837,4.035
least-connections-cache-on-warm100,110,2,5.7545,1.004,24.354,25.358,of,frankenstein-or-the-modern-prometheus,1,,server-2,0,1,0,2.817,2.924,2.631
least-connections-cache-on-warm100,110,2,5.7636,2.101,15.464,17.565,death,memoirs-of-fanny-hill,1,,server-3,0,1,1,2.817,1.559,2.631
least-connections-cache-on-warm100,110,2,5.7727,1.046,26.826,27.873,letter,mary-barton,1,,server-1,1,1,1,2.817,1.559,1.461
least-connections-cache-on-warm100,110,2,5.7818,1.183,19.581,20.764,of,adventures-of-huckleberry-finn,1,,server-2,1,1,0,1.505,4.870,3.309
least-connections-cache-on-warm100,110,2,5.7909,1.773,26.785,28.557,whale,desperate-remedies,1,,server-3,1,1,1,1.505,2.567,3.309
least-connections-cache-on-warm100,110,2,5.8000,1.817,27.072,28.890,death,mary-barton,1,,server-1,2,1,1,1.505,2.567,1.814
least-connections-cache-on-warm100,110,2,5.8091,1.048,0.598,1.645,and,jane-eyre-an-autobiography,1,,server-2,1,1,1,2.748,4.745,1.814
least-connections-cache-on-warm100,110,2,5.8182,1.145,21.575,22.721,death,jude-the-obscure,1,,server-2,1,1,1,2.748,1.650,1.814
least-connections-cache-on-warm100,110,2,5.8273,1.350,16.154,17.504,you,the-king-in-yellow,1,,server-3,1,1,1,2.748,0.877,5.374
least-connections-cache-on-warm100,110,2,5.8364,1.131,15.264,16.396,horse,the-scarlet-letter,1,,server-1,1,1,1,6.028,0.877,2.840
least-connections-cache-on-warm100,110,2,5.8455,1.398,0.895,2.293,death,the-hound-of-the-baskervilles-3070,1,,server-2,1,1,0,3.148,3.997,4.358
least-connections-cache-on-warm100,110,2,5.8545,1.602,54.259,55.860,was,the-moonstone,1,,server-3,0,0,1,4.431,1.443,4.358
least-connections-cache-on-warm100,110,2,5.8636,2.750,1.746,4.496,london,villette,1,,server-1,1,0,1,4.431,1.443,2.323
least-connections-cache-on-warm100,110,2,5.8727,1.768,44.604,46.372,and,the-iliad,1,,server-2,0,1,1,1.745,1.443,2.323
least-connections-cache-on-warm100,110,2,5.8818,4.355,35.030,39.385,he,villette,1,,server-1,1,1,1,1.745,0.853,2.323
least-connections-cache-on-warm100,110,2,5.8909,27.840,19.609,47.449,was,the-memoirs-of-sherlock-holmes,1,,server-2,1,2,1,1.092,0.853,2.323
least-connections-cache-on-warm100,110,2,5.9000,11.056,19.256,30.312,sea,hard-times,1,,server-3,1,2,2,1.092,0.853,2.323
least-connections-cache-on-warm100,110,2,5.9091,12.580,0.619,13.199,she,cranford,1,,server-1,2,2,2,1.092,0.853,2.323
least-connections-cache-on-warm100,110,2,5.9182,12.382,33.706,46.088,heart,little-women,1,,server-3,2,2,2,1.092,5.039,6.184
least-connections-cache-on-warm100,110,2,5.9273,1.152,0.567,1.719,king,the-jungle,1,,server-1,1,1,2,2.831,8.150,6.184
least-connections-cache-on-warm100,110,2,5.9364,1.114,27.243,28.357,money,mary-barton,1,,server-1,1,1,1,1.034,8.150,4.912
least-connections-cache-on-warm100,110,2,5.9455,1.769,20.596,22.365,letter,sense-and-sensibility,1,,server-2,1,1,1,0.587,8.271,4.912
least-connections-cache-on-warm100,110,2,5.9545,9.982,36.058,46.041,whale,little-women,1,,server-3,1,1,2,0.587,4.327,4.912
least-connections-cache-on-warm100,110,2,5.9636,1.348,18.383,19.731,night,anne-of-green-gables,1,,server-1,2,1,2,5.745,4.327,11.134
least-connections-cache-on-warm100,110,2,5.9727,1.429,0.626,2.054,she,far-from-the-madding-crowd,1,,server-2,1,1,1,2.428,6.028,5.783
least-connections-cache-on-warm100,110,2,5.9818,1.089,12.519,13.608,house,the-first-men-in-the-moon,1,,server-2,1,1,1,2.428,2.079,5.783
least-connections-cache-on-warm100,110,2,5.9909,1.310,13.978,15.288,king,kidnapped,1,,server-1,1,1,1,4.443,1.126,5.783
least-connections-cache-on-warm100,110,2,6.0000,1.352,16.785,18.137,night,desert-gold,1,,server-2,1,1,1,2.338,2.667,5.783
least-connections-cache-on-warm100,110,2,6.0091,1.313,19.591,20.904,whale,hard-times,1,,server-3,0,1,1,3.705,1.420,9.404
least-connections-cache-on-warm100,110,2,6.0182,1.738,25.664,27.402,house,far-from-the-madding-crowd,1,,server-1,1,1,1,3.705,3.569,4.882
least-connections-cache-on-warm100,110,2,6.0273,1.743,27.928,29.670,death,oliver-twist,1,,server-2,1,1,1,1.973,3.569,4.882
least-connections-cache-on-warm100,110,2,6.0364,1.345,0.586,1.932,night,the-house-of-mirth,1,,server-3,1,1,1,1.973,1.918,6.223
least-connections-cache-on-warm100,110,2,6.0455,1.048,34.818,35.866,whale,the-romance-of-lust-a-classic-victorian-erotic-novel,1,,server-3,1,1,1,6.628,1.918,2.142
least-connections-cache-on-warm100,110,2,6.0545,1.439,14.211,15.649,and,the-mysterious-affair-at-styles,1,,server-1,1,1,1,5.339,1.918,1.145
least-connections-cache-on-warm100,110,2,6.0636,1.772,24.570,26.341,house,the-memoirs-of-sherlock-holmes,1,,server-2,1,1,1,2.858,5.660,1.145
least-connections-cache-on-warm100,110,2,6.0727,1.091,0.575,1.666,love,his-last-bow,1,,server-1,1,1,1,4.043,2.981,1.145
least-connections-cache-on-warm100,110,2,6.0818,1.154,17.297,18.451,he,the-scarlet-letter-33,1,,server-3,0,1,1,1.415,2.981,6.262
least-connections-cache-on-warm100,110,2,6.0909,1.212,0.590,1.803,whale,thus-spake-zarathustra-a-book-for-all-and-none,1,,server-1,1,0,1,1.415,5.798,3.274
least-connections-cache-on-warm100,110,2,6.1000,1.478,26.225,27.704,whale,a-tale-of-two-cities,1,,server-2,0,1,1,0.572,5.798,5.986
least-connections-cache-on-warm100,110,2,6.1091,1.824,25.983,27.807,night,tess-of-the-d-urbervilles-a-pure-woman,1,,server-3,0,1,1,0.572,3.046,4.819
least-connections-cache-on-warm100,110,2,6.1182,1.684,15.710,17.394,horse,kidnapped,1,,server-1,1,1,1,0.572,3.046,2.562
least-connections-cache-on-warm100,110,2,6.1273,1.520,32.542,34.062,letter,little-women,1,,server-2,1,2,1,0.364,7.614,2.562
least-connections-cache-on-warm100,110,2,6.1364,1.191,19.788,20.979,whale,the-scarlet-letter,1,,server-1,1,1,1,2.696,3.197,2.562
least-connections-cache-on-warm100,110,2,6.1455,1.118,23.798,24.916,was,leaves-of-grass,1,,server-3,1,1,1,1.437,3.197,5.749
least-connections-cache-on-warm100,110,2,6.1545,3.255,0.573,3.828,night,the-american,1,,server-1,2,1,1,1.437,3.197,3.010
least-connections-cache-on-warm100,110,2,6.1636,1.272,0.570,1.843,money,dracula,1,,server-2,0,1,1,1.553,7.208,3.010
least-connections-cache-on-warm100,110,2,6.1727,1.272,0.663,1.935,death,the-king-in-yellow,1,,server-3,0,0,1,1.553,2.459,5.681
least-connections-cache-on-warm100,110,2,6.1818,2.345,25.012,27.357,letter,the-adventures-of-tom-sawyer-complete,1,,server-1,1,0,0,1.553,2.459,1.969
least-connections-cache-on-warm100,110,2,6.1909,3.382,1.772,5.154,death,the-vicomte-de-bragelonne,1,,server-2,1,1,0,0.897,2.459,1.969
least-connections-cache-on-warm100,110,2,6.2000,1.060,15.663,16.723,sea,the-scarlet-letter,1,,server-3,1,0,1,0.897,1.067,1.969
least-connections-cache-on-warm100,110,2,6.2091,1.297,0.580,1.878,castle,thus-spake-zarathustra-a-book-for-all-and-none,1,,server-2,1,1,1,5.594,1.067,1.077
least-connections-cache-on-warm100,110,2,6.2182,1.256,29.858,31.114,love,the-iliad-2199,1,,server-3,0,0,1,4.527,0.453,3.149
least-connections-cache-on-warm100,110,2,6.2273,1.505,17.913,19.418,money,adventures-of-huckleberry-finn,1,,server-1,1,0,1,4.527,0.453,1.684
least-connections-cache-on-warm100,110,2,6.2364,1.547,0.700,2.248,heart,the-wind-in-the-willows,1,,server-2,1,1,1,2.376,0.453,1.684
least-connections-cache-on-warm100,110,2,6.2455,1.011,0.693,1.705,was,frankenstein-or-the-modern-prometheus-41445,1,,server-2,1,1,1,2.376,0.255,1.684
least-connections-cache-on-warm100,110,2,6.2545,1.299,37.816,39.114,sea,emma,1,,server-3,0,0,1,4.347,0.177,5.821
least-connections-cache-on-warm100,110,2,6.2636,1.894,27.887,29.781,night,grimms-fairy-tales,1,,server-1,1,0,1,4.347,0.177,3.045
least-connections-cache-on-warm100,110,2,6.2727,3.001,1.382,4.383,castle,north-and-south,1,,server-2,1,1,1,2.340,0.177,3.045
least-connections-cache-on-warm100,110,2,6.2818,1.221,0.646,1.867,castle,far-from-the-madding-crowd,1,,server-2,1,1,1,2.340,0.292,3.045
least-connections-cache-on-warm100,110,2,6.2909,0.909,12.951,13.860,was,agnes-grey,1,,server-2,1,1,1,2.340,0.203,3.045
least-connections-cache-on-warm100,110,2,6.3000,1.269,35.649,36.919,was,mansfield-park,1,,server-3,0,1,1,5.892,0.159,7.903
least-connections-cache-on-warm100,110,2,6.3091,1.856,25.097,26.953,and,walden-and-on-the-duty-of-civil-disobedience,1,,server-1,1,0,1,5.892,2.150,4.112
least-connections-cache-on-warm100,110,2,6.3182,1.098,13.307,14.404,love,frankenstein-or-the-modern-prometheus-41445,1,,server-2,1,1,1,3.146,2.150,4.112
least-connections-cache-on-warm100,110,2,6.3273,10.059,32.553,42.612,letter,mansfield-park,1,,server-3,1,1,2,3.146,1.163,4.112
least-connections-cache-on-warm100,110,2,6.3364,1.506,0.907,2.413,heart,the-wind-in-the-willows,1,,server-1,1,0,2,5.952,2.834,4.112
least-connections-cache-on-warm100,110,2,6.3455,1.399,20.467,21.867,castle,the-return-of-sherlock-holmes,1,,server-2,0,1,1,2.124,2.834,5.716
least-connections-cache-on-warm100,110,2,6.3545,1.841,0.716,2.557,money,little-women,1,,server-1,1,1,1,2.124,1.525,5.716
least-connections-cache-on-warm100,110,2,6.3636,1.441,0.620,2.060,love,the-iliad-2199,1,,server-1,1,1,1,0.823,1.525,5.716
least-connections-cache-on-warm100,110,2,6.3727,1.167,28.965,30.132,whale,the-adventures-of-sherlock-holmes,1,,server-2,0,1,0,0.369,4.229,8.827
least-connections-cache-on-warm100,110,2,6.3818,2.168,15.551,17.719,heart,around-the-world-in-eighty-days,1,,server-3,0,1,1,0.369,2.229,8.827
least-connections-cache-on-warm100,110,2,6.3909,1.401,0.915,2.316,king,a-journey-to-the-centre-of-the-earth,1,,server-1,1,1,1,0.369,2.229,4.656
least-connections-cache-on-warm100,110,2,6.4000,1.574,0.887,2.461,money,the-mystery-of-edwin-drood,1,,server-3,0,1,1,0.267,2.229,5.385
least-connections-cache-on-warm100,110,2,6.4091,1.863,1.242,3.105,horse,the-house-of-the-seven-gables,1,,server-1,1,0,0,0.267,6.020,1.903
least-connections-cache-on-warm100,110,2,6.4182,4.371,39.378,43.749,was,the-scarlet-letter-33,1,,server-2,0,1,0,0.294,6.020,1.903
least-connections-cache-on-warm100,110,2,6.4273,4.251,2.746,6.997,of,the-romance-of-lust-a-classic-victorian-erotic-novel,1,,server-3,0,1,1,0.294,3.385,1.903
least-connections-cache-on-warm100,110,2,6.4364,5.293,24.586,29.880,she,the-adventures-of-sherlock-holmes,1,,server-1,1,1,0,0.294,3.385,1.103
least-connections-cache-on-warm100,110,2,6.4455,3.157,18.282,21.440,letter,persuasion,1,,server-3,1,1,1,0.487,3.385,1.103
least-connections-cache-on-warm100,110,2,6.4545,12.575,10.921,23.496,he,around-the-world-in-eighty-days,1,,server-1,2,1,1,0.487,3.385,0.673
least-connections-cache-on-warm100,110,2,6.4636,1.618,18.938,20.557,was,a-connecticut-yankee-in-king-arthur-s-court,1,,server-2,2,1,1,0.487,8.272,0.673
least-connections-cache-on-warm100,110,2,6.4727,1.424,21.106,22.530,death,wuthering-heights,1,,server-3,1,1,1,3.275,4.312,3.259
least-connections-cache-on-warm100,110,2,6.4818,1.104,0.484,1.588,love,the-hound-of-the-baskervilles-3070,1,,server-1,1,1,1,3.730,4.312,1.735
least-connections-cache-on-warm100,110,2,6.4909,0.995,0.572,1.567,you,silas-marner,1,,server-2,0,1,1,1.307,5.732,1.735
least-connections-cache-on-warm100,110,2,6.5000,1.508,42.417,43.925,whale,dracula,1,,server-3,0,0,1,1.307,1.981,4.435
least-connections-cache-on-warm100,110,2,6.5091,2.485,1.381,3.866,he,the-portrait-of-a-lady-volume-1,1,,server-1,1,0,1,1.307,1.981,2.367
least-connections-cache-on-warm100,110,2,6.5182,2.073,26.433,28.506,horse,sense-and-sensibility,1,,server-2,0,1,1,0.642,1.981,2.367
least-connections-cache-on-warm100,110,2,6.5273,1.863,11.441,13.304,money,dubliners,1,,server-1,1,1,1,0.642,1.147,2.367
least-connections-cache-on-warm100,110,2,6.5364,10.807,17.042,27.849,death,a-journey-to-the-centre-of-the-earth,1,,server-2,1,2,1,0.427,1.147,2.367
least-connections-cache-on-warm100,110,2,6.5455,1.526,12.783,14.309,whale,the-first-men-in-the-moon,1,,server-3,0,2,1,2.044,1.147,8.256
least-connections-cache-on-warm100,110,2,6.5545,1.467,18.536,20.004,letter,walden-and-on-the-duty-of-civil-disobedience,1,,server-1,1,1,1,2.044,3.867,4.319
least-connections-cache-on-warm100,110,2,6.5636,1.369,16.215,17.583,you,agnes-grey,1,,server-3,1,1,1,1.114,3.867,4.726
least-connections-cache-on-warm100,110,2,6.5727,1.209,0.646,1.855,sea,the-picture-of-dorian-gray,1,,server-2,1,1,1,1.114,5.131,2.496
least-connections-cache-on-warm100,110,2,6.5818,1.221,14.508,15.729,money,silas-marner,1,,server-3,0,0,1,3.635,1.780,4.138
least-connections-cache-on-warm100,110,2,6.5909,1.573,0.679,2.252,horse,the-divine-comedy,1,,server-1,1,0,1,3.635,1.780,2.221
least-connections-cache-on-warm100,110,2,6.6000,1.168,0.665,1.833,night,the-adventures-of-ferdinand-count-fathom-complete,1,,server-2,0,1,0,1.306,1.780,3.670
least-connections-cache-on-warm100,110,2,6.6091,2.251,1.422,3.673,king,frankenstein-or-the-modern-prometheus-41445,1,,server-3,0,0,1,1.306,0.704,3.670
least-connections-cache-on-warm100,110,2,6.6182,5.178,2.761,7.939,horse,the-adventures-of-tom-sawyer-complete,1,,server-1,1,0,0,1.306,0.704,1.441
least-connections-cache-on-warm100,110,2,6.6273,6.242,29.053,35.294,death,washington-square,1,,server-2,1,1,0,0.884,0.704,1.441
least-connections-cache-on-warm100,110,2,6.6364,4.298,23.451,27.749,death,washington-square,1,,server-3,0,1,1,0.884,0.622,1.441
least-connections-cache-on-warm100,110,2,6.6455,4.290,0.673,4.963,she,the-adventures-of-sherlock-holmes,1,,server-1,1,1,1,0.884,0.622,0.956
least-connections-cache-on-warm100,110,2,6.6545,4.087,0.691,4.778,castle,grimms-fairy-tales,1,,server-1,1,1,1,0.444,0.622,0.956
least-connections-cache-on-warm100,110,2,6.6636,1.337,41.107,42.444,he,tess-of-the-d-urbervilles-a-pure-woman,1,,server-2,0,1,1,0.263,4.883,0.956
least-connections-cache-on-warm100,110,2,6.6727,2.638,32.842,35.479,you,life-on-the-mississippi,1,,server-3,0,1,1,0.263,2.593,4.182
least-connections-cache-on-warm100,110,2,6.6818,3.530,18.776,22.307,the,the-adventures-of-sherlock-holmes,1,,server-1,1,1,1,0.263,2.593,2.299
least-connections-cache-on-warm100,110,2,6.6909,14.779,0.670,15.449,she,the-age-of-innocence,1,,server-2,1,2,1,0.298,2.593,2.299
least-connections-cache-on-warm100,110,2,6.7000,8.782,13.580,22.362,heart,the-scarlet-letter-33,1,,server-3,1,2,2,0.298,2.593,2.299
least-connections-cache-on-warm100,110,2,6.7091,1.077,0.476,1.553,london,the-adventures-of-ferdinand-count-fathom-complete,1,,server-1,1,0,1,3.041,4.002,4.219
least-connections-cache-on-warm100,110,2,6.7182,1.227,16.582,17.810,house,the-secret-garden,1,,server-2,0,1,1,1.083,4.002,4.219
least-connections-cache-on-warm100,110,2,6.7273,1.440,14.796,16.236,he,black-beauty,1,,server-3,0,1,1,1.083,2.121,4.816
least-connections-cache-on-warm100,110,2,6.7364,1.250,11.023,12.272,was,the-first-men-in-the-moon,1,,server-1,1,0,1,1.083,3.948,2.543
least-connections-cache-on-warm100,110,2,6.7455,1.409,14.726,16.136,death,the-lost-world,1,,server-2,1,1,0,0.609,3.948,3.964
least-connections-cache-on-warm100,110,2,6.7545,1.071,0.608,1.679,house,northanger-abbey,1,,server-3,0,1,1,2.112,2.115,3.964
least-connections-cache-on-warm100,110,2,6.7636,0.940,0.563,1.503,he,the-warden,1,,server-1,1,0,0,2.112,3.666,1.408
least-connections-cache-on-warm100,110,2,6.7727,1.364,0.817,2.180,you,the-iliad-2199,1,,server-2,0,1,0,0.778,3.666,1.408
least-connections-cache-on-warm100,110,2,6.7818,2.506,1.869,4.374,heart,the-war-of-the-worlds,1,,server-3,0,0,1,0.778,1.342,1.408
least-connections-cache-on-warm100,110,2,6.7909,4.027,2.647,6.674,letter,the-song-of-the-lark,1,,server-1,1,0,0,0.778,1.342,0.756
least-connections-cache-on-warm100,110,2,6.8000,4.789,57.171,61.960,horse,the-moonstone,1,,server-2,0,1,0,0.661,1.342,0.756
least-connections-cache-on-warm100,110,2,6.8091,4.707,34.503,39.210,of,twenty-thousand-leagues-under-the-sea,1,,server-3,0,1,1,0.661,0.994,0.756
least-connections-cache-on-warm100,110,2,6.8182,4.663,3.311,7.974,night,the-house-of-mirth,1,,server-1,1,1,1,0.661,0.994,0.665
least-connections-cache-on-warm100,110,2,6.8273,2.868,22.502,25.370,money,leaves-of-grass,1,,server-1,1,1,1,0.719,0.994,0.665
least-connections-cache-on-warm100,110,2,6.8364,25.788,13.953,39.740,heart,the-secret-adversary,1,,server-2,1,2,1,0.483,0.994,0.665
least-connections-cache-on-warm100,110,2,6.8455,3.753,16.430,20.184,money,myths-and-legends-of-ancient-greece-and-rome,1,,server-3,1,2,2,0.483,0.994,0.665
least-connections-cache-on-warm100,110,2,6.8545,1.273,21.301,22.574,king,jude-the-obscure,1,,server-1,1,2,1,3.786,0.994,3.301
least-connections-cache-on-warm100,110,2,6.8636,12.608,19.139,31.747,he,grimms-fairy-tales,1,,server-2,1,2,1,1.995,9.608,3.301
least-connections-cache-on-warm100,110,2,6.8727,2.829,32.696,35.525,heart,the-iliad,1,,server-3,1,2,1,1.995,9.608,4.657
least-connections-cache-on-warm100,110,2,6.8818,1.354,13.217,14.571,death,the-war-of-the-worlds,1,,server-1,1,1,1,4.637,5.501,2.470
least-connections-cache-on-warm100,110,2,6.8909,5.126,11.255,16.381,horse,beyond-good-and-evil,1,,server-2,1,2,1,2.466,5.501,2.470
least-connections-cache-on-warm100,110,2,6.9000,1.135,26.290,27.425,castle,the-adventures-of-ferdinand-count-fathom-complete,1,,server-1,1,1,1,3.657,3.801,2.470
least-connections-cache-on-warm100,110,2,6.9091,1.151,12.979,14.130,london,the-secret-adversary,1,,server-2,1,1,0,1.941,4.179,6.756
least-connections-cache-on-warm100,110,2,6.9182,1.606,16.577,18.183,sea,myths-and-legends-of-ancient-greece-and-rome,1,,server-3,1,1,1,1.941,2.203,6.756
least-connections-cache-on-warm100,110,2,6.9273,1.615,15.453,17.068,death,persuasion,1,,server-2,1,1,1,6.736,3.431,3.563
least-connections-cache-on-warm100,110,2,6.9364,1.479,0.884,2.362,the,the-house-of-mirth,1,,server-1,1,1,1,5.413,1.819,4.869
least-connections-cache-on-warm100,110,2,6.9455,1.751,1.025,2.775,heart,the-song-of-the-lark,1,,server-2,0,1,0,1.935,3.585,4.869
least-connections-cache-on-warm100,110,2,6.9545,3.446,32.059,35.506,money,the-prince,1,,server-3,0,0,1,1.935,1.330,4.869
least-connections-cache-on-warm100,110,2,6.9636,5.908,24.694,30.602,and,the-adventures-of-tom-sawyer-complete,1,,server-1,1,0,1,1.935,1.330,2.688
least-connections-cache-on-warm100,110,2,6.9727,4.851,14.397,19.248,horse,the-hound-of-the-baskervilles,1,,server-2,1,1,1,1.313,1.330,2.688
least-connections-cache-on-warm100,110,2,6.9818,8.518,17.726,26.244,whale,persuasion,1,,server-3,1,1,2,1.313,0.941,2.688
least-connections-cache-on-warm100,110,2,6.9909,3.806,0.742,4.548,night,frankenstein-or-the-modern-prometheus-41445,1,,server-1,2,1,1,1.313,0.941,4.703
least-connections-cache-on-warm100,110,2,7.0000,1.332,31.890,33.222,london,a-tale-of-two-cities,1,,server-2,0,1,1,2.048,2.760,4.703
least-connections-cache-on-warm100,110,2,7.0091,2.439,1.203,3.642,letter,a-princess-of-mars,1,,server-3,0,1,1,2.048,1.481,5.732
least-connections-cache-on-warm100,110,2,7.0182,2.164,19.928,22.093,castle,anne-of-green-gables,1,,server-1,1,1,0,2.048,1.481,2.083
least-connections-cache-on-warm100,110,2,7.0273,0.936,20.643,21.579,whale,the-last-of-the-mohicans-a-narrative-of-1757-27681,1,,server-3,1,1,1,1.153,1.481,2.083
least-connections-cache-on-warm100,110,2,7.0364,1.483,13.857,15.340,the,treasure-island,1,,server-2,1,1,1,1.153,6.016,1.121
least-connections-cache-on-warm100,110,2,7.0455,1.275,25.268,26.543,heart,the-house-of-the-seven-gables,1,,server-1,1,1,1,3.865,3.227,1.121
least-connections-cache-on-warm100,110,2,7.0545,1.010,27.422,28.432,castle,the-last-of-the-mohicans-a-narrative-of-1757,1,,server-2,1,1,0,2.040,4.222,3.982
least-connections-cache-on-warm100,110,2,7.0636,2.035,11.382,13.417,he,the-mysterious-affair-at-styles,1,,server-3,1,1,1,2.040,2.211,3.982
least-connections-cache-on-warm100,110,2,7.0727,1.507,11.088,12.594,castle,his-last-bow,1,,server-1,1,1,1,5.296,2.211,2.159
least-connections-cache-on-warm100,110,2,7.0818,1.518,22.150,23.669,he,the-scarlet-letter,1,,server-3,1,1,1,2.775,2.211,3.116
least-connections-cache-on-warm100,110,2,7.0909,1.652,15.679,17.331,sea,kidnapped,1,,server-1,1,0,1,3.488,5.773,1.659
least-connections-cache-on-warm100,110,2,7.1000,1.635,31.584,33.219,money,the-moonstone,1,,server-2,1,1,1,1.878,5.773,1.659
least-connections-cache-on-warm100,110,2,7.1091,1.435,0.589,2.024,letter,the-works-of-edgar-allan-poe-volume-2,1,,server-3,0,1,1,3.641,3.068,4.555
least-connections-cache-on-warm100,110,2,7.1182,1.222,19.555,20.777,sea,the-secret-garden,1,,server-1,1,1,0,3.641,3.068,1.588
least-connections-cache-on-warm100,110,2,7.1273,1.044,11.084,12.129,and,poirot-investigates,1,,server-3,1,1,1,1.931,3.068,1.588
least-connections-cache-on-warm100,110,2,7.1364,1.552,0.789,2.341,whale,the-kama-sutra-of-vatsyayana,1,,server-2,1,1,1,1.931,6.956,0.869
least-connections-cache-on-warm100,110,2,7.1455,1.278,0.708,1.986,he,tess-of-the-d-urbervilles-a-pure-woman,1,,server-3,0,0,1,4.327,2.404,2.300
least-connections-cache-on-warm100,110,2,7.1545,2.725,1.954,4.679,horse,the-adventures-of-tom-sawyer-complete,1,,server-1,1,0,0,4.327,2.404,0.864
least-connections-cache-on-warm100,110,2,7.1636,5.385,44.514,49.899,she,great-expectations,1,,server-2,0,1,0,1.714,2.404,0.864
least-connections-cache-on-warm100,110,2,7.1727,4.987,4.081,9.068,he,villette,1,,server-3,0,1,1,1.714,1.602,0.864
least-connections-cache-on-warm100,110,2,7.1818,7.249,13.138,20.386,castle,herland,1,,server-1,1,1,1,1.714,1.602,0.974
least-connections-cache-on-warm100,110,2,7.1909,1.396,13.358,14.755,was,the-war-of-the-worlds,1,,server-3,1,1,1,1.146,1.602,0.974
least-connections-cache-on-warm100,110,2,7.2000,2.775,10.923,13.698,letter,the-war-of-the-worlds,1,,server-1,2,1,1,1.146,1.602,0.554
least-connections-cache-on-warm100,110,2,7.2091,1.407,28.621,30.029,she,life-on-the-mississippi,1,,server-3,1,1,1,1.825,1.602,2.400
least-connections-cache-on-warm100,110,2,7.2182,1.203,15.463,16.665,of,the-scarlet-letter-33,1,,server-1,1,0,1,2.838,7.634,1.289
least-connections-cache-on-warm100,110,2,7.2273,1.481,0.773,2.254,was,the-secret-garden,1,,server-2,1,1,1,1.510,7.634,1.289
least-connections-cache-on-warm100,110,2,7.2364,1.638,26.543,28.180,king,the-odyssey,1,,server-1,1,0,1,3.413,2.628,1.289
least-connections-cache-on-warm100,110,2,7.2455,1.369,25.236,26.605,money,sense-and-sensibility,1,,server-2,1,1,0,1.860,2.628,5.364
least-connections-cache-on-warm100,110,2,7.2545,1.768,0.617,2.385,sea,the-secret-adversary,1,,server-3,1,1,1,1.860,1.418,5.364
least-connections-cache-on-warm100,110,2,7.2636,1.055,28.559,29.614,horse,the-iliad,1,,server-3,1,1,1,1.860,1.418,1.881
least-connections-cache-on-warm100,110,2,7.2727,1.276,19.439,20.715,the,the-portrait-of-a-lady-volume-1,1,,server-1,1,0,1,5.363,4.902,1.018
least-connections-cache-on-warm100,110,2,7.2818,1.296,0.754,2.050,castle,pride-and-prejudice,1,,server-2,1,1,1,2.825,4.902,1.018
least-connections-cache-on-warm100,110,2,7.2909,1.122,15.841,16.963,whale,desert-gold,1,,server-2,1,1,1,2.825,1.757,1.018
least-connections-cache-on-warm100,110,2,7.3000,1.448,16.531,17.979,she,hard-times,1,,server-3,0,1,1,4.903,0.969,5.181
least-connections-cache-on-warm100,110,2,7.3091,1.284,19.273,20.556,was,the-adventures-of-sherlock-holmes,1,,server-1,1,0,1,4.903,3.114,2.755
least-connections-cache-on-warm100,110,2,7.3182,1.386,34.042,35.428,horse,the-mysterious-island,1,,server-2,1,1,1,2.576,3.114,4.376
least-connections-cache-on-warm100,110,2,7.3273,1.644,0.949,2.593,the,thus-spake-zarathustra-a-book-for-all-and-none,1,,server-3,1,1,1,2.576,1.654,4.376
least-connections-cache-on-warm100,110,2,7.3364,1.330,12.003,13.333,you,poirot-investigates,1,,server-1,1,1,0,4.709,1.654,1.586
least-connections-cache-on-warm100,110,2,7.3455,1.184,0.663,1.848,was,the-portrait-of-a-lady-volume-1,1,,server-3,1,1,1,2.485,1.654,1.586
least-connections-cache-on-warm100,110,2,7.3545,1.205,0.657,1.862,night,the-last-of-the-mohicans-a-narrative-of-1757-27681,1,,server-1,1,0,0,3.476,6.439,0.617
least-connections-cache-on-warm100,110,2,7.3636,1.353,33.968,35.321,and,the-tenant-of-wildfell-hall,1,,server-2,0,1,0,1.254,6.439,0.617
least-connections-cache-on-warm100,110,2,7.3727,2.053,21.596,23.649,money,thus-spake-zarathustra-a-book-for-all-and-none,1,,server-3,0,1,1,1.254,3.370,0.617
least-connections-cache-on-warm100,110,2,7.3818,1.471,18.578,20.049,london,myths-and-legends-of-ancient-greece-and-rome,1,,server-1,1,1,1,1.254,3.370,0.446
least-connections-cache-on-warm100,110,2,7.3909,8.748,0.699,9.447,and,the-portrait-of-a-lady-volume-1,1,,server-2,1,2,1,0.707,3.370,0.446
least-connections-cache-on-warm100,110,2,7.4000,1.049,11.691,12.740,of,poirot-investigates,1,,server-3,1,1,1,0.707,4.690,3.668
least-connections-cache-on-warm100,110,2,7.4091,1.201,16.430,17.631,and,the-warden,1,,server-1,1,0,1,3.361,3.089,1.943
least-connections-cache-on-warm100,110,2,7.4182,2.101,17.467,19.568,she,poirot-investigates,1,,server-2,1,1,0,1.793,3.089,3.073
least-connections-cache-on-warm100,110,2,7.4273,1.143,0.797,1.941,horse,around-the-world-in-eighty-days,1,,server-3,0,1,1,3.749,1.697,3.073
least-connections-cache-on-warm100,110,2,7.4364,2.176,45.651,47.827,castle,the-mysterious-island,1,,server-1,1,1,0,3.749,1.697,1.108
least-connections-cache-on-warm100,110,2,7.4455,4.399,2.960,7.359,she,washington-square,1,,server-2,1,1,0,2.012,3.767,1.108
least-connections-cache-on-warm100,110,2,7.4545,3.740,1.562,5.303,the,the-odyssey,1,,server-3,1,0,1,2.012,1.710,1.108
least-connections-cache-on-warm100,110,2,7.4636,1.535,32.207,33.743,house,little-women,1,,server-2,1,1,0,2.012,1.710,0.618
least-connections-cache-on-warm100,110,2,7.4727,1.297,23.288,24.585,heart,jude-the-obscure,1,,server-3,1,1,1,2.012,0.964,0.618
least-connections-cache-on-warm100,110,2,7.4818,2.639,0.916,3.554,death,the-war-of-the-worlds,1,,server-1,2,1,1,2.012,0.964,0.379
least-connections-cache-on-warm100,110,2,7.4909,0.962,23.546,24.508,letter,a-tale-of-two-cities,1,,server-1,1,1,1,3.608,0.964,0.379
least-connections-cache-on-warm100,110,2,7.5000,1.135,0.629,1.764,sea,the-secret-garden,1,,server-2,1,1,0,1.905,5.694,3.914
least-connections-cache-on-warm100,110,2,7.5091,1.091,0.710,1.801,you,the-warden,1,,server-3,1,0,1,1.905,1.969,3.914
least-connections-cache-on-warm100,110,2,7.5182,1.341,0.672,2.013,the,dracula,1,,server-1,1,0,0,4.954,1.969,1.400
least-connections-cache-on-warm100,110,2,7.5273,1.163,39.172,40.335,the,the-innocents-abroad,1,,server-2,0,1,0,1.725,1.969,1.400
least-connections-cache-on-warm100,110,2,7.5364,2.480,25.131,27.610,you,the-song-of-the-lark,1,,server-3,0,1,1,1.725,1.081,1.400
least-connections-cache-on-warm100,110,2,7.5455,1.366,20.255,21.621,you,the-return-of-sherlock-holmes-108,1,,server-1,1,1,1,1.725,1.081,0.864
least-connections-cache-on-warm100,110,2,7.5545,12.806,0.900,13.706,night,treasure-island,1,,server-2,1,2,1,0.963,1.081,0.864
least-connections-cache-on-warm100,110,2,7.5636,1.304,18.766,20.070,house,the-return-of-sherlock-holmes,1,,server-3,1,2,2,0.963,2.494,0.864
least-connections-cache-on-warm100,110,2,7.5727,1.416,32.582,33.997,heart,villette,1,,server-1,1,0,1,3.820,4.138,2.381
least-connections-cache-on-warm100,110,2,7.5818,1.338,25.604,26.943,and,the-iliad-2199,1,,server-2,1,1,1,2.019,4.138,2.381
least-connections-cache-on-warm100,110,2,7.5909,1.608,27.575,29.182,he,little-women,1,,server-3,1,1,1,2.019,2.188,4.431
least-connections-cache-on-warm100,110,2,7.6000,7.013,12.694,19.707,sea,frankenstein-or-the-modern-prometheus-41445,1,,server-1,2,1,1,2.019,2.188,2.357
least-connections-cache-on-warm100,110,2,7.6091,1.455,0.720,2.175,death,white-fang,1,,server-2,1,2,1,4.520,5.453,2.357
least-connections-cache-on-warm100,110,2,7.6182,1.268,33.325,34.593,letter,great-expectations,1,,server-2,1,1,1,4.520,1.896,2.357
least-connections-cache-on-warm100,110,2,7.6273,1.423,31.442,32.865,whale,the-house-of-mirth,1,,server-3,0,1,1,4.856,1.035,5.896
least-connections-cache-on-warm100,110,2,7.6364,1.359,0.743,2.102,love,a-tale-of-two-cities,1,,server-1,1,1,1,4.856,1.035,3.082
least-connections-cache-on-warm100,110,2,7.6455,1.083,21.222,22.305,night,a-connecticut-yankee-in-king-arthur-s-court,1,,server-1,1,1,1,1.709,1.035,3.082
least-connections-cache-on-warm100,110,2,7.6545,1.470,0.880,2.349,of,the-house-of-mirth,1,,server-2,1,1,1,0.926,5.934,3.082
least-connections-cache-on-warm100,110,2,7.6636,1.518,0.708,2.226,death,dracula,1,,server-3,1,0,1,0.926,2.064,6.957
least-connections-cache-on-warm100,110,2,7.6727,1.109,0.602,1.711,you,the-first-men-in-the-moon,1,,server-1,1,0,0,3.949,2.064,2.381
least-connections-cache-on-warm100,110,2,7.6818,2.752,2.021,4.773,of,silas-marner,1,,server-2,0,1,0,1.400,2.064,2.381
least-connections-cache-on-warm100,110,2,7.6909,3.823,2.261,6.084,castle,beyond-good-and-evil,1,,server-3,0,0,1,1.400,0.988,2.381
least-connections-cache-on-warm100,110,2,7.7000,4.593,28.854,33.448,she,the-jungle-book,1,,server-1,1,0,0,1.400,0.988,1.196
least-connections-cache-on-warm100,110,2,7.7091,4.937,33.791,38.729,and,the-house-of-mirth,1,,server-2,1,1,0,0.995,0.988,1.196
least-connections-cache-on-warm100,110,2,7.7182,5.009,13.763,18.773,sea,the-jungle-book,1,,server-3,1,1,1,0.995,0.817,1.196
least-connections-cache-on-warm100,110,2,7.7273,7.047,23.792,30.839,night,the-song-of-the-lark,1,,server-1,2,1,1,0.995,0.817,0.900
least-connections-cache-on-warm100,110,2,7.7364,12.012,31.196,43.207,of,little-women,1,,server-2,1,2,1,3.132,0.817,3.239
least-connections-cache-on-warm100,110,2,7.7455,1.165,0.540,1.706,night,washington-square,1,,server-3,1,2,1,3.132,0.817,2.600
least-connections-cache-on-warm100,110,2,7.7545,1.325,24.654,25.979,castle,emma,1,,server-3,1,1,1,3.132,4.111,0.948
least-connections-cache-on-warm100,110,2,7.7636,1.147,14.387,15.534,love,the-scarlet-letter,1,,server-1,1,1,1,5.778,4.111,0.548
least-connections-cache-on-warm100,110,2,7.7727,7.497,0.836,8.333,castle,the-jungle,1,,server-2,1,2,1,3.024,4.111,0.548
least-connections-cache-on-warm100,110,2,7.7818,1.235,23.250,24.485,she,desperate-remedies,1,,server-3,0,0,1,4.206,3.350,4.215
least-connections-cache-on-warm100,110,2,7.7909,1.459,0.915,2.374,and,white-fang,1,,server-1,1,0,1,4.206,3.350,2.218
least-connections-cache-on-warm100,110,2,7.8000,1.079,0.646,1.725,love,the-scarlet-letter,1,,server-2,0,1,1,1.482,3.350,2.218
least-connections-cache-on-warm100,110,2,7.8091,1.000,23.627,24.627,whale,kidnapped,1,,server-3,0,0,1,1.482,1.206,5.128
least-connections-cache-on-warm100,110,2,7.8182,2.057,22.586,24.643,money,memoirs-of-fanny-hill,1,,server-1,1,0,1,1.482,1.206,2.686
least-connections-cache-on-warm100,110,2,7.8273,2.031,0.947,2.979,house,the-last-of-the-mohicans-a-narrative-of-1757-27681,1,,server-2,1,1,1,0.876,1.206,2.686
least-connections-cache-on-warm100,110,2,7.8364,1.492,17.521,19.013,sea,the-warden,1,,server-3,1,0,1,0.876,0.554,5.432
least-connections-cache-on-warm100,110,2,7.8455,1.380,0.717,2.097,letter,the-scarlet-letter-33,1,,server-1,1,0,1,4.071,0.554,2.860
least-connections-cache-on-warm100,110,2,7.8545,1.064,24.000,25.064,house,the-hound-of-the-baskervilles,1,,server-2,0,1,1,1.464,0.554,2.860
least-connections-cache-on-warm100,110,2,7.8636,3.192,27.239,30.431,letter,the-american,1,,server-3,0,1,1,1.464,0.342,4.567
least-connections-cache-on-warm100,110,2,7.8727,2.614,18.985,21.599,heart,hard-times,1,,server-1,1,1,1,1.464,0.342,2.507
least-connections-cache-on-warm100,110,2,7.8818,1.810,0.960,2.770,you,agnes-grey,1,,server-2,1,1,1,0.819,4.004,2.507
least-connections-cache-on-warm100,110,2,7.8909,0.983,0.529,1.512,sea,the-house-of-the-seven-gables,1,,server-2,1,1,1,0.819,1.468,2.507
least-connections-cache-on-warm100,110,2,7.9000,1.048,0.506,1.555,sea,the-secret-garden-17396,1,,server-3,0,0,1,3.493,0.570,5.876
least-connections-cache-on-warm100,110,2,7.9091,1.628,32.026,33.654,sea,the-mystery-of-edwin-drood,1,,server-1,1,0,0,3.493,0.570,2.021
least-connections-cache-on-warm100,110,2,7.9182,4.612,35.563,40.175,sea,oliver-twist,1,,server-2,1,1,0,1.899,0.570,2.021
least-connections-cache-on-warm100,110,2,7.9273,3.980,28.329,32.308,whale,mary-barton,1,,server-3,1,1,1,1.899,0.529,2.021
least-connections-cache-on-warm100,110,2,7.9364,7.028,0.888,7.916,london,the-american,1,,server-1,2,1,1,1.899,0.529,1.242
least-connections-cache-on-warm100,110,2,7.9455,1.341,23.512,24.853,london,the-odyssey,1,,server-1,1,1,1,2.496,0.529,1.242
least-connections-cache-on-warm100,110,2,7.9545,4.416,20.046,24.463,she,sense-and-sensibility,1,,server-2,1,2,1,1.349,0.529,1.242
least-connections-cache-on-warm100,110,2,7.9636,1.376,13.107,14.483,of,frankenstein-or-the-modern-prometheus-41445,1,,server-3,1,1,1,1.349,3.414,5.198
least-connections-cache-on-warm100,110,2,7.9727,1.341,0.840,2.181,letter,silas-marner,1,,server-1,1,1,1,4.584,3.414,2.742
least-connections-cache-on-warm100,110,2,7.9818,1.426,16.866,18.292,whale,meditations,1,,server-2,0,1,0,1.659,5.338,3.810
least-connections-cache-on-warm100,110,2,7.9909,1.735,26.336,28.071,whale,the-memoirs-of-sherlock-holmes,1,,server-3,0,1,1,1.659,2.809,3.810
least-connections-cache-on-warm100,110,2,8.0000,1.121,18.026,19.147,you,treasure-island,1,,server-1,1,1,1,1.659,5.535,2.027
least-connections-cache-on-warm100,110,2,8.0091,2.511,24.200,26.711,sea,the-return-of-sherlock-holmes,1,,server-2,1,1,1,0.915,4.448,2.027
least-connections-cache-on-warm100,110,2,8.0182,1.990,23.571,25.560,death,the-iliad-2199,1,,server-3,1,1,2,0.915,2.395,2.027
least-connections-cache-on-warm100,110,2,8.0273,1.338,13.045,14.383,love,white-fang,1,,server-1,1,1,1,3.430,2.395,2.885
least-connections-cache-on-warm100,110,2,8.0364,1.376,0.703,2.078,love,the-prince,1,,server-2,1,1,1,1.809,5.317,2.885
least-connections-cache-on-warm100,110,2,8.0455,1.190,0.696,1.886,of,mansfield-park,1,,server-3,0,0,1,3.211,1.846,5.572
least-connections-cache-on-warm100,110,2,8.0545,1.878,42.358,44.237,sea,the-last-of-the-mohicans-a-narrative-of-1757,1,,server-1,1,0,0,3.211,1.846,1.933
least-connections-cache-on-warm100,110,2,8.0636,2.870,19.802,22.671,love,cranford,1,,server-2,1,1,0,1.738,1.846,1.933
least-connections-cache-on-warm100,110,2,8.0727,2.253,13.305,15.558,love,poirot-investigates,1,,server-3,1,1,1,1.738,1.136,1.933
least-connections-cache-on-warm100,110,2,8.0818,16.815,16.548,33.362,house,grimms-fairy-tales,1,,server-1,2,1,1,1.738,1.136,1.096
least-connections-cache-on-warm100,110,2,8.0909,1.388,19.606,20.994,and,grimms-fairy-tales,1,,server-2,2,1,0,1.738,3.754,2.754
least-connections-cache-on-warm100,110,2,8.1000,1.628,12.771,14.399,money,the-mysterious-affair-at-styles,1,,server-3,1,1,1,7.339,1.993,2.754
least-connections-cache-on-warm100,110,2,8.1091,6.401,12.706,19.107,you,a-princess-of-mars,1,,server-1,2,1,1,7.339,1.993,1.497
least-connections-cache-on-warm100,110,2,8.1182,1.452,0.750,2.202,sea,the-warden,1,,server-2,1,1,0,4.292,4.350,2.945
least-connections-cache-on-warm100,110,2,8.1273,1.420,11.540,12.960,money,the-wind-in-the-willows,1,,server-3,1,0,1,4.292,1.565,2.945
least-connections-cache-on-warm100,110,2,8.1364,1.125,0.581,1.706,death,the-iliad-2199,1,,server-1,1,0,1,4.732,1.565,1.584
least-connections-cache-on-warm100,110,2,8.1455,1.266,0.621,1.887,letter,great-expectations,1,,server-2,0,1,0,1.646,1.565,2.814
least-connections-cache-on-warm100,110,2,8.1545,1.206,0.646,1.852,was,the-mystery-of-edwin-drood,1,,server-3,0,0,1,1.646,0.612,2.814
least-connections-cache-on-warm100,110,2,8.1636,2.251,1.508,3.758,sea,hard-times,1,,server-1,1,0,0,1.646,0.612,1.034
least-connections-cache-on-warm100,110,2,8.1727,3.536,2.238,5.774,sea,hard-times,1,,server-2,0,1,0,0.815,0.612,1.034
least-connections-cache-on-warm100,110,2,8.1818,4.058,46.022,50.079,money,villette,1,,server-3,0,0,1,0.815,0.539,1.034
least-connections-cache-on-warm100,110,2,8.1909,4.659,30.806,35.464,king,thus-spake-zarathustra-a-book-for-all-and-none,1,,server-1,1,0,1,0.815,0.539,0.766
least-connections-cache-on-warm100,110,2,8.2000,2.644,21.183,23.827,was,anne-of-green-gables,1,,server-2,1,1,1,0.688,0.539,0.766
least-connections-cache-on-warm100,110,2,8.2091,23.634,0.555,24.189,was,the-last-of-the-mohicans-a-narrative-of-1757-27681,1,,server-3,1,1,2,0.688,0.412,0.766
least-connections-cache-on-warm100,110,2,8.2182,9.068,27.632,36.701,house,the-iliad-2199,1,,server-1,2,1,2,0.688,0.412,0.766
least-connections-cache-on-warm100,110,2,8.2273,1.371,0.510,1.881,castle,hard-times,1,,server-2,1,1,2,3.585,3.611,0.766
least-connections-cache-on-warm100,110,2,8.2364,1.255,0.471,1.726,castle,the-secret-garden-17396,1,,server-3,1,0,1,3.585,1.274,4.052
least-connections-cache-on-warm100,110,2,8.2455,2.163,0.881,3.044,sea,pride-and-prejudice,1,,server-2,1,1,0,3.585,1.274,1.429
least-connections-cache-on-warm100,110,2,8.2545,1.336,0.592,1.929,heart,little-women,1,,server-3,1,0,1,3.585,0.529,1.429
least-connections-cache-on-warm100,110,2,8.2636,1.817,0.951,2.768,of,the-first-men-in-the-moon,1,,server-1,1,0,0,6.652,0.529,0.559
least-connections-cache-on-warm100,110,2,8.2727,3.745,2.388,6.133,of,grimms-fairy-tales,1,,server-2,0,1,0,2.339,0.529,0.559
least-connections-cache-on-warm100,110,2,8.2818,4.923,2.565,7.488,whale,autobiography-of-benjamin-franklin,1,,server-3,0,0,1,2.339,0.549,0.559
least-connections-cache-on-warm100,110,2,8.2909,5.324,3.036,8.360,death,the-adventures-of-ferdinand-count-fathom-complete,1,,server-1,1,0,0,2.339,0.549,0.643
least-connections-cache-on-warm100,110,2,8.3000,5.825,26.634,32.459,of,the-warden,1,,server-2,1,1,0,1.209,0.549,0.643
least-connections-cache-on-warm100,110,2,8.3091,7.257,3.614,10.871,castle,the-song-of-the-lark,1,,server-3,0,1,1,1.209,0.552,0.643
least-connections-cache-on-warm100,110,2,8.3182,3.961,0.604,4.565,you,the-return-of-sherlock-holmes-108,1,,server-1,1,1,1,1.209,0.552,0.659
least-connections-cache-on-warm100,110,2,8.3273,0.937,49.227,50.165,sea,great-expectations,1,,server-3,0,1,1,0.555,0.552,0.765
least-connections-cache-on-warm100,110,2,8.3364,4.544,3.102,7.647,money,the-portrait-of-a-lady-volume-1,1,,server-1,1,0,1,0.555,4.374,0.455
least-connections-cache-on-warm100,110,2,8.3455,4.752,1.882,6.634,sea,little-women,1,,server-2,0,1,1,0.586,4.374,0.455
least-connections-cache-on-warm100,110,2,8.3545,1.898,12.979,14.877,king,herland,1,,server-1,1,0,1,0.586,1.736,0.455
least-connections-cache-on-warm100,110,2,8.3636,1.059,34.220,35.279,night,the-innocents-abroad,1,,server-2,1,1,1,0.377,1.736,0.455
least-connections-cache-on-warm100,110,2,8.3727,1.341,18.836,20.177,death,myths-and-legends-of-ancient-greece-and-rome,1,,server-1,1,1,1,2.242,0.944,0.455
least-connections-cache-on-warm100,110,2,8.3818,1.578,0.734,2.312,you,dubliners,1,,server-3,1,1,1,1.211,0.944,8.130
least-connections-cache-on-warm100,110,2,8.3909,1.347,25.102,26.449,sea,jude-the-obscure,1,,server-3,1,1,1,1.211,0.944,2.813
least-connections-cache-on-warm100,110,2,8.4000,1.549,16.011,17.559,was,the-secret-adversary,1,,server-1,1,0,1,3.725,6.028,1.515
least-connections-cache-on-warm100,110,2,8.4091,1.198,31.657,32.855,heart,north-and-south,1,,server-2,1,1,1,2.025,6.028,1.515
least-connections-cache-on-warm100,110,2,8.4182,1.440,0.644,2.083,heart,the-vicomte-de-bragelonne,1,,server-3,0,1,1,3.792,3.146,4.933
least-connections-cache-on-warm100,110,2,8.4273,1.149,26.675,27.823,you,oliver-twist,1,,server-1,1,1,0,3.792,3.146,1.717
least-connections-cache-on-warm100,110,2,8.4364,1.316,15.669,16.985,london,a-journey-to-the-centre-of-the-earth,1,,server-3,1,1,1,1.994,3.146,1.717
least-connections-cache-on-warm100,110,2,8.4455,1.473,0.658,2.131,was,the-jungle,1,,server-2,1,1,1,1.994,7.023,0.960
least-connections-cache-on-warm100,110,2,8.4545,1.377,0.559,1.937,money,silas-marner,1,,server-3,1,0,1,1.994,2.412,3.085
least-connections-cache-on-warm100,110,2,8.4636,1.309,0.708,2.018,and,persuasion,1,,server-1,1,0,0,5.513,2.412,1.099
least-connections-cache-on-warm100,110,2,8.4727,2.173,1.335,3.508,of,frankenstein-or-the-modern-prometheus-41445,1,,server-2,0,1,0,1.907,2.412,1.099
least-connections-cache-on-warm100,110,2,8.4818,4.496,2.552,7.048,money,the-last-of-the-mohicans-a-narrative-of-1757-27681,1,,server-3,0,0,1,1.907,1.003,1.099
least-connections-cache-on-warm100,110,2,8.4909,4.871,50.513,55.384,was,the-mysterious-island,1,,server-1,1,0,0,1.907,1.003,0.714
least-connections-cache-on-warm100,110,2,8.5000,5.206,32.972,38.178,letter,tess-of-the-d-urbervilles-a-pure-woman,1,,server-2,1,1,0,1.256,1.003,0.714
least-connections-cache-on-warm100,110,2,8.5091,4.532,16.565,21.097,death,meditations,1,,server-3,1,1,1,1.256,0.767,0.714
least-connections-cache-on-warm100,110,2,8.5182,28.959,15.558,44.517,death,desert-gold,1,,server-1,2,1,1,1.256,0.767,0.610
least-connections-cache-on-warm100,110,2,8.5273,11.482,33.046,44.528,death,the-romance-of-lust-a-classic-victorian-erotic-novel,1,,server-2,2,2,1,1.256,0.767,0.610
least-connections-cache-on-warm100,110,2,8.5364,1.404,27.890,29.294,letter,dracula,1,,server-3,2,2,1,1.256,0.767,2.844
least-connections-cache-on-warm100,110,2,8.5455,26.567,12.250,38.817,night,a-princess-of-mars,1,,server-2,2,2,1,1.256,4.392,1.538
least-connections-cache-on-warm100,110,2,8.5545,11.183,12.932,24.115,house,memoirs-of-fanny-hill,1,,server-3,1,2,2,7.695,4.392,1.538
least-connections-cache-on-warm100,110,2,8.5636,1.520,0.885,2.405,of,adventures-of-huckleberry-finn,1,,server-1,1,2,2,7.302,4.392,1.538
least-connections-cache-on-warm100,110,2,8.5727,1.322,17.900,19.223,she,silas-marner,1,,server-1,1,1,1,2.530,6.887,4.181
least-connections-cache-on-warm100,110,2,8.5818,1.229,0.607,1.836,she,the-hound-of-the-baskervilles,1,,server-3,1,1,1,1.358,6.887,4.666
least-connections-cache-on-warm100,110,2,8.5909,1.058,26.488,27.546,house,the-song-of-the-lark,1,,server-2,1,1,0,1.358,6.325,1.634
least-connections-cache-on-warm100,110,2,8.6000,2.143,0.677,2.820,and,beyond-good-and-evil,1,,server-3,0,1,1,3.694,3.304,1.634
least-connections-cache-on-warm100,110,2,8.6091,1.075,27.882,28.957,horse,the-tenant-of-wildfell-hall,1,,server-1,1,1,0,3.694,3.304,0.654
least-connections-cache-on-warm100,110,2,8.6182,1.126,0.542,1.668,of,the-romance-of-lust-a-classic-victorian-erotic-novel,1,,server-3,1,1,1,1.957,7.878,0.654
least-connections-cache-on-warm100,110,2,8.6273,1.119,0.580,1.699,the,the-tenant-of-wildfell-hall,1,,server-2,1,1,0,1.957,6.310,0.307
least-connections-cache-on-warm100,110,2,8.6364,1.026,17.454,18.480,heart,the-scarlet-letter,1,,server-3,1,0,1,1.957,2.172,0.307
least-connections-cache-on-warm100,110,2,8.6455,1.188,36.727,37.915,love,mary-barton,1,,server-1,1,0,1,5.697,2.172,0.214
least-connections-cache-on-warm100,110,2,8.6545,1.959,0.873,2.832,she,the-hound-of-the-baskervilles-3070,1,,server-2,1,1,1,2.979,2.172,2.864
least-connections-cache-on-warm100,110,2,8.6636,1.086,18.277,19.363,she,anne-of-green-gables,1,,server-3,1,0,1,2.979,0.871,2.864
least-connections-cache-on-warm100,110,2,8.6727,1.315,0.708,2.024,money,his-last-bow,1,,server-2,1,1,1,2.979,0.871,1.524
least-connections-cache-on-warm100,110,2,8.6818,1.294,0.817,2.111,letter,the-picture-of-dorian-gray,1,,server-2,1,1,1,2.979,0.399,1.524
least-connections-cache-on-warm100,110,2,8.6909,1.120,16.525,17.645,love,the-hound-of-the-baskervilles,1,,server-3,0,0,1,7.725,0.234,3.829
least-connections-cache-on-warm100,110,2,8.7000,3.296,35.110,38.406,house,jane-eyre-an-autobiography,1,,server-1,1,0,1,7.725,0.234,2.035
least-connections-cache-on-warm100,110,2,8.7091,1.105,25.387,26.492,horse,thus-spake-zarathustra-a-book-for-all-and-none,1,,server-2,1,1,0,4.113,0.234,3.857
least-connections-cache-on-warm100,110,2,8.7182,1.942,13.452,15.394,you,the-scarlet-letter-33,1,,server-3,1,1,1,4.113,0.187,3.857
least-connections-cache-on-warm100,110,2,8.7273,11.603,13.492,25.095,whale,memoirs-of-fanny-hill,1,,server-1,2,1,1,4.113,0.187,2.094
least-connections-cache-on-warm100,110,2,8.7364,1.192,24.465,25.657,night,jude-the-obscure,1,,server-2,2,1,0,4.113,4.128,3.389
least-connections-cache-on-warm100,110,2,8.7455,1.250,23.698,24.948,heart,far-from-the-madding-crowd,1,,server-3,1,1,1,5.766,2.180,3.389
least-connections-cache-on-warm100,110,2,8.7545,1.138,0.649,1.786,death,autobiography-of-benjamin-franklin,1,,server-1,1,1,1,5.801,2.180,1.807
least-connections-cache-on-warm100,110,2,8.7636,1.069,20.029,21.098,london,the-house-of-the-seven-gables,1,,server-2,0,1,1,2.006,5.287,1.807
least-connections-cache-on-warm100,110,2,8.7727,1.107,14.200,15.307,letter,the-scarlet-letter,1,,server-3,0,1,1,2.006,2.771,4.899
least-connections-cache-on-warm100,110,2,8.7818,1.375,0.667,2.043,and,poirot-investigates,1,,server-1,1,1,1,2.006,2.771,2.570
least-connections-cache-on-warm100,110,2,8.7909,1.192,0.669,1.860,house,hard-times,1,,server-2,0,1,0,0.775,4.937,3.910
least-connections-cache-on-warm100,110,2,8.8000,2.383,1.508,3.891,love,frankenstein-or-the-modern-prometheus-41445,1,,server-3,0,0,1,0.775,1.738,3.910
least-connections-cache-on-warm100,110,2,8.8091,4.608,40.723,45.331,horse,meditations,1,,server-1,1,0,0,0.775,1.738,1.519
least-connections-cache-on-warm100,110,2,8.8182,4.767,43.376,48.143,of,life-on-the-mississippi,1,,server-2,1,1,0,0.691,1.738,1.519
least-connections-cache-on-warm100,110,2,8.8273,4.371,2.843,7.214,was,black-beauty,1,,server-3,1,1,1,0.691,1.167,1.519
least-connections-cache-on-warm100,110,2,8.8364,5.934,2.792,8.726,she,the-great-gatsby,1,,server-3,1,1,1,0.691,1.167,1.031
least-connections-cache-on-warm100,110,2,8.8455,9.015,0.589,9.604,king,autobiography-of-benjamin-franklin,1,,server-1,2,1,1,0.691,1.167,0.791
least-connections-cache-on-warm100,110,2,8.8545,1.275,0.634,1.908,of,adventures-of-huckleberry-finn,1,,server-3,1,1,1,3.951,1.167,0.791
least-connections-cache-on-warm100,110,2,8.8636,0.993,0.485,1.478,sea,villette,1,,server-1,1,1,0,3.169,1.167,0.353
least-connections-cache-on-warm100,110,2,8.8727,0.995,0.510,1.504,of,little-women,1,,server-2,0,1,0,1.121,7.511,0.353
least-connections-cache-on-warm100,110,2,8.8818,1.544,1.091,2.635,death,the-hound-of-the-baskervilles-3070,1,,server-3,0,0,1,1.121,2.559,0.353
least-connections-cache-on-warm100,110,2,8.8909,4.816,3.139,7.955,letter,villette,1,,server-1,1,0,0,1.121,2.559,0.291
least-connections-cache-on-warm100,110,2,8.9000,5.382,22.934,28.316,castle,the-kama-sutra-of-vatsyayana,1,,server-2,0,1,0,0.837,2.559,0.291
least-connections-cache-on-warm100,110,2,8.9091,5.770,18.274,24.044,money,the-warden,1,,server-3,0,1,1,0.837,1.648,0.291
least-connections-cache-on-warm100,110,2,8.9182,4.573,0.704,5.277,of,life-on-the-mississippi,1,,server-1,1,1,1,0.837,1.648,0.449
least-connections-cache-on-warm100,110,2,8.9273,1.148,22.896,24.044,was,the-return-of-sherlock-holmes-108,1,,server-1,1,1,1,0.445,1.648,0.449
least-connections-cache-on-warm100,110,2,8.9364,1.724,1.230,2.954,money,life-on-the-mississippi,1,,server-2,1,1,0,0.279,4.533,2.963
least-connections-cache-on-warm100,110,2,8.9455,1.475,34.197,35.671,was,the-vicomte-de-bragelonne,1,,server-3,1,0,1,0.279,1.688,2.963
least-connections-cache-on-warm100,110,2,8.9545,1.298,25.387,26.686,death,the-jungle,1,,server-1,1,0,1,3.809,1.688,1.596
least-connections-cache-on-warm100,110,2,8.9636,1.319,0.623,1.942,night,the-great-gatsby,1,,server-2,1,1,1,2.013,1.688,1.596
least-connections-cache-on-warm100,110,2,8.9727,1.392,1.100,2.492,sea,the-mystery-of-edwin-drood,1,,server-2,1,1,1,2.013,0.656,1.596
least-connections-cache-on-warm100,110,2,8.9818,1.268,17.128,18.396,letter,hard-times,1,,server-3,0,0,1,5.278,0.313,6.437
least-connections-cache-on-warm100,110,2,8.9909,1.205,15.945,17.150,night,a-journey-to-the-centre-of-the-earth,1,,server-1,1,0,1,5.278,0.313,3.363
least-connections-cache-on-warm100,110,2,9.0000,1.165,10.231,11.396,london,the-mysterious-affair-at-styles,1,,server-2,1,1,1,2.775,0.313,5.993
least-connections-cache-on-warm100,110,2,9.0091,1.227,0.637,1.864,letter,mary-barton,1,,server-3,0,1,1,4.284,0.221,4.824
least-connections-cache-on-warm100,110,2,9.0182,1.729,1.059,2.787,of,the-kama-sutra-of-vatsyayana,1,,server-1,1,0,0,4.284,1.765,1.690
least-connections-cache-on-warm100,110,2,9.0273,3.751,41.011,44.762,king,desert-gold,1,,server-2,0,1,0,1.575,1.765,1.690
least-connections-cache-on-warm100,110,2,9.0364,5.374,30.861,36.235,king,silas-marner,1,,server-3,0,1,1,1.575,1.141,1.690
least-connections-cache-on-warm100,110,2,9.0455,4.219,31.876,36.095,of,wuthering-heights,1,,server-1,1,1,1,1.575,1.141,1.175
least-connections-cache-on-warm100,110,2,9.0545,17.828,34.436,52.264,horse,the-innocents-abroad,1,,server-2,1,2,1,1.005,1.141,1.175
least-connections-cache-on-warm100,110,2,9.0636,10.263,13.193,23.456,night,dubliners,1,,server-3,1,2,2,1.005,1.141,1.175
least-connections-cache-on-warm100,110,2,9.0727,9.453,14.837,24.290,london,meditations,1,,server-1,2,2,2,1.005,5.839,5.692
least-connections-cache-on-warm100,110,2,9.0818,24.801,23.563,48.364,was,walden-and-on-the-duty-of-civil-disobedience,1,,server-2,2,2,1,6.522,5.839,3.713
least-connections-cache-on-warm100,110,2,9.0909,1.374,12.457,13.831,death,dubliners,1,,server-3,1,2,1,4.230,5.839,4.428
least-connections-cache-on-warm100,110,2,9.1000,1.109,0.504,1.613,love,the-scarlet-letter,1,,server-1,1,2,1,5.001,5.839,2.336
least-connections-cache-on-warm100,110,2,9.1091,1.283,16.539,17.822,was,the-adventures-of-tom-sawyer-complete,1,,server-3,0,1,1,1.717,8.177,3.488
least-connections-cache-on-warm100,110,2,9.1182,1.320,0.642,1.962,death,the-king-in-yellow,1,,server-1,1,1,1,1.717,8.177,1.846
least-connections-cache-on-warm100,110,2,9.1273,1.439,0.839,2.279,was,the-last-of-the-mohicans-a-narrative-of-1757-27681,1,,server-3,0,1,1,0.667,8.177,3.775
least-connections-cache-on-warm100,110,2,9.1364,2.064,34.577,36.640,he,desperate-remedies,1,,server-1,1,0,0,0.667,8.966,1.371
least-connections-cache-on-warm100,110,2,9.1455,3.562,23.111,26.673,horse,the-return-of-sherlock-holmes-108,1,,server-2,1,1,0,0.463,8.966,1.371
least-connections-cache-on-warm100,110,2,9.1545,1.809,15.793,17.601,she,desert-gold,1,,server-3,1,1,1,0.463,4.796,1.371
least-connections-cache-on-warm100,110,2,9.1636,8.815,1.118,9.933,house,the-house-of-mirth,1,,server-1,2,1,1,0.463,4.796,0.795
least-connections-cache-on-warm100,110,2,9.1727,1.458,24.096,25.554,london,a-connecticut-yankee-in-king-arthur-s-court,1,,server-3,2,1,1,3.698,6.674,2.970
least-connections-cache-on-warm100,110,2,9.1818,1.301,19.046,20.348,you,a-connecticut-yankee-in-king-arthur-s-court,1,,server-1,1,0,1,2.496,6.674,1.582
least-connections-cache-on-warm100,110,2,9.1909,1.920,28.621,30.541,the,the-jungle,1,,server-2,1,1,1,1.329,6.674,1.582
least-connections-cache-on-warm100,110,2,9.2000,1.312,29.341,30.653,horse,jane-eyre-an-autobiography,1,,server-3,1,1,1,1.329,3.509,4.830
least-connections-cache-on-warm100,110,2,9.2091,1.470,0.598,2.068,london,silas-marner,1,,server-1,1,1,1,3.881,3.509,2.540
least-connections-cache-on-warm100,110,2,9.2182,1.573,1.002,2.575,heart,cranford,1,,server-1,1,1,1,1.385,3.509,2.540
least-connections-cache-on-warm100,110,2,9.2273,1.280,28.645,29.925,castle,jane-eyre-an-autobiography,1,,server-2,0,1,1,0.532,6.792,2.540
least-connections-cache-on-warm100,110,2,9.2364,1.321,0.608,1.929,night,meditations,1,,server-3,0,1,1,0.532,3.565,6.281
least-connections-cache-on-warm100,110,2,9.2455,1.053,0.566,1.619,whale,silas-marner,1,,server-1,1,1,0,0.532,3.565,2.159
least-connections-cache-on-warm100,110,2,9.2545,1.169,23.946,25.115,london,the-memoirs-of-sherlock-holmes,1,,server-3,0,1,1,0.277,3.565,2.159
least-connections-cache-on-warm100,110,2,9.2636,0.972,18.583,19.555,house,the-secret-garden-17396,1,,server-1,1,0,1,0.277,6.823,1.171
least-connections-cache-on-warm100,110,2,9.2727,1.970,24.721,26.691,you,the-adventures-of-sherlock-holmes,1,,server-2,1,1,1,0.189,6.823,1.171
least-connections-cache-on-warm100,110,2,9.2818,1.191,31.884,33.075,death,madame-bovary,1,,server-3,1,1,1,0.189,3.619,4.536
least-connections-cache-on-warm100,110,2,9.2909,2.105,15.471,17.576,castle,the-hound-of-the-baskervilles-3070,1,,server-1,1,1,1,3.050,3.619,2.393
least-connections-cache-on-warm100,110,2,9.3000,1.079,25.521,26.600,death,twenty-thousand-leagues-under-the-sea,1,,server-2,1,1,1,1.676,6.207,2.393
least-connections-cache-on-warm100,110,2,9.3091,1.847,0.961,2.808,you,meditations,1,,server-1,1,1,1,3.467,3.258,2.393
least-connections-cache-on-warm100,110,2,9.3182,1.400,0.870,2.270,king,washington-square,1,,server-3,0,1,1,1.298,3.258,6.605
least-connections-cache-on-warm100,110,2,9.3273,1.119,0.502,1.621,love,frankenstein-or-the-modern-prometheus-41445,1,,server-1,1,0,0,1.298,6.110,2.312
least-connections-cache-on-warm100,110,2,9.3364,2.012,1.723,3.735,love,the-secret-garden,1,,server-2,0,1,0,0.516,6.110,2.312
least-connections-cache-on-warm100,110,2,9.3455,3.545,55.298,58.843,money,anne-of-green-gables,1,,server-3,0,0,1,0.516,2.280,2.312
least-connections-cache-on-warm100,110,2,9.3545,5.039,3.225,8.264,money,the-adventures-of-sherlock-holmes,1,,server-1,1,0,1,0.516,2.280,1.454
least-connections-cache-on-warm100,110,2,9.3636,4.190,2.067,6.257,you,desperate-remedies,1,,server-2,0,1,1,0.620,2.280,1.454
least-connections-cache-on-warm100,110,2,9.3727,4.997,27.913,32.910,castle,meditations,1,,server-1,1,0,1,0.620,1.106,1.454
least-connections-cache-on-warm100,110,2,9.3818,2.900,1.735,4.636,horse,the-jungle,1,,server-2,1,1,1,0.581,1.106,1.454
least-connections-cache-on-warm100,110,2,9.3909,4.158,1.837,5.995,sea,the-lost-world,1,,server-2,1,1,1,0.581,0.605,1.454
least-connections-cache-on-warm100,110,2,9.4000,1.959,21.612,23.571,heart,the-works-of-edgar-allan-poe-volume-2,1,,server-2,1,1,1,0.581,0.503,1.454
least-connections-cache-on-warm100,110,2,9.4091,1.247,0.615,1.862,the,the-jungle,1,,server-3,0,1,1,4.685,0.368,9.650
least-connections-cache-on-warm100,110,2,9.4182,1.289,0.606,1.895,king,madame-bovary,1,,server-1,1,1,0,4.685,0.368,3.272
least-connections-cache-on-warm100,110,2,9.4273,1.215,0.654,1.869,was,the-wind-in-the-willows,1,,server-2,0,1,0,1.638,3.608,3.272
least-connections-cache-on-warm100,110,2,9.4364,2.245,21.061,23.306,money,the-war-of-the-worlds,1,,server-3,0,0,1,1.638,1.302,3.272
least-connections-cache-on-warm100,110,2,9.4455,3.754,1.654,5.408,king,white-fang,1,,server-1,1,0,1,1.638,1.302,1.783
least-connections-cache-on-warm100,110,2,9.4545,1.554,19.622,21.175,the,adventures-of-huckleberry-finn,1,,server-2,0,1,1,0.771,1.302,1.783
least-connections-cache-on-warm100,110,2,9.4636,2.087,31.889,33.975,of,great-expectations,1,,server-3,0,1,1,0.771,0.740,4.415
least-connections-cache-on-warm100,110,2,9.4727,1.381,21.347,22.727,letter,the-return-of-sherlock-holmes,1,,server-1,1,1,1,0.771,0.740,2.333
least-connections-cache-on-warm100,110,2,9.4818,1.620,0.776,2.396,letter,the-adventures-of-tom-sawyer-complete,1,,server-2,1,1,1,0.461,3.557,2.333
least-connections-cache-on-warm100,110,2,9.4909,1.459,11.316,12.775,sea,the-hound-of-the-baskervilles-3070,1,,server-2,1,1,1,0.461,1.311,2.333
least-connections-cache-on-warm100,110,2,9.5000,1.497,23.153,24.650,he,the-return-of-sherlock-holmes-108,1,,server-3,0,1,1,3.647,0.733,6.511
least-connections-cache-on-warm100,110,2,9.5091,1.396,17.199,18.595,love,around-the-world-in-eighty-days,1,,server-1,1,0,1,3.647,2.209,3.410
least-connections-cache-on-warm100,110,2,9.5182,1.943,11.925,13.868,was,the-hound-of-the-baskervilles,1,,server-2,1,1,1,1.933,2.209,3.410
least-connections-cache-on-warm100,110,2,9.5273,1.436,19.785,21.221,love,the-mystery-of-edwin-drood,1,,server-3,1,1,1,1.933,1.217,5.833
least-connections-cache-on-warm100,110,2,9.5364,1.745,18.483,20.227,king,the-scarlet-letter,1,,server-1,1,0,1,3.942,2.628,3.044
least-connections-cache-on-warm100,110,2,9.5455,1.220,0.780,2.000,heart,sense-and-sensibility,1,,server-2,1,1,1,2.120,2.628,3.044
least-connections-cache-on-warm100,110,2,9.5545,1.185,0.643,1.828,he,around-the-world-in-eighty-days,1,,server-3,1,0,1,2.120,0.984,5.084
least-connections-cache-on-warm100,110,2,9.5636,2.084,1.400,3.484,was,walden-and-on-the-duty-of-civil-disobedience,1,,server-1,1,0,0,4.276,0.984,1.766
least-connections-cache-on-warm100,110,2,9.5727,3.495,2.653,6.149,london,a-journey-to-the-centre-of-the-earth,1,,server-2,0,1,0,1.621,0.984,1.766
least-connections-cache-on-warm100,110,2,9.5818,5.698,3.358,9.055,love,the-secret-garden-17396,1,,server-3,0,0,1,1.621,0.677,1.766
least-connections-cache-on-warm100,110,2,9.5909,4.964,49.607,54.571,he,mary-barton,1,,server-1,1,0,1,1.621,0.677,1.022
least-connections-cache-on-warm100,110,2,9.6000,4.080,2.807,6.888,the,the-portrait-of-a-lady-volume-1,1,,server-2,1,1,0,1.097,0.677,1.022
least-connections-cache-on-warm100,110,2,9.6091,4.548,23.353,27.901,london,the-king-in-yellow,1,,server-3,1,0,1,1.097,0.643,1.022
least-connections-cache-on-warm100,110,2,9.6182,3.747,1.478,5.225,love,his-last-bow,1,,server-2,1,1,1,1.097,0.643,0.813
least-connections-cache-on-warm100,110,2,9.6273,1.423,0.839,2.262,castle,walden-and-on-the-duty-of-civil-disobedience,1,,server-2,1,1,1,1.097,0.466,0.813
least-connections-cache-on-warm100,110,2,9.6364,0.794,0.376,1.170,sea,hard-times,1,,server-2,1,1,1,1.097,0.269,0.813
least-connections-cache-on-warm100,110,2,9.6455,1.000,16.370,17.370,whale,northanger-abbey,1,,server-3,1,0,1,1.097,0.141,4.115
least-connections-cache-on-warm100,110,2,9.6545,1.430,14.980,16.410,heart,beyond-good-and-evil,1,,server-1,1,0,1,8.552,0.141,2.162
least-connections-cache-on-warm100,110,2,9.6636,1.101,32.208,33.309,of,leaves-of-grass,1,,server-2,1,1,0,4.481,0.141,3.959
least-connections-cache-on-warm100,110,2,9.6727,2.508,1.602,4.111,death,the-iliad-2199,1,,server-3,0,1,1,5.227,0.135,3.959
least-connections-cache-on-warm100,110,2,9.6818,2.174,19.596,21.769,she,the-scarlet-letter,1,,server-1,1,1,0,5.227,0.135,1.547
least-connections-cache-on-warm100,110,2,9.6909,1.418,16.833,18.251,whale,the-king-in-yellow,1,,server-3,1,1,1,2.818,0.135,1.547
least-connections-cache-on-warm100,110,2,9.7000,1.230,32.173,33.403,sea,the-adventures-of-ferdinand-count-fathom-complete,1,,server-2,1,1,1,2.818,5.206,0.890
least-connections-cache-on-warm100,110,2,9.7091,2.084,0.847,2.932,castle,jude-the-obscure,1,,server-1,1,1,1,4.886,2.753,3.234
least-connections-cache-on-warm100,110,2,9.7182,1.890,17.438,19.327,was,desert-gold,1,,server-3,0,1,1,1.739,2.753,3.234
least-connections-cache-on-warm100,110,2,9.7273,1.337,19.646,20.983,of,the-return-of-sherlock-holmes,1,,server-1,1,1,1,1.739,2.753,1.755
least-connections-cache-on-warm100,110,2,9.7364,1.339,24.044,25.383,heart,the-house-of-mirth,1,,server-2,1,1,1,0.948,6.857,1.755
least-connections-cache-on-warm100,110,2,9.7455,1.530,0.633,2.163,london,hard-times,1,,server-3,1,1,1,0.948,3.582,3.839
least-connections-cache-on-warm100,110,2,9.7545,1.775,0.806,2.581,and,the-scarlet-letter-33,1,,server-1,1,1,0,3.725,3.582,1.363
least-connections-cache-on-warm100,110,2,9.7636,1.408,18.943,20.351,king,the-prince,1,,server-2,0,1,0,1.359,6.090,1.363
least-connections-cache-on-warm100,110,2,9.7727,2.190,20.964,23.154,castle,the-works-of-edgar-allan-poe-volume-2,1,,server-3,0,1,1,1.359,3.180,1.363
least-connections-cache-on-warm100,110,2,9.7818,2.882,22.650,25.532,and,a-tale-of-two-cities,1,,server-1,1,1,1,1.359,3.180,0.794
least-connections-cache-on-warm100,110,2,9.7909,1.390,0.915,2.306,the,the-first-men-in-the-moon,1,,server-2,1,1,1,0.844,5.009,0.794
least-connections-cache-on-warm100,110,2,9.8000,1.538,0.753,2.291,house,north-and-south,1,,server-3,1,0,1,0.844,1.777,3.808
least-connections-cache-on-warm100,110,2,9.8091,1.233,28.361,29.594,king,the-last-of-the-mohicans-a-narrative-of-1757-27681,1,,server-1,1,0,0,4.107,1.777,1.399
least-connections-cache-on-warm100,110,2,9.8182,1.988,1.207,3.195,he,the-return-of-sherlock-holmes-108,1,,server-2,1,1,0,2.178,1.777,1.399
least-connections-cache-on-warm100,110,2,9.8273,2.086,19.037,21.123,love,myths-and-legends-of-ancient-greece-and-rome,1,,server-3,1,0,1,2.178,0.765,1.399
least-connections-cache-on-warm100,110,2,9.8364,1.147,0.667,1.814,and,the-iliad-2199,1,,server-2,1,1,1,2.178,0.765,0.827
least-connections-cache-on-warm100,110,2,9.8455,1.226,23.731,24.958,love,grimms-fairy-tales,1,,server-1,1,0,1,5.890,0.349,0.827
least-connections-cache-on-warm100,110,2,9.8545,2.340,23.202,25.542,death,a-tale-of-two-cities,1,,server-2,1,1,0,3.096,0.349,3.503
least-connections-cache-on-warm100,110,2,9.8636,1.295,15.914,17.209,the,northanger-abbey,1,,server-3,1,1,1,3.096,0.313,3.503
least-connections-cache-on-warm100,110,2,9.8727,1.078,21.386,22.464,whale,adventures-of-huckleberry-finn,1,,server-1,1,1,1,5.708,0.313,1.852
least-connections-cache-on-warm100,110,2,9.8818,1.271,0.687,1.958,you,villette,1,,server-2,1,1,0,2.988,3.843,3.670
least-connections-cache-on-warm100,110,2,9.8909,1.373,0.798,2.170,you,the-jungle,1,,server-3,1,0,1,2.988,1.386,3.670
least-connections-cache-on-warm100,110,2,9.9000,0.889,21.147,22.036,you,the-mystery-of-edwin-drood,1,,server-1,1,0,0,5.302,1.386,1.310
least-connections-cache-on-warm100,110,2,9.9091,1.535,0.926,2.461,horse,the-secret-adversary,1,,server-2,1,1,0,2.773,1.386,1.310
least-connections-cache-on-warm100,110,2,9.9182,1.166,0.626,1.792,house,adventures-of-huckleberry-finn,1,,server-3,1,0,1,2.773,0.605,1.310
least-connections-cache-on-warm100,110,2,9.9273,1.159,25.929,27.088,money,hard-times,1,,server-1,1,0,0,5.127,0.605,0.555
least-connections-cache-on-warm100,110,2,9.9364,1.117,0.568,1.685,money,great-expectations,1,,server-2,1,1,0,2.695,0.605,0.555
least-connections-cache-on-warm100,110,2,9.9455,1.527,20.763,22.290,of,the-portrait-of-a-lady-volume-1,1,,server-3,1,0,1,2.695,0.299,0.555
least-connections-cache-on-warm100,110,2,9.9545,1.081,13.382,14.463,and,the-king-in-yellow,1,,server-2,1,1,1,5.857,0.299,0.379
least-connections-cache-on-warm100,110,2,9.9636,1.596,0.751,2.347,horse,the-house-of-the-seven-gables,1,,server-1,1,1,1,5.857,0.214,0.379
least-connections-cache-on-warm100,110,2,9.9727,1.258,17.626,18.884,horse,frankenstein-or-the-modern-prometheus,1,,server-2,0,1,0,2.033,2.264,3.502
least-connections-cache-on-warm100,110,2,9.9818,1.663,0.740,2.403,king,madame-bovary,1,,server-3,0,1,1,2.033,1.215,3.502
least-connections-cache-on-warm100,110,2,9.9909,1.029,0.633,1.662,letter,the-vicomte-de-bragelonne,1,,server-1,1,1,0,2.033,1.215,1.249
least-connections-cache-on-warm100,110,2,10.0000,4.437,33.828,38.265,castle,white-fang,1,,server-2,0,1,0,0.764,3.551,1.249
least-connections-cache-on-warm100,110,2,10.0091,6.379,5.080,11.459,the,the-moonstone,1,,server-3,0,1,1,0.764,2.064,1.249
least-connections-cache-on-warm100,110,2,10.0182,2.709,2.188,4.898,money,the-last-of-the-mohicans-a-narrative-of-1757-27681,1,,server-1,1,1,1,0.764,2.064,0.967
least-connections-cache-on-warm100,110,2,10.0273,2.932,1.286,4.218,and,the-kama-sutra-of-vatsyayana,1,,server-3,0,1,1,0.534,2.064,0.904
least-connections-cache-on-warm100,110,2,10.0364,1.288,1.045,2.333,letter,dracula,1,,server-1,1,1,0,0.534,2.064,0.509
least-connections-cache-on-warm100,110,2,10.0455,1.480,38.490,39.970,house,a-tale-of-two-cities,1,,server-2,0,1,0,0.281,6.504,0.509
least-connections-cache-on-warm100,110,2,10.0545,3.551,2.342,5.893,london,the-first-men-in-the-moon,1,,server-3,0,1,1,0.281,3.424,0.509
least-connections-cache-on-warm100,110,2,10.0636,3.231,33.746,36.977,he,great-expectations,1,,server-1,1,1,0,0.281,3.424,0.535
least-connections-cache-on-warm100,110,2,10.0727,1.493,0.702,2.194,whale,autobiography-of-benjamin-franklin,1,,server-3,1,1,1,0.326,3.424,0.535
least-connections-cache-on-warm100,110,2,10.0818,0.951,0.536,1.487,and,life-on-the-mississippi,1,,server-3,1,1,1,0.326,3.424,0.289
least-connections-cache-on-warm100,110,2,10.0909,1.188,0.598,1.786,horse,the-king-in-yellow,1,,server-2,1,1,0,0.326,8.321,0.174
least-connections-cache-on-warm100,110,2,10.1000,1.139,9.585,10.724,he,beyond-good-and-evil,1,,server-3,1,0,1,0.326,2.832,0.174
least-connections-cache-on-warm100,110,2,10.1091,1.184,0.782,1.965,night,villette,1,,server-1,1,0,1,5.495,2.832,0.133
least-connections-cache-on-warm100,110,2,10.1182,1.983,31.409,33.391,money,madame-bovary,1,,server-2,0,1,0,1.925,2.832,1.588
least-connections-cache-on-warm100,110,2,10.1273,4.350,1.806,6.157,letter,the-american,1,,server-3,0,1,1,1.925,1.575,1.588
least-connections-cache-on-warm100,110,2,10.1364,2.426,0.971,3.397,he,the-first-men-in-the-moon,1,,server-1,1,1,0,1.925,1.575,0.800
least-connections-cache-on-warm100,110,2,10.1455,1.234,13.002,14.236,heart,treasure-island,1,,server-3,0,1,1,0.793,1.575,0.800
least-connections-cache-on-warm100,110,2,10.1545,1.531,0.633,2.164,you,the-adventures-of-ferdinand-count-fathom-complete,1,,server-1,1,0,1,0.793,5.920,0.469
least-connections-cache-on-warm100,110,2,10.1636,1.344,12.024,13.368,of,herland,1,,server-2,0,1,0,0.373,5.920,2.335
least-connections-cache-on-warm100,110,2,10.1727,1.892,1.020,2.913,london,cranford,1,,server-3,0,1,1,0.373,3.101,2.335
least-connections-cache-on-warm100,110,2,10.1818,1.857,1.248,3.106,the,the-vicomte-de-bragelonne,1,,server-1,1,0,0,0.373,3.853,0.930
least-connections-cache-on-warm100,110,2,10.1909,2.480,17.227,19.707,night,myths-and-legends-of-ancient-greece-and-rome,1,,server-2,0,1,0,0.313,3.853,0.930
least-connections-cache-on-warm100,110,2,10.2000,1.821,0.769,2.590,and,the-iliad-2199,1,,server-3,0,1,1,0.313,2.079,0.930
least-connections-cache-on-warm100,110,2,10.2091,1.367,18.601,19.969,horse,madame-bovary,1,,server-1,1,1,0,0.313,2.079,0.423
least-connections-cache-on-warm100,110,2,10.2182,1.302,0.654,1.956,he,black-beauty,1,,server-2,1,1,0,0.243,3.995,0.423
least-connections-cache-on-warm100,110,2,10.2273,1.138,25.836,26.973,money,tess-of-the-d-urbervilles-a-pure-woman,1,,server-3,1,0,1,0.243,1.414,0.423
least-connections-cache-on-warm100,110,2,10.2364,1.332,25.888,27.220,was,life-on-the-mississippi,1,,server-1,1,0,1,3.076,1.414,0.275
least-connections-cache-on-warm100,110,2,10.2455,1.275,0.727,2.002,night,a-journey-to-the-centre-of-the-earth,1,,server-2,1,1,1,1.637,1.414,0.275
least-connections-cache-on-warm100,110,2,10.2545,1.430,15.257,16.687,love,frankenstein-or-the-modern-prometheus,1,,server-2,1,1,1,1.637,0.584,4.281
least-connections-cache-on-warm100,110,2,10.2636,1.229,0.605,1.835,heart,the-moonstone,1,,server-3,1,1,1,5.129,0.359,4.281
least-connections-cache-on-warm100,110,2,10.2727,1.092,24.734,25.826,money,mansfield-park,1,,server-1,1,0,0,5.129,2.598,1.510
least-connections-cache-on-warm100,110,2,10.2818,1.123,0.639,1.762,and,oliver-twist,1,,server-2,1,1,0,2.688,2.598,1.510
least-connections-cache-on-warm100,110,2,10.2909,1.000,17.809,18.808,death,a-connecticut-yankee-in-king-arthur-s-court,1,,server-3,1,0,1,2.688,0.958,1.510
least-connections-cache-on-warm100,110,2,10.3000,1.003,11.540,12.543,horse,silas-marner,1,,server-1,1,0,1,5.633,0.958,0.843
least-connections-cache-on-warm100,110,2,10.3091,1.487,17.059,18.546,night,the-king-in-yellow,1,,server-2,1,1,1,2.943,0.958,0.843
least-connections-cache-on-warm100,110,2,10.3182,3.983,25.571,29.554,he,jude-the-obscure,1,,server-3,0,1,1,3.726,0.610,3.340
least-connections-cache-on-warm100,110,2,10.3273,1.340,25.283,26.624,sea,life-on-the-mississippi,1,,server-1,1,1,1,3.726,0.610,1.814
least-connections-cache-on-warm100,110,2,10.3364,1.070,15.206,16.276,love,a-journey-to-the-centre-of-the-earth,1,,server-2,1,1,1,1.972,3.065,1.814
least-connections-cache-on-warm100,110,2,10.3455,2.799,9.224,12.024,you,herland,1,,server-3,1,1,2,1.972,1.625,1.814
least-connections-cache-on-warm100,110,2,10.3545,1.304,0.800,2.104,the,the-adventures-of-sherlock-holmes,1,,server-1,1,0,1,5.254,3.440,2.866
least-connections-cache-on-warm100,110,2,10.3636,1.341,0.779,2.120,heart,the-divine-comedy,1,,server-2,0,1,0,1.836,3.440,3.252
least-connections-cache-on-warm100,110,2,10.3727,2.349,1.650,3.999,heart,north-and-south,1,,server-3,0,0,1,1.836,1.259,3.252
least-connections-cache-on-warm100,110,2,10.3818,4.172,2.847,7.019,letter,the-american,1,,server-1,1,0,0,1.836,1.259,1.321
least-connections-cache-on-warm100,110,2,10.3909,4.449,2.822,7.271,money,dubliners,1,,server-2,0,1,0,1.075,1.259,1.321
least-connections-cache-on-warm100,110,2,10.4000,4.617,44.988,49.606,night,hard-times,1,,server-3,0,0,1,1.075,0.860,1.321
least-connections-cache-on-warm100,110,2,10.4091,4.508,2.715,7.223,night,washington-square,1,,server-1,1,0,1,1.075,0.860,0.972
least-connections-cache-on-warm100,110,2,10.4182,5.663,2.435,8.098,was,the-moonstone,1,,server-2,0,1,1,0.770,0.860,0.972
least-connections-cache-on-warm100,110,2,10.4273,3.499,27.693,31.191,heart,mansfield-park,1,,server-1,1,0,1,0.770,0.670,0.972
least-connections-cache-on-warm100,110,2,10.4364,1.079,10.812,11.891,castle,poirot-investigates,1,,server-2,1,1,1,0.526,0.670,0.972
least-connections-cache-on-warm100,110,2,10.4455,4.610,8.159,12.769,the,the-prince,1,,server-3,1,1,2,0.526,0.399,0.972
least-connections-cache-on-warm100,110,2,10.4545,1.233,26.593,27.826,money,the-odyssey,1,,server-2,1,1,1,0.526,1.936,5.140
least-connections-cache-on-warm100,110,2,10.4636,1.446,34.008,35.455,she,jane-eyre-an-autobiography,1,,server-3,0,1,1,4.635,1.053,4.538
least-connections-cache-on-warm100,110,2,10.4727,1.918,20.632,22.550,house,the-divine-comedy,1,,server-1,1,1,1,4.635,1.053,2.398
least-connections-cache-on-warm100,110,2,10.4818,1.807,0.987,2.795,horse,northanger-abbey,1,,server-2,1,2,1,2.478,6.093,2.398
least-connections-cache-on-warm100,110,2,10.4909,1.154,0.735,1.889,house,the-iliad-2199,1,,server-2,1,1,1,2.478,1.720,2.398
least-connections-cache-on-warm100,110,2,10.5000,1.447,26.410,27.857,heart,emma,1,,server-3,0,0,1,4.829,0.674,6.947
least-connections-cache-on-warm100,110,2,10.5091,1.378,0.734,2.112,love,the-secret-garden-17396,1,,server-1,1,0,1,4.829,0.674,3.621
least-connections-cache-on-warm100,110,2,10.5182,1.662,13.312,14.973,house,persuasion,1,,server-2,0,1,1,1.695,0.674,3.621
least-connections-cache-on-warm100,110,2,10.5273,1.657,19.705,21.362,king,grimms-fairy-tales,1,,server-1,1,1,1,1.695,0.418,3.621
least-connections-cache-on-warm100,110,2,10.5364,1.375,0.765,2.140,night,hard-times,1,,server-2,1,1,0,0.945,2.337,6.521
least-connections-cache-on-warm100,110,2,10.5455,1.443,36.583,38.026,he,the-iliad,1,,server-3,1,0,1,0.945,0.876,6.521
least-connections-cache-on-warm100,110,2,10.5545,1.629,33.118,34.748,whale,the-tenant-of-wildfell-hall,1,,server-1,1,0,1,3.705,0.876,3.419
least-connections-cache-on-warm100,110,2,10.5636,2.710,12.442,15.152,the,agnes-grey,1,,server-2,1,1,1,1.970,0.876,3.419
least-connections-cache-on-warm100,110,2,10.5727,10.470,1.354,11.824,london,the-adventures-of-ferdinand-count-fathom-complete,1,,server-3,1,1,2,1.970,0.549,3.419
least-connections-cache-on-warm100,110,2,10.5818,1.201,20.915,22.116,he,leaves-of-grass,1,,server-2,1,1,2,1.970,2.246,3.882
least-connections-cache-on-warm100,110,2,10.5909,1.219,0.614,1.834,she,life-on-the-mississippi,1,,server-3,0,1,1,6.510,1.213,4.360
least-connections-cache-on-warm100,110,2,10.6000,1.084,0.767,1.850,london,a-tale-of-two-cities,1,,server-1,1,1,0,6.510,1.213,1.535
least-connections-cache-on-warm100,110,2,10.6091,1.035,0.674,1.709,house,the-house-of-the-seven-gables,1,,server-2,0,1,0,2.264,4.091,1.535
least-connections-cache-on-warm100,110,2,10.6182,1.853,1.120,2.973,of,treasure-island,1,,server-3,0,0,1,2.264,1.447,1.535
least-connections-cache-on-warm100,110,2,10.6273,3.083,2.171,5.253,horse,the-divine-comedy,1,,server-1,1,0,0,2.264,1.447,0.691
least-connections-cache-on-warm100,110,2,10.6364,4.115,2.203,6.318,heart,pride-and-prejudice,1,,server-2,0,1,0,1.116,1.447,0.691
least-connections-cache-on-warm100,110,2,10.6455,3.872,2.362,6.234,love,treasure-island,1,,server-3,0,0,1,1.116,0.856,0.691
least-connections-cache-on-warm100,110,2,10.6545,4.364,37.981,42.344,was,wuthering-heights,1,,server-1,1,0,0,1.116,0.856,0.688
least-connections-cache-on-warm100,110,2,10.6636,4.321,39.203,43.524,was,jane-eyre-an-autobiography,1,,server-2,1,1,0,0.858,0.856,0.688
least-connections-cache-on-warm100,110,2,10.6727,4.782,2.872,7.654,he,leaves-of-grass,1,,server-3,1,1,1,0.858,0.705,0.688
least-connections-cache-on-warm100,110,2,10.6818,2.776,0.920,3.696,the,tess-of-the-d-urbervilles-a-pure-woman,1,,server-3,1,1,1,0.858,0.705,0.749
least-connections-cache-on-warm100,110,2,10.6909,0.950,19.331,20.281,was,the-age-of-innocence,1,,server-3,1,1,1,0.858,0.705,0.430
least-connections-cache-on-warm100,110,2,10.7000,1.887,1.322,3.208,death,washington-square,1,,server-1,1,1,1,6.493,0.705,0.274
least-connections-cache-on-warm100,110,2,10.7091,1.667,0.955,2.622,night,jude-the-obscure,1,,server-2,0,1,1,2.351,6.571,0.274
least-connections-cache-on-warm100,110,2,10.7182,1.265,29.425,30.690,love,madame-bovary,1,,server-3,0,0,1,2.351,2.294,3.253
least-connections-cache-on-warm100,110,2,10.7273,1.911,18.956,20.868,was,silas-marner,1,,server-1,1,0,1,2.351,2.294,1.727
least-connections-cache-on-warm100,110,2,10.7364,1.882,1.050,2.932,sea,a-tale-of-two-cities,1,,server-2,1,1,1,1.324,2.294,1.727
least-connections-cache-on-warm100,110,2,10.7455,1.204,0.681,1.885,the,the-house-of-mirth,1,,server-2,1,1,1,1.324,0.912,1.727
least-connections-cache-on-warm100,110,2,10.7545,1.143,27.723,28.866,of,the-song-of-the-lark,1,,server-3,0,0,1,3.808,0.403,5.779
least-connections-cache-on-warm100,110,2,10.7636,1.846,29.378,31.224,of,jane-eyre-an-autobiography,1,,server-1,1,0,1,3.808,0.403,3.017
least-connections-cache-on-warm100,110,2,10.7727,1.440,0.843,2.283,king,the-adventures-of-ferdinand-count-fathom-complete,1,,server-2,1,1,1,2.064,0.403,3.017
least-connections-cache-on-warm100,110,2,10.7818,1.146,0.658,1.804,was,silas-marner,1,,server-2,1,1,1,2.064,0.239,3.017
least-connections-cache-on-warm100,110,2,10.7909,1.143,16.109,17.252,heart,anne-of-green-gables,1,,server-3,1,0,1,2.064,0.176,6.321
least-connections-cache-on-warm100,110,2,10.8000,1.413,19.294,20.707,love,adventures-of-huckleberry-finn,1,,server-1,1,0,1,5.964,0.176,3.299
least-connections-cache-on-warm100,110,2,10.8091,1.035,0.589,1.624,was,the-return-of-sherlock-holmes-108,1,,server-2,1,1,0,3.143,0.176,4.652
least-connections-cache-on-warm100,110,2,10.8182,1.049,22.795,23.844,and,hard-times,1,,server-3,1,0,1,3.143,0.159,4.652
least-connections-cache-on-warm100,110,2,10.8273,1.188,0.590,1.778,horse,herland,1,,server-1,1,0,1,5.049,0.159,2.444
least-connections-cache-on-warm100,110,2,10.8364,1.744,0.942,2.687,the,tess-of-the-d-urbervilles-a-pure-woman,1,,server-2,0,1,1,1.771,0.159,2.444
least-connections-cache-on-warm100,110,2,10.8455,1.321,37.593,38.914,night,jane-eyre-an-autobiography,1,,server-3,0,0,1,1.771,0.199,5.176
least-connections-cache-on-warm100,110,2,10.8545,2.840,2.630,5.471,heart,far-from-the-madding-crowd,1,,server-1,1,0,1,1.771,0.199,2.729
least-connections-cache-on-warm100,110,2,10.8636,1.143,27.379,28.522,you,the-american,1,,server-2,0,1,1,0.981,0.199,2.729
least-connections-cache-on-warm100,110,2,10.8727,1.195,0.792,1.988,night,memoirs-of-fanny-hill,1,,server-1,1,1,1,0.981,0.159,2.729
least-connections-cache-on-warm100,110,2,10.8818,0.950,0.584,1.534,the,the-lost-world,1,,server-1,1,1,1,0.431,0.159,2.729
least-connections-cache-on-warm100,110,2,10.8909,1.413,16.692,18.104,money,persuasion,1,,server-3,0,1,1,0.232,0.159,7.696
least-connections-cache-on-warm100,110,2,10.9000,1.965,0.682,2.647,money,the-jungle-book,1,,server-1,1,0,1,0.232,4.446,4.008
least-connections-cache-on-warm100,110,2,10.9091,1.438,0.772,2.210,and,adventures-of-huckleberry-finn,1,,server-2,0,1,1,0.198,4.446,5.136
least-connections-cache-on-warm100,110,2,10.9182,3.359,2.439,5.797,he,the-warden,1,,server-3,0,0,1,0.198,1.605,5.136
least-connections-cache-on-warm100,110,2,10.9273,4.963,3.135,8.098,night,jane-eyre-an-autobiography,1,,server-1,1,0,0,0.198,1.605,2.075
least-connections-cache-on-warm100,110,2,10.9364,4.741,27.159,31.900,the,the-scarlet-letter,1,,server-2,0,1,0,0.551,1.605,2.075
least-connections-cache-on-warm100,110,2,10.9455,5.770,2.979,8.749,night,desert-gold,1,,server-3,0,1,1,0.551,1.128,2.075
least-connections-cache-on-warm100,110,2,10.9545,3.431,10.877,14.307,love,black-beauty,1,,server-1,1,1,1,0.551,1.128,1.145
least-connections-cache-on-warm100,110,2,10.9636,1.133,12.218,13.352,the,the-hound-of-the-baskervilles,1,,server-3,1,1,1,0.374,1.128,1.145
least-connections-cache-on-warm100,110,2,10.9727,0.996,0.530,1.526,castle,the-jungle,1,,server-1,1,0,1,1.943,4.890,0.655
least-connections-cache-on-warm100,110,2,10.9818,0.909,0.551,1.460,whale,the-return-of-sherlock-holmes,1,,server-2,0,1,0,0.730,4.890,2.347
least-connections-cache-on-warm100,110,2,10.9909,1.938,33.181,35.119,castle,autobiography-of-benjamin-franklin,1,,server-3,0,0,1,0.730,1.695,2.347
least-connections-cache-on-warm100,110,2,11.0000,3.948,24.888,28.836,he,the-adventures-of-tom-sawyer-complete,1,,server-1,1,0,1,0.730,1.695,1.319
least-connections-cache-on-warm100,110,2,11.0091,4.550,23.710,28.261,he,twenty-thousand-leagues-under-the-sea,1,,server-2,1,1,1,0.603,1.695,1.319
least-connections-cache-on-warm100,110,2,11.0182,8.206,14.462,22.669,and,treasure-island,1,,server-3,1,1,2,0.603,1.076,1.319
least-connections-cache-on-warm100,110,2,11.0273,1.949,0.817,2.766,house,walden-and-on-the-duty-of-civil-disobedience,1,,server-1,2,1,1,0.603,1.076,4.365
least-connections-cache-on-warm100,110,2,11.0364,1.272,39.243,40.515,heart,the-mysterious-island,1,,server-1,1,1,1,1.802,1.076,4.365
least-connections-cache-on-warm100,110,2,11.0455,1.740,0.892,2.632,was,the-wind-in-the-willows,1,,server-2,1,1,0,0.996,4.311,5.066
least-connections-cache-on-warm100,110,2,11.0545,2.192,33.747,35.938,was,north-and-south,1,,server-3,1,0,1,0.996,1.567,5.066
least-connections-cache-on-warm100,110,2,11.0636,1.628,0.622,2.250,you,the-scarlet-letter-33,1,,server-2,1,1,1,0.996,1.567,2.713
least-connections-cache-on-warm100,110,2,11.0727,1.630,15.690,17.319,king,the-picture-of-dorian-gray,1,,server-2,1,1,1,0.996,0.601,2.713
least-connections-cache-on-warm100,110,2,11.0818,1.472,29.032,30.504,of,north-and-south,1,,server-1,1,1,1,6.860,0.386,2.713
least-connections-cache-on-warm100,110,2,11.0909,1.313,0.601,1.914,house,beyond-good-and-evil,1,,server-2,1,1,0,3.575,2.674,7.097
least-connections-cache-on-warm100,110,2,11.1000,1.315,0.592,1.907,castle,the-moonstone,1,,server-3,1,0,1,3.575,0.971,7.097
least-connections-cache-on-warm100,110,2,11.1091,1.103,0.576,1.679,of,the-great-gatsby,1,,server-2,1,1,0,3.575,0.971,2.429
least-connections-cache-on-warm100,110,2,11.1182,1.297,27.749,29.046,king,far-from-the-madding-crowd,1,,server-3,0,0,1,6.890,0.404,2.429
least-connections-cache-on-warm100,110,2,11.1273,2.971,19.245,22.216,and,anne-of-green-gables,1,,server-1,1,0,1,6.890,0.404,1.317
least-connections-cache-on-warm100,110,2,11.1364,1.348,0.826,2.175,london,the-great-gatsby,1,,server-2,1,1,1,3.685,0.404,1.317
least-connections-cache-on-warm100,110,2,11.1455,1.445,0.799,2.244,money,the-wind-in-the-willows,1,,server-2,1,1,1,3.685,0.228,1.317
least-connections-cache-on-warm100,110,2,11.1545,1.305,46.149,47.453,she,villette,1,,server-3,0,0,1,5.335,0.174,5.269
least-connections-cache-on-warm100,110,2,11.1636,2.526,19.417,21.943,she,the-kama-sutra-of-vatsyayana,1,,server-1,1,0,1,5.335,0.174,2.753
least-connections-cache-on-warm100,110,2,11.1727,2.314,26.568,28.882,london,desperate-remedies,1,,server-2,1,1,1,2.860,0.174,2.753
least-connections-cache-on-warm100,110,2,11.1818,20.507,23.517,44.024,whale,life-on-the-mississippi,1,,server-3,1,1,2,2.860,0.207,2.753
least-connections-cache-on-warm100,110,2,11.1909,1.491,13.122,14.614,heart,the-great-gatsby,1,,server-1,1,1,2,4.862,0.207,2.753
least-connections-cache-on-warm100,110,2,11.2000,2.113,26.384,28.497,london,emma,1,,server-2,1,2,2,2.551,0.207,2.753
least-connections-cache-on-warm100,110,2,11.2091,1.721,13.185,14.907,whale,black-beauty,1,,server-1,1,1,1,3.686,2.315,7.229
least-connections-cache-on-warm100,110,2,11.2182,10.684,0.784,11.468,whale,the-moonstone,1,,server-2,1,2,1,1.978,2.315,7.229
least-connections-cache-on-warm100,110,2,11.2273,1.617,0.603,2.220,you,dubliners,1,,server-3,0,2,1,3.322,2.315,8.341
least-connections-cache-on-warm100,110,2,11.2364,1.349,31.940,33.289,love,a-connecticut-yankee-in-king-arthur-s-court,1,,server-1,1,0,0,3.322,2.775,2.838
least-connections-cache-on-warm100,110,2,11.2455,2.722,1.604,4.326,she,cranford,1,,server-2,1,1,0,1.783,2.775,2.838
least-connections-cache-on-warm100,110,2,11.2545,2.104,17.704,19.808,death,the-age-of-innocence,1,,server-3,1,0,1,1.783,1.169,2.838
least-connections-cache-on-warm100,110,2,11.2636,1.103,0.615,1.718,she,silas-marner,1,,server-2,1,1,1,1.783,1.169,1.588
least-connections-cache-on-warm100,110,2,11.2727,1.150,0.820,1.970,the,the-jungle,1,,server-1,1,0,1,6.211,0.480,1.588
least-connections-cache-on-warm100,110,2,11.2818,2.272,1.131,3.403,london,the-memoirs-of-sherlock-holmes,1,,server-2,0,1,0,2.152,0.480,3.792
least-connections-cache-on-warm100,110,2,11.2909,3.552,39.998,43.550,you,the-wind-in-the-willows,1,,server-3,0,0,1,2.152,0.329,3.792
least-connections-cache-on-warm100,110,2,11.3000,4.475,32.913,37.389,king,the-war-of-the-worlds,1,,server-1,1,0,1,2.152,0.329,2.169
least-connections-cache-on-warm100,110,2,11.3091,5.054,35.022,40.076,house,anne-of-green-gables,1,,server-2,1,1,1,1.368,0.329,2.169
least-connections-cache-on-warm100,110,2,11.3182,17.173,19.548,36.721,you,the-age-of-innocence,1,,server-3,1,1,2,1.368,0.479,2.169
least-connections-cache-on-warm100,110,2,11.3273,9.828,17.041,26.869,and,the-works-of-edgar-allan-poe-volume-2,1,,server-1,2,1,2,1.368,0.479,2.169
least-connections-cache-on-warm100,110,2,11.3364,12.735,30.706,43.440,and,emma,1,,server-2,2,2,1,2.385,0.479,5.417
least-connections-cache-on-warm100,110,2,11.3455,10.380,16.404,26.783,sea,washington-square,1,,server-3,1,2,2,5.213,0.479,5.417
least-connections-cache-on-warm100,110,2,11.3545,1.390,0.708,2.098,night,the-works-of-edgar-allan-poe-volume-2,1,,server-1,1,1,2,5.980,6.586,5.417
least-connections-cache-on-warm100,110,2,11.3636,1.082,25.074,26.156,whale,the-song-of-the-lark,1,,server-1,1,1,1,2.051,6.586,4.327
least-connections-cache-on-warm100,110,2,11.3727,1.168,18.974,20.141,and,the-secret-garden,1,,server-3,1,1,1,1.095,6.586,5.312
least-connections-cache-on-warm100,110,2,11.3818,1.248,0.898,2.146,king,desert-gold,1,,server-2,1,1,1,1.095,9.074,2.799
least-connections-cache-on-warm100,110,2,11.3909,1.160,13.038,14.199,king,the-king-in-yellow,1,,server-1,1,0,1,4.648,3.164,2.799
least-connections-cache-on-warm100,110,2,11.4000,1.345,0.809,2.154,the,around-the-world-in-eighty-days,1,,server-2,1,1,0,2.447,3.164,4.811
least-connections-cache-on-warm100,110,2,11.4091,0.979,0.655,1.634,of,dracula,1,,server-3,0,0,1,3.624,1.170,4.811
least-connections-cache-on-warm100,110,2,11.4182,1.893,23.968,25.861,the,the-jungle-book,1,,server-1,1,0,0,3.624,1.170,1.692
least-connections-cache-on-warm100,110,2,11.4273,3.754,2.365,6.120,sea,twenty-thousand-leagues-under-the-sea,1,,server-2,1,1,0,1.974,1.170,1.692
least-connections-cache-on-warm100,110,2,11.4364,2.464,33.413,35.877,and,the-song-of-the-lark,1,,server-3,1,0,1,1.974,0.761,1.692
least-connections-cache-on-warm100,110,2,11.4455,1.135,27.212,28.347,the,oliver-twist,1,,server-1,1,0,1,5.032,0.761,1.012
least-connections-cache-on-warm100,110,2,11.4545,1.396,0.774,2.170,was,the-adventures-of-tom-sawyer-complete,1,,server-2,1,1,1,2.638,0.761,1.012
least-connections-cache-on-warm100,110,2,11.4636,0.907,0.709,1.616,love,little-women,1,,server-2,1,1,1,2.638,0.362,1.012
least-connections-cache-on-warm100,110,2,11.4727,1.457,0.821,2.278,the,the-picture-of-dorian-gray,1,,server-3,1,0,1,2.638,0.238,5.901
least-connections-cache-on-warm100,110,2,11.4818,2.568,1.506,4.074,heart,the-tenant-of-wildfell-hall,1,,server-1,1,0,0,5.974,0.238,2.051
least-connections-cache-on-warm100,110,2,11.4909,3.193,22.648,25.841,and,black-beauty,1,,server-2,0,1,0,2.185,0.238,2.051
least-connections-cache-on-warm100,110,2,11.5000,5.101,2.530,7.631,was,the-vicomte-de-bragelonne,1,,server-3,0,1,1,2.185,0.328,2.051
least-connections-cache-on-warm100,110,2,11.5091,1.747,21.593,23.340,sea,persuasion,1,,server-1,1,1,0,2.185,0.328,1.099
least-connections-cache-on-warm100,110,2,11.5182,1.432,21.108,22.540,love,sense-and-sensibility,1,,server-2,1,1,0,1.185,3.711,1.099
least-connections-cache-on-warm100,110,2,11.5273,1.287,19.059,20.346,castle,sense-and-sensibility,1,,server-3,1,1,1,1.185,1.965,1.099
least-connections-cache-on-warm100,110,2,11.5364,1.571,0.748,2.320,you,the-return-of-sherlock-holmes-108,1,,server-1,1,1,1,4.177,1.965,0.632
least-connections-cache-on-warm100,110,2,11.5455,1.056,15.212,16.268,he,cranford,1,,server-2,0,1,1,1.453,4.582,0.632
least-connections-cache-on-warm100,110,2,11.5545,1.652,0.852,2.505,castle,pride-and-prejudice,1,,server-3,0,1,1,1.453,2.394,3.412
least-connections-cache-on-warm100,110,2,11.5636,1.125,22.388,23.513,whale,twenty-thousand-leagues-under-the-sea,1,,server-1,1,0,0,1.453,3.932,1.255
least-connections-cache-on-warm100,110,2,11.5727,2.244,19.917,22.162,letter,the-divine-comedy,1,,server-2,1,1,0,0.808,3.932,1.255
least-connections-cache-on-warm100,110,2,11.5818,1.162,12.315,13.478,heart,the-prince,1,,server-3,1,1,1,0.808,2.136,1.255
least-connections-cache-on-warm100,110,2,11.5909,1.435,1.104,2.540,you,walden-and-on-the-duty-of-civil-disobedience,1,,server-1,1,1,1,4.070,2.136,0.714
least-connections-cache-on-warm100,110,2,11.6000,1.214,0.676,1.890,london,tess-of-the-d-urbervilles-a-pure-woman,1,,server-2,0,1,0,1.438,4.479,2.381
least-connections-cache-on-warm100,110,2,11.6091,1.912,1.269,3.181,heart,the-scarlet-letter,1,,server-3,0,0,1,1.438,1.561,2.381
least-connections-cache-on-warm100,110,2,11.6182,3.593,2.517,6.110,castle,the-return-of-sherlock-holmes-108,1,,server-1,1,0,0,1.438,1.561,0.998
least-connections-cache-on-warm100,110,2,11.6273,4.444,2.571,7.016,house,frankenstein-or-the-modern-prometheus-41445,1,,server-2,0,1,0,0.869,1.561,0.998
least-connections-cache-on-warm100,110,2,11.6364,4.505,51.722,56.227,whale,jane-eyre-an-autobiography,1,,server-3,0,0,1,0.869,0.925,0.998
least-connections-cache-on-warm100,110,2,11.6455,4.444,27.504,31.948,sea,the-adventures-of-tom-sawyer-complete,1,,server-1,1,0,1,0.869,0.925,0.778
least-connections-cache-on-warm100,110,2,11.6545,4.514,18.823,23.337,the,the-mysterious-affair-at-styles,1,,server-2,1,1,1,0.724,0.925,0.778
least-connections-cache-on-warm100,110,2,11.6636,29.607,16.826,46.433,house,the-secret-adversary,1,,server-3,1,1,2,0.724,0.747,0.778
least-connections-cache-on-warm100,110,2,11.6727,4.935,11.859,16.794,you,his-last-bow,1,,server-1,2,1,2,0.724,0.747,0.778
least-connections-cache-on-warm100,110,2,11.6818,1.145,28.032,29.177,letter,oliver-twist,1,,server-2,1,1,2,3.318,3.259,0.778
least-connections-cache-on-warm100,110,2,11.6909,1.355,0.796,2.151,king,pride-and-prejudice,1,,server-1,1,1,2,3.951,1.726,0.778
least-connections-cache-on-warm100,110,2,11.7000,1.167,12.311,13.477,king,treasure-island,1,,server-1,1,1,1,1.398,1.726,7.934
least-connections-cache-on-warm100,110,2,11.7091,2.236,0.793,3.029,whale,northanger-abbey,1,,server-2,1,2,1,0.773,1.726,7.934
least-connections-cache-on-warm100,110,2,11.7182,1.091,11.298,12.389,night,around-the-world-in-eighty-days,1,,server-3,0,0,1,2.405,2.377,7.705
least-connections-cache-on-warm100,110,2,11.7273,0.987,31.714,32.701,and,the-romance-of-lust-a-classic-victorian-erotic-novel,1,,server-1,1,0,1,2.405,2.377,4.008
least-connections-cache-on-warm100,110,2,11.7364,1.141,0.641,1.781,whale,persuasion,1,,server-2,1,1,0,1.291,2.377,4.335
least-connections-cache-on-warm100,110,2,11.7455,0.976,0.719,1.695,you,a-connecticut-yankee-in-king-arthur-s-court,1,,server-3,1,0,1,1.291,0.889,4.335
least-connections-cache-on-warm100,110,2,11.7545,1.235,23.806,25.041,was,the-return-of-sherlock-holmes,1,,server-2,1,1,0,1.291,0.889,1.542
least-connections-cache-on-warm100,110,2,11.7636,1.704,0.873,2.577,horse,persuasion,1,,server-3,0,1,1,5.839,0.510,1.542
least-connections-cache-on-warm100,110,2,11.7727,1.098,0.638,1.736,night,tess-of-the-d-urbervilles-a-pure-woman,1,,server-1,1,1,0,5.839,0.510,0.626
least-connections-cache-on-warm100,110,2,11.7818,1.115,17.724,18.839,of,meditations,1,,server-2,0,1,0,2.020,4.056,0.626
least-connections-cache-on-warm100,110,2,11.7909,1.728,31.333,33.061,love,oliver-twist,1,,server-3,0,1,1,2.020,2.157,0.626
least-connections-cache-on-warm100,110,2,11.8000,1.693,0.876,2.569,house,white-fang,1,,server-1,1,1,1,2.020,2.157,0.428
least-connections-cache-on-warm100,110,2,11.8091,1.085,36.616,37.701,death,great-expectations,1,,server-2,0,1,1,0.791,4.180,0.428
least-connections-cache-on-warm100,110,2,11.8182,1.168,17.108,18.277,you,the-secret-garden-17396,1,,server-1,1,1,1,0.791,2.200,0.428
least-connections-cache-on-warm100,110,2,11.8273,1.226,0.635,1.861,love,white-fang,1,,server-3,1,1,1,0.466,2.200,5.237
least-connections-cache-on-warm100,110,2,11.8364,1.288,27.176,28.464,sea,thus-spake-zarathustra-a-book-for-all-and-none,1,,server-3,1,1,1,3.727,2.200,1.849
least-connections-cache-on-warm100,110,2,11.8455,1.435,22.874,24.310,letter,twenty-thousand-leagues-under-the-sea,1,,server-1,1,1,1,2.994,2.200,1.042
least-connections-cache-on-warm100,110,2,11.8545,1.317,14.178,15.496,whale,a-journey-to-the-centre-of-the-earth,1,,server-2,1,1,1,1.626,7.267,1.042
least-connections-cache-on-warm100,110,2,11.8636,1.588,10.852,12.440,night,his-last-bow,1,,server-3,1,1,2,1.626,3.798,1.042
least-connections-cache-on-warm100,110,2,11.8727,1.508,26.980,28.488,was,the-house-of-the-seven-gables,1,,server-1,1,0,1,4.614,4.695,2.685
least-connections-cache-on-warm100,110,2,11.8818,1.616,0.895,2.511,horse,dubliners,1,,server-2,1,1,0,2.443,4.695,3.423
least-connections-cache-on-warm100,110,2,11.8909,1.122,10.955,12.077,letter,dubliners,1,,server-3,1,0,1,2.443,1.688,3.423
least-connections-cache-on-warm100,110,2,11.9000,1.075,14.843,15.918,horse,the-mysterious-affair-at-styles,1,,server-2,1,1,1,2.443,1.688,1.822
least-connections-cache-on-warm100,110,2,11.9091,1.072,0.635,1.707,letter,a-tale-of-two-cities,1,,server-3,0,1,1,5.727,0.923,2.873
least-connections-cache-on-warm100,110,2,11.9182,1.011,0.575,1.586,house,the-wind-in-the-willows,1,,server-1,1,0,0,5.727,2.931,1.039
least-connections-cache-on-warm100,110,2,11.9273,2.153,1.509,3.661,horse,cranford,1,,server-2,0,1,0,1.976,2.931,1.039
least-connections-cache-on-warm100,110,2,11.9364,3.887,53.807,57.694,whale,great-expectations,1,,server-3,0,0,1,1.976,1.180,1.039
least-connections-cache-on-warm100,110,2,11.9455,4.787,2.583,7.370,death,mary-barton,1,,server-1,1,0,1,1.976,1.180,0.793
least-connections-cache-on-warm100,110,2,11.9545,4.944,2.597,7.541,house,memoirs-of-fanny-hill,1,,server-2,0,1,1,1.099,1.180,0.793
least-connections-cache-on-warm100,110,2,11.9636,2.952,1.276,4.228,castle,the-works-of-edgar-allan-poe-volume-2,1,,server-1,1,0,1,1.099,0.831,0.793
least-connections-cache-on-warm100,110,2,11.9727,1.042,10.260,11.302,was,the-prince,1,,server-2,0,1,1,0.589,0.831,0.793
least-connections-cache-on-warm100,110,2,11.9818,1.800,24.036,25.836,house,sense-and-sensibility,1,,server-1,1,1,1,0.589,0.487,0.793
least-connections-cache-on-warm100,110,2,11.9909,1.546,11.569,13.115,london,poirot-investigates,1,,server-2,1,1,1,0.385,1.919,0.793
least-connections-cache-on-warm100,110,2,12.0000,1.814,1.425,3.239,night,the-age-of-innocence,1,,server-3,1,1,1,0.385,1.048,8.961
least-connections-cache-on-warm100,110,2,12.0091,1.520,0.983,2.503,night,washington-square,1,,server-1,1,0,0,4.049,2.473,3.147
least-connections-cache-on-warm100,110,2,12.0182,2.508,46.473,48.982,he,the-moonstone,1,,server-2,0,1,0,1.482,2.473,3.147
least-connections-cache-on-warm100,110,2,12.0273,4.032,2.619,6.651,heart,black-beauty,1,,server-3,0,1,1,1.482,1.438,3.147
least-connections-cache-on-warm100,110,2,12.0364,3.852,2.121,5.973,letter,walden-and-on-the-duty-of-civil-disobedience,1,,server-1,1,1,0,1.482,1.438,1.448
least-connections-cache-on-warm100,110,2,12.0455,1.075,0.529,1.604,money,oliver-twist,1,,server-3,0,1,1,0.893,1.438,1.448
least-connections-cache-on-warm100,110,2,12.0545,1.952,16.061,18.013,heart,the-secret-garden-17396,1,,server-1,1,1,0,0.893,1.438,0.564
least-connections-cache-on-warm100,110,2,12.0636,1.052,0.530,1.583,house,anne-of-green-gables,1,,server-3,1,1,1,0.558,1.438,0.564
least-connections-cache-on-warm100,110,2,12.0727,1.302,0.597,1.899,she,the-divine-comedy,1,,server-1,1,0,0,2.882,8.237,0.273
least-connections-cache-on-warm100,110,2,12.0818,1.796,22.871,24.667,london,the-scarlet-letter-33,1,,server-2,0,1,0,1.068,8.237,0.273
least-connections-cache-on-warm100,110,2,12.0909,3.268,2.096,5.364,was,the-adventures-of-sherlock-holmes,1,,server-3,0,1,1,1.068,4.315,0.273
least-connections-cache-on-warm100,110,2,12.1000,0.988,0.586,1.574,love,northanger-abbey,1,,server-1,1,1,0,1.068,4.315,0.417
least-connections-cache-on-warm100,110,2,12.1091,0.922,0.453,1.376,money,the-portrait-of-a-lady-volume-1,1,,server-2,0,1,0,0.465,6.362,0.417
least-connections-cache-on-warm100,110,2,12.1182,2.135,20.732,22.866,letter,poirot-investigates,1,,server-3,0,0,1,0.465,2.159,0.417
least-connections-cache-on-warm100,110,2,12.1273,4.348,2.379,6.726,king,persuasion,1,,server-1,1,0,1,0.465,2.159,0.336
least-connections-cache-on-warm100,110,2,12.1364,0.999,23.963,24.962,castle,the-picture-of-dorian-gray,1,,server-2,0,1,1,0.498,2.159,0.336
least-connections-cache-on-warm100,110,2,12.1455,2.401,15.728,18.128,money,the-hound-of-the-baskervilles-3070,1,,server-3,0,1,1,0.498,1.148,3.410
least-connections-cache-on-warm100,110,2,12.1545,3.083,15.380,18.462,money,kidnapped,1,,server-1,1,1,1,0.498,1.148,1.886
least-connections-cache-on-warm100,110,2,12.1636,1.296,21.159,22.455,house,thus-spake-zarathustra-a-book-for-all-and-none,1,,server-2,1,1,1,0.412,4.515,3.618
least-connections-cache-on-warm100,110,2,12.1727,1.476,0.512,1.989,whale,silas-marner,1,,server-3,1,1,1,3.252,2.366,3.618
least-connections-cache-on-warm100,110,2,12.1818,1.624,14.646,16.270,heart,washington-square,1,,server-1,1,1,0,2.616,2.366,1.253
least-connections-cache-on-warm100,110,2,12.1909,1.671,0.726,2.396,the,the-vicomte-de-bragelonne,1,,server-2,1,1,0,1.438,4.844,1.253
least-connections-cache-on-warm100,110,2,12.2000,1.299,15.389,16.688,was,dubliners,1,,server-3,0,0,1,3.210,1.712,1.253
least-connections-cache-on-warm100,110,2,12.2091,1.559,0.683,2.242,was,the-divine-comedy,1,,server-1,1,0,1,3.210,1.712,0.727
least-connections-cache-on-warm100,110,2,12.2182,1.628,0.935,2.563,money,the-hound-of-the-baskervilles-3070,1,,server-2,0,1,0,1.183,1.712,2.890
least-connections-cache-on-warm100,110,2,12.2273,2.820,1.812,4.632,letter,oliver-twist,1,,server-3,0,0,1,1.183,0.723,2.890
least-connections-cache-on-warm100,110,2,12.2364,4.568,2.716,7.283,the,the-adventures-of-sherlock-holmes,1,,server-1,1,0,0,1.183,0.723,1.230
least-connections-cache-on-warm100,110,2,12.2455,5.912,46.826,52.737,london,the-song-of-the-lark,1,,server-2,0,1,0,0.853,0.723,1.230
least-connections-cache-on-warm100,110,2,12.2545,4.802,3.565,8.367,heart,the-house-of-mirth,1,,server-3,0,1,1,0.853,0.644,1.230
least-connections-cache-on-warm100,110,2,12.2636,4.580,2.649,7.228,and,the-war-of-the-worlds,1,,server-1,1,1,0,0.853,0.644,0.914
least-connections-cache-on-warm100,110,2,12.2727,3.430,12.831,16.261,letter,the-great-gatsby,1,,server-3,0,1,1,0.739,0.644,0.914
least-connections-cache-on-warm100,110,2,12.2818,1.633,29.413,31.046,money,emma,1,,server-1,1,1,1,0.739,0.644,0.648
least-connections-cache-on-warm100,110,2,12.2909,0.905,32.211,33.116,sea,the-vicomte-de-bragelonne,1,,server-3,1,1,1,0.455,0.644,2.357
least-connections-cache-on-warm100,110,2,12.3000,1.187,12.073,13.260,sea,the-first-men-in-the-moon,1,,server-2,1,1,1,0.455,7.676,1.257
least-connections-cache-on-warm100,110,2,12.3091,15.050,0.627,15.677,and,white-fang,1,,server-3,1,1,2,0.455,3.988,1.257
least-connections-cache-on-warm100,110,2,12.3182,1.103,0.585,1.689,you,the-hound-of-the-baskervilles-3070,1,,server-1,1,0,2,4.956,4.440,1.257
least-connections-cache-on-warm100,110,2,12.3273,1.105,23.922,25.027,he,the-song-of-the-lark,1,,server-2,0,1,0,1.727,4.440,3.173
least-connections-cache-on-warm100,110,2,12.3364,1.350,1.496,2.845,king,little-women,1,,server-3,0,1,1,1.727,2.322,3.173
least-connections-cache-on-warm100,110,2,12.3455,1.536,0.949,2.486,horse,kidnapped,1,,server-1,1,1,0,1.727,2.322,1.163
least-connections-cache-on-warm100,110,2,12.3545,1.305,0.704,2.009,london,poirot-investigates,1,,server-2,0,1,0,0.674,5.260,1.163
least-connections-cache-on-warm100,110,2,12.3636,1.326,20.243,21.569,sea,dubliners,1,,server-3,0,0,1,0.674,1.850,1.163
least-connections-cache-on-warm100,110,2,12.3727,2.422,0.776,3.198,and,dubliners,1,,server-1,1,0,1,0.674,1.850,0.664
least-connections-cache-on-warm100,110,2,12.3818,1.173,0.800,1.973,horse,wuthering-heights,1,,server-2,0,1,1,0.360,1.850,0.664
least-connections-cache-on-warm100,110,2,12.3909,1.929,1.155,3.084,king,the-great-gatsby,1,,server-3,0,0,1,0.360,0.760,3.602
least-connections-cache-on-warm100,110,2,12.4000,3.685,3.112,6.797,horse,the-tenant-of-wildfell-hall,1,,server-1,1,0,0,0.360,0.760,1.366
least-connections-cache-on-warm100,110,2,12.4091,4.828,36.981,41.809,the,white-fang,1,,server-2,0,1,0,0.614,0.760,1.366
least-connections-cache-on-warm100,110,2,12.4182,4.495,32.546,37.041,heart,grimms-fairy-tales,1,,server-3,0,1,1,0.614,0.715,1.366
least-connections-cache-on-warm100,110,2,12.4273,4.710,21.380,26.090,heart,the-hound-of-the-baskervilles-3070,1,,server-1,1,1,1,0.614,0.715,0.980
least-connections-cache-on-warm100,110,2,12.4364,14.568,0.614,15.182,castle,myths-and-legends-of-ancient-greece-and-rome,1,,server-2,1,2,1,0.641,0.715,0.980
least-connections-cache-on-warm100,110,2,12.4455,9.844,29.308,39.152,horse,the-romance-of-lust-a-classic-victorian-erotic-novel,1,,server-3,1,2,2,0.641,0.715,0.980
least-connections-cache-on-warm100,110,2,12.4545,1.567,18.935,20.502,letter,a-connecticut-yankee-in-king-arthur-s-court,1,,server-1,1,0,2,3.641,3.873,2.209
least-connections-cache-on-warm100,110,2,12.4636,1.775,0.663,2.438,sea,his-last-bow,1,,server-2,1,1,1,1.969,3.873,5.088
least-connections-cache-on-warm100,110,2,12.4727,1.417,0.765,2.182,you,the-secret-garden,1,,server-2,1,1,1,1.969,1.379,5.088
least-connections-cache-on-warm100,110,2,12.4818,1.272,0.654,1.926,house,the-house-of-the-seven-gables,1,,server-1,1,0,1,4.209,0.551,5.088
least-connections-cache-on-warm100,110,2,12.4909,1.969,1.106,3.075,the,a-tale-of-two-cities,1,,server-2,0,1,0,1.481,0.551,7.875
least-connections-cache-on-warm100,110,2,12.5000,3.016,38.476,41.493,and,the-adventures-of-sherlock-holmes,1,,server-3,0,0,1,1.481,0.340,7.875
least-connections-cache-on-warm100,110,2,12.5091,4.176,2.562,6.738,was,wuthering-heights,1,,server-1,1,0,1,1.481,0.340,4.202
least-connections-cache-on-warm100,110,2,12.5182,4.458,27.956,32.414,night,far-from-the-madding-crowd,1,,server-2,0,1,1,0.929,0.340,4.202
least-connections-cache-on-warm100,110,2,12.5273,2.991,1.342,4.333,london,cranford,1,,server-1,1,1,1,0.929,0.446,4.202
least-connections-cache-on-warm100,110,2,12.5364,1.057,0.746,1.802,whale,the-house-of-the-seven-gables,1,,server-1,1,1,1,0.535,0.446,4.202
least-connections-cache-on-warm100,110,2,12.5455,0.993,0.538,1.530,castle,the-portrait-of-a-lady-volume-1,1,,server-3,0,1,1,0.295,0.446,8.731
least-connections-cache-on-warm100,110,2,12.5545,1.221,20.570,21.791,of,dubliners,1,,server-1,1,0,0,0.295,4.619,2.967
least-connections-cache-on-warm100,110,2,12.5636,1.823,0.934,2.757,you,treasure-island,1,,server-2,1,1,0,0.214,4.619,2.967
least-connections-cache-on-warm100,110,2,12.5727,1.036,0.678,1.714,death,the-last-of-the-mohicans-a-narrative-of-1757,1,,server-3,1,0,1,0.214,1.673,2.967
least-connections-cache-on-warm100,110,2,12.5818,1.009,37.620,38.629,you,north-and-south,1,,server-1,1,0,0,3.383,1.673,1.088
least-connections-cache-on-warm100,110,2,12.5909,1.158,0.528,1.686,of,jane-eyre-an-autobiography,1,,server-2,1,1,0,1.814,1.673,1.088
least-connections-cache-on-warm100,110,2,12.6000,1.161,0.589,1.749,heart,hard-times,1,,server-3,1,0,1,1.814,0.645,1.088
least-connections-cache-on-warm100,110,2,12.6091,0.918,27.845,28.763,and,the-last-of-the-mohicans-a-narrative-of-1757,1,,server-2,1,1,0,1.814,0.645,0.463
least-connections-cache-on-warm100,110,2,12.6182,2.066,15.362,17.427,london,the-secret-garden,1,,server-3,1,1,1,1.814,0.388,0.463
least-connections-cache-on-warm100,110,2,12.6273,1.307,0.648,1.955,sea,life-on-the-mississippi,1,,server-1,1,1,1,7.034,0.388,0.322
least-connections-cache-on-warm100,110,2,12.6364,0.948,0.836,1.784,he,little-women,1,,server-3,0,1,1,2.399,0.388,2.612
least-connections-cache-on-warm100,110,2,12.6455,1.081,29.369,30.450,he,thus-spake-zarathustra-a-book-for-all-and-none,1,,server-1,1,0,0,2.399,4.684,0.968
least-connections-cache-on-warm100,110,2,12.6545,2.036,16.559,18.595,money,beyond-good-and-evil,1,,server-2,1,1,0,1.289,4.684,0.968
least-connections-cache-on-warm100,110,2,12.6636,2.851,29.312,32.164,the,wuthering-heights,1,,server-3,1,1,1,1.289,2.526,0.968
least-connections-cache-on-warm100,110,2,12.6727,3.072,0.723,3.795,was,desert-gold,1,,server-1,2,1,1,1.289,2.526,0.662
least-connections-cache-on-warm100,110,2,12.6818,1.615,20.358,21.974,whale,dubliners,1,,server-2,0,1,1,2.876,4.194,0.662
least-connections-cache-on-warm100,110,2,12.6909,1.613,0.970,2.583,sea,great-expectations,1,,server-1,1,1,1,2.876,2.241,0.662
least-connections-cache-on-warm100,110,2,12.7000,0.916,0.620,1.536,of,treasure-island,1,,server-3,0,1,1,1.097,2.241,5.028
least-connections-cache-on-warm100,110,2,12.7091,1.408,0.988,2.396,death,wuthering-heights,1,,server-1,1,0,0,1.097,4.640,1.759
least-connections-cache-on-warm100,110,2,12.7182,2.362,1.683,4.046,the,herland,1,,server-2,0,1,0,0.503,4.640,1.759
least-connections-cache-on-warm100,110,2,12.7273,3.729,2.676,6.405,of,life-on-the-mississippi,1,,server-3,0,0,1,0.503,1.801,1.759
least-connections-cache-on-warm100,110,2,12.7364,4.253,3.211,7.464,he,the-mysterious-affair-at-styles,1,,server-1,1,0,0,0.503,1.801,1.025
least-connections-cache-on-warm100,110,2,12.7455,4.404,32.194,36.598,she,the-war-of-the-worlds,1,,server-2,0,1,0,0.621,1.801,1.025
least-connections-cache-on-warm100,110,2,12.7545,4.137,2.940,7.077,whale,the-scarlet-letter,1,,server-3,0,1,1,0.621,1.221,1.025
least-connections-cache-on-warm100,110,2,12.7636,4.272,21.196,25.468,he,kidnapped,1,,server-1,1,1,0,0.621,1.221,0.840
least-connections-cache-on-warm100,110,2,12.7727,2.863,24.407,27.271,he,the-american,1,,server-3,1,1,1,0.587,1.221,0.840
least-connections-cache-on-warm100,110,2,12.7818,8.052,26.284,34.337,horse,pride-and-prejudice,1,,server-1,2,1,1,0.587,7.204,0.598
least-connections-cache-on-warm100,110,2,12.7909,0.951,23.475,24.426,death,the-divine-comedy,1,,server-2,1,1,1,2.611,5.775,0.598
least-connections-cache-on-warm100,110,2,12.8000,1.288,0.626,1.914,love,the-hound-of-the-baskervilles-3070,1,,server-3,1,1,2,2.611,3.021,5.198
least-connections-cache-on-warm100,110,2,12.8091,1.033,0.823,1.856,night,the-iliad-2199,1,,server-3,1,1,1,2.611,3.021,1.494
least-connections-cache-on-warm100,110,2,12.8182,1.162,17.312,18.474,love,meditations,1,,server-1,1,0,0,5.836,5.653,0.584
least-connections-cache-on-warm100,110,2,12.8273,1.569,24.305,25.874,letter,wuthering-heights,1,,server-2,1,1,0,3.061,5.653,0.584
least-connections-cache-on-warm100,110,2,12.8364,1.206,21.435,22.640,castle,the-house-of-the-seven-gables,1,,server-3,1,1,1,5.830,2.991,0.584
least-connections-cache-on-warm100,110,2,12.8455,1.568,0.843,2.412,king,north-and-south,1,,server-1,1,1,1,4.672,2.991,0.361
least-connections-cache-on-warm100,110,2,12.8545,1.147,12.320,13.468,you,the-great-gatsby,1,,server-2,0,1,1,1.674,5.746,0.361
least-connections-cache-on-warm100,110,2,12.8636,1.130,19.186,20.317,london,dubliners,1,,server-3,0,1,1,1.674,3.034,3.648
least-connections-cache-on-warm100,110,2,12.8727,1.960,1.286,3.246,castle,autobiography-of-benjamin-franklin,1,,server-1,1,0,1,1.674,3.839,1.932
least-connections-cache-on-warm100,110,2,12.8818,1.085,0.798,1.883,love,walden-and-on-the-duty-of-civil-disobedience,1,,server-2,0,1,1,0.761,3.839,1.932
least-connections-cache-on-warm100,110,2,12.8909,2.457,1.704,4.162,london,a-journey-to-the-centre-of-the-earth,1,,server-3,0,0,1,0.761,1.357,4.278
least-connections-cache-on-warm100,110,2,12.9000,4.907,47.127,52.035,was,the-song-of-the-lark,1,,server-1,1,0,0,0.761,1.357,1.685
least-connections-cache-on-warm100,110,2,12.9091,5.058,3.291,8.349,heart,the-house-of-the-seven-gables,1,,server-2,1,1,0,0.687,1.357,1.685
least-connections-cache-on-warm100,110,2,12.9182,5.470,3.527,8.998,was,the-kama-sutra-of-vatsyayana,1,,server-3,1,0,1,0.687,0.891,1.685
least-connections-cache-on-warm100,110,2,12.9273,1.735,0.627,2.362,king,the-picture-of-dorian-gray,1,,server-2,1,1,1,0.687,0.891,1.083
least-connections-cache-on-warm100,110,2,12.9364,1.226,17.041,18.267,and,the-jungle-book,1,,server-3,1,0,1,0.687,0.391,1.083
least-connections-cache-on-warm100,110,2,12.9455,1.914,20.931,22.845,the,the-secret-garden-17396,1,,server-2,1,1,1,0.687,0.391,0.633
least-connections-cache-on-warm100,110,2,12.9545,1.967,17.208,19.175,london,the-wind-in-the-willows,1,,server-1,1,1,1,7.794,0.304,3.057
least-connections-cache-on-warm100,110,2,12.9636,1.562,1.053,2.615,london,the-divine-comedy,1,,server-3,1,1,1,4.077,0.304,3.057
least-connections-cache-on-warm100,110,2,12.9727,1.864,0.967,2.831,of,little-women,1,,server-2,1,1,0,4.077,3.459,1.163
least-connections-cache-on-warm100,110,2,12.9818,2.206,36.777,38.983,king,jane-eyre-an-autobiography,1,,server-3,0,0,1,5.302,1.278,1.163
least-connections-cache-on-warm100,110,2,12.9909,4.637,17.622,22.258,the,the-age-of-innocence,1,,server-1,1,0,1,5.302,1.278,0.762
least-connections-cache-on-warm100,110,2,13.0000,1.156,0.836,1.991,horse,the-iliad,1,,server-2,1,1,1,2.937,1.278,0.762
least-connections-cache-on-warm100,110,2,13.0091,1.111,0.990,2.101,whale,the-romance-of-lust-a-classic-victorian-erotic-novel,1,,server-2,1,1,1,2.937,0.552,0.762
least-connections-cache-on-warm100,110,2,13.0182,1.311,15.118,16.429,of,around-the-world-in-eighty-days,1,,server-1,1,0,1,4.623,0.294,0.762
least-connections-cache-on-warm100,110,2,13.0273,1.208,0.688,1.896,he,autobiography-of-benjamin-franklin,1,,server-2,1,1,0,2.465,0.294,6.324
least-connections-cache-on-warm100,110,2,13.0364,1.039,0.694,1.733,whale,madame-bovary,1,,server-3,0,0,1,3.953,0.215,6.324
least-connections-cache-on-warm100,110,2,13.0455,1.727,31.486,33.213,castle,life-on-the-mississippi,1,,server-1,1,0,0,3.953,0.215,2.194
least-connections-cache-on-warm100,110,2,13.0545,3.215,1.566,4.780,she,hard-times,1,,server-2,1,1,0,2.138,0.215,2.194
least-connections-cache-on-warm100,110,2,13.0636,0.928,0.715,1.644,and,the-portrait-of-a-lady-volume-1,1,,server-3,1,0,1,2.138,0.341,2.194
least-connections-cache-on-warm100,110,2,13.0727,1.016,0.743,1.759,of,herland,1,,server-2,1,1,0,2.138,0.341,0.835
least-connections-cache-on-warm100,110,2,13.0818,0.894,0.638,1.533,heart,the-first-men-in-the-moon,1,,server-3,0,0,1,6.327,0.221,0.835
least-connections-cache-on-warm100,110,2,13.0909,1.284,0.996,2.280,night,far-from-the-madding-crowd,1,,server-1,1,0,0,6.327,0.221,0.376
least-connections-cache-on-warm100,110,2,13.1000,2.396,35.993,38.389,he,the-house-of-mirth,1,,server-2,0,1,0,2.224,0.221,0.376
least-connections-cache-on-warm100,110,2,13.1091,3.859,2.102,5.961,london,the-wind-in-the-willows,1,,server-3,0,1,1,2.224,0.254,0.376
least-connections-cache-on-warm100,110,2,13.1182,4.523,13.513,18.036,london,white-fang,1,,server-1,1,1,0,2.224,0.254,0.465
least-connections-cache-on-warm100,110,2,13.1273,0.984,12.775,13.758,sea,treasure-island,1,,server-3,1,1,1,1.414,0.254,0.465
least-connections-cache-on-warm100,110,2,13.1364,1.326,29.268,30.595,king,the-innocents-abroad,1,,server-1,2,1,1,2.878,0.254,0.294
least-connections-cache-on-warm100,110,2,13.1455,1.223,0.541,1.764,of,hard-times,1,,server-2,1,1,0,1.553,5.817,2.188
least-connections-cache-on-warm100,110,2,13.1545,1.138,0.543,1.681,sea,dracula,1,,server-3,1,0,1,1.553,1.991,2.188
least-connections-cache-on-warm100,110,2,13.1636,0.996,17.581,18.578,heart,twenty-thousand-leagues-under-the-sea,1,,server-2,1,1,0,1.553,1.991,0.810
least-connections-cache-on-warm100,110,2,13.1727,1.307,0.531,1.838,letter,the-iliad-2199,1,,server-3,0,1,1,5.612,1.067,0.810
least-connections-cache-on-warm100,110,2,13.1818,1.432,39.197,40.629,sea,the-moonstone,1,,server-1,1,1,0,5.612,4.301,0.363
least-connections-cache-on-warm100,110,2,13.1909,2.019,24.478,26.497,horse,the-song-of-the-lark,1,,server-2,1,1,0,2.963,3.449,0.363
least-connections-cache-on-warm100,110,2,13.2000,1.055,0.869,1.924,money,mansfield-park,1,,server-3,1,1,1,2.963,1.843,0.363
least-connections-cache-on-warm100,110,2,13.2091,1.178,14.290,15.468,house,autobiography-of-benjamin-franklin,1,,server-3,1,1,1,2.963,1.843,0.240
least-connections-cache-on-warm100,110,2,13.2182,1.549,0.898,2.448,night,jane-eyre-an-autobiography,1,,server-2,1,1,1,2.963,5.036,0.181
least-connections-cache-on-warm100,110,2,13.2273,0.994,17.392,18.386,king,memoirs-of-fanny-hill,1,,server-3,0,0,1,8.138,1.777,2.346
least-connections-cache-on-warm100,110,2,13.2364,1.935,12.641,14.577,sea,the-great-gatsby,1,,server-1,1,0,1,8.138,1.777,1.259
least-connections-cache-on-warm100,110,2,13.2455,0.888,0.388,1.276,heart,desert-gold,1,,server-2,1,1,1,4.287,1.777,4.405
least-connections-cache-on-warm100,110,2,13.2545,1.792,29.382,31.174,letter,thus-spake-zarathustra-a-book-for-all-and-none,1,,server-3,0,0,1,4.699,0.654,3.532
least-connections-cache-on-warm100,110,2,13.2636,3.277,19.611,22.888,of,kidnapped,1,,server-1,1,0,1,4.699,0.654,1.918
least-connections-cache-on-warm100,110,2,13.2727,1.500,0.768,2.268,she,washington-square,1,,server-2,1,1,1,2.620,0.654,1.918
least-connections-cache-on-warm100,110,2,13.2818,0.826,10.822,11.648,horse,black-beauty,1,,server-2,1,1,1,2.620,0.356,1.918
least-connections-cache-on-warm100,110,2,13.2909,1.185,0.367,1.552,whale,memoirs-of-fanny-hill,1,,server-3,0,1,1,4.687,0.225,5.894
least-connections-cache-on-warm100,110,2,13.3000,1.700,0.988,2.688,king,far-from-the-madding-crowd,1,,server-1,1,0,0,4.687,1.849,2.019
least-connections-cache-on-warm100,110,2,13.3091,3.120,24.229,27.349,heart,autobiography-of-benjamin-franklin,1,,server-2,0,1,0,1.726,1.849,2.019
least-connections-cache-on-warm100,110,2,13.3182,4.896,2.795,7.691,london,the-memoirs-of-sherlock-holmes,1,,server-3,0,1,1,1.726,1.112,2.019
least-connections-cache-on-warm100,110,2,13.3273,1.255,0.635,1.890,house,the-return-of-sherlock-holmes,1,,server-1,1,1,0,1.726,1.112,1.085
least-connections-cache-on-warm100,110,2,13.3364,1.269,0.520,1.789,he,grimms-fairy-tales,1,,server-3,0,1,1,0.683,4.455,1.085
least-connections-cache-on-warm100,110,2,13.3455,1.754,43.051,44.805,of,oliver-twist,1,,server-1,1,0,0,0.683,4.455,0.455
least-connections-cache-on-warm100,110,2,13.3545,3.541,28.373,31.914,death,adventures-of-huckleberry-finn,1,,server-2,1,1,0,0.478,4.455,0.455
least-connections-cache-on-warm100,110,2,13.3636,4.927,2.015,6.942,the,dubliners,1,,server-3,1,1,1,0.478,2.499,0.455
least-connections-cache-on-warm100,110,2,13.3727,1.865,1.072,2.938,heart,the-american,1,,server-3,1,1,1,0.478,2.499,0.478
least-connections-cache-on-warm100,110,2,13.3818,1.346,15.961,17.307,you,desert-gold,1,,server-3,1,1,1,0.478,2.499,0.345
least-connections-cache-on-warm100,110,2,13.3909,1.396,0.611,2.007,money,the-wind-in-the-willows,1,,server-1,1,0,1,7.109,6.064,0.232
least-connections-cache-on-warm100,110,2,13.4000,1.082,0.558,1.640,sea,emma,1,,server-2,0,1,0,2.460,6.064,2.645
least-connections-cache-on-warm100,110,2,13.4091,1.824,1.040,2.864,and,the-iliad,1,,server-3,0,0,1,2.460,2.084,2.645
least-connections-cache-on-warm100,110,2,13.4182,3.696,2.684,6.379,you,wuthering-heights,1,,server-1,1,0,0,2.460,2.084,1.048
least-connections-cache-on-warm100,110,2,13.4273,3.764,3.080,6.844,house,autobiography-of-benjamin-franklin,1,,server-2,0,1,0,1.247,2.084,1.048
least-connections-cache-on-warm100,110,2,13.4364,5.831,27.400,33.231,was,treasure-island,1,,server-3,0,0,1,1.247,1.081,1.048
least-connections-cache-on-warm100,110,2,13.4455,5.434,27.139,32.573,heart,thus-spake-zarathustra-a-book-for-all-and-none,1,,server-1,1,0,1,1.247,1.081,0.851
least-connections-cache-on-warm100,110,2,13.4545,4.588,2.199,6.786,letter,sense-and-sensibility,1,,server-2,1,1,1,0.921,1.081,0.851
least-connections-cache-on-warm100,110,2,13.4636,1.333,0.484,1.818,and,the-adventures-of-ferdinand-count-fathom-complete,1,,server-2,1,1,1,0.921,0.711,0.851
least-connections-cache-on-warm100,110,2,13.4727,1.707,0.589,2.297,castle,thus-spake-zarathustra-a-book-for-all-and-none,1,,server-3,1,0,1,0.921,0.333,4.722
least-connections-cache-on-warm100,110,2,13.4818,1.356,0.853,2.210,death,madame-bovary,1,,server-1,1,0,0,4.727,0.333,1.659
least-connections-cache-on-warm100,110,2,13.4909,2.373,30.204,32.577,money,agnes-grey,1,,server-2,0,1,0,1.699,0.333,1.659
least-connections-cache-on-warm100,110,2,13.5000,4.067,2.920,6.988,letter,agnes-grey,1,,server-3,0,1,1,1.699,0.284,1.659
least-connections-cache-on-warm100,110,2,13.5091,2.956,36.504,39.460,house,the-adventures-of-ferdinand-count-fathom-complete,1,,server-1,1,1,0,1.699,0.284,1.011
least-connections-cache-on-warm100,110,2,13.5182,1.306,0.716,2.022,night,the-last-of-the-mohicans-a-narrative-of-1757-27681,1,,server-3,1,1,1,1.000,0.284,1.011
least-connections-cache-on-warm100,110,2,13.5273,1.236,19.551,20.787,london,agnes-grey,1,,server-2,1,1,0,1.000,4.902,0.419
least-connections-cache-on-warm100,110,2,13.5364,2.297,1.163,3.460,sea,kidnapped,1,,server-3,1,1,1,1.000,2.589,0.419
least-connections-cache-on-warm100,110,2,13.5455,0.926,31.032,31.959,and,north-and-south,1,,server-3,1,1,1,1.000,2.589,0.325
least-connections-cache-on-warm100,110,2,13.5545,1.625,0.639,2.264,king,persuasion,1,,server-1,1,0,1,6.420,4.710,0.217
least-connections-cache-on-warm100,110,2,13.5636,1.063,0.618,1.680,love,the-jungle-book,1,,server-2,0,1,1,2.223,4.710,0.217
least-connections-cache-on-warm100,110,2,13.5727,1.083,16.203,17.285,he,northanger-abbey,1,,server-1,1,0,1,2.223,1.658,0.217
least-connections-cache-on-warm100,110,2,13.5818,1.100,0.560,1.660,she,cranford,1,,server-2,1,1,0,1.197,1.658,5.064
least-connections-cache-on-warm100,110,2,13.5909,1.041,0.548,1.590,house,far-from-the-madding-crowd,1,,server-3,0,0,1,3.309,0.640,5.064
least-connections-cache-on-warm100,110,2,13.6000,2.304,41.058,43.362,horse,emma,1,,server-1,1,0,0,3.309,0.640,1.765
least-connections-cache-on-warm100,110,2,13.6091,4.197,21.130,25.327,and,kidnapped,1,,server-2,1,1,0,1.861,0.640,1.765
least-connections-cache-on-warm100,110,2,13.6182,2.856,26.965,29.821,you,the-tenant-of-wildfell-hall,1,,server-3,1,1,1,1.861,0.593,1.765
least-connections-cache-on-warm100,110,2,13.6273,16.267,0.659,16.926,he,the-secret-garden,1,,server-1,2,1,1,1.861,0.593,1.055
least-connections-cache-on-warm100,110,2,13.6364,1.066,0.488,1.553,night,the-secret-adversary,1,,server-2,2,1,1,1.861,3.610,1.055
least-connections-cache-on-warm100,110,2,13.6455,1.154,18.252,19.406,night,wuthering-heights,1,,server-1,1,0,1,3.944,1.261,1.055
least-connections-cache-on-warm100,110,2,13.6545,1.189,15.519,16.708,and,the-mystery-of-edwin-drood,1,,server-2,1,1,0,2.069,1.261,4.909
least-connections-cache-on-warm100,110,2,13.6636,1.129,0.771,1.900,she,desperate-remedies,1,,server-3,1,1,1,2.069,0.713,4.909
least-connections-cache-on-warm100,110,2,13.6727,1.188,0.754,1.941,he,the-adventures-of-ferdinand-count-fathom-complete,1,,server-1,1,0,0,4.213,2.906,1.722
least-connections-cache-on-warm100,110,2,13.6818,1.112,0.685,1.797,you,the-jungle,1,,server-2,0,1,0,1.503,2.906,1.722
least-connections-cache-on-warm100,110,2,13.6909,2.965,35.485,38.450,was,northanger-abbey,1,,server-3,0,0,1,1.503,1.065,1.722
least-connections-cache-on-warm100,110,2,13.7000,5.590,25.860,31.450,letter,memoirs-of-fanny-hill,1,,server-1,1,0,1,1.503,1.065,1.032
least-connections-cache-on-warm100,110,2,13.7091,5.475,21.261,26.736,whale,anne-of-green-gables,1,,server-2,1,1,1,1.061,1.065,1.032
least-connections-cache-on-warm100,110,2,13.7182,11.426,14.387,25.813,he,herland,1,,server-3,1,1,2,1.061,0.758,1.032
least-connections-cache-on-warm100,110,2,13.7273,4.902,36.687,41.589,money,the-vicomte-de-bragelonne,1,,server-1,2,1,2,1.061,0.758,1.032
least-connections-cache-on-warm100,110,2,13.7364,1.199,0.513,1.712,he,the-adventures-of-sherlock-holmes,1,,server-2,1,2,1,2.786,3.723,4.724
least-connections-cache-on-warm100,110,2,13.7455,1.410,19.674,21.084,horse,the-works-of-edgar-allan-poe-volume-2,1,,server-3,1,0,1,2.786,1.305,5.278
least-connections-cache-on-warm100,110,2,13.7545,1.502,11.856,13.358,horse,treasure-island,1,,server-2,1,1,1,2.786,1.305,2.760
least-connections-cache-on-warm100,110,2,13.7636,2.462,0.785,3.246,letter,agnes-grey,1,,server-3,1,1,2,2.786,0.718,2.760
least-connections-cache-on-warm100,110,2,13.7727,1.402,0.574,1.976,king,the-great-gatsby,1,,server-1,1,0,0,7.621,2.339,2.010
least-connections-cache-on-warm100,110,2,13.7818,1.495,24.113,25.608,heart,the-age-of-innocence,1,,server-2,0,1,0,2.595,2.339,2.010
least-connections-cache-on-warm100,110,2,13.7909,3.126,16.175,19.301,whale,around-the-world-in-eighty-days,1,,server-3,0,1,1,2.595,1.283,2.010
least-connections-cache-on-warm100,110,2,13.8000,1.663,26.450,28.113,money,the-house-of-mirth,1,,server-1,1,1,1,2.595,1.283,1.179
least-connections-cache-on-warm100,110,2,13.8091,1.359,0.694,2.053,love,washington-square,1,,server-2,1,1,1,1.414,4.616,1.179
least-connections-cache-on-warm100,110,2,13.8182,1.206,29.204,30.410,horse,the-adventures-of-ferdinand-count-fathom-complete,1,,server-3,1,0,1,1.414,1.614,3.253
least-connections-cache-on-warm100,110,2,13.8273,1.434,20.823,22.257,night,the-house-of-the-seven-gables,1,,server-2,1,1,1,1.414,1.614,1.720
least-connections-cache-on-warm100,110,2,13.8364,1.690,8.547,10.237,house,the-great-gatsby,1,,server-1,1,1,1,5.074,0.890,1.720
least-connections-cache-on-warm100,110,2,13.8455,4.398,0.758,5.156,whale,poirot-investigates,1,,server-2,1,2,1,2.696,0.890,1.720
least-connections-cache-on-warm100,110,2,13.8545,1.242,0.633,1.875,was,the-works-of-edgar-allan-poe-volume-2,1,,server-3,0,0,1,3.038,1.793,5.727
least-connections-cache-on-warm100,110,2,13.8636,2.123,30.480,32.603,castle,the-age-of-innocence,1,,server-1,1,0,0,3.038,1.793,1.966
least-connections-cache-on-warm100,110,2,13.8727,4.394,25.223,29.617,king,the-return-of-sherlock-holmes,1,,server-2,1,1,0,1.672,1.793,1.966
least-connections-cache-on-warm100,110,2,13.8818,2.796,1.535,4.331,whale,silas-marner,1,,server-3,1,1,1,1.672,1.147,1.966
least-connections-cache-on-warm100,110,2,13.8909,1.164,0.807,1.971,night,northanger-abbey,1,,server-3,1,1,1,1.672,1.147,0.902
least-connections-cache-on-warm100,110,2,13.9000,1.383,1.065,2.448,heart,the-works-of-edgar-allan-poe-volume-2,1,,server-1,1,1,0,5.869,1.147,0.420
least-connections-cache-on-warm100,110,2,13.9091,1.309,0.731,2.040,castle,little-women,1,,server-2,0,1,0,2.061,4.609,0.420
least-connections-cache-on-warm100,110,2,13.9182,2.406,38.936,41.342,letter,the-secret-garden-17396,1,,server-3,0,0,1,2.061,1.613,0.420
least-connections-cache-on-warm100,110,2,13.9273,4.376,42.199,46.575,night,mary-barton,1,,server-1,1,0,1,2.061,1.613,0.352
least-connections-cache-on-warm100,110,2,13.9364,4.708,31.161,35.869,heart,the-jungle,1,,server-2,1,1,1,1.307,1.613,0.352
least-connections-cache-on-warm100,110,2,13.9455,14.634,0.701,15.336,king,a-tale-of-two-cities,1,,server-3,1,1,2,1.307,1.097,0.352
least-connections-cache-on-warm100,110,2,13.9545,19.341,0.690,20.031,castle,the-secret-garden-17396,1,,server-1,2,1,2,1.307,1.097,0.352
least-connections-cache-on-warm100,110,2,13.9636,0.963,0.488,1.451,the,the-mysterious-island,1,,server-3,2,1,1,1.307,1.097,2.979
least-connections-cache-on-warm100,110,2,13.9727,1.057,14.700,15.757,she,white-fang,1,,server-3,2,1,1,4.105,5.485,1.048
least-connections-cache-on-warm100,110,2,13.9818,1.046,0.548,1.594,whale,the-innocents-abroad,1,,server-1,1,0,1,4.697,5.485,0.594
least-connections-cache-on-warm100,110,2,13.9909,1.867,1.124,2.991,whale,desperate-remedies,1,,server-2,0,1,0,1.634,5.485,2.692
least-connections-cache-on-warm100,110,2,14.0000,3.138,51.194,54.331,the,north-and-south,1,,server-3,0,0,1,1.634,1.971,2.692
least-connections-cache-on-warm100,110,2,14.0091,4.545,2.641,7.187,was,the-return-of-sherlock-holmes-108,1,,server-1,1,0,1,1.634,1.971,1.583
least-connections-cache-on-warm100,110,2,14.0182,5.101,23.664,28.765,castle,kidnapped,1,,server-2,0,1,1,0.989,1.971,1.583
least-connections-cache-on-warm100,110,2,14.0273,3.762,1.702,5.464,and,walden-and-on-the-duty-of-civil-disobedience,1,,server-1,1,1,1,0.989,1.277,1.583
least-connections-cache-on-warm100,110,2,14.0364,2.040,0.743,2.783,the,the-house-of-the-seven-gables,1,,server-1,1,1,1,0.583,1.277,1.583
least-connections-cache-on-warm100,110,2,14.0455,1.096,30.772,31.868,money,the-romance-of-lust-a-classic-victorian-erotic-novel,1,,server-1,1,1,1,0.321,1.277,1.583
least-connections-cache-on-warm100,110,2,14.0545,1.514,0.846,2.359,was,autobiography-of-benjamin-franklin,1,,server-2,1,1,1,0.213,4.431,9.032
least-connections-cache-on-warm100,110,2,14.0636,1.033,0.680,1.712,you,a-princess-of-mars,1,,server-3,1,0,1,0.213,1.598,9.032
least-connections-cache-on-warm100,110,2,14.0727,1.073,0.727,1.800,love,madame-bovary,1,,server-2,1,1,0,0.213,1.598,3.067
least-connections-cache-on-warm100,110,2,14.0818,1.285,9.513,10.798,love,the-kama-sutra-of-vatsyayana,1,,server-3,0,0,1,5.035,0.647,3.067
least-connections-cache-on-warm100,110,2,14.0909,1.613,1.111,2.724,and,jane-eyre-an-autobiography,1,,server-1,1,0,1,5.035,0.647,1.630
least-connections-cache-on-warm100,110,2,14.1000,2.822,24.073,26.895,sea,beyond-good-and-evil,1,,server-2,0,1,0,1.832,0.647,2.526
least-connections-cache-on-warm100,110,2,14.1091,4.597,25.478,30.075,heart,the-last-of-the-mohicans-a-narrative-of-1757-27681,1,,server-3,0,1,1,1.832,0.485,2.526
least-connections-cache-on-warm100,110,2,14.1182,3.360,17.611,20.970,the,the-secret-garden,1,,server-1,1,1,1,1.832,0.485,1.543
least-connections-cache-on-warm100,110,2,14.1273,1.236,13.737,14.973,was,white-fang,1,,server-2,1,1,1,0.996,4.059,1.543
least-connections-cache-on-warm100,110,2,14.1364,3.189,0.801,3.990,letter,jude-the-obscure,1,,server-3,1,1,2,0.996,2.131,1.543
least-connections-cache-on-warm100,110,2,14.1455,1.242,21.921,23.162,he,his-last-bow,1,,server-1,1,0,0,3.416,3.530,2.130
least-connections-cache-on-warm100,110,2,14.1545,2.320,37.046,39.366,she,the-last-of-the-mohicans-a-narrative-of-1757,1,,server-2,1,1,0,1.810,3.530,2.130
least-connections-cache-on-warm100,110,2,14.1636,1.063,0.626,1.689,love,around-the-world-in-eighty-days,1,,server-3,1,1,1,1.810,1.933,2.130
least-connections-cache-on-warm100,110,2,14.1727,2.597,1.481,4.078,night,the-song-of-the-lark,1,,server-1,1,1,0,4.600,1.933,0.802
least-connections-cache-on-warm100,110,2,14.1818,1.269,23.369,24.638,the,the-return-of-sherlock-holmes,1,,server-3,0,1,1,1.770,1.933,0.802
least-connections-cache-on-warm100,110,2,14.1909,1.791,0.953,2.744,house,anne-of-green-gables,1,,server-1,1,1,1,1.770,1.933,0.480
least-connections-cache-on-warm100,110,2,14.2000,1.749,0.809,2.558,heart,the-iliad,1,,server-2,0,1,1,0.742,7.048,0.480
least-connections-cache-on-warm100,110,2,14.2091,1.515,0.822,2.337,letter,frankenstein-or-the-modern-prometheus-41445,1,,server-3,0,0,1,0.742,2.411,4.004
least-connections-cache-on-warm100,110,2,14.2182,2.883,29.557,32.439,he,a-princess-of-mars,1,,server-1,1,0,0,0.742,2.411,1.436
least-connections-cache-on-warm100,110,2,14.2273,5.103,32.263,37.366,letter,life-on-the-mississippi,1,,server-2,1,1,0,0.503,2.411,1.436
least-connections-cache-on-warm100,110,2,14.2364,3.748,1.495,5.242,london,a-journey-to-the-centre-of-the-earth,1,,server-3,1,1,1,0.503,1.583,1.436
least-connections-cache-on-warm100,110,2,14.2455,1.548,0.805,2.353,she,the-war-of-the-worlds,1,,server-3,1,1,1,0.503,1.583,0.703
least-connections-cache-on-warm100,110,2,14.2545,1.453,21.671,23.124,of,thus-spake-zarathustra-a-book-for-all-and-none,1,,server-1,1,1,0,4.945,1.583,0.341
least-connections-cache-on-warm100,110,2,14.2636,1.319,0.669,1.988,of,cranford,1,,server-3,1,1,1,2.599,1.583,0.341
least-connections-cache-on-warm100,110,2,14.2727,1.146,0.571,1.717,heart,beyond-good-and-evil,1,,server-2,1,1,0,2.599,6.036,0.221
least-connections-cache-on-warm100,110,2,14.2818,1.184,0.806,1.990,you,desperate-remedies,1,,server-3,0,0,1,5.075,2.081,0.221
least-connections-cache-on-warm100,110,2,14.2909,2.413,1.855,4.268,castle,the-innocents-abroad,1,,server-1,1,0,0,5.075,2.081,0.191
least-connections-cache-on-warm100,110,2,14.3000,4.089,41.877,45.966,night,poirot-investigates,1,,server-2,0,1,0,1.977,2.081,0.191
least-connections-cache-on-warm100,110,2,14.3091,4.675,2.983,7.658,heart,autobiography-of-benjamin-franklin,1,,server-3,0,1,1,1.977,1.349,0.191
least-connections-cache-on-warm100,110,2,14.3182,5.928,2.215,8.142,and,the-iliad,1,,server-1,1,1,0,1.977,1.349,0.507
least-connections-cache-on-warm100,110,2,14.3273,2.532,1.489,4.021,he,grimms-fairy-tales,1,,server-3,1,1,1,0.991,1.349,0.507
least-connections-cache-on-warm100,110,2,14.3364,3.839,27.597,31.436,was,desperate-remedies,1,,server-1,1,1,0,0.991,1.349,0.390
least-connections-cache-on-warm100,110,2,14.3455,2.084,0.915,2.999,heart,white-fang,1,,server-3,1,1,1,0.752,9.192,0.390
least-connections-cache-on-warm100,110,2,14.3545,1.175,0.901,2.077,letter,the-jungle-book,1,,server-2,1,1,0,0.752,7.368,0.301
least-connections-cache-on-warm100,110,2,14.3636,1.230,0.771,2.001,london,the-iliad,1,,server-3,1,0,1,0.752,2.517,0.301
least-connections-cache-on-warm100,110,2,14.3727,1.052,12.087,13.139,money,meditations,1,,server-1,1,0,0,4.775,2.517,0.198
least-connections-cache-on-warm100,110,2,14.3818,1.063,0.686,1.750,she,the-secret-adversary,1,,server-2,1,1,0,2.503,2.517,0.198
least-connections-cache-on-warm100,110,2,14.3909,0.993,25.925,26.918,whale,wuthering-heights,1,,server-3,0,0,1,3.519,0.943,0.198
least-connections-cache-on-warm100,110,2,14.4000,1.913,1.261,3.174,house,the-memoirs-of-sherlock-holmes,1,,server-1,1,0,1,3.519,0.943,0.164
least-connections-cache-on-warm100,110,2,14.4091,1.139,0.709,1.848,london,the-american,1,,server-2,0,1,1,1.360,0.943,0.164
least-connections-cache-on-warm100,110,2,14.4182,0.891,22.086,22.978,horse,twenty-thousand-leagues-under-the-sea,1,,server-3,0,0,1,1.360,0.446,4.213
least-connections-cache-on-warm100,110,2,14.4273,1.648,0.785,2.433,king,white-fang,1,,server-1,1,0,1,1.360,0.446,2.202
least-connections-cache-on-warm100,110,2,14.4364,1.100,12.950,14.050,house,the-kama-sutra-of-vatsyayana,1,,server-2,0,1,1,0.581,0.446,2.202
least-connections-cache-on-warm100,110,2,14.4455,1.615,1.109,2.724,whale,little-women,1,,server-3,0,1,1,0.581,0.298,4.911
least-connections-cache-on-warm100,110,2,14.4545,4.123,3.067,7.190,was,little-women,1,,server-1,1,0,0,0.581,2.223,1.768
least-connections-cache-on-warm100,110,2,14.4636,4.981,2.757,7.739,night,the-secret-garden,1,,server-2,0,1,0,0.607,2.223,1.768
least-connections-cache-on-warm100,110,2,14.4727,5.137,35.635,40.772,you,northanger-abbey,1,,server-3,0,0,1,0.607,1.185,1.768
least-connections-cache-on-warm100,110,2,14.4818,4.128,2.392,6.521,whale,jane-eyre-an-autobiography,1,,server-1,1,0,1,0.607,1.185,1.177
least-connections-cache-on-warm100,110,2,14.4909,5.318,27.105,32.423,heart,the-adventures-of-tom-sawyer-complete,1,,server-2,0,1,1,0.565,1.185,1.177
least-connections-cache-on-warm100,110,2,14.5000,3.813,1.749,5.562,heart,the-mysterious-affair-at-styles,1,,server-1,1,1,1,0.565,0.880,1.177
least-connections-cache-on-warm100,110,2,14.5091,1.625,19.901,21.526,love,the-return-of-sherlock-holmes,1,,server-1,1,1,1,0.489,0.880,1.177
least-connections-cache-on-warm100,110,2,14.5182,1.556,12.438,13.994,death,black-beauty,1,,server-3,1,1,1,0.326,0.880,6.279
least-connections-cache-on-warm100,110,2,14.5273,1.490,0.834,2.324,he,the-hound-of-the-baskervilles-3070,1,,server-2,1,1,1,0.326,4.738,3.325
least-connections-cache-on-warm100,110,2,14.5364,1.390,0.712,2.102,house,myths-and-legends-of-ancient-greece-and-rome,1,,server-3,0,0,1,3.319,1.692,4.067
least-connections-cache-on-warm100,110,2,14.5455,2.911,45.062,47.973,whale,the-iliad,1,,server-1,1,0,0,3.319,1.692,1.467
least-connections-cache-on-warm100,110,2,14.5545,4.367,2.183,6.550,horse,the-adventures-of-ferdinand-count-fathom-complete,1,,server-2,1,1,0,1.916,1.692,1.467
least-connections-cache-on-warm100,110,2,14.5636,2.558,13.232,15.790,she,the-wind-in-the-willows,1,,server-3,1,0,1,1.916,0.921,1.467
least-connections-cache-on-warm100,110,2,14.5727,1.252,15.708,16.960,she,the-secret-garden-17396,1,,server-2,1,1,1,1.916,0.921,0.888
least-connections-cache-on-warm100,110,2,14.5818,0.981,0.571,1.552,the,the-innocents-abroad,1,,server-3,1,1,1,1.916,0.535,2.616
least-connections-cache-on-warm100,110,2,14.5909,1.336,0.752,2.088,heart,the-adventures-of-tom-sawyer-complete,1,,server-2,1,1,0,1.916,2.807,0.950
least-connections-cache-on-warm100,110,2,14.6000,1.053,0.682,1.735,house,the-king-in-yellow,1,,server-3,0,0,1,8.331,1.070,0.950
least-connections-cache-on-warm100,110,2,14.6091,1.973,0.904,2.877,castle,emma,1,,server-1,1,0,0,8.331,1.070,0.417
least-connections-cache-on-warm100,110,2,14.6182,2.880,2.150,5.030,house,memoirs-of-fanny-hill,1,,server-2,0,1,0,2.877,1.070,0.417
least-connections-cache-on-warm100,110,2,14.6273,5.266,3.205,8.471,london,the-great-gatsby,1,,server-3,0,0,1,2.877,0.667,0.417
least-connections-cache-on-warm100,110,2,14.6364,4.734,34.423,39.157,horse,a-journey-to-the-centre-of-the-earth,1,,server-1,1,0,0,2.877,0.667,0.613
least-connections-cache-on-warm100,110,2,14.6455,4.578,26.387,30.965,you,beyond-good-and-evil,1,,server-2,1,1,0,1.746,0.667,0.613
least-connections-cache-on-warm100,110,2,14.6545,4.417,2.326,6.742,letter,little-women,1,,server-3,1,1,1,1.746,0.627,0.613
least-connections-cache-on-warm100,110,2,14.6636,2.349,22.060,24.410,he,walden-and-on-the-duty-of-civil-disobedience,1,,server-3,1,1,1,1.746,0.627,0.608
least-connections-cache-on-warm100,110,2,14.6727,3.695,0.627,4.322,whale,adventures-of-huckleberry-finn,1,,server-1,2,1,1,1.746,0.627,0.464
least-connections-cache-on-warm100,110,2,14.6818,1.735,1.099,2.834,london,the-first-men-in-the-moon,1,,server-2,0,1,1,2.454,4.451,0.464
least-connections-cache-on-warm100,110,2,14.6909,1.105,0.523,1.627,love,the-king-in-yellow,1,,server-3,0,0,1,2.454,1.623,3.720
least-connections-cache-on-warm100,110,2,14.7000,0.792,35.253,36.045,the,great-expectations,1,,server-1,1,0,0,2.454,1.623,1.303
least-connections-cache-on-warm100,110,2,14.7091,2.190,27.601,29.791,the,life-on-the-mississippi,1,,server-2,1,1,0,1.303,1.623,1.303
least-connections-cache-on-warm100,110,2,14.7182,1.689,0.825,2.514,of,the-moonstone,1,,server-3,1,1,1,1.303,0.975,1.303
least-connections-cache-on-warm100,110,2,14.7273,1.065,0.685,1.750,king,the-war-of-the-worlds,1,,server-3,1,1,1,1.303,0.975,0.581
least-connections-cache-on-warm100,110,2,14.7364,1.161,31.003,32.164,love,the-vicomte-de-bragelonne,1,,server-1,1,1,0,6.457,0.975,0.326
least-connections-cache-on-warm100,110,2,14.7455,1.179,0.600,1.779,was,agnes-grey,1,,server-2,1,1,0,3.369,4.945,0.326
least-connections-cache-on-warm100,110,2,14.7545,1.008,0.602,1.610,love,washington-square,1,,server-3,1,0,1,3.369,1.733,0.326
least-connections-cache-on-warm100,110,2,14.7636,0.904,22.143,23.047,the,pride-and-prejudice,1,,server-2,1,1,0,3.369,1.733,0.217
least-connections-cache-on-warm100,110,2,14.7727,0.996,25.754,26.750,was,oliver-twist,1,,server-3,0,1,1,7.056,0.940,0.217
least-connections-cache-on-warm100,110,2,14.7818,1.548,0.799,2.347,whale,tess-of-the-d-urbervilles-a-pure-woman,1,,server-1,1,1,1,7.056,0.940,0.170
least-connections-cache-on-warm100,110,2,14.7909,1.185,0.601,1.786,and,a-princess-of-mars,1,,server-2,0,1,1,2.421,4.137,0.170
least-connections-cache-on-warm100,110,2,14.8000,1.095,0.562,1.657,the,a-tale-of-two-cities,1,,server-3,0,0,1,2.421,1.461,4.219
least-connections-cache-on-warm100,110,2,14.8091,1.190,26.469,27.659,he,far-from-the-madding-crowd,1,,server-1,1,0,0,2.421,1.461,1.476
least-connections-cache-on-warm100,110,2,14.8182,1.608,12.034,13.642,letter,the-prince,1,,server-2,1,1,0,1.325,1.461,1.476
least-connections-cache-on-warm100,110,2,14.8273,1.121,12.813,13.934,london,his-last-bow,1,,server-3,1,1,1,1.325,0.863,1.476
least-connections-cache-on-warm100,110,2,14.8364,1.059,0.584,1.643,heart,the-great-gatsby,1,,server-2,1,1,1,1.325,2.410,0.828
least-connections-cache-on-warm100,110,2,14.8455,1.111,33.078,34.189,house,jude-the-obscure,1,,server-3,0,0,1,5.086,0.885,2.541
least-connections-cache-on-warm100,110,2,14.8545,2.479,1.576,4.055,whale,the-return-of-sherlock-holmes,1,,server-1,1,0,1,5.086,0.885,1.376
least-connections-cache-on-warm100,110,2,14.8636,1.560,15.519,17.079,london,autobiography-of-benjamin-franklin,1,,server-2,0,1,1,1.962,0.885,1.376
least-connections-cache-on-warm100,110,2,14.8727,1.390,0.707,2.098,house,sense-and-sensibility,1,,server-1,1,1,1,1.962,0.554,1.376
least-connections-cache-on-warm100,110,2,14.8818,0.911,0.465,1.375,death,madame-bovary,1,,server-2,0,1,0,0.780,2.791,6.145
least-connections-cache-on-warm100,110,2,14.8909,2.023,1.032,3.054,the,the-mysterious-island,1,,server-3,0,0,1,0.780,1.007,6.145
least-connections-cache-on-warm100,110,2,14.9000,2.694,1.963,4.657,love,a-tale-of-two-cities,1,,server-1,1,0,0,0.780,1.007,2.157
least-connections-cache-on-warm100,110,2,14.9091,5.073,2.857,7.930,was,the-return-of-sherlock-holmes-108,1,,server-2,0,1,0,0.565,1.007,2.157
least-connections-cache-on-warm100,110,2,14.9182,4.540,2.904,7.445,he,the-war-of-the-worlds,1,,server-3,0,0,1,0.565,0.714,2.157
least-connections-cache-on-warm100,110,2,14.9273,4.776,36.863,41.639,the,kidnapped,1,,server-1,1,0,0,0.565,0.714,1.160
least-connections-cache-on-warm100,110,2,14.9364,4.976,35.819,40.795,she,the-last-of-the-mohicans-a-narrative-of-1757-27681,1,,server-2,1,1,0,0.594,0.714,1.160
least-connections-cache-on-warm100,110,2,14.9455,4.338,2.851,7.188,night,the-song-of-the-lark,1,,server-3,1,1,1,0.594,0.682,1.160
least-connections-cache-on-warm100,110,2,14.9545,4.020,0.565,4.586,castle,the-first-men-in-the-moon,1,,server-3,1,1,1,0.594,0.682,0.718
least-connections-cache-on-warm100,110,2,14.9636,2.082,20.733,22.814,you,thus-spake-zarathustra-a-book-for-all-and-none,1,,server-3,1,1,1,0.594,0.682,0.470
least-connections-cache-on-warm100,110,2,14.9727,1.444,0.924,2.368,horse,cranford,1,,server-1,1,1,1,6.091,0.682,0.333
least-connections-cache-on-warm100,110,2,14.9818,1.384,0.686,2.071,and,adventures-of-huckleberry-finn,1,,server-2,0,1,1,2.150,5.978,0.333
least-connections-cache-on-warm100,110,2,14.9909,1.096,0.700,1.797,king,memoirs-of-fanny-hill,1,,server-3,0,0,1,2.150,2.074,3.462
