label,rate,run,t_s,conn_ms,rpc_ms,total_ms,keyword,reference,ok,error_type,selected_server,server_1_connections,server_2_connections,server_3_connections,server_1_response_ewma_ms,server_2_response_ewma_ms,server_3_response_ewma_ms
cache-on-warm100,110,2,0.0000,1.032,33.863,34.896,he,the-vicomte-de-bragelonne,1,,server-1,1,0,0,,,
cache-on-warm100,110,2,0.0091,25.835,42.742,68.577,king,desperate-remedies,1,,server-1,2,0,0,,,
cache-on-warm100,110,2,0.0182,17.404,1.586,18.990,death,dracula,1,,server-1,3,0,0,,,
cache-on-warm100,110,2,0.0273,9.538,40.242,49.780,of,the-lost-world,1,,server-1,4,0,0,,,
cache-on-warm100,110,2,0.0364,2.029,54.577,56.606,house,the-house-of-the-seven-gables,1,,server-1,4,0,0,,,
cache-on-warm100,110,2,0.0455,32.778,33.108,65.886,castle,the-portrait-of-a-lady-volume-1,1,,server-1,5,0,0,,,
cache-on-warm100,110,2,0.0545,65.121,159.426,224.547,king,myths-and-legends-of-ancient-greece-and-rome,1,,server-1,6,0,0,,,
cache-on-warm100,110,2,0.0636,14.694,41.207,55.901,heart,the-mysterious-affair-at-styles,1,,server-1,6,0,0,,,
cache-on-warm100,110,2,0.0727,21.488,46.884,68.372,king,the-scarlet-letter-33,1,,server-1,7,0,0,,,
cache-on-warm100,110,2,0.0818,58.961,90.100,149.061,death,the-warden,1,,server-1,6,0,0,,,
cache-on-warm100,110,2,0.0909,28.285,111.840,140.125,and,meditations,1,,server-1,7,0,0,,,
cache-on-warm100,110,2,0.1000,38.368,4.741,43.110,king,persuasion,1,,server-1,7,0,0,,,
cache-on-warm100,110,2,0.1091,35.345,177.927,213.271,the,jude-the-obscure,1,,server-1,8,0,0,,,
cache-on-warm100,110,2,0.1182,23.201,138.115,161.315,castle,the-jungle,1,,server-1,9,0,0,,,
cache-on-warm100,110,2,0.1273,14.311,91.009,105.320,horse,dubliners,1,,server-1,8,0,0,,,
cache-on-warm100,110,2,0.1364,6.507,158.188,164.696,heart,the-innocents-abroad,1,,server-1,9,0,0,,,
cache-on-warm100,110,2,0.1455,87.964,88.307,176.271,she,madame-bovary,1,,server-1,8,0,0,,,
cache-on-warm100,110,2,0.1545,168.084,45.392,213.476,death,leaves-of-grass,1,,server-1,9,0,0,,,
cache-on-warm100,110,2,0.1636,158.528,51.786,210.314,he,the-romance-of-lust-a-classic-victorian-erotic-novel,1,,server-1,10,0,0,,,
cache-on-warm100,110,2,0.1727,150.750,177.430,328.180,was,thus-spake-zarathustra-a-book-for-all-and-none,1,,server-1,11,0,0,,,
cache-on-warm100,110,2,0.1818,192.061,147.108,339.169,money,the-memoirs-of-sherlock-holmes,1,,server-1,12,0,0,,,
cache-on-warm100,110,2,0.1909,133.442,159.505,292.947,heart,the-kama-sutra-of-vatsyayana,1,,server-1,13,0,0,,,
cache-on-warm100,110,2,0.2000,126.403,223.779,350.181,death,around-the-world-in-eighty-days,1,,server-1,14,0,0,,,
cache-on-warm100,110,2,0.2091,159.301,64.224,223.525,horse,desperate-remedies,1,,server-1,15,0,0,,,
cache-on-warm100,110,2,0.2182,109.132,223.549,332.681,death,jane-eyre-an-autobiography,1,,server-1,16,0,0,,,
cache-on-warm100,110,2,0.2273,164.282,127.539,291.822,heart,the-portrait-of-a-lady-volume-1,1,,server-1,17,0,0,,,
cache-on-warm100,110,2,0.2364,138.500,145.903,284.403,night,desperate-remedies,1,,server-1,16,0,0,,,
cache-on-warm100,110,2,0.2455,303.822,179.362,483.184,sea,autobiography-of-benjamin-franklin,1,,server-1,17,0,0,,,
cache-on-warm100,110,2,0.2545,121.507,224.574,346.082,horse,the-kama-sutra-of-vatsyayana,1,,server-1,18,0,0,,,
cache-on-warm100,110,2,0.2636,288.551,361.068,649.619,was,autobiography-of-benjamin-franklin,1,,server-1,19,0,0,,,
cache-on-warm100,110,2,0.2727,161.401,161.751,323.152,he,the-picture-of-dorian-gray,1,,server-1,20,0,0,,,
cache-on-warm100,110,2,0.2818,269.008,97.144,366.152,sea,a-connecticut-yankee-in-king-arthur-s-court,1,,server-1,20,0,0,,,
cache-on-warm100,110,2,0.2909,262.503,240.262,502.765,was,black-beauty,1,,server-1,21,0,0,,,
cache-on-warm100,110,2,0.3000,252.313,179.953,432.265,horse,the-return-of-sherlock-holmes,1,,server-1,22,0,0,,,
cache-on-warm100,110,2,0.3091,245.604,415.630,661.234,castle,walden-and-on-the-duty-of-civil-disobedience,1,,server-1,23,0,0,,,
cache-on-warm100,110,2,0.3182,249.747,411.338,661.085,love,the-mysterious-island,1,,server-1,24,0,0,,,
cache-on-warm100,110,2,0.3273,268.293,507.501,775.794,house,white-fang,1,,server-1,20,0,0,,,
cache-on-warm100,110,2,0.3364,366.191,277.187,643.378,letter,frankenstein-or-the-modern-prometheus,1,,server-1,21,0,0,,,
cache-on-warm100,110,2,0.3455,255.605,317.342,572.947,the,madame-bovary,1,,server-1,22,0,0,,,
cache-on-warm100,110,2,0.3545,294.277,328.636,622.913,sea,the-portrait-of-a-lady-volume-1,1,,server-1,23,0,0,,,
cache-on-warm100,110,2,0.3636,360.676,252.586,613.263,letter,the-works-of-edgar-allan-poe-volume-2,1,,server-1,24,0,0,,,
cache-on-warm100,110,2,0.3727,350.537,248.109,598.646,and,madame-bovary,1,,server-1,24,0,0,,,
cache-on-warm100,110,2,0.3818,347.379,247.810,595.189,was,jude-the-obscure,1,,server-1,24,0,0,,,
cache-on-warm100,110,2,0.3909,342.424,243.878,586.302,letter,the-first-men-in-the-moon,1,,server-1,25,0,0,,,
cache-on-warm100,110,2,0.4000,335.061,367.715,702.777,whale,the-innocents-abroad,1,,server-1,26,0,0,,,
cache-on-warm100,110,2,0.4091,437.737,259.465,697.202,king,black-beauty,1,,server-1,27,0,0,,,
cache-on-warm100,110,2,0.4182,448.370,268.352,716.723,the,the-vicomte-de-bragelonne,1,,server-1,28,0,0,,,
cache-on-warm100,110,2,0.4273,551.423,151.543,702.967,you,emma,1,,server-1,29,0,0,,,
cache-on-warm100,110,2,0.4364,611.244,162.914,774.158,letter,washington-square,1,,server-1,30,0,0,,,
cache-on-warm100,110,2,0.4455,657.066,97.058,754.124,the,the-kama-sutra-of-vatsyayana,1,,server-1,31,0,0,,,
cache-on-warm100,110,2,0.4545,593.091,163.208,756.299,london,the-tenant-of-wildfell-hall,1,,server-1,32,0,0,,,
cache-on-warm100,110,2,0.4636,590.352,223.789,814.141,horse,the-mystery-of-edwin-drood,1,,server-1,33,0,0,,,
cache-on-warm100,110,2,0.4727,674.149,266.033,940.182,she,the-divine-comedy,1,,server-1,34,0,0,,,
cache-on-warm100,110,2,0.4818,655.076,141.208,796.284,heart,the-memoirs-of-sherlock-holmes,1,,server-1,35,0,0,,,
cache-on-warm100,110,2,0.4909,658.399,129.548,787.947,king,frankenstein-or-the-modern-prometheus,1,,server-1,36,0,0,,,
cache-on-warm100,110,2,0.5000,648.608,94.738,743.346,money,the-mystery-of-edwin-drood,1,,server-1,36,0,0,,,
cache-on-warm100,110,2,0.5091,734.785,51.908,786.693,castle,the-secret-garden-17396,1,,server-1,36,0,0,,,
cache-on-warm100,110,2,0.5182,722.531,73.088,795.619,horse,wuthering-heights,1,,server-1,37,0,0,,,
cache-on-warm100,110,2,0.5273,748.270,135.380,883.650,house,treasure-island,1,,server-1,37,0,0,,,
cache-on-warm100,110,2,0.5364,739.358,327.960,1067.318,money,the-jungle-book,1,,server-1,38,0,0,,,
cache-on-warm100,110,2,0.5455,732.474,114.033,846.507,london,dracula,1,,server-1,39,0,0,,,
cache-on-warm100,110,2,0.5545,813.765,181.374,995.140,castle,the-tenant-of-wildfell-hall,1,,server-1,35,0,0,,,
cache-on-warm100,110,2,0.5636,749.905,186.653,936.559,night,the-picture-of-dorian-gray,1,,server-1,36,0,0,,,
cache-on-warm100,110,2,0.5727,740.410,160.194,900.603,night,autobiography-of-benjamin-franklin,1,,server-1,37,0,0,,,
cache-on-warm100,110,2,0.5818,731.592,159.507,891.099,money,the-works-of-edgar-allan-poe-volume-2,1,,server-1,38,0,0,,,
cache-on-warm100,110,2,0.5909,881.053,193.181,1074.233,london,persuasion,1,,server-1,39,0,0,,,
cache-on-warm100,110,2,0.6000,816.692,136.109,952.801,death,the-scarlet-letter-33,1,,server-1,40,0,0,,,
cache-on-warm100,110,2,0.6091,864.008,152.999,1017.007,heart,black-beauty,1,,server-1,41,0,0,,,
cache-on-warm100,110,2,0.6182,854.361,149.111,1003.472,whale,the-picture-of-dorian-gray,1,,server-1,42,0,0,,,
cache-on-warm100,110,2,0.6273,855.164,66.602,921.766,whale,emma,1,,server-1,42,0,0,,,
cache-on-warm100,110,2,0.6364,836.320,151.194,987.514,of,the-picture-of-dorian-gray,1,,server-1,43,0,0,,,
cache-on-warm100,110,2,0.6455,839.959,66.862,906.821,horse,wuthering-heights,1,,server-1,44,0,0,,,
cache-on-warm100,110,2,0.6545,879.573,268.765,1148.338,house,the-adventures-of-tom-sawyer-complete,1,,server-1,45,0,0,,,
cache-on-warm100,110,2,0.6636,873.220,149.524,1022.744,and,wuthering-heights,1,,server-1,46,0,0,,,
cache-on-warm100,110,2,0.6727,896.918,117.630,1014.549,the,the-odyssey,1,,server-1,46,0,0,,,
cache-on-warm100,110,2,0.6818,888.488,119.135,1007.624,of,the-return-of-sherlock-holmes-108,1,,server-1,47,0,0,,,
cache-on-warm100,110,2,0.6909,878.436,95.414,973.850,love,desperate-remedies,1,,server-1,48,0,0,,,
cache-on-warm100,110,2,0.7000,947.226,202.623,1149.849,he,silas-marner,1,,server-1,49,0,0,,,
cache-on-warm100,110,2,0.7091,956.079,106.927,1063.006,she,leaves-of-grass,1,,server-1,49,0,0,,,
cache-on-warm100,110,2,0.7182,967.978,86.896,1054.874,whale,the-return-of-sherlock-holmes,1,,server-1,50,0,0,,,
cache-on-warm100,110,2,0.7273,938.561,70.908,1009.468,sea,the-prince,1,,server-1,51,0,0,,,
cache-on-warm100,110,2,0.7364,950.459,127.231,1077.689,night,treasure-island,1,,server-1,52,0,0,,,
cache-on-warm100,110,2,0.7455,947.149,158.659,1105.808,letter,villette,1,,server-1,53,0,0,,,
cache-on-warm100,110,2,0.7545,978.844,127.355,1106.199,king,the-secret-garden,1,,server-1,54,0,0,,,
cache-on-warm100,110,2,0.7636,944.827,141.431,1086.258,horse,the-divine-comedy,1,,server-1,55,0,0,,,
cache-on-warm100,110,2,0.7727,1000.416,42.064,1042.480,you,emma,1,,server-1,56,0,0,,,
cache-on-warm100,110,2,0.7818,1017.286,48.465,1065.751,night,the-jungle-book,1,,server-1,57,0,0,,,
cache-on-warm100,110,2,0.7909,1022.502,107.759,1130.260,love,northanger-abbey,1,,server-1,58,0,0,,,
cache-on-warm100,110,2,0.8000,1051.085,55.869,1106.955,horse,anne-of-green-gables,1,,server-1,59,0,0,,,
cache-on-warm100,110,2,0.8091,1054.787,129.779,1184.566,house,the-wind-in-the-willows,1,,server-1,60,0,0,,,
cache-on-warm100,110,2,0.8182,1035.892,107.681,1143.573,death,the-portrait-of-a-lady-volume-1,1,,server-1,60,0,0,,,
cache-on-warm100,110,2,0.8273,1060.715,106.569,1167.285,house,frankenstein-or-the-modern-prometheus,1,,server-1,61,0,0,,,
cache-on-warm100,110,2,0.8364,1051.630,241.441,1293.071,love,treasure-island,1,,server-1,62,0,0,,,
cache-on-warm100,110,2,0.8455,1066.865,155.875,1222.739,death,white-fang,1,,server-1,62,0,0,,,
cache-on-warm100,110,2,0.8545,1058.435,258.656,1317.091,night,meditations,1,,server-1,63,0,0,,,
cache-on-warm100,110,2,0.8636,1094.253,304.883,1399.137,death,walden-and-on-the-duty-of-civil-disobedience,1,,server-1,64,0,0,,,
cache-on-warm100,110,2,0.8727,1084.493,244.323,1328.815,he,the-portrait-of-a-lady-volume-1,1,,server-1,64,0,0,,,
cache-on-warm100,110,2,0.8818,1073.622,304.806,1378.428,castle,the-divine-comedy,1,,server-1,65,0,0,,,
cache-on-warm100,110,2,0.8909,1083.145,298.468,1381.613,you,the-warden,1,,server-1,66,0,0,,,
cache-on-warm100,110,2,0.9000,1096.043,174.251,1270.295,sea,walden-and-on-the-duty-of-civil-disobedience,1,,server-1,67,0,0,,,
cache-on-warm100,110,2,0.9091,1193.704,158.315,1352.019,castle,the-portrait-of-a-lady-volume-1,1,,server-1,68,0,0,,,
cache-on-warm100,110,2,0.9182,1253.185,135.338,1388.523,whale,a-princess-of-mars,1,,server-1,69,0,0,,,
cache-on-warm100,110,2,0.9273,1196.932,149.189,1346.122,the,the-iliad,1,,server-1,69,0,0,,,
cache-on-warm100,110,2,0.9364,1190.363,146.631,1336.993,horse,the-great-gatsby,1,,server-1,70,0,0,,,
cache-on-warm100,110,2,0.9455,1227.398,135.427,1362.825,she,the-mystery-of-edwin-drood,1,,server-1,71,0,0,,,
cache-on-warm100,110,2,0.9545,1218.530,101.030,1319.561,king,persuasion,1,,server-1,72,0,0,,,
cache-on-warm100,110,2,0.9636,1238.223,185.464,1423.686,sea,the-picture-of-dorian-gray,1,,server-1,73,0,0,,,
cache-on-warm100,110,2,0.9727,1227.981,125.836,1353.817,money,his-last-bow,1,,server-1,74,0,0,,,
cache-on-warm100,110,2,0.9818,1282.481,122.452,1404.932,was,meditations,1,,server-1,67,0,0,,,
cache-on-warm100,110,2,0.9909,1317.110,178.248,1495.358,money,little-women,1,,server-1,68,0,0,,,
cache-on-warm100,110,2,1.0000,1310.105,177.577,1487.683,horse,the-jungle-book,1,,server-1,69,0,0,,,
cache-on-warm100,110,2,1.0091,1300.643,176.637,1477.280,you,the-memoirs-of-sherlock-holmes,1,,server-1,70,0,0,,,
cache-on-warm100,110,2,1.0182,1293.322,162.020,1455.342,whale,the-portrait-of-a-lady-volume-1,1,,server-1,71,0,0,,,
cache-on-warm100,110,2,1.0273,1302.794,161.726,1464.520,death,beyond-good-and-evil,1,,server-1,72,0,0,,,
cache-on-warm100,110,2,1.0364,1413.034,360.167,1773.201,castle,the-first-men-in-the-moon,1,,server-1,73,0,0,,,
cache-on-warm100,110,2,1.0455,1398.025,164.099,1562.124,death,the-mysterious-island,1,,server-1,74,0,0,,,
cache-on-warm100,110,2,1.0545,1415.562,95.328,1510.890,death,the-last-of-the-mohicans-a-narrative-of-1757,1,,server-1,75,0,0,,,
cache-on-warm100,110,2,1.0636,1435.188,215.203,1650.391,of,desperate-remedies,1,,server-1,75,0,0,,,
cache-on-warm100,110,2,1.0727,1417.029,323.889,1740.918,money,the-jungle,1,,server-1,76,0,0,,,
cache-on-warm100,110,2,1.0818,1409.150,117.703,1526.853,sea,pride-and-prejudice,1,,server-1,77,0,0,,,
cache-on-warm100,110,2,1.0909,1400.599,322.864,1723.463,he,mansfield-park,1,,server-1,78,0,0,,,
cache-on-warm100,110,2,1.1000,1403.758,215.052,1618.810,king,walden-and-on-the-duty-of-civil-disobedience,1,,server-1,79,0,0,,,
cache-on-warm100,110,2,1.1091,1501.368,204.052,1705.420,horse,a-tale-of-two-cities,1,,server-1,79,0,0,,,
cache-on-warm100,110,2,1.1182,1384.828,210.693,1595.521,death,the-picture-of-dorian-gray,1,,server-1,80,0,0,,,
cache-on-warm100,110,2,1.1273,1491.762,223.523,1715.285,she,the-adventures-of-ferdinand-count-fathom-complete,1,,server-1,81,0,0,,,
cache-on-warm100,110,2,1.1364,1469.994,207.150,1677.144,she,the-secret-garden,1,,server-1,79,0,0,,,
cache-on-warm100,110,2,1.1455,1573.239,95.360,1668.599,of,the-hound-of-the-baskervilles,1,,server-1,79,0,0,,,
cache-on-warm100,110,2,1.1545,1683.775,43.167,1726.942,and,life-on-the-mississippi,1,,server-1,80,0,0,,,
cache-on-warm100,110,2,1.1636,1651.331,353.918,2005.250,heart,the-vicomte-de-bragelonne,1,,server-1,81,0,0,,,
cache-on-warm100,110,2,1.1727,1669.605,27.985,1697.589,horse,the-adventures-of-tom-sawyer-complete,1,,server-1,82,0,0,,,
cache-on-warm100,110,2,1.1818,1656.921,31.196,1688.118,sea,autobiography-of-benjamin-franklin,1,,server-1,83,0,0,,,
cache-on-warm100,110,2,1.1909,1652.854,194.063,1846.916,heart,the-wind-in-the-willows,1,,server-1,84,0,0,,,
cache-on-warm100,110,2,1.2000,1641.896,41.466,1683.363,and,the-scarlet-letter-33,1,,server-1,85,0,0,,,
cache-on-warm100,110,2,1.2091,1633.342,116.717,1750.059,house,adventures-of-huckleberry-finn,1,,server-1,86,0,0,,,
cache-on-warm100,110,2,1.2182,1625.906,99.144,1725.050,london,oliver-twist,1,,server-1,86,0,0,,,
cache-on-warm100,110,2,1.2273,1617.361,116.281,1733.642,and,myths-and-legends-of-ancient-greece-and-rome,1,,server-1,87,0,0,,,
cache-on-warm100,110,2,1.2364,1608.859,188.586,1797.445,night,persuasion,1,,server-1,88,0,0,,,
cache-on-warm100,110,2,1.2455,1623.387,379.345,2002.732,castle,north-and-south,1,,server-1,88,0,0,,,
cache-on-warm100,110,2,1.2545,1626.678,8.752,1635.430,was,autobiography-of-benjamin-franklin,1,,server-1,89,0,0,,,
cache-on-warm100,110,2,1.2636,1623.254,170.878,1794.132,the,poirot-investigates,1,,server-1,89,0,0,,,
cache-on-warm100,110,2,1.2727,1620.204,142.106,1762.310,you,a-journey-to-the-centre-of-the-earth,1,,server-1,90,0,0,,,
cache-on-warm100,110,2,1.2818,1661.785,19.353,1681.138,night,the-picture-of-dorian-gray,1,,server-1,88,0,0,,,
cache-on-warm100,110,2,1.2909,1646.335,42.791,1689.127,letter,the-picture-of-dorian-gray,1,,server-1,89,0,0,,,
cache-on-warm100,110,2,1.3000,1661.657,207.486,1869.144,night,the-american,1,,server-1,89,0,0,,,
cache-on-warm100,110,2,1.3091,1668.807,332.724,2001.531,horse,the-vicomte-de-bragelonne,1,,server-1,90,0,0,,,
cache-on-warm100,110,2,1.3182,1644.660,311.632,1956.291,of,sense-and-sensibility,1,,server-1,90,0,0,,,
cache-on-warm100,110,2,1.3273,1692.282,278.499,1970.781,the,the-wind-in-the-willows,1,,server-1,91,0,0,,,
cache-on-warm100,110,2,1.3364,1683.107,159.759,1842.866,king,oliver-twist,1,,server-1,91,0,0,,,
cache-on-warm100,110,2,1.3455,1691.545,273.631,1965.176,king,the-iliad,1,,server-1,92,0,0,,,
cache-on-warm100,110,2,1.3545,1703.111,328.424,2031.535,letter,the-iliad-2199,1,,server-1,93,0,0,,,
cache-on-warm100,110,2,1.3636,1718.558,228.094,1946.652,the,thus-spake-zarathustra-a-book-for-all-and-none,1,,server-1,94,0,0,,,
cache-on-warm100,110,2,1.3727,1796.096,240.358,2036.455,house,the-odyssey,1,,server-1,95,0,0,,,
cache-on-warm100,110,2,1.3818,1791.346,211.387,2002.733,money,the-mysterious-island,1,,server-1,96,0,0,,,
cache-on-warm100,110,2,1.3909,1790.386,231.064,2021.451,king,a-connecticut-yankee-in-king-arthur-s-court,1,,server-1,97,0,0,,,
cache-on-warm100,110,2,1.4000,1898.285,150.460,2048.744,you,the-return-of-sherlock-holmes,1,,server-1,97,0,0,,,
cache-on-warm100,110,2,1.4091,2005.257,32.604,2037.860,death,leaves-of-grass,1,,server-1,98,0,0,,,
cache-on-warm100,110,2,1.4182,1942.943,136.854,2079.797,castle,adventures-of-huckleberry-finn,1,,server-1,99,0,0,,,
cache-on-warm100,110,2,1.4273,1954.158,67.363,2021.521,castle,the-war-of-the-worlds,1,,server-1,100,0,0,,,
cache-on-warm100,110,2,1.4364,1978.305,83.981,2062.285,she,the-mysterious-island,1,,server-1,100,0,0,,,
cache-on-warm100,110,2,1.4455,1968.752,102.075,2070.827,love,memoirs-of-fanny-hill,1,,server-1,101,0,0,,,
cache-on-warm100,110,2,1.4545,1992.848,36.722,2029.571,he,the-secret-garden,1,,server-1,102,0,0,,,
cache-on-warm100,110,2,1.4636,2004.184,55.415,2059.599,the,the-odyssey,1,,server-1,103,0,0,,,
cache-on-warm100,110,2,1.4727,1976.149,61.098,2037.247,you,meditations,1,,server-1,103,0,0,,,
cache-on-warm100,110,2,1.4818,1967.672,217.895,2185.566,the,dracula,1,,server-1,103,0,0,,,
cache-on-warm100,110,2,1.4909,1994.003,127.701,2121.705,and,the-house-of-the-seven-gables,1,,server-1,103,0,0,,,
cache-on-warm100,110,2,1.5000,1985.590,157.167,2142.757,of,grimms-fairy-tales,1,,server-1,104,0,0,,,
cache-on-warm100,110,2,1.5091,2011.024,436.738,2447.761,king,leaves-of-grass,1,,server-1,105,0,0,,,
cache-on-warm100,110,2,1.5182,2003.627,145.168,2148.795,love,walden-and-on-the-duty-of-civil-disobedience,1,,server-1,106,0,0,,,
cache-on-warm100,110,2,1.5273,1995.573,161.799,2157.372,the,the-king-in-yellow,1,,server-1,107,0,0,,,
cache-on-warm100,110,2,1.5364,2009.992,162.275,2172.267,whale,sense-and-sensibility,1,,server-1,107,0,0,,,
cache-on-warm100,110,2,1.5455,2033.874,88.127,2122.001,he,adventures-of-huckleberry-finn,1,,server-1,108,0,0,,,
cache-on-warm100,110,2,1.5545,2059.373,225.629,2285.002,whale,the-warden,1,,server-1,107,0,0,,,
cache-on-warm100,110,2,1.5636,2124.324,309.343,2433.667,night,memoirs-of-fanny-hill,1,,server-1,108,0,0,,,
cache-on-warm100,110,2,1.5727,2042.166,468.877,2511.043,she,washington-square,1,,server-1,108,0,0,,,
cache-on-warm100,110,2,1.5818,2085.419,66.796,2152.215,king,the-american,1,,server-1,109,0,0,,,
cache-on-warm100,110,2,1.5909,2094.689,153.102,2247.790,she,oliver-twist,1,,server-1,110,0,0,,,
cache-on-warm100,110,2,1.6000,2088.175,364.657,2452.833,was,frankenstein-or-the-modern-prometheus-41445,1,,server-1,111,0,0,,,
cache-on-warm100,110,2,1.6091,2097.326,283.252,2380.577,money,desert-gold,1,,server-1,112,0,0,,,
cache-on-warm100,110,2,1.6182,2111.228,323.334,2434.562,the,the-tenant-of-wildfell-hall,1,,server-1,113,0,0,,,
cache-on-warm100,110,2,1.6273,2190.319,181.345,2371.664,horse,the-return-of-sherlock-holmes,1,,server-1,111,0,0,,,
cache-on-warm100,110,2,1.6364,2093.960,265.020,2358.981,you,villette,1,,server-1,112,0,0,,,
cache-on-warm100,110,2,1.6455,2169.338,268.566,2437.903,you,pride-and-prejudice,1,,server-1,113,0,0,,,
cache-on-warm100,110,2,1.6545,2158.263,327.696,2485.958,house,north-and-south,1,,server-1,113,0,0,,,
cache-on-warm100,110,2,1.6636,2175.504,228.209,2403.714,whale,the-kama-sutra-of-vatsyayana,1,,server-1,114,0,0,,,
cache-on-warm100,110,2,1.6727,2199.858,194.106,2393.964,of,the-secret-garden,1,,server-1,115,0,0,,,
cache-on-warm100,110,2,1.6818,2192.473,209.273,2401.746,castle,myths-and-legends-of-ancient-greece-and-rome,1,,server-1,116,0,0,,,
cache-on-warm100,110,2,1.6909,2298.936,93.787,2392.723,horse,the-king-in-yellow,1,,server-1,114,0,0,,,
cache-on-warm100,110,2,1.7000,2297.238,87.540,2384.778,house,the-odyssey,1,,server-1,114,0,0,,,
cache-on-warm100,110,2,1.7091,2343.207,112.989,2456.196,house,the-mysterious-island,1,,server-1,114,0,0,,,
cache-on-warm100,110,2,1.7182,2364.731,122.635,2487.367,heart,pride-and-prejudice,1,,server-1,115,0,0,,,
cache-on-warm100,110,2,1.7273,2339.862,261.156,2601.017,horse,the-scarlet-letter-33,1,,server-1,116,0,0,,,
cache-on-warm100,110,2,1.7364,2348.392,157.191,2505.583,love,the-last-of-the-mohicans-a-narrative-of-1757,1,,server-1,117,0,0,,,
cache-on-warm100,110,2,1.7455,2338.727,54.962,2393.688,house,the-wind-in-the-willows,1,,server-1,116,0,0,,,
cache-on-warm100,110,2,1.7545,2330.980,129.993,2460.974,sea,frankenstein-or-the-modern-prometheus,1,,server-1,117,0,0,,,
cache-on-warm100,110,2,1.7636,2378.111,147.571,2525.682,horse,the-portrait-of-a-lady-volume-1,1,,server-1,118,0,0,,,
cache-on-warm100,110,2,1.7727,2367.197,121.245,2488.442,king,frankenstein-or-the-modern-prometheus-41445,1,,server-1,119,0,0,,,
cache-on-warm100,110,2,1.7818,2383.573,141.241,2524.814,sea,twenty-thousand-leagues-under-the-sea,1,,server-1,120,0,0,,,
cache-on-warm100,110,2,1.7909,2451.748,143.037,2594.785,death,tess-of-the-d-urbervilles-a-pure-woman,1,,server-1,121,0,0,,,
cache-on-warm100,110,2,1.8000,2415.159,170.311,2585.470,of,black-beauty,1,,server-1,121,0,0,,,
cache-on-warm100,110,2,1.8091,2448.153,87.262,2535.415,king,the-mysterious-affair-at-styles,1,,server-1,121,0,0,,,
cache-on-warm100,110,2,1.8182,2470.826,37.230,2508.056,whale,thus-spake-zarathustra-a-book-for-all-and-none,1,,server-1,120,0,0,,,
cache-on-warm100,110,2,1.8273,2498.732,184.785,2683.517,whale,jude-the-obscure,1,,server-1,121,0,0,,,
cache-on-warm100,110,2,1.8364,2507.061,98.397,2605.458,london,the-jungle,1,,server-1,122,0,0,,,
cache-on-warm100,110,2,1.8455,2499.504,61.215,2560.719,love,northanger-abbey,1,,server-1,123,0,0,,,
cache-on-warm100,110,2,1.8545,2531.723,85.290,2617.013,she,the-hound-of-the-baskervilles-3070,1,,server-1,119,0,0,,,
cache-on-warm100,110,2,1.8636,2522.767,182.460,2705.226,night,the-secret-garden,1,,server-1,120,0,0,,,
cache-on-warm100,110,2,1.8727,2514.278,202.930,2717.208,king,wuthering-heights,1,,server-1,120,0,0,,,
cache-on-warm100,110,2,1.8818,2506.182,110.146,2616.328,money,the-portrait-of-a-lady-volume-1,1,,server-1,121,0,0,,,
cache-on-warm100,110,2,1.8909,2496.531,131.969,2628.499,money,the-last-of-the-mohicans-a-narrative-of-1757,1,,server-1,122,0,0,,,
cache-on-warm100,110,2,1.9000,2504.343,265.259,2769.603,he,the-tenant-of-wildfell-hall,1,,server-1,123,0,0,,,
cache-on-warm100,110,2,1.9091,2528.582,180.214,2708.796,whale,far-from-the-madding-crowd,1,,server-1,124,0,0,,,
cache-on-warm100,110,2,1.9182,2577.185,53.484,2630.668,you,emma,1,,server-1,125,0,0,,,
cache-on-warm100,110,2,1.9273,2544.289,149.554,2693.843,night,villette,1,,server-1,125,0,0,,,
cache-on-warm100,110,2,1.9364,2575.262,57.368,2632.630,she,leaves-of-grass,1,,server-1,126,0,0,,,
cache-on-warm100,110,2,1.9455,2696.739,101.060,2797.799,love,the-lost-world,1,,server-1,127,0,0,,,
cache-on-warm100,110,2,1.9545,2595.396,130.564,2725.961,you,great-expectations,1,,server-1,128,0,0,,,
cache-on-warm100,110,2,1.9636,2606.417,131.547,2737.963,death,herland,1,,server-1,128,0,0,,,
cache-on-warm100,110,2,1.9727,2669.766,101.335,2771.101,you,twenty-thousand-leagues-under-the-sea,1,,server-1,129,0,0,,,
cache-on-warm100,110,2,1.9818,2634.997,62.701,2697.699,the,herland,1,,server-1,130,0,0,,,
cache-on-warm100,110,2,1.9909,2687.379,60.044,2747.422,london,dracula,1,,server-1,131,0,0,,,
cache-on-warm100,110,2,2.0000,2744.259,2.989,2747.248,night,the-american,1,,server-1,130,0,0,,,
cache-on-warm100,110,2,2.0091,2739.320,183.079,2922.399,death,the-vicomte-de-bragelonne,1,,server-1,131,0,0,,,
cache-on-warm100,110,2,2.0182,2730.765,204.932,2935.698,you,silas-marner,1,,server-1,132,0,0,,,
cache-on-warm100,110,2,2.0273,2719.012,3.060,2722.072,the,poirot-investigates,1,,server-1,132,0,0,,,
cache-on-warm100,110,2,2.0364,2710.433,48.768,2759.201,house,the-mysterious-island,1,,server-1,133,0,0,,,
cache-on-warm100,110,2,2.0455,2706.480,195.549,2902.029,king,the-jungle,1,,server-1,134,0,0,,,
cache-on-warm100,110,2,2.0545,2694.477,133.287,2827.765,king,anne-of-green-gables,1,,server-1,135,0,0,,,
cache-on-warm100,110,2,2.0636,2686.852,181.042,2867.894,king,twenty-thousand-leagues-under-the-sea,1,,server-1,136,0,0,,,
cache-on-warm100,110,2,2.0727,2684.083,218.287,2902.369,of,the-mystery-of-edwin-drood,1,,server-1,136,0,0,,,
cache-on-warm100,110,2,2.0818,2682.615,260.375,2942.990,and,herland,1,,server-1,137,0,0,,,
cache-on-warm100,110,2,2.0909,2703.916,239.787,2943.704,king,washington-square,1,,server-1,138,0,0,,,
cache-on-warm100,110,2,2.1000,2719.631,154.775,2874.406,king,the-secret-garden-17396,1,,server-1,139,0,0,,,
cache-on-warm100,110,2,2.1091,2819.334,108.583,2927.917,you,the-scarlet-letter,1,,server-1,140,0,0,,,
cache-on-warm100,110,2,2.1182,2857.381,143.272,3000.653,heart,the-hound-of-the-baskervilles,1,,server-1,141,0,0,,,
cache-on-warm100,110,2,2.1273,2849.228,141.305,2990.532,house,hard-times,1,,server-1,142,0,0,,,
cache-on-warm100,110,2,2.1364,2900.271,102.884,3003.156,sea,the-works-of-edgar-allan-poe-volume-2,1,,server-1,143,0,0,,,
cache-on-warm100,110,2,2.1455,2890.528,82.455,2972.983,castle,the-return-of-sherlock-holmes-108,1,,server-1,144,0,0,,,
cache-on-warm100,110,2,2.1545,2960.535,24.317,2984.851,house,hard-times,1,,server-1,145,0,0,,,
cache-on-warm100,110,2,2.1636,2950.506,88.857,3039.363,king,the-adventures-of-ferdinand-count-fathom-complete,1,,server-1,146,0,0,,,
cache-on-warm100,110,2,2.1727,2946.330,56.808,3003.137,money,the-adventures-of-sherlock-holmes,1,,server-1,145,0,0,,,
cache-on-warm100,110,2,2.1818,2957.636,30.715,2988.350,she,the-mysterious-island,1,,server-1,145,0,0,,,
cache-on-warm100,110,2,2.1909,2948.873,61.377,3010.250,letter,cranford,1,,server-1,146,0,0,,,
cache-on-warm100,110,2,2.2000,2960.808,55.732,3016.539,love,a-princess-of-mars,1,,server-1,147,0,0,,,
cache-on-warm100,110,2,2.2091,2951.408,86.941,3038.349,the,tess-of-the-d-urbervilles-a-pure-woman,1,,server-1,148,0,0,,,
cache-on-warm100,110,2,2.2182,2982.934,128.483,3111.416,king,around-the-world-in-eighty-days,1,,server-1,149,0,0,,,
cache-on-warm100,110,2,2.2273,2974.829,233.529,3208.357,and,his-last-bow,1,,server-1,150,0,0,,,
cache-on-warm100,110,2,2.2364,3010.701,33.268,3043.969,whale,the-hound-of-the-baskervilles-3070,1,,server-1,151,0,0,,,
cache-on-warm100,110,2,2.2455,3002.607,184.674,3187.281,sea,the-secret-garden-17396,1,,server-1,152,0,0,,,
cache-on-warm100,110,2,2.2545,3018.676,389.655,3408.331,the,sense-and-sensibility,1,,server-1,153,0,0,,,
cache-on-warm100,110,2,2.2636,3011.524,303.291,3314.815,whale,the-mystery-of-edwin-drood,1,,server-1,151,0,0,,,
cache-on-warm100,110,2,2.2727,2978.005,181.807,3159.812,house,the-house-of-mirth,1,,server-1,152,0,0,,,
cache-on-warm100,110,2,2.2818,2994.152,387.481,3381.633,she,dracula,1,,server-1,152,0,0,,,
cache-on-warm100,110,2,2.2909,2984.039,159.070,3143.109,king,the-tenant-of-wildfell-hall,1,,server-1,150,0,0,,,
cache-on-warm100,110,2,2.3000,3094.377,83.457,3177.834,heart,meditations,1,,server-1,151,0,0,,,
cache-on-warm100,110,2,2.3091,3021.279,334.075,3355.353,you,cranford,1,,server-1,150,0,0,,,
cache-on-warm100,110,2,2.3182,3110.286,49.314,3159.600,king,desperate-remedies,1,,server-1,150,0,0,,,
cache-on-warm100,110,2,2.3273,3101.533,224.989,3326.522,king,madame-bovary,1,,server-1,151,0,0,,,
cache-on-warm100,110,2,2.3364,3207.742,120.806,3328.548,you,the-hound-of-the-baskervilles-3070,1,,server-1,151,0,0,,,
cache-on-warm100,110,2,2.3455,3111.956,197.133,3309.089,was,the-kama-sutra-of-vatsyayana,1,,server-1,152,0,0,,,
cache-on-warm100,110,2,2.3545,3101.967,87.151,3189.118,house,tess-of-the-d-urbervilles-a-pure-woman,1,,server-1,153,0,0,,,
cache-on-warm100,110,2,2.3636,3094.558,206.978,3301.535,was,the-romance-of-lust-a-classic-victorian-erotic-novel,1,,server-1,154,0,0,,,
cache-on-warm100,110,2,2.3727,3096.591,196.507,3293.097,you,persuasion,1,,server-1,155,0,0,,,
cache-on-warm100,110,2,2.3818,3103.315,111.810,3215.125,letter,the-first-men-in-the-moon,1,,server-1,156,0,0,,,
cache-on-warm100,110,2,2.3909,3188.036,85.814,3273.850,house,the-house-of-mirth,1,,server-1,157,0,0,,,
cache-on-warm100,110,2,2.4000,3175.052,128.885,3303.937,horse,leaves-of-grass,1,,server-1,158,0,0,,,
cache-on-warm100,110,2,2.4091,3188.059,68.170,3256.229,king,frankenstein-or-the-modern-prometheus-41445,1,,server-1,159,0,0,,,
cache-on-warm100,110,2,2.4182,3244.800,85.345,3330.145,she,persuasion,1,,server-1,160,0,0,,,
cache-on-warm100,110,2,2.4273,3236.562,40.698,3277.260,you,dubliners,1,,server-1,161,0,0,,,
cache-on-warm100,110,2,2.4364,3228.947,141.874,3370.821,london,desert-gold,1,,server-1,162,0,0,,,
cache-on-warm100,110,2,2.4455,3244.791,56.629,3301.420,house,the-mystery-of-edwin-drood,1,,server-1,162,0,0,,,
cache-on-warm100,110,2,2.4545,3235.696,99.092,3334.788,of,dracula,1,,server-1,163,0,0,,,
cache-on-warm100,110,2,2.4636,3227.035,184.073,3411.108,letter,the-scarlet-letter-33,1,,server-1,164,0,0,,,
cache-on-warm100,110,2,2.4727,3231.730,172.552,3404.282,london,the-last-of-the-mohicans-a-narrative-of-1757,1,,server-1,165,0,0,,,
cache-on-warm100,110,2,2.4818,3304.816,170.054,3474.870,the,the-hound-of-the-baskervilles-3070,1,,server-1,165,0,0,,,
cache-on-warm100,110,2,2.4909,3255.914,90.756,3346.671,whale,the-warden,1,,server-1,163,0,0,,,
cache-on-warm100,110,2,2.5000,3337.166,136.258,3473.423,death,the-last-of-the-mohicans-a-narrative-of-1757,1,,server-1,163,0,0,,,
cache-on-warm100,110,2,2.5091,3277.085,149.414,3426.500,money,a-connecticut-yankee-in-king-arthur-s-court,1,,server-1,163,0,0,,,
cache-on-warm100,110,2,2.5182,3284.134,106.855,3390.988,letter,agnes-grey,1,,server-1,164,0,0,,,
cache-on-warm100,110,2,2.5273,3274.954,145.273,3420.228,of,the-moonstone,1,,server-1,165,0,0,,,
cache-on-warm100,110,2,2.5364,3338.521,65.718,3404.239,you,meditations,1,,server-1,166,0,0,,,
cache-on-warm100,110,2,2.5455,3327.271,136.451,3463.722,love,his-last-bow,1,,server-1,167,0,0,,,
cache-on-warm100,110,2,2.5545,3354.342,62.910,3417.252,he,the-hound-of-the-baskervilles-3070,1,,server-1,168,0,0,,,
cache-on-warm100,110,2,2.5636,3376.518,31.900,3408.419,sea,northanger-abbey,1,,server-1,169,0,0,,,
cache-on-warm100,110,2,2.5727,3368.704,164.701,3533.405,london,the-adventures-of-ferdinand-count-fathom-complete,1,,server-1,170,0,0,,,
cache-on-warm100,110,2,2.5818,3358.687,29.148,3387.835,she,the-divine-comedy,1,,server-1,171,0,0,,,
cache-on-warm100,110,2,2.5909,3365.598,54.019,3419.617,he,the-war-of-the-worlds,1,,server-1,172,0,0,,,
cache-on-warm100,110,2,2.6000,3357.165,132.349,3489.514,you,the-mysterious-island,1,,server-1,173,0,0,,,
cache-on-warm100,110,2,2.6091,3363.275,62.681,3425.956,was,the-secret-garden,1,,server-1,174,0,0,,,
cache-on-warm100,110,2,2.6182,3375.980,149.150,3525.130,sea,the-war-of-the-worlds,1,,server-1,175,0,0,,,
cache-on-warm100,110,2,2.6273,3383.127,119.803,3502.930,night,the-works-of-edgar-allan-poe-volume-2,1,,server-1,176,0,0,,,
cache-on-warm100,110,2,2.6364,3374.968,123.261,3498.228,sea,little-women,1,,server-1,177,0,0,,,
cache-on-warm100,110,2,2.6455,3489.452,106.376,3595.828,money,life-on-the-mississippi,1,,server-1,178,0,0,,,
cache-on-warm100,110,2,2.6545,3487.682,23.361,3511.043,and,white-fang,1,,server-1,178,0,0,,,
cache-on-warm100,110,2,2.6636,3479.942,93.985,3573.926,of,autobiography-of-benjamin-franklin,1,,server-1,179,0,0,,,
cache-on-warm100,110,2,2.6727,3472.496,91.164,3563.660,king,little-women,1,,server-1,178,0,0,,,
cache-on-warm100,110,2,2.6818,3465.289,154.876,3620.165,you,the-iliad-2199,1,,server-1,179,0,0,,,
cache-on-warm100,110,2,2.6909,3473.186,75.619,3548.806,whale,sense-and-sensibility,1,,server-1,180,0,0,,,
cache-on-warm100,110,2,2.7000,3536.935,124.477,3661.412,you,the-secret-garden,1,,server-1,181,0,0,,,
cache-on-warm100,110,2,2.7091,3518.576,66.493,3585.069,sea,the-secret-adversary,1,,server-1,182,0,0,,,
cache-on-warm100,110,2,2.7182,3520.039,133.374,3653.413,horse,around-the-world-in-eighty-days,1,,server-1,183,0,0,,,
cache-on-warm100,110,2,2.7273,3514.835,257.157,3771.992,he,the-iliad-2199,1,,server-1,181,0,0,,,
cache-on-warm100,110,2,2.7364,3504.833,116.625,3621.458,night,washington-square,1,,server-1,182,0,0,,,
cache-on-warm100,110,2,2.7455,3496.972,157.886,3654.858,london,the-iliad,1,,server-1,183,0,0,,,
cache-on-warm100,110,2,2.7545,3516.159,155.858,3672.017,horse,the-first-men-in-the-moon,1,,server-1,184,0,0,,,
cache-on-warm100,110,2,2.7636,3523.492,97.131,3620.622,whale,the-lost-world,1,,server-1,185,0,0,,,
cache-on-warm100,110,2,2.7727,3520.001,198.487,3718.488,was,the-adventures-of-ferdinand-count-fathom-complete,1,,server-1,186,0,0,,,
cache-on-warm100,110,2,2.7818,3541.446,169.117,3710.562,and,the-kama-sutra-of-vatsyayana,1,,server-1,187,0,0,,,
cache-on-warm100,110,2,2.7909,3533.019,76.936,3609.955,you,the-warden,1,,server-1,188,0,0,,,
cache-on-warm100,110,2,2.8000,3568.875,126.573,3695.449,letter,frankenstein-or-the-modern-prometheus-41445,1,,server-1,189,0,0,,,
cache-on-warm100,110,2,2.8091,3552.185,137.458,3689.643,sea,madame-bovary,1,,server-1,190,0,0,,,
cache-on-warm100,110,2,2.8182,3554.795,125.544,3680.339,he,the-adventures-of-ferdinand-count-fathom-complete,1,,server-1,188,0,0,,,
cache-on-warm100,110,2,2.8273,3599.174,88.359,3687.533,castle,desert-gold,1,,server-1,189,0,0,,,
cache-on-warm100,110,2,2.8364,3563.961,186.802,3750.763,death,the-king-in-yellow,1,,server-1,190,0,0,,,
cache-on-warm100,110,2,2.8455,3614.096,134.963,3749.059,heart,herland,1,,server-1,187,0,0,,,
cache-on-warm100,110,2,2.8545,3643.699,70.846,3714.545,she,the-hound-of-the-baskervilles,1,,server-1,188,0,0,,,
cache-on-warm100,110,2,2.8636,3636.351,228.644,3864.994,he,the-innocents-abroad,1,,server-1,189,0,0,,,
cache-on-warm100,110,2,2.8727,3627.152,97.072,3724.224,london,cranford,1,,server-1,190,0,0,,,
cache-on-warm100,110,2,2.8818,3633.484,312.734,3946.218,of,the-adventures-of-sherlock-holmes,1,,server-1,190,0,0,,,
cache-on-warm100,110,2,2.8909,3624.006,286.340,3910.346,the,the-moonstone,1,,server-1,189,0,0,,,
cache-on-warm100,110,2,2.9000,3649.496,351.187,4000.682,love,the-secret-garden-17396,1,,server-1,190,0,0,,,
cache-on-warm100,110,2,2.9091,3656.600,280.774,3937.374,whale,the-jungle,1,,server-1,191,0,0,,,
cache-on-warm100,110,2,2.9182,3647.370,130.559,3777.928,was,the-wind-in-the-willows,1,,server-1,192,0,0,,,
cache-on-warm100,110,2,2.9273,3642.053,156.103,3798.156,you,tess-of-the-d-urbervilles-a-pure-woman,1,,server-1,193,0,0,,,
cache-on-warm100,110,2,2.9364,3711.062,258.128,3969.190,london,the-first-men-in-the-moon,1,,server-1,194,0,0,,,
cache-on-warm100,110,2,2.9455,3702.597,300.411,4003.008,horse,desert-gold,1,,server-1,193,0,0,,,
cache-on-warm100,110,2,2.9545,3694.381,179.172,3873.554,horse,far-from-the-madding-crowd,1,,server-1,194,0,0,,,
cache-on-warm100,110,2,2.9636,3735.629,206.222,3941.851,death,the-return-of-sherlock-holmes,1,,server-1,194,0,0,,,
cache-on-warm100,110,2,2.9727,3753.682,350.024,4103.706,was,the-portrait-of-a-lady-volume-1,1,,server-1,195,0,0,,,
cache-on-warm100,110,2,2.9818,3819.124,200.189,4019.312,horse,the-memoirs-of-sherlock-holmes,1,,server-1,195,0,0,,,
cache-on-warm100,110,2,2.9909,3810.561,200.244,4010.806,she,the-mysterious-affair-at-styles,1,,server-1,196,0,0,,,
cache-on-warm100,110,2,3.0000,3900.558,180.051,4080.609,you,walden-and-on-the-duty-of-civil-disobedience,1,,server-1,197,0,0,,,
cache-on-warm100,110,2,3.0091,3895.101,194.912,4090.012,london,the-great-gatsby,1,,server-1,197,0,0,,,
cache-on-warm100,110,2,3.0182,3888.290,332.751,4221.041,london,villette,1,,server-1,197,0,0,,,
cache-on-warm100,110,2,3.0273,3921.512,155.696,4077.208,sea,dracula,1,,server-1,198,0,0,,,
cache-on-warm100,110,2,3.0364,3961.448,83.111,4044.558,and,the-portrait-of-a-lady-volume-1,1,,server-1,198,0,0,,,
cache-on-warm100,110,2,3.0455,3989.743,195.593,4185.336,london,the-divine-comedy,1,,server-1,198,0,0,,,
cache-on-warm100,110,2,3.0545,4005.017,61.325,4066.341,king,the-memoirs-of-sherlock-holmes,1,,server-1,199,0,0,,,
cache-on-warm100,110,2,3.0636,4040.719,147.108,4187.827,house,around-the-world-in-eighty-days,1,,server-1,199,0,0,,,
cache-on-warm100,110,2,3.0727,4174.422,54.048,4228.470,king,around-the-world-in-eighty-days,1,,server-1,200,0,0,,,
cache-on-warm100,110,2,3.0818,4018.974,110.040,4129.013,of,the-last-of-the-mohicans-a-narrative-of-1757,1,,server-1,201,0,0,,,
cache-on-warm100,110,2,3.0909,4012.924,16.693,4029.618,night,the-jungle-book,1,,server-1,202,0,0,,,
cache-on-warm100,110,2,3.1000,4020.132,54.651,4074.783,she,washington-square,1,,server-1,203,0,0,,,
cache-on-warm100,110,2,3.1091,4010.128,119.579,4129.707,love,the-jungle,1,,server-1,204,0,0,,,
cache-on-warm100,110,2,3.1182,4004.015,178.812,4182.827,london,jane-eyre-an-autobiography,1,,server-1,204,0,0,,,
cache-on-warm100,110,2,3.1273,4044.157,130.120,4174.277,horse,persuasion,1,,server-1,205,0,0,,,
cache-on-warm100,110,2,3.1364,4166.081,29.694,4195.775,she,the-hound-of-the-baskervilles-3070,1,,server-1,206,0,0,,,
cache-on-warm100,110,2,3.1455,4154.521,136.801,4291.323,heart,the-divine-comedy,1,,server-1,207,0,0,,,
cache-on-warm100,110,2,3.1545,4146.217,21.745,4167.961,house,beyond-good-and-evil,1,,server-1,208,0,0,,,
cache-on-warm100,110,2,3.1636,4138.645,172.305,4310.951,king,white-fang,1,,server-1,209,0,0,,,
cache-on-warm100,110,2,3.1727,4130.588,61.174,4191.762,night,the-great-gatsby,1,,server-1,210,0,0,,,
cache-on-warm100,110,2,3.1818,4142.209,80.125,4222.335,she,twenty-thousand-leagues-under-the-sea,1,,server-1,208,0,0,,,
cache-on-warm100,110,2,3.1909,4128.293,246.247,4374.540,night,the-iliad-2199,1,,server-1,209,0,0,,,
cache-on-warm100,110,2,3.2000,4122.231,295.656,4417.886,death,the-kama-sutra-of-vatsyayana,1,,server-1,210,0,0,,,
cache-on-warm100,110,2,3.2091,4154.875,187.376,4342.251,night,northanger-abbey,1,,server-1,211,0,0,,,
cache-on-warm100,110,2,3.2182,4152.608,193.702,4346.311,the,the-mystery-of-edwin-drood,1,,server-1,212,0,0,,,
cache-on-warm100,110,2,3.2273,4176.399,215.050,4391.449,castle,the-song-of-the-lark,1,,server-1,213,0,0,,,
cache-on-warm100,110,2,3.2364,4134.831,247.438,4382.269,night,the-adventures-of-ferdinand-count-fathom-complete,1,,server-1,214,0,0,,,
cache-on-warm100,110,2,3.2455,4159.105,283.709,4442.815,was,frankenstein-or-the-modern-prometheus-41445,1,,server-1,215,0,0,,,
cache-on-warm100,110,2,3.2545,4149.822,137.695,4287.517,he,autobiography-of-benjamin-franklin,1,,server-1,216,0,0,,,
cache-on-warm100,110,2,3.2636,4152.829,291.008,4443.838,the,beyond-good-and-evil,1,,server-1,217,0,0,,,
cache-on-warm100,110,2,3.2727,4281.504,152.511,4434.015,heart,the-return-of-sherlock-holmes,1,,server-1,218,0,0,,,
cache-on-warm100,110,2,3.2818,4154.486,254.994,4409.480,whale,madame-bovary,1,,server-1,218,0,0,,,
cache-on-warm100,110,2,3.2909,4270.342,151.535,4421.878,horse,agnes-grey,1,,server-1,219,0,0,,,
cache-on-warm100,110,2,3.3000,4315.878,91.830,4407.708,castle,a-princess-of-mars,1,,server-1,219,0,0,,,
cache-on-warm100,110,2,3.3091,4311.067,364.401,4675.468,king,the-portrait-of-a-lady-volume-1,1,,server-1,220,0,0,,,
cache-on-warm100,110,2,3.3182,4302.615,83.589,4386.204,love,silas-marner,1,,server-1,220,0,0,,,
cache-on-warm100,110,2,3.3273,4363.778,74.537,4438.315,night,the-warden,1,,server-1,221,0,0,,,
cache-on-warm100,110,2,3.3364,4350.028,185.303,4535.331,death,silas-marner,1,,server-1,221,0,0,,,
cache-on-warm100,110,2,3.3455,4346.063,142.793,4488.857,whale,tess-of-the-d-urbervilles-a-pure-woman,1,,server-1,222,0,0,,,
cache-on-warm100,110,2,3.3545,4351.270,129.031,4480.302,castle,wuthering-heights,1,,server-1,223,0,0,,,
cache-on-warm100,110,2,3.3636,4340.419,11.329,4351.748,money,the-memoirs-of-sherlock-holmes,1,,server-1,223,0,0,,,
cache-on-warm100,110,2,3.3727,4333.334,284.766,4618.100,he,the-hound-of-the-baskervilles,1,,server-1,224,0,0,,,
cache-on-warm100,110,2,3.3818,4324.807,92.098,4416.905,the,the-last-of-the-mohicans-a-narrative-of-1757-27681,1,,server-1,225,0,0,,,
cache-on-warm100,110,2,3.3909,4316.848,282.428,4599.276,letter,jude-the-obscure,1,,server-1,225,0,0,,,
cache-on-warm100,110,2,3.4000,4312.214,150.768,4462.982,heart,memoirs-of-fanny-hill,1,,server-1,226,0,0,,,
cache-on-warm100,110,2,3.4091,4335.089,90.090,4425.179,horse,desperate-remedies,1,,server-1,226,0,0,,,
cache-on-warm100,110,2,3.4182,4396.660,149.395,4546.055,letter,pride-and-prejudice,1,,server-1,223,0,0,,,
cache-on-warm100,110,2,3.4273,4389.515,173.668,4563.183,sea,the-house-of-the-seven-gables,1,,server-1,224,0,0,,,
cache-on-warm100,110,2,3.4364,4553.582,42.870,4596.452,letter,madame-bovary,1,,server-1,225,0,0,,,
cache-on-warm100,110,2,3.4455,4545.738,92.499,4638.237,love,the-jungle-book,1,,server-1,226,0,0,,,
cache-on-warm100,110,2,3.4545,4536.434,40.656,4577.090,whale,the-mystery-of-edwin-drood,1,,server-1,224,0,0,,,
cache-on-warm100,110,2,3.4636,4527.069,40.326,4567.394,she,the-works-of-edgar-allan-poe-volume-2,1,,server-1,225,0,0,,,
cache-on-warm100,110,2,3.4727,4520.673,105.280,4625.953,death,desperate-remedies,1,,server-1,226,0,0,,,
cache-on-warm100,110,2,3.4818,4512.670,104.428,4617.098,you,white-fang,1,,server-1,227,0,0,,,
cache-on-warm100,110,2,3.4909,4504.345,122.715,4627.059,castle,hard-times,1,,server-1,228,0,0,,,
cache-on-warm100,110,2,3.5000,4512.767,165.442,4678.208,he,the-last-of-the-mohicans-a-narrative-of-1757,1,,server-1,229,0,0,,,
cache-on-warm100,110,2,3.5091,4522.417,52.269,4574.685,horse,the-king-in-yellow,1,,server-1,228,0,0,,,
cache-on-warm100,110,2,3.5182,4528.579,228.481,4757.059,and,oliver-twist,1,,server-1,227,0,0,,,
cache-on-warm100,110,2,3.5273,4586.162,62.711,4648.872,horse,the-house-of-the-seven-gables,1,,server-1,228,0,0,,,
cache-on-warm100,110,2,3.5364,4550.741,275.416,4826.157,king,agnes-grey,1,,server-1,229,0,0,,,
cache-on-warm100,110,2,3.5455,4552.670,78.022,4630.692,whale,the-war-of-the-worlds,1,,server-1,230,0,0,,,
cache-on-warm100,110,2,3.5545,4544.364,395.036,4939.401,she,the-vicomte-de-bragelonne,1,,server-1,231,0,0,,,
cache-on-warm100,110,2,3.5636,4553.261,379.402,4932.663,of,tess-of-the-d-urbervilles-a-pure-woman,1,,server-1,232,0,0,,,
cache-on-warm100,110,2,3.5727,4546.449,248.690,4795.139,london,the-iliad-2199,1,,server-1,233,0,0,,,
cache-on-warm100,110,2,3.5818,4596.188,316.267,4912.455,she,a-connecticut-yankee-in-king-arthur-s-court,1,,server-1,233,0,0,,,
cache-on-warm100,110,2,3.5909,4585.362,3.059,4588.420,the,thus-spake-zarathustra-a-book-for-all-and-none,1,,server-1,234,0,0,,,
cache-on-warm100,110,2,3.6000,4603.381,291.273,4894.654,the,the-mysterious-island,1,,server-1,235,0,0,,,
cache-on-warm100,110,2,3.6091,4821.183,108.913,4930.096,castle,the-american,1,,server-1,236,0,0,,,
cache-on-warm100,110,2,3.6182,4755.818,327.412,5083.230,london,silas-marner,1,,server-1,236,0,0,,,
cache-on-warm100,110,2,3.6273,4723.343,161.098,4884.441,money,great-expectations,1,,server-1,237,0,0,,,
cache-on-warm100,110,2,3.6364,4692.078,259.322,4951.399,love,the-age-of-innocence,1,,server-1,238,0,0,,,
cache-on-warm100,110,2,3.6455,4727.635,236.305,4963.940,castle,thus-spake-zarathustra-a-book-for-all-and-none,1,,server-1,239,0,0,,,
cache-on-warm100,110,2,3.6545,4833.457,27.087,4860.544,he,anne-of-green-gables,1,,server-1,240,0,0,,,
cache-on-warm100,110,2,3.6636,4830.244,18.731,4848.975,castle,myths-and-legends-of-ancient-greece-and-rome,1,,server-1,240,0,0,,,
cache-on-warm100,110,2,3.6727,4821.210,116.175,4937.385,castle,beyond-good-and-evil,1,,server-1,238,0,0,,,
cache-on-warm100,110,2,3.6818,4830.593,192.628,5023.221,castle,pride-and-prejudice,1,,server-1,239,0,0,,,
cache-on-warm100,110,2,3.6909,4824.423,118.624,4943.047,night,the-scarlet-letter,1,,server-1,238,0,0,,,
cache-on-warm100,110,2,3.7000,4858.987,43.937,4902.924,death,the-scarlet-letter-33,1,,server-1,239,0,0,,,
cache-on-warm100,110,2,3.7091,4893.536,128.078,5021.614,and,a-journey-to-the-centre-of-the-earth,1,,server-1,240,0,0,,,
cache-on-warm100,110,2,3.7182,4883.635,4.787,4888.423,the,jude-the-obscure,1,,server-1,241,0,0,,,
cache-on-warm100,110,2,3.7273,4882.627,121.806,5004.433,heart,the-song-of-the-lark,1,,server-1,242,0,0,,,
cache-on-warm100,110,2,3.7364,4995.147,2.254,4997.401,letter,jude-the-obscure,1,,server-1,242,0,0,,,
cache-on-warm100,110,2,3.7455,4935.977,49.564,4985.540,of,the-adventures-of-sherlock-holmes,1,,server-1,242,0,0,,,
cache-on-warm100,110,2,3.7545,4946.987,50.520,4997.507,was,the-divine-comedy,1,,server-1,243,0,0,,,
cache-on-warm100,110,2,3.7636,4968.149,77.866,5046.015,love,little-women,1,,server-1,244,0,0,,,
cache-on-warm100,110,2,3.7727,4962.038,181.861,5143.900,you,dracula,1,,server-1,245,0,0,,,
cache-on-warm100,110,2,3.7818,4952.156,89.667,5041.823,he,the-warden,1,,server-1,246,0,0,,,
cache-on-warm100,110,2,3.7909,4960.586,58.329,5018.915,sea,the-house-of-the-seven-gables,1,,server-1,247,0,0,,,
cache-on-warm100,110,2,3.8000,4951.891,135.418,5087.309,the,persuasion,1,,server-1,248,0,0,,,
cache-on-warm100,110,2,3.8091,4944.462,1.594,4946.056,love,the-portrait-of-a-lady-volume-1,1,,server-1,249,0,0,,,
cache-on-warm100,110,2,3.8182,4936.886,311.484,5248.370,love,wuthering-heights,1,,server-1,250,0,0,,,
cache-on-warm100,110,2,3.8273,4927.785,150.263,5078.048,night,the-adventures-of-sherlock-holmes,1,,server-1,251,0,0,,,
cache-on-warm100,110,2,3.8364,4956.115,33.641,4989.756,and,beyond-good-and-evil,1,,server-1,252,0,0,,,
cache-on-warm100,110,2,3.8455,4943.796,214.089,5157.885,whale,herland,1,,server-1,252,0,0,,,
cache-on-warm100,110,2,3.8545,4939.287,257.701,5196.988,castle,the-moonstone,1,,server-1,253,0,0,,,
cache-on-warm100,110,2,3.8636,4988.521,214.848,5203.369,king,the-great-gatsby,1,,server-1,254,0,0,,,
cache-on-warm100,110,2,3.8727,4973.571,211.753,5185.324,of,mansfield-park,1,,server-1,254,0,0,,,
cache-on-warm100,110,2,3.8818,4970.641,195.798,5166.439,you,wuthering-heights,1,,server-1,255,0,0,,,
cache-on-warm100,110,2,3.8909,4960.224,246.477,5206.701,of,the-house-of-mirth,1,,server-1,256,0,0,,,
cache-on-warm100,110,2,3.9000,4986.949,161.048,5147.997,she,far-from-the-madding-crowd,1,,server-1,257,0,0,,,
cache-on-warm100,110,2,3.9091,4991.386,197.206,5188.592,whale,the-wind-in-the-willows,1,,server-1,258,0,0,,,
cache-on-warm100,110,2,3.9182,4986.509,126.973,5113.481,horse,the-king-in-yellow,1,,server-1,259,0,0,,,
cache-on-warm100,110,2,3.9273,4977.909,147.109,5125.018,death,around-the-world-in-eighty-days,1,,server-1,260,0,0,,,
cache-on-warm100,110,2,3.9364,5162.235,1.247,5163.483,heart,the-return-of-sherlock-holmes,1,,server-1,261,0,0,,,
cache-on-warm100,110,2,3.9455,5153.275,15.814,5169.088,london,the-jungle-book,1,,server-1,262,0,0,,,
cache-on-warm100,110,2,3.9545,5145.008,118.203,5263.210,london,a-princess-of-mars,1,,server-1,263,0,0,,,
cache-on-warm100,110,2,3.9636,5135.766,103.191,5238.957,and,jane-eyre-an-autobiography,1,,server-1,264,0,0,,,
cache-on-warm100,110,2,3.9727,5127.433,101.933,5229.366,house,great-expectations,1,,server-1,265,0,0,,,
cache-on-warm100,110,2,3.9818,5133.505,139.913,5273.418,he,the-first-men-in-the-moon,1,,server-1,266,0,0,,,
cache-on-warm100,110,2,3.9909,5151.446,96.909,5248.355,he,adventures-of-huckleberry-finn,1,,server-1,266,0,0,,,
cache-on-warm100,110,2,4.0000,5172.705,70.144,5242.850,of,the-american,1,,server-1,264,0,0,,,
cache-on-warm100,110,2,4.0091,5206.608,132.387,5338.994,love,twenty-thousand-leagues-under-the-sea,1,,server-1,265,0,0,,,
cache-on-warm100,110,2,4.0182,5225.142,104.754,5329.896,castle,far-from-the-madding-crowd,1,,server-1,266,0,0,,,
cache-on-warm100,110,2,4.0273,5227.378,134.301,5361.680,london,the-mystery-of-edwin-drood,1,,server-1,267,0,0,,,
cache-on-warm100,110,2,4.0364,5216.592,21.407,5238.000,of,silas-marner,1,,server-1,267,0,0,,,
cache-on-warm100,110,2,4.0455,5212.242,244.505,5456.747,was,the-american,1,,server-1,268,0,0,,,
cache-on-warm100,110,2,4.0545,5218.359,75.482,5293.841,he,the-wind-in-the-willows,1,,server-1,269,0,0,,,
cache-on-warm100,110,2,4.0636,5212.638,155.576,5368.214,london,grimms-fairy-tales,1,,server-1,270,0,0,,,
cache-on-warm100,110,2,4.0727,5251.252,197.027,5448.279,she,the-innocents-abroad,1,,server-1,270,0,0,,,
cache-on-warm100,110,2,4.0818,5241.591,196.782,5438.373,castle,the-vicomte-de-bragelonne,1,,server-1,270,0,0,,,
cache-on-warm100,110,2,4.0909,5255.339,174.610,5429.949,castle,grimms-fairy-tales,1,,server-1,265,0,0,,,
cache-on-warm100,110,2,4.1000,5287.183,162.047,5449.229,london,the-american,1,,server-1,266,0,0,,,
cache-on-warm100,110,2,4.1091,5296.257,211.108,5507.365,of,the-kama-sutra-of-vatsyayana,1,,server-1,267,0,0,,,
cache-on-warm100,110,2,4.1182,5383.091,20.079,5403.170,london,the-tenant-of-wildfell-hall,1,,server-1,268,0,0,,,
cache-on-warm100,110,2,4.1273,5393.231,3.517,5396.748,castle,the-song-of-the-lark,1,,server-1,269,0,0,,,
cache-on-warm100,110,2,4.1364,5384.235,190.706,5574.941,the,dubliners,1,,server-1,270,0,0,,,
cache-on-warm100,110,2,4.1455,5376.723,38.298,5415.020,heart,white-fang,1,,server-1,268,0,0,,,
cache-on-warm100,110,2,4.1545,5392.430,131.865,5524.295,king,the-vicomte-de-bragelonne,1,,server-1,269,0,0,,,
cache-on-warm100,110,2,4.1636,5386.204,56.414,5442.618,death,the-moonstone,1,,server-1,270,0,0,,,
cache-on-warm100,110,2,4.1727,5393.021,262.022,5655.043,horse,the-last-of-the-mohicans-a-narrative-of-1757-27681,1,,server-1,271,0,0,,,
cache-on-warm100,110,2,4.1818,5384.595,133.189,5517.784,night,frankenstein-or-the-modern-prometheus-41445,1,,server-1,272,0,0,,,
cache-on-warm100,110,2,4.1909,5375.121,146.374,5521.495,and,a-princess-of-mars,1,,server-1,272,0,0,,,
cache-on-warm100,110,2,4.2000,5414.296,97.058,5511.354,letter,the-age-of-innocence,1,,server-1,273,0,0,,,
cache-on-warm100,110,2,4.2091,5403.406,66.272,5469.678,she,the-hound-of-the-baskervilles-3070,1,,server-1,273,0,0,,,
cache-on-warm100,110,2,4.2182,5396.815,141.498,5538.313,she,autobiography-of-benjamin-franklin,1,,server-1,274,0,0,,,
cache-on-warm100,110,2,4.2273,5388.666,211.789,5600.455,she,the-american,1,,server-1,275,0,0,,,
cache-on-warm100,110,2,4.2364,5419.632,280.992,5700.624,king,the-last-of-the-mohicans-a-narrative-of-1757,1,,server-1,276,0,0,,,
cache-on-warm100,110,2,4.2455,5416.754,94.195,5510.949,love,the-romance-of-lust-a-classic-victorian-erotic-novel,1,,server-1,276,0,0,,,
cache-on-warm100,110,2,4.2545,5533.188,57.839,5591.028,love,the-king-in-yellow,1,,server-1,277,0,0,,,
cache-on-warm100,110,2,4.2636,5525.815,132.430,5658.245,night,the-last-of-the-mohicans-a-narrative-of-1757-27681,1,,server-1,278,0,0,,,
cache-on-warm100,110,2,4.2727,5554.708,108.748,5663.456,and,adventures-of-huckleberry-finn,1,,server-1,279,0,0,,,
cache-on-warm100,110,2,4.2818,5563.393,24.582,5587.975,heart,the-memoirs-of-sherlock-holmes,1,,server-1,280,0,0,,,
cache-on-warm100,110,2,4.2909,5556.679,214.648,5771.327,you,the-jungle,1,,server-1,280,0,0,,,
cache-on-warm100,110,2,4.3000,5547.340,89.010,5636.349,letter,the-wind-in-the-willows,1,,server-1,281,0,0,,,
cache-on-warm100,110,2,4.3091,5618.955,226.580,5845.535,london,the-return-of-sherlock-holmes-108,1,,server-1,280,0,0,,,
cache-on-warm100,110,2,4.3182,5618.578,65.892,5684.470,the,a-tale-of-two-cities,1,,server-1,281,0,0,,,
cache-on-warm100,110,2,4.3273,5611.420,123.524,5734.945,horse,the-hound-of-the-baskervilles-3070,1,,server-1,280,0,0,,,
cache-on-warm100,110,2,4.3364,5603.739,277.880,5881.619,and,desert-gold,1,,server-1,281,0,0,,,
cache-on-warm100,110,2,4.3455,5636.244,288.233,5924.477,letter,the-vicomte-de-bragelonne,1,,server-1,281,0,0,,,
cache-on-warm100,110,2,4.3545,5627.040,241.287,5868.328,of,the-iliad-2199,1,,server-1,282,0,0,,,
cache-on-warm100,110,2,4.3636,5639.432,226.747,5866.179,the,twenty-thousand-leagues-under-the-sea,1,,server-1,283,0,0,,,
cache-on-warm100,110,2,4.3727,5649.882,244.759,5894.642,of,the-hound-of-the-baskervilles-3070,1,,server-1,284,0,0,,,
cache-on-warm100,110,2,4.3818,5685.126,160.941,5846.067,and,a-princess-of-mars,1,,server-1,285,0,0,,,
cache-on-warm100,110,2,4.3909,5673.491,93.007,5766.497,and,persuasion,1,,server-1,284,0,0,,,
cache-on-warm100,110,2,4.4000,5664.991,162.615,5827.606,heart,the-war-of-the-worlds,1,,server-1,285,0,0,,,
cache-on-warm100,110,2,4.4091,5658.481,175.588,5834.069,whale,walden-and-on-the-duty-of-civil-disobedience,1,,server-1,286,0,0,,,
cache-on-warm100,110,2,4.4182,5808.023,186.031,5994.054,the,the-lost-world,1,,server-1,287,0,0,,,
cache-on-warm100,110,2,4.4273,5788.824,199.555,5988.379,horse,the-age-of-innocence,1,,server-1,288,0,0,,,
cache-on-warm100,110,2,4.4364,5766.808,72.551,5839.359,money,the-iliad-2199,1,,server-1,289,0,0,,,
cache-on-warm100,110,2,4.4455,5769.767,201.152,5970.918,and,the-prince,1,,server-1,288,0,0,,,
cache-on-warm100,110,2,4.4545,5762.686,75.679,5838.365,love,the-hound-of-the-baskervilles-3070,1,,server-1,289,0,0,,,
cache-on-warm100,110,2,4.4636,5759.913,47.436,5807.349,love,leaves-of-grass,1,,server-1,290,0,0,,,
cache-on-warm100,110,2,4.4727,5753.792,189.418,5943.211,love,a-tale-of-two-cities,1,,server-1,291,0,0,,,
cache-on-warm100,110,2,4.4818,5747.417,188.143,5935.560,you,the-adventures-of-ferdinand-count-fathom-complete,1,,server-1,292,0,0,,,
cache-on-warm100,110,2,4.4909,5743.302,177.881,5921.184,was,grimms-fairy-tales,1,,server-1,292,0,0,,,
cache-on-warm100,110,2,4.5000,5791.484,47.413,5838.897,you,silas-marner,1,,server-1,292,0,0,,,
cache-on-warm100,110,2,4.5091,5785.365,195.807,5981.172,and,the-adventures-of-ferdinand-count-fathom-complete,1,,server-1,293,0,0,,,
cache-on-warm100,110,2,4.5182,5835.006,273.368,6108.374,house,frankenstein-or-the-modern-prometheus-41445,1,,server-1,293,0,0,,,
cache-on-warm100,110,2,4.5273,5881.618,27.036,5908.655,house,the-wind-in-the-willows,1,,server-1,294,0,0,,,
cache-on-warm100,110,2,4.5364,5878.990,34.400,5913.390,sea,his-last-bow,1,,server-1,295,0,0,,,
cache-on-warm100,110,2,4.5455,5874.068,98.168,5972.236,house,washington-square,1,,server-1,296,0,0,,,
cache-on-warm100,110,2,4.5545,5894.639,75.546,5970.185,king,a-journey-to-the-centre-of-the-earth,1,,server-1,295,0,0,,,
cache-on-warm100,110,2,4.5636,5927.065,137.626,6064.691,you,hard-times,1,,server-1,296,0,0,,,
cache-on-warm100,110,2,4.5727,5919.977,135.068,6055.045,house,northanger-abbey,1,,server-1,295,0,0,,,
cache-on-warm100,110,2,4.5818,5910.549,198.677,6109.227,she,pride-and-prejudice,1,,server-1,296,0,0,,,
cache-on-warm100,110,2,4.5909,5933.631,187.706,6121.338,was,the-works-of-edgar-allan-poe-volume-2,1,,server-1,297,0,0,,,
cache-on-warm100,110,2,4.6000,5924.907,212.238,6137.146,you,the-odyssey,1,,server-1,298,0,0,,,
cache-on-warm100,110,2,4.6091,5941.879,162.995,6104.874,night,the-return-of-sherlock-holmes,1,,server-1,299,0,0,,,
cache-on-warm100,110,2,4.6182,6008.834,87.877,6096.711,of,the-great-gatsby,1,,server-1,298,0,0,,,
cache-on-warm100,110,2,4.6273,6064.166,135.462,6199.628,of,the-jungle,1,,server-1,298,0,0,,,
cache-on-warm100,110,2,4.6364,6055.004,138.041,6193.045,death,north-and-south,1,,server-1,299,0,0,,,
cache-on-warm100,110,2,4.6455,6069.909,109.807,6179.716,the,around-the-world-in-eighty-days,1,,server-1,299,0,0,,,
cache-on-warm100,110,2,4.6545,6087.476,109.056,6196.532,money,the-last-of-the-mohicans-a-narrative-of-1757-27681,1,,server-1,300,0,0,,,
cache-on-warm100,110,2,4.6636,6165.490,22.304,6187.794,money,the-scarlet-letter,1,,server-1,301,0,0,,,
cache-on-warm100,110,2,4.6727,6155.744,108.921,6264.665,house,the-return-of-sherlock-holmes-108,1,,server-1,301,0,0,,,
cache-on-warm100,110,2,4.6818,6145.985,43.943,6189.928,london,leaves-of-grass,1,,server-1,302,0,0,,,
cache-on-warm100,110,2,4.6909,6161.242,21.629,6182.871,and,the-kama-sutra-of-vatsyayana,1,,server-1,303,0,0,,,
cache-on-warm100,110,2,4.7000,6152.293,72.673,6224.966,death,the-innocents-abroad,1,,server-1,304,0,0,,,
cache-on-warm100,110,2,4.7091,6143.908,84.172,6228.080,was,the-last-of-the-mohicans-a-narrative-of-1757,1,,server-1,304,0,0,,,
cache-on-warm100,110,2,4.7182,6155.076,31.340,6186.416,the,the-vicomte-de-bragelonne,1,,server-1,305,0,0,,,
cache-on-warm100,110,2,4.7273,6146.650,67.473,6214.123,house,the-king-in-yellow,1,,server-1,305,0,0,,,
cache-on-warm100,110,2,4.7364,6137.631,170.240,6307.871,heart,sense-and-sensibility,1,,server-1,306,0,0,,,
cache-on-warm100,110,2,4.7455,6159.483,84.902,6244.385,king,north-and-south,1,,server-1,304,0,0,,,
cache-on-warm100,110,2,4.7545,6150.871,36.925,6187.797,sea,madame-bovary,1,,server-1,302,0,0,,,
cache-on-warm100,110,2,4.7636,6161.496,14.832,6176.328,london,a-princess-of-mars,1,,server-1,303,0,0,,,
cache-on-warm100,110,2,4.7727,6153.212,95.548,6248.760,death,autobiography-of-benjamin-franklin,1,,server-1,304,0,0,,,
cache-on-warm100,110,2,4.7818,6155.619,4.081,6159.700,house,the-return-of-sherlock-holmes-108,1,,server-1,305,0,0,,,
cache-on-warm100,110,2,4.7909,6163.867,89.452,6253.319,sea,a-tale-of-two-cities,1,,server-1,306,0,0,,,
cache-on-warm100,110,2,4.8000,6243.391,14.163,6257.554,london,persuasion,1,,server-1,307,0,0,,,
cache-on-warm100,110,2,4.8091,6235.563,98.498,6334.061,the,the-war-of-the-worlds,1,,server-1,308,0,0,,,
cache-on-warm100,110,2,4.8182,6226.521,18.299,6244.821,king,the-portrait-of-a-lady-volume-1,1,,server-1,309,0,0,,,
cache-on-warm100,110,2,4.8273,6216.217,14.146,6230.363,castle,dubliners,1,,server-1,309,0,0,,,
cache-on-warm100,110,2,4.8364,6209.352,13.129,6222.481,night,the-secret-garden,1,,server-1,310,0,0,,,
cache-on-warm100,110,2,4.8455,6211.869,139.989,6351.858,and,autobiography-of-benjamin-franklin,1,,server-1,311,0,0,,,
cache-on-warm100,110,2,4.8545,6204.277,269.128,6473.405,house,the-jungle-book,1,,server-1,312,0,0,,,
cache-on-warm100,110,2,4.8636,6194.769,88.210,6282.978,king,the-song-of-the-lark,1,,server-1,313,0,0,,,
cache-on-warm100,110,2,4.8727,6186.525,172.620,6359.146,love,emma,1,,server-1,314,0,0,,,
cache-on-warm100,110,2,4.8818,6180.265,229.811,6410.075,letter,the-house-of-mirth,1,,server-1,315,0,0,,,
cache-on-warm100,110,2,4.8909,6171.615,230.905,6402.520,money,oliver-twist,1,,server-1,316,0,0,,,
cache-on-warm100,110,2,4.9000,6167.692,196.918,6364.609,you,tess-of-the-d-urbervilles-a-pure-woman,1,,server-1,317,0,0,,,
cache-on-warm100,110,2,4.9091,6234.459,148.508,6382.968,night,the-jungle,1,,server-1,318,0,0,,,
cache-on-warm100,110,2,4.9182,6279.547,190.217,6469.764,whale,the-adventures-of-ferdinand-count-fathom-complete,1,,server-1,319,0,0,,,
cache-on-warm100,110,2,4.9273,6270.994,131.099,6402.093,money,grimms-fairy-tales,1,,server-1,320,0,0,,,
cache-on-warm100,110,2,4.9364,6328.151,136.480,6464.632,night,the-house-of-mirth,1,,server-1,320,0,0,,,
cache-on-warm100,110,2,4.9455,6342.987,6.901,6349.889,heart,sense-and-sensibility,1,,server-1,321,0,0,,,
cache-on-warm100,110,2,4.9545,6339.274,131.272,6470.546,the,myths-and-legends-of-ancient-greece-and-rome,1,,server-1,319,0,0,,,
cache-on-warm100,110,2,4.9636,6364.937,209.107,6574.045,she,a-journey-to-the-centre-of-the-earth,1,,server-1,320,0,0,,,
cache-on-warm100,110,2,4.9727,6356.259,107.670,6463.929,he,the-adventures-of-sherlock-holmes,1,,server-1,321,0,0,,,
cache-on-warm100,110,2,4.9818,6344.784,110.471,6455.255,love,washington-square,1,,server-1,319,0,0,,,
cache-on-warm100,110,2,4.9909,6361.287,81.756,6443.042,she,the-great-gatsby,1,,server-1,320,0,0,,,
cache-on-warm100,110,2,5.0000,6371.838,103.035,6474.873,money,herland,1,,server-1,321,0,0,,,
cache-on-warm100,110,2,5.0091,6391.791,141.290,6533.081,king,autobiography-of-benjamin-franklin,1,,server-1,322,0,0,,,
cache-on-warm100,110,2,5.0182,6417.641,41.010,6458.651,and,the-adventures-of-ferdinand-count-fathom-complete,1,,server-1,323,0,0,,,
cache-on-warm100,110,2,5.0273,6428.972,15.456,6444.428,london,silas-marner,1,,server-1,324,0,0,,,
cache-on-warm100,110,2,5.0364,6436.200,141.543,6577.742,night,the-mysterious-affair-at-styles,1,,server-1,324,0,0,,,
cache-on-warm100,110,2,5.0455,6421.977,70.429,6492.406,he,the-iliad-2199,1,,server-1,324,0,0,,,
cache-on-warm100,110,2,5.0545,6458.571,196.634,6655.205,night,the-mystery-of-edwin-drood,1,,server-1,325,0,0,,,
cache-on-warm100,110,2,5.0636,6466.266,91.250,6557.517,of,the-last-of-the-mohicans-a-narrative-of-1757-27681,1,,server-1,326,0,0,,,
cache-on-warm100,110,2,5.0727,6464.729,176.164,6640.893,castle,a-journey-to-the-centre-of-the-earth,1,,server-1,327,0,0,,,
cache-on-warm100,110,2,5.0818,6457.619,81.567,6539.186,the,the-house-of-the-seven-gables,1,,server-1,328,0,0,,,
cache-on-warm100,110,2,5.0909,6459.200,72.145,6531.344,whale,far-from-the-madding-crowd,1,,server-1,329,0,0,,,
cache-on-warm100,110,2,5.1000,6518.867,97.380,6616.247,you,the-last-of-the-mohicans-a-narrative-of-1757-27681,1,,server-1,330,0,0,,,
cache-on-warm100,110,2,5.1091,6516.212,89.797,6606.009,house,the-last-of-the-mohicans-a-narrative-of-1757-27681,1,,server-1,331,0,0,,,
cache-on-warm100,110,2,5.1182,6507.740,104.416,6612.156,whale,the-secret-garden-17396,1,,server-1,331,0,0,,,
cache-on-warm100,110,2,5.1273,6587.475,103.265,6690.740,castle,northanger-abbey,1,,server-1,331,0,0,,,
cache-on-warm100,110,2,5.1364,6579.794,14.064,6593.858,death,silas-marner,1,,server-1,332,0,0,,,
cache-on-warm100,110,2,5.1455,6569.924,88.232,6658.156,london,frankenstein-or-the-modern-prometheus-41445,1,,server-1,329,0,0,,,
cache-on-warm100,110,2,5.1545,6561.126,88.010,6649.135,horse,the-secret-adversary,1,,server-1,330,0,0,,,
cache-on-warm100,110,2,5.1636,6565.236,112.759,6677.995,she,myths-and-legends-of-ancient-greece-and-rome,1,,server-1,331,0,0,,,
cache-on-warm100,110,2,5.1727,6558.354,151.526,6709.880,of,the-adventures-of-tom-sawyer-complete,1,,server-1,332,0,0,,,
cache-on-warm100,110,2,5.1818,6551.972,105.042,6657.015,heart,the-american,1,,server-1,332,0,0,,,
cache-on-warm100,110,2,5.1909,6543.629,145.039,6688.668,money,dracula,1,,server-1,333,0,0,,,
cache-on-warm100,110,2,5.2000,6640.738,59.155,6699.892,of,the-first-men-in-the-moon,1,,server-1,333,0,0,,,
cache-on-warm100,110,2,5.2091,6632.017,44.525,6676.542,whale,herland,1,,server-1,333,0,0,,,
cache-on-warm100,110,2,5.2182,6623.599,27.018,6650.617,london,the-last-of-the-mohicans-a-narrative-of-1757,1,,server-1,333,0,0,,,
cache-on-warm100,110,2,5.2273,6615.291,113.096,6728.387,money,white-fang,1,,server-1,334,0,0,,,
cache-on-warm100,110,2,5.2364,6607.309,99.583,6706.892,sea,the-house-of-mirth,1,,server-1,335,0,0,,,
cache-on-warm100,110,2,5.2455,6636.965,35.708,6672.673,horse,persuasion,1,,server-1,335,0,0,,,
cache-on-warm100,110,2,5.2545,6624.814,6.475,6631.289,castle,far-from-the-madding-crowd,1,,server-1,335,0,0,,,
cache-on-warm100,110,2,5.2636,6622.979,57.712,6680.691,love,the-song-of-the-lark,1,,server-1,336,0,0,,,
cache-on-warm100,110,2,5.2727,6614.686,99.829,6714.516,london,hard-times,1,,server-1,337,0,0,,,
cache-on-warm100,110,2,5.2818,6636.622,170.317,6806.939,house,the-mysterious-affair-at-styles,1,,server-1,338,0,0,,,
cache-on-warm100,110,2,5.2909,6651.684,86.435,6738.119,sea,the-lost-world,1,,server-1,338,0,0,,,
cache-on-warm100,110,2,5.3000,6655.000,104.960,6759.960,of,hard-times,1,,server-1,339,0,0,,,
cache-on-warm100,110,2,5.3091,6674.602,65.059,6739.661,letter,a-princess-of-mars,1,,server-1,340,0,0,,,
cache-on-warm100,110,2,5.3182,6696.862,71.026,6767.887,you,the-first-men-in-the-moon,1,,server-1,341,0,0,,,
cache-on-warm100,110,2,5.3273,6687.053,46.204,6733.256,death,the-hound-of-the-baskervilles,1,,server-1,342,0,0,,,
cache-on-warm100,110,2,5.3364,6688.782,62.713,6751.495,love,the-warden,1,,server-1,342,0,0,,,
cache-on-warm100,110,2,5.3455,6742.752,190.113,6932.865,of,cranford,1,,server-1,343,0,0,,,
cache-on-warm100,110,2,5.3545,6735.445,7.292,6742.736,london,the-jungle-book,1,,server-1,344,0,0,,,
cache-on-warm100,110,2,5.3636,6724.399,190.249,6914.648,king,a-tale-of-two-cities,1,,server-1,345,0,0,,,
cache-on-warm100,110,2,5.3727,6717.018,158.358,6875.376,money,the-lost-world,1,,server-1,346,0,0,,,
cache-on-warm100,110,2,5.3818,6708.171,189.184,6897.355,the,black-beauty,1,,server-1,347,0,0,,,
cache-on-warm100,110,2,5.3909,6698.664,108.989,6807.653,heart,the-moonstone,1,,server-1,348,0,0,,,
cache-on-warm100,110,2,5.4000,6692.509,181.511,6874.020,of,treasure-island,1,,server-1,349,0,0,,,
cache-on-warm100,110,2,5.4091,6682.520,39.981,6722.501,he,the-secret-garden,1,,server-1,350,0,0,,,
cache-on-warm100,110,2,5.4182,6674.673,185.700,6860.373,letter,the-song-of-the-lark,1,,server-1,351,0,0,,,
cache-on-warm100,110,2,5.4273,6666.175,187.031,6853.207,house,walden-and-on-the-duty-of-civil-disobedience,1,,server-1,352,0,0,,,
cache-on-warm100,110,2,5.4364,6696.863,141.646,6838.510,the,the-wind-in-the-willows,1,,server-1,353,0,0,,,
cache-on-warm100,110,2,5.4455,6712.976,116.990,6829.966,love,the-romance-of-lust-a-classic-victorian-erotic-novel,1,,server-1,353,0,0,,,
cache-on-warm100,110,2,5.4545,6819.670,39.518,6859.188,and,the-war-of-the-worlds,1,,server-1,354,0,0,,,
cache-on-warm100,110,2,5.4636,6811.481,91.171,6902.652,death,the-hound-of-the-baskervilles-3070,1,,server-1,353,0,0,,,
cache-on-warm100,110,2,5.4727,6805.065,92.016,6897.081,of,a-tale-of-two-cities,1,,server-1,354,0,0,,,
cache-on-warm100,110,2,5.4818,6797.089,38.019,6835.108,sea,the-american,1,,server-1,355,0,0,,,
cache-on-warm100,110,2,5.4909,6788.398,86.017,6874.414,castle,a-tale-of-two-cities,1,,server-1,355,0,0,,,
cache-on-warm100,110,2,5.5000,6780.918,133.348,6914.266,house,the-moonstone,1,,server-1,356,0,0,,,
cache-on-warm100,110,2,5.5091,6802.684,75.424,6878.109,was,the-last-of-the-mohicans-a-narrative-of-1757-27681,1,,server-1,357,0,0,,,
cache-on-warm100,110,2,5.5182,6851.055,41.170,6892.225,london,the-return-of-sherlock-holmes-108,1,,server-1,358,0,0,,,
cache-on-warm100,110,2,5.5273,6887.657,2.070,6889.728,the,the-adventures-of-tom-sawyer-complete,1,,server-1,359,0,0,,,
cache-on-warm100,110,2,5.5364,6879.025,1.157,6880.182,you,wuthering-heights,1,,server-1,360,0,0,,,
cache-on-warm100,110,2,5.5455,6870.296,43.123,6913.419,horse,herland,1,,server-1,359,0,0,,,
cache-on-warm100,110,2,5.5545,6863.937,61.842,6925.779,horse,tess-of-the-d-urbervilles-a-pure-woman,1,,server-1,360,0,0,,,
cache-on-warm100,110,2,5.5636,6856.540,38.257,6894.797,of,the-adventures-of-tom-sawyer-complete,1,,server-1,361,0,0,,,
cache-on-warm100,110,2,5.5727,6843.876,41.870,6885.746,the,the-first-men-in-the-moon,1,,server-1,362,0,0,,,
cache-on-warm100,110,2,5.5818,6834.403,26.217,6860.620,horse,leaves-of-grass,1,,server-1,362,0,0,,,
cache-on-warm100,110,2,5.5909,6826.296,39.763,6866.059,of,memoirs-of-fanny-hill,1,,server-1,363,0,0,,,
cache-on-warm100,110,2,5.6000,6821.020,110.311,6931.332,sea,the-romance-of-lust-a-classic-victorian-erotic-novel,1,,server-1,362,0,0,,,
cache-on-warm100,110,2,5.6091,6823.535,99.182,6922.717,heart,the-tenant-of-wildfell-hall,1,,server-1,363,0,0,,,
cache-on-warm100,110,2,5.6182,6858.401,46.036,6904.437,horse,desert-gold,1,,server-1,364,0,0,,,
cache-on-warm100,110,2,5.6273,6904.008,46.138,6950.146,money,jude-the-obscure,1,,server-1,365,0,0,,,
cache-on-warm100,110,2,5.6364,6895.461,82.976,6978.437,whale,the-american,1,,server-1,366,0,0,,,
cache-on-warm100,110,2,5.6455,6887.315,84.249,6971.564,she,the-secret-adversary,1,,server-1,367,0,0,,,
cache-on-warm100,110,2,5.6545,6879.338,128.418,7007.756,death,the-song-of-the-lark,1,,server-1,368,0,0,,,
cache-on-warm100,110,2,5.6636,6869.880,82.831,6952.711,you,desperate-remedies,1,,server-1,367,0,0,,,
cache-on-warm100,110,2,5.6727,6862.034,128.347,6990.382,london,memoirs-of-fanny-hill,1,,server-1,362,0,0,,,
cache-on-warm100,110,2,5.6818,6875.397,105.283,6980.680,and,the-scarlet-letter-33,1,,server-1,363,0,0,,,
cache-on-warm100,110,2,5.6909,6844.290,130.203,6974.493,the,the-picture-of-dorian-gray,1,,server-1,364,0,0,,,
cache-on-warm100,110,2,5.7000,6858.557,192.257,7050.815,letter,the-mysterious-island,1,,server-1,364,0,0,,,
cache-on-warm100,110,2,5.7091,6869.936,115.051,6984.986,death,the-hound-of-the-baskervilles,1,,server-1,362,0,0,,,
cache-on-warm100,110,2,5.7182,6899.126,64.870,6963.996,love,the-adventures-of-sherlock-holmes,1,,server-1,363,0,0,,,
cache-on-warm100,110,2,5.7273,6887.772,92.430,6980.202,love,the-secret-garden,1,,server-1,364,0,0,,,
cache-on-warm100,110,2,5.7364,6925.821,17.932,6943.754,money,the-king-in-yellow,1,,server-1,365,0,0,,,
cache-on-warm100,110,2,5.7455,6871.546,48.820,6920.366,he,the-war-of-the-worlds,1,,server-1,366,0,0,,,
cache-on-warm100,110,2,5.7545,6874.671,98.298,6972.969,of,frankenstein-or-the-modern-prometheus,1,,server-1,366,0,0,,,
cache-on-warm100,110,2,5.7636,6898.038,85.006,6983.044,death,memoirs-of-fanny-hill,1,,server-1,367,0,0,,,
cache-on-warm100,110,2,5.7727,6894.216,124.450,7018.665,letter,mary-barton,1,,server-1,368,0,0,,,
cache-on-warm100,110,2,5.7818,6883.732,156.550,7040.282,of,adventures-of-huckleberry-finn,1,,server-1,369,0,0,,,
cache-on-warm100,110,2,5.7909,6961.068,140.978,7102.047,whale,desperate-remedies,1,,server-1,369,0,0,,,
cache-on-warm100,110,2,5.8000,6881.974,182.044,7064.019,death,mary-barton,1,,server-1,370,0,0,,,
cache-on-warm100,110,2,5.8091,6885.578,13.334,6898.912,and,jane-eyre-an-autobiography,1,,server-1,370,0,0,,,
cache-on-warm100,110,2,5.8182,6885.940,120.660,7006.600,death,jude-the-obscure,1,,server-1,371,0,0,,,
cache-on-warm100,110,2,5.8273,6900.502,135.561,7036.063,you,the-king-in-yellow,1,,server-1,372,0,0,,,
cache-on-warm100,110,2,5.8364,6915.545,73.392,6988.936,horse,the-scarlet-letter,1,,server-1,373,0,0,,,
cache-on-warm100,110,2,5.8455,6967.477,22.404,6989.881,death,the-hound-of-the-baskervilles-3070,1,,server-1,374,0,0,,,
cache-on-warm100,110,2,5.8545,6937.401,173.669,7111.069,was,the-moonstone,1,,server-1,374,0,0,,,
cache-on-warm100,110,2,5.8636,6912.444,37.100,6949.544,london,villette,1,,server-1,375,0,0,,,
cache-on-warm100,110,2,5.8727,6952.467,182.656,7135.123,and,the-iliad,1,,server-1,376,0,0,,,
cache-on-warm100,110,2,5.8818,6953.986,203.078,7157.064,he,villette,1,,server-1,376,0,0,,,
cache-on-warm100,110,2,5.8909,6965.941,147.718,7113.659,was,the-memoirs-of-sherlock-holmes,1,,server-1,376,0,0,,,
cache-on-warm100,110,2,5.9000,6963.849,96.913,7060.762,sea,hard-times,1,,server-1,377,0,0,,,
cache-on-warm100,110,2,5.9091,7004.515,21.656,7026.171,she,cranford,1,,server-1,378,0,0,,,
cache-on-warm100,110,2,5.9182,6994.719,95.097,7089.816,heart,little-women,1,,server-1,377,0,0,,,
cache-on-warm100,110,2,5.9273,7081.166,30.965,7112.131,king,the-jungle,1,,server-1,378,0,0,,,
cache-on-warm100,110,2,5.9364,7073.083,97.556,7170.639,money,mary-barton,1,,server-1,379,0,0,,,
cache-on-warm100,110,2,5.9455,7063.591,93.813,7157.404,letter,sense-and-sensibility,1,,server-1,380,0,0,,,
cache-on-warm100,110,2,5.9545,7080.707,71.771,7152.478,whale,little-women,1,,server-1,379,0,0,,,
cache-on-warm100,110,2,5.9636,7074.166,87.713,7161.879,night,anne-of-green-gables,1,,server-1,379,0,0,,,
cache-on-warm100,110,2,5.9727,7066.540,86.223,7152.763,she,far-from-the-madding-crowd,1,,server-1,379,0,0,,,
cache-on-warm100,110,2,5.9818,7073.734,93.783,7167.516,house,the-first-men-in-the-moon,1,,server-1,379,0,0,,,
cache-on-warm100,110,2,5.9909,7154.019,61.637,7215.655,king,kidnapped,1,,server-1,380,0,0,,,
cache-on-warm100,110,2,6.0000,7108.375,41.913,7150.288,night,desert-gold,1,,server-1,379,0,0,,,
cache-on-warm100,110,2,6.0091,7115.669,39.597,7155.265,whale,hard-times,1,,server-1,380,0,0,,,
cache-on-warm100,110,2,6.0182,7146.445,116.921,7263.366,house,far-from-the-madding-crowd,1,,server-1,379,0,0,,,
cache-on-warm100,110,2,6.0273,7118.041,53.408,7171.450,death,oliver-twist,1,,server-1,380,0,0,,,
cache-on-warm100,110,2,6.0364,7113.701,15.976,7129.676,night,the-house-of-mirth,1,,server-1,380,0,0,,,
cache-on-warm100,110,2,6.0455,7120.406,116.011,7236.417,whale,the-romance-of-lust-a-classic-victorian-erotic-novel,1,,server-1,381,0,0,,,
cache-on-warm100,110,2,6.0545,7148.648,57.068,7205.717,and,the-mysterious-affair-at-styles,1,,server-1,382,0,0,,,
cache-on-warm100,110,2,6.0636,7143.060,72.521,7215.580,house,the-memoirs-of-sherlock-holmes,1,,server-1,383,0,0,,,
cache-on-warm100,110,2,6.0727,7135.062,73.224,7208.286,love,his-last-bow,1,,server-1,383,0,0,,,
cache-on-warm100,110,2,6.0818,7178.418,35.556,7213.974,he,the-scarlet-letter-33,1,,server-1,384,0,0,,,
cache-on-warm100,110,2,6.0909,7188.598,17.793,7206.391,whale,thus-spake-zarathustra-a-book-for-all-and-none,1,,server-1,384,0,0,,,
cache-on-warm100,110,2,6.1000,7179.877,137.390,7317.267,whale,a-tale-of-two-cities,1,,server-1,385,0,0,,,
cache-on-warm100,110,2,6.1091,7172.176,42.492,7214.668,night,tess-of-the-d-urbervilles-a-pure-woman,1,,server-1,386,0,0,,,
cache-on-warm100,110,2,6.1182,7177.893,85.035,7262.928,horse,kidnapped,1,,server-1,387,0,0,,,
cache-on-warm100,110,2,6.1273,7169.931,138.269,7308.201,letter,little-women,1,,server-1,388,0,0,,,
cache-on-warm100,110,2,6.1364,7183.248,132.564,7315.811,whale,the-scarlet-letter,1,,server-1,386,0,0,,,
cache-on-warm100,110,2,6.1455,7178.082,113.158,7291.240,was,leaves-of-grass,1,,server-1,387,0,0,,,
cache-on-warm100,110,2,6.1545,7169.081,41.542,7210.623,night,the-american,1,,server-1,387,0,0,,,
cache-on-warm100,110,2,6.1636,7182.190,66.168,7248.358,money,dracula,1,,server-1,388,0,0,,,
cache-on-warm100,110,2,6.1727,7260.550,4.662,7265.213,death,the-king-in-yellow,1,,server-1,388,0,0,,,
cache-on-warm100,110,2,6.1818,7198.786,86.065,7284.851,letter,the-adventures-of-tom-sawyer-complete,1,,server-1,389,0,0,,,
cache-on-warm100,110,2,6.1909,7260.353,1.424,7261.777,death,the-vicomte-de-bragelonne,1,,server-1,390,0,0,,,
cache-on-warm100,110,2,6.2000,7251.126,38.002,7289.128,sea,the-scarlet-letter,1,,server-1,391,0,0,,,
cache-on-warm100,110,2,6.2091,7230.284,29.075,7259.359,castle,thus-spake-zarathustra-a-book-for-all-and-none,1,,server-1,392,0,0,,,
cache-on-warm100,110,2,6.2182,7221.343,124.773,7346.116,love,the-iliad-2199,1,,server-1,393,0,0,,,
cache-on-warm100,110,2,6.2273,7239.677,97.208,7336.885,money,adventures-of-huckleberry-finn,1,,server-1,394,0,0,,,
cache-on-warm100,110,2,6.2364,7329.647,78.324,7407.971,heart,the-wind-in-the-willows,1,,server-1,395,0,0,,,
cache-on-warm100,110,2,6.2455,7319.143,2.538,7321.681,was,frankenstein-or-the-modern-prometheus-41445,1,,server-1,395,0,0,,,
cache-on-warm100,110,2,6.2545,7310.459,48.714,7359.174,sea,emma,1,,server-1,394,0,0,,,
cache-on-warm100,110,2,6.2636,7302.851,62.632,7365.484,night,grimms-fairy-tales,1,,server-1,395,0,0,,,
cache-on-warm100,110,2,6.2727,7294.074,15.658,7309.732,castle,north-and-south,1,,server-1,396,0,0,,,
cache-on-warm100,110,2,6.2818,7286.327,42.754,7329.082,castle,far-from-the-madding-crowd,1,,server-1,397,0,0,,,
cache-on-warm100,110,2,6.2909,7278.770,100.445,7379.216,was,agnes-grey,1,,server-1,398,0,0,,,
cache-on-warm100,110,2,6.3000,7310.704,59.015,7369.719,was,mansfield-park,1,,server-1,399,0,0,,,
cache-on-warm100,110,2,6.3091,7319.963,64.627,7384.590,and,walden-and-on-the-duty-of-civil-disobedience,1,,server-1,400,0,0,,,
cache-on-warm100,110,2,6.3182,7312.647,87.847,7400.494,love,frankenstein-or-the-modern-prometheus-41445,1,,server-1,401,0,0,,,
cache-on-warm100,110,2,6.3273,7338.384,93.901,7432.285,letter,mansfield-park,1,,server-1,399,0,0,,,
cache-on-warm100,110,2,6.3364,7333.890,19.701,7353.591,heart,the-wind-in-the-willows,1,,server-1,400,0,0,,,
cache-on-warm100,110,2,6.3455,7326.600,49.265,7375.865,castle,the-return-of-sherlock-holmes,1,,server-1,401,0,0,,,
cache-on-warm100,110,2,6.3545,7320.098,42.644,7362.741,money,little-women,1,,server-1,402,0,0,,,
cache-on-warm100,110,2,6.3636,7353.784,40.106,7393.891,love,the-iliad-2199,1,,server-1,403,0,0,,,
cache-on-warm100,110,2,6.3727,7346.177,58.983,7405.160,whale,the-adventures-of-sherlock-holmes,1,,server-1,402,0,0,,,
cache-on-warm100,110,2,6.3818,7337.466,41.180,7378.647,heart,around-the-world-in-eighty-days,1,,server-1,403,0,0,,,
cache-on-warm100,110,2,6.3909,7330.261,37.842,7368.103,king,a-journey-to-the-centre-of-the-earth,1,,server-1,403,0,0,,,
cache-on-warm100,110,2,6.4000,7349.110,32.114,7381.224,money,the-mystery-of-edwin-drood,1,,server-1,404,0,0,,,
cache-on-warm100,110,2,6.4091,7350.182,18.856,7369.037,horse,the-house-of-the-seven-gables,1,,server-1,404,0,0,,,
cache-on-warm100,110,2,6.4182,7340.841,97.842,7438.683,was,the-scarlet-letter-33,1,,server-1,405,0,0,,,
cache-on-warm100,110,2,6.4273,7333.940,20.874,7354.814,of,the-romance-of-lust-a-classic-victorian-erotic-novel,1,,server-1,406,0,0,,,
cache-on-warm100,110,2,6.4364,7341.681,31.615,7373.297,she,the-adventures-of-sherlock-holmes,1,,server-1,407,0,0,,,
cache-on-warm100,110,2,6.4455,7335.395,54.829,7390.224,letter,persuasion,1,,server-1,408,0,0,,,
cache-on-warm100,110,2,6.4545,7325.255,31.596,7356.851,he,around-the-world-in-eighty-days,1,,server-1,409,0,0,,,
cache-on-warm100,110,2,6.4636,7317.672,81.851,7399.523,was,a-connecticut-yankee-in-king-arthur-s-court,1,,server-1,409,0,0,,,
cache-on-warm100,110,2,6.4727,7309.073,134.960,7444.033,death,wuthering-heights,1,,server-1,410,0,0,,,
cache-on-warm100,110,2,6.4818,7315.298,39.329,7354.627,love,the-hound-of-the-baskervilles-3070,1,,server-1,411,0,0,,,
cache-on-warm100,110,2,6.4909,7308.927,59.384,7368.311,you,silas-marner,1,,server-1,412,0,0,,,
cache-on-warm100,110,2,6.5000,7309.474,109.874,7419.348,whale,dracula,1,,server-1,408,0,0,,,
cache-on-warm100,110,2,6.5091,7301.593,49.484,7351.077,he,the-portrait-of-a-lady-volume-1,1,,server-1,408,0,0,,,
cache-on-warm100,110,2,6.5182,7341.280,60.558,7401.839,horse,sense-and-sensibility,1,,server-1,406,0,0,,,
cache-on-warm100,110,2,6.5273,7334.669,82.943,7417.612,money,dubliners,1,,server-1,407,0,0,,,
cache-on-warm100,110,2,6.5364,7325.749,70.802,7396.551,death,a-journey-to-the-centre-of-the-earth,1,,server-1,408,0,0,,,
cache-on-warm100,110,2,6.5455,7374.143,77.925,7452.068,whale,the-first-men-in-the-moon,1,,server-1,409,0,0,,,
cache-on-warm100,110,2,6.5545,7366.228,78.853,7445.081,letter,walden-and-on-the-duty-of-civil-disobedience,1,,server-1,410,0,0,,,
cache-on-warm100,110,2,6.5636,7357.999,36.470,7394.469,you,agnes-grey,1,,server-1,411,0,0,,,
cache-on-warm100,110,2,6.5727,7359.970,1.943,7361.913,sea,the-picture-of-dorian-gray,1,,server-1,412,0,0,,,
cache-on-warm100,110,2,6.5818,7352.637,61.695,7414.332,money,silas-marner,1,,server-1,413,0,0,,,
cache-on-warm100,110,2,6.5909,7351.815,39.999,7391.814,horse,the-divine-comedy,1,,server-1,413,0,0,,,
cache-on-warm100,110,2,6.6000,7357.733,39.776,7397.509,night,the-adventures-of-ferdinand-count-fathom-complete,1,,server-1,413,0,0,,,
cache-on-warm100,110,2,6.6091,7348.486,40.658,7389.143,king,frankenstein-or-the-modern-prometheus-41445,1,,server-1,414,0,0,,,
cache-on-warm100,110,2,6.6182,7364.553,14.354,7378.907,horse,the-adventures-of-tom-sawyer-complete,1,,server-1,415,0,0,,,
cache-on-warm100,110,2,6.6273,7366.766,17.134,7383.900,death,washington-square,1,,server-1,416,0,0,,,
cache-on-warm100,110,2,6.6364,7360.288,25.542,7385.830,death,washington-square,1,,server-1,417,0,0,,,
cache-on-warm100,110,2,6.6455,7351.367,2.657,7354.024,she,the-adventures-of-sherlock-holmes,1,,server-1,418,0,0,,,
cache-on-warm100,110,2,6.6545,7344.091,12.049,7356.141,castle,grimms-fairy-tales,1,,server-1,418,0,0,,,
cache-on-warm100,110,2,6.6636,7337.929,128.564,7466.493,he,tess-of-the-d-urbervilles-a-pure-woman,1,,server-1,419,0,0,,,
cache-on-warm100,110,2,6.6727,7337.825,35.108,7372.933,you,life-on-the-mississippi,1,,server-1,420,0,0,,,
cache-on-warm100,110,2,6.6818,7340.871,101.712,7442.583,the,the-adventures-of-sherlock-holmes,1,,server-1,421,0,0,,,
cache-on-warm100,110,2,6.6909,7330.878,1.921,7332.799,she,the-age-of-innocence,1,,server-1,422,0,0,,,
cache-on-warm100,110,2,6.7000,7323.371,86.422,7409.792,heart,the-scarlet-letter-33,1,,server-1,423,0,0,,,
cache-on-warm100,110,2,6.7091,7315.986,105.244,7421.230,london,the-adventures-of-ferdinand-count-fathom-complete,1,,server-1,424,0,0,,,
cache-on-warm100,110,2,6.7182,7323.834,88.712,7412.546,house,the-secret-garden,1,,server-1,425,0,0,,,
cache-on-warm100,110,2,6.7273,7317.668,112.428,7430.096,he,black-beauty,1,,server-1,424,0,0,,,
cache-on-warm100,110,2,6.7364,7309.886,123.041,7432.927,was,the-first-men-in-the-moon,1,,server-1,425,0,0,,,
cache-on-warm100,110,2,6.7455,7355.449,56.980,7412.429,death,the-lost-world,1,,server-1,426,0,0,,,
cache-on-warm100,110,2,6.7545,7352.498,36.504,7389.002,house,northanger-abbey,1,,server-1,427,0,0,,,
cache-on-warm100,110,2,6.7636,7390.114,18.125,7408.239,he,the-warden,1,,server-1,427,0,0,,,
cache-on-warm100,110,2,6.7727,7352.282,33.568,7385.850,you,the-iliad-2199,1,,server-1,428,0,0,,,
cache-on-warm100,110,2,6.7818,7386.289,2.882,7389.171,heart,the-war-of-the-worlds,1,,server-1,429,0,0,,,
cache-on-warm100,110,2,6.7909,7366.672,13.411,7380.083,letter,the-song-of-the-lark,1,,server-1,430,0,0,,,
cache-on-warm100,110,2,6.8000,7358.360,78.728,7437.088,horse,the-moonstone,1,,server-1,431,0,0,,,
cache-on-warm100,110,2,6.8091,7359.969,68.612,7428.581,of,twenty-thousand-leagues-under-the-sea,1,,server-1,431,0,0,,,
cache-on-warm100,110,2,6.8182,7351.874,5.435,7357.310,night,the-house-of-mirth,1,,server-1,432,0,0,,,
cache-on-warm100,110,2,6.8273,7343.670,66.492,7410.162,money,leaves-of-grass,1,,server-1,432,0,0,,,
cache-on-warm100,110,2,6.8364,7335.315,92.745,7428.060,heart,the-secret-adversary,1,,server-1,433,0,0,,,
cache-on-warm100,110,2,6.8455,7327.472,91.630,7419.102,money,myths-and-legends-of-ancient-greece-and-rome,1,,server-1,434,0,0,,,
cache-on-warm100,110,2,6.8545,7363.160,90.918,7454.078,king,jude-the-obscure,1,,server-1,435,0,0,,,
cache-on-warm100,110,2,6.8636,7370.540,120.675,7491.215,he,grimms-fairy-tales,1,,server-1,436,0,0,,,
cache-on-warm100,110,2,6.8727,7361.606,106.174,7467.780,heart,the-iliad,1,,server-1,437,0,0,,,
cache-on-warm100,110,2,6.8818,7356.836,71.963,7428.799,death,the-war-of-the-worlds,1,,server-1,437,0,0,,,
cache-on-warm100,110,2,6.8909,7448.612,142.382,7590.994,horse,beyond-good-and-evil,1,,server-1,438,0,0,,,
cache-on-warm100,110,2,6.9000,7366.672,122.880,7489.552,castle,the-adventures-of-ferdinand-count-fathom-complete,1,,server-1,439,0,0,,,
cache-on-warm100,110,2,6.9091,7357.279,44.684,7401.963,london,the-secret-adversary,1,,server-1,438,0,0,,,
cache-on-warm100,110,2,6.9182,7381.002,138.348,7519.350,sea,myths-and-legends-of-ancient-greece-and-rome,1,,server-1,438,0,0,,,
cache-on-warm100,110,2,6.9273,7360.050,100.714,7460.764,death,persuasion,1,,server-1,439,0,0,,,
cache-on-warm100,110,2,6.9364,7362.164,41.602,7403.767,the,the-house-of-mirth,1,,server-1,440,0,0,,,
cache-on-warm100,110,2,6.9455,7365.625,30.096,7395.722,heart,the-song-of-the-lark,1,,server-1,441,0,0,,,
cache-on-warm100,110,2,6.9545,7380.549,133.010,7513.559,money,the-prince,1,,server-1,440,0,0,,,
cache-on-warm100,110,2,6.9636,7375.856,98.016,7473.871,and,the-adventures-of-tom-sawyer-complete,1,,server-1,441,0,0,,,
cache-on-warm100,110,2,6.9727,7379.223,48.335,7427.558,horse,the-hound-of-the-baskervilles,1,,server-1,442,0,0,,,
cache-on-warm100,110,2,6.9818,7373.320,83.123,7456.444,whale,persuasion,1,,server-1,443,0,0,,,
cache-on-warm100,110,2,6.9909,7407.120,4.159,7411.280,night,frankenstein-or-the-modern-prometheus-41445,1,,server-1,444,0,0,,,
cache-on-warm100,110,2,7.0000,7401.479,65.176,7466.655,london,a-tale-of-two-cities,1,,server-1,445,0,0,,,
cache-on-warm100,110,2,7.0091,7460.849,12.365,7473.214,letter,a-princess-of-mars,1,,server-1,445,0,0,,,
cache-on-warm100,110,2,7.0182,7464.750,41.405,7506.155,castle,anne-of-green-gables,1,,server-1,446,0,0,,,
cache-on-warm100,110,2,7.0273,7454.058,60.470,7514.527,whale,the-last-of-the-mohicans-a-narrative-of-1757-27681,1,,server-1,447,0,0,,,
cache-on-warm100,110,2,7.0364,7433.438,25.867,7459.304,the,treasure-island,1,,server-1,448,0,0,,,
cache-on-warm100,110,2,7.0455,7438.109,59.937,7498.046,heart,the-house-of-the-seven-gables,1,,server-1,449,0,0,,,
cache-on-warm100,110,2,7.0545,7440.948,102.651,7543.599,castle,the-last-of-the-mohicans-a-narrative-of-1757,1,,server-1,450,0,0,,,
cache-on-warm100,110,2,7.0636,7460.454,131.920,7592.373,he,the-mysterious-affair-at-styles,1,,server-1,449,0,0,,,
cache-on-warm100,110,2,7.0727,7466.724,87.316,7554.041,castle,his-last-bow,1,,server-1,450,0,0,,,
cache-on-warm100,110,2,7.0818,7444.793,100.343,7545.137,he,the-scarlet-letter,1,,server-1,451,0,0,,,
cache-on-warm100,110,2,7.0909,7451.450,78.979,7530.429,sea,kidnapped,1,,server-1,452,0,0,,,
cache-on-warm100,110,2,7.1000,7441.969,124.405,7566.374,money,the-moonstone,1,,server-1,452,0,0,,,
cache-on-warm100,110,2,7.1091,7433.094,124.622,7557.716,letter,the-works-of-edgar-allan-poe-volume-2,1,,server-1,451,0,0,,,
cache-on-warm100,110,2,7.1182,7424.797,54.619,7479.416,sea,the-secret-garden,1,,server-1,452,0,0,,,
cache-on-warm100,110,2,7.1273,7419.934,119.273,7539.207,and,poirot-investigates,1,,server-1,449,0,0,,,
cache-on-warm100,110,2,7.1364,7411.648,76.226,7487.874,whale,the-kama-sutra-of-vatsyayana,1,,server-1,450,0,0,,,
cache-on-warm100,110,2,7.1455,7479.074,31.645,7510.719,he,tess-of-the-d-urbervilles-a-pure-woman,1,,server-1,451,0,0,,,
cache-on-warm100,110,2,7.1545,7473.455,40.005,7513.460,horse,the-adventures-of-tom-sawyer-complete,1,,server-1,452,0,0,,,
cache-on-warm100,110,2,7.1636,7501.410,30.757,7532.166,she,great-expectations,1,,server-1,453,0,0,,,
cache-on-warm100,110,2,7.1727,7522.405,1.660,7524.065,he,villette,1,,server-1,454,0,0,,,
cache-on-warm100,110,2,7.1818,7511.728,29.313,7541.041,castle,herland,1,,server-1,455,0,0,,,
cache-on-warm100,110,2,7.1909,7503.177,12.615,7515.793,was,the-war-of-the-worlds,1,,server-1,456,0,0,,,
cache-on-warm100,110,2,7.2000,7494.451,29.563,7524.015,letter,the-war-of-the-worlds,1,,server-1,457,0,0,,,
cache-on-warm100,110,2,7.2091,7505.649,108.270,7613.919,she,life-on-the-mississippi,1,,server-1,458,0,0,,,
cache-on-warm100,110,2,7.2182,7495.788,23.016,7518.805,of,the-scarlet-letter-33,1,,server-1,459,0,0,,,
cache-on-warm100,110,2,7.2273,7486.985,9.976,7496.961,was,the-secret-garden,1,,server-1,460,0,0,,,
cache-on-warm100,110,2,7.2364,7502.699,90.547,7593.246,king,the-odyssey,1,,server-1,461,0,0,,,
cache-on-warm100,110,2,7.2455,7492.135,20.670,7512.805,money,sense-and-sensibility,1,,server-1,460,0,0,,,
cache-on-warm100,110,2,7.2545,7483.602,19.977,7503.579,sea,the-secret-adversary,1,,server-1,458,0,0,,,
cache-on-warm100,110,2,7.2636,7474.104,111.927,7586.031,horse,the-iliad,1,,server-1,459,0,0,,,
cache-on-warm100,110,2,7.2727,7467.611,166.532,7634.143,the,the-portrait-of-a-lady-volume-1,1,,server-1,460,0,0,,,
cache-on-warm100,110,2,7.2818,7458.836,106.639,7565.475,castle,pride-and-prejudice,1,,server-1,461,0,0,,,
cache-on-warm100,110,2,7.2909,7467.514,88.723,7556.237,whale,desert-gold,1,,server-1,462,0,0,,,
cache-on-warm100,110,2,7.3000,7485.024,184.027,7669.051,she,hard-times,1,,server-1,463,0,0,,,
cache-on-warm100,110,2,7.3091,7497.141,233.190,7730.331,was,the-adventures-of-sherlock-holmes,1,,server-1,460,0,0,,,
cache-on-warm100,110,2,7.3182,7487.953,165.211,7653.164,horse,the-mysterious-island,1,,server-1,461,0,0,,,
cache-on-warm100,110,2,7.3273,7496.577,37.655,7534.232,the,thus-spake-zarathustra-a-book-for-all-and-none,1,,server-1,461,0,0,,,
cache-on-warm100,110,2,7.3364,7491.373,142.455,7633.827,you,poirot-investigates,1,,server-1,462,0,0,,,
cache-on-warm100,110,2,7.3455,7502.955,76.403,7579.358,was,the-portrait-of-a-lady-volume-1,1,,server-1,463,0,0,,,
cache-on-warm100,110,2,7.3545,7470.842,24.015,7494.857,night,the-last-of-the-mohicans-a-narrative-of-1757-27681,1,,server-1,464,0,0,,,
cache-on-warm100,110,2,7.3636,7465.386,209.522,7674.907,and,the-tenant-of-wildfell-hall,1,,server-1,465,0,0,,,
cache-on-warm100,110,2,7.3727,7457.119,54.660,7511.780,money,thus-spake-zarathustra-a-book-for-all-and-none,1,,server-1,465,0,0,,,
cache-on-warm100,110,2,7.3818,7480.478,152.782,7633.261,london,myths-and-legends-of-ancient-greece-and-rome,1,,server-1,466,0,0,,,
cache-on-warm100,110,2,7.3909,7473.310,60.237,7533.547,and,the-portrait-of-a-lady-volume-1,1,,server-1,467,0,0,,,
cache-on-warm100,110,2,7.4000,7479.952,135.405,7615.357,of,poirot-investigates,1,,server-1,468,0,0,,,
cache-on-warm100,110,2,7.4091,7475.034,156.214,7631.249,and,the-warden,1,,server-1,468,0,0,,,
cache-on-warm100,110,2,7.4182,7467.812,158.872,7626.685,she,poirot-investigates,1,,server-1,468,0,0,,,
cache-on-warm100,110,2,7.4273,7533.210,11.176,7544.386,horse,around-the-world-in-eighty-days,1,,server-1,469,0,0,,,
cache-on-warm100,110,2,7.4364,7535.096,156.579,7691.675,castle,the-mysterious-island,1,,server-1,470,0,0,,,
cache-on-warm100,110,2,7.4455,7567.848,27.019,7594.867,she,washington-square,1,,server-1,471,0,0,,,
cache-on-warm100,110,2,7.4545,7583.765,3.270,7587.035,the,the-odyssey,1,,server-1,472,0,0,,,
cache-on-warm100,110,2,7.4636,7575.226,112.927,7688.154,house,little-women,1,,server-1,473,0,0,,,
cache-on-warm100,110,2,7.4727,7566.618,58.181,7624.799,heart,jude-the-obscure,1,,server-1,474,0,0,,,
cache-on-warm100,110,2,7.4818,7562.792,82.570,7645.362,death,the-war-of-the-worlds,1,,server-1,475,0,0,,,
cache-on-warm100,110,2,7.4909,7571.487,137.466,7708.953,letter,a-tale-of-two-cities,1,,server-1,476,0,0,,,
cache-on-warm100,110,2,7.5000,7563.521,88.844,7652.364,sea,the-secret-garden,1,,server-1,477,0,0,,,
cache-on-warm100,110,2,7.5091,7616.346,31.914,7648.260,you,the-warden,1,,server-1,478,0,0,,,
cache-on-warm100,110,2,7.5182,7608.766,1.274,7610.040,the,dracula,1,,server-1,479,0,0,,,
cache-on-warm100,110,2,7.5273,7601.404,117.430,7718.834,the,the-innocents-abroad,1,,server-1,480,0,0,,,
cache-on-warm100,110,2,7.5364,7590.519,53.954,7644.473,you,the-song-of-the-lark,1,,server-1,481,0,0,,,
cache-on-warm100,110,2,7.5455,7602.272,92.624,7694.895,you,the-return-of-sherlock-holmes-108,1,,server-1,482,0,0,,,
cache-on-warm100,110,2,7.5545,7602.237,39.202,7641.439,night,treasure-island,1,,server-1,480,0,0,,,
cache-on-warm100,110,2,7.5636,7594.201,81.493,7675.694,house,the-return-of-sherlock-holmes,1,,server-1,480,0,0,,,
cache-on-warm100,110,2,7.5727,7585.977,114.902,7700.879,heart,villette,1,,server-1,479,0,0,,,
cache-on-warm100,110,2,7.5818,7615.513,97.777,7713.290,and,the-iliad-2199,1,,server-1,480,0,0,,,
cache-on-warm100,110,2,7.5909,7605.557,127.942,7733.499,he,little-women,1,,server-1,481,0,0,,,
cache-on-warm100,110,2,7.6000,7674.132,66.683,7740.815,sea,frankenstein-or-the-modern-prometheus-41445,1,,server-1,482,0,0,,,
cache-on-warm100,110,2,7.6091,7715.458,22.315,7737.773,death,white-fang,1,,server-1,483,0,0,,,
cache-on-warm100,110,2,7.6182,7705.914,49.976,7755.890,letter,great-expectations,1,,server-1,484,0,0,,,
cache-on-warm100,110,2,7.6273,7698.775,85.115,7783.890,whale,the-house-of-mirth,1,,server-1,483,0,0,,,
cache-on-warm100,110,2,7.6364,7702.481,50.170,7752.651,love,a-tale-of-two-cities,1,,server-1,484,0,0,,,
cache-on-warm100,110,2,7.6455,7695.175,50.705,7745.881,night,a-connecticut-yankee-in-king-arthur-s-court,1,,server-1,485,0,0,,,
cache-on-warm100,110,2,7.6545,7720.189,32.432,7752.621,of,the-house-of-mirth,1,,server-1,486,0,0,,,
cache-on-warm100,110,2,7.6636,7727.290,20.808,7748.098,death,dracula,1,,server-1,487,0,0,,,
cache-on-warm100,110,2,7.6727,7718.878,20.723,7739.600,you,the-first-men-in-the-moon,1,,server-1,488,0,0,,,
cache-on-warm100,110,2,7.6818,7729.615,1.490,7731.106,of,silas-marner,1,,server-1,488,0,0,,,
cache-on-warm100,110,2,7.6909,7721.663,1.288,7722.951,castle,beyond-good-and-evil,1,,server-1,489,0,0,,,
cache-on-warm100,110,2,7.7000,7713.008,33.954,7746.962,she,the-jungle-book,1,,server-1,490,0,0,,,
cache-on-warm100,110,2,7.7091,7703.445,44.510,7747.955,and,the-house-of-mirth,1,,server-1,486,0,0,,,
cache-on-warm100,110,2,7.7182,7695.731,43.018,7738.750,sea,the-jungle-book,1,,server-1,485,0,0,,,
cache-on-warm100,110,2,7.7273,7688.210,95.031,7783.241,night,the-song-of-the-lark,1,,server-1,486,0,0,,,
cache-on-warm100,110,2,7.7364,7680.248,93.598,7773.847,of,little-women,1,,server-1,487,0,0,,,
cache-on-warm100,110,2,7.7455,7680.350,22.495,7702.844,night,washington-square,1,,server-1,488,0,0,,,
cache-on-warm100,110,2,7.7545,7693.583,121.419,7815.003,castle,emma,1,,server-1,489,0,0,,,
cache-on-warm100,110,2,7.7636,7721.211,67.088,7788.300,love,the-scarlet-letter,1,,server-1,490,0,0,,,
cache-on-warm100,110,2,7.7727,7737.273,16.199,7753.472,castle,the-jungle,1,,server-1,490,0,0,,,
cache-on-warm100,110,2,7.7818,7728.151,62.876,7791.026,she,desperate-remedies,1,,server-1,491,0,0,,,
cache-on-warm100,110,2,7.7909,7721.814,61.573,7783.387,and,white-fang,1,,server-1,492,0,0,,,
cache-on-warm100,110,2,7.8000,7769.784,5.519,7775.303,love,the-scarlet-letter,1,,server-1,492,0,0,,,
cache-on-warm100,110,2,7.8091,7763.986,26.326,7790.312,whale,kidnapped,1,,server-1,493,0,0,,,
cache-on-warm100,110,2,7.8182,7756.111,28.209,7784.320,money,memoirs-of-fanny-hill,1,,server-1,494,0,0,,,
cache-on-warm100,110,2,7.8273,7748.091,14.103,7762.194,house,the-last-of-the-mohicans-a-narrative-of-1757-27681,1,,server-1,495,0,0,,,
cache-on-warm100,110,2,7.8364,7738.273,65.362,7803.635,sea,the-warden,1,,server-1,496,0,0,,,
cache-on-warm100,110,2,7.8455,7732.008,27.874,7759.882,letter,the-scarlet-letter-33,1,,server-1,497,0,0,,,
cache-on-warm100,110,2,7.8545,7733.531,71.439,7804.970,house,the-hound-of-the-baskervilles,1,,server-1,498,0,0,,,
cache-on-warm100,110,2,7.8636,7736.012,59.608,7795.620,letter,the-american,1,,server-1,496,0,0,,,
cache-on-warm100,110,2,7.8727,7728.694,38.607,7767.301,heart,hard-times,1,,server-1,495,0,0,,,
cache-on-warm100,110,2,7.8818,7720.559,2.958,7723.516,you,agnes-grey,1,,server-1,496,0,0,,,
cache-on-warm100,110,2,7.8909,7749.081,20.058,7769.139,sea,the-house-of-the-seven-gables,1,,server-1,497,0,0,,,
cache-on-warm100,110,2,7.9000,7758.535,2.545,7761.080,sea,the-secret-garden-17396,1,,server-1,498,0,0,,,
cache-on-warm100,110,2,7.9091,7750.649,67.249,7817.898,sea,the-mystery-of-edwin-drood,1,,server-1,499,0,0,,,
cache-on-warm100,110,2,7.9182,7742.656,40.678,7783.334,sea,oliver-twist,1,,server-1,500,0,0,,,
cache-on-warm100,110,2,7.9273,7734.459,84.441,7818.901,whale,mary-barton,1,,server-1,501,0,0,,,
cache-on-warm100,110,2,7.9364,7726.256,81.061,7807.317,london,the-american,1,,server-1,502,0,0,,,
cache-on-warm100,110,2,7.9455,7719.138,101.911,7821.049,london,the-odyssey,1,,server-1,503,0,0,,,
cache-on-warm100,110,2,7.9545,7746.361,65.772,7812.133,she,sense-and-sensibility,1,,server-1,504,0,0,,,
cache-on-warm100,110,2,7.9636,7737.444,164.998,7902.443,of,frankenstein-or-the-modern-prometheus-41445,1,,server-1,505,0,0,,,
cache-on-warm100,110,2,7.9727,7750.287,43.340,7793.627,letter,silas-marner,1,,server-1,505,0,0,,,
cache-on-warm100,110,2,7.9818,7761.392,75.925,7837.318,whale,meditations,1,,server-1,506,0,0,,,
cache-on-warm100,110,2,7.9909,7752.399,59.907,7812.306,whale,the-memoirs-of-sherlock-holmes,1,,server-1,506,0,0,,,
cache-on-warm100,110,2,8.0000,7744.856,75.397,7820.253,you,treasure-island,1,,server-1,503,0,0,,,
cache-on-warm100,110,2,8.0091,7736.632,94.941,7831.573,sea,the-return-of-sherlock-holmes,1,,server-1,504,0,0,,,
cache-on-warm100,110,2,8.0182,7744.089,195.002,7939.091,death,the-iliad-2199,1,,server-1,505,0,0,,,
cache-on-warm100,110,2,8.0273,7752.446,134.797,7887.244,love,white-fang,1,,server-1,506,0,0,,,
cache-on-warm100,110,2,8.0364,7731.274,73.383,7804.656,love,the-prince,1,,server-1,506,0,0,,,
cache-on-warm100,110,2,8.0455,7757.934,37.719,7795.653,of,mansfield-park,1,,server-1,507,0,0,,,
cache-on-warm100,110,2,8.0545,7728.272,86.511,7814.783,sea,the-last-of-the-mohicans-a-narrative-of-1757,1,,server-1,507,0,0,,,
cache-on-warm100,110,2,8.0636,7740.819,150.152,7890.971,love,cranford,1,,server-1,508,0,0,,,
cache-on-warm100,110,2,8.0727,7763.724,120.654,7884.378,love,poirot-investigates,1,,server-1,509,0,0,,,
cache-on-warm100,110,2,8.0818,7758.227,97.344,7855.571,house,grimms-fairy-tales,1,,server-1,510,0,0,,,
cache-on-warm100,110,2,8.0909,7777.764,88.548,7866.312,and,grimms-fairy-tales,1,,server-1,510,0,0,,,
cache-on-warm100,110,2,8.1000,7773.044,103.034,7876.077,money,the-mysterious-affair-at-styles,1,,server-1,510,0,0,,,
cache-on-warm100,110,2,8.1091,7757.061,120.298,7877.359,you,a-princess-of-mars,1,,server-1,511,0,0,,,
cache-on-warm100,110,2,8.1182,7765.392,45.121,7810.513,sea,the-warden,1,,server-1,509,0,0,,,
cache-on-warm100,110,2,8.1273,7821.595,26.796,7848.391,money,the-wind-in-the-willows,1,,server-1,509,0,0,,,
cache-on-warm100,110,2,8.1364,7801.853,19.533,7821.386,death,the-iliad-2199,1,,server-1,510,0,0,,,
cache-on-warm100,110,2,8.1455,7830.503,12.632,7843.135,letter,great-expectations,1,,server-1,511,0,0,,,
cache-on-warm100,110,2,8.1545,7821.784,11.170,7832.954,was,the-mystery-of-edwin-drood,1,,server-1,512,0,0,,,
cache-on-warm100,110,2,8.1636,7823.278,1.187,7824.465,sea,hard-times,1,,server-1,513,0,0,,,
cache-on-warm100,110,2,8.1727,7815.244,1.762,7817.006,sea,hard-times,1,,server-1,514,0,0,,,
cache-on-warm100,110,2,8.1818,7807.344,91.278,7898.622,money,villette,1,,server-1,511,0,0,,,
cache-on-warm100,110,2,8.1909,7798.507,91.043,7889.550,king,thus-spake-zarathustra-a-book-for-all-and-none,1,,server-1,512,0,0,,,
cache-on-warm100,110,2,8.2000,7789.452,90.903,7880.355,was,anne-of-green-gables,1,,server-1,513,0,0,,,
cache-on-warm100,110,2,8.2091,7781.078,2.919,7783.996,was,the-last-of-the-mohicans-a-narrative-of-1757-27681,1,,server-1,514,0,0,,,
cache-on-warm100,110,2,8.2182,7772.744,85.131,7857.875,house,the-iliad-2199,1,,server-1,515,0,0,,,
cache-on-warm100,110,2,8.2273,7765.118,4.096,7769.214,castle,hard-times,1,,server-1,516,0,0,,,
cache-on-warm100,110,2,8.2364,7843.455,1.986,7845.441,castle,the-secret-garden-17396,1,,server-1,517,0,0,,,
cache-on-warm100,110,2,8.2455,7830.564,5.797,7836.361,sea,pride-and-prejudice,1,,server-1,518,0,0,,,
cache-on-warm100,110,2,8.2545,7826.705,1.766,7828.470,heart,little-women,1,,server-1,519,0,0,,,
cache-on-warm100,110,2,8.2636,7817.744,2.096,7819.839,of,the-first-men-in-the-moon,1,,server-1,520,0,0,,,
cache-on-warm100,110,2,8.2727,7810.932,1.695,7812.628,of,grimms-fairy-tales,1,,server-1,521,0,0,,,
cache-on-warm100,110,2,8.2818,7801.093,1.914,7803.007,whale,autobiography-of-benjamin-franklin,1,,server-1,522,0,0,,,
cache-on-warm100,110,2,8.2909,7792.847,1.981,7794.829,death,the-adventures-of-ferdinand-count-fathom-complete,1,,server-1,523,0,0,,,
cache-on-warm100,110,2,8.3000,7784.471,45.235,7829.706,of,the-warden,1,,server-1,524,0,0,,,
cache-on-warm100,110,2,8.3091,7776.546,2.463,7779.009,castle,the-song-of-the-lark,1,,server-1,525,0,0,,,
cache-on-warm100,110,2,8.3182,7768.051,13.258,7781.309,you,the-return-of-sherlock-holmes-108,1,,server-1,526,0,0,,,
cache-on-warm100,110,2,8.3273,7762.110,47.002,7809.112,sea,great-expectations,1,,server-1,527,0,0,,,
cache-on-warm100,110,2,8.3364,7752.547,62.258,7814.806,money,the-portrait-of-a-lady-volume-1,1,,server-1,528,0,0,,,
cache-on-warm100,110,2,8.3455,7743.735,13.962,7757.697,sea,little-women,1,,server-1,529,0,0,,,
cache-on-warm100,110,2,8.3545,7734.883,75.005,7809.889,king,herland,1,,server-1,530,0,0,,,
cache-on-warm100,110,2,8.3636,7738.094,113.910,7852.004,night,the-innocents-abroad,1,,server-1,530,0,0,,,
cache-on-warm100,110,2,8.3727,7729.643,61.403,7791.046,death,myths-and-legends-of-ancient-greece-and-rome,1,,server-1,530,0,0,,,
cache-on-warm100,110,2,8.3818,7722.244,32.480,7754.724,you,dubliners,1,,server-1,531,0,0,,,
cache-on-warm100,110,2,8.3909,7736.366,167.760,7904.126,sea,jude-the-obscure,1,,server-1,532,0,0,,,
cache-on-warm100,110,2,8.4000,7737.019,156.627,7893.646,was,the-secret-adversary,1,,server-1,533,0,0,,,
cache-on-warm100,110,2,8.4091,7727.702,80.952,7808.654,heart,north-and-south,1,,server-1,534,0,0,,,
cache-on-warm100,110,2,8.4182,7748.233,56.799,7805.032,heart,the-vicomte-de-bragelonne,1,,server-1,535,0,0,,,
cache-on-warm100,110,2,8.4273,7760.941,106.121,7867.062,you,oliver-twist,1,,server-1,536,0,0,,,
cache-on-warm100,110,2,8.4364,7779.684,84.008,7863.692,london,a-journey-to-the-centre-of-the-earth,1,,server-1,537,0,0,,,
cache-on-warm100,110,2,8.4455,7771.643,84.427,7856.070,was,the-jungle,1,,server-1,538,0,0,,,
cache-on-warm100,110,2,8.4545,7764.313,42.039,7806.351,money,silas-marner,1,,server-1,539,0,0,,,
cache-on-warm100,110,2,8.4636,7758.481,72.744,7831.226,and,persuasion,1,,server-1,540,0,0,,,
cache-on-warm100,110,2,8.4727,7749.368,38.274,7787.641,of,frankenstein-or-the-modern-prometheus-41445,1,,server-1,541,0,0,,,
cache-on-warm100,110,2,8.4818,7759.520,54.522,7814.043,money,the-last-of-the-mohicans-a-narrative-of-1757-27681,1,,server-1,542,0,0,,,
cache-on-warm100,110,2,8.4909,7750.144,87.337,7837.481,was,the-mysterious-island,1,,server-1,543,0,0,,,
cache-on-warm100,110,2,8.5000,7796.246,53.243,7849.489,letter,tess-of-the-d-urbervilles-a-pure-woman,1,,server-1,541,0,0,,,
cache-on-warm100,110,2,8.5091,7792.660,70.854,7863.514,death,meditations,1,,server-1,542,0,0,,,
cache-on-warm100,110,2,8.5182,7810.691,46.859,7857.550,death,desert-gold,1,,server-1,540,0,0,,,
cache-on-warm100,110,2,8.5273,7824.388,117.765,7942.154,death,the-romance-of-lust-a-classic-victorian-erotic-novel,1,,server-1,541,0,0,,,
cache-on-warm100,110,2,8.5364,7815.484,74.438,7889.922,letter,dracula,1,,server-1,542,0,0,,,
cache-on-warm100,110,2,8.5455,7832.067,113.402,7945.470,night,a-princess-of-mars,1,,server-1,542,0,0,,,
cache-on-warm100,110,2,8.5545,7821.532,116.326,7937.859,house,memoirs-of-fanny-hill,1,,server-1,543,0,0,,,
cache-on-warm100,110,2,8.5636,7811.961,67.949,7879.910,of,adventures-of-huckleberry-finn,1,,server-1,544,0,0,,,
cache-on-warm100,110,2,8.5727,7805.315,111.876,7917.191,she,silas-marner,1,,server-1,545,0,0,,,
cache-on-warm100,110,2,8.5818,7820.702,50.643,7871.344,she,the-hound-of-the-baskervilles,1,,server-1,546,0,0,,,
cache-on-warm100,110,2,8.5909,7835.105,64.646,7899.751,house,the-song-of-the-lark,1,,server-1,545,0,0,,,
cache-on-warm100,110,2,8.6000,7890.416,6.451,7896.867,and,beyond-good-and-evil,1,,server-1,546,0,0,,,
cache-on-warm100,110,2,8.6091,7880.659,77.187,7957.846,horse,the-tenant-of-wildfell-hall,1,,server-1,546,0,0,,,
cache-on-warm100,110,2,8.6182,7873.429,5.439,7878.868,of,the-romance-of-lust-a-classic-victorian-erotic-novel,1,,server-1,545,0,0,,,
cache-on-warm100,110,2,8.6273,7865.933,74.674,7940.607,the,the-tenant-of-wildfell-hall,1,,server-1,546,0,0,,,
cache-on-warm100,110,2,8.6364,7855.250,78.583,7933.832,heart,the-scarlet-letter,1,,server-1,546,0,0,,,
cache-on-warm100,110,2,8.6455,7848.083,73.502,7921.585,love,mary-barton,1,,server-1,547,0,0,,,
cache-on-warm100,110,2,8.6545,7839.077,10.037,7849.115,she,the-hound-of-the-baskervilles-3070,1,,server-1,548,0,0,,,
cache-on-warm100,110,2,8.6636,7830.747,108.048,7938.795,she,anne-of-green-gables,1,,server-1,549,0,0,,,
cache-on-warm100,110,2,8.6727,7832.001,78.786,7910.786,money,his-last-bow,1,,server-1,550,0,0,,,
cache-on-warm100,110,2,8.6818,7821.573,37.459,7859.032,letter,the-picture-of-dorian-gray,1,,server-1,550,0,0,,,
cache-on-warm100,110,2,8.6909,7869.810,41.656,7911.465,love,the-hound-of-the-baskervilles,1,,server-1,551,0,0,,,
cache-on-warm100,110,2,8.7000,7865.408,153.913,8019.322,house,jane-eyre-an-autobiography,1,,server-1,551,0,0,,,
cache-on-warm100,110,2,8.7091,7859.292,94.514,7953.806,horse,thus-spake-zarathustra-a-book-for-all-and-none,1,,server-1,551,0,0,,,
cache-on-warm100,110,2,8.7182,7851.251,99.131,7950.382,you,the-scarlet-letter-33,1,,server-1,552,0,0,,,
cache-on-warm100,110,2,8.7273,7842.538,110.139,7952.677,whale,memoirs-of-fanny-hill,1,,server-1,553,0,0,,,
cache-on-warm100,110,2,8.7364,7833.141,130.466,7963.608,night,jude-the-obscure,1,,server-1,549,0,0,,,
cache-on-warm100,110,2,8.7455,7824.640,149.541,7974.181,heart,far-from-the-madding-crowd,1,,server-1,550,0,0,,,
cache-on-warm100,110,2,8.7545,7854.658,68.894,7923.553,death,autobiography-of-benjamin-franklin,1,,server-1,550,0,0,,,
cache-on-warm100,110,2,8.7636,7898.785,74.831,7973.615,london,the-house-of-the-seven-gables,1,,server-1,551,0,0,,,
cache-on-warm100,110,2,8.7727,7907.042,74.960,7982.002,letter,the-scarlet-letter,1,,server-1,552,0,0,,,
cache-on-warm100,110,2,8.7818,7935.174,19.961,7955.134,and,poirot-investigates,1,,server-1,553,0,0,,,
cache-on-warm100,110,2,8.7909,7946.685,17.996,7964.681,house,hard-times,1,,server-1,554,0,0,,,
cache-on-warm100,110,2,8.8000,7954.118,3.819,7957.937,love,frankenstein-or-the-modern-prometheus-41445,1,,server-1,554,0,0,,,
cache-on-warm100,110,2,8.8091,7944.686,17.387,7962.073,horse,meditations,1,,server-1,555,0,0,,,
cache-on-warm100,110,2,8.8182,7936.722,37.707,7974.429,of,life-on-the-mississippi,1,,server-1,556,0,0,,,
cache-on-warm100,110,2,8.8273,7927.682,1.503,7929.184,was,black-beauty,1,,server-1,556,0,0,,,
cache-on-warm100,110,2,8.8364,7921.207,13.936,7935.143,she,the-great-gatsby,1,,server-1,557,0,0,,,
cache-on-warm100,110,2,8.8455,7925.107,23.140,7948.247,king,autobiography-of-benjamin-franklin,1,,server-1,558,0,0,,,
cache-on-warm100,110,2,8.8545,7916.493,22.149,7938.642,of,adventures-of-huckleberry-finn,1,,server-1,556,0,0,,,
cache-on-warm100,110,2,8.8636,7907.374,22.936,7930.310,sea,villette,1,,server-1,557,0,0,,,
cache-on-warm100,110,2,8.8727,7898.759,21.415,7920.174,of,little-women,1,,server-1,558,0,0,,,
cache-on-warm100,110,2,8.8818,7907.585,5.466,7913.051,death,the-hound-of-the-baskervilles-3070,1,,server-1,559,0,0,,,
cache-on-warm100,110,2,8.8909,7902.178,2.783,7904.960,letter,villette,1,,server-1,560,0,0,,,
cache-on-warm100,110,2,8.9000,7893.430,33.829,7927.260,castle,the-kama-sutra-of-vatsyayana,1,,server-1,561,0,0,,,
cache-on-warm100,110,2,8.9091,7887.500,46.330,7933.830,money,the-warden,1,,server-1,560,0,0,,,
cache-on-warm100,110,2,8.9182,7876.781,3.317,7880.099,of,life-on-the-mississippi,1,,server-1,561,0,0,,,
cache-on-warm100,110,2,8.9273,7868.029,32.622,7900.651,was,the-return-of-sherlock-holmes-108,1,,server-1,562,0,0,,,
cache-on-warm100,110,2,8.9364,7861.849,31.190,7893.039,money,life-on-the-mississippi,1,,server-1,563,0,0,,,
cache-on-warm100,110,2,8.9455,7855.467,141.579,7997.046,was,the-vicomte-de-bragelonne,1,,server-1,564,0,0,,,
cache-on-warm100,110,2,8.9545,7862.308,103.876,7966.184,death,the-jungle,1,,server-1,565,0,0,,,
cache-on-warm100,110,2,8.9636,7851.042,15.013,7866.055,night,the-great-gatsby,1,,server-1,566,0,0,,,
cache-on-warm100,110,2,8.9727,7853.657,15.846,7869.503,sea,the-mystery-of-edwin-drood,1,,server-1,567,0,0,,,
cache-on-warm100,110,2,8.9818,7844.177,117.669,7961.846,letter,hard-times,1,,server-1,567,0,0,,,
cache-on-warm100,110,2,8.9909,7838.239,118.204,7956.442,night,a-journey-to-the-centre-of-the-earth,1,,server-1,568,0,0,,,
cache-on-warm100,110,2,9.0000,7913.867,32.682,7946.550,london,the-mysterious-affair-at-styles,1,,server-1,569,0,0,,,
cache-on-warm100,110,2,9.0091,7911.488,24.784,7936.272,letter,mary-barton,1,,server-1,570,0,0,,,
cache-on-warm100,110,2,9.0182,7903.151,23.588,7926.739,of,the-kama-sutra-of-vatsyayana,1,,server-1,571,0,0,,,
cache-on-warm100,110,2,9.0273,7914.935,92.642,8007.578,king,desert-gold,1,,server-1,572,0,0,,,
cache-on-warm100,110,2,9.0364,7906.354,74.946,7981.300,king,silas-marner,1,,server-1,573,0,0,,,
cache-on-warm100,110,2,9.0455,7896.246,62.372,7958.618,of,wuthering-heights,1,,server-1,574,0,0,,,
cache-on-warm100,110,2,9.0545,7887.836,72.702,7960.538,horse,the-innocents-abroad,1,,server-1,573,0,0,,,
cache-on-warm100,110,2,9.0636,7881.282,69.925,7951.207,night,dubliners,1,,server-1,571,0,0,,,
cache-on-warm100,110,2,9.0727,7891.111,130.277,8021.388,london,meditations,1,,server-1,569,0,0,,,
cache-on-warm100,110,2,9.0818,7929.841,51.229,7981.070,was,walden-and-on-the-duty-of-civil-disobedience,1,,server-1,570,0,0,,,
cache-on-warm100,110,2,9.0909,7926.896,42.207,7969.103,death,dubliners,1,,server-1,571,0,0,,,
cache-on-warm100,110,2,9.1000,7934.045,3.557,7937.602,love,the-scarlet-letter,1,,server-1,569,0,0,,,
cache-on-warm100,110,2,9.1091,7928.143,129.383,8057.526,was,the-adventures-of-tom-sawyer-complete,1,,server-1,569,0,0,,,
cache-on-warm100,110,2,9.1182,7941.581,5.285,7946.866,death,the-king-in-yellow,1,,server-1,569,0,0,,,
cache-on-warm100,110,2,9.1273,7935.124,64.836,7999.959,was,the-last-of-the-mohicans-a-narrative-of-1757-27681,1,,server-1,570,0,0,,,
cache-on-warm100,110,2,9.1364,7926.535,71.174,7997.709,he,desperate-remedies,1,,server-1,571,0,0,,,
cache-on-warm100,110,2,9.1455,7918.052,103.673,8021.725,horse,the-return-of-sherlock-holmes-108,1,,server-1,572,0,0,,,
cache-on-warm100,110,2,9.1545,7909.452,67.266,7976.718,she,desert-gold,1,,server-1,573,0,0,,,
cache-on-warm100,110,2,9.1636,7900.519,70.202,7970.722,house,the-house-of-mirth,1,,server-1,574,0,0,,,
cache-on-warm100,110,2,9.1727,7907.521,85.996,7993.517,london,a-connecticut-yankee-in-king-arthur-s-court,1,,server-1,575,0,0,,,
cache-on-warm100,110,2,9.1818,7896.811,129.302,8026.112,you,a-connecticut-yankee-in-king-arthur-s-court,1,,server-1,576,0,0,,,
cache-on-warm100,110,2,9.1909,7940.640,84.123,8024.762,the,the-jungle,1,,server-1,577,0,0,,,
cache-on-warm100,110,2,9.2000,7964.787,115.437,8080.224,horse,jane-eyre-an-autobiography,1,,server-1,578,0,0,,,
cache-on-warm100,110,2,9.2091,7959.386,40.668,8000.054,london,silas-marner,1,,server-1,579,0,0,,,
cache-on-warm100,110,2,9.2182,7950.598,45.500,7996.098,heart,cranford,1,,server-1,578,0,0,,,
cache-on-warm100,110,2,9.2273,7944.222,116.863,8061.085,castle,jane-eyre-an-autobiography,1,,server-1,579,0,0,,,
cache-on-warm100,110,2,9.2364,7933.538,42.014,7975.552,night,meditations,1,,server-1,580,0,0,,,
cache-on-warm100,110,2,9.2455,7943.882,23.111,7966.993,whale,silas-marner,1,,server-1,579,0,0,,,
cache-on-warm100,110,2,9.2545,7953.364,80.034,8033.398,london,the-memoirs-of-sherlock-holmes,1,,server-1,580,0,0,,,
cache-on-warm100,110,2,9.2636,7950.903,88.487,8039.390,house,the-secret-garden-17396,1,,server-1,579,0,0,,,
cache-on-warm100,110,2,9.2727,8016.532,107.081,8123.613,you,the-adventures-of-sherlock-holmes,1,,server-1,580,0,0,,,
cache-on-warm100,110,2,9.2818,8006.320,45.525,8051.845,death,madame-bovary,1,,server-1,580,0,0,,,
cache-on-warm100,110,2,9.2909,7996.989,53.180,8050.169,castle,the-hound-of-the-baskervilles-3070,1,,server-1,581,0,0,,,
cache-on-warm100,110,2,9.3000,7989.292,89.492,8078.783,death,twenty-thousand-leagues-under-the-sea,1,,server-1,582,0,0,,,
cache-on-warm100,110,2,9.3091,7995.890,24.814,8020.704,you,meditations,1,,server-1,583,0,0,,,
cache-on-warm100,110,2,9.3182,7986.852,25.145,8011.997,king,washington-square,1,,server-1,584,0,0,,,
cache-on-warm100,110,2,9.3273,7978.832,27.246,8006.078,love,frankenstein-or-the-modern-prometheus-41445,1,,server-1,585,0,0,,,
cache-on-warm100,110,2,9.3364,7970.201,32.855,8003.056,love,the-secret-garden,1,,server-1,586,0,0,,,
cache-on-warm100,110,2,9.3455,7960.784,54.744,8015.528,money,anne-of-green-gables,1,,server-1,587,0,0,,,
cache-on-warm100,110,2,9.3545,7974.554,32.799,8007.353,money,the-adventures-of-sherlock-holmes,1,,server-1,588,0,0,,,
cache-on-warm100,110,2,9.3636,7976.205,20.650,7996.854,you,desperate-remedies,1,,server-1,589,0,0,,,
cache-on-warm100,110,2,9.3727,7968.461,69.397,8037.858,castle,meditations,1,,server-1,590,0,0,,,
cache-on-warm100,110,2,9.3818,7950.259,25.799,7976.058,horse,the-jungle,1,,server-1,591,0,0,,,
cache-on-warm100,110,2,9.3909,7950.169,53.627,8003.796,sea,the-lost-world,1,,server-1,591,0,0,,,
cache-on-warm100,110,2,9.4000,7961.352,78.752,8040.104,heart,the-works-of-edgar-allan-poe-volume-2,1,,server-1,592,0,0,,,
cache-on-warm100,110,2,9.4091,7969.387,32.384,8001.771,the,the-jungle,1,,server-1,593,0,0,,,
cache-on-warm100,110,2,9.4182,7976.898,13.358,7990.257,king,madame-bovary,1,,server-1,594,0,0,,,
cache-on-warm100,110,2,9.4273,7981.093,2.881,7983.974,was,the-wind-in-the-willows,1,,server-1,595,0,0,,,
cache-on-warm100,110,2,9.4364,7972.561,50.612,8023.173,money,the-war-of-the-worlds,1,,server-1,593,0,0,,,
cache-on-warm100,110,2,9.4455,7964.976,4.374,7969.350,king,white-fang,1,,server-1,594,0,0,,,
cache-on-warm100,110,2,9.4545,7956.731,49.212,8005.943,the,adventures-of-huckleberry-finn,1,,server-1,595,0,0,,,
cache-on-warm100,110,2,9.4636,7948.735,78.560,8027.295,of,great-expectations,1,,server-1,595,0,0,,,
cache-on-warm100,110,2,9.4727,7941.544,131.960,8073.503,letter,the-return-of-sherlock-holmes,1,,server-1,596,0,0,,,
cache-on-warm100,110,2,9.4818,7943.879,29.224,7973.103,letter,the-adventures-of-tom-sawyer-complete,1,,server-1,597,0,0,,,
cache-on-warm100,110,2,9.4909,7999.830,56.135,8055.965,sea,the-hound-of-the-baskervilles-3070,1,,server-1,598,0,0,,,
cache-on-warm100,110,2,9.5000,7961.378,127.956,8089.334,he,the-return-of-sherlock-holmes-108,1,,server-1,599,0,0,,,
cache-on-warm100,110,2,9.5091,7982.138,81.868,8064.006,love,around-the-world-in-eighty-days,1,,server-1,600,0,0,,,
cache-on-warm100,110,2,9.5182,7972.669,24.312,7996.981,was,the-hound-of-the-baskervilles,1,,server-1,601,0,0,,,
cache-on-warm100,110,2,9.5273,7965.017,97.335,8062.352,love,the-mystery-of-edwin-drood,1,,server-1,596,0,0,,,
cache-on-warm100,110,2,9.5364,7956.076,82.568,8038.644,king,the-scarlet-letter,1,,server-1,597,0,0,,,
cache-on-warm100,110,2,9.5455,7961.585,40.565,8002.150,heart,sense-and-sensibility,1,,server-1,598,0,0,,,
cache-on-warm100,110,2,9.5545,7960.477,75.003,8035.480,he,around-the-world-in-eighty-days,1,,server-1,598,0,0,,,
cache-on-warm100,110,2,9.5636,8026.827,2.970,8029.797,was,walden-and-on-the-duty-of-civil-disobedience,1,,server-1,599,0,0,,,
cache-on-warm100,110,2,9.5727,8018.709,3.762,8022.471,london,a-journey-to-the-centre-of-the-earth,1,,server-1,599,0,0,,,
cache-on-warm100,110,2,9.5818,8009.487,4.233,8013.720,love,the-secret-garden-17396,1,,server-1,600,0,0,,,
cache-on-warm100,110,2,9.5909,8000.259,43.198,8043.457,he,mary-barton,1,,server-1,601,0,0,,,
cache-on-warm100,110,2,9.6000,7991.824,6.195,7998.019,the,the-portrait-of-a-lady-volume-1,1,,server-1,602,0,0,,,
cache-on-warm100,110,2,9.6091,7982.484,52.695,8035.179,london,the-king-in-yellow,1,,server-1,603,0,0,,,
cache-on-warm100,110,2,9.6182,7974.687,3.874,7978.561,love,his-last-bow,1,,server-1,603,0,0,,,
cache-on-warm100,110,2,9.6273,7967.797,14.392,7982.189,castle,walden-and-on-the-duty-of-civil-disobedience,1,,server-1,604,0,0,,,
cache-on-warm100,110,2,9.6364,7958.400,2.857,7961.258,sea,hard-times,1,,server-1,605,0,0,,,
cache-on-warm100,110,2,9.6455,7952.452,48.224,8000.676,whale,northanger-abbey,1,,server-1,605,0,0,,,
cache-on-warm100,110,2,9.6545,7978.031,25.827,8003.858,heart,beyond-good-and-evil,1,,server-1,606,0,0,,,
cache-on-warm100,110,2,9.6636,7982.027,52.003,8034.030,of,leaves-of-grass,1,,server-1,607,0,0,,,
cache-on-warm100,110,2,9.6727,7973.500,47.953,8021.452,death,the-iliad-2199,1,,server-1,608,0,0,,,
cache-on-warm100,110,2,9.6818,7964.679,48.135,8012.814,she,the-scarlet-letter,1,,server-1,608,0,0,,,
cache-on-warm100,110,2,9.6909,7966.871,194.142,8161.013,whale,the-king-in-yellow,1,,server-1,609,0,0,,,
cache-on-warm100,110,2,9.7000,7958.563,73.446,8032.009,sea,the-adventures-of-ferdinand-count-fathom-complete,1,,server-1,609,0,0,,,
cache-on-warm100,110,2,9.7091,7951.432,37.137,7988.570,castle,jude-the-obscure,1,,server-1,610,0,0,,,
cache-on-warm100,110,2,9.7182,7942.455,93.381,8035.836,was,desert-gold,1,,server-1,608,0,0,,,
cache-on-warm100,110,2,9.7273,7970.814,122.881,8093.695,of,the-return-of-sherlock-holmes,1,,server-1,609,0,0,,,
cache-on-warm100,110,2,9.7364,7958.367,59.718,8018.085,heart,the-house-of-mirth,1,,server-1,610,0,0,,,
cache-on-warm100,110,2,9.7455,7954.151,36.374,7990.526,london,hard-times,1,,server-1,611,0,0,,,
cache-on-warm100,110,2,9.7545,7981.762,29.701,8011.463,and,the-scarlet-letter-33,1,,server-1,612,0,0,,,
cache-on-warm100,110,2,9.7636,7958.408,43.180,8001.588,king,the-prince,1,,server-1,611,0,0,,,
cache-on-warm100,110,2,9.7727,7958.840,101.445,8060.286,castle,the-works-of-edgar-allan-poe-volume-2,1,,server-1,612,0,0,,,
cache-on-warm100,110,2,9.7818,7955.851,84.971,8040.822,and,a-tale-of-two-cities,1,,server-1,613,0,0,,,
cache-on-warm100,110,2,9.7909,7944.777,30.070,7974.847,the,the-first-men-in-the-moon,1,,server-1,613,0,0,,,
cache-on-warm100,110,2,9.8000,7936.975,27.164,7964.139,house,north-and-south,1,,server-1,614,0,0,,,
cache-on-warm100,110,2,9.8091,7945.925,95.726,8041.651,king,the-last-of-the-mohicans-a-narrative-of-1757-27681,1,,server-1,615,0,0,,,
cache-on-warm100,110,2,9.8182,7971.028,63.044,8034.072,he,the-return-of-sherlock-holmes-108,1,,server-1,616,0,0,,,
cache-on-warm100,110,2,9.8273,7993.692,61.463,8055.154,love,myths-and-legends-of-ancient-greece-and-rome,1,,server-1,617,0,0,,,
cache-on-warm100,110,2,9.8364,8010.355,6.085,8016.440,and,the-iliad-2199,1,,server-1,617,0,0,,,
cache-on-warm100,110,2,9.8455,8003.807,90.044,8093.851,love,grimms-fairy-tales,1,,server-1,618,0,0,,,
cache-on-warm100,110,2,9.8545,7994.994,87.714,8082.708,death,a-tale-of-two-cities,1,,server-1,618,0,0,,,
cache-on-warm100,110,2,9.8636,7986.762,79.919,8066.681,the,northanger-abbey,1,,server-1,619,0,0,,,
cache-on-warm100,110,2,9.8727,7977.424,87.934,8065.358,whale,adventures-of-huckleberry-finn,1,,server-1,619,0,0,,,
cache-on-warm100,110,2,9.8818,7987.746,60.939,8048.685,you,villette,1,,server-1,620,0,0,,,
cache-on-warm100,110,2,9.8909,7963.645,49.020,8012.666,you,the-jungle,1,,server-1,621,0,0,,,
cache-on-warm100,110,2,9.9000,7969.357,84.390,8053.746,you,the-mystery-of-edwin-drood,1,,server-1,622,0,0,,,
cache-on-warm100,110,2,9.9091,8024.949,4.975,8029.923,horse,the-secret-adversary,1,,server-1,623,0,0,,,
cache-on-warm100,110,2,9.9182,8016.130,18.907,8035.037,house,adventures-of-huckleberry-finn,1,,server-1,624,0,0,,,
cache-on-warm100,110,2,9.9273,8026.723,49.690,8076.413,money,hard-times,1,,server-1,625,0,0,,,
cache-on-warm100,110,2,9.9364,8016.964,1.406,8018.370,money,great-expectations,1,,server-1,624,0,0,,,
cache-on-warm100,110,2,9.9455,8008.905,66.633,8075.538,of,the-portrait-of-a-lady-volume-1,1,,server-1,622,0,0,,,
cache-on-warm100,110,2,9.9545,8000.025,18.066,8018.091,and,the-king-in-yellow,1,,server-1,623,0,0,,,
cache-on-warm100,110,2,9.9636,7992.385,16.243,8008.629,horse,the-house-of-the-seven-gables,1,,server-1,624,0,0,,,
cache-on-warm100,110,2,9.9727,7986.533,60.049,8046.582,horse,frankenstein-or-the-modern-prometheus,1,,server-1,625,0,0,,,
cache-on-warm100,110,2,9.9818,7978.287,42.674,8020.961,king,madame-bovary,1,,server-1,626,0,0,,,
cache-on-warm100,110,2,9.9909,7981.405,46.203,8027.609,letter,the-vicomte-de-bragelonne,1,,server-1,627,0,0,,,
cache-on-warm100,110,2,10.0000,8004.028,33.102,8037.131,castle,white-fang,1,,server-1,628,0,0,,,
cache-on-warm100,110,2,10.0091,7995.474,13.942,8009.417,the,the-moonstone,1,,server-1,629,0,0,,,
cache-on-warm100,110,2,10.0182,8000.979,2.876,8003.855,money,the-last-of-the-mohicans-a-narrative-of-1757-27681,1,,server-1,630,0,0,,,
cache-on-warm100,110,2,10.0273,7991.373,3.034,7994.407,and,the-kama-sutra-of-vatsyayana,1,,server-1,630,0,0,,,
cache-on-warm100,110,2,10.0364,7984.528,3.212,7987.740,letter,dracula,1,,server-1,631,0,0,,,
cache-on-warm100,110,2,10.0455,7975.122,41.200,8016.322,house,a-tale-of-two-cities,1,,server-1,632,0,0,,,
cache-on-warm100,110,2,10.0545,7966.526,16.208,7982.735,london,the-first-men-in-the-moon,1,,server-1,633,0,0,,,
cache-on-warm100,110,2,10.0636,7961.391,80.743,8042.134,he,great-expectations,1,,server-1,634,0,0,,,
cache-on-warm100,110,2,10.0727,7964.982,25.994,7990.976,whale,autobiography-of-benjamin-franklin,1,,server-1,633,0,0,,,
cache-on-warm100,110,2,10.0818,7956.275,18.757,7975.032,and,life-on-the-mississippi,1,,server-1,634,0,0,,,
cache-on-warm100,110,2,10.0909,7965.719,7.746,7973.465,horse,the-king-in-yellow,1,,server-1,635,0,0,,,
cache-on-warm100,110,2,10.1000,7961.031,60.509,8021.540,he,beyond-good-and-evil,1,,server-1,636,0,0,,,
cache-on-warm100,110,2,10.1091,7952.467,2.508,7954.975,night,villette,1,,server-1,637,0,0,,,
cache-on-warm100,110,2,10.1182,7944.657,58.697,8003.354,money,madame-bovary,1,,server-1,638,0,0,,,
cache-on-warm100,110,2,10.1273,7935.974,2.272,7938.245,letter,the-american,1,,server-1,639,0,0,,,
cache-on-warm100,110,2,10.1364,7956.628,42.080,7998.707,he,the-first-men-in-the-moon,1,,server-1,640,0,0,,,
cache-on-warm100,110,2,10.1455,7947.580,45.542,7993.122,heart,treasure-island,1,,server-1,641,0,0,,,
cache-on-warm100,110,2,10.1545,7911.356,58.274,7969.630,you,the-adventures-of-ferdinand-count-fathom-complete,1,,server-1,642,0,0,,,
cache-on-warm100,110,2,10.1636,7931.841,68.465,8000.306,of,herland,1,,server-1,643,0,0,,,
cache-on-warm100,110,2,10.1727,7949.043,16.973,7966.016,london,cranford,1,,server-1,644,0,0,,,
cache-on-warm100,110,2,10.1818,7941.311,12.977,7954.288,the,the-vicomte-de-bragelonne,1,,server-1,644,0,0,,,
cache-on-warm100,110,2,10.1909,7943.682,17.308,7960.990,night,myths-and-legends-of-ancient-greece-and-rome,1,,server-1,645,0,0,,,
cache-on-warm100,110,2,10.2000,7936.681,15.236,7951.917,and,the-iliad-2199,1,,server-1,646,0,0,,,
cache-on-warm100,110,2,10.2091,7929.105,86.145,8015.250,horse,madame-bovary,1,,server-1,647,0,0,,,
cache-on-warm100,110,2,10.2182,7920.912,25.269,7946.181,he,black-beauty,1,,server-1,648,0,0,,,
cache-on-warm100,110,2,10.2273,7924.369,38.431,7962.801,money,tess-of-the-d-urbervilles-a-pure-woman,1,,server-1,646,0,0,,,
cache-on-warm100,110,2,10.2364,7927.806,79.591,8007.398,was,life-on-the-mississippi,1,,server-1,645,0,0,,,
cache-on-warm100,110,2,10.2455,7919.176,2.702,7921.878,night,a-journey-to-the-centre-of-the-earth,1,,server-1,646,0,0,,,
cache-on-warm100,110,2,10.2545,7911.601,58.245,7969.846,love,frankenstein-or-the-modern-prometheus,1,,server-1,647,0,0,,,
cache-on-warm100,110,2,10.2636,7903.874,77.585,7981.458,heart,the-moonstone,1,,server-1,648,0,0,,,
cache-on-warm100,110,2,10.2727,7894.024,198.674,8092.698,money,mansfield-park,1,,server-1,648,0,0,,,
cache-on-warm100,110,2,10.2818,7959.306,5.351,7964.657,and,oliver-twist,1,,server-1,647,0,0,,,
cache-on-warm100,110,2,10.2909,7950.119,88.943,8039.062,death,a-connecticut-yankee-in-king-arthur-s-court,1,,server-1,645,0,0,,,
cache-on-warm100,110,2,10.3000,7944.812,117.408,8062.219,horse,silas-marner,1,,server-1,645,0,0,,,
cache-on-warm100,110,2,10.3091,7937.936,118.154,8056.090,night,the-king-in-yellow,1,,server-1,646,0,0,,,
cache-on-warm100,110,2,10.3182,7928.676,150.772,8079.448,he,jude-the-obscure,1,,server-1,647,0,0,,,
cache-on-warm100,110,2,10.3273,7918.089,130.455,8048.543,sea,life-on-the-mississippi,1,,server-1,648,0,0,,,
cache-on-warm100,110,2,10.3364,7910.560,118.441,8029.001,love,a-journey-to-the-centre-of-the-earth,1,,server-1,649,0,0,,,
cache-on-warm100,110,2,10.3455,7906.205,146.515,8052.720,you,herland,1,,server-1,650,0,0,,,
cache-on-warm100,110,2,10.3545,7937.596,82.897,8020.493,the,the-adventures-of-sherlock-holmes,1,,server-1,651,0,0,,,
cache-on-warm100,110,2,10.3636,7928.232,107.328,8035.561,heart,the-divine-comedy,1,,server-1,652,0,0,,,
cache-on-warm100,110,2,10.3727,8024.985,2.647,8027.632,heart,north-and-south,1,,server-1,653,0,0,,,
cache-on-warm100,110,2,10.3818,8016.775,3.193,8019.968,letter,the-american,1,,server-1,654,0,0,,,
cache-on-warm100,110,2,10.3909,8008.493,3.245,8011.738,money,dubliners,1,,server-1,655,0,0,,,
cache-on-warm100,110,2,10.4000,7999.643,71.539,8071.182,night,hard-times,1,,server-1,656,0,0,,,
cache-on-warm100,110,2,10.4091,7992.232,5.242,7997.474,night,washington-square,1,,server-1,657,0,0,,,
cache-on-warm100,110,2,10.4182,7982.686,4.968,7987.654,was,the-moonstone,1,,server-1,654,0,0,,,
cache-on-warm100,110,2,10.4273,7974.374,54.898,8029.271,heart,mansfield-park,1,,server-1,653,0,0,,,
cache-on-warm100,110,2,10.4364,7965.837,68.844,8034.681,castle,poirot-investigates,1,,server-1,654,0,0,,,
cache-on-warm100,110,2,10.4455,7956.968,56.164,8013.132,the,the-prince,1,,server-1,655,0,0,,,
cache-on-warm100,110,2,10.4545,7950.233,101.569,8051.803,money,the-odyssey,1,,server-1,654,0,0,,,
cache-on-warm100,110,2,10.4636,7942.991,150.561,8093.553,she,jane-eyre-an-autobiography,1,,server-1,655,0,0,,,
cache-on-warm100,110,2,10.4727,7972.384,60.939,8033.323,house,the-divine-comedy,1,,server-1,656,0,0,,,
cache-on-warm100,110,2,10.4818,8025.565,2.013,8027.578,horse,northanger-abbey,1,,server-1,657,0,0,,,
cache-on-warm100,110,2,10.4909,8015.478,2.031,8017.509,house,the-iliad-2199,1,,server-1,657,0,0,,,
cache-on-warm100,110,2,10.5000,8009.170,91.310,8100.480,heart,emma,1,,server-1,657,0,0,,,
cache-on-warm100,110,2,10.5091,8001.808,32.030,8033.838,love,the-secret-garden-17396,1,,server-1,658,0,0,,,
cache-on-warm100,110,2,10.5182,7991.023,93.021,8084.044,house,persuasion,1,,server-1,659,0,0,,,
cache-on-warm100,110,2,10.5273,7984.088,61.444,8045.532,king,grimms-fairy-tales,1,,server-1,660,0,0,,,
cache-on-warm100,110,2,10.5364,8006.365,16.715,8023.080,night,hard-times,1,,server-1,661,0,0,,,
cache-on-warm100,110,2,10.5455,8012.430,100.604,8113.034,he,the-iliad,1,,server-1,662,0,0,,,
cache-on-warm100,110,2,10.5545,8004.617,97.490,8102.107,whale,the-tenant-of-wildfell-hall,1,,server-1,662,0,0,,,
cache-on-warm100,110,2,10.5636,8036.959,88.149,8125.108,the,agnes-grey,1,,server-1,663,0,0,,,
cache-on-warm100,110,2,10.5727,8024.218,27.610,8051.828,london,the-adventures-of-ferdinand-count-fathom-complete,1,,server-1,664,0,0,,,
cache-on-warm100,110,2,10.5818,8015.424,81.267,8096.691,he,leaves-of-grass,1,,server-1,665,0,0,,,
cache-on-warm100,110,2,10.5909,8012.273,74.852,8087.126,she,life-on-the-mississippi,1,,server-1,666,0,0,,,
cache-on-warm100,110,2,10.6000,8074.021,4.295,8078.316,london,a-tale-of-two-cities,1,,server-1,667,0,0,,,
cache-on-warm100,110,2,10.6091,8070.189,9.470,8079.659,house,the-house-of-the-seven-gables,1,,server-1,668,0,0,,,
cache-on-warm100,110,2,10.6182,8071.222,0.496,8071.718,of,treasure-island,1,,server-1,669,0,0,,,
cache-on-warm100,110,2,10.6273,8063.289,2.811,8066.100,horse,the-divine-comedy,1,,server-1,670,0,0,,,
cache-on-warm100,110,2,10.6364,8054.351,2.020,8056.371,heart,pride-and-prejudice,1,,server-1,670,0,0,,,
cache-on-warm100,110,2,10.6455,8044.956,1.784,8046.741,love,treasure-island,1,,server-1,671,0,0,,,
cache-on-warm100,110,2,10.6545,8036.979,71.133,8108.112,was,wuthering-heights,1,,server-1,672,0,0,,,
cache-on-warm100,110,2,10.6636,8027.420,70.194,8097.615,was,jane-eyre-an-autobiography,1,,server-1,670,0,0,,,
cache-on-warm100,110,2,10.6727,8019.067,1.871,8020.938,he,leaves-of-grass,1,,server-1,671,0,0,,,
cache-on-warm100,110,2,10.6818,8011.208,3.637,8014.845,the,tess-of-the-d-urbervilles-a-pure-woman,1,,server-1,672,0,0,,,
cache-on-warm100,110,2,10.6909,8002.342,71.607,8073.949,was,the-age-of-innocence,1,,server-1,673,0,0,,,
cache-on-warm100,110,2,10.7000,7993.934,3.741,7997.676,death,washington-square,1,,server-1,673,0,0,,,
cache-on-warm100,110,2,10.7091,7987.344,91.166,8078.510,night,jude-the-obscure,1,,server-1,674,0,0,,,
cache-on-warm100,110,2,10.7182,7977.951,97.449,8075.400,love,madame-bovary,1,,server-1,674,0,0,,,
cache-on-warm100,110,2,10.7273,7970.775,205.352,8176.127,was,silas-marner,1,,server-1,675,0,0,,,
cache-on-warm100,110,2,10.7364,7989.711,38.297,8028.008,sea,a-tale-of-two-cities,1,,server-1,675,0,0,,,
cache-on-warm100,110,2,10.7455,8020.068,25.752,8045.820,the,the-house-of-mirth,1,,server-1,674,0,0,,,
cache-on-warm100,110,2,10.7545,8033.388,118.159,8151.546,of,the-song-of-the-lark,1,,server-1,675,0,0,,,
cache-on-warm100,110,2,10.7636,8024.979,85.263,8110.242,of,jane-eyre-an-autobiography,1,,server-1,676,0,0,,,
cache-on-warm100,110,2,10.7727,8018.486,67.349,8085.835,king,the-adventures-of-ferdinand-count-fathom-complete,1,,server-1,677,0,0,,,
cache-on-warm100,110,2,10.7818,8005.977,111.855,8117.832,was,silas-marner,1,,server-1,678,0,0,,,
cache-on-warm100,110,2,10.7909,8000.806,130.586,8131.391,heart,anne-of-green-gables,1,,server-1,679,0,0,,,
cache-on-warm100,110,2,10.8000,7993.567,80.456,8074.023,love,adventures-of-huckleberry-finn,1,,server-1,680,0,0,,,
cache-on-warm100,110,2,10.8091,7983.913,89.464,8073.377,was,the-return-of-sherlock-holmes-108,1,,server-1,681,0,0,,,
cache-on-warm100,110,2,10.8182,8026.187,61.228,8087.415,and,hard-times,1,,server-1,682,0,0,,,
cache-on-warm100,110,2,10.8273,8055.107,2.356,8057.464,horse,herland,1,,server-1,682,0,0,,,
cache-on-warm100,110,2,10.8364,8084.637,1.804,8086.442,the,tess-of-the-d-urbervilles-a-pure-woman,1,,server-1,682,0,0,,,
cache-on-warm100,110,2,10.8455,8073.942,75.476,8149.418,night,jane-eyre-an-autobiography,1,,server-1,683,0,0,,,
cache-on-warm100,110,2,10.8545,8067.552,2.682,8070.234,heart,far-from-the-madding-crowd,1,,server-1,682,0,0,,,
cache-on-warm100,110,2,10.8636,8058.007,49.750,8107.757,you,the-american,1,,server-1,683,0,0,,,
cache-on-warm100,110,2,10.8727,8049.962,22.674,8072.636,night,memoirs-of-fanny-hill,1,,server-1,682,0,0,,,
cache-on-warm100,110,2,10.8818,8040.494,4.419,8044.914,the,the-lost-world,1,,server-1,682,0,0,,,
cache-on-warm100,110,2,10.8909,8033.709,70.338,8104.046,money,persuasion,1,,server-1,683,0,0,,,
cache-on-warm100,110,2,10.9000,8025.371,46.230,8071.601,money,the-jungle-book,1,,server-1,684,0,0,,,
cache-on-warm100,110,2,10.9091,8033.277,50.580,8083.857,and,adventures-of-huckleberry-finn,1,,server-1,685,0,0,,,
cache-on-warm100,110,2,10.9182,8052.101,22.886,8074.987,he,the-warden,1,,server-1,686,0,0,,,
cache-on-warm100,110,2,10.9273,8044.658,17.576,8062.234,night,jane-eyre-an-autobiography,1,,server-1,685,0,0,,,
cache-on-warm100,110,2,10.9364,8035.916,38.095,8074.010,the,the-scarlet-letter,1,,server-1,686,0,0,,,
cache-on-warm100,110,2,10.9455,8043.800,17.745,8061.545,night,desert-gold,1,,server-1,683,0,0,,,
cache-on-warm100,110,2,10.9545,8039.717,36.253,8075.970,love,black-beauty,1,,server-1,682,0,0,,,
cache-on-warm100,110,2,10.9636,8030.248,35.111,8065.359,the,the-hound-of-the-baskervilles,1,,server-1,683,0,0,,,
cache-on-warm100,110,2,10.9727,8020.760,17.417,8038.177,castle,the-jungle,1,,server-1,684,0,0,,,
cache-on-warm100,110,2,10.9818,8024.546,13.017,8037.563,whale,the-return-of-sherlock-holmes,1,,server-1,685,0,0,,,
cache-on-warm100,110,2,10.9909,8004.518,95.322,8099.840,castle,autobiography-of-benjamin-franklin,1,,server-1,686,0,0,,,
cache-on-warm100,110,2,11.0000,7995.509,63.078,8058.587,he,the-adventures-of-tom-sawyer-complete,1,,server-1,687,0,0,,,
cache-on-warm100,110,2,11.0091,8021.893,60.829,8082.721,he,twenty-thousand-leagues-under-the-sea,1,,server-1,688,0,0,,,
cache-on-warm100,110,2,11.0182,8012.814,59.852,8072.666,and,treasure-island,1,,server-1,689,0,0,,,
cache-on-warm100,110,2,11.0273,8003.479,32.135,8035.613,house,walden-and-on-the-duty-of-civil-disobedience,1,,server-1,688,0,0,,,
cache-on-warm100,110,2,11.0364,8023.117,136.887,8160.004,heart,the-mysterious-island,1,,server-1,689,0,0,,,
cache-on-warm100,110,2,11.0455,8017.639,28.626,8046.265,was,the-wind-in-the-willows,1,,server-1,689,0,0,,,
cache-on-warm100,110,2,11.0545,8036.367,108.562,8144.929,was,north-and-south,1,,server-1,689,0,0,,,
cache-on-warm100,110,2,11.0636,8027.501,2.671,8030.172,you,the-scarlet-letter-33,1,,server-1,687,0,0,,,
cache-on-warm100,110,2,11.0727,8018.750,79.553,8098.303,king,the-picture-of-dorian-gray,1,,server-1,687,0,0,,,
cache-on-warm100,110,2,11.0818,8014.809,101.445,8116.254,of,north-and-south,1,,server-1,688,0,0,,,
cache-on-warm100,110,2,11.0909,8006.047,100.896,8106.943,house,beyond-good-and-evil,1,,server-1,689,0,0,,,
cache-on-warm100,110,2,11.1000,8031.228,93.707,8124.935,castle,the-moonstone,1,,server-1,690,0,0,,,
cache-on-warm100,110,2,11.1091,8032.397,56.766,8089.163,of,the-great-gatsby,1,,server-1,691,0,0,,,
cache-on-warm100,110,2,11.1182,8051.972,53.759,8105.731,king,far-from-the-madding-crowd,1,,server-1,692,0,0,,,
cache-on-warm100,110,2,11.1273,8065.385,47.511,8112.896,and,anne-of-green-gables,1,,server-1,693,0,0,,,
cache-on-warm100,110,2,11.1364,8061.592,3.258,8064.850,london,the-great-gatsby,1,,server-1,694,0,0,,,
cache-on-warm100,110,2,11.1455,8054.779,23.240,8078.019,money,the-wind-in-the-willows,1,,server-1,695,0,0,,,
cache-on-warm100,110,2,11.1545,8069.495,101.575,8171.070,she,villette,1,,server-1,696,0,0,,,
cache-on-warm100,110,2,11.1636,8074.132,58.506,8132.638,she,the-kama-sutra-of-vatsyayana,1,,server-1,697,0,0,,,
cache-on-warm100,110,2,11.1727,8065.303,122.528,8187.831,london,desperate-remedies,1,,server-1,698,0,0,,,
cache-on-warm100,110,2,11.1818,8059.863,84.129,8143.992,whale,life-on-the-mississippi,1,,server-1,699,0,0,,,
cache-on-warm100,110,2,11.1909,8054.488,126.320,8180.808,heart,the-great-gatsby,1,,server-1,700,0,0,,,
cache-on-warm100,110,2,11.2000,8043.729,117.011,8160.740,london,emma,1,,server-1,699,0,0,,,
cache-on-warm100,110,2,11.2091,8110.409,49.499,8159.907,whale,black-beauty,1,,server-1,700,0,0,,,
cache-on-warm100,110,2,11.2182,8108.446,45.732,8154.178,whale,the-moonstone,1,,server-1,701,0,0,,,
cache-on-warm100,110,2,11.2273,8144.352,2.750,8147.102,you,dubliners,1,,server-1,702,0,0,,,
cache-on-warm100,110,2,11.2364,8135.712,19.173,8154.885,love,a-connecticut-yankee-in-king-arthur-s-court,1,,server-1,702,0,0,,,
cache-on-warm100,110,2,11.2455,8127.136,2.380,8129.516,she,cranford,1,,server-1,703,0,0,,,
cache-on-warm100,110,2,11.2545,8119.692,35.556,8155.248,death,the-age-of-innocence,1,,server-1,704,0,0,,,
cache-on-warm100,110,2,11.2636,8127.263,18.036,8145.299,she,silas-marner,1,,server-1,705,0,0,,,
cache-on-warm100,110,2,11.2727,8120.048,17.518,8137.566,the,the-jungle,1,,server-1,706,0,0,,,
cache-on-warm100,110,2,11.2818,8110.027,21.067,8131.094,london,the-memoirs-of-sherlock-holmes,1,,server-1,707,0,0,,,
cache-on-warm100,110,2,11.2909,8103.279,29.150,8132.429,you,the-wind-in-the-willows,1,,server-1,708,0,0,,,
cache-on-warm100,110,2,11.3000,8109.655,23.490,8133.146,king,the-war-of-the-worlds,1,,server-1,704,0,0,,,
cache-on-warm100,110,2,11.3091,8100.462,61.113,8161.574,house,anne-of-green-gables,1,,server-1,704,0,0,,,
cache-on-warm100,110,2,11.3182,8093.493,87.795,8181.289,you,the-age-of-innocence,1,,server-1,705,0,0,,,
cache-on-warm100,110,2,11.3273,8093.825,98.972,8192.798,and,the-works-of-edgar-allan-poe-volume-2,1,,server-1,706,0,0,,,
cache-on-warm100,110,2,11.3364,8094.680,140.610,8235.290,and,emma,1,,server-1,707,0,0,,,
cache-on-warm100,110,2,11.3455,8087.570,46.837,8134.407,sea,washington-square,1,,server-1,708,0,0,,,
cache-on-warm100,110,2,11.3545,8078.778,37.050,8115.828,night,the-works-of-edgar-allan-poe-volume-2,1,,server-1,707,0,0,,,
cache-on-warm100,110,2,11.3636,8084.060,152.142,8236.202,whale,the-song-of-the-lark,1,,server-1,708,0,0,,,
cache-on-warm100,110,2,11.3727,8079.075,124.030,8203.106,and,the-secret-garden,1,,server-1,709,0,0,,,
cache-on-warm100,110,2,11.3818,8070.078,71.458,8141.536,king,desert-gold,1,,server-1,710,0,0,,,
cache-on-warm100,110,2,11.3909,8108.352,130.648,8239.000,king,the-king-in-yellow,1,,server-1,710,0,0,,,
cache-on-warm100,110,2,11.4000,8097.441,75.126,8172.567,the,around-the-world-in-eighty-days,1,,server-1,711,0,0,,,
cache-on-warm100,110,2,11.4091,8088.482,25.972,8114.454,of,dracula,1,,server-1,712,0,0,,,
cache-on-warm100,110,2,11.4182,8081.495,100.814,8182.309,the,the-jungle-book,1,,server-1,713,0,0,,,
cache-on-warm100,110,2,11.4273,8092.533,52.694,8145.228,sea,twenty-thousand-leagues-under-the-sea,1,,server-1,714,0,0,,,
cache-on-warm100,110,2,11.4364,8088.764,105.973,8194.736,and,the-song-of-the-lark,1,,server-1,714,0,0,,,
cache-on-warm100,110,2,11.4455,8079.630,91.445,8171.075,the,oliver-twist,1,,server-1,714,0,0,,,
cache-on-warm100,110,2,11.4545,8093.602,26.520,8120.121,was,the-adventures-of-tom-sawyer-complete,1,,server-1,715,0,0,,,
cache-on-warm100,110,2,11.4636,8108.402,27.770,8136.172,love,little-women,1,,server-1,715,0,0,,,
cache-on-warm100,110,2,11.4727,8101.612,56.532,8158.145,the,the-picture-of-dorian-gray,1,,server-1,715,0,0,,,
cache-on-warm100,110,2,11.4818,8092.923,55.880,8148.804,heart,the-tenant-of-wildfell-hall,1,,server-1,714,0,0,,,
cache-on-warm100,110,2,11.4909,8128.393,104.773,8233.166,and,black-beauty,1,,server-1,715,0,0,,,
cache-on-warm100,110,2,11.5000,8130.269,2.300,8132.570,was,the-vicomte-de-bragelonne,1,,server-1,716,0,0,,,
cache-on-warm100,110,2,11.5091,8122.441,50.705,8173.146,sea,persuasion,1,,server-1,717,0,0,,,
cache-on-warm100,110,2,11.5182,8112.695,64.241,8176.936,love,sense-and-sensibility,1,,server-1,718,0,0,,,
cache-on-warm100,110,2,11.5273,8105.278,63.478,8168.756,castle,sense-and-sensibility,1,,server-1,719,0,0,,,
cache-on-warm100,110,2,11.5364,8096.630,3.782,8100.412,you,the-return-of-sherlock-holmes-108,1,,server-1,719,0,0,,,
cache-on-warm100,110,2,11.5455,8087.485,92.040,8179.525,he,cranford,1,,server-1,718,0,0,,,
cache-on-warm100,110,2,11.5545,8081.863,47.715,8129.578,castle,pride-and-prejudice,1,,server-1,717,0,0,,,
cache-on-warm100,110,2,11.5636,8103.113,61.065,8164.178,whale,twenty-thousand-leagues-under-the-sea,1,,server-1,718,0,0,,,
cache-on-warm100,110,2,11.5727,8122.982,56.755,8179.737,letter,the-divine-comedy,1,,server-1,719,0,0,,,
cache-on-warm100,110,2,11.5818,8113.484,56.477,8169.961,heart,the-prince,1,,server-1,720,0,0,,,
cache-on-warm100,110,2,11.5909,8135.762,24.516,8160.277,you,walden-and-on-the-duty-of-civil-disobedience,1,,server-1,721,0,0,,,
cache-on-warm100,110,2,11.6000,8127.064,25.107,8152.171,london,tess-of-the-d-urbervilles-a-pure-woman,1,,server-1,722,0,0,,,
cache-on-warm100,110,2,11.6091,8142.860,2.723,8145.582,heart,the-scarlet-letter,1,,server-1,723,0,0,,,
cache-on-warm100,110,2,11.6182,8133.484,3.838,8137.323,castle,the-return-of-sherlock-holmes-108,1,,server-1,724,0,0,,,
cache-on-warm100,110,2,11.6273,8125.191,4.520,8129.711,house,frankenstein-or-the-modern-prometheus-41445,1,,server-1,721,0,0,,,
cache-on-warm100,110,2,11.6364,8116.724,42.432,8159.155,whale,jane-eyre-an-autobiography,1,,server-1,722,0,0,,,
cache-on-warm100,110,2,11.6455,8107.846,42.825,8150.671,sea,the-adventures-of-tom-sawyer-complete,1,,server-1,723,0,0,,,
cache-on-warm100,110,2,11.6545,8099.597,118.119,8217.716,the,the-mysterious-affair-at-styles,1,,server-1,724,0,0,,,
cache-on-warm100,110,2,11.6636,8092.310,79.399,8171.709,house,the-secret-adversary,1,,server-1,725,0,0,,,
cache-on-warm100,110,2,11.6727,8083.189,98.285,8181.474,you,his-last-bow,1,,server-1,726,0,0,,,
cache-on-warm100,110,2,11.6818,8075.038,96.102,8171.140,letter,oliver-twist,1,,server-1,727,0,0,,,
cache-on-warm100,110,2,11.6909,8105.536,107.586,8213.122,king,pride-and-prejudice,1,,server-1,728,0,0,,,
cache-on-warm100,110,2,11.7000,8058.482,177.045,8235.527,king,treasure-island,1,,server-1,729,0,0,,,
cache-on-warm100,110,2,11.7091,8087.870,39.502,8127.372,whale,northanger-abbey,1,,server-1,730,0,0,,,
cache-on-warm100,110,2,11.7182,8040.961,114.400,8155.362,night,around-the-world-in-eighty-days,1,,server-1,728,0,0,,,
cache-on-warm100,110,2,11.7273,8066.072,111.109,8177.180,and,the-romance-of-lust-a-classic-victorian-erotic-novel,1,,server-1,729,0,0,,,
cache-on-warm100,110,2,11.7364,8091.705,26.602,8118.308,whale,persuasion,1,,server-1,727,0,0,,,
cache-on-warm100,110,2,11.7455,8102.729,25.189,8127.918,you,a-connecticut-yankee-in-king-arthur-s-court,1,,server-1,728,0,0,,,
cache-on-warm100,110,2,11.7545,8107.992,73.461,8181.453,was,the-return-of-sherlock-holmes,1,,server-1,729,0,0,,,
cache-on-warm100,110,2,11.7636,8136.113,5.611,8141.724,horse,persuasion,1,,server-1,730,0,0,,,
cache-on-warm100,110,2,11.7727,8126.609,33.290,8159.899,night,tess-of-the-d-urbervilles-a-pure-woman,1,,server-1,731,0,0,,,
cache-on-warm100,110,2,11.7818,8123.347,70.297,8193.644,of,meditations,1,,server-1,732,0,0,,,
cache-on-warm100,110,2,11.7909,8115.703,67.956,8183.658,love,oliver-twist,1,,server-1,733,0,0,,,
cache-on-warm100,110,2,11.8000,8133.400,40.855,8174.255,house,white-fang,1,,server-1,734,0,0,,,
cache-on-warm100,110,2,11.8091,8129.049,66.696,8195.745,death,great-expectations,1,,server-1,735,0,0,,,
cache-on-warm100,110,2,11.8182,8153.787,127.618,8281.404,you,the-secret-garden-17396,1,,server-1,736,0,0,,,
cache-on-warm100,110,2,11.8273,8147.128,27.378,8174.506,love,white-fang,1,,server-1,735,0,0,,,
cache-on-warm100,110,2,11.8364,8123.555,70.023,8193.579,sea,thus-spake-zarathustra-a-book-for-all-and-none,1,,server-1,735,0,0,,,
cache-on-warm100,110,2,11.8455,8129.050,136.610,8265.661,letter,twenty-thousand-leagues-under-the-sea,1,,server-1,734,0,0,,,
cache-on-warm100,110,2,11.8545,8127.328,119.016,8246.344,whale,a-journey-to-the-centre-of-the-earth,1,,server-1,735,0,0,,,
cache-on-warm100,110,2,11.8636,8118.699,131.365,8250.065,night,his-last-bow,1,,server-1,736,0,0,,,
cache-on-warm100,110,2,11.8727,8109.293,140.387,8249.680,was,the-house-of-the-seven-gables,1,,server-1,737,0,0,,,
cache-on-warm100,110,2,11.8818,8123.491,24.606,8148.097,horse,dubliners,1,,server-1,737,0,0,,,
cache-on-warm100,110,2,11.8909,8117.744,114.814,8232.558,letter,dubliners,1,,server-1,736,0,0,,,
cache-on-warm100,110,2,11.9000,8110.021,114.627,8224.648,horse,the-mysterious-affair-at-styles,1,,server-1,737,0,0,,,
cache-on-warm100,110,2,11.9091,8148.308,55.257,8203.564,letter,a-tale-of-two-cities,1,,server-1,737,0,0,,,
cache-on-warm100,110,2,11.9182,8180.658,25.025,8205.683,house,the-wind-in-the-willows,1,,server-1,738,0,0,,,
cache-on-warm100,110,2,11.9273,8184.971,11.824,8196.795,horse,cranford,1,,server-1,738,0,0,,,
cache-on-warm100,110,2,11.9364,8187.278,31.236,8218.515,whale,great-expectations,1,,server-1,739,0,0,,,
cache-on-warm100,110,2,11.9455,8176.921,3.990,8180.911,death,mary-barton,1,,server-1,737,0,0,,,
cache-on-warm100,110,2,11.9545,8170.422,2.977,8173.400,house,memoirs-of-fanny-hill,1,,server-1,738,0,0,,,
cache-on-warm100,110,2,11.9636,8162.450,28.902,8191.351,castle,the-works-of-edgar-allan-poe-volume-2,1,,server-1,737,0,0,,,
cache-on-warm100,110,2,11.9727,8154.605,39.893,8194.498,was,the-prince,1,,server-1,738,0,0,,,
cache-on-warm100,110,2,11.9818,8145.543,67.638,8213.181,house,sense-and-sensibility,1,,server-1,739,0,0,,,
cache-on-warm100,110,2,11.9909,8136.824,66.633,8203.457,london,poirot-investigates,1,,server-1,740,0,0,,,
cache-on-warm100,110,2,12.0000,8158.754,35.836,8194.590,night,the-age-of-innocence,1,,server-1,740,0,0,,,
cache-on-warm100,110,2,12.0091,8148.937,9.362,8158.299,night,washington-square,1,,server-1,741,0,0,,,
cache-on-warm100,110,2,12.0182,8141.459,66.147,8207.606,he,the-moonstone,1,,server-1,742,0,0,,,
cache-on-warm100,110,2,12.0273,8140.092,28.684,8168.776,heart,black-beauty,1,,server-1,743,0,0,,,
cache-on-warm100,110,2,12.0364,8154.028,4.416,8158.444,letter,walden-and-on-the-duty-of-civil-disobedience,1,,server-1,744,0,0,,,
cache-on-warm100,110,2,12.0455,8151.946,28.183,8180.130,money,oliver-twist,1,,server-1,745,0,0,,,
cache-on-warm100,110,2,12.0545,8142.808,47.491,8190.299,heart,the-secret-garden-17396,1,,server-1,744,0,0,,,
cache-on-warm100,110,2,12.0636,8161.192,2.358,8163.550,house,anne-of-green-gables,1,,server-1,744,0,0,,,
cache-on-warm100,110,2,12.0727,8152.348,2.690,8155.037,she,the-divine-comedy,1,,server-1,744,0,0,,,
cache-on-warm100,110,2,12.0818,8145.386,33.497,8178.883,london,the-scarlet-letter-33,1,,server-1,745,0,0,,,
cache-on-warm100,110,2,12.0909,8139.195,29.885,8169.080,was,the-adventures-of-sherlock-holmes,1,,server-1,744,0,0,,,
cache-on-warm100,110,2,12.1000,8128.030,2.356,8130.387,love,northanger-abbey,1,,server-1,744,0,0,,,
cache-on-warm100,110,2,12.1091,8119.866,15.800,8135.666,money,the-portrait-of-a-lady-volume-1,1,,server-1,745,0,0,,,
cache-on-warm100,110,2,12.1182,8111.009,82.421,8193.430,letter,poirot-investigates,1,,server-1,746,0,0,,,
cache-on-warm100,110,2,12.1273,8104.012,13.988,8118.000,king,persuasion,1,,server-1,747,0,0,,,
cache-on-warm100,110,2,12.1364,8094.767,44.299,8139.066,castle,the-picture-of-dorian-gray,1,,server-1,746,0,0,,,
cache-on-warm100,110,2,12.1455,8099.117,76.837,8175.954,money,the-hound-of-the-baskervilles-3070,1,,server-1,747,0,0,,,
cache-on-warm100,110,2,12.1545,8106.390,71.483,8177.873,money,kidnapped,1,,server-1,748,0,0,,,
cache-on-warm100,110,2,12.1636,8096.832,43.768,8140.600,house,thus-spake-zarathustra-a-book-for-all-and-none,1,,server-1,749,0,0,,,
cache-on-warm100,110,2,12.1727,8089.034,25.466,8114.500,whale,silas-marner,1,,server-1,750,0,0,,,
cache-on-warm100,110,2,12.1818,8079.830,71.884,8151.714,heart,washington-square,1,,server-1,751,0,0,,,
cache-on-warm100,110,2,12.1909,8083.632,59.539,8143.171,the,the-vicomte-de-bragelonne,1,,server-1,752,0,0,,,
cache-on-warm100,110,2,12.2000,8102.316,45.685,8148.001,was,dubliners,1,,server-1,753,0,0,,,
cache-on-warm100,110,2,12.2091,8076.495,36.162,8112.657,was,the-divine-comedy,1,,server-1,754,0,0,,,
cache-on-warm100,110,2,12.2182,8115.780,13.793,8129.573,money,the-hound-of-the-baskervilles-3070,1,,server-1,755,0,0,,,
cache-on-warm100,110,2,12.2273,8107.813,13.655,8121.468,letter,oliver-twist,1,,server-1,756,0,0,,,
cache-on-warm100,110,2,12.2364,8112.030,2.419,8114.450,the,the-adventures-of-sherlock-holmes,1,,server-1,757,0,0,,,
cache-on-warm100,110,2,12.2455,8102.131,30.568,8132.699,london,the-song-of-the-lark,1,,server-1,758,0,0,,,
cache-on-warm100,110,2,12.2545,8093.300,1.402,8094.702,heart,the-house-of-mirth,1,,server-1,759,0,0,,,
cache-on-warm100,110,2,12.2636,8086.524,1.540,8088.064,and,the-war-of-the-worlds,1,,server-1,760,0,0,,,
cache-on-warm100,110,2,12.2727,8078.262,39.173,8117.435,letter,the-great-gatsby,1,,server-1,761,0,0,,,
cache-on-warm100,110,2,12.2818,8071.047,74.729,8145.776,money,emma,1,,server-1,753,0,0,,,
cache-on-warm100,110,2,12.2909,8084.427,79.598,8164.025,sea,the-vicomte-de-bragelonne,1,,server-1,754,0,0,,,
cache-on-warm100,110,2,12.3000,8078.567,23.324,8101.891,sea,the-first-men-in-the-moon,1,,server-1,754,0,0,,,
cache-on-warm100,110,2,12.3091,8070.128,47.429,8117.558,and,white-fang,1,,server-1,755,0,0,,,
cache-on-warm100,110,2,12.3182,8071.966,65.764,8137.729,you,the-hound-of-the-baskervilles-3070,1,,server-1,755,0,0,,,
cache-on-warm100,110,2,12.3273,8075.080,75.995,8151.075,he,the-song-of-the-lark,1,,server-1,756,0,0,,,
cache-on-warm100,110,2,12.3364,8090.585,22.902,8113.487,king,little-women,1,,server-1,757,0,0,,,
cache-on-warm100,110,2,12.3455,8081.765,0.955,8082.720,horse,kidnapped,1,,server-1,757,0,0,,,
cache-on-warm100,110,2,12.3545,8073.938,22.947,8096.885,london,poirot-investigates,1,,server-1,758,0,0,,,
cache-on-warm100,110,2,12.3636,8114.219,55.923,8170.142,sea,dubliners,1,,server-1,759,0,0,,,
cache-on-warm100,110,2,12.3727,8078.968,28.350,8107.318,and,dubliners,1,,server-1,757,0,0,,,
cache-on-warm100,110,2,12.3818,8070.004,26.896,8096.900,horse,wuthering-heights,1,,server-1,758,0,0,,,
cache-on-warm100,110,2,12.3909,8065.024,22.716,8087.740,king,the-great-gatsby,1,,server-1,759,0,0,,,
cache-on-warm100,110,2,12.4000,8056.084,22.196,8078.280,horse,the-tenant-of-wildfell-hall,1,,server-1,760,0,0,,,
cache-on-warm100,110,2,12.4091,8069.399,36.320,8105.718,the,white-fang,1,,server-1,761,0,0,,,
cache-on-warm100,110,2,12.4182,8061.516,34.560,8096.076,heart,grimms-fairy-tales,1,,server-1,758,0,0,,,
cache-on-warm100,110,2,12.4273,8053.549,50.826,8104.375,heart,the-hound-of-the-baskervilles-3070,1,,server-1,758,0,0,,,
cache-on-warm100,110,2,12.4364,8043.484,42.240,8085.725,castle,myths-and-legends-of-ancient-greece-and-rome,1,,server-1,759,0,0,,,
cache-on-warm100,110,2,12.4455,8036.330,82.454,8118.784,horse,the-romance-of-lust-a-classic-victorian-erotic-novel,1,,server-1,760,0,0,,,
cache-on-warm100,110,2,12.4545,8028.643,99.966,8128.610,letter,a-connecticut-yankee-in-king-arthur-s-court,1,,server-1,761,0,0,,,
cache-on-warm100,110,2,12.4636,8050.820,48.636,8099.456,sea,his-last-bow,1,,server-1,760,0,0,,,
cache-on-warm100,110,2,12.4727,8041.954,48.313,8090.267,you,the-secret-garden,1,,server-1,761,0,0,,,
cache-on-warm100,110,2,12.4818,8081.007,20.471,8101.479,house,the-house-of-the-seven-gables,1,,server-1,759,0,0,,,
cache-on-warm100,110,2,12.4909,8072.720,40.343,8113.063,the,a-tale-of-two-cities,1,,server-1,760,0,0,,,
cache-on-warm100,110,2,12.5000,8063.514,36.132,8099.646,and,the-adventures-of-sherlock-holmes,1,,server-1,761,0,0,,,
cache-on-warm100,110,2,12.5091,8054.929,19.364,8074.293,was,wuthering-heights,1,,server-1,762,0,0,,,
cache-on-warm100,110,2,12.5182,8064.798,61.808,8126.605,night,far-from-the-madding-crowd,1,,server-1,763,0,0,,,
cache-on-warm100,110,2,12.5273,8058.724,35.368,8094.093,london,cranford,1,,server-1,763,0,0,,,
cache-on-warm100,110,2,12.5364,8049.533,14.562,8064.095,whale,the-house-of-the-seven-gables,1,,server-1,761,0,0,,,
cache-on-warm100,110,2,12.5455,8054.368,21.767,8076.135,castle,the-portrait-of-a-lady-volume-1,1,,server-1,762,0,0,,,
cache-on-warm100,110,2,12.5545,8045.475,36.728,8082.203,of,dubliners,1,,server-1,763,0,0,,,
cache-on-warm100,110,2,12.5636,8038.163,43.190,8081.353,you,treasure-island,1,,server-1,764,0,0,,,
cache-on-warm100,110,2,12.5727,8049.368,22.947,8072.315,death,the-last-of-the-mohicans-a-narrative-of-1757,1,,server-1,765,0,0,,,
cache-on-warm100,110,2,12.5818,8040.073,45.171,8085.244,you,north-and-south,1,,server-1,765,0,0,,,
cache-on-warm100,110,2,12.5909,8046.332,32.760,8079.092,of,jane-eyre-an-autobiography,1,,server-1,766,0,0,,,
cache-on-warm100,110,2,12.6000,8043.613,56.749,8100.362,heart,hard-times,1,,server-1,767,0,0,,,
cache-on-warm100,110,2,12.6091,8059.297,106.753,8166.049,and,the-last-of-the-mohicans-a-narrative-of-1757,1,,server-1,768,0,0,,,
cache-on-warm100,110,2,12.6182,8044.926,97.534,8142.460,london,the-secret-garden,1,,server-1,766,0,0,,,
cache-on-warm100,110,2,12.6273,8042.022,15.580,8057.602,sea,life-on-the-mississippi,1,,server-1,767,0,0,,,
cache-on-warm100,110,2,12.6364,8030.543,2.679,8033.222,he,little-women,1,,server-1,768,0,0,,,
cache-on-warm100,110,2,12.6455,8017.043,42.099,8059.141,he,thus-spake-zarathustra-a-book-for-all-and-none,1,,server-1,769,0,0,,,
cache-on-warm100,110,2,12.6545,8008.425,112.458,8120.883,money,beyond-good-and-evil,1,,server-1,770,0,0,,,
cache-on-warm100,110,2,12.6636,8002.514,109.820,8112.334,the,wuthering-heights,1,,server-1,771,0,0,,,
cache-on-warm100,110,2,12.6727,7989.252,11.491,8000.743,was,desert-gold,1,,server-1,770,0,0,,,
cache-on-warm100,110,2,12.6818,7985.478,103.974,8089.452,whale,dubliners,1,,server-1,769,0,0,,,
cache-on-warm100,110,2,12.6909,7972.241,4.579,7976.820,sea,great-expectations,1,,server-1,770,0,0,,,
cache-on-warm100,110,2,12.7000,7967.962,6.603,7974.565,of,treasure-island,1,,server-1,769,0,0,,,
cache-on-warm100,110,2,12.7091,7959.640,2.510,7962.150,death,wuthering-heights,1,,server-1,770,0,0,,,
cache-on-warm100,110,2,12.7182,7944.583,37.518,7982.101,the,herland,1,,server-1,771,0,0,,,
cache-on-warm100,110,2,12.7273,7939.895,17.333,7957.227,of,life-on-the-mississippi,1,,server-1,771,0,0,,,
cache-on-warm100,110,2,12.7364,7933.769,14.586,7948.355,he,the-mysterious-affair-at-styles,1,,server-1,769,0,0,,,
cache-on-warm100,110,2,12.7455,7926.063,101.103,8027.166,she,the-war-of-the-worlds,1,,server-1,770,0,0,,,
cache-on-warm100,110,2,12.7545,7930.117,55.404,7985.522,whale,the-scarlet-letter,1,,server-1,770,0,0,,,
cache-on-warm100,110,2,12.7636,7937.039,109.713,8046.752,he,kidnapped,1,,server-1,771,0,0,,,
cache-on-warm100,110,2,12.7727,7933.889,103.607,8037.496,he,the-american,1,,server-1,772,0,0,,,
cache-on-warm100,110,2,12.7818,7956.456,114.665,8071.122,horse,pride-and-prejudice,1,,server-1,772,0,0,,,
cache-on-warm100,110,2,12.7909,7949.166,112.236,8061.401,death,the-divine-comedy,1,,server-1,773,0,0,,,
cache-on-warm100,110,2,12.8000,7973.548,58.877,8032.425,love,the-hound-of-the-baskervilles-3070,1,,server-1,772,0,0,,,
cache-on-warm100,110,2,12.8091,7966.766,33.572,8000.338,night,the-iliad-2199,1,,server-1,773,0,0,,,
cache-on-warm100,110,2,12.8182,7993.829,89.074,8082.903,love,meditations,1,,server-1,774,0,0,,,
cache-on-warm100,110,2,12.8273,8024.701,73.720,8098.422,letter,wuthering-heights,1,,server-1,773,0,0,,,
cache-on-warm100,110,2,12.8364,7993.001,71.601,8064.602,castle,the-house-of-the-seven-gables,1,,server-1,772,0,0,,,
cache-on-warm100,110,2,12.8455,7987.338,21.188,8008.526,king,north-and-south,1,,server-1,773,0,0,,,
cache-on-warm100,110,2,12.8545,7996.906,75.026,8071.932,you,the-great-gatsby,1,,server-1,774,0,0,,,
cache-on-warm100,110,2,12.8636,7989.663,74.540,8064.203,london,dubliners,1,,server-1,774,0,0,,,
cache-on-warm100,110,2,12.8727,7986.444,37.405,8023.849,castle,autobiography-of-benjamin-franklin,1,,server-1,775,0,0,,,
cache-on-warm100,110,2,12.8818,7972.537,62.150,8034.687,love,walden-and-on-the-duty-of-civil-disobedience,1,,server-1,776,0,0,,,
cache-on-warm100,110,2,12.8909,7966.475,58.578,8025.054,london,a-journey-to-the-centre-of-the-earth,1,,server-1,775,0,0,,,
cache-on-warm100,110,2,12.9000,7958.390,102.528,8060.918,was,the-song-of-the-lark,1,,server-1,776,0,0,,,
cache-on-warm100,110,2,12.9091,7959.841,60.772,8020.613,heart,the-house-of-the-seven-gables,1,,server-1,777,0,0,,,
cache-on-warm100,110,2,12.9182,7995.814,45.665,8041.479,was,the-kama-sutra-of-vatsyayana,1,,server-1,778,0,0,,,
cache-on-warm100,110,2,12.9273,7969.791,61.970,8031.761,king,the-picture-of-dorian-gray,1,,server-1,778,0,0,,,
cache-on-warm100,110,2,12.9364,7980.495,43.223,8023.719,and,the-jungle-book,1,,server-1,779,0,0,,,
cache-on-warm100,110,2,12.9455,7982.048,47.401,8029.449,the,the-secret-garden-17396,1,,server-1,780,0,0,,,
cache-on-warm100,110,2,12.9545,7992.279,36.932,8029.211,london,the-wind-in-the-willows,1,,server-1,781,0,0,,,
cache-on-warm100,110,2,12.9636,7996.377,1.300,7997.677,london,the-divine-comedy,1,,server-1,782,0,0,,,
cache-on-warm100,110,2,12.9727,8002.427,9.662,8012.089,of,little-women,1,,server-1,781,0,0,,,
cache-on-warm100,110,2,12.9818,7993.508,58.486,8051.995,king,jane-eyre-an-autobiography,1,,server-1,782,0,0,,,
cache-on-warm100,110,2,12.9909,7992.588,49.929,8042.517,the,the-age-of-innocence,1,,server-1,783,0,0,,,
cache-on-warm100,110,2,13.0000,7985.065,48.799,8033.864,horse,the-iliad,1,,server-1,784,0,0,,,
cache-on-warm100,110,2,13.0091,7976.123,1.845,7977.968,whale,the-romance-of-lust-a-classic-victorian-erotic-novel,1,,server-1,781,0,0,,,
cache-on-warm100,110,2,13.0182,7968.836,86.574,8055.410,of,around-the-world-in-eighty-days,1,,server-1,782,0,0,,,
cache-on-warm100,110,2,13.0273,8006.411,1.418,8007.830,he,autobiography-of-benjamin-franklin,1,,server-1,783,0,0,,,
cache-on-warm100,110,2,13.0364,7998.549,2.542,8001.091,whale,madame-bovary,1,,server-1,784,0,0,,,
cache-on-warm100,110,2,13.0455,7990.747,35.880,8026.628,castle,life-on-the-mississippi,1,,server-1,785,0,0,,,
cache-on-warm100,110,2,13.0545,7981.492,33.645,8015.137,she,hard-times,1,,server-1,786,0,0,,,
cache-on-warm100,110,2,13.0636,7974.253,2.856,7977.109,and,the-portrait-of-a-lady-volume-1,1,,server-1,787,0,0,,,
cache-on-warm100,110,2,13.0727,7964.501,36.105,8000.606,of,herland,1,,server-1,788,0,0,,,
cache-on-warm100,110,2,13.0818,7957.219,32.729,7989.947,heart,the-first-men-in-the-moon,1,,server-1,788,0,0,,,
cache-on-warm100,110,2,13.0909,7948.946,55.236,8004.182,night,far-from-the-madding-crowd,1,,server-1,789,0,0,,,
cache-on-warm100,110,2,13.1000,7939.099,55.600,7994.699,he,the-house-of-mirth,1,,server-1,790,0,0,,,
cache-on-warm100,110,2,13.1091,7962.023,2.994,7965.017,london,the-wind-in-the-willows,1,,server-1,788,0,0,,,
cache-on-warm100,110,2,13.1182,7954.161,40.367,7994.528,london,white-fang,1,,server-1,788,0,0,,,
cache-on-warm100,110,2,13.1273,7948.692,81.291,8029.983,sea,treasure-island,1,,server-1,789,0,0,,,
cache-on-warm100,110,2,13.1364,7939.351,76.709,8016.061,king,the-innocents-abroad,1,,server-1,790,0,0,,,
cache-on-warm100,110,2,13.1455,7950.565,59.043,8009.608,of,hard-times,1,,server-1,790,0,0,,,
cache-on-warm100,110,2,13.1545,7958.775,60.612,8019.387,sea,dracula,1,,server-1,789,0,0,,,
cache-on-warm100,110,2,13.1636,7950.170,60.281,8010.451,heart,twenty-thousand-leagues-under-the-sea,1,,server-1,790,0,0,,,
cache-on-warm100,110,2,13.1727,7979.431,4.073,7983.504,letter,the-iliad-2199,1,,server-1,789,0,0,,,
cache-on-warm100,110,2,13.1818,7972.709,87.008,8059.717,sea,the-moonstone,1,,server-1,790,0,0,,,
cache-on-warm100,110,2,13.1909,7963.915,84.401,8048.316,horse,the-song-of-the-lark,1,,server-1,790,0,0,,,
cache-on-warm100,110,2,13.2000,7956.360,17.476,7973.837,money,mansfield-park,1,,server-1,791,0,0,,,
cache-on-warm100,110,2,13.2091,7964.354,84.429,8048.783,house,autobiography-of-benjamin-franklin,1,,server-1,790,0,0,,,
cache-on-warm100,110,2,13.2182,7953.389,5.366,7958.755,night,jane-eyre-an-autobiography,1,,server-1,791,0,0,,,
cache-on-warm100,110,2,13.2273,7984.074,46.578,8030.652,king,memoirs-of-fanny-hill,1,,server-1,792,0,0,,,
cache-on-warm100,110,2,13.2364,7916.889,93.698,8010.587,sea,the-great-gatsby,1,,server-1,793,0,0,,,
cache-on-warm100,110,2,13.2455,7980.095,28.134,8008.229,heart,desert-gold,1,,server-1,794,0,0,,,
cache-on-warm100,110,2,13.2545,7998.237,44.772,8043.009,letter,thus-spake-zarathustra-a-book-for-all-and-none,1,,server-1,795,0,0,,,
cache-on-warm100,110,2,13.2636,7995.083,44.563,8039.646,of,kidnapped,1,,server-1,796,0,0,,,
cache-on-warm100,110,2,13.2727,7987.790,11.372,7999.162,she,washington-square,1,,server-1,797,0,0,,,
cache-on-warm100,110,2,13.2818,7978.494,53.650,8032.144,horse,black-beauty,1,,server-1,797,0,0,,,
cache-on-warm100,110,2,13.2909,7977.757,46.300,8024.057,whale,memoirs-of-fanny-hill,1,,server-1,795,0,0,,,
cache-on-warm100,110,2,13.3000,7970.760,33.282,8004.042,king,far-from-the-madding-crowd,1,,server-1,794,0,0,,,
cache-on-warm100,110,2,13.3091,7962.749,57.477,8020.226,heart,autobiography-of-benjamin-franklin,1,,server-1,795,0,0,,,
cache-on-warm100,110,2,13.3182,7983.026,13.432,7996.459,london,the-memoirs-of-sherlock-holmes,1,,server-1,796,0,0,,,
cache-on-warm100,110,2,13.3273,7946.396,55.887,8002.284,house,the-return-of-sherlock-holmes,1,,server-1,797,0,0,,,
cache-on-warm100,110,2,13.3364,7976.408,18.301,7994.709,he,grimms-fairy-tales,1,,server-1,798,0,0,,,
cache-on-warm100,110,2,13.3455,7982.190,66.813,8049.004,of,oliver-twist,1,,server-1,797,0,0,,,
cache-on-warm100,110,2,13.3545,7975.823,62.595,8038.417,death,adventures-of-huckleberry-finn,1,,server-1,798,0,0,,,
cache-on-warm100,110,2,13.3636,7967.508,3.525,7971.033,the,dubliners,1,,server-1,799,0,0,,,
cache-on-warm100,110,2,13.3727,7959.220,43.779,8003.000,heart,the-american,1,,server-1,800,0,0,,,
cache-on-warm100,110,2,13.3818,7950.153,63.325,8013.477,you,desert-gold,1,,server-1,801,0,0,,,
cache-on-warm100,110,2,13.3909,7942.225,42.952,7985.177,money,the-wind-in-the-willows,1,,server-1,802,0,0,,,
cache-on-warm100,110,2,13.4000,7933.074,61.648,7994.722,sea,emma,1,,server-1,803,0,0,,,
cache-on-warm100,110,2,13.4091,7966.892,20.474,7987.365,and,the-iliad,1,,server-1,804,0,0,,,
cache-on-warm100,110,2,13.4182,7956.647,20.058,7976.705,you,wuthering-heights,1,,server-1,804,0,0,,,
cache-on-warm100,110,2,13.4273,7949.376,22.036,7971.412,house,autobiography-of-benjamin-franklin,1,,server-1,805,0,0,,,
cache-on-warm100,110,2,13.4364,7955.700,38.175,7993.875,was,treasure-island,1,,server-1,802,0,0,,,
cache-on-warm100,110,2,13.4455,7948.081,36.454,7984.535,heart,thus-spake-zarathustra-a-book-for-all-and-none,1,,server-1,801,0,0,,,
cache-on-warm100,110,2,13.4545,7939.171,5.403,7944.574,letter,sense-and-sensibility,1,,server-1,801,0,0,,,
cache-on-warm100,110,2,13.4636,7930.684,23.373,7954.057,and,the-adventures-of-ferdinand-count-fathom-complete,1,,server-1,802,0,0,,,
cache-on-warm100,110,2,13.4727,7921.432,35.318,7956.750,castle,thus-spake-zarathustra-a-book-for-all-and-none,1,,server-1,801,0,0,,,
cache-on-warm100,110,2,13.4818,7913.399,33.035,7946.433,death,madame-bovary,1,,server-1,802,0,0,,,
cache-on-warm100,110,2,13.4909,7907.820,68.747,7976.568,money,agnes-grey,1,,server-1,803,0,0,,,
cache-on-warm100,110,2,13.5000,7899.383,70.955,7970.337,letter,agnes-grey,1,,server-1,803,0,0,,,
cache-on-warm100,110,2,13.5091,7889.353,83.372,7972.725,house,the-adventures-of-ferdinand-count-fathom-complete,1,,server-1,804,0,0,,,
cache-on-warm100,110,2,13.5182,7909.978,43.654,7953.632,night,the-last-of-the-mohicans-a-narrative-of-1757-27681,1,,server-1,805,0,0,,,
cache-on-warm100,110,2,13.5273,7902.501,53.719,7956.220,london,agnes-grey,1,,server-1,805,0,0,,,
cache-on-warm100,110,2,13.5364,7893.884,40.318,7934.202,sea,kidnapped,1,,server-1,806,0,0,,,
cache-on-warm100,110,2,13.5455,7922.413,66.533,7988.947,and,north-and-south,1,,server-1,807,0,0,,,
cache-on-warm100,110,2,13.5545,7890.027,39.563,7929.590,king,persuasion,1,,server-1,808,0,0,,,
cache-on-warm100,110,2,13.5636,7908.040,12.642,7920.682,love,the-jungle-book,1,,server-1,809,0,0,,,
cache-on-warm100,110,2,13.5727,7910.611,52.160,7962.771,he,northanger-abbey,1,,server-1,807,0,0,,,
cache-on-warm100,110,2,13.5818,7902.641,50.997,7953.638,she,cranford,1,,server-1,808,0,0,,,
cache-on-warm100,110,2,13.5909,7893.857,4.037,7897.894,house,far-from-the-madding-crowd,1,,server-1,809,0,0,,,
cache-on-warm100,110,2,13.6000,7886.378,126.988,8013.366,horse,emma,1,,server-1,810,0,0,,,
cache-on-warm100,110,2,13.6091,7878.421,142.279,8020.700,and,kidnapped,1,,server-1,811,0,0,,,
cache-on-warm100,110,2,13.6182,7870.531,126.017,7996.548,you,the-tenant-of-wildfell-hall,1,,server-1,811,0,0,,,
cache-on-warm100,110,2,13.6273,7862.093,45.972,7908.065,he,the-secret-garden,1,,server-1,811,0,0,,,
cache-on-warm100,110,2,13.6364,7893.183,68.565,7961.749,night,the-secret-adversary,1,,server-1,810,0,0,,,
cache-on-warm100,110,2,13.6455,7889.138,94.980,7984.118,night,wuthering-heights,1,,server-1,810,0,0,,,
cache-on-warm100,110,2,13.6545,7941.717,34.368,7976.085,and,the-mystery-of-edwin-drood,1,,server-1,811,0,0,,,
cache-on-warm100,110,2,13.6636,7933.415,33.699,7967.114,she,desperate-remedies,1,,server-1,812,0,0,,,
cache-on-warm100,110,2,13.6727,7941.424,17.311,7958.735,he,the-adventures-of-ferdinand-count-fathom-complete,1,,server-1,812,0,0,,,
cache-on-warm100,110,2,13.6818,7947.229,4.041,7951.270,you,the-jungle,1,,server-1,812,0,0,,,
cache-on-warm100,110,2,13.6909,7924.207,45.307,7969.513,was,northanger-abbey,1,,server-1,813,0,0,,,
cache-on-warm100,110,2,13.7000,7929.362,30.598,7959.960,letter,memoirs-of-fanny-hill,1,,server-1,813,0,0,,,
cache-on-warm100,110,2,13.7091,7922.646,107.409,8030.055,whale,anne-of-green-gables,1,,server-1,814,0,0,,,
cache-on-warm100,110,2,13.7182,7940.867,14.268,7955.135,he,herland,1,,server-1,814,0,0,,,
cache-on-warm100,110,2,13.7273,7932.922,63.665,7996.586,money,the-vicomte-de-bragelonne,1,,server-1,812,0,0,,,
cache-on-warm100,110,2,13.7364,7925.235,9.663,7934.898,he,the-adventures-of-sherlock-holmes,1,,server-1,813,0,0,,,
cache-on-warm100,110,2,13.7455,7916.718,61.356,7978.074,horse,the-works-of-edgar-allan-poe-volume-2,1,,server-1,814,0,0,,,
cache-on-warm100,110,2,13.7545,7918.517,84.538,8003.056,horse,treasure-island,1,,server-1,815,0,0,,,
cache-on-warm100,110,2,13.7636,7909.548,46.874,7956.422,letter,agnes-grey,1,,server-1,814,0,0,,,
cache-on-warm100,110,2,13.7727,7951.005,16.963,7967.968,king,the-great-gatsby,1,,server-1,815,0,0,,,
cache-on-warm100,110,2,13.7818,7960.125,142.494,8102.619,heart,the-age-of-innocence,1,,server-1,812,0,0,,,
cache-on-warm100,110,2,13.7909,7951.183,107.850,8059.033,whale,around-the-world-in-eighty-days,1,,server-1,811,0,0,,,
cache-on-warm100,110,2,13.8000,7942.453,141.732,8084.185,money,the-house-of-mirth,1,,server-1,812,0,0,,,
cache-on-warm100,110,2,13.8091,7933.480,14.843,7948.323,love,washington-square,1,,server-1,813,0,0,,,
cache-on-warm100,110,2,13.8182,7924.505,80.356,8004.861,horse,the-adventures-of-ferdinand-count-fathom-complete,1,,server-1,813,0,0,,,
cache-on-warm100,110,2,13.8273,7927.297,131.301,8058.598,night,the-house-of-the-seven-gables,1,,server-1,813,0,0,,,
cache-on-warm100,110,2,13.8364,7918.563,130.118,8048.681,house,the-great-gatsby,1,,server-1,814,0,0,,,
cache-on-warm100,110,2,13.8455,7913.315,127.079,8040.394,whale,poirot-investigates,1,,server-1,815,0,0,,,
cache-on-warm100,110,2,13.8545,7904.638,62.787,7967.425,was,the-works-of-edgar-allan-poe-volume-2,1,,server-1,816,0,0,,,
cache-on-warm100,110,2,13.8636,7905.572,115.645,8021.218,castle,the-age-of-innocence,1,,server-1,812,0,0,,,
cache-on-warm100,110,2,13.8727,7949.817,63.470,8013.287,king,the-return-of-sherlock-holmes,1,,server-1,812,0,0,,,
cache-on-warm100,110,2,13.8818,7955.564,50.134,8005.698,whale,silas-marner,1,,server-1,813,0,0,,,
cache-on-warm100,110,2,13.8909,7946.724,49.701,7996.425,night,northanger-abbey,1,,server-1,814,0,0,,,
cache-on-warm100,110,2,13.9000,7949.764,38.939,7988.703,heart,the-works-of-edgar-allan-poe-volume-2,1,,server-1,815,0,0,,,
cache-on-warm100,110,2,13.9091,7955.740,21.164,7976.904,castle,little-women,1,,server-1,816,0,0,,,
cache-on-warm100,110,2,13.9182,7967.507,73.217,8040.724,letter,the-secret-garden-17396,1,,server-1,817,0,0,,,
cache-on-warm100,110,2,13.9273,7956.629,59.062,8015.690,night,mary-barton,1,,server-1,815,0,0,,,
cache-on-warm100,110,2,13.9364,7947.728,29.191,7976.919,heart,the-jungle,1,,server-1,815,0,0,,,
cache-on-warm100,110,2,13.9455,7940.985,2.912,7943.897,king,a-tale-of-two-cities,1,,server-1,816,0,0,,,
cache-on-warm100,110,2,13.9545,7933.208,55.040,7988.248,castle,the-secret-garden-17396,1,,server-1,815,0,0,,,
cache-on-warm100,110,2,13.9636,7923.341,23.013,7946.354,the,the-mysterious-island,1,,server-1,816,0,0,,,
cache-on-warm100,110,2,13.9727,7917.489,82.722,8000.211,she,white-fang,1,,server-1,817,0,0,,,
cache-on-warm100,110,2,13.9818,7928.464,48.086,7976.551,whale,the-innocents-abroad,1,,server-1,818,0,0,,,
cache-on-warm100,110,2,13.9909,7946.313,7.088,7953.402,whale,desperate-remedies,1,,server-1,817,0,0,,,
cache-on-warm100,110,2,14.0000,7942.667,61.845,8004.512,the,north-and-south,1,,server-1,814,0,0,,,
cache-on-warm100,110,2,14.0091,7947.807,3.515,7951.322,was,the-return-of-sherlock-holmes-108,1,,server-1,814,0,0,,,
cache-on-warm100,110,2,14.0182,7940.688,86.953,8027.641,castle,kidnapped,1,,server-1,813,0,0,,,
cache-on-warm100,110,2,14.0273,7930.927,14.541,7945.468,and,walden-and-on-the-duty-of-civil-disobedience,1,,server-1,810,0,0,,,
cache-on-warm100,110,2,14.0364,7922.828,2.882,7925.710,the,the-house-of-the-seven-gables,1,,server-1,811,0,0,,,
cache-on-warm100,110,2,14.0455,7916.511,84.812,8001.323,money,the-romance-of-lust-a-classic-victorian-erotic-novel,1,,server-1,812,0,0,,,
cache-on-warm100,110,2,14.0545,7908.025,41.439,7949.465,was,autobiography-of-benjamin-franklin,1,,server-1,812,0,0,,,
cache-on-warm100,110,2,14.0636,7909.747,69.638,7979.385,you,a-princess-of-mars,1,,server-1,813,0,0,,,
cache-on-warm100,110,2,14.0727,7900.786,72.560,7973.346,love,madame-bovary,1,,server-1,814,0,0,,,
cache-on-warm100,110,2,14.0818,7934.139,43.768,7977.908,love,the-kama-sutra-of-vatsyayana,1,,server-1,815,0,0,,,
cache-on-warm100,110,2,14.0909,7951.662,5.033,7956.695,and,jane-eyre-an-autobiography,1,,server-1,816,0,0,,,
cache-on-warm100,110,2,14.1000,7947.829,63.236,8011.066,sea,beyond-good-and-evil,1,,server-1,817,0,0,,,
cache-on-warm100,110,2,14.1091,7939.391,41.371,7980.762,heart,the-last-of-the-mohicans-a-narrative-of-1757-27681,1,,server-1,818,0,0,,,
cache-on-warm100,110,2,14.1182,7930.434,24.071,7954.505,the,the-secret-garden,1,,server-1,819,0,0,,,
cache-on-warm100,110,2,14.1273,7929.659,63.669,7993.327,was,white-fang,1,,server-1,820,0,0,,,
cache-on-warm100,110,2,14.1364,7923.182,30.956,7954.138,letter,jude-the-obscure,1,,server-1,819,0,0,,,
cache-on-warm100,110,2,14.1455,7915.598,60.667,7976.266,he,his-last-bow,1,,server-1,819,0,0,,,
cache-on-warm100,110,2,14.1545,7932.212,56.615,7988.826,she,the-last-of-the-mohicans-a-narrative-of-1757,1,,server-1,820,0,0,,,
cache-on-warm100,110,2,14.1636,7923.192,11.547,7934.739,love,around-the-world-in-eighty-days,1,,server-1,817,0,0,,,
cache-on-warm100,110,2,14.1727,7914.320,33.826,7948.146,night,the-song-of-the-lark,1,,server-1,814,0,0,,,
cache-on-warm100,110,2,14.1818,7918.396,60.385,7978.781,the,the-return-of-sherlock-holmes,1,,server-1,813,0,0,,,
cache-on-warm100,110,2,14.1909,7929.717,22.451,7952.168,house,anne-of-green-gables,1,,server-1,814,0,0,,,
cache-on-warm100,110,2,14.2000,7943.560,17.086,7960.646,heart,the-iliad,1,,server-1,814,0,0,,,
cache-on-warm100,110,2,14.2091,7932.974,18.978,7951.952,letter,frankenstein-or-the-modern-prometheus-41445,1,,server-1,815,0,0,,,
cache-on-warm100,110,2,14.2182,7925.662,32.758,7958.420,he,a-princess-of-mars,1,,server-1,816,0,0,,,
cache-on-warm100,110,2,14.2273,7934.870,59.045,7993.915,letter,life-on-the-mississippi,1,,server-1,817,0,0,,,
cache-on-warm100,110,2,14.2364,7925.983,13.604,7939.587,london,a-journey-to-the-centre-of-the-earth,1,,server-1,818,0,0,,,
cache-on-warm100,110,2,14.2455,7917.776,13.199,7930.975,she,the-war-of-the-worlds,1,,server-1,817,0,0,,,
cache-on-warm100,110,2,14.2545,7909.087,56.061,7965.148,of,thus-spake-zarathustra-a-book-for-all-and-none,1,,server-1,818,0,0,,,
cache-on-warm100,110,2,14.2636,7914.416,41.733,7956.148,of,cranford,1,,server-1,819,0,0,,,
cache-on-warm100,110,2,14.2727,7922.438,25.597,7948.035,heart,beyond-good-and-evil,1,,server-1,817,0,0,,,
cache-on-warm100,110,2,14.2818,7938.665,3.917,7942.582,you,desperate-remedies,1,,server-1,818,0,0,,,
cache-on-warm100,110,2,14.2909,7929.099,1.664,7930.763,castle,the-innocents-abroad,1,,server-1,819,0,0,,,
cache-on-warm100,110,2,14.3000,7921.846,13.526,7935.372,night,poirot-investigates,1,,server-1,820,0,0,,,
cache-on-warm100,110,2,14.3091,7913.704,3.047,7916.751,heart,autobiography-of-benjamin-franklin,1,,server-1,821,0,0,,,
cache-on-warm100,110,2,14.3182,7904.360,11.491,7915.851,and,the-iliad,1,,server-1,821,0,0,,,
cache-on-warm100,110,2,14.3273,7896.065,11.523,7907.588,he,grimms-fairy-tales,1,,server-1,822,0,0,,,
cache-on-warm100,110,2,14.3364,7897.400,29.078,7926.477,was,desperate-remedies,1,,server-1,823,0,0,,,
cache-on-warm100,110,2,14.3455,7880.940,9.689,7890.629,heart,white-fang,1,,server-1,822,0,0,,,
cache-on-warm100,110,2,14.3545,7880.619,1.036,7881.656,letter,the-jungle-book,1,,server-1,822,0,0,,,
cache-on-warm100,110,2,14.3636,7872.007,2.203,7874.210,london,the-iliad,1,,server-1,823,0,0,,,
cache-on-warm100,110,2,14.3727,7863.963,77.873,7941.836,money,meditations,1,,server-1,824,0,0,,,
cache-on-warm100,110,2,14.3818,7855.056,23.651,7878.707,she,the-secret-adversary,1,,server-1,825,0,0,,,
cache-on-warm100,110,2,14.3909,7846.204,78.588,7924.792,whale,wuthering-heights,1,,server-1,823,0,0,,,
cache-on-warm100,110,2,14.4000,7839.691,23.389,7863.079,house,the-memoirs-of-sherlock-holmes,1,,server-1,823,0,0,,,
cache-on-warm100,110,2,14.4091,7829.775,23.460,7853.235,london,the-american,1,,server-1,822,0,0,,,
cache-on-warm100,110,2,14.4182,7821.794,75.020,7896.814,horse,twenty-thousand-leagues-under-the-sea,1,,server-1,822,0,0,,,
cache-on-warm100,110,2,14.4273,7835.323,52.017,7887.340,king,white-fang,1,,server-1,823,0,0,,,
cache-on-warm100,110,2,14.4364,7829.121,74.962,7904.083,house,the-kama-sutra-of-vatsyayana,1,,server-1,824,0,0,,,
cache-on-warm100,110,2,14.4455,7849.557,22.501,7872.057,whale,little-women,1,,server-1,824,0,0,,,
cache-on-warm100,110,2,14.4545,7857.873,3.638,7861.511,was,little-women,1,,server-1,825,0,0,,,
cache-on-warm100,110,2,14.4636,7850.646,2.244,7852.890,night,the-secret-garden,1,,server-1,825,0,0,,,
cache-on-warm100,110,2,14.4727,7843.447,26.095,7869.541,you,northanger-abbey,1,,server-1,823,0,0,,,
cache-on-warm100,110,2,14.4818,7836.560,23.108,7859.669,whale,jane-eyre-an-autobiography,1,,server-1,824,0,0,,,
cache-on-warm100,110,2,14.4909,7827.766,41.038,7868.804,heart,the-adventures-of-tom-sawyer-complete,1,,server-1,823,0,0,,,
cache-on-warm100,110,2,14.5000,7829.509,14.802,7844.311,heart,the-mysterious-affair-at-styles,1,,server-1,824,0,0,,,
cache-on-warm100,110,2,14.5091,7835.607,44.457,7880.064,love,the-return-of-sherlock-holmes,1,,server-1,825,0,0,,,
cache-on-warm100,110,2,14.5182,7825.224,44.021,7869.244,death,black-beauty,1,,server-1,826,0,0,,,
cache-on-warm100,110,2,14.5273,7817.839,14.805,7832.645,he,the-hound-of-the-baskervilles-3070,1,,server-1,826,0,0,,,
cache-on-warm100,110,2,14.5364,7823.974,4.413,7828.387,house,myths-and-legends-of-ancient-greece-and-rome,1,,server-1,827,0,0,,,
cache-on-warm100,110,2,14.5455,7814.542,58.747,7873.289,whale,the-iliad,1,,server-1,826,0,0,,,
cache-on-warm100,110,2,14.5545,7809.744,53.145,7862.889,horse,the-adventures-of-ferdinand-count-fathom-complete,1,,server-1,826,0,0,,,
cache-on-warm100,110,2,14.5636,7810.017,56.012,7866.029,she,the-wind-in-the-willows,1,,server-1,827,0,0,,,
cache-on-warm100,110,2,14.5727,7814.356,58.887,7873.243,she,the-secret-garden-17396,1,,server-1,828,0,0,,,
cache-on-warm100,110,2,14.5818,7807.844,27.959,7835.802,the,the-innocents-abroad,1,,server-1,829,0,0,,,
cache-on-warm100,110,2,14.5909,7826.110,1.829,7827.939,heart,the-adventures-of-tom-sawyer-complete,1,,server-1,830,0,0,,,
cache-on-warm100,110,2,14.6000,7829.316,1.955,7831.271,house,the-king-in-yellow,1,,server-1,830,0,0,,,
cache-on-warm100,110,2,14.6091,7820.146,15.530,7835.676,castle,emma,1,,server-1,831,0,0,,,
cache-on-warm100,110,2,14.6182,7812.571,14.171,7826.742,house,memoirs-of-fanny-hill,1,,server-1,832,0,0,,,
cache-on-warm100,110,2,14.6273,7803.950,14.077,7818.027,london,the-great-gatsby,1,,server-1,831,0,0,,,
cache-on-warm100,110,2,14.6364,7809.184,27.854,7837.038,horse,a-journey-to-the-centre-of-the-earth,1,,server-1,830,0,0,,,
cache-on-warm100,110,2,14.6455,7800.143,50.054,7850.197,you,beyond-good-and-evil,1,,server-1,831,0,0,,,
cache-on-warm100,110,2,14.6545,7791.645,3.837,7795.482,letter,little-women,1,,server-1,832,0,0,,,
cache-on-warm100,110,2,14.6636,7783.245,48.393,7831.638,he,walden-and-on-the-duty-of-civil-disobedience,1,,server-1,833,0,0,,,
cache-on-warm100,110,2,14.6727,7774.414,3.128,7777.542,whale,adventures-of-huckleberry-finn,1,,server-1,827,0,0,,,
cache-on-warm100,110,2,14.6818,7765.978,2.614,7768.593,london,the-first-men-in-the-moon,1,,server-1,828,0,0,,,
cache-on-warm100,110,2,14.6909,7757.078,16.686,7773.764,love,the-king-in-yellow,1,,server-1,829,0,0,,,
cache-on-warm100,110,2,14.7000,7751.673,76.987,7828.660,the,great-expectations,1,,server-1,829,0,0,,,
cache-on-warm100,110,2,14.7091,7785.776,85.079,7870.855,the,life-on-the-mississippi,1,,server-1,829,0,0,,,
cache-on-warm100,110,2,14.7182,7780.203,84.860,7865.063,of,the-moonstone,1,,server-1,830,0,0,,,
cache-on-warm100,110,2,14.7273,7769.484,31.991,7801.475,king,the-war-of-the-worlds,1,,server-1,828,0,0,,,
cache-on-warm100,110,2,14.7364,7759.145,87.909,7847.054,love,the-vicomte-de-bragelonne,1,,server-1,828,0,0,,,
cache-on-warm100,110,2,14.7455,7752.585,59.961,7812.547,was,agnes-grey,1,,server-1,828,0,0,,,
cache-on-warm100,110,2,14.7545,7803.091,25.568,7828.659,love,washington-square,1,,server-1,829,0,0,,,
cache-on-warm100,110,2,14.7636,7794.680,75.649,7870.329,the,pride-and-prejudice,1,,server-1,830,0,0,,,
cache-on-warm100,110,2,14.7727,7811.272,94.137,7905.409,was,oliver-twist,1,,server-1,831,0,0,,,
cache-on-warm100,110,2,14.7818,7804.066,47.601,7851.667,whale,tess-of-the-d-urbervilles-a-pure-woman,1,,server-1,832,0,0,,,
cache-on-warm100,110,2,14.7909,7794.767,48.377,7843.144,and,a-princess-of-mars,1,,server-1,833,0,0,,,
cache-on-warm100,110,2,14.8000,7786.213,26.497,7812.710,the,a-tale-of-two-cities,1,,server-1,834,0,0,,,
cache-on-warm100,110,2,14.8091,7778.811,72.731,7851.542,he,far-from-the-madding-crowd,1,,server-1,834,0,0,,,
cache-on-warm100,110,2,14.8182,7794.357,65.171,7859.528,letter,the-prince,1,,server-1,835,0,0,,,
cache-on-warm100,110,2,14.8273,7810.525,44.133,7854.658,london,his-last-bow,1,,server-1,834,0,0,,,
cache-on-warm100,110,2,14.8364,7821.819,8.511,7830.330,heart,the-great-gatsby,1,,server-1,835,0,0,,,
cache-on-warm100,110,2,14.8455,7814.442,43.710,7858.153,house,jude-the-obscure,1,,server-1,835,0,0,,,
cache-on-warm100,110,2,14.8545,7823.839,4.316,7828.155,whale,the-return-of-sherlock-holmes,1,,server-1,835,0,0,,,
cache-on-warm100,110,2,14.8636,7835.874,19.602,7855.477,london,autobiography-of-benjamin-franklin,1,,server-1,835,0,0,,,
cache-on-warm100,110,2,14.8727,7809.589,21.243,7830.832,house,sense-and-sensibility,1,,server-1,835,0,0,,,
cache-on-warm100,110,2,14.8818,7800.663,22.193,7822.856,death,madame-bovary,1,,server-1,836,0,0,,,
cache-on-warm100,110,2,14.8909,7808.544,6.035,7814.579,the,the-mysterious-island,1,,server-1,835,0,0,,,
cache-on-warm100,110,2,14.9000,7805.737,13.404,7819.141,love,a-tale-of-two-cities,1,,server-1,836,0,0,,,
cache-on-warm100,110,2,14.9091,7797.640,13.575,7811.215,was,the-return-of-sherlock-holmes-108,1,,server-1,836,0,0,,,
cache-on-warm100,110,2,14.9182,7788.518,13.591,7802.109,he,the-war-of-the-worlds,1,,server-1,837,0,0,,,
cache-on-warm100,110,2,14.9273,7792.529,20.221,7812.750,the,kidnapped,1,,server-1,837,0,0,,,
cache-on-warm100,110,2,14.9364,7784.333,55.874,7840.206,she,the-last-of-the-mohicans-a-narrative-of-1757-27681,1,,server-1,838,0,0,,,
cache-on-warm100,110,2,14.9455,7775.991,1.238,7777.229,night,the-song-of-the-lark,1,,server-1,839,0,0,,,
cache-on-warm100,110,2,14.9545,7768.287,17.825,7786.112,castle,the-first-men-in-the-moon,1,,server-1,839,0,0,,,
cache-on-warm100,110,2,14.9636,7760.560,52.902,7813.462,you,thus-spake-zarathustra-a-book-for-all-and-none,1,,server-1,840,0,0,,,
cache-on-warm100,110,2,14.9727,7764.912,39.089,7804.001,horse,cranford,1,,server-1,837,0,0,,,
cache-on-warm100,110,2,14.9818,7758.162,36.598,7794.760,and,adventures-of-huckleberry-finn,1,,server-1,838,0,0,,,
cache-on-warm100,110,2,14.9909,7783.751,2.775,7786.526,king,memoirs-of-fanny-hill,1,,server-1,839,0,0,,,
